CUPS;Fecha;Hora;Consumo;Metodo_obtencion
ES0000000000003289CCPF;01/09/2022;1;0,083;R
ES0000000000003289CCPF;01/09/2022;2;0,084;R
ES0000000000003289CCPF;01/09/2022;3;0,076;R
ES0000000000003289CCPF;01/09/2022;4;0,072;R
ES0000000000003289CCPF;01/09/2022;5;0,076;R
ES0000000000003289CCPF;01/09/2022;6;0,092;R
ES0000000000003289CCPF;01/09/2022;7;0,09;R
ES0000000000003289CCPF;01/09/2022;8;0,085;R
ES0000000000003289CCPF;01/09/2022;9;0,079;R
ES0000000000003289CCPF;01/09/2022;10;0,084;R
ES0000000000003289CCPF;01/09/2022;11;0,079;R
ES0000000000003289CCPF;01/09/2022;12;0,069;R
ES0000000000003289CCPF;01/09/2022;13;0,068;R
ES0000000000003289CCPF;01/09/2022;14;0,085;R
ES0000000000003289CCPF;01/09/2022;15;0,091;R
ES0000000000003289CCPF;01/09/2022;16;0,089;R
ES0000000000003289CCPF;01/09/2022;17;0,09;R
ES0000000000003289CCPF;01/09/2022;18;0,086;R
ES0000000000003289CCPF;01/09/2022;19;0,079;R
ES0000000000003289CCPF;01/09/2022;20;0,072;R
ES0000000000003289CCPF;01/09/2022;21;0,071;R
ES0000000000003289CCPF;01/09/2022;22;0,083;R
ES0000000000003289CCPF;01/09/2022;23;0,087;R
ES0000000000003289CCPF;02/09/2022;0;0,089;R
ES0000000000003289CCPF;02/09/2022;1;0,089;R
ES0000000000003289CCPF;02/09/2022;2;0,092;R
ES0000000000003289CCPF;02/09/2022;3;0,076;R
ES0000000000003289CCPF;02/09/2022;4;0,068;R
ES0000000000003289CCPF;02/09/2022;5;0,076;R
ES0000000000003289CCPF;02/09/2022;6;0,079;R
ES0000000000003289CCPF;02/09/2022;7;0,081;R
ES0000000000003289CCPF;02/09/2022;8;0,081;R
ES0000000000003289CCPF;02/09/2022;9;0,087;R
ES0000000000003289CCPF;02/09/2022;10;0,086;R
ES0000000000003289CCPF;02/09/2022;11;0,087;R
ES0000000000003289CCPF;02/09/2022;12;0,077;R
ES0000000000003289CCPF;02/09/2022;13;0,069;R
ES0000000000003289CCPF;02/09/2022;14;0,067;R
ES0000000000003289CCPF;02/09/2022;15;0,08;R
ES0000000000003289CCPF;02/09/2022;16;0,084;R
ES0000000000003289CCPF;02/09/2022;17;0,081;R
ES0000000000003289CCPF;02/09/2022;18;0,088;R
ES0000000000003289CCPF;02/09/2022;19;0,089;R
ES0000000000003289CCPF;02/09/2022;20;0,088;R
ES0000000000003289CCPF;02/09/2022;21;0,073;R
ES0000000000003289CCPF;02/09/2022;22;0,068;R
ES0000000000003289CCPF;02/09/2022;23;0,078;R
ES0000000000003289CCPF;03/09/2022;0;0,081;R
ES0000000000003289CCPF;03/09/2022;1;0,082;R
ES0000000000003289CCPF;03/09/2022;2;0,08;R
ES0000000000003289CCPF;03/09/2022;3;0,087;R
ES0000000000003289CCPF;03/09/2022;4;0,088;R
ES0000000000003289CCPF;03/09/2022;5;0,075;R
ES0000000000003289CCPF;03/09/2022;6;0,075;R
ES0000000000003289CCPF;03/09/2022;7;0,08;R
ES0000000000003289CCPF;03/09/2022;8;0,076;R
ES0000000000003289CCPF;03/09/2022;9;0,078;R
ES0000000000003289CCPF;03/09/2022;10;0,08;R
ES0000000000003289CCPF;03/09/2022;11;0,076;R
ES0000000000003289CCPF;03/09/2022;12;0,077;R
ES0000000000003289CCPF;03/09/2022;13;0,083;R
ES0000000000003289CCPF;03/09/2022;14;0,076;R
ES0000000000003289CCPF;03/09/2022;15;0,074;R
ES0000000000003289CCPF;03/09/2022;16;0,085;R
ES0000000000003289CCPF;03/09/2022;17;0,078;R
ES0000000000003289CCPF;03/09/2022;18;0,083;R
ES0000000000003289CCPF;03/09/2022;19;0,082;R
ES0000000000003289CCPF;03/09/2022;20;0,08;R
ES0000000000003289CCPF;03/09/2022;21;0,073;R
ES0000000000003289CCPF;03/09/2022;22;0,072;R
ES0000000000003289CCPF;03/09/2022;23;0,076;R
ES0000000000003289CCPF;04/09/2022;0;0,087;R
ES0000000000003289CCPF;04/09/2022;1;0,087;R
ES0000000000003289CCPF;04/09/2022;2;0,08;R
ES0000000000003289CCPF;04/09/2022;3;0,079;R
ES0000000000003289CCPF;04/09/2022;4;0,08;R
ES0000000000003289CCPF;04/09/2022;5;0,078;R
ES0000000000003289CCPF;04/09/2022;6;0,073;R
ES0000000000003289CCPF;04/09/2022;7;0,066;R
ES0000000000003289CCPF;04/09/2022;8;0,077;R
ES0000000000003289CCPF;04/09/2022;9;0,089;R
ES0000000000003289CCPF;04/09/2022;10;0,083;R
ES0000000000003289CCPF;04/09/2022;11;0,08;R
ES0000000000003289CCPF;04/09/2022;12;0,076;R
ES0000000000003289CCPF;04/09/2022;13;0,077;R
ES0000000000003289CCPF;04/09/2022;14;0,076;R
ES0000000000003289CCPF;04/09/2022;15;0,069;R
ES0000000000003289CCPF;04/09/2022;16;0,152;R
ES0000000000003289CCPF;04/09/2022;17;0,669;R
ES0000000000003289CCPF;04/09/2022;18;0,168;R
ES0000000000003289CCPF;04/09/2022;19;0,14;R
ES0000000000003289CCPF;04/09/2022;20;0,31;R
ES0000000000003289CCPF;04/09/2022;21;0,41;R
ES0000000000003289CCPF;04/09/2022;22;0,219;R
ES0000000000003289CCPF;04/09/2022;23;1,071;R
ES0000000000003289CCPF;05/09/2022;0;0,297;R
ES0000000000003289CCPF;05/09/2022;1;0,417;R
ES0000000000003289CCPF;05/09/2022;2;0,183;R
ES0000000000003289CCPF;05/09/2022;3;0,12;R
ES0000000000003289CCPF;05/09/2022;4;0,11;R
ES0000000000003289CCPF;05/09/2022;5;0,101;R
ES0000000000003289CCPF;05/09/2022;6;0,108;R
ES0000000000003289CCPF;05/09/2022;7;0,101;R
ES0000000000003289CCPF;05/09/2022;8;0,378;R
ES0000000000003289CCPF;05/09/2022;9;0,302;R
ES0000000000003289CCPF;05/09/2022;10;0,163;R
ES0000000000003289CCPF;05/09/2022;11;0,122;R
ES0000000000003289CCPF;05/09/2022;12;0,094;R
ES0000000000003289CCPF;05/09/2022;13;0,094;R
ES0000000000003289CCPF;05/09/2022;14;0,09;R
ES0000000000003289CCPF;05/09/2022;15;0,086;R
ES0000000000003289CCPF;05/09/2022;16;0,094;R
ES0000000000003289CCPF;05/09/2022;17;0,104;R
ES0000000000003289CCPF;05/09/2022;18;0,595;R
ES0000000000003289CCPF;05/09/2022;19;0,163;R
ES0000000000003289CCPF;05/09/2022;20;0,148;R
ES0000000000003289CCPF;05/09/2022;21;0,319;R
ES0000000000003289CCPF;05/09/2022;22;0,145;R
ES0000000000003289CCPF;05/09/2022;23;0,107;R
ES0000000000003289CCPF;06/09/2022;0;0,107;R
ES0000000000003289CCPF;06/09/2022;1;0,158;R
ES0000000000003289CCPF;06/09/2022;2;0,115;R
ES0000000000003289CCPF;06/09/2022;3;0,092;R
ES0000000000003289CCPF;06/09/2022;4;0,102;R
ES0000000000003289CCPF;06/09/2022;5;0,084;R
ES0000000000003289CCPF;06/09/2022;6;0,087;R
ES0000000000003289CCPF;06/09/2022;7;0,286;R
ES0000000000003289CCPF;06/09/2022;8;0,298;R
ES0000000000003289CCPF;06/09/2022;9;0,187;R
ES0000000000003289CCPF;06/09/2022;10;0,131;R
ES0000000000003289CCPF;06/09/2022;11;0,091;R
ES0000000000003289CCPF;06/09/2022;12;0,1;R
ES0000000000003289CCPF;06/09/2022;13;0,104;R
ES0000000000003289CCPF;06/09/2022;14;0,084;R
ES0000000000003289CCPF;06/09/2022;15;0,078;R
ES0000000000003289CCPF;06/09/2022;16;0,088;R
ES0000000000003289CCPF;06/09/2022;17;0,094;R
ES0000000000003289CCPF;06/09/2022;18;0,1;R
ES0000000000003289CCPF;06/09/2022;19;0,104;R
ES0000000000003289CCPF;06/09/2022;20;0,107;R
ES0000000000003289CCPF;06/09/2022;21;0,251;R
ES0000000000003289CCPF;06/09/2022;22;0,269;R
ES0000000000003289CCPF;06/09/2022;23;0,158;R
ES0000000000003289CCPF;07/09/2022;0;0,142;R
ES0000000000003289CCPF;07/09/2022;1;0,111;R
ES0000000000003289CCPF;07/09/2022;2;0,108;R
ES0000000000003289CCPF;07/09/2022;3;0,105;R
ES0000000000003289CCPF;07/09/2022;4;0,086;R
ES0000000000003289CCPF;07/09/2022;5;0,082;R
ES0000000000003289CCPF;07/09/2022;6;0,088;R
ES0000000000003289CCPF;07/09/2022;7;0,097;R
ES0000000000003289CCPF;07/09/2022;8;0,538;R
ES0000000000003289CCPF;07/09/2022;9;0,421;R
ES0000000000003289CCPF;07/09/2022;10;0,125;R
ES0000000000003289CCPF;07/09/2022;11;0,122;R
ES0000000000003289CCPF;07/09/2022;12;0,13;R
ES0000000000003289CCPF;07/09/2022;13;0,115;R
ES0000000000003289CCPF;07/09/2022;14;0,105;R
ES0000000000003289CCPF;07/09/2022;15;0,176;R
ES0000000000003289CCPF;07/09/2022;16;0,128;R
ES0000000000003289CCPF;07/09/2022;17;0,113;R
ES0000000000003289CCPF;07/09/2022;18;0,333;R
ES0000000000003289CCPF;07/09/2022;19;0,153;R
ES0000000000003289CCPF;07/09/2022;20;0,2;R
ES0000000000003289CCPF;07/09/2022;21;0,14;R
ES0000000000003289CCPF;07/09/2022;22;0,13;R
ES0000000000003289CCPF;07/09/2022;23;0,758;R
ES0000000000003289CCPF;08/09/2022;0;0,2;R
ES0000000000003289CCPF;08/09/2022;1;0,118;R
ES0000000000003289CCPF;08/09/2022;2;0,574;R
ES0000000000003289CCPF;08/09/2022;3;0,112;R
ES0000000000003289CCPF;08/09/2022;4;0,292;R
ES0000000000003289CCPF;08/09/2022;5;0,518;R
ES0000000000003289CCPF;08/09/2022;6;0,106;R
ES0000000000003289CCPF;08/09/2022;7;0,1;R
ES0000000000003289CCPF;08/09/2022;8;0,338;R
ES0000000000003289CCPF;08/09/2022;9;0,334;R
ES0000000000003289CCPF;08/09/2022;10;0,119;R
ES0000000000003289CCPF;08/09/2022;11;0,091;R
ES0000000000003289CCPF;08/09/2022;12;0,157;R
ES0000000000003289CCPF;08/09/2022;13;0,111;R
ES0000000000003289CCPF;08/09/2022;14;0,108;R
ES0000000000003289CCPF;08/09/2022;15;0,109;R
ES0000000000003289CCPF;08/09/2022;16;0,098;R
ES0000000000003289CCPF;08/09/2022;17;0,086;R
ES0000000000003289CCPF;08/09/2022;18;0,091;R
ES0000000000003289CCPF;08/09/2022;19;0,978;R
ES0000000000003289CCPF;08/09/2022;20;0,133;R
ES0000000000003289CCPF;08/09/2022;21;0,267;R
ES0000000000003289CCPF;08/09/2022;22;0,157;R
ES0000000000003289CCPF;08/09/2022;23;0,14;R
ES0000000000003289CCPF;09/09/2022;0;0,118;R
ES0000000000003289CCPF;09/09/2022;1;0,105;R
ES0000000000003289CCPF;09/09/2022;2;0,092;R
ES0000000000003289CCPF;09/09/2022;3;0,087;R
ES0000000000003289CCPF;09/09/2022;4;0,094;R
ES0000000000003289CCPF;09/09/2022;5;0,102;R
ES0000000000003289CCPF;09/09/2022;6;0,108;R
ES0000000000003289CCPF;09/09/2022;7;0,107;R
ES0000000000003289CCPF;09/09/2022;8;0,187;R
ES0000000000003289CCPF;09/09/2022;9;0,323;R
ES0000000000003289CCPF;09/09/2022;10;0,1;R
ES0000000000003289CCPF;09/09/2022;11;0,163;R
ES0000000000003289CCPF;09/09/2022;12;0,124;R
ES0000000000003289CCPF;09/09/2022;13;0,111;R
ES0000000000003289CCPF;09/09/2022;14;0,105;R
ES0000000000003289CCPF;09/09/2022;15;0,683;R
ES0000000000003289CCPF;09/09/2022;16;0,29;R
ES0000000000003289CCPF;09/09/2022;17;0,199;R
ES0000000000003289CCPF;09/09/2022;18;0,123;R
ES0000000000003289CCPF;09/09/2022;19;0,139;R
ES0000000000003289CCPF;09/09/2022;20;0,108;R
ES0000000000003289CCPF;09/09/2022;21;0,08;R
ES0000000000003289CCPF;09/09/2022;22;0,158;R
ES0000000000003289CCPF;09/09/2022;23;0,272;R
ES0000000000003289CCPF;10/09/2022;0;0,158;R
ES0000000000003289CCPF;10/09/2022;1;0,102;R
ES0000000000003289CCPF;10/09/2022;2;0,095;R
ES0000000000003289CCPF;10/09/2022;3;0,105;R
ES0000000000003289CCPF;10/09/2022;4;0,11;R
ES0000000000003289CCPF;10/09/2022;5;0,108;R
ES0000000000003289CCPF;10/09/2022;6;0,106;R
ES0000000000003289CCPF;10/09/2022;7;0,084;R
ES0000000000003289CCPF;10/09/2022;8;0,099;R
ES0000000000003289CCPF;10/09/2022;9;0,13;R
ES0000000000003289CCPF;10/09/2022;10;0,349;R
ES0000000000003289CCPF;10/09/2022;11;0,414;R
ES0000000000003289CCPF;10/09/2022;12;0,207;R
ES0000000000003289CCPF;10/09/2022;13;0,108;R
ES0000000000003289CCPF;10/09/2022;14;0,125;R
ES0000000000003289CCPF;10/09/2022;15;0,123;R
ES0000000000003289CCPF;10/09/2022;16;0,121;R
ES0000000000003289CCPF;10/09/2022;17;0,124;R
ES0000000000003289CCPF;10/09/2022;18;0,109;R
ES0000000000003289CCPF;10/09/2022;19;0,136;R
ES0000000000003289CCPF;10/09/2022;20;0,383;R
ES0000000000003289CCPF;10/09/2022;21;0,474;R
ES0000000000003289CCPF;10/09/2022;22;1,028;R
ES0000000000003289CCPF;10/09/2022;23;0,235;R
ES0000000000003289CCPF;11/09/2022;0;0,198;R
ES0000000000003289CCPF;11/09/2022;1;0,24;R
ES0000000000003289CCPF;11/09/2022;2;0,289;R
ES0000000000003289CCPF;11/09/2022;3;0,14;R
ES0000000000003289CCPF;11/09/2022;4;0,098;R
ES0000000000003289CCPF;11/09/2022;5;0,397;R
ES0000000000003289CCPF;11/09/2022;6;0,164;R
ES0000000000003289CCPF;11/09/2022;7;0,111;R
ES0000000000003289CCPF;11/09/2022;8;0,278;R
ES0000000000003289CCPF;11/09/2022;9;0,217;R
ES0000000000003289CCPF;11/09/2022;10;0,089;R
ES0000000000003289CCPF;11/09/2022;11;0,099;R
ES0000000000003289CCPF;11/09/2022;12;0,585;R
ES0000000000003289CCPF;11/09/2022;13;0,23;R
ES0000000000003289CCPF;11/09/2022;14;0,261;R
ES0000000000003289CCPF;11/09/2022;15;2,314;R
ES0000000000003289CCPF;11/09/2022;16;0,537;R
ES0000000000003289CCPF;11/09/2022;17;0,816;R
ES0000000000003289CCPF;11/09/2022;18;0,702;R
ES0000000000003289CCPF;11/09/2022;19;0,332;R
ES0000000000003289CCPF;11/09/2022;20;0,166;R
ES0000000000003289CCPF;11/09/2022;21;0,251;R
ES0000000000003289CCPF;11/09/2022;22;0,896;R
ES0000000000003289CCPF;11/09/2022;23;0,437;R
ES0000000000003289CCPF;12/09/2022;0;0,298;R
ES0000000000003289CCPF;12/09/2022;1;0,16;R
ES0000000000003289CCPF;12/09/2022;2;0,112;R
ES0000000000003289CCPF;12/09/2022;3;0,12;R
ES0000000000003289CCPF;12/09/2022;4;0,17;R
ES0000000000003289CCPF;12/09/2022;5;0,168;R
ES0000000000003289CCPF;12/09/2022;6;0,164;R
ES0000000000003289CCPF;12/09/2022;7;0,187;R
ES0000000000003289CCPF;12/09/2022;8;0,401;R
ES0000000000003289CCPF;12/09/2022;9;0,247;R
ES0000000000003289CCPF;12/09/2022;10;0,15;R
ES0000000000003289CCPF;12/09/2022;11;0,158;R
ES0000000000003289CCPF;12/09/2022;12;0,167;R
ES0000000000003289CCPF;12/09/2022;13;0,138;R
ES0000000000003289CCPF;12/09/2022;14;0,153;R
ES0000000000003289CCPF;12/09/2022;15;0,143;R
ES0000000000003289CCPF;12/09/2022;16;0,287;R
ES0000000000003289CCPF;12/09/2022;17;0,125;R
ES0000000000003289CCPF;12/09/2022;18;0,108;R
ES0000000000003289CCPF;12/09/2022;19;0,113;R
ES0000000000003289CCPF;12/09/2022;20;0,463;R
ES0000000000003289CCPF;12/09/2022;21;0,183;R
ES0000000000003289CCPF;12/09/2022;22;0,444;R
ES0000000000003289CCPF;12/09/2022;23;0,22;R
ES0000000000003289CCPF;13/09/2022;0;0,197;R
ES0000000000003289CCPF;13/09/2022;1;0,136;R
ES0000000000003289CCPF;13/09/2022;2;0,152;R
ES0000000000003289CCPF;13/09/2022;3;0,136;R
ES0000000000003289CCPF;13/09/2022;4;0,104;R
ES0000000000003289CCPF;13/09/2022;5;0,098;R
ES0000000000003289CCPF;13/09/2022;6;0,124;R
ES0000000000003289CCPF;13/09/2022;7;0,141;R
ES0000000000003289CCPF;13/09/2022;8;0,361;R
ES0000000000003289CCPF;13/09/2022;9;0,319;R
ES0000000000003289CCPF;13/09/2022;10;0,146;R
ES0000000000003289CCPF;13/09/2022;11;0,135;R
ES0000000000003289CCPF;13/09/2022;12;0,166;R
ES0000000000003289CCPF;13/09/2022;13;0,137;R
ES0000000000003289CCPF;13/09/2022;14;0,114;R
ES0000000000003289CCPF;13/09/2022;15;0,687;R
ES0000000000003289CCPF;13/09/2022;16;0,3;R
ES0000000000003289CCPF;13/09/2022;17;0,136;R
ES0000000000003289CCPF;13/09/2022;18;0,105;R
ES0000000000003289CCPF;13/09/2022;19;0,099;R
ES0000000000003289CCPF;13/09/2022;20;0,08;R
ES0000000000003289CCPF;13/09/2022;21;0,154;R
ES0000000000003289CCPF;13/09/2022;22;0,422;R
ES0000000000003289CCPF;13/09/2022;23;0,522;R
ES0000000000003289CCPF;14/09/2022;0;0,15;R
ES0000000000003289CCPF;14/09/2022;1;0,136;R
ES0000000000003289CCPF;14/09/2022;2;0,58;R
ES0000000000003289CCPF;14/09/2022;3;0,141;R
ES0000000000003289CCPF;14/09/2022;4;0,135;R
ES0000000000003289CCPF;14/09/2022;5;0,72;R
ES0000000000003289CCPF;14/09/2022;6;0,123;R
ES0000000000003289CCPF;14/09/2022;7;0,125;R
ES0000000000003289CCPF;14/09/2022;8;0,275;R
ES0000000000003289CCPF;14/09/2022;9;0,368;R
ES0000000000003289CCPF;14/09/2022;10;0,477;R
ES0000000000003289CCPF;14/09/2022;11;0,112;R
ES0000000000003289CCPF;14/09/2022;12;0,116;R
ES0000000000003289CCPF;14/09/2022;13;0,12;R
ES0000000000003289CCPF;14/09/2022;14;0,146;R
ES0000000000003289CCPF;14/09/2022;15;0,217;R
ES0000000000003289CCPF;14/09/2022;16;0,174;R
ES0000000000003289CCPF;14/09/2022;17;0,115;R
ES0000000000003289CCPF;14/09/2022;18;0,207;R
ES0000000000003289CCPF;14/09/2022;19;0,123;R
ES0000000000003289CCPF;14/09/2022;20;0,139;R
ES0000000000003289CCPF;14/09/2022;21;0,233;R
ES0000000000003289CCPF;14/09/2022;22;0,428;R
ES0000000000003289CCPF;14/09/2022;23;0,135;R
ES0000000000003289CCPF;15/09/2022;0;0,108;R
ES0000000000003289CCPF;15/09/2022;1;0,107;R
ES0000000000003289CCPF;15/09/2022;2;0,1;R
ES0000000000003289CCPF;15/09/2022;3;0,099;R
ES0000000000003289CCPF;15/09/2022;4;0,096;R
ES0000000000003289CCPF;15/09/2022;5;0,102;R
ES0000000000003289CCPF;15/09/2022;6;0,097;R
ES0000000000003289CCPF;15/09/2022;7;0,099;R
ES0000000000003289CCPF;15/09/2022;8;0,292;R
ES0000000000003289CCPF;15/09/2022;9;0,315;R
ES0000000000003289CCPF;15/09/2022;10;0,168;R
ES0000000000003289CCPF;15/09/2022;11;0,11;R
ES0000000000003289CCPF;15/09/2022;12;0,101;R
ES0000000000003289CCPF;15/09/2022;13;0,112;R
ES0000000000003289CCPF;15/09/2022;14;0,425;R
ES0000000000003289CCPF;15/09/2022;15;0,191;R
ES0000000000003289CCPF;15/09/2022;16;0,097;R
ES0000000000003289CCPF;15/09/2022;17;0,14;R
ES0000000000003289CCPF;15/09/2022;18;0,644;R
ES0000000000003289CCPF;15/09/2022;19;0,275;R
ES0000000000003289CCPF;15/09/2022;20;0,294;R
ES0000000000003289CCPF;15/09/2022;21;0,186;R
ES0000000000003289CCPF;15/09/2022;22;0,991;R
ES0000000000003289CCPF;15/09/2022;23;0,533;R
ES0000000000003289CCPF;16/09/2022;0;0,216;R
ES0000000000003289CCPF;16/09/2022;1;0,112;R
ES0000000000003289CCPF;16/09/2022;2;0,113;R
ES0000000000003289CCPF;16/09/2022;3;0,145;R
ES0000000000003289CCPF;16/09/2022;4;0,117;R
ES0000000000003289CCPF;16/09/2022;5;0,096;R
ES0000000000003289CCPF;16/09/2022;6;0,085;R
ES0000000000003289CCPF;16/09/2022;7;0,155;R
ES0000000000003289CCPF;16/09/2022;8;0,243;R
ES0000000000003289CCPF;16/09/2022;9;0,305;R
ES0000000000003289CCPF;16/09/2022;10;0,487;R
ES0000000000003289CCPF;16/09/2022;11;0,093;R
ES0000000000003289CCPF;16/09/2022;12;0,124;R
ES0000000000003289CCPF;16/09/2022;13;0,107;R
ES0000000000003289CCPF;16/09/2022;14;0,101;R
ES0000000000003289CCPF;16/09/2022;15;0,101;R
ES0000000000003289CCPF;16/09/2022;16;0,106;R
ES0000000000003289CCPF;16/09/2022;17;0,356;R
ES0000000000003289CCPF;16/09/2022;18;0,168;R
ES0000000000003289CCPF;16/09/2022;19;0,108;R
ES0000000000003289CCPF;16/09/2022;20;0,155;R
ES0000000000003289CCPF;16/09/2022;21;0,148;R
ES0000000000003289CCPF;16/09/2022;22;0,167;R
ES0000000000003289CCPF;16/09/2022;23;0,199;R
ES0000000000003289CCPF;17/09/2022;0;0,143;R
ES0000000000003289CCPF;17/09/2022;1;0,213;R
ES0000000000003289CCPF;17/09/2022;2;0,13;R
ES0000000000003289CCPF;17/09/2022;3;0,122;R
ES0000000000003289CCPF;17/09/2022;4;0,389;R
ES0000000000003289CCPF;17/09/2022;5;0,125;R
ES0000000000003289CCPF;17/09/2022;6;0,102;R
ES0000000000003289CCPF;17/09/2022;7;0,074;R
ES0000000000003289CCPF;17/09/2022;8;0,196;R
ES0000000000003289CCPF;17/09/2022;9;0,243;R
ES0000000000003289CCPF;17/09/2022;10;0,199;R
ES0000000000003289CCPF;17/09/2022;11;0,17;R
ES0000000000003289CCPF;17/09/2022;12;0,085;R
ES0000000000003289CCPF;17/09/2022;13;0,096;R
ES0000000000003289CCPF;17/09/2022;14;0,097;R
ES0000000000003289CCPF;17/09/2022;15;0,094;R
ES0000000000003289CCPF;17/09/2022;16;0,073;R
ES0000000000003289CCPF;17/09/2022;17;0,09;R
ES0000000000003289CCPF;17/09/2022;18;0,097;R
ES0000000000003289CCPF;17/09/2022;19;0,099;R
ES0000000000003289CCPF;17/09/2022;20;0,259;R
ES0000000000003289CCPF;17/09/2022;21;0,429;R
ES0000000000003289CCPF;17/09/2022;22;0,236;R
ES0000000000003289CCPF;17/09/2022;23;0,228;R
ES0000000000003289CCPF;18/09/2022;0;0,21;R
ES0000000000003289CCPF;18/09/2022;1;0,19;R
ES0000000000003289CCPF;18/09/2022;2;0,234;R
ES0000000000003289CCPF;18/09/2022;3;0,115;R
ES0000000000003289CCPF;18/09/2022;4;0,087;R
ES0000000000003289CCPF;18/09/2022;5;0,076;R
ES0000000000003289CCPF;18/09/2022;6;0,094;R
ES0000000000003289CCPF;18/09/2022;7;0,096;R
ES0000000000003289CCPF;18/09/2022;8;0,092;R
ES0000000000003289CCPF;18/09/2022;9;0,07;R
ES0000000000003289CCPF;18/09/2022;10;0,254;R
ES0000000000003289CCPF;18/09/2022;11;0,213;R
ES0000000000003289CCPF;18/09/2022;12;1,637;R
ES0000000000003289CCPF;18/09/2022;13;0,52;R
ES0000000000003289CCPF;18/09/2022;14;1,323;R
ES0000000000003289CCPF;18/09/2022;15;1,395;R
ES0000000000003289CCPF;18/09/2022;16;0,563;R
ES0000000000003289CCPF;18/09/2022;17;0,279;R
ES0000000000003289CCPF;18/09/2022;18;0,155;R
ES0000000000003289CCPF;18/09/2022;19;0,22;R
ES0000000000003289CCPF;18/09/2022;20;0,147;R
ES0000000000003289CCPF;18/09/2022;21;0,235;R
ES0000000000003289CCPF;18/09/2022;22;0,249;R
ES0000000000003289CCPF;18/09/2022;23;0,461;R
ES0000000000003289CCPF;19/09/2022;0;0,698;R
ES0000000000003289CCPF;19/09/2022;1;0,233;R
ES0000000000003289CCPF;19/09/2022;2;0,098;R
ES0000000000003289CCPF;19/09/2022;3;0,106;R
ES0000000000003289CCPF;19/09/2022;4;0,108;R
ES0000000000003289CCPF;19/09/2022;5;0,107;R
ES0000000000003289CCPF;19/09/2022;6;0,092;R
ES0000000000003289CCPF;19/09/2022;7;0,22;R
ES0000000000003289CCPF;19/09/2022;8;0,095;R
ES0000000000003289CCPF;19/09/2022;9;0,239;R
ES0000000000003289CCPF;19/09/2022;10;0,219;R
ES0000000000003289CCPF;19/09/2022;11;0,119;R
ES0000000000003289CCPF;19/09/2022;12;0,098;R
ES0000000000003289CCPF;19/09/2022;13;0,099;R
ES0000000000003289CCPF;19/09/2022;14;0,078;R
ES0000000000003289CCPF;19/09/2022;15;0,091;R
ES0000000000003289CCPF;19/09/2022;16;0,349;R
ES0000000000003289CCPF;19/09/2022;17;0,233;R
ES0000000000003289CCPF;19/09/2022;18;0,124;R
ES0000000000003289CCPF;19/09/2022;19;0,657;R
ES0000000000003289CCPF;19/09/2022;20;0,131;R
ES0000000000003289CCPF;19/09/2022;21;0,227;R
ES0000000000003289CCPF;19/09/2022;22;0,232;R
ES0000000000003289CCPF;19/09/2022;23;0,216;R
ES0000000000003289CCPF;20/09/2022;0;0,206;R
ES0000000000003289CCPF;20/09/2022;1;0,167;R
ES0000000000003289CCPF;20/09/2022;2;0,093;R
ES0000000000003289CCPF;20/09/2022;3;0,093;R
ES0000000000003289CCPF;20/09/2022;4;0,093;R
ES0000000000003289CCPF;20/09/2022;5;0,091;R
ES0000000000003289CCPF;20/09/2022;6;0,076;R
ES0000000000003289CCPF;20/09/2022;7;0,323;R
ES0000000000003289CCPF;20/09/2022;8;0,266;R
ES0000000000003289CCPF;20/09/2022;9;0,291;R
ES0000000000003289CCPF;20/09/2022;10;0,099;R
ES0000000000003289CCPF;20/09/2022;11;0,1;R
ES0000000000003289CCPF;20/09/2022;12;0,093;R
ES0000000000003289CCPF;20/09/2022;13;0,092;R
ES0000000000003289CCPF;20/09/2022;14;0,081;R
ES0000000000003289CCPF;20/09/2022;15;0,08;R
ES0000000000003289CCPF;20/09/2022;16;0,161;R
ES0000000000003289CCPF;20/09/2022;17;0,131;R
ES0000000000003289CCPF;20/09/2022;18;0,103;R
ES0000000000003289CCPF;20/09/2022;19;0,168;R
ES0000000000003289CCPF;20/09/2022;20;0,1;R
ES0000000000003289CCPF;20/09/2022;21;0,323;R
ES0000000000003289CCPF;20/09/2022;22;0,451;R
ES0000000000003289CCPF;20/09/2022;23;0,219;R
ES0000000000003289CCPF;21/09/2022;0;0,154;R
ES0000000000003289CCPF;21/09/2022;1;0,106;R
ES0000000000003289CCPF;21/09/2022;2;0,164;R
ES0000000000003289CCPF;21/09/2022;3;0,099;R
ES0000000000003289CCPF;21/09/2022;4;0,109;R
ES0000000000003289CCPF;21/09/2022;5;0,127;R
ES0000000000003289CCPF;21/09/2022;6;0,123;R
ES0000000000003289CCPF;21/09/2022;7;0,402;R
ES0000000000003289CCPF;21/09/2022;8;0,62;R
ES0000000000003289CCPF;21/09/2022;9;0,111;R
ES0000000000003289CCPF;21/09/2022;10;0,138;R
ES0000000000003289CCPF;21/09/2022;11;0,121;R
ES0000000000003289CCPF;21/09/2022;12;0,148;R
ES0000000000003289CCPF;21/09/2022;13;0,178;R
ES0000000000003289CCPF;21/09/2022;14;0,116;R
ES0000000000003289CCPF;21/09/2022;15;0,095;R
ES0000000000003289CCPF;21/09/2022;16;0,105;R
ES0000000000003289CCPF;21/09/2022;17;0,45;R
ES0000000000003289CCPF;21/09/2022;18;0,121;R
ES0000000000003289CCPF;21/09/2022;19;0,119;R
ES0000000000003289CCPF;21/09/2022;20;0,267;R
ES0000000000003289CCPF;21/09/2022;21;0,133;R
ES0000000000003289CCPF;21/09/2022;22;0,6;R
ES0000000000003289CCPF;21/09/2022;23;0,243;R
ES0000000000003289CCPF;22/09/2022;0;0,125;R
ES0000000000003289CCPF;22/09/2022;1;0,105;R
ES0000000000003289CCPF;22/09/2022;2;0,109;R
ES0000000000003289CCPF;22/09/2022;3;0,109;R
ES0000000000003289CCPF;22/09/2022;4;0,085;R
ES0000000000003289CCPF;22/09/2022;5;0,106;R
ES0000000000003289CCPF;22/09/2022;6;0,102;R
ES0000000000003289CCPF;22/09/2022;7;0,096;R
ES0000000000003289CCPF;22/09/2022;8;0,56;R
ES0000000000003289CCPF;22/09/2022;9;1,149;R
ES0000000000003289CCPF;22/09/2022;10;0,462;R
ES0000000000003289CCPF;22/09/2022;11;0,116;R
ES0000000000003289CCPF;22/09/2022;12;0,114;R
ES0000000000003289CCPF;22/09/2022;13;0,101;R
ES0000000000003289CCPF;22/09/2022;14;1,058;R
ES0000000000003289CCPF;22/09/2022;15;0,122;R
ES0000000000003289CCPF;22/09/2022;16;0,133;R
ES0000000000003289CCPF;22/09/2022;17;0,084;R
ES0000000000003289CCPF;22/09/2022;18;0,113;R
ES0000000000003289CCPF;22/09/2022;19;0,107;R
ES0000000000003289CCPF;22/09/2022;20;0,155;R
ES0000000000003289CCPF;22/09/2022;21;0,14;R
ES0000000000003289CCPF;22/09/2022;22;0,387;R
ES0000000000003289CCPF;22/09/2022;23;0,154;R
ES0000000000003289CCPF;23/09/2022;0;0,104;R
ES0000000000003289CCPF;23/09/2022;1;0,093;R
ES0000000000003289CCPF;23/09/2022;2;0,111;R
ES0000000000003289CCPF;23/09/2022;3;0,107;R
ES0000000000003289CCPF;23/09/2022;4;0,106;R
ES0000000000003289CCPF;23/09/2022;5;0,088;R
ES0000000000003289CCPF;23/09/2022;6;0,099;R
ES0000000000003289CCPF;23/09/2022;7;0,122;R
ES0000000000003289CCPF;23/09/2022;8;0,339;R
ES0000000000003289CCPF;23/09/2022;9;0,621;R
ES0000000000003289CCPF;23/09/2022;10;0,1;R
ES0000000000003289CCPF;23/09/2022;11;0,161;R
ES0000000000003289CCPF;23/09/2022;12;0,106;R
ES0000000000003289CCPF;23/09/2022;13;0,086;R
ES0000000000003289CCPF;23/09/2022;14;0,104;R
ES0000000000003289CCPF;23/09/2022;15;0,13;R
ES0000000000003289CCPF;23/09/2022;16;0,501;R
ES0000000000003289CCPF;23/09/2022;17;0,529;R
ES0000000000003289CCPF;23/09/2022;18;0,208;R
ES0000000000003289CCPF;23/09/2022;19;0,142;R
ES0000000000003289CCPF;23/09/2022;20;0,377;R
ES0000000000003289CCPF;23/09/2022;21;0,175;R
ES0000000000003289CCPF;23/09/2022;22;0,45;R
ES0000000000003289CCPF;23/09/2022;23;1,483;R
ES0000000000003289CCPF;24/09/2022;0;0,714;R
ES0000000000003289CCPF;24/09/2022;1;0,202;R
ES0000000000003289CCPF;24/09/2022;2;0,112;R
ES0000000000003289CCPF;24/09/2022;3;0,11;R
ES0000000000003289CCPF;24/09/2022;4;0,11;R
ES0000000000003289CCPF;24/09/2022;5;0,083;R
ES0000000000003289CCPF;24/09/2022;6;0,094;R
ES0000000000003289CCPF;24/09/2022;7;0,178;R
ES0000000000003289CCPF;24/09/2022;8;0,155;R
ES0000000000003289CCPF;24/09/2022;9;0,216;R
ES0000000000003289CCPF;24/09/2022;10;0,133;R
ES0000000000003289CCPF;24/09/2022;11;0,212;R
ES0000000000003289CCPF;24/09/2022;12;0,076;R
ES0000000000003289CCPF;24/09/2022;13;0,097;R
ES0000000000003289CCPF;24/09/2022;14;0,099;R
ES0000000000003289CCPF;24/09/2022;15;0,096;R
ES0000000000003289CCPF;24/09/2022;16;0,083;R
ES0000000000003289CCPF;24/09/2022;17;0,081;R
ES0000000000003289CCPF;24/09/2022;18;0,108;R
ES0000000000003289CCPF;24/09/2022;19;0,105;R
ES0000000000003289CCPF;24/09/2022;20;0,22;R
ES0000000000003289CCPF;24/09/2022;21;0,13;R
ES0000000000003289CCPF;24/09/2022;22;0,15;R
ES0000000000003289CCPF;24/09/2022;23;0,333;R
ES0000000000003289CCPF;25/09/2022;0;0,175;R
ES0000000000003289CCPF;25/09/2022;1;0,109;R
ES0000000000003289CCPF;25/09/2022;2;0,386;R
ES0000000000003289CCPF;25/09/2022;3;0,146;R
ES0000000000003289CCPF;25/09/2022;4;0,114;R
ES0000000000003289CCPF;25/09/2022;5;0,1;R
ES0000000000003289CCPF;25/09/2022;6;0,078;R
ES0000000000003289CCPF;25/09/2022;7;0,1;R
ES0000000000003289CCPF;25/09/2022;8;0,099;R
ES0000000000003289CCPF;25/09/2022;9;0,129;R
ES0000000000003289CCPF;25/09/2022;10;0,292;R
ES0000000000003289CCPF;25/09/2022;11;0,682;R
ES0000000000003289CCPF;25/09/2022;12;0,26;R
ES0000000000003289CCPF;25/09/2022;13;0,659;R
ES0000000000003289CCPF;25/09/2022;14;0,095;R
ES0000000000003289CCPF;25/09/2022;15;0,092;R
ES0000000000003289CCPF;25/09/2022;16;0,081;R
ES0000000000003289CCPF;25/09/2022;17;0,078;R
ES0000000000003289CCPF;25/09/2022;18;0,096;R
ES0000000000003289CCPF;25/09/2022;19;0,098;R
ES0000000000003289CCPF;25/09/2022;20;0,293;R
ES0000000000003289CCPF;25/09/2022;21;0,717;R
ES0000000000003289CCPF;25/09/2022;22;0,158;R
ES0000000000003289CCPF;25/09/2022;23;0,749;R
ES0000000000003289CCPF;26/09/2022;0;0,265;R
ES0000000000003289CCPF;26/09/2022;1;0,204;R
ES0000000000003289CCPF;26/09/2022;2;0,261;R
ES0000000000003289CCPF;26/09/2022;3;0,549;R
ES0000000000003289CCPF;26/09/2022;4;0,115;R
ES0000000000003289CCPF;26/09/2022;5;0,726;R
ES0000000000003289CCPF;26/09/2022;6;0,089;R
ES0000000000003289CCPF;26/09/2022;7;0,122;R
ES0000000000003289CCPF;26/09/2022;8;0,364;R
ES0000000000003289CCPF;26/09/2022;9;0,2;R
ES0000000000003289CCPF;26/09/2022;10;0,166;R
ES0000000000003289CCPF;26/09/2022;11;0,128;R
ES0000000000003289CCPF;26/09/2022;12;0,077;R
ES0000000000003289CCPF;26/09/2022;13;0,096;R
ES0000000000003289CCPF;26/09/2022;14;0,095;R
ES0000000000003289CCPF;26/09/2022;15;0,173;R
ES0000000000003289CCPF;26/09/2022;16;0,245;R
ES0000000000003289CCPF;26/09/2022;17;0,192;R
ES0000000000003289CCPF;26/09/2022;18;0,119;R
ES0000000000003289CCPF;26/09/2022;19;0,118;R
ES0000000000003289CCPF;26/09/2022;20;0,145;R
ES0000000000003289CCPF;26/09/2022;21;0,189;R
ES0000000000003289CCPF;26/09/2022;22;0,658;R
ES0000000000003289CCPF;26/09/2022;23;0,22;R
ES0000000000003289CCPF;27/09/2022;0;0,156;R
ES0000000000003289CCPF;27/09/2022;1;0,145;R
ES0000000000003289CCPF;27/09/2022;2;0,126;R
ES0000000000003289CCPF;27/09/2022;3;0,111;R
ES0000000000003289CCPF;27/09/2022;4;0,096;R
ES0000000000003289CCPF;27/09/2022;5;0,097;R
ES0000000000003289CCPF;27/09/2022;6;0,094;R
ES0000000000003289CCPF;27/09/2022;7;0,077;R
ES0000000000003289CCPF;27/09/2022;8;0,241;R
ES0000000000003289CCPF;27/09/2022;9;0,203;R
ES0000000000003289CCPF;27/09/2022;10;0,184;R
ES0000000000003289CCPF;27/09/2022;11;0,12;R
ES0000000000003289CCPF;27/09/2022;12;0,112;R
ES0000000000003289CCPF;27/09/2022;13;0,078;R
ES0000000000003289CCPF;27/09/2022;14;0,095;R
ES0000000000003289CCPF;27/09/2022;15;0,089;R
ES0000000000003289CCPF;27/09/2022;16;0,097;R
ES0000000000003289CCPF;27/09/2022;17;0,12;R
ES0000000000003289CCPF;27/09/2022;18;0,11;R
ES0000000000003289CCPF;27/09/2022;19;0,074;R
ES0000000000003289CCPF;27/09/2022;20;0,082;R
ES0000000000003289CCPF;27/09/2022;21;0,132;R
ES0000000000003289CCPF;27/09/2022;22;0,588;R
ES0000000000003289CCPF;27/09/2022;23;0,296;R
ES0000000000003289CCPF;28/09/2022;0;0,194;R
ES0000000000003289CCPF;28/09/2022;1;0,106;R
ES0000000000003289CCPF;28/09/2022;2;0,087;R
ES0000000000003289CCPF;28/09/2022;3;0,085;R
ES0000000000003289CCPF;28/09/2022;4;0,095;R
ES0000000000003289CCPF;28/09/2022;5;0,092;R
ES0000000000003289CCPF;28/09/2022;6;0,103;R
ES0000000000003289CCPF;28/09/2022;7;0,083;R
ES0000000000003289CCPF;28/09/2022;8;0,943;R
ES0000000000003289CCPF;28/09/2022;9;0,297;R
ES0000000000003289CCPF;28/09/2022;10;0,109;R
ES0000000000003289CCPF;28/09/2022;11;0,11;R
ES0000000000003289CCPF;28/09/2022;12;0,107;R
ES0000000000003289CCPF;28/09/2022;13;0,137;R
ES0000000000003289CCPF;28/09/2022;14;0,149;R
ES0000000000003289CCPF;28/09/2022;15;0,183;R
ES0000000000003289CCPF;28/09/2022;16;0,132;R
ES0000000000003289CCPF;28/09/2022;17;0,125;R
ES0000000000003289CCPF;28/09/2022;18;0,087;R
ES0000000000003289CCPF;28/09/2022;19;0,211;R
ES0000000000003289CCPF;28/09/2022;20;0,145;R
ES0000000000003289CCPF;28/09/2022;21;0,141;R
ES0000000000003289CCPF;28/09/2022;22;0,197;R
ES0000000000003289CCPF;28/09/2022;23;0,124;R
ES0000000000003289CCPF;29/09/2022;0;0,108;R
ES0000000000003289CCPF;29/09/2022;1;0,097;R
ES0000000000003289CCPF;29/09/2022;2;0,101;R
ES0000000000003289CCPF;29/09/2022;3;0,096;R
ES0000000000003289CCPF;29/09/2022;4;0,107;R
ES0000000000003289CCPF;29/09/2022;5;0,066;R
ES0000000000003289CCPF;29/09/2022;6;0,087;R
ES0000000000003289CCPF;29/09/2022;7;0,088;R
ES0000000000003289CCPF;29/09/2022;8;0,237;R
ES0000000000003289CCPF;29/09/2022;9;0,275;R
ES0000000000003289CCPF;29/09/2022;10;0,889;R
ES0000000000003289CCPF;29/09/2022;11;0,5;R
ES0000000000003289CCPF;29/09/2022;12;0,134;R
ES0000000000003289CCPF;29/09/2022;13;0,109;R
ES0000000000003289CCPF;29/09/2022;14;0,114;R
ES0000000000003289CCPF;29/09/2022;15;0,094;R
ES0000000000003289CCPF;29/09/2022;16;0,121;R
ES0000000000003289CCPF;29/09/2022;17;0,102;R
ES0000000000003289CCPF;29/09/2022;18;0,11;R
ES0000000000003289CCPF;29/09/2022;19;0,501;R
ES0000000000003289CCPF;29/09/2022;20;0,206;R
ES0000000000003289CCPF;29/09/2022;21;0,123;R
ES0000000000003289CCPF;29/09/2022;22;0,224;R
ES0000000000003289CCPF;29/09/2022;23;0,202;R
ES0000000000003289CCPF;30/09/2022;0;0,1;R
ES0000000000003289CCPF;30/09/2022;1;0,081;R
ES0000000000003289CCPF;30/09/2022;2;0,091;R
ES0000000000003289CCPF;30/09/2022;3;0,09;R
ES0000000000003289CCPF;30/09/2022;4;0,093;R
ES0000000000003289CCPF;30/09/2022;5;0,086;R
ES0000000000003289CCPF;30/09/2022;6;0,073;R
ES0000000000003289CCPF;30/09/2022;7;0,083;R
ES0000000000003289CCPF;30/09/2022;8;0,353;R
ES0000000000003289CCPF;30/09/2022;9;0,159;R
ES0000000000003289CCPF;30/09/2022;10;0,094;R
ES0000000000003289CCPF;30/09/2022;11;0,082;R
ES0000000000003289CCPF;30/09/2022;12;0,499;R
ES0000000000003289CCPF;30/09/2022;13;0,087;R
ES0000000000003289CCPF;30/09/2022;14;0,086;R
ES0000000000003289CCPF;30/09/2022;15;0,139;R
ES0000000000003289CCPF;30/09/2022;16;0,116;R
ES0000000000003289CCPF;30/09/2022;17;0,714;R
ES0000000000003289CCPF;30/09/2022;18;0,36;R
ES0000000000003289CCPF;30/09/2022;19;0,347;R
ES0000000000003289CCPF;30/09/2022;20;0,323;R
ES0000000000003289CCPF;30/09/2022;21;0,096;R
ES0000000000003289CCPF;30/09/2022;22;0,096;R
ES0000000000003289CCPF;30/09/2022;23;0,153;R
ES0000000000003289CCPF;01/10/2022;0;0,103;R
ES0000000000003289CCPF;01/10/2022;1;0,149;R
ES0000000000003289CCPF;01/10/2022;2;0,098;R
ES0000000000003289CCPF;01/10/2022;3;0,084;R
ES0000000000003289CCPF;01/10/2022;4;0,084;R
ES0000000000003289CCPF;01/10/2022;5;0,084;R
ES0000000000003289CCPF;01/10/2022;6;0,077;R
ES0000000000003289CCPF;01/10/2022;7;0,069;R
ES0000000000003289CCPF;01/10/2022;8;0,087;R
ES0000000000003289CCPF;01/10/2022;9;0,408;R
ES0000000000003289CCPF;01/10/2022;10;0,157;R
ES0000000000003289CCPF;01/10/2022;11;0,847;R
ES0000000000003289CCPF;01/10/2022;12;0,089;R
ES0000000000003289CCPF;01/10/2022;13;0,1;R
ES0000000000003289CCPF;01/10/2022;14;0,369;R
ES0000000000003289CCPF;01/10/2022;15;0,094;R
ES0000000000003289CCPF;01/10/2022;16;0,146;R
ES0000000000003289CCPF;01/10/2022;17;0,149;R
ES0000000000003289CCPF;01/10/2022;18;0,103;R
ES0000000000003289CCPF;01/10/2022;19;0,146;R
ES0000000000003289CCPF;01/10/2022;20;0,221;R
ES0000000000003289CCPF;01/10/2022;21;0,146;R
ES0000000000003289CCPF;01/10/2022;22;0,374;R
ES0000000000003289CCPF;01/10/2022;23;0,353;R
ES0000000000003289CCPF;02/10/2022;0;0,582;R
ES0000000000003289CCPF;02/10/2022;1;0,186;R
ES0000000000003289CCPF;02/10/2022;2;0,781;R
ES0000000000003289CCPF;02/10/2022;3;0,091;R
ES0000000000003289CCPF;02/10/2022;4;0,09;R
ES0000000000003289CCPF;02/10/2022;5;0,106;R
ES0000000000003289CCPF;02/10/2022;6;0,075;R
ES0000000000003289CCPF;02/10/2022;7;0,107;R
ES0000000000003289CCPF;02/10/2022;8;0,217;R
ES0000000000003289CCPF;02/10/2022;9;0,083;R
ES0000000000003289CCPF;02/10/2022;10;0,341;R
ES0000000000003289CCPF;02/10/2022;11;0,115;R
ES0000000000003289CCPF;02/10/2022;12;0,078;R
ES0000000000003289CCPF;02/10/2022;13;0,091;R
ES0000000000003289CCPF;02/10/2022;14;0,144;R
ES0000000000003289CCPF;02/10/2022;15;0,286;R
ES0000000000003289CCPF;02/10/2022;16;0,124;R
ES0000000000003289CCPF;02/10/2022;17;0,127;R
ES0000000000003289CCPF;02/10/2022;18;0,149;R
ES0000000000003289CCPF;02/10/2022;19;0,104;R
ES0000000000003289CCPF;02/10/2022;20;0,155;R
ES0000000000003289CCPF;02/10/2022;21;0,419;R
ES0000000000003289CCPF;02/10/2022;22;0,204;R
ES0000000000003289CCPF;02/10/2022;23;0,167;R
ES0000000000003289CCPF;03/10/2022;0;0,216;R
ES0000000000003289CCPF;03/10/2022;1;0,148;R
ES0000000000003289CCPF;03/10/2022;2;0,185;R
ES0000000000003289CCPF;03/10/2022;3;0,322;R
ES0000000000003289CCPF;03/10/2022;4;0,107;R
ES0000000000003289CCPF;03/10/2022;5;0,088;R
ES0000000000003289CCPF;03/10/2022;6;0,095;R
ES0000000000003289CCPF;03/10/2022;7;0,089;R
ES0000000000003289CCPF;03/10/2022;8;0,117;R
ES0000000000003289CCPF;03/10/2022;9;0,281;R
ES0000000000003289CCPF;03/10/2022;10;0,295;R
ES0000000000003289CCPF;03/10/2022;11;0,123;R
ES0000000000003289CCPF;03/10/2022;12;0,109;R
ES0000000000003289CCPF;03/10/2022;13;0,15;R
ES0000000000003289CCPF;03/10/2022;14;0,107;R
ES0000000000003289CCPF;03/10/2022;15;0,938;R
ES0000000000003289CCPF;03/10/2022;16;0,126;R
ES0000000000003289CCPF;03/10/2022;17;0,106;R
ES0000000000003289CCPF;03/10/2022;18;0,143;R
ES0000000000003289CCPF;03/10/2022;19;0,184;R
ES0000000000003289CCPF;03/10/2022;20;0,126;R
ES0000000000003289CCPF;03/10/2022;21;0,193;R
ES0000000000003289CCPF;03/10/2022;22;0,146;R
ES0000000000003289CCPF;03/10/2022;23;0,373;R
ES0000000000003289CCPF;04/10/2022;0;0,08;R
ES0000000000003289CCPF;04/10/2022;1;0,086;R
ES0000000000003289CCPF;04/10/2022;2;0,088;R
ES0000000000003289CCPF;04/10/2022;3;0,074;R
ES0000000000003289CCPF;04/10/2022;4;0,078;R
ES0000000000003289CCPF;04/10/2022;5;0,088;R
ES0000000000003289CCPF;04/10/2022;6;0,072;R
ES0000000000003289CCPF;04/10/2022;7;0,079;R
ES0000000000003289CCPF;04/10/2022;8;0,182;R
ES0000000000003289CCPF;04/10/2022;9;0,234;R
ES0000000000003289CCPF;04/10/2022;10;0,307;R
ES0000000000003289CCPF;04/10/2022;11;0,082;R
ES0000000000003289CCPF;04/10/2022;12;0,1;R
ES0000000000003289CCPF;04/10/2022;13;0,088;R
ES0000000000003289CCPF;04/10/2022;14;0,083;R
ES0000000000003289CCPF;04/10/2022;15;0,066;R
ES0000000000003289CCPF;04/10/2022;16;0,086;R
ES0000000000003289CCPF;04/10/2022;17;0,093;R
ES0000000000003289CCPF;04/10/2022;18;0,089;R
ES0000000000003289CCPF;04/10/2022;19;0,069;R
ES0000000000003289CCPF;04/10/2022;20;0,296;R
ES0000000000003289CCPF;04/10/2022;21;0,19;R
ES0000000000003289CCPF;04/10/2022;22;0,621;R
ES0000000000003289CCPF;04/10/2022;23;0,892;R
ES0000000000003289CCPF;05/10/2022;0;0,187;R
ES0000000000003289CCPF;05/10/2022;1;0,132;R
ES0000000000003289CCPF;05/10/2022;2;0,101;R
ES0000000000003289CCPF;05/10/2022;3;0,091;R
ES0000000000003289CCPF;05/10/2022;4;0,075;R
ES0000000000003289CCPF;05/10/2022;5;0,091;R
ES0000000000003289CCPF;05/10/2022;6;0,091;R
ES0000000000003289CCPF;05/10/2022;7;0,09;R
ES0000000000003289CCPF;05/10/2022;8;0,239;R
ES0000000000003289CCPF;05/10/2022;9;0,21;R
ES0000000000003289CCPF;05/10/2022;10;0,151;R
ES0000000000003289CCPF;05/10/2022;11;0,13;R
ES0000000000003289CCPF;05/10/2022;12;0,089;R
ES0000000000003289CCPF;05/10/2022;13;0,161;R
ES0000000000003289CCPF;05/10/2022;14;0,792;R
ES0000000000003289CCPF;05/10/2022;15;0,148;R
ES0000000000003289CCPF;05/10/2022;16;0,166;R
ES0000000000003289CCPF;05/10/2022;17;0,146;R
ES0000000000003289CCPF;05/10/2022;18;0,078;R
ES0000000000003289CCPF;05/10/2022;19;0,164;R
ES0000000000003289CCPF;05/10/2022;20;0,151;R
ES0000000000003289CCPF;05/10/2022;21;0,132;R
ES0000000000003289CCPF;05/10/2022;22;0,112;R
ES0000000000003289CCPF;05/10/2022;23;0,471;R
ES0000000000003289CCPF;06/10/2022;0;0,132;R
ES0000000000003289CCPF;06/10/2022;1;0,097;R
ES0000000000003289CCPF;06/10/2022;2;0,518;R
ES0000000000003289CCPF;06/10/2022;3;0,23;R
ES0000000000003289CCPF;06/10/2022;4;0,121;R
ES0000000000003289CCPF;06/10/2022;5;0,751;R
ES0000000000003289CCPF;06/10/2022;6;0,087;R
ES0000000000003289CCPF;06/10/2022;7;0,089;R
ES0000000000003289CCPF;06/10/2022;8;0,341;R
ES0000000000003289CCPF;06/10/2022;9;0,185;R
ES0000000000003289CCPF;06/10/2022;10;0,163;R
ES0000000000003289CCPF;06/10/2022;11;0,197;R
ES0000000000003289CCPF;06/10/2022;12;0,095;R
ES0000000000003289CCPF;06/10/2022;13;0,09;R
ES0000000000003289CCPF;06/10/2022;14;0,09;R
ES0000000000003289CCPF;06/10/2022;15;0,069;R
ES0000000000003289CCPF;06/10/2022;16;0,093;R
ES0000000000003289CCPF;06/10/2022;17;0,09;R
ES0000000000003289CCPF;06/10/2022;18;0,089;R
ES0000000000003289CCPF;06/10/2022;19;0,144;R
ES0000000000003289CCPF;06/10/2022;20;0,101;R
ES0000000000003289CCPF;06/10/2022;21;0,176;R
ES0000000000003289CCPF;06/10/2022;22;0,2;R
ES0000000000003289CCPF;06/10/2022;23;0,166;R
ES0000000000003289CCPF;07/10/2022;0;0,104;R
ES0000000000003289CCPF;07/10/2022;1;0,095;R
ES0000000000003289CCPF;07/10/2022;2;0,095;R
ES0000000000003289CCPF;07/10/2022;3;0,095;R
ES0000000000003289CCPF;07/10/2022;4;0,083;R
ES0000000000003289CCPF;07/10/2022;5;0,078;R
ES0000000000003289CCPF;07/10/2022;6;0,088;R
ES0000000000003289CCPF;07/10/2022;7;0,091;R
ES0000000000003289CCPF;07/10/2022;8;0,222;R
ES0000000000003289CCPF;07/10/2022;9;0,314;R
ES0000000000003289CCPF;07/10/2022;10;0,132;R
ES0000000000003289CCPF;07/10/2022;11;0,115;R
ES0000000000003289CCPF;07/10/2022;12;0,133;R
ES0000000000003289CCPF;07/10/2022;13;0,08;R
ES0000000000003289CCPF;07/10/2022;14;0,109;R
ES0000000000003289CCPF;07/10/2022;15;0,82;R
ES0000000000003289CCPF;07/10/2022;16;0,162;R
ES0000000000003289CCPF;07/10/2022;17;0,335;R
ES0000000000003289CCPF;07/10/2022;18;0,124;R
ES0000000000003289CCPF;07/10/2022;19;0,093;R
ES0000000000003289CCPF;07/10/2022;20;0,093;R
ES0000000000003289CCPF;07/10/2022;21;0,169;R
ES0000000000003289CCPF;07/10/2022;22;0,594;R
ES0000000000003289CCPF;07/10/2022;23;0,201;R
ES0000000000003289CCPF;08/10/2022;0;0,217;R
ES0000000000003289CCPF;08/10/2022;1;0,127;R
ES0000000000003289CCPF;08/10/2022;2;0,124;R
ES0000000000003289CCPF;08/10/2022;3;0,365;R
ES0000000000003289CCPF;08/10/2022;4;0,18;R
ES0000000000003289CCPF;08/10/2022;5;0,093;R
ES0000000000003289CCPF;08/10/2022;6;0,09;R
ES0000000000003289CCPF;08/10/2022;7;0,091;R
ES0000000000003289CCPF;08/10/2022;8;0,086;R
ES0000000000003289CCPF;08/10/2022;9;0,278;R
ES0000000000003289CCPF;08/10/2022;10;0,705;R
ES0000000000003289CCPF;08/10/2022;11;0,162;R
ES0000000000003289CCPF;08/10/2022;12;0,098;R
ES0000000000003289CCPF;08/10/2022;13;0,098;R
ES0000000000003289CCPF;08/10/2022;14;0,07;R
ES0000000000003289CCPF;08/10/2022;15;0,087;R
ES0000000000003289CCPF;08/10/2022;16;0,089;R
ES0000000000003289CCPF;08/10/2022;17;0,094;R
ES0000000000003289CCPF;08/10/2022;18;0,071;R
ES0000000000003289CCPF;08/10/2022;19;0,085;R
ES0000000000003289CCPF;08/10/2022;20;0,132;R
ES0000000000003289CCPF;08/10/2022;21;0,759;R
ES0000000000003289CCPF;08/10/2022;22;1,066;R
ES0000000000003289CCPF;08/10/2022;23;0,182;R
ES0000000000003289CCPF;09/10/2022;0;0,2;R
ES0000000000003289CCPF;09/10/2022;1;0,189;R
ES0000000000003289CCPF;09/10/2022;2;0,205;R
ES0000000000003289CCPF;09/10/2022;3;0,622;R
ES0000000000003289CCPF;09/10/2022;4;0,104;R
ES0000000000003289CCPF;09/10/2022;5;0,406;R
ES0000000000003289CCPF;09/10/2022;6;0,492;R
ES0000000000003289CCPF;09/10/2022;7;0,094;R
ES0000000000003289CCPF;09/10/2022;8;0,464;R
ES0000000000003289CCPF;09/10/2022;9;1,048;R
ES0000000000003289CCPF;09/10/2022;10;0,335;R
ES0000000000003289CCPF;09/10/2022;11;0,276;R
ES0000000000003289CCPF;09/10/2022;12;0,092;R
ES0000000000003289CCPF;09/10/2022;13;0,071;R
ES0000000000003289CCPF;09/10/2022;14;0,085;R
ES0000000000003289CCPF;09/10/2022;15;0,093;R
ES0000000000003289CCPF;09/10/2022;16;0,09;R
ES0000000000003289CCPF;09/10/2022;17;0,08;R
ES0000000000003289CCPF;09/10/2022;18;0,079;R
ES0000000000003289CCPF;09/10/2022;19;0,099;R
ES0000000000003289CCPF;09/10/2022;20;0,096;R
ES0000000000003289CCPF;09/10/2022;21;0,344;R
ES0000000000003289CCPF;09/10/2022;22;0,942;R
ES0000000000003289CCPF;09/10/2022;23;0,207;R
ES0000000000003289CCPF;10/10/2022;0;0,185;R
ES0000000000003289CCPF;10/10/2022;1;0,072;R
ES0000000000003289CCPF;10/10/2022;2;0,097;R
ES0000000000003289CCPF;10/10/2022;3;0,091;R
ES0000000000003289CCPF;10/10/2022;4;0,091;R
ES0000000000003289CCPF;10/10/2022;5;0,084;R
ES0000000000003289CCPF;10/10/2022;6;0,071;R
ES0000000000003289CCPF;10/10/2022;7;0,088;R
ES0000000000003289CCPF;10/10/2022;8;0,821;R
ES0000000000003289CCPF;10/10/2022;9;0,43;R
ES0000000000003289CCPF;10/10/2022;10;0,259;R
ES0000000000003289CCPF;10/10/2022;11;0,164;R
ES0000000000003289CCPF;10/10/2022;12;0,206;R
ES0000000000003289CCPF;10/10/2022;13;0,337;R
ES0000000000003289CCPF;10/10/2022;14;0,171;R
ES0000000000003289CCPF;10/10/2022;15;0,189;R
ES0000000000003289CCPF;10/10/2022;16;0,225;R
ES0000000000003289CCPF;10/10/2022;17;0,189;R
ES0000000000003289CCPF;10/10/2022;18;0,139;R
ES0000000000003289CCPF;10/10/2022;19;0,201;R
ES0000000000003289CCPF;10/10/2022;20;0,421;R
ES0000000000003289CCPF;10/10/2022;21;0,169;R
ES0000000000003289CCPF;10/10/2022;22;0,139;R
ES0000000000003289CCPF;10/10/2022;23;0,188;R
ES0000000000003289CCPF;11/10/2022;0;0,201;R
ES0000000000003289CCPF;11/10/2022;1;0,175;R
ES0000000000003289CCPF;11/10/2022;2;0,129;R
ES0000000000003289CCPF;11/10/2022;3;0,092;R
ES0000000000003289CCPF;11/10/2022;4;0,089;R
ES0000000000003289CCPF;11/10/2022;5;0,074;R
ES0000000000003289CCPF;11/10/2022;6;0,088;R
ES0000000000003289CCPF;11/10/2022;7;0,095;R
ES0000000000003289CCPF;11/10/2022;8;0,25;R
ES0000000000003289CCPF;11/10/2022;9;0,54;R
ES0000000000003289CCPF;11/10/2022;10;0,167;R
ES0000000000003289CCPF;11/10/2022;11;0,122;R
ES0000000000003289CCPF;11/10/2022;12;0,108;R
ES0000000000003289CCPF;11/10/2022;13;0,107;R
ES0000000000003289CCPF;11/10/2022;14;0,094;R
ES0000000000003289CCPF;11/10/2022;15;0,652;R
ES0000000000003289CCPF;11/10/2022;16;0,104;R
ES0000000000003289CCPF;11/10/2022;17;0,106;R
ES0000000000003289CCPF;11/10/2022;18;0,189;R
ES0000000000003289CCPF;11/10/2022;19;0,093;R
ES0000000000003289CCPF;11/10/2022;20;0,099;R
ES0000000000003289CCPF;11/10/2022;21;0,094;R
ES0000000000003289CCPF;11/10/2022;22;0,159;R
ES0000000000003289CCPF;11/10/2022;23;0,341;R
ES0000000000003289CCPF;12/10/2022;0;0,212;R
ES0000000000003289CCPF;12/10/2022;1;0,142;R
ES0000000000003289CCPF;12/10/2022;2;0,105;R
ES0000000000003289CCPF;12/10/2022;3;0,077;R
ES0000000000003289CCPF;12/10/2022;4;0,101;R
ES0000000000003289CCPF;12/10/2022;5;0,097;R
ES0000000000003289CCPF;12/10/2022;6;0,098;R
ES0000000000003289CCPF;12/10/2022;7;0,065;R
ES0000000000003289CCPF;12/10/2022;8;0,097;R
ES0000000000003289CCPF;12/10/2022;9;0,264;R
ES0000000000003289CCPF;12/10/2022;10;0,38;R
ES0000000000003289CCPF;12/10/2022;11;1,074;R
ES0000000000003289CCPF;12/10/2022;12;1,02;R
ES0000000000003289CCPF;12/10/2022;13;0,678;R
ES0000000000003289CCPF;12/10/2022;14;0,342;R
ES0000000000003289CCPF;12/10/2022;15;0,138;R
ES0000000000003289CCPF;12/10/2022;16;0,174;R
ES0000000000003289CCPF;12/10/2022;17;0,098;R
ES0000000000003289CCPF;12/10/2022;18;0,094;R
ES0000000000003289CCPF;12/10/2022;19;0,207;R
ES0000000000003289CCPF;12/10/2022;20;0,252;R
ES0000000000003289CCPF;12/10/2022;21;0,172;R
ES0000000000003289CCPF;12/10/2022;22;1,312;R
ES0000000000003289CCPF;12/10/2022;23;1,88;R
ES0000000000003289CCPF;13/10/2022;0;0,179;R
ES0000000000003289CCPF;13/10/2022;1;0,111;R
ES0000000000003289CCPF;13/10/2022;2;0,294;R
ES0000000000003289CCPF;13/10/2022;3;0,231;R
ES0000000000003289CCPF;13/10/2022;4;0,114;R
ES0000000000003289CCPF;13/10/2022;5;0,104;R
ES0000000000003289CCPF;13/10/2022;6;0,074;R
ES0000000000003289CCPF;13/10/2022;7;0,097;R
ES0000000000003289CCPF;13/10/2022;8;0,302;R
ES0000000000003289CCPF;13/10/2022;9;0,273;R
ES0000000000003289CCPF;13/10/2022;10;0,086;R
ES0000000000003289CCPF;13/10/2022;11;0,069;R
ES0000000000003289CCPF;13/10/2022;12;0,081;R
ES0000000000003289CCPF;13/10/2022;13;0,082;R
ES0000000000003289CCPF;13/10/2022;14;0,082;R
ES0000000000003289CCPF;13/10/2022;15;0,085;R
ES0000000000003289CCPF;13/10/2022;16;0,231;R
ES0000000000003289CCPF;13/10/2022;17;0,078;R
ES0000000000003289CCPF;13/10/2022;18;0,124;R
ES0000000000003289CCPF;13/10/2022;19;0,095;R
ES0000000000003289CCPF;13/10/2022;20;0,291;R
ES0000000000003289CCPF;13/10/2022;21;0,167;R
ES0000000000003289CCPF;13/10/2022;22;0,278;R
ES0000000000003289CCPF;13/10/2022;23;0,194;R
ES0000000000003289CCPF;14/10/2022;0;0,089;R
ES0000000000003289CCPF;14/10/2022;1;0,084;R
ES0000000000003289CCPF;14/10/2022;2;0,082;R
ES0000000000003289CCPF;14/10/2022;3;0,084;R
ES0000000000003289CCPF;14/10/2022;4;0,078;R
ES0000000000003289CCPF;14/10/2022;5;0,073;R
ES0000000000003289CCPF;14/10/2022;6;0,076;R
ES0000000000003289CCPF;14/10/2022;7;0,08;R
ES0000000000003289CCPF;14/10/2022;8;0,328;R
ES0000000000003289CCPF;14/10/2022;9;0,316;R
ES0000000000003289CCPF;14/10/2022;10;0,115;R
ES0000000000003289CCPF;14/10/2022;11;0,222;R
ES0000000000003289CCPF;14/10/2022;12;0,132;R
ES0000000000003289CCPF;14/10/2022;13;0,096;R
ES0000000000003289CCPF;14/10/2022;14;0,092;R
ES0000000000003289CCPF;14/10/2022;15;0,091;R
ES0000000000003289CCPF;14/10/2022;16;0,089;R
ES0000000000003289CCPF;14/10/2022;17;0,188;R
ES0000000000003289CCPF;14/10/2022;18;0,134;R
ES0000000000003289CCPF;14/10/2022;19;0,127;R
ES0000000000003289CCPF;14/10/2022;20;0,101;R
ES0000000000003289CCPF;14/10/2022;21;0,259;R
ES0000000000003289CCPF;14/10/2022;22;0,381;R
ES0000000000003289CCPF;14/10/2022;23;0,271;R
ES0000000000003289CCPF;15/10/2022;0;0,194;R
ES0000000000003289CCPF;15/10/2022;1;0,175;R
ES0000000000003289CCPF;15/10/2022;2;0,625;R
ES0000000000003289CCPF;15/10/2022;3;0,101;R
ES0000000000003289CCPF;15/10/2022;4;0,108;R
ES0000000000003289CCPF;15/10/2022;5;0,775;R
ES0000000000003289CCPF;15/10/2022;6;0,098;R
ES0000000000003289CCPF;15/10/2022;7;0,099;R
ES0000000000003289CCPF;15/10/2022;8;0,087;R
ES0000000000003289CCPF;15/10/2022;9;0,311;R
ES0000000000003289CCPF;15/10/2022;10;0,138;R
ES0000000000003289CCPF;15/10/2022;11;0,238;R
ES0000000000003289CCPF;15/10/2022;12;0,202;R
ES0000000000003289CCPF;15/10/2022;13;0,299;R
ES0000000000003289CCPF;15/10/2022;14;0,205;R
ES0000000000003289CCPF;15/10/2022;15;0,167;R
ES0000000000003289CCPF;15/10/2022;16;0,327;R
ES0000000000003289CCPF;15/10/2022;17;0,161;R
ES0000000000003289CCPF;15/10/2022;18;0,255;R
ES0000000000003289CCPF;15/10/2022;19;0,154;R
ES0000000000003289CCPF;15/10/2022;20;0,183;R
ES0000000000003289CCPF;15/10/2022;21;0,17;R
ES0000000000003289CCPF;15/10/2022;22;0,526;R
ES0000000000003289CCPF;15/10/2022;23;0,631;R
ES0000000000003289CCPF;16/10/2022;0;0,2;R
ES0000000000003289CCPF;16/10/2022;1;0,195;R
ES0000000000003289CCPF;16/10/2022;2;0,2;R
ES0000000000003289CCPF;16/10/2022;3;0,092;R
ES0000000000003289CCPF;16/10/2022;4;0,089;R
ES0000000000003289CCPF;16/10/2022;5;0,089;R
ES0000000000003289CCPF;16/10/2022;6;0,089;R
ES0000000000003289CCPF;16/10/2022;7;0,089;R
ES0000000000003289CCPF;16/10/2022;8;0,434;R
ES0000000000003289CCPF;16/10/2022;9;0,627;R
ES0000000000003289CCPF;16/10/2022;10;0,339;R
ES0000000000003289CCPF;16/10/2022;11;0,639;R
ES0000000000003289CCPF;16/10/2022;12;0,136;R
ES0000000000003289CCPF;16/10/2022;13;0,341;R
ES0000000000003289CCPF;16/10/2022;14;0,108;R
ES0000000000003289CCPF;16/10/2022;15;0,078;R
ES0000000000003289CCPF;16/10/2022;16;0,134;R
ES0000000000003289CCPF;16/10/2022;17;0,118;R
ES0000000000003289CCPF;16/10/2022;18;0,091;R
ES0000000000003289CCPF;16/10/2022;19;0,162;R
ES0000000000003289CCPF;16/10/2022;20;1,177;R
ES0000000000003289CCPF;16/10/2022;21;0,213;R
ES0000000000003289CCPF;16/10/2022;22;0,14;R
ES0000000000003289CCPF;16/10/2022;23;0,19;R
ES0000000000003289CCPF;17/10/2022;0;0,208;R
ES0000000000003289CCPF;17/10/2022;1;0,195;R
ES0000000000003289CCPF;17/10/2022;2;0,116;R
ES0000000000003289CCPF;17/10/2022;3;0,079;R
ES0000000000003289CCPF;17/10/2022;4;0,095;R
ES0000000000003289CCPF;17/10/2022;5;0,089;R
ES0000000000003289CCPF;17/10/2022;6;0,089;R
ES0000000000003289CCPF;17/10/2022;7;0,086;R
ES0000000000003289CCPF;17/10/2022;8;0,281;R
ES0000000000003289CCPF;17/10/2022;9;0,311;R
ES0000000000003289CCPF;17/10/2022;10;0,197;R
ES0000000000003289CCPF;17/10/2022;11;0,243;R
ES0000000000003289CCPF;17/10/2022;12;0,114;R
ES0000000000003289CCPF;17/10/2022;13;0,119;R
ES0000000000003289CCPF;17/10/2022;14;0,124;R
ES0000000000003289CCPF;17/10/2022;15;0,621;R
ES0000000000003289CCPF;17/10/2022;16;0,465;R
ES0000000000003289CCPF;17/10/2022;17;0,155;R
ES0000000000003289CCPF;17/10/2022;18;0,144;R
ES0000000000003289CCPF;17/10/2022;19;0,226;R
ES0000000000003289CCPF;17/10/2022;20;0,124;R
ES0000000000003289CCPF;17/10/2022;21;0,354;R
ES0000000000003289CCPF;17/10/2022;22;0,714;R
ES0000000000003289CCPF;17/10/2022;23;0,226;R
ES0000000000003289CCPF;18/10/2022;0;0,114;R
ES0000000000003289CCPF;18/10/2022;1;0,098;R
ES0000000000003289CCPF;18/10/2022;2;0,079;R
ES0000000000003289CCPF;18/10/2022;3;0,088;R
ES0000000000003289CCPF;18/10/2022;4;0,092;R
ES0000000000003289CCPF;18/10/2022;5;0,088;R
ES0000000000003289CCPF;18/10/2022;6;0,09;R
ES0000000000003289CCPF;18/10/2022;7;0,384;R
ES0000000000003289CCPF;18/10/2022;8;0,2;R
ES0000000000003289CCPF;18/10/2022;9;0,138;R
ES0000000000003289CCPF;18/10/2022;10;0,088;R
ES0000000000003289CCPF;18/10/2022;11;0,088;R
ES0000000000003289CCPF;18/10/2022;12;0,078;R
ES0000000000003289CCPF;18/10/2022;13;0,071;R
ES0000000000003289CCPF;18/10/2022;14;0,085;R
ES0000000000003289CCPF;18/10/2022;15;0,087;R
ES0000000000003289CCPF;18/10/2022;16;0,092;R
ES0000000000003289CCPF;18/10/2022;17;0,082;R
ES0000000000003289CCPF;18/10/2022;18;0,097;R
ES0000000000003289CCPF;18/10/2022;19;0,088;R
ES0000000000003289CCPF;18/10/2022;20;0,089;R
ES0000000000003289CCPF;18/10/2022;21;0,124;R
ES0000000000003289CCPF;18/10/2022;22;0,834;R
ES0000000000003289CCPF;18/10/2022;23;0,581;R
ES0000000000003289CCPF;19/10/2022;0;0,202;R
ES0000000000003289CCPF;19/10/2022;1;0,154;R
ES0000000000003289CCPF;19/10/2022;2;0,077;R
ES0000000000003289CCPF;19/10/2022;3;0,158;R
ES0000000000003289CCPF;19/10/2022;4;0,11;R
ES0000000000003289CCPF;19/10/2022;5;0,099;R
ES0000000000003289CCPF;19/10/2022;6;0,066;R
ES0000000000003289CCPF;19/10/2022;7;0,111;R
ES0000000000003289CCPF;19/10/2022;8;0,169;R
ES0000000000003289CCPF;19/10/2022;9;0,933;R
ES0000000000003289CCPF;19/10/2022;10;0,849;R
ES0000000000003289CCPF;19/10/2022;11;0,093;R
ES0000000000003289CCPF;19/10/2022;12;0,093;R
ES0000000000003289CCPF;19/10/2022;13;0,089;R
ES0000000000003289CCPF;19/10/2022;14;0,072;R
ES0000000000003289CCPF;19/10/2022;15;0,098;R
ES0000000000003289CCPF;19/10/2022;16;0,12;R
ES0000000000003289CCPF;19/10/2022;17;0,079;R
ES0000000000003289CCPF;19/10/2022;18;0,087;R
ES0000000000003289CCPF;19/10/2022;19;0,169;R
ES0000000000003289CCPF;19/10/2022;20;0,332;R
ES0000000000003289CCPF;19/10/2022;21;0,139;R
ES0000000000003289CCPF;19/10/2022;22;0,098;R
ES0000000000003289CCPF;19/10/2022;23;0,108;R
ES0000000000003289CCPF;20/10/2022;0;0,754;R
ES0000000000003289CCPF;20/10/2022;1;0,358;R
ES0000000000003289CCPF;20/10/2022;2;0,077;R
ES0000000000003289CCPF;20/10/2022;3;0,089;R
ES0000000000003289CCPF;20/10/2022;4;0,097;R
ES0000000000003289CCPF;20/10/2022;5;0,094;R
ES0000000000003289CCPF;20/10/2022;6;0,069;R
ES0000000000003289CCPF;20/10/2022;7;0,086;R
ES0000000000003289CCPF;20/10/2022;8;0,559;R
ES0000000000003289CCPF;20/10/2022;9;0,885;R
ES0000000000003289CCPF;20/10/2022;10;0,106;R
ES0000000000003289CCPF;20/10/2022;11;0,118;R
ES0000000000003289CCPF;20/10/2022;12;0,111;R
ES0000000000003289CCPF;20/10/2022;13;0,095;R
ES0000000000003289CCPF;20/10/2022;14;0,071;R
ES0000000000003289CCPF;20/10/2022;15;0,52;R
ES0000000000003289CCPF;20/10/2022;16;0,122;R
ES0000000000003289CCPF;20/10/2022;17;0,13;R
ES0000000000003289CCPF;20/10/2022;18;0,126;R
ES0000000000003289CCPF;20/10/2022;19;0,508;R
ES0000000000003289CCPF;20/10/2022;20;0,181;R
ES0000000000003289CCPF;20/10/2022;21;0,181;R
ES0000000000003289CCPF;20/10/2022;22;0,263;R
ES0000000000003289CCPF;20/10/2022;23;0,164;R
ES0000000000003289CCPF;21/10/2022;0;0,108;R
ES0000000000003289CCPF;21/10/2022;1;0,099;R
ES0000000000003289CCPF;21/10/2022;2;0,089;R
ES0000000000003289CCPF;21/10/2022;3;0,098;R
ES0000000000003289CCPF;21/10/2022;4;0,089;R
ES0000000000003289CCPF;21/10/2022;5;0,075;R
ES0000000000003289CCPF;21/10/2022;6;0,077;R
ES0000000000003289CCPF;21/10/2022;7;0,145;R
ES0000000000003289CCPF;21/10/2022;8;0,783;R
ES0000000000003289CCPF;21/10/2022;9;1,42;R
ES0000000000003289CCPF;21/10/2022;10;0,784;R
ES0000000000003289CCPF;21/10/2022;11;0,107;R
ES0000000000003289CCPF;21/10/2022;12;0,098;R
ES0000000000003289CCPF;21/10/2022;13;0,097;R
ES0000000000003289CCPF;21/10/2022;14;0,098;R
ES0000000000003289CCPF;21/10/2022;15;0,099;R
ES0000000000003289CCPF;21/10/2022;16;0,133;R
ES0000000000003289CCPF;21/10/2022;17;0,165;R
ES0000000000003289CCPF;21/10/2022;18;0,087;R
ES0000000000003289CCPF;21/10/2022;19;0,086;R
ES0000000000003289CCPF;21/10/2022;20;0,08;R
ES0000000000003289CCPF;21/10/2022;21;0,072;R
ES0000000000003289CCPF;21/10/2022;22;0,082;R
ES0000000000003289CCPF;21/10/2022;23;0,082;R
ES0000000000003289CCPF;22/10/2022;0;0,081;R
ES0000000000003289CCPF;22/10/2022;1;0,082;R
ES0000000000003289CCPF;22/10/2022;2;0,083;R
ES0000000000003289CCPF;22/10/2022;3;0,071;R
ES0000000000003289CCPF;22/10/2022;4;0,073;R
ES0000000000003289CCPF;22/10/2022;5;0,08;R
ES0000000000003289CCPF;22/10/2022;6;0,081;R
ES0000000000003289CCPF;22/10/2022;7;0,081;R
ES0000000000003289CCPF;22/10/2022;8;0,08;R
ES0000000000003289CCPF;22/10/2022;9;0,075;R
ES0000000000003289CCPF;22/10/2022;10;0,068;R
ES0000000000003289CCPF;22/10/2022;11;0,08;R
ES0000000000003289CCPF;22/10/2022;12;0,081;R
ES0000000000003289CCPF;22/10/2022;13;0,082;R
ES0000000000003289CCPF;22/10/2022;14;0,081;R
ES0000000000003289CCPF;22/10/2022;15;0,072;R
ES0000000000003289CCPF;22/10/2022;16;0,072;R
ES0000000000003289CCPF;22/10/2022;17;0,083;R
ES0000000000003289CCPF;22/10/2022;18;0,083;R
ES0000000000003289CCPF;22/10/2022;19;0,083;R
ES0000000000003289CCPF;22/10/2022;20;0,085;R
ES0000000000003289CCPF;22/10/2022;21;0,074;R
ES0000000000003289CCPF;22/10/2022;22;0,071;R
ES0000000000003289CCPF;22/10/2022;23;0,085;R
ES0000000000003289CCPF;23/10/2022;0;0,083;R
ES0000000000003289CCPF;23/10/2022;1;0,085;R
ES0000000000003289CCPF;23/10/2022;2;0,084;R
ES0000000000003289CCPF;23/10/2022;3;0,065;R
ES0000000000003289CCPF;23/10/2022;4;0,081;R
ES0000000000003289CCPF;23/10/2022;5;0,081;R
ES0000000000003289CCPF;23/10/2022;6;0,08;R
ES0000000000003289CCPF;23/10/2022;7;0,08;R
ES0000000000003289CCPF;23/10/2022;8;0,076;R
ES0000000000003289CCPF;23/10/2022;9;0,068;R
ES0000000000003289CCPF;23/10/2022;10;0,081;R
ES0000000000003289CCPF;23/10/2022;11;0,08;R
ES0000000000003289CCPF;23/10/2022;12;0,079;R
ES0000000000003289CCPF;23/10/2022;13;0,081;R
ES0000000000003289CCPF;23/10/2022;14;0,063;R
ES0000000000003289CCPF;23/10/2022;15;0,08;R
ES0000000000003289CCPF;23/10/2022;16;0,08;R
ES0000000000003289CCPF;23/10/2022;17;0,08;R
ES0000000000003289CCPF;23/10/2022;18;0,079;R
ES0000000000003289CCPF;23/10/2022;19;0,253;R
ES0000000000003289CCPF;23/10/2022;20;0,201;R
ES0000000000003289CCPF;23/10/2022;21;0,238;R
ES0000000000003289CCPF;23/10/2022;22;0,187;R
ES0000000000003289CCPF;23/10/2022;23;0,114;R
ES0000000000003289CCPF;24/10/2022;0;0,079;R
ES0000000000003289CCPF;24/10/2022;1;0,074;R
ES0000000000003289CCPF;24/10/2022;2;0,083;R
ES0000000000003289CCPF;24/10/2022;3;0,081;R
ES0000000000003289CCPF;24/10/2022;4;0,1;R
ES0000000000003289CCPF;24/10/2022;5;0,083;R
ES0000000000003289CCPF;24/10/2022;6;0,081;R
ES0000000000003289CCPF;24/10/2022;7;0,08;R
ES0000000000003289CCPF;24/10/2022;8;0,339;R
ES0000000000003289CCPF;24/10/2022;9;0,275;R
ES0000000000003289CCPF;24/10/2022;10;0,173;R
ES0000000000003289CCPF;24/10/2022;11;0,249;R
ES0000000000003289CCPF;24/10/2022;12;0,152;R
ES0000000000003289CCPF;24/10/2022;13;0,268;R
ES0000000000003289CCPF;24/10/2022;14;0,147;R
ES0000000000003289CCPF;24/10/2022;15;0,559;R
ES0000000000003289CCPF;24/10/2022;16;0,122;R
ES0000000000003289CCPF;24/10/2022;17;0,195;R
ES0000000000003289CCPF;24/10/2022;18;0,184;R
ES0000000000003289CCPF;24/10/2022;19;0,134;R
ES0000000000003289CCPF;24/10/2022;20;0,186;R
ES0000000000003289CCPF;24/10/2022;21;0,103;R
ES0000000000003289CCPF;24/10/2022;22;0,089;R
ES0000000000003289CCPF;24/10/2022;23;0,091;R
ES0000000000003289CCPF;25/10/2022;0;0,103;R
ES0000000000003289CCPF;25/10/2022;1;0,124;R
ES0000000000003289CCPF;25/10/2022;2;0,097;R
ES0000000000003289CCPF;25/10/2022;3;0,079;R
ES0000000000003289CCPF;25/10/2022;4;0,083;R
ES0000000000003289CCPF;25/10/2022;5;0,098;R
ES0000000000003289CCPF;25/10/2022;6;0,082;R
ES0000000000003289CCPF;25/10/2022;7;0,362;R
ES0000000000003289CCPF;25/10/2022;8;0,74;R
ES0000000000003289CCPF;25/10/2022;9;0,239;R
ES0000000000003289CCPF;25/10/2022;10;0,079;R
ES0000000000003289CCPF;25/10/2022;11;0,066;R
ES0000000000003289CCPF;25/10/2022;12;0,079;R
ES0000000000003289CCPF;25/10/2022;13;0,079;R
ES0000000000003289CCPF;25/10/2022;14;0,08;R
ES0000000000003289CCPF;25/10/2022;15;0,079;R
ES0000000000003289CCPF;25/10/2022;16;0,081;R
ES0000000000003289CCPF;25/10/2022;17;0,085;R
ES0000000000003289CCPF;25/10/2022;18;0,091;R
ES0000000000003289CCPF;25/10/2022;19;0,208;R
ES0000000000003289CCPF;25/10/2022;20;0,23;R
ES0000000000003289CCPF;25/10/2022;21;0,182;R
ES0000000000003289CCPF;25/10/2022;22;0,288;R
ES0000000000003289CCPF;25/10/2022;23;0,126;R
ES0000000000003289CCPF;26/10/2022;0;0,126;R
ES0000000000003289CCPF;26/10/2022;1;0,273;R
ES0000000000003289CCPF;26/10/2022;2;0,783;R
ES0000000000003289CCPF;26/10/2022;3;0,276;R
ES0000000000003289CCPF;26/10/2022;4;0,38;R
ES0000000000003289CCPF;26/10/2022;5;0,658;R
ES0000000000003289CCPF;26/10/2022;6;0,074;R
ES0000000000003289CCPF;26/10/2022;7;0,081;R
ES0000000000003289CCPF;26/10/2022;8;0,257;R
ES0000000000003289CCPF;26/10/2022;9;0,386;R
ES0000000000003289CCPF;26/10/2022;10;0,201;R
ES0000000000003289CCPF;26/10/2022;11;0,264;R
ES0000000000003289CCPF;26/10/2022;12;0,098;R
ES0000000000003289CCPF;26/10/2022;13;0,109;R
ES0000000000003289CCPF;26/10/2022;14;0,101;R
ES0000000000003289CCPF;26/10/2022;15;0,214;R
ES0000000000003289CCPF;26/10/2022;16;0,153;R
ES0000000000003289CCPF;26/10/2022;17;0,102;R
ES0000000000003289CCPF;26/10/2022;18;0,104;R
ES0000000000003289CCPF;26/10/2022;19;0,118;R
ES0000000000003289CCPF;26/10/2022;20;0,33;R
ES0000000000003289CCPF;26/10/2022;21;0,18;R
ES0000000000003289CCPF;26/10/2022;22;0,785;R
ES0000000000003289CCPF;26/10/2022;23;0,312;R
ES0000000000003289CCPF;27/10/2022;0;0,21;R
ES0000000000003289CCPF;27/10/2022;1;0,201;R
ES0000000000003289CCPF;27/10/2022;2;0,189;R
ES0000000000003289CCPF;27/10/2022;3;0,197;R
ES0000000000003289CCPF;27/10/2022;4;0,088;R
ES0000000000003289CCPF;27/10/2022;5;0,091;R
ES0000000000003289CCPF;27/10/2022;6;0,09;R
ES0000000000003289CCPF;27/10/2022;7;0,123;R
ES0000000000003289CCPF;27/10/2022;8;0,371;R
ES0000000000003289CCPF;27/10/2022;9;0,913;R
ES0000000000003289CCPF;27/10/2022;10;0,363;R
ES0000000000003289CCPF;27/10/2022;11;0,121;R
ES0000000000003289CCPF;27/10/2022;12;0,075;R
ES0000000000003289CCPF;27/10/2022;13;0,072;R
ES0000000000003289CCPF;27/10/2022;14;0,081;R
ES0000000000003289CCPF;27/10/2022;15;0,084;R
ES0000000000003289CCPF;27/10/2022;16;0,082;R
ES0000000000003289CCPF;27/10/2022;17;0,082;R
ES0000000000003289CCPF;27/10/2022;18;0,08;R
ES0000000000003289CCPF;27/10/2022;19;0,213;R
ES0000000000003289CCPF;27/10/2022;20;0,21;R
ES0000000000003289CCPF;27/10/2022;21;0,257;R
ES0000000000003289CCPF;27/10/2022;22;0,203;R
ES0000000000003289CCPF;27/10/2022;23;0,153;R
ES0000000000003289CCPF;28/10/2022;0;0,105;R
ES0000000000003289CCPF;28/10/2022;1;0,084;R
ES0000000000003289CCPF;28/10/2022;2;0,083;R
ES0000000000003289CCPF;28/10/2022;3;0,082;R
ES0000000000003289CCPF;28/10/2022;4;0,074;R
ES0000000000003289CCPF;28/10/2022;5;0,089;R
ES0000000000003289CCPF;28/10/2022;6;0,075;R
ES0000000000003289CCPF;28/10/2022;7;0,08;R
ES0000000000003289CCPF;28/10/2022;8;0,278;R
ES0000000000003289CCPF;28/10/2022;9;0,344;R
ES0000000000003289CCPF;28/10/2022;10;0,12;R
ES0000000000003289CCPF;28/10/2022;11;0,088;R
ES0000000000003289CCPF;28/10/2022;12;0,084;R
ES0000000000003289CCPF;28/10/2022;13;0,082;R
ES0000000000003289CCPF;28/10/2022;14;0,084;R
ES0000000000003289CCPF;28/10/2022;15;0,082;R
ES0000000000003289CCPF;28/10/2022;16;0,167;R
ES0000000000003289CCPF;28/10/2022;17;0,161;R
ES0000000000003289CCPF;28/10/2022;18;0,162;R
ES0000000000003289CCPF;28/10/2022;19;0,102;R
ES0000000000003289CCPF;28/10/2022;20;0,324;R
ES0000000000003289CCPF;28/10/2022;21;0,138;R
ES0000000000003289CCPF;28/10/2022;22;0,1;R
ES0000000000003289CCPF;28/10/2022;23;0,333;R
ES0000000000003289CCPF;29/10/2022;0;1,083;R
ES0000000000003289CCPF;29/10/2022;1;0,372;R
ES0000000000003289CCPF;29/10/2022;2;0,727;R
ES0000000000003289CCPF;29/10/2022;3;0,12;R
ES0000000000003289CCPF;29/10/2022;4;0,42;R
ES0000000000003289CCPF;29/10/2022;5;0,816;R
ES0000000000003289CCPF;29/10/2022;6;0,104;R
ES0000000000003289CCPF;29/10/2022;7;0,075;R
ES0000000000003289CCPF;29/10/2022;8;0,1;R
ES0000000000003289CCPF;29/10/2022;9;0,302;R
ES0000000000003289CCPF;29/10/2022;10;0,291;R
ES0000000000003289CCPF;29/10/2022;11;0,203;R
ES0000000000003289CCPF;29/10/2022;12;0,212;R
ES0000000000003289CCPF;29/10/2022;13;0,132;R
ES0000000000003289CCPF;29/10/2022;14;0,092;R
ES0000000000003289CCPF;29/10/2022;15;0,089;R
ES0000000000003289CCPF;29/10/2022;16;0,069;R
ES0000000000003289CCPF;29/10/2022;17;0,096;R
ES0000000000003289CCPF;29/10/2022;18;0,091;R
ES0000000000003289CCPF;29/10/2022;19;0,091;R
ES0000000000003289CCPF;29/10/2022;20;0,259;R
ES0000000000003289CCPF;29/10/2022;21;0,154;R
ES0000000000003289CCPF;29/10/2022;22;0,174;R
ES0000000000003289CCPF;29/10/2022;23;0,222;R
ES0000000000003289CCPF;30/10/2022;0;0,194;R
ES0000000000003289CCPF;30/10/2022;1;0,176;R
ES0000000000003289CCPF;30/10/2022;2;0,164;R
ES0000000000003289CCPF;30/10/2022;2;0,09;R
ES0000000000003289CCPF;30/10/2022;3;0,089;R
ES0000000000003289CCPF;30/10/2022;4;0,094;R
ES0000000000003289CCPF;30/10/2022;5;0,073;R
ES0000000000003289CCPF;30/10/2022;6;0,091;R
ES0000000000003289CCPF;30/10/2022;7;0,087;R
ES0000000000003289CCPF;30/10/2022;8;0,315;R
ES0000000000003289CCPF;30/10/2022;9;0,237;R
ES0000000000003289CCPF;30/10/2022;10;0,346;R
ES0000000000003289CCPF;30/10/2022;11;0,091;R
ES0000000000003289CCPF;30/10/2022;12;0,085;R
ES0000000000003289CCPF;30/10/2022;13;0,088;R
ES0000000000003289CCPF;30/10/2022;14;0,069;R
ES0000000000003289CCPF;30/10/2022;15;0,081;R
ES0000000000003289CCPF;30/10/2022;16;0,087;R
ES0000000000003289CCPF;30/10/2022;17;0,087;R
ES0000000000003289CCPF;30/10/2022;18;0,079;R
ES0000000000003289CCPF;30/10/2022;19;0,073;R
ES0000000000003289CCPF;30/10/2022;20;0,129;R
ES0000000000003289CCPF;30/10/2022;21;0,571;R
ES0000000000003289CCPF;30/10/2022;22;0,164;R
ES0000000000003289CCPF;30/10/2022;23;0,157;R
ES0000000000003289CCPF;31/10/2022;0;0,094;R
ES0000000000003289CCPF;31/10/2022;1;0,085;R
ES0000000000003289CCPF;31/10/2022;2;0,066;R
ES0000000000003289CCPF;31/10/2022;3;0,085;R
ES0000000000003289CCPF;31/10/2022;4;0,082;R
ES0000000000003289CCPF;31/10/2022;5;0,075;R
ES0000000000003289CCPF;31/10/2022;6;0,073;R
ES0000000000003289CCPF;31/10/2022;7;0,243;R
ES0000000000003289CCPF;31/10/2022;8;0,289;R
ES0000000000003289CCPF;31/10/2022;9;0,782;R
ES0000000000003289CCPF;31/10/2022;10;0,093;R
ES0000000000003289CCPF;31/10/2022;11;0,069;R
ES0000000000003289CCPF;31/10/2022;12;0,088;R
ES0000000000003289CCPF;31/10/2022;13;0,56;R
ES0000000000003289CCPF;31/10/2022;14;1,235;R
ES0000000000003289CCPF;31/10/2022;15;0,141;R
ES0000000000003289CCPF;31/10/2022;16;0,121;R
ES0000000000003289CCPF;31/10/2022;17;0,188;R
ES0000000000003289CCPF;31/10/2022;18;0,236;R
ES0000000000003289CCPF;31/10/2022;19;0,152;R
ES0000000000003289CCPF;31/10/2022;20;0,602;R
ES0000000000003289CCPF;31/10/2022;21;0,195;R
ES0000000000003289CCPF;31/10/2022;22;0,858;R
ES0000000000003289CCPF;31/10/2022;23;0,173;R
ES0000000000003289CCPF;01/11/2022;0;0,145;R
ES0000000000003289CCPF;01/11/2022;1;0,12;R
ES0000000000003289CCPF;01/11/2022;2;0,624;R
ES0000000000003289CCPF;01/11/2022;3;0,135;R
ES0000000000003289CCPF;01/11/2022;4;0,127;R
ES0000000000003289CCPF;01/11/2022;5;0,748;R
ES0000000000003289CCPF;01/11/2022;6;0,087;R
ES0000000000003289CCPF;01/11/2022;7;0,114;R
ES0000000000003289CCPF;01/11/2022;8;0,32;R
ES0000000000003289CCPF;01/11/2022;9;0,241;R
ES0000000000003289CCPF;01/11/2022;10;0,598;R
ES0000000000003289CCPF;01/11/2022;11;0,404;R
ES0000000000003289CCPF;01/11/2022;12;0,15;R
ES0000000000003289CCPF;01/11/2022;13;0,209;R
ES0000000000003289CCPF;01/11/2022;14;0,31;R
ES0000000000003289CCPF;01/11/2022;15;0,111;R
ES0000000000003289CCPF;01/11/2022;16;0,084;R
ES0000000000003289CCPF;01/11/2022;17;0,082;R
ES0000000000003289CCPF;01/11/2022;18;0,081;R
ES0000000000003289CCPF;01/11/2022;19;0,1;R
ES0000000000003289CCPF;01/11/2022;20;0,143;R
ES0000000000003289CCPF;01/11/2022;21;0,107;R
ES0000000000003289CCPF;01/11/2022;22;0,099;R
ES0000000000003289CCPF;01/11/2022;23;0,099;R
ES0000000000003289CCPF;02/11/2022;0;0,119;R
ES0000000000003289CCPF;02/11/2022;1;0,071;R
ES0000000000003289CCPF;02/11/2022;2;0,08;R
ES0000000000003289CCPF;02/11/2022;3;0,09;R
ES0000000000003289CCPF;02/11/2022;4;0,082;R
ES0000000000003289CCPF;02/11/2022;5;0,08;R
ES0000000000003289CCPF;02/11/2022;6;0,08;R
ES0000000000003289CCPF;02/11/2022;7;0,063;R
ES0000000000003289CCPF;02/11/2022;8;0,363;R
ES0000000000003289CCPF;02/11/2022;9;0,253;R
ES0000000000003289CCPF;02/11/2022;10;0,082;R
ES0000000000003289CCPF;02/11/2022;11;0,127;R
ES0000000000003289CCPF;02/11/2022;12;0,084;R
ES0000000000003289CCPF;02/11/2022;13;0,085;R
ES0000000000003289CCPF;02/11/2022;14;0,085;R
ES0000000000003289CCPF;02/11/2022;15;0,071;R
ES0000000000003289CCPF;02/11/2022;16;0,213;R
ES0000000000003289CCPF;02/11/2022;17;0,087;R
ES0000000000003289CCPF;02/11/2022;18;0,092;R
ES0000000000003289CCPF;02/11/2022;19;0,369;R
ES0000000000003289CCPF;02/11/2022;20;0,341;R
ES0000000000003289CCPF;02/11/2022;21;0,157;R
ES0000000000003289CCPF;02/11/2022;22;0,167;R
ES0000000000003289CCPF;02/11/2022;23;0,176;R
ES0000000000003289CCPF;03/11/2022;0;0,124;R
ES0000000000003289CCPF;03/11/2022;1;0,088;R
ES0000000000003289CCPF;03/11/2022;2;0,087;R
ES0000000000003289CCPF;03/11/2022;3;0,081;R
ES0000000000003289CCPF;03/11/2022;4;0,071;R
ES0000000000003289CCPF;03/11/2022;5;0,096;R
ES0000000000003289CCPF;03/11/2022;6;0,085;R
ES0000000000003289CCPF;03/11/2022;7;0,085;R
ES0000000000003289CCPF;03/11/2022;8;0,329;R
ES0000000000003289CCPF;03/11/2022;9;0,248;R
ES0000000000003289CCPF;03/11/2022;10;0,109;R
ES0000000000003289CCPF;03/11/2022;11;0,173;R
ES0000000000003289CCPF;03/11/2022;12;0,11;R
ES0000000000003289CCPF;03/11/2022;13;0,108;R
ES0000000000003289CCPF;03/11/2022;14;0,113;R
ES0000000000003289CCPF;03/11/2022;15;0,108;R
ES0000000000003289CCPF;03/11/2022;16;0,103;R
ES0000000000003289CCPF;03/11/2022;17;0,713;R
ES0000000000003289CCPF;03/11/2022;18;0,123;R
ES0000000000003289CCPF;03/11/2022;19;0,24;R
ES0000000000003289CCPF;03/11/2022;20;0,213;R
ES0000000000003289CCPF;03/11/2022;21;0,152;R
ES0000000000003289CCPF;03/11/2022;22;0,212;R
ES0000000000003289CCPF;03/11/2022;23;0,141;R
ES0000000000003289CCPF;04/11/2022;0;0,145;R
ES0000000000003289CCPF;04/11/2022;1;0,091;R
ES0000000000003289CCPF;04/11/2022;2;0,081;R
ES0000000000003289CCPF;04/11/2022;3;0,078;R
ES0000000000003289CCPF;04/11/2022;4;0,089;R
ES0000000000003289CCPF;04/11/2022;5;0,089;R
ES0000000000003289CCPF;04/11/2022;6;0,086;R
ES0000000000003289CCPF;04/11/2022;7;0,095;R
ES0000000000003289CCPF;04/11/2022;8;1,009;R
ES0000000000003289CCPF;04/11/2022;9;0,274;R
ES0000000000003289CCPF;04/11/2022;10;0,118;R
ES0000000000003289CCPF;04/11/2022;11;0,135;R
ES0000000000003289CCPF;04/11/2022;12;0,083;R
ES0000000000003289CCPF;04/11/2022;13;0,129;R
ES0000000000003289CCPF;04/11/2022;14;0,569;R
ES0000000000003289CCPF;04/11/2022;15;1,216;R
ES0000000000003289CCPF;04/11/2022;16;0,102;R
ES0000000000003289CCPF;04/11/2022;17;0,308;R
ES0000000000003289CCPF;04/11/2022;18;0,105;R
ES0000000000003289CCPF;04/11/2022;19;0,075;R
ES0000000000003289CCPF;04/11/2022;20;0,074;R
ES0000000000003289CCPF;04/11/2022;21;0,125;R
ES0000000000003289CCPF;04/11/2022;22;0,453;R
ES0000000000003289CCPF;04/11/2022;23;0,264;R
ES0000000000003289CCPF;05/11/2022;0;0,132;R
ES0000000000003289CCPF;05/11/2022;1;0,09;R
ES0000000000003289CCPF;05/11/2022;2;0,557;R
ES0000000000003289CCPF;05/11/2022;3;0,179;R
ES0000000000003289CCPF;05/11/2022;4;0,105;R
ES0000000000003289CCPF;05/11/2022;5;0,809;R
ES0000000000003289CCPF;05/11/2022;6;0,163;R
ES0000000000003289CCPF;05/11/2022;7;0,465;R
ES0000000000003289CCPF;05/11/2022;8;0,22;R
ES0000000000003289CCPF;05/11/2022;9;0,118;R
ES0000000000003289CCPF;05/11/2022;10;0,102;R
ES0000000000003289CCPF;05/11/2022;11;0,121;R
ES0000000000003289CCPF;05/11/2022;12;0,204;R
ES0000000000003289CCPF;05/11/2022;13;0,436;R
ES0000000000003289CCPF;05/11/2022;14;0,12;R
ES0000000000003289CCPF;05/11/2022;15;0,098;R
ES0000000000003289CCPF;05/11/2022;16;0,082;R
ES0000000000003289CCPF;05/11/2022;17;0,081;R
ES0000000000003289CCPF;05/11/2022;18;0,528;R
ES0000000000003289CCPF;05/11/2022;19;0,57;R
ES0000000000003289CCPF;05/11/2022;20;0,202;R
ES0000000000003289CCPF;05/11/2022;21;0,113;R
ES0000000000003289CCPF;05/11/2022;22;0,106;R
ES0000000000003289CCPF;05/11/2022;23;0,1;R
ES0000000000003289CCPF;06/11/2022;0;0,18;R
ES0000000000003289CCPF;06/11/2022;1;0,133;R
ES0000000000003289CCPF;06/11/2022;2;0,116;R
ES0000000000003289CCPF;06/11/2022;3;0,082;R
ES0000000000003289CCPF;06/11/2022;4;0,079;R
ES0000000000003289CCPF;06/11/2022;5;0,068;R
ES0000000000003289CCPF;06/11/2022;6;0,153;R
ES0000000000003289CCPF;06/11/2022;7;0,166;R
ES0000000000003289CCPF;06/11/2022;8;0,082;R
ES0000000000003289CCPF;06/11/2022;9;0,21;R
ES0000000000003289CCPF;06/11/2022;10;0,65;R
ES0000000000003289CCPF;06/11/2022;11;0,589;R
ES0000000000003289CCPF;06/11/2022;12;0,307;R
ES0000000000003289CCPF;06/11/2022;13;0,105;R
ES0000000000003289CCPF;06/11/2022;14;0,101;R
ES0000000000003289CCPF;06/11/2022;15;0,098;R
ES0000000000003289CCPF;06/11/2022;16;0,096;R
ES0000000000003289CCPF;06/11/2022;17;0,098;R
ES0000000000003289CCPF;06/11/2022;18;0,097;R
ES0000000000003289CCPF;06/11/2022;19;0,191;R
ES0000000000003289CCPF;06/11/2022;20;0,221;R
ES0000000000003289CCPF;06/11/2022;21;0,085;R
ES0000000000003289CCPF;06/11/2022;22;0,092;R
ES0000000000003289CCPF;06/11/2022;23;0,107;R
ES0000000000003289CCPF;07/11/2022;0;0,177;R
ES0000000000003289CCPF;07/11/2022;1;0,278;R
ES0000000000003289CCPF;07/11/2022;2;0,125;R
ES0000000000003289CCPF;07/11/2022;3;0,078;R
ES0000000000003289CCPF;07/11/2022;4;0,422;R
ES0000000000003289CCPF;07/11/2022;5;0,119;R
ES0000000000003289CCPF;07/11/2022;6;0,092;R
ES0000000000003289CCPF;07/11/2022;7;0,25;R
ES0000000000003289CCPF;07/11/2022;8;0,333;R
ES0000000000003289CCPF;07/11/2022;9;0,732;R
ES0000000000003289CCPF;07/11/2022;10;0,228;R
ES0000000000003289CCPF;07/11/2022;11;0,122;R
ES0000000000003289CCPF;07/11/2022;12;0,135;R
ES0000000000003289CCPF;07/11/2022;13;0,156;R
ES0000000000003289CCPF;07/11/2022;14;0,141;R
ES0000000000003289CCPF;07/11/2022;15;0,096;R
ES0000000000003289CCPF;07/11/2022;16;0,113;R
ES0000000000003289CCPF;07/11/2022;17;0,565;R
ES0000000000003289CCPF;07/11/2022;18;0,121;R
ES0000000000003289CCPF;07/11/2022;19;0,157;R
ES0000000000003289CCPF;07/11/2022;20;0,212;R
ES0000000000003289CCPF;07/11/2022;21;0,369;R
ES0000000000003289CCPF;07/11/2022;22;0,097;R
ES0000000000003289CCPF;07/11/2022;23;0,093;R
ES0000000000003289CCPF;08/11/2022;0;0,093;R
ES0000000000003289CCPF;08/11/2022;1;0,105;R
ES0000000000003289CCPF;08/11/2022;2;0,116;R
ES0000000000003289CCPF;08/11/2022;3;0,174;R
ES0000000000003289CCPF;08/11/2022;4;0,107;R
ES0000000000003289CCPF;08/11/2022;5;0,072;R
ES0000000000003289CCPF;08/11/2022;6;0,079;R
ES0000000000003289CCPF;08/11/2022;7;0,187;R
ES0000000000003289CCPF;08/11/2022;8;0,307;R
ES0000000000003289CCPF;08/11/2022;9;0,324;R
ES0000000000003289CCPF;08/11/2022;10;0,144;R
ES0000000000003289CCPF;08/11/2022;11;0,105;R
ES0000000000003289CCPF;08/11/2022;12;0,189;R
ES0000000000003289CCPF;08/11/2022;13;0,212;R
ES0000000000003289CCPF;08/11/2022;14;0,111;R
ES0000000000003289CCPF;08/11/2022;15;0,25;R
ES0000000000003289CCPF;08/11/2022;16;0,13;R
ES0000000000003289CCPF;08/11/2022;17;0,112;R
ES0000000000003289CCPF;08/11/2022;18;0,082;R
ES0000000000003289CCPF;08/11/2022;19;0,079;R
ES0000000000003289CCPF;08/11/2022;20;0,3;R
ES0000000000003289CCPF;08/11/2022;21;0,282;R
ES0000000000003289CCPF;08/11/2022;22;0,138;R
ES0000000000003289CCPF;08/11/2022;23;0,117;R
ES0000000000003289CCPF;09/11/2022;0;0,117;R
ES0000000000003289CCPF;09/11/2022;1;0,097;R
ES0000000000003289CCPF;09/11/2022;2;0,651;R
ES0000000000003289CCPF;09/11/2022;3;0,141;R
ES0000000000003289CCPF;09/11/2022;4;0,287;R
ES0000000000003289CCPF;09/11/2022;5;0,724;R
ES0000000000003289CCPF;09/11/2022;6;0,064;R
ES0000000000003289CCPF;09/11/2022;7;0,083;R
ES0000000000003289CCPF;09/11/2022;8;0,08;R
ES0000000000003289CCPF;09/11/2022;9;0,259;R
ES0000000000003289CCPF;09/11/2022;10;0,244;R
ES0000000000003289CCPF;09/11/2022;11;0,079;R
ES0000000000003289CCPF;09/11/2022;12;0,065;R
ES0000000000003289CCPF;09/11/2022;13;0,083;R
ES0000000000003289CCPF;09/11/2022;14;0,082;R
ES0000000000003289CCPF;09/11/2022;15;0,177;R
ES0000000000003289CCPF;09/11/2022;16;0,62;R
ES0000000000003289CCPF;09/11/2022;17;0,218;R
ES0000000000003289CCPF;09/11/2022;18;0,288;R
ES0000000000003289CCPF;09/11/2022;19;0,158;R
ES0000000000003289CCPF;09/11/2022;20;0,343;R
ES0000000000003289CCPF;09/11/2022;21;0,238;R
ES0000000000003289CCPF;09/11/2022;22;1,171;R
ES0000000000003289CCPF;09/11/2022;23;1,228;R
ES0000000000003289CCPF;10/11/2022;0;0,788;R
ES0000000000003289CCPF;10/11/2022;1;0,144;R
ES0000000000003289CCPF;10/11/2022;2;0,131;R
ES0000000000003289CCPF;10/11/2022;3;0,088;R
ES0000000000003289CCPF;10/11/2022;4;0,085;R
ES0000000000003289CCPF;10/11/2022;5;0,098;R
ES0000000000003289CCPF;10/11/2022;6;0,351;R
ES0000000000003289CCPF;10/11/2022;7;0,198;R
ES0000000000003289CCPF;10/11/2022;8;0,125;R
ES0000000000003289CCPF;10/11/2022;9;0,543;R
ES0000000000003289CCPF;10/11/2022;10;0,081;R
ES0000000000003289CCPF;10/11/2022;11;0,071;R
ES0000000000003289CCPF;10/11/2022;12;0,074;R
ES0000000000003289CCPF;10/11/2022;13;0,079;R
ES0000000000003289CCPF;10/11/2022;14;0,08;R
ES0000000000003289CCPF;10/11/2022;15;0,106;R
ES0000000000003289CCPF;10/11/2022;16;0,178;R
ES0000000000003289CCPF;10/11/2022;17;0,171;R
ES0000000000003289CCPF;10/11/2022;18;0,158;R
ES0000000000003289CCPF;10/11/2022;19;0,341;R
ES0000000000003289CCPF;10/11/2022;20;0,243;R
ES0000000000003289CCPF;10/11/2022;21;0,264;R
ES0000000000003289CCPF;10/11/2022;22;0,448;R
ES0000000000003289CCPF;10/11/2022;23;0,227;R
ES0000000000003289CCPF;11/11/2022;0;0,163;R
ES0000000000003289CCPF;11/11/2022;1;0,07;R
ES0000000000003289CCPF;11/11/2022;2;0,074;R
ES0000000000003289CCPF;11/11/2022;3;0,094;R
ES0000000000003289CCPF;11/11/2022;4;0,08;R
ES0000000000003289CCPF;11/11/2022;5;0,08;R
ES0000000000003289CCPF;11/11/2022;6;0,072;R
ES0000000000003289CCPF;11/11/2022;7;0,096;R
ES0000000000003289CCPF;11/11/2022;8;0,135;R
ES0000000000003289CCPF;11/11/2022;9;0,344;R
ES0000000000003289CCPF;11/11/2022;10;0,184;R
ES0000000000003289CCPF;11/11/2022;11;0,107;R
ES0000000000003289CCPF;11/11/2022;12;0,098;R
ES0000000000003289CCPF;11/11/2022;13;0,12;R
ES0000000000003289CCPF;11/11/2022;14;0,087;R
ES0000000000003289CCPF;11/11/2022;15;0,118;R
ES0000000000003289CCPF;11/11/2022;16;0,179;R
ES0000000000003289CCPF;11/11/2022;17;0,258;R
ES0000000000003289CCPF;11/11/2022;18;0,236;R
ES0000000000003289CCPF;11/11/2022;19;0,21;R
ES0000000000003289CCPF;11/11/2022;20;0,411;R
ES0000000000003289CCPF;11/11/2022;21;0,203;R
ES0000000000003289CCPF;11/11/2022;22;0,943;R
ES0000000000003289CCPF;11/11/2022;23;0,213;R
ES0000000000003289CCPF;12/11/2022;0;0,09;R
ES0000000000003289CCPF;12/11/2022;1;0,094;R
ES0000000000003289CCPF;12/11/2022;2;0,643;R
ES0000000000003289CCPF;12/11/2022;3;0,089;R
ES0000000000003289CCPF;12/11/2022;4;0,216;R
ES0000000000003289CCPF;12/11/2022;5;0,688;R
ES0000000000003289CCPF;12/11/2022;6;0,081;R
ES0000000000003289CCPF;12/11/2022;7;0,154;R
ES0000000000003289CCPF;12/11/2022;8;0,32;R
ES0000000000003289CCPF;12/11/2022;9;0,24;R
ES0000000000003289CCPF;12/11/2022;10;0,159;R
ES0000000000003289CCPF;12/11/2022;11;0,085;R
ES0000000000003289CCPF;12/11/2022;12;0,082;R
ES0000000000003289CCPF;12/11/2022;13;0,202;R
ES0000000000003289CCPF;12/11/2022;14;0,071;R
ES0000000000003289CCPF;12/11/2022;15;0,075;R
ES0000000000003289CCPF;12/11/2022;16;0,086;R
ES0000000000003289CCPF;12/11/2022;17;0,09;R
ES0000000000003289CCPF;12/11/2022;18;0,281;R
ES0000000000003289CCPF;12/11/2022;19;0,281;R
ES0000000000003289CCPF;12/11/2022;20;0,95;R
ES0000000000003289CCPF;12/11/2022;21;0,213;R
ES0000000000003289CCPF;12/11/2022;22;0,194;R
ES0000000000003289CCPF;12/11/2022;23;0,232;R
ES0000000000003289CCPF;13/11/2022;0;0,155;R
ES0000000000003289CCPF;13/11/2022;1;0,102;R
ES0000000000003289CCPF;13/11/2022;2;0,085;R
ES0000000000003289CCPF;13/11/2022;3;0,086;R
ES0000000000003289CCPF;13/11/2022;4;0,099;R
ES0000000000003289CCPF;13/11/2022;5;0,065;R
ES0000000000003289CCPF;13/11/2022;6;0,082;R
ES0000000000003289CCPF;13/11/2022;7;0,161;R
ES0000000000003289CCPF;13/11/2022;8;0,411;R
ES0000000000003289CCPF;13/11/2022;9;0,247;R
ES0000000000003289CCPF;13/11/2022;10;0,256;R
ES0000000000003289CCPF;13/11/2022;11;0,265;R
ES0000000000003289CCPF;13/11/2022;12;0,121;R
ES0000000000003289CCPF;13/11/2022;13;0,204;R
ES0000000000003289CCPF;13/11/2022;14;0,317;R
ES0000000000003289CCPF;13/11/2022;15;0,164;R
ES0000000000003289CCPF;13/11/2022;16;0,171;R
ES0000000000003289CCPF;13/11/2022;17;0,17;R
ES0000000000003289CCPF;13/11/2022;18;0,13;R
ES0000000000003289CCPF;13/11/2022;19;0,189;R
ES0000000000003289CCPF;13/11/2022;20;0,183;R
ES0000000000003289CCPF;13/11/2022;21;0,165;R
ES0000000000003289CCPF;13/11/2022;22;1,316;R
ES0000000000003289CCPF;13/11/2022;23;1,438;R
ES0000000000003289CCPF;14/11/2022;0;0,203;R
ES0000000000003289CCPF;14/11/2022;1;0,212;R
ES0000000000003289CCPF;14/11/2022;2;0,113;R
ES0000000000003289CCPF;14/11/2022;3;0,097;R
ES0000000000003289CCPF;14/11/2022;4;0,094;R
ES0000000000003289CCPF;14/11/2022;5;0,096;R
ES0000000000003289CCPF;14/11/2022;6;0,093;R
ES0000000000003289CCPF;14/11/2022;7;0,116;R
ES0000000000003289CCPF;14/11/2022;8;0,279;R
ES0000000000003289CCPF;14/11/2022;9;0,216;R
ES0000000000003289CCPF;14/11/2022;10;0,201;R
ES0000000000003289CCPF;14/11/2022;11;0,113;R
ES0000000000003289CCPF;14/11/2022;12;0,116;R
ES0000000000003289CCPF;14/11/2022;13;0,09;R
ES0000000000003289CCPF;14/11/2022;14;0,097;R
ES0000000000003289CCPF;14/11/2022;15;0,458;R
ES0000000000003289CCPF;14/11/2022;16;0,217;R
ES0000000000003289CCPF;14/11/2022;17;0,185;R
ES0000000000003289CCPF;14/11/2022;18;0,187;R
ES0000000000003289CCPF;14/11/2022;19;0,115;R
ES0000000000003289CCPF;14/11/2022;20;0,17;R
ES0000000000003289CCPF;14/11/2022;21;0,166;R
ES0000000000003289CCPF;14/11/2022;22;0,328;R
ES0000000000003289CCPF;14/11/2022;23;0,199;R
ES0000000000003289CCPF;15/11/2022;0;0,15;R
ES0000000000003289CCPF;15/11/2022;1;0,081;R
ES0000000000003289CCPF;15/11/2022;2;0,087;R
ES0000000000003289CCPF;15/11/2022;3;0,633;R
ES0000000000003289CCPF;15/11/2022;4;0,101;R
ES0000000000003289CCPF;15/11/2022;5;0,366;R
ES0000000000003289CCPF;15/11/2022;6;0,684;R
ES0000000000003289CCPF;15/11/2022;7;0,108;R
ES0000000000003289CCPF;15/11/2022;8;0,328;R
ES0000000000003289CCPF;15/11/2022;9;0,204;R
ES0000000000003289CCPF;15/11/2022;10;0,08;R
ES0000000000003289CCPF;15/11/2022;11;0,08;R
ES0000000000003289CCPF;15/11/2022;12;0,081;R
ES0000000000003289CCPF;15/11/2022;13;0,08;R
ES0000000000003289CCPF;15/11/2022;14;0,062;R
ES0000000000003289CCPF;15/11/2022;15;0,106;R
ES0000000000003289CCPF;15/11/2022;16;0,199;R
ES0000000000003289CCPF;15/11/2022;17;0,173;R
ES0000000000003289CCPF;15/11/2022;18;0,166;R
ES0000000000003289CCPF;15/11/2022;19;0,158;R
ES0000000000003289CCPF;15/11/2022;20;0,218;R
ES0000000000003289CCPF;15/11/2022;21;0,294;R
ES0000000000003289CCPF;15/11/2022;22;1,324;R
ES0000000000003289CCPF;15/11/2022;23;0,582;R
ES0000000000003289CCPF;16/11/2022;0;0,253;R
ES0000000000003289CCPF;16/11/2022;1;0,14;R
ES0000000000003289CCPF;16/11/2022;2;0,085;R
ES0000000000003289CCPF;16/11/2022;3;0,096;R
ES0000000000003289CCPF;16/11/2022;4;0,093;R
ES0000000000003289CCPF;16/11/2022;5;0,088;R
ES0000000000003289CCPF;16/11/2022;6;0,088;R
ES0000000000003289CCPF;16/11/2022;7;0,087;R
ES0000000000003289CCPF;16/11/2022;8;0,297;R
ES0000000000003289CCPF;16/11/2022;9;0,262;R
ES0000000000003289CCPF;16/11/2022;10;0,227;R
ES0000000000003289CCPF;16/11/2022;11;0,13;R
ES0000000000003289CCPF;16/11/2022;12;0,096;R
ES0000000000003289CCPF;16/11/2022;13;0,084;R
ES0000000000003289CCPF;16/11/2022;14;0,089;R
ES0000000000003289CCPF;16/11/2022;15;0,395;R
ES0000000000003289CCPF;16/11/2022;16;0,181;R
ES0000000000003289CCPF;16/11/2022;17;0,25;R
ES0000000000003289CCPF;16/11/2022;18;0,234;R
ES0000000000003289CCPF;16/11/2022;19;0,274;R
ES0000000000003289CCPF;16/11/2022;20;0,24;R
ES0000000000003289CCPF;16/11/2022;21;0,278;R
ES0000000000003289CCPF;16/11/2022;22;0,158;R
ES0000000000003289CCPF;16/11/2022;23;0,245;R
ES0000000000003289CCPF;17/11/2022;0;0,117;R
ES0000000000003289CCPF;17/11/2022;1;0,076;R
ES0000000000003289CCPF;17/11/2022;2;0,081;R
ES0000000000003289CCPF;17/11/2022;3;0,102;R
ES0000000000003289CCPF;17/11/2022;4;0,083;R
ES0000000000003289CCPF;17/11/2022;5;0,078;R
ES0000000000003289CCPF;17/11/2022;6;0,065;R
ES0000000000003289CCPF;17/11/2022;7;0,106;R
ES0000000000003289CCPF;17/11/2022;8;0,588;R
ES0000000000003289CCPF;17/11/2022;9;0,647;R
ES0000000000003289CCPF;17/11/2022;10;0,223;R
ES0000000000003289CCPF;17/11/2022;11;0,089;R
ES0000000000003289CCPF;17/11/2022;12;0,092;R
ES0000000000003289CCPF;17/11/2022;13;0,2;R
ES0000000000003289CCPF;17/11/2022;14;0,087;R
ES0000000000003289CCPF;17/11/2022;15;0,104;R
ES0000000000003289CCPF;17/11/2022;16;0,508;R
ES0000000000003289CCPF;17/11/2022;17;0,138;R
ES0000000000003289CCPF;17/11/2022;18;0,084;R
ES0000000000003289CCPF;17/11/2022;19;0,286;R
ES0000000000003289CCPF;17/11/2022;20;0,199;R
ES0000000000003289CCPF;17/11/2022;21;0,453;R
ES0000000000003289CCPF;17/11/2022;22;0,205;R
ES0000000000003289CCPF;17/11/2022;23;0,805;R
ES0000000000003289CCPF;18/11/2022;0;0,5;R
ES0000000000003289CCPF;18/11/2022;1;0,197;R
ES0000000000003289CCPF;18/11/2022;2;0,214;R
ES0000000000003289CCPF;18/11/2022;3;0,65;R
ES0000000000003289CCPF;18/11/2022;4;0,168;R
ES0000000000003289CCPF;18/11/2022;5;0,285;R
ES0000000000003289CCPF;18/11/2022;6;0,964;R
ES0000000000003289CCPF;18/11/2022;7;0,151;R
ES0000000000003289CCPF;18/11/2022;8;0,294;R
ES0000000000003289CCPF;18/11/2022;9;0,271;R
ES0000000000003289CCPF;18/11/2022;10;0,157;R
ES0000000000003289CCPF;18/11/2022;11;0,078;R
ES0000000000003289CCPF;18/11/2022;12;0,099;R
ES0000000000003289CCPF;18/11/2022;13;0,118;R
ES0000000000003289CCPF;18/11/2022;14;0,276;R
ES0000000000003289CCPF;18/11/2022;15;0,603;R
ES0000000000003289CCPF;18/11/2022;16;0,411;R
ES0000000000003289CCPF;18/11/2022;17;0,254;R
ES0000000000003289CCPF;18/11/2022;18;0,244;R
ES0000000000003289CCPF;18/11/2022;19;0,527;R
ES0000000000003289CCPF;18/11/2022;20;0,312;R
ES0000000000003289CCPF;18/11/2022;21;0,179;R
ES0000000000003289CCPF;18/11/2022;22;0,174;R
ES0000000000003289CCPF;18/11/2022;23;0,103;R
ES0000000000003289CCPF;19/11/2022;0;0,126;R
ES0000000000003289CCPF;19/11/2022;1;0,145;R
ES0000000000003289CCPF;19/11/2022;2;0,148;R
ES0000000000003289CCPF;19/11/2022;3;0,154;R
ES0000000000003289CCPF;19/11/2022;4;0,133;R
ES0000000000003289CCPF;19/11/2022;5;0,08;R
ES0000000000003289CCPF;19/11/2022;6;0,061;R
ES0000000000003289CCPF;19/11/2022;7;0,078;R
ES0000000000003289CCPF;19/11/2022;8;0,25;R
ES0000000000003289CCPF;19/11/2022;9;0,329;R
ES0000000000003289CCPF;19/11/2022;10;0,271;R
ES0000000000003289CCPF;19/11/2022;11;0,768;R
ES0000000000003289CCPF;19/11/2022;12;0,276;R
ES0000000000003289CCPF;19/11/2022;13;0,106;R
ES0000000000003289CCPF;19/11/2022;14;0,083;R
ES0000000000003289CCPF;19/11/2022;15;0,165;R
ES0000000000003289CCPF;19/11/2022;16;0,414;R
ES0000000000003289CCPF;19/11/2022;17;0,119;R
ES0000000000003289CCPF;19/11/2022;18;0,183;R
ES0000000000003289CCPF;19/11/2022;19;0,306;R
ES0000000000003289CCPF;19/11/2022;20;0,118;R
ES0000000000003289CCPF;19/11/2022;21;0,214;R
ES0000000000003289CCPF;19/11/2022;22;0,194;R
ES0000000000003289CCPF;19/11/2022;23;0,191;R
ES0000000000003289CCPF;20/11/2022;0;0,236;R
ES0000000000003289CCPF;20/11/2022;1;0,257;R
ES0000000000003289CCPF;20/11/2022;2;0,182;R
ES0000000000003289CCPF;20/11/2022;3;0,087;R
ES0000000000003289CCPF;20/11/2022;4;0,093;R
ES0000000000003289CCPF;20/11/2022;5;0,131;R
ES0000000000003289CCPF;20/11/2022;6;0,172;R
ES0000000000003289CCPF;20/11/2022;7;0,154;R
ES0000000000003289CCPF;20/11/2022;8;0,133;R
ES0000000000003289CCPF;20/11/2022;9;0,182;R
ES0000000000003289CCPF;20/11/2022;10;0,129;R
ES0000000000003289CCPF;20/11/2022;11;0,301;R
ES0000000000003289CCPF;20/11/2022;12;0,604;R
ES0000000000003289CCPF;20/11/2022;13;0,68;R
ES0000000000003289CCPF;20/11/2022;14;0,101;R
ES0000000000003289CCPF;20/11/2022;15;0,096;R
ES0000000000003289CCPF;20/11/2022;16;0,792;R
ES0000000000003289CCPF;20/11/2022;17;0,079;R
ES0000000000003289CCPF;20/11/2022;18;0,078;R
ES0000000000003289CCPF;20/11/2022;19;0,409;R
ES0000000000003289CCPF;20/11/2022;20;0,381;R
ES0000000000003289CCPF;20/11/2022;21;0,196;R
ES0000000000003289CCPF;20/11/2022;22;1,388;R
ES0000000000003289CCPF;20/11/2022;23;0,311;R
ES0000000000003289CCPF;21/11/2022;0;0,1;R
ES0000000000003289CCPF;21/11/2022;1;0,176;R
ES0000000000003289CCPF;21/11/2022;2;0,077;R
ES0000000000003289CCPF;21/11/2022;3;0,079;R
ES0000000000003289CCPF;21/11/2022;4;0,106;R
ES0000000000003289CCPF;21/11/2022;5;0,177;R
ES0000000000003289CCPF;21/11/2022;6;0,15;R
ES0000000000003289CCPF;21/11/2022;7;0,078;R
ES0000000000003289CCPF;21/11/2022;8;0,299;R
ES0000000000003289CCPF;21/11/2022;9;0,27;R
ES0000000000003289CCPF;21/11/2022;10;0,081;R
ES0000000000003289CCPF;21/11/2022;11;0,126;R
ES0000000000003289CCPF;21/11/2022;12;0,154;R
ES0000000000003289CCPF;21/11/2022;13;0,167;R
ES0000000000003289CCPF;21/11/2022;14;0,199;R
ES0000000000003289CCPF;21/11/2022;15;0,337;R
ES0000000000003289CCPF;21/11/2022;16;0,161;R
ES0000000000003289CCPF;21/11/2022;17;0,183;R
ES0000000000003289CCPF;21/11/2022;18;0,199;R
ES0000000000003289CCPF;21/11/2022;19;0,283;R
ES0000000000003289CCPF;21/11/2022;20;0,241;R
ES0000000000003289CCPF;21/11/2022;21;0,196;R
ES0000000000003289CCPF;21/11/2022;22;0,106;R
ES0000000000003289CCPF;21/11/2022;23;0,104;R
ES0000000000003289CCPF;22/11/2022;0;0,098;R
ES0000000000003289CCPF;22/11/2022;1;0,093;R
ES0000000000003289CCPF;22/11/2022;2;0,128;R
ES0000000000003289CCPF;22/11/2022;3;0,06;R
ES0000000000003289CCPF;22/11/2022;4;0,086;R
ES0000000000003289CCPF;22/11/2022;5;0,171;R
ES0000000000003289CCPF;22/11/2022;6;0,176;R
ES0000000000003289CCPF;22/11/2022;7;0,072;R
ES0000000000003289CCPF;22/11/2022;8;0,779;R
ES0000000000003289CCPF;22/11/2022;9;0,255;R
ES0000000000003289CCPF;22/11/2022;10;0,087;R
ES0000000000003289CCPF;22/11/2022;11;0,154;R
ES0000000000003289CCPF;22/11/2022;12;0,172;R
ES0000000000003289CCPF;22/11/2022;13;0,179;R
ES0000000000003289CCPF;22/11/2022;14;0,087;R
ES0000000000003289CCPF;22/11/2022;15;0,086;R
ES0000000000003289CCPF;22/11/2022;16;0,795;R
ES0000000000003289CCPF;22/11/2022;17;0,134;R
ES0000000000003289CCPF;22/11/2022;18;0,076;R
ES0000000000003289CCPF;22/11/2022;19;0,162;R
ES0000000000003289CCPF;22/11/2022;20;0,207;R
ES0000000000003289CCPF;22/11/2022;21;0,171;R
ES0000000000003289CCPF;22/11/2022;22;0,831;R
ES0000000000003289CCPF;22/11/2022;23;2,16;R
ES0000000000003289CCPF;23/11/2022;0;0,518;R
ES0000000000003289CCPF;23/11/2022;1;0,123;R
ES0000000000003289CCPF;23/11/2022;2;0,293;R
ES0000000000003289CCPF;23/11/2022;3;0,285;R
ES0000000000003289CCPF;23/11/2022;4;0,228;R
ES0000000000003289CCPF;23/11/2022;5;0,111;R
ES0000000000003289CCPF;23/11/2022;6;0,086;R
ES0000000000003289CCPF;23/11/2022;7;0,24;R
ES0000000000003289CCPF;23/11/2022;8;0,657;R
ES0000000000003289CCPF;23/11/2022;9;0,207;R
ES0000000000003289CCPF;23/11/2022;10;0,099;R
ES0000000000003289CCPF;23/11/2022;11;0,082;R
ES0000000000003289CCPF;23/11/2022;12;0,079;R
ES0000000000003289CCPF;23/11/2022;13;0,063;R
ES0000000000003289CCPF;23/11/2022;14;0,087;R
ES0000000000003289CCPF;23/11/2022;15;0,244;R
ES0000000000003289CCPF;23/11/2022;16;0,109;R
ES0000000000003289CCPF;23/11/2022;17;0,062;R
ES0000000000003289CCPF;23/11/2022;18;0,084;R
ES0000000000003289CCPF;23/11/2022;19;0,18;R
ES0000000000003289CCPF;23/11/2022;20;0,292;R
ES0000000000003289CCPF;23/11/2022;21;0,233;R
ES0000000000003289CCPF;23/11/2022;22;0,48;R
ES0000000000003289CCPF;23/11/2022;23;0,25;R
ES0000000000003289CCPF;24/11/2022;0;0,162;R
ES0000000000003289CCPF;24/11/2022;1;0,07;R
ES0000000000003289CCPF;24/11/2022;2;0,088;R
ES0000000000003289CCPF;24/11/2022;3;0,64;R
ES0000000000003289CCPF;24/11/2022;4;0,086;R
ES0000000000003289CCPF;24/11/2022;5;0,118;R
ES0000000000003289CCPF;24/11/2022;6;0,787;R
ES0000000000003289CCPF;24/11/2022;7;0,105;R
ES0000000000003289CCPF;24/11/2022;8;0,457;R
ES0000000000003289CCPF;24/11/2022;9;0,131;R
ES0000000000003289CCPF;24/11/2022;10;0,087;R
ES0000000000003289CCPF;24/11/2022;11;0,119;R
ES0000000000003289CCPF;24/11/2022;12;0,14;R
ES0000000000003289CCPF;24/11/2022;13;0,104;R
ES0000000000003289CCPF;24/11/2022;14;0,106;R
ES0000000000003289CCPF;24/11/2022;15;0,158;R
ES0000000000003289CCPF;24/11/2022;16;0,21;R
ES0000000000003289CCPF;24/11/2022;17;0,224;R
ES0000000000003289CCPF;24/11/2022;18;0,247;R
ES0000000000003289CCPF;24/11/2022;19;0,3;R
ES0000000000003289CCPF;24/11/2022;20;0,184;R
ES0000000000003289CCPF;24/11/2022;21;0,183;R
ES0000000000003289CCPF;24/11/2022;22;0,398;R
ES0000000000003289CCPF;24/11/2022;23;0,212;R
ES0000000000003289CCPF;25/11/2022;0;0,192;R
ES0000000000003289CCPF;25/11/2022;1;0,189;R
ES0000000000003289CCPF;25/11/2022;2;0,093;R
ES0000000000003289CCPF;25/11/2022;3;0,082;R
ES0000000000003289CCPF;25/11/2022;4;0,073;R
ES0000000000003289CCPF;25/11/2022;5;0,076;R
ES0000000000003289CCPF;25/11/2022;6;0,079;R
ES0000000000003289CCPF;25/11/2022;7;0,072;R
ES0000000000003289CCPF;25/11/2022;8;0,257;R
ES0000000000003289CCPF;25/11/2022;9;0,294;R
ES0000000000003289CCPF;25/11/2022;10;0,21;R
ES0000000000003289CCPF;25/11/2022;11;0,144;R
ES0000000000003289CCPF;25/11/2022;12;0,082;R
ES0000000000003289CCPF;25/11/2022;13;0,097;R
ES0000000000003289CCPF;25/11/2022;14;0,11;R
ES0000000000003289CCPF;25/11/2022;15;0,123;R
ES0000000000003289CCPF;25/11/2022;16;0,564;R
ES0000000000003289CCPF;25/11/2022;17;0,27;R
ES0000000000003289CCPF;25/11/2022;18;0,184;R
ES0000000000003289CCPF;25/11/2022;19;0,227;R
ES0000000000003289CCPF;25/11/2022;20;0,128;R
ES0000000000003289CCPF;25/11/2022;21;0,13;R
ES0000000000003289CCPF;25/11/2022;22;0,747;R
ES0000000000003289CCPF;25/11/2022;23;0,192;R
ES0000000000003289CCPF;26/11/2022;0;0,21;R
ES0000000000003289CCPF;26/11/2022;1;0,185;R
ES0000000000003289CCPF;26/11/2022;2;0,174;R
ES0000000000003289CCPF;26/11/2022;3;0,157;R
ES0000000000003289CCPF;26/11/2022;4;0,172;R
ES0000000000003289CCPF;26/11/2022;5;0,149;R
ES0000000000003289CCPF;26/11/2022;6;0,072;R
ES0000000000003289CCPF;26/11/2022;7;0,069;R
ES0000000000003289CCPF;26/11/2022;8;0,062;R
ES0000000000003289CCPF;26/11/2022;9;0,346;R
ES0000000000003289CCPF;26/11/2022;10;0,606;R
ES0000000000003289CCPF;26/11/2022;11;1,456;R
ES0000000000003289CCPF;26/11/2022;12;0,178;R
ES0000000000003289CCPF;26/11/2022;13;0,357;R
ES0000000000003289CCPF;26/11/2022;14;0,881;R
ES0000000000003289CCPF;26/11/2022;15;0,165;R
ES0000000000003289CCPF;26/11/2022;16;0,173;R
ES0000000000003289CCPF;26/11/2022;17;0,12;R
ES0000000000003289CCPF;26/11/2022;18;0,077;R
ES0000000000003289CCPF;26/11/2022;19;0,068;R
ES0000000000003289CCPF;26/11/2022;20;0,127;R
ES0000000000003289CCPF;26/11/2022;21;1,286;R
ES0000000000003289CCPF;26/11/2022;22;0,244;R
ES0000000000003289CCPF;26/11/2022;23;0,165;R
ES0000000000003289CCPF;27/11/2022;0;0,067;R
ES0000000000003289CCPF;27/11/2022;1;0,08;R
ES0000000000003289CCPF;27/11/2022;2;0,138;R
ES0000000000003289CCPF;27/11/2022;3;0,172;R
ES0000000000003289CCPF;27/11/2022;4;0,196;R
ES0000000000003289CCPF;27/11/2022;5;0,157;R
ES0000000000003289CCPF;27/11/2022;6;0,169;R
ES0000000000003289CCPF;27/11/2022;7;0,081;R
ES0000000000003289CCPF;27/11/2022;8;0,096;R
ES0000000000003289CCPF;27/11/2022;9;0,195;R
ES0000000000003289CCPF;27/11/2022;10;0,881;R
ES0000000000003289CCPF;27/11/2022;11;0,161;R
ES0000000000003289CCPF;27/11/2022;12;0,635;R
ES0000000000003289CCPF;27/11/2022;13;0,433;R
ES0000000000003289CCPF;27/11/2022;14;1,303;R
ES0000000000003289CCPF;27/11/2022;15;0,858;R
ES0000000000003289CCPF;27/11/2022;16;0,304;R
ES0000000000003289CCPF;27/11/2022;17;0,122;R
ES0000000000003289CCPF;27/11/2022;18;0,114;R
ES0000000000003289CCPF;27/11/2022;19;0,286;R
ES0000000000003289CCPF;27/11/2022;20;1,026;R
ES0000000000003289CCPF;27/11/2022;21;0,572;R
ES0000000000003289CCPF;27/11/2022;22;0,327;R
ES0000000000003289CCPF;27/11/2022;23;0,243;R
ES0000000000003289CCPF;28/11/2022;0;0,079;R
ES0000000000003289CCPF;28/11/2022;1;0,077;R
ES0000000000003289CCPF;28/11/2022;2;0,079;R
ES0000000000003289CCPF;28/11/2022;3;0,077;R
ES0000000000003289CCPF;28/11/2022;4;0,134;R
ES0000000000003289CCPF;28/11/2022;5;0,168;R
ES0000000000003289CCPF;28/11/2022;6;0,167;R
ES0000000000003289CCPF;28/11/2022;7;0,146;R
ES0000000000003289CCPF;28/11/2022;8;0,278;R
ES0000000000003289CCPF;28/11/2022;9;0,195;R
ES0000000000003289CCPF;28/11/2022;10;0,28;R
ES0000000000003289CCPF;28/11/2022;11;0,132;R
ES0000000000003289CCPF;28/11/2022;12;0,132;R
ES0000000000003289CCPF;28/11/2022;13;0,162;R
ES0000000000003289CCPF;28/11/2022;14;0,128;R
ES0000000000003289CCPF;28/11/2022;15;0,292;R
ES0000000000003289CCPF;28/11/2022;16;0,229;R
ES0000000000003289CCPF;28/11/2022;17;0,211;R
ES0000000000003289CCPF;28/11/2022;18;0,218;R
ES0000000000003289CCPF;28/11/2022;19;0,38;R
ES0000000000003289CCPF;28/11/2022;20;0,222;R
ES0000000000003289CCPF;28/11/2022;21;0,112;R
ES0000000000003289CCPF;28/11/2022;22;0,132;R
ES0000000000003289CCPF;28/11/2022;23;0,256;R
ES0000000000003289CCPF;29/11/2022;0;0,197;R
ES0000000000003289CCPF;29/11/2022;1;0,078;R
ES0000000000003289CCPF;29/11/2022;2;0,079;R
ES0000000000003289CCPF;29/11/2022;3;0,075;R
ES0000000000003289CCPF;29/11/2022;4;0,065;R
ES0000000000003289CCPF;29/11/2022;5;0,124;R
ES0000000000003289CCPF;29/11/2022;6;0,169;R
ES0000000000003289CCPF;29/11/2022;7;0,15;R
ES0000000000003289CCPF;29/11/2022;8;0,309;R
ES0000000000003289CCPF;29/11/2022;9;0,211;R
ES0000000000003289CCPF;29/11/2022;10;0,077;R
ES0000000000003289CCPF;29/11/2022;11;0,144;R
ES0000000000003289CCPF;29/11/2022;12;0,166;R
ES0000000000003289CCPF;29/11/2022;13;0,165;R
ES0000000000003289CCPF;29/11/2022;14;0,062;R
ES0000000000003289CCPF;29/11/2022;15;0,417;R
ES0000000000003289CCPF;29/11/2022;16;0,556;R
ES0000000000003289CCPF;29/11/2022;17;0,173;R
ES0000000000003289CCPF;29/11/2022;18;0,117;R
ES0000000000003289CCPF;29/11/2022;19;0,062;R
ES0000000000003289CCPF;29/11/2022;20;0,079;R
ES0000000000003289CCPF;29/11/2022;21;0,225;R
ES0000000000003289CCPF;29/11/2022;22;0,496;R
ES0000000000003289CCPF;29/11/2022;23;0,197;R
ES0000000000003289CCPF;30/11/2022;0;0,079;R
ES0000000000003289CCPF;30/11/2022;1;0,108;R
ES0000000000003289CCPF;30/11/2022;2;0,098;R
ES0000000000003289CCPF;30/11/2022;3;0,671;R
ES0000000000003289CCPF;30/11/2022;4;0,091;R
ES0000000000003289CCPF;30/11/2022;5;0,743;R
ES0000000000003289CCPF;30/11/2022;6;0,225;R
ES0000000000003289CCPF;30/11/2022;7;0,172;R
ES0000000000003289CCPF;30/11/2022;8;0,356;R
ES0000000000003289CCPF;30/11/2022;9;0,894;R
ES0000000000003289CCPF;30/11/2022;10;0,157;R
ES0000000000003289CCPF;30/11/2022;11;0,179;R
ES0000000000003289CCPF;30/11/2022;12;0,088;R
ES0000000000003289CCPF;30/11/2022;13;0,207;R
ES0000000000003289CCPF;30/11/2022;14;0,18;R
ES0000000000003289CCPF;30/11/2022;15;0,106;R
ES0000000000003289CCPF;30/11/2022;16;0,247;R
ES0000000000003289CCPF;30/11/2022;17;0,188;R
ES0000000000003289CCPF;30/11/2022;18;0,196;R
ES0000000000003289CCPF;30/11/2022;19;0,323;R
ES0000000000003289CCPF;30/11/2022;20;0,275;R
ES0000000000003289CCPF;30/11/2022;21;0,318;R
ES0000000000003289CCPF;30/11/2022;22;0,365;R
ES0000000000003289CCPF;30/11/2022;23;0,829;R
ES0000000000003289CCPF;01/12/2022;0;0,112;R
ES0000000000003289CCPF;01/12/2022;1;0,097;R
ES0000000000003289CCPF;01/12/2022;2;0,124;R
ES0000000000003289CCPF;01/12/2022;3;0,104;R
ES0000000000003289CCPF;01/12/2022;4;0,093;R
ES0000000000003289CCPF;01/12/2022;5;0,12;R
ES0000000000003289CCPF;01/12/2022;6;0,153;R
ES0000000000003289CCPF;01/12/2022;7;0,168;R
ES0000000000003289CCPF;01/12/2022;8;0,244;R
ES0000000000003289CCPF;01/12/2022;9;0,467;R
ES0000000000003289CCPF;01/12/2022;10;0,178;R
ES0000000000003289CCPF;01/12/2022;11;0,105;R
ES0000000000003289CCPF;01/12/2022;12;0,171;R
ES0000000000003289CCPF;01/12/2022;13;0,188;R
ES0000000000003289CCPF;01/12/2022;14;0,122;R
ES0000000000003289CCPF;01/12/2022;15;0,722;R
ES0000000000003289CCPF;01/12/2022;16;0,178;R
ES0000000000003289CCPF;01/12/2022;17;0,469;R
ES0000000000003289CCPF;01/12/2022;18;0,252;R
ES0000000000003289CCPF;01/12/2022;19;0,251;R
ES0000000000003289CCPF;01/12/2022;20;0,258;R
ES0000000000003289CCPF;01/12/2022;21;0,375;R
ES0000000000003289CCPF;01/12/2022;22;0,475;R
ES0000000000003289CCPF;01/12/2022;23;0,334;R
ES0000000000003289CCPF;02/12/2022;0;0,345;R
ES0000000000003289CCPF;02/12/2022;1;0,337;R
ES0000000000003289CCPF;02/12/2022;2;0,284;R
ES0000000000003289CCPF;02/12/2022;3;0,09;R
ES0000000000003289CCPF;02/12/2022;4;0,084;R
ES0000000000003289CCPF;02/12/2022;5;0,069;R
ES0000000000003289CCPF;02/12/2022;6;0,114;R
ES0000000000003289CCPF;02/12/2022;7;0,171;R
ES0000000000003289CCPF;02/12/2022;8;0,166;R
ES0000000000003289CCPF;02/12/2022;9;0,272;R
ES0000000000003289CCPF;02/12/2022;10;0,108;R
ES0000000000003289CCPF;02/12/2022;11;0,088;R
ES0000000000003289CCPF;02/12/2022;12;0,079;R
ES0000000000003289CCPF;02/12/2022;13;0,249;R
ES0000000000003289CCPF;02/12/2022;14;0,216;R
ES0000000000003289CCPF;02/12/2022;15;0,159;R
ES0000000000003289CCPF;02/12/2022;16;0,244;R
ES0000000000003289CCPF;02/12/2022;17;0,433;R
ES0000000000003289CCPF;02/12/2022;18;0,252;R
ES0000000000003289CCPF;02/12/2022;19;0,267;R
ES0000000000003289CCPF;02/12/2022;20;0,222;R
ES0000000000003289CCPF;02/12/2022;21;0,114;R
ES0000000000003289CCPF;02/12/2022;22;0,115;R
ES0000000000003289CCPF;02/12/2022;23;0,243;R
ES0000000000003289CCPF;03/12/2022;0;0,144;R
ES0000000000003289CCPF;03/12/2022;1;0,122;R
ES0000000000003289CCPF;03/12/2022;2;0,12;R
ES0000000000003289CCPF;03/12/2022;3;0,096;R
ES0000000000003289CCPF;03/12/2022;4;0,144;R
ES0000000000003289CCPF;03/12/2022;5;0,172;R
ES0000000000003289CCPF;03/12/2022;6;0,172;R
ES0000000000003289CCPF;03/12/2022;7;0,086;R
ES0000000000003289CCPF;03/12/2022;8;0,402;R
ES0000000000003289CCPF;03/12/2022;9;0,248;R
ES0000000000003289CCPF;03/12/2022;10;0,153;R
ES0000000000003289CCPF;03/12/2022;11;0,092;R
ES0000000000003289CCPF;03/12/2022;12;0,129;R
ES0000000000003289CCPF;03/12/2022;13;0,085;R
ES0000000000003289CCPF;03/12/2022;14;0,082;R
ES0000000000003289CCPF;03/12/2022;15;0,108;R
ES0000000000003289CCPF;03/12/2022;16;0,24;R
ES0000000000003289CCPF;03/12/2022;17;1,136;R
ES0000000000003289CCPF;03/12/2022;18;0,389;R
ES0000000000003289CCPF;03/12/2022;19;0,192;R
ES0000000000003289CCPF;03/12/2022;20;1,001;R
ES0000000000003289CCPF;03/12/2022;21;0,2;R
ES0000000000003289CCPF;03/12/2022;22;0,479;R
ES0000000000003289CCPF;03/12/2022;23;0,192;R
ES0000000000003289CCPF;04/12/2022;0;0,17;R
ES0000000000003289CCPF;04/12/2022;1;0,17;R
ES0000000000003289CCPF;04/12/2022;2;0,189;R
ES0000000000003289CCPF;04/12/2022;3;0,135;R
ES0000000000003289CCPF;04/12/2022;4;0,065;R
ES0000000000003289CCPF;04/12/2022;5;0,076;R
ES0000000000003289CCPF;04/12/2022;6;0,148;R
ES0000000000003289CCPF;04/12/2022;7;0,17;R
ES0000000000003289CCPF;04/12/2022;8;0,17;R
ES0000000000003289CCPF;04/12/2022;9;0,435;R
ES0000000000003289CCPF;04/12/2022;10;0,198;R
ES0000000000003289CCPF;04/12/2022;11;0,25;R
ES0000000000003289CCPF;04/12/2022;12;0,183;R
ES0000000000003289CCPF;04/12/2022;13;0,879;R
ES0000000000003289CCPF;04/12/2022;14;0,531;R
ES0000000000003289CCPF;04/12/2022;15;1,69;R
ES0000000000003289CCPF;04/12/2022;16;1,39;R
ES0000000000003289CCPF;04/12/2022;17;1,182;R
ES0000000000003289CCPF;04/12/2022;18;0,404;R
ES0000000000003289CCPF;04/12/2022;19;0,167;R
ES0000000000003289CCPF;04/12/2022;20;0,351;R
ES0000000000003289CCPF;04/12/2022;21;0,139;R
ES0000000000003289CCPF;04/12/2022;22;0,176;R
ES0000000000003289CCPF;04/12/2022;23;0,129;R
ES0000000000003289CCPF;05/12/2022;0;0,211;R
ES0000000000003289CCPF;05/12/2022;1;0,196;R
ES0000000000003289CCPF;05/12/2022;2;0,184;R
ES0000000000003289CCPF;05/12/2022;3;0,189;R
ES0000000000003289CCPF;05/12/2022;4;0,191;R
ES0000000000003289CCPF;05/12/2022;5;0,173;R
ES0000000000003289CCPF;05/12/2022;6;0,171;R
ES0000000000003289CCPF;05/12/2022;7;0,302;R
ES0000000000003289CCPF;05/12/2022;8;0,119;R
ES0000000000003289CCPF;05/12/2022;9;0,256;R
ES0000000000003289CCPF;05/12/2022;10;0,115;R
ES0000000000003289CCPF;05/12/2022;11;0,159;R
ES0000000000003289CCPF;05/12/2022;12;0,132;R
ES0000000000003289CCPF;05/12/2022;13;0,181;R
ES0000000000003289CCPF;05/12/2022;14;0,175;R
ES0000000000003289CCPF;05/12/2022;15;0,227;R
ES0000000000003289CCPF;05/12/2022;16;0,24;R
ES0000000000003289CCPF;05/12/2022;17;0,225;R
ES0000000000003289CCPF;05/12/2022;18;0,21;R
ES0000000000003289CCPF;05/12/2022;19;0,207;R
ES0000000000003289CCPF;05/12/2022;20;0,375;R
ES0000000000003289CCPF;05/12/2022;21;0,238;R
ES0000000000003289CCPF;05/12/2022;22;0,214;R
ES0000000000003289CCPF;05/12/2022;23;0,241;R
ES0000000000003289CCPF;06/12/2022;0;0,162;R
ES0000000000003289CCPF;06/12/2022;1;0,168;R
ES0000000000003289CCPF;06/12/2022;2;0,748;R
ES0000000000003289CCPF;06/12/2022;3;0,434;R
ES0000000000003289CCPF;06/12/2022;4;0,562;R
ES0000000000003289CCPF;06/12/2022;5;0,379;R
ES0000000000003289CCPF;06/12/2022;6;0,123;R
ES0000000000003289CCPF;06/12/2022;7;0,172;R
ES0000000000003289CCPF;06/12/2022;8;0,153;R
ES0000000000003289CCPF;06/12/2022;9;0,099;R
ES0000000000003289CCPF;06/12/2022;10;0,398;R
ES0000000000003289CCPF;06/12/2022;11;0,194;R
ES0000000000003289CCPF;06/12/2022;12;0,695;R
ES0000000000003289CCPF;06/12/2022;13;0,288;R
ES0000000000003289CCPF;06/12/2022;14;0,063;R
ES0000000000003289CCPF;06/12/2022;15;0,078;R
ES0000000000003289CCPF;06/12/2022;16;0,076;R
ES0000000000003289CCPF;06/12/2022;17;0,077;R
ES0000000000003289CCPF;06/12/2022;18;0,075;R
ES0000000000003289CCPF;06/12/2022;19;0,062;R
ES0000000000003289CCPF;06/12/2022;20;0,074;R
ES0000000000003289CCPF;06/12/2022;21;0,074;R
ES0000000000003289CCPF;06/12/2022;22;0,075;R
ES0000000000003289CCPF;06/12/2022;23;0,074;R
ES0000000000003289CCPF;07/12/2022;0;0,063;R
ES0000000000003289CCPF;07/12/2022;1;0,074;R
ES0000000000003289CCPF;07/12/2022;2;0,075;R
ES0000000000003289CCPF;07/12/2022;3;0,071;R
ES0000000000003289CCPF;07/12/2022;4;0,06;R
ES0000000000003289CCPF;07/12/2022;5;0,07;R
ES0000000000003289CCPF;07/12/2022;6;0,07;R
ES0000000000003289CCPF;07/12/2022;7;0,067;R
ES0000000000003289CCPF;07/12/2022;8;0,058;R
ES0000000000003289CCPF;07/12/2022;9;0,073;R
ES0000000000003289CCPF;07/12/2022;10;0,075;R
ES0000000000003289CCPF;07/12/2022;11;0,073;R
ES0000000000003289CCPF;07/12/2022;12;0,065;R
ES0000000000003289CCPF;07/12/2022;13;0,164;R
ES0000000000003289CCPF;07/12/2022;14;0,102;R
ES0000000000003289CCPF;07/12/2022;15;0,263;R
ES0000000000003289CCPF;07/12/2022;16;0,098;R
ES0000000000003289CCPF;07/12/2022;17;0,077;R
ES0000000000003289CCPF;07/12/2022;18;0,061;R
ES0000000000003289CCPF;07/12/2022;19;0,076;R
ES0000000000003289CCPF;07/12/2022;20;0,076;R
ES0000000000003289CCPF;07/12/2022;21;0,076;R
ES0000000000003289CCPF;07/12/2022;22;0,064;R
ES0000000000003289CCPF;07/12/2022;23;0,075;R
ES0000000000003289CCPF;08/12/2022;0;0,075;R
ES0000000000003289CCPF;08/12/2022;1;0,077;R
ES0000000000003289CCPF;08/12/2022;2;0,061;R
ES0000000000003289CCPF;08/12/2022;3;0,076;R
ES0000000000003289CCPF;08/12/2022;4;0,072;R
ES0000000000003289CCPF;08/12/2022;5;0,059;R
ES0000000000003289CCPF;08/12/2022;6;0,067;R
ES0000000000003289CCPF;08/12/2022;7;0,07;R
ES0000000000003289CCPF;08/12/2022;8;0,071;R
ES0000000000003289CCPF;08/12/2022;9;0,063;R
ES0000000000003289CCPF;08/12/2022;10;0,071;R
ES0000000000003289CCPF;08/12/2022;11;0,075;R
ES0000000000003289CCPF;08/12/2022;12;0,075;R
ES0000000000003289CCPF;08/12/2022;13;0,06;R
ES0000000000003289CCPF;08/12/2022;14;0,074;R
ES0000000000003289CCPF;08/12/2022;15;0,076;R
ES0000000000003289CCPF;08/12/2022;16;0,075;R
ES0000000000003289CCPF;08/12/2022;17;0,061;R
ES0000000000003289CCPF;08/12/2022;18;0,074;R
ES0000000000003289CCPF;08/12/2022;19;0,074;R
ES0000000000003289CCPF;08/12/2022;20;0,065;R
ES0000000000003289CCPF;08/12/2022;21;0,068;R
ES0000000000003289CCPF;08/12/2022;22;0,069;R
ES0000000000003289CCPF;08/12/2022;23;0,07;R
ES0000000000003289CCPF;09/12/2022;0;0,053;R
ES0000000000003289CCPF;09/12/2022;1;0,073;R
ES0000000000003289CCPF;09/12/2022;2;0,075;R
ES0000000000003289CCPF;09/12/2022;3;0,075;R
ES0000000000003289CCPF;09/12/2022;4;0,06;R
ES0000000000003289CCPF;09/12/2022;5;0,074;R
ES0000000000003289CCPF;09/12/2022;6;0,074;R
ES0000000000003289CCPF;09/12/2022;7;0,06;R
ES0000000000003289CCPF;09/12/2022;8;0,074;R
ES0000000000003289CCPF;09/12/2022;9;0,074;R
ES0000000000003289CCPF;09/12/2022;10;0,077;R
ES0000000000003289CCPF;09/12/2022;11;0,06;R
ES0000000000003289CCPF;09/12/2022;12;0,073;R
ES0000000000003289CCPF;09/12/2022;13;0,071;R
ES0000000000003289CCPF;09/12/2022;14;0,061;R
ES0000000000003289CCPF;09/12/2022;15;0,072;R
ES0000000000003289CCPF;09/12/2022;16;0,059;R
ES0000000000003289CCPF;09/12/2022;17;0,063;R
ES0000000000003289CCPF;09/12/2022;18;0,074;R
ES0000000000003289CCPF;09/12/2022;19;0,061;R
ES0000000000003289CCPF;09/12/2022;20;0,073;R
ES0000000000003289CCPF;09/12/2022;21;0,075;R
ES0000000000003289CCPF;09/12/2022;22;0,06;R
ES0000000000003289CCPF;09/12/2022;23;0,076;R
ES0000000000003289CCPF;10/12/2022;0;0,076;R
ES0000000000003289CCPF;10/12/2022;1;0,061;R
ES0000000000003289CCPF;10/12/2022;2;0,074;R
ES0000000000003289CCPF;10/12/2022;3;0,067;R
ES0000000000003289CCPF;10/12/2022;4;0,058;R
ES0000000000003289CCPF;10/12/2022;5;0,067;R
ES0000000000003289CCPF;10/12/2022;6;0,061;R
ES0000000000003289CCPF;10/12/2022;7;0,07;R
ES0000000000003289CCPF;10/12/2022;8;0,074;R
ES0000000000003289CCPF;10/12/2022;9;0,064;R
ES0000000000003289CCPF;10/12/2022;10;0,069;R
ES0000000000003289CCPF;10/12/2022;11;0,074;R
ES0000000000003289CCPF;10/12/2022;12;0,067;R
ES0000000000003289CCPF;10/12/2022;13;0,066;R
ES0000000000003289CCPF;10/12/2022;14;0,074;R
ES0000000000003289CCPF;10/12/2022;15;0,071;R
ES0000000000003289CCPF;10/12/2022;16;0,052;R
ES0000000000003289CCPF;10/12/2022;17;0,067;R
ES0000000000003289CCPF;10/12/2022;18;0,074;R
ES0000000000003289CCPF;10/12/2022;19;0,059;R
ES0000000000003289CCPF;10/12/2022;20;0,074;R
ES0000000000003289CCPF;10/12/2022;21;0,075;R
ES0000000000003289CCPF;10/12/2022;22;0,06;R
ES0000000000003289CCPF;10/12/2022;23;0,074;R
ES0000000000003289CCPF;11/12/2022;0;0,075;R
ES0000000000003289CCPF;11/12/2022;1;0,068;R
ES0000000000003289CCPF;11/12/2022;2;0,066;R
ES0000000000003289CCPF;11/12/2022;3;0,074;R
ES0000000000003289CCPF;11/12/2022;4;0,075;R
ES0000000000003289CCPF;11/12/2022;5;0,053;R
ES0000000000003289CCPF;11/12/2022;6;0,066;R
ES0000000000003289CCPF;11/12/2022;7;0,068;R
ES0000000000003289CCPF;11/12/2022;8;0,059;R
ES0000000000003289CCPF;11/12/2022;9;0,075;R
ES0000000000003289CCPF;11/12/2022;10;0,073;R
ES0000000000003289CCPF;11/12/2022;11;0,059;R
ES0000000000003289CCPF;11/12/2022;12;0,073;R
ES0000000000003289CCPF;11/12/2022;13;0,075;R
ES0000000000003289CCPF;11/12/2022;14;0,059;R
ES0000000000003289CCPF;11/12/2022;15;0,074;R
ES0000000000003289CCPF;11/12/2022;16;0,073;R
ES0000000000003289CCPF;11/12/2022;17;0,059;R
ES0000000000003289CCPF;11/12/2022;18;0,159;R
ES0000000000003289CCPF;11/12/2022;19;1,996;R
ES0000000000003289CCPF;11/12/2022;20;0,932;R
ES0000000000003289CCPF;11/12/2022;21;2,272;R
ES0000000000003289CCPF;11/12/2022;22;0,393;R
ES0000000000003289CCPF;11/12/2022;23;0,281;R
ES0000000000003289CCPF;12/12/2022;0;0,307;R
ES0000000000003289CCPF;12/12/2022;1;0,391;R
ES0000000000003289CCPF;12/12/2022;2;0,137;R
ES0000000000003289CCPF;12/12/2022;3;0,088;R
ES0000000000003289CCPF;12/12/2022;4;0,089;R
ES0000000000003289CCPF;12/12/2022;5;0,073;R
ES0000000000003289CCPF;12/12/2022;6;0,086;R
ES0000000000003289CCPF;12/12/2022;7;0,112;R
ES0000000000003289CCPF;12/12/2022;8;0,335;R
ES0000000000003289CCPF;12/12/2022;9;0,301;R
ES0000000000003289CCPF;12/12/2022;10;0,333;R
ES0000000000003289CCPF;12/12/2022;11;0,248;R
ES0000000000003289CCPF;12/12/2022;12;0,202;R
ES0000000000003289CCPF;12/12/2022;13;0,191;R
ES0000000000003289CCPF;12/12/2022;14;0,178;R
ES0000000000003289CCPF;12/12/2022;15;0,208;R
ES0000000000003289CCPF;12/12/2022;16;0,23;R
ES0000000000003289CCPF;12/12/2022;17;0,205;R
ES0000000000003289CCPF;12/12/2022;18;0,214;R
ES0000000000003289CCPF;12/12/2022;19;0,22;R
ES0000000000003289CCPF;12/12/2022;20;1,609;R
ES0000000000003289CCPF;12/12/2022;21;0,22;R
ES0000000000003289CCPF;12/12/2022;22;0,794;R
ES0000000000003289CCPF;12/12/2022;23;0,265;R
ES0000000000003289CCPF;13/12/2022;0;0,099;R
ES0000000000003289CCPF;13/12/2022;1;0,122;R
ES0000000000003289CCPF;13/12/2022;2;0,65;R
ES0000000000003289CCPF;13/12/2022;3;0,112;R
ES0000000000003289CCPF;13/12/2022;4;0,12;R
ES0000000000003289CCPF;13/12/2022;5;0,81;R
ES0000000000003289CCPF;13/12/2022;6;0,091;R
ES0000000000003289CCPF;13/12/2022;7;0,09;R
ES0000000000003289CCPF;13/12/2022;8;0,297;R
ES0000000000003289CCPF;13/12/2022;9;0,294;R
ES0000000000003289CCPF;13/12/2022;10;0,361;R
ES0000000000003289CCPF;13/12/2022;11;0,098;R
ES0000000000003289CCPF;13/12/2022;12;0,082;R
ES0000000000003289CCPF;13/12/2022;13;0,079;R
ES0000000000003289CCPF;13/12/2022;14;0,156;R
ES0000000000003289CCPF;13/12/2022;15;0,117;R
ES0000000000003289CCPF;13/12/2022;16;0,184;R
ES0000000000003289CCPF;13/12/2022;17;0,195;R
ES0000000000003289CCPF;13/12/2022;18;0,216;R
ES0000000000003289CCPF;13/12/2022;19;0,334;R
ES0000000000003289CCPF;13/12/2022;20;0,323;R
ES0000000000003289CCPF;13/12/2022;21;0,222;R
ES0000000000003289CCPF;13/12/2022;22;0,305;R
ES0000000000003289CCPF;13/12/2022;23;0,367;R
ES0000000000003289CCPF;14/12/2022;0;0,203;R
ES0000000000003289CCPF;14/12/2022;1;0,082;R
ES0000000000003289CCPF;14/12/2022;2;0,091;R
ES0000000000003289CCPF;14/12/2022;3;0,098;R
ES0000000000003289CCPF;14/12/2022;4;0,098;R
ES0000000000003289CCPF;14/12/2022;5;0,096;R
ES0000000000003289CCPF;14/12/2022;6;0,075;R
ES0000000000003289CCPF;14/12/2022;7;0,238;R
ES0000000000003289CCPF;14/12/2022;8;0,325;R
ES0000000000003289CCPF;14/12/2022;9;0,231;R
ES0000000000003289CCPF;14/12/2022;10;0,127;R
ES0000000000003289CCPF;14/12/2022;11;0,092;R
ES0000000000003289CCPF;14/12/2022;12;0,09;R
ES0000000000003289CCPF;14/12/2022;13;0,085;R
ES0000000000003289CCPF;14/12/2022;14;0,084;R
ES0000000000003289CCPF;14/12/2022;15;0,123;R
ES0000000000003289CCPF;14/12/2022;16;0,182;R
ES0000000000003289CCPF;14/12/2022;17;0,214;R
ES0000000000003289CCPF;14/12/2022;18;0,214;R
ES0000000000003289CCPF;14/12/2022;19;0,477;R
ES0000000000003289CCPF;14/12/2022;20;0,361;R
ES0000000000003289CCPF;14/12/2022;21;0,352;R
ES0000000000003289CCPF;14/12/2022;22;0,942;R
ES0000000000003289CCPF;14/12/2022;23;0,585;R
ES0000000000003289CCPF;15/12/2022;0;0,175;R
ES0000000000003289CCPF;15/12/2022;1;0,13;R
ES0000000000003289CCPF;15/12/2022;2;0,266;R
ES0000000000003289CCPF;15/12/2022;3;0,34;R
ES0000000000003289CCPF;15/12/2022;4;0,114;R
ES0000000000003289CCPF;15/12/2022;5;0,093;R
ES0000000000003289CCPF;15/12/2022;6;0,093;R
ES0000000000003289CCPF;15/12/2022;7;0,131;R
ES0000000000003289CCPF;15/12/2022;8;0,302;R
ES0000000000003289CCPF;15/12/2022;9;0,39;R
ES0000000000003289CCPF;15/12/2022;10;0,258;R
ES0000000000003289CCPF;15/12/2022;11;0,134;R
ES0000000000003289CCPF;15/12/2022;12;0,106;R
ES0000000000003289CCPF;15/12/2022;13;0,095;R
ES0000000000003289CCPF;15/12/2022;14;0,098;R
ES0000000000003289CCPF;15/12/2022;15;0,19;R
ES0000000000003289CCPF;15/12/2022;16;0,181;R
ES0000000000003289CCPF;15/12/2022;17;0,211;R
ES0000000000003289CCPF;15/12/2022;18;0,27;R
ES0000000000003289CCPF;15/12/2022;19;0,936;R
ES0000000000003289CCPF;15/12/2022;20;0,322;R
ES0000000000003289CCPF;15/12/2022;21;0,2;R
ES0000000000003289CCPF;15/12/2022;22;0,157;R
ES0000000000003289CCPF;15/12/2022;23;0,196;R
ES0000000000003289CCPF;16/12/2022;0;0,223;R
ES0000000000003289CCPF;16/12/2022;1;0,219;R
ES0000000000003289CCPF;16/12/2022;2;0,788;R
ES0000000000003289CCPF;16/12/2022;3;0,216;R
ES0000000000003289CCPF;16/12/2022;4;0,558;R
ES0000000000003289CCPF;16/12/2022;5;0,541;R
ES0000000000003289CCPF;16/12/2022;6;0,176;R
ES0000000000003289CCPF;16/12/2022;7;0,155;R
ES0000000000003289CCPF;16/12/2022;8;0,098;R
ES0000000000003289CCPF;16/12/2022;9;1,156;R
ES0000000000003289CCPF;16/12/2022;10;0,287;R
ES0000000000003289CCPF;16/12/2022;11;0,098;R
ES0000000000003289CCPF;16/12/2022;12;0,152;R
ES0000000000003289CCPF;16/12/2022;13;0,106;R
ES0000000000003289CCPF;16/12/2022;14;0,14;R
ES0000000000003289CCPF;16/12/2022;15;0,218;R
ES0000000000003289CCPF;16/12/2022;16;0,178;R
ES0000000000003289CCPF;16/12/2022;17;0,187;R
ES0000000000003289CCPF;16/12/2022;18;0,186;R
ES0000000000003289CCPF;16/12/2022;19;0,075;R
ES0000000000003289CCPF;16/12/2022;20;0,133;R
ES0000000000003289CCPF;16/12/2022;21;0,191;R
ES0000000000003289CCPF;16/12/2022;22;0,135;R
ES0000000000003289CCPF;16/12/2022;23;0,258;R
ES0000000000003289CCPF;17/12/2022;0;0,172;R
ES0000000000003289CCPF;17/12/2022;1;0,118;R
ES0000000000003289CCPF;17/12/2022;2;0,081;R
ES0000000000003289CCPF;17/12/2022;3;0,081;R
ES0000000000003289CCPF;17/12/2022;4;0,078;R
ES0000000000003289CCPF;17/12/2022;5;0,066;R
ES0000000000003289CCPF;17/12/2022;6;0,089;R
ES0000000000003289CCPF;17/12/2022;7;0,078;R
ES0000000000003289CCPF;17/12/2022;8;0,09;R
ES0000000000003289CCPF;17/12/2022;9;0,149;R
ES0000000000003289CCPF;17/12/2022;10;0,413;R
ES0000000000003289CCPF;17/12/2022;11;0,357;R
ES0000000000003289CCPF;17/12/2022;12;0,332;R
ES0000000000003289CCPF;17/12/2022;13;0,141;R
ES0000000000003289CCPF;17/12/2022;14;0,057;R
ES0000000000003289CCPF;17/12/2022;15;0,147;R
ES0000000000003289CCPF;17/12/2022;16;0,166;R
ES0000000000003289CCPF;17/12/2022;17;0,168;R
ES0000000000003289CCPF;17/12/2022;18;0,152;R
ES0000000000003289CCPF;17/12/2022;19;0,166;R
ES0000000000003289CCPF;17/12/2022;20;0,077;R
ES0000000000003289CCPF;17/12/2022;21;0,076;R
ES0000000000003289CCPF;17/12/2022;22;0,111;R
ES0000000000003289CCPF;17/12/2022;23;0,215;R
ES0000000000003289CCPF;18/12/2022;0;0,189;R
ES0000000000003289CCPF;18/12/2022;1;0,186;R
ES0000000000003289CCPF;18/12/2022;2;0,202;R
ES0000000000003289CCPF;18/12/2022;3;0,112;R
ES0000000000003289CCPF;18/12/2022;4;0,081;R
ES0000000000003289CCPF;18/12/2022;5;0,08;R
ES0000000000003289CCPF;18/12/2022;6;0,065;R
ES0000000000003289CCPF;18/12/2022;7;0,162;R
ES0000000000003289CCPF;18/12/2022;8;0,166;R
ES0000000000003289CCPF;18/12/2022;9;0,169;R
ES0000000000003289CCPF;18/12/2022;10;0,368;R
ES0000000000003289CCPF;18/12/2022;11;0,298;R
ES0000000000003289CCPF;18/12/2022;12;0,129;R
ES0000000000003289CCPF;18/12/2022;13;0,113;R
ES0000000000003289CCPF;18/12/2022;14;0,166;R
ES0000000000003289CCPF;18/12/2022;15;0,253;R
ES0000000000003289CCPF;18/12/2022;16;0,243;R
ES0000000000003289CCPF;18/12/2022;17;0,244;R
ES0000000000003289CCPF;18/12/2022;18;0,757;R
ES0000000000003289CCPF;18/12/2022;19;0,344;R
ES0000000000003289CCPF;18/12/2022;20;0,19;R
ES0000000000003289CCPF;18/12/2022;21;0,203;R
ES0000000000003289CCPF;18/12/2022;22;0,893;R
ES0000000000003289CCPF;18/12/2022;23;0,612;R
ES0000000000003289CCPF;19/12/2022;0;0,876;R
ES0000000000003289CCPF;19/12/2022;1;0,424;R
ES0000000000003289CCPF;19/12/2022;2;0,553;R
ES0000000000003289CCPF;19/12/2022;3;0,68;R
ES0000000000003289CCPF;19/12/2022;4;0,104;R
ES0000000000003289CCPF;19/12/2022;5;0,155;R
ES0000000000003289CCPF;19/12/2022;6;0,168;R
ES0000000000003289CCPF;19/12/2022;7;0,336;R
ES0000000000003289CCPF;19/12/2022;8;0,143;R
ES0000000000003289CCPF;19/12/2022;9;0,199;R
ES0000000000003289CCPF;19/12/2022;10;0,068;R
ES0000000000003289CCPF;19/12/2022;11;0,071;R
ES0000000000003289CCPF;19/12/2022;12;0,079;R
ES0000000000003289CCPF;19/12/2022;13;0,079;R
ES0000000000003289CCPF;19/12/2022;14;0,078;R
ES0000000000003289CCPF;19/12/2022;15;0,09;R
ES0000000000003289CCPF;19/12/2022;16;0,173;R
ES0000000000003289CCPF;19/12/2022;17;0,227;R
ES0000000000003289CCPF;19/12/2022;18;0,312;R
ES0000000000003289CCPF;19/12/2022;19;0,246;R
ES0000000000003289CCPF;19/12/2022;20;0,173;R
ES0000000000003289CCPF;19/12/2022;21;0,383;R
ES0000000000003289CCPF;19/12/2022;22;0,099;R
ES0000000000003289CCPF;19/12/2022;23;0,349;R
ES0000000000003289CCPF;20/12/2022;0;0,119;R
ES0000000000003289CCPF;20/12/2022;1;0,098;R
ES0000000000003289CCPF;20/12/2022;2;0,206;R
ES0000000000003289CCPF;20/12/2022;3;0,074;R
ES0000000000003289CCPF;20/12/2022;4;0,059;R
ES0000000000003289CCPF;20/12/2022;5;0,09;R
ES0000000000003289CCPF;20/12/2022;6;0,158;R
ES0000000000003289CCPF;20/12/2022;7;0,164;R
ES0000000000003289CCPF;20/12/2022;8;0,216;R
ES0000000000003289CCPF;20/12/2022;9;0,32;R
ES0000000000003289CCPF;20/12/2022;10;0,217;R
ES0000000000003289CCPF;20/12/2022;11;0,131;R
ES0000000000003289CCPF;20/12/2022;12;0,08;R
ES0000000000003289CCPF;20/12/2022;13;0,195;R
ES0000000000003289CCPF;20/12/2022;14;0,182;R
ES0000000000003289CCPF;20/12/2022;15;0,165;R
ES0000000000003289CCPF;20/12/2022;16;0,183;R
ES0000000000003289CCPF;20/12/2022;17;0,268;R
ES0000000000003289CCPF;20/12/2022;18;0,233;R
ES0000000000003289CCPF;20/12/2022;19;0,701;R
ES0000000000003289CCPF;20/12/2022;20;0,287;R
ES0000000000003289CCPF;20/12/2022;21;0,26;R
ES0000000000003289CCPF;20/12/2022;22;0,161;R
ES0000000000003289CCPF;20/12/2022;23;1,082;R
ES0000000000003289CCPF;21/12/2022;0;1,302;R
ES0000000000003289CCPF;21/12/2022;1;0,209;R
ES0000000000003289CCPF;21/12/2022;2;0,126;R
ES0000000000003289CCPF;21/12/2022;3;0,133;R
ES0000000000003289CCPF;21/12/2022;4;0,428;R
ES0000000000003289CCPF;21/12/2022;5;0,124;R
ES0000000000003289CCPF;21/12/2022;6;0,077;R
ES0000000000003289CCPF;21/12/2022;7;0,16;R
ES0000000000003289CCPF;21/12/2022;8;0,332;R
ES0000000000003289CCPF;21/12/2022;9;0,419;R
ES0000000000003289CCPF;21/12/2022;10;0,16;R
ES0000000000003289CCPF;21/12/2022;11;0,094;R
ES0000000000003289CCPF;21/12/2022;12;0,096;R
ES0000000000003289CCPF;21/12/2022;13;0,092;R
ES0000000000003289CCPF;21/12/2022;14;0,091;R
ES0000000000003289CCPF;21/12/2022;15;0,293;R
ES0000000000003289CCPF;21/12/2022;16;0,229;R
ES0000000000003289CCPF;21/12/2022;17;0,188;R
ES0000000000003289CCPF;21/12/2022;18;0,244;R
ES0000000000003289CCPF;21/12/2022;19;0,247;R
ES0000000000003289CCPF;21/12/2022;20;0,159;R
ES0000000000003289CCPF;21/12/2022;21;0,202;R
ES0000000000003289CCPF;21/12/2022;22;0,123;R
ES0000000000003289CCPF;21/12/2022;23;0,096;R
ES0000000000003289CCPF;22/12/2022;0;0,12;R
ES0000000000003289CCPF;22/12/2022;1;0,185;R
ES0000000000003289CCPF;22/12/2022;2;0,141;R
ES0000000000003289CCPF;22/12/2022;3;0,077;R
ES0000000000003289CCPF;22/12/2022;4;0,082;R
ES0000000000003289CCPF;22/12/2022;5;0,08;R
ES0000000000003289CCPF;22/12/2022;6;0,078;R
ES0000000000003289CCPF;22/12/2022;7;0,144;R
ES0000000000003289CCPF;22/12/2022;8;0,229;R
ES0000000000003289CCPF;22/12/2022;9;0,378;R
ES0000000000003289CCPF;22/12/2022;10;0,25;R
ES0000000000003289CCPF;22/12/2022;11;0,082;R
ES0000000000003289CCPF;22/12/2022;12;0,071;R
ES0000000000003289CCPF;22/12/2022;13;0,135;R
ES0000000000003289CCPF;22/12/2022;14;0,131;R
ES0000000000003289CCPF;22/12/2022;15;0,116;R
ES0000000000003289CCPF;22/12/2022;16;0,306;R
ES0000000000003289CCPF;22/12/2022;17;0,159;R
ES0000000000003289CCPF;22/12/2022;18;0,158;R
ES0000000000003289CCPF;22/12/2022;19;0,375;R
ES0000000000003289CCPF;22/12/2022;20;0,174;R
ES0000000000003289CCPF;22/12/2022;21;0,4;R
ES0000000000003289CCPF;22/12/2022;22;0,921;R
ES0000000000003289CCPF;22/12/2022;23;0,237;R
ES0000000000003289CCPF;23/12/2022;0;0,145;R
ES0000000000003289CCPF;23/12/2022;1;0,101;R
ES0000000000003289CCPF;23/12/2022;2;0,691;R
ES0000000000003289CCPF;23/12/2022;3;0,107;R
ES0000000000003289CCPF;23/12/2022;4;0,46;R
ES0000000000003289CCPF;23/12/2022;5;0,468;R
ES0000000000003289CCPF;23/12/2022;6;0,061;R
ES0000000000003289CCPF;23/12/2022;7;0,11;R
ES0000000000003289CCPF;23/12/2022;8;0,293;R
ES0000000000003289CCPF;23/12/2022;9;1,01;R
ES0000000000003289CCPF;23/12/2022;10;0,253;R
ES0000000000003289CCPF;23/12/2022;11;0,095;R
ES0000000000003289CCPF;23/12/2022;12;0,09;R
ES0000000000003289CCPF;23/12/2022;13;0,084;R
ES0000000000003289CCPF;23/12/2022;14;0,13;R
ES0000000000003289CCPF;23/12/2022;15;0,096;R
ES0000000000003289CCPF;23/12/2022;16;0,349;R
ES0000000000003289CCPF;23/12/2022;17;0,409;R
ES0000000000003289CCPF;23/12/2022;18;0,311;R
ES0000000000003289CCPF;23/12/2022;19;0,496;R
ES0000000000003289CCPF;23/12/2022;20;0,286;R
ES0000000000003289CCPF;23/12/2022;21;0,903;R
ES0000000000003289CCPF;23/12/2022;22;0,649;R
ES0000000000003289CCPF;23/12/2022;23;0,155;R
ES0000000000003289CCPF;24/12/2022;0;0,193;R
ES0000000000003289CCPF;24/12/2022;1;0,077;R
ES0000000000003289CCPF;24/12/2022;2;0,078;R
ES0000000000003289CCPF;24/12/2022;3;0,079;R
ES0000000000003289CCPF;24/12/2022;4;0,078;R
ES0000000000003289CCPF;24/12/2022;5;0,079;R
ES0000000000003289CCPF;24/12/2022;6;0,076;R
ES0000000000003289CCPF;24/12/2022;7;0,076;R
ES0000000000003289CCPF;24/12/2022;8;0,073;R
ES0000000000003289CCPF;24/12/2022;9;0,094;R
ES0000000000003289CCPF;24/12/2022;10;0,27;R
ES0000000000003289CCPF;24/12/2022;11;0,361;R
ES0000000000003289CCPF;24/12/2022;12;0,121;R
ES0000000000003289CCPF;24/12/2022;13;0,076;R
ES0000000000003289CCPF;24/12/2022;14;0,076;R
ES0000000000003289CCPF;24/12/2022;15;0,109;R
ES0000000000003289CCPF;24/12/2022;16;0,168;R
ES0000000000003289CCPF;24/12/2022;17;0,729;R
ES0000000000003289CCPF;24/12/2022;18;1,073;R
ES0000000000003289CCPF;24/12/2022;19;0,182;R
ES0000000000003289CCPF;24/12/2022;20;0,123;R
ES0000000000003289CCPF;24/12/2022;21;0,396;R
ES0000000000003289CCPF;24/12/2022;22;0,112;R
ES0000000000003289CCPF;24/12/2022;23;0,094;R
ES0000000000003289CCPF;25/12/2022;0;0,169;R
ES0000000000003289CCPF;25/12/2022;1;0,169;R
ES0000000000003289CCPF;25/12/2022;2;0,237;R
ES0000000000003289CCPF;25/12/2022;3;0,158;R
ES0000000000003289CCPF;25/12/2022;4;0,171;R
ES0000000000003289CCPF;25/12/2022;5;0,155;R
ES0000000000003289CCPF;25/12/2022;6;0,073;R
ES0000000000003289CCPF;25/12/2022;7;0,063;R
ES0000000000003289CCPF;25/12/2022;8;0,097;R
ES0000000000003289CCPF;25/12/2022;9;0,158;R
ES0000000000003289CCPF;25/12/2022;10;0,185;R
ES0000000000003289CCPF;25/12/2022;11;0,27;R
ES0000000000003289CCPF;25/12/2022;12;0,288;R
ES0000000000003289CCPF;25/12/2022;13;0,254;R
ES0000000000003289CCPF;25/12/2022;14;0,25;R
ES0000000000003289CCPF;25/12/2022;15;0,307;R
ES0000000000003289CCPF;25/12/2022;16;0,35;R
ES0000000000003289CCPF;25/12/2022;17;0,342;R
ES0000000000003289CCPF;25/12/2022;18;0,243;R
ES0000000000003289CCPF;25/12/2022;19;0,24;R
ES0000000000003289CCPF;25/12/2022;20;0,249;R
ES0000000000003289CCPF;25/12/2022;21;0,301;R
ES0000000000003289CCPF;25/12/2022;22;0,333;R
ES0000000000003289CCPF;25/12/2022;23;0,332;R
ES0000000000003289CCPF;26/12/2022;0;0,347;R
ES0000000000003289CCPF;26/12/2022;1;0,307;R
ES0000000000003289CCPF;26/12/2022;2;0,235;R
ES0000000000003289CCPF;26/12/2022;3;0,252;R
ES0000000000003289CCPF;26/12/2022;4;0,267;R
ES0000000000003289CCPF;26/12/2022;5;0,34;R
ES0000000000003289CCPF;26/12/2022;6;0,329;R
ES0000000000003289CCPF;26/12/2022;7;0,344;R
ES0000000000003289CCPF;26/12/2022;8;0,27;R
ES0000000000003289CCPF;26/12/2022;9;0,232;R
ES0000000000003289CCPF;26/12/2022;10;0,247;R
ES0000000000003289CCPF;26/12/2022;11;0,248;R
ES0000000000003289CCPF;26/12/2022;12;0,243;R
ES0000000000003289CCPF;26/12/2022;13;0,238;R
ES0000000000003289CCPF;26/12/2022;14;0,249;R
ES0000000000003289CCPF;26/12/2022;15;0,279;R
ES0000000000003289CCPF;26/12/2022;16;0,33;R
ES0000000000003289CCPF;26/12/2022;17;0,344;R
ES0000000000003289CCPF;26/12/2022;18;0,342;R
ES0000000000003289CCPF;26/12/2022;19;0,342;R
ES0000000000003289CCPF;26/12/2022;20;0,501;R
ES0000000000003289CCPF;26/12/2022;21;0,296;R
ES0000000000003289CCPF;26/12/2022;22;0,239;R
ES0000000000003289CCPF;26/12/2022;23;0,126;R
ES0000000000003289CCPF;27/12/2022;0;0,105;R
ES0000000000003289CCPF;27/12/2022;1;0,081;R
ES0000000000003289CCPF;27/12/2022;2;0,64;R
ES0000000000003289CCPF;27/12/2022;3;0,099;R
ES0000000000003289CCPF;27/12/2022;4;0,174;R
ES0000000000003289CCPF;27/12/2022;5;0,866;R
ES0000000000003289CCPF;27/12/2022;6;0,16;R
ES0000000000003289CCPF;27/12/2022;7;0,104;R
ES0000000000003289CCPF;27/12/2022;8;0,102;R
ES0000000000003289CCPF;27/12/2022;9;0,412;R
ES0000000000003289CCPF;27/12/2022;10;0,179;R
ES0000000000003289CCPF;27/12/2022;11;0,262;R
ES0000000000003289CCPF;27/12/2022;12;0,298;R
ES0000000000003289CCPF;27/12/2022;13;0,328;R
ES0000000000003289CCPF;27/12/2022;14;0,132;R
ES0000000000003289CCPF;27/12/2022;15;0,117;R
ES0000000000003289CCPF;27/12/2022;16;0,623;R
ES0000000000003289CCPF;27/12/2022;17;0,151;R
ES0000000000003289CCPF;27/12/2022;18;0,211;R
ES0000000000003289CCPF;27/12/2022;19;0,137;R
ES0000000000003289CCPF;27/12/2022;20;0,16;R
ES0000000000003289CCPF;27/12/2022;21;0,169;R
ES0000000000003289CCPF;27/12/2022;22;0,269;R
ES0000000000003289CCPF;27/12/2022;23;1,76;R
ES0000000000003289CCPF;28/12/2022;0;0,467;R
ES0000000000003289CCPF;28/12/2022;1;0,097;R
ES0000000000003289CCPF;28/12/2022;2;0,178;R
ES0000000000003289CCPF;28/12/2022;3;0,167;R
ES0000000000003289CCPF;28/12/2022;4;0,36;R
ES0000000000003289CCPF;28/12/2022;5;0,216;R
ES0000000000003289CCPF;28/12/2022;6;0,188;R
ES0000000000003289CCPF;28/12/2022;7;0,172;R
ES0000000000003289CCPF;28/12/2022;8;0,186;R
ES0000000000003289CCPF;28/12/2022;9;0,964;R
ES0000000000003289CCPF;28/12/2022;10;0,434;R
ES0000000000003289CCPF;28/12/2022;11;0,205;R
ES0000000000003289CCPF;28/12/2022;12;0,099;R
ES0000000000003289CCPF;28/12/2022;13;0,165;R
ES0000000000003289CCPF;28/12/2022;14;0,19;R
ES0000000000003289CCPF;28/12/2022;15;0,194;R
ES0000000000003289CCPF;28/12/2022;16;0,073;R
ES0000000000003289CCPF;28/12/2022;17;0,179;R
ES0000000000003289CCPF;28/12/2022;18;0,171;R
ES0000000000003289CCPF;28/12/2022;19;0,195;R
ES0000000000003289CCPF;28/12/2022;20;0,2;R
ES0000000000003289CCPF;28/12/2022;21;0,248;R
ES0000000000003289CCPF;28/12/2022;22;0,223;R
ES0000000000003289CCPF;28/12/2022;23;0,093;R
ES0000000000003289CCPF;29/12/2022;0;0,112;R
ES0000000000003289CCPF;29/12/2022;1;0,121;R
ES0000000000003289CCPF;29/12/2022;2;0,163;R
ES0000000000003289CCPF;29/12/2022;3;0,578;R
ES0000000000003289CCPF;29/12/2022;4;0,102;R
ES0000000000003289CCPF;29/12/2022;5;0,8;R
ES0000000000003289CCPF;29/12/2022;6;0,153;R
ES0000000000003289CCPF;29/12/2022;7;0,167;R
ES0000000000003289CCPF;29/12/2022;8;0,429;R
ES0000000000003289CCPF;29/12/2022;9;0,317;R
ES0000000000003289CCPF;29/12/2022;10;0,212;R
ES0000000000003289CCPF;29/12/2022;11;0,1;R
ES0000000000003289CCPF;29/12/2022;12;0,09;R
ES0000000000003289CCPF;29/12/2022;13;0,117;R
ES0000000000003289CCPF;29/12/2022;14;0,111;R
ES0000000000003289CCPF;29/12/2022;15;0,173;R
ES0000000000003289CCPF;29/12/2022;16;1,287;R
ES0000000000003289CCPF;29/12/2022;17;0,579;R
ES0000000000003289CCPF;29/12/2022;18;0,32;R
ES0000000000003289CCPF;29/12/2022;19;0,08;R
ES0000000000003289CCPF;29/12/2022;20;0,069;R
ES0000000000003289CCPF;29/12/2022;21;0,066;R
ES0000000000003289CCPF;29/12/2022;22;0,073;R
ES0000000000003289CCPF;29/12/2022;23;0,073;R
ES0000000000003289CCPF;30/12/2022;0;0,076;R
ES0000000000003289CCPF;30/12/2022;1;0,072;R
ES0000000000003289CCPF;30/12/2022;2;0,061;R
ES0000000000003289CCPF;30/12/2022;3;0,593;R
ES0000000000003289CCPF;30/12/2022;4;0,095;R
ES0000000000003289CCPF;30/12/2022;5;0,098;R
ES0000000000003289CCPF;30/12/2022;6;0,716;R
ES0000000000003289CCPF;30/12/2022;7;0,069;R
ES0000000000003289CCPF;30/12/2022;8;0,073;R
ES0000000000003289CCPF;30/12/2022;9;0,073;R
ES0000000000003289CCPF;30/12/2022;10;0,06;R
ES0000000000003289CCPF;30/12/2022;11;0,07;R
ES0000000000003289CCPF;30/12/2022;12;0,073;R
ES0000000000003289CCPF;30/12/2022;13;0,072;R
ES0000000000003289CCPF;30/12/2022;14;0,056;R
ES0000000000003289CCPF;30/12/2022;15;0,07;R
ES0000000000003289CCPF;30/12/2022;16;0,073;R
ES0000000000003289CCPF;30/12/2022;17;0,072;R
ES0000000000003289CCPF;30/12/2022;18;0,056;R
ES0000000000003289CCPF;30/12/2022;19;0,072;R
ES0000000000003289CCPF;30/12/2022;20;0,072;R
ES0000000000003289CCPF;30/12/2022;21;0,071;R
ES0000000000003289CCPF;30/12/2022;22;0,057;R
ES0000000000003289CCPF;30/12/2022;23;0,07;R
ES0000000000003289CCPF;31/12/2022;0;0,072;R
ES0000000000003289CCPF;31/12/2022;1;0,059;R
ES0000000000003289CCPF;31/12/2022;2;0,067;R
ES0000000000003289CCPF;31/12/2022;3;0,071;R
ES0000000000003289CCPF;31/12/2022;4;0,065;R
ES0000000000003289CCPF;31/12/2022;5;0,05;R
ES0000000000003289CCPF;31/12/2022;6;0,065;R
ES0000000000003289CCPF;31/12/2022;7;0,067;R
ES0000000000003289CCPF;31/12/2022;8;0,056;R
ES0000000000003289CCPF;31/12/2022;9;0,069;R
ES0000000000003289CCPF;31/12/2022;10;0,071;R
ES0000000000003289CCPF;31/12/2022;11;0,067;R
ES0000000000003289CCPF;31/12/2022;12;0,057;R
ES0000000000003289CCPF;31/12/2022;13;0,07;R
ES0000000000003289CCPF;31/12/2022;14;0,07;R
ES0000000000003289CCPF;31/12/2022;15;0,055;R
ES0000000000003289CCPF;31/12/2022;16;0,072;R
ES0000000000003289CCPF;31/12/2022;17;0,07;R
ES0000000000003289CCPF;31/12/2022;18;0,058;R
ES0000000000003289CCPF;31/12/2022;19;0,07;R
ES0000000000003289CCPF;31/12/2022;20;0,066;R
ES0000000000003289CCPF;31/12/2022;21;0,062;R
ES0000000000003289CCPF;31/12/2022;22;0,049;R
ES0000000000003289CCPF;31/12/2022;23;0,067;R
ES0000000000003289CCPF;01/01/2023;0;0,07;R
ES0000000000003289CCPF;01/01/2023;1;0,056;R
ES0000000000003289CCPF;01/01/2023;2;0,07;R
ES0000000000003289CCPF;01/01/2023;3;0,071;R
ES0000000000003289CCPF;01/01/2023;4;0,056;R
ES0000000000003289CCPF;01/01/2023;5;0,07;R
ES0000000000003289CCPF;01/01/2023;6;0,071;R
ES0000000000003289CCPF;01/01/2023;7;0,056;R
ES0000000000003289CCPF;01/01/2023;8;0,066;R
ES0000000000003289CCPF;01/01/2023;9;0,061;R
ES0000000000003289CCPF;01/01/2023;10;0,046;R
ES0000000000003289CCPF;01/01/2023;11;0,071;R
ES0000000000003289CCPF;01/01/2023;12;0,069;R
ES0000000000003289CCPF;01/01/2023;13;0,056;R
ES0000000000003289CCPF;01/01/2023;14;0,069;R
ES0000000000003289CCPF;01/01/2023;15;0,072;R
ES0000000000003289CCPF;01/01/2023;16;0,057;R
ES0000000000003289CCPF;01/01/2023;17;0,071;R
ES0000000000003289CCPF;01/01/2023;18;0,071;R
ES0000000000003289CCPF;01/01/2023;19;2,253;R
ES0000000000003289CCPF;01/01/2023;20;0,295;R
ES0000000000003289CCPF;01/01/2023;21;0,784;R
ES0000000000003289CCPF;01/01/2023;22;0,282;R
ES0000000000003289CCPF;01/01/2023;23;0,233;R
ES0000000000003289CCPF;02/01/2023;0;0,215;R
ES0000000000003289CCPF;02/01/2023;1;0,479;R
ES0000000000003289CCPF;02/01/2023;2;0,197;R
ES0000000000003289CCPF;02/01/2023;3;0,164;R
ES0000000000003289CCPF;02/01/2023;4;0,181;R
ES0000000000003289CCPF;02/01/2023;5;0,073;R
ES0000000000003289CCPF;02/01/2023;6;0,07;R
ES0000000000003289CCPF;02/01/2023;7;0,104;R
ES0000000000003289CCPF;02/01/2023;8;0,167;R
ES0000000000003289CCPF;02/01/2023;9;0,151;R
ES0000000000003289CCPF;02/01/2023;10;0,377;R
ES0000000000003289CCPF;02/01/2023;11;0,209;R
ES0000000000003289CCPF;02/01/2023;12;0,304;R
ES0000000000003289CCPF;02/01/2023;13;0,342;R
ES0000000000003289CCPF;02/01/2023;14;0,143;R
ES0000000000003289CCPF;02/01/2023;15;0,06;R
ES0000000000003289CCPF;02/01/2023;16;0,077;R
ES0000000000003289CCPF;02/01/2023;17;0,077;R
ES0000000000003289CCPF;02/01/2023;18;0,077;R
ES0000000000003289CCPF;02/01/2023;19;0,06;R
ES0000000000003289CCPF;02/01/2023;20;0,075;R
ES0000000000003289CCPF;02/01/2023;21;0,075;R
ES0000000000003289CCPF;02/01/2023;22;0,075;R
ES0000000000003289CCPF;02/01/2023;23;0,059;R
ES0000000000003289CCPF;03/01/2023;0;0,073;R
ES0000000000003289CCPF;03/01/2023;1;0,07;R
ES0000000000003289CCPF;03/01/2023;2;0,067;R
ES0000000000003289CCPF;03/01/2023;3;0,057;R
ES0000000000003289CCPF;03/01/2023;4;0,071;R
ES0000000000003289CCPF;03/01/2023;5;0,073;R
ES0000000000003289CCPF;03/01/2023;6;0,07;R
ES0000000000003289CCPF;03/01/2023;7;0,061;R
ES0000000000003289CCPF;03/01/2023;8;0,072;R
ES0000000000003289CCPF;03/01/2023;9;0,074;R
ES0000000000003289CCPF;03/01/2023;10;0,064;R
ES0000000000003289CCPF;03/01/2023;11;0,068;R
ES0000000000003289CCPF;03/01/2023;12;0,073;R
ES0000000000003289CCPF;03/01/2023;13;0,075;R
ES0000000000003289CCPF;03/01/2023;14;0,058;R
ES0000000000003289CCPF;03/01/2023;15;0,067;R
ES0000000000003289CCPF;03/01/2023;16;0,066;R
ES0000000000003289CCPF;03/01/2023;17;0,071;R
ES0000000000003289CCPF;03/01/2023;18;0,055;R
ES0000000000003289CCPF;03/01/2023;19;0,075;R
ES0000000000003289CCPF;03/01/2023;20;0,075;R
ES0000000000003289CCPF;03/01/2023;21;0,072;R
ES0000000000003289CCPF;03/01/2023;22;0,06;R
ES0000000000003289CCPF;03/01/2023;23;0,074;R
ES0000000000003289CCPF;04/01/2023;0;0,073;R
ES0000000000003289CCPF;04/01/2023;1;0,072;R
ES0000000000003289CCPF;04/01/2023;2;0,058;R
ES0000000000003289CCPF;04/01/2023;3;0,073;R
ES0000000000003289CCPF;04/01/2023;4;0,073;R
ES0000000000003289CCPF;04/01/2023;5;0,054;R
ES0000000000003289CCPF;04/01/2023;6;0,064;R
ES0000000000003289CCPF;04/01/2023;7;0,064;R
ES0000000000003289CCPF;04/01/2023;8;0,067;R
ES0000000000003289CCPF;04/01/2023;9;0,063;R
ES0000000000003289CCPF;04/01/2023;10;0,073;R
ES0000000000003289CCPF;04/01/2023;11;0,069;R
ES0000000000003289CCPF;04/01/2023;12;0,061;R
ES0000000000003289CCPF;04/01/2023;13;0,141;R
ES0000000000003289CCPF;04/01/2023;14;0,105;R
ES0000000000003289CCPF;04/01/2023;15;0,195;R
ES0000000000003289CCPF;04/01/2023;16;0,34;R
ES0000000000003289CCPF;04/01/2023;17;0,114;R
ES0000000000003289CCPF;04/01/2023;18;0,07;R
ES0000000000003289CCPF;04/01/2023;19;0,058;R
ES0000000000003289CCPF;04/01/2023;20;0,542;R
ES0000000000003289CCPF;04/01/2023;21;1,783;R
ES0000000000003289CCPF;04/01/2023;22;0,336;R
ES0000000000003289CCPF;04/01/2023;23;0,182;R
ES0000000000003289CCPF;05/01/2023;0;0,17;R
ES0000000000003289CCPF;05/01/2023;1;0,181;R
ES0000000000003289CCPF;05/01/2023;2;0,191;R
ES0000000000003289CCPF;05/01/2023;3;0,081;R
ES0000000000003289CCPF;05/01/2023;4;0,049;R
ES0000000000003289CCPF;05/01/2023;5;0,108;R
ES0000000000003289CCPF;05/01/2023;6;0,167;R
ES0000000000003289CCPF;05/01/2023;7;0,165;R
ES0000000000003289CCPF;05/01/2023;8;0,299;R
ES0000000000003289CCPF;05/01/2023;9;0,284;R
ES0000000000003289CCPF;05/01/2023;10;0,366;R
ES0000000000003289CCPF;05/01/2023;11;0,192;R
ES0000000000003289CCPF;05/01/2023;12;0,241;R
ES0000000000003289CCPF;05/01/2023;13;0,176;R
ES0000000000003289CCPF;05/01/2023;14;0,239;R
ES0000000000003289CCPF;05/01/2023;15;1,519;R
ES0000000000003289CCPF;05/01/2023;16;0,132;R
ES0000000000003289CCPF;05/01/2023;17;0,185;R
ES0000000000003289CCPF;05/01/2023;18;0,249;R
ES0000000000003289CCPF;05/01/2023;19;0,332;R
ES0000000000003289CCPF;05/01/2023;20;0,17;R
ES0000000000003289CCPF;05/01/2023;21;0,164;R
ES0000000000003289CCPF;05/01/2023;22;0,156;R
ES0000000000003289CCPF;05/01/2023;23;0,143;R
ES0000000000003289CCPF;06/01/2023;0;0,077;R
ES0000000000003289CCPF;06/01/2023;1;0,073;R
ES0000000000003289CCPF;06/01/2023;2;0,083;R
ES0000000000003289CCPF;06/01/2023;3;0,686;R
ES0000000000003289CCPF;06/01/2023;4;0,185;R
ES0000000000003289CCPF;06/01/2023;5;0,811;R
ES0000000000003289CCPF;06/01/2023;6;0,243;R
ES0000000000003289CCPF;06/01/2023;7;0,164;R
ES0000000000003289CCPF;06/01/2023;8;0,165;R
ES0000000000003289CCPF;06/01/2023;9;0,165;R
ES0000000000003289CCPF;06/01/2023;10;0,151;R
ES0000000000003289CCPF;06/01/2023;11;0,083;R
ES0000000000003289CCPF;06/01/2023;12;0,132;R
ES0000000000003289CCPF;06/01/2023;13;0,125;R
ES0000000000003289CCPF;06/01/2023;14;0,071;R
ES0000000000003289CCPF;06/01/2023;15;0,105;R
ES0000000000003289CCPF;06/01/2023;16;0,169;R
ES0000000000003289CCPF;06/01/2023;17;0,159;R
ES0000000000003289CCPF;06/01/2023;18;0,161;R
ES0000000000003289CCPF;06/01/2023;19;0,167;R
ES0000000000003289CCPF;06/01/2023;20;0,255;R
ES0000000000003289CCPF;06/01/2023;21;0,238;R
ES0000000000003289CCPF;06/01/2023;22;0,252;R
ES0000000000003289CCPF;06/01/2023;23;0,158;R
ES0000000000003289CCPF;07/01/2023;0;0,213;R
ES0000000000003289CCPF;07/01/2023;1;0,15;R
ES0000000000003289CCPF;07/01/2023;2;0,076;R
ES0000000000003289CCPF;07/01/2023;3;0,061;R
ES0000000000003289CCPF;07/01/2023;4;0,075;R
ES0000000000003289CCPF;07/01/2023;5;0,075;R
ES0000000000003289CCPF;07/01/2023;6;0,076;R
ES0000000000003289CCPF;07/01/2023;7;0,064;R
ES0000000000003289CCPF;07/01/2023;8;0,076;R
ES0000000000003289CCPF;07/01/2023;9;0,162;R
ES0000000000003289CCPF;07/01/2023;10;0,434;R
ES0000000000003289CCPF;07/01/2023;11;0,27;R
ES0000000000003289CCPF;07/01/2023;12;0,298;R
ES0000000000003289CCPF;07/01/2023;13;0,343;R
ES0000000000003289CCPF;07/01/2023;14;0,184;R
ES0000000000003289CCPF;07/01/2023;15;0,243;R
ES0000000000003289CCPF;07/01/2023;16;0,193;R
ES0000000000003289CCPF;07/01/2023;17;0,307;R
ES0000000000003289CCPF;07/01/2023;18;0,34;R
ES0000000000003289CCPF;07/01/2023;19;0,296;R
ES0000000000003289CCPF;07/01/2023;20;0,406;R
ES0000000000003289CCPF;07/01/2023;21;0,257;R
ES0000000000003289CCPF;07/01/2023;22;0,236;R
ES0000000000003289CCPF;07/01/2023;23;1,496;R
ES0000000000003289CCPF;08/01/2023;0;0,283;R
ES0000000000003289CCPF;08/01/2023;1;0,196;R
ES0000000000003289CCPF;08/01/2023;2;0,24;R
ES0000000000003289CCPF;08/01/2023;3;0,164;R
ES0000000000003289CCPF;08/01/2023;4;0,186;R
ES0000000000003289CCPF;08/01/2023;5;0,424;R
ES0000000000003289CCPF;08/01/2023;6;0,289;R
ES0000000000003289CCPF;08/01/2023;7;0,172;R
ES0000000000003289CCPF;08/01/2023;8;0,16;R
ES0000000000003289CCPF;08/01/2023;9;0,086;R
ES0000000000003289CCPF;08/01/2023;10;0,352;R
ES0000000000003289CCPF;08/01/2023;11;0,223;R
ES0000000000003289CCPF;08/01/2023;12;0,118;R
ES0000000000003289CCPF;08/01/2023;13;0,076;R
ES0000000000003289CCPF;08/01/2023;14;0,104;R
ES0000000000003289CCPF;08/01/2023;15;0,161;R
ES0000000000003289CCPF;08/01/2023;16;0,206;R
ES0000000000003289CCPF;08/01/2023;17;0,431;R
ES0000000000003289CCPF;08/01/2023;18;0,24;R
ES0000000000003289CCPF;08/01/2023;19;0,338;R
ES0000000000003289CCPF;08/01/2023;20;0,344;R
ES0000000000003289CCPF;08/01/2023;21;0,234;R
ES0000000000003289CCPF;08/01/2023;22;0,158;R
ES0000000000003289CCPF;08/01/2023;23;0,758;R
ES0000000000003289CCPF;09/01/2023;0;0,133;R
ES0000000000003289CCPF;09/01/2023;1;0,106;R
ES0000000000003289CCPF;09/01/2023;2;0,769;R
ES0000000000003289CCPF;09/01/2023;3;0,212;R
ES0000000000003289CCPF;09/01/2023;4;0,299;R
ES0000000000003289CCPF;09/01/2023;5;0,752;R
ES0000000000003289CCPF;09/01/2023;6;0,077;R
ES0000000000003289CCPF;09/01/2023;7;0,088;R
ES0000000000003289CCPF;09/01/2023;8;0,346;R
ES0000000000003289CCPF;09/01/2023;9;0,223;R
ES0000000000003289CCPF;09/01/2023;10;0,271;R
ES0000000000003289CCPF;09/01/2023;11;0,129;R
ES0000000000003289CCPF;09/01/2023;12;0,102;R
ES0000000000003289CCPF;09/01/2023;13;0,134;R
ES0000000000003289CCPF;09/01/2023;14;0,119;R
ES0000000000003289CCPF;09/01/2023;15;0,075;R
ES0000000000003289CCPF;09/01/2023;16;0,124;R
ES0000000000003289CCPF;09/01/2023;17;0,111;R
ES0000000000003289CCPF;09/01/2023;18;0,065;R
ES0000000000003289CCPF;09/01/2023;19;0,22;R
ES0000000000003289CCPF;09/01/2023;20;0,249;R
ES0000000000003289CCPF;09/01/2023;21;0,299;R
ES0000000000003289CCPF;09/01/2023;22;0,195;R
ES0000000000003289CCPF;09/01/2023;23;0,161;R
ES0000000000003289CCPF;10/01/2023;0;0,398;R
ES0000000000003289CCPF;10/01/2023;1;0,172;R
ES0000000000003289CCPF;10/01/2023;2;0,155;R
ES0000000000003289CCPF;10/01/2023;3;0,139;R
ES0000000000003289CCPF;10/01/2023;4;0,076;R
ES0000000000003289CCPF;10/01/2023;5;0,114;R
ES0000000000003289CCPF;10/01/2023;6;0,152;R
ES0000000000003289CCPF;10/01/2023;7;0,165;R
ES0000000000003289CCPF;10/01/2023;8;0,302;R
ES0000000000003289CCPF;10/01/2023;9;0,325;R
ES0000000000003289CCPF;10/01/2023;10;0,08;R
ES0000000000003289CCPF;10/01/2023;11;0,118;R
ES0000000000003289CCPF;10/01/2023;12;0,167;R
ES0000000000003289CCPF;10/01/2023;13;0,177;R
ES0000000000003289CCPF;10/01/2023;14;0,384;R
ES0000000000003289CCPF;10/01/2023;15;0,085;R
ES0000000000003289CCPF;10/01/2023;16;0,106;R
ES0000000000003289CCPF;10/01/2023;17;0,169;R
ES0000000000003289CCPF;10/01/2023;18;0,269;R
ES0000000000003289CCPF;10/01/2023;19;0,281;R
ES0000000000003289CCPF;10/01/2023;20;0,235;R
ES0000000000003289CCPF;10/01/2023;21;0,295;R
ES0000000000003289CCPF;10/01/2023;22;0,131;R
ES0000000000003289CCPF;10/01/2023;23;0,168;R
ES0000000000003289CCPF;11/01/2023;0;0,207;R
ES0000000000003289CCPF;11/01/2023;1;0,152;R
ES0000000000003289CCPF;11/01/2023;2;0,169;R
ES0000000000003289CCPF;11/01/2023;3;0,164;R
ES0000000000003289CCPF;11/01/2023;4;0,132;R
ES0000000000003289CCPF;11/01/2023;5;0,084;R
ES0000000000003289CCPF;11/01/2023;6;0,064;R
ES0000000000003289CCPF;11/01/2023;7;0,084;R
ES0000000000003289CCPF;11/01/2023;8;0,866;R
ES0000000000003289CCPF;11/01/2023;9;0,51;R
ES0000000000003289CCPF;11/01/2023;10;0,305;R
ES0000000000003289CCPF;11/01/2023;11;0,094;R
ES0000000000003289CCPF;11/01/2023;12;0,099;R
ES0000000000003289CCPF;11/01/2023;13;0,195;R
ES0000000000003289CCPF;11/01/2023;14;0,352;R
ES0000000000003289CCPF;11/01/2023;15;0,154;R
ES0000000000003289CCPF;11/01/2023;16;0,186;R
ES0000000000003289CCPF;11/01/2023;17;1,145;R
ES0000000000003289CCPF;11/01/2023;18;0,546;R
ES0000000000003289CCPF;11/01/2023;19;0,286;R
ES0000000000003289CCPF;11/01/2023;20;0,254;R
ES0000000000003289CCPF;11/01/2023;21;0,355;R
ES0000000000003289CCPF;11/01/2023;22;0,238;R
ES0000000000003289CCPF;11/01/2023;23;0,228;R
ES0000000000003289CCPF;12/01/2023;0;0,137;R
ES0000000000003289CCPF;12/01/2023;1;0,091;R
ES0000000000003289CCPF;12/01/2023;2;0,077;R
ES0000000000003289CCPF;12/01/2023;3;0,671;R
ES0000000000003289CCPF;12/01/2023;4;0,094;R
ES0000000000003289CCPF;12/01/2023;5;0,094;R
ES0000000000003289CCPF;12/01/2023;6;0,831;R
ES0000000000003289CCPF;12/01/2023;7;0,139;R
ES0000000000003289CCPF;12/01/2023;8;0,251;R
ES0000000000003289CCPF;12/01/2023;9;0,378;R
ES0000000000003289CCPF;12/01/2023;10;0,171;R
ES0000000000003289CCPF;12/01/2023;11;0,074;R
ES0000000000003289CCPF;12/01/2023;12;0,069;R
ES0000000000003289CCPF;12/01/2023;13;0,069;R
ES0000000000003289CCPF;12/01/2023;14;0,055;R
ES0000000000003289CCPF;12/01/2023;15;0,074;R
ES0000000000003289CCPF;12/01/2023;16;0,092;R
ES0000000000003289CCPF;12/01/2023;17;0,094;R
ES0000000000003289CCPF;12/01/2023;18;0,171;R
ES0000000000003289CCPF;12/01/2023;19;0,244;R
ES0000000000003289CCPF;12/01/2023;20;0,295;R
ES0000000000003289CCPF;12/01/2023;21;0,293;R
ES0000000000003289CCPF;12/01/2023;22;0,279;R
ES0000000000003289CCPF;12/01/2023;23;0,343;R
ES0000000000003289CCPF;13/01/2023;0;0,186;R
ES0000000000003289CCPF;13/01/2023;1;0,156;R
ES0000000000003289CCPF;13/01/2023;2;0,113;R
ES0000000000003289CCPF;13/01/2023;3;0,135;R
ES0000000000003289CCPF;13/01/2023;4;0,104;R
ES0000000000003289CCPF;13/01/2023;5;0,174;R
ES0000000000003289CCPF;13/01/2023;6;0,459;R
ES0000000000003289CCPF;13/01/2023;7;0,202;R
ES0000000000003289CCPF;13/01/2023;8;0,183;R
ES0000000000003289CCPF;13/01/2023;9;0,392;R
ES0000000000003289CCPF;13/01/2023;10;0,19;R
ES0000000000003289CCPF;13/01/2023;11;0,101;R
ES0000000000003289CCPF;13/01/2023;12;0,166;R
ES0000000000003289CCPF;13/01/2023;13;0,171;R
ES0000000000003289CCPF;13/01/2023;14;0,168;R
ES0000000000003289CCPF;13/01/2023;15;0,116;R
ES0000000000003289CCPF;13/01/2023;16;0,19;R
ES0000000000003289CCPF;13/01/2023;17;0,246;R
ES0000000000003289CCPF;13/01/2023;18;0,268;R
ES0000000000003289CCPF;13/01/2023;19;0,15;R
ES0000000000003289CCPF;13/01/2023;20;0,185;R
ES0000000000003289CCPF;13/01/2023;21;0,194;R
ES0000000000003289CCPF;13/01/2023;22;0,264;R
ES0000000000003289CCPF;13/01/2023;23;0,362;R
ES0000000000003289CCPF;14/01/2023;0;0,549;R
ES0000000000003289CCPF;14/01/2023;1;0,095;R
ES0000000000003289CCPF;14/01/2023;2;0,103;R
ES0000000000003289CCPF;14/01/2023;3;0,094;R
ES0000000000003289CCPF;14/01/2023;4;0,149;R
ES0000000000003289CCPF;14/01/2023;5;0,086;R
ES0000000000003289CCPF;14/01/2023;6;0,116;R
ES0000000000003289CCPF;14/01/2023;7;0,151;R
ES0000000000003289CCPF;14/01/2023;8;0,166;R
ES0000000000003289CCPF;14/01/2023;9;0,164;R
ES0000000000003289CCPF;14/01/2023;10;0,103;R
ES0000000000003289CCPF;14/01/2023;11;0,295;R
ES0000000000003289CCPF;14/01/2023;12;1,615;R
ES0000000000003289CCPF;14/01/2023;13;0,294;R
ES0000000000003289CCPF;14/01/2023;14;0,87;R
ES0000000000003289CCPF;14/01/2023;15;1,131;R
ES0000000000003289CCPF;14/01/2023;16;0,346;R
ES0000000000003289CCPF;14/01/2023;17;0,795;R
ES0000000000003289CCPF;14/01/2023;18;0,368;R
ES0000000000003289CCPF;14/01/2023;19;0,353;R
ES0000000000003289CCPF;14/01/2023;20;0,965;R
ES0000000000003289CCPF;14/01/2023;21;0,469;R
ES0000000000003289CCPF;14/01/2023;22;0,572;R
ES0000000000003289CCPF;14/01/2023;23;0,238;R
ES0000000000003289CCPF;15/01/2023;0;0,564;R
ES0000000000003289CCPF;15/01/2023;1;0,772;R
ES0000000000003289CCPF;15/01/2023;2;0,167;R
ES0000000000003289CCPF;15/01/2023;3;0,173;R
ES0000000000003289CCPF;15/01/2023;4;0,109;R
ES0000000000003289CCPF;15/01/2023;5;0,169;R
ES0000000000003289CCPF;15/01/2023;6;0,166;R
ES0000000000003289CCPF;15/01/2023;7;0,163;R
ES0000000000003289CCPF;15/01/2023;8;0,168;R
ES0000000000003289CCPF;15/01/2023;9;0,301;R
ES0000000000003289CCPF;15/01/2023;10;1,019;R
ES0000000000003289CCPF;15/01/2023;11;0,532;R
ES0000000000003289CCPF;15/01/2023;12;0,148;R
ES0000000000003289CCPF;15/01/2023;13;0,114;R
ES0000000000003289CCPF;15/01/2023;14;0,104;R
ES0000000000003289CCPF;15/01/2023;15;0,182;R
ES0000000000003289CCPF;15/01/2023;16;0,193;R
ES0000000000003289CCPF;15/01/2023;17;0,326;R
ES0000000000003289CCPF;15/01/2023;18;0,225;R
ES0000000000003289CCPF;15/01/2023;19;0,193;R
ES0000000000003289CCPF;15/01/2023;20;0,1;R
ES0000000000003289CCPF;15/01/2023;21;0,1;R
ES0000000000003289CCPF;15/01/2023;22;0,129;R
ES0000000000003289CCPF;15/01/2023;23;0,224;R
ES0000000000003289CCPF;16/01/2023;0;0,603;R
ES0000000000003289CCPF;16/01/2023;1;0,338;R
ES0000000000003289CCPF;16/01/2023;2;0,357;R
ES0000000000003289CCPF;16/01/2023;3;0,361;R
ES0000000000003289CCPF;16/01/2023;4;0,172;R
ES0000000000003289CCPF;16/01/2023;5;0,06;R
ES0000000000003289CCPF;16/01/2023;6;0,087;R
ES0000000000003289CCPF;16/01/2023;7;0,141;R
ES0000000000003289CCPF;16/01/2023;8;0,095;R
ES0000000000003289CCPF;16/01/2023;9;0,232;R
ES0000000000003289CCPF;16/01/2023;10;0,262;R
ES0000000000003289CCPF;16/01/2023;11;0,316;R
ES0000000000003289CCPF;16/01/2023;12;0,222;R
ES0000000000003289CCPF;16/01/2023;13;0,181;R
ES0000000000003289CCPF;16/01/2023;14;0,2;R
ES0000000000003289CCPF;16/01/2023;15;0,288;R
ES0000000000003289CCPF;16/01/2023;16;0,276;R
ES0000000000003289CCPF;16/01/2023;17;0,182;R
ES0000000000003289CCPF;16/01/2023;18;0,185;R
ES0000000000003289CCPF;16/01/2023;19;0,259;R
ES0000000000003289CCPF;16/01/2023;20;0,526;R
ES0000000000003289CCPF;16/01/2023;21;0,188;R
ES0000000000003289CCPF;16/01/2023;22;0,191;R
ES0000000000003289CCPF;16/01/2023;23;0,079;R
ES0000000000003289CCPF;17/01/2023;0;0,315;R
ES0000000000003289CCPF;17/01/2023;1;0,119;R
ES0000000000003289CCPF;17/01/2023;2;0,094;R
ES0000000000003289CCPF;17/01/2023;3;0,118;R
ES0000000000003289CCPF;17/01/2023;4;0,153;R
ES0000000000003289CCPF;17/01/2023;5;0,313;R
ES0000000000003289CCPF;17/01/2023;6;0,214;R
ES0000000000003289CCPF;17/01/2023;7;0,162;R
ES0000000000003289CCPF;17/01/2023;8;0,083;R
ES0000000000003289CCPF;17/01/2023;9;0,134;R
ES0000000000003289CCPF;17/01/2023;10;0,279;R
ES0000000000003289CCPF;17/01/2023;11;0,137;R
ES0000000000003289CCPF;17/01/2023;12;0,183;R
ES0000000000003289CCPF;17/01/2023;13;0,219;R
ES0000000000003289CCPF;17/01/2023;14;0,253;R
ES0000000000003289CCPF;17/01/2023;15;0,267;R
ES0000000000003289CCPF;17/01/2023;16;0,192;R
ES0000000000003289CCPF;17/01/2023;17;0,174;R
ES0000000000003289CCPF;17/01/2023;18;0,204;R
ES0000000000003289CCPF;17/01/2023;19;0,2;R
ES0000000000003289CCPF;17/01/2023;20;0,261;R
ES0000000000003289CCPF;17/01/2023;21;0,325;R
ES0000000000003289CCPF;17/01/2023;22;0,17;R
ES0000000000003289CCPF;17/01/2023;23;0,258;R
ES0000000000003289CCPF;18/01/2023;0;0,102;R
ES0000000000003289CCPF;18/01/2023;1;0,08;R
ES0000000000003289CCPF;18/01/2023;2;0,689;R
ES0000000000003289CCPF;18/01/2023;3;0,081;R
ES0000000000003289CCPF;18/01/2023;4;0,091;R
ES0000000000003289CCPF;18/01/2023;5;0,902;R
ES0000000000003289CCPF;18/01/2023;6;0,174;R
ES0000000000003289CCPF;18/01/2023;7;0,341;R
ES0000000000003289CCPF;18/01/2023;8;0,199;R
ES0000000000003289CCPF;18/01/2023;9;0,339;R
ES0000000000003289CCPF;18/01/2023;10;0,292;R
ES0000000000003289CCPF;18/01/2023;11;0,188;R
ES0000000000003289CCPF;18/01/2023;12;0,131;R
ES0000000000003289CCPF;18/01/2023;13;0,062;R
ES0000000000003289CCPF;18/01/2023;14;0,084;R
ES0000000000003289CCPF;18/01/2023;15;0,107;R
ES0000000000003289CCPF;18/01/2023;16;0,321;R
ES0000000000003289CCPF;18/01/2023;17;0,209;R
ES0000000000003289CCPF;18/01/2023;18;0,694;R
ES0000000000003289CCPF;18/01/2023;19;0,292;R
ES0000000000003289CCPF;18/01/2023;20;0,285;R
ES0000000000003289CCPF;18/01/2023;21;0,239;R
ES0000000000003289CCPF;18/01/2023;22;0,295;R
ES0000000000003289CCPF;18/01/2023;23;0,2;R
ES0000000000003289CCPF;19/01/2023;0;0,074;R
ES0000000000003289CCPF;19/01/2023;1;0,11;R
ES0000000000003289CCPF;19/01/2023;2;0,09;R
ES0000000000003289CCPF;19/01/2023;3;0,065;R
ES0000000000003289CCPF;19/01/2023;4;0,121;R
ES0000000000003289CCPF;19/01/2023;5;0,155;R
ES0000000000003289CCPF;19/01/2023;6;0,154;R
ES0000000000003289CCPF;19/01/2023;7;0,164;R
ES0000000000003289CCPF;19/01/2023;8;0,158;R
ES0000000000003289CCPF;19/01/2023;9;0,239;R
ES0000000000003289CCPF;19/01/2023;10;0,137;R
ES0000000000003289CCPF;19/01/2023;11;0,186;R
ES0000000000003289CCPF;19/01/2023;12;0,287;R
ES0000000000003289CCPF;19/01/2023;13;0,196;R
ES0000000000003289CCPF;19/01/2023;14;0,169;R
ES0000000000003289CCPF;19/01/2023;15;0,122;R
ES0000000000003289CCPF;19/01/2023;16;0,153;R
ES0000000000003289CCPF;19/01/2023;17;0,219;R
ES0000000000003289CCPF;19/01/2023;18;0,485;R
ES0000000000003289CCPF;19/01/2023;19;0,244;R
ES0000000000003289CCPF;19/01/2023;20;0,255;R
ES0000000000003289CCPF;19/01/2023;21;0,3;R
ES0000000000003289CCPF;19/01/2023;22;0,18;R
ES0000000000003289CCPF;19/01/2023;23;0,48;R
ES0000000000003289CCPF;20/01/2023;0;0,165;R
ES0000000000003289CCPF;20/01/2023;1;0,122;R
ES0000000000003289CCPF;20/01/2023;2;0,096;R
ES0000000000003289CCPF;20/01/2023;3;0,067;R
ES0000000000003289CCPF;20/01/2023;4;0,073;R
ES0000000000003289CCPF;20/01/2023;5;0,094;R
ES0000000000003289CCPF;20/01/2023;6;0,165;R
ES0000000000003289CCPF;20/01/2023;7;0,163;R
ES0000000000003289CCPF;20/01/2023;8;0,324;R
ES0000000000003289CCPF;20/01/2023;9;1,06;R
ES0000000000003289CCPF;20/01/2023;10;0,465;R
ES0000000000003289CCPF;20/01/2023;11;0,147;R
ES0000000000003289CCPF;20/01/2023;12;0,168;R
ES0000000000003289CCPF;20/01/2023;13;0,192;R
ES0000000000003289CCPF;20/01/2023;14;0,135;R
ES0000000000003289CCPF;20/01/2023;15;0,077;R
ES0000000000003289CCPF;20/01/2023;16;0,166;R
ES0000000000003289CCPF;20/01/2023;17;0,203;R
ES0000000000003289CCPF;20/01/2023;18;0,411;R
ES0000000000003289CCPF;20/01/2023;19;0,186;R
ES0000000000003289CCPF;20/01/2023;20;0,291;R
ES0000000000003289CCPF;20/01/2023;21;0,252;R
ES0000000000003289CCPF;20/01/2023;22;0,188;R
ES0000000000003289CCPF;20/01/2023;23;0,29;R
ES0000000000003289CCPF;21/01/2023;0;0,284;R
ES0000000000003289CCPF;21/01/2023;1;0,11;R
ES0000000000003289CCPF;21/01/2023;2;0,284;R
ES0000000000003289CCPF;21/01/2023;3;0,233;R
ES0000000000003289CCPF;21/01/2023;4;0,681;R
ES0000000000003289CCPF;21/01/2023;5;0,154;R
ES0000000000003289CCPF;21/01/2023;6;0,596;R
ES0000000000003289CCPF;21/01/2023;7;0,454;R
ES0000000000003289CCPF;21/01/2023;8;0,072;R
ES0000000000003289CCPF;21/01/2023;9;0,453;R
ES0000000000003289CCPF;21/01/2023;10;0,204;R
ES0000000000003289CCPF;21/01/2023;11;0,306;R
ES0000000000003289CCPF;21/01/2023;12;0,116;R
ES0000000000003289CCPF;21/01/2023;13;0,057;R
ES0000000000003289CCPF;21/01/2023;14;0,068;R
ES0000000000003289CCPF;21/01/2023;15;0,07;R
ES0000000000003289CCPF;21/01/2023;16;0,072;R
ES0000000000003289CCPF;21/01/2023;17;0,068;R
ES0000000000003289CCPF;21/01/2023;18;0,059;R
ES0000000000003289CCPF;21/01/2023;19;0,071;R
ES0000000000003289CCPF;21/01/2023;20;0,069;R
ES0000000000003289CCPF;21/01/2023;21;0,058;R
ES0000000000003289CCPF;21/01/2023;22;0,065;R
ES0000000000003289CCPF;21/01/2023;23;0,069;R
ES0000000000003289CCPF;22/01/2023;0;0,068;R
ES0000000000003289CCPF;22/01/2023;1;0,055;R
ES0000000000003289CCPF;22/01/2023;2;0,066;R
ES0000000000003289CCPF;22/01/2023;3;0,069;R
ES0000000000003289CCPF;22/01/2023;4;0,069;R
ES0000000000003289CCPF;22/01/2023;5;0,054;R
ES0000000000003289CCPF;22/01/2023;6;0,068;R
ES0000000000003289CCPF;22/01/2023;7;0,069;R
ES0000000000003289CCPF;22/01/2023;8;0,053;R
ES0000000000003289CCPF;22/01/2023;9;0,067;R
ES0000000000003289CCPF;22/01/2023;10;0,067;R
ES0000000000003289CCPF;22/01/2023;11;0,055;R
ES0000000000003289CCPF;22/01/2023;12;0,062;R
ES0000000000003289CCPF;22/01/2023;13;0,063;R
ES0000000000003289CCPF;22/01/2023;14;0,057;R
ES0000000000003289CCPF;22/01/2023;15;0,055;R
ES0000000000003289CCPF;22/01/2023;16;0,065;R
ES0000000000003289CCPF;22/01/2023;17;0,069;R
ES0000000000003289CCPF;22/01/2023;18;0,053;R
ES0000000000003289CCPF;22/01/2023;19;0,069;R
ES0000000000003289CCPF;22/01/2023;20;0,069;R
ES0000000000003289CCPF;22/01/2023;21;0,054;R
ES0000000000003289CCPF;22/01/2023;22;0,068;R
ES0000000000003289CCPF;22/01/2023;23;0,068;R
ES0000000000003289CCPF;23/01/2023;0;0,053;R
ES0000000000003289CCPF;23/01/2023;1;0,068;R
ES0000000000003289CCPF;23/01/2023;2;0,068;R
ES0000000000003289CCPF;23/01/2023;3;0,053;R
ES0000000000003289CCPF;23/01/2023;4;0,068;R
ES0000000000003289CCPF;23/01/2023;5;0,057;R
ES0000000000003289CCPF;23/01/2023;6;0,063;R
ES0000000000003289CCPF;23/01/2023;7;0,063;R
ES0000000000003289CCPF;23/01/2023;8;0,048;R
ES0000000000003289CCPF;23/01/2023;9;0,064;R
ES0000000000003289CCPF;23/01/2023;10;0,06;R
ES0000000000003289CCPF;23/01/2023;11;0,054;R
ES0000000000003289CCPF;23/01/2023;12;0,067;R
ES0000000000003289CCPF;23/01/2023;13;0,053;R
ES0000000000003289CCPF;23/01/2023;14;0,068;R
ES0000000000003289CCPF;23/01/2023;15;0,068;R
ES0000000000003289CCPF;23/01/2023;16;0,054;R
ES0000000000003289CCPF;23/01/2023;17;0,067;R
ES0000000000003289CCPF;23/01/2023;18;0,058;R
ES0000000000003289CCPF;23/01/2023;19;0,064;R
ES0000000000003289CCPF;23/01/2023;20;0,067;R
ES0000000000003289CCPF;23/01/2023;21;0,05;R
ES0000000000003289CCPF;23/01/2023;22;0,065;R
ES0000000000003289CCPF;23/01/2023;23;0,054;R
ES0000000000003289CCPF;24/01/2023;0;0,055;R
ES0000000000003289CCPF;24/01/2023;1;0,068;R
ES0000000000003289CCPF;24/01/2023;2;0,053;R
ES0000000000003289CCPF;24/01/2023;3;0,068;R
ES0000000000003289CCPF;24/01/2023;4;0,061;R
ES0000000000003289CCPF;24/01/2023;5;0,059;R
ES0000000000003289CCPF;24/01/2023;6;0,069;R
ES0000000000003289CCPF;24/01/2023;7;0,052;R
ES0000000000003289CCPF;24/01/2023;8;0,067;R
ES0000000000003289CCPF;24/01/2023;9;0,048;R
ES0000000000003289CCPF;24/01/2023;10;0,062;R
ES0000000000003289CCPF;24/01/2023;11;0,052;R
ES0000000000003289CCPF;24/01/2023;12;0,06;R
ES0000000000003289CCPF;24/01/2023;13;0,067;R
ES0000000000003289CCPF;24/01/2023;14;0,053;R
ES0000000000003289CCPF;24/01/2023;15;0,068;R
ES0000000000003289CCPF;24/01/2023;16;0,054;R
ES0000000000003289CCPF;24/01/2023;17;0,067;R
ES0000000000003289CCPF;24/01/2023;18;0,066;R
ES0000000000003289CCPF;24/01/2023;19;0,055;R
ES0000000000003289CCPF;24/01/2023;20;0,069;R
ES0000000000003289CCPF;24/01/2023;21;0,045;R
ES0000000000003289CCPF;24/01/2023;22;0,059;R
ES0000000000003289CCPF;24/01/2023;23;0,05;R
ES0000000000003289CCPF;25/01/2023;0;0,068;R
ES0000000000003289CCPF;25/01/2023;1;0,067;R
ES0000000000003289CCPF;25/01/2023;2;0,052;R
ES0000000000003289CCPF;25/01/2023;3;0,068;R
ES0000000000003289CCPF;25/01/2023;4;0,053;R
ES0000000000003289CCPF;25/01/2023;5;0,068;R
ES0000000000003289CCPF;25/01/2023;6;0,052;R
ES0000000000003289CCPF;25/01/2023;7;0,064;R
ES0000000000003289CCPF;25/01/2023;8;0,039;R
ES0000000000003289CCPF;25/01/2023;9;0,066;R
ES0000000000003289CCPF;25/01/2023;10;0,062;R
ES0000000000003289CCPF;25/01/2023;11;0,058;R
ES0000000000003289CCPF;25/01/2023;12;0,068;R
ES0000000000003289CCPF;25/01/2023;13;0,054;R
ES0000000000003289CCPF;25/01/2023;14;0,068;R
ES0000000000003289CCPF;25/01/2023;15;0,046;R
ES0000000000003289CCPF;25/01/2023;16;0,058;R
ES0000000000003289CCPF;25/01/2023;17;0,051;R
ES0000000000003289CCPF;25/01/2023;18;0,068;R
ES0000000000003289CCPF;25/01/2023;19;0,053;R
ES0000000000003289CCPF;25/01/2023;20;0,069;R
ES0000000000003289CCPF;25/01/2023;21;0,067;R
ES0000000000003289CCPF;25/01/2023;22;0,054;R
ES0000000000003289CCPF;25/01/2023;23;0,069;R
ES0000000000003289CCPF;26/01/2023;0;0,054;R
ES0000000000003289CCPF;26/01/2023;1;0,069;R
ES0000000000003289CCPF;26/01/2023;2;0,046;R
ES0000000000003289CCPF;26/01/2023;3;0,063;R
ES0000000000003289CCPF;26/01/2023;4;0,047;R
ES0000000000003289CCPF;26/01/2023;5;0,069;R
ES0000000000003289CCPF;26/01/2023;6;0,056;R
ES0000000000003289CCPF;26/01/2023;7;0,066;R
ES0000000000003289CCPF;26/01/2023;8;0,065;R
ES0000000000003289CCPF;26/01/2023;9;0,056;R
ES0000000000003289CCPF;26/01/2023;10;0,07;R
ES0000000000003289CCPF;26/01/2023;11;0,048;R
ES0000000000003289CCPF;26/01/2023;12;0,055;R
ES0000000000003289CCPF;26/01/2023;13;0,054;R
ES0000000000003289CCPF;26/01/2023;14;0,069;R
ES0000000000003289CCPF;26/01/2023;15;0,054;R
ES0000000000003289CCPF;26/01/2023;16;0,07;R
ES0000000000003289CCPF;26/01/2023;17;0,055;R
ES0000000000003289CCPF;26/01/2023;18;0,068;R
ES0000000000003289CCPF;26/01/2023;19;0,054;R
ES0000000000003289CCPF;26/01/2023;20;0,069;R
ES0000000000003289CCPF;26/01/2023;21;0,056;R
ES0000000000003289CCPF;26/01/2023;22;0,049;R
ES0000000000003289CCPF;26/01/2023;23;0,068;R
ES0000000000003289CCPF;27/01/2023;0;0,054;R
ES0000000000003289CCPF;27/01/2023;1;0,069;R
ES0000000000003289CCPF;27/01/2023;2;0,053;R
ES0000000000003289CCPF;27/01/2023;3;0,069;R
ES0000000000003289CCPF;27/01/2023;4;0,054;R
ES0000000000003289CCPF;27/01/2023;5;0,069;R
ES0000000000003289CCPF;27/01/2023;6;0,04;R
ES0000000000003289CCPF;27/01/2023;7;0,063;R
ES0000000000003289CCPF;27/01/2023;8;0,059;R
ES0000000000003289CCPF;27/01/2023;9;0,063;R
ES0000000000003289CCPF;27/01/2023;10;0,068;R
ES0000000000003289CCPF;27/01/2023;11;0,055;R
ES0000000000003289CCPF;27/01/2023;12;0,068;R
ES0000000000003289CCPF;27/01/2023;13;0,049;R
ES0000000000003289CCPF;27/01/2023;14;0,056;R
ES0000000000003289CCPF;27/01/2023;15;0,054;R
ES0000000000003289CCPF;27/01/2023;16;0,069;R
ES0000000000003289CCPF;27/01/2023;17;0,053;R
ES0000000000003289CCPF;27/01/2023;18;0,069;R
ES0000000000003289CCPF;27/01/2023;19;0,054;R
ES0000000000003289CCPF;27/01/2023;20;0,07;R
ES0000000000003289CCPF;27/01/2023;21;0,055;R
ES0000000000003289CCPF;27/01/2023;22;0,067;R
ES0000000000003289CCPF;27/01/2023;23;0,042;R
ES0000000000003289CCPF;28/01/2023;0;0,064;R
ES0000000000003289CCPF;28/01/2023;1;0,054;R
ES0000000000003289CCPF;28/01/2023;2;0,069;R
ES0000000000003289CCPF;28/01/2023;3;0,06;R
ES0000000000003289CCPF;28/01/2023;4;0,061;R
ES0000000000003289CCPF;28/01/2023;5;0,064;R
ES0000000000003289CCPF;28/01/2023;6;0,058;R
ES0000000000003289CCPF;28/01/2023;7;0,05;R
ES0000000000003289CCPF;28/01/2023;8;0,053;R
ES0000000000003289CCPF;28/01/2023;9;0,069;R
ES0000000000003289CCPF;28/01/2023;10;0,054;R
ES0000000000003289CCPF;28/01/2023;11;0,069;R
ES0000000000003289CCPF;28/01/2023;12;0,054;R
ES0000000000003289CCPF;28/01/2023;13;0,067;R
ES0000000000003289CCPF;28/01/2023;14;0,047;R
ES0000000000003289CCPF;28/01/2023;15;0,057;R
ES0000000000003289CCPF;28/01/2023;16;0,056;R
ES0000000000003289CCPF;28/01/2023;17;0,069;R
ES0000000000003289CCPF;28/01/2023;18;0,054;R
ES0000000000003289CCPF;28/01/2023;19;0,068;R
ES0000000000003289CCPF;28/01/2023;20;0,056;R
ES0000000000003289CCPF;28/01/2023;21;0,068;R
ES0000000000003289CCPF;28/01/2023;22;0,054;R
ES0000000000003289CCPF;28/01/2023;23;0,064;R
ES0000000000003289CCPF;29/01/2023;0;0,048;R
ES0000000000003289CCPF;29/01/2023;1;0,058;R
ES0000000000003289CCPF;29/01/2023;2;0,053;R
ES0000000000003289CCPF;29/01/2023;3;0,069;R
ES0000000000003289CCPF;29/01/2023;4;0,053;R
ES0000000000003289CCPF;29/01/2023;5;0,068;R
ES0000000000003289CCPF;29/01/2023;6;0,054;R
ES0000000000003289CCPF;29/01/2023;7;0,068;R
ES0000000000003289CCPF;29/01/2023;8;0,048;R
ES0000000000003289CCPF;29/01/2023;9;0,055;R
ES0000000000003289CCPF;29/01/2023;10;0,053;R
ES0000000000003289CCPF;29/01/2023;11;0,069;R
ES0000000000003289CCPF;29/01/2023;12;0,053;R
ES0000000000003289CCPF;29/01/2023;13;0,069;R
ES0000000000003289CCPF;29/01/2023;14;0,054;R
ES0000000000003289CCPF;29/01/2023;15;0,068;R
ES0000000000003289CCPF;29/01/2023;16;0,041;R
ES0000000000003289CCPF;29/01/2023;17;0,064;R
ES0000000000003289CCPF;29/01/2023;18;0,053;R
ES0000000000003289CCPF;29/01/2023;19;0,07;R
ES0000000000003289CCPF;29/01/2023;20;2,557;R
ES0000000000003289CCPF;29/01/2023;21;2,478;R
ES0000000000003289CCPF;29/01/2023;22;0,325;R
ES0000000000003289CCPF;29/01/2023;23;0,876;R
ES0000000000003289CCPF;30/01/2023;0;1,842;R
ES0000000000003289CCPF;30/01/2023;1;0,263;R
ES0000000000003289CCPF;30/01/2023;2;0,176;R
ES0000000000003289CCPF;30/01/2023;3;0,207;R
ES0000000000003289CCPF;30/01/2023;4;0,496;R
ES0000000000003289CCPF;30/01/2023;5;0,191;R
ES0000000000003289CCPF;30/01/2023;6;0,18;R
ES0000000000003289CCPF;30/01/2023;7;0,152;R
ES0000000000003289CCPF;30/01/2023;8;0,44;R
ES0000000000003289CCPF;30/01/2023;9;0,369;R
ES0000000000003289CCPF;30/01/2023;10;0,081;R
ES0000000000003289CCPF;30/01/2023;11;0,072;R
ES0000000000003289CCPF;30/01/2023;12;0,099;R
ES0000000000003289CCPF;30/01/2023;13;0,152;R
ES0000000000003289CCPF;30/01/2023;14;0,165;R
ES0000000000003289CCPF;30/01/2023;15;0,595;R
ES0000000000003289CCPF;30/01/2023;16;0,24;R
ES0000000000003289CCPF;30/01/2023;17;0,609;R
ES0000000000003289CCPF;30/01/2023;18;0,183;R
ES0000000000003289CCPF;30/01/2023;19;0,25;R
ES0000000000003289CCPF;30/01/2023;20;0,315;R
ES0000000000003289CCPF;30/01/2023;21;0,364;R
ES0000000000003289CCPF;30/01/2023;22;0,86;R
ES0000000000003289CCPF;30/01/2023;23;0,298;R
ES0000000000003289CCPF;31/01/2023;0;0,213;R
ES0000000000003289CCPF;31/01/2023;1;0,177;R
ES0000000000003289CCPF;31/01/2023;2;0,156;R
ES0000000000003289CCPF;31/01/2023;3;0,161;R
ES0000000000003289CCPF;31/01/2023;4;0,164;R
ES0000000000003289CCPF;31/01/2023;5;0,163;R
ES0000000000003289CCPF;31/01/2023;6;0,166;R
ES0000000000003289CCPF;31/01/2023;7;0,159;R
ES0000000000003289CCPF;31/01/2023;8;0,568;R
ES0000000000003289CCPF;31/01/2023;9;0,391;R
ES0000000000003289CCPF;31/01/2023;10;0,27;R
ES0000000000003289CCPF;31/01/2023;11;0,194;R
ES0000000000003289CCPF;31/01/2023;12;0,208;R
ES0000000000003289CCPF;31/01/2023;13;0,172;R
ES0000000000003289CCPF;31/01/2023;14;0,172;R
ES0000000000003289CCPF;31/01/2023;15;0,217;R
ES0000000000003289CCPF;31/01/2023;16;0,185;R
ES0000000000003289CCPF;31/01/2023;17;0,168;R
ES0000000000003289CCPF;31/01/2023;18;0,154;R
ES0000000000003289CCPF;31/01/2023;19;0,165;R
ES0000000000003289CCPF;31/01/2023;20;0,256;R
ES0000000000003289CCPF;31/01/2023;21;0,244;R
ES0000000000003289CCPF;31/01/2023;22;0,301;R
ES0000000000003289CCPF;31/01/2023;23;0,196;R
ES0000000000003289CCPF;01/02/2023;0;0,097;R
ES0000000000003289CCPF;01/02/2023;1;0,083;R
ES0000000000003289CCPF;01/02/2023;2;0,068;R
ES0000000000003289CCPF;01/02/2023;3;0,14;R
ES0000000000003289CCPF;01/02/2023;4;0,165;R
ES0000000000003289CCPF;01/02/2023;5;0,158;R
ES0000000000003289CCPF;01/02/2023;6;0,143;R
ES0000000000003289CCPF;01/02/2023;7;0,158;R
ES0000000000003289CCPF;01/02/2023;8;0,317;R
ES0000000000003289CCPF;01/02/2023;9;1,066;R
ES0000000000003289CCPF;01/02/2023;10;0,938;R
ES0000000000003289CCPF;01/02/2023;11;0,125;R
ES0000000000003289CCPF;01/02/2023;12;0,122;R
ES0000000000003289CCPF;01/02/2023;13;0,088;R
ES0000000000003289CCPF;01/02/2023;14;0,166;R
ES0000000000003289CCPF;01/02/2023;15;0,348;R
ES0000000000003289CCPF;01/02/2023;16;0,253;R
ES0000000000003289CCPF;01/02/2023;17;0,215;R
ES0000000000003289CCPF;01/02/2023;18;0,106;R
ES0000000000003289CCPF;01/02/2023;19;0,106;R
ES0000000000003289CCPF;01/02/2023;20;0,187;R
ES0000000000003289CCPF;01/02/2023;21;0,282;R
ES0000000000003289CCPF;01/02/2023;22;0,356;R
ES0000000000003289CCPF;01/02/2023;23;0,24;R
ES0000000000003289CCPF;02/02/2023;0;0,178;R
ES0000000000003289CCPF;02/02/2023;1;0,077;R
ES0000000000003289CCPF;02/02/2023;2;0,065;R
ES0000000000003289CCPF;02/02/2023;3;0,101;R
ES0000000000003289CCPF;02/02/2023;4;0,165;R
ES0000000000003289CCPF;02/02/2023;5;0,174;R
ES0000000000003289CCPF;02/02/2023;6;0,154;R
ES0000000000003289CCPF;02/02/2023;7;0,158;R
ES0000000000003289CCPF;02/02/2023;8;0,27;R
ES0000000000003289CCPF;02/02/2023;9;0,815;R
ES0000000000003289CCPF;02/02/2023;10;0,442;R
ES0000000000003289CCPF;02/02/2023;11;0,17;R
ES0000000000003289CCPF;02/02/2023;12;0,212;R
ES0000000000003289CCPF;02/02/2023;13;0,211;R
ES0000000000003289CCPF;02/02/2023;14;1,039;R
ES0000000000003289CCPF;02/02/2023;15;0,172;R
ES0000000000003289CCPF;02/02/2023;16;0,18;R
ES0000000000003289CCPF;02/02/2023;17;0,179;R
ES0000000000003289CCPF;02/02/2023;18;0,163;R
ES0000000000003289CCPF;02/02/2023;19;0,323;R
ES0000000000003289CCPF;02/02/2023;20;0,195;R
ES0000000000003289CCPF;02/02/2023;21;0,26;R
ES0000000000003289CCPF;02/02/2023;22;0,741;R
ES0000000000003289CCPF;02/02/2023;23;0,197;R
ES0000000000003289CCPF;03/02/2023;0;0,132;R
ES0000000000003289CCPF;03/02/2023;1;0,145;R
ES0000000000003289CCPF;03/02/2023;2;0,082;R
ES0000000000003289CCPF;03/02/2023;3;0,372;R
ES0000000000003289CCPF;03/02/2023;4;0,225;R
ES0000000000003289CCPF;03/02/2023;5;0,18;R
ES0000000000003289CCPF;03/02/2023;6;0,164;R
ES0000000000003289CCPF;03/02/2023;7;0,163;R
ES0000000000003289CCPF;03/02/2023;8;0,232;R
ES0000000000003289CCPF;03/02/2023;9;0,256;R
ES0000000000003289CCPF;03/02/2023;10;0,172;R
ES0000000000003289CCPF;03/02/2023;11;0,185;R
ES0000000000003289CCPF;03/02/2023;12;0,209;R
ES0000000000003289CCPF;03/02/2023;13;0,186;R
ES0000000000003289CCPF;03/02/2023;14;0,092;R
ES0000000000003289CCPF;03/02/2023;15;0,137;R
ES0000000000003289CCPF;03/02/2023;16;0,201;R
ES0000000000003289CCPF;03/02/2023;17;0,163;R
ES0000000000003289CCPF;03/02/2023;18;0,175;R
ES0000000000003289CCPF;03/02/2023;19;0,627;R
ES0000000000003289CCPF;03/02/2023;20;0,57;R
ES0000000000003289CCPF;03/02/2023;21;0,371;R
ES0000000000003289CCPF;03/02/2023;22;0,749;R
ES0000000000003289CCPF;03/02/2023;23;0,187;R
ES0000000000003289CCPF;04/02/2023;0;0,116;R
ES0000000000003289CCPF;04/02/2023;1;0,195;R
ES0000000000003289CCPF;04/02/2023;2;0,186;R
ES0000000000003289CCPF;04/02/2023;3;0,727;R
ES0000000000003289CCPF;04/02/2023;4;0,107;R
ES0000000000003289CCPF;04/02/2023;5;0,183;R
ES0000000000003289CCPF;04/02/2023;6;0,955;R
ES0000000000003289CCPF;04/02/2023;7;0,161;R
ES0000000000003289CCPF;04/02/2023;8;0,226;R
ES0000000000003289CCPF;04/02/2023;9;0,413;R
ES0000000000003289CCPF;04/02/2023;10;0,328;R
ES0000000000003289CCPF;04/02/2023;11;0,243;R
ES0000000000003289CCPF;04/02/2023;12;0,085;R
ES0000000000003289CCPF;04/02/2023;13;0,066;R
ES0000000000003289CCPF;04/02/2023;14;0,675;R
ES0000000000003289CCPF;04/02/2023;15;0,177;R
ES0000000000003289CCPF;04/02/2023;16;0,171;R
ES0000000000003289CCPF;04/02/2023;17;0,14;R
ES0000000000003289CCPF;04/02/2023;18;0,209;R
ES0000000000003289CCPF;04/02/2023;19;0,13;R
ES0000000000003289CCPF;04/02/2023;20;0,21;R
ES0000000000003289CCPF;04/02/2023;21;0,323;R
ES0000000000003289CCPF;04/02/2023;22;0,246;R
ES0000000000003289CCPF;04/02/2023;23;0,441;R
ES0000000000003289CCPF;05/02/2023;0;0,232;R
ES0000000000003289CCPF;05/02/2023;1;0,292;R
ES0000000000003289CCPF;05/02/2023;2;0,187;R
ES0000000000003289CCPF;05/02/2023;3;0,17;R
ES0000000000003289CCPF;05/02/2023;4;0,168;R
ES0000000000003289CCPF;05/02/2023;5;0,151;R
ES0000000000003289CCPF;05/02/2023;6;0,059;R
ES0000000000003289CCPF;05/02/2023;7;0,073;R
ES0000000000003289CCPF;05/02/2023;8;0,164;R
ES0000000000003289CCPF;05/02/2023;9;0,367;R
ES0000000000003289CCPF;05/02/2023;10;0,194;R
ES0000000000003289CCPF;05/02/2023;11;0,742;R
ES0000000000003289CCPF;05/02/2023;12;0,111;R
ES0000000000003289CCPF;05/02/2023;13;0,238;R
ES0000000000003289CCPF;05/02/2023;14;0,27;R
ES0000000000003289CCPF;05/02/2023;15;0,184;R
ES0000000000003289CCPF;05/02/2023;16;0,151;R
ES0000000000003289CCPF;05/02/2023;17;0,144;R
ES0000000000003289CCPF;05/02/2023;18;0,077;R
ES0000000000003289CCPF;05/02/2023;19;0,188;R
ES0000000000003289CCPF;05/02/2023;20;0,792;R
ES0000000000003289CCPF;05/02/2023;21;1,71;R
ES0000000000003289CCPF;05/02/2023;22;0,708;R
ES0000000000003289CCPF;05/02/2023;23;0,188;R
ES0000000000003289CCPF;06/02/2023;0;0,084;R
ES0000000000003289CCPF;06/02/2023;1;0,076;R
ES0000000000003289CCPF;06/02/2023;2;0,076;R
ES0000000000003289CCPF;06/02/2023;3;0,067;R
ES0000000000003289CCPF;06/02/2023;4;0,067;R
ES0000000000003289CCPF;06/02/2023;5;0,149;R
ES0000000000003289CCPF;06/02/2023;6;0,168;R
ES0000000000003289CCPF;06/02/2023;7;1,056;R
ES0000000000003289CCPF;06/02/2023;8;0,226;R
ES0000000000003289CCPF;06/02/2023;9;0,717;R
ES0000000000003289CCPF;06/02/2023;10;0,137;R
ES0000000000003289CCPF;06/02/2023;11;0,285;R
ES0000000000003289CCPF;06/02/2023;12;0,123;R
ES0000000000003289CCPF;06/02/2023;13;0,135;R
ES0000000000003289CCPF;06/02/2023;14;0,155;R
ES0000000000003289CCPF;06/02/2023;15;0,164;R
ES0000000000003289CCPF;06/02/2023;16;0,228;R
ES0000000000003289CCPF;06/02/2023;17;0,159;R
ES0000000000003289CCPF;06/02/2023;18;0,163;R
ES0000000000003289CCPF;06/02/2023;19;0,303;R
ES0000000000003289CCPF;06/02/2023;20;0,301;R
ES0000000000003289CCPF;06/02/2023;21;0,397;R
ES0000000000003289CCPF;06/02/2023;22;0,155;R
ES0000000000003289CCPF;06/02/2023;23;0,238;R
ES0000000000003289CCPF;07/02/2023;0;0,159;R
ES0000000000003289CCPF;07/02/2023;1;0,187;R
ES0000000000003289CCPF;07/02/2023;2;0,236;R
ES0000000000003289CCPF;07/02/2023;3;0,628;R
ES0000000000003289CCPF;07/02/2023;4;0,178;R
ES0000000000003289CCPF;07/02/2023;5;0,925;R
ES0000000000003289CCPF;07/02/2023;6;0,176;R
ES0000000000003289CCPF;07/02/2023;7;0,111;R
ES0000000000003289CCPF;07/02/2023;8;0,351;R
ES0000000000003289CCPF;07/02/2023;9;0,328;R
ES0000000000003289CCPF;07/02/2023;10;0,071;R
ES0000000000003289CCPF;07/02/2023;11;0,06;R
ES0000000000003289CCPF;07/02/2023;12;0,079;R
ES0000000000003289CCPF;07/02/2023;13;0,072;R
ES0000000000003289CCPF;07/02/2023;14;0,076;R
ES0000000000003289CCPF;07/02/2023;15;0,06;R
ES0000000000003289CCPF;07/02/2023;16;0,109;R
ES0000000000003289CCPF;07/02/2023;17;0,263;R
ES0000000000003289CCPF;07/02/2023;18;0,219;R
ES0000000000003289CCPF;07/02/2023;19;0,215;R
ES0000000000003289CCPF;07/02/2023;20;0,52;R
ES0000000000003289CCPF;07/02/2023;21;0,202;R
ES0000000000003289CCPF;07/02/2023;22;0,429;R
ES0000000000003289CCPF;07/02/2023;23;0,805;R
ES0000000000003289CCPF;08/02/2023;0;0,2;R
ES0000000000003289CCPF;08/02/2023;1;0,074;R
ES0000000000003289CCPF;08/02/2023;2;0,073;R
ES0000000000003289CCPF;08/02/2023;3;0,074;R
ES0000000000003289CCPF;08/02/2023;4;0,059;R
ES0000000000003289CCPF;08/02/2023;5;0,147;R
ES0000000000003289CCPF;08/02/2023;6;0,164;R
ES0000000000003289CCPF;08/02/2023;7;0,165;R
ES0000000000003289CCPF;08/02/2023;8;0,271;R
ES0000000000003289CCPF;08/02/2023;9;0,224;R
ES0000000000003289CCPF;08/02/2023;10;0,081;R
ES0000000000003289CCPF;08/02/2023;11;0,068;R
ES0000000000003289CCPF;08/02/2023;12;0,074;R
ES0000000000003289CCPF;08/02/2023;13;0,076;R
ES0000000000003289CCPF;08/02/2023;14;0,074;R
ES0000000000003289CCPF;08/02/2023;15;0,066;R
ES0000000000003289CCPF;08/02/2023;16;0,145;R
ES0000000000003289CCPF;08/02/2023;17;0,101;R
ES0000000000003289CCPF;08/02/2023;18;0,245;R
ES0000000000003289CCPF;08/02/2023;19;0,711;R
ES0000000000003289CCPF;08/02/2023;20;0,181;R
ES0000000000003289CCPF;08/02/2023;21;0,236;R
ES0000000000003289CCPF;08/02/2023;22;0,337;R
ES0000000000003289CCPF;08/02/2023;23;0,137;R
ES0000000000003289CCPF;09/02/2023;0;0,1;R
ES0000000000003289CCPF;09/02/2023;1;0,092;R
ES0000000000003289CCPF;09/02/2023;2;0,161;R
ES0000000000003289CCPF;09/02/2023;3;0,165;R
ES0000000000003289CCPF;09/02/2023;4;0,144;R
ES0000000000003289CCPF;09/02/2023;5;0,093;R
ES0000000000003289CCPF;09/02/2023;6;0,078;R
ES0000000000003289CCPF;09/02/2023;7;0,063;R
ES0000000000003289CCPF;09/02/2023;8;0,656;R
ES0000000000003289CCPF;09/02/2023;9;0,319;R
ES0000000000003289CCPF;09/02/2023;10;0,17;R
ES0000000000003289CCPF;09/02/2023;11;0,094;R
ES0000000000003289CCPF;09/02/2023;12;0,09;R
ES0000000000003289CCPF;09/02/2023;13;0,08;R
ES0000000000003289CCPF;09/02/2023;14;0,127;R
ES0000000000003289CCPF;09/02/2023;15;0,094;R
ES0000000000003289CCPF;09/02/2023;16;0,226;R
ES0000000000003289CCPF;09/02/2023;17;0,182;R
ES0000000000003289CCPF;09/02/2023;18;0,134;R
ES0000000000003289CCPF;09/02/2023;19;0,161;R
ES0000000000003289CCPF;09/02/2023;20;0,377;R
ES0000000000003289CCPF;09/02/2023;21;0,269;R
ES0000000000003289CCPF;09/02/2023;22;0,239;R
ES0000000000003289CCPF;09/02/2023;23;1,111;R
ES0000000000003289CCPF;10/02/2023;0;0,236;R
ES0000000000003289CCPF;10/02/2023;1;0,11;R
ES0000000000003289CCPF;10/02/2023;2;0,092;R
ES0000000000003289CCPF;10/02/2023;3;0,363;R
ES0000000000003289CCPF;10/02/2023;4;0,765;R
ES0000000000003289CCPF;10/02/2023;5;0,199;R
ES0000000000003289CCPF;10/02/2023;6;0,901;R
ES0000000000003289CCPF;10/02/2023;7;0,16;R
ES0000000000003289CCPF;10/02/2023;8;0,307;R
ES0000000000003289CCPF;10/02/2023;9;0,243;R
ES0000000000003289CCPF;10/02/2023;10;0,152;R
ES0000000000003289CCPF;10/02/2023;11;0,075;R
ES0000000000003289CCPF;10/02/2023;12;0,061;R
ES0000000000003289CCPF;10/02/2023;13;0,076;R
ES0000000000003289CCPF;10/02/2023;14;0,074;R
ES0000000000003289CCPF;10/02/2023;15;0,073;R
ES0000000000003289CCPF;10/02/2023;16;0,119;R
ES0000000000003289CCPF;10/02/2023;17;0,295;R
ES0000000000003289CCPF;10/02/2023;18;0,154;R
ES0000000000003289CCPF;10/02/2023;19;0,259;R
ES0000000000003289CCPF;10/02/2023;20;0,2;R
ES0000000000003289CCPF;10/02/2023;21;0,089;R
ES0000000000003289CCPF;10/02/2023;22;0,13;R
ES0000000000003289CCPF;10/02/2023;23;0,155;R
ES0000000000003289CCPF;11/02/2023;0;0,203;R
ES0000000000003289CCPF;11/02/2023;1;0,184;R
ES0000000000003289CCPF;11/02/2023;2;0,195;R
ES0000000000003289CCPF;11/02/2023;3;0,119;R
ES0000000000003289CCPF;11/02/2023;4;0,065;R
ES0000000000003289CCPF;11/02/2023;5;0,074;R
ES0000000000003289CCPF;11/02/2023;6;0,113;R
ES0000000000003289CCPF;11/02/2023;7;0,166;R
ES0000000000003289CCPF;11/02/2023;8;0,15;R
ES0000000000003289CCPF;11/02/2023;9;0,208;R
ES0000000000003289CCPF;11/02/2023;10;0,271;R
ES0000000000003289CCPF;11/02/2023;11;0,85;R
ES0000000000003289CCPF;11/02/2023;12;0,173;R
ES0000000000003289CCPF;11/02/2023;13;0,101;R
ES0000000000003289CCPF;11/02/2023;14;0,834;R
ES0000000000003289CCPF;11/02/2023;15;0,507;R
ES0000000000003289CCPF;11/02/2023;16;0,217;R
ES0000000000003289CCPF;11/02/2023;17;0,374;R
ES0000000000003289CCPF;11/02/2023;18;0,077;R
ES0000000000003289CCPF;11/02/2023;19;0,068;R
ES0000000000003289CCPF;11/02/2023;20;0,107;R
ES0000000000003289CCPF;11/02/2023;21;0,165;R
ES0000000000003289CCPF;11/02/2023;22;0,255;R
ES0000000000003289CCPF;11/02/2023;23;0,258;R
ES0000000000003289CCPF;12/02/2023;0;0,178;R
ES0000000000003289CCPF;12/02/2023;1;0,178;R
ES0000000000003289CCPF;12/02/2023;2;0,248;R
ES0000000000003289CCPF;12/02/2023;3;0,136;R
ES0000000000003289CCPF;12/02/2023;4;0,168;R
ES0000000000003289CCPF;12/02/2023;5;0,167;R
ES0000000000003289CCPF;12/02/2023;6;0,163;R
ES0000000000003289CCPF;12/02/2023;7;0,079;R
ES0000000000003289CCPF;12/02/2023;8;0,07;R
ES0000000000003289CCPF;12/02/2023;9;0,067;R
ES0000000000003289CCPF;12/02/2023;10;0,313;R
ES0000000000003289CCPF;12/02/2023;11;0,376;R
ES0000000000003289CCPF;12/02/2023;12;0,352;R
ES0000000000003289CCPF;12/02/2023;13;0,283;R
ES0000000000003289CCPF;12/02/2023;14;0,09;R
ES0000000000003289CCPF;12/02/2023;15;0,06;R
ES0000000000003289CCPF;12/02/2023;16;0,074;R
ES0000000000003289CCPF;12/02/2023;17;0,133;R
ES0000000000003289CCPF;12/02/2023;18;0,191;R
ES0000000000003289CCPF;12/02/2023;19;0,214;R
ES0000000000003289CCPF;12/02/2023;20;0,348;R
ES0000000000003289CCPF;12/02/2023;21;0,252;R
ES0000000000003289CCPF;12/02/2023;22;0,184;R
ES0000000000003289CCPF;12/02/2023;23;0,48;R
ES0000000000003289CCPF;13/02/2023;0;0,171;R
ES0000000000003289CCPF;13/02/2023;1;0,096;R
ES0000000000003289CCPF;13/02/2023;2;0,091;R
ES0000000000003289CCPF;13/02/2023;3;0,087;R
ES0000000000003289CCPF;13/02/2023;4;0,71;R
ES0000000000003289CCPF;13/02/2023;5;0,119;R
ES0000000000003289CCPF;13/02/2023;6;0,733;R
ES0000000000003289CCPF;13/02/2023;7;0,372;R
ES0000000000003289CCPF;13/02/2023;8;0,357;R
ES0000000000003289CCPF;13/02/2023;9;0,344;R
ES0000000000003289CCPF;13/02/2023;10;0,074;R
ES0000000000003289CCPF;13/02/2023;11;0,073;R
ES0000000000003289CCPF;13/02/2023;12;0,059;R
ES0000000000003289CCPF;13/02/2023;13;0,074;R
ES0000000000003289CCPF;13/02/2023;14;0,436;R
ES0000000000003289CCPF;13/02/2023;15;0,15;R
ES0000000000003289CCPF;13/02/2023;16;0,189;R
ES0000000000003289CCPF;13/02/2023;17;0,247;R
ES0000000000003289CCPF;13/02/2023;18;0,087;R
ES0000000000003289CCPF;13/02/2023;19;0,166;R
ES0000000000003289CCPF;13/02/2023;20;0,212;R
ES0000000000003289CCPF;13/02/2023;21;0,249;R
ES0000000000003289CCPF;13/02/2023;22;0,233;R
ES0000000000003289CCPF;13/02/2023;23;0,59;R
ES0000000000003289CCPF;14/02/2023;0;0,226;R
ES0000000000003289CCPF;14/02/2023;1;0,119;R
ES0000000000003289CCPF;14/02/2023;2;0,269;R
ES0000000000003289CCPF;14/02/2023;3;0,237;R
ES0000000000003289CCPF;14/02/2023;4;0,106;R
ES0000000000003289CCPF;14/02/2023;5;0,099;R
ES0000000000003289CCPF;14/02/2023;6;0,169;R
ES0000000000003289CCPF;14/02/2023;7;0,343;R
ES0000000000003289CCPF;14/02/2023;8;0,31;R
ES0000000000003289CCPF;14/02/2023;9;0,202;R
ES0000000000003289CCPF;14/02/2023;10;0,091;R
ES0000000000003289CCPF;14/02/2023;11;0,073;R
ES0000000000003289CCPF;14/02/2023;12;0,058;R
ES0000000000003289CCPF;14/02/2023;13;0,073;R
ES0000000000003289CCPF;14/02/2023;14;0,072;R
ES0000000000003289CCPF;14/02/2023;15;0,058;R
ES0000000000003289CCPF;14/02/2023;16;0,109;R
ES0000000000003289CCPF;14/02/2023;17;0,203;R
ES0000000000003289CCPF;14/02/2023;18;0,184;R
ES0000000000003289CCPF;14/02/2023;19;0,243;R
ES0000000000003289CCPF;14/02/2023;20;0,205;R
ES0000000000003289CCPF;14/02/2023;21;0,165;R
ES0000000000003289CCPF;14/02/2023;22;0,587;R
ES0000000000003289CCPF;14/02/2023;23;0,224;R
ES0000000000003289CCPF;15/02/2023;0;0,158;R
ES0000000000003289CCPF;15/02/2023;1;0,147;R
ES0000000000003289CCPF;15/02/2023;2;0,146;R
ES0000000000003289CCPF;15/02/2023;3;0,068;R
ES0000000000003289CCPF;15/02/2023;4;0,074;R
ES0000000000003289CCPF;15/02/2023;5;0,122;R
ES0000000000003289CCPF;15/02/2023;6;0,149;R
ES0000000000003289CCPF;15/02/2023;7;0,432;R
ES0000000000003289CCPF;15/02/2023;8;0,412;R
ES0000000000003289CCPF;15/02/2023;9;0,24;R
ES0000000000003289CCPF;15/02/2023;10;0,065;R
ES0000000000003289CCPF;15/02/2023;11;0,072;R
ES0000000000003289CCPF;15/02/2023;12;0,075;R
ES0000000000003289CCPF;15/02/2023;13;0,075;R
ES0000000000003289CCPF;15/02/2023;14;0,072;R
ES0000000000003289CCPF;15/02/2023;15;0,081;R
ES0000000000003289CCPF;15/02/2023;16;0,247;R
ES0000000000003289CCPF;15/02/2023;17;0,145;R
ES0000000000003289CCPF;15/02/2023;18;0,329;R
ES0000000000003289CCPF;15/02/2023;19;0,266;R
ES0000000000003289CCPF;15/02/2023;20;0,097;R
ES0000000000003289CCPF;15/02/2023;21;0,109;R
ES0000000000003289CCPF;15/02/2023;22;0,104;R
ES0000000000003289CCPF;15/02/2023;23;0,07;R
ES0000000000003289CCPF;16/02/2023;0;0,138;R
ES0000000000003289CCPF;16/02/2023;1;0,188;R
ES0000000000003289CCPF;16/02/2023;2;0,149;R
ES0000000000003289CCPF;16/02/2023;3;0,062;R
ES0000000000003289CCPF;16/02/2023;4;0,08;R
ES0000000000003289CCPF;16/02/2023;5;0,079;R
ES0000000000003289CCPF;16/02/2023;6;0,167;R
ES0000000000003289CCPF;16/02/2023;7;0,154;R
ES0000000000003289CCPF;16/02/2023;8;0,391;R
ES0000000000003289CCPF;16/02/2023;9;0,972;R
ES0000000000003289CCPF;16/02/2023;10;0,248;R
ES0000000000003289CCPF;16/02/2023;11;0,099;R
ES0000000000003289CCPF;16/02/2023;12;0,082;R
ES0000000000003289CCPF;16/02/2023;13;0,09;R
ES0000000000003289CCPF;16/02/2023;14;0,087;R
ES0000000000003289CCPF;16/02/2023;15;0,12;R
ES0000000000003289CCPF;16/02/2023;16;0,127;R
ES0000000000003289CCPF;16/02/2023;17;0,157;R
ES0000000000003289CCPF;16/02/2023;18;0,086;R
ES0000000000003289CCPF;16/02/2023;19;0,108;R
ES0000000000003289CCPF;16/02/2023;20;0,143;R
ES0000000000003289CCPF;16/02/2023;21;0,146;R
ES0000000000003289CCPF;16/02/2023;22;0,088;R
ES0000000000003289CCPF;16/02/2023;23;0,119;R
ES0000000000003289CCPF;17/02/2023;0;0,2;R
ES0000000000003289CCPF;17/02/2023;1;0,19;R
ES0000000000003289CCPF;17/02/2023;2;0,243;R
ES0000000000003289CCPF;17/02/2023;3;0,705;R
ES0000000000003289CCPF;17/02/2023;4;0,229;R
ES0000000000003289CCPF;17/02/2023;5;0,333;R
ES0000000000003289CCPF;17/02/2023;6;0,93;R
ES0000000000003289CCPF;17/02/2023;7;0,171;R
ES0000000000003289CCPF;17/02/2023;8;0,348;R
ES0000000000003289CCPF;17/02/2023;9;0,269;R
ES0000000000003289CCPF;17/02/2023;10;0,158;R
ES0000000000003289CCPF;17/02/2023;11;0,125;R
ES0000000000003289CCPF;17/02/2023;12;0,09;R
ES0000000000003289CCPF;17/02/2023;13;0,074;R
ES0000000000003289CCPF;17/02/2023;14;0,121;R
ES0000000000003289CCPF;17/02/2023;15;0,284;R
ES0000000000003289CCPF;17/02/2023;16;0,135;R
ES0000000000003289CCPF;17/02/2023;17;0,313;R
ES0000000000003289CCPF;17/02/2023;18;0,165;R
ES0000000000003289CCPF;17/02/2023;19;0,097;R
ES0000000000003289CCPF;17/02/2023;20;0,076;R
ES0000000000003289CCPF;17/02/2023;21;0,077;R
ES0000000000003289CCPF;17/02/2023;22;0,088;R
ES0000000000003289CCPF;17/02/2023;23;0,168;R
ES0000000000003289CCPF;18/02/2023;0;0,154;R
ES0000000000003289CCPF;18/02/2023;1;0,075;R
ES0000000000003289CCPF;18/02/2023;2;0,076;R
ES0000000000003289CCPF;18/02/2023;3;0,075;R
ES0000000000003289CCPF;18/02/2023;4;0,118;R
ES0000000000003289CCPF;18/02/2023;5;0,162;R
ES0000000000003289CCPF;18/02/2023;6;0,167;R
ES0000000000003289CCPF;18/02/2023;7;0,087;R
ES0000000000003289CCPF;18/02/2023;8;0,074;R
ES0000000000003289CCPF;18/02/2023;9;0,059;R
ES0000000000003289CCPF;18/02/2023;10;0,103;R
ES0000000000003289CCPF;18/02/2023;11;0,168;R
ES0000000000003289CCPF;18/02/2023;12;0,17;R
ES0000000000003289CCPF;18/02/2023;13;0,061;R
ES0000000000003289CCPF;18/02/2023;14;0,071;R
ES0000000000003289CCPF;18/02/2023;15;0,075;R
ES0000000000003289CCPF;18/02/2023;16;0,148;R
ES0000000000003289CCPF;18/02/2023;17;0,307;R
ES0000000000003289CCPF;18/02/2023;18;0,118;R
ES0000000000003289CCPF;18/02/2023;19;0,085;R
ES0000000000003289CCPF;18/02/2023;20;0,562;R
ES0000000000003289CCPF;18/02/2023;21;1,432;R
ES0000000000003289CCPF;18/02/2023;22;0,521;R
ES0000000000003289CCPF;18/02/2023;23;0,703;R
ES0000000000003289CCPF;19/02/2023;0;0,249;R
ES0000000000003289CCPF;19/02/2023;1;0,116;R
ES0000000000003289CCPF;19/02/2023;2;0,082;R
ES0000000000003289CCPF;19/02/2023;3;0,081;R
ES0000000000003289CCPF;19/02/2023;4;0,08;R
ES0000000000003289CCPF;19/02/2023;5;0,098;R
ES0000000000003289CCPF;19/02/2023;6;0,115;R
ES0000000000003289CCPF;19/02/2023;7;0,172;R
ES0000000000003289CCPF;19/02/2023;8;0,173;R
ES0000000000003289CCPF;19/02/2023;9;0,143;R
ES0000000000003289CCPF;19/02/2023;10;0,299;R
ES0000000000003289CCPF;19/02/2023;11;0,248;R
ES0000000000003289CCPF;19/02/2023;12;0,255;R
ES0000000000003289CCPF;19/02/2023;13;0,098;R
ES0000000000003289CCPF;19/02/2023;14;0,1;R
ES0000000000003289CCPF;19/02/2023;15;0,087;R
ES0000000000003289CCPF;19/02/2023;16;0,101;R
ES0000000000003289CCPF;19/02/2023;17;0,101;R
ES0000000000003289CCPF;19/02/2023;18;0,101;R
ES0000000000003289CCPF;19/02/2023;19;0,262;R
ES0000000000003289CCPF;19/02/2023;20;0,62;R
ES0000000000003289CCPF;19/02/2023;21;1,017;R
ES0000000000003289CCPF;19/02/2023;22;0,255;R
ES0000000000003289CCPF;19/02/2023;23;0,185;R
ES0000000000003289CCPF;20/02/2023;0;0,117;R
ES0000000000003289CCPF;20/02/2023;1;0,08;R
ES0000000000003289CCPF;20/02/2023;2;0,065;R
ES0000000000003289CCPF;20/02/2023;3;0,082;R
ES0000000000003289CCPF;20/02/2023;4;0,077;R
ES0000000000003289CCPF;20/02/2023;5;0,077;R
ES0000000000003289CCPF;20/02/2023;6;0,104;R
ES0000000000003289CCPF;20/02/2023;7;0,261;R
ES0000000000003289CCPF;20/02/2023;8;0,327;R
ES0000000000003289CCPF;20/02/2023;9;0,203;R
ES0000000000003289CCPF;20/02/2023;10;0,194;R
ES0000000000003289CCPF;20/02/2023;11;0,075;R
ES0000000000003289CCPF;20/02/2023;12;0,06;R
ES0000000000003289CCPF;20/02/2023;13;0,075;R
ES0000000000003289CCPF;20/02/2023;14;0,076;R
ES0000000000003289CCPF;20/02/2023;15;0,373;R
ES0000000000003289CCPF;20/02/2023;16;0,143;R
ES0000000000003289CCPF;20/02/2023;17;0,093;R
ES0000000000003289CCPF;20/02/2023;18;0,082;R
ES0000000000003289CCPF;20/02/2023;19;0,338;R
ES0000000000003289CCPF;20/02/2023;20;0,962;R
ES0000000000003289CCPF;20/02/2023;21;0,204;R
ES0000000000003289CCPF;20/02/2023;22;0,356;R
ES0000000000003289CCPF;20/02/2023;23;0,57;R
ES0000000000003289CCPF;21/02/2023;0;0,291;R
ES0000000000003289CCPF;21/02/2023;1;0,224;R
ES0000000000003289CCPF;21/02/2023;2;0,713;R
ES0000000000003289CCPF;21/02/2023;3;0,119;R
ES0000000000003289CCPF;21/02/2023;4;0,431;R
ES0000000000003289CCPF;21/02/2023;5;0,516;R
ES0000000000003289CCPF;21/02/2023;6;0,115;R
ES0000000000003289CCPF;21/02/2023;7;0,194;R
ES0000000000003289CCPF;21/02/2023;8;0,324;R
ES0000000000003289CCPF;21/02/2023;9;0,315;R
ES0000000000003289CCPF;21/02/2023;10;0,184;R
ES0000000000003289CCPF;21/02/2023;11;0,095;R
ES0000000000003289CCPF;21/02/2023;12;0,1;R
ES0000000000003289CCPF;21/02/2023;13;0,079;R
ES0000000000003289CCPF;21/02/2023;14;0,112;R
ES0000000000003289CCPF;21/02/2023;15;0,091;R
ES0000000000003289CCPF;21/02/2023;16;0,443;R
ES0000000000003289CCPF;21/02/2023;17;0,083;R
ES0000000000003289CCPF;21/02/2023;18;0,081;R
ES0000000000003289CCPF;21/02/2023;19;0,067;R
ES0000000000003289CCPF;21/02/2023;20;0,14;R
ES0000000000003289CCPF;21/02/2023;21;0,778;R
ES0000000000003289CCPF;21/02/2023;22;0,189;R
ES0000000000003289CCPF;21/02/2023;23;0,131;R
ES0000000000003289CCPF;22/02/2023;0;0,203;R
ES0000000000003289CCPF;22/02/2023;1;0,235;R
ES0000000000003289CCPF;22/02/2023;2;0,149;R
ES0000000000003289CCPF;22/02/2023;3;0,138;R
ES0000000000003289CCPF;22/02/2023;4;0,095;R
ES0000000000003289CCPF;22/02/2023;5;0,092;R
ES0000000000003289CCPF;22/02/2023;6;0,104;R
ES0000000000003289CCPF;22/02/2023;7;0,193;R
ES0000000000003289CCPF;22/02/2023;8;0,687;R
ES0000000000003289CCPF;22/02/2023;9;0,146;R
ES0000000000003289CCPF;22/02/2023;10;0,118;R
ES0000000000003289CCPF;22/02/2023;11;0,078;R
ES0000000000003289CCPF;22/02/2023;12;0,077;R
ES0000000000003289CCPF;22/02/2023;13;0,077;R
ES0000000000003289CCPF;22/02/2023;14;0,061;R
ES0000000000003289CCPF;22/02/2023;15;0,077;R
ES0000000000003289CCPF;22/02/2023;16;0,078;R
ES0000000000003289CCPF;22/02/2023;17;0,081;R
ES0000000000003289CCPF;22/02/2023;18;0,074;R
ES0000000000003289CCPF;22/02/2023;19;0,275;R
ES0000000000003289CCPF;22/02/2023;20;0,277;R
ES0000000000003289CCPF;22/02/2023;21;0,232;R
ES0000000000003289CCPF;22/02/2023;22;0,752;R
ES0000000000003289CCPF;22/02/2023;23;0,243;R
ES0000000000003289CCPF;23/02/2023;0;0,201;R
ES0000000000003289CCPF;23/02/2023;1;0,101;R
ES0000000000003289CCPF;23/02/2023;2;0,093;R
ES0000000000003289CCPF;23/02/2023;3;0,092;R
ES0000000000003289CCPF;23/02/2023;4;0,094;R
ES0000000000003289CCPF;23/02/2023;5;0,081;R
ES0000000000003289CCPF;23/02/2023;6;0,088;R
ES0000000000003289CCPF;23/02/2023;7;0,088;R
ES0000000000003289CCPF;23/02/2023;8;0,273;R
ES0000000000003289CCPF;23/02/2023;9;0,292;R
ES0000000000003289CCPF;23/02/2023;10;0,217;R
ES0000000000003289CCPF;23/02/2023;11;0,089;R
ES0000000000003289CCPF;23/02/2023;12;0,108;R
ES0000000000003289CCPF;23/02/2023;13;0,107;R
ES0000000000003289CCPF;23/02/2023;14;0,075;R
ES0000000000003289CCPF;23/02/2023;15;0,087;R
ES0000000000003289CCPF;23/02/2023;16;0,162;R
ES0000000000003289CCPF;23/02/2023;17;0,266;R
ES0000000000003289CCPF;23/02/2023;18;0,092;R
ES0000000000003289CCPF;23/02/2023;19;0,295;R
ES0000000000003289CCPF;23/02/2023;20;0,262;R
ES0000000000003289CCPF;23/02/2023;21;0,173;R
ES0000000000003289CCPF;23/02/2023;22;0,392;R
ES0000000000003289CCPF;23/02/2023;23;0,21;R
ES0000000000003289CCPF;24/02/2023;0;0,23;R
ES0000000000003289CCPF;24/02/2023;1;0,256;R
ES0000000000003289CCPF;24/02/2023;2;0,106;R
ES0000000000003289CCPF;24/02/2023;3;0,064;R
ES0000000000003289CCPF;24/02/2023;4;0,069;R
ES0000000000003289CCPF;24/02/2023;5;0,155;R
ES0000000000003289CCPF;24/02/2023;6;0,151;R
ES0000000000003289CCPF;24/02/2023;7;0,076;R
ES0000000000003289CCPF;24/02/2023;8;0,265;R
ES0000000000003289CCPF;24/02/2023;9;0,224;R
ES0000000000003289CCPF;24/02/2023;10;0,092;R
ES0000000000003289CCPF;24/02/2023;11;0,085;R
ES0000000000003289CCPF;24/02/2023;12;0,138;R
ES0000000000003289CCPF;24/02/2023;13;0,113;R
ES0000000000003289CCPF;24/02/2023;14;0,094;R
ES0000000000003289CCPF;24/02/2023;15;0,077;R
ES0000000000003289CCPF;24/02/2023;16;0,171;R
ES0000000000003289CCPF;24/02/2023;17;0,274;R
ES0000000000003289CCPF;24/02/2023;18;0,1;R
ES0000000000003289CCPF;24/02/2023;19;0,089;R
ES0000000000003289CCPF;24/02/2023;20;0,261;R
ES0000000000003289CCPF;24/02/2023;21;0,278;R
ES0000000000003289CCPF;24/02/2023;22;0,209;R
ES0000000000003289CCPF;24/02/2023;23;0,105;R
ES0000000000003289CCPF;25/02/2023;0;0,111;R
ES0000000000003289CCPF;25/02/2023;1;0,098;R
ES0000000000003289CCPF;25/02/2023;2;0,101;R
ES0000000000003289CCPF;25/02/2023;3;0,122;R
ES0000000000003289CCPF;25/02/2023;4;0,143;R
ES0000000000003289CCPF;25/02/2023;5;0,185;R
ES0000000000003289CCPF;25/02/2023;6;0,096;R
ES0000000000003289CCPF;25/02/2023;7;0,086;R
ES0000000000003289CCPF;25/02/2023;8;0,082;R
ES0000000000003289CCPF;25/02/2023;9;0,274;R
ES0000000000003289CCPF;25/02/2023;10;0,333;R
ES0000000000003289CCPF;25/02/2023;11;0,179;R
ES0000000000003289CCPF;25/02/2023;12;0,227;R
ES0000000000003289CCPF;25/02/2023;13;0,685;R
ES0000000000003289CCPF;25/02/2023;14;0,191;R
ES0000000000003289CCPF;25/02/2023;15;0,46;R
ES0000000000003289CCPF;25/02/2023;16;0,645;R
ES0000000000003289CCPF;25/02/2023;17;0,146;R
ES0000000000003289CCPF;25/02/2023;18;0,106;R
ES0000000000003289CCPF;25/02/2023;19;0,129;R
ES0000000000003289CCPF;25/02/2023;20;0,934;R
ES0000000000003289CCPF;25/02/2023;21;0,879;R
ES0000000000003289CCPF;25/02/2023;22;0,598;R
ES0000000000003289CCPF;25/02/2023;23;0,322;R
ES0000000000003289CCPF;26/02/2023;0;0,368;R
ES0000000000003289CCPF;26/02/2023;1;0,207;R
ES0000000000003289CCPF;26/02/2023;2;0,276;R
ES0000000000003289CCPF;26/02/2023;3;0,173;R
ES0000000000003289CCPF;26/02/2023;4;0,166;R
ES0000000000003289CCPF;26/02/2023;5;0,351;R
ES0000000000003289CCPF;26/02/2023;6;0,2;R
ES0000000000003289CCPF;26/02/2023;7;0,162;R
ES0000000000003289CCPF;26/02/2023;8;0,086;R
ES0000000000003289CCPF;26/02/2023;9;0,241;R
ES0000000000003289CCPF;26/02/2023;10;0,176;R
ES0000000000003289CCPF;26/02/2023;11;2,893;R
ES0000000000003289CCPF;26/02/2023;12;1,283;R
ES0000000000003289CCPF;26/02/2023;13;1,077;R
ES0000000000003289CCPF;26/02/2023;14;0,526;R
ES0000000000003289CCPF;26/02/2023;15;0,294;R
ES0000000000003289CCPF;26/02/2023;16;0,174;R
ES0000000000003289CCPF;26/02/2023;17;0,127;R
ES0000000000003289CCPF;26/02/2023;18;0,124;R
ES0000000000003289CCPF;26/02/2023;19;0,146;R
ES0000000000003289CCPF;26/02/2023;20;0,211;R
ES0000000000003289CCPF;26/02/2023;21;0,317;R
ES0000000000003289CCPF;26/02/2023;22;0,278;R
ES0000000000003289CCPF;26/02/2023;23;0,275;R
ES0000000000003289CCPF;27/02/2023;0;0,123;R
ES0000000000003289CCPF;27/02/2023;1;0,181;R
ES0000000000003289CCPF;27/02/2023;2;0,117;R
ES0000000000003289CCPF;27/02/2023;3;0,13;R
ES0000000000003289CCPF;27/02/2023;4;0,173;R
ES0000000000003289CCPF;27/02/2023;5;0,174;R
ES0000000000003289CCPF;27/02/2023;6;0,086;R
ES0000000000003289CCPF;27/02/2023;7;0,081;R
ES0000000000003289CCPF;27/02/2023;8;0,161;R
ES0000000000003289CCPF;27/02/2023;9;0,323;R
ES0000000000003289CCPF;27/02/2023;10;0,144;R
ES0000000000003289CCPF;27/02/2023;11;0,203;R
ES0000000000003289CCPF;27/02/2023;12;0,081;R
ES0000000000003289CCPF;27/02/2023;13;0,084;R
ES0000000000003289CCPF;27/02/2023;14;0,22;R
ES0000000000003289CCPF;27/02/2023;15;0,296;R
ES0000000000003289CCPF;27/02/2023;16;0,136;R
ES0000000000003289CCPF;27/02/2023;17;0,148;R
ES0000000000003289CCPF;27/02/2023;18;0,473;R
ES0000000000003289CCPF;27/02/2023;19;0,212;R
ES0000000000003289CCPF;27/02/2023;20;0,306;R
ES0000000000003289CCPF;27/02/2023;21;0,352;R
ES0000000000003289CCPF;27/02/2023;22;0,208;R
ES0000000000003289CCPF;27/02/2023;23;0,193;R
ES0000000000003289CCPF;28/02/2023;0;0,148;R
ES0000000000003289CCPF;28/02/2023;1;0,092;R
ES0000000000003289CCPF;28/02/2023;2;0,711;R
ES0000000000003289CCPF;28/02/2023;3;0,103;R
ES0000000000003289CCPF;28/02/2023;4;0,106;R
ES0000000000003289CCPF;28/02/2023;5;0,943;R
ES0000000000003289CCPF;28/02/2023;6;0,13;R
ES0000000000003289CCPF;28/02/2023;7;0,073;R
ES0000000000003289CCPF;28/02/2023;8;0,292;R
ES0000000000003289CCPF;28/02/2023;9;0,3;R
ES0000000000003289CCPF;28/02/2023;10;0,138;R
ES0000000000003289CCPF;28/02/2023;11;0,091;R
ES0000000000003289CCPF;28/02/2023;12;0,087;R
ES0000000000003289CCPF;28/02/2023;13;0,086;R
ES0000000000003289CCPF;28/02/2023;14;0,18;R
ES0000000000003289CCPF;28/02/2023;15;0,093;R
ES0000000000003289CCPF;28/02/2023;16;0,081;R
ES0000000000003289CCPF;28/02/2023;17;0,112;R
ES0000000000003289CCPF;28/02/2023;18;0,071;R
ES0000000000003289CCPF;28/02/2023;19;0,157;R
ES0000000000003289CCPF;28/02/2023;20;0,248;R
ES0000000000003289CCPF;28/02/2023;21;0,273;R
ES0000000000003289CCPF;28/02/2023;22;0,175;R
ES0000000000003289CCPF;28/02/2023;23;0,257;R
ES0000000000003289CCPF;01/03/2023;0;0,139;R
ES0000000000003289CCPF;01/03/2023;1;0,199;R
ES0000000000003289CCPF;01/03/2023;2;0,193;R
ES0000000000003289CCPF;01/03/2023;3;0,131;R
ES0000000000003289CCPF;01/03/2023;4;0,074;R
ES0000000000003289CCPF;01/03/2023;5;0,137;R
ES0000000000003289CCPF;01/03/2023;6;0,177;R
ES0000000000003289CCPF;01/03/2023;7;0,33;R
ES0000000000003289CCPF;01/03/2023;8;0,284;R
ES0000000000003289CCPF;01/03/2023;9;0,14;R
ES0000000000003289CCPF;01/03/2023;10;0,161;R
ES0000000000003289CCPF;01/03/2023;11;0,254;R
ES0000000000003289CCPF;01/03/2023;12;0,253;R
ES0000000000003289CCPF;01/03/2023;13;0,251;R
ES0000000000003289CCPF;01/03/2023;14;0,259;R
ES0000000000003289CCPF;01/03/2023;15;0,261;R
ES0000000000003289CCPF;01/03/2023;16;0,262;R
ES0000000000003289CCPF;01/03/2023;17;0,167;R
ES0000000000003289CCPF;01/03/2023;18;0,75;R
ES0000000000003289CCPF;01/03/2023;19;0,287;R
ES0000000000003289CCPF;01/03/2023;20;0,585;R
ES0000000000003289CCPF;01/03/2023;21;0,252;R
ES0000000000003289CCPF;01/03/2023;22;0,091;R
ES0000000000003289CCPF;01/03/2023;23;0,08;R
ES0000000000003289CCPF;02/03/2023;0;0,209;R
ES0000000000003289CCPF;02/03/2023;1;0,201;R
ES0000000000003289CCPF;02/03/2023;2;0,148;R
ES0000000000003289CCPF;02/03/2023;3;0,095;R
ES0000000000003289CCPF;02/03/2023;4;0,07;R
ES0000000000003289CCPF;02/03/2023;5;0,169;R
ES0000000000003289CCPF;02/03/2023;6;0,174;R
ES0000000000003289CCPF;02/03/2023;7;0,127;R
ES0000000000003289CCPF;02/03/2023;8;0,513;R
ES0000000000003289CCPF;02/03/2023;9;0,745;R
ES0000000000003289CCPF;02/03/2023;10;0,172;R
ES0000000000003289CCPF;02/03/2023;11;0,124;R
ES0000000000003289CCPF;02/03/2023;12;0,099;R
ES0000000000003289CCPF;02/03/2023;13;0,259;R
ES0000000000003289CCPF;02/03/2023;14;0,21;R
ES0000000000003289CCPF;02/03/2023;15;0,157;R
ES0000000000003289CCPF;02/03/2023;16;0,172;R
ES0000000000003289CCPF;02/03/2023;17;0,147;R
ES0000000000003289CCPF;02/03/2023;18;0,135;R
ES0000000000003289CCPF;02/03/2023;19;0,252;R
ES0000000000003289CCPF;02/03/2023;20;0,186;R
ES0000000000003289CCPF;02/03/2023;21;0,314;R
ES0000000000003289CCPF;02/03/2023;22;0,208;R
ES0000000000003289CCPF;02/03/2023;23;0,394;R
ES0000000000003289CCPF;03/03/2023;0;0,987;R
ES0000000000003289CCPF;03/03/2023;1;0,218;R
ES0000000000003289CCPF;03/03/2023;2;0,686;R
ES0000000000003289CCPF;03/03/2023;3;0,412;R
ES0000000000003289CCPF;03/03/2023;4;0,551;R
ES0000000000003289CCPF;03/03/2023;5;0,592;R
ES0000000000003289CCPF;03/03/2023;6;0,178;R
ES0000000000003289CCPF;03/03/2023;7;0,306;R
ES0000000000003289CCPF;03/03/2023;8;0,381;R
ES0000000000003289CCPF;03/03/2023;9;0,226;R
ES0000000000003289CCPF;03/03/2023;10;0,081;R
ES0000000000003289CCPF;03/03/2023;11;0,082;R
ES0000000000003289CCPF;03/03/2023;12;0,068;R
ES0000000000003289CCPF;03/03/2023;13;0,17;R
ES0000000000003289CCPF;03/03/2023;14;0,079;R
ES0000000000003289CCPF;03/03/2023;15;0,082;R
ES0000000000003289CCPF;03/03/2023;16;0,074;R
ES0000000000003289CCPF;03/03/2023;17;0,076;R
ES0000000000003289CCPF;03/03/2023;18;0,082;R
ES0000000000003289CCPF;03/03/2023;19;0,082;R
ES0000000000003289CCPF;03/03/2023;20;0,078;R
ES0000000000003289CCPF;03/03/2023;21;0,07;R
ES0000000000003289CCPF;03/03/2023;22;0,081;R
ES0000000000003289CCPF;03/03/2023;23;0,081;R
ES0000000000003289CCPF;04/03/2023;0;0,073;R
ES0000000000003289CCPF;04/03/2023;1;0,072;R
ES0000000000003289CCPF;04/03/2023;2;0,079;R
ES0000000000003289CCPF;04/03/2023;3;0,08;R
ES0000000000003289CCPF;04/03/2023;4;0,07;R
ES0000000000003289CCPF;04/03/2023;5;0,077;R
ES0000000000003289CCPF;04/03/2023;6;0,081;R
ES0000000000003289CCPF;04/03/2023;7;0,079;R
ES0000000000003289CCPF;04/03/2023;8;0,064;R
ES0000000000003289CCPF;04/03/2023;9;0,077;R
ES0000000000003289CCPF;04/03/2023;10;0,079;R
ES0000000000003289CCPF;04/03/2023;11;0,064;R
ES0000000000003289CCPF;04/03/2023;12;0,079;R
ES0000000000003289CCPF;04/03/2023;13;0,08;R
ES0000000000003289CCPF;04/03/2023;14;0,065;R
ES0000000000003289CCPF;04/03/2023;15;0,08;R
ES0000000000003289CCPF;04/03/2023;16;0,081;R
ES0000000000003289CCPF;04/03/2023;17;0,078;R
ES0000000000003289CCPF;04/03/2023;18;0,071;R
ES0000000000003289CCPF;04/03/2023;19;0,08;R
ES0000000000003289CCPF;04/03/2023;20;0,08;R
ES0000000000003289CCPF;04/03/2023;21;0,068;R
ES0000000000003289CCPF;04/03/2023;22;0,08;R
ES0000000000003289CCPF;04/03/2023;23;0,08;R
ES0000000000003289CCPF;05/03/2023;0;0,07;R
ES0000000000003289CCPF;05/03/2023;1;0,075;R
ES0000000000003289CCPF;05/03/2023;2;0,08;R
ES0000000000003289CCPF;05/03/2023;3;0,077;R
ES0000000000003289CCPF;05/03/2023;4;0,071;R
ES0000000000003289CCPF;05/03/2023;5;0,08;R
ES0000000000003289CCPF;05/03/2023;6;0,074;R
ES0000000000003289CCPF;05/03/2023;7;0,071;R
ES0000000000003289CCPF;05/03/2023;8;0,078;R
ES0000000000003289CCPF;05/03/2023;9;0,066;R
ES0000000000003289CCPF;05/03/2023;10;0,074;R
ES0000000000003289CCPF;05/03/2023;11;0,079;R
ES0000000000003289CCPF;05/03/2023;12;0,062;R
ES0000000000003289CCPF;05/03/2023;13;0,077;R
ES0000000000003289CCPF;05/03/2023;14;0,076;R
ES0000000000003289CCPF;05/03/2023;15;0,067;R
ES0000000000003289CCPF;05/03/2023;16;0,078;R
ES0000000000003289CCPF;05/03/2023;17;0,08;R
ES0000000000003289CCPF;05/03/2023;18;2,041;R
ES0000000000003289CCPF;05/03/2023;19;1,806;R
ES0000000000003289CCPF;05/03/2023;20;1,084;R
ES0000000000003289CCPF;05/03/2023;21;0,298;R
ES0000000000003289CCPF;05/03/2023;22;0,213;R
ES0000000000003289CCPF;05/03/2023;23;0,202;R
ES0000000000003289CCPF;06/03/2023;0;0,191;R
ES0000000000003289CCPF;06/03/2023;1;0,189;R
ES0000000000003289CCPF;06/03/2023;2;0,189;R
ES0000000000003289CCPF;06/03/2023;3;0,189;R
ES0000000000003289CCPF;06/03/2023;4;0,092;R
ES0000000000003289CCPF;06/03/2023;5;0,103;R
ES0000000000003289CCPF;06/03/2023;6;0,192;R
ES0000000000003289CCPF;06/03/2023;7;0,171;R
ES0000000000003289CCPF;06/03/2023;8;0,371;R
ES0000000000003289CCPF;06/03/2023;9;0,191;R
ES0000000000003289CCPF;06/03/2023;10;0,287;R
ES0000000000003289CCPF;06/03/2023;11;0,162;R
ES0000000000003289CCPF;06/03/2023;12;0,126;R
ES0000000000003289CCPF;06/03/2023;13;0,183;R
ES0000000000003289CCPF;06/03/2023;14;0,128;R
ES0000000000003289CCPF;06/03/2023;15;0,103;R
ES0000000000003289CCPF;06/03/2023;16;0,176;R
ES0000000000003289CCPF;06/03/2023;17;0,195;R
ES0000000000003289CCPF;06/03/2023;18;0,189;R
ES0000000000003289CCPF;06/03/2023;19;0,263;R
ES0000000000003289CCPF;06/03/2023;20;0,941;R
ES0000000000003289CCPF;06/03/2023;21;0,228;R
ES0000000000003289CCPF;06/03/2023;22;0,567;R
ES0000000000003289CCPF;06/03/2023;23;0,425;R
ES0000000000003289CCPF;07/03/2023;0;0,239;R
ES0000000000003289CCPF;07/03/2023;1;0,091;R
ES0000000000003289CCPF;07/03/2023;2;0,668;R
ES0000000000003289CCPF;07/03/2023;3;0,211;R
ES0000000000003289CCPF;07/03/2023;4;0,215;R
ES0000000000003289CCPF;07/03/2023;5;0,82;R
ES0000000000003289CCPF;07/03/2023;6;0,08;R
ES0000000000003289CCPF;07/03/2023;7;0,081;R
ES0000000000003289CCPF;07/03/2023;8;0,265;R
ES0000000000003289CCPF;07/03/2023;9;0,31;R
ES0000000000003289CCPF;07/03/2023;10;0,162;R
ES0000000000003289CCPF;07/03/2023;11;0,114;R
ES0000000000003289CCPF;07/03/2023;12;0,089;R
ES0000000000003289CCPF;07/03/2023;13;0,119;R
ES0000000000003289CCPF;07/03/2023;14;0,393;R
ES0000000000003289CCPF;07/03/2023;15;0,191;R
ES0000000000003289CCPF;07/03/2023;16;0,138;R
ES0000000000003289CCPF;07/03/2023;17;0,152;R
ES0000000000003289CCPF;07/03/2023;18;0,081;R
ES0000000000003289CCPF;07/03/2023;19;0,303;R
ES0000000000003289CCPF;07/03/2023;20;0,337;R
ES0000000000003289CCPF;07/03/2023;21;0,352;R
ES0000000000003289CCPF;07/03/2023;22;0,393;R
ES0000000000003289CCPF;07/03/2023;23;0,217;R
ES0000000000003289CCPF;08/03/2023;0;0,135;R
ES0000000000003289CCPF;08/03/2023;1;0,107;R
ES0000000000003289CCPF;08/03/2023;2;0,107;R
ES0000000000003289CCPF;08/03/2023;3;0,104;R
ES0000000000003289CCPF;08/03/2023;4;0,108;R
ES0000000000003289CCPF;08/03/2023;5;0,077;R
ES0000000000003289CCPF;08/03/2023;6;0,199;R
ES0000000000003289CCPF;08/03/2023;7;0,149;R
ES0000000000003289CCPF;08/03/2023;8;0,321;R
ES0000000000003289CCPF;08/03/2023;9;0,214;R
ES0000000000003289CCPF;08/03/2023;10;0,075;R
ES0000000000003289CCPF;08/03/2023;11;0,082;R
ES0000000000003289CCPF;08/03/2023;12;0,087;R
ES0000000000003289CCPF;08/03/2023;13;0,085;R
ES0000000000003289CCPF;08/03/2023;14;0,083;R
ES0000000000003289CCPF;08/03/2023;15;0,072;R
ES0000000000003289CCPF;08/03/2023;16;0,086;R
ES0000000000003289CCPF;08/03/2023;17;0,105;R
ES0000000000003289CCPF;08/03/2023;18;0,091;R
ES0000000000003289CCPF;08/03/2023;19;0,168;R
ES0000000000003289CCPF;08/03/2023;20;0,328;R
ES0000000000003289CCPF;08/03/2023;21;0,302;R
ES0000000000003289CCPF;08/03/2023;22;0,271;R
ES0000000000003289CCPF;08/03/2023;23;0,213;R
ES0000000000003289CCPF;09/03/2023;0;0,168;R
ES0000000000003289CCPF;09/03/2023;1;0,164;R
ES0000000000003289CCPF;09/03/2023;2;0,117;R
ES0000000000003289CCPF;09/03/2023;3;0,22;R
ES0000000000003289CCPF;09/03/2023;4;0,356;R
ES0000000000003289CCPF;09/03/2023;5;0,145;R
ES0000000000003289CCPF;09/03/2023;6;0,102;R
ES0000000000003289CCPF;09/03/2023;7;0,091;R
ES0000000000003289CCPF;09/03/2023;8;0,273;R
ES0000000000003289CCPF;09/03/2023;9;0,331;R
ES0000000000003289CCPF;09/03/2023;10;0,864;R
ES0000000000003289CCPF;09/03/2023;11;0,149;R
ES0000000000003289CCPF;09/03/2023;12;0,122;R
ES0000000000003289CCPF;09/03/2023;13;0,21;R
ES0000000000003289CCPF;09/03/2023;14;0,186;R
ES0000000000003289CCPF;09/03/2023;15;0,192;R
ES0000000000003289CCPF;09/03/2023;16;0,313;R
ES0000000000003289CCPF;09/03/2023;17;0,104;R
ES0000000000003289CCPF;09/03/2023;18;0,099;R
ES0000000000003289CCPF;09/03/2023;19;0,165;R
ES0000000000003289CCPF;09/03/2023;20;0,884;R
ES0000000000003289CCPF;09/03/2023;21;0,302;R
ES0000000000003289CCPF;09/03/2023;22;0,153;R
ES0000000000003289CCPF;09/03/2023;23;0,149;R
ES0000000000003289CCPF;10/03/2023;0;0,098;R
ES0000000000003289CCPF;10/03/2023;1;0,091;R
ES0000000000003289CCPF;10/03/2023;2;0,435;R
ES0000000000003289CCPF;10/03/2023;3;0,335;R
ES0000000000003289CCPF;10/03/2023;4;0,097;R
ES0000000000003289CCPF;10/03/2023;5;0,867;R
ES0000000000003289CCPF;10/03/2023;6;0,182;R
ES0000000000003289CCPF;10/03/2023;7;0,146;R
ES0000000000003289CCPF;10/03/2023;8;0,334;R
ES0000000000003289CCPF;10/03/2023;9;0,217;R
ES0000000000003289CCPF;10/03/2023;10;0,164;R
ES0000000000003289CCPF;10/03/2023;11;0,123;R
ES0000000000003289CCPF;10/03/2023;12;0,285;R
ES0000000000003289CCPF;10/03/2023;13;0,12;R
ES0000000000003289CCPF;10/03/2023;14;0,185;R
ES0000000000003289CCPF;10/03/2023;15;0,172;R
ES0000000000003289CCPF;10/03/2023;16;0,234;R
ES0000000000003289CCPF;10/03/2023;17;0,329;R
ES0000000000003289CCPF;10/03/2023;18;0,123;R
ES0000000000003289CCPF;10/03/2023;19;0,194;R
ES0000000000003289CCPF;10/03/2023;20;0,289;R
ES0000000000003289CCPF;10/03/2023;21;0,314;R
ES0000000000003289CCPF;10/03/2023;22;0,255;R
ES0000000000003289CCPF;10/03/2023;23;0,194;R
ES0000000000003289CCPF;11/03/2023;0;0,233;R
ES0000000000003289CCPF;11/03/2023;1;0,174;R
ES0000000000003289CCPF;11/03/2023;2;0,648;R
ES0000000000003289CCPF;11/03/2023;3;0,099;R
ES0000000000003289CCPF;11/03/2023;4;0,382;R
ES0000000000003289CCPF;11/03/2023;5;0,496;R
ES0000000000003289CCPF;11/03/2023;6;0,104;R
ES0000000000003289CCPF;11/03/2023;7;0,092;R
ES0000000000003289CCPF;11/03/2023;8;0,088;R
ES0000000000003289CCPF;11/03/2023;9;0,748;R
ES0000000000003289CCPF;11/03/2023;10;0,244;R
ES0000000000003289CCPF;11/03/2023;11;0,33;R
ES0000000000003289CCPF;11/03/2023;12;0,171;R
ES0000000000003289CCPF;11/03/2023;13;0,184;R
ES0000000000003289CCPF;11/03/2023;14;1,964;R
ES0000000000003289CCPF;11/03/2023;15;0,27;R
ES0000000000003289CCPF;11/03/2023;16;0,14;R
ES0000000000003289CCPF;11/03/2023;17;0,214;R
ES0000000000003289CCPF;11/03/2023;18;0,207;R
ES0000000000003289CCPF;11/03/2023;19;0,186;R
ES0000000000003289CCPF;11/03/2023;20;0,332;R
ES0000000000003289CCPF;11/03/2023;21;0,248;R
ES0000000000003289CCPF;11/03/2023;22;0,299;R
ES0000000000003289CCPF;11/03/2023;23;0,723;R
ES0000000000003289CCPF;12/03/2023;0;1,047;R
ES0000000000003289CCPF;12/03/2023;1;0,605;R
ES0000000000003289CCPF;12/03/2023;2;0,135;R
ES0000000000003289CCPF;12/03/2023;3;0,126;R
ES0000000000003289CCPF;12/03/2023;4;0,087;R
ES0000000000003289CCPF;12/03/2023;5;0,114;R
ES0000000000003289CCPF;12/03/2023;6;0,093;R
ES0000000000003289CCPF;12/03/2023;7;0,101;R
ES0000000000003289CCPF;12/03/2023;8;0,229;R
ES0000000000003289CCPF;12/03/2023;9;0,3;R
ES0000000000003289CCPF;12/03/2023;10;1,16;R
ES0000000000003289CCPF;12/03/2023;11;1,1;R
ES0000000000003289CCPF;12/03/2023;12;1,533;R
ES0000000000003289CCPF;12/03/2023;13;0,239;R
ES0000000000003289CCPF;12/03/2023;14;0,298;R
ES0000000000003289CCPF;12/03/2023;15;0,148;R
ES0000000000003289CCPF;12/03/2023;16;0,243;R
ES0000000000003289CCPF;12/03/2023;17;0,189;R
ES0000000000003289CCPF;12/03/2023;18;0,274;R
ES0000000000003289CCPF;12/03/2023;19;0,204;R
ES0000000000003289CCPF;12/03/2023;20;0,774;R
ES0000000000003289CCPF;12/03/2023;21;0,494;R
ES0000000000003289CCPF;12/03/2023;22;0,12;R
ES0000000000003289CCPF;12/03/2023;23;0,293;R
ES0000000000003289CCPF;13/03/2023;0;0,2;R
ES0000000000003289CCPF;13/03/2023;1;0,216;R
ES0000000000003289CCPF;13/03/2023;2;0,214;R
ES0000000000003289CCPF;13/03/2023;3;0,09;R
ES0000000000003289CCPF;13/03/2023;4;0,112;R
ES0000000000003289CCPF;13/03/2023;5;0,08;R
ES0000000000003289CCPF;13/03/2023;6;0,13;R
ES0000000000003289CCPF;13/03/2023;7;0,077;R
ES0000000000003289CCPF;13/03/2023;8;0,282;R
ES0000000000003289CCPF;13/03/2023;9;0,164;R
ES0000000000003289CCPF;13/03/2023;10;0,182;R
ES0000000000003289CCPF;13/03/2023;11;0,719;R
ES0000000000003289CCPF;13/03/2023;12;0,156;R
ES0000000000003289CCPF;13/03/2023;13;0,173;R
ES0000000000003289CCPF;13/03/2023;14;0,146;R
ES0000000000003289CCPF;13/03/2023;15;0,303;R
ES0000000000003289CCPF;13/03/2023;16;0,209;R
ES0000000000003289CCPF;13/03/2023;17;0,117;R
ES0000000000003289CCPF;13/03/2023;18;0,135;R
ES0000000000003289CCPF;13/03/2023;19;0,108;R
ES0000000000003289CCPF;13/03/2023;20;0,434;R
ES0000000000003289CCPF;13/03/2023;21;0,208;R
ES0000000000003289CCPF;13/03/2023;22;0,131;R
ES0000000000003289CCPF;13/03/2023;23;0,106;R
ES0000000000003289CCPF;14/03/2023;0;0,162;R
ES0000000000003289CCPF;14/03/2023;1;0,11;R
ES0000000000003289CCPF;14/03/2023;2;0,625;R
ES0000000000003289CCPF;14/03/2023;3;0,144;R
ES0000000000003289CCPF;14/03/2023;4;0,117;R
ES0000000000003289CCPF;14/03/2023;5;0,76;R
ES0000000000003289CCPF;14/03/2023;6;0,071;R
ES0000000000003289CCPF;14/03/2023;7;0,099;R
ES0000000000003289CCPF;14/03/2023;8;0,276;R
ES0000000000003289CCPF;14/03/2023;9;0,404;R
ES0000000000003289CCPF;14/03/2023;10;0,162;R
ES0000000000003289CCPF;14/03/2023;11;0,089;R
ES0000000000003289CCPF;14/03/2023;12;0,107;R
ES0000000000003289CCPF;14/03/2023;13;0,082;R
ES0000000000003289CCPF;14/03/2023;14;0,109;R
ES0000000000003289CCPF;14/03/2023;15;0,075;R
ES0000000000003289CCPF;14/03/2023;16;0,15;R
ES0000000000003289CCPF;14/03/2023;17;0,084;R
ES0000000000003289CCPF;14/03/2023;18;0,106;R
ES0000000000003289CCPF;14/03/2023;19;0,092;R
ES0000000000003289CCPF;14/03/2023;20;0,323;R
ES0000000000003289CCPF;14/03/2023;21;0,256;R
ES0000000000003289CCPF;14/03/2023;22;1,153;R
ES0000000000003289CCPF;14/03/2023;23;0,3;R
ES0000000000003289CCPF;15/03/2023;0;0,179;R
ES0000000000003289CCPF;15/03/2023;1;0,143;R
ES0000000000003289CCPF;15/03/2023;2;0,118;R
ES0000000000003289CCPF;15/03/2023;3;0,129;R
ES0000000000003289CCPF;15/03/2023;4;0,129;R
ES0000000000003289CCPF;15/03/2023;5;0,106;R
ES0000000000003289CCPF;15/03/2023;6;0,097;R
ES0000000000003289CCPF;15/03/2023;7;0,258;R
ES0000000000003289CCPF;15/03/2023;8;0,279;R
ES0000000000003289CCPF;15/03/2023;9;0,289;R
ES0000000000003289CCPF;15/03/2023;10;0,141;R
ES0000000000003289CCPF;15/03/2023;11;0,073;R
ES0000000000003289CCPF;15/03/2023;12;0,105;R
ES0000000000003289CCPF;15/03/2023;13;0,072;R
ES0000000000003289CCPF;15/03/2023;14;0,116;R
ES0000000000003289CCPF;15/03/2023;15;0,076;R
ES0000000000003289CCPF;15/03/2023;16;0,324;R
ES0000000000003289CCPF;15/03/2023;17;0,217;R
ES0000000000003289CCPF;15/03/2023;18;0,112;R
ES0000000000003289CCPF;15/03/2023;19;0,255;R
ES0000000000003289CCPF;15/03/2023;20;0,307;R
ES0000000000003289CCPF;15/03/2023;21;0,219;R
ES0000000000003289CCPF;15/03/2023;22;0,197;R
ES0000000000003289CCPF;15/03/2023;23;0,151;R
ES0000000000003289CCPF;16/03/2023;0;0,171;R
ES0000000000003289CCPF;16/03/2023;1;0,235;R
ES0000000000003289CCPF;16/03/2023;2;0,135;R
ES0000000000003289CCPF;16/03/2023;3;0,096;R
ES0000000000003289CCPF;16/03/2023;4;0,115;R
ES0000000000003289CCPF;16/03/2023;5;0,189;R
ES0000000000003289CCPF;16/03/2023;6;0,199;R
ES0000000000003289CCPF;16/03/2023;7;0,128;R
ES0000000000003289CCPF;16/03/2023;8;0,288;R
ES0000000000003289CCPF;16/03/2023;9;0,357;R
ES0000000000003289CCPF;16/03/2023;10;0,108;R
ES0000000000003289CCPF;16/03/2023;11;0,148;R
ES0000000000003289CCPF;16/03/2023;12;0,085;R
ES0000000000003289CCPF;16/03/2023;13;0,46;R
ES0000000000003289CCPF;16/03/2023;14;0,118;R
ES0000000000003289CCPF;16/03/2023;15;0,128;R
ES0000000000003289CCPF;16/03/2023;16;0,218;R
ES0000000000003289CCPF;16/03/2023;17;0,287;R
ES0000000000003289CCPF;16/03/2023;18;0,25;R
ES0000000000003289CCPF;16/03/2023;19;0,282;R
ES0000000000003289CCPF;16/03/2023;20;0,246;R
ES0000000000003289CCPF;16/03/2023;21;0,287;R
ES0000000000003289CCPF;16/03/2023;22;0,115;R
ES0000000000003289CCPF;16/03/2023;23;0,426;R
ES0000000000003289CCPF;17/03/2023;0;0,111;R
ES0000000000003289CCPF;17/03/2023;1;0,15;R
ES0000000000003289CCPF;17/03/2023;2;0,665;R
ES0000000000003289CCPF;17/03/2023;3;0,12;R
ES0000000000003289CCPF;17/03/2023;4;0,527;R
ES0000000000003289CCPF;17/03/2023;5;0,366;R
ES0000000000003289CCPF;17/03/2023;6;0,099;R
ES0000000000003289CCPF;17/03/2023;7;0,097;R
ES0000000000003289CCPF;17/03/2023;8;0,371;R
ES0000000000003289CCPF;17/03/2023;9;0,096;R
ES0000000000003289CCPF;17/03/2023;10;0,326;R
ES0000000000003289CCPF;17/03/2023;11;0,228;R
ES0000000000003289CCPF;17/03/2023;12;0,132;R
ES0000000000003289CCPF;17/03/2023;13;0,096;R
ES0000000000003289CCPF;17/03/2023;14;0,187;R
ES0000000000003289CCPF;17/03/2023;15;0,252;R
ES0000000000003289CCPF;17/03/2023;16;0,128;R
ES0000000000003289CCPF;17/03/2023;17;0,073;R
ES0000000000003289CCPF;17/03/2023;18;0,249;R
ES0000000000003289CCPF;17/03/2023;19;0,271;R
ES0000000000003289CCPF;17/03/2023;20;0,105;R
ES0000000000003289CCPF;17/03/2023;21;0,08;R
ES0000000000003289CCPF;17/03/2023;22;0,092;R
ES0000000000003289CCPF;17/03/2023;23;0,089;R
ES0000000000003289CCPF;18/03/2023;0;0,087;R
ES0000000000003289CCPF;18/03/2023;1;0,091;R
ES0000000000003289CCPF;18/03/2023;2;0,084;R
ES0000000000003289CCPF;18/03/2023;3;0,092;R
ES0000000000003289CCPF;18/03/2023;4;0,084;R
ES0000000000003289CCPF;18/03/2023;5;0,087;R
ES0000000000003289CCPF;18/03/2023;6;0,088;R
ES0000000000003289CCPF;18/03/2023;7;0,079;R
ES0000000000003289CCPF;18/03/2023;8;0,093;R
ES0000000000003289CCPF;18/03/2023;9;0,074;R
ES0000000000003289CCPF;18/03/2023;10;0,092;R
ES0000000000003289CCPF;18/03/2023;11;0,069;R
ES0000000000003289CCPF;18/03/2023;12;0,094;R
ES0000000000003289CCPF;18/03/2023;13;0,069;R
ES0000000000003289CCPF;18/03/2023;14;0,096;R
ES0000000000003289CCPF;18/03/2023;15;0,07;R
ES0000000000003289CCPF;18/03/2023;16;0,098;R
ES0000000000003289CCPF;18/03/2023;17;0,069;R
ES0000000000003289CCPF;18/03/2023;18;0,1;R
ES0000000000003289CCPF;18/03/2023;19;0,069;R
ES0000000000003289CCPF;18/03/2023;20;0,099;R
ES0000000000003289CCPF;18/03/2023;21;0,074;R
ES0000000000003289CCPF;18/03/2023;22;0,1;R
ES0000000000003289CCPF;18/03/2023;23;0,073;R
ES0000000000003289CCPF;19/03/2023;0;0,1;R
ES0000000000003289CCPF;19/03/2023;1;0,071;R
ES0000000000003289CCPF;19/03/2023;2;0,099;R
ES0000000000003289CCPF;19/03/2023;3;0,073;R
ES0000000000003289CCPF;19/03/2023;4;0,101;R
ES0000000000003289CCPF;19/03/2023;5;0,071;R
ES0000000000003289CCPF;19/03/2023;6;0,099;R
ES0000000000003289CCPF;19/03/2023;7;0,068;R
ES0000000000003289CCPF;19/03/2023;8;0,098;R
ES0000000000003289CCPF;19/03/2023;9;0,067;R
ES0000000000003289CCPF;19/03/2023;10;0,086;R
ES0000000000003289CCPF;19/03/2023;11;0,075;R
ES0000000000003289CCPF;19/03/2023;12;0,082;R
ES0000000000003289CCPF;19/03/2023;13;0,079;R
ES0000000000003289CCPF;19/03/2023;14;0,08;R
ES0000000000003289CCPF;19/03/2023;15;0,083;R
ES0000000000003289CCPF;19/03/2023;16;0,083;R
ES0000000000003289CCPF;19/03/2023;17;0,088;R
ES0000000000003289CCPF;19/03/2023;18;0,084;R
ES0000000000003289CCPF;19/03/2023;19;0,095;R
ES0000000000003289CCPF;19/03/2023;20;0,076;R
ES0000000000003289CCPF;19/03/2023;21;0,098;R
ES0000000000003289CCPF;19/03/2023;22;0,072;R
ES0000000000003289CCPF;19/03/2023;23;0,101;R
ES0000000000003289CCPF;20/03/2023;0;0,072;R
ES0000000000003289CCPF;20/03/2023;1;0,101;R
ES0000000000003289CCPF;20/03/2023;2;0,072;R
ES0000000000003289CCPF;20/03/2023;3;0,1;R
ES0000000000003289CCPF;20/03/2023;4;0,069;R
ES0000000000003289CCPF;20/03/2023;5;0,098;R
ES0000000000003289CCPF;20/03/2023;6;0,068;R
ES0000000000003289CCPF;20/03/2023;7;0,096;R
ES0000000000003289CCPF;20/03/2023;8;0,067;R
ES0000000000003289CCPF;20/03/2023;9;0,095;R
ES0000000000003289CCPF;20/03/2023;10;0,066;R
ES0000000000003289CCPF;20/03/2023;11;0,095;R
ES0000000000003289CCPF;20/03/2023;12;0,067;R
ES0000000000003289CCPF;20/03/2023;13;0,093;R
ES0000000000003289CCPF;20/03/2023;14;0,085;R
ES0000000000003289CCPF;20/03/2023;15;0,09;R
ES0000000000003289CCPF;20/03/2023;16;0,085;R
ES0000000000003289CCPF;20/03/2023;17;0,084;R
ES0000000000003289CCPF;20/03/2023;18;0,093;R
ES0000000000003289CCPF;20/03/2023;19;0,084;R
ES0000000000003289CCPF;20/03/2023;20;1,245;R
ES0000000000003289CCPF;20/03/2023;21;0,361;R
ES0000000000003289CCPF;20/03/2023;22;0,64;R
ES0000000000003289CCPF;20/03/2023;23;0,663;R
ES0000000000003289CCPF;21/03/2023;0;0,27;R
ES0000000000003289CCPF;21/03/2023;1;0,199;R
ES0000000000003289CCPF;21/03/2023;2;0,151;R
ES0000000000003289CCPF;21/03/2023;3;0,089;R
ES0000000000003289CCPF;21/03/2023;4;0,117;R
ES0000000000003289CCPF;21/03/2023;5;0,097;R
ES0000000000003289CCPF;21/03/2023;6;0,178;R
ES0000000000003289CCPF;21/03/2023;7;0,195;R
ES0000000000003289CCPF;21/03/2023;8;0,397;R
ES0000000000003289CCPF;21/03/2023;9;0,391;R
ES0000000000003289CCPF;21/03/2023;10;0,16;R
ES0000000000003289CCPF;21/03/2023;11;0,117;R
ES0000000000003289CCPF;21/03/2023;12;0,092;R
ES0000000000003289CCPF;21/03/2023;13;0,102;R
ES0000000000003289CCPF;21/03/2023;14;0,107;R
ES0000000000003289CCPF;21/03/2023;15;0,203;R
ES0000000000003289CCPF;21/03/2023;16;0,127;R
ES0000000000003289CCPF;21/03/2023;17;0,076;R
ES0000000000003289CCPF;21/03/2023;18;0,111;R
ES0000000000003289CCPF;21/03/2023;19;0,077;R
ES0000000000003289CCPF;21/03/2023;20;0,381;R
ES0000000000003289CCPF;21/03/2023;21;0,235;R
ES0000000000003289CCPF;21/03/2023;22;0,727;R
ES0000000000003289CCPF;21/03/2023;23;0,51;R
ES0000000000003289CCPF;22/03/2023;0;0,131;R
ES0000000000003289CCPF;22/03/2023;1;0,091;R
ES0000000000003289CCPF;22/03/2023;2;0,108;R
ES0000000000003289CCPF;22/03/2023;3;0,073;R
ES0000000000003289CCPF;22/03/2023;4;0,123;R
ES0000000000003289CCPF;22/03/2023;5;0,074;R
ES0000000000003289CCPF;22/03/2023;6;0,109;R
ES0000000000003289CCPF;22/03/2023;7;0,324;R
ES0000000000003289CCPF;22/03/2023;8;0,235;R
ES0000000000003289CCPF;22/03/2023;9;0,247;R
ES0000000000003289CCPF;22/03/2023;10;0,077;R
ES0000000000003289CCPF;22/03/2023;11;0,11;R
ES0000000000003289CCPF;22/03/2023;12;0,077;R
ES0000000000003289CCPF;22/03/2023;13;0,11;R
ES0000000000003289CCPF;22/03/2023;14;0,078;R
ES0000000000003289CCPF;22/03/2023;15;0,112;R
ES0000000000003289CCPF;22/03/2023;16;0,082;R
ES0000000000003289CCPF;22/03/2023;17;0,116;R
ES0000000000003289CCPF;22/03/2023;18;0,077;R
ES0000000000003289CCPF;22/03/2023;19;0,202;R
ES0000000000003289CCPF;22/03/2023;20;0,216;R
ES0000000000003289CCPF;22/03/2023;21;0,29;R
ES0000000000003289CCPF;22/03/2023;22;0,137;R
ES0000000000003289CCPF;22/03/2023;23;0,279;R
ES0000000000003289CCPF;23/03/2023;0;0,143;R
ES0000000000003289CCPF;23/03/2023;1;0,096;R
ES0000000000003289CCPF;23/03/2023;2;0,68;R
ES0000000000003289CCPF;23/03/2023;3;0,103;R
ES0000000000003289CCPF;23/03/2023;4;0,696;R
ES0000000000003289CCPF;23/03/2023;5;0,225;R
ES0000000000003289CCPF;23/03/2023;6;0,157;R
ES0000000000003289CCPF;23/03/2023;7;0,089;R
ES0000000000003289CCPF;23/03/2023;8;0,563;R
ES0000000000003289CCPF;23/03/2023;9;0,211;R
ES0000000000003289CCPF;23/03/2023;10;0,109;R
ES0000000000003289CCPF;23/03/2023;11;0,093;R
ES0000000000003289CCPF;23/03/2023;12;0,088;R
ES0000000000003289CCPF;23/03/2023;13;0,1;R
ES0000000000003289CCPF;23/03/2023;14;0,081;R
ES0000000000003289CCPF;23/03/2023;15;0,123;R
ES0000000000003289CCPF;23/03/2023;16;0,084;R
ES0000000000003289CCPF;23/03/2023;17;0,117;R
ES0000000000003289CCPF;23/03/2023;18;0,08;R
ES0000000000003289CCPF;23/03/2023;19;0,342;R
ES0000000000003289CCPF;23/03/2023;20;0,369;R
ES0000000000003289CCPF;23/03/2023;21;0,445;R
ES0000000000003289CCPF;23/03/2023;22;0,788;R
ES0000000000003289CCPF;23/03/2023;23;0,228;R
ES0000000000003289CCPF;24/03/2023;0;0,141;R
ES0000000000003289CCPF;24/03/2023;1;0,212;R
ES0000000000003289CCPF;24/03/2023;2;0,134;R
ES0000000000003289CCPF;24/03/2023;3;0,101;R
ES0000000000003289CCPF;24/03/2023;4;0,077;R
ES0000000000003289CCPF;24/03/2023;5;0,101;R
ES0000000000003289CCPF;24/03/2023;6;0,085;R
ES0000000000003289CCPF;24/03/2023;7;0,282;R
ES0000000000003289CCPF;24/03/2023;8;0,147;R
ES0000000000003289CCPF;24/03/2023;9;0,207;R
ES0000000000003289CCPF;24/03/2023;10;0,148;R
ES0000000000003289CCPF;24/03/2023;11;0,117;R
ES0000000000003289CCPF;24/03/2023;12;0,072;R
ES0000000000003289CCPF;24/03/2023;13;0,105;R
ES0000000000003289CCPF;24/03/2023;14;0,07;R
ES0000000000003289CCPF;24/03/2023;15;0,116;R
ES0000000000003289CCPF;24/03/2023;16;0,116;R
ES0000000000003289CCPF;24/03/2023;17;0,115;R
ES0000000000003289CCPF;24/03/2023;18;0,1;R
ES0000000000003289CCPF;24/03/2023;19;0,203;R
ES0000000000003289CCPF;24/03/2023;20;0,076;R
ES0000000000003289CCPF;24/03/2023;21;0,111;R
ES0000000000003289CCPF;24/03/2023;22;0,076;R
ES0000000000003289CCPF;24/03/2023;23;0,111;R
ES0000000000003289CCPF;25/03/2023;0;0,079;R
ES0000000000003289CCPF;25/03/2023;1;0,183;R
ES0000000000003289CCPF;25/03/2023;2;0,075;R
ES0000000000003289CCPF;25/03/2023;3;0,096;R
ES0000000000003289CCPF;25/03/2023;4;0,084;R
ES0000000000003289CCPF;25/03/2023;5;0,089;R
ES0000000000003289CCPF;25/03/2023;6;0,091;R
ES0000000000003289CCPF;25/03/2023;7;0,167;R
ES0000000000003289CCPF;25/03/2023;8;0,221;R
ES0000000000003289CCPF;25/03/2023;9;0,079;R
ES0000000000003289CCPF;25/03/2023;10;0,395;R
ES0000000000003289CCPF;25/03/2023;11;0,161;R
ES0000000000003289CCPF;25/03/2023;12;0,126;R
ES0000000000003289CCPF;25/03/2023;13;0,072;R
ES0000000000003289CCPF;25/03/2023;14;0,107;R
ES0000000000003289CCPF;25/03/2023;15;0,074;R
ES0000000000003289CCPF;25/03/2023;16;0,107;R
ES0000000000003289CCPF;25/03/2023;17;0,075;R
ES0000000000003289CCPF;25/03/2023;18;0,11;R
ES0000000000003289CCPF;25/03/2023;19;0,074;R
ES0000000000003289CCPF;25/03/2023;20;0,265;R
ES0000000000003289CCPF;25/03/2023;21;0,414;R
ES0000000000003289CCPF;25/03/2023;22;0,703;R
ES0000000000003289CCPF;25/03/2023;23;0,202;R
ES0000000000003289CCPF;26/03/2023;0;0,265;R
ES0000000000003289CCPF;26/03/2023;1;0,198;R
ES0000000000003289CCPF;26/03/2023;3;0,268;R
ES0000000000003289CCPF;26/03/2023;4;0,553;R
ES0000000000003289CCPF;26/03/2023;5;0,157;R
ES0000000000003289CCPF;26/03/2023;6;0,803;R
ES0000000000003289CCPF;26/03/2023;7;0,118;R
ES0000000000003289CCPF;26/03/2023;8;0,1;R
ES0000000000003289CCPF;26/03/2023;9;0,208;R
ES0000000000003289CCPF;26/03/2023;10;0,528;R
ES0000000000003289CCPF;26/03/2023;11;1,236;R
ES0000000000003289CCPF;26/03/2023;12;0,845;R
ES0000000000003289CCPF;26/03/2023;13;0,279;R
ES0000000000003289CCPF;26/03/2023;14;0,312;R
ES0000000000003289CCPF;26/03/2023;15;0,405;R
ES0000000000003289CCPF;26/03/2023;16;0,195;R
ES0000000000003289CCPF;26/03/2023;17;0,227;R
ES0000000000003289CCPF;26/03/2023;18;0,203;R
ES0000000000003289CCPF;26/03/2023;19;0,185;R
ES0000000000003289CCPF;26/03/2023;20;0,212;R
ES0000000000003289CCPF;26/03/2023;21;0,141;R
ES0000000000003289CCPF;26/03/2023;22;0,357;R
ES0000000000003289CCPF;26/03/2023;23;0,216;R
ES0000000000003289CCPF;27/03/2023;0;0,127;R
ES0000000000003289CCPF;27/03/2023;1;0,105;R
ES0000000000003289CCPF;27/03/2023;2;0,131;R
ES0000000000003289CCPF;27/03/2023;3;0,139;R
ES0000000000003289CCPF;27/03/2023;4;0,133;R
ES0000000000003289CCPF;27/03/2023;5;0,074;R
ES0000000000003289CCPF;27/03/2023;6;0,073;R
ES0000000000003289CCPF;27/03/2023;7;0,084;R
ES0000000000003289CCPF;27/03/2023;8;0,123;R
ES0000000000003289CCPF;27/03/2023;9;0,337;R
ES0000000000003289CCPF;27/03/2023;10;0,214;R
ES0000000000003289CCPF;27/03/2023;11;0,168;R
ES0000000000003289CCPF;27/03/2023;12;0,159;R
ES0000000000003289CCPF;27/03/2023;13;0,144;R
ES0000000000003289CCPF;27/03/2023;14;0,111;R
ES0000000000003289CCPF;27/03/2023;15;0,38;R
ES0000000000003289CCPF;27/03/2023;16;0,199;R
ES0000000000003289CCPF;27/03/2023;17;0,093;R
ES0000000000003289CCPF;27/03/2023;18;0,24;R
ES0000000000003289CCPF;27/03/2023;19;0,194;R
ES0000000000003289CCPF;27/03/2023;20;0,195;R
ES0000000000003289CCPF;27/03/2023;21;0,199;R
ES0000000000003289CCPF;27/03/2023;22;0,309;R
ES0000000000003289CCPF;27/03/2023;23;0,329;R
ES0000000000003289CCPF;28/03/2023;0;0,198;R
ES0000000000003289CCPF;28/03/2023;1;0,101;R
ES0000000000003289CCPF;28/03/2023;2;0,649;R
ES0000000000003289CCPF;28/03/2023;3;0,142;R
ES0000000000003289CCPF;28/03/2023;4;0,214;R
ES0000000000003289CCPF;28/03/2023;5;0,665;R
ES0000000000003289CCPF;28/03/2023;6;0,136;R
ES0000000000003289CCPF;28/03/2023;7;0,08;R
ES0000000000003289CCPF;28/03/2023;8;0,215;R
ES0000000000003289CCPF;28/03/2023;9;0,342;R
ES0000000000003289CCPF;28/03/2023;10;0,128;R
ES0000000000003289CCPF;28/03/2023;11;0,168;R
ES0000000000003289CCPF;28/03/2023;12;0,193;R
ES0000000000003289CCPF;28/03/2023;13;0,129;R
ES0000000000003289CCPF;28/03/2023;14;0,084;R
ES0000000000003289CCPF;28/03/2023;15;0,174;R
ES0000000000003289CCPF;28/03/2023;16;0,206;R
ES0000000000003289CCPF;28/03/2023;17;0,086;R
ES0000000000003289CCPF;28/03/2023;18;0,075;R
ES0000000000003289CCPF;28/03/2023;19;0,076;R
ES0000000000003289CCPF;28/03/2023;20;0,431;R
ES0000000000003289CCPF;28/03/2023;21;0,131;R
ES0000000000003289CCPF;28/03/2023;22;0,216;R
ES0000000000003289CCPF;28/03/2023;23;0,099;R
ES0000000000003289CCPF;29/03/2023;0;0,207;R
ES0000000000003289CCPF;29/03/2023;1;0,165;R
ES0000000000003289CCPF;29/03/2023;2;0,076;R
ES0000000000003289CCPF;29/03/2023;3;0,111;R
ES0000000000003289CCPF;29/03/2023;4;0,141;R
ES0000000000003289CCPF;29/03/2023;5;0,075;R
ES0000000000003289CCPF;29/03/2023;6;0,074;R
ES0000000000003289CCPF;29/03/2023;7;0,329;R
ES0000000000003289CCPF;29/03/2023;8;0,407;R
ES0000000000003289CCPF;29/03/2023;9;0,128;R
ES0000000000003289CCPF;29/03/2023;10;0,33;R
ES0000000000003289CCPF;29/03/2023;11;0,311;R
ES0000000000003289CCPF;29/03/2023;12;0,151;R
ES0000000000003289CCPF;29/03/2023;13;0,083;R
ES0000000000003289CCPF;29/03/2023;14;0,12;R
ES0000000000003289CCPF;29/03/2023;15;0,172;R
ES0000000000003289CCPF;29/03/2023;16;0,159;R
ES0000000000003289CCPF;29/03/2023;17;0,185;R
ES0000000000003289CCPF;29/03/2023;18;0,211;R
ES0000000000003289CCPF;29/03/2023;19;0,143;R
ES0000000000003289CCPF;29/03/2023;20;0,274;R
ES0000000000003289CCPF;29/03/2023;21;0,168;R
ES0000000000003289CCPF;29/03/2023;22;0,359;R
ES0000000000003289CCPF;29/03/2023;23;0,543;R
ES0000000000003289CCPF;30/03/2023;0;0,276;R
ES0000000000003289CCPF;30/03/2023;1;0,195;R
ES0000000000003289CCPF;30/03/2023;2;0,09;R
ES0000000000003289CCPF;30/03/2023;3;0,087;R
ES0000000000003289CCPF;30/03/2023;4;0,151;R
ES0000000000003289CCPF;30/03/2023;5;0,112;R
ES0000000000003289CCPF;30/03/2023;6;0,084;R
ES0000000000003289CCPF;30/03/2023;7;0,081;R
ES0000000000003289CCPF;30/03/2023;8;0,305;R
ES0000000000003289CCPF;30/03/2023;9;0,794;R
ES0000000000003289CCPF;30/03/2023;10;0,433;R
ES0000000000003289CCPF;30/03/2023;11;0,105;R
ES0000000000003289CCPF;30/03/2023;12;0,169;R
ES0000000000003289CCPF;30/03/2023;13;0,119;R
ES0000000000003289CCPF;30/03/2023;14;0,105;R
ES0000000000003289CCPF;30/03/2023;15;0,139;R
ES0000000000003289CCPF;30/03/2023;16;0,151;R
ES0000000000003289CCPF;30/03/2023;17;0,078;R
ES0000000000003289CCPF;30/03/2023;18;0,152;R
ES0000000000003289CCPF;30/03/2023;19;0,328;R
ES0000000000003289CCPF;30/03/2023;20;0,136;R
ES0000000000003289CCPF;30/03/2023;21;0,299;R
ES0000000000003289CCPF;30/03/2023;22;0,134;R
ES0000000000003289CCPF;30/03/2023;23;0,735;R
ES0000000000003289CCPF;31/03/2023;0;0,346;R
ES0000000000003289CCPF;31/03/2023;1;0,215;R
ES0000000000003289CCPF;31/03/2023;2;0,65;R
ES0000000000003289CCPF;31/03/2023;3;0,127;R
ES0000000000003289CCPF;31/03/2023;4;0,514;R
ES0000000000003289CCPF;31/03/2023;5;0,834;R
ES0000000000003289CCPF;31/03/2023;6;0,088;R
ES0000000000003289CCPF;31/03/2023;7;0,37;R
ES0000000000003289CCPF;31/03/2023;8;0,404;R
ES0000000000003289CCPF;31/03/2023;9;0,19;R
ES0000000000003289CCPF;31/03/2023;10;0,072;R
ES0000000000003289CCPF;31/03/2023;11;0,07;R
ES0000000000003289CCPF;31/03/2023;12;0,099;R
ES0000000000003289CCPF;31/03/2023;13;0,136;R
ES0000000000003289CCPF;31/03/2023;14;0,079;R
ES0000000000003289CCPF;31/03/2023;15;0,133;R
ES0000000000003289CCPF;31/03/2023;16;0,15;R
ES0000000000003289CCPF;31/03/2023;17;0,152;R
ES0000000000003289CCPF;31/03/2023;18;0,092;R
ES0000000000003289CCPF;31/03/2023;19;0,193;R
ES0000000000003289CCPF;31/03/2023;20;0,113;R
ES0000000000003289CCPF;31/03/2023;21;0,202;R
ES0000000000003289CCPF;31/03/2023;22;0,105;R
ES0000000000003289CCPF;31/03/2023;23;0,089;R
ES0000000000003289CCPF;01/04/2023;0;0,093;R
ES0000000000003289CCPF;01/04/2023;1;0,167;R
ES0000000000003289CCPF;01/04/2023;2;0,112;R
ES0000000000003289CCPF;01/04/2023;3;0,092;R
ES0000000000003289CCPF;01/04/2023;4;0,099;R
ES0000000000003289CCPF;01/04/2023;5;0,148;R
ES0000000000003289CCPF;01/04/2023;6;0,091;R
ES0000000000003289CCPF;01/04/2023;7;0,21;R
ES0000000000003289CCPF;01/04/2023;8;0,16;R
ES0000000000003289CCPF;01/04/2023;9;0,198;R
ES0000000000003289CCPF;01/04/2023;10;0,687;R
ES0000000000003289CCPF;01/04/2023;11;0,317;R
ES0000000000003289CCPF;01/04/2023;12;0,104;R
ES0000000000003289CCPF;01/04/2023;13;0,145;R
ES0000000000003289CCPF;01/04/2023;14;0,09;R
ES0000000000003289CCPF;01/04/2023;15;0,171;R
ES0000000000003289CCPF;01/04/2023;16;0,114;R
ES0000000000003289CCPF;01/04/2023;17;0,18;R
ES0000000000003289CCPF;01/04/2023;18;0,123;R
ES0000000000003289CCPF;01/04/2023;19;0,097;R
ES0000000000003289CCPF;01/04/2023;20;0,181;R
ES0000000000003289CCPF;01/04/2023;21;0,118;R
ES0000000000003289CCPF;01/04/2023;22;0,164;R
ES0000000000003289CCPF;01/04/2023;23;0,077;R
ES0000000000003289CCPF;02/04/2023;0;0,151;R
ES0000000000003289CCPF;02/04/2023;1;0,096;R
ES0000000000003289CCPF;02/04/2023;2;0,119;R
ES0000000000003289CCPF;02/04/2023;3;0,09;R
ES0000000000003289CCPF;02/04/2023;4;0,118;R
ES0000000000003289CCPF;02/04/2023;5;0,098;R
ES0000000000003289CCPF;02/04/2023;6;0,072;R
ES0000000000003289CCPF;02/04/2023;7;0,071;R
ES0000000000003289CCPF;02/04/2023;8;0,119;R
ES0000000000003289CCPF;02/04/2023;9;0,322;R
ES0000000000003289CCPF;02/04/2023;10;0,284;R
ES0000000000003289CCPF;02/04/2023;11;0,094;R
ES0000000000003289CCPF;02/04/2023;12;0,219;R
ES0000000000003289CCPF;02/04/2023;13;0,126;R
ES0000000000003289CCPF;02/04/2023;14;0,083;R
ES0000000000003289CCPF;02/04/2023;15;0,152;R
ES0000000000003289CCPF;02/04/2023;16;0,807;R
ES0000000000003289CCPF;02/04/2023;17;0,479;R
ES0000000000003289CCPF;02/04/2023;18;0,144;R
ES0000000000003289CCPF;02/04/2023;19;0,208;R
ES0000000000003289CCPF;02/04/2023;20;0,151;R
ES0000000000003289CCPF;02/04/2023;21;0,264;R
ES0000000000003289CCPF;02/04/2023;22;0,253;R
ES0000000000003289CCPF;02/04/2023;23;0,12;R
ES0000000000003289CCPF;03/04/2023;0;0,133;R
ES0000000000003289CCPF;03/04/2023;1;0,097;R
ES0000000000003289CCPF;03/04/2023;2;0,162;R
ES0000000000003289CCPF;03/04/2023;3;0,101;R
ES0000000000003289CCPF;03/04/2023;4;0,071;R
ES0000000000003289CCPF;03/04/2023;5;0,087;R
ES0000000000003289CCPF;03/04/2023;6;0,126;R
ES0000000000003289CCPF;03/04/2023;7;0,071;R
ES0000000000003289CCPF;03/04/2023;8;0,07;R
ES0000000000003289CCPF;03/04/2023;9;0,282;R
ES0000000000003289CCPF;03/04/2023;10;0,261;R
ES0000000000003289CCPF;03/04/2023;11;0,245;R
ES0000000000003289CCPF;03/04/2023;12;0,146;R
ES0000000000003289CCPF;03/04/2023;13;0,169;R
ES0000000000003289CCPF;03/04/2023;14;0,107;R
ES0000000000003289CCPF;03/04/2023;15;0,221;R
ES0000000000003289CCPF;03/04/2023;16;0,198;R
ES0000000000003289CCPF;03/04/2023;17;0,152;R
ES0000000000003289CCPF;03/04/2023;18;0,085;R
ES0000000000003289CCPF;03/04/2023;19;0,163;R
ES0000000000003289CCPF;03/04/2023;20;0,412;R
ES0000000000003289CCPF;03/04/2023;21;0,183;R
ES0000000000003289CCPF;03/04/2023;22;0,151;R
ES0000000000003289CCPF;03/04/2023;23;0,109;R
ES0000000000003289CCPF;04/04/2023;0;0,253;R
ES0000000000003289CCPF;04/04/2023;1;0,147;R
ES0000000000003289CCPF;04/04/2023;2;0,651;R
ES0000000000003289CCPF;04/04/2023;3;0,092;R
ES0000000000003289CCPF;04/04/2023;4;0,135;R
ES0000000000003289CCPF;04/04/2023;5;0,826;R
ES0000000000003289CCPF;04/04/2023;6;0,076;R
ES0000000000003289CCPF;04/04/2023;7;0,076;R
ES0000000000003289CCPF;04/04/2023;8;0,306;R
ES0000000000003289CCPF;04/04/2023;9;0,401;R
ES0000000000003289CCPF;04/04/2023;10;0,154;R
ES0000000000003289CCPF;04/04/2023;11;0,098;R
ES0000000000003289CCPF;04/04/2023;12;0,204;R
ES0000000000003289CCPF;04/04/2023;13;0,162;R
ES0000000000003289CCPF;04/04/2023;14;0,087;R
ES0000000000003289CCPF;04/04/2023;15;0,102;R
ES0000000000003289CCPF;04/04/2023;16;0,131;R
ES0000000000003289CCPF;04/04/2023;17;0,071;R
ES0000000000003289CCPF;04/04/2023;18;0,072;R
ES0000000000003289CCPF;04/04/2023;19;0,213;R
ES0000000000003289CCPF;04/04/2023;20;0,254;R
ES0000000000003289CCPF;04/04/2023;21;0,145;R
ES0000000000003289CCPF;04/04/2023;22;0,496;R
ES0000000000003289CCPF;04/04/2023;23;0,516;R
ES0000000000003289CCPF;05/04/2023;0;0,248;R
ES0000000000003289CCPF;05/04/2023;1;0,086;R
ES0000000000003289CCPF;05/04/2023;2;0,072;R
ES0000000000003289CCPF;05/04/2023;3;0,076;R
ES0000000000003289CCPF;05/04/2023;4;0,143;R
ES0000000000003289CCPF;05/04/2023;5;0,086;R
ES0000000000003289CCPF;05/04/2023;6;0,072;R
ES0000000000003289CCPF;05/04/2023;7;0,083;R
ES0000000000003289CCPF;05/04/2023;8;0,179;R
ES0000000000003289CCPF;05/04/2023;9;0,286;R
ES0000000000003289CCPF;05/04/2023;10;0,135;R
ES0000000000003289CCPF;05/04/2023;11;0,081;R
ES0000000000003289CCPF;05/04/2023;12;0,135;R
ES0000000000003289CCPF;05/04/2023;13;0,073;R
ES0000000000003289CCPF;05/04/2023;14;0,074;R
ES0000000000003289CCPF;05/04/2023;15;0,107;R
ES0000000000003289CCPF;05/04/2023;16;0,14;R
ES0000000000003289CCPF;05/04/2023;17;0,077;R
ES0000000000003289CCPF;05/04/2023;18;0,077;R
ES0000000000003289CCPF;05/04/2023;19;0,159;R
ES0000000000003289CCPF;05/04/2023;20;0,161;R
ES0000000000003289CCPF;05/04/2023;21;0,18;R
ES0000000000003289CCPF;05/04/2023;22;0,17;R
ES0000000000003289CCPF;05/04/2023;23;0,133;R
ES0000000000003289CCPF;06/04/2023;0;0,138;R
ES0000000000003289CCPF;06/04/2023;1;0,092;R
ES0000000000003289CCPF;06/04/2023;2;0,102;R
ES0000000000003289CCPF;06/04/2023;3;0,095;R
ES0000000000003289CCPF;06/04/2023;4;0,129;R
ES0000000000003289CCPF;06/04/2023;5;0,076;R
ES0000000000003289CCPF;06/04/2023;6;0,092;R
ES0000000000003289CCPF;06/04/2023;7;0,095;R
ES0000000000003289CCPF;06/04/2023;8;0,113;R
ES0000000000003289CCPF;06/04/2023;9;0,238;R
ES0000000000003289CCPF;06/04/2023;10;0,253;R
ES0000000000003289CCPF;06/04/2023;11;1,073;R
ES0000000000003289CCPF;06/04/2023;12;0,38;R
ES0000000000003289CCPF;06/04/2023;13;0,08;R
ES0000000000003289CCPF;06/04/2023;14;0,14;R
ES0000000000003289CCPF;06/04/2023;15;0,143;R
ES0000000000003289CCPF;06/04/2023;16;0,133;R
ES0000000000003289CCPF;06/04/2023;17;0,088;R
ES0000000000003289CCPF;06/04/2023;18;0,607;R
ES0000000000003289CCPF;06/04/2023;19;0,52;R
ES0000000000003289CCPF;06/04/2023;20;0,176;R
ES0000000000003289CCPF;06/04/2023;21;0,127;R
ES0000000000003289CCPF;06/04/2023;22;0,133;R
ES0000000000003289CCPF;06/04/2023;23;0,234;R
ES0000000000003289CCPF;07/04/2023;0;0,191;R
ES0000000000003289CCPF;07/04/2023;1;0,235;R
ES0000000000003289CCPF;07/04/2023;2;0,663;R
ES0000000000003289CCPF;07/04/2023;3;0,112;R
ES0000000000003289CCPF;07/04/2023;4;0,133;R
ES0000000000003289CCPF;07/04/2023;5;0,829;R
ES0000000000003289CCPF;07/04/2023;6;0,081;R
ES0000000000003289CCPF;07/04/2023;7;0,077;R
ES0000000000003289CCPF;07/04/2023;8;0,074;R
ES0000000000003289CCPF;07/04/2023;9;0,347;R
ES0000000000003289CCPF;07/04/2023;10;0,199;R
ES0000000000003289CCPF;07/04/2023;11;0,281;R
ES0000000000003289CCPF;07/04/2023;12;0,171;R
ES0000000000003289CCPF;07/04/2023;13;0,21;R
ES0000000000003289CCPF;07/04/2023;14;0,128;R
ES0000000000003289CCPF;07/04/2023;15;0,189;R
ES0000000000003289CCPF;07/04/2023;16;0,183;R
ES0000000000003289CCPF;07/04/2023;17;0,179;R
ES0000000000003289CCPF;07/04/2023;18;0,136;R
ES0000000000003289CCPF;07/04/2023;19;0,117;R
ES0000000000003289CCPF;07/04/2023;20;0,433;R
ES0000000000003289CCPF;07/04/2023;21;0,283;R
ES0000000000003289CCPF;07/04/2023;22;1,015;R
ES0000000000003289CCPF;07/04/2023;23;0,251;R
ES0000000000003289CCPF;08/04/2023;0;0,187;R
ES0000000000003289CCPF;08/04/2023;1;0,125;R
ES0000000000003289CCPF;08/04/2023;2;0,553;R
ES0000000000003289CCPF;08/04/2023;3;0,238;R
ES0000000000003289CCPF;08/04/2023;4;0,192;R
ES0000000000003289CCPF;08/04/2023;5;0,77;R
ES0000000000003289CCPF;08/04/2023;6;0,116;R
ES0000000000003289CCPF;08/04/2023;7;0,153;R
ES0000000000003289CCPF;08/04/2023;8;0,146;R
ES0000000000003289CCPF;08/04/2023;9;0,212;R
ES0000000000003289CCPF;08/04/2023;10;0,217;R
ES0000000000003289CCPF;08/04/2023;11;0,238;R
ES0000000000003289CCPF;08/04/2023;12;0,139;R
ES0000000000003289CCPF;08/04/2023;13;0,076;R
ES0000000000003289CCPF;08/04/2023;14;0,076;R
ES0000000000003289CCPF;08/04/2023;15;0,117;R
ES0000000000003289CCPF;08/04/2023;16;0,156;R
ES0000000000003289CCPF;08/04/2023;17;0,098;R
ES0000000000003289CCPF;08/04/2023;18;0,08;R
ES0000000000003289CCPF;08/04/2023;19;0,075;R
ES0000000000003289CCPF;08/04/2023;20;0,134;R
ES0000000000003289CCPF;08/04/2023;21;0,127;R
ES0000000000003289CCPF;08/04/2023;22;0,074;R
ES0000000000003289CCPF;08/04/2023;23;0,073;R
ES0000000000003289CCPF;09/04/2023;0;0,077;R
ES0000000000003289CCPF;09/04/2023;1;0,148;R
ES0000000000003289CCPF;09/04/2023;2;0,08;R
ES0000000000003289CCPF;09/04/2023;3;0,078;R
ES0000000000003289CCPF;09/04/2023;4;0,076;R
ES0000000000003289CCPF;09/04/2023;5;0,144;R
ES0000000000003289CCPF;09/04/2023;6;0,101;R
ES0000000000003289CCPF;09/04/2023;7;0,077;R
ES0000000000003289CCPF;09/04/2023;8;0,076;R
ES0000000000003289CCPF;09/04/2023;9;0,111;R
ES0000000000003289CCPF;09/04/2023;10;0,106;R
ES0000000000003289CCPF;09/04/2023;11;0,074;R
ES0000000000003289CCPF;09/04/2023;12;0,073;R
ES0000000000003289CCPF;09/04/2023;13;0,134;R
ES0000000000003289CCPF;09/04/2023;14;0,099;R
ES0000000000003289CCPF;09/04/2023;15;0,071;R
ES0000000000003289CCPF;09/04/2023;16;0,072;R
ES0000000000003289CCPF;09/04/2023;17;0,165;R
ES0000000000003289CCPF;09/04/2023;18;0,417;R
ES0000000000003289CCPF;09/04/2023;19;0,188;R
ES0000000000003289CCPF;09/04/2023;20;0,295;R
ES0000000000003289CCPF;09/04/2023;21;0,143;R
ES0000000000003289CCPF;09/04/2023;22;0,142;R
ES0000000000003289CCPF;09/04/2023;23;0,283;R
ES0000000000003289CCPF;10/04/2023;0;0,256;R
ES0000000000003289CCPF;10/04/2023;1;0,095;R
ES0000000000003289CCPF;10/04/2023;2;0,122;R
ES0000000000003289CCPF;10/04/2023;3;0,368;R
ES0000000000003289CCPF;10/04/2023;4;0,171;R
ES0000000000003289CCPF;10/04/2023;5;0,107;R
ES0000000000003289CCPF;10/04/2023;6;0,091;R
ES0000000000003289CCPF;10/04/2023;7;0,181;R
ES0000000000003289CCPF;10/04/2023;8;0,373;R
ES0000000000003289CCPF;10/04/2023;9;0,225;R
ES0000000000003289CCPF;10/04/2023;10;0,08;R
ES0000000000003289CCPF;10/04/2023;11;0,105;R
ES0000000000003289CCPF;10/04/2023;12;0,194;R
ES0000000000003289CCPF;10/04/2023;13;0,2;R
ES0000000000003289CCPF;10/04/2023;14;0,149;R
ES0000000000003289CCPF;10/04/2023;15;0,526;R
ES0000000000003289CCPF;10/04/2023;16;0,213;R
ES0000000000003289CCPF;10/04/2023;17;0,156;R
ES0000000000003289CCPF;10/04/2023;18;0,096;R
ES0000000000003289CCPF;10/04/2023;19;0,284;R
ES0000000000003289CCPF;10/04/2023;20;0,181;R
ES0000000000003289CCPF;10/04/2023;21;0,243;R
ES0000000000003289CCPF;10/04/2023;22;0,179;R
ES0000000000003289CCPF;10/04/2023;23;0,61;R
ES0000000000003289CCPF;11/04/2023;0;0,25;R
ES0000000000003289CCPF;11/04/2023;1;0,154;R
ES0000000000003289CCPF;11/04/2023;2;0,161;R
ES0000000000003289CCPF;11/04/2023;3;0,114;R
ES0000000000003289CCPF;11/04/2023;4;0,088;R
ES0000000000003289CCPF;11/04/2023;5;0,085;R
ES0000000000003289CCPF;11/04/2023;6;0,129;R
ES0000000000003289CCPF;11/04/2023;7;0,115;R
ES0000000000003289CCPF;11/04/2023;8;0,271;R
ES0000000000003289CCPF;11/04/2023;9;0,361;R
ES0000000000003289CCPF;11/04/2023;10;0,849;R
ES0000000000003289CCPF;11/04/2023;11;0,155;R
ES0000000000003289CCPF;11/04/2023;12;0,097;R
ES0000000000003289CCPF;11/04/2023;13;0,081;R
ES0000000000003289CCPF;11/04/2023;14;0,148;R
ES0000000000003289CCPF;11/04/2023;15;0,204;R
ES0000000000003289CCPF;11/04/2023;16;0,096;R
ES0000000000003289CCPF;11/04/2023;17;0,084;R
ES0000000000003289CCPF;11/04/2023;18;0,151;R
ES0000000000003289CCPF;11/04/2023;19;0,148;R
ES0000000000003289CCPF;11/04/2023;20;0,235;R
ES0000000000003289CCPF;11/04/2023;21;0,147;R
ES0000000000003289CCPF;11/04/2023;22;0,221;R
ES0000000000003289CCPF;11/04/2023;23;0,261;R
ES0000000000003289CCPF;12/04/2023;0;0,185;R
ES0000000000003289CCPF;12/04/2023;1;0,152;R
ES0000000000003289CCPF;12/04/2023;2;0,1;R
ES0000000000003289CCPF;12/04/2023;3;0,612;R
ES0000000000003289CCPF;12/04/2023;4;0,125;R
ES0000000000003289CCPF;12/04/2023;5;0,732;R
ES0000000000003289CCPF;12/04/2023;6;0,231;R
ES0000000000003289CCPF;12/04/2023;7;0,076;R
ES0000000000003289CCPF;12/04/2023;8;0,248;R
ES0000000000003289CCPF;12/04/2023;9;0,338;R
ES0000000000003289CCPF;12/04/2023;10;0,269;R
ES0000000000003289CCPF;12/04/2023;11;0,125;R
ES0000000000003289CCPF;12/04/2023;12;0,078;R
ES0000000000003289CCPF;12/04/2023;13;0,093;R
ES0000000000003289CCPF;12/04/2023;14;0,16;R
ES0000000000003289CCPF;12/04/2023;15;0,134;R
ES0000000000003289CCPF;12/04/2023;16;0,218;R
ES0000000000003289CCPF;12/04/2023;17;0,259;R
ES0000000000003289CCPF;12/04/2023;18;0,148;R
ES0000000000003289CCPF;12/04/2023;19;0,278;R
ES0000000000003289CCPF;12/04/2023;20;0,574;R
ES0000000000003289CCPF;12/04/2023;21;0,201;R
ES0000000000003289CCPF;12/04/2023;22;0,634;R
ES0000000000003289CCPF;12/04/2023;23;0,186;R
ES0000000000003289CCPF;13/04/2023;0;0,217;R
ES0000000000003289CCPF;13/04/2023;1;0,093;R
ES0000000000003289CCPF;13/04/2023;2;0,092;R
ES0000000000003289CCPF;13/04/2023;3;0,082;R
ES0000000000003289CCPF;13/04/2023;4;0,164;R
ES0000000000003289CCPF;13/04/2023;5;0,08;R
ES0000000000003289CCPF;13/04/2023;6;0,077;R
ES0000000000003289CCPF;13/04/2023;7;0,09;R
ES0000000000003289CCPF;13/04/2023;8;0,292;R
ES0000000000003289CCPF;13/04/2023;9;0,238;R
ES0000000000003289CCPF;13/04/2023;10;0,108;R
ES0000000000003289CCPF;13/04/2023;11;0,112;R
ES0000000000003289CCPF;13/04/2023;12;0,106;R
ES0000000000003289CCPF;13/04/2023;13;0,077;R
ES0000000000003289CCPF;13/04/2023;14;0,077;R
ES0000000000003289CCPF;13/04/2023;15;0,19;R
ES0000000000003289CCPF;13/04/2023;16;0,156;R
ES0000000000003289CCPF;13/04/2023;17;0,079;R
ES0000000000003289CCPF;13/04/2023;18;0,115;R
ES0000000000003289CCPF;13/04/2023;19;0,388;R
ES0000000000003289CCPF;13/04/2023;20;0,231;R
ES0000000000003289CCPF;13/04/2023;21;0,223;R
ES0000000000003289CCPF;13/04/2023;22;0,171;R
ES0000000000003289CCPF;13/04/2023;23;0,218;R
ES0000000000003289CCPF;14/04/2023;0;0,162;R
ES0000000000003289CCPF;14/04/2023;1;0,149;R
ES0000000000003289CCPF;14/04/2023;2;0,102;R
ES0000000000003289CCPF;14/04/2023;3;0,115;R
ES0000000000003289CCPF;14/04/2023;4;0,074;R
ES0000000000003289CCPF;14/04/2023;5;0,088;R
ES0000000000003289CCPF;14/04/2023;6;0,152;R
ES0000000000003289CCPF;14/04/2023;7;0,102;R
ES0000000000003289CCPF;14/04/2023;8;0,299;R
ES0000000000003289CCPF;14/04/2023;9;0,314;R
ES0000000000003289CCPF;14/04/2023;10;0,238;R
ES0000000000003289CCPF;14/04/2023;11;0,102;R
ES0000000000003289CCPF;14/04/2023;12;0,085;R
ES0000000000003289CCPF;14/04/2023;13;0,151;R
ES0000000000003289CCPF;14/04/2023;14;0,14;R
ES0000000000003289CCPF;14/04/2023;15;0,4;R
ES0000000000003289CCPF;14/04/2023;16;0,151;R
ES0000000000003289CCPF;14/04/2023;17;0,172;R
ES0000000000003289CCPF;14/04/2023;18;0,078;R
ES0000000000003289CCPF;14/04/2023;19;0,089;R
ES0000000000003289CCPF;14/04/2023;20;0,154;R
ES0000000000003289CCPF;14/04/2023;21;0,147;R
ES0000000000003289CCPF;14/04/2023;22;0,159;R
ES0000000000003289CCPF;14/04/2023;23;0,165;R
ES0000000000003289CCPF;15/04/2023;0;0,086;R
ES0000000000003289CCPF;15/04/2023;1;0,084;R
ES0000000000003289CCPF;15/04/2023;2;0,138;R
ES0000000000003289CCPF;15/04/2023;3;0,642;R
ES0000000000003289CCPF;15/04/2023;4;0,11;R
ES0000000000003289CCPF;15/04/2023;5;0,566;R
ES0000000000003289CCPF;15/04/2023;6;0,377;R
ES0000000000003289CCPF;15/04/2023;7;0,097;R
ES0000000000003289CCPF;15/04/2023;8;0,108;R
ES0000000000003289CCPF;15/04/2023;9;0,28;R
ES0000000000003289CCPF;15/04/2023;10;0,834;R
ES0000000000003289CCPF;15/04/2023;11;0,191;R
ES0000000000003289CCPF;15/04/2023;12;0,26;R
ES0000000000003289CCPF;15/04/2023;13;0,263;R
ES0000000000003289CCPF;15/04/2023;14;0,433;R
ES0000000000003289CCPF;15/04/2023;15;0,341;R
ES0000000000003289CCPF;15/04/2023;16;0,153;R
ES0000000000003289CCPF;15/04/2023;17;0,168;R
ES0000000000003289CCPF;15/04/2023;18;0,138;R
ES0000000000003289CCPF;15/04/2023;19;0,149;R
ES0000000000003289CCPF;15/04/2023;20;0,083;R
ES0000000000003289CCPF;15/04/2023;21;0,075;R
ES0000000000003289CCPF;15/04/2023;22;0,311;R
ES0000000000003289CCPF;15/04/2023;23;0,26;R
ES0000000000003289CCPF;16/04/2023;0;0,1;R
ES0000000000003289CCPF;16/04/2023;1;0,104;R
ES0000000000003289CCPF;16/04/2023;2;0,325;R
ES0000000000003289CCPF;16/04/2023;3;0,194;R
ES0000000000003289CCPF;16/04/2023;4;0,173;R
ES0000000000003289CCPF;16/04/2023;5;0,106;R
ES0000000000003289CCPF;16/04/2023;6;0,47;R
ES0000000000003289CCPF;16/04/2023;7;0,174;R
ES0000000000003289CCPF;16/04/2023;8;0,103;R
ES0000000000003289CCPF;16/04/2023;9;0,364;R
ES0000000000003289CCPF;16/04/2023;10;0,24;R
ES0000000000003289CCPF;16/04/2023;11;0,546;R
ES0000000000003289CCPF;16/04/2023;12;0,122;R
ES0000000000003289CCPF;16/04/2023;13;0,174;R
ES0000000000003289CCPF;16/04/2023;14;0,183;R
ES0000000000003289CCPF;16/04/2023;15;0,788;R
ES0000000000003289CCPF;16/04/2023;16;0,164;R
ES0000000000003289CCPF;16/04/2023;17;0,131;R
ES0000000000003289CCPF;16/04/2023;18;0,486;R
ES0000000000003289CCPF;16/04/2023;19;0,151;R
ES0000000000003289CCPF;16/04/2023;20;0,149;R
ES0000000000003289CCPF;16/04/2023;21;0,114;R
ES0000000000003289CCPF;16/04/2023;22;0,076;R
ES0000000000003289CCPF;16/04/2023;23;0,079;R
ES0000000000003289CCPF;17/04/2023;0;0,172;R
ES0000000000003289CCPF;17/04/2023;1;0,129;R
ES0000000000003289CCPF;17/04/2023;2;0,081;R
ES0000000000003289CCPF;17/04/2023;3;0,08;R
ES0000000000003289CCPF;17/04/2023;4;0,123;R
ES0000000000003289CCPF;17/04/2023;5;0,103;R
ES0000000000003289CCPF;17/04/2023;6;0,101;R
ES0000000000003289CCPF;17/04/2023;7;0,162;R
ES0000000000003289CCPF;17/04/2023;8;0,137;R
ES0000000000003289CCPF;17/04/2023;9;0,075;R
ES0000000000003289CCPF;17/04/2023;10;0,312;R
ES0000000000003289CCPF;17/04/2023;11;0,27;R
ES0000000000003289CCPF;17/04/2023;12;0,177;R
ES0000000000003289CCPF;17/04/2023;13;0,256;R
ES0000000000003289CCPF;17/04/2023;14;1,634;R
ES0000000000003289CCPF;17/04/2023;15;0,738;R
ES0000000000003289CCPF;17/04/2023;16;0,163;R
ES0000000000003289CCPF;17/04/2023;17;0,082;R
ES0000000000003289CCPF;17/04/2023;18;0,156;R
ES0000000000003289CCPF;17/04/2023;19;0,212;R
ES0000000000003289CCPF;17/04/2023;20;0,238;R
ES0000000000003289CCPF;17/04/2023;21;0,237;R
ES0000000000003289CCPF;17/04/2023;22;0,142;R
ES0000000000003289CCPF;17/04/2023;23;0,229;R
ES0000000000003289CCPF;18/04/2023;0;0,186;R
ES0000000000003289CCPF;18/04/2023;1;0,106;R
ES0000000000003289CCPF;18/04/2023;2;0,6;R
ES0000000000003289CCPF;18/04/2023;3;0,128;R
ES0000000000003289CCPF;18/04/2023;4;0,167;R
ES0000000000003289CCPF;18/04/2023;5;0,843;R
ES0000000000003289CCPF;18/04/2023;6;0,089;R
ES0000000000003289CCPF;18/04/2023;7;0,072;R
ES0000000000003289CCPF;18/04/2023;8;0,168;R
ES0000000000003289CCPF;18/04/2023;9;0,226;R
ES0000000000003289CCPF;18/04/2023;10;0,359;R
ES0000000000003289CCPF;18/04/2023;11;0,713;R
ES0000000000003289CCPF;18/04/2023;12;0,247;R
ES0000000000003289CCPF;18/04/2023;13;0,196;R
ES0000000000003289CCPF;18/04/2023;14;0,113;R
ES0000000000003289CCPF;18/04/2023;15;0,117;R
ES0000000000003289CCPF;18/04/2023;16;0,212;R
ES0000000000003289CCPF;18/04/2023;17;0,086;R
ES0000000000003289CCPF;18/04/2023;18;0,164;R
ES0000000000003289CCPF;18/04/2023;19;0,112;R
ES0000000000003289CCPF;18/04/2023;20;0,646;R
ES0000000000003289CCPF;18/04/2023;21;0,162;R
ES0000000000003289CCPF;18/04/2023;22;0,179;R
ES0000000000003289CCPF;18/04/2023;23;0,119;R
ES0000000000003289CCPF;19/04/2023;0;0,16;R
ES0000000000003289CCPF;19/04/2023;1;0,107;R
ES0000000000003289CCPF;19/04/2023;2;0,081;R
ES0000000000003289CCPF;19/04/2023;3;0,114;R
ES0000000000003289CCPF;19/04/2023;4;0,15;R
ES0000000000003289CCPF;19/04/2023;5;0,077;R
ES0000000000003289CCPF;19/04/2023;6;0,072;R
ES0000000000003289CCPF;19/04/2023;7;0,129;R
ES0000000000003289CCPF;19/04/2023;8;0,242;R
ES0000000000003289CCPF;19/04/2023;9;0,225;R
ES0000000000003289CCPF;19/04/2023;10;0,141;R
ES0000000000003289CCPF;19/04/2023;11;0,136;R
ES0000000000003289CCPF;19/04/2023;12;0,088;R
ES0000000000003289CCPF;19/04/2023;13;0,113;R
ES0000000000003289CCPF;19/04/2023;14;0,177;R
ES0000000000003289CCPF;19/04/2023;15;0,177;R
ES0000000000003289CCPF;19/04/2023;16;0,333;R
ES0000000000003289CCPF;19/04/2023;17;0,153;R
ES0000000000003289CCPF;19/04/2023;18;0,142;R
ES0000000000003289CCPF;19/04/2023;19;0,458;R
ES0000000000003289CCPF;19/04/2023;20;0,226;R
ES0000000000003289CCPF;19/04/2023;21;0,233;R
ES0000000000003289CCPF;19/04/2023;22;0,219;R
ES0000000000003289CCPF;19/04/2023;23;0,201;R
ES0000000000003289CCPF;20/04/2023;0;0,133;R
ES0000000000003289CCPF;20/04/2023;1;0,094;R
ES0000000000003289CCPF;20/04/2023;2;0,102;R
ES0000000000003289CCPF;20/04/2023;3;0,17;R
ES0000000000003289CCPF;20/04/2023;4;0,102;R
ES0000000000003289CCPF;20/04/2023;5;0,081;R
ES0000000000003289CCPF;20/04/2023;6;0,094;R
ES0000000000003289CCPF;20/04/2023;7;0,154;R
ES0000000000003289CCPF;20/04/2023;8;0,242;R
ES0000000000003289CCPF;20/04/2023;9;0,29;R
ES0000000000003289CCPF;20/04/2023;10;0,326;R
ES0000000000003289CCPF;20/04/2023;11;0,303;R
ES0000000000003289CCPF;20/04/2023;12;0,088;R
ES0000000000003289CCPF;20/04/2023;13;0,094;R
ES0000000000003289CCPF;20/04/2023;14;0,19;R
ES0000000000003289CCPF;20/04/2023;15;0,724;R
ES0000000000003289CCPF;20/04/2023;16;0,095;R
ES0000000000003289CCPF;20/04/2023;17;0,095;R
ES0000000000003289CCPF;20/04/2023;18;0,082;R
ES0000000000003289CCPF;20/04/2023;19;0,188;R
ES0000000000003289CCPF;20/04/2023;20;0,166;R
ES0000000000003289CCPF;20/04/2023;21;0,169;R
ES0000000000003289CCPF;20/04/2023;22;0,16;R
ES0000000000003289CCPF;20/04/2023;23;0,735;R
ES0000000000003289CCPF;21/04/2023;0;0,306;R
ES0000000000003289CCPF;21/04/2023;1;0,091;R
ES0000000000003289CCPF;21/04/2023;2;0,616;R
ES0000000000003289CCPF;21/04/2023;3;0,131;R
ES0000000000003289CCPF;21/04/2023;4;0,101;R
ES0000000000003289CCPF;21/04/2023;5;0,76;R
ES0000000000003289CCPF;21/04/2023;6;0,121;R
ES0000000000003289CCPF;21/04/2023;7;0,076;R
ES0000000000003289CCPF;21/04/2023;8;0,259;R
ES0000000000003289CCPF;21/04/2023;9;0,809;R
ES0000000000003289CCPF;21/04/2023;10;0,235;R
ES0000000000003289CCPF;21/04/2023;11;0,124;R
ES0000000000003289CCPF;21/04/2023;12;0,107;R
ES0000000000003289CCPF;21/04/2023;13;0,08;R
ES0000000000003289CCPF;21/04/2023;14;0,147;R
ES0000000000003289CCPF;21/04/2023;15;0,129;R
ES0000000000003289CCPF;21/04/2023;16;0,211;R
ES0000000000003289CCPF;21/04/2023;17;0,11;R
ES0000000000003289CCPF;21/04/2023;18;0,124;R
ES0000000000003289CCPF;21/04/2023;19;0,168;R
ES0000000000003289CCPF;21/04/2023;20;0,208;R
ES0000000000003289CCPF;21/04/2023;21;0,769;R
ES0000000000003289CCPF;21/04/2023;22;0,535;R
ES0000000000003289CCPF;21/04/2023;23;0,477;R
ES0000000000003289CCPF;22/04/2023;0;0,152;R
ES0000000000003289CCPF;22/04/2023;1;0,161;R
ES0000000000003289CCPF;22/04/2023;2;0,135;R
ES0000000000003289CCPF;22/04/2023;3;0,125;R
ES0000000000003289CCPF;22/04/2023;4;0,08;R
ES0000000000003289CCPF;22/04/2023;5;0,101;R
ES0000000000003289CCPF;22/04/2023;6;0,108;R
ES0000000000003289CCPF;22/04/2023;7;0,079;R
ES0000000000003289CCPF;22/04/2023;8;0,106;R
ES0000000000003289CCPF;22/04/2023;9;0,114;R
ES0000000000003289CCPF;22/04/2023;10;0,237;R
ES0000000000003289CCPF;22/04/2023;11;0,198;R
ES0000000000003289CCPF;22/04/2023;12;0,279;R
ES0000000000003289CCPF;22/04/2023;13;0,091;R
ES0000000000003289CCPF;22/04/2023;14;0,104;R
ES0000000000003289CCPF;22/04/2023;15;0,096;R
ES0000000000003289CCPF;22/04/2023;16;0,081;R
ES0000000000003289CCPF;22/04/2023;17;0,105;R
ES0000000000003289CCPF;22/04/2023;18;0,087;R
ES0000000000003289CCPF;22/04/2023;19;0,097;R
ES0000000000003289CCPF;22/04/2023;20;0,11;R
ES0000000000003289CCPF;22/04/2023;21;0,202;R
ES0000000000003289CCPF;22/04/2023;22;0,272;R
ES0000000000003289CCPF;22/04/2023;23;0,45;R
ES0000000000003289CCPF;23/04/2023;0;0,329;R
ES0000000000003289CCPF;23/04/2023;1;0,118;R
ES0000000000003289CCPF;23/04/2023;2;0,124;R
ES0000000000003289CCPF;23/04/2023;3;0,138;R
ES0000000000003289CCPF;23/04/2023;4;0,088;R
ES0000000000003289CCPF;23/04/2023;5;0,116;R
ES0000000000003289CCPF;23/04/2023;6;0,108;R
ES0000000000003289CCPF;23/04/2023;7;0,097;R
ES0000000000003289CCPF;23/04/2023;8;0,13;R
ES0000000000003289CCPF;23/04/2023;9;0,37;R
ES0000000000003289CCPF;23/04/2023;10;0,239;R
ES0000000000003289CCPF;23/04/2023;11;0,111;R
ES0000000000003289CCPF;23/04/2023;12;0,107;R
ES0000000000003289CCPF;23/04/2023;13;0,077;R
ES0000000000003289CCPF;23/04/2023;14;0,106;R
ES0000000000003289CCPF;23/04/2023;15;0,092;R
ES0000000000003289CCPF;23/04/2023;16;0,092;R
ES0000000000003289CCPF;23/04/2023;17;0,109;R
ES0000000000003289CCPF;23/04/2023;18;0,076;R
ES0000000000003289CCPF;23/04/2023;19;0,113;R
ES0000000000003289CCPF;23/04/2023;20;0,216;R
ES0000000000003289CCPF;23/04/2023;21;0,726;R
ES0000000000003289CCPF;23/04/2023;22;0,283;R
ES0000000000003289CCPF;23/04/2023;23;0,377;R
ES0000000000003289CCPF;24/04/2023;0;0,799;R
ES0000000000003289CCPF;24/04/2023;1;0,669;R
ES0000000000003289CCPF;24/04/2023;2;0,207;R
ES0000000000003289CCPF;24/04/2023;3;0,1;R
ES0000000000003289CCPF;24/04/2023;4;0,779;R
ES0000000000003289CCPF;24/04/2023;5;0,129;R
ES0000000000003289CCPF;24/04/2023;6;0,076;R
ES0000000000003289CCPF;24/04/2023;7;0,108;R
ES0000000000003289CCPF;24/04/2023;8;0,281;R
ES0000000000003289CCPF;24/04/2023;9;0,208;R
ES0000000000003289CCPF;24/04/2023;10;0,333;R
ES0000000000003289CCPF;24/04/2023;11;0,241;R
ES0000000000003289CCPF;24/04/2023;12;0,187;R
ES0000000000003289CCPF;24/04/2023;13;0,374;R
ES0000000000003289CCPF;24/04/2023;14;0,21;R
ES0000000000003289CCPF;24/04/2023;15;0,238;R
ES0000000000003289CCPF;24/04/2023;16;0,152;R
ES0000000000003289CCPF;24/04/2023;17;0,099;R
ES0000000000003289CCPF;24/04/2023;18;0,09;R
ES0000000000003289CCPF;24/04/2023;19;0,112;R
ES0000000000003289CCPF;24/04/2023;20;0,35;R
ES0000000000003289CCPF;24/04/2023;21;0,167;R
ES0000000000003289CCPF;24/04/2023;22;0,199;R
ES0000000000003289CCPF;24/04/2023;23;0,22;R
ES0000000000003289CCPF;25/04/2023;0;0,222;R
ES0000000000003289CCPF;25/04/2023;1;0,127;R
ES0000000000003289CCPF;25/04/2023;2;0,117;R
ES0000000000003289CCPF;25/04/2023;3;0,079;R
ES0000000000003289CCPF;25/04/2023;4;0,134;R
ES0000000000003289CCPF;25/04/2023;5;0,117;R
ES0000000000003289CCPF;25/04/2023;6;0,094;R
ES0000000000003289CCPF;25/04/2023;7;0,143;R
ES0000000000003289CCPF;25/04/2023;8;0,239;R
ES0000000000003289CCPF;25/04/2023;9;0,247;R
ES0000000000003289CCPF;25/04/2023;10;0,17;R
ES0000000000003289CCPF;25/04/2023;11;0,091;R
ES0000000000003289CCPF;25/04/2023;12;0,149;R
ES0000000000003289CCPF;25/04/2023;13;0,112;R
ES0000000000003289CCPF;25/04/2023;14;0,084;R
ES0000000000003289CCPF;25/04/2023;15;0,137;R
ES0000000000003289CCPF;25/04/2023;16;0,526;R
ES0000000000003289CCPF;25/04/2023;17;0,097;R
ES0000000000003289CCPF;25/04/2023;18;0,108;R
ES0000000000003289CCPF;25/04/2023;19;0,114;R
ES0000000000003289CCPF;25/04/2023;20;0,159;R
ES0000000000003289CCPF;25/04/2023;21;0,517;R
ES0000000000003289CCPF;25/04/2023;22;0,132;R
ES0000000000003289CCPF;25/04/2023;23;0,239;R
ES0000000000003289CCPF;26/04/2023;0;0,358;R
ES0000000000003289CCPF;26/04/2023;1;0,162;R
ES0000000000003289CCPF;26/04/2023;2;0,139;R
ES0000000000003289CCPF;26/04/2023;3;0,124;R
ES0000000000003289CCPF;26/04/2023;4;0,134;R
ES0000000000003289CCPF;26/04/2023;5;0,123;R
ES0000000000003289CCPF;26/04/2023;6;0,108;R
ES0000000000003289CCPF;26/04/2023;7;0,119;R
ES0000000000003289CCPF;26/04/2023;8;0,18;R
ES0000000000003289CCPF;26/04/2023;9;0,313;R
ES0000000000003289CCPF;26/04/2023;10;0,174;R
ES0000000000003289CCPF;26/04/2023;11;0,102;R
ES0000000000003289CCPF;26/04/2023;12;0,144;R
ES0000000000003289CCPF;26/04/2023;13;0,127;R
ES0000000000003289CCPF;26/04/2023;14;0,222;R
ES0000000000003289CCPF;26/04/2023;15;0,223;R
ES0000000000003289CCPF;26/04/2023;16;0,259;R
ES0000000000003289CCPF;26/04/2023;17;0,322;R
ES0000000000003289CCPF;26/04/2023;18;0,161;R
ES0000000000003289CCPF;26/04/2023;19;0,523;R
ES0000000000003289CCPF;26/04/2023;20;0,657;R
ES0000000000003289CCPF;26/04/2023;21;0,269;R
ES0000000000003289CCPF;26/04/2023;22;0,151;R
ES0000000000003289CCPF;26/04/2023;23;0,261;R
ES0000000000003289CCPF;27/04/2023;0;0,239;R
ES0000000000003289CCPF;27/04/2023;1;0,247;R
ES0000000000003289CCPF;27/04/2023;2;0,634;R
ES0000000000003289CCPF;27/04/2023;3;0,151;R
ES0000000000003289CCPF;27/04/2023;4;0,154;R
ES0000000000003289CCPF;27/04/2023;5;0,731;R
ES0000000000003289CCPF;27/04/2023;6;0,155;R
ES0000000000003289CCPF;27/04/2023;7;0,085;R
ES0000000000003289CCPF;27/04/2023;8;0,308;R
ES0000000000003289CCPF;27/04/2023;9;0,238;R
ES0000000000003289CCPF;27/04/2023;10;0,189;R
ES0000000000003289CCPF;27/04/2023;11;0,122;R
ES0000000000003289CCPF;27/04/2023;12;0,155;R
ES0000000000003289CCPF;27/04/2023;13;0,132;R
ES0000000000003289CCPF;27/04/2023;14;0,16;R
ES0000000000003289CCPF;27/04/2023;15;0,247;R
ES0000000000003289CCPF;27/04/2023;16;0,151;R
ES0000000000003289CCPF;27/04/2023;17;0,114;R
ES0000000000003289CCPF;27/04/2023;18;0,129;R
ES0000000000003289CCPF;27/04/2023;19;0,115;R
ES0000000000003289CCPF;27/04/2023;20;0,228;R
ES0000000000003289CCPF;27/04/2023;21;0,178;R
ES0000000000003289CCPF;27/04/2023;22;0,155;R
ES0000000000003289CCPF;27/04/2023;23;0,132;R
ES0000000000003289CCPF;28/04/2023;0;0,146;R
ES0000000000003289CCPF;28/04/2023;1;0,124;R
ES0000000000003289CCPF;28/04/2023;2;0,098;R
ES0000000000003289CCPF;28/04/2023;3;0,139;R
ES0000000000003289CCPF;28/04/2023;4;0,079;R
ES0000000000003289CCPF;28/04/2023;5;0,119;R
ES0000000000003289CCPF;28/04/2023;6;0,095;R
ES0000000000003289CCPF;28/04/2023;7;0,104;R
ES0000000000003289CCPF;28/04/2023;8;0,266;R
ES0000000000003289CCPF;28/04/2023;9;0,201;R
ES0000000000003289CCPF;28/04/2023;10;0,139;R
ES0000000000003289CCPF;28/04/2023;11;0,161;R
ES0000000000003289CCPF;28/04/2023;12;0,248;R
ES0000000000003289CCPF;28/04/2023;13;0,195;R
ES0000000000003289CCPF;28/04/2023;14;0,092;R
ES0000000000003289CCPF;28/04/2023;15;0,127;R
ES0000000000003289CCPF;28/04/2023;16;0,082;R
ES0000000000003289CCPF;28/04/2023;17;0,485;R
ES0000000000003289CCPF;28/04/2023;18;0,106;R
ES0000000000003289CCPF;28/04/2023;19;0,176;R
ES0000000000003289CCPF;28/04/2023;20;0,482;R
ES0000000000003289CCPF;28/04/2023;21;0,133;R
ES0000000000003289CCPF;28/04/2023;22;0,247;R
ES0000000000003289CCPF;28/04/2023;23;0,294;R
ES0000000000003289CCPF;29/04/2023;0;0,492;R
ES0000000000003289CCPF;29/04/2023;1;0,16;R
ES0000000000003289CCPF;29/04/2023;2;0,557;R
ES0000000000003289CCPF;29/04/2023;3;0,131;R
ES0000000000003289CCPF;29/04/2023;4;0,366;R
ES0000000000003289CCPF;29/04/2023;5;0,455;R
ES0000000000003289CCPF;29/04/2023;6;0,12;R
ES0000000000003289CCPF;29/04/2023;7;0,13;R
ES0000000000003289CCPF;29/04/2023;8;0,085;R
ES0000000000003289CCPF;29/04/2023;9;0,163;R
ES0000000000003289CCPF;29/04/2023;10;0,193;R
ES0000000000003289CCPF;29/04/2023;11;0,348;R
ES0000000000003289CCPF;29/04/2023;12;0,111;R
ES0000000000003289CCPF;29/04/2023;13;0,12;R
ES0000000000003289CCPF;29/04/2023;14;0,081;R
ES0000000000003289CCPF;29/04/2023;15;0,119;R
ES0000000000003289CCPF;29/04/2023;16;0,093;R
ES0000000000003289CCPF;29/04/2023;17;0,111;R
ES0000000000003289CCPF;29/04/2023;18;0,114;R
ES0000000000003289CCPF;29/04/2023;19;0,088;R
ES0000000000003289CCPF;29/04/2023;20;0,121;R
ES0000000000003289CCPF;29/04/2023;21;0,08;R
ES0000000000003289CCPF;29/04/2023;22;0,121;R
ES0000000000003289CCPF;29/04/2023;23;0,107;R
ES0000000000003289CCPF;30/04/2023;0;0,094;R
ES0000000000003289CCPF;30/04/2023;1;0,119;R
ES0000000000003289CCPF;30/04/2023;2;0,081;R
ES0000000000003289CCPF;30/04/2023;3;0,118;R
ES0000000000003289CCPF;30/04/2023;4;0,108;R
ES0000000000003289CCPF;30/04/2023;5;0,089;R
ES0000000000003289CCPF;30/04/2023;6;0,116;R
ES0000000000003289CCPF;30/04/2023;7;0,081;R
ES0000000000003289CCPF;30/04/2023;8;0,115;R
ES0000000000003289CCPF;30/04/2023;9;0,106;R
ES0000000000003289CCPF;30/04/2023;10;0,083;R
ES0000000000003289CCPF;30/04/2023;11;0,114;R
ES0000000000003289CCPF;30/04/2023;12;0,084;R
ES0000000000003289CCPF;30/04/2023;13;0,11;R
ES0000000000003289CCPF;30/04/2023;14;0,115;R
ES0000000000003289CCPF;30/04/2023;15;0,082;R
ES0000000000003289CCPF;30/04/2023;16;0,121;R
ES0000000000003289CCPF;30/04/2023;17;0,092;R
ES0000000000003289CCPF;30/04/2023;18;0,113;R
ES0000000000003289CCPF;30/04/2023;19;0,117;R
ES0000000000003289CCPF;30/04/2023;20;0,088;R
ES0000000000003289CCPF;30/04/2023;21;0,23;R
ES0000000000003289CCPF;30/04/2023;22;0,197;R
ES0000000000003289CCPF;30/04/2023;23;0,703;R
ES0000000000003289CCPF;01/05/2023;0;0,311;R
ES0000000000003289CCPF;01/05/2023;1;0,186;R
ES0000000000003289CCPF;01/05/2023;2;0,164;R
ES0000000000003289CCPF;01/05/2023;3;0,141;R
ES0000000000003289CCPF;01/05/2023;4;0,354;R
ES0000000000003289CCPF;01/05/2023;5;0,249;R
ES0000000000003289CCPF;01/05/2023;6;0,107;R
ES0000000000003289CCPF;01/05/2023;7;0,104;R
ES0000000000003289CCPF;01/05/2023;8;0,119;R
ES0000000000003289CCPF;01/05/2023;9;0,126;R
ES0000000000003289CCPF;01/05/2023;10;0,257;R
ES0000000000003289CCPF;01/05/2023;11;0,133;R
ES0000000000003289CCPF;01/05/2023;12;0,4;R
ES0000000000003289CCPF;01/05/2023;13;0,38;R
ES0000000000003289CCPF;01/05/2023;14;0,078;R
ES0000000000003289CCPF;01/05/2023;15;0,115;R
ES0000000000003289CCPF;01/05/2023;16;0,087;R
ES0000000000003289CCPF;01/05/2023;17;0,106;R
ES0000000000003289CCPF;01/05/2023;18;0,139;R
ES0000000000003289CCPF;01/05/2023;19;0,119;R
ES0000000000003289CCPF;01/05/2023;20;0,13;R
ES0000000000003289CCPF;01/05/2023;21;0,124;R
ES0000000000003289CCPF;01/05/2023;22;0,192;R
ES0000000000003289CCPF;01/05/2023;23;0,12;R
ES0000000000003289CCPF;02/05/2023;0;0,111;R
ES0000000000003289CCPF;02/05/2023;1;0,175;R
ES0000000000003289CCPF;02/05/2023;2;0,096;R
ES0000000000003289CCPF;02/05/2023;3;0,13;R
ES0000000000003289CCPF;02/05/2023;4;0,097;R
ES0000000000003289CCPF;02/05/2023;5;0,139;R
ES0000000000003289CCPF;02/05/2023;6;0,104;R
ES0000000000003289CCPF;02/05/2023;7;0,105;R
ES0000000000003289CCPF;02/05/2023;8;0,122;R
ES0000000000003289CCPF;02/05/2023;9;0,248;R
ES0000000000003289CCPF;02/05/2023;10;0,314;R
ES0000000000003289CCPF;02/05/2023;11;0,214;R
ES0000000000003289CCPF;02/05/2023;12;0,248;R
ES0000000000003289CCPF;02/05/2023;13;0,28;R
ES0000000000003289CCPF;02/05/2023;14;0,453;R
ES0000000000003289CCPF;02/05/2023;15;0,168;R
ES0000000000003289CCPF;02/05/2023;16;0,088;R
ES0000000000003289CCPF;02/05/2023;17;0,12;R
ES0000000000003289CCPF;02/05/2023;18;0,111;R
ES0000000000003289CCPF;02/05/2023;19;0,089;R
ES0000000000003289CCPF;02/05/2023;20;0,119;R
ES0000000000003289CCPF;02/05/2023;21;0,245;R
ES0000000000003289CCPF;02/05/2023;22;0,14;R
ES0000000000003289CCPF;02/05/2023;23;0,172;R
ES0000000000003289CCPF;03/05/2023;0;0,122;R
ES0000000000003289CCPF;03/05/2023;1;0,128;R
ES0000000000003289CCPF;03/05/2023;2;0,118;R
ES0000000000003289CCPF;03/05/2023;3;0,08;R
ES0000000000003289CCPF;03/05/2023;4;0,118;R
ES0000000000003289CCPF;03/05/2023;5;0,117;R
ES0000000000003289CCPF;03/05/2023;6;0,082;R
ES0000000000003289CCPF;03/05/2023;7;0,116;R
ES0000000000003289CCPF;03/05/2023;8;0,256;R
ES0000000000003289CCPF;03/05/2023;9;0,256;R
ES0000000000003289CCPF;03/05/2023;10;0,166;R
ES0000000000003289CCPF;03/05/2023;11;0,097;R
ES0000000000003289CCPF;03/05/2023;12;0,216;R
ES0000000000003289CCPF;03/05/2023;13;0,119;R
ES0000000000003289CCPF;03/05/2023;14;0,087;R
ES0000000000003289CCPF;03/05/2023;15;0,137;R
ES0000000000003289CCPF;03/05/2023;16;0,125;R
ES0000000000003289CCPF;03/05/2023;17;0,108;R
ES0000000000003289CCPF;03/05/2023;18;0,339;R
ES0000000000003289CCPF;03/05/2023;19;0,097;R
ES0000000000003289CCPF;03/05/2023;20;0,33;R
ES0000000000003289CCPF;03/05/2023;21;0,167;R
ES0000000000003289CCPF;03/05/2023;22;0,282;R
ES0000000000003289CCPF;03/05/2023;23;1,787;R
ES0000000000003289CCPF;04/05/2023;0;1,059;R
ES0000000000003289CCPF;04/05/2023;1;0,247;R
ES0000000000003289CCPF;04/05/2023;2;0,185;R
ES0000000000003289CCPF;04/05/2023;3;0,63;R
ES0000000000003289CCPF;04/05/2023;4;0,145;R
ES0000000000003289CCPF;04/05/2023;5;0,672;R
ES0000000000003289CCPF;04/05/2023;6;0,186;R
ES0000000000003289CCPF;04/05/2023;7;0,115;R
ES0000000000003289CCPF;04/05/2023;8;0,293;R
ES0000000000003289CCPF;04/05/2023;9;0,248;R
ES0000000000003289CCPF;04/05/2023;10;0,119;R
ES0000000000003289CCPF;04/05/2023;11;0,107;R
ES0000000000003289CCPF;04/05/2023;12;0,085;R
ES0000000000003289CCPF;04/05/2023;13;0,117;R
ES0000000000003289CCPF;04/05/2023;14;0,1;R
ES0000000000003289CCPF;04/05/2023;15;0,091;R
ES0000000000003289CCPF;04/05/2023;16;0,174;R
ES0000000000003289CCPF;04/05/2023;17;0,099;R
ES0000000000003289CCPF;04/05/2023;18;1,056;R
ES0000000000003289CCPF;04/05/2023;19;0,177;R
ES0000000000003289CCPF;04/05/2023;20;0,155;R
ES0000000000003289CCPF;04/05/2023;21;0,197;R
ES0000000000003289CCPF;04/05/2023;22;0,347;R
ES0000000000003289CCPF;04/05/2023;23;0,165;R
ES0000000000003289CCPF;05/05/2023;0;0,189;R
ES0000000000003289CCPF;05/05/2023;1;0,119;R
ES0000000000003289CCPF;05/05/2023;2;0,082;R
ES0000000000003289CCPF;05/05/2023;3;0,117;R
ES0000000000003289CCPF;05/05/2023;4;0,127;R
ES0000000000003289CCPF;05/05/2023;5;0,081;R
ES0000000000003289CCPF;05/05/2023;6;0,114;R
ES0000000000003289CCPF;05/05/2023;7;0,095;R
ES0000000000003289CCPF;05/05/2023;8;0,21;R
ES0000000000003289CCPF;05/05/2023;9;0,394;R
ES0000000000003289CCPF;05/05/2023;10;0,318;R
ES0000000000003289CCPF;05/05/2023;11;0,343;R
ES0000000000003289CCPF;05/05/2023;12;0,22;R
ES0000000000003289CCPF;05/05/2023;13;0,12;R
ES0000000000003289CCPF;05/05/2023;14;0,099;R
ES0000000000003289CCPF;05/05/2023;15;0,16;R
ES0000000000003289CCPF;05/05/2023;16;0,167;R
ES0000000000003289CCPF;05/05/2023;17;0,477;R
ES0000000000003289CCPF;05/05/2023;18;0,261;R
ES0000000000003289CCPF;05/05/2023;19;0,123;R
ES0000000000003289CCPF;05/05/2023;20;0,129;R
ES0000000000003289CCPF;05/05/2023;21;0,24;R
ES0000000000003289CCPF;05/05/2023;22;0,223;R
ES0000000000003289CCPF;05/05/2023;23;0,208;R
ES0000000000003289CCPF;06/05/2023;0;0,191;R
ES0000000000003289CCPF;06/05/2023;1;0,234;R
ES0000000000003289CCPF;06/05/2023;2;0,588;R
ES0000000000003289CCPF;06/05/2023;3;0,115;R
ES0000000000003289CCPF;06/05/2023;4;0,133;R
ES0000000000003289CCPF;06/05/2023;5;0,744;R
ES0000000000003289CCPF;06/05/2023;6;0,08;R
ES0000000000003289CCPF;06/05/2023;7;0,12;R
ES0000000000003289CCPF;06/05/2023;8;0,114;R
ES0000000000003289CCPF;06/05/2023;9;0,082;R
ES0000000000003289CCPF;06/05/2023;10;0,332;R
ES0000000000003289CCPF;06/05/2023;11;0,282;R
ES0000000000003289CCPF;06/05/2023;12;0,21;R
ES0000000000003289CCPF;06/05/2023;13;0,138;R
ES0000000000003289CCPF;06/05/2023;14;0,253;R
ES0000000000003289CCPF;06/05/2023;15;0,166;R
ES0000000000003289CCPF;06/05/2023;16;0,201;R
ES0000000000003289CCPF;06/05/2023;17;0,118;R
ES0000000000003289CCPF;06/05/2023;18;0,648;R
ES0000000000003289CCPF;06/05/2023;19;0,33;R
ES0000000000003289CCPF;06/05/2023;20;0,249;R
ES0000000000003289CCPF;06/05/2023;21;0,635;R
ES0000000000003289CCPF;06/05/2023;22;0,183;R
ES0000000000003289CCPF;06/05/2023;23;0,181;R
ES0000000000003289CCPF;07/05/2023;0;0,219;R
ES0000000000003289CCPF;07/05/2023;1;0,662;R
ES0000000000003289CCPF;07/05/2023;2;0,191;R
ES0000000000003289CCPF;07/05/2023;3;0,226;R
ES0000000000003289CCPF;07/05/2023;4;0,615;R
ES0000000000003289CCPF;07/05/2023;5;0,121;R
ES0000000000003289CCPF;07/05/2023;6;0,084;R
ES0000000000003289CCPF;07/05/2023;7;0,12;R
ES0000000000003289CCPF;07/05/2023;8;0,102;R
ES0000000000003289CCPF;07/05/2023;9;0,204;R
ES0000000000003289CCPF;07/05/2023;10;0,372;R
ES0000000000003289CCPF;07/05/2023;11;0,241;R
ES0000000000003289CCPF;07/05/2023;12;0,113;R
ES0000000000003289CCPF;07/05/2023;13;0,122;R
ES0000000000003289CCPF;07/05/2023;14;0,085;R
ES0000000000003289CCPF;07/05/2023;15;0,119;R
ES0000000000003289CCPF;07/05/2023;16;0,116;R
ES0000000000003289CCPF;07/05/2023;17;0,088;R
ES0000000000003289CCPF;07/05/2023;18;0,156;R
ES0000000000003289CCPF;07/05/2023;19;0,255;R
ES0000000000003289CCPF;07/05/2023;20;0,273;R
ES0000000000003289CCPF;07/05/2023;21;0,469;R
ES0000000000003289CCPF;07/05/2023;22;0,644;R
ES0000000000003289CCPF;07/05/2023;23;0,173;R
ES0000000000003289CCPF;08/05/2023;0;0,124;R
ES0000000000003289CCPF;08/05/2023;1;0,134;R
ES0000000000003289CCPF;08/05/2023;2;0,124;R
ES0000000000003289CCPF;08/05/2023;3;0,098;R
ES0000000000003289CCPF;08/05/2023;4;0,111;R
ES0000000000003289CCPF;08/05/2023;5;0,122;R
ES0000000000003289CCPF;08/05/2023;6;0,084;R
ES0000000000003289CCPF;08/05/2023;7;0,123;R
ES0000000000003289CCPF;08/05/2023;8;0,245;R
ES0000000000003289CCPF;08/05/2023;9;0,141;R
ES0000000000003289CCPF;08/05/2023;10;0,179;R
ES0000000000003289CCPF;08/05/2023;11;0,327;R
ES0000000000003289CCPF;08/05/2023;12;0,21;R
ES0000000000003289CCPF;08/05/2023;13;0,361;R
ES0000000000003289CCPF;08/05/2023;14;0,103;R
ES0000000000003289CCPF;08/05/2023;15;0,464;R
ES0000000000003289CCPF;08/05/2023;16;0,236;R
ES0000000000003289CCPF;08/05/2023;17;0,137;R
ES0000000000003289CCPF;08/05/2023;18;0,161;R
ES0000000000003289CCPF;08/05/2023;19;0,136;R
ES0000000000003289CCPF;08/05/2023;20;0,132;R
ES0000000000003289CCPF;08/05/2023;21;0,143;R
ES0000000000003289CCPF;08/05/2023;22;0,208;R
ES0000000000003289CCPF;08/05/2023;23;0,158;R
ES0000000000003289CCPF;09/05/2023;0;0,196;R
ES0000000000003289CCPF;09/05/2023;1;0,106;R
ES0000000000003289CCPF;09/05/2023;2;0,14;R
ES0000000000003289CCPF;09/05/2023;3;0,114;R
ES0000000000003289CCPF;09/05/2023;4;0,112;R
ES0000000000003289CCPF;09/05/2023;5;0,124;R
ES0000000000003289CCPF;09/05/2023;6;0,084;R
ES0000000000003289CCPF;09/05/2023;7;0,12;R
ES0000000000003289CCPF;09/05/2023;8;0,278;R
ES0000000000003289CCPF;09/05/2023;9;0,237;R
ES0000000000003289CCPF;09/05/2023;10;0,304;R
ES0000000000003289CCPF;09/05/2023;11;0,125;R
ES0000000000003289CCPF;09/05/2023;12;0,12;R
ES0000000000003289CCPF;09/05/2023;13;0,088;R
ES0000000000003289CCPF;09/05/2023;14;0,112;R
ES0000000000003289CCPF;09/05/2023;15;0,121;R
ES0000000000003289CCPF;09/05/2023;16;0,094;R
ES0000000000003289CCPF;09/05/2023;17;0,129;R
ES0000000000003289CCPF;09/05/2023;18;0,091;R
ES0000000000003289CCPF;09/05/2023;19;0,378;R
ES0000000000003289CCPF;09/05/2023;20;0,171;R
ES0000000000003289CCPF;09/05/2023;21;0,232;R
ES0000000000003289CCPF;09/05/2023;22;0,189;R
ES0000000000003289CCPF;09/05/2023;23;0,237;R
ES0000000000003289CCPF;10/05/2023;0;0,201;R
ES0000000000003289CCPF;10/05/2023;1;0,144;R
ES0000000000003289CCPF;10/05/2023;2;0,601;R
ES0000000000003289CCPF;10/05/2023;3;0,107;R
ES0000000000003289CCPF;10/05/2023;4;0,153;R
ES0000000000003289CCPF;10/05/2023;5;0,724;R
ES0000000000003289CCPF;10/05/2023;6;0,108;R
ES0000000000003289CCPF;10/05/2023;7;0,129;R
ES0000000000003289CCPF;10/05/2023;8;0,61;R
ES0000000000003289CCPF;10/05/2023;9;0,41;R
ES0000000000003289CCPF;10/05/2023;10;0,185;R
ES0000000000003289CCPF;10/05/2023;11;0,135;R
ES0000000000003289CCPF;10/05/2023;12;0,188;R
ES0000000000003289CCPF;10/05/2023;13;0,085;R
ES0000000000003289CCPF;10/05/2023;14;0,217;R
ES0000000000003289CCPF;10/05/2023;15;0,191;R
ES0000000000003289CCPF;10/05/2023;16;0,211;R
ES0000000000003289CCPF;10/05/2023;17;0,126;R
ES0000000000003289CCPF;10/05/2023;18;0,159;R
ES0000000000003289CCPF;10/05/2023;19;0,466;R
ES0000000000003289CCPF;10/05/2023;20;0,09;R
ES0000000000003289CCPF;10/05/2023;21;0,273;R
ES0000000000003289CCPF;10/05/2023;22;0,118;R
ES0000000000003289CCPF;10/05/2023;23;0,231;R
ES0000000000003289CCPF;11/05/2023;0;0,212;R
ES0000000000003289CCPF;11/05/2023;1;0,279;R
ES0000000000003289CCPF;11/05/2023;2;0,287;R
ES0000000000003289CCPF;11/05/2023;3;0,247;R
ES0000000000003289CCPF;11/05/2023;4;0,165;R
ES0000000000003289CCPF;11/05/2023;5;0,105;R
ES0000000000003289CCPF;11/05/2023;6;0,319;R
ES0000000000003289CCPF;11/05/2023;7;0,237;R
ES0000000000003289CCPF;11/05/2023;8;0,251;R
ES0000000000003289CCPF;11/05/2023;9;0,286;R
ES0000000000003289CCPF;11/05/2023;10;0,145;R
ES0000000000003289CCPF;11/05/2023;11;0,122;R
ES0000000000003289CCPF;11/05/2023;12;0,128;R
ES0000000000003289CCPF;11/05/2023;13;0,542;R
ES0000000000003289CCPF;11/05/2023;14;0,238;R
ES0000000000003289CCPF;11/05/2023;15;0,096;R
ES0000000000003289CCPF;11/05/2023;16;0,127;R
ES0000000000003289CCPF;11/05/2023;17;0,123;R
ES0000000000003289CCPF;11/05/2023;18;0,088;R
ES0000000000003289CCPF;11/05/2023;19;0,127;R
ES0000000000003289CCPF;11/05/2023;20;0,191;R
ES0000000000003289CCPF;11/05/2023;21;0,191;R
ES0000000000003289CCPF;11/05/2023;22;0,196;R
ES0000000000003289CCPF;11/05/2023;23;0,179;R
ES0000000000003289CCPF;12/05/2023;0;0,266;R
ES0000000000003289CCPF;12/05/2023;1;0,137;R
ES0000000000003289CCPF;12/05/2023;2;0,109;R
ES0000000000003289CCPF;12/05/2023;3;0,117;R
ES0000000000003289CCPF;12/05/2023;4;0,092;R
ES0000000000003289CCPF;12/05/2023;5;0,13;R
ES0000000000003289CCPF;12/05/2023;6;0,08;R
ES0000000000003289CCPF;12/05/2023;7;0,115;R
ES0000000000003289CCPF;12/05/2023;8;0,275;R
ES0000000000003289CCPF;12/05/2023;9;0,235;R
ES0000000000003289CCPF;12/05/2023;10;0,135;R
ES0000000000003289CCPF;12/05/2023;11;0,105;R
ES0000000000003289CCPF;12/05/2023;12;0,169;R
ES0000000000003289CCPF;12/05/2023;13;0,091;R
ES0000000000003289CCPF;12/05/2023;14;0,127;R
ES0000000000003289CCPF;12/05/2023;15;0,454;R
ES0000000000003289CCPF;12/05/2023;16;0,148;R
ES0000000000003289CCPF;12/05/2023;17;0,29;R
ES0000000000003289CCPF;12/05/2023;18;0,165;R
ES0000000000003289CCPF;12/05/2023;19;0,176;R
ES0000000000003289CCPF;12/05/2023;20;0,144;R
ES0000000000003289CCPF;12/05/2023;21;0,186;R
ES0000000000003289CCPF;12/05/2023;22;0,268;R
ES0000000000003289CCPF;12/05/2023;23;0,251;R
ES0000000000003289CCPF;13/05/2023;0;0,796;R
ES0000000000003289CCPF;13/05/2023;1;0,171;R
ES0000000000003289CCPF;13/05/2023;2;0,669;R
ES0000000000003289CCPF;13/05/2023;3;0,125;R
ES0000000000003289CCPF;13/05/2023;4;0,123;R
ES0000000000003289CCPF;13/05/2023;5;0,779;R
ES0000000000003289CCPF;13/05/2023;6;0,092;R
ES0000000000003289CCPF;13/05/2023;7;0,113;R
ES0000000000003289CCPF;13/05/2023;8;0,081;R
ES0000000000003289CCPF;13/05/2023;9;0,314;R
ES0000000000003289CCPF;13/05/2023;10;0,4;R
ES0000000000003289CCPF;13/05/2023;11;0,283;R
ES0000000000003289CCPF;13/05/2023;12;0,179;R
ES0000000000003289CCPF;13/05/2023;13;0,076;R
ES0000000000003289CCPF;13/05/2023;14;0,115;R
ES0000000000003289CCPF;13/05/2023;15;0,077;R
ES0000000000003289CCPF;13/05/2023;16;0,113;R
ES0000000000003289CCPF;13/05/2023;17;0,1;R
ES0000000000003289CCPF;13/05/2023;18;0,174;R
ES0000000000003289CCPF;13/05/2023;19;0,113;R
ES0000000000003289CCPF;13/05/2023;20;0,082;R
ES0000000000003289CCPF;13/05/2023;21;0,114;R
ES0000000000003289CCPF;13/05/2023;22;0,076;R
ES0000000000003289CCPF;13/05/2023;23;0,113;R
ES0000000000003289CCPF;14/05/2023;0;0,092;R
ES0000000000003289CCPF;14/05/2023;1;0,098;R
ES0000000000003289CCPF;14/05/2023;2;0,108;R
ES0000000000003289CCPF;14/05/2023;3;0,074;R
ES0000000000003289CCPF;14/05/2023;4;0,109;R
ES0000000000003289CCPF;14/05/2023;5;0,072;R
ES0000000000003289CCPF;14/05/2023;6;0,107;R
ES0000000000003289CCPF;14/05/2023;7;0,083;R
ES0000000000003289CCPF;14/05/2023;8;0,092;R
ES0000000000003289CCPF;14/05/2023;9;0,1;R
ES0000000000003289CCPF;14/05/2023;10;0,076;R
ES0000000000003289CCPF;14/05/2023;11;0,106;R
ES0000000000003289CCPF;14/05/2023;12;0,075;R
ES0000000000003289CCPF;14/05/2023;13;0,108;R
ES0000000000003289CCPF;14/05/2023;14;0,095;R
ES0000000000003289CCPF;14/05/2023;15;0,092;R
ES0000000000003289CCPF;14/05/2023;16;0,11;R
ES0000000000003289CCPF;14/05/2023;17;0,076;R
ES0000000000003289CCPF;14/05/2023;18;0,108;R
ES0000000000003289CCPF;14/05/2023;19;0,073;R
ES0000000000003289CCPF;14/05/2023;20;0,109;R
ES0000000000003289CCPF;14/05/2023;21;0,086;R
ES0000000000003289CCPF;14/05/2023;22;0,127;R
ES0000000000003289CCPF;14/05/2023;23;0,49;R
ES0000000000003289CCPF;15/05/2023;0;0,105;R
ES0000000000003289CCPF;15/05/2023;1;0,169;R
ES0000000000003289CCPF;15/05/2023;2;0,113;R
ES0000000000003289CCPF;15/05/2023;3;0,083;R
ES0000000000003289CCPF;15/05/2023;4;0,149;R
ES0000000000003289CCPF;15/05/2023;5;0,076;R
ES0000000000003289CCPF;15/05/2023;6;0,111;R
ES0000000000003289CCPF;15/05/2023;7;0,096;R
ES0000000000003289CCPF;15/05/2023;8;0,099;R
ES0000000000003289CCPF;15/05/2023;9;0,302;R
ES0000000000003289CCPF;15/05/2023;10;0,248;R
ES0000000000003289CCPF;15/05/2023;11;0,293;R
ES0000000000003289CCPF;15/05/2023;12;0,256;R
ES0000000000003289CCPF;15/05/2023;13;0,443;R
ES0000000000003289CCPF;15/05/2023;14;0,901;R
ES0000000000003289CCPF;15/05/2023;15;0,189;R
ES0000000000003289CCPF;15/05/2023;16;0,116;R
ES0000000000003289CCPF;15/05/2023;17;0,158;R
ES0000000000003289CCPF;15/05/2023;18;0,107;R
ES0000000000003289CCPF;15/05/2023;19;0,12;R
ES0000000000003289CCPF;15/05/2023;20;0,414;R
ES0000000000003289CCPF;15/05/2023;21;0,915;R
ES0000000000003289CCPF;15/05/2023;22;1,129;R
ES0000000000003289CCPF;15/05/2023;23;0,713;R
ES0000000000003289CCPF;16/05/2023;0;0,531;R
ES0000000000003289CCPF;16/05/2023;1;0,418;R
ES0000000000003289CCPF;16/05/2023;2;0,664;R
ES0000000000003289CCPF;16/05/2023;3;0,135;R
ES0000000000003289CCPF;16/05/2023;4;0,134;R
ES0000000000003289CCPF;16/05/2023;5;0,788;R
ES0000000000003289CCPF;16/05/2023;6;0,104;R
ES0000000000003289CCPF;16/05/2023;7;0,104;R
ES0000000000003289CCPF;16/05/2023;8;0,312;R
ES0000000000003289CCPF;16/05/2023;9;0,193;R
ES0000000000003289CCPF;16/05/2023;10;0,08;R
ES0000000000003289CCPF;16/05/2023;11;0,19;R
ES0000000000003289CCPF;16/05/2023;12;0,115;R
ES0000000000003289CCPF;16/05/2023;13;0,085;R
ES0000000000003289CCPF;16/05/2023;14;0,105;R
ES0000000000003289CCPF;16/05/2023;15;0,158;R
ES0000000000003289CCPF;16/05/2023;16;0,121;R
ES0000000000003289CCPF;16/05/2023;17;0,113;R
ES0000000000003289CCPF;16/05/2023;18;0,618;R
ES0000000000003289CCPF;16/05/2023;19;0,394;R
ES0000000000003289CCPF;16/05/2023;20;0,137;R
ES0000000000003289CCPF;16/05/2023;21;0,205;R
ES0000000000003289CCPF;16/05/2023;22;0,194;R
ES0000000000003289CCPF;16/05/2023;23;0,459;R
ES0000000000003289CCPF;17/05/2023;0;0,192;R
ES0000000000003289CCPF;17/05/2023;1;0,112;R
ES0000000000003289CCPF;17/05/2023;2;0,099;R
ES0000000000003289CCPF;17/05/2023;3;0,095;R
ES0000000000003289CCPF;17/05/2023;4;0,104;R
ES0000000000003289CCPF;17/05/2023;5;0,082;R
ES0000000000003289CCPF;17/05/2023;6;0,106;R
ES0000000000003289CCPF;17/05/2023;7;0,098;R
ES0000000000003289CCPF;17/05/2023;8;0,31;R
ES0000000000003289CCPF;17/05/2023;9;0,314;R
ES0000000000003289CCPF;17/05/2023;10;0,086;R
ES0000000000003289CCPF;17/05/2023;11;0,095;R
ES0000000000003289CCPF;17/05/2023;12;0,238;R
ES0000000000003289CCPF;17/05/2023;13;0,087;R
ES0000000000003289CCPF;17/05/2023;14;0,108;R
ES0000000000003289CCPF;17/05/2023;15;0,097;R
ES0000000000003289CCPF;17/05/2023;16;0,082;R
ES0000000000003289CCPF;17/05/2023;17;0,109;R
ES0000000000003289CCPF;17/05/2023;18;0,08;R
ES0000000000003289CCPF;17/05/2023;19;0,202;R
ES0000000000003289CCPF;17/05/2023;20;0,14;R
ES0000000000003289CCPF;17/05/2023;21;0,201;R
ES0000000000003289CCPF;17/05/2023;22;0,174;R
ES0000000000003289CCPF;17/05/2023;23;0,557;R
ES0000000000003289CCPF;18/05/2023;0;0,148;R
ES0000000000003289CCPF;18/05/2023;1;0,123;R
ES0000000000003289CCPF;18/05/2023;2;0,126;R
ES0000000000003289CCPF;18/05/2023;3;0,083;R
ES0000000000003289CCPF;18/05/2023;4;0,105;R
ES0000000000003289CCPF;18/05/2023;5;0,103;R
ES0000000000003289CCPF;18/05/2023;6;0,087;R
ES0000000000003289CCPF;18/05/2023;7;0,37;R
ES0000000000003289CCPF;18/05/2023;8;0,256;R
ES0000000000003289CCPF;18/05/2023;9;0,203;R
ES0000000000003289CCPF;18/05/2023;10;0,284;R
ES0000000000003289CCPF;18/05/2023;11;0,098;R
ES0000000000003289CCPF;18/05/2023;12;0,078;R
ES0000000000003289CCPF;18/05/2023;13;0,094;R
ES0000000000003289CCPF;18/05/2023;14;0,103;R
ES0000000000003289CCPF;18/05/2023;15;0,089;R
ES0000000000003289CCPF;18/05/2023;16;0,09;R
ES0000000000003289CCPF;18/05/2023;17;0,105;R
ES0000000000003289CCPF;18/05/2023;18;0,087;R
ES0000000000003289CCPF;18/05/2023;19;0,144;R
ES0000000000003289CCPF;18/05/2023;20;0,23;R
ES0000000000003289CCPF;18/05/2023;21;0,226;R
ES0000000000003289CCPF;18/05/2023;22;0,33;R
ES0000000000003289CCPF;18/05/2023;23;0,824;R
ES0000000000003289CCPF;19/05/2023;0;0,184;R
ES0000000000003289CCPF;19/05/2023;1;0,222;R
ES0000000000003289CCPF;19/05/2023;2;0,704;R
ES0000000000003289CCPF;19/05/2023;3;0,113;R
ES0000000000003289CCPF;19/05/2023;4;0,142;R
ES0000000000003289CCPF;19/05/2023;5;0,789;R
ES0000000000003289CCPF;19/05/2023;6;0,09;R
ES0000000000003289CCPF;19/05/2023;7;0,308;R
ES0000000000003289CCPF;19/05/2023;8;0,092;R
ES0000000000003289CCPF;19/05/2023;9;0,262;R
ES0000000000003289CCPF;19/05/2023;10;0,097;R
ES0000000000003289CCPF;19/05/2023;11;0,086;R
ES0000000000003289CCPF;19/05/2023;12;0,105;R
ES0000000000003289CCPF;19/05/2023;13;0,075;R
ES0000000000003289CCPF;19/05/2023;14;0,104;R
ES0000000000003289CCPF;19/05/2023;15;0,104;R
ES0000000000003289CCPF;19/05/2023;16;0,085;R
ES0000000000003289CCPF;19/05/2023;17;0,155;R
ES0000000000003289CCPF;19/05/2023;18;0,198;R
ES0000000000003289CCPF;19/05/2023;19;0,118;R
ES0000000000003289CCPF;19/05/2023;20;0,699;R
ES0000000000003289CCPF;19/05/2023;21;0,169;R
ES0000000000003289CCPF;19/05/2023;22;0,23;R
ES0000000000003289CCPF;19/05/2023;23;0,163;R
ES0000000000003289CCPF;20/05/2023;0;0,172;R
ES0000000000003289CCPF;20/05/2023;1;0,217;R
ES0000000000003289CCPF;20/05/2023;2;0,168;R
ES0000000000003289CCPF;20/05/2023;3;0,115;R
ES0000000000003289CCPF;20/05/2023;4;0,106;R
ES0000000000003289CCPF;20/05/2023;5;0,085;R
ES0000000000003289CCPF;20/05/2023;6;0,103;R
ES0000000000003289CCPF;20/05/2023;7;0,197;R
ES0000000000003289CCPF;20/05/2023;8;0,139;R
ES0000000000003289CCPF;20/05/2023;9;0,245;R
ES0000000000003289CCPF;20/05/2023;10;0,743;R
ES0000000000003289CCPF;20/05/2023;11;0,257;R
ES0000000000003289CCPF;20/05/2023;12;0,182;R
ES0000000000003289CCPF;20/05/2023;13;0,136;R
ES0000000000003289CCPF;20/05/2023;14;0,153;R
ES0000000000003289CCPF;20/05/2023;15;0,119;R
ES0000000000003289CCPF;20/05/2023;16;0,082;R
ES0000000000003289CCPF;20/05/2023;17;0,107;R
ES0000000000003289CCPF;20/05/2023;18;0,09;R
ES0000000000003289CCPF;20/05/2023;19;0,091;R
ES0000000000003289CCPF;20/05/2023;20;0,106;R
ES0000000000003289CCPF;20/05/2023;21;0,076;R
ES0000000000003289CCPF;20/05/2023;22;0,226;R
ES0000000000003289CCPF;20/05/2023;23;0,23;R
ES0000000000003289CCPF;21/05/2023;0;0,095;R
ES0000000000003289CCPF;21/05/2023;1;0,123;R
ES0000000000003289CCPF;21/05/2023;2;0,126;R
ES0000000000003289CCPF;21/05/2023;3;0,092;R
ES0000000000003289CCPF;21/05/2023;4;0,105;R
ES0000000000003289CCPF;21/05/2023;5;0,102;R
ES0000000000003289CCPF;21/05/2023;6;0,076;R
ES0000000000003289CCPF;21/05/2023;7;0,102;R
ES0000000000003289CCPF;21/05/2023;8;0,081;R
ES0000000000003289CCPF;21/05/2023;9;0,119;R
ES0000000000003289CCPF;21/05/2023;10;0,247;R
ES0000000000003289CCPF;21/05/2023;11;0,208;R
ES0000000000003289CCPF;21/05/2023;12;0,343;R
ES0000000000003289CCPF;21/05/2023;13;0,287;R
ES0000000000003289CCPF;21/05/2023;14;0,125;R
ES0000000000003289CCPF;21/05/2023;15;0,192;R
ES0000000000003289CCPF;21/05/2023;16;0,273;R
ES0000000000003289CCPF;21/05/2023;17;0,181;R
ES0000000000003289CCPF;21/05/2023;18;0,179;R
ES0000000000003289CCPF;21/05/2023;19;0,204;R
ES0000000000003289CCPF;21/05/2023;20;0,487;R
ES0000000000003289CCPF;21/05/2023;21;0,214;R
ES0000000000003289CCPF;21/05/2023;22;0,189;R
ES0000000000003289CCPF;21/05/2023;23;0,783;R
ES0000000000003289CCPF;22/05/2023;0;0,609;R
ES0000000000003289CCPF;22/05/2023;1;0,129;R
ES0000000000003289CCPF;22/05/2023;2;0,17;R
ES0000000000003289CCPF;22/05/2023;3;0,105;R
ES0000000000003289CCPF;22/05/2023;4;0,122;R
ES0000000000003289CCPF;22/05/2023;5;0,088;R
ES0000000000003289CCPF;22/05/2023;6;0,147;R
ES0000000000003289CCPF;22/05/2023;7;0,333;R
ES0000000000003289CCPF;22/05/2023;8;0,134;R
ES0000000000003289CCPF;22/05/2023;9;0,155;R
ES0000000000003289CCPF;22/05/2023;10;0,197;R
ES0000000000003289CCPF;22/05/2023;11;0,173;R
ES0000000000003289CCPF;22/05/2023;12;0,139;R
ES0000000000003289CCPF;22/05/2023;13;0,117;R
ES0000000000003289CCPF;22/05/2023;14;0,083;R
ES0000000000003289CCPF;22/05/2023;15;0,302;R
ES0000000000003289CCPF;22/05/2023;16;0,275;R
ES0000000000003289CCPF;22/05/2023;17;0,107;R
ES0000000000003289CCPF;22/05/2023;18;0,141;R
ES0000000000003289CCPF;22/05/2023;19;0,136;R
ES0000000000003289CCPF;22/05/2023;20;0,13;R
ES0000000000003289CCPF;22/05/2023;21;0,146;R
ES0000000000003289CCPF;22/05/2023;22;0,255;R
ES0000000000003289CCPF;22/05/2023;23;0,179;R
ES0000000000003289CCPF;23/05/2023;0;0,2;R
ES0000000000003289CCPF;23/05/2023;1;0,175;R
ES0000000000003289CCPF;23/05/2023;2;0,149;R
ES0000000000003289CCPF;23/05/2023;3;0,174;R
ES0000000000003289CCPF;23/05/2023;4;0,625;R
ES0000000000003289CCPF;23/05/2023;5;0,195;R
ES0000000000003289CCPF;23/05/2023;6;0,981;R
ES0000000000003289CCPF;23/05/2023;7;0,18;R
ES0000000000003289CCPF;23/05/2023;8;0,618;R
ES0000000000003289CCPF;23/05/2023;9;0,55;R
ES0000000000003289CCPF;23/05/2023;10;0,212;R
ES0000000000003289CCPF;23/05/2023;11;0,125;R
ES0000000000003289CCPF;23/05/2023;12;0,189;R
ES0000000000003289CCPF;23/05/2023;13;0,092;R
ES0000000000003289CCPF;23/05/2023;14;0,159;R
ES0000000000003289CCPF;23/05/2023;15;0,132;R
ES0000000000003289CCPF;23/05/2023;16;0,136;R
ES0000000000003289CCPF;23/05/2023;17;0,085;R
ES0000000000003289CCPF;23/05/2023;18;0,11;R
ES0000000000003289CCPF;23/05/2023;19;0,09;R
ES0000000000003289CCPF;23/05/2023;20;0,139;R
ES0000000000003289CCPF;23/05/2023;21;0,203;R
ES0000000000003289CCPF;23/05/2023;22;0,312;R
ES0000000000003289CCPF;23/05/2023;23;0,131;R
ES0000000000003289CCPF;24/05/2023;0;0,169;R
ES0000000000003289CCPF;24/05/2023;1;0,131;R
ES0000000000003289CCPF;24/05/2023;2;0,087;R
ES0000000000003289CCPF;24/05/2023;3;0,123;R
ES0000000000003289CCPF;24/05/2023;4;0,082;R
ES0000000000003289CCPF;24/05/2023;5;0,104;R
ES0000000000003289CCPF;24/05/2023;6;0,106;R
ES0000000000003289CCPF;24/05/2023;7;0,075;R
ES0000000000003289CCPF;24/05/2023;8;0,306;R
ES0000000000003289CCPF;24/05/2023;9;0,207;R
ES0000000000003289CCPF;24/05/2023;10;0,123;R
ES0000000000003289CCPF;24/05/2023;11;0,192;R
ES0000000000003289CCPF;24/05/2023;12;0,207;R
ES0000000000003289CCPF;24/05/2023;13;0,153;R
ES0000000000003289CCPF;24/05/2023;14;0,135;R
ES0000000000003289CCPF;24/05/2023;15;0,107;R
ES0000000000003289CCPF;24/05/2023;16;0,111;R
ES0000000000003289CCPF;24/05/2023;17;0,119;R
ES0000000000003289CCPF;24/05/2023;18;0,108;R
ES0000000000003289CCPF;24/05/2023;19;0,156;R
ES0000000000003289CCPF;24/05/2023;20;0,289;R
ES0000000000003289CCPF;24/05/2023;21;0,205;R
ES0000000000003289CCPF;24/05/2023;22;0,221;R
ES0000000000003289CCPF;24/05/2023;23;0,127;R
ES0000000000003289CCPF;25/05/2023;0;0,369;R
ES0000000000003289CCPF;25/05/2023;1;0,186;R
ES0000000000003289CCPF;25/05/2023;2;0,19;R
ES0000000000003289CCPF;25/05/2023;3;0,109;R
ES0000000000003289CCPF;25/05/2023;4;0,102;R
ES0000000000003289CCPF;25/05/2023;5;0,075;R
ES0000000000003289CCPF;25/05/2023;6;0,107;R
ES0000000000003289CCPF;25/05/2023;7;0,102;R
ES0000000000003289CCPF;25/05/2023;8;0,228;R
ES0000000000003289CCPF;25/05/2023;9;0,658;R
ES0000000000003289CCPF;25/05/2023;10;0,305;R
ES0000000000003289CCPF;25/05/2023;11;0,174;R
ES0000000000003289CCPF;25/05/2023;12;0,131;R
ES0000000000003289CCPF;25/05/2023;13;0,128;R
ES0000000000003289CCPF;25/05/2023;14;0,166;R
ES0000000000003289CCPF;25/05/2023;15;0,46;R
ES0000000000003289CCPF;25/05/2023;16;0,159;R
ES0000000000003289CCPF;25/05/2023;17;0,329;R
ES0000000000003289CCPF;25/05/2023;18;0,282;R
ES0000000000003289CCPF;25/05/2023;19;0,126;R
ES0000000000003289CCPF;25/05/2023;20;0,85;R
ES0000000000003289CCPF;25/05/2023;21;0,259;R
ES0000000000003289CCPF;25/05/2023;22;0,197;R
ES0000000000003289CCPF;25/05/2023;23;0,154;R
ES0000000000003289CCPF;26/05/2023;0;0,18;R
ES0000000000003289CCPF;26/05/2023;1;0,215;R
ES0000000000003289CCPF;26/05/2023;2;0,632;R
ES0000000000003289CCPF;26/05/2023;3;0,13;R
ES0000000000003289CCPF;26/05/2023;4;0,282;R
ES0000000000003289CCPF;26/05/2023;5;0,601;R
ES0000000000003289CCPF;26/05/2023;6;0,104;R
ES0000000000003289CCPF;26/05/2023;7;0,088;R
ES0000000000003289CCPF;26/05/2023;8;0,261;R
ES0000000000003289CCPF;26/05/2023;9;0,249;R
ES0000000000003289CCPF;26/05/2023;10;0,17;R
ES0000000000003289CCPF;26/05/2023;11;0,106;R
ES0000000000003289CCPF;26/05/2023;12;0,126;R
ES0000000000003289CCPF;26/05/2023;13;0,122;R
ES0000000000003289CCPF;26/05/2023;14;0,122;R
ES0000000000003289CCPF;26/05/2023;15;0,266;R
ES0000000000003289CCPF;26/05/2023;16;0,106;R
ES0000000000003289CCPF;26/05/2023;17;0,243;R
ES0000000000003289CCPF;26/05/2023;18;0,212;R
ES0000000000003289CCPF;26/05/2023;19;0,185;R
ES0000000000003289CCPF;26/05/2023;20;0,195;R
ES0000000000003289CCPF;26/05/2023;21;0,142;R
ES0000000000003289CCPF;26/05/2023;22;0,141;R
ES0000000000003289CCPF;26/05/2023;23;0,211;R
ES0000000000003289CCPF;27/05/2023;0;0,172;R
ES0000000000003289CCPF;27/05/2023;1;0,122;R
ES0000000000003289CCPF;27/05/2023;2;0,105;R
ES0000000000003289CCPF;27/05/2023;3;0,377;R
ES0000000000003289CCPF;27/05/2023;4;0,168;R
ES0000000000003289CCPF;27/05/2023;5;0,111;R
ES0000000000003289CCPF;27/05/2023;6;0,079;R
ES0000000000003289CCPF;27/05/2023;7;0,096;R
ES0000000000003289CCPF;27/05/2023;8;0,099;R
ES0000000000003289CCPF;27/05/2023;9;0,3;R
ES0000000000003289CCPF;27/05/2023;10;0,239;R
ES0000000000003289CCPF;27/05/2023;11;0,264;R
ES0000000000003289CCPF;27/05/2023;12;0,169;R
ES0000000000003289CCPF;27/05/2023;13;0,25;R
ES0000000000003289CCPF;27/05/2023;14;0,214;R
ES0000000000003289CCPF;27/05/2023;15;0,206;R
ES0000000000003289CCPF;27/05/2023;16;0,165;R
ES0000000000003289CCPF;27/05/2023;17;0,192;R
ES0000000000003289CCPF;27/05/2023;18;0,189;R
ES0000000000003289CCPF;27/05/2023;19;0,171;R
ES0000000000003289CCPF;27/05/2023;20;0,445;R
ES0000000000003289CCPF;27/05/2023;21;0,176;R
ES0000000000003289CCPF;27/05/2023;22;0,137;R
ES0000000000003289CCPF;27/05/2023;23;0,193;R
ES0000000000003289CCPF;28/05/2023;0;0,207;R
ES0000000000003289CCPF;28/05/2023;1;0,159;R
ES0000000000003289CCPF;28/05/2023;2;0,102;R
ES0000000000003289CCPF;28/05/2023;3;0,1;R
ES0000000000003289CCPF;28/05/2023;4;0,073;R
ES0000000000003289CCPF;28/05/2023;5;0,117;R
ES0000000000003289CCPF;28/05/2023;6;0,092;R
ES0000000000003289CCPF;28/05/2023;7;0,09;R
ES0000000000003289CCPF;28/05/2023;8;0,103;R
ES0000000000003289CCPF;28/05/2023;9;0,079;R
ES0000000000003289CCPF;28/05/2023;10;0,338;R
ES0000000000003289CCPF;28/05/2023;11;0,339;R
ES0000000000003289CCPF;28/05/2023;12;0,54;R
ES0000000000003289CCPF;28/05/2023;13;0,093;R
ES0000000000003289CCPF;28/05/2023;14;0,103;R
ES0000000000003289CCPF;28/05/2023;15;0,262;R
ES0000000000003289CCPF;28/05/2023;16;0,168;R
ES0000000000003289CCPF;28/05/2023;17;0,124;R
ES0000000000003289CCPF;28/05/2023;18;0,202;R
ES0000000000003289CCPF;28/05/2023;19;0,113;R
ES0000000000003289CCPF;28/05/2023;20;0,204;R
ES0000000000003289CCPF;28/05/2023;21;0,15;R
ES0000000000003289CCPF;28/05/2023;22;0,166;R
ES0000000000003289CCPF;28/05/2023;23;0,269;R
ES0000000000003289CCPF;29/05/2023;0;0,186;R
ES0000000000003289CCPF;29/05/2023;1;0,173;R
ES0000000000003289CCPF;29/05/2023;2;0,074;R
ES0000000000003289CCPF;29/05/2023;3;0,094;R
ES0000000000003289CCPF;29/05/2023;4;0,098;R
ES0000000000003289CCPF;29/05/2023;5;0,083;R
ES0000000000003289CCPF;29/05/2023;6;0,102;R
ES0000000000003289CCPF;29/05/2023;7;0,102;R
ES0000000000003289CCPF;29/05/2023;8;0,076;R
ES0000000000003289CCPF;29/05/2023;9;0,289;R
ES0000000000003289CCPF;29/05/2023;10;0,274;R
ES0000000000003289CCPF;29/05/2023;11;0,205;R
ES0000000000003289CCPF;29/05/2023;12;0,09;R
ES0000000000003289CCPF;29/05/2023;13;0,097;R
ES0000000000003289CCPF;29/05/2023;14;0,082;R
ES0000000000003289CCPF;29/05/2023;15;0,101;R
ES0000000000003289CCPF;29/05/2023;16;0,105;R
ES0000000000003289CCPF;29/05/2023;17;0,711;R
ES0000000000003289CCPF;29/05/2023;18;0,226;R
ES0000000000003289CCPF;29/05/2023;19;0,217;R
ES0000000000003289CCPF;29/05/2023;20;0,553;R
ES0000000000003289CCPF;29/05/2023;21;0,914;R
ES0000000000003289CCPF;29/05/2023;22;1,045;R
ES0000000000003289CCPF;29/05/2023;23;0,544;R
ES0000000000003289CCPF;30/05/2023;0;0,272;R
ES0000000000003289CCPF;30/05/2023;1;0,222;R
ES0000000000003289CCPF;30/05/2023;2;1,029;R
ES0000000000003289CCPF;30/05/2023;3;0,301;R
ES0000000000003289CCPF;30/05/2023;4;0,744;R
ES0000000000003289CCPF;30/05/2023;5;0,249;R
ES0000000000003289CCPF;30/05/2023;6;0,115;R
ES0000000000003289CCPF;30/05/2023;7;0,319;R
ES0000000000003289CCPF;30/05/2023;8;0,207;R
ES0000000000003289CCPF;30/05/2023;9;0,137;R
ES0000000000003289CCPF;30/05/2023;10;0,106;R
ES0000000000003289CCPF;30/05/2023;11;0,106;R
ES0000000000003289CCPF;30/05/2023;12;0,086;R
ES0000000000003289CCPF;30/05/2023;13;0,097;R
ES0000000000003289CCPF;30/05/2023;14;0,098;R
ES0000000000003289CCPF;30/05/2023;15;0,086;R
ES0000000000003289CCPF;30/05/2023;16;0,08;R
ES0000000000003289CCPF;30/05/2023;17;0,101;R
ES0000000000003289CCPF;30/05/2023;18;0,138;R
ES0000000000003289CCPF;30/05/2023;19;0,148;R
ES0000000000003289CCPF;30/05/2023;20;0,335;R
ES0000000000003289CCPF;30/05/2023;21;0,245;R
ES0000000000003289CCPF;30/05/2023;22;0,126;R
ES0000000000003289CCPF;30/05/2023;23;0,121;R
ES0000000000003289CCPF;31/05/2023;0;0,219;R
ES0000000000003289CCPF;31/05/2023;1;0,201;R
ES0000000000003289CCPF;31/05/2023;2;0,114;R
ES0000000000003289CCPF;31/05/2023;3;0,114;R
ES0000000000003289CCPF;31/05/2023;4;0,118;R
ES0000000000003289CCPF;31/05/2023;5;0,074;R
ES0000000000003289CCPF;31/05/2023;6;0,121;R
ES0000000000003289CCPF;31/05/2023;7;0,094;R
ES0000000000003289CCPF;31/05/2023;8;0,125;R
ES0000000000003289CCPF;31/05/2023;9;0,381;R
ES0000000000003289CCPF;31/05/2023;10;0,141;R
ES0000000000003289CCPF;31/05/2023;11;0,244;R
ES0000000000003289CCPF;31/05/2023;12;0,104;R
ES0000000000003289CCPF;31/05/2023;13;0,203;R
ES0000000000003289CCPF;31/05/2023;14;0,11;R
ES0000000000003289CCPF;31/05/2023;15;0,08;R
ES0000000000003289CCPF;31/05/2023;16;0,001;R
ES0000000000003289CCPF;31/05/2023;17;0,0;R
ES0000000000003289CCPF;31/05/2023;18;0,0;R
ES0000000000003289CCPF;31/05/2023;19;0,0;R
ES0000000000003289CCPF;31/05/2023;20;0,251;R
ES0000000000003289CCPF;31/05/2023;21;0,262;R
ES0000000000003289CCPF;31/05/2023;22;0,279;R
ES0000000000003289CCPF;31/05/2023;23;0,264;R
ES0000000000003289CCPF;01/06/2023;0;0,267;R
ES0000000000003289CCPF;01/06/2023;1;0,171;R
ES0000000000003289CCPF;01/06/2023;2;0,084;R
ES0000000000003289CCPF;01/06/2023;3;0,155;R
ES0000000000003289CCPF;01/06/2023;4;0,157;R
ES0000000000003289CCPF;01/06/2023;5;0,115;R
ES0000000000003289CCPF;01/06/2023;6;0,105;R
ES0000000000003289CCPF;01/06/2023;7;0,433;R
ES0000000000003289CCPF;01/06/2023;8;0,335;R
ES0000000000003289CCPF;01/06/2023;9;0,203;R
ES0000000000003289CCPF;01/06/2023;10;0,106;R
ES0000000000003289CCPF;01/06/2023;11;0,141;R
ES0000000000003289CCPF;01/06/2023;12;0,079;R
ES0000000000003289CCPF;01/06/2023;13;0,077;R
ES0000000000003289CCPF;01/06/2023;14;0,151;R
ES0000000000003289CCPF;01/06/2023;15;0,093;R
ES0000000000003289CCPF;01/06/2023;16;0,097;R
ES0000000000003289CCPF;01/06/2023;17;0,156;R
ES0000000000003289CCPF;01/06/2023;18;0,157;R
ES0000000000003289CCPF;01/06/2023;19;0,098;R
ES0000000000003289CCPF;01/06/2023;20;0,101;R
ES0000000000003289CCPF;01/06/2023;21;0,174;R
ES0000000000003289CCPF;01/06/2023;22;0,189;R
ES0000000000003289CCPF;01/06/2023;23;0,202;R
ES0000000000003289CCPF;02/06/2023;0;0,238;R
ES0000000000003289CCPF;02/06/2023;1;0,189;R
ES0000000000003289CCPF;02/06/2023;2;0,113;R
ES0000000000003289CCPF;02/06/2023;3;0,101;R
ES0000000000003289CCPF;02/06/2023;4;0,176;R
ES0000000000003289CCPF;02/06/2023;5;0,084;R
ES0000000000003289CCPF;02/06/2023;6;0,078;R
ES0000000000003289CCPF;02/06/2023;7;0,303;R
ES0000000000003289CCPF;02/06/2023;8;0,293;R
ES0000000000003289CCPF;02/06/2023;9;0,194;R
ES0000000000003289CCPF;02/06/2023;10;0,084;R
ES0000000000003289CCPF;02/06/2023;11;0,147;R
ES0000000000003289CCPF;02/06/2023;12;0,093;R
ES0000000000003289CCPF;02/06/2023;13;0,116;R
ES0000000000003289CCPF;02/06/2023;14;0,145;R
ES0000000000003289CCPF;02/06/2023;15;0,135;R
ES0000000000003289CCPF;02/06/2023;16;0,147;R
ES0000000000003289CCPF;02/06/2023;17;0,156;R
ES0000000000003289CCPF;02/06/2023;18;0,174;R
ES0000000000003289CCPF;02/06/2023;19;0,128;R
ES0000000000003289CCPF;02/06/2023;20;0,077;R
ES0000000000003289CCPF;02/06/2023;21;0,23;R
ES0000000000003289CCPF;02/06/2023;22;0,21;R
ES0000000000003289CCPF;02/06/2023;23;0,176;R
ES0000000000003289CCPF;03/06/2023;0;0,093;R
ES0000000000003289CCPF;03/06/2023;1;0,18;R
ES0000000000003289CCPF;03/06/2023;2;0,675;R
ES0000000000003289CCPF;03/06/2023;3;0,129;R
ES0000000000003289CCPF;03/06/2023;4;0,227;R
ES0000000000003289CCPF;03/06/2023;5;0,941;R
ES0000000000003289CCPF;03/06/2023;6;0,245;R
ES0000000000003289CCPF;03/06/2023;7;0,334;R
ES0000000000003289CCPF;03/06/2023;8;0,299;R
ES0000000000003289CCPF;03/06/2023;9;0,835;R
ES0000000000003289CCPF;03/06/2023;10;0,22;R
ES0000000000003289CCPF;03/06/2023;11;0,286;R
ES0000000000003289CCPF;03/06/2023;12;0,17;R
ES0000000000003289CCPF;03/06/2023;13;0,129;R
ES0000000000003289CCPF;03/06/2023;14;0,075;R
ES0000000000003289CCPF;03/06/2023;15;0,076;R
ES0000000000003289CCPF;03/06/2023;16;0,144;R
ES0000000000003289CCPF;03/06/2023;17;0,22;R
ES0000000000003289CCPF;03/06/2023;18;0,472;R
ES0000000000003289CCPF;03/06/2023;19;0,112;R
ES0000000000003289CCPF;03/06/2023;20;0,227;R
ES0000000000003289CCPF;03/06/2023;21;0,736;R
ES0000000000003289CCPF;03/06/2023;22;0,269;R
ES0000000000003289CCPF;03/06/2023;23;0,716;R
ES0000000000003289CCPF;04/06/2023;0;0,169;R
ES0000000000003289CCPF;04/06/2023;1;0,197;R
ES0000000000003289CCPF;04/06/2023;2;0,157;R
ES0000000000003289CCPF;04/06/2023;3;0,09;R
ES0000000000003289CCPF;04/06/2023;4;0,083;R
ES0000000000003289CCPF;04/06/2023;5;0,149;R
ES0000000000003289CCPF;04/06/2023;6;0,113;R
ES0000000000003289CCPF;04/06/2023;7;0,083;R
ES0000000000003289CCPF;04/06/2023;8;0,121;R
ES0000000000003289CCPF;04/06/2023;9;0,317;R
ES0000000000003289CCPF;04/06/2023;10;0,12;R
ES0000000000003289CCPF;04/06/2023;11;0,657;R
ES0000000000003289CCPF;04/06/2023;12;0,31;R
ES0000000000003289CCPF;04/06/2023;13;0,29;R
ES0000000000003289CCPF;04/06/2023;14;0,123;R
ES0000000000003289CCPF;04/06/2023;15;0,125;R
ES0000000000003289CCPF;04/06/2023;16;0,137;R
ES0000000000003289CCPF;04/06/2023;17;0,075;R
ES0000000000003289CCPF;04/06/2023;18;0,075;R
ES0000000000003289CCPF;04/06/2023;19;0,138;R
ES0000000000003289CCPF;04/06/2023;20;0,15;R
ES0000000000003289CCPF;04/06/2023;21;0,418;R
ES0000000000003289CCPF;04/06/2023;22;0,161;R
ES0000000000003289CCPF;04/06/2023;23;0,356;R
ES0000000000003289CCPF;05/06/2023;0;0,775;R
ES0000000000003289CCPF;05/06/2023;1;0,185;R
ES0000000000003289CCPF;05/06/2023;2;0,112;R
ES0000000000003289CCPF;05/06/2023;3;0,143;R
ES0000000000003289CCPF;05/06/2023;4;0,169;R
ES0000000000003289CCPF;05/06/2023;5;0,166;R
ES0000000000003289CCPF;05/06/2023;6;0,113;R
ES0000000000003289CCPF;05/06/2023;7;0,232;R
ES0000000000003289CCPF;05/06/2023;8;0,18;R
ES0000000000003289CCPF;05/06/2023;9;0,188;R
ES0000000000003289CCPF;05/06/2023;10;0,191;R
ES0000000000003289CCPF;05/06/2023;11;0,248;R
ES0000000000003289CCPF;05/06/2023;12;0,149;R
ES0000000000003289CCPF;05/06/2023;13;0,164;R
ES0000000000003289CCPF;05/06/2023;14;0,085;R
ES0000000000003289CCPF;05/06/2023;15;0,146;R
ES0000000000003289CCPF;05/06/2023;16;0,218;R
ES0000000000003289CCPF;05/06/2023;17;0,11;R
ES0000000000003289CCPF;05/06/2023;18;0,136;R
ES0000000000003289CCPF;05/06/2023;19;0,28;R
ES0000000000003289CCPF;05/06/2023;20;0,362;R
ES0000000000003289CCPF;05/06/2023;21;0,203;R
ES0000000000003289CCPF;05/06/2023;22;0,22;R
ES0000000000003289CCPF;05/06/2023;23;0,171;R
ES0000000000003289CCPF;06/06/2023;0;0,163;R
ES0000000000003289CCPF;06/06/2023;1;0,094;R
ES0000000000003289CCPF;06/06/2023;2;0,219;R
ES0000000000003289CCPF;06/06/2023;3;0,217;R
ES0000000000003289CCPF;06/06/2023;4;0,614;R
ES0000000000003289CCPF;06/06/2023;5;0,118;R
ES0000000000003289CCPF;06/06/2023;6;0,703;R
ES0000000000003289CCPF;06/06/2023;7;0,153;R
ES0000000000003289CCPF;06/06/2023;8;0,248;R
ES0000000000003289CCPF;06/06/2023;9;0,261;R
ES0000000000003289CCPF;06/06/2023;10;0,331;R
ES0000000000003289CCPF;06/06/2023;11;0,113;R
ES0000000000003289CCPF;06/06/2023;12;0,182;R
ES0000000000003289CCPF;06/06/2023;13;0,143;R
ES0000000000003289CCPF;06/06/2023;14;0,14;R
ES0000000000003289CCPF;06/06/2023;15;0,092;R
ES0000000000003289CCPF;06/06/2023;16;0,4;R
ES0000000000003289CCPF;06/06/2023;17;0,187;R
ES0000000000003289CCPF;06/06/2023;18;0,16;R
ES0000000000003289CCPF;06/06/2023;19;0,147;R
ES0000000000003289CCPF;06/06/2023;20;0,166;R
ES0000000000003289CCPF;06/06/2023;21;0,314;R
ES0000000000003289CCPF;06/06/2023;22;0,147;R
ES0000000000003289CCPF;06/06/2023;23;0,096;R
ES0000000000003289CCPF;07/06/2023;0;0,165;R
ES0000000000003289CCPF;07/06/2023;1;0,168;R
ES0000000000003289CCPF;07/06/2023;2;0,089;R
ES0000000000003289CCPF;07/06/2023;3;0,075;R
ES0000000000003289CCPF;07/06/2023;4;0,124;R
ES0000000000003289CCPF;07/06/2023;5;0,141;R
ES0000000000003289CCPF;07/06/2023;6;0,086;R
ES0000000000003289CCPF;07/06/2023;7;0,08;R
ES0000000000003289CCPF;07/06/2023;8;0,372;R
ES0000000000003289CCPF;07/06/2023;9;0,239;R
ES0000000000003289CCPF;07/06/2023;10;0,086;R
ES0000000000003289CCPF;07/06/2023;11;0,152;R
ES0000000000003289CCPF;07/06/2023;12;0,15;R
ES0000000000003289CCPF;07/06/2023;13;0,081;R
ES0000000000003289CCPF;07/06/2023;14;0,077;R
ES0000000000003289CCPF;07/06/2023;15;0,152;R
ES0000000000003289CCPF;07/06/2023;16;0,168;R
ES0000000000003289CCPF;07/06/2023;17;0,27;R
ES0000000000003289CCPF;07/06/2023;18;0,273;R
ES0000000000003289CCPF;07/06/2023;19;0,268;R
ES0000000000003289CCPF;07/06/2023;20;0,175;R
ES0000000000003289CCPF;07/06/2023;21;0,134;R
ES0000000000003289CCPF;07/06/2023;22;0,123;R
ES0000000000003289CCPF;07/06/2023;23;1,066;R
ES0000000000003289CCPF;08/06/2023;0;0,315;R
ES0000000000003289CCPF;08/06/2023;1;0,168;R
ES0000000000003289CCPF;08/06/2023;2;0,157;R
ES0000000000003289CCPF;08/06/2023;3;0,158;R
ES0000000000003289CCPF;08/06/2023;4;0,21;R
ES0000000000003289CCPF;08/06/2023;5;0,391;R
ES0000000000003289CCPF;08/06/2023;6;0,107;R
ES0000000000003289CCPF;08/06/2023;7;0,375;R
ES0000000000003289CCPF;08/06/2023;8;0,266;R
ES0000000000003289CCPF;08/06/2023;9;0,256;R
ES0000000000003289CCPF;08/06/2023;10;0,143;R
ES0000000000003289CCPF;08/06/2023;11;0,17;R
ES0000000000003289CCPF;08/06/2023;12;0,111;R
ES0000000000003289CCPF;08/06/2023;13;0,097;R
ES0000000000003289CCPF;08/06/2023;14;0,142;R
ES0000000000003289CCPF;08/06/2023;15;0,17;R
ES0000000000003289CCPF;08/06/2023;16;0,103;R
ES0000000000003289CCPF;08/06/2023;17;0,174;R
ES0000000000003289CCPF;08/06/2023;18;0,197;R
ES0000000000003289CCPF;08/06/2023;19;0,187;R
ES0000000000003289CCPF;08/06/2023;20;0,218;R
ES0000000000003289CCPF;08/06/2023;21;0,188;R
ES0000000000003289CCPF;08/06/2023;22;0,157;R
ES0000000000003289CCPF;08/06/2023;23;0,169;R
ES0000000000003289CCPF;09/06/2023;0;0,234;R
ES0000000000003289CCPF;09/06/2023;1;0,1;R
ES0000000000003289CCPF;09/06/2023;2;0,074;R
ES0000000000003289CCPF;09/06/2023;3;0,121;R
ES0000000000003289CCPF;09/06/2023;4;0,136;R
ES0000000000003289CCPF;09/06/2023;5;0,074;R
ES0000000000003289CCPF;09/06/2023;6;0,091;R
ES0000000000003289CCPF;09/06/2023;7;0,148;R
ES0000000000003289CCPF;09/06/2023;8;0,236;R
ES0000000000003289CCPF;09/06/2023;9;0,224;R
ES0000000000003289CCPF;09/06/2023;10;0,228;R
ES0000000000003289CCPF;09/06/2023;11;0,078;R
ES0000000000003289CCPF;09/06/2023;12;0,236;R
ES0000000000003289CCPF;09/06/2023;13;0,9;R
ES0000000000003289CCPF;09/06/2023;14;0,276;R
ES0000000000003289CCPF;09/06/2023;15;0,889;R
ES0000000000003289CCPF;09/06/2023;16;0,414;R
ES0000000000003289CCPF;09/06/2023;17;0,233;R
ES0000000000003289CCPF;09/06/2023;18;0,171;R
ES0000000000003289CCPF;09/06/2023;19;0,166;R
ES0000000000003289CCPF;09/06/2023;20;0,151;R
ES0000000000003289CCPF;09/06/2023;21;0,102;R
ES0000000000003289CCPF;09/06/2023;22;0,083;R
ES0000000000003289CCPF;09/06/2023;23;0,123;R
ES0000000000003289CCPF;10/06/2023;0;0,244;R
ES0000000000003289CCPF;10/06/2023;1;0,165;R
ES0000000000003289CCPF;10/06/2023;2;0,134;R
ES0000000000003289CCPF;10/06/2023;3;0,076;R
ES0000000000003289CCPF;10/06/2023;4;0,107;R
ES0000000000003289CCPF;10/06/2023;5;0,15;R
ES0000000000003289CCPF;10/06/2023;6;0,148;R
ES0000000000003289CCPF;10/06/2023;7;0,152;R
ES0000000000003289CCPF;10/06/2023;8;0,288;R
ES0000000000003289CCPF;10/06/2023;9;0,186;R
ES0000000000003289CCPF;10/06/2023;10;0,134;R
ES0000000000003289CCPF;10/06/2023;11;0,085;R
ES0000000000003289CCPF;10/06/2023;12;0,192;R
ES0000000000003289CCPF;10/06/2023;13;0,145;R
ES0000000000003289CCPF;10/06/2023;14;0,078;R
ES0000000000003289CCPF;10/06/2023;15;0,094;R
ES0000000000003289CCPF;10/06/2023;16;0,148;R
ES0000000000003289CCPF;10/06/2023;17;0,123;R
ES0000000000003289CCPF;10/06/2023;18;0,075;R
ES0000000000003289CCPF;10/06/2023;19;0,084;R
ES0000000000003289CCPF;10/06/2023;20;0,161;R
ES0000000000003289CCPF;10/06/2023;21;0,153;R
ES0000000000003289CCPF;10/06/2023;22;0,2;R
ES0000000000003289CCPF;10/06/2023;23;0,103;R
ES0000000000003289CCPF;11/06/2023;0;0,149;R
ES0000000000003289CCPF;11/06/2023;1;0,128;R
ES0000000000003289CCPF;11/06/2023;2;0,102;R
ES0000000000003289CCPF;11/06/2023;3;0,079;R
ES0000000000003289CCPF;11/06/2023;4;0,156;R
ES0000000000003289CCPF;11/06/2023;5;0,137;R
ES0000000000003289CCPF;11/06/2023;6;0,085;R
ES0000000000003289CCPF;11/06/2023;7;0,089;R
ES0000000000003289CCPF;11/06/2023;8;0,142;R
ES0000000000003289CCPF;11/06/2023;9;0,297;R
ES0000000000003289CCPF;11/06/2023;10;0,233;R
ES0000000000003289CCPF;11/06/2023;11;0,186;R
ES0000000000003289CCPF;11/06/2023;12;0,564;R
ES0000000000003289CCPF;11/06/2023;13;0,471;R
ES0000000000003289CCPF;11/06/2023;14;0,518;R
ES0000000000003289CCPF;11/06/2023;15;0,276;R
ES0000000000003289CCPF;11/06/2023;16;0,176;R
ES0000000000003289CCPF;11/06/2023;17;0,153;R
ES0000000000003289CCPF;11/06/2023;18;0,207;R
ES0000000000003289CCPF;11/06/2023;19;0,148;R
ES0000000000003289CCPF;11/06/2023;20;0,129;R
ES0000000000003289CCPF;11/06/2023;21;0,816;R
ES0000000000003289CCPF;11/06/2023;22;0,862;R
ES0000000000003289CCPF;11/06/2023;23;1,724;R
ES0000000000003289CCPF;12/06/2023;0;0,976;R
ES0000000000003289CCPF;12/06/2023;1;0,164;R
ES0000000000003289CCPF;12/06/2023;2;0,145;R
ES0000000000003289CCPF;12/06/2023;3;0,179;R
ES0000000000003289CCPF;12/06/2023;4;0,154;R
ES0000000000003289CCPF;12/06/2023;5;0,101;R
ES0000000000003289CCPF;12/06/2023;6;0,082;R
ES0000000000003289CCPF;12/06/2023;7;0,229;R
ES0000000000003289CCPF;12/06/2023;8;0,337;R
ES0000000000003289CCPF;12/06/2023;9;0,282;R
ES0000000000003289CCPF;12/06/2023;10;0,183;R
ES0000000000003289CCPF;12/06/2023;11;0,233;R
ES0000000000003289CCPF;12/06/2023;12;0,147;R
ES0000000000003289CCPF;12/06/2023;13;0,104;R
ES0000000000003289CCPF;12/06/2023;14;0,074;R
ES0000000000003289CCPF;12/06/2023;15;0,108;R
ES0000000000003289CCPF;12/06/2023;16;0,194;R
ES0000000000003289CCPF;12/06/2023;17;0,115;R
ES0000000000003289CCPF;12/06/2023;18;0,078;R
ES0000000000003289CCPF;12/06/2023;19;0,123;R
ES0000000000003289CCPF;12/06/2023;20;0,211;R
ES0000000000003289CCPF;12/06/2023;21;0,167;R
ES0000000000003289CCPF;12/06/2023;22;0,119;R
ES0000000000003289CCPF;12/06/2023;23;0,191;R
ES0000000000003289CCPF;13/06/2023;0;0,216;R
ES0000000000003289CCPF;13/06/2023;1;0,242;R
ES0000000000003289CCPF;13/06/2023;2;0,566;R
ES0000000000003289CCPF;13/06/2023;3;0,133;R
ES0000000000003289CCPF;13/06/2023;4;0,893;R
ES0000000000003289CCPF;13/06/2023;5;0,353;R
ES0000000000003289CCPF;13/06/2023;6;0,109;R
ES0000000000003289CCPF;13/06/2023;7;0,09;R
ES0000000000003289CCPF;13/06/2023;8;0,251;R
ES0000000000003289CCPF;13/06/2023;9;0,311;R
ES0000000000003289CCPF;13/06/2023;10;0,228;R
ES0000000000003289CCPF;13/06/2023;11;0,13;R
ES0000000000003289CCPF;13/06/2023;12;0,216;R
ES0000000000003289CCPF;13/06/2023;13;0,155;R
ES0000000000003289CCPF;13/06/2023;14;0,102;R
ES0000000000003289CCPF;13/06/2023;15;0,164;R
ES0000000000003289CCPF;13/06/2023;16;0,188;R
ES0000000000003289CCPF;13/06/2023;17;0,117;R
ES0000000000003289CCPF;13/06/2023;18;0,085;R
ES0000000000003289CCPF;13/06/2023;19;0,239;R
ES0000000000003289CCPF;13/06/2023;20;0,316;R
ES0000000000003289CCPF;13/06/2023;21;0,151;R
ES0000000000003289CCPF;13/06/2023;22;0,12;R
ES0000000000003289CCPF;13/06/2023;23;0,217;R
ES0000000000003289CCPF;14/06/2023;0;0,229;R
ES0000000000003289CCPF;14/06/2023;1;0,176;R
ES0000000000003289CCPF;14/06/2023;2;0,119;R
ES0000000000003289CCPF;14/06/2023;3;0,081;R
ES0000000000003289CCPF;14/06/2023;4;0,127;R
ES0000000000003289CCPF;14/06/2023;5;0,152;R
ES0000000000003289CCPF;14/06/2023;6;0,101;R
ES0000000000003289CCPF;14/06/2023;7;0,084;R
ES0000000000003289CCPF;14/06/2023;8;0,323;R
ES0000000000003289CCPF;14/06/2023;9;0,349;R
ES0000000000003289CCPF;14/06/2023;10;0,175;R
ES0000000000003289CCPF;14/06/2023;11;0,105;R
ES0000000000003289CCPF;14/06/2023;12;0,155;R
ES0000000000003289CCPF;14/06/2023;13;0,213;R
ES0000000000003289CCPF;14/06/2023;14;0,147;R
ES0000000000003289CCPF;14/06/2023;15;0,147;R
ES0000000000003289CCPF;14/06/2023;16;0,079;R
ES0000000000003289CCPF;14/06/2023;17;0,279;R
ES0000000000003289CCPF;14/06/2023;18;0,182;R
ES0000000000003289CCPF;14/06/2023;19;0,237;R
ES0000000000003289CCPF;14/06/2023;20;0,193;R
ES0000000000003289CCPF;14/06/2023;21;0,116;R
ES0000000000003289CCPF;14/06/2023;22;0,171;R
ES0000000000003289CCPF;14/06/2023;23;0,164;R
ES0000000000003289CCPF;15/06/2023;0;0,154;R
ES0000000000003289CCPF;15/06/2023;1;0,159;R
ES0000000000003289CCPF;15/06/2023;2;0,132;R
ES0000000000003289CCPF;15/06/2023;3;0,182;R
ES0000000000003289CCPF;15/06/2023;4;0,114;R
ES0000000000003289CCPF;15/06/2023;5;0,082;R
ES0000000000003289CCPF;15/06/2023;6;0,134;R
ES0000000000003289CCPF;15/06/2023;7;0,138;R
ES0000000000003289CCPF;15/06/2023;8;0,24;R
ES0000000000003289CCPF;15/06/2023;9;0,283;R
ES0000000000003289CCPF;15/06/2023;10;0,215;R
ES0000000000003289CCPF;15/06/2023;11;0,183;R
ES0000000000003289CCPF;15/06/2023;12;0,293;R
ES0000000000003289CCPF;15/06/2023;13;0,216;R
ES0000000000003289CCPF;15/06/2023;14;0,15;R
ES0000000000003289CCPF;15/06/2023;15;0,123;R
ES0000000000003289CCPF;15/06/2023;16;0,201;R
ES0000000000003289CCPF;15/06/2023;17;0,197;R
ES0000000000003289CCPF;15/06/2023;18;0,191;R
ES0000000000003289CCPF;15/06/2023;19;0,173;R
ES0000000000003289CCPF;15/06/2023;20;0,215;R
ES0000000000003289CCPF;15/06/2023;21;0,187;R
ES0000000000003289CCPF;15/06/2023;22;0,214;R
ES0000000000003289CCPF;15/06/2023;23;0,249;R
ES0000000000003289CCPF;16/06/2023;0;0,169;R
ES0000000000003289CCPF;16/06/2023;1;0,092;R
ES0000000000003289CCPF;16/06/2023;2;0,605;R
ES0000000000003289CCPF;16/06/2023;3;0,178;R
ES0000000000003289CCPF;16/06/2023;4;0,252;R
ES0000000000003289CCPF;16/06/2023;5;0,579;R
ES0000000000003289CCPF;16/06/2023;6;0,093;R
ES0000000000003289CCPF;16/06/2023;7;0,155;R
ES0000000000003289CCPF;16/06/2023;8;0,397;R
ES0000000000003289CCPF;16/06/2023;9;0,222;R
ES0000000000003289CCPF;16/06/2023;10;0,081;R
ES0000000000003289CCPF;16/06/2023;11;0,124;R
ES0000000000003289CCPF;16/06/2023;12;0,188;R
ES0000000000003289CCPF;16/06/2023;13;0,117;R
ES0000000000003289CCPF;16/06/2023;14;0,107;R
ES0000000000003289CCPF;16/06/2023;15;0,542;R
ES0000000000003289CCPF;16/06/2023;16;0,253;R
ES0000000000003289CCPF;16/06/2023;17;0,181;R
ES0000000000003289CCPF;16/06/2023;18;0,16;R
ES0000000000003289CCPF;16/06/2023;19;0,149;R
ES0000000000003289CCPF;16/06/2023;20;0,151;R
ES0000000000003289CCPF;16/06/2023;21;0,3;R
ES0000000000003289CCPF;16/06/2023;22;0,121;R
ES0000000000003289CCPF;16/06/2023;23;0,188;R
ES0000000000003289CCPF;17/06/2023;0;0,188;R
ES0000000000003289CCPF;17/06/2023;1;0,184;R
ES0000000000003289CCPF;17/06/2023;2;0,137;R
ES0000000000003289CCPF;17/06/2023;3;0,116;R
ES0000000000003289CCPF;17/06/2023;4;0,123;R
ES0000000000003289CCPF;17/06/2023;5;0,157;R
ES0000000000003289CCPF;17/06/2023;6;0,153;R
ES0000000000003289CCPF;17/06/2023;7;0,155;R
ES0000000000003289CCPF;17/06/2023;8;0,104;R
ES0000000000003289CCPF;17/06/2023;9;0,428;R
ES0000000000003289CCPF;17/06/2023;10;0,408;R
ES0000000000003289CCPF;17/06/2023;11;0,284;R
ES0000000000003289CCPF;17/06/2023;12;0,359;R
ES0000000000003289CCPF;17/06/2023;13;0,165;R
ES0000000000003289CCPF;17/06/2023;14;0,088;R
ES0000000000003289CCPF;17/06/2023;15;0,079;R
ES0000000000003289CCPF;17/06/2023;16;0,137;R
ES0000000000003289CCPF;17/06/2023;17;0,149;R
ES0000000000003289CCPF;17/06/2023;18;0,146;R
ES0000000000003289CCPF;17/06/2023;19;0,175;R
ES0000000000003289CCPF;17/06/2023;20;0,117;R
ES0000000000003289CCPF;17/06/2023;21;0,167;R
ES0000000000003289CCPF;17/06/2023;22;0,149;R
ES0000000000003289CCPF;17/06/2023;23;0,187;R
ES0000000000003289CCPF;18/06/2023;0;0,204;R
ES0000000000003289CCPF;18/06/2023;1;0,159;R
ES0000000000003289CCPF;18/06/2023;2;0,104;R
ES0000000000003289CCPF;18/06/2023;3;0,103;R
ES0000000000003289CCPF;18/06/2023;4;0,102;R
ES0000000000003289CCPF;18/06/2023;5;0,158;R
ES0000000000003289CCPF;18/06/2023;6;0,146;R
ES0000000000003289CCPF;18/06/2023;7;0,148;R
ES0000000000003289CCPF;18/06/2023;8;0,096;R
ES0000000000003289CCPF;18/06/2023;9;0,125;R
ES0000000000003289CCPF;18/06/2023;10;0,238;R
ES0000000000003289CCPF;18/06/2023;11;0,283;R
ES0000000000003289CCPF;18/06/2023;12;0,721;R
ES0000000000003289CCPF;18/06/2023;13;0,339;R
ES0000000000003289CCPF;18/06/2023;14;0,4;R
ES0000000000003289CCPF;18/06/2023;15;0,413;R
ES0000000000003289CCPF;18/06/2023;16;0,283;R
ES0000000000003289CCPF;18/06/2023;17;0,467;R
ES0000000000003289CCPF;18/06/2023;18;0,286;R
ES0000000000003289CCPF;18/06/2023;19;0,284;R
ES0000000000003289CCPF;18/06/2023;20;0,303;R
ES0000000000003289CCPF;18/06/2023;21;1,041;R
ES0000000000003289CCPF;18/06/2023;22;0,576;R
ES0000000000003289CCPF;18/06/2023;23;0,302;R
ES0000000000003289CCPF;19/06/2023;0;0,225;R
ES0000000000003289CCPF;19/06/2023;1;0,656;R
ES0000000000003289CCPF;19/06/2023;2;0,419;R
ES0000000000003289CCPF;19/06/2023;3;0,318;R
ES0000000000003289CCPF;19/06/2023;4;0,821;R
ES0000000000003289CCPF;19/06/2023;5;0,195;R
ES0000000000003289CCPF;19/06/2023;6;0,19;R
ES0000000000003289CCPF;19/06/2023;7;0,136;R
ES0000000000003289CCPF;19/06/2023;8;0,157;R
ES0000000000003289CCPF;19/06/2023;9;0,291;R
ES0000000000003289CCPF;19/06/2023;10;0,297;R
ES0000000000003289CCPF;19/06/2023;11;0,216;R
ES0000000000003289CCPF;19/06/2023;12;0,222;R
ES0000000000003289CCPF;19/06/2023;13;0,192;R
ES0000000000003289CCPF;19/06/2023;14;0,204;R
ES0000000000003289CCPF;19/06/2023;15;0,26;R
ES0000000000003289CCPF;19/06/2023;16;0,335;R
ES0000000000003289CCPF;19/06/2023;17;0,305;R
ES0000000000003289CCPF;19/06/2023;18;0,236;R
ES0000000000003289CCPF;19/06/2023;19;0,096;R
ES0000000000003289CCPF;19/06/2023;20;0,144;R
ES0000000000003289CCPF;19/06/2023;21;0,185;R
ES0000000000003289CCPF;19/06/2023;22;0,218;R
ES0000000000003289CCPF;19/06/2023;23;0,41;R
ES0000000000003289CCPF;20/06/2023;0;0,186;R
ES0000000000003289CCPF;20/06/2023;1;0,118;R
ES0000000000003289CCPF;20/06/2023;2;0,158;R
ES0000000000003289CCPF;20/06/2023;3;0,196;R
ES0000000000003289CCPF;20/06/2023;4;0,203;R
ES0000000000003289CCPF;20/06/2023;5;0,187;R
ES0000000000003289CCPF;20/06/2023;6;0,227;R
ES0000000000003289CCPF;20/06/2023;7;0,192;R
ES0000000000003289CCPF;20/06/2023;8;0,243;R
ES0000000000003289CCPF;20/06/2023;9;0,239;R
ES0000000000003289CCPF;20/06/2023;10;0,23;R
ES0000000000003289CCPF;20/06/2023;11;0,191;R
ES0000000000003289CCPF;20/06/2023;12;0,147;R
ES0000000000003289CCPF;20/06/2023;13;0,153;R
ES0000000000003289CCPF;20/06/2023;14;0,253;R
ES0000000000003289CCPF;20/06/2023;15;0,609;R
ES0000000000003289CCPF;20/06/2023;16;1,083;R
ES0000000000003289CCPF;20/06/2023;17;1,414;R
ES0000000000003289CCPF;20/06/2023;18;0,861;R
ES0000000000003289CCPF;20/06/2023;19;0,454;R
ES0000000000003289CCPF;20/06/2023;20;0,233;R
ES0000000000003289CCPF;20/06/2023;21;0,15;R
ES0000000000003289CCPF;20/06/2023;22;0,238;R
ES0000000000003289CCPF;20/06/2023;23;0,311;R
ES0000000000003289CCPF;21/06/2023;0;0,421;R
ES0000000000003289CCPF;21/06/2023;1;0,222;R
ES0000000000003289CCPF;21/06/2023;2;0,658;R
ES0000000000003289CCPF;21/06/2023;3;0,218;R
ES0000000000003289CCPF;21/06/2023;4;0,161;R
ES0000000000003289CCPF;21/06/2023;5;0,678;R
ES0000000000003289CCPF;21/06/2023;6;0,124;R
ES0000000000003289CCPF;21/06/2023;7;0,159;R
ES0000000000003289CCPF;21/06/2023;8;0,156;R
ES0000000000003289CCPF;21/06/2023;9;0,334;R
ES0000000000003289CCPF;21/06/2023;10;0,371;R
ES0000000000003289CCPF;21/06/2023;11;0,75;R
ES0000000000003289CCPF;21/06/2023;12;0,352;R
ES0000000000003289CCPF;21/06/2023;13;0,173;R
ES0000000000003289CCPF;21/06/2023;14;0,085;R
ES0000000000003289CCPF;21/06/2023;15;0,115;R
ES0000000000003289CCPF;21/06/2023;16;0,16;R
ES0000000000003289CCPF;21/06/2023;17;0,157;R
ES0000000000003289CCPF;21/06/2023;18;0,149;R
ES0000000000003289CCPF;21/06/2023;19;0,085;R
ES0000000000003289CCPF;21/06/2023;20;0,086;R
ES0000000000003289CCPF;21/06/2023;21;0,136;R
ES0000000000003289CCPF;21/06/2023;22;0,153;R
ES0000000000003289CCPF;21/06/2023;23;0,094;R
ES0000000000003289CCPF;22/06/2023;0;0,084;R
ES0000000000003289CCPF;22/06/2023;1;0,127;R
ES0000000000003289CCPF;22/06/2023;2;0,156;R
ES0000000000003289CCPF;22/06/2023;3;0,084;R
ES0000000000003289CCPF;22/06/2023;4;0,072;R
ES0000000000003289CCPF;22/06/2023;5;0,121;R
ES0000000000003289CCPF;22/06/2023;6;0,15;R
ES0000000000003289CCPF;22/06/2023;7;0,082;R
ES0000000000003289CCPF;22/06/2023;8;0,082;R
ES0000000000003289CCPF;22/06/2023;9;0,136;R
ES0000000000003289CCPF;22/06/2023;10;0,115;R
ES0000000000003289CCPF;22/06/2023;11;0,076;R
ES0000000000003289CCPF;22/06/2023;12;0,097;R
ES0000000000003289CCPF;22/06/2023;13;0,156;R
ES0000000000003289CCPF;22/06/2023;14;0,114;R
ES0000000000003289CCPF;22/06/2023;15;0,072;R
ES0000000000003289CCPF;22/06/2023;16;0,094;R
ES0000000000003289CCPF;22/06/2023;17;0,156;R
ES0000000000003289CCPF;22/06/2023;18;0,126;R
ES0000000000003289CCPF;22/06/2023;19;0,083;R
ES0000000000003289CCPF;22/06/2023;20;0,092;R
ES0000000000003289CCPF;22/06/2023;21;0,158;R
ES0000000000003289CCPF;22/06/2023;22;0,137;R
ES0000000000003289CCPF;22/06/2023;23;0,078;R
ES0000000000003289CCPF;23/06/2023;0;0,075;R
ES0000000000003289CCPF;23/06/2023;1;0,143;R
ES0000000000003289CCPF;23/06/2023;2;0,146;R
ES0000000000003289CCPF;23/06/2023;3;0,083;R
ES0000000000003289CCPF;23/06/2023;4;0,083;R
ES0000000000003289CCPF;23/06/2023;5;0,145;R
ES0000000000003289CCPF;23/06/2023;6;0,131;R
ES0000000000003289CCPF;23/06/2023;7;0,073;R
ES0000000000003289CCPF;23/06/2023;8;0,075;R
ES0000000000003289CCPF;23/06/2023;9;0,156;R
ES0000000000003289CCPF;23/06/2023;10;0,12;R
ES0000000000003289CCPF;23/06/2023;11;0,083;R
ES0000000000003289CCPF;23/06/2023;12;0,099;R
ES0000000000003289CCPF;23/06/2023;13;0,149;R
ES0000000000003289CCPF;23/06/2023;14;0,103;R
ES0000000000003289CCPF;23/06/2023;15;0,074;R
ES0000000000003289CCPF;23/06/2023;16;0,117;R
ES0000000000003289CCPF;23/06/2023;17;0,155;R
ES0000000000003289CCPF;23/06/2023;18;0,136;R
ES0000000000003289CCPF;23/06/2023;19;0,083;R
ES0000000000003289CCPF;23/06/2023;20;0,084;R
ES0000000000003289CCPF;23/06/2023;21;0,156;R
ES0000000000003289CCPF;23/06/2023;22;0,155;R
ES0000000000003289CCPF;23/06/2023;23;0,117;R
ES0000000000003289CCPF;24/06/2023;0;0,083;R
ES0000000000003289CCPF;24/06/2023;1;0,092;R
ES0000000000003289CCPF;24/06/2023;2;0,153;R
ES0000000000003289CCPF;24/06/2023;3;0,144;R
ES0000000000003289CCPF;24/06/2023;4;0,08;R
ES0000000000003289CCPF;24/06/2023;5;0,075;R
ES0000000000003289CCPF;24/06/2023;6;0,137;R
ES0000000000003289CCPF;24/06/2023;7;0,155;R
ES0000000000003289CCPF;24/06/2023;8;0,082;R
ES0000000000003289CCPF;24/06/2023;9;0,082;R
ES0000000000003289CCPF;24/06/2023;10;0,14;R
ES0000000000003289CCPF;24/06/2023;11;0,154;R
ES0000000000003289CCPF;24/06/2023;12;0,091;R
ES0000000000003289CCPF;24/06/2023;13;0,077;R
ES0000000000003289CCPF;24/06/2023;14;0,12;R
ES0000000000003289CCPF;24/06/2023;15;0,149;R
ES0000000000003289CCPF;24/06/2023;16;0,121;R
ES0000000000003289CCPF;24/06/2023;17;0,082;R
ES0000000000003289CCPF;24/06/2023;18;0,098;R
ES0000000000003289CCPF;24/06/2023;19;0,159;R
ES0000000000003289CCPF;24/06/2023;20;0,156;R
ES0000000000003289CCPF;24/06/2023;21;0,16;R
ES0000000000003289CCPF;24/06/2023;22;0,094;R
ES0000000000003289CCPF;24/06/2023;23;0,083;R
ES0000000000003289CCPF;25/06/2023;0;0,119;R
ES0000000000003289CCPF;25/06/2023;1;0,157;R
ES0000000000003289CCPF;25/06/2023;2;0,157;R
ES0000000000003289CCPF;25/06/2023;3;0,097;R
ES0000000000003289CCPF;25/06/2023;4;0,082;R
ES0000000000003289CCPF;25/06/2023;5;0,111;R
ES0000000000003289CCPF;25/06/2023;6;0,156;R
ES0000000000003289CCPF;25/06/2023;7;0,156;R
ES0000000000003289CCPF;25/06/2023;8;0,085;R
ES0000000000003289CCPF;25/06/2023;9;0,078;R
ES0000000000003289CCPF;25/06/2023;10;0,122;R
ES0000000000003289CCPF;25/06/2023;11;0,153;R
ES0000000000003289CCPF;25/06/2023;12;0,123;R
ES0000000000003289CCPF;25/06/2023;13;0,082;R
ES0000000000003289CCPF;25/06/2023;14;0,093;R
ES0000000000003289CCPF;25/06/2023;15;0,156;R
ES0000000000003289CCPF;25/06/2023;16;0,157;R
ES0000000000003289CCPF;25/06/2023;17;0,161;R
ES0000000000003289CCPF;25/06/2023;18;0,094;R
ES0000000000003289CCPF;25/06/2023;19;0,089;R
ES0000000000003289CCPF;25/06/2023;20;0,129;R
ES0000000000003289CCPF;25/06/2023;21;0,157;R
ES0000000000003289CCPF;25/06/2023;22;1,651;R
ES0000000000003289CCPF;25/06/2023;23;0,405;R
ES0000000000003289CCPF;26/06/2023;0;0,311;R
ES0000000000003289CCPF;26/06/2023;1;0,26;R
ES0000000000003289CCPF;26/06/2023;2;0,224;R
ES0000000000003289CCPF;26/06/2023;3;0,221;R
ES0000000000003289CCPF;26/06/2023;4;0,238;R
ES0000000000003289CCPF;26/06/2023;5;0,202;R
ES0000000000003289CCPF;26/06/2023;6;0,126;R
ES0000000000003289CCPF;26/06/2023;7;0,116;R
ES0000000000003289CCPF;26/06/2023;8;0,261;R
ES0000000000003289CCPF;26/06/2023;9;0,3;R
ES0000000000003289CCPF;26/06/2023;10;0,454;R
ES0000000000003289CCPF;26/06/2023;11;0,411;R
ES0000000000003289CCPF;26/06/2023;12;0,732;R
ES0000000000003289CCPF;26/06/2023;13;0,167;R
ES0000000000003289CCPF;26/06/2023;14;0,251;R
ES0000000000003289CCPF;26/06/2023;15;0,252;R
ES0000000000003289CCPF;26/06/2023;16;1,473;R
ES0000000000003289CCPF;26/06/2023;17;0,531;R
ES0000000000003289CCPF;26/06/2023;18;1,492;R
ES0000000000003289CCPF;26/06/2023;19;1,413;R
ES0000000000003289CCPF;26/06/2023;20;1,109;R
ES0000000000003289CCPF;26/06/2023;21;0,243;R
ES0000000000003289CCPF;26/06/2023;22;0,318;R
ES0000000000003289CCPF;26/06/2023;23;0,296;R
ES0000000000003289CCPF;27/06/2023;0;0,331;R
ES0000000000003289CCPF;27/06/2023;1;0,328;R
ES0000000000003289CCPF;27/06/2023;2;0,303;R
ES0000000000003289CCPF;27/06/2023;3;0,62;R
ES0000000000003289CCPF;27/06/2023;4;0,202;R
ES0000000000003289CCPF;27/06/2023;5;0,393;R
ES0000000000003289CCPF;27/06/2023;6;0,722;R
ES0000000000003289CCPF;27/06/2023;7;0,103;R
ES0000000000003289CCPF;27/06/2023;8;0,496;R
ES0000000000003289CCPF;27/06/2023;9;0,305;R
ES0000000000003289CCPF;27/06/2023;10;0,214;R
ES0000000000003289CCPF;27/06/2023;11;0,198;R
ES0000000000003289CCPF;27/06/2023;12;0,233;R
ES0000000000003289CCPF;27/06/2023;13;0,16;R
ES0000000000003289CCPF;27/06/2023;14;0,16;R
ES0000000000003289CCPF;27/06/2023;15;0,219;R
ES0000000000003289CCPF;27/06/2023;16;2,271;R
ES0000000000003289CCPF;27/06/2023;17;1,224;R
ES0000000000003289CCPF;27/06/2023;18;1,22;R
ES0000000000003289CCPF;27/06/2023;19;0,998;R
ES0000000000003289CCPF;27/06/2023;20;0,476;R
ES0000000000003289CCPF;27/06/2023;21;0,209;R
ES0000000000003289CCPF;27/06/2023;22;0,251;R
ES0000000000003289CCPF;27/06/2023;23;0,303;R
ES0000000000003289CCPF;28/06/2023;0;0,314;R
ES0000000000003289CCPF;28/06/2023;1;0,33;R
ES0000000000003289CCPF;28/06/2023;2;0,23;R
ES0000000000003289CCPF;28/06/2023;3;0,188;R
ES0000000000003289CCPF;28/06/2023;4;0,187;R
ES0000000000003289CCPF;28/06/2023;5;0,193;R
ES0000000000003289CCPF;28/06/2023;6;0,18;R
ES0000000000003289CCPF;28/06/2023;7;0,116;R
ES0000000000003289CCPF;28/06/2023;8;0,254;R
ES0000000000003289CCPF;28/06/2023;9;0,258;R
ES0000000000003289CCPF;28/06/2023;10;0,184;R
ES0000000000003289CCPF;28/06/2023;11;0,197;R
ES0000000000003289CCPF;28/06/2023;12;0,286;R
ES0000000000003289CCPF;28/06/2023;13;0,155;R
ES0000000000003289CCPF;28/06/2023;14;0,218;R
ES0000000000003289CCPF;28/06/2023;15;0,158;R
ES0000000000003289CCPF;28/06/2023;16;0,097;R
ES0000000000003289CCPF;28/06/2023;17;1,881;R
ES0000000000003289CCPF;28/06/2023;18;0,277;R
ES0000000000003289CCPF;28/06/2023;19;0,096;R
ES0000000000003289CCPF;28/06/2023;20;0,628;R
ES0000000000003289CCPF;28/06/2023;21;0,805;R
ES0000000000003289CCPF;28/06/2023;22;0,275;R
ES0000000000003289CCPF;28/06/2023;23;0,248;R
ES0000000000003289CCPF;29/06/2023;0;1,095;R
ES0000000000003289CCPF;29/06/2023;1;0,358;R
ES0000000000003289CCPF;29/06/2023;2;0,255;R
ES0000000000003289CCPF;29/06/2023;3;0,167;R
ES0000000000003289CCPF;29/06/2023;4;0,143;R
ES0000000000003289CCPF;29/06/2023;5;0,147;R
ES0000000000003289CCPF;29/06/2023;6;0,094;R
ES0000000000003289CCPF;29/06/2023;7;0,153;R
ES0000000000003289CCPF;29/06/2023;8;0,232;R
ES0000000000003289CCPF;29/06/2023;9;0,312;R
ES0000000000003289CCPF;29/06/2023;10;0,195;R
ES0000000000003289CCPF;29/06/2023;11;0,197;R
ES0000000000003289CCPF;29/06/2023;12;0,151;R
ES0000000000003289CCPF;29/06/2023;13;0,163;R
ES0000000000003289CCPF;29/06/2023;14;0,092;R
ES0000000000003289CCPF;29/06/2023;15;0,252;R
ES0000000000003289CCPF;29/06/2023;16;0,178;R
ES0000000000003289CCPF;29/06/2023;17;1,749;R
ES0000000000003289CCPF;29/06/2023;18;1,054;R
ES0000000000003289CCPF;29/06/2023;19;0,891;R
ES0000000000003289CCPF;29/06/2023;20;0,255;R
ES0000000000003289CCPF;29/06/2023;21;0,152;R
ES0000000000003289CCPF;29/06/2023;22;0,188;R
ES0000000000003289CCPF;29/06/2023;23;0,176;R
ES0000000000003289CCPF;30/06/2023;0;0,286;R
ES0000000000003289CCPF;30/06/2023;1;0,242;R
ES0000000000003289CCPF;30/06/2023;2;0,261;R
ES0000000000003289CCPF;30/06/2023;3;0,214;R
ES0000000000003289CCPF;30/06/2023;4;0,152;R
ES0000000000003289CCPF;30/06/2023;5;0,111;R
ES0000000000003289CCPF;30/06/2023;6;0,136;R
ES0000000000003289CCPF;30/06/2023;7;0,106;R
ES0000000000003289CCPF;30/06/2023;8;0,262;R
ES0000000000003289CCPF;30/06/2023;9;1,191;R
ES0000000000003289CCPF;30/06/2023;10;0,769;R
ES0000000000003289CCPF;30/06/2023;11;0,156;R
ES0000000000003289CCPF;30/06/2023;12;0,179;R
ES0000000000003289CCPF;30/06/2023;13;0,332;R
ES0000000000003289CCPF;30/06/2023;14;0,145;R
ES0000000000003289CCPF;30/06/2023;15;0,098;R
ES0000000000003289CCPF;30/06/2023;16;0,518;R
ES0000000000003289CCPF;30/06/2023;17;0,817;R
ES0000000000003289CCPF;30/06/2023;18;0,494;R
ES0000000000003289CCPF;30/06/2023;19;0,098;R
ES0000000000003289CCPF;30/06/2023;20;0,501;R
ES0000000000003289CCPF;30/06/2023;21;0,384;R
ES0000000000003289CCPF;30/06/2023;22;0,087;R
ES0000000000003289CCPF;30/06/2023;23;0,238;R
ES0000000000003289CCPF;01/07/2023;0;0,167;R
ES0000000000003289CCPF;01/07/2023;1;0,206;R
ES0000000000003289CCPF;01/07/2023;2;0,087;R
ES0000000000003289CCPF;01/07/2023;3;0,143;R
ES0000000000003289CCPF;01/07/2023;4;0,093;R
ES0000000000003289CCPF;01/07/2023;5;0,142;R
ES0000000000003289CCPF;01/07/2023;6;0,088;R
ES0000000000003289CCPF;01/07/2023;7;0,136;R
ES0000000000003289CCPF;01/07/2023;8;0,095;R
ES0000000000003289CCPF;01/07/2023;9;0,133;R
ES0000000000003289CCPF;01/07/2023;10;0,267;R
ES0000000000003289CCPF;01/07/2023;11;0,181;R
ES0000000000003289CCPF;01/07/2023;12;0,312;R
ES0000000000003289CCPF;01/07/2023;13;0,525;R
ES0000000000003289CCPF;01/07/2023;14;0,273;R
ES0000000000003289CCPF;01/07/2023;15;0,637;R
ES0000000000003289CCPF;01/07/2023;16;1,045;R
ES0000000000003289CCPF;01/07/2023;17;0,463;R
ES0000000000003289CCPF;01/07/2023;18;0,217;R
ES0000000000003289CCPF;01/07/2023;19;0,332;R
ES0000000000003289CCPF;01/07/2023;20;0,249;R
ES0000000000003289CCPF;01/07/2023;21;0,223;R
ES0000000000003289CCPF;01/07/2023;22;0,246;R
ES0000000000003289CCPF;01/07/2023;23;0,244;R
ES0000000000003289CCPF;02/07/2023;0;0,138;R
ES0000000000003289CCPF;02/07/2023;1;0,178;R
ES0000000000003289CCPF;02/07/2023;2;0,134;R
ES0000000000003289CCPF;02/07/2023;3;0,212;R
ES0000000000003289CCPF;02/07/2023;4;0,111;R
ES0000000000003289CCPF;02/07/2023;5;0,123;R
ES0000000000003289CCPF;02/07/2023;6;0,113;R
ES0000000000003289CCPF;02/07/2023;7;0,119;R
ES0000000000003289CCPF;02/07/2023;8;0,1;R
ES0000000000003289CCPF;02/07/2023;9;0,137;R
ES0000000000003289CCPF;02/07/2023;10;0,203;R
ES0000000000003289CCPF;02/07/2023;11;0,444;R
ES0000000000003289CCPF;02/07/2023;12;0,252;R
ES0000000000003289CCPF;02/07/2023;13;0,187;R
ES0000000000003289CCPF;02/07/2023;14;0,29;R
ES0000000000003289CCPF;02/07/2023;15;0,083;R
ES0000000000003289CCPF;02/07/2023;16;0,203;R
ES0000000000003289CCPF;02/07/2023;17;0,891;R
ES0000000000003289CCPF;02/07/2023;18;0,77;R
ES0000000000003289CCPF;02/07/2023;19;0,625;R
ES0000000000003289CCPF;02/07/2023;20;0,298;R
ES0000000000003289CCPF;02/07/2023;21;0,36;R
ES0000000000003289CCPF;02/07/2023;22;0,18;R
ES0000000000003289CCPF;02/07/2023;23;0,184;R
ES0000000000003289CCPF;03/07/2023;0;0,121;R
ES0000000000003289CCPF;03/07/2023;1;0,168;R
ES0000000000003289CCPF;03/07/2023;2;0,131;R
ES0000000000003289CCPF;03/07/2023;3;0,143;R
ES0000000000003289CCPF;03/07/2023;4;0,189;R
ES0000000000003289CCPF;03/07/2023;5;0,129;R
ES0000000000003289CCPF;03/07/2023;6;0,153;R
ES0000000000003289CCPF;03/07/2023;7;0,119;R
ES0000000000003289CCPF;03/07/2023;8;0,343;R
ES0000000000003289CCPF;03/07/2023;9;0,18;R
ES0000000000003289CCPF;03/07/2023;10;0,126;R
ES0000000000003289CCPF;03/07/2023;11;0,333;R
ES0000000000003289CCPF;03/07/2023;12;0,268;R
ES0000000000003289CCPF;03/07/2023;13;0,188;R
ES0000000000003289CCPF;03/07/2023;14;0,301;R
ES0000000000003289CCPF;03/07/2023;15;0,237;R
ES0000000000003289CCPF;03/07/2023;16;1,152;R
ES0000000000003289CCPF;03/07/2023;17;0,961;R
ES0000000000003289CCPF;03/07/2023;18;0,839;R
ES0000000000003289CCPF;03/07/2023;19;0,772;R
ES0000000000003289CCPF;03/07/2023;20;0,719;R
ES0000000000003289CCPF;03/07/2023;21;0,671;R
ES0000000000003289CCPF;03/07/2023;22;1,068;R
ES0000000000003289CCPF;03/07/2023;23;1,12;R
ES0000000000003289CCPF;04/07/2023;0;0,272;R
ES0000000000003289CCPF;04/07/2023;1;0,618;R
ES0000000000003289CCPF;04/07/2023;2;0,235;R
ES0000000000003289CCPF;04/07/2023;3;0,632;R
ES0000000000003289CCPF;04/07/2023;4;0,346;R
ES0000000000003289CCPF;04/07/2023;5;0,129;R
ES0000000000003289CCPF;04/07/2023;6;0,167;R
ES0000000000003289CCPF;04/07/2023;7;0,13;R
ES0000000000003289CCPF;04/07/2023;8;0,408;R
ES0000000000003289CCPF;04/07/2023;9;0,329;R
ES0000000000003289CCPF;04/07/2023;10;0,132;R
ES0000000000003289CCPF;04/07/2023;11;0,215;R
ES0000000000003289CCPF;04/07/2023;12;0,129;R
ES0000000000003289CCPF;04/07/2023;13;0,197;R
ES0000000000003289CCPF;04/07/2023;14;0,108;R
ES0000000000003289CCPF;04/07/2023;15;0,161;R
ES0000000000003289CCPF;04/07/2023;16;0,152;R
ES0000000000003289CCPF;04/07/2023;17;0,122;R
ES0000000000003289CCPF;04/07/2023;18;0,222;R
ES0000000000003289CCPF;04/07/2023;19;0,123;R
ES0000000000003289CCPF;04/07/2023;20;0,12;R
ES0000000000003289CCPF;04/07/2023;21;0,235;R
ES0000000000003289CCPF;04/07/2023;22;0,174;R
ES0000000000003289CCPF;04/07/2023;23;0,16;R
ES0000000000003289CCPF;05/07/2023;0;0,256;R
ES0000000000003289CCPF;05/07/2023;1;0,43;R
ES0000000000003289CCPF;05/07/2023;2;0,15;R
ES0000000000003289CCPF;05/07/2023;3;0,122;R
ES0000000000003289CCPF;05/07/2023;4;0,128;R
ES0000000000003289CCPF;05/07/2023;5;0,131;R
ES0000000000003289CCPF;05/07/2023;6;0,118;R
ES0000000000003289CCPF;05/07/2023;7;0,131;R
ES0000000000003289CCPF;05/07/2023;8;0,325;R
ES0000000000003289CCPF;05/07/2023;9;0,294;R
ES0000000000003289CCPF;05/07/2023;10;0,158;R
ES0000000000003289CCPF;05/07/2023;11;0,126;R
ES0000000000003289CCPF;05/07/2023;12;0,135;R
ES0000000000003289CCPF;05/07/2023;13;0,11;R
ES0000000000003289CCPF;05/07/2023;14;0,144;R
ES0000000000003289CCPF;05/07/2023;15;0,112;R
ES0000000000003289CCPF;05/07/2023;16;0,215;R
ES0000000000003289CCPF;05/07/2023;17;0,794;R
ES0000000000003289CCPF;05/07/2023;18;0,453;R
ES0000000000003289CCPF;05/07/2023;19;0,753;R
ES0000000000003289CCPF;05/07/2023;20;0,226;R
ES0000000000003289CCPF;05/07/2023;21;0,186;R
ES0000000000003289CCPF;05/07/2023;22;0,211;R
ES0000000000003289CCPF;05/07/2023;23;0,127;R
ES0000000000003289CCPF;06/07/2023;0;0,18;R
ES0000000000003289CCPF;06/07/2023;1;0,186;R
ES0000000000003289CCPF;06/07/2023;2;0,139;R
ES0000000000003289CCPF;06/07/2023;3;0,118;R
ES0000000000003289CCPF;06/07/2023;4;0,118;R
ES0000000000003289CCPF;06/07/2023;5;0,138;R
ES0000000000003289CCPF;06/07/2023;6;0,089;R
ES0000000000003289CCPF;06/07/2023;7;0,135;R
ES0000000000003289CCPF;06/07/2023;8;0,25;R
ES0000000000003289CCPF;06/07/2023;9;0,668;R
ES0000000000003289CCPF;06/07/2023;10;0,289;R
ES0000000000003289CCPF;06/07/2023;11;0,17;R
ES0000000000003289CCPF;06/07/2023;12;0,172;R
ES0000000000003289CCPF;06/07/2023;13;0,134;R
ES0000000000003289CCPF;06/07/2023;14;0,156;R
ES0000000000003289CCPF;06/07/2023;15;0,13;R
ES0000000000003289CCPF;06/07/2023;16;0,596;R
ES0000000000003289CCPF;06/07/2023;17;0,968;R
ES0000000000003289CCPF;06/07/2023;18;0,611;R
ES0000000000003289CCPF;06/07/2023;19;0,11;R
ES0000000000003289CCPF;06/07/2023;20;0,124;R
ES0000000000003289CCPF;06/07/2023;21;0,394;R
ES0000000000003289CCPF;06/07/2023;22;0,177;R
ES0000000000003289CCPF;06/07/2023;23;0,277;R
ES0000000000003289CCPF;07/07/2023;0;0,344;R
ES0000000000003289CCPF;07/07/2023;1;0,309;R
ES0000000000003289CCPF;07/07/2023;2;0,525;R
ES0000000000003289CCPF;07/07/2023;3;0,421;R
ES0000000000003289CCPF;07/07/2023;4;0,145;R
ES0000000000003289CCPF;07/07/2023;5;0,209;R
ES0000000000003289CCPF;07/07/2023;6;0,131;R
ES0000000000003289CCPF;07/07/2023;7;0,174;R
ES0000000000003289CCPF;07/07/2023;8;0,57;R
ES0000000000003289CCPF;07/07/2023;9;1,281;R
ES0000000000003289CCPF;07/07/2023;10;0,314;R
ES0000000000003289CCPF;07/07/2023;11;0,236;R
ES0000000000003289CCPF;07/07/2023;12;0,138;R
ES0000000000003289CCPF;07/07/2023;13;0,209;R
ES0000000000003289CCPF;07/07/2023;14;0,126;R
ES0000000000003289CCPF;07/07/2023;15;0,165;R
ES0000000000003289CCPF;07/07/2023;16;0,24;R
ES0000000000003289CCPF;07/07/2023;17;1,045;R
ES0000000000003289CCPF;07/07/2023;18;0,867;R
ES0000000000003289CCPF;07/07/2023;19;0,182;R
ES0000000000003289CCPF;07/07/2023;20;0,1;R
ES0000000000003289CCPF;07/07/2023;21;0,136;R
ES0000000000003289CCPF;07/07/2023;22;0,195;R
ES0000000000003289CCPF;07/07/2023;23;0,205;R
ES0000000000003289CCPF;08/07/2023;0;0,225;R
ES0000000000003289CCPF;08/07/2023;1;0,146;R
ES0000000000003289CCPF;08/07/2023;2;0,146;R
ES0000000000003289CCPF;08/07/2023;3;0,156;R
ES0000000000003289CCPF;08/07/2023;4;0,139;R
ES0000000000003289CCPF;08/07/2023;5;0,126;R
ES0000000000003289CCPF;08/07/2023;6;0,121;R
ES0000000000003289CCPF;08/07/2023;7;0,114;R
ES0000000000003289CCPF;08/07/2023;8;0,124;R
ES0000000000003289CCPF;08/07/2023;9;0,107;R
ES0000000000003289CCPF;08/07/2023;10;0,323;R
ES0000000000003289CCPF;08/07/2023;11;0,283;R
ES0000000000003289CCPF;08/07/2023;12;0,237;R
ES0000000000003289CCPF;08/07/2023;13;0,141;R
ES0000000000003289CCPF;08/07/2023;14;0,797;R
ES0000000000003289CCPF;08/07/2023;15;0,582;R
ES0000000000003289CCPF;08/07/2023;16;0,199;R
ES0000000000003289CCPF;08/07/2023;17;0,723;R
ES0000000000003289CCPF;08/07/2023;18;0,628;R
ES0000000000003289CCPF;08/07/2023;19;0,194;R
ES0000000000003289CCPF;08/07/2023;20;0,173;R
ES0000000000003289CCPF;08/07/2023;21;0,405;R
ES0000000000003289CCPF;08/07/2023;22;0,85;R
ES0000000000003289CCPF;08/07/2023;23;0,32;R
ES0000000000003289CCPF;09/07/2023;0;0,243;R
ES0000000000003289CCPF;09/07/2023;1;0,141;R
ES0000000000003289CCPF;09/07/2023;2;0,166;R
ES0000000000003289CCPF;09/07/2023;3;0,13;R
ES0000000000003289CCPF;09/07/2023;4;0,161;R
ES0000000000003289CCPF;09/07/2023;5;0,132;R
ES0000000000003289CCPF;09/07/2023;6;0,162;R
ES0000000000003289CCPF;09/07/2023;7;0,132;R
ES0000000000003289CCPF;09/07/2023;8;0,118;R
ES0000000000003289CCPF;09/07/2023;9;0,301;R
ES0000000000003289CCPF;09/07/2023;10;0,264;R
ES0000000000003289CCPF;09/07/2023;11;0,326;R
ES0000000000003289CCPF;09/07/2023;12;0,21;R
ES0000000000003289CCPF;09/07/2023;13;0,105;R
ES0000000000003289CCPF;09/07/2023;14;0,14;R
ES0000000000003289CCPF;09/07/2023;15;0,195;R
ES0000000000003289CCPF;09/07/2023;16;0,208;R
ES0000000000003289CCPF;09/07/2023;17;0,204;R
ES0000000000003289CCPF;09/07/2023;18;0,951;R
ES0000000000003289CCPF;09/07/2023;19;0,361;R
ES0000000000003289CCPF;09/07/2023;20;0,109;R
ES0000000000003289CCPF;09/07/2023;21;0,248;R
ES0000000000003289CCPF;09/07/2023;22;0,297;R
ES0000000000003289CCPF;09/07/2023;23;0,29;R
ES0000000000003289CCPF;10/07/2023;0;0,822;R
ES0000000000003289CCPF;10/07/2023;1;0,331;R
ES0000000000003289CCPF;10/07/2023;2;0,698;R
ES0000000000003289CCPF;10/07/2023;3;0,651;R
ES0000000000003289CCPF;10/07/2023;4;0,183;R
ES0000000000003289CCPF;10/07/2023;5;0,093;R
ES0000000000003289CCPF;10/07/2023;6;0,122;R
ES0000000000003289CCPF;10/07/2023;7;0,146;R
ES0000000000003289CCPF;10/07/2023;8;0,253;R
ES0000000000003289CCPF;10/07/2023;9;0,33;R
ES0000000000003289CCPF;10/07/2023;10;0,192;R
ES0000000000003289CCPF;10/07/2023;11;0,28;R
ES0000000000003289CCPF;10/07/2023;12;0,193;R
ES0000000000003289CCPF;10/07/2023;13;0,252;R
ES0000000000003289CCPF;10/07/2023;14;0,28;R
ES0000000000003289CCPF;10/07/2023;15;0,276;R
ES0000000000003289CCPF;10/07/2023;16;1,109;R
ES0000000000003289CCPF;10/07/2023;17;0,777;R
ES0000000000003289CCPF;10/07/2023;18;0,157;R
ES0000000000003289CCPF;10/07/2023;19;0,115;R
ES0000000000003289CCPF;10/07/2023;20;0,147;R
ES0000000000003289CCPF;10/07/2023;21;0,153;R
ES0000000000003289CCPF;10/07/2023;22;0,318;R
ES0000000000003289CCPF;10/07/2023;23;0,577;R
ES0000000000003289CCPF;11/07/2023;0;0,298;R
ES0000000000003289CCPF;11/07/2023;1;0,176;R
ES0000000000003289CCPF;11/07/2023;2;0,118;R
ES0000000000003289CCPF;11/07/2023;3;0,109;R
ES0000000000003289CCPF;11/07/2023;4;0,172;R
ES0000000000003289CCPF;11/07/2023;5;0,112;R
ES0000000000003289CCPF;11/07/2023;6;0,124;R
ES0000000000003289CCPF;11/07/2023;7;0,135;R
ES0000000000003289CCPF;11/07/2023;8;0,189;R
ES0000000000003289CCPF;11/07/2023;9;0,358;R
ES0000000000003289CCPF;11/07/2023;10;0,103;R
ES0000000000003289CCPF;11/07/2023;11;0,26;R
ES0000000000003289CCPF;11/07/2023;12;0,143;R
ES0000000000003289CCPF;11/07/2023;13;0,145;R
ES0000000000003289CCPF;11/07/2023;14;0,302;R
ES0000000000003289CCPF;11/07/2023;15;0,271;R
ES0000000000003289CCPF;11/07/2023;16;1,081;R
ES0000000000003289CCPF;11/07/2023;17;0,945;R
ES0000000000003289CCPF;11/07/2023;18;1,028;R
ES0000000000003289CCPF;11/07/2023;19;0,754;R
ES0000000000003289CCPF;11/07/2023;20;0,082;R
ES0000000000003289CCPF;11/07/2023;21;0,866;R
ES0000000000003289CCPF;11/07/2023;22;0,496;R
ES0000000000003289CCPF;11/07/2023;23;0,25;R
ES0000000000003289CCPF;12/07/2023;0;0,298;R
ES0000000000003289CCPF;12/07/2023;1;0,338;R
ES0000000000003289CCPF;12/07/2023;2;0,643;R
ES0000000000003289CCPF;12/07/2023;3;0,258;R
ES0000000000003289CCPF;12/07/2023;4;0,26;R
ES0000000000003289CCPF;12/07/2023;5;0,694;R
ES0000000000003289CCPF;12/07/2023;6;0,19;R
ES0000000000003289CCPF;12/07/2023;7;0,231;R
ES0000000000003289CCPF;12/07/2023;8;0,335;R
ES0000000000003289CCPF;12/07/2023;9;0,291;R
ES0000000000003289CCPF;12/07/2023;10;0,238;R
ES0000000000003289CCPF;12/07/2023;11;0,164;R
ES0000000000003289CCPF;12/07/2023;12;0,131;R
ES0000000000003289CCPF;12/07/2023;13;0,089;R
ES0000000000003289CCPF;12/07/2023;14;0,176;R
ES0000000000003289CCPF;12/07/2023;15;0,159;R
ES0000000000003289CCPF;12/07/2023;16;0,09;R
ES0000000000003289CCPF;12/07/2023;17;0,307;R
ES0000000000003289CCPF;12/07/2023;18;0,349;R
ES0000000000003289CCPF;12/07/2023;19;0,218;R
ES0000000000003289CCPF;12/07/2023;20;0,085;R
ES0000000000003289CCPF;12/07/2023;21;0,274;R
ES0000000000003289CCPF;12/07/2023;22;0,226;R
ES0000000000003289CCPF;12/07/2023;23;0,429;R
ES0000000000003289CCPF;13/07/2023;0;0,701;R
ES0000000000003289CCPF;13/07/2023;1;0,285;R
ES0000000000003289CCPF;13/07/2023;2;0,236;R
ES0000000000003289CCPF;13/07/2023;3;0,241;R
ES0000000000003289CCPF;13/07/2023;4;0,208;R
ES0000000000003289CCPF;13/07/2023;5;0,156;R
ES0000000000003289CCPF;13/07/2023;6;0,212;R
ES0000000000003289CCPF;13/07/2023;7;0,129;R
ES0000000000003289CCPF;13/07/2023;8;0,277;R
ES0000000000003289CCPF;13/07/2023;9;0,271;R
ES0000000000003289CCPF;13/07/2023;10;0,083;R
ES0000000000003289CCPF;13/07/2023;11;0,147;R
ES0000000000003289CCPF;13/07/2023;12;0,19;R
ES0000000000003289CCPF;13/07/2023;13;0,222;R
ES0000000000003289CCPF;13/07/2023;14;0,576;R
ES0000000000003289CCPF;13/07/2023;15;1,073;R
ES0000000000003289CCPF;13/07/2023;16;0,688;R
ES0000000000003289CCPF;13/07/2023;17;0,66;R
ES0000000000003289CCPF;13/07/2023;18;0,44;R
ES0000000000003289CCPF;13/07/2023;19;0,098;R
ES0000000000003289CCPF;13/07/2023;20;0,239;R
ES0000000000003289CCPF;13/07/2023;21;1,056;R
ES0000000000003289CCPF;13/07/2023;22;0,664;R
ES0000000000003289CCPF;13/07/2023;23;0,165;R
ES0000000000003289CCPF;14/07/2023;0;0,319;R
ES0000000000003289CCPF;14/07/2023;1;0,252;R
ES0000000000003289CCPF;14/07/2023;2;0,194;R
ES0000000000003289CCPF;14/07/2023;3;0,188;R
ES0000000000003289CCPF;14/07/2023;4;0,216;R
ES0000000000003289CCPF;14/07/2023;5;0,156;R
ES0000000000003289CCPF;14/07/2023;6;0,229;R
ES0000000000003289CCPF;14/07/2023;7;0,157;R
ES0000000000003289CCPF;14/07/2023;8;0,298;R
ES0000000000003289CCPF;14/07/2023;9;0,286;R
ES0000000000003289CCPF;14/07/2023;10;0,485;R
ES0000000000003289CCPF;14/07/2023;11;0,251;R
ES0000000000003289CCPF;14/07/2023;12;0,17;R
ES0000000000003289CCPF;14/07/2023;13;0,192;R
ES0000000000003289CCPF;14/07/2023;14;0,223;R
ES0000000000003289CCPF;14/07/2023;15;0,183;R
ES0000000000003289CCPF;14/07/2023;16;0,171;R
ES0000000000003289CCPF;14/07/2023;17;1,021;R
ES0000000000003289CCPF;14/07/2023;18;1,284;R
ES0000000000003289CCPF;14/07/2023;19;0,246;R
ES0000000000003289CCPF;14/07/2023;20;0,195;R
ES0000000000003289CCPF;14/07/2023;21;0,81;R
ES0000000000003289CCPF;14/07/2023;22;0,817;R
ES0000000000003289CCPF;14/07/2023;23;0,324;R
ES0000000000003289CCPF;15/07/2023;0;0,358;R
ES0000000000003289CCPF;15/07/2023;1;0,445;R
ES0000000000003289CCPF;15/07/2023;2;0,738;R
ES0000000000003289CCPF;15/07/2023;3;0,455;R
ES0000000000003289CCPF;15/07/2023;4;0,818;R
ES0000000000003289CCPF;15/07/2023;5;0,22;R
ES0000000000003289CCPF;15/07/2023;6;0,133;R
ES0000000000003289CCPF;15/07/2023;7;0,194;R
ES0000000000003289CCPF;15/07/2023;8;0,15;R
ES0000000000003289CCPF;15/07/2023;9;0,159;R
ES0000000000003289CCPF;15/07/2023;10;0,32;R
ES0000000000003289CCPF;15/07/2023;11;0,231;R
ES0000000000003289CCPF;15/07/2023;12;0,286;R
ES0000000000003289CCPF;15/07/2023;13;0,336;R
ES0000000000003289CCPF;15/07/2023;14;0,241;R
ES0000000000003289CCPF;15/07/2023;15;0,147;R
ES0000000000003289CCPF;15/07/2023;16;0,589;R
ES0000000000003289CCPF;15/07/2023;17;0,913;R
ES0000000000003289CCPF;15/07/2023;18;0,784;R
ES0000000000003289CCPF;15/07/2023;19;0,754;R
ES0000000000003289CCPF;15/07/2023;20;0,337;R
ES0000000000003289CCPF;15/07/2023;21;0,161;R
ES0000000000003289CCPF;15/07/2023;22;0,125;R
ES0000000000003289CCPF;15/07/2023;23;0,09;R
ES0000000000003289CCPF;16/07/2023;0;0,164;R
ES0000000000003289CCPF;16/07/2023;1;0,117;R
ES0000000000003289CCPF;16/07/2023;2;0,103;R
ES0000000000003289CCPF;16/07/2023;3;0,165;R
ES0000000000003289CCPF;16/07/2023;4;0,086;R
ES0000000000003289CCPF;16/07/2023;5;0,12;R
ES0000000000003289CCPF;16/07/2023;6;0,137;R
ES0000000000003289CCPF;16/07/2023;7;0,092;R
ES0000000000003289CCPF;16/07/2023;8;0,159;R
ES0000000000003289CCPF;16/07/2023;9;0,085;R
ES0000000000003289CCPF;16/07/2023;10;0,12;R
ES0000000000003289CCPF;16/07/2023;11;0,134;R
ES0000000000003289CCPF;16/07/2023;12;0,091;R
ES0000000000003289CCPF;16/07/2023;13;0,162;R
ES0000000000003289CCPF;16/07/2023;14;0,085;R
ES0000000000003289CCPF;16/07/2023;15;0,124;R
ES0000000000003289CCPF;16/07/2023;16;0,147;R
ES0000000000003289CCPF;16/07/2023;17;0,093;R
ES0000000000003289CCPF;16/07/2023;18;0,156;R
ES0000000000003289CCPF;16/07/2023;19;0,12;R
ES0000000000003289CCPF;16/07/2023;20;0,333;R
ES0000000000003289CCPF;16/07/2023;21;0,932;R
ES0000000000003289CCPF;16/07/2023;22;0,368;R
ES0000000000003289CCPF;16/07/2023;23;0,604;R
ES0000000000003289CCPF;17/07/2023;0;0,278;R
ES0000000000003289CCPF;17/07/2023;1;0,309;R
ES0000000000003289CCPF;17/07/2023;2;0,259;R
ES0000000000003289CCPF;17/07/2023;3;0,108;R
ES0000000000003289CCPF;17/07/2023;4;0,168;R
ES0000000000003289CCPF;17/07/2023;5;0,1;R
ES0000000000003289CCPF;17/07/2023;6;0,144;R
ES0000000000003289CCPF;17/07/2023;7;0,111;R
ES0000000000003289CCPF;17/07/2023;8;0,297;R
ES0000000000003289CCPF;17/07/2023;9;0,292;R
ES0000000000003289CCPF;17/07/2023;10;0,091;R
ES0000000000003289CCPF;17/07/2023;11;0,264;R
ES0000000000003289CCPF;17/07/2023;12;0,09;R
ES0000000000003289CCPF;17/07/2023;13;0,169;R
ES0000000000003289CCPF;17/07/2023;14;0,386;R
ES0000000000003289CCPF;17/07/2023;15;0,982;R
ES0000000000003289CCPF;17/07/2023;16;0,996;R
ES0000000000003289CCPF;17/07/2023;17;0,831;R
ES0000000000003289CCPF;17/07/2023;18;0,819;R
ES0000000000003289CCPF;17/07/2023;19;0,167;R
ES0000000000003289CCPF;17/07/2023;20;0,902;R
ES0000000000003289CCPF;17/07/2023;21;0,846;R
ES0000000000003289CCPF;17/07/2023;22;0,222;R
ES0000000000003289CCPF;17/07/2023;23;0,617;R
ES0000000000003289CCPF;18/07/2023;0;0,317;R
ES0000000000003289CCPF;18/07/2023;1;0,197;R
ES0000000000003289CCPF;18/07/2023;2;0,167;R
ES0000000000003289CCPF;18/07/2023;3;0,21;R
ES0000000000003289CCPF;18/07/2023;4;0,151;R
ES0000000000003289CCPF;18/07/2023;5;0,16;R
ES0000000000003289CCPF;18/07/2023;6;0,202;R
ES0000000000003289CCPF;18/07/2023;7;0,131;R
ES0000000000003289CCPF;18/07/2023;8;0,331;R
ES0000000000003289CCPF;18/07/2023;9;0,277;R
ES0000000000003289CCPF;18/07/2023;10;0,214;R
ES0000000000003289CCPF;18/07/2023;11;0,126;R
ES0000000000003289CCPF;18/07/2023;12;0,139;R
ES0000000000003289CCPF;18/07/2023;13;0,231;R
ES0000000000003289CCPF;18/07/2023;14;1,033;R
ES0000000000003289CCPF;18/07/2023;15;0,876;R
ES0000000000003289CCPF;18/07/2023;16;0,922;R
ES0000000000003289CCPF;18/07/2023;17;0,841;R
ES0000000000003289CCPF;18/07/2023;18;0,612;R
ES0000000000003289CCPF;18/07/2023;19;0,191;R
ES0000000000003289CCPF;18/07/2023;20;0,178;R
ES0000000000003289CCPF;18/07/2023;21;0,091;R
ES0000000000003289CCPF;18/07/2023;22;0,932;R
ES0000000000003289CCPF;18/07/2023;23;1,167;R
ES0000000000003289CCPF;19/07/2023;0;0,923;R
ES0000000000003289CCPF;19/07/2023;1;0,373;R
ES0000000000003289CCPF;19/07/2023;2;0,521;R
ES0000000000003289CCPF;19/07/2023;3;0,388;R
ES0000000000003289CCPF;19/07/2023;4;0,349;R
ES0000000000003289CCPF;19/07/2023;5;0,965;R
ES0000000000003289CCPF;19/07/2023;6;0,228;R
ES0000000000003289CCPF;19/07/2023;7;0,207;R
ES0000000000003289CCPF;19/07/2023;8;0,307;R
ES0000000000003289CCPF;19/07/2023;9;0,328;R
ES0000000000003289CCPF;19/07/2023;10;0,172;R
ES0000000000003289CCPF;19/07/2023;11;0,268;R
ES0000000000003289CCPF;19/07/2023;12;0,191;R
ES0000000000003289CCPF;19/07/2023;13;0,18;R
ES0000000000003289CCPF;19/07/2023;14;0,362;R
ES0000000000003289CCPF;19/07/2023;15;0,963;R
ES0000000000003289CCPF;19/07/2023;16;0,978;R
ES0000000000003289CCPF;19/07/2023;17;0,89;R
ES0000000000003289CCPF;19/07/2023;18;0,18;R
ES0000000000003289CCPF;19/07/2023;19;0,171;R
ES0000000000003289CCPF;19/07/2023;20;0,148;R
ES0000000000003289CCPF;19/07/2023;21;1,045;R
ES0000000000003289CCPF;19/07/2023;22;0,342;R
ES0000000000003289CCPF;19/07/2023;23;0,262;R
ES0000000000003289CCPF;20/07/2023;0;0,923;R
ES0000000000003289CCPF;20/07/2023;1;0,291;R
ES0000000000003289CCPF;20/07/2023;2;0,163;R
ES0000000000003289CCPF;20/07/2023;3;0,208;R
ES0000000000003289CCPF;20/07/2023;4;0,189;R
ES0000000000003289CCPF;20/07/2023;5;0,141;R
ES0000000000003289CCPF;20/07/2023;6;0,182;R
ES0000000000003289CCPF;20/07/2023;7;0,157;R
ES0000000000003289CCPF;20/07/2023;8;0,345;R
ES0000000000003289CCPF;20/07/2023;9;0,273;R
ES0000000000003289CCPF;20/07/2023;10;0,486;R
ES0000000000003289CCPF;20/07/2023;11;0,146;R
ES0000000000003289CCPF;20/07/2023;12;0,198;R
ES0000000000003289CCPF;20/07/2023;13;0,137;R
ES0000000000003289CCPF;20/07/2023;14;0,136;R
ES0000000000003289CCPF;20/07/2023;15;0,565;R
ES0000000000003289CCPF;20/07/2023;16;1,11;R
ES0000000000003289CCPF;20/07/2023;17;0,899;R
ES0000000000003289CCPF;20/07/2023;18;0,807;R
ES0000000000003289CCPF;20/07/2023;19;0,756;R
ES0000000000003289CCPF;20/07/2023;20;0,753;R
ES0000000000003289CCPF;20/07/2023;21;0,52;R
ES0000000000003289CCPF;20/07/2023;22;0,131;R
ES0000000000003289CCPF;20/07/2023;23;0,334;R
ES0000000000003289CCPF;21/07/2023;0;0,28;R
ES0000000000003289CCPF;21/07/2023;1;0,715;R
ES0000000000003289CCPF;21/07/2023;2;0,28;R
ES0000000000003289CCPF;21/07/2023;3;0,291;R
ES0000000000003289CCPF;21/07/2023;4;0,896;R
ES0000000000003289CCPF;21/07/2023;5;0,217;R
ES0000000000003289CCPF;21/07/2023;6;0,122;R
ES0000000000003289CCPF;21/07/2023;7;0,114;R
ES0000000000003289CCPF;21/07/2023;8;0,187;R
ES0000000000003289CCPF;21/07/2023;9;0,602;R
ES0000000000003289CCPF;21/07/2023;10;0,314;R
ES0000000000003289CCPF;21/07/2023;11;0,199;R
ES0000000000003289CCPF;21/07/2023;12;0,383;R
ES0000000000003289CCPF;21/07/2023;13;0,218;R
ES0000000000003289CCPF;21/07/2023;14;0,254;R
ES0000000000003289CCPF;21/07/2023;15;0,889;R
ES0000000000003289CCPF;21/07/2023;16;0,102;R
ES0000000000003289CCPF;21/07/2023;17;0,112;R
ES0000000000003289CCPF;21/07/2023;18;0,148;R
ES0000000000003289CCPF;21/07/2023;19;0,087;R
ES0000000000003289CCPF;21/07/2023;20;0,157;R
ES0000000000003289CCPF;21/07/2023;21;0,101;R
ES0000000000003289CCPF;21/07/2023;22;0,126;R
ES0000000000003289CCPF;21/07/2023;23;0,119;R
ES0000000000003289CCPF;22/07/2023;0;0,111;R
ES0000000000003289CCPF;22/07/2023;1;0,125;R
ES0000000000003289CCPF;22/07/2023;2;0,105;R
ES0000000000003289CCPF;22/07/2023;3;0,12;R
ES0000000000003289CCPF;22/07/2023;4;0,092;R
ES0000000000003289CCPF;22/07/2023;5;0,133;R
ES0000000000003289CCPF;22/07/2023;6;0,095;R
ES0000000000003289CCPF;22/07/2023;7;0,132;R
ES0000000000003289CCPF;22/07/2023;8;0,091;R
ES0000000000003289CCPF;22/07/2023;9;0,116;R
ES0000000000003289CCPF;22/07/2023;10;0,104;R
ES0000000000003289CCPF;22/07/2023;11;0,124;R
ES0000000000003289CCPF;22/07/2023;12;0,102;R
ES0000000000003289CCPF;22/07/2023;13;0,115;R
ES0000000000003289CCPF;22/07/2023;14;0,1;R
ES0000000000003289CCPF;22/07/2023;15;0,134;R
ES0000000000003289CCPF;22/07/2023;16;0,097;R
ES0000000000003289CCPF;22/07/2023;17;0,155;R
ES0000000000003289CCPF;22/07/2023;18;0,086;R
ES0000000000003289CCPF;22/07/2023;19;0,153;R
ES0000000000003289CCPF;22/07/2023;20;0,109;R
ES0000000000003289CCPF;22/07/2023;21;0,119;R
ES0000000000003289CCPF;22/07/2023;22;0,131;R
ES0000000000003289CCPF;22/07/2023;23;0,092;R
ES0000000000003289CCPF;23/07/2023;0;0,143;R
ES0000000000003289CCPF;23/07/2023;1;0,077;R
ES0000000000003289CCPF;23/07/2023;2;0,147;R
ES0000000000003289CCPF;23/07/2023;3;0,086;R
ES0000000000003289CCPF;23/07/2023;4;0,151;R
ES0000000000003289CCPF;23/07/2023;5;0,085;R
ES0000000000003289CCPF;23/07/2023;6;0,135;R
ES0000000000003289CCPF;23/07/2023;7;0,081;R
ES0000000000003289CCPF;23/07/2023;8;0,13;R
ES0000000000003289CCPF;23/07/2023;9;0,085;R
ES0000000000003289CCPF;23/07/2023;10;0,137;R
ES0000000000003289CCPF;23/07/2023;11;0,072;R
ES0000000000003289CCPF;23/07/2023;12;0,135;R
ES0000000000003289CCPF;23/07/2023;13;0,086;R
ES0000000000003289CCPF;23/07/2023;14;0,144;R
ES0000000000003289CCPF;23/07/2023;15;0,088;R
ES0000000000003289CCPF;23/07/2023;16;0,161;R
ES0000000000003289CCPF;23/07/2023;17;0,092;R
ES0000000000003289CCPF;23/07/2023;18;0,149;R
ES0000000000003289CCPF;23/07/2023;19;0,958;R
ES0000000000003289CCPF;23/07/2023;20;0,768;R
ES0000000000003289CCPF;23/07/2023;21;1,303;R
ES0000000000003289CCPF;23/07/2023;22;1,791;R
ES0000000000003289CCPF;23/07/2023;23;0,785;R
ES0000000000003289CCPF;24/07/2023;0;0,281;R
ES0000000000003289CCPF;24/07/2023;1;0,799;R
ES0000000000003289CCPF;24/07/2023;2;0,253;R
ES0000000000003289CCPF;24/07/2023;3;0,17;R
ES0000000000003289CCPF;24/07/2023;4;0,145;R
ES0000000000003289CCPF;24/07/2023;5;0,175;R
ES0000000000003289CCPF;24/07/2023;6;0,131;R
ES0000000000003289CCPF;24/07/2023;7;0,181;R
ES0000000000003289CCPF;24/07/2023;8;0,295;R
ES0000000000003289CCPF;24/07/2023;9;0,242;R
ES0000000000003289CCPF;24/07/2023;10;0,272;R
ES0000000000003289CCPF;24/07/2023;11;0,297;R
ES0000000000003289CCPF;24/07/2023;12;0,329;R
ES0000000000003289CCPF;24/07/2023;13;0,145;R
ES0000000000003289CCPF;24/07/2023;14;0,202;R
ES0000000000003289CCPF;24/07/2023;15;0,739;R
ES0000000000003289CCPF;24/07/2023;16;0,418;R
ES0000000000003289CCPF;24/07/2023;17;0,923;R
ES0000000000003289CCPF;24/07/2023;18;0,564;R
ES0000000000003289CCPF;24/07/2023;19;0,105;R
ES0000000000003289CCPF;24/07/2023;20;0,175;R
ES0000000000003289CCPF;24/07/2023;21;0,628;R
ES0000000000003289CCPF;24/07/2023;22;0,35;R
ES0000000000003289CCPF;24/07/2023;23;0,468;R
ES0000000000003289CCPF;25/07/2023;0;0,359;R
ES0000000000003289CCPF;25/07/2023;1;0,169;R
ES0000000000003289CCPF;25/07/2023;2;0,509;R
ES0000000000003289CCPF;25/07/2023;3;0,15;R
ES0000000000003289CCPF;25/07/2023;4;0,661;R
ES0000000000003289CCPF;25/07/2023;5;0,128;R
ES0000000000003289CCPF;25/07/2023;6;0,113;R
ES0000000000003289CCPF;25/07/2023;7;0,088;R
ES0000000000003289CCPF;25/07/2023;8;0,422;R
ES0000000000003289CCPF;25/07/2023;9;0,705;R
ES0000000000003289CCPF;25/07/2023;10;0,147;R
ES0000000000003289CCPF;25/07/2023;11;0,122;R
ES0000000000003289CCPF;25/07/2023;12;0,18;R
ES0000000000003289CCPF;25/07/2023;13;0,086;R
ES0000000000003289CCPF;25/07/2023;14;0,128;R
ES0000000000003289CCPF;25/07/2023;15;0,117;R
ES0000000000003289CCPF;25/07/2023;16;0,117;R
ES0000000000003289CCPF;25/07/2023;17;0,217;R
ES0000000000003289CCPF;25/07/2023;18;0,252;R
ES0000000000003289CCPF;25/07/2023;19;0,108;R
ES0000000000003289CCPF;25/07/2023;20;0,128;R
ES0000000000003289CCPF;25/07/2023;21;0,167;R
ES0000000000003289CCPF;25/07/2023;22;0,147;R
ES0000000000003289CCPF;25/07/2023;23;0,858;R
ES0000000000003289CCPF;26/07/2023;0;0,406;R
ES0000000000003289CCPF;26/07/2023;1;0,245;R
ES0000000000003289CCPF;26/07/2023;2;0,198;R
ES0000000000003289CCPF;26/07/2023;3;0,199;R
ES0000000000003289CCPF;26/07/2023;4;0,153;R
ES0000000000003289CCPF;26/07/2023;5;0,151;R
ES0000000000003289CCPF;26/07/2023;6;0,17;R
ES0000000000003289CCPF;26/07/2023;7;0,291;R
ES0000000000003289CCPF;26/07/2023;8;0,267;R
ES0000000000003289CCPF;26/07/2023;9;0,099;R
ES0000000000003289CCPF;26/07/2023;10;0,138;R
ES0000000000003289CCPF;26/07/2023;11;0,077;R
ES0000000000003289CCPF;26/07/2023;12;0,144;R
ES0000000000003289CCPF;26/07/2023;13;0,086;R
ES0000000000003289CCPF;26/07/2023;14;0,137;R
ES0000000000003289CCPF;26/07/2023;15;0,118;R
ES0000000000003289CCPF;26/07/2023;16;0,519;R
ES0000000000003289CCPF;26/07/2023;17;0,438;R
ES0000000000003289CCPF;26/07/2023;18;0,183;R
ES0000000000003289CCPF;26/07/2023;19;0,092;R
ES0000000000003289CCPF;26/07/2023;20;0,155;R
ES0000000000003289CCPF;26/07/2023;21;0,926;R
ES0000000000003289CCPF;26/07/2023;22;0,424;R
ES0000000000003289CCPF;26/07/2023;23;0,184;R
ES0000000000003289CCPF;27/07/2023;0;0,249;R
ES0000000000003289CCPF;27/07/2023;1;0,334;R
ES0000000000003289CCPF;27/07/2023;2;0,617;R
ES0000000000003289CCPF;27/07/2023;3;0,186;R
ES0000000000003289CCPF;27/07/2023;4;0,701;R
ES0000000000003289CCPF;27/07/2023;5;0,169;R
ES0000000000003289CCPF;27/07/2023;6;0,155;R
ES0000000000003289CCPF;27/07/2023;7;0,145;R
ES0000000000003289CCPF;27/07/2023;8;0,328;R
ES0000000000003289CCPF;27/07/2023;9;0,323;R
ES0000000000003289CCPF;27/07/2023;10;0,21;R
ES0000000000003289CCPF;27/07/2023;11;0,147;R
ES0000000000003289CCPF;27/07/2023;12;0,147;R
ES0000000000003289CCPF;27/07/2023;13;0,188;R
ES0000000000003289CCPF;27/07/2023;14;0,389;R
ES0000000000003289CCPF;27/07/2023;15;0,593;R
ES0000000000003289CCPF;27/07/2023;16;0,172;R
ES0000000000003289CCPF;27/07/2023;17;0,715;R
ES0000000000003289CCPF;27/07/2023;18;0,463;R
ES0000000000003289CCPF;27/07/2023;19;0,168;R
ES0000000000003289CCPF;27/07/2023;20;0,126;R
ES0000000000003289CCPF;27/07/2023;21;0,217;R
ES0000000000003289CCPF;27/07/2023;22;0,169;R
ES0000000000003289CCPF;27/07/2023;23;0,185;R
ES0000000000003289CCPF;28/07/2023;0;0,22;R
ES0000000000003289CCPF;28/07/2023;1;0,181;R
ES0000000000003289CCPF;28/07/2023;2;0,188;R
ES0000000000003289CCPF;28/07/2023;3;0,118;R
ES0000000000003289CCPF;28/07/2023;4;0,188;R
ES0000000000003289CCPF;28/07/2023;5;0,127;R
ES0000000000003289CCPF;28/07/2023;6;0,163;R
ES0000000000003289CCPF;28/07/2023;7;0,117;R
ES0000000000003289CCPF;28/07/2023;8;0,587;R
ES0000000000003289CCPF;28/07/2023;9;0,58;R
ES0000000000003289CCPF;28/07/2023;10;0,331;R
ES0000000000003289CCPF;28/07/2023;11;0,226;R
ES0000000000003289CCPF;28/07/2023;12;0,097;R
ES0000000000003289CCPF;28/07/2023;13;0,121;R
ES0000000000003289CCPF;28/07/2023;14;0,081;R
ES0000000000003289CCPF;28/07/2023;15;0,168;R
ES0000000000003289CCPF;28/07/2023;16;0,136;R
ES0000000000003289CCPF;28/07/2023;17;0,751;R
ES0000000000003289CCPF;28/07/2023;18;0,923;R
ES0000000000003289CCPF;28/07/2023;19;0,71;R
ES0000000000003289CCPF;28/07/2023;20;0,568;R
ES0000000000003289CCPF;28/07/2023;21;1,333;R
ES0000000000003289CCPF;28/07/2023;22;0,215;R
ES0000000000003289CCPF;28/07/2023;23;0,178;R
ES0000000000003289CCPF;29/07/2023;0;0,279;R
ES0000000000003289CCPF;29/07/2023;1;0,314;R
ES0000000000003289CCPF;29/07/2023;2;0,602;R
ES0000000000003289CCPF;29/07/2023;3;0,382;R
ES0000000000003289CCPF;29/07/2023;4;0,14;R
ES0000000000003289CCPF;29/07/2023;5;0,759;R
ES0000000000003289CCPF;29/07/2023;6;0,139;R
ES0000000000003289CCPF;29/07/2023;7;0,182;R
ES0000000000003289CCPF;29/07/2023;8;0,145;R
ES0000000000003289CCPF;29/07/2023;9;0,174;R
ES0000000000003289CCPF;29/07/2023;10;0,297;R
ES0000000000003289CCPF;29/07/2023;11;0,195;R
ES0000000000003289CCPF;29/07/2023;12;0,304;R
ES0000000000003289CCPF;29/07/2023;13;0,317;R
ES0000000000003289CCPF;29/07/2023;14;0,164;R
ES0000000000003289CCPF;29/07/2023;15;0,077;R
ES0000000000003289CCPF;29/07/2023;16;0,132;R
ES0000000000003289CCPF;29/07/2023;17;0,111;R
ES0000000000003289CCPF;29/07/2023;18;0,125;R
ES0000000000003289CCPF;29/07/2023;19;0,127;R
ES0000000000003289CCPF;29/07/2023;20;0,101;R
ES0000000000003289CCPF;29/07/2023;21;0,138;R
ES0000000000003289CCPF;29/07/2023;22;0,108;R
ES0000000000003289CCPF;29/07/2023;23;0,4;R
ES0000000000003289CCPF;30/07/2023;0;0,29;R
ES0000000000003289CCPF;30/07/2023;1;0,156;R
ES0000000000003289CCPF;30/07/2023;2;0,165;R
ES0000000000003289CCPF;30/07/2023;3;0,161;R
ES0000000000003289CCPF;30/07/2023;4;0,167;R
ES0000000000003289CCPF;30/07/2023;5;0,157;R
ES0000000000003289CCPF;30/07/2023;6;0,163;R
ES0000000000003289CCPF;30/07/2023;7;0,141;R
ES0000000000003289CCPF;30/07/2023;8;0,167;R
ES0000000000003289CCPF;30/07/2023;9;0,136;R
ES0000000000003289CCPF;30/07/2023;10;0,375;R
ES0000000000003289CCPF;30/07/2023;11;0,749;R
ES0000000000003289CCPF;30/07/2023;12;0,532;R
ES0000000000003289CCPF;30/07/2023;13;0,8;R
ES0000000000003289CCPF;30/07/2023;14;0,494;R
ES0000000000003289CCPF;30/07/2023;15;0,44;R
ES0000000000003289CCPF;30/07/2023;16;0,137;R
ES0000000000003289CCPF;30/07/2023;17;0,087;R
ES0000000000003289CCPF;30/07/2023;18;0,161;R
ES0000000000003289CCPF;30/07/2023;19;0,085;R
ES0000000000003289CCPF;30/07/2023;20;0,135;R
ES0000000000003289CCPF;30/07/2023;21;0,098;R
ES0000000000003289CCPF;30/07/2023;22;0,15;R
ES0000000000003289CCPF;30/07/2023;23;0,093;R
ES0000000000003289CCPF;31/07/2023;0;0,147;R
ES0000000000003289CCPF;31/07/2023;1;0,08;R
ES0000000000003289CCPF;31/07/2023;2;0,142;R
ES0000000000003289CCPF;31/07/2023;3;0,088;R
ES0000000000003289CCPF;31/07/2023;4;0,148;R
ES0000000000003289CCPF;31/07/2023;5;0,093;R
ES0000000000003289CCPF;31/07/2023;6;0,128;R
ES0000000000003289CCPF;31/07/2023;7;0,099;R
ES0000000000003289CCPF;31/07/2023;8;0,126;R
ES0000000000003289CCPF;31/07/2023;9;0,121;R
ES0000000000003289CCPF;31/07/2023;10;0,108;R
ES0000000000003289CCPF;31/07/2023;11;0,123;R
ES0000000000003289CCPF;31/07/2023;12;0,086;R
ES0000000000003289CCPF;31/07/2023;13;0,146;R
ES0000000000003289CCPF;31/07/2023;14;0,088;R
ES0000000000003289CCPF;31/07/2023;15;0,153;R
ES0000000000003289CCPF;31/07/2023;16;0,082;R
ES0000000000003289CCPF;31/07/2023;17;0,145;R
ES0000000000003289CCPF;31/07/2023;18;0,09;R
ES0000000000003289CCPF;31/07/2023;19;0,159;R
ES0000000000003289CCPF;31/07/2023;20;0,088;R
ES0000000000003289CCPF;31/07/2023;21;0,167;R
ES0000000000003289CCPF;31/07/2023;22;0,09;R
ES0000000000003289CCPF;31/07/2023;23;0,156;R
ES0000000000003289CCPF;01/08/2023;0;0,089;R
ES0000000000003289CCPF;01/08/2023;1;0,141;R
ES0000000000003289CCPF;01/08/2023;2;0,084;R
ES0000000000003289CCPF;01/08/2023;3;0,153;R
ES0000000000003289CCPF;01/08/2023;4;0,088;R
ES0000000000003289CCPF;01/08/2023;5;0,15;R
ES0000000000003289CCPF;01/08/2023;6;0,094;R
ES0000000000003289CCPF;01/08/2023;7;0,141;R
ES0000000000003289CCPF;01/08/2023;8;0,096;R
ES0000000000003289CCPF;01/08/2023;9;0,126;R
ES0000000000003289CCPF;01/08/2023;10;0,11;R
ES0000000000003289CCPF;01/08/2023;11;0,13;R
ES0000000000003289CCPF;01/08/2023;12;0,114;R
ES0000000000003289CCPF;01/08/2023;13;0,122;R
ES0000000000003289CCPF;01/08/2023;14;0,118;R
ES0000000000003289CCPF;01/08/2023;15;0,1;R
ES0000000000003289CCPF;01/08/2023;16;0,131;R
ES0000000000003289CCPF;01/08/2023;17;0,112;R
ES0000000000003289CCPF;01/08/2023;18;0,136;R
ES0000000000003289CCPF;01/08/2023;19;0,123;R
ES0000000000003289CCPF;01/08/2023;20;0,122;R
ES0000000000003289CCPF;01/08/2023;21;0,133;R
ES0000000000003289CCPF;01/08/2023;22;0,112;R
ES0000000000003289CCPF;01/08/2023;23;0,141;R
ES0000000000003289CCPF;02/08/2023;0;0,1;R
ES0000000000003289CCPF;02/08/2023;1;0,14;R
ES0000000000003289CCPF;02/08/2023;2;0,092;R
ES0000000000003289CCPF;02/08/2023;3;0,147;R
ES0000000000003289CCPF;02/08/2023;4;0,092;R
ES0000000000003289CCPF;02/08/2023;5;0,152;R
ES0000000000003289CCPF;02/08/2023;6;0,095;R
ES0000000000003289CCPF;02/08/2023;7;0,142;R
ES0000000000003289CCPF;02/08/2023;8;0,104;R
ES0000000000003289CCPF;02/08/2023;9;0,132;R
ES0000000000003289CCPF;02/08/2023;10;0,114;R
ES0000000000003289CCPF;02/08/2023;11;0,12;R
ES0000000000003289CCPF;02/08/2023;12;0,116;R
ES0000000000003289CCPF;02/08/2023;13;0,112;R
ES0000000000003289CCPF;02/08/2023;14;0,123;R
ES0000000000003289CCPF;02/08/2023;15;0,125;R
ES0000000000003289CCPF;02/08/2023;16;0,121;R
ES0000000000003289CCPF;02/08/2023;17;0,138;R
ES0000000000003289CCPF;02/08/2023;18;0,105;R
ES0000000000003289CCPF;02/08/2023;19;0,155;R
ES0000000000003289CCPF;02/08/2023;20;0,087;R
ES0000000000003289CCPF;02/08/2023;21;0,165;R
ES0000000000003289CCPF;02/08/2023;22;0,098;R
ES0000000000003289CCPF;02/08/2023;23;0,143;R
ES0000000000003289CCPF;03/08/2023;0;0,112;R
ES0000000000003289CCPF;03/08/2023;1;0,128;R
ES0000000000003289CCPF;03/08/2023;2;0,114;R
ES0000000000003289CCPF;03/08/2023;3;0,129;R
ES0000000000003289CCPF;03/08/2023;4;0,112;R
ES0000000000003289CCPF;03/08/2023;5;0,13;R
ES0000000000003289CCPF;03/08/2023;6;0,101;R
ES0000000000003289CCPF;03/08/2023;7;0,133;R
ES0000000000003289CCPF;03/08/2023;8;0,09;R
ES0000000000003289CCPF;03/08/2023;9;0,142;R
ES0000000000003289CCPF;03/08/2023;10;0,087;R
ES0000000000003289CCPF;03/08/2023;11;0,151;R
ES0000000000003289CCPF;03/08/2023;12;0,09;R
ES0000000000003289CCPF;03/08/2023;13;0,146;R
ES0000000000003289CCPF;03/08/2023;14;0,104;R
ES0000000000003289CCPF;03/08/2023;15;0,139;R
ES0000000000003289CCPF;03/08/2023;16;0,099;R
ES0000000000003289CCPF;03/08/2023;17;0,132;R
ES0000000000003289CCPF;03/08/2023;18;0,098;R
ES0000000000003289CCPF;03/08/2023;19;0,155;R
ES0000000000003289CCPF;03/08/2023;20;0,088;R
ES0000000000003289CCPF;03/08/2023;21;0,159;R
ES0000000000003289CCPF;03/08/2023;22;0,087;R
ES0000000000003289CCPF;03/08/2023;23;0,154;R
ES0000000000003289CCPF;04/08/2023;0;0,091;R
ES0000000000003289CCPF;04/08/2023;1;0,145;R
ES0000000000003289CCPF;04/08/2023;2;0,102;R
ES0000000000003289CCPF;04/08/2023;3;0,132;R
ES0000000000003289CCPF;04/08/2023;4;0,11;R
ES0000000000003289CCPF;04/08/2023;5;0,107;R
ES0000000000003289CCPF;04/08/2023;6;0,122;R
ES0000000000003289CCPF;04/08/2023;7;0,098;R
ES0000000000003289CCPF;04/08/2023;8;0,142;R
ES0000000000003289CCPF;04/08/2023;9;0,088;R
ES0000000000003289CCPF;04/08/2023;10;0,128;R
ES0000000000003289CCPF;04/08/2023;11;0,099;R
ES0000000000003289CCPF;04/08/2023;12;0,123;R
ES0000000000003289CCPF;04/08/2023;13;0,125;R
ES0000000000003289CCPF;04/08/2023;14;0,102;R
ES0000000000003289CCPF;04/08/2023;15;0,125;R
ES0000000000003289CCPF;04/08/2023;16;0,088;R
ES0000000000003289CCPF;04/08/2023;17;0,144;R
ES0000000000003289CCPF;04/08/2023;18;0,09;R
ES0000000000003289CCPF;04/08/2023;19;0,165;R
ES0000000000003289CCPF;04/08/2023;20;2,284;R
ES0000000000003289CCPF;04/08/2023;21;0,546;R
ES0000000000003289CCPF;04/08/2023;22;0,236;R
ES0000000000003289CCPF;04/08/2023;23;0,211;R
ES0000000000003289CCPF;05/08/2023;0;0,651;R
ES0000000000003289CCPF;05/08/2023;1;0,555;R
ES0000000000003289CCPF;05/08/2023;2;0,495;R
ES0000000000003289CCPF;05/08/2023;3;0,463;R
ES0000000000003289CCPF;05/08/2023;4;0,332;R
ES0000000000003289CCPF;05/08/2023;5;0,724;R
ES0000000000003289CCPF;05/08/2023;6;0,144;R
ES0000000000003289CCPF;05/08/2023;7;0,116;R
ES0000000000003289CCPF;05/08/2023;8;0,098;R
ES0000000000003289CCPF;05/08/2023;9;0,119;R
ES0000000000003289CCPF;05/08/2023;10;0,114;R
ES0000000000003289CCPF;05/08/2023;11;0,325;R
ES0000000000003289CCPF;05/08/2023;12;0,224;R
ES0000000000003289CCPF;05/08/2023;13;0,333;R
ES0000000000003289CCPF;05/08/2023;14;0,105;R
ES0000000000003289CCPF;05/08/2023;15;0,121;R
ES0000000000003289CCPF;05/08/2023;16;0,119;R
ES0000000000003289CCPF;05/08/2023;17;0,101;R
ES0000000000003289CCPF;05/08/2023;18;0,125;R
ES0000000000003289CCPF;05/08/2023;19;0,076;R
ES0000000000003289CCPF;05/08/2023;20;0,139;R
ES0000000000003289CCPF;05/08/2023;21;0,109;R
ES0000000000003289CCPF;05/08/2023;22;0,102;R
ES0000000000003289CCPF;05/08/2023;23;0,119;R
ES0000000000003289CCPF;06/08/2023;0;0,091;R
ES0000000000003289CCPF;06/08/2023;1;0,133;R
ES0000000000003289CCPF;06/08/2023;2;0,092;R
ES0000000000003289CCPF;06/08/2023;3;0,103;R
ES0000000000003289CCPF;06/08/2023;4;0,133;R
ES0000000000003289CCPF;06/08/2023;5;0,083;R
ES0000000000003289CCPF;06/08/2023;6;0,116;R
ES0000000000003289CCPF;06/08/2023;7;0,107;R
ES0000000000003289CCPF;06/08/2023;8;0,105;R
ES0000000000003289CCPF;06/08/2023;9;0,121;R
ES0000000000003289CCPF;06/08/2023;10;0,076;R
ES0000000000003289CCPF;06/08/2023;11;0,128;R
ES0000000000003289CCPF;06/08/2023;12;0,113;R
ES0000000000003289CCPF;06/08/2023;13;0,081;R
ES0000000000003289CCPF;06/08/2023;14;0,131;R
ES0000000000003289CCPF;06/08/2023;15;0,097;R
ES0000000000003289CCPF;06/08/2023;16;0,107;R
ES0000000000003289CCPF;06/08/2023;17;0,117;R
ES0000000000003289CCPF;06/08/2023;18;0,101;R
ES0000000000003289CCPF;06/08/2023;19;0,143;R
ES0000000000003289CCPF;06/08/2023;20;0,072;R
ES0000000000003289CCPF;06/08/2023;21;0,135;R
ES0000000000003289CCPF;06/08/2023;22;0,1;R
ES0000000000003289CCPF;06/08/2023;23;0,13;R
ES0000000000003289CCPF;07/08/2023;0;0,111;R
ES0000000000003289CCPF;07/08/2023;1;0,094;R
ES0000000000003289CCPF;07/08/2023;2;0,134;R
ES0000000000003289CCPF;07/08/2023;3;0,087;R
ES0000000000003289CCPF;07/08/2023;4;0,134;R
ES0000000000003289CCPF;07/08/2023;5;0,094;R
ES0000000000003289CCPF;07/08/2023;6;0,111;R
ES0000000000003289CCPF;07/08/2023;7;0,132;R
ES0000000000003289CCPF;07/08/2023;8;0,079;R
ES0000000000003289CCPF;07/08/2023;9;0,118;R
ES0000000000003289CCPF;07/08/2023;10;0,109;R
ES0000000000003289CCPF;07/08/2023;11;0,109;R
ES0000000000003289CCPF;07/08/2023;12;0,121;R
ES0000000000003289CCPF;07/08/2023;13;0,077;R
ES0000000000003289CCPF;07/08/2023;14;0,135;R
ES0000000000003289CCPF;07/08/2023;15;0,109;R
ES0000000000003289CCPF;07/08/2023;16;0,095;R
ES0000000000003289CCPF;07/08/2023;17;0,132;R
ES0000000000003289CCPF;07/08/2023;18;0,09;R
ES0000000000003289CCPF;07/08/2023;19;0,147;R
ES0000000000003289CCPF;07/08/2023;20;0,081;R
ES0000000000003289CCPF;07/08/2023;21;0,13;R
ES0000000000003289CCPF;07/08/2023;22;0,107;R
ES0000000000003289CCPF;07/08/2023;23;0,126;R
ES0000000000003289CCPF;08/08/2023;0;0,121;R
ES0000000000003289CCPF;08/08/2023;1;0,1;R
ES0000000000003289CCPF;08/08/2023;2;0,125;R
ES0000000000003289CCPF;08/08/2023;3;0,088;R
ES0000000000003289CCPF;08/08/2023;4;0,141;R
ES0000000000003289CCPF;08/08/2023;5;0,102;R
ES0000000000003289CCPF;08/08/2023;6;0,113;R
ES0000000000003289CCPF;08/08/2023;7;0,112;R
ES0000000000003289CCPF;08/08/2023;8;0,101;R
ES0000000000003289CCPF;08/08/2023;9;0,14;R
ES0000000000003289CCPF;08/08/2023;10;0,083;R
ES0000000000003289CCPF;08/08/2023;11;0,124;R
ES0000000000003289CCPF;08/08/2023;12;0,107;R
ES0000000000003289CCPF;08/08/2023;13;0,117;R
ES0000000000003289CCPF;08/08/2023;14;0,129;R
ES0000000000003289CCPF;08/08/2023;15;0,085;R
ES0000000000003289CCPF;08/08/2023;16;0,134;R
ES0000000000003289CCPF;08/08/2023;17;0,088;R
ES0000000000003289CCPF;08/08/2023;18;0,146;R
ES0000000000003289CCPF;08/08/2023;19;0,105;R
ES0000000000003289CCPF;08/08/2023;20;0,131;R
ES0000000000003289CCPF;08/08/2023;21;0,109;R
ES0000000000003289CCPF;08/08/2023;22;0,111;R
ES0000000000003289CCPF;08/08/2023;23;0,124;R
ES0000000000003289CCPF;09/08/2023;0;0,111;R
ES0000000000003289CCPF;09/08/2023;1;0,139;R
ES0000000000003289CCPF;09/08/2023;2;0,1;R
ES0000000000003289CCPF;09/08/2023;3;0,149;R
ES0000000000003289CCPF;09/08/2023;4;0,079;R
ES0000000000003289CCPF;09/08/2023;5;0,142;R
ES0000000000003289CCPF;09/08/2023;6;0,084;R
ES0000000000003289CCPF;09/08/2023;7;0,144;R
ES0000000000003289CCPF;09/08/2023;8;0,106;R
ES0000000000003289CCPF;09/08/2023;9;0,124;R
ES0000000000003289CCPF;09/08/2023;10;0,113;R
ES0000000000003289CCPF;09/08/2023;11;0,092;R
ES0000000000003289CCPF;09/08/2023;12;0,145;R
ES0000000000003289CCPF;09/08/2023;13;0,089;R
ES0000000000003289CCPF;09/08/2023;14;0,215;R
ES0000000000003289CCPF;09/08/2023;15;0,176;R
ES0000000000003289CCPF;09/08/2023;16;0,306;R
ES0000000000003289CCPF;09/08/2023;17;0,229;R
ES0000000000003289CCPF;09/08/2023;18;0,179;R
ES0000000000003289CCPF;09/08/2023;19;0,166;R
ES0000000000003289CCPF;09/08/2023;20;0,163;R
ES0000000000003289CCPF;09/08/2023;21;0,163;R
ES0000000000003289CCPF;09/08/2023;22;0,093;R
ES0000000000003289CCPF;09/08/2023;23;0,117;R
ES0000000000003289CCPF;10/08/2023;0;0,143;R
ES0000000000003289CCPF;10/08/2023;1;0,096;R
ES0000000000003289CCPF;10/08/2023;2;0,159;R
ES0000000000003289CCPF;10/08/2023;3;0,085;R
ES0000000000003289CCPF;10/08/2023;4;0,158;R
ES0000000000003289CCPF;10/08/2023;5;0,086;R
ES0000000000003289CCPF;10/08/2023;6;0,156;R
ES0000000000003289CCPF;10/08/2023;7;0,086;R
ES0000000000003289CCPF;10/08/2023;8;0,152;R
ES0000000000003289CCPF;10/08/2023;9;0,085;R
ES0000000000003289CCPF;10/08/2023;10;0,153;R
ES0000000000003289CCPF;10/08/2023;11;0,088;R
ES0000000000003289CCPF;10/08/2023;12;0,154;R
ES0000000000003289CCPF;10/08/2023;13;0,09;R
ES0000000000003289CCPF;10/08/2023;14;0,151;R
ES0000000000003289CCPF;10/08/2023;15;0,094;R
ES0000000000003289CCPF;10/08/2023;16;0,162;R
ES0000000000003289CCPF;10/08/2023;17;0,087;R
ES0000000000003289CCPF;10/08/2023;18;0,159;R
ES0000000000003289CCPF;10/08/2023;19;0,105;R
ES0000000000003289CCPF;10/08/2023;20;0,137;R
ES0000000000003289CCPF;10/08/2023;21;0,13;R
ES0000000000003289CCPF;10/08/2023;22;0,11;R
ES0000000000003289CCPF;10/08/2023;23;0,143;R
ES0000000000003289CCPF;11/08/2023;0;0,099;R
ES0000000000003289CCPF;11/08/2023;1;0,148;R
ES0000000000003289CCPF;11/08/2023;2;0,094;R
ES0000000000003289CCPF;11/08/2023;3;0,149;R
ES0000000000003289CCPF;11/08/2023;4;0,094;R
ES0000000000003289CCPF;11/08/2023;5;0,147;R
ES0000000000003289CCPF;11/08/2023;6;0,098;R
ES0000000000003289CCPF;11/08/2023;7;0,142;R
ES0000000000003289CCPF;11/08/2023;8;0,101;R
ES0000000000003289CCPF;11/08/2023;9;0,133;R
ES0000000000003289CCPF;11/08/2023;10;0,109;R
ES0000000000003289CCPF;11/08/2023;11;0,126;R
ES0000000000003289CCPF;11/08/2023;12;0,12;R
ES0000000000003289CCPF;11/08/2023;13;0,14;R
ES0000000000003289CCPF;11/08/2023;14;0,187;R
ES0000000000003289CCPF;11/08/2023;15;0,128;R
ES0000000000003289CCPF;11/08/2023;16;0,113;R
ES0000000000003289CCPF;11/08/2023;17;0,142;R
ES0000000000003289CCPF;11/08/2023;18;0,099;R
ES0000000000003289CCPF;11/08/2023;19;0,163;R
ES0000000000003289CCPF;11/08/2023;20;0,093;R
ES0000000000003289CCPF;11/08/2023;21;0,148;R
ES0000000000003289CCPF;11/08/2023;22;0,127;R
ES0000000000003289CCPF;11/08/2023;23;0,117;R
ES0000000000003289CCPF;12/08/2023;0;0,152;R
ES0000000000003289CCPF;12/08/2023;1;0,093;R
ES0000000000003289CCPF;12/08/2023;2;0,169;R
ES0000000000003289CCPF;12/08/2023;3;0,088;R
ES0000000000003289CCPF;12/08/2023;4;0,158;R
ES0000000000003289CCPF;12/08/2023;5;0,096;R
ES0000000000003289CCPF;12/08/2023;6;0,148;R
ES0000000000003289CCPF;12/08/2023;7;0,098;R
ES0000000000003289CCPF;12/08/2023;8;0,142;R
ES0000000000003289CCPF;12/08/2023;9;0,096;R
ES0000000000003289CCPF;12/08/2023;10;0,146;R
ES0000000000003289CCPF;12/08/2023;11;0,093;R
ES0000000000003289CCPF;12/08/2023;12;0,152;R
ES0000000000003289CCPF;12/08/2023;13;0,094;R
ES0000000000003289CCPF;12/08/2023;14;0,157;R
ES0000000000003289CCPF;12/08/2023;15;0,12;R
ES0000000000003289CCPF;12/08/2023;16;0,12;R
ES0000000000003289CCPF;12/08/2023;17;0,161;R
ES0000000000003289CCPF;12/08/2023;18;0,086;R
ES0000000000003289CCPF;12/08/2023;19;0,154;R
ES0000000000003289CCPF;12/08/2023;20;0,141;R
ES0000000000003289CCPF;12/08/2023;21;0,095;R
ES0000000000003289CCPF;12/08/2023;22;0,164;R
ES0000000000003289CCPF;12/08/2023;23;0,1;R
ES0000000000003289CCPF;13/08/2023;0;0,155;R
ES0000000000003289CCPF;13/08/2023;1;0,117;R
ES0000000000003289CCPF;13/08/2023;2;0,133;R
ES0000000000003289CCPF;13/08/2023;3;0,124;R
ES0000000000003289CCPF;13/08/2023;4;0,117;R
ES0000000000003289CCPF;13/08/2023;5;0,135;R
ES0000000000003289CCPF;13/08/2023;6;0,106;R
ES0000000000003289CCPF;13/08/2023;7;0,143;R
ES0000000000003289CCPF;13/08/2023;8;0,097;R
ES0000000000003289CCPF;13/08/2023;9;0,151;R
ES0000000000003289CCPF;13/08/2023;10;0,088;R
ES0000000000003289CCPF;13/08/2023;11;0,155;R
ES0000000000003289CCPF;13/08/2023;12;0,086;R
ES0000000000003289CCPF;13/08/2023;13;0,16;R
ES0000000000003289CCPF;13/08/2023;14;0,085;R
ES0000000000003289CCPF;13/08/2023;15;0,163;R
ES0000000000003289CCPF;13/08/2023;16;0,093;R
ES0000000000003289CCPF;13/08/2023;17;0,16;R
ES0000000000003289CCPF;13/08/2023;18;0,114;R
ES0000000000003289CCPF;13/08/2023;19;0,141;R
ES0000000000003289CCPF;13/08/2023;20;0,162;R
ES0000000000003289CCPF;13/08/2023;21;0,09;R
ES0000000000003289CCPF;13/08/2023;22;0,147;R
ES0000000000003289CCPF;13/08/2023;23;0,119;R
ES0000000000003289CCPF;14/08/2023;0;0,124;R
ES0000000000003289CCPF;14/08/2023;1;0,149;R
ES0000000000003289CCPF;14/08/2023;2;0,103;R
ES0000000000003289CCPF;14/08/2023;3;0,161;R
ES0000000000003289CCPF;14/08/2023;4;0,085;R
ES0000000000003289CCPF;14/08/2023;5;0,162;R
ES0000000000003289CCPF;14/08/2023;6;0,092;R
ES0000000000003289CCPF;14/08/2023;7;0,148;R
ES0000000000003289CCPF;14/08/2023;8;0,094;R
ES0000000000003289CCPF;14/08/2023;9;0,148;R
ES0000000000003289CCPF;14/08/2023;10;0,097;R
ES0000000000003289CCPF;14/08/2023;11;0,144;R
ES0000000000003289CCPF;14/08/2023;12;0,101;R
ES0000000000003289CCPF;14/08/2023;13;0,141;R
ES0000000000003289CCPF;14/08/2023;14;0,106;R
ES0000000000003289CCPF;14/08/2023;15;0,137;R
ES0000000000003289CCPF;14/08/2023;16;0,113;R
ES0000000000003289CCPF;14/08/2023;17;0,129;R
ES0000000000003289CCPF;14/08/2023;18;0,141;R
ES0000000000003289CCPF;14/08/2023;19;0,095;R
ES0000000000003289CCPF;14/08/2023;20;0,171;R
ES0000000000003289CCPF;14/08/2023;21;0,099;R
ES0000000000003289CCPF;14/08/2023;22;0,155;R
ES0000000000003289CCPF;14/08/2023;23;0,112;R
ES0000000000003289CCPF;15/08/2023;0;0,133;R
ES0000000000003289CCPF;15/08/2023;1;0,121;R
ES0000000000003289CCPF;15/08/2023;2;0,12;R
ES0000000000003289CCPF;15/08/2023;3;0,129;R
ES0000000000003289CCPF;15/08/2023;4;0,113;R
ES0000000000003289CCPF;15/08/2023;5;0,135;R
ES0000000000003289CCPF;15/08/2023;6;0,106;R
ES0000000000003289CCPF;15/08/2023;7;0,137;R
ES0000000000003289CCPF;15/08/2023;8;0,105;R
ES0000000000003289CCPF;15/08/2023;9;0,131;R
ES0000000000003289CCPF;15/08/2023;10;0,111;R
ES0000000000003289CCPF;15/08/2023;11;0,126;R
ES0000000000003289CCPF;15/08/2023;12;0,117;R
ES0000000000003289CCPF;15/08/2023;13;0,126;R
ES0000000000003289CCPF;15/08/2023;14;0,125;R
ES0000000000003289CCPF;15/08/2023;15;0,136;R
ES0000000000003289CCPF;15/08/2023;16;0,105;R
ES0000000000003289CCPF;15/08/2023;17;0,163;R
ES0000000000003289CCPF;15/08/2023;18;0,094;R
ES0000000000003289CCPF;15/08/2023;19;0,147;R
ES0000000000003289CCPF;15/08/2023;20;0,134;R
ES0000000000003289CCPF;15/08/2023;21;0,101;R
ES0000000000003289CCPF;15/08/2023;22;0,152;R
ES0000000000003289CCPF;15/08/2023;23;0,088;R
ES0000000000003289CCPF;16/08/2023;0;0,169;R
ES0000000000003289CCPF;16/08/2023;1;0,09;R
ES0000000000003289CCPF;16/08/2023;2;0,156;R
ES0000000000003289CCPF;16/08/2023;3;0,095;R
ES0000000000003289CCPF;16/08/2023;4;0,151;R
ES0000000000003289CCPF;16/08/2023;5;0,096;R
ES0000000000003289CCPF;16/08/2023;6;0,149;R
ES0000000000003289CCPF;16/08/2023;7;0,093;R
ES0000000000003289CCPF;16/08/2023;8;0,15;R
ES0000000000003289CCPF;16/08/2023;9;0,086;R
ES0000000000003289CCPF;16/08/2023;10;0,151;R
ES0000000000003289CCPF;16/08/2023;11;0,083;R
ES0000000000003289CCPF;16/08/2023;12;0,153;R
ES0000000000003289CCPF;16/08/2023;13;0,086;R
ES0000000000003289CCPF;16/08/2023;14;0,158;R
ES0000000000003289CCPF;16/08/2023;15;0,085;R
ES0000000000003289CCPF;16/08/2023;16;0,155;R
ES0000000000003289CCPF;16/08/2023;17;0,093;R
ES0000000000003289CCPF;16/08/2023;18;0,151;R
ES0000000000003289CCPF;16/08/2023;19;0,109;R
ES0000000000003289CCPF;16/08/2023;20;0,143;R
ES0000000000003289CCPF;16/08/2023;21;0,126;R
ES0000000000003289CCPF;16/08/2023;22;0,119;R
ES0000000000003289CCPF;16/08/2023;23;0,132;R
ES0000000000003289CCPF;17/08/2023;0;0,11;R
ES0000000000003289CCPF;17/08/2023;1;0,135;R
ES0000000000003289CCPF;17/08/2023;2;0,109;R
ES0000000000003289CCPF;17/08/2023;3;0,133;R
ES0000000000003289CCPF;17/08/2023;4;0,11;R
ES0000000000003289CCPF;17/08/2023;5;0,134;R
ES0000000000003289CCPF;17/08/2023;6;0,109;R
ES0000000000003289CCPF;17/08/2023;7;0,127;R
ES0000000000003289CCPF;17/08/2023;8;0,115;R
ES0000000000003289CCPF;17/08/2023;9;0,121;R
ES0000000000003289CCPF;17/08/2023;10;0,122;R
ES0000000000003289CCPF;17/08/2023;11;0,116;R
ES0000000000003289CCPF;17/08/2023;12;0,127;R
ES0000000000003289CCPF;17/08/2023;13;0,113;R
ES0000000000003289CCPF;17/08/2023;14;0,131;R
ES0000000000003289CCPF;17/08/2023;15;0,111;R
ES0000000000003289CCPF;17/08/2023;16;0,129;R
ES0000000000003289CCPF;17/08/2023;17;0,119;R
ES0000000000003289CCPF;17/08/2023;18;0,127;R
ES0000000000003289CCPF;17/08/2023;19;0,133;R
ES0000000000003289CCPF;17/08/2023;20;0,109;R
ES0000000000003289CCPF;17/08/2023;21;0,155;R
ES0000000000003289CCPF;17/08/2023;22;0,086;R
ES0000000000003289CCPF;17/08/2023;23;0,164;R
ES0000000000003289CCPF;18/08/2023;0;0,095;R
ES0000000000003289CCPF;18/08/2023;1;0,146;R
ES0000000000003289CCPF;18/08/2023;2;0,098;R
ES0000000000003289CCPF;18/08/2023;3;0,144;R
ES0000000000003289CCPF;18/08/2023;4;0,099;R
ES0000000000003289CCPF;18/08/2023;5;0,144;R
ES0000000000003289CCPF;18/08/2023;6;0,096;R
ES0000000000003289CCPF;18/08/2023;7;0,145;R
ES0000000000003289CCPF;18/08/2023;8;0,089;R
ES0000000000003289CCPF;18/08/2023;9;0,145;R
ES0000000000003289CCPF;18/08/2023;10;0,088;R
ES0000000000003289CCPF;18/08/2023;11;0,149;R
ES0000000000003289CCPF;18/08/2023;12;0,096;R
ES0000000000003289CCPF;18/08/2023;13;0,145;R
ES0000000000003289CCPF;18/08/2023;14;0,101;R
ES0000000000003289CCPF;18/08/2023;15;0,137;R
ES0000000000003289CCPF;18/08/2023;16;0,108;R
ES0000000000003289CCPF;18/08/2023;17;0,137;R
ES0000000000003289CCPF;18/08/2023;18;0,109;R
ES0000000000003289CCPF;18/08/2023;19;0,145;R
ES0000000000003289CCPF;18/08/2023;20;0,098;R
ES0000000000003289CCPF;18/08/2023;21;0,156;R
ES0000000000003289CCPF;18/08/2023;22;0,086;R
ES0000000000003289CCPF;18/08/2023;23;0,159;R
ES0000000000003289CCPF;19/08/2023;0;0,086;R
ES0000000000003289CCPF;19/08/2023;1;0,156;R
ES0000000000003289CCPF;19/08/2023;2;0,085;R
ES0000000000003289CCPF;19/08/2023;3;0,153;R
ES0000000000003289CCPF;19/08/2023;4;0,094;R
ES0000000000003289CCPF;19/08/2023;5;0,144;R
ES0000000000003289CCPF;19/08/2023;6;0,102;R
ES0000000000003289CCPF;19/08/2023;7;0,137;R
ES0000000000003289CCPF;19/08/2023;8;0,107;R
ES0000000000003289CCPF;19/08/2023;9;0,124;R
ES0000000000003289CCPF;19/08/2023;10;0,12;R
ES0000000000003289CCPF;19/08/2023;11;0,113;R
ES0000000000003289CCPF;19/08/2023;12;0,132;R
ES0000000000003289CCPF;19/08/2023;13;0,107;R
ES0000000000003289CCPF;19/08/2023;14;0,132;R
ES0000000000003289CCPF;19/08/2023;15;0,099;R
ES0000000000003289CCPF;19/08/2023;16;0,137;R
ES0000000000003289CCPF;19/08/2023;17;0,103;R
ES0000000000003289CCPF;19/08/2023;18;0,142;R
ES0000000000003289CCPF;19/08/2023;19;0,116;R
ES0000000000003289CCPF;19/08/2023;20;0,136;R
ES0000000000003289CCPF;19/08/2023;21;0,141;R
ES0000000000003289CCPF;19/08/2023;22;0,103;R
ES0000000000003289CCPF;19/08/2023;23;0,153;R
ES0000000000003289CCPF;20/08/2023;0;0,088;R
ES0000000000003289CCPF;20/08/2023;1;0,16;R
ES0000000000003289CCPF;20/08/2023;2;0,087;R
ES0000000000003289CCPF;20/08/2023;3;0,158;R
ES0000000000003289CCPF;20/08/2023;4;0,086;R
ES0000000000003289CCPF;20/08/2023;5;0,157;R
ES0000000000003289CCPF;20/08/2023;6;0,086;R
ES0000000000003289CCPF;20/08/2023;7;0,156;R
ES0000000000003289CCPF;20/08/2023;8;0,086;R
ES0000000000003289CCPF;20/08/2023;9;0,149;R
ES0000000000003289CCPF;20/08/2023;10;0,095;R
ES0000000000003289CCPF;20/08/2023;11;0,142;R
ES0000000000003289CCPF;20/08/2023;12;0,102;R
ES0000000000003289CCPF;20/08/2023;13;0,137;R
ES0000000000003289CCPF;20/08/2023;14;0,109;R
ES0000000000003289CCPF;20/08/2023;15;0,136;R
ES0000000000003289CCPF;20/08/2023;16;0,108;R
ES0000000000003289CCPF;20/08/2023;17;0,156;R
ES0000000000003289CCPF;20/08/2023;18;0,085;R
ES0000000000003289CCPF;20/08/2023;19;0,163;R
ES0000000000003289CCPF;20/08/2023;20;0,12;R
ES0000000000003289CCPF;20/08/2023;21;0,118;R
ES0000000000003289CCPF;20/08/2023;22;0,138;R
ES0000000000003289CCPF;20/08/2023;23;0,102;R
ES0000000000003289CCPF;21/08/2023;0;0,152;R
ES0000000000003289CCPF;21/08/2023;1;0,089;R
ES0000000000003289CCPF;21/08/2023;2;0,161;R
ES0000000000003289CCPF;21/08/2023;3;0,089;R
ES0000000000003289CCPF;21/08/2023;4;0,164;R
ES0000000000003289CCPF;21/08/2023;5;0,094;R
ES0000000000003289CCPF;21/08/2023;6;0,153;R
ES0000000000003289CCPF;21/08/2023;7;0,099;R
ES0000000000003289CCPF;21/08/2023;8;0,146;R
ES0000000000003289CCPF;21/08/2023;9;0,097;R
ES0000000000003289CCPF;21/08/2023;10;0,148;R
ES0000000000003289CCPF;21/08/2023;11;0,101;R
ES0000000000003289CCPF;21/08/2023;12;0,145;R
ES0000000000003289CCPF;21/08/2023;13;0,108;R
ES0000000000003289CCPF;21/08/2023;14;0,139;R
ES0000000000003289CCPF;21/08/2023;15;0,116;R
ES0000000000003289CCPF;21/08/2023;16;0,126;R
ES0000000000003289CCPF;21/08/2023;17;0,135;R
ES0000000000003289CCPF;21/08/2023;18;0,107;R
ES0000000000003289CCPF;21/08/2023;19;0,163;R
ES0000000000003289CCPF;21/08/2023;20;0,135;R
ES0000000000003289CCPF;21/08/2023;21;0,117;R
ES0000000000003289CCPF;21/08/2023;22;0,168;R
ES0000000000003289CCPF;21/08/2023;23;0,1;R
ES0000000000003289CCPF;22/08/2023;0;0,139;R
ES0000000000003289CCPF;22/08/2023;1;0,13;R
ES0000000000003289CCPF;22/08/2023;2;0,107;R
ES0000000000003289CCPF;22/08/2023;3;0,157;R
ES0000000000003289CCPF;22/08/2023;4;0,094;R
ES0000000000003289CCPF;22/08/2023;5;0,167;R
ES0000000000003289CCPF;22/08/2023;6;0,105;R
ES0000000000003289CCPF;22/08/2023;7;0,145;R
ES0000000000003289CCPF;22/08/2023;8;0,108;R
ES0000000000003289CCPF;22/08/2023;9;0,133;R
ES0000000000003289CCPF;22/08/2023;10;0,118;R
ES0000000000003289CCPF;22/08/2023;11;0,123;R
ES0000000000003289CCPF;22/08/2023;12;0,131;R
ES0000000000003289CCPF;22/08/2023;13;0,111;R
ES0000000000003289CCPF;22/08/2023;14;0,146;R
ES0000000000003289CCPF;22/08/2023;15;0,094;R
ES0000000000003289CCPF;22/08/2023;16;0,172;R
ES0000000000003289CCPF;22/08/2023;17;0,113;R
ES0000000000003289CCPF;22/08/2023;18;0,144;R
ES0000000000003289CCPF;22/08/2023;19;0,161;R
ES0000000000003289CCPF;22/08/2023;20;0,109;R
ES0000000000003289CCPF;22/08/2023;21;0,135;R
ES0000000000003289CCPF;22/08/2023;22;0,174;R
ES0000000000003289CCPF;22/08/2023;23;0,086;R
ES0000000000003289CCPF;23/08/2023;0;0,155;R
ES0000000000003289CCPF;23/08/2023;1;0,134;R
ES0000000000003289CCPF;23/08/2023;2;0,103;R
ES0000000000003289CCPF;23/08/2023;3;0,178;R
ES0000000000003289CCPF;23/08/2023;4;0,103;R
ES0000000000003289CCPF;23/08/2023;5;0,143;R
ES0000000000003289CCPF;23/08/2023;6;0,124;R
ES0000000000003289CCPF;23/08/2023;7;0,116;R
ES0000000000003289CCPF;23/08/2023;8;0,142;R
ES0000000000003289CCPF;23/08/2023;9;0,098;R
ES0000000000003289CCPF;23/08/2023;10;0,169;R
ES0000000000003289CCPF;23/08/2023;11;0,095;R
ES0000000000003289CCPF;23/08/2023;12;0,162;R
ES0000000000003289CCPF;23/08/2023;13;0,109;R
ES0000000000003289CCPF;23/08/2023;14;0,133;R
ES0000000000003289CCPF;23/08/2023;15;0,137;R
ES0000000000003289CCPF;23/08/2023;16;0,104;R
ES0000000000003289CCPF;23/08/2023;17;0,167;R
ES0000000000003289CCPF;23/08/2023;18;0,184;R
ES0000000000003289CCPF;23/08/2023;19;0,118;R
ES0000000000003289CCPF;23/08/2023;20;0,114;R
ES0000000000003289CCPF;23/08/2023;21;0,163;R
ES0000000000003289CCPF;23/08/2023;22;0,12;R
ES0000000000003289CCPF;23/08/2023;23;0,141;R
ES0000000000003289CCPF;24/08/2023;0;0,135;R
ES0000000000003289CCPF;24/08/2023;1;0,106;R
ES0000000000003289CCPF;24/08/2023;2;0,164;R
ES0000000000003289CCPF;24/08/2023;3;0,113;R
ES0000000000003289CCPF;24/08/2023;4;0,149;R
ES0000000000003289CCPF;24/08/2023;5;0,126;R
ES0000000000003289CCPF;24/08/2023;6;0,114;R
ES0000000000003289CCPF;24/08/2023;7;0,144;R
ES0000000000003289CCPF;24/08/2023;8;0,095;R
ES0000000000003289CCPF;24/08/2023;9;0,175;R
ES0000000000003289CCPF;24/08/2023;10;0,096;R
ES0000000000003289CCPF;24/08/2023;11;0,157;R
ES0000000000003289CCPF;24/08/2023;12;0,106;R
ES0000000000003289CCPF;24/08/2023;13;0,136;R
ES0000000000003289CCPF;24/08/2023;14;0,13;R
ES0000000000003289CCPF;24/08/2023;15;0,109;R
ES0000000000003289CCPF;24/08/2023;16;0,164;R
ES0000000000003289CCPF;24/08/2023;17;0,111;R
ES0000000000003289CCPF;24/08/2023;18;0,151;R
ES0000000000003289CCPF;24/08/2023;19;0,162;R
ES0000000000003289CCPF;24/08/2023;20;0,099;R
ES0000000000003289CCPF;24/08/2023;21;0,155;R
ES0000000000003289CCPF;24/08/2023;22;0,166;R
ES0000000000003289CCPF;24/08/2023;23;0,094;R
ES0000000000003289CCPF;25/08/2023;0;0,144;R
ES0000000000003289CCPF;25/08/2023;1;0,152;R
ES0000000000003289CCPF;25/08/2023;2;0,104;R
ES0000000000003289CCPF;25/08/2023;3;0,166;R
ES0000000000003289CCPF;25/08/2023;4;0,115;R
ES0000000000003289CCPF;25/08/2023;5;0,123;R
ES0000000000003289CCPF;25/08/2023;6;0,138;R
ES0000000000003289CCPF;25/08/2023;7;0,11;R
ES0000000000003289CCPF;25/08/2023;8;0,167;R
ES0000000000003289CCPF;25/08/2023;9;0,086;R
ES0000000000003289CCPF;25/08/2023;10;0,164;R
ES0000000000003289CCPF;25/08/2023;11;0,095;R
ES0000000000003289CCPF;25/08/2023;12;0,177;R
ES0000000000003289CCPF;25/08/2023;13;0,166;R
ES0000000000003289CCPF;25/08/2023;14;0,131;R
ES0000000000003289CCPF;25/08/2023;15;0,11;R
ES0000000000003289CCPF;25/08/2023;16;0,176;R
ES0000000000003289CCPF;25/08/2023;17;0,124;R
ES0000000000003289CCPF;25/08/2023;18;0,116;R
ES0000000000003289CCPF;25/08/2023;19;0,162;R
ES0000000000003289CCPF;25/08/2023;20;0,176;R
ES0000000000003289CCPF;25/08/2023;21;0,086;R
ES0000000000003289CCPF;25/08/2023;22;0,159;R
ES0000000000003289CCPF;25/08/2023;23;0,129;R
ES0000000000003289CCPF;26/08/2023;0;0,112;R
ES0000000000003289CCPF;26/08/2023;1;0,18;R
ES0000000000003289CCPF;26/08/2023;2;0,098;R
ES0000000000003289CCPF;26/08/2023;3;0,141;R
ES0000000000003289CCPF;26/08/2023;4;0,133;R
ES0000000000003289CCPF;26/08/2023;5;0,103;R
ES0000000000003289CCPF;26/08/2023;6;0,168;R
ES0000000000003289CCPF;26/08/2023;7;0,095;R
ES0000000000003289CCPF;26/08/2023;8;0,165;R
ES0000000000003289CCPF;26/08/2023;9;0,101;R
ES0000000000003289CCPF;26/08/2023;10;0,139;R
ES0000000000003289CCPF;26/08/2023;11;0,113;R
ES0000000000003289CCPF;26/08/2023;12;0,128;R
ES0000000000003289CCPF;26/08/2023;13;0,128;R
ES0000000000003289CCPF;26/08/2023;14;0,117;R
ES0000000000003289CCPF;26/08/2023;15;0,159;R
ES0000000000003289CCPF;26/08/2023;16;0,095;R
ES0000000000003289CCPF;26/08/2023;17;0,166;R
ES0000000000003289CCPF;26/08/2023;18;0,109;R
ES0000000000003289CCPF;26/08/2023;19;0,128;R
ES0000000000003289CCPF;26/08/2023;20;0,136;R
ES0000000000003289CCPF;26/08/2023;21;0,094;R
ES0000000000003289CCPF;26/08/2023;22;0,158;R
ES0000000000003289CCPF;26/08/2023;23;0,093;R
ES0000000000003289CCPF;27/08/2023;0;0,153;R
ES0000000000003289CCPF;27/08/2023;1;0,087;R
ES0000000000003289CCPF;27/08/2023;2;0,146;R
ES0000000000003289CCPF;27/08/2023;3;0,094;R
ES0000000000003289CCPF;27/08/2023;4;0,134;R
ES0000000000003289CCPF;27/08/2023;5;0,105;R
ES0000000000003289CCPF;27/08/2023;6;0,116;R
ES0000000000003289CCPF;27/08/2023;7;0,12;R
ES0000000000003289CCPF;27/08/2023;8;0,099;R
ES0000000000003289CCPF;27/08/2023;9;0,134;R
ES0000000000003289CCPF;27/08/2023;10;0,084;R
ES0000000000003289CCPF;27/08/2023;11;0,134;R
ES0000000000003289CCPF;27/08/2023;12;0,086;R
ES0000000000003289CCPF;27/08/2023;13;0,141;R
ES0000000000003289CCPF;27/08/2023;14;0,102;R
ES0000000000003289CCPF;27/08/2023;15;0,125;R
ES0000000000003289CCPF;27/08/2023;16;0,116;R
ES0000000000003289CCPF;27/08/2023;17;0,121;R
ES0000000000003289CCPF;27/08/2023;18;0,243;R
ES0000000000003289CCPF;27/08/2023;19;0,304;R
ES0000000000003289CCPF;27/08/2023;20;0,275;R
ES0000000000003289CCPF;27/08/2023;21;0,176;R
ES0000000000003289CCPF;27/08/2023;22;0,134;R
ES0000000000003289CCPF;27/08/2023;23;0,171;R
ES0000000000003289CCPF;28/08/2023;0;0,364;R
ES0000000000003289CCPF;28/08/2023;1;0,36;R
ES0000000000003289CCPF;28/08/2023;2;0,28;R
ES0000000000003289CCPF;28/08/2023;3;0,108;R
ES0000000000003289CCPF;28/08/2023;4;0,164;R
ES0000000000003289CCPF;28/08/2023;5;0,119;R
ES0000000000003289CCPF;28/08/2023;6;0,091;R
ES0000000000003289CCPF;28/08/2023;7;0,124;R
ES0000000000003289CCPF;28/08/2023;8;0,114;R
ES0000000000003289CCPF;28/08/2023;9;0,557;R
ES0000000000003289CCPF;28/08/2023;10;0,347;R
ES0000000000003289CCPF;28/08/2023;11;0,266;R
ES0000000000003289CCPF;28/08/2023;12;0,245;R
ES0000000000003289CCPF;28/08/2023;13;0,149;R
ES0000000000003289CCPF;28/08/2023;14;0,356;R
ES0000000000003289CCPF;28/08/2023;15;0,419;R
ES0000000000003289CCPF;28/08/2023;16;0,14;R
ES0000000000003289CCPF;28/08/2023;17;0,153;R
ES0000000000003289CCPF;28/08/2023;18;0,164;R
ES0000000000003289CCPF;28/08/2023;19;0,177;R
ES0000000000003289CCPF;28/08/2023;20;0,205;R
ES0000000000003289CCPF;28/08/2023;21;0,501;R
ES0000000000003289CCPF;28/08/2023;22;0,477;R
ES0000000000003289CCPF;28/08/2023;23;0,304;R
ES0000000000003289CCPF;29/08/2023;0;0,261;R
ES0000000000003289CCPF;29/08/2023;1;0,118;R
ES0000000000003289CCPF;29/08/2023;2;0,161;R
ES0000000000003289CCPF;29/08/2023;3;0,073;R
ES0000000000003289CCPF;29/08/2023;4;0,127;R
ES0000000000003289CCPF;29/08/2023;5;0,094;R
ES0000000000003289CCPF;29/08/2023;6;0,118;R
ES0000000000003289CCPF;29/08/2023;7;0,102;R
ES0000000000003289CCPF;29/08/2023;8;0,175;R
ES0000000000003289CCPF;29/08/2023;9;0,303;R
ES0000000000003289CCPF;29/08/2023;10;0,122;R
ES0000000000003289CCPF;29/08/2023;11;0,177;R
ES0000000000003289CCPF;29/08/2023;12;0,074;R
ES0000000000003289CCPF;29/08/2023;13;0,18;R
ES0000000000003289CCPF;29/08/2023;14;0,13;R
ES0000000000003289CCPF;29/08/2023;15;0,101;R
ES0000000000003289CCPF;29/08/2023;16;0,146;R
ES0000000000003289CCPF;29/08/2023;17;0,184;R
ES0000000000003289CCPF;29/08/2023;18;0,168;R
ES0000000000003289CCPF;29/08/2023;19;0,108;R
ES0000000000003289CCPF;29/08/2023;20;0,114;R
ES0000000000003289CCPF;29/08/2023;21;0,27;R
ES0000000000003289CCPF;29/08/2023;22;0,143;R
ES0000000000003289CCPF;29/08/2023;23;0,17;R
ES0000000000003289CCPF;30/08/2023;0;0,11;R
ES0000000000003289CCPF;30/08/2023;1;0,252;R
ES0000000000003289CCPF;30/08/2023;2;0,685;R
ES0000000000003289CCPF;30/08/2023;3;0,22;R
ES0000000000003289CCPF;30/08/2023;4;0,37;R
ES0000000000003289CCPF;30/08/2023;5;0,798;R
ES0000000000003289CCPF;30/08/2023;6;0,161;R
ES0000000000003289CCPF;30/08/2023;7;0,084;R
ES0000000000003289CCPF;30/08/2023;8;0,251;R
ES0000000000003289CCPF;30/08/2023;9;0,199;R
ES0000000000003289CCPF;30/08/2023;10;0,29;R
ES0000000000003289CCPF;30/08/2023;11;0,157;R
ES0000000000003289CCPF;30/08/2023;12;0,131;R
ES0000000000003289CCPF;30/08/2023;13;0,081;R
ES0000000000003289CCPF;30/08/2023;14;0,127;R
ES0000000000003289CCPF;30/08/2023;15;0,128;R
ES0000000000003289CCPF;30/08/2023;16;0,181;R
ES0000000000003289CCPF;30/08/2023;17;0,177;R
ES0000000000003289CCPF;30/08/2023;18;0,195;R
ES0000000000003289CCPF;30/08/2023;19;0,08;R
ES0000000000003289CCPF;30/08/2023;20;0,139;R
ES0000000000003289CCPF;30/08/2023;21;1,314;R
ES0000000000003289CCPF;30/08/2023;22;0,602;R
ES0000000000003289CCPF;30/08/2023;23;0,161;R
ES0000000000003289CCPF;31/08/2023;0;0,154;R
ES0000000000003289CCPF;31/08/2023;1;0,107;R
ES0000000000003289CCPF;31/08/2023;2;0,201;R
ES0000000000003289CCPF;31/08/2023;3;0,095;R
ES0000000000003289CCPF;31/08/2023;4;0,133;R
ES0000000000003289CCPF;31/08/2023;5;0,074;R
ES0000000000003289CCPF;31/08/2023;6;0,137;R
ES0000000000003289CCPF;31/08/2023;7;0,069;R
ES0000000000003289CCPF;31/08/2023;8;0,304;R
ES0000000000003289CCPF;31/08/2023;9;0,616;R
ES0000000000003289CCPF;31/08/2023;10;0,33;R
ES0000000000003289CCPF;31/08/2023;11;0,099;R
ES0000000000003289CCPF;31/08/2023;12;0,121;R
ES0000000000003289CCPF;31/08/2023;13;0,179;R
ES0000000000003289CCPF;31/08/2023;14;0,159;R
ES0000000000003289CCPF;31/08/2023;15;0,177;R
ES0000000000003289CCPF;31/08/2023;16;0,324;R
ES0000000000003289CCPF;31/08/2023;17;0,168;R
ES0000000000003289CCPF;31/08/2023;18;0,219;R
ES0000000000003289CCPF;31/08/2023;19;0,231;R
ES0000000000003289CCPF;31/08/2023;20;0,178;R
ES0000000000003289CCPF;31/08/2023;21;0,222;R
ES0000000000003289CCPF;31/08/2023;22;0,67;R
ES0000000000003289CCPF;31/08/2023;23;0,205;R
ES0000000000003289CCPF;01/09/2023;0;0,159;R
ES0000000000003289CCPF;01/09/2023;1;0,183;R
ES0000000000003289CCPF;01/09/2023;2;0,087;R
ES0000000000003289CCPF;01/09/2023;3;0,118;R
ES0000000000003289CCPF;01/09/2023;4;0,109;R
ES0000000000003289CCPF;01/09/2023;5;0,101;R
ES0000000000003289CCPF;01/09/2023;6;0,108;R
ES0000000000003289CCPF;01/09/2023;7;0,085;R
ES0000000000003289CCPF;01/09/2023;8;0,506;R
ES0000000000003289CCPF;01/09/2023;9;0,545;R
ES0000000000003289CCPF;01/09/2023;10;0,217;R
ES0000000000003289CCPF;01/09/2023;11;0,094;R
ES0000000000003289CCPF;01/09/2023;12;0,114;R
ES0000000000003289CCPF;01/09/2023;13;0,087;R
ES0000000000003289CCPF;01/09/2023;14;0,112;R
ES0000000000003289CCPF;01/09/2023;15;0,104;R
ES0000000000003289CCPF;01/09/2023;16;0,091;R
ES0000000000003289CCPF;01/09/2023;17;0,126;R
ES0000000000003289CCPF;01/09/2023;18;0,087;R
ES0000000000003289CCPF;01/09/2023;19;0,109;R
ES0000000000003289CCPF;01/09/2023;20;0,187;R
ES0000000000003289CCPF;01/09/2023;21;0,131;R
ES0000000000003289CCPF;01/09/2023;22;0,097;R
ES0000000000003289CCPF;01/09/2023;23;0,116;R
ES0000000000003289CCPF;02/09/2023;0;0,121;R
ES0000000000003289CCPF;02/09/2023;1;0,089;R
ES0000000000003289CCPF;02/09/2023;2;0,577;R
ES0000000000003289CCPF;02/09/2023;3;0,11;R
ES0000000000003289CCPF;02/09/2023;4;0,145;R
ES0000000000003289CCPF;02/09/2023;5;0,679;R
ES0000000000003289CCPF;02/09/2023;6;0,122;R
ES0000000000003289CCPF;02/09/2023;7;0,106;R
ES0000000000003289CCPF;02/09/2023;8;0,085;R
ES0000000000003289CCPF;02/09/2023;9;0,131;R
ES0000000000003289CCPF;02/09/2023;10;0,082;R
ES0000000000003289CCPF;02/09/2023;11;0,115;R
ES0000000000003289CCPF;02/09/2023;12;0,101;R
ES0000000000003289CCPF;02/09/2023;13;0,113;R
ES0000000000003289CCPF;02/09/2023;14;0,109;R
ES0000000000003289CCPF;02/09/2023;15;0,081;R
ES0000000000003289CCPF;02/09/2023;16;0,131;R
ES0000000000003289CCPF;02/09/2023;17;0,079;R
ES0000000000003289CCPF;02/09/2023;18;0,112;R
ES0000000000003289CCPF;02/09/2023;19;0,11;R
ES0000000000003289CCPF;02/09/2023;20;0,104;R
ES0000000000003289CCPF;02/09/2023;21;0,109;R
ES0000000000003289CCPF;02/09/2023;22;0,082;R
ES0000000000003289CCPF;02/09/2023;23;0,127;R
ES0000000000003289CCPF;03/09/2023;0;0,074;R
ES0000000000003289CCPF;03/09/2023;1;0,116;R
ES0000000000003289CCPF;03/09/2023;2;0,109;R
ES0000000000003289CCPF;03/09/2023;3;0,084;R
ES0000000000003289CCPF;03/09/2023;4;0,119;R
ES0000000000003289CCPF;03/09/2023;5;0,083;R
ES0000000000003289CCPF;03/09/2023;6;0,109;R
ES0000000000003289CCPF;03/09/2023;7;0,087;R
ES0000000000003289CCPF;03/09/2023;8;0,114;R
ES0000000000003289CCPF;03/09/2023;9;0,096;R
ES0000000000003289CCPF;03/09/2023;10;0,087;R
ES0000000000003289CCPF;03/09/2023;11;0,122;R
ES0000000000003289CCPF;03/09/2023;12;0,066;R
ES0000000000003289CCPF;03/09/2023;13;0,121;R
ES0000000000003289CCPF;03/09/2023;14;0,101;R
ES0000000000003289CCPF;03/09/2023;15;0,208;R
ES0000000000003289CCPF;03/09/2023;16;0,21;R
ES0000000000003289CCPF;03/09/2023;17;0,212;R
ES0000000000003289CCPF;03/09/2023;18;0,184;R
ES0000000000003289CCPF;03/09/2023;19;0,156;R
ES0000000000003289CCPF;03/09/2023;20;0,254;R
ES0000000000003289CCPF;03/09/2023;21;0,344;R
ES0000000000003289CCPF;03/09/2023;22;0,196;R
ES0000000000003289CCPF;03/09/2023;23;0,261;R
ES0000000000003289CCPF;04/09/2023;0;0,216;R
ES0000000000003289CCPF;04/09/2023;1;0,222;R
ES0000000000003289CCPF;04/09/2023;2;0,362;R
ES0000000000003289CCPF;04/09/2023;3;0,217;R
ES0000000000003289CCPF;04/09/2023;4;0,104;R
ES0000000000003289CCPF;04/09/2023;5;0,107;R
ES0000000000003289CCPF;04/09/2023;6;0,118;R
ES0000000000003289CCPF;04/09/2023;7;0,074;R
ES0000000000003289CCPF;04/09/2023;8;0,137;R
ES0000000000003289CCPF;04/09/2023;9;0,269;R
ES0000000000003289CCPF;04/09/2023;10;0,198;R
ES0000000000003289CCPF;04/09/2023;11;0,241;R
ES0000000000003289CCPF;04/09/2023;12;0,153;R
ES0000000000003289CCPF;04/09/2023;13;0,321;R
ES0000000000003289CCPF;04/09/2023;14;0,104;R
ES0000000000003289CCPF;04/09/2023;15;0,165;R
ES0000000000003289CCPF;04/09/2023;16;0,93;R
ES0000000000003289CCPF;04/09/2023;17;0,231;R
ES0000000000003289CCPF;04/09/2023;18;0,249;R
ES0000000000003289CCPF;04/09/2023;19;0,07;R
ES0000000000003289CCPF;04/09/2023;20;0,159;R
ES0000000000003289CCPF;04/09/2023;21;0,337;R
ES0000000000003289CCPF;04/09/2023;22;0,253;R
ES0000000000003289CCPF;04/09/2023;23;0,221;R
ES0000000000003289CCPF;05/09/2023;0;0,225;R
ES0000000000003289CCPF;05/09/2023;1;0,22;R
ES0000000000003289CCPF;05/09/2023;2;0,113;R
ES0000000000003289CCPF;05/09/2023;3;0,106;R
ES0000000000003289CCPF;05/09/2023;4;0,094;R
ES0000000000003289CCPF;05/09/2023;5;0,11;R
ES0000000000003289CCPF;05/09/2023;6;0,088;R
ES0000000000003289CCPF;05/09/2023;7;0,106;R
ES0000000000003289CCPF;05/09/2023;8;0,086;R
ES0000000000003289CCPF;05/09/2023;9;0,298;R
ES0000000000003289CCPF;05/09/2023;10;0,256;R
ES0000000000003289CCPF;05/09/2023;11;0,154;R
ES0000000000003289CCPF;05/09/2023;12;0,171;R
ES0000000000003289CCPF;05/09/2023;13;0,179;R
ES0000000000003289CCPF;05/09/2023;14;0,123;R
ES0000000000003289CCPF;05/09/2023;15;0,124;R
ES0000000000003289CCPF;05/09/2023;16;0,728;R
ES0000000000003289CCPF;05/09/2023;17;0,243;R
ES0000000000003289CCPF;05/09/2023;18;0,232;R
ES0000000000003289CCPF;05/09/2023;19;0,068;R
ES0000000000003289CCPF;05/09/2023;20;0,262;R
ES0000000000003289CCPF;05/09/2023;21;0,524;R
ES0000000000003289CCPF;05/09/2023;22;0,229;R
ES0000000000003289CCPF;05/09/2023;23;0,673;R
ES0000000000003289CCPF;06/09/2023;0;0,819;R
ES0000000000003289CCPF;06/09/2023;1;0,444;R
ES0000000000003289CCPF;06/09/2023;2;0,439;R
ES0000000000003289CCPF;06/09/2023;3;0,182;R
ES0000000000003289CCPF;06/09/2023;4;0,746;R
ES0000000000003289CCPF;06/09/2023;5;0,091;R
ES0000000000003289CCPF;06/09/2023;6;0,155;R
ES0000000000003289CCPF;06/09/2023;7;0,113;R
ES0000000000003289CCPF;06/09/2023;8;0,112;R
ES0000000000003289CCPF;06/09/2023;9;0,453;R
ES0000000000003289CCPF;06/09/2023;10;0,096;R
ES0000000000003289CCPF;06/09/2023;11;0,132;R
ES0000000000003289CCPF;06/09/2023;12;0,067;R
ES0000000000003289CCPF;06/09/2023;13;0,134;R
ES0000000000003289CCPF;06/09/2023;14;0,083;R
ES0000000000003289CCPF;06/09/2023;15;0,12;R
ES0000000000003289CCPF;06/09/2023;16;0,121;R
ES0000000000003289CCPF;06/09/2023;17;0,14;R
ES0000000000003289CCPF;06/09/2023;18;0,101;R
ES0000000000003289CCPF;06/09/2023;19;0,165;R
ES0000000000003289CCPF;06/09/2023;20;0,166;R
ES0000000000003289CCPF;06/09/2023;21;0,234;R
ES0000000000003289CCPF;06/09/2023;22;0,113;R
ES0000000000003289CCPF;06/09/2023;23;0,243;R
ES0000000000003289CCPF;07/09/2023;0;0,287;R
ES0000000000003289CCPF;07/09/2023;1;0,117;R
ES0000000000003289CCPF;07/09/2023;2;0,112;R
ES0000000000003289CCPF;07/09/2023;3;0,119;R
ES0000000000003289CCPF;07/09/2023;4;0,108;R
ES0000000000003289CCPF;07/09/2023;5;0,105;R
ES0000000000003289CCPF;07/09/2023;6;0,113;R
ES0000000000003289CCPF;07/09/2023;7;0,118;R
ES0000000000003289CCPF;07/09/2023;8;0,102;R
ES0000000000003289CCPF;07/09/2023;9;0,433;R
ES0000000000003289CCPF;07/09/2023;10;0,393;R
ES0000000000003289CCPF;07/09/2023;11;0,181;R
ES0000000000003289CCPF;07/09/2023;12;0,18;R
ES0000000000003289CCPF;07/09/2023;13;0,146;R
ES0000000000003289CCPF;07/09/2023;14;0,097;R
ES0000000000003289CCPF;07/09/2023;15;0,145;R
ES0000000000003289CCPF;07/09/2023;16;0,093;R
ES0000000000003289CCPF;07/09/2023;17;0,101;R
ES0000000000003289CCPF;07/09/2023;18;0,095;R
ES0000000000003289CCPF;07/09/2023;19;0,11;R
ES0000000000003289CCPF;07/09/2023;20;0,515;R
ES0000000000003289CCPF;07/09/2023;21;0,23;R
ES0000000000003289CCPF;07/09/2023;22;0,156;R
ES0000000000003289CCPF;07/09/2023;23;0,198;R
ES0000000000003289CCPF;08/09/2023;0;0,245;R
ES0000000000003289CCPF;08/09/2023;1;0,175;R
ES0000000000003289CCPF;08/09/2023;2;0,143;R
ES0000000000003289CCPF;08/09/2023;3;0,082;R
ES0000000000003289CCPF;08/09/2023;4;0,13;R
ES0000000000003289CCPF;08/09/2023;5;0,083;R
ES0000000000003289CCPF;08/09/2023;6;0,118;R
ES0000000000003289CCPF;08/09/2023;7;0,092;R
ES0000000000003289CCPF;08/09/2023;8;0,271;R
ES0000000000003289CCPF;08/09/2023;9;0,282;R
ES0000000000003289CCPF;08/09/2023;10;0,289;R
ES0000000000003289CCPF;08/09/2023;11;0,183;R
ES0000000000003289CCPF;08/09/2023;12;0,11;R
ES0000000000003289CCPF;08/09/2023;13;0,153;R
ES0000000000003289CCPF;08/09/2023;14;0,219;R
ES0000000000003289CCPF;08/09/2023;15;0,628;R
ES0000000000003289CCPF;08/09/2023;16;0,192;R
ES0000000000003289CCPF;08/09/2023;17;0,114;R
ES0000000000003289CCPF;08/09/2023;18;0,345;R
ES0000000000003289CCPF;08/09/2023;19;0,158;R
ES0000000000003289CCPF;08/09/2023;20;0,126;R
ES0000000000003289CCPF;08/09/2023;21;0,187;R
ES0000000000003289CCPF;08/09/2023;22;0,094;R
ES0000000000003289CCPF;08/09/2023;23;0,228;R
ES0000000000003289CCPF;09/09/2023;0;0,196;R
ES0000000000003289CCPF;09/09/2023;1;0,159;R
ES0000000000003289CCPF;09/09/2023;2;0,543;R
ES0000000000003289CCPF;09/09/2023;3;0,135;R
ES0000000000003289CCPF;09/09/2023;4;0,71;R
ES0000000000003289CCPF;09/09/2023;5;0,102;R
ES0000000000003289CCPF;09/09/2023;6;0,114;R
ES0000000000003289CCPF;09/09/2023;7;0,105;R
ES0000000000003289CCPF;09/09/2023;8;0,139;R
ES0000000000003289CCPF;09/09/2023;9;0,162;R
ES0000000000003289CCPF;09/09/2023;10;0,184;R
ES0000000000003289CCPF;09/09/2023;11;0,215;R
ES0000000000003289CCPF;09/09/2023;12;0,285;R
ES0000000000003289CCPF;09/09/2023;13;0,093;R
ES0000000000003289CCPF;09/09/2023;14;0,129;R
ES0000000000003289CCPF;09/09/2023;15;0,101;R
ES0000000000003289CCPF;09/09/2023;16;0,107;R
ES0000000000003289CCPF;09/09/2023;17;0,151;R
ES0000000000003289CCPF;09/09/2023;18;0,128;R
ES0000000000003289CCPF;09/09/2023;19;0,206;R
ES0000000000003289CCPF;09/09/2023;20;0,2;R
ES0000000000003289CCPF;09/09/2023;21;0,148;R
ES0000000000003289CCPF;09/09/2023;22;0,088;R
ES0000000000003289CCPF;09/09/2023;23;0,117;R
ES0000000000003289CCPF;10/09/2023;0;0,182;R
ES0000000000003289CCPF;10/09/2023;1;0,126;R
ES0000000000003289CCPF;10/09/2023;2;0,119;R
ES0000000000003289CCPF;10/09/2023;3;0,088;R
ES0000000000003289CCPF;10/09/2023;4;0,147;R
ES0000000000003289CCPF;10/09/2023;5;0,094;R
ES0000000000003289CCPF;10/09/2023;6;0,121;R
ES0000000000003289CCPF;10/09/2023;7;0,092;R
ES0000000000003289CCPF;10/09/2023;8;0,287;R
ES0000000000003289CCPF;10/09/2023;9;0,15;R
ES0000000000003289CCPF;10/09/2023;10;0,246;R
ES0000000000003289CCPF;10/09/2023;11;0,277;R
ES0000000000003289CCPF;10/09/2023;12;0,088;R
ES0000000000003289CCPF;10/09/2023;13;0,126;R
ES0000000000003289CCPF;10/09/2023;14;0,088;R
ES0000000000003289CCPF;10/09/2023;15;0,126;R
ES0000000000003289CCPF;10/09/2023;16;0,12;R
ES0000000000003289CCPF;10/09/2023;17;1,087;R
ES0000000000003289CCPF;10/09/2023;18;0,193;R
ES0000000000003289CCPF;10/09/2023;19;0,694;R
ES0000000000003289CCPF;10/09/2023;20;0,366;R
ES0000000000003289CCPF;10/09/2023;21;0,238;R
ES0000000000003289CCPF;10/09/2023;22;0,214;R
ES0000000000003289CCPF;10/09/2023;23;0,231;R
ES0000000000003289CCPF;11/09/2023;0;0,296;R
ES0000000000003289CCPF;11/09/2023;1;0,256;R
ES0000000000003289CCPF;11/09/2023;2;0,314;R
ES0000000000003289CCPF;11/09/2023;3;0,318;R
ES0000000000003289CCPF;11/09/2023;4;0,119;R
ES0000000000003289CCPF;11/09/2023;5;0,142;R
ES0000000000003289CCPF;11/09/2023;6;0,076;R
ES0000000000003289CCPF;11/09/2023;7;0,121;R
ES0000000000003289CCPF;11/09/2023;8;0,183;R
ES0000000000003289CCPF;11/09/2023;9;0,309;R
ES0000000000003289CCPF;11/09/2023;10;0,168;R
ES0000000000003289CCPF;11/09/2023;11;0,215;R
ES0000000000003289CCPF;11/09/2023;12;0,21;R
ES0000000000003289CCPF;11/09/2023;13;0,285;R
ES0000000000003289CCPF;11/09/2023;14;0,182;R
ES0000000000003289CCPF;11/09/2023;15;0,457;R
ES0000000000003289CCPF;11/09/2023;16;0,248;R
ES0000000000003289CCPF;11/09/2023;17;0,181;R
ES0000000000003289CCPF;11/09/2023;18;0,142;R
ES0000000000003289CCPF;11/09/2023;19;0,136;R
ES0000000000003289CCPF;11/09/2023;20;0,111;R
ES0000000000003289CCPF;11/09/2023;21;0,087;R
ES0000000000003289CCPF;11/09/2023;22;0,18;R
ES0000000000003289CCPF;11/09/2023;23;0,132;R
ES0000000000003289CCPF;12/09/2023;0;0,172;R
ES0000000000003289CCPF;12/09/2023;1;0,166;R
ES0000000000003289CCPF;12/09/2023;2;0,573;R
ES0000000000003289CCPF;12/09/2023;3;0,127;R
ES0000000000003289CCPF;12/09/2023;4;0,621;R
ES0000000000003289CCPF;12/09/2023;5;0,235;R
ES0000000000003289CCPF;12/09/2023;6;0,071;R
ES0000000000003289CCPF;12/09/2023;7;0,13;R
ES0000000000003289CCPF;12/09/2023;8;0,206;R
ES0000000000003289CCPF;12/09/2023;9;0,369;R
ES0000000000003289CCPF;12/09/2023;10;0,136;R
ES0000000000003289CCPF;12/09/2023;11;0,131;R
ES0000000000003289CCPF;12/09/2023;12;0,144;R
ES0000000000003289CCPF;12/09/2023;13;0,217;R
ES0000000000003289CCPF;12/09/2023;14;0,164;R
ES0000000000003289CCPF;12/09/2023;15;0,087;R
ES0000000000003289CCPF;12/09/2023;16;0,121;R
ES0000000000003289CCPF;12/09/2023;17;0,123;R
ES0000000000003289CCPF;12/09/2023;18;0,088;R
ES0000000000003289CCPF;12/09/2023;19;0,205;R
ES0000000000003289CCPF;12/09/2023;20;0,65;R
ES0000000000003289CCPF;12/09/2023;21;0,35;R
ES0000000000003289CCPF;12/09/2023;22;0,324;R
ES0000000000003289CCPF;12/09/2023;23;0,251;R
ES0000000000003289CCPF;13/09/2023;0;0,287;R
ES0000000000003289CCPF;13/09/2023;1;0,242;R
ES0000000000003289CCPF;13/09/2023;2;0,092;R
ES0000000000003289CCPF;13/09/2023;3;0,163;R
ES0000000000003289CCPF;13/09/2023;4;0,084;R
ES0000000000003289CCPF;13/09/2023;5;0,144;R
ES0000000000003289CCPF;13/09/2023;6;0,08;R
ES0000000000003289CCPF;13/09/2023;7;0,123;R
ES0000000000003289CCPF;13/09/2023;8;0,633;R
ES0000000000003289CCPF;13/09/2023;9;0,277;R
ES0000000000003289CCPF;13/09/2023;10;0,622;R
ES0000000000003289CCPF;13/09/2023;11;0,155;R
ES0000000000003289CCPF;13/09/2023;12;0,141;R
ES0000000000003289CCPF;13/09/2023;13;0,146;R
ES0000000000003289CCPF;13/09/2023;14;0,236;R
ES0000000000003289CCPF;13/09/2023;15;0,125;R
ES0000000000003289CCPF;13/09/2023;16;0,324;R
ES0000000000003289CCPF;13/09/2023;17;0,253;R
ES0000000000003289CCPF;13/09/2023;18;0,17;R
ES0000000000003289CCPF;13/09/2023;19;0,084;R
ES0000000000003289CCPF;13/09/2023;20;0,15;R
ES0000000000003289CCPF;13/09/2023;21;0,308;R
ES0000000000003289CCPF;13/09/2023;22;0,233;R
ES0000000000003289CCPF;13/09/2023;23;0,103;R
ES0000000000003289CCPF;14/09/2023;0;0,136;R
ES0000000000003289CCPF;14/09/2023;1;0,12;R
ES0000000000003289CCPF;14/09/2023;2;0,131;R
ES0000000000003289CCPF;14/09/2023;3;0,103;R
ES0000000000003289CCPF;14/09/2023;4;0,105;R
ES0000000000003289CCPF;14/09/2023;5;0,143;R
ES0000000000003289CCPF;14/09/2023;6;0,08;R
ES0000000000003289CCPF;14/09/2023;7;0,122;R
ES0000000000003289CCPF;14/09/2023;8;0,177;R
ES0000000000003289CCPF;14/09/2023;9;0,332;R
ES0000000000003289CCPF;14/09/2023;10;0,15;R
ES0000000000003289CCPF;14/09/2023;11;0,161;R
ES0000000000003289CCPF;14/09/2023;12;0,204;R
ES0000000000003289CCPF;14/09/2023;13;0,178;R
ES0000000000003289CCPF;14/09/2023;14;0,15;R
ES0000000000003289CCPF;14/09/2023;15;0,097;R
ES0000000000003289CCPF;14/09/2023;16;0,318;R
ES0000000000003289CCPF;14/09/2023;17;0,091;R
ES0000000000003289CCPF;14/09/2023;18;0,135;R
ES0000000000003289CCPF;14/09/2023;19;0,104;R
ES0000000000003289CCPF;14/09/2023;20;0,226;R
ES0000000000003289CCPF;14/09/2023;21;0,705;R
ES0000000000003289CCPF;14/09/2023;22;0,701;R
ES0000000000003289CCPF;14/09/2023;23;0,782;R
ES0000000000003289CCPF;15/09/2023;0;0,249;R
ES0000000000003289CCPF;15/09/2023;1;0,661;R
ES0000000000003289CCPF;15/09/2023;2;0,358;R
ES0000000000003289CCPF;15/09/2023;3;0,292;R
ES0000000000003289CCPF;15/09/2023;4;0,735;R
ES0000000000003289CCPF;15/09/2023;5;0,122;R
ES0000000000003289CCPF;15/09/2023;6;0,097;R
ES0000000000003289CCPF;15/09/2023;7;0,134;R
ES0000000000003289CCPF;15/09/2023;8;0,295;R
ES0000000000003289CCPF;15/09/2023;9;0,284;R
ES0000000000003289CCPF;15/09/2023;10;0,137;R
ES0000000000003289CCPF;15/09/2023;11;0,162;R
ES0000000000003289CCPF;15/09/2023;12;0,134;R
ES0000000000003289CCPF;15/09/2023;13;0,168;R
ES0000000000003289CCPF;15/09/2023;14;0,201;R
ES0000000000003289CCPF;15/09/2023;15;0,089;R
ES0000000000003289CCPF;15/09/2023;16;0,125;R
ES0000000000003289CCPF;15/09/2023;17;0,093;R
ES0000000000003289CCPF;15/09/2023;18;0,108;R
ES0000000000003289CCPF;15/09/2023;19;0,096;R
ES0000000000003289CCPF;15/09/2023;20;0,129;R
ES0000000000003289CCPF;15/09/2023;21;0,179;R
ES0000000000003289CCPF;15/09/2023;22;0,165;R
ES0000000000003289CCPF;15/09/2023;23;0,093;R
ES0000000000003289CCPF;16/09/2023;0;0,147;R
ES0000000000003289CCPF;16/09/2023;1;0,114;R
ES0000000000003289CCPF;16/09/2023;2;0,16;R
ES0000000000003289CCPF;16/09/2023;3;0,08;R
ES0000000000003289CCPF;16/09/2023;4;0,125;R
ES0000000000003289CCPF;16/09/2023;5;0,088;R
ES0000000000003289CCPF;16/09/2023;6;0,128;R
ES0000000000003289CCPF;16/09/2023;7;0,088;R
ES0000000000003289CCPF;16/09/2023;8;0,12;R
ES0000000000003289CCPF;16/09/2023;9;0,289;R
ES0000000000003289CCPF;16/09/2023;10;0,259;R
ES0000000000003289CCPF;16/09/2023;11;0,385;R
ES0000000000003289CCPF;16/09/2023;12;0,147;R
ES0000000000003289CCPF;16/09/2023;13;0,107;R
ES0000000000003289CCPF;16/09/2023;14;0,094;R
ES0000000000003289CCPF;16/09/2023;15;0,131;R
ES0000000000003289CCPF;16/09/2023;16;0,069;R
ES0000000000003289CCPF;16/09/2023;17;0,13;R
ES0000000000003289CCPF;16/09/2023;18;0,094;R
ES0000000000003289CCPF;16/09/2023;19;0,387;R
ES0000000000003289CCPF;16/09/2023;20;0,146;R
ES0000000000003289CCPF;16/09/2023;21;0,191;R
ES0000000000003289CCPF;16/09/2023;22;0,18;R
ES0000000000003289CCPF;16/09/2023;23;0,517;R
ES0000000000003289CCPF;17/09/2023;0;0,259;R
ES0000000000003289CCPF;17/09/2023;1;0,116;R
ES0000000000003289CCPF;17/09/2023;2;0,142;R
ES0000000000003289CCPF;17/09/2023;3;0,089;R
ES0000000000003289CCPF;17/09/2023;4;0,121;R
ES0000000000003289CCPF;17/09/2023;5;0,08;R
ES0000000000003289CCPF;17/09/2023;6;0,131;R
ES0000000000003289CCPF;17/09/2023;7;0,273;R
ES0000000000003289CCPF;17/09/2023;8;0,382;R
ES0000000000003289CCPF;17/09/2023;9;0,212;R
ES0000000000003289CCPF;17/09/2023;10;0,13;R
ES0000000000003289CCPF;17/09/2023;11;0,074;R
ES0000000000003289CCPF;17/09/2023;12;0,132;R
ES0000000000003289CCPF;17/09/2023;13;0,081;R
ES0000000000003289CCPF;17/09/2023;14;0,139;R
ES0000000000003289CCPF;17/09/2023;15;0,102;R
ES0000000000003289CCPF;17/09/2023;16;0,101;R
ES0000000000003289CCPF;17/09/2023;17;0,132;R
ES0000000000003289CCPF;17/09/2023;18;0,125;R
ES0000000000003289CCPF;17/09/2023;19;0,197;R
ES0000000000003289CCPF;17/09/2023;20;0,408;R
ES0000000000003289CCPF;17/09/2023;21;0,269;R
ES0000000000003289CCPF;17/09/2023;22;0,305;R
ES0000000000003289CCPF;17/09/2023;23;0,244;R
ES0000000000003289CCPF;18/09/2023;0;0,698;R
ES0000000000003289CCPF;18/09/2023;1;0,101;R
ES0000000000003289CCPF;18/09/2023;2;0,665;R
ES0000000000003289CCPF;18/09/2023;3;0,186;R
ES0000000000003289CCPF;18/09/2023;4;0,12;R
ES0000000000003289CCPF;18/09/2023;5;0,081;R
ES0000000000003289CCPF;18/09/2023;6;0,134;R
ES0000000000003289CCPF;18/09/2023;7;0,068;R
ES0000000000003289CCPF;18/09/2023;8;0,269;R
ES0000000000003289CCPF;18/09/2023;9;0,637;R
ES0000000000003289CCPF;18/09/2023;10;0,309;R
ES0000000000003289CCPF;18/09/2023;11;0,289;R
ES0000000000003289CCPF;18/09/2023;12;0,108;R
ES0000000000003289CCPF;18/09/2023;13;0,157;R
ES0000000000003289CCPF;18/09/2023;14;0,144;R
ES0000000000003289CCPF;18/09/2023;15;0,132;R
ES0000000000003289CCPF;18/09/2023;16;0,084;R
ES0000000000003289CCPF;18/09/2023;17;0,206;R
ES0000000000003289CCPF;18/09/2023;18;0,153;R
ES0000000000003289CCPF;18/09/2023;19;0,126;R
ES0000000000003289CCPF;18/09/2023;20;0,087;R
ES0000000000003289CCPF;18/09/2023;21;0,364;R
ES0000000000003289CCPF;18/09/2023;22;0,352;R
ES0000000000003289CCPF;18/09/2023;23;0,196;R
ES0000000000003289CCPF;19/09/2023;0;0,116;R
ES0000000000003289CCPF;19/09/2023;1;0,121;R
ES0000000000003289CCPF;19/09/2023;2;0,076;R
ES0000000000003289CCPF;19/09/2023;3;0,115;R
ES0000000000003289CCPF;19/09/2023;4;0,083;R
ES0000000000003289CCPF;19/09/2023;5;0,118;R
ES0000000000003289CCPF;19/09/2023;6;0,069;R
ES0000000000003289CCPF;19/09/2023;7;0,119;R
ES0000000000003289CCPF;19/09/2023;8;0,38;R
ES0000000000003289CCPF;19/09/2023;9;0,251;R
ES0000000000003289CCPF;19/09/2023;10;0,14;R
ES0000000000003289CCPF;19/09/2023;11;0,119;R
ES0000000000003289CCPF;19/09/2023;12;0,146;R
ES0000000000003289CCPF;19/09/2023;13;0,123;R
ES0000000000003289CCPF;19/09/2023;14;0,135;R
ES0000000000003289CCPF;19/09/2023;15;0,488;R
ES0000000000003289CCPF;19/09/2023;16;0,172;R
ES0000000000003289CCPF;19/09/2023;17;0,077;R
ES0000000000003289CCPF;19/09/2023;18;0,122;R
ES0000000000003289CCPF;19/09/2023;19;0,166;R
ES0000000000003289CCPF;19/09/2023;20;0,17;R
ES0000000000003289CCPF;19/09/2023;21;0,211;R
ES0000000000003289CCPF;19/09/2023;22;0,285;R
ES0000000000003289CCPF;19/09/2023;23;0,203;R
ES0000000000003289CCPF;20/09/2023;0;0,203;R
ES0000000000003289CCPF;20/09/2023;1;0,082;R
ES0000000000003289CCPF;20/09/2023;2;0,121;R
ES0000000000003289CCPF;20/09/2023;3;0,091;R
ES0000000000003289CCPF;20/09/2023;4;0,107;R
ES0000000000003289CCPF;20/09/2023;5;0,086;R
ES0000000000003289CCPF;20/09/2023;6;0,117;R
ES0000000000003289CCPF;20/09/2023;7;0,065;R
ES0000000000003289CCPF;20/09/2023;8;0,254;R
ES0000000000003289CCPF;20/09/2023;9;0,259;R
ES0000000000003289CCPF;20/09/2023;10;0,129;R
ES0000000000003289CCPF;20/09/2023;11;0,106;R
ES0000000000003289CCPF;20/09/2023;12;0,106;R
ES0000000000003289CCPF;20/09/2023;13;0,118;R
ES0000000000003289CCPF;20/09/2023;14;0,655;R
ES0000000000003289CCPF;20/09/2023;15;0,35;R
ES0000000000003289CCPF;20/09/2023;16;0,31;R
ES0000000000003289CCPF;20/09/2023;17;0,094;R
ES0000000000003289CCPF;20/09/2023;18;0,101;R
ES0000000000003289CCPF;20/09/2023;19;0,108;R
ES0000000000003289CCPF;20/09/2023;20;0,187;R
ES0000000000003289CCPF;20/09/2023;21;0,192;R
ES0000000000003289CCPF;20/09/2023;22;0,122;R
ES0000000000003289CCPF;20/09/2023;23;0,17;R
ES0000000000003289CCPF;21/09/2023;0;0,11;R
ES0000000000003289CCPF;21/09/2023;1;0,118;R
ES0000000000003289CCPF;21/09/2023;2;0,392;R
ES0000000000003289CCPF;21/09/2023;3;0,156;R
ES0000000000003289CCPF;21/09/2023;4;0,076;R
ES0000000000003289CCPF;21/09/2023;5;0,126;R
ES0000000000003289CCPF;21/09/2023;6;0,075;R
ES0000000000003289CCPF;21/09/2023;7;0,106;R
ES0000000000003289CCPF;21/09/2023;8;0,229;R
ES0000000000003289CCPF;21/09/2023;9;0,32;R
ES0000000000003289CCPF;21/09/2023;10;0,216;R
ES0000000000003289CCPF;21/09/2023;11;0,097;R
ES0000000000003289CCPF;21/09/2023;12;0,164;R
ES0000000000003289CCPF;21/09/2023;13;0,109;R
ES0000000000003289CCPF;21/09/2023;14;0,132;R
ES0000000000003289CCPF;21/09/2023;15;0,326;R
ES0000000000003289CCPF;21/09/2023;16;0,555;R
ES0000000000003289CCPF;21/09/2023;17;0,092;R
ES0000000000003289CCPF;21/09/2023;18;0,108;R
ES0000000000003289CCPF;21/09/2023;19;0,098;R
ES0000000000003289CCPF;21/09/2023;20;0,21;R
ES0000000000003289CCPF;21/09/2023;21;0,18;R
ES0000000000003289CCPF;21/09/2023;22;0,169;R
ES0000000000003289CCPF;21/09/2023;23;0,358;R
ES0000000000003289CCPF;22/09/2023;0;0,139;R
ES0000000000003289CCPF;22/09/2023;1;0,222;R
ES0000000000003289CCPF;22/09/2023;2;0,338;R
ES0000000000003289CCPF;22/09/2023;3;0,419;R
ES0000000000003289CCPF;22/09/2023;4;0,133;R
ES0000000000003289CCPF;22/09/2023;5;0,752;R
ES0000000000003289CCPF;22/09/2023;6;0,098;R
ES0000000000003289CCPF;22/09/2023;7;0,083;R
ES0000000000003289CCPF;22/09/2023;8;0,167;R
ES0000000000003289CCPF;22/09/2023;9;0,275;R
ES0000000000003289CCPF;22/09/2023;10;0,259;R
ES0000000000003289CCPF;22/09/2023;11;0,172;R
ES0000000000003289CCPF;22/09/2023;12;0,171;R
ES0000000000003289CCPF;22/09/2023;13;0,119;R
ES0000000000003289CCPF;22/09/2023;14;0,063;R
ES0000000000003289CCPF;22/09/2023;15;0,108;R
ES0000000000003289CCPF;22/09/2023;16;0,087;R
ES0000000000003289CCPF;22/09/2023;17;0,617;R
ES0000000000003289CCPF;22/09/2023;18;0,2;R
ES0000000000003289CCPF;22/09/2023;19;0,109;R
ES0000000000003289CCPF;22/09/2023;20;0,272;R
ES0000000000003289CCPF;22/09/2023;21;0,758;R
ES0000000000003289CCPF;22/09/2023;22;0,077;R
ES0000000000003289CCPF;22/09/2023;23;0,113;R
ES0000000000003289CCPF;23/09/2023;0;0,079;R
ES0000000000003289CCPF;23/09/2023;1;0,208;R
ES0000000000003289CCPF;23/09/2023;2;0,198;R
ES0000000000003289CCPF;23/09/2023;3;0,091;R
ES0000000000003289CCPF;23/09/2023;4;0,116;R
ES0000000000003289CCPF;23/09/2023;5;0,07;R
ES0000000000003289CCPF;23/09/2023;6;0,127;R
ES0000000000003289CCPF;23/09/2023;7;0,09;R
ES0000000000003289CCPF;23/09/2023;8;0,082;R
ES0000000000003289CCPF;23/09/2023;9;0,15;R
ES0000000000003289CCPF;23/09/2023;10;0,565;R
ES0000000000003289CCPF;23/09/2023;11;0,174;R
ES0000000000003289CCPF;23/09/2023;12;0,121;R
ES0000000000003289CCPF;23/09/2023;13;0,106;R
ES0000000000003289CCPF;23/09/2023;14;0,28;R
ES0000000000003289CCPF;23/09/2023;15;0,536;R
ES0000000000003289CCPF;23/09/2023;16;0,438;R
ES0000000000003289CCPF;23/09/2023;17;0,172;R
ES0000000000003289CCPF;23/09/2023;18;0,128;R
ES0000000000003289CCPF;23/09/2023;19;0,124;R
ES0000000000003289CCPF;23/09/2023;20;0,204;R
ES0000000000003289CCPF;23/09/2023;21;0,271;R
ES0000000000003289CCPF;23/09/2023;22;0,227;R
ES0000000000003289CCPF;23/09/2023;23;0,618;R
ES0000000000003289CCPF;24/09/2023;0;0,114;R
ES0000000000003289CCPF;24/09/2023;1;0,819;R
ES0000000000003289CCPF;24/09/2023;2;0,099;R
ES0000000000003289CCPF;24/09/2023;3;0,149;R
ES0000000000003289CCPF;24/09/2023;4;0,093;R
ES0000000000003289CCPF;24/09/2023;5;0,11;R
ES0000000000003289CCPF;24/09/2023;6;0,067;R
ES0000000000003289CCPF;24/09/2023;7;0,12;R
ES0000000000003289CCPF;24/09/2023;8;0,071;R
ES0000000000003289CCPF;24/09/2023;9;0,263;R
ES0000000000003289CCPF;24/09/2023;10;0,231;R
ES0000000000003289CCPF;24/09/2023;11;0,189;R
ES0000000000003289CCPF;24/09/2023;12;0,226;R
ES0000000000003289CCPF;24/09/2023;13;0,075;R
ES0000000000003289CCPF;24/09/2023;14;0,097;R
ES0000000000003289CCPF;24/09/2023;15;0,078;R
ES0000000000003289CCPF;24/09/2023;16;0,106;R
ES0000000000003289CCPF;24/09/2023;17;0,067;R
ES0000000000003289CCPF;24/09/2023;18;0,114;R
ES0000000000003289CCPF;24/09/2023;19;0,084;R
ES0000000000003289CCPF;24/09/2023;20;0,309;R
ES0000000000003289CCPF;24/09/2023;21;0,249;R
ES0000000000003289CCPF;24/09/2023;22;0,168;R
ES0000000000003289CCPF;24/09/2023;23;0,143;R
ES0000000000003289CCPF;25/09/2023;0;0,106;R
ES0000000000003289CCPF;25/09/2023;1;0,154;R
ES0000000000003289CCPF;25/09/2023;2;0,119;R
ES0000000000003289CCPF;25/09/2023;3;0,098;R
ES0000000000003289CCPF;25/09/2023;4;0,099;R
ES0000000000003289CCPF;25/09/2023;5;0,075;R
ES0000000000003289CCPF;25/09/2023;6;0,111;R
ES0000000000003289CCPF;25/09/2023;7;0,071;R
ES0000000000003289CCPF;25/09/2023;8;0,202;R
ES0000000000003289CCPF;25/09/2023;9;0,204;R
ES0000000000003289CCPF;25/09/2023;10;0,172;R
ES0000000000003289CCPF;25/09/2023;11;0,274;R
ES0000000000003289CCPF;25/09/2023;12;0,11;R
ES0000000000003289CCPF;25/09/2023;13;0,216;R
ES0000000000003289CCPF;25/09/2023;14;0,181;R
ES0000000000003289CCPF;25/09/2023;15;0,495;R
ES0000000000003289CCPF;25/09/2023;16;0,663;R
ES0000000000003289CCPF;25/09/2023;17;0,189;R
ES0000000000003289CCPF;25/09/2023;18;0,109;R
ES0000000000003289CCPF;25/09/2023;19;0,11;R
ES0000000000003289CCPF;25/09/2023;20;0,278;R
ES0000000000003289CCPF;25/09/2023;21;0,254;R
ES0000000000003289CCPF;25/09/2023;22;0,16;R
ES0000000000003289CCPF;25/09/2023;23;0,245;R
ES0000000000003289CCPF;26/09/2023;0;0,196;R
ES0000000000003289CCPF;26/09/2023;1;0,204;R
ES0000000000003289CCPF;26/09/2023;2;0,107;R
ES0000000000003289CCPF;26/09/2023;3;0,146;R
ES0000000000003289CCPF;26/09/2023;4;0,072;R
ES0000000000003289CCPF;26/09/2023;5;0,121;R
ES0000000000003289CCPF;26/09/2023;6;0,087;R
ES0000000000003289CCPF;26/09/2023;7;0,09;R
ES0000000000003289CCPF;26/09/2023;8;0,267;R
ES0000000000003289CCPF;26/09/2023;9;0,354;R
ES0000000000003289CCPF;26/09/2023;10;0,247;R
ES0000000000003289CCPF;26/09/2023;11;0,093;R
ES0000000000003289CCPF;26/09/2023;12;0,126;R
ES0000000000003289CCPF;26/09/2023;13;0,102;R
ES0000000000003289CCPF;26/09/2023;14;0,124;R
ES0000000000003289CCPF;26/09/2023;15;0,353;R
ES0000000000003289CCPF;26/09/2023;16;0,316;R
ES0000000000003289CCPF;26/09/2023;17;0,097;R
ES0000000000003289CCPF;26/09/2023;18;0,088;R
ES0000000000003289CCPF;26/09/2023;19;0,126;R
ES0000000000003289CCPF;26/09/2023;20;0,191;R
ES0000000000003289CCPF;26/09/2023;21;0,159;R
ES0000000000003289CCPF;26/09/2023;22;0,11;R
ES0000000000003289CCPF;26/09/2023;23;0,238;R
ES0000000000003289CCPF;27/09/2023;0;0,238;R
ES0000000000003289CCPF;27/09/2023;1;0,449;R
ES0000000000003289CCPF;27/09/2023;2;0,384;R
ES0000000000003289CCPF;27/09/2023;3;0,149;R
ES0000000000003289CCPF;27/09/2023;4;0,77;R
ES0000000000003289CCPF;27/09/2023;5;0,097;R
ES0000000000003289CCPF;27/09/2023;6;0,112;R
ES0000000000003289CCPF;27/09/2023;7;0,097;R
ES0000000000003289CCPF;27/09/2023;8;0,304;R
ES0000000000003289CCPF;27/09/2023;9;0,203;R
ES0000000000003289CCPF;27/09/2023;10;0,07;R
ES0000000000003289CCPF;27/09/2023;11;0,127;R
ES0000000000003289CCPF;27/09/2023;12;0,1;R
ES0000000000003289CCPF;27/09/2023;13;0,181;R
ES0000000000003289CCPF;27/09/2023;14;0,191;R
ES0000000000003289CCPF;27/09/2023;15;0,345;R
ES0000000000003289CCPF;27/09/2023;16;0,285;R
ES0000000000003289CCPF;27/09/2023;17;0,213;R
ES0000000000003289CCPF;27/09/2023;18;0,075;R
ES0000000000003289CCPF;27/09/2023;19;0,16;R
ES0000000000003289CCPF;27/09/2023;20;0,136;R
ES0000000000003289CCPF;27/09/2023;21;0,295;R
ES0000000000003289CCPF;27/09/2023;22;0,679;R
ES0000000000003289CCPF;27/09/2023;23;1,593;R
ES0000000000003289CCPF;28/09/2023;0;0,831;R
ES0000000000003289CCPF;28/09/2023;1;0,609;R
ES0000000000003289CCPF;28/09/2023;2;0,422;R
ES0000000000003289CCPF;28/09/2023;3;0,237;R
ES0000000000003289CCPF;28/09/2023;4;0,167;R
ES0000000000003289CCPF;28/09/2023;5;0,093;R
ES0000000000003289CCPF;28/09/2023;6;0,122;R
ES0000000000003289CCPF;28/09/2023;7;0,086;R
ES0000000000003289CCPF;28/09/2023;8;0,302;R
ES0000000000003289CCPF;28/09/2023;9;0,315;R
ES0000000000003289CCPF;28/09/2023;10;0,141;R
ES0000000000003289CCPF;28/09/2023;11;0,085;R
ES0000000000003289CCPF;28/09/2023;12;0,173;R
ES0000000000003289CCPF;28/09/2023;13;0,105;R
ES0000000000003289CCPF;28/09/2023;14;0,171;R
ES0000000000003289CCPF;28/09/2023;15;0,429;R
ES0000000000003289CCPF;28/09/2023;16;0,159;R
ES0000000000003289CCPF;28/09/2023;17;0,083;R
ES0000000000003289CCPF;28/09/2023;18;0,114;R
ES0000000000003289CCPF;28/09/2023;19;0,117;R
ES0000000000003289CCPF;28/09/2023;20;0,124;R
ES0000000000003289CCPF;28/09/2023;21;0,213;R
ES0000000000003289CCPF;28/09/2023;22;0,111;R
ES0000000000003289CCPF;28/09/2023;23;0,272;R
ES0000000000003289CCPF;29/09/2023;0;0,134;R
ES0000000000003289CCPF;29/09/2023;1;0,13;R
ES0000000000003289CCPF;29/09/2023;2;0,096;R
ES0000000000003289CCPF;29/09/2023;3;0,126;R
ES0000000000003289CCPF;29/09/2023;4;0,11;R
ES0000000000003289CCPF;29/09/2023;5;0,12;R
ES0000000000003289CCPF;29/09/2023;6;0,076;R
ES0000000000003289CCPF;29/09/2023;7;0,129;R
ES0000000000003289CCPF;29/09/2023;8;0,262;R
ES0000000000003289CCPF;29/09/2023;9;0,328;R
ES0000000000003289CCPF;29/09/2023;10;0,207;R
ES0000000000003289CCPF;29/09/2023;11;0,441;R
ES0000000000003289CCPF;29/09/2023;12;0,506;R
ES0000000000003289CCPF;29/09/2023;13;0,107;R
ES0000000000003289CCPF;29/09/2023;14;0,101;R
ES0000000000003289CCPF;29/09/2023;15;0,342;R
ES0000000000003289CCPF;29/09/2023;16;0,192;R
ES0000000000003289CCPF;29/09/2023;17;0,165;R
ES0000000000003289CCPF;29/09/2023;18;0,277;R
ES0000000000003289CCPF;29/09/2023;19;0,157;R
ES0000000000003289CCPF;29/09/2023;20;0,232;R
ES0000000000003289CCPF;29/09/2023;21;0,147;R
ES0000000000003289CCPF;29/09/2023;22;0,163;R
ES0000000000003289CCPF;29/09/2023;23;0,742;R
ES0000000000003289CCPF;30/09/2023;0;0,311;R
ES0000000000003289CCPF;30/09/2023;1;0,24;R
ES0000000000003289CCPF;30/09/2023;2;0,202;R
ES0000000000003289CCPF;30/09/2023;3;0,156;R
ES0000000000003289CCPF;30/09/2023;4;0,101;R
ES0000000000003289CCPF;30/09/2023;5;0,124;R
ES0000000000003289CCPF;30/09/2023;6;0,078;R
ES0000000000003289CCPF;30/09/2023;7;0,129;R
ES0000000000003289CCPF;30/09/2023;8;0,085;R
ES0000000000003289CCPF;30/09/2023;9;0,183;R
ES0000000000003289CCPF;30/09/2023;10;0,211;R
ES0000000000003289CCPF;30/09/2023;11;0,237;R
ES0000000000003289CCPF;30/09/2023;12;0,179;R
ES0000000000003289CCPF;30/09/2023;13;0,16;R
ES0000000000003289CCPF;30/09/2023;14;0,146;R
ES0000000000003289CCPF;30/09/2023;15;0,083;R
ES0000000000003289CCPF;30/09/2023;16;0,126;R
ES0000000000003289CCPF;30/09/2023;17;0,074;R
ES0000000000003289CCPF;30/09/2023;18;0,113;R
ES0000000000003289CCPF;30/09/2023;19;0,085;R
ES0000000000003289CCPF;30/09/2023;20;0,121;R
ES0000000000003289CCPF;30/09/2023;21;0,065;R
ES0000000000003289CCPF;30/09/2023;22;0,127;R
ES0000000000003289CCPF;30/09/2023;23;0,125;R
ES0000000000003289CCPF;01/10/2023;0;0,162;R
ES0000000000003289CCPF;01/10/2023;1;0,154;R
ES0000000000003289CCPF;01/10/2023;2;0,103;R
ES0000000000003289CCPF;01/10/2023;3;0,099;R
ES0000000000003289CCPF;01/10/2023;4;0,093;R
ES0000000000003289CCPF;01/10/2023;5;0,133;R
ES0000000000003289CCPF;01/10/2023;6;0,068;R
ES0000000000003289CCPF;01/10/2023;7;0,121;R
ES0000000000003289CCPF;01/10/2023;8;0,079;R
ES0000000000003289CCPF;01/10/2023;9;0,114;R
ES0000000000003289CCPF;01/10/2023;10;0,209;R
ES0000000000003289CCPF;01/10/2023;11;0,638;R
ES0000000000003289CCPF;01/10/2023;12;0,234;R
ES0000000000003289CCPF;01/10/2023;13;0,094;R
ES0000000000003289CCPF;01/10/2023;14;0,217;R
ES0000000000003289CCPF;01/10/2023;15;0,202;R
ES0000000000003289CCPF;01/10/2023;16;0,12;R
ES0000000000003289CCPF;01/10/2023;17;0,092;R
ES0000000000003289CCPF;01/10/2023;18;0,243;R
ES0000000000003289CCPF;01/10/2023;19;0,15;R
ES0000000000003289CCPF;01/10/2023;20;0,285;R
ES0000000000003289CCPF;01/10/2023;21;0,219;R
ES0000000000003289CCPF;01/10/2023;22;0,245;R
ES0000000000003289CCPF;01/10/2023;23;0,13;R
ES0000000000003289CCPF;02/10/2023;0;0,216;R
