CUPS;Fecha;Hora;Consumo;Metodo_obtencion
ES0000000000004565CCPF;01/09/2022;1;0,065;R
ES0000000000004565CCPF;01/09/2022;2;0,059;R
ES0000000000004565CCPF;01/09/2022;3;0,064;R
ES0000000000004565CCPF;01/09/2022;4;0,075;R
ES0000000000004565CCPF;01/09/2022;5;0,067;R
ES0000000000004565CCPF;01/09/2022;6;0,066;R
ES0000000000004565CCPF;01/09/2022;7;0,058;R
ES0000000000004565CCPF;01/09/2022;8;0,057;R
ES0000000000004565CCPF;01/09/2022;9;0,062;R
ES0000000000004565CCPF;01/09/2022;10;0,067;R
ES0000000000004565CCPF;01/09/2022;11;0,065;R
ES0000000000004565CCPF;01/09/2022;12;0,064;R
ES0000000000004565CCPF;01/09/2022;13;0,056;R
ES0000000000004565CCPF;01/09/2022;14;0,087;R
ES0000000000004565CCPF;01/09/2022;15;0,123;R
ES0000000000004565CCPF;01/09/2022;16;0,1;R
ES0000000000004565CCPF;01/09/2022;17;0,068;R
ES0000000000004565CCPF;01/09/2022;18;0,066;R
ES0000000000004565CCPF;01/09/2022;19;0,062;R
ES0000000000004565CCPF;01/09/2022;20;0,072;R
ES0000000000004565CCPF;01/09/2022;21;0,106;R
ES0000000000004565CCPF;01/09/2022;22;0,339;R
ES0000000000004565CCPF;01/09/2022;23;0,168;R
ES0000000000004565CCPF;02/09/2022;0;0,082;R
ES0000000000004565CCPF;02/09/2022;1;0,069;R
ES0000000000004565CCPF;02/09/2022;2;0,072;R
ES0000000000004565CCPF;02/09/2022;3;0,078;R
ES0000000000004565CCPF;02/09/2022;4;0,075;R
ES0000000000004565CCPF;02/09/2022;5;0,07;R
ES0000000000004565CCPF;02/09/2022;6;0,063;R
ES0000000000004565CCPF;02/09/2022;7;0,059;R
ES0000000000004565CCPF;02/09/2022;8;0,064;R
ES0000000000004565CCPF;02/09/2022;9;0,071;R
ES0000000000004565CCPF;02/09/2022;10;0,068;R
ES0000000000004565CCPF;02/09/2022;11;0,064;R
ES0000000000004565CCPF;02/09/2022;12;0,065;R
ES0000000000004565CCPF;02/09/2022;13;0,088;R
ES0000000000004565CCPF;02/09/2022;14;0,098;R
ES0000000000004565CCPF;02/09/2022;15;0,303;R
ES0000000000004565CCPF;02/09/2022;16;0,083;R
ES0000000000004565CCPF;02/09/2022;17;0,075;R
ES0000000000004565CCPF;02/09/2022;18;0,067;R
ES0000000000004565CCPF;02/09/2022;19;0,065;R
ES0000000000004565CCPF;02/09/2022;20;0,066;R
ES0000000000004565CCPF;02/09/2022;21;0,07;R
ES0000000000004565CCPF;02/09/2022;22;0,069;R
ES0000000000004565CCPF;02/09/2022;23;0,072;R
ES0000000000004565CCPF;03/09/2022;0;0,072;R
ES0000000000004565CCPF;03/09/2022;1;0,069;R
ES0000000000004565CCPF;03/09/2022;2;0,063;R
ES0000000000004565CCPF;03/09/2022;3;0,165;R
ES0000000000004565CCPF;03/09/2022;4;0,094;R
ES0000000000004565CCPF;03/09/2022;5;0,066;R
ES0000000000004565CCPF;03/09/2022;6;0,055;R
ES0000000000004565CCPF;03/09/2022;7;0,067;R
ES0000000000004565CCPF;03/09/2022;8;0,057;R
ES0000000000004565CCPF;03/09/2022;9;0,057;R
ES0000000000004565CCPF;03/09/2022;10;0,055;R
ES0000000000004565CCPF;03/09/2022;11;0,065;R
ES0000000000004565CCPF;03/09/2022;12;0,066;R
ES0000000000004565CCPF;03/09/2022;13;0,066;R
ES0000000000004565CCPF;03/09/2022;14;0,075;R
ES0000000000004565CCPF;03/09/2022;15;0,815;R
ES0000000000004565CCPF;03/09/2022;16;0,518;R
ES0000000000004565CCPF;03/09/2022;17;0,208;R
ES0000000000004565CCPF;03/09/2022;18;0,222;R
ES0000000000004565CCPF;03/09/2022;19;0,217;R
ES0000000000004565CCPF;03/09/2022;20;0,118;R
ES0000000000004565CCPF;03/09/2022;21;0,059;R
ES0000000000004565CCPF;03/09/2022;22;0,067;R
ES0000000000004565CCPF;03/09/2022;23;0,068;R
ES0000000000004565CCPF;04/09/2022;0;0,073;R
ES0000000000004565CCPF;04/09/2022;1;0,068;R
ES0000000000004565CCPF;04/09/2022;2;0,248;R
ES0000000000004565CCPF;04/09/2022;3;0,084;R
ES0000000000004565CCPF;04/09/2022;4;0,065;R
ES0000000000004565CCPF;04/09/2022;5;0,067;R
ES0000000000004565CCPF;04/09/2022;6;0,072;R
ES0000000000004565CCPF;04/09/2022;7;0,066;R
ES0000000000004565CCPF;04/09/2022;8;0,063;R
ES0000000000004565CCPF;04/09/2022;9;0,058;R
ES0000000000004565CCPF;04/09/2022;10;0,059;R
ES0000000000004565CCPF;04/09/2022;11;0,11;R
ES0000000000004565CCPF;04/09/2022;12;0,14;R
ES0000000000004565CCPF;04/09/2022;13;0,061;R
ES0000000000004565CCPF;04/09/2022;14;0,056;R
ES0000000000004565CCPF;04/09/2022;15;0,054;R
ES0000000000004565CCPF;04/09/2022;16;0,066;R
ES0000000000004565CCPF;04/09/2022;17;0,067;R
ES0000000000004565CCPF;04/09/2022;18;0,072;R
ES0000000000004565CCPF;04/09/2022;19;0,058;R
ES0000000000004565CCPF;04/09/2022;20;0,059;R
ES0000000000004565CCPF;04/09/2022;21;0,061;R
ES0000000000004565CCPF;04/09/2022;22;0,068;R
ES0000000000004565CCPF;04/09/2022;23;0,259;R
ES0000000000004565CCPF;05/09/2022;0;0,063;R
ES0000000000004565CCPF;05/09/2022;1;0,066;R
ES0000000000004565CCPF;05/09/2022;2;0,071;R
ES0000000000004565CCPF;05/09/2022;3;0,059;R
ES0000000000004565CCPF;05/09/2022;4;0,058;R
ES0000000000004565CCPF;05/09/2022;5;0,071;R
ES0000000000004565CCPF;05/09/2022;6;0,06;R
ES0000000000004565CCPF;05/09/2022;7;0,052;R
ES0000000000004565CCPF;05/09/2022;8;0,067;R
ES0000000000004565CCPF;05/09/2022;9;0,08;R
ES0000000000004565CCPF;05/09/2022;10;0,043;R
ES0000000000004565CCPF;05/09/2022;11;0,353;R
ES0000000000004565CCPF;05/09/2022;12;1,264;R
ES0000000000004565CCPF;05/09/2022;13;0,674;R
ES0000000000004565CCPF;05/09/2022;14;0,065;R
ES0000000000004565CCPF;05/09/2022;15;0,279;R
ES0000000000004565CCPF;05/09/2022;16;0,056;R
ES0000000000004565CCPF;05/09/2022;17;0,06;R
ES0000000000004565CCPF;05/09/2022;18;0,072;R
ES0000000000004565CCPF;05/09/2022;19;0,057;R
ES0000000000004565CCPF;05/09/2022;20;0,1;R
ES0000000000004565CCPF;05/09/2022;21;0,131;R
ES0000000000004565CCPF;05/09/2022;22;0,066;R
ES0000000000004565CCPF;05/09/2022;23;0,048;R
ES0000000000004565CCPF;06/09/2022;0;0,071;R
ES0000000000004565CCPF;06/09/2022;1;0,069;R
ES0000000000004565CCPF;06/09/2022;2;0,047;R
ES0000000000004565CCPF;06/09/2022;3;0,067;R
ES0000000000004565CCPF;06/09/2022;4;0,069;R
ES0000000000004565CCPF;06/09/2022;5;0,05;R
ES0000000000004565CCPF;06/09/2022;6;0,064;R
ES0000000000004565CCPF;06/09/2022;7;0,064;R
ES0000000000004565CCPF;06/09/2022;8;0,051;R
ES0000000000004565CCPF;06/09/2022;9;0,05;R
ES0000000000004565CCPF;06/09/2022;10;0,066;R
ES0000000000004565CCPF;06/09/2022;11;0,058;R
ES0000000000004565CCPF;06/09/2022;12;0,05;R
ES0000000000004565CCPF;06/09/2022;13;0,119;R
ES0000000000004565CCPF;06/09/2022;14;0,069;R
ES0000000000004565CCPF;06/09/2022;15;0,159;R
ES0000000000004565CCPF;06/09/2022;16;0,119;R
ES0000000000004565CCPF;06/09/2022;17;0,074;R
ES0000000000004565CCPF;06/09/2022;18;0,053;R
ES0000000000004565CCPF;06/09/2022;19;0,061;R
ES0000000000004565CCPF;06/09/2022;20;0,074;R
ES0000000000004565CCPF;06/09/2022;21;0,074;R
ES0000000000004565CCPF;06/09/2022;22;0,062;R
ES0000000000004565CCPF;06/09/2022;23;0,075;R
ES0000000000004565CCPF;07/09/2022;0;0,056;R
ES0000000000004565CCPF;07/09/2022;1;0,057;R
ES0000000000004565CCPF;07/09/2022;2;0,071;R
ES0000000000004565CCPF;07/09/2022;3;0,065;R
ES0000000000004565CCPF;07/09/2022;4;0,047;R
ES0000000000004565CCPF;07/09/2022;5;0,069;R
ES0000000000004565CCPF;07/09/2022;6;0,07;R
ES0000000000004565CCPF;07/09/2022;7;0,046;R
ES0000000000004565CCPF;07/09/2022;8;0,063;R
ES0000000000004565CCPF;07/09/2022;9;0,051;R
ES0000000000004565CCPF;07/09/2022;10;0,061;R
ES0000000000004565CCPF;07/09/2022;11;0,051;R
ES0000000000004565CCPF;07/09/2022;12;0,153;R
ES0000000000004565CCPF;07/09/2022;13;0,106;R
ES0000000000004565CCPF;07/09/2022;14;0,044;R
ES0000000000004565CCPF;07/09/2022;15;0,058;R
ES0000000000004565CCPF;07/09/2022;16;0,068;R
ES0000000000004565CCPF;07/09/2022;17;0,05;R
ES0000000000004565CCPF;07/09/2022;18;0,054;R
ES0000000000004565CCPF;07/09/2022;19;0,072;R
ES0000000000004565CCPF;07/09/2022;20;0,055;R
ES0000000000004565CCPF;07/09/2022;21;0,05;R
ES0000000000004565CCPF;07/09/2022;22;0,068;R
ES0000000000004565CCPF;07/09/2022;23;0,058;R
ES0000000000004565CCPF;08/09/2022;0;0,047;R
ES0000000000004565CCPF;08/09/2022;1;0,067;R
ES0000000000004565CCPF;08/09/2022;2;0,062;R
ES0000000000004565CCPF;08/09/2022;3;0,043;R
ES0000000000004565CCPF;08/09/2022;4;0,069;R
ES0000000000004565CCPF;08/09/2022;5;0,067;R
ES0000000000004565CCPF;08/09/2022;6;0,047;R
ES0000000000004565CCPF;08/09/2022;7;0,056;R
ES0000000000004565CCPF;08/09/2022;8;0,066;R
ES0000000000004565CCPF;08/09/2022;9;0,053;R
ES0000000000004565CCPF;08/09/2022;10;0,05;R
ES0000000000004565CCPF;08/09/2022;11;0,069;R
ES0000000000004565CCPF;08/09/2022;12;0,093;R
ES0000000000004565CCPF;08/09/2022;13;0,051;R
ES0000000000004565CCPF;08/09/2022;14;0,069;R
ES0000000000004565CCPF;08/09/2022;15;0,059;R
ES0000000000004565CCPF;08/09/2022;16;0,047;R
ES0000000000004565CCPF;08/09/2022;17;0,07;R
ES0000000000004565CCPF;08/09/2022;18;0,064;R
ES0000000000004565CCPF;08/09/2022;19;0,046;R
ES0000000000004565CCPF;08/09/2022;20;0,067;R
ES0000000000004565CCPF;08/09/2022;21;0,067;R
ES0000000000004565CCPF;08/09/2022;22;0,24;R
ES0000000000004565CCPF;08/09/2022;23;0,18;R
ES0000000000004565CCPF;09/09/2022;0;0,079;R
ES0000000000004565CCPF;09/09/2022;1;0,055;R
ES0000000000004565CCPF;09/09/2022;2;0,07;R
ES0000000000004565CCPF;09/09/2022;3;0,074;R
ES0000000000004565CCPF;09/09/2022;4;0,049;R
ES0000000000004565CCPF;09/09/2022;5;0,066;R
ES0000000000004565CCPF;09/09/2022;6;0,075;R
ES0000000000004565CCPF;09/09/2022;7;0,058;R
ES0000000000004565CCPF;09/09/2022;8;0,147;R
ES0000000000004565CCPF;09/09/2022;9;0,149;R
ES0000000000004565CCPF;09/09/2022;10;0,057;R
ES0000000000004565CCPF;09/09/2022;11;0,056;R
ES0000000000004565CCPF;09/09/2022;12;0,072;R
ES0000000000004565CCPF;09/09/2022;13;0,061;R
ES0000000000004565CCPF;09/09/2022;14;0,053;R
ES0000000000004565CCPF;09/09/2022;15;0,074;R
ES0000000000004565CCPF;09/09/2022;16;0,059;R
ES0000000000004565CCPF;09/09/2022;17;0,052;R
ES0000000000004565CCPF;09/09/2022;18;0,07;R
ES0000000000004565CCPF;09/09/2022;19;0,075;R
ES0000000000004565CCPF;09/09/2022;20;0,065;R
ES0000000000004565CCPF;09/09/2022;21;0,153;R
ES0000000000004565CCPF;09/09/2022;22;0,077;R
ES0000000000004565CCPF;09/09/2022;23;0,055;R
ES0000000000004565CCPF;10/09/2022;0;0,062;R
ES0000000000004565CCPF;10/09/2022;1;0,102;R
ES0000000000004565CCPF;10/09/2022;2;0,084;R
ES0000000000004565CCPF;10/09/2022;3;0,063;R
ES0000000000004565CCPF;10/09/2022;4;0,08;R
ES0000000000004565CCPF;10/09/2022;5;0,061;R
ES0000000000004565CCPF;10/09/2022;6;0,052;R
ES0000000000004565CCPF;10/09/2022;7;0,074;R
ES0000000000004565CCPF;10/09/2022;8;0,068;R
ES0000000000004565CCPF;10/09/2022;9;0,052;R
ES0000000000004565CCPF;10/09/2022;10;0,063;R
ES0000000000004565CCPF;10/09/2022;11;0,079;R
ES0000000000004565CCPF;10/09/2022;12;0,116;R
ES0000000000004565CCPF;10/09/2022;13;0,072;R
ES0000000000004565CCPF;10/09/2022;14;0,078;R
ES0000000000004565CCPF;10/09/2022;15;0,056;R
ES0000000000004565CCPF;10/09/2022;16;0,069;R
ES0000000000004565CCPF;10/09/2022;17;0,082;R
ES0000000000004565CCPF;10/09/2022;18;0,061;R
ES0000000000004565CCPF;10/09/2022;19;0,065;R
ES0000000000004565CCPF;10/09/2022;20;0,136;R
ES0000000000004565CCPF;10/09/2022;21;0,068;R
ES0000000000004565CCPF;10/09/2022;22;0,066;R
ES0000000000004565CCPF;10/09/2022;23;0,082;R
ES0000000000004565CCPF;11/09/2022;0;0,065;R
ES0000000000004565CCPF;11/09/2022;1;0,075;R
ES0000000000004565CCPF;11/09/2022;2;0,133;R
ES0000000000004565CCPF;11/09/2022;3;0,085;R
ES0000000000004565CCPF;11/09/2022;4;0,051;R
ES0000000000004565CCPF;11/09/2022;5;0,081;R
ES0000000000004565CCPF;11/09/2022;6;0,066;R
ES0000000000004565CCPF;11/09/2022;7;0,061;R
ES0000000000004565CCPF;11/09/2022;8;0,082;R
ES0000000000004565CCPF;11/09/2022;9;0,068;R
ES0000000000004565CCPF;11/09/2022;10;0,058;R
ES0000000000004565CCPF;11/09/2022;11;0,08;R
ES0000000000004565CCPF;11/09/2022;12;0,075;R
ES0000000000004565CCPF;11/09/2022;13;0,222;R
ES0000000000004565CCPF;11/09/2022;14;0,272;R
ES0000000000004565CCPF;11/09/2022;15;0,16;R
ES0000000000004565CCPF;11/09/2022;16;0,19;R
ES0000000000004565CCPF;11/09/2022;17;0,109;R
ES0000000000004565CCPF;11/09/2022;18;0,093;R
ES0000000000004565CCPF;11/09/2022;19;0,07;R
ES0000000000004565CCPF;11/09/2022;20;0,067;R
ES0000000000004565CCPF;11/09/2022;21;0,085;R
ES0000000000004565CCPF;11/09/2022;22;0,069;R
ES0000000000004565CCPF;11/09/2022;23;0,139;R
ES0000000000004565CCPF;12/09/2022;0;0,255;R
ES0000000000004565CCPF;12/09/2022;1;0,129;R
ES0000000000004565CCPF;12/09/2022;2;0,059;R
ES0000000000004565CCPF;12/09/2022;3;0,075;R
ES0000000000004565CCPF;12/09/2022;4;0,077;R
ES0000000000004565CCPF;12/09/2022;5;0,055;R
ES0000000000004565CCPF;12/09/2022;6;0,073;R
ES0000000000004565CCPF;12/09/2022;7;0,071;R
ES0000000000004565CCPF;12/09/2022;8;0,063;R
ES0000000000004565CCPF;12/09/2022;9;0,064;R
ES0000000000004565CCPF;12/09/2022;10;0,096;R
ES0000000000004565CCPF;12/09/2022;11;0,064;R
ES0000000000004565CCPF;12/09/2022;12;0,052;R
ES0000000000004565CCPF;12/09/2022;13;0,172;R
ES0000000000004565CCPF;12/09/2022;14;0,158;R
ES0000000000004565CCPF;12/09/2022;15;0,422;R
ES0000000000004565CCPF;12/09/2022;16;0,278;R
ES0000000000004565CCPF;12/09/2022;17;0,651;R
ES0000000000004565CCPF;12/09/2022;18;0,064;R
ES0000000000004565CCPF;12/09/2022;19;0,078;R
ES0000000000004565CCPF;12/09/2022;20;0,07;R
ES0000000000004565CCPF;12/09/2022;21;0,061;R
ES0000000000004565CCPF;12/09/2022;22;0,086;R
ES0000000000004565CCPF;12/09/2022;23;0,07;R
ES0000000000004565CCPF;13/09/2022;0;0,053;R
ES0000000000004565CCPF;13/09/2022;1;0,079;R
ES0000000000004565CCPF;13/09/2022;2;0,074;R
ES0000000000004565CCPF;13/09/2022;3;0,054;R
ES0000000000004565CCPF;13/09/2022;4;0,066;R
ES0000000000004565CCPF;13/09/2022;5;0,075;R
ES0000000000004565CCPF;13/09/2022;6;0,061;R
ES0000000000004565CCPF;13/09/2022;7;0,068;R
ES0000000000004565CCPF;13/09/2022;8;0,076;R
ES0000000000004565CCPF;13/09/2022;9;0,051;R
ES0000000000004565CCPF;13/09/2022;10;0,055;R
ES0000000000004565CCPF;13/09/2022;11;0,08;R
ES0000000000004565CCPF;13/09/2022;12;0,075;R
ES0000000000004565CCPF;13/09/2022;13;0,053;R
ES0000000000004565CCPF;13/09/2022;14;0,225;R
ES0000000000004565CCPF;13/09/2022;15;0,091;R
ES0000000000004565CCPF;13/09/2022;16;0,061;R
ES0000000000004565CCPF;13/09/2022;17;0,078;R
ES0000000000004565CCPF;13/09/2022;18;0,069;R
ES0000000000004565CCPF;13/09/2022;19;0,062;R
ES0000000000004565CCPF;13/09/2022;20;0,067;R
ES0000000000004565CCPF;13/09/2022;21;0,08;R
ES0000000000004565CCPF;13/09/2022;22;0,299;R
ES0000000000004565CCPF;13/09/2022;23;0,19;R
ES0000000000004565CCPF;14/09/2022;0;0,183;R
ES0000000000004565CCPF;14/09/2022;1;0,105;R
ES0000000000004565CCPF;14/09/2022;2;0,078;R
ES0000000000004565CCPF;14/09/2022;3;0,078;R
ES0000000000004565CCPF;14/09/2022;4;0,065;R
ES0000000000004565CCPF;14/09/2022;5;0,061;R
ES0000000000004565CCPF;14/09/2022;6;0,061;R
ES0000000000004565CCPF;14/09/2022;7;0,06;R
ES0000000000004565CCPF;14/09/2022;8;0,062;R
ES0000000000004565CCPF;14/09/2022;9;0,064;R
ES0000000000004565CCPF;14/09/2022;10;0,063;R
ES0000000000004565CCPF;14/09/2022;11;1,272;R
ES0000000000004565CCPF;14/09/2022;12;0,93;R
ES0000000000004565CCPF;14/09/2022;13;0,155;R
ES0000000000004565CCPF;14/09/2022;14;0,169;R
ES0000000000004565CCPF;14/09/2022;15;0,091;R
ES0000000000004565CCPF;14/09/2022;16;0,154;R
ES0000000000004565CCPF;14/09/2022;17;0,104;R
ES0000000000004565CCPF;14/09/2022;18;0,073;R
ES0000000000004565CCPF;14/09/2022;19;0,074;R
ES0000000000004565CCPF;14/09/2022;20;0,072;R
ES0000000000004565CCPF;14/09/2022;21;0,099;R
ES0000000000004565CCPF;14/09/2022;22;0,537;R
ES0000000000004565CCPF;14/09/2022;23;0,404;R
ES0000000000004565CCPF;15/09/2022;0;0,146;R
ES0000000000004565CCPF;15/09/2022;1;0,086;R
ES0000000000004565CCPF;15/09/2022;2;0,072;R
ES0000000000004565CCPF;15/09/2022;3;0,064;R
ES0000000000004565CCPF;15/09/2022;4;0,061;R
ES0000000000004565CCPF;15/09/2022;5;0,062;R
ES0000000000004565CCPF;15/09/2022;6;0,063;R
ES0000000000004565CCPF;15/09/2022;7;0,059;R
ES0000000000004565CCPF;15/09/2022;8;0,066;R
ES0000000000004565CCPF;15/09/2022;9;0,055;R
ES0000000000004565CCPF;15/09/2022;10;0,219;R
ES0000000000004565CCPF;15/09/2022;11;0,059;R
ES0000000000004565CCPF;15/09/2022;12;0,12;R
ES0000000000004565CCPF;15/09/2022;13;0,117;R
ES0000000000004565CCPF;15/09/2022;14;0,278;R
ES0000000000004565CCPF;15/09/2022;15;0,162;R
ES0000000000004565CCPF;15/09/2022;16;0,1;R
ES0000000000004565CCPF;15/09/2022;17;0,098;R
ES0000000000004565CCPF;15/09/2022;18;0,08;R
ES0000000000004565CCPF;15/09/2022;19;0,072;R
ES0000000000004565CCPF;15/09/2022;20;0,066;R
ES0000000000004565CCPF;15/09/2022;21;0,065;R
ES0000000000004565CCPF;15/09/2022;22;0,911;R
ES0000000000004565CCPF;15/09/2022;23;1,884;R
ES0000000000004565CCPF;16/09/2022;0;0,287;R
ES0000000000004565CCPF;16/09/2022;1;0,104;R
ES0000000000004565CCPF;16/09/2022;2;0,066;R
ES0000000000004565CCPF;16/09/2022;3;0,063;R
ES0000000000004565CCPF;16/09/2022;4;0,069;R
ES0000000000004565CCPF;16/09/2022;5;0,071;R
ES0000000000004565CCPF;16/09/2022;6;0,074;R
ES0000000000004565CCPF;16/09/2022;7;0,065;R
ES0000000000004565CCPF;16/09/2022;8;0,056;R
ES0000000000004565CCPF;16/09/2022;9;0,18;R
ES0000000000004565CCPF;16/09/2022;10;0,897;R
ES0000000000004565CCPF;16/09/2022;11;0,531;R
ES0000000000004565CCPF;16/09/2022;12;0,565;R
ES0000000000004565CCPF;16/09/2022;13;0,104;R
ES0000000000004565CCPF;16/09/2022;14;0,148;R
ES0000000000004565CCPF;16/09/2022;15;0,553;R
ES0000000000004565CCPF;16/09/2022;16;0,536;R
ES0000000000004565CCPF;16/09/2022;17;1,484;R
ES0000000000004565CCPF;16/09/2022;18;0,31;R
ES0000000000004565CCPF;16/09/2022;19;0,204;R
ES0000000000004565CCPF;16/09/2022;20;0,088;R
ES0000000000004565CCPF;16/09/2022;21;0,143;R
ES0000000000004565CCPF;16/09/2022;22;0,083;R
ES0000000000004565CCPF;16/09/2022;23;0,14;R
ES0000000000004565CCPF;17/09/2022;0;0,289;R
ES0000000000004565CCPF;17/09/2022;1;0,107;R
ES0000000000004565CCPF;17/09/2022;2;0,264;R
ES0000000000004565CCPF;17/09/2022;3;0,083;R
ES0000000000004565CCPF;17/09/2022;4;0,055;R
ES0000000000004565CCPF;17/09/2022;5;0,078;R
ES0000000000004565CCPF;17/09/2022;6;0,061;R
ES0000000000004565CCPF;17/09/2022;7;0,057;R
ES0000000000004565CCPF;17/09/2022;8;0,071;R
ES0000000000004565CCPF;17/09/2022;9;0,046;R
ES0000000000004565CCPF;17/09/2022;10;0,191;R
ES0000000000004565CCPF;17/09/2022;11;0,104;R
ES0000000000004565CCPF;17/09/2022;12;0,365;R
ES0000000000004565CCPF;17/09/2022;13;0,154;R
ES0000000000004565CCPF;17/09/2022;14;0,221;R
ES0000000000004565CCPF;17/09/2022;15;0,197;R
ES0000000000004565CCPF;17/09/2022;16;0,201;R
ES0000000000004565CCPF;17/09/2022;17;0,202;R
ES0000000000004565CCPF;17/09/2022;18;0,191;R
ES0000000000004565CCPF;17/09/2022;19;0,09;R
ES0000000000004565CCPF;17/09/2022;20;0,087;R
ES0000000000004565CCPF;17/09/2022;21;0,076;R
ES0000000000004565CCPF;17/09/2022;22;0,069;R
ES0000000000004565CCPF;17/09/2022;23;0,08;R
ES0000000000004565CCPF;18/09/2022;0;0,08;R
ES0000000000004565CCPF;18/09/2022;1;0,358;R
ES0000000000004565CCPF;18/09/2022;2;0,155;R
ES0000000000004565CCPF;18/09/2022;3;0,095;R
ES0000000000004565CCPF;18/09/2022;4;0,058;R
ES0000000000004565CCPF;18/09/2022;5;0,057;R
ES0000000000004565CCPF;18/09/2022;6;0,058;R
ES0000000000004565CCPF;18/09/2022;7;0,051;R
ES0000000000004565CCPF;18/09/2022;8;0,055;R
ES0000000000004565CCPF;18/09/2022;9;0,056;R
ES0000000000004565CCPF;18/09/2022;10;0,055;R
ES0000000000004565CCPF;18/09/2022;11;0,057;R
ES0000000000004565CCPF;18/09/2022;12;0,057;R
ES0000000000004565CCPF;18/09/2022;13;0,057;R
ES0000000000004565CCPF;18/09/2022;14;0,072;R
ES0000000000004565CCPF;18/09/2022;15;0,14;R
ES0000000000004565CCPF;18/09/2022;16;0,058;R
ES0000000000004565CCPF;18/09/2022;17;0,056;R
ES0000000000004565CCPF;18/09/2022;18;0,056;R
ES0000000000004565CCPF;18/09/2022;19;0,056;R
ES0000000000004565CCPF;18/09/2022;20;0,057;R
ES0000000000004565CCPF;18/09/2022;21;0,077;R
ES0000000000004565CCPF;18/09/2022;22;0,297;R
ES0000000000004565CCPF;18/09/2022;23;0,285;R
ES0000000000004565CCPF;19/09/2022;0;0,204;R
ES0000000000004565CCPF;19/09/2022;1;0,064;R
ES0000000000004565CCPF;19/09/2022;2;0,066;R
ES0000000000004565CCPF;19/09/2022;3;0,061;R
ES0000000000004565CCPF;19/09/2022;4;0,059;R
ES0000000000004565CCPF;19/09/2022;5;0,057;R
ES0000000000004565CCPF;19/09/2022;6;0,058;R
ES0000000000004565CCPF;19/09/2022;7;0,059;R
ES0000000000004565CCPF;19/09/2022;8;0,061;R
ES0000000000004565CCPF;19/09/2022;9;0,058;R
ES0000000000004565CCPF;19/09/2022;10;0,077;R
ES0000000000004565CCPF;19/09/2022;11;0,134;R
ES0000000000004565CCPF;19/09/2022;12;0,129;R
ES0000000000004565CCPF;19/09/2022;13;0,128;R
ES0000000000004565CCPF;19/09/2022;14;0,144;R
ES0000000000004565CCPF;19/09/2022;15;0,266;R
ES0000000000004565CCPF;19/09/2022;16;0,149;R
ES0000000000004565CCPF;19/09/2022;17;0,143;R
ES0000000000004565CCPF;19/09/2022;18;0,14;R
ES0000000000004565CCPF;19/09/2022;19;0,1;R
ES0000000000004565CCPF;19/09/2022;20;0,067;R
ES0000000000004565CCPF;19/09/2022;21;0,059;R
ES0000000000004565CCPF;19/09/2022;22;0,142;R
ES0000000000004565CCPF;19/09/2022;23;0,179;R
ES0000000000004565CCPF;20/09/2022;0;0,059;R
ES0000000000004565CCPF;20/09/2022;1;0,063;R
ES0000000000004565CCPF;20/09/2022;2;0,066;R
ES0000000000004565CCPF;20/09/2022;3;0,061;R
ES0000000000004565CCPF;20/09/2022;4;0,06;R
ES0000000000004565CCPF;20/09/2022;5;0,063;R
ES0000000000004565CCPF;20/09/2022;6;0,059;R
ES0000000000004565CCPF;20/09/2022;7;0,069;R
ES0000000000004565CCPF;20/09/2022;8;0,057;R
ES0000000000004565CCPF;20/09/2022;9;0,059;R
ES0000000000004565CCPF;20/09/2022;10;0,062;R
ES0000000000004565CCPF;20/09/2022;11;0,136;R
ES0000000000004565CCPF;20/09/2022;12;0,151;R
ES0000000000004565CCPF;20/09/2022;13;0,146;R
ES0000000000004565CCPF;20/09/2022;14;0,3;R
ES0000000000004565CCPF;20/09/2022;15;0,122;R
ES0000000000004565CCPF;20/09/2022;16;0,068;R
ES0000000000004565CCPF;20/09/2022;17;0,062;R
ES0000000000004565CCPF;20/09/2022;18;0,06;R
ES0000000000004565CCPF;20/09/2022;19;0,065;R
ES0000000000004565CCPF;20/09/2022;20;0,186;R
ES0000000000004565CCPF;20/09/2022;21;0,209;R
ES0000000000004565CCPF;20/09/2022;22;0,345;R
ES0000000000004565CCPF;20/09/2022;23;0,704;R
ES0000000000004565CCPF;21/09/2022;0;0,072;R
ES0000000000004565CCPF;21/09/2022;1;0,077;R
ES0000000000004565CCPF;21/09/2022;2;0,061;R
ES0000000000004565CCPF;21/09/2022;3;0,058;R
ES0000000000004565CCPF;21/09/2022;4;0,062;R
ES0000000000004565CCPF;21/09/2022;5;0,054;R
ES0000000000004565CCPF;21/09/2022;6;0,053;R
ES0000000000004565CCPF;21/09/2022;7;0,061;R
ES0000000000004565CCPF;21/09/2022;8;0,063;R
ES0000000000004565CCPF;21/09/2022;9;0,056;R
ES0000000000004565CCPF;21/09/2022;10;0,053;R
ES0000000000004565CCPF;21/09/2022;11;0,052;R
ES0000000000004565CCPF;21/09/2022;12;0,067;R
ES0000000000004565CCPF;21/09/2022;13;0,151;R
ES0000000000004565CCPF;21/09/2022;14;0,187;R
ES0000000000004565CCPF;21/09/2022;15;0,431;R
ES0000000000004565CCPF;21/09/2022;16;0,658;R
ES0000000000004565CCPF;21/09/2022;17;0,15;R
ES0000000000004565CCPF;21/09/2022;18;0,073;R
ES0000000000004565CCPF;21/09/2022;19;0,101;R
ES0000000000004565CCPF;21/09/2022;20;0,073;R
ES0000000000004565CCPF;21/09/2022;21;0,081;R
ES0000000000004565CCPF;21/09/2022;22;0,115;R
ES0000000000004565CCPF;21/09/2022;23;0,352;R
ES0000000000004565CCPF;22/09/2022;0;0,366;R
ES0000000000004565CCPF;22/09/2022;1;0,264;R
ES0000000000004565CCPF;22/09/2022;2;0,061;R
ES0000000000004565CCPF;22/09/2022;3;0,064;R
ES0000000000004565CCPF;22/09/2022;4;0,062;R
ES0000000000004565CCPF;22/09/2022;5;0,058;R
ES0000000000004565CCPF;22/09/2022;6;0,057;R
ES0000000000004565CCPF;22/09/2022;7;0,054;R
ES0000000000004565CCPF;22/09/2022;8;0,054;R
ES0000000000004565CCPF;22/09/2022;9;0,26;R
ES0000000000004565CCPF;22/09/2022;10;0,062;R
ES0000000000004565CCPF;22/09/2022;11;0,059;R
ES0000000000004565CCPF;22/09/2022;12;0,062;R
ES0000000000004565CCPF;22/09/2022;13;0,09;R
ES0000000000004565CCPF;22/09/2022;14;0,769;R
ES0000000000004565CCPF;22/09/2022;15;0,303;R
ES0000000000004565CCPF;22/09/2022;16;0,71;R
ES0000000000004565CCPF;22/09/2022;17;0,136;R
ES0000000000004565CCPF;22/09/2022;18;0,077;R
ES0000000000004565CCPF;22/09/2022;19;0,07;R
ES0000000000004565CCPF;22/09/2022;20;0,077;R
ES0000000000004565CCPF;22/09/2022;21;0,293;R
ES0000000000004565CCPF;22/09/2022;22;0,305;R
ES0000000000004565CCPF;22/09/2022;23;0,281;R
ES0000000000004565CCPF;23/09/2022;0;0,235;R
ES0000000000004565CCPF;23/09/2022;1;0,13;R
ES0000000000004565CCPF;23/09/2022;2;0,082;R
ES0000000000004565CCPF;23/09/2022;3;0,072;R
ES0000000000004565CCPF;23/09/2022;4;0,067;R
ES0000000000004565CCPF;23/09/2022;5;0,065;R
ES0000000000004565CCPF;23/09/2022;6;0,064;R
ES0000000000004565CCPF;23/09/2022;7;0,072;R
ES0000000000004565CCPF;23/09/2022;8;0,402;R
ES0000000000004565CCPF;23/09/2022;9;0,08;R
ES0000000000004565CCPF;23/09/2022;10;0,053;R
ES0000000000004565CCPF;23/09/2022;11;0,05;R
ES0000000000004565CCPF;23/09/2022;12;0,104;R
ES0000000000004565CCPF;23/09/2022;13;0,935;R
ES0000000000004565CCPF;23/09/2022;14;0,154;R
ES0000000000004565CCPF;23/09/2022;15;0,146;R
ES0000000000004565CCPF;23/09/2022;16;0,177;R
ES0000000000004565CCPF;23/09/2022;17;0,134;R
ES0000000000004565CCPF;23/09/2022;18;0,138;R
ES0000000000004565CCPF;23/09/2022;19;0,153;R
ES0000000000004565CCPF;23/09/2022;20;0,146;R
ES0000000000004565CCPF;23/09/2022;21;0,192;R
ES0000000000004565CCPF;23/09/2022;22;0,07;R
ES0000000000004565CCPF;23/09/2022;23;0,839;R
ES0000000000004565CCPF;24/09/2022;0;0,195;R
ES0000000000004565CCPF;24/09/2022;1;0,232;R
ES0000000000004565CCPF;24/09/2022;2;0,312;R
ES0000000000004565CCPF;24/09/2022;3;0,321;R
ES0000000000004565CCPF;24/09/2022;4;0,163;R
ES0000000000004565CCPF;24/09/2022;5;0,056;R
ES0000000000004565CCPF;24/09/2022;6;0,05;R
ES0000000000004565CCPF;24/09/2022;7;0,064;R
ES0000000000004565CCPF;24/09/2022;8;0,06;R
ES0000000000004565CCPF;24/09/2022;9;0,054;R
ES0000000000004565CCPF;24/09/2022;10;0,046;R
ES0000000000004565CCPF;24/09/2022;11;0,043;R
ES0000000000004565CCPF;24/09/2022;12;0,057;R
ES0000000000004565CCPF;24/09/2022;13;0,058;R
ES0000000000004565CCPF;24/09/2022;14;0,059;R
ES0000000000004565CCPF;24/09/2022;15;0,085;R
ES0000000000004565CCPF;24/09/2022;16;0,084;R
ES0000000000004565CCPF;24/09/2022;17;0,236;R
ES0000000000004565CCPF;24/09/2022;18;0,145;R
ES0000000000004565CCPF;24/09/2022;19;0,139;R
ES0000000000004565CCPF;24/09/2022;20;0,309;R
ES0000000000004565CCPF;24/09/2022;21;0,298;R
ES0000000000004565CCPF;24/09/2022;22;0,662;R
ES0000000000004565CCPF;24/09/2022;23;0,118;R
ES0000000000004565CCPF;25/09/2022;0;0,05;R
ES0000000000004565CCPF;25/09/2022;1;0,162;R
ES0000000000004565CCPF;25/09/2022;2;0,065;R
ES0000000000004565CCPF;25/09/2022;3;0,062;R
ES0000000000004565CCPF;25/09/2022;4;0,061;R
ES0000000000004565CCPF;25/09/2022;5;0,051;R
ES0000000000004565CCPF;25/09/2022;6;0,048;R
ES0000000000004565CCPF;25/09/2022;7;0,058;R
ES0000000000004565CCPF;25/09/2022;8;0,057;R
ES0000000000004565CCPF;25/09/2022;9;0,053;R
ES0000000000004565CCPF;25/09/2022;10;0,05;R
ES0000000000004565CCPF;25/09/2022;11;0,061;R
ES0000000000004565CCPF;25/09/2022;12;0,068;R
ES0000000000004565CCPF;25/09/2022;13;0,075;R
ES0000000000004565CCPF;25/09/2022;14;0,062;R
ES0000000000004565CCPF;25/09/2022;15;0,234;R
ES0000000000004565CCPF;25/09/2022;16;0,282;R
ES0000000000004565CCPF;25/09/2022;17;0,193;R
ES0000000000004565CCPF;25/09/2022;18;0,179;R
ES0000000000004565CCPF;25/09/2022;19;0,172;R
ES0000000000004565CCPF;25/09/2022;20;0,183;R
ES0000000000004565CCPF;25/09/2022;21;0,198;R
ES0000000000004565CCPF;25/09/2022;22;0,4;R
ES0000000000004565CCPF;25/09/2022;23;0,153;R
ES0000000000004565CCPF;26/09/2022;0;0,054;R
ES0000000000004565CCPF;26/09/2022;1;0,049;R
ES0000000000004565CCPF;26/09/2022;2;0,052;R
ES0000000000004565CCPF;26/09/2022;3;0,055;R
ES0000000000004565CCPF;26/09/2022;4;0,049;R
ES0000000000004565CCPF;26/09/2022;5;0,054;R
ES0000000000004565CCPF;26/09/2022;6;0,054;R
ES0000000000004565CCPF;26/09/2022;7;0,048;R
ES0000000000004565CCPF;26/09/2022;8;0,055;R
ES0000000000004565CCPF;26/09/2022;9;0,057;R
ES0000000000004565CCPF;26/09/2022;10;0,049;R
ES0000000000004565CCPF;26/09/2022;11;0,075;R
ES0000000000004565CCPF;26/09/2022;12;0,075;R
ES0000000000004565CCPF;26/09/2022;13;0,068;R
ES0000000000004565CCPF;26/09/2022;14;0,138;R
ES0000000000004565CCPF;26/09/2022;15;0,141;R
ES0000000000004565CCPF;26/09/2022;16;0,129;R
ES0000000000004565CCPF;26/09/2022;17;0,146;R
ES0000000000004565CCPF;26/09/2022;18;0,104;R
ES0000000000004565CCPF;26/09/2022;19;0,054;R
ES0000000000004565CCPF;26/09/2022;20;0,101;R
ES0000000000004565CCPF;26/09/2022;21;0,106;R
ES0000000000004565CCPF;26/09/2022;22;0,06;R
ES0000000000004565CCPF;26/09/2022;23;0,201;R
ES0000000000004565CCPF;27/09/2022;0;0,247;R
ES0000000000004565CCPF;27/09/2022;1;0,065;R
ES0000000000004565CCPF;27/09/2022;2;0,054;R
ES0000000000004565CCPF;27/09/2022;3;0,053;R
ES0000000000004565CCPF;27/09/2022;4;0,054;R
ES0000000000004565CCPF;27/09/2022;5;0,056;R
ES0000000000004565CCPF;27/09/2022;6;0,059;R
ES0000000000004565CCPF;27/09/2022;7;0,058;R
ES0000000000004565CCPF;27/09/2022;8;0,06;R
ES0000000000004565CCPF;27/09/2022;9;0,067;R
ES0000000000004565CCPF;27/09/2022;10;0,064;R
ES0000000000004565CCPF;27/09/2022;11;0,055;R
ES0000000000004565CCPF;27/09/2022;12;0,054;R
ES0000000000004565CCPF;27/09/2022;13;0,057;R
ES0000000000004565CCPF;27/09/2022;14;0,095;R
ES0000000000004565CCPF;27/09/2022;15;0,174;R
ES0000000000004565CCPF;27/09/2022;16;0,054;R
ES0000000000004565CCPF;27/09/2022;17;0,055;R
ES0000000000004565CCPF;27/09/2022;18;0,055;R
ES0000000000004565CCPF;27/09/2022;19;0,055;R
ES0000000000004565CCPF;27/09/2022;20;0,051;R
ES0000000000004565CCPF;27/09/2022;21;0,05;R
ES0000000000004565CCPF;27/09/2022;22;0,157;R
ES0000000000004565CCPF;27/09/2022;23;0,344;R
ES0000000000004565CCPF;28/09/2022;0;0,08;R
ES0000000000004565CCPF;28/09/2022;1;0,064;R
ES0000000000004565CCPF;28/09/2022;2;0,06;R
ES0000000000004565CCPF;28/09/2022;3;0,056;R
ES0000000000004565CCPF;28/09/2022;4;0,056;R
ES0000000000004565CCPF;28/09/2022;5;0,052;R
ES0000000000004565CCPF;28/09/2022;6;0,05;R
ES0000000000004565CCPF;28/09/2022;7;0,052;R
ES0000000000004565CCPF;28/09/2022;8;0,053;R
ES0000000000004565CCPF;28/09/2022;9;0,056;R
ES0000000000004565CCPF;28/09/2022;10;0,057;R
ES0000000000004565CCPF;28/09/2022;11;0,054;R
ES0000000000004565CCPF;28/09/2022;12;0,054;R
ES0000000000004565CCPF;28/09/2022;13;0,054;R
ES0000000000004565CCPF;28/09/2022;14;0,053;R
ES0000000000004565CCPF;28/09/2022;15;0,049;R
ES0000000000004565CCPF;28/09/2022;16;0,044;R
ES0000000000004565CCPF;28/09/2022;17;0,048;R
ES0000000000004565CCPF;28/09/2022;18;0,052;R
ES0000000000004565CCPF;28/09/2022;19;0,056;R
ES0000000000004565CCPF;28/09/2022;20;0,056;R
ES0000000000004565CCPF;28/09/2022;21;0,056;R
ES0000000000004565CCPF;28/09/2022;22;0,067;R
ES0000000000004565CCPF;28/09/2022;23;0,261;R
ES0000000000004565CCPF;29/09/2022;0;0,229;R
ES0000000000004565CCPF;29/09/2022;1;0,219;R
ES0000000000004565CCPF;29/09/2022;2;0,05;R
ES0000000000004565CCPF;29/09/2022;3;0,047;R
ES0000000000004565CCPF;29/09/2022;4;0,054;R
ES0000000000004565CCPF;29/09/2022;5;0,055;R
ES0000000000004565CCPF;29/09/2022;6;0,054;R
ES0000000000004565CCPF;29/09/2022;7;0,054;R
ES0000000000004565CCPF;29/09/2022;8;0,052;R
ES0000000000004565CCPF;29/09/2022;9;0,051;R
ES0000000000004565CCPF;29/09/2022;10;0,04;R
ES0000000000004565CCPF;29/09/2022;11;0,051;R
ES0000000000004565CCPF;29/09/2022;12;0,048;R
ES0000000000004565CCPF;29/09/2022;13;0,051;R
ES0000000000004565CCPF;29/09/2022;14;0,081;R
ES0000000000004565CCPF;29/09/2022;15;0,185;R
ES0000000000004565CCPF;29/09/2022;16;0,279;R
ES0000000000004565CCPF;29/09/2022;17;0,055;R
ES0000000000004565CCPF;29/09/2022;18;0,237;R
ES0000000000004565CCPF;29/09/2022;19;0,734;R
ES0000000000004565CCPF;29/09/2022;20;0,143;R
ES0000000000004565CCPF;29/09/2022;21;0,377;R
ES0000000000004565CCPF;29/09/2022;22;0,317;R
ES0000000000004565CCPF;29/09/2022;23;0,313;R
ES0000000000004565CCPF;30/09/2022;0;0,248;R
ES0000000000004565CCPF;30/09/2022;1;0,088;R
ES0000000000004565CCPF;30/09/2022;2;0,065;R
ES0000000000004565CCPF;30/09/2022;3;0,054;R
ES0000000000004565CCPF;30/09/2022;4;0,062;R
ES0000000000004565CCPF;30/09/2022;5;0,061;R
ES0000000000004565CCPF;30/09/2022;6;0,058;R
ES0000000000004565CCPF;30/09/2022;7;0,175;R
ES0000000000004565CCPF;30/09/2022;8;0,045;R
ES0000000000004565CCPF;30/09/2022;9;0,056;R
ES0000000000004565CCPF;30/09/2022;10;0,063;R
ES0000000000004565CCPF;30/09/2022;11;0,058;R
ES0000000000004565CCPF;30/09/2022;12;0,074;R
ES0000000000004565CCPF;30/09/2022;13;0,156;R
ES0000000000004565CCPF;30/09/2022;14;0,19;R
ES0000000000004565CCPF;30/09/2022;15;0,058;R
ES0000000000004565CCPF;30/09/2022;16;0,043;R
ES0000000000004565CCPF;30/09/2022;17;0,053;R
ES0000000000004565CCPF;30/09/2022;18;0,056;R
ES0000000000004565CCPF;30/09/2022;19;0,062;R
ES0000000000004565CCPF;30/09/2022;20;0,041;R
ES0000000000004565CCPF;30/09/2022;21;0,053;R
ES0000000000004565CCPF;30/09/2022;22;0,057;R
ES0000000000004565CCPF;30/09/2022;23;0,053;R
ES0000000000004565CCPF;01/10/2022;0;0,043;R
ES0000000000004565CCPF;01/10/2022;1;0,048;R
ES0000000000004565CCPF;01/10/2022;2;0,052;R
ES0000000000004565CCPF;01/10/2022;3;0,05;R
ES0000000000004565CCPF;01/10/2022;4;0,035;R
ES0000000000004565CCPF;01/10/2022;5;0,055;R
ES0000000000004565CCPF;01/10/2022;6;0,055;R
ES0000000000004565CCPF;01/10/2022;7;0,053;R
ES0000000000004565CCPF;01/10/2022;8;0,041;R
ES0000000000004565CCPF;01/10/2022;9;0,055;R
ES0000000000004565CCPF;01/10/2022;10;0,054;R
ES0000000000004565CCPF;01/10/2022;11;0,044;R
ES0000000000004565CCPF;01/10/2022;12;0,049;R
ES0000000000004565CCPF;01/10/2022;13;0,056;R
ES0000000000004565CCPF;01/10/2022;14;0,054;R
ES0000000000004565CCPF;01/10/2022;15;0,037;R
ES0000000000004565CCPF;01/10/2022;16;0,053;R
ES0000000000004565CCPF;01/10/2022;17;0,052;R
ES0000000000004565CCPF;01/10/2022;18;0,051;R
ES0000000000004565CCPF;01/10/2022;19;0,036;R
ES0000000000004565CCPF;01/10/2022;20;0,055;R
ES0000000000004565CCPF;01/10/2022;21;0,165;R
ES0000000000004565CCPF;01/10/2022;22;1,112;R
ES0000000000004565CCPF;01/10/2022;23;0,347;R
ES0000000000004565CCPF;02/10/2022;0;0,234;R
ES0000000000004565CCPF;02/10/2022;1;0,091;R
ES0000000000004565CCPF;02/10/2022;2;0,062;R
ES0000000000004565CCPF;02/10/2022;3;0,056;R
ES0000000000004565CCPF;02/10/2022;4;0,052;R
ES0000000000004565CCPF;02/10/2022;5;0,043;R
ES0000000000004565CCPF;02/10/2022;6;0,053;R
ES0000000000004565CCPF;02/10/2022;7;0,054;R
ES0000000000004565CCPF;02/10/2022;8;0,048;R
ES0000000000004565CCPF;02/10/2022;9;0,043;R
ES0000000000004565CCPF;02/10/2022;10;0,054;R
ES0000000000004565CCPF;02/10/2022;11;0,054;R
ES0000000000004565CCPF;02/10/2022;12;0,048;R
ES0000000000004565CCPF;02/10/2022;13;0,105;R
ES0000000000004565CCPF;02/10/2022;14;0,115;R
ES0000000000004565CCPF;02/10/2022;15;0,055;R
ES0000000000004565CCPF;02/10/2022;16;0,052;R
ES0000000000004565CCPF;02/10/2022;17;0,04;R
ES0000000000004565CCPF;02/10/2022;18;0,056;R
ES0000000000004565CCPF;02/10/2022;19;0,056;R
ES0000000000004565CCPF;02/10/2022;20;0,092;R
ES0000000000004565CCPF;02/10/2022;21;0,208;R
ES0000000000004565CCPF;02/10/2022;22;0,167;R
ES0000000000004565CCPF;02/10/2022;23;0,217;R
ES0000000000004565CCPF;03/10/2022;0;0,253;R
ES0000000000004565CCPF;03/10/2022;1;0,125;R
ES0000000000004565CCPF;03/10/2022;2;0,063;R
ES0000000000004565CCPF;03/10/2022;3;0,046;R
ES0000000000004565CCPF;03/10/2022;4;0,053;R
ES0000000000004565CCPF;03/10/2022;5;0,056;R
ES0000000000004565CCPF;03/10/2022;6;0,053;R
ES0000000000004565CCPF;03/10/2022;7;0,052;R
ES0000000000004565CCPF;03/10/2022;8;0,044;R
ES0000000000004565CCPF;03/10/2022;9;0,058;R
ES0000000000004565CCPF;03/10/2022;10;0,054;R
ES0000000000004565CCPF;03/10/2022;11;0,055;R
ES0000000000004565CCPF;03/10/2022;12;0,039;R
ES0000000000004565CCPF;03/10/2022;13;0,06;R
ES0000000000004565CCPF;03/10/2022;14;0,917;R
ES0000000000004565CCPF;03/10/2022;15;0,872;R
ES0000000000004565CCPF;03/10/2022;16;0,272;R
ES0000000000004565CCPF;03/10/2022;17;0,195;R
ES0000000000004565CCPF;03/10/2022;18;0,256;R
ES0000000000004565CCPF;03/10/2022;19;0,259;R
ES0000000000004565CCPF;03/10/2022;20;0,204;R
ES0000000000004565CCPF;03/10/2022;21;0,144;R
ES0000000000004565CCPF;03/10/2022;22;0,143;R
ES0000000000004565CCPF;03/10/2022;23;0,325;R
ES0000000000004565CCPF;04/10/2022;0;0,12;R
ES0000000000004565CCPF;04/10/2022;1;0,054;R
ES0000000000004565CCPF;04/10/2022;2;0,047;R
ES0000000000004565CCPF;04/10/2022;3;0,05;R
ES0000000000004565CCPF;04/10/2022;4;0,058;R
ES0000000000004565CCPF;04/10/2022;5;0,055;R
ES0000000000004565CCPF;04/10/2022;6;0,043;R
ES0000000000004565CCPF;04/10/2022;7;0,055;R
ES0000000000004565CCPF;04/10/2022;8;0,054;R
ES0000000000004565CCPF;04/10/2022;9;0,053;R
ES0000000000004565CCPF;04/10/2022;10;0,037;R
ES0000000000004565CCPF;04/10/2022;11;0,135;R
ES0000000000004565CCPF;04/10/2022;12;0,161;R
ES0000000000004565CCPF;04/10/2022;13;0,054;R
ES0000000000004565CCPF;04/10/2022;14;0,049;R
ES0000000000004565CCPF;04/10/2022;15;0,042;R
ES0000000000004565CCPF;04/10/2022;16;0,057;R
ES0000000000004565CCPF;04/10/2022;17;0,054;R
ES0000000000004565CCPF;04/10/2022;18;0,113;R
ES0000000000004565CCPF;04/10/2022;19;0,553;R
ES0000000000004565CCPF;04/10/2022;20;0,208;R
ES0000000000004565CCPF;04/10/2022;21;0,091;R
ES0000000000004565CCPF;04/10/2022;22;0,282;R
ES0000000000004565CCPF;04/10/2022;23;0,277;R
ES0000000000004565CCPF;05/10/2022;0;0,273;R
ES0000000000004565CCPF;05/10/2022;1;0,07;R
ES0000000000004565CCPF;05/10/2022;2;0,058;R
ES0000000000004565CCPF;05/10/2022;3;0,056;R
ES0000000000004565CCPF;05/10/2022;4;0,061;R
ES0000000000004565CCPF;05/10/2022;5;0,06;R
ES0000000000004565CCPF;05/10/2022;6;0,061;R
ES0000000000004565CCPF;05/10/2022;7;0,059;R
ES0000000000004565CCPF;05/10/2022;8;0,054;R
ES0000000000004565CCPF;05/10/2022;9;0,673;R
ES0000000000004565CCPF;05/10/2022;10;0,204;R
ES0000000000004565CCPF;05/10/2022;11;0,068;R
ES0000000000004565CCPF;05/10/2022;12;0,103;R
ES0000000000004565CCPF;05/10/2022;13;0,166;R
ES0000000000004565CCPF;05/10/2022;14;0,257;R
ES0000000000004565CCPF;05/10/2022;15;0,068;R
ES0000000000004565CCPF;05/10/2022;16;0,067;R
ES0000000000004565CCPF;05/10/2022;17;0,075;R
ES0000000000004565CCPF;05/10/2022;18;0,11;R
ES0000000000004565CCPF;05/10/2022;19;0,075;R
ES0000000000004565CCPF;05/10/2022;20;0,079;R
ES0000000000004565CCPF;05/10/2022;21;0,063;R
ES0000000000004565CCPF;05/10/2022;22;0,42;R
ES0000000000004565CCPF;05/10/2022;23;0,53;R
ES0000000000004565CCPF;06/10/2022;0;0,313;R
ES0000000000004565CCPF;06/10/2022;1;0,078;R
ES0000000000004565CCPF;06/10/2022;2;0,057;R
ES0000000000004565CCPF;06/10/2022;3;0,053;R
ES0000000000004565CCPF;06/10/2022;4;0,061;R
ES0000000000004565CCPF;06/10/2022;5;0,062;R
ES0000000000004565CCPF;06/10/2022;6;0,057;R
ES0000000000004565CCPF;06/10/2022;7;0,049;R
ES0000000000004565CCPF;06/10/2022;8;0,049;R
ES0000000000004565CCPF;06/10/2022;9;0,057;R
ES0000000000004565CCPF;06/10/2022;10;0,146;R
ES0000000000004565CCPF;06/10/2022;11;0,938;R
ES0000000000004565CCPF;06/10/2022;12;0,385;R
ES0000000000004565CCPF;06/10/2022;13;0,476;R
ES0000000000004565CCPF;06/10/2022;14;0,302;R
ES0000000000004565CCPF;06/10/2022;15;0,8;R
ES0000000000004565CCPF;06/10/2022;16;0,739;R
ES0000000000004565CCPF;06/10/2022;17;0,063;R
ES0000000000004565CCPF;06/10/2022;18;0,167;R
ES0000000000004565CCPF;06/10/2022;19;0,596;R
ES0000000000004565CCPF;06/10/2022;20;0,356;R
ES0000000000004565CCPF;06/10/2022;21;0,323;R
ES0000000000004565CCPF;06/10/2022;22;0,281;R
ES0000000000004565CCPF;06/10/2022;23;0,273;R
ES0000000000004565CCPF;07/10/2022;0;0,199;R
ES0000000000004565CCPF;07/10/2022;1;0,058;R
ES0000000000004565CCPF;07/10/2022;2;0,062;R
ES0000000000004565CCPF;07/10/2022;3;0,058;R
ES0000000000004565CCPF;07/10/2022;4;0,051;R
ES0000000000004565CCPF;07/10/2022;5;0,049;R
ES0000000000004565CCPF;07/10/2022;6;0,046;R
ES0000000000004565CCPF;07/10/2022;7;0,057;R
ES0000000000004565CCPF;07/10/2022;8;0,059;R
ES0000000000004565CCPF;07/10/2022;9;0,054;R
ES0000000000004565CCPF;07/10/2022;10;0,576;R
ES0000000000004565CCPF;07/10/2022;11;0,246;R
ES0000000000004565CCPF;07/10/2022;12;0,049;R
ES0000000000004565CCPF;07/10/2022;13;0,084;R
ES0000000000004565CCPF;07/10/2022;14;0,133;R
ES0000000000004565CCPF;07/10/2022;15;0,172;R
ES0000000000004565CCPF;07/10/2022;16;0,132;R
ES0000000000004565CCPF;07/10/2022;17;0,063;R
ES0000000000004565CCPF;07/10/2022;18;0,057;R
ES0000000000004565CCPF;07/10/2022;19;0,069;R
ES0000000000004565CCPF;07/10/2022;20;0,056;R
ES0000000000004565CCPF;07/10/2022;21;0,056;R
ES0000000000004565CCPF;07/10/2022;22;0,047;R
ES0000000000004565CCPF;07/10/2022;23;0,049;R
ES0000000000004565CCPF;08/10/2022;0;0,057;R
ES0000000000004565CCPF;08/10/2022;1;0,106;R
ES0000000000004565CCPF;08/10/2022;2;0,254;R
ES0000000000004565CCPF;08/10/2022;3;0,055;R
ES0000000000004565CCPF;08/10/2022;4;0,045;R
ES0000000000004565CCPF;08/10/2022;5;0,055;R
ES0000000000004565CCPF;08/10/2022;6;0,056;R
ES0000000000004565CCPF;08/10/2022;7;0,051;R
ES0000000000004565CCPF;08/10/2022;8;0,052;R
ES0000000000004565CCPF;08/10/2022;9;0,04;R
ES0000000000004565CCPF;08/10/2022;10;0,049;R
ES0000000000004565CCPF;08/10/2022;11;0,056;R
ES0000000000004565CCPF;08/10/2022;12;0,052;R
ES0000000000004565CCPF;08/10/2022;13;0,097;R
ES0000000000004565CCPF;08/10/2022;14;0,05;R
ES0000000000004565CCPF;08/10/2022;15;0,055;R
ES0000000000004565CCPF;08/10/2022;16;0,055;R
ES0000000000004565CCPF;08/10/2022;17;0,055;R
ES0000000000004565CCPF;08/10/2022;18;0,055;R
ES0000000000004565CCPF;08/10/2022;19;0,059;R
ES0000000000004565CCPF;08/10/2022;20;0,051;R
ES0000000000004565CCPF;08/10/2022;21;0,15;R
ES0000000000004565CCPF;08/10/2022;22;0,147;R
ES0000000000004565CCPF;08/10/2022;23;0,152;R
ES0000000000004565CCPF;09/10/2022;0;0,063;R
ES0000000000004565CCPF;09/10/2022;1;0,063;R
ES0000000000004565CCPF;09/10/2022;2;0,061;R
ES0000000000004565CCPF;09/10/2022;3;0,063;R
ES0000000000004565CCPF;09/10/2022;4;0,061;R
ES0000000000004565CCPF;09/10/2022;5;0,048;R
ES0000000000004565CCPF;09/10/2022;6;0,066;R
ES0000000000004565CCPF;09/10/2022;7;0,062;R
ES0000000000004565CCPF;09/10/2022;8;0,062;R
ES0000000000004565CCPF;09/10/2022;9;0,061;R
ES0000000000004565CCPF;09/10/2022;10;0,059;R
ES0000000000004565CCPF;09/10/2022;11;0,052;R
ES0000000000004565CCPF;09/10/2022;12;0,129;R
ES0000000000004565CCPF;09/10/2022;13;0,153;R
ES0000000000004565CCPF;09/10/2022;14;0,152;R
ES0000000000004565CCPF;09/10/2022;15;0,368;R
ES0000000000004565CCPF;09/10/2022;16;0,176;R
ES0000000000004565CCPF;09/10/2022;17;0,176;R
ES0000000000004565CCPF;09/10/2022;18;0,177;R
ES0000000000004565CCPF;09/10/2022;19;0,187;R
ES0000000000004565CCPF;09/10/2022;20;0,338;R
ES0000000000004565CCPF;09/10/2022;21;0,481;R
ES0000000000004565CCPF;09/10/2022;22;0,602;R
ES0000000000004565CCPF;09/10/2022;23;0,385;R
ES0000000000004565CCPF;10/10/2022;0;0,157;R
ES0000000000004565CCPF;10/10/2022;1;0,064;R
ES0000000000004565CCPF;10/10/2022;2;0,065;R
ES0000000000004565CCPF;10/10/2022;3;0,058;R
ES0000000000004565CCPF;10/10/2022;4;0,056;R
ES0000000000004565CCPF;10/10/2022;5;0,053;R
ES0000000000004565CCPF;10/10/2022;6;0,053;R
ES0000000000004565CCPF;10/10/2022;7;0,055;R
ES0000000000004565CCPF;10/10/2022;8;0,052;R
ES0000000000004565CCPF;10/10/2022;9;0,059;R
ES0000000000004565CCPF;10/10/2022;10;0,12;R
ES0000000000004565CCPF;10/10/2022;11;0,169;R
ES0000000000004565CCPF;10/10/2022;12;0,172;R
ES0000000000004565CCPF;10/10/2022;13;0,343;R
ES0000000000004565CCPF;10/10/2022;14;0,197;R
ES0000000000004565CCPF;10/10/2022;15;0,062;R
ES0000000000004565CCPF;10/10/2022;16;0,06;R
ES0000000000004565CCPF;10/10/2022;17;0,061;R
ES0000000000004565CCPF;10/10/2022;18;0,058;R
ES0000000000004565CCPF;10/10/2022;19;0,05;R
ES0000000000004565CCPF;10/10/2022;20;0,058;R
ES0000000000004565CCPF;10/10/2022;21;0,169;R
ES0000000000004565CCPF;10/10/2022;22;0,111;R
ES0000000000004565CCPF;10/10/2022;23;0,06;R
ES0000000000004565CCPF;11/10/2022;0;0,058;R
ES0000000000004565CCPF;11/10/2022;1;0,057;R
ES0000000000004565CCPF;11/10/2022;2;0,048;R
ES0000000000004565CCPF;11/10/2022;3;0,06;R
ES0000000000004565CCPF;11/10/2022;4;0,062;R
ES0000000000004565CCPF;11/10/2022;5;0,059;R
ES0000000000004565CCPF;11/10/2022;6;0,051;R
ES0000000000004565CCPF;11/10/2022;7;0,052;R
ES0000000000004565CCPF;11/10/2022;8;0,058;R
ES0000000000004565CCPF;11/10/2022;9;0,061;R
ES0000000000004565CCPF;11/10/2022;10;0,074;R
ES0000000000004565CCPF;11/10/2022;11;0,094;R
ES0000000000004565CCPF;11/10/2022;12;0,054;R
ES0000000000004565CCPF;11/10/2022;13;0,122;R
ES0000000000004565CCPF;11/10/2022;14;1,32;R
ES0000000000004565CCPF;11/10/2022;15;0,077;R
ES0000000000004565CCPF;11/10/2022;16;0,057;R
ES0000000000004565CCPF;11/10/2022;17;0,057;R
ES0000000000004565CCPF;11/10/2022;18;0,057;R
ES0000000000004565CCPF;11/10/2022;19;0,056;R
ES0000000000004565CCPF;11/10/2022;20;0,065;R
ES0000000000004565CCPF;11/10/2022;21;0,204;R
ES0000000000004565CCPF;11/10/2022;22;0,312;R
ES0000000000004565CCPF;11/10/2022;23;0,329;R
ES0000000000004565CCPF;12/10/2022;0;0,207;R
ES0000000000004565CCPF;12/10/2022;1;0,062;R
ES0000000000004565CCPF;12/10/2022;2;0,06;R
ES0000000000004565CCPF;12/10/2022;3;0,053;R
ES0000000000004565CCPF;12/10/2022;4;0,067;R
ES0000000000004565CCPF;12/10/2022;5;0,057;R
ES0000000000004565CCPF;12/10/2022;6;0,057;R
ES0000000000004565CCPF;12/10/2022;7;0,052;R
ES0000000000004565CCPF;12/10/2022;8;0,056;R
ES0000000000004565CCPF;12/10/2022;9;0,196;R
ES0000000000004565CCPF;12/10/2022;10;0,152;R
ES0000000000004565CCPF;12/10/2022;11;0,085;R
ES0000000000004565CCPF;12/10/2022;12;0,172;R
ES0000000000004565CCPF;12/10/2022;13;0,118;R
ES0000000000004565CCPF;12/10/2022;14;0,076;R
ES0000000000004565CCPF;12/10/2022;15;0,053;R
ES0000000000004565CCPF;12/10/2022;16;0,049;R
ES0000000000004565CCPF;12/10/2022;17;0,048;R
ES0000000000004565CCPF;12/10/2022;18;0,047;R
ES0000000000004565CCPF;12/10/2022;19;0,132;R
ES0000000000004565CCPF;12/10/2022;20;0,054;R
ES0000000000004565CCPF;12/10/2022;21;0,129;R
ES0000000000004565CCPF;12/10/2022;22;0,312;R
ES0000000000004565CCPF;12/10/2022;23;0,27;R
ES0000000000004565CCPF;13/10/2022;0;0,159;R
ES0000000000004565CCPF;13/10/2022;1;0,058;R
ES0000000000004565CCPF;13/10/2022;2;0,06;R
ES0000000000004565CCPF;13/10/2022;3;0,059;R
ES0000000000004565CCPF;13/10/2022;4;0,059;R
ES0000000000004565CCPF;13/10/2022;5;0,058;R
ES0000000000004565CCPF;13/10/2022;6;0,059;R
ES0000000000004565CCPF;13/10/2022;7;0,058;R
ES0000000000004565CCPF;13/10/2022;8;0,057;R
ES0000000000004565CCPF;13/10/2022;9;0,113;R
ES0000000000004565CCPF;13/10/2022;10;1,224;R
ES0000000000004565CCPF;13/10/2022;11;0,295;R
ES0000000000004565CCPF;13/10/2022;12;0,146;R
ES0000000000004565CCPF;13/10/2022;13;0,63;R
ES0000000000004565CCPF;13/10/2022;14;0,353;R
ES0000000000004565CCPF;13/10/2022;15;0,094;R
ES0000000000004565CCPF;13/10/2022;16;0,051;R
ES0000000000004565CCPF;13/10/2022;17;0,051;R
ES0000000000004565CCPF;13/10/2022;18;0,149;R
ES0000000000004565CCPF;13/10/2022;19;0,075;R
ES0000000000004565CCPF;13/10/2022;20;0,052;R
ES0000000000004565CCPF;13/10/2022;21;0,396;R
ES0000000000004565CCPF;13/10/2022;22;0,791;R
ES0000000000004565CCPF;13/10/2022;23;0,245;R
ES0000000000004565CCPF;14/10/2022;0;0,086;R
ES0000000000004565CCPF;14/10/2022;1;0,064;R
ES0000000000004565CCPF;14/10/2022;2;0,053;R
ES0000000000004565CCPF;14/10/2022;3;0,04;R
ES0000000000004565CCPF;14/10/2022;4;0,055;R
ES0000000000004565CCPF;14/10/2022;5;0,056;R
ES0000000000004565CCPF;14/10/2022;6;0,055;R
ES0000000000004565CCPF;14/10/2022;7;0,053;R
ES0000000000004565CCPF;14/10/2022;8;0,052;R
ES0000000000004565CCPF;14/10/2022;9;0,149;R
ES0000000000004565CCPF;14/10/2022;10;0,083;R
ES0000000000004565CCPF;14/10/2022;11;0,072;R
ES0000000000004565CCPF;14/10/2022;12;0,051;R
ES0000000000004565CCPF;14/10/2022;13;0,048;R
ES0000000000004565CCPF;14/10/2022;14;0,176;R
ES0000000000004565CCPF;14/10/2022;15;0,052;R
ES0000000000004565CCPF;14/10/2022;16;0,051;R
ES0000000000004565CCPF;14/10/2022;17;0,137;R
ES0000000000004565CCPF;14/10/2022;18;0,136;R
ES0000000000004565CCPF;14/10/2022;19;0,12;R
ES0000000000004565CCPF;14/10/2022;20;0,057;R
ES0000000000004565CCPF;14/10/2022;21;0,059;R
ES0000000000004565CCPF;14/10/2022;22;0,051;R
ES0000000000004565CCPF;14/10/2022;23;0,045;R
ES0000000000004565CCPF;15/10/2022;0;0,076;R
ES0000000000004565CCPF;15/10/2022;1;0,313;R
ES0000000000004565CCPF;15/10/2022;2;0,172;R
ES0000000000004565CCPF;15/10/2022;3;0,051;R
ES0000000000004565CCPF;15/10/2022;4;0,046;R
ES0000000000004565CCPF;15/10/2022;5;0,057;R
ES0000000000004565CCPF;15/10/2022;6;0,06;R
ES0000000000004565CCPF;15/10/2022;7;0,039;R
ES0000000000004565CCPF;15/10/2022;8;0,056;R
ES0000000000004565CCPF;15/10/2022;9;0,059;R
ES0000000000004565CCPF;15/10/2022;10;0,051;R
ES0000000000004565CCPF;15/10/2022;11;0,044;R
ES0000000000004565CCPF;15/10/2022;12;0,059;R
ES0000000000004565CCPF;15/10/2022;13;0,054;R
ES0000000000004565CCPF;15/10/2022;14;0,042;R
ES0000000000004565CCPF;15/10/2022;15;0,055;R
ES0000000000004565CCPF;15/10/2022;16;0,195;R
ES0000000000004565CCPF;15/10/2022;17;0,313;R
ES0000000000004565CCPF;15/10/2022;18;1,028;R
ES0000000000004565CCPF;15/10/2022;19;0,718;R
ES0000000000004565CCPF;15/10/2022;20;0,111;R
ES0000000000004565CCPF;15/10/2022;21;0,068;R
ES0000000000004565CCPF;15/10/2022;22;0,063;R
ES0000000000004565CCPF;15/10/2022;23;0,054;R
ES0000000000004565CCPF;16/10/2022;0;0,113;R
ES0000000000004565CCPF;16/10/2022;1;0,23;R
ES0000000000004565CCPF;16/10/2022;2;0,188;R
ES0000000000004565CCPF;16/10/2022;3;0,046;R
ES0000000000004565CCPF;16/10/2022;4;0,069;R
ES0000000000004565CCPF;16/10/2022;5;0,063;R
ES0000000000004565CCPF;16/10/2022;6;0,061;R
ES0000000000004565CCPF;16/10/2022;7;0,043;R
ES0000000000004565CCPF;16/10/2022;8;0,064;R
ES0000000000004565CCPF;16/10/2022;9;0,061;R
ES0000000000004565CCPF;16/10/2022;10;0,05;R
ES0000000000004565CCPF;16/10/2022;11;0,053;R
ES0000000000004565CCPF;16/10/2022;12;0,065;R
ES0000000000004565CCPF;16/10/2022;13;0,093;R
ES0000000000004565CCPF;16/10/2022;14;0,137;R
ES0000000000004565CCPF;16/10/2022;15;0,137;R
ES0000000000004565CCPF;16/10/2022;16;0,276;R
ES0000000000004565CCPF;16/10/2022;17;0,067;R
ES0000000000004565CCPF;16/10/2022;18;0,061;R
ES0000000000004565CCPF;16/10/2022;19;0,071;R
ES0000000000004565CCPF;16/10/2022;20;0,223;R
ES0000000000004565CCPF;16/10/2022;21;0,057;R
ES0000000000004565CCPF;16/10/2022;22;0,057;R
ES0000000000004565CCPF;16/10/2022;23;0,057;R
ES0000000000004565CCPF;17/10/2022;0;0,101;R
ES0000000000004565CCPF;17/10/2022;1;0,067;R
ES0000000000004565CCPF;17/10/2022;2;0,055;R
ES0000000000004565CCPF;17/10/2022;3;0,055;R
ES0000000000004565CCPF;17/10/2022;4;0,056;R
ES0000000000004565CCPF;17/10/2022;5;0,053;R
ES0000000000004565CCPF;17/10/2022;6;0,055;R
ES0000000000004565CCPF;17/10/2022;7;0,054;R
ES0000000000004565CCPF;17/10/2022;8;0,055;R
ES0000000000004565CCPF;17/10/2022;9;0,053;R
ES0000000000004565CCPF;17/10/2022;10;0,054;R
ES0000000000004565CCPF;17/10/2022;11;0,058;R
ES0000000000004565CCPF;17/10/2022;12;0,077;R
ES0000000000004565CCPF;17/10/2022;13;0,103;R
ES0000000000004565CCPF;17/10/2022;14;0,179;R
ES0000000000004565CCPF;17/10/2022;15;0,082;R
ES0000000000004565CCPF;17/10/2022;16;0,065;R
ES0000000000004565CCPF;17/10/2022;17;0,061;R
ES0000000000004565CCPF;17/10/2022;18;0,073;R
ES0000000000004565CCPF;17/10/2022;19;0,108;R
ES0000000000004565CCPF;17/10/2022;20;0,118;R
ES0000000000004565CCPF;17/10/2022;21;0,25;R
ES0000000000004565CCPF;17/10/2022;22;0,37;R
ES0000000000004565CCPF;17/10/2022;23;0,368;R
ES0000000000004565CCPF;18/10/2022;0;0,354;R
ES0000000000004565CCPF;18/10/2022;1;0,065;R
ES0000000000004565CCPF;18/10/2022;2;0,059;R
ES0000000000004565CCPF;18/10/2022;3;0,048;R
ES0000000000004565CCPF;18/10/2022;4;0,049;R
ES0000000000004565CCPF;18/10/2022;5;0,048;R
ES0000000000004565CCPF;18/10/2022;6;0,048;R
ES0000000000004565CCPF;18/10/2022;7;0,047;R
ES0000000000004565CCPF;18/10/2022;8;0,047;R
ES0000000000004565CCPF;18/10/2022;9;0,175;R
ES0000000000004565CCPF;18/10/2022;10;0,093;R
ES0000000000004565CCPF;18/10/2022;11;0,129;R
ES0000000000004565CCPF;18/10/2022;12;0,058;R
ES0000000000004565CCPF;18/10/2022;13;0,059;R
ES0000000000004565CCPF;18/10/2022;14;0,632;R
ES0000000000004565CCPF;18/10/2022;15;0,128;R
ES0000000000004565CCPF;18/10/2022;16;0,056;R
ES0000000000004565CCPF;18/10/2022;17;0,048;R
ES0000000000004565CCPF;18/10/2022;18;0,058;R
ES0000000000004565CCPF;18/10/2022;19;0,061;R
ES0000000000004565CCPF;18/10/2022;20;0,054;R
ES0000000000004565CCPF;18/10/2022;21;0,263;R
ES0000000000004565CCPF;18/10/2022;22;0,301;R
ES0000000000004565CCPF;18/10/2022;23;0,277;R
ES0000000000004565CCPF;19/10/2022;0;0,123;R
ES0000000000004565CCPF;19/10/2022;1;0,066;R
ES0000000000004565CCPF;19/10/2022;2;0,058;R
ES0000000000004565CCPF;19/10/2022;3;0,051;R
ES0000000000004565CCPF;19/10/2022;4;0,052;R
ES0000000000004565CCPF;19/10/2022;5;0,054;R
ES0000000000004565CCPF;19/10/2022;6;0,059;R
ES0000000000004565CCPF;19/10/2022;7;0,056;R
ES0000000000004565CCPF;19/10/2022;8;0,087;R
ES0000000000004565CCPF;19/10/2022;9;0,836;R
ES0000000000004565CCPF;19/10/2022;10;0,116;R
ES0000000000004565CCPF;19/10/2022;11;0,059;R
ES0000000000004565CCPF;19/10/2022;12;0,077;R
ES0000000000004565CCPF;19/10/2022;13;0,707;R
ES0000000000004565CCPF;19/10/2022;14;0,056;R
ES0000000000004565CCPF;19/10/2022;15;0,055;R
ES0000000000004565CCPF;19/10/2022;16;0,059;R
ES0000000000004565CCPF;19/10/2022;17;0,052;R
ES0000000000004565CCPF;19/10/2022;18;0,049;R
ES0000000000004565CCPF;19/10/2022;19;0,053;R
ES0000000000004565CCPF;19/10/2022;20;0,05;R
ES0000000000004565CCPF;19/10/2022;21;0,049;R
ES0000000000004565CCPF;19/10/2022;22;0,075;R
ES0000000000004565CCPF;19/10/2022;23;0,249;R
ES0000000000004565CCPF;20/10/2022;0;0,17;R
ES0000000000004565CCPF;20/10/2022;1;0,058;R
ES0000000000004565CCPF;20/10/2022;2;0,061;R
ES0000000000004565CCPF;20/10/2022;3;0,06;R
ES0000000000004565CCPF;20/10/2022;4;0,055;R
ES0000000000004565CCPF;20/10/2022;5;0,052;R
ES0000000000004565CCPF;20/10/2022;6;0,052;R
ES0000000000004565CCPF;20/10/2022;7;0,055;R
ES0000000000004565CCPF;20/10/2022;8;0,052;R
ES0000000000004565CCPF;20/10/2022;9;0,288;R
ES0000000000004565CCPF;20/10/2022;10;0,197;R
ES0000000000004565CCPF;20/10/2022;11;1,048;R
ES0000000000004565CCPF;20/10/2022;12;0,676;R
ES0000000000004565CCPF;20/10/2022;13;0,055;R
ES0000000000004565CCPF;20/10/2022;14;0,05;R
ES0000000000004565CCPF;20/10/2022;15;0,051;R
ES0000000000004565CCPF;20/10/2022;16;0,05;R
ES0000000000004565CCPF;20/10/2022;17;0,05;R
ES0000000000004565CCPF;20/10/2022;18;0,051;R
ES0000000000004565CCPF;20/10/2022;19;0,049;R
ES0000000000004565CCPF;20/10/2022;20;0,048;R
ES0000000000004565CCPF;20/10/2022;21;0,049;R
ES0000000000004565CCPF;20/10/2022;22;0,05;R
ES0000000000004565CCPF;20/10/2022;23;0,05;R
ES0000000000004565CCPF;21/10/2022;0;0,164;R
ES0000000000004565CCPF;21/10/2022;1;0,095;R
ES0000000000004565CCPF;21/10/2022;2;0,053;R
ES0000000000004565CCPF;21/10/2022;3;0,053;R
ES0000000000004565CCPF;21/10/2022;4;0,049;R
ES0000000000004565CCPF;21/10/2022;5;0,048;R
ES0000000000004565CCPF;21/10/2022;6;0,047;R
ES0000000000004565CCPF;21/10/2022;7;0,055;R
ES0000000000004565CCPF;21/10/2022;8;0,053;R
ES0000000000004565CCPF;21/10/2022;9;0,073;R
ES0000000000004565CCPF;21/10/2022;10;0,051;R
ES0000000000004565CCPF;21/10/2022;11;0,052;R
ES0000000000004565CCPF;21/10/2022;12;0,065;R
ES0000000000004565CCPF;21/10/2022;13;0,159;R
ES0000000000004565CCPF;21/10/2022;14;0,14;R
ES0000000000004565CCPF;21/10/2022;15;0,263;R
ES0000000000004565CCPF;21/10/2022;16;0,107;R
ES0000000000004565CCPF;21/10/2022;17;0,081;R
ES0000000000004565CCPF;21/10/2022;18;0,069;R
ES0000000000004565CCPF;21/10/2022;19;0,113;R
ES0000000000004565CCPF;21/10/2022;20;0,125;R
ES0000000000004565CCPF;21/10/2022;21;0,052;R
ES0000000000004565CCPF;21/10/2022;22;0,053;R
ES0000000000004565CCPF;21/10/2022;23;0,052;R
ES0000000000004565CCPF;22/10/2022;0;0,054;R
ES0000000000004565CCPF;22/10/2022;1;0,092;R
ES0000000000004565CCPF;22/10/2022;2;0,243;R
ES0000000000004565CCPF;22/10/2022;3;0,097;R
ES0000000000004565CCPF;22/10/2022;4;0,052;R
ES0000000000004565CCPF;22/10/2022;5;0,052;R
ES0000000000004565CCPF;22/10/2022;6;0,051;R
ES0000000000004565CCPF;22/10/2022;7;0,052;R
ES0000000000004565CCPF;22/10/2022;8;0,053;R
ES0000000000004565CCPF;22/10/2022;9;0,053;R
ES0000000000004565CCPF;22/10/2022;10;0,056;R
ES0000000000004565CCPF;22/10/2022;11;0,053;R
ES0000000000004565CCPF;22/10/2022;12;0,053;R
ES0000000000004565CCPF;22/10/2022;13;0,166;R
ES0000000000004565CCPF;22/10/2022;14;0,5;R
ES0000000000004565CCPF;22/10/2022;15;0,155;R
ES0000000000004565CCPF;22/10/2022;16;0,426;R
ES0000000000004565CCPF;22/10/2022;17;0,686;R
ES0000000000004565CCPF;22/10/2022;18;0,062;R
ES0000000000004565CCPF;22/10/2022;19;0,138;R
ES0000000000004565CCPF;22/10/2022;20;0,723;R
ES0000000000004565CCPF;22/10/2022;21;0,909;R
ES0000000000004565CCPF;22/10/2022;22;0,615;R
ES0000000000004565CCPF;22/10/2022;23;0,35;R
ES0000000000004565CCPF;23/10/2022;0;0,192;R
ES0000000000004565CCPF;23/10/2022;1;0,066;R
ES0000000000004565CCPF;23/10/2022;2;0,064;R
ES0000000000004565CCPF;23/10/2022;3;0,062;R
ES0000000000004565CCPF;23/10/2022;4;0,069;R
ES0000000000004565CCPF;23/10/2022;5;0,06;R
ES0000000000004565CCPF;23/10/2022;6;0,058;R
ES0000000000004565CCPF;23/10/2022;7;0,062;R
ES0000000000004565CCPF;23/10/2022;8;0,056;R
ES0000000000004565CCPF;23/10/2022;9;0,313;R
ES0000000000004565CCPF;23/10/2022;10;0,255;R
ES0000000000004565CCPF;23/10/2022;11;0,159;R
ES0000000000004565CCPF;23/10/2022;12;0,836;R
ES0000000000004565CCPF;23/10/2022;13;0,074;R
ES0000000000004565CCPF;23/10/2022;14;0,182;R
ES0000000000004565CCPF;23/10/2022;15;1,482;R
ES0000000000004565CCPF;23/10/2022;16;0,279;R
ES0000000000004565CCPF;23/10/2022;17;0,213;R
ES0000000000004565CCPF;23/10/2022;18;0,211;R
ES0000000000004565CCPF;23/10/2022;19;0,248;R
ES0000000000004565CCPF;23/10/2022;20;0,734;R
ES0000000000004565CCPF;23/10/2022;21;0,272;R
ES0000000000004565CCPF;23/10/2022;22;0,27;R
ES0000000000004565CCPF;23/10/2022;23;0,225;R
ES0000000000004565CCPF;24/10/2022;0;0,06;R
ES0000000000004565CCPF;24/10/2022;1;0,058;R
ES0000000000004565CCPF;24/10/2022;2;0,065;R
ES0000000000004565CCPF;24/10/2022;3;0,062;R
ES0000000000004565CCPF;24/10/2022;4;0,055;R
ES0000000000004565CCPF;24/10/2022;5;0,047;R
ES0000000000004565CCPF;24/10/2022;6;0,057;R
ES0000000000004565CCPF;24/10/2022;7;0,088;R
ES0000000000004565CCPF;24/10/2022;8;0,068;R
ES0000000000004565CCPF;24/10/2022;9;0,091;R
ES0000000000004565CCPF;24/10/2022;10;0,132;R
ES0000000000004565CCPF;24/10/2022;11;0,118;R
ES0000000000004565CCPF;24/10/2022;12;0,68;R
ES0000000000004565CCPF;24/10/2022;13;0,068;R
ES0000000000004565CCPF;24/10/2022;14;0,565;R
ES0000000000004565CCPF;24/10/2022;15;0,089;R
ES0000000000004565CCPF;24/10/2022;16;0,064;R
ES0000000000004565CCPF;24/10/2022;17;0,061;R
ES0000000000004565CCPF;24/10/2022;18;0,13;R
ES0000000000004565CCPF;24/10/2022;19;0,232;R
ES0000000000004565CCPF;24/10/2022;20;0,126;R
ES0000000000004565CCPF;24/10/2022;21;0,369;R
ES0000000000004565CCPF;24/10/2022;22;0,329;R
ES0000000000004565CCPF;24/10/2022;23;0,284;R
ES0000000000004565CCPF;25/10/2022;0;0,199;R
ES0000000000004565CCPF;25/10/2022;1;0,066;R
ES0000000000004565CCPF;25/10/2022;2;0,062;R
ES0000000000004565CCPF;25/10/2022;3;0,05;R
ES0000000000004565CCPF;25/10/2022;4;0,064;R
ES0000000000004565CCPF;25/10/2022;5;0,063;R
ES0000000000004565CCPF;25/10/2022;6;0,051;R
ES0000000000004565CCPF;25/10/2022;7;0,063;R
ES0000000000004565CCPF;25/10/2022;8;0,057;R
ES0000000000004565CCPF;25/10/2022;9;0,054;R
ES0000000000004565CCPF;25/10/2022;10;0,187;R
ES0000000000004565CCPF;25/10/2022;11;0,249;R
ES0000000000004565CCPF;25/10/2022;12;0,117;R
ES0000000000004565CCPF;25/10/2022;13;0,325;R
ES0000000000004565CCPF;25/10/2022;14;0,072;R
ES0000000000004565CCPF;25/10/2022;15;0,205;R
ES0000000000004565CCPF;25/10/2022;16;0,186;R
ES0000000000004565CCPF;25/10/2022;17;0,069;R
ES0000000000004565CCPF;25/10/2022;18;0,063;R
ES0000000000004565CCPF;25/10/2022;19;0,045;R
ES0000000000004565CCPF;25/10/2022;20;0,07;R
ES0000000000004565CCPF;25/10/2022;21;0,062;R
ES0000000000004565CCPF;25/10/2022;22;0,394;R
ES0000000000004565CCPF;25/10/2022;23;0,317;R
ES0000000000004565CCPF;26/10/2022;0;0,175;R
ES0000000000004565CCPF;26/10/2022;1;0,067;R
ES0000000000004565CCPF;26/10/2022;2;0,049;R
ES0000000000004565CCPF;26/10/2022;3;0,059;R
ES0000000000004565CCPF;26/10/2022;4;0,058;R
ES0000000000004565CCPF;26/10/2022;5;0,035;R
ES0000000000004565CCPF;26/10/2022;6;0,055;R
ES0000000000004565CCPF;26/10/2022;7;0,038;R
ES0000000000004565CCPF;26/10/2022;8;0,061;R
ES0000000000004565CCPF;26/10/2022;9;0,054;R
ES0000000000004565CCPF;26/10/2022;10;0,095;R
ES0000000000004565CCPF;26/10/2022;11;0,886;R
ES0000000000004565CCPF;26/10/2022;12;0,43;R
ES0000000000004565CCPF;26/10/2022;13;0,14;R
ES0000000000004565CCPF;26/10/2022;14;0,192;R
ES0000000000004565CCPF;26/10/2022;15;0,117;R
ES0000000000004565CCPF;26/10/2022;16;0,152;R
ES0000000000004565CCPF;26/10/2022;17;0,957;R
ES0000000000004565CCPF;26/10/2022;18;0,711;R
ES0000000000004565CCPF;26/10/2022;19;0,093;R
ES0000000000004565CCPF;26/10/2022;20;0,104;R
ES0000000000004565CCPF;26/10/2022;21;0,283;R
ES0000000000004565CCPF;26/10/2022;22;0,292;R
ES0000000000004565CCPF;26/10/2022;23;0,406;R
ES0000000000004565CCPF;27/10/2022;0;0,167;R
ES0000000000004565CCPF;27/10/2022;1;0,053;R
ES0000000000004565CCPF;27/10/2022;2;0,053;R
ES0000000000004565CCPF;27/10/2022;3;0,052;R
ES0000000000004565CCPF;27/10/2022;4;0,053;R
ES0000000000004565CCPF;27/10/2022;5;0,051;R
ES0000000000004565CCPF;27/10/2022;6;0,045;R
ES0000000000004565CCPF;27/10/2022;7;0,05;R
ES0000000000004565CCPF;27/10/2022;8;0,037;R
ES0000000000004565CCPF;27/10/2022;9;0,22;R
ES0000000000004565CCPF;27/10/2022;10;0,126;R
ES0000000000004565CCPF;27/10/2022;11;0,372;R
ES0000000000004565CCPF;27/10/2022;12;0,069;R
ES0000000000004565CCPF;27/10/2022;13;0,058;R
ES0000000000004565CCPF;27/10/2022;14;0,059;R
ES0000000000004565CCPF;27/10/2022;15;0,129;R
ES0000000000004565CCPF;27/10/2022;16;0,068;R
ES0000000000004565CCPF;27/10/2022;17;0,049;R
ES0000000000004565CCPF;27/10/2022;18;0,061;R
ES0000000000004565CCPF;27/10/2022;19;0,063;R
ES0000000000004565CCPF;27/10/2022;20;0,067;R
ES0000000000004565CCPF;27/10/2022;21;0,284;R
ES0000000000004565CCPF;27/10/2022;22;0,181;R
ES0000000000004565CCPF;27/10/2022;23;0,187;R
ES0000000000004565CCPF;28/10/2022;0;0,171;R
ES0000000000004565CCPF;28/10/2022;1;0,072;R
ES0000000000004565CCPF;28/10/2022;2;0,048;R
ES0000000000004565CCPF;28/10/2022;3;0,059;R
ES0000000000004565CCPF;28/10/2022;4;0,05;R
ES0000000000004565CCPF;28/10/2022;5;0,049;R
ES0000000000004565CCPF;28/10/2022;6;0,063;R
ES0000000000004565CCPF;28/10/2022;7;0,057;R
ES0000000000004565CCPF;28/10/2022;8;0,093;R
ES0000000000004565CCPF;28/10/2022;9;0,152;R
ES0000000000004565CCPF;28/10/2022;10;0,095;R
ES0000000000004565CCPF;28/10/2022;11;0,234;R
ES0000000000004565CCPF;28/10/2022;12;0,103;R
ES0000000000004565CCPF;28/10/2022;13;0,127;R
ES0000000000004565CCPF;28/10/2022;14;0,068;R
ES0000000000004565CCPF;28/10/2022;15;0,07;R
ES0000000000004565CCPF;28/10/2022;16;0,077;R
ES0000000000004565CCPF;28/10/2022;17;0,143;R
ES0000000000004565CCPF;28/10/2022;18;0,223;R
ES0000000000004565CCPF;28/10/2022;19;0,103;R
ES0000000000004565CCPF;28/10/2022;20;0,054;R
ES0000000000004565CCPF;28/10/2022;21;0,061;R
ES0000000000004565CCPF;28/10/2022;22;0,06;R
ES0000000000004565CCPF;28/10/2022;23;0,06;R
ES0000000000004565CCPF;29/10/2022;0;0,059;R
ES0000000000004565CCPF;29/10/2022;1;0,295;R
ES0000000000004565CCPF;29/10/2022;2;0,082;R
ES0000000000004565CCPF;29/10/2022;3;0,053;R
ES0000000000004565CCPF;29/10/2022;4;0,053;R
ES0000000000004565CCPF;29/10/2022;5;0,055;R
ES0000000000004565CCPF;29/10/2022;6;0,062;R
ES0000000000004565CCPF;29/10/2022;7;0,057;R
ES0000000000004565CCPF;29/10/2022;8;0,056;R
ES0000000000004565CCPF;29/10/2022;9;0,054;R
ES0000000000004565CCPF;29/10/2022;10;0,056;R
ES0000000000004565CCPF;29/10/2022;11;0,053;R
ES0000000000004565CCPF;29/10/2022;12;0,215;R
ES0000000000004565CCPF;29/10/2022;13;0,073;R
ES0000000000004565CCPF;29/10/2022;14;1,028;R
ES0000000000004565CCPF;29/10/2022;15;0,728;R
ES0000000000004565CCPF;29/10/2022;16;0,071;R
ES0000000000004565CCPF;29/10/2022;17;0,41;R
ES0000000000004565CCPF;29/10/2022;18;0,065;R
ES0000000000004565CCPF;29/10/2022;19;0,293;R
ES0000000000004565CCPF;29/10/2022;20;0,336;R
ES0000000000004565CCPF;29/10/2022;21;0,332;R
ES0000000000004565CCPF;29/10/2022;22;0,346;R
ES0000000000004565CCPF;29/10/2022;23;0,17;R
ES0000000000004565CCPF;30/10/2022;0;0,222;R
ES0000000000004565CCPF;30/10/2022;1;0,083;R
ES0000000000004565CCPF;30/10/2022;2;0,216;R
ES0000000000004565CCPF;30/10/2022;2;0,104;R
ES0000000000004565CCPF;30/10/2022;3;0,056;R
ES0000000000004565CCPF;30/10/2022;4;0,056;R
ES0000000000004565CCPF;30/10/2022;5;0,056;R
ES0000000000004565CCPF;30/10/2022;6;0,054;R
ES0000000000004565CCPF;30/10/2022;7;0,049;R
ES0000000000004565CCPF;30/10/2022;8;0,047;R
ES0000000000004565CCPF;30/10/2022;9;0,052;R
ES0000000000004565CCPF;30/10/2022;10;0,051;R
ES0000000000004565CCPF;30/10/2022;11;0,055;R
ES0000000000004565CCPF;30/10/2022;12;0,057;R
ES0000000000004565CCPF;30/10/2022;13;0,145;R
ES0000000000004565CCPF;30/10/2022;14;0,143;R
ES0000000000004565CCPF;30/10/2022;15;0,533;R
ES0000000000004565CCPF;30/10/2022;16;0,666;R
ES0000000000004565CCPF;30/10/2022;17;0,126;R
ES0000000000004565CCPF;30/10/2022;18;0,05;R
ES0000000000004565CCPF;30/10/2022;19;0,069;R
ES0000000000004565CCPF;30/10/2022;20;0,109;R
ES0000000000004565CCPF;30/10/2022;21;0,333;R
ES0000000000004565CCPF;30/10/2022;22;0,312;R
ES0000000000004565CCPF;30/10/2022;23;0,318;R
ES0000000000004565CCPF;31/10/2022;0;0,416;R
ES0000000000004565CCPF;31/10/2022;1;0,167;R
ES0000000000004565CCPF;31/10/2022;2;0,071;R
ES0000000000004565CCPF;31/10/2022;3;0,059;R
ES0000000000004565CCPF;31/10/2022;4;0,056;R
ES0000000000004565CCPF;31/10/2022;5;0,055;R
ES0000000000004565CCPF;31/10/2022;6;0,056;R
ES0000000000004565CCPF;31/10/2022;7;0,056;R
ES0000000000004565CCPF;31/10/2022;8;0,055;R
ES0000000000004565CCPF;31/10/2022;9;0,054;R
ES0000000000004565CCPF;31/10/2022;10;0,051;R
ES0000000000004565CCPF;31/10/2022;11;0,06;R
ES0000000000004565CCPF;31/10/2022;12;0,08;R
ES0000000000004565CCPF;31/10/2022;13;0,133;R
ES0000000000004565CCPF;31/10/2022;14;0,141;R
ES0000000000004565CCPF;31/10/2022;15;0,079;R
ES0000000000004565CCPF;31/10/2022;16;0,055;R
ES0000000000004565CCPF;31/10/2022;17;0,181;R
ES0000000000004565CCPF;31/10/2022;18;0,15;R
ES0000000000004565CCPF;31/10/2022;19;0,115;R
ES0000000000004565CCPF;31/10/2022;20;0,167;R
ES0000000000004565CCPF;31/10/2022;21;0,191;R
ES0000000000004565CCPF;31/10/2022;22;0,282;R
ES0000000000004565CCPF;31/10/2022;23;0,339;R
ES0000000000004565CCPF;01/11/2022;0;0,133;R
ES0000000000004565CCPF;01/11/2022;1;0,063;R
ES0000000000004565CCPF;01/11/2022;2;0,052;R
ES0000000000004565CCPF;01/11/2022;3;0,054;R
ES0000000000004565CCPF;01/11/2022;4;0,054;R
ES0000000000004565CCPF;01/11/2022;5;0,055;R
ES0000000000004565CCPF;01/11/2022;6;0,09;R
ES0000000000004565CCPF;01/11/2022;7;0,048;R
ES0000000000004565CCPF;01/11/2022;8;0,046;R
ES0000000000004565CCPF;01/11/2022;9;0,048;R
ES0000000000004565CCPF;01/11/2022;10;0,196;R
ES0000000000004565CCPF;01/11/2022;11;0,209;R
ES0000000000004565CCPF;01/11/2022;12;1,9;R
ES0000000000004565CCPF;01/11/2022;13;0,304;R
ES0000000000004565CCPF;01/11/2022;14;0,273;R
ES0000000000004565CCPF;01/11/2022;15;0,278;R
ES0000000000004565CCPF;01/11/2022;16;0,257;R
ES0000000000004565CCPF;01/11/2022;17;0,244;R
ES0000000000004565CCPF;01/11/2022;18;0,312;R
ES0000000000004565CCPF;01/11/2022;19;0,808;R
ES0000000000004565CCPF;01/11/2022;20;0,545;R
ES0000000000004565CCPF;01/11/2022;21;0,323;R
ES0000000000004565CCPF;01/11/2022;22;0,303;R
ES0000000000004565CCPF;01/11/2022;23;0,907;R
ES0000000000004565CCPF;02/11/2022;0;0,73;R
ES0000000000004565CCPF;02/11/2022;1;0,064;R
ES0000000000004565CCPF;02/11/2022;2;0,046;R
ES0000000000004565CCPF;02/11/2022;3;0,048;R
ES0000000000004565CCPF;02/11/2022;4;0,071;R
ES0000000000004565CCPF;02/11/2022;5;0,086;R
ES0000000000004565CCPF;02/11/2022;6;0,045;R
ES0000000000004565CCPF;02/11/2022;7;0,064;R
ES0000000000004565CCPF;02/11/2022;8;0,068;R
ES0000000000004565CCPF;02/11/2022;9;0,237;R
ES0000000000004565CCPF;02/11/2022;10;0,092;R
ES0000000000004565CCPF;02/11/2022;11;0,057;R
ES0000000000004565CCPF;02/11/2022;12;0,054;R
ES0000000000004565CCPF;02/11/2022;13;0,039;R
ES0000000000004565CCPF;02/11/2022;14;0,057;R
ES0000000000004565CCPF;02/11/2022;15;0,228;R
ES0000000000004565CCPF;02/11/2022;16;0,201;R
ES0000000000004565CCPF;02/11/2022;17;0,186;R
ES0000000000004565CCPF;02/11/2022;18;0,191;R
ES0000000000004565CCPF;02/11/2022;19;0,214;R
ES0000000000004565CCPF;02/11/2022;20;0,305;R
ES0000000000004565CCPF;02/11/2022;21;0,316;R
ES0000000000004565CCPF;02/11/2022;22;0,357;R
ES0000000000004565CCPF;02/11/2022;23;0,275;R
ES0000000000004565CCPF;03/11/2022;0;0,076;R
ES0000000000004565CCPF;03/11/2022;1;0,075;R
ES0000000000004565CCPF;03/11/2022;2;0,049;R
ES0000000000004565CCPF;03/11/2022;3;0,046;R
ES0000000000004565CCPF;03/11/2022;4;0,066;R
ES0000000000004565CCPF;03/11/2022;5;0,051;R
ES0000000000004565CCPF;03/11/2022;6;0,054;R
ES0000000000004565CCPF;03/11/2022;7;0,066;R
ES0000000000004565CCPF;03/11/2022;8;0,055;R
ES0000000000004565CCPF;03/11/2022;9;0,307;R
ES0000000000004565CCPF;03/11/2022;10;0,313;R
ES0000000000004565CCPF;03/11/2022;11;0,059;R
ES0000000000004565CCPF;03/11/2022;12;0,036;R
ES0000000000004565CCPF;03/11/2022;13;0,061;R
ES0000000000004565CCPF;03/11/2022;14;0,308;R
ES0000000000004565CCPF;03/11/2022;15;0,834;R
ES0000000000004565CCPF;03/11/2022;16;0,27;R
ES0000000000004565CCPF;03/11/2022;17;0,178;R
ES0000000000004565CCPF;03/11/2022;18;0,108;R
ES0000000000004565CCPF;03/11/2022;19;0,042;R
ES0000000000004565CCPF;03/11/2022;20;0,158;R
ES0000000000004565CCPF;03/11/2022;21;0,343;R
ES0000000000004565CCPF;03/11/2022;22;0,334;R
ES0000000000004565CCPF;03/11/2022;23;0,281;R
ES0000000000004565CCPF;04/11/2022;0;0,05;R
ES0000000000004565CCPF;04/11/2022;1;0,06;R
ES0000000000004565CCPF;04/11/2022;2;0,057;R
ES0000000000004565CCPF;04/11/2022;3;0,05;R
ES0000000000004565CCPF;04/11/2022;4;0,052;R
ES0000000000004565CCPF;04/11/2022;5;0,048;R
ES0000000000004565CCPF;04/11/2022;6;0,094;R
ES0000000000004565CCPF;04/11/2022;7;0,061;R
ES0000000000004565CCPF;04/11/2022;8;0,049;R
ES0000000000004565CCPF;04/11/2022;9;0,087;R
ES0000000000004565CCPF;04/11/2022;10;0,1;R
ES0000000000004565CCPF;04/11/2022;11;0,067;R
ES0000000000004565CCPF;04/11/2022;12;0,146;R
ES0000000000004565CCPF;04/11/2022;13;1,106;R
ES0000000000004565CCPF;04/11/2022;14;0,789;R
ES0000000000004565CCPF;04/11/2022;15;0,214;R
ES0000000000004565CCPF;04/11/2022;16;0,048;R
ES0000000000004565CCPF;04/11/2022;17;0,048;R
ES0000000000004565CCPF;04/11/2022;18;0,057;R
ES0000000000004565CCPF;04/11/2022;19;0,058;R
ES0000000000004565CCPF;04/11/2022;20;0,048;R
ES0000000000004565CCPF;04/11/2022;21;0,046;R
ES0000000000004565CCPF;04/11/2022;22;0,045;R
ES0000000000004565CCPF;04/11/2022;23;0,049;R
ES0000000000004565CCPF;05/11/2022;0;0,055;R
ES0000000000004565CCPF;05/11/2022;1;0,051;R
ES0000000000004565CCPF;05/11/2022;2;0,05;R
ES0000000000004565CCPF;05/11/2022;3;0,099;R
ES0000000000004565CCPF;05/11/2022;4;0,054;R
ES0000000000004565CCPF;05/11/2022;5;0,048;R
ES0000000000004565CCPF;05/11/2022;6;0,055;R
ES0000000000004565CCPF;05/11/2022;7;0,055;R
ES0000000000004565CCPF;05/11/2022;8;0,043;R
ES0000000000004565CCPF;05/11/2022;9;0,044;R
ES0000000000004565CCPF;05/11/2022;10;0,058;R
ES0000000000004565CCPF;05/11/2022;11;0,253;R
ES0000000000004565CCPF;05/11/2022;12;0,164;R
ES0000000000004565CCPF;05/11/2022;13;0,046;R
ES0000000000004565CCPF;05/11/2022;14;0,039;R
ES0000000000004565CCPF;05/11/2022;15;0,051;R
ES0000000000004565CCPF;05/11/2022;16;0,058;R
ES0000000000004565CCPF;05/11/2022;17;0,056;R
ES0000000000004565CCPF;05/11/2022;18;0,038;R
ES0000000000004565CCPF;05/11/2022;19;0,053;R
ES0000000000004565CCPF;05/11/2022;20;0,051;R
ES0000000000004565CCPF;05/11/2022;21;0,049;R
ES0000000000004565CCPF;05/11/2022;22;0,042;R
ES0000000000004565CCPF;05/11/2022;23;0,056;R
ES0000000000004565CCPF;06/11/2022;0;0,056;R
ES0000000000004565CCPF;06/11/2022;1;0,04;R
ES0000000000004565CCPF;06/11/2022;2;0,037;R
ES0000000000004565CCPF;06/11/2022;3;0,058;R
ES0000000000004565CCPF;06/11/2022;4;0,058;R
ES0000000000004565CCPF;06/11/2022;5;0,044;R
ES0000000000004565CCPF;06/11/2022;6;0,033;R
ES0000000000004565CCPF;06/11/2022;7;0,055;R
ES0000000000004565CCPF;06/11/2022;8;0,057;R
ES0000000000004565CCPF;06/11/2022;9;0,046;R
ES0000000000004565CCPF;06/11/2022;10;0,036;R
ES0000000000004565CCPF;06/11/2022;11;0,053;R
ES0000000000004565CCPF;06/11/2022;12;0,055;R
ES0000000000004565CCPF;06/11/2022;13;0,037;R
ES0000000000004565CCPF;06/11/2022;14;0,049;R
ES0000000000004565CCPF;06/11/2022;15;0,053;R
ES0000000000004565CCPF;06/11/2022;16;0,213;R
ES0000000000004565CCPF;06/11/2022;17;0,423;R
ES0000000000004565CCPF;06/11/2022;18;0,115;R
ES0000000000004565CCPF;06/11/2022;19;0,106;R
ES0000000000004565CCPF;06/11/2022;20;0,045;R
ES0000000000004565CCPF;06/11/2022;21;0,083;R
ES0000000000004565CCPF;06/11/2022;22;0,197;R
ES0000000000004565CCPF;06/11/2022;23;0,366;R
ES0000000000004565CCPF;07/11/2022;0;0,282;R
ES0000000000004565CCPF;07/11/2022;1;0,136;R
ES0000000000004565CCPF;07/11/2022;2;0,064;R
ES0000000000004565CCPF;07/11/2022;3;0,07;R
ES0000000000004565CCPF;07/11/2022;4;0,084;R
ES0000000000004565CCPF;07/11/2022;5;0,057;R
ES0000000000004565CCPF;07/11/2022;6;0,093;R
ES0000000000004565CCPF;07/11/2022;7;0,053;R
ES0000000000004565CCPF;07/11/2022;8;0,283;R
ES0000000000004565CCPF;07/11/2022;9;0,111;R
ES0000000000004565CCPF;07/11/2022;10;0,06;R
ES0000000000004565CCPF;07/11/2022;11;0,071;R
ES0000000000004565CCPF;07/11/2022;12;0,634;R
ES0000000000004565CCPF;07/11/2022;13;0,316;R
ES0000000000004565CCPF;07/11/2022;14;0,129;R
ES0000000000004565CCPF;07/11/2022;15;0,086;R
ES0000000000004565CCPF;07/11/2022;16;0,068;R
ES0000000000004565CCPF;07/11/2022;17;0,124;R
ES0000000000004565CCPF;07/11/2022;18;0,177;R
ES0000000000004565CCPF;07/11/2022;19;0,287;R
ES0000000000004565CCPF;07/11/2022;20;0,251;R
ES0000000000004565CCPF;07/11/2022;21;0,869;R
ES0000000000004565CCPF;07/11/2022;22;1,13;R
ES0000000000004565CCPF;07/11/2022;23;0,428;R
ES0000000000004565CCPF;08/11/2022;0;0,269;R
ES0000000000004565CCPF;08/11/2022;1;0,081;R
ES0000000000004565CCPF;08/11/2022;2;0,052;R
ES0000000000004565CCPF;08/11/2022;3;0,05;R
ES0000000000004565CCPF;08/11/2022;4;0,059;R
ES0000000000004565CCPF;08/11/2022;5;0,057;R
ES0000000000004565CCPF;08/11/2022;6;0,052;R
ES0000000000004565CCPF;08/11/2022;7;0,085;R
ES0000000000004565CCPF;08/11/2022;8;0,058;R
ES0000000000004565CCPF;08/11/2022;9;0,069;R
ES0000000000004565CCPF;08/11/2022;10;0,233;R
ES0000000000004565CCPF;08/11/2022;11;0,689;R
ES0000000000004565CCPF;08/11/2022;12;0,378;R
ES0000000000004565CCPF;08/11/2022;13;0,08;R
ES0000000000004565CCPF;08/11/2022;14;0,221;R
ES0000000000004565CCPF;08/11/2022;15;0,277;R
ES0000000000004565CCPF;08/11/2022;16;0,155;R
ES0000000000004565CCPF;08/11/2022;17;0,131;R
ES0000000000004565CCPF;08/11/2022;18;0,068;R
ES0000000000004565CCPF;08/11/2022;19;0,075;R
ES0000000000004565CCPF;08/11/2022;20;0,051;R
ES0000000000004565CCPF;08/11/2022;21;0,066;R
ES0000000000004565CCPF;08/11/2022;22;0,274;R
ES0000000000004565CCPF;08/11/2022;23;0,258;R
ES0000000000004565CCPF;09/11/2022;0;0,212;R
ES0000000000004565CCPF;09/11/2022;1;0,069;R
ES0000000000004565CCPF;09/11/2022;2;0,052;R
ES0000000000004565CCPF;09/11/2022;3;0,052;R
ES0000000000004565CCPF;09/11/2022;4;0,044;R
ES0000000000004565CCPF;09/11/2022;5;0,052;R
ES0000000000004565CCPF;09/11/2022;6;0,046;R
ES0000000000004565CCPF;09/11/2022;7;0,042;R
ES0000000000004565CCPF;09/11/2022;8;0,05;R
ES0000000000004565CCPF;09/11/2022;9;0,052;R
ES0000000000004565CCPF;09/11/2022;10;0,192;R
ES0000000000004565CCPF;09/11/2022;11;0,181;R
ES0000000000004565CCPF;09/11/2022;12;1,076;R
ES0000000000004565CCPF;09/11/2022;13;1,15;R
ES0000000000004565CCPF;09/11/2022;14;0,404;R
ES0000000000004565CCPF;09/11/2022;15;0,197;R
ES0000000000004565CCPF;09/11/2022;16;0,163;R
ES0000000000004565CCPF;09/11/2022;17;0,233;R
ES0000000000004565CCPF;09/11/2022;18;0,248;R
ES0000000000004565CCPF;09/11/2022;19;0,095;R
ES0000000000004565CCPF;09/11/2022;20;0,119;R
ES0000000000004565CCPF;09/11/2022;21;0,355;R
ES0000000000004565CCPF;09/11/2022;22;0,277;R
ES0000000000004565CCPF;09/11/2022;23;0,282;R
ES0000000000004565CCPF;10/11/2022;0;0,142;R
ES0000000000004565CCPF;10/11/2022;1;0,105;R
ES0000000000004565CCPF;10/11/2022;2;0,071;R
ES0000000000004565CCPF;10/11/2022;3;0,047;R
ES0000000000004565CCPF;10/11/2022;4;0,049;R
ES0000000000004565CCPF;10/11/2022;5;0,053;R
ES0000000000004565CCPF;10/11/2022;6;0,053;R
ES0000000000004565CCPF;10/11/2022;7;0,052;R
ES0000000000004565CCPF;10/11/2022;8;0,045;R
ES0000000000004565CCPF;10/11/2022;9;0,247;R
ES0000000000004565CCPF;10/11/2022;10;0,185;R
ES0000000000004565CCPF;10/11/2022;11;0,124;R
ES0000000000004565CCPF;10/11/2022;12;0,136;R
ES0000000000004565CCPF;10/11/2022;13;0,056;R
ES0000000000004565CCPF;10/11/2022;14;0,054;R
ES0000000000004565CCPF;10/11/2022;15;0,151;R
ES0000000000004565CCPF;10/11/2022;16;0,602;R
ES0000000000004565CCPF;10/11/2022;17;0,361;R
ES0000000000004565CCPF;10/11/2022;18;0,056;R
ES0000000000004565CCPF;10/11/2022;19;0,067;R
ES0000000000004565CCPF;10/11/2022;20;0,048;R
ES0000000000004565CCPF;10/11/2022;21;0,045;R
ES0000000000004565CCPF;10/11/2022;22;0,089;R
ES0000000000004565CCPF;10/11/2022;23;0,426;R
ES0000000000004565CCPF;11/11/2022;0;0,158;R
ES0000000000004565CCPF;11/11/2022;1;0,073;R
ES0000000000004565CCPF;11/11/2022;2;0,054;R
ES0000000000004565CCPF;11/11/2022;3;0,05;R
ES0000000000004565CCPF;11/11/2022;4;0,043;R
ES0000000000004565CCPF;11/11/2022;5;0,046;R
ES0000000000004565CCPF;11/11/2022;6;0,044;R
ES0000000000004565CCPF;11/11/2022;7;0,044;R
ES0000000000004565CCPF;11/11/2022;8;0,05;R
ES0000000000004565CCPF;11/11/2022;9;0,185;R
ES0000000000004565CCPF;11/11/2022;10;0,059;R
ES0000000000004565CCPF;11/11/2022;11;0,055;R
ES0000000000004565CCPF;11/11/2022;12;0,185;R
ES0000000000004565CCPF;11/11/2022;13;0,068;R
ES0000000000004565CCPF;11/11/2022;14;0,073;R
ES0000000000004565CCPF;11/11/2022;15;0,086;R
ES0000000000004565CCPF;11/11/2022;16;0,085;R
ES0000000000004565CCPF;11/11/2022;17;0,051;R
ES0000000000004565CCPF;11/11/2022;18;0,092;R
ES0000000000004565CCPF;11/11/2022;19;0,166;R
ES0000000000004565CCPF;11/11/2022;20;0,06;R
ES0000000000004565CCPF;11/11/2022;21;0,076;R
ES0000000000004565CCPF;11/11/2022;22;0,044;R
ES0000000000004565CCPF;11/11/2022;23;0,044;R
ES0000000000004565CCPF;12/11/2022;0;0,096;R
ES0000000000004565CCPF;12/11/2022;1;0,095;R
ES0000000000004565CCPF;12/11/2022;2;0,06;R
ES0000000000004565CCPF;12/11/2022;3;0,055;R
ES0000000000004565CCPF;12/11/2022;4;0,051;R
ES0000000000004565CCPF;12/11/2022;5;0,051;R
ES0000000000004565CCPF;12/11/2022;6;0,041;R
ES0000000000004565CCPF;12/11/2022;7;0,044;R
ES0000000000004565CCPF;12/11/2022;8;0,084;R
ES0000000000004565CCPF;12/11/2022;9;0,052;R
ES0000000000004565CCPF;12/11/2022;10;0,052;R
ES0000000000004565CCPF;12/11/2022;11;0,05;R
ES0000000000004565CCPF;12/11/2022;12;0,07;R
ES0000000000004565CCPF;12/11/2022;13;0,048;R
ES0000000000004565CCPF;12/11/2022;14;0,043;R
ES0000000000004565CCPF;12/11/2022;15;0,049;R
ES0000000000004565CCPF;12/11/2022;16;0,047;R
ES0000000000004565CCPF;12/11/2022;17;0,052;R
ES0000000000004565CCPF;12/11/2022;18;0,129;R
ES0000000000004565CCPF;12/11/2022;19;0,132;R
ES0000000000004565CCPF;12/11/2022;20;0,051;R
ES0000000000004565CCPF;12/11/2022;21;0,051;R
ES0000000000004565CCPF;12/11/2022;22;0,047;R
ES0000000000004565CCPF;12/11/2022;23;0,788;R
ES0000000000004565CCPF;13/11/2022;0;0,456;R
ES0000000000004565CCPF;13/11/2022;1;1,107;R
ES0000000000004565CCPF;13/11/2022;2;0,886;R
ES0000000000004565CCPF;13/11/2022;3;0,059;R
ES0000000000004565CCPF;13/11/2022;4;0,054;R
ES0000000000004565CCPF;13/11/2022;5;0,053;R
ES0000000000004565CCPF;13/11/2022;6;0,053;R
ES0000000000004565CCPF;13/11/2022;7;0,046;R
ES0000000000004565CCPF;13/11/2022;8;0,042;R
ES0000000000004565CCPF;13/11/2022;9;0,045;R
ES0000000000004565CCPF;13/11/2022;10;0,053;R
ES0000000000004565CCPF;13/11/2022;11;0,052;R
ES0000000000004565CCPF;13/11/2022;12;0,154;R
ES0000000000004565CCPF;13/11/2022;13;0,051;R
ES0000000000004565CCPF;13/11/2022;14;0,051;R
ES0000000000004565CCPF;13/11/2022;15;0,049;R
ES0000000000004565CCPF;13/11/2022;16;0,047;R
ES0000000000004565CCPF;13/11/2022;17;0,047;R
ES0000000000004565CCPF;13/11/2022;18;0,067;R
ES0000000000004565CCPF;13/11/2022;19;0,204;R
ES0000000000004565CCPF;13/11/2022;20;0,202;R
ES0000000000004565CCPF;13/11/2022;21;0,275;R
ES0000000000004565CCPF;13/11/2022;22;0,189;R
ES0000000000004565CCPF;13/11/2022;23;0,067;R
ES0000000000004565CCPF;14/11/2022;0;0,062;R
ES0000000000004565CCPF;14/11/2022;1;0,051;R
ES0000000000004565CCPF;14/11/2022;2;0,037;R
ES0000000000004565CCPF;14/11/2022;3;0,048;R
ES0000000000004565CCPF;14/11/2022;4;0,044;R
ES0000000000004565CCPF;14/11/2022;5;0,05;R
ES0000000000004565CCPF;14/11/2022;6;0,051;R
ES0000000000004565CCPF;14/11/2022;7;0,05;R
ES0000000000004565CCPF;14/11/2022;8;0,087;R
ES0000000000004565CCPF;14/11/2022;9;0,145;R
ES0000000000004565CCPF;14/11/2022;10;0,134;R
ES0000000000004565CCPF;14/11/2022;11;0,048;R
ES0000000000004565CCPF;14/11/2022;12;0,087;R
ES0000000000004565CCPF;14/11/2022;13;0,064;R
ES0000000000004565CCPF;14/11/2022;14;0,127;R
ES0000000000004565CCPF;14/11/2022;15;0,955;R
ES0000000000004565CCPF;14/11/2022;16;0,163;R
ES0000000000004565CCPF;14/11/2022;17;0,073;R
ES0000000000004565CCPF;14/11/2022;18;0,155;R
ES0000000000004565CCPF;14/11/2022;19;0,075;R
ES0000000000004565CCPF;14/11/2022;20;0,06;R
ES0000000000004565CCPF;14/11/2022;21;0,07;R
ES0000000000004565CCPF;14/11/2022;22;0,408;R
ES0000000000004565CCPF;14/11/2022;23;0,18;R
ES0000000000004565CCPF;15/11/2022;0;0,177;R
ES0000000000004565CCPF;15/11/2022;1;0,101;R
ES0000000000004565CCPF;15/11/2022;2;0,059;R
ES0000000000004565CCPF;15/11/2022;3;0,059;R
ES0000000000004565CCPF;15/11/2022;4;0,045;R
ES0000000000004565CCPF;15/11/2022;5;0,057;R
ES0000000000004565CCPF;15/11/2022;6;0,06;R
ES0000000000004565CCPF;15/11/2022;7;0,054;R
ES0000000000004565CCPF;15/11/2022;8;0,038;R
ES0000000000004565CCPF;15/11/2022;9;0,053;R
ES0000000000004565CCPF;15/11/2022;10;0,056;R
ES0000000000004565CCPF;15/11/2022;11;0,045;R
ES0000000000004565CCPF;15/11/2022;12;0,084;R
ES0000000000004565CCPF;15/11/2022;13;0,081;R
ES0000000000004565CCPF;15/11/2022;14;0,085;R
ES0000000000004565CCPF;15/11/2022;15;0,401;R
ES0000000000004565CCPF;15/11/2022;16;0,228;R
ES0000000000004565CCPF;15/11/2022;17;0,052;R
ES0000000000004565CCPF;15/11/2022;18;0,045;R
ES0000000000004565CCPF;15/11/2022;19;0,045;R
ES0000000000004565CCPF;15/11/2022;20;0,056;R
ES0000000000004565CCPF;15/11/2022;21;0,146;R
ES0000000000004565CCPF;15/11/2022;22;0,364;R
ES0000000000004565CCPF;15/11/2022;23;0,387;R
ES0000000000004565CCPF;16/11/2022;0;0,161;R
ES0000000000004565CCPF;16/11/2022;1;0,057;R
ES0000000000004565CCPF;16/11/2022;2;0,083;R
ES0000000000004565CCPF;16/11/2022;3;0,048;R
ES0000000000004565CCPF;16/11/2022;4;0,058;R
ES0000000000004565CCPF;16/11/2022;5;0,037;R
ES0000000000004565CCPF;16/11/2022;6;0,043;R
ES0000000000004565CCPF;16/11/2022;7;0,049;R
ES0000000000004565CCPF;16/11/2022;8;0,184;R
ES0000000000004565CCPF;16/11/2022;9;0,077;R
ES0000000000004565CCPF;16/11/2022;10;0,258;R
ES0000000000004565CCPF;16/11/2022;11;0,331;R
ES0000000000004565CCPF;16/11/2022;12;0,167;R
ES0000000000004565CCPF;16/11/2022;13;0,133;R
ES0000000000004565CCPF;16/11/2022;14;0,186;R
ES0000000000004565CCPF;16/11/2022;15;0,135;R
ES0000000000004565CCPF;16/11/2022;16;0,243;R
ES0000000000004565CCPF;16/11/2022;17;0,174;R
ES0000000000004565CCPF;16/11/2022;18;0,253;R
ES0000000000004565CCPF;16/11/2022;19;0,285;R
ES0000000000004565CCPF;16/11/2022;20;0,113;R
ES0000000000004565CCPF;16/11/2022;21;1,084;R
ES0000000000004565CCPF;16/11/2022;22;0,752;R
ES0000000000004565CCPF;16/11/2022;23;1,153;R
ES0000000000004565CCPF;17/11/2022;0;0,856;R
ES0000000000004565CCPF;17/11/2022;1;0,089;R
ES0000000000004565CCPF;17/11/2022;2;0,055;R
ES0000000000004565CCPF;17/11/2022;3;0,059;R
ES0000000000004565CCPF;17/11/2022;4;0,099;R
ES0000000000004565CCPF;17/11/2022;5;0,052;R
ES0000000000004565CCPF;17/11/2022;6;0,039;R
ES0000000000004565CCPF;17/11/2022;7;0,062;R
ES0000000000004565CCPF;17/11/2022;8;0,173;R
ES0000000000004565CCPF;17/11/2022;9;1,023;R
ES0000000000004565CCPF;17/11/2022;10;0,252;R
ES0000000000004565CCPF;17/11/2022;11;0,134;R
ES0000000000004565CCPF;17/11/2022;12;0,324;R
ES0000000000004565CCPF;17/11/2022;13;0,337;R
ES0000000000004565CCPF;17/11/2022;14;0,218;R
ES0000000000004565CCPF;17/11/2022;15;0,642;R
ES0000000000004565CCPF;17/11/2022;16;0,093;R
ES0000000000004565CCPF;17/11/2022;17;0,053;R
ES0000000000004565CCPF;17/11/2022;18;0,119;R
ES0000000000004565CCPF;17/11/2022;19;0,082;R
ES0000000000004565CCPF;17/11/2022;20;0,076;R
ES0000000000004565CCPF;17/11/2022;21;0,096;R
ES0000000000004565CCPF;17/11/2022;22;0,414;R
ES0000000000004565CCPF;17/11/2022;23;0,414;R
ES0000000000004565CCPF;18/11/2022;0;0,079;R
ES0000000000004565CCPF;18/11/2022;1;0,079;R
ES0000000000004565CCPF;18/11/2022;2;0,057;R
ES0000000000004565CCPF;18/11/2022;3;0,059;R
ES0000000000004565CCPF;18/11/2022;4;0,077;R
ES0000000000004565CCPF;18/11/2022;5;0,062;R
ES0000000000004565CCPF;18/11/2022;6;0,059;R
ES0000000000004565CCPF;18/11/2022;7;0,108;R
ES0000000000004565CCPF;18/11/2022;8;0,144;R
ES0000000000004565CCPF;18/11/2022;9;0,793;R
ES0000000000004565CCPF;18/11/2022;10;0,789;R
ES0000000000004565CCPF;18/11/2022;11;0,061;R
ES0000000000004565CCPF;18/11/2022;12;0,147;R
ES0000000000004565CCPF;18/11/2022;13;0,09;R
ES0000000000004565CCPF;18/11/2022;14;0,161;R
ES0000000000004565CCPF;18/11/2022;15;0,133;R
ES0000000000004565CCPF;18/11/2022;16;0,152;R
ES0000000000004565CCPF;18/11/2022;17;0,068;R
ES0000000000004565CCPF;18/11/2022;18;0,099;R
ES0000000000004565CCPF;18/11/2022;19;0,383;R
ES0000000000004565CCPF;18/11/2022;20;0,317;R
ES0000000000004565CCPF;18/11/2022;21;0,598;R
ES0000000000004565CCPF;18/11/2022;22;0,919;R
ES0000000000004565CCPF;18/11/2022;23;0,354;R
ES0000000000004565CCPF;19/11/2022;0;0,303;R
ES0000000000004565CCPF;19/11/2022;1;0,302;R
ES0000000000004565CCPF;19/11/2022;2;0,32;R
ES0000000000004565CCPF;19/11/2022;3;0,12;R
ES0000000000004565CCPF;19/11/2022;4;0,079;R
ES0000000000004565CCPF;19/11/2022;5;0,059;R
ES0000000000004565CCPF;19/11/2022;6;0,051;R
ES0000000000004565CCPF;19/11/2022;7;0,041;R
ES0000000000004565CCPF;19/11/2022;8;0,046;R
ES0000000000004565CCPF;19/11/2022;9;0,055;R
ES0000000000004565CCPF;19/11/2022;10;0,066;R
ES0000000000004565CCPF;19/11/2022;11;0,096;R
ES0000000000004565CCPF;19/11/2022;12;0,045;R
ES0000000000004565CCPF;19/11/2022;13;0,061;R
ES0000000000004565CCPF;19/11/2022;14;0,078;R
ES0000000000004565CCPF;19/11/2022;15;0,879;R
ES0000000000004565CCPF;19/11/2022;16;0,622;R
ES0000000000004565CCPF;19/11/2022;17;0,094;R
ES0000000000004565CCPF;19/11/2022;18;0,077;R
ES0000000000004565CCPF;19/11/2022;19;0,05;R
ES0000000000004565CCPF;19/11/2022;20;0,045;R
ES0000000000004565CCPF;19/11/2022;21;0,042;R
ES0000000000004565CCPF;19/11/2022;22;0,05;R
ES0000000000004565CCPF;19/11/2022;23;0,063;R
ES0000000000004565CCPF;20/11/2022;0;1,156;R
ES0000000000004565CCPF;20/11/2022;1;0,961;R
ES0000000000004565CCPF;20/11/2022;2;0,449;R
ES0000000000004565CCPF;20/11/2022;3;0,098;R
ES0000000000004565CCPF;20/11/2022;4;0,065;R
ES0000000000004565CCPF;20/11/2022;5;0,057;R
ES0000000000004565CCPF;20/11/2022;6;0,058;R
ES0000000000004565CCPF;20/11/2022;7;0,051;R
ES0000000000004565CCPF;20/11/2022;8;0,045;R
ES0000000000004565CCPF;20/11/2022;9;0,056;R
ES0000000000004565CCPF;20/11/2022;10;0,045;R
ES0000000000004565CCPF;20/11/2022;11;0,06;R
ES0000000000004565CCPF;20/11/2022;12;0,052;R
ES0000000000004565CCPF;20/11/2022;13;0,054;R
ES0000000000004565CCPF;20/11/2022;14;0,146;R
ES0000000000004565CCPF;20/11/2022;15;0,206;R
ES0000000000004565CCPF;20/11/2022;16;0,135;R
ES0000000000004565CCPF;20/11/2022;17;0,151;R
ES0000000000004565CCPF;20/11/2022;18;0,134;R
ES0000000000004565CCPF;20/11/2022;19;0,21;R
ES0000000000004565CCPF;20/11/2022;20;0,087;R
ES0000000000004565CCPF;20/11/2022;21;0,048;R
ES0000000000004565CCPF;20/11/2022;22;0,053;R
ES0000000000004565CCPF;20/11/2022;23;0,679;R
ES0000000000004565CCPF;21/11/2022;0;0,291;R
ES0000000000004565CCPF;21/11/2022;1;0,092;R
ES0000000000004565CCPF;21/11/2022;2;0,051;R
ES0000000000004565CCPF;21/11/2022;3;0,046;R
ES0000000000004565CCPF;21/11/2022;4;0,046;R
ES0000000000004565CCPF;21/11/2022;5;0,057;R
ES0000000000004565CCPF;21/11/2022;6;0,054;R
ES0000000000004565CCPF;21/11/2022;7;0,047;R
ES0000000000004565CCPF;21/11/2022;8;0,05;R
ES0000000000004565CCPF;21/11/2022;9;0,047;R
ES0000000000004565CCPF;21/11/2022;10;0,057;R
ES0000000000004565CCPF;21/11/2022;11;0,202;R
ES0000000000004565CCPF;21/11/2022;12;0,255;R
ES0000000000004565CCPF;21/11/2022;13;0,152;R
ES0000000000004565CCPF;21/11/2022;14;0,182;R
ES0000000000004565CCPF;21/11/2022;15;0,107;R
ES0000000000004565CCPF;21/11/2022;16;0,099;R
ES0000000000004565CCPF;21/11/2022;17;0,202;R
ES0000000000004565CCPF;21/11/2022;18;0,196;R
ES0000000000004565CCPF;21/11/2022;19;0,233;R
ES0000000000004565CCPF;21/11/2022;20;0,309;R
ES0000000000004565CCPF;21/11/2022;21;0,188;R
ES0000000000004565CCPF;21/11/2022;22;0,21;R
ES0000000000004565CCPF;21/11/2022;23;0,076;R
ES0000000000004565CCPF;22/11/2022;0;0,056;R
ES0000000000004565CCPF;22/11/2022;1;0,051;R
ES0000000000004565CCPF;22/11/2022;2;0,045;R
ES0000000000004565CCPF;22/11/2022;3;0,052;R
ES0000000000004565CCPF;22/11/2022;4;0,054;R
ES0000000000004565CCPF;22/11/2022;5;0,054;R
ES0000000000004565CCPF;22/11/2022;6;0,053;R
ES0000000000004565CCPF;22/11/2022;7;0,044;R
ES0000000000004565CCPF;22/11/2022;8;0,036;R
ES0000000000004565CCPF;22/11/2022;9;0,052;R
ES0000000000004565CCPF;22/11/2022;10;0,089;R
ES0000000000004565CCPF;22/11/2022;11;0,131;R
ES0000000000004565CCPF;22/11/2022;12;0,041;R
ES0000000000004565CCPF;22/11/2022;13;0,077;R
ES0000000000004565CCPF;22/11/2022;14;0,072;R
ES0000000000004565CCPF;22/11/2022;15;0,052;R
ES0000000000004565CCPF;22/11/2022;16;0,052;R
ES0000000000004565CCPF;22/11/2022;17;0,041;R
ES0000000000004565CCPF;22/11/2022;18;0,049;R
ES0000000000004565CCPF;22/11/2022;19;0,042;R
ES0000000000004565CCPF;22/11/2022;20;0,054;R
ES0000000000004565CCPF;22/11/2022;21;0,37;R
ES0000000000004565CCPF;22/11/2022;22;0,35;R
ES0000000000004565CCPF;22/11/2022;23;0,343;R
ES0000000000004565CCPF;23/11/2022;0;0,234;R
ES0000000000004565CCPF;23/11/2022;1;0,104;R
ES0000000000004565CCPF;23/11/2022;2;0,041;R
ES0000000000004565CCPF;23/11/2022;3;0,09;R
ES0000000000004565CCPF;23/11/2022;4;0,045;R
ES0000000000004565CCPF;23/11/2022;5;0,077;R
ES0000000000004565CCPF;23/11/2022;6;0,053;R
ES0000000000004565CCPF;23/11/2022;7;0,09;R
ES0000000000004565CCPF;23/11/2022;8;0,059;R
ES0000000000004565CCPF;23/11/2022;9;0,202;R
ES0000000000004565CCPF;23/11/2022;10;2,173;R
ES0000000000004565CCPF;23/11/2022;11;0,58;R
ES0000000000004565CCPF;23/11/2022;12;1,554;R
ES0000000000004565CCPF;23/11/2022;13;0,139;R
ES0000000000004565CCPF;23/11/2022;14;0,115;R
ES0000000000004565CCPF;23/11/2022;15;0,067;R
ES0000000000004565CCPF;23/11/2022;16;0,098;R
ES0000000000004565CCPF;23/11/2022;17;0,133;R
ES0000000000004565CCPF;23/11/2022;18;0,148;R
ES0000000000004565CCPF;23/11/2022;19;0,441;R
ES0000000000004565CCPF;23/11/2022;20;0,574;R
ES0000000000004565CCPF;23/11/2022;21;0,324;R
ES0000000000004565CCPF;23/11/2022;22;0,292;R
ES0000000000004565CCPF;23/11/2022;23;0,315;R
ES0000000000004565CCPF;24/11/2022;0;0,145;R
ES0000000000004565CCPF;24/11/2022;1;0,07;R
ES0000000000004565CCPF;24/11/2022;2;0,076;R
ES0000000000004565CCPF;24/11/2022;3;0,061;R
ES0000000000004565CCPF;24/11/2022;4;0,061;R
ES0000000000004565CCPF;24/11/2022;5;0,05;R
ES0000000000004565CCPF;24/11/2022;6;0,054;R
ES0000000000004565CCPF;24/11/2022;7;0,158;R
ES0000000000004565CCPF;24/11/2022;8;0,259;R
ES0000000000004565CCPF;24/11/2022;9;0,084;R
ES0000000000004565CCPF;24/11/2022;10;0,718;R
ES0000000000004565CCPF;24/11/2022;11;0,325;R
ES0000000000004565CCPF;24/11/2022;12;0,125;R
ES0000000000004565CCPF;24/11/2022;13;0,213;R
ES0000000000004565CCPF;24/11/2022;14;0,405;R
ES0000000000004565CCPF;24/11/2022;15;0,095;R
ES0000000000004565CCPF;24/11/2022;16;0,09;R
ES0000000000004565CCPF;24/11/2022;17;0,046;R
ES0000000000004565CCPF;24/11/2022;18;0,205;R
ES0000000000004565CCPF;24/11/2022;19;0,193;R
ES0000000000004565CCPF;24/11/2022;20;0,104;R
ES0000000000004565CCPF;24/11/2022;21;0,067;R
ES0000000000004565CCPF;24/11/2022;22;0,17;R
ES0000000000004565CCPF;24/11/2022;23;0,357;R
ES0000000000004565CCPF;25/11/2022;0;0,148;R
ES0000000000004565CCPF;25/11/2022;1;0,051;R
ES0000000000004565CCPF;25/11/2022;2;0,063;R
ES0000000000004565CCPF;25/11/2022;3;0,052;R
ES0000000000004565CCPF;25/11/2022;4;0,05;R
ES0000000000004565CCPF;25/11/2022;5;0,052;R
ES0000000000004565CCPF;25/11/2022;6;0,053;R
ES0000000000004565CCPF;25/11/2022;7;0,052;R
ES0000000000004565CCPF;25/11/2022;8;0,091;R
ES0000000000004565CCPF;25/11/2022;9;0,149;R
ES0000000000004565CCPF;25/11/2022;10;0,145;R
ES0000000000004565CCPF;25/11/2022;11;0,065;R
ES0000000000004565CCPF;25/11/2022;12;0,043;R
ES0000000000004565CCPF;25/11/2022;13;0,038;R
ES0000000000004565CCPF;25/11/2022;14;0,053;R
ES0000000000004565CCPF;25/11/2022;15;0,052;R
ES0000000000004565CCPF;25/11/2022;16;0,052;R
ES0000000000004565CCPF;25/11/2022;17;0,052;R
ES0000000000004565CCPF;25/11/2022;18;0,039;R
ES0000000000004565CCPF;25/11/2022;19;0,054;R
ES0000000000004565CCPF;25/11/2022;20;0,082;R
ES0000000000004565CCPF;25/11/2022;21;0,137;R
ES0000000000004565CCPF;25/11/2022;22;0,118;R
ES0000000000004565CCPF;25/11/2022;23;0,052;R
ES0000000000004565CCPF;26/11/2022;0;0,052;R
ES0000000000004565CCPF;26/11/2022;1;0,052;R
ES0000000000004565CCPF;26/11/2022;2;0,068;R
ES0000000000004565CCPF;26/11/2022;3;0,216;R
ES0000000000004565CCPF;26/11/2022;4;0,062;R
ES0000000000004565CCPF;26/11/2022;5;0,04;R
ES0000000000004565CCPF;26/11/2022;6;0,041;R
ES0000000000004565CCPF;26/11/2022;7;0,086;R
ES0000000000004565CCPF;26/11/2022;8;0,052;R
ES0000000000004565CCPF;26/11/2022;9;0,048;R
ES0000000000004565CCPF;26/11/2022;10;0,069;R
ES0000000000004565CCPF;26/11/2022;11;0,054;R
ES0000000000004565CCPF;26/11/2022;12;0,072;R
ES0000000000004565CCPF;26/11/2022;13;0,125;R
ES0000000000004565CCPF;26/11/2022;14;0,081;R
ES0000000000004565CCPF;26/11/2022;15;0,089;R
ES0000000000004565CCPF;26/11/2022;16;0,052;R
ES0000000000004565CCPF;26/11/2022;17;0,088;R
ES0000000000004565CCPF;26/11/2022;18;0,058;R
ES0000000000004565CCPF;26/11/2022;19;0,257;R
ES0000000000004565CCPF;26/11/2022;20;0,235;R
ES0000000000004565CCPF;26/11/2022;21;0,237;R
ES0000000000004565CCPF;26/11/2022;22;0,256;R
ES0000000000004565CCPF;26/11/2022;23;1,159;R
ES0000000000004565CCPF;27/11/2022;0;0,323;R
ES0000000000004565CCPF;27/11/2022;1;0,274;R
ES0000000000004565CCPF;27/11/2022;2;1,378;R
ES0000000000004565CCPF;27/11/2022;3;0,928;R
ES0000000000004565CCPF;27/11/2022;4;0,086;R
ES0000000000004565CCPF;27/11/2022;5;0,059;R
ES0000000000004565CCPF;27/11/2022;6;0,059;R
ES0000000000004565CCPF;27/11/2022;7;0,06;R
ES0000000000004565CCPF;27/11/2022;8;0,046;R
ES0000000000004565CCPF;27/11/2022;9;0,057;R
ES0000000000004565CCPF;27/11/2022;10;0,059;R
ES0000000000004565CCPF;27/11/2022;11;0,054;R
ES0000000000004565CCPF;27/11/2022;12;0,051;R
ES0000000000004565CCPF;27/11/2022;13;0,041;R
ES0000000000004565CCPF;27/11/2022;14;0,07;R
ES0000000000004565CCPF;27/11/2022;15;0,163;R
ES0000000000004565CCPF;27/11/2022;16;0,101;R
ES0000000000004565CCPF;27/11/2022;17;0,091;R
ES0000000000004565CCPF;27/11/2022;18;0,103;R
ES0000000000004565CCPF;27/11/2022;19;0,204;R
ES0000000000004565CCPF;27/11/2022;20;0,247;R
ES0000000000004565CCPF;27/11/2022;21;0,173;R
ES0000000000004565CCPF;27/11/2022;22;0,309;R
ES0000000000004565CCPF;27/11/2022;23;0,324;R
ES0000000000004565CCPF;28/11/2022;0;0,234;R
ES0000000000004565CCPF;28/11/2022;1;0,12;R
ES0000000000004565CCPF;28/11/2022;2;0,06;R
ES0000000000004565CCPF;28/11/2022;3;0,063;R
ES0000000000004565CCPF;28/11/2022;4;0,063;R
ES0000000000004565CCPF;28/11/2022;5;0,064;R
ES0000000000004565CCPF;28/11/2022;6;0,061;R
ES0000000000004565CCPF;28/11/2022;7;0,056;R
ES0000000000004565CCPF;28/11/2022;8;0,059;R
ES0000000000004565CCPF;28/11/2022;9;0,062;R
ES0000000000004565CCPF;28/11/2022;10;0,124;R
ES0000000000004565CCPF;28/11/2022;11;0,057;R
ES0000000000004565CCPF;28/11/2022;12;0,06;R
ES0000000000004565CCPF;28/11/2022;13;0,061;R
ES0000000000004565CCPF;28/11/2022;14;0,053;R
ES0000000000004565CCPF;28/11/2022;15;0,06;R
ES0000000000004565CCPF;28/11/2022;16;0,062;R
ES0000000000004565CCPF;28/11/2022;17;0,06;R
ES0000000000004565CCPF;28/11/2022;18;0,058;R
ES0000000000004565CCPF;28/11/2022;19;0,057;R
ES0000000000004565CCPF;28/11/2022;20;0,249;R
ES0000000000004565CCPF;28/11/2022;21;0,214;R
ES0000000000004565CCPF;28/11/2022;22;0,214;R
ES0000000000004565CCPF;28/11/2022;23;0,287;R
ES0000000000004565CCPF;29/11/2022;0;0,128;R
ES0000000000004565CCPF;29/11/2022;1;0,06;R
ES0000000000004565CCPF;29/11/2022;2;0,054;R
ES0000000000004565CCPF;29/11/2022;3;0,052;R
ES0000000000004565CCPF;29/11/2022;4;0,034;R
ES0000000000004565CCPF;29/11/2022;5;0,046;R
ES0000000000004565CCPF;29/11/2022;6;0,039;R
ES0000000000004565CCPF;29/11/2022;7;0,054;R
ES0000000000004565CCPF;29/11/2022;8;0,358;R
ES0000000000004565CCPF;29/11/2022;9;1,165;R
ES0000000000004565CCPF;29/11/2022;10;0,211;R
ES0000000000004565CCPF;29/11/2022;11;0,075;R
ES0000000000004565CCPF;29/11/2022;12;0,09;R
ES0000000000004565CCPF;29/11/2022;13;0,353;R
ES0000000000004565CCPF;29/11/2022;14;0,202;R
ES0000000000004565CCPF;29/11/2022;15;0,156;R
ES0000000000004565CCPF;29/11/2022;16;0,187;R
ES0000000000004565CCPF;29/11/2022;17;0,08;R
ES0000000000004565CCPF;29/11/2022;18;0,064;R
ES0000000000004565CCPF;29/11/2022;19;0,047;R
ES0000000000004565CCPF;29/11/2022;20;0,049;R
ES0000000000004565CCPF;29/11/2022;21;0,086;R
ES0000000000004565CCPF;29/11/2022;22;0,476;R
ES0000000000004565CCPF;29/11/2022;23;0,467;R
ES0000000000004565CCPF;30/11/2022;0;0,174;R
ES0000000000004565CCPF;30/11/2022;1;0,065;R
ES0000000000004565CCPF;30/11/2022;2;0,073;R
ES0000000000004565CCPF;30/11/2022;3;0,078;R
ES0000000000004565CCPF;30/11/2022;4;0,085;R
ES0000000000004565CCPF;30/11/2022;5;0,042;R
ES0000000000004565CCPF;30/11/2022;6;0,089;R
ES0000000000004565CCPF;30/11/2022;7;0,051;R
ES0000000000004565CCPF;30/11/2022;8;0,079;R
ES0000000000004565CCPF;30/11/2022;9;0,05;R
ES0000000000004565CCPF;30/11/2022;10;0,161;R
ES0000000000004565CCPF;30/11/2022;11;0,27;R
ES0000000000004565CCPF;30/11/2022;12;0,071;R
ES0000000000004565CCPF;30/11/2022;13;0,117;R
ES0000000000004565CCPF;30/11/2022;14;0,061;R
ES0000000000004565CCPF;30/11/2022;15;0,084;R
ES0000000000004565CCPF;30/11/2022;16;0,312;R
ES0000000000004565CCPF;30/11/2022;17;0,124;R
ES0000000000004565CCPF;30/11/2022;18;0,261;R
ES0000000000004565CCPF;30/11/2022;19;0,171;R
ES0000000000004565CCPF;30/11/2022;20;0,094;R
ES0000000000004565CCPF;30/11/2022;21;0,071;R
ES0000000000004565CCPF;30/11/2022;22;0,128;R
ES0000000000004565CCPF;30/11/2022;23;0,541;R
ES0000000000004565CCPF;01/12/2022;0;0,251;R
ES0000000000004565CCPF;01/12/2022;1;0,066;R
ES0000000000004565CCPF;01/12/2022;2;0,062;R
ES0000000000004565CCPF;01/12/2022;3;0,055;R
ES0000000000004565CCPF;01/12/2022;4;0,056;R
ES0000000000004565CCPF;01/12/2022;5;0,085;R
ES0000000000004565CCPF;01/12/2022;6;0,047;R
ES0000000000004565CCPF;01/12/2022;7;0,081;R
ES0000000000004565CCPF;01/12/2022;8;0,056;R
ES0000000000004565CCPF;01/12/2022;9;0,584;R
ES0000000000004565CCPF;01/12/2022;10;0,127;R
ES0000000000004565CCPF;01/12/2022;11;0,043;R
ES0000000000004565CCPF;01/12/2022;12;0,049;R
ES0000000000004565CCPF;01/12/2022;13;0,054;R
ES0000000000004565CCPF;01/12/2022;14;0,091;R
ES0000000000004565CCPF;01/12/2022;15;0,189;R
ES0000000000004565CCPF;01/12/2022;16;0,26;R
ES0000000000004565CCPF;01/12/2022;17;0,117;R
ES0000000000004565CCPF;01/12/2022;18;0,074;R
ES0000000000004565CCPF;01/12/2022;19;0,068;R
ES0000000000004565CCPF;01/12/2022;20;0,083;R
ES0000000000004565CCPF;01/12/2022;21;0,289;R
ES0000000000004565CCPF;01/12/2022;22;0,371;R
ES0000000000004565CCPF;01/12/2022;23;1,704;R
ES0000000000004565CCPF;02/12/2022;0;0,07;R
ES0000000000004565CCPF;02/12/2022;1;0,05;R
ES0000000000004565CCPF;02/12/2022;2;0,051;R
ES0000000000004565CCPF;02/12/2022;3;0,053;R
ES0000000000004565CCPF;02/12/2022;4;0,05;R
ES0000000000004565CCPF;02/12/2022;5;0,081;R
ES0000000000004565CCPF;02/12/2022;6;0,056;R
ES0000000000004565CCPF;02/12/2022;7;0,078;R
ES0000000000004565CCPF;02/12/2022;8;0,047;R
ES0000000000004565CCPF;02/12/2022;9;0,181;R
ES0000000000004565CCPF;02/12/2022;10;0,885;R
ES0000000000004565CCPF;02/12/2022;11;0,101;R
ES0000000000004565CCPF;02/12/2022;12;0,056;R
ES0000000000004565CCPF;02/12/2022;13;0,045;R
ES0000000000004565CCPF;02/12/2022;14;0,082;R
ES0000000000004565CCPF;02/12/2022;15;0,191;R
ES0000000000004565CCPF;02/12/2022;16;0,299;R
ES0000000000004565CCPF;02/12/2022;17;0,22;R
ES0000000000004565CCPF;02/12/2022;18;0,048;R
ES0000000000004565CCPF;02/12/2022;19;0,038;R
ES0000000000004565CCPF;02/12/2022;20;0,046;R
ES0000000000004565CCPF;02/12/2022;21;0,048;R
ES0000000000004565CCPF;02/12/2022;22;0,285;R
ES0000000000004565CCPF;02/12/2022;23;0,38;R
ES0000000000004565CCPF;03/12/2022;0;0,238;R
ES0000000000004565CCPF;03/12/2022;1;0,151;R
ES0000000000004565CCPF;03/12/2022;2;0,11;R
ES0000000000004565CCPF;03/12/2022;3;0,04;R
ES0000000000004565CCPF;03/12/2022;4;0,054;R
ES0000000000004565CCPF;03/12/2022;5;0,056;R
ES0000000000004565CCPF;03/12/2022;6;0,045;R
ES0000000000004565CCPF;03/12/2022;7;0,05;R
ES0000000000004565CCPF;03/12/2022;8;0,051;R
ES0000000000004565CCPF;03/12/2022;9;0,039;R
ES0000000000004565CCPF;03/12/2022;10;0,045;R
ES0000000000004565CCPF;03/12/2022;11;0,222;R
ES0000000000004565CCPF;03/12/2022;12;0,19;R
ES0000000000004565CCPF;03/12/2022;13;0,143;R
ES0000000000004565CCPF;03/12/2022;14;0,079;R
ES0000000000004565CCPF;03/12/2022;15;0,101;R
ES0000000000004565CCPF;03/12/2022;16;0,101;R
ES0000000000004565CCPF;03/12/2022;17;0,1;R
ES0000000000004565CCPF;03/12/2022;18;0,1;R
ES0000000000004565CCPF;03/12/2022;19;0,086;R
ES0000000000004565CCPF;03/12/2022;20;0,09;R
ES0000000000004565CCPF;03/12/2022;21;0,093;R
ES0000000000004565CCPF;03/12/2022;22;0,689;R
ES0000000000004565CCPF;03/12/2022;23;0,655;R
ES0000000000004565CCPF;04/12/2022;0;1,236;R
ES0000000000004565CCPF;04/12/2022;1;1,052;R
ES0000000000004565CCPF;04/12/2022;2;0,223;R
ES0000000000004565CCPF;04/12/2022;3;0,059;R
ES0000000000004565CCPF;04/12/2022;4;0,053;R
ES0000000000004565CCPF;04/12/2022;5;0,042;R
ES0000000000004565CCPF;04/12/2022;6;0,054;R
ES0000000000004565CCPF;04/12/2022;7;0,053;R
ES0000000000004565CCPF;04/12/2022;8;0,067;R
ES0000000000004565CCPF;04/12/2022;9;0,055;R
ES0000000000004565CCPF;04/12/2022;10;0,092;R
ES0000000000004565CCPF;04/12/2022;11;0,348;R
ES0000000000004565CCPF;04/12/2022;12;0,073;R
ES0000000000004565CCPF;04/12/2022;13;0,054;R
ES0000000000004565CCPF;04/12/2022;14;0,042;R
ES0000000000004565CCPF;04/12/2022;15;0,056;R
ES0000000000004565CCPF;04/12/2022;16;0,062;R
ES0000000000004565CCPF;04/12/2022;17;0,045;R
ES0000000000004565CCPF;04/12/2022;18;0,101;R
ES0000000000004565CCPF;04/12/2022;19;0,049;R
ES0000000000004565CCPF;04/12/2022;20;0,243;R
ES0000000000004565CCPF;04/12/2022;21;0,735;R
ES0000000000004565CCPF;04/12/2022;22;0,383;R
ES0000000000004565CCPF;04/12/2022;23;0,221;R
ES0000000000004565CCPF;05/12/2022;0;0,19;R
ES0000000000004565CCPF;05/12/2022;1;0,068;R
ES0000000000004565CCPF;05/12/2022;2;0,052;R
ES0000000000004565CCPF;05/12/2022;3;0,057;R
ES0000000000004565CCPF;05/12/2022;4;0,041;R
ES0000000000004565CCPF;05/12/2022;5;0,056;R
ES0000000000004565CCPF;05/12/2022;6;0,048;R
ES0000000000004565CCPF;05/12/2022;7;0,074;R
ES0000000000004565CCPF;05/12/2022;8;0,055;R
ES0000000000004565CCPF;05/12/2022;9;0,092;R
ES0000000000004565CCPF;05/12/2022;10;0,045;R
ES0000000000004565CCPF;05/12/2022;11;0,067;R
ES0000000000004565CCPF;05/12/2022;12;0,068;R
ES0000000000004565CCPF;05/12/2022;13;0,179;R
ES0000000000004565CCPF;05/12/2022;14;0,233;R
ES0000000000004565CCPF;05/12/2022;15;0,286;R
ES0000000000004565CCPF;05/12/2022;16;0,111;R
ES0000000000004565CCPF;05/12/2022;17;0,094;R
ES0000000000004565CCPF;05/12/2022;18;0,167;R
ES0000000000004565CCPF;05/12/2022;19;0,253;R
ES0000000000004565CCPF;05/12/2022;20;0,061;R
ES0000000000004565CCPF;05/12/2022;21;0,254;R
ES0000000000004565CCPF;05/12/2022;22;1,424;R
ES0000000000004565CCPF;05/12/2022;23;0,877;R
ES0000000000004565CCPF;06/12/2022;0;0,35;R
ES0000000000004565CCPF;06/12/2022;1;0,28;R
ES0000000000004565CCPF;06/12/2022;2;0,1;R
ES0000000000004565CCPF;06/12/2022;3;0,063;R
ES0000000000004565CCPF;06/12/2022;4;0,047;R
ES0000000000004565CCPF;06/12/2022;5;0,065;R
ES0000000000004565CCPF;06/12/2022;6;0,04;R
ES0000000000004565CCPF;06/12/2022;7;0,06;R
ES0000000000004565CCPF;06/12/2022;8;0,052;R
ES0000000000004565CCPF;06/12/2022;9;0,049;R
ES0000000000004565CCPF;06/12/2022;10;0,062;R
ES0000000000004565CCPF;06/12/2022;11;0,044;R
ES0000000000004565CCPF;06/12/2022;12;0,06;R
ES0000000000004565CCPF;06/12/2022;13;0,275;R
ES0000000000004565CCPF;06/12/2022;14;0,069;R
ES0000000000004565CCPF;06/12/2022;15;0,058;R
ES0000000000004565CCPF;06/12/2022;16;0,062;R
ES0000000000004565CCPF;06/12/2022;17;0,286;R
ES0000000000004565CCPF;06/12/2022;18;0,417;R
ES0000000000004565CCPF;06/12/2022;19;0,456;R
ES0000000000004565CCPF;06/12/2022;20;0,298;R
ES0000000000004565CCPF;06/12/2022;21;0,107;R
ES0000000000004565CCPF;06/12/2022;22;0,458;R
ES0000000000004565CCPF;06/12/2022;23;0,349;R
ES0000000000004565CCPF;07/12/2022;0;0,143;R
ES0000000000004565CCPF;07/12/2022;1;0,155;R
ES0000000000004565CCPF;07/12/2022;2;0,056;R
ES0000000000004565CCPF;07/12/2022;3;0,051;R
ES0000000000004565CCPF;07/12/2022;4;0,052;R
ES0000000000004565CCPF;07/12/2022;5;0,062;R
ES0000000000004565CCPF;07/12/2022;6;0,059;R
ES0000000000004565CCPF;07/12/2022;7;0,093;R
ES0000000000004565CCPF;07/12/2022;8;0,049;R
ES0000000000004565CCPF;07/12/2022;9;0,209;R
ES0000000000004565CCPF;07/12/2022;10;1,6;R
ES0000000000004565CCPF;07/12/2022;11;0,879;R
ES0000000000004565CCPF;07/12/2022;12;0,054;R
ES0000000000004565CCPF;07/12/2022;13;0,099;R
ES0000000000004565CCPF;07/12/2022;14;0,542;R
ES0000000000004565CCPF;07/12/2022;15;0,369;R
ES0000000000004565CCPF;07/12/2022;16;0,182;R
ES0000000000004565CCPF;07/12/2022;17;0,09;R
ES0000000000004565CCPF;07/12/2022;18;0,157;R
ES0000000000004565CCPF;07/12/2022;19;0,193;R
ES0000000000004565CCPF;07/12/2022;20;0,066;R
ES0000000000004565CCPF;07/12/2022;21;0,055;R
ES0000000000004565CCPF;07/12/2022;22;0,046;R
ES0000000000004565CCPF;07/12/2022;23;0,052;R
ES0000000000004565CCPF;08/12/2022;0;0,046;R
ES0000000000004565CCPF;08/12/2022;1;0,143;R
ES0000000000004565CCPF;08/12/2022;2;0,057;R
ES0000000000004565CCPF;08/12/2022;3;0,048;R
ES0000000000004565CCPF;08/12/2022;4;0,034;R
ES0000000000004565CCPF;08/12/2022;5;0,067;R
ES0000000000004565CCPF;08/12/2022;6;0,056;R
ES0000000000004565CCPF;08/12/2022;7;0,062;R
ES0000000000004565CCPF;08/12/2022;8;0,079;R
ES0000000000004565CCPF;08/12/2022;9;0,047;R
ES0000000000004565CCPF;08/12/2022;10;0,06;R
ES0000000000004565CCPF;08/12/2022;11;0,296;R
ES0000000000004565CCPF;08/12/2022;12;0,081;R
ES0000000000004565CCPF;08/12/2022;13;0,078;R
ES0000000000004565CCPF;08/12/2022;14;0,15;R
ES0000000000004565CCPF;08/12/2022;15;0,085;R
ES0000000000004565CCPF;08/12/2022;16;0,053;R
ES0000000000004565CCPF;08/12/2022;17;0,085;R
ES0000000000004565CCPF;08/12/2022;18;0,05;R
ES0000000000004565CCPF;08/12/2022;19;0,042;R
ES0000000000004565CCPF;08/12/2022;20;0,051;R
ES0000000000004565CCPF;08/12/2022;21;0,075;R
ES0000000000004565CCPF;08/12/2022;22;0,048;R
ES0000000000004565CCPF;08/12/2022;23;0,04;R
ES0000000000004565CCPF;09/12/2022;0;0,155;R
ES0000000000004565CCPF;09/12/2022;1;0,098;R
ES0000000000004565CCPF;09/12/2022;2;0,039;R
ES0000000000004565CCPF;09/12/2022;3;0,077;R
ES0000000000004565CCPF;09/12/2022;4;0,05;R
ES0000000000004565CCPF;09/12/2022;5;0,047;R
ES0000000000004565CCPF;09/12/2022;6;0,047;R
ES0000000000004565CCPF;09/12/2022;7;0,054;R
ES0000000000004565CCPF;09/12/2022;8;0,071;R
ES0000000000004565CCPF;09/12/2022;9;0,111;R
ES0000000000004565CCPF;09/12/2022;10;0,099;R
ES0000000000004565CCPF;09/12/2022;11;0,116;R
ES0000000000004565CCPF;09/12/2022;12;0,072;R
ES0000000000004565CCPF;09/12/2022;13;0,095;R
ES0000000000004565CCPF;09/12/2022;14;0,191;R
ES0000000000004565CCPF;09/12/2022;15;0,128;R
ES0000000000004565CCPF;09/12/2022;16;0,043;R
ES0000000000004565CCPF;09/12/2022;17;0,05;R
ES0000000000004565CCPF;09/12/2022;18;0,057;R
ES0000000000004565CCPF;09/12/2022;19;0,041;R
ES0000000000004565CCPF;09/12/2022;20;0,055;R
ES0000000000004565CCPF;09/12/2022;21;0,051;R
ES0000000000004565CCPF;09/12/2022;22;0,028;R
ES0000000000004565CCPF;09/12/2022;23;0,052;R
ES0000000000004565CCPF;10/12/2022;0;0,054;R
ES0000000000004565CCPF;10/12/2022;1;0,04;R
ES0000000000004565CCPF;10/12/2022;2;0,054;R
ES0000000000004565CCPF;10/12/2022;3;0,049;R
ES0000000000004565CCPF;10/12/2022;4;0,029;R
ES0000000000004565CCPF;10/12/2022;5;0,054;R
ES0000000000004565CCPF;10/12/2022;6;0,085;R
ES0000000000004565CCPF;10/12/2022;7;0,048;R
ES0000000000004565CCPF;10/12/2022;8;0,054;R
ES0000000000004565CCPF;10/12/2022;9;0,033;R
ES0000000000004565CCPF;10/12/2022;10;0,063;R
ES0000000000004565CCPF;10/12/2022;11;0,069;R
ES0000000000004565CCPF;10/12/2022;12;0,039;R
ES0000000000004565CCPF;10/12/2022;13;0,056;R
ES0000000000004565CCPF;10/12/2022;14;0,05;R
ES0000000000004565CCPF;10/12/2022;15;0,029;R
ES0000000000004565CCPF;10/12/2022;16;0,051;R
ES0000000000004565CCPF;10/12/2022;17;0,085;R
ES0000000000004565CCPF;10/12/2022;18;0,04;R
ES0000000000004565CCPF;10/12/2022;19;0,054;R
ES0000000000004565CCPF;10/12/2022;20;0,049;R
ES0000000000004565CCPF;10/12/2022;21;0,056;R
ES0000000000004565CCPF;10/12/2022;22;0,061;R
ES0000000000004565CCPF;10/12/2022;23;0,046;R
ES0000000000004565CCPF;11/12/2022;0;0,048;R
ES0000000000004565CCPF;11/12/2022;1;0,086;R
ES0000000000004565CCPF;11/12/2022;2;0,038;R
ES0000000000004565CCPF;11/12/2022;3;0,04;R
ES0000000000004565CCPF;11/12/2022;4;0,054;R
ES0000000000004565CCPF;11/12/2022;5;0,075;R
ES0000000000004565CCPF;11/12/2022;6;0,054;R
ES0000000000004565CCPF;11/12/2022;7;0,056;R
ES0000000000004565CCPF;11/12/2022;8;0,054;R
ES0000000000004565CCPF;11/12/2022;9;0,055;R
ES0000000000004565CCPF;11/12/2022;10;0,054;R
ES0000000000004565CCPF;11/12/2022;11;0,04;R
ES0000000000004565CCPF;11/12/2022;12;0,093;R
ES0000000000004565CCPF;11/12/2022;13;0,046;R
ES0000000000004565CCPF;11/12/2022;14;0,032;R
ES0000000000004565CCPF;11/12/2022;15;0,078;R
ES0000000000004565CCPF;11/12/2022;16;0,05;R
ES0000000000004565CCPF;11/12/2022;17;0,054;R
ES0000000000004565CCPF;11/12/2022;18;0,054;R
ES0000000000004565CCPF;11/12/2022;19;0,064;R
ES0000000000004565CCPF;11/12/2022;20;0,045;R
ES0000000000004565CCPF;11/12/2022;21;0,054;R
ES0000000000004565CCPF;11/12/2022;22;0,075;R
ES0000000000004565CCPF;11/12/2022;23;0,055;R
ES0000000000004565CCPF;12/12/2022;0;0,053;R
ES0000000000004565CCPF;12/12/2022;1;0,125;R
ES0000000000004565CCPF;12/12/2022;2;0,136;R
ES0000000000004565CCPF;12/12/2022;3;0,056;R
ES0000000000004565CCPF;12/12/2022;4;0,095;R
ES0000000000004565CCPF;12/12/2022;5;0,055;R
ES0000000000004565CCPF;12/12/2022;6;0,089;R
ES0000000000004565CCPF;12/12/2022;7;0,035;R
ES0000000000004565CCPF;12/12/2022;8;0,086;R
ES0000000000004565CCPF;12/12/2022;9;0,054;R
ES0000000000004565CCPF;12/12/2022;10;0,08;R
ES0000000000004565CCPF;12/12/2022;11;0,057;R
ES0000000000004565CCPF;12/12/2022;12;0,061;R
ES0000000000004565CCPF;12/12/2022;13;0,093;R
ES0000000000004565CCPF;12/12/2022;14;0,221;R
ES0000000000004565CCPF;12/12/2022;15;0,381;R
ES0000000000004565CCPF;12/12/2022;16;0,198;R
ES0000000000004565CCPF;12/12/2022;17;0,129;R
ES0000000000004565CCPF;12/12/2022;18;0,181;R
ES0000000000004565CCPF;12/12/2022;19;0,245;R
ES0000000000004565CCPF;12/12/2022;20;0,29;R
ES0000000000004565CCPF;12/12/2022;21;0,225;R
ES0000000000004565CCPF;12/12/2022;22;0,358;R
ES0000000000004565CCPF;12/12/2022;23;0,23;R
ES0000000000004565CCPF;13/12/2022;0;0,243;R
ES0000000000004565CCPF;13/12/2022;1;0,16;R
ES0000000000004565CCPF;13/12/2022;2;0,473;R
ES0000000000004565CCPF;13/12/2022;3;1,009;R
ES0000000000004565CCPF;13/12/2022;4;0,458;R
ES0000000000004565CCPF;13/12/2022;5;0,065;R
ES0000000000004565CCPF;13/12/2022;6;0,062;R
ES0000000000004565CCPF;13/12/2022;7;0,045;R
ES0000000000004565CCPF;13/12/2022;8;0,061;R
ES0000000000004565CCPF;13/12/2022;9;0,054;R
ES0000000000004565CCPF;13/12/2022;10;0,043;R
ES0000000000004565CCPF;13/12/2022;11;0,052;R
ES0000000000004565CCPF;13/12/2022;12;0,061;R
ES0000000000004565CCPF;13/12/2022;13;0,049;R
ES0000000000004565CCPF;13/12/2022;14;0,894;R
ES0000000000004565CCPF;13/12/2022;15;0,273;R
ES0000000000004565CCPF;13/12/2022;16;0,314;R
ES0000000000004565CCPF;13/12/2022;17;0,599;R
ES0000000000004565CCPF;13/12/2022;18;0,095;R
ES0000000000004565CCPF;13/12/2022;19;0,052;R
ES0000000000004565CCPF;13/12/2022;20;0,059;R
ES0000000000004565CCPF;13/12/2022;21;0,064;R
ES0000000000004565CCPF;13/12/2022;22;0,333;R
ES0000000000004565CCPF;13/12/2022;23;0,335;R
ES0000000000004565CCPF;14/12/2022;0;0,268;R
ES0000000000004565CCPF;14/12/2022;1;0,131;R
ES0000000000004565CCPF;14/12/2022;2;0,056;R
ES0000000000004565CCPF;14/12/2022;3;0,055;R
ES0000000000004565CCPF;14/12/2022;4;0,066;R
ES0000000000004565CCPF;14/12/2022;5;0,042;R
ES0000000000004565CCPF;14/12/2022;6;0,054;R
ES0000000000004565CCPF;14/12/2022;7;0,038;R
ES0000000000004565CCPF;14/12/2022;8;0,099;R
ES0000000000004565CCPF;14/12/2022;9;1,027;R
ES0000000000004565CCPF;14/12/2022;10;0,776;R
ES0000000000004565CCPF;14/12/2022;11;0,468;R
ES0000000000004565CCPF;14/12/2022;12;0,108;R
ES0000000000004565CCPF;14/12/2022;13;0,101;R
ES0000000000004565CCPF;14/12/2022;14;0,165;R
ES0000000000004565CCPF;14/12/2022;15;0,114;R
ES0000000000004565CCPF;14/12/2022;16;0,066;R
ES0000000000004565CCPF;14/12/2022;17;0,065;R
ES0000000000004565CCPF;14/12/2022;18;0,156;R
ES0000000000004565CCPF;14/12/2022;19;0,224;R
ES0000000000004565CCPF;14/12/2022;20;0,525;R
ES0000000000004565CCPF;14/12/2022;21;0,865;R
ES0000000000004565CCPF;14/12/2022;22;0,365;R
ES0000000000004565CCPF;14/12/2022;23;0,338;R
ES0000000000004565CCPF;15/12/2022;0;0,246;R
ES0000000000004565CCPF;15/12/2022;1;0,067;R
ES0000000000004565CCPF;15/12/2022;2;0,082;R
ES0000000000004565CCPF;15/12/2022;3;0,072;R
ES0000000000004565CCPF;15/12/2022;4;0,068;R
ES0000000000004565CCPF;15/12/2022;5;0,111;R
ES0000000000004565CCPF;15/12/2022;6;0,056;R
ES0000000000004565CCPF;15/12/2022;7;0,067;R
ES0000000000004565CCPF;15/12/2022;8;0,081;R
ES0000000000004565CCPF;15/12/2022;9;0,124;R
ES0000000000004565CCPF;15/12/2022;10;0,352;R
ES0000000000004565CCPF;15/12/2022;11;0,064;R
ES0000000000004565CCPF;15/12/2022;12;0,09;R
ES0000000000004565CCPF;15/12/2022;13;0,223;R
ES0000000000004565CCPF;15/12/2022;14;0,327;R
ES0000000000004565CCPF;15/12/2022;15;0,222;R
ES0000000000004565CCPF;15/12/2022;16;0,2;R
ES0000000000004565CCPF;15/12/2022;17;0,168;R
ES0000000000004565CCPF;15/12/2022;18;0,165;R
ES0000000000004565CCPF;15/12/2022;19;0,068;R
ES0000000000004565CCPF;15/12/2022;20;0,102;R
ES0000000000004565CCPF;15/12/2022;21;0,046;R
ES0000000000004565CCPF;15/12/2022;22;0,508;R
ES0000000000004565CCPF;15/12/2022;23;0,488;R
ES0000000000004565CCPF;16/12/2022;0;0,281;R
ES0000000000004565CCPF;16/12/2022;1;0,11;R
ES0000000000004565CCPF;16/12/2022;2;0,141;R
ES0000000000004565CCPF;16/12/2022;3;0,11;R
ES0000000000004565CCPF;16/12/2022;4;0,077;R
ES0000000000004565CCPF;16/12/2022;5;0,085;R
ES0000000000004565CCPF;16/12/2022;6;0,21;R
ES0000000000004565CCPF;16/12/2022;7;0,081;R
ES0000000000004565CCPF;16/12/2022;8;0,109;R
ES0000000000004565CCPF;16/12/2022;9;0,238;R
ES0000000000004565CCPF;16/12/2022;10;0,081;R
ES0000000000004565CCPF;16/12/2022;11;0,115;R
ES0000000000004565CCPF;16/12/2022;12;0,046;R
ES0000000000004565CCPF;16/12/2022;13;0,06;R
ES0000000000004565CCPF;16/12/2022;14;0,142;R
ES0000000000004565CCPF;16/12/2022;15;0,118;R
ES0000000000004565CCPF;16/12/2022;16;0,09;R
ES0000000000004565CCPF;16/12/2022;17;0,829;R
ES0000000000004565CCPF;16/12/2022;18;1,239;R
ES0000000000004565CCPF;16/12/2022;19;0,947;R
ES0000000000004565CCPF;16/12/2022;20;0,327;R
ES0000000000004565CCPF;16/12/2022;21;0,211;R
ES0000000000004565CCPF;16/12/2022;22;0,75;R
ES0000000000004565CCPF;16/12/2022;23;0,99;R
ES0000000000004565CCPF;17/12/2022;0;0,271;R
ES0000000000004565CCPF;17/12/2022;1;0,174;R
ES0000000000004565CCPF;17/12/2022;2;0,095;R
ES0000000000004565CCPF;17/12/2022;3;0,059;R
ES0000000000004565CCPF;17/12/2022;4;0,053;R
ES0000000000004565CCPF;17/12/2022;5;0,053;R
ES0000000000004565CCPF;17/12/2022;6;0,048;R
ES0000000000004565CCPF;17/12/2022;7;0,052;R
ES0000000000004565CCPF;17/12/2022;8;0,045;R
ES0000000000004565CCPF;17/12/2022;9;0,064;R
ES0000000000004565CCPF;17/12/2022;10;0,088;R
ES0000000000004565CCPF;17/12/2022;11;0,044;R
ES0000000000004565CCPF;17/12/2022;12;0,035;R
ES0000000000004565CCPF;17/12/2022;13;0,123;R
ES0000000000004565CCPF;17/12/2022;14;0,075;R
ES0000000000004565CCPF;17/12/2022;15;0,052;R
ES0000000000004565CCPF;17/12/2022;16;0,187;R
ES0000000000004565CCPF;17/12/2022;17;0,037;R
ES0000000000004565CCPF;17/12/2022;18;0,045;R
ES0000000000004565CCPF;17/12/2022;19;0,048;R
ES0000000000004565CCPF;17/12/2022;20;0,052;R
ES0000000000004565CCPF;17/12/2022;21;0,037;R
ES0000000000004565CCPF;17/12/2022;22;0,052;R
ES0000000000004565CCPF;17/12/2022;23;0,047;R
ES0000000000004565CCPF;18/12/2022;0;0,025;R
ES0000000000004565CCPF;18/12/2022;1;0,052;R
ES0000000000004565CCPF;18/12/2022;2;0,051;R
ES0000000000004565CCPF;18/12/2022;3;0,036;R
ES0000000000004565CCPF;18/12/2022;4;0,051;R
ES0000000000004565CCPF;18/12/2022;5;0,046;R
ES0000000000004565CCPF;18/12/2022;6;0,031;R
ES0000000000004565CCPF;18/12/2022;7;0,044;R
ES0000000000004565CCPF;18/12/2022;8;0,051;R
ES0000000000004565CCPF;18/12/2022;9;0,036;R
ES0000000000004565CCPF;18/12/2022;10;0,052;R
ES0000000000004565CCPF;18/12/2022;11;0,079;R
ES0000000000004565CCPF;18/12/2022;12;0,131;R
ES0000000000004565CCPF;18/12/2022;13;0,147;R
ES0000000000004565CCPF;18/12/2022;14;0,146;R
ES0000000000004565CCPF;18/12/2022;15;0,129;R
ES0000000000004565CCPF;18/12/2022;16;0,071;R
ES0000000000004565CCPF;18/12/2022;17;0,131;R
ES0000000000004565CCPF;18/12/2022;18;0,032;R
ES0000000000004565CCPF;18/12/2022;19;0,057;R
ES0000000000004565CCPF;18/12/2022;20;0,053;R
ES0000000000004565CCPF;18/12/2022;21;0,053;R
ES0000000000004565CCPF;18/12/2022;22;0,052;R
ES0000000000004565CCPF;18/12/2022;23;0,047;R
ES0000000000004565CCPF;19/12/2022;0;0,041;R
ES0000000000004565CCPF;19/12/2022;1;0,05;R
ES0000000000004565CCPF;19/12/2022;2;0,049;R
ES0000000000004565CCPF;19/12/2022;3;0,043;R
ES0000000000004565CCPF;19/12/2022;4;0,055;R
ES0000000000004565CCPF;19/12/2022;5;0,041;R
ES0000000000004565CCPF;19/12/2022;6;0,044;R
ES0000000000004565CCPF;19/12/2022;7;0,045;R
ES0000000000004565CCPF;19/12/2022;8;0,048;R
ES0000000000004565CCPF;19/12/2022;9;0,093;R
ES0000000000004565CCPF;19/12/2022;10;0,128;R
ES0000000000004565CCPF;19/12/2022;11;0,072;R
ES0000000000004565CCPF;19/12/2022;12;0,091;R
ES0000000000004565CCPF;19/12/2022;13;0,043;R
ES0000000000004565CCPF;19/12/2022;14;0,092;R
ES0000000000004565CCPF;19/12/2022;15;0,053;R
ES0000000000004565CCPF;19/12/2022;16;0,131;R
ES0000000000004565CCPF;19/12/2022;17;0,286;R
ES0000000000004565CCPF;19/12/2022;18;0,26;R
ES0000000000004565CCPF;19/12/2022;19;0,274;R
ES0000000000004565CCPF;19/12/2022;20;0,162;R
ES0000000000004565CCPF;19/12/2022;21;0,119;R
ES0000000000004565CCPF;19/12/2022;22;0,073;R
ES0000000000004565CCPF;19/12/2022;23;0,096;R
ES0000000000004565CCPF;20/12/2022;0;0,394;R
ES0000000000004565CCPF;20/12/2022;1;0,157;R
ES0000000000004565CCPF;20/12/2022;2;0,052;R
ES0000000000004565CCPF;20/12/2022;3;0,054;R
ES0000000000004565CCPF;20/12/2022;4;0,051;R
ES0000000000004565CCPF;20/12/2022;5;0,041;R
ES0000000000004565CCPF;20/12/2022;6;0,05;R
ES0000000000004565CCPF;20/12/2022;7;0,041;R
ES0000000000004565CCPF;20/12/2022;8;0,058;R
ES0000000000004565CCPF;20/12/2022;9;0,045;R
ES0000000000004565CCPF;20/12/2022;10;0,191;R
ES0000000000004565CCPF;20/12/2022;11;0,726;R
ES0000000000004565CCPF;20/12/2022;12;0,237;R
ES0000000000004565CCPF;20/12/2022;13;0,062;R
ES0000000000004565CCPF;20/12/2022;14;0,051;R
ES0000000000004565CCPF;20/12/2022;15;0,139;R
ES0000000000004565CCPF;20/12/2022;16;1,587;R
ES0000000000004565CCPF;20/12/2022;17;0,168;R
ES0000000000004565CCPF;20/12/2022;18;0,054;R
ES0000000000004565CCPF;20/12/2022;19;0,046;R
ES0000000000004565CCPF;20/12/2022;20;0,06;R
ES0000000000004565CCPF;20/12/2022;21;0,512;R
ES0000000000004565CCPF;20/12/2022;22;0,537;R
ES0000000000004565CCPF;20/12/2022;23;0,501;R
ES0000000000004565CCPF;21/12/2022;0;0,216;R
ES0000000000004565CCPF;21/12/2022;1;0,111;R
ES0000000000004565CCPF;21/12/2022;2;0,048;R
ES0000000000004565CCPF;21/12/2022;3;0,093;R
ES0000000000004565CCPF;21/12/2022;4;0,055;R
ES0000000000004565CCPF;21/12/2022;5;0,077;R
ES0000000000004565CCPF;21/12/2022;6;0,053;R
ES0000000000004565CCPF;21/12/2022;7;0,055;R
ES0000000000004565CCPF;21/12/2022;8;0,097;R
ES0000000000004565CCPF;21/12/2022;9;0,07;R
ES0000000000004565CCPF;21/12/2022;10;0,347;R
ES0000000000004565CCPF;21/12/2022;11;0,248;R
ES0000000000004565CCPF;21/12/2022;12;0,074;R
ES0000000000004565CCPF;21/12/2022;13;0,053;R
ES0000000000004565CCPF;21/12/2022;14;0,045;R
ES0000000000004565CCPF;21/12/2022;15;0,209;R
ES0000000000004565CCPF;21/12/2022;16;0,192;R
ES0000000000004565CCPF;21/12/2022;17;0,175;R
ES0000000000004565CCPF;21/12/2022;18;0,238;R
ES0000000000004565CCPF;21/12/2022;19;0,291;R
ES0000000000004565CCPF;21/12/2022;20;0,213;R
ES0000000000004565CCPF;21/12/2022;21;0,273;R
ES0000000000004565CCPF;21/12/2022;22;0,318;R
ES0000000000004565CCPF;21/12/2022;23;0,254;R
ES0000000000004565CCPF;22/12/2022;0;0,107;R
ES0000000000004565CCPF;22/12/2022;1;0,073;R
ES0000000000004565CCPF;22/12/2022;2;0,069;R
ES0000000000004565CCPF;22/12/2022;3;0,054;R
ES0000000000004565CCPF;22/12/2022;4;0,047;R
ES0000000000004565CCPF;22/12/2022;5;0,074;R
ES0000000000004565CCPF;22/12/2022;6;0,034;R
ES0000000000004565CCPF;22/12/2022;7;0,099;R
ES0000000000004565CCPF;22/12/2022;8;0,122;R
ES0000000000004565CCPF;22/12/2022;9;0,047;R
ES0000000000004565CCPF;22/12/2022;10;0,147;R
ES0000000000004565CCPF;22/12/2022;11;0,122;R
ES0000000000004565CCPF;22/12/2022;12;0,065;R
ES0000000000004565CCPF;22/12/2022;13;0,042;R
ES0000000000004565CCPF;22/12/2022;14;0,423;R
ES0000000000004565CCPF;22/12/2022;15;0,229;R
ES0000000000004565CCPF;22/12/2022;16;0,205;R
ES0000000000004565CCPF;22/12/2022;17;0,22;R
ES0000000000004565CCPF;22/12/2022;18;0,697;R
ES0000000000004565CCPF;22/12/2022;19;0,248;R
ES0000000000004565CCPF;22/12/2022;20;0,176;R
ES0000000000004565CCPF;22/12/2022;21;0,071;R
ES0000000000004565CCPF;22/12/2022;22;0,084;R
ES0000000000004565CCPF;22/12/2022;23;0,07;R
ES0000000000004565CCPF;23/12/2022;0;0,072;R
ES0000000000004565CCPF;23/12/2022;1;0,203;R
ES0000000000004565CCPF;23/12/2022;2;0,087;R
ES0000000000004565CCPF;23/12/2022;3;0,055;R
ES0000000000004565CCPF;23/12/2022;4;0,049;R
ES0000000000004565CCPF;23/12/2022;5;0,041;R
ES0000000000004565CCPF;23/12/2022;6;0,046;R
ES0000000000004565CCPF;23/12/2022;7;0,051;R
ES0000000000004565CCPF;23/12/2022;8;0,051;R
ES0000000000004565CCPF;23/12/2022;9;0,198;R
ES0000000000004565CCPF;23/12/2022;10;1,672;R
ES0000000000004565CCPF;23/12/2022;11;0,713;R
ES0000000000004565CCPF;23/12/2022;12;0,08;R
ES0000000000004565CCPF;23/12/2022;13;0,159;R
ES0000000000004565CCPF;23/12/2022;14;0,362;R
ES0000000000004565CCPF;23/12/2022;15;0,107;R
ES0000000000004565CCPF;23/12/2022;16;0,096;R
ES0000000000004565CCPF;23/12/2022;17;0,54;R
ES0000000000004565CCPF;23/12/2022;18;0,695;R
ES0000000000004565CCPF;23/12/2022;19;0,497;R
ES0000000000004565CCPF;23/12/2022;20;0,086;R
ES0000000000004565CCPF;23/12/2022;21;0,063;R
ES0000000000004565CCPF;23/12/2022;22;0,092;R
ES0000000000004565CCPF;23/12/2022;23;0,372;R
ES0000000000004565CCPF;24/12/2022;0;0,198;R
ES0000000000004565CCPF;24/12/2022;1;0,059;R
ES0000000000004565CCPF;24/12/2022;2;0,059;R
ES0000000000004565CCPF;24/12/2022;3;0,039;R
ES0000000000004565CCPF;24/12/2022;4;0,054;R
ES0000000000004565CCPF;24/12/2022;5;0,049;R
ES0000000000004565CCPF;24/12/2022;6;0,04;R
ES0000000000004565CCPF;24/12/2022;7;0,058;R
ES0000000000004565CCPF;24/12/2022;8;0,062;R
ES0000000000004565CCPF;24/12/2022;9;0,082;R
ES0000000000004565CCPF;24/12/2022;10;0,229;R
ES0000000000004565CCPF;24/12/2022;11;0,23;R
ES0000000000004565CCPF;24/12/2022;12;0,474;R
ES0000000000004565CCPF;24/12/2022;13;0,361;R
ES0000000000004565CCPF;24/12/2022;14;0,063;R
ES0000000000004565CCPF;24/12/2022;15;0,444;R
ES0000000000004565CCPF;24/12/2022;16;0,761;R
ES0000000000004565CCPF;24/12/2022;17;0,974;R
ES0000000000004565CCPF;24/12/2022;18;0,182;R
ES0000000000004565CCPF;24/12/2022;19;0,263;R
ES0000000000004565CCPF;24/12/2022;20;0,234;R
ES0000000000004565CCPF;24/12/2022;21;0,63;R
ES0000000000004565CCPF;24/12/2022;22;0,298;R
ES0000000000004565CCPF;24/12/2022;23;0,341;R
ES0000000000004565CCPF;25/12/2022;0;0,271;R
ES0000000000004565CCPF;25/12/2022;1;0,091;R
ES0000000000004565CCPF;25/12/2022;2;0,054;R
ES0000000000004565CCPF;25/12/2022;3;0,071;R
ES0000000000004565CCPF;25/12/2022;4;0,032;R
ES0000000000004565CCPF;25/12/2022;5;0,058;R
ES0000000000004565CCPF;25/12/2022;6;0,039;R
ES0000000000004565CCPF;25/12/2022;7;0,065;R
ES0000000000004565CCPF;25/12/2022;8;0,044;R
ES0000000000004565CCPF;25/12/2022;9;0,091;R
ES0000000000004565CCPF;25/12/2022;10;1,635;R
ES0000000000004565CCPF;25/12/2022;11;1,879;R
ES0000000000004565CCPF;25/12/2022;12;1,762;R
ES0000000000004565CCPF;25/12/2022;13;0,22;R
ES0000000000004565CCPF;25/12/2022;14;0,359;R
ES0000000000004565CCPF;25/12/2022;15;0,207;R
ES0000000000004565CCPF;25/12/2022;16;0,193;R
ES0000000000004565CCPF;25/12/2022;17;1,795;R
ES0000000000004565CCPF;25/12/2022;18;0,242;R
ES0000000000004565CCPF;25/12/2022;19;0,355;R
ES0000000000004565CCPF;25/12/2022;20;0,306;R
ES0000000000004565CCPF;25/12/2022;21;0,291;R
ES0000000000004565CCPF;25/12/2022;22;0,364;R
ES0000000000004565CCPF;25/12/2022;23;0,163;R
ES0000000000004565CCPF;26/12/2022;0;0,06;R
ES0000000000004565CCPF;26/12/2022;1;0,032;R
ES0000000000004565CCPF;26/12/2022;2;0,05;R
ES0000000000004565CCPF;26/12/2022;3;0,053;R
ES0000000000004565CCPF;26/12/2022;4;0,053;R
ES0000000000004565CCPF;26/12/2022;5;0,058;R
ES0000000000004565CCPF;26/12/2022;6;0,044;R
ES0000000000004565CCPF;26/12/2022;7;0,048;R
ES0000000000004565CCPF;26/12/2022;8;0,041;R
ES0000000000004565CCPF;26/12/2022;9;0,063;R
ES0000000000004565CCPF;26/12/2022;10;0,251;R
ES0000000000004565CCPF;26/12/2022;11;0,295;R
ES0000000000004565CCPF;26/12/2022;12;0,224;R
ES0000000000004565CCPF;26/12/2022;13;0,074;R
ES0000000000004565CCPF;26/12/2022;14;0,081;R
ES0000000000004565CCPF;26/12/2022;15;0,057;R
ES0000000000004565CCPF;26/12/2022;16;0,058;R
ES0000000000004565CCPF;26/12/2022;17;0,057;R
ES0000000000004565CCPF;26/12/2022;18;0,081;R
ES0000000000004565CCPF;26/12/2022;19;0,283;R
ES0000000000004565CCPF;26/12/2022;20;0,277;R
ES0000000000004565CCPF;26/12/2022;21;0,228;R
ES0000000000004565CCPF;26/12/2022;22;0,26;R
ES0000000000004565CCPF;26/12/2022;23;0,288;R
ES0000000000004565CCPF;27/12/2022;0;0,238;R
ES0000000000004565CCPF;27/12/2022;1;0,08;R
ES0000000000004565CCPF;27/12/2022;2;0,053;R
ES0000000000004565CCPF;27/12/2022;3;0,05;R
ES0000000000004565CCPF;27/12/2022;4;0,042;R
ES0000000000004565CCPF;27/12/2022;5;0,036;R
ES0000000000004565CCPF;27/12/2022;6;0,054;R
ES0000000000004565CCPF;27/12/2022;7;0,092;R
ES0000000000004565CCPF;27/12/2022;8;0,058;R
ES0000000000004565CCPF;27/12/2022;9;0,199;R
ES0000000000004565CCPF;27/12/2022;10;0,06;R
ES0000000000004565CCPF;27/12/2022;11;0,818;R
ES0000000000004565CCPF;27/12/2022;12;0,23;R
ES0000000000004565CCPF;27/12/2022;13;0,146;R
ES0000000000004565CCPF;27/12/2022;14;0,133;R
ES0000000000004565CCPF;27/12/2022;15;0,122;R
ES0000000000004565CCPF;27/12/2022;16;0,065;R
ES0000000000004565CCPF;27/12/2022;17;0,095;R
ES0000000000004565CCPF;27/12/2022;18;0,122;R
ES0000000000004565CCPF;27/12/2022;19;0,891;R
ES0000000000004565CCPF;27/12/2022;20;0,273;R
ES0000000000004565CCPF;27/12/2022;21;0,711;R
ES0000000000004565CCPF;27/12/2022;22;1,247;R
ES0000000000004565CCPF;27/12/2022;23;0,595;R
ES0000000000004565CCPF;28/12/2022;0;0,216;R
ES0000000000004565CCPF;28/12/2022;1;0,04;R
ES0000000000004565CCPF;28/12/2022;2;0,081;R
ES0000000000004565CCPF;28/12/2022;3;0,055;R
ES0000000000004565CCPF;28/12/2022;4;0,09;R
ES0000000000004565CCPF;28/12/2022;5;0,075;R
ES0000000000004565CCPF;28/12/2022;6;0,055;R
ES0000000000004565CCPF;28/12/2022;7;0,091;R
ES0000000000004565CCPF;28/12/2022;8;0,061;R
ES0000000000004565CCPF;28/12/2022;9;0,302;R
ES0000000000004565CCPF;28/12/2022;10;0,068;R
ES0000000000004565CCPF;28/12/2022;11;0,042;R
ES0000000000004565CCPF;28/12/2022;12;0,051;R
ES0000000000004565CCPF;28/12/2022;13;0,057;R
ES0000000000004565CCPF;28/12/2022;14;0,274;R
ES0000000000004565CCPF;28/12/2022;15;0,124;R
ES0000000000004565CCPF;28/12/2022;16;0,053;R
ES0000000000004565CCPF;28/12/2022;17;0,08;R
ES0000000000004565CCPF;28/12/2022;18;0,171;R
ES0000000000004565CCPF;28/12/2022;19;0,322;R
ES0000000000004565CCPF;28/12/2022;20;0,051;R
ES0000000000004565CCPF;28/12/2022;21;0,041;R
ES0000000000004565CCPF;28/12/2022;22;0,053;R
ES0000000000004565CCPF;28/12/2022;23;0,053;R
ES0000000000004565CCPF;29/12/2022;0;0,083;R
ES0000000000004565CCPF;29/12/2022;1;0,057;R
ES0000000000004565CCPF;29/12/2022;2;0,046;R
ES0000000000004565CCPF;29/12/2022;3;0,047;R
ES0000000000004565CCPF;29/12/2022;4;0,039;R
ES0000000000004565CCPF;29/12/2022;5;0,042;R
ES0000000000004565CCPF;29/12/2022;6;0,053;R
ES0000000000004565CCPF;29/12/2022;7;0,052;R
ES0000000000004565CCPF;29/12/2022;8;0,038;R
ES0000000000004565CCPF;29/12/2022;9;0,051;R
ES0000000000004565CCPF;29/12/2022;10;0,046;R
ES0000000000004565CCPF;29/12/2022;11;0,038;R
ES0000000000004565CCPF;29/12/2022;12;0,09;R
ES0000000000004565CCPF;29/12/2022;13;0,297;R
ES0000000000004565CCPF;29/12/2022;14;0,288;R
ES0000000000004565CCPF;29/12/2022;15;0,382;R
ES0000000000004565CCPF;29/12/2022;16;0,365;R
ES0000000000004565CCPF;29/12/2022;17;0,324;R
ES0000000000004565CCPF;29/12/2022;18;0,138;R
ES0000000000004565CCPF;29/12/2022;19;0,05;R
ES0000000000004565CCPF;29/12/2022;20;0,051;R
ES0000000000004565CCPF;29/12/2022;21;0,282;R
ES0000000000004565CCPF;29/12/2022;22;0,223;R
ES0000000000004565CCPF;29/12/2022;23;0,302;R
ES0000000000004565CCPF;30/12/2022;0;0,298;R
ES0000000000004565CCPF;30/12/2022;1;0,178;R
ES0000000000004565CCPF;30/12/2022;2;0,064;R
ES0000000000004565CCPF;30/12/2022;3;0,051;R
ES0000000000004565CCPF;30/12/2022;4;0,04;R
ES0000000000004565CCPF;30/12/2022;5;0,043;R
ES0000000000004565CCPF;30/12/2022;6;0,054;R
ES0000000000004565CCPF;30/12/2022;7;0,056;R
ES0000000000004565CCPF;30/12/2022;8;0,04;R
ES0000000000004565CCPF;30/12/2022;9;0,055;R
ES0000000000004565CCPF;30/12/2022;10;0,056;R
ES0000000000004565CCPF;30/12/2022;11;0,167;R
ES0000000000004565CCPF;30/12/2022;12;0,145;R
ES0000000000004565CCPF;30/12/2022;13;0,091;R
ES0000000000004565CCPF;30/12/2022;14;0,109;R
ES0000000000004565CCPF;30/12/2022;15;0,174;R
ES0000000000004565CCPF;30/12/2022;16;0,222;R
ES0000000000004565CCPF;30/12/2022;17;0,176;R
ES0000000000004565CCPF;30/12/2022;18;0,172;R
ES0000000000004565CCPF;30/12/2022;19;1,236;R
ES0000000000004565CCPF;30/12/2022;20;0,924;R
ES0000000000004565CCPF;30/12/2022;21;0,056;R
ES0000000000004565CCPF;30/12/2022;22;0,055;R
ES0000000000004565CCPF;30/12/2022;23;0,054;R
ES0000000000004565CCPF;31/12/2022;0;0,055;R
ES0000000000004565CCPF;31/12/2022;1;0,042;R
ES0000000000004565CCPF;31/12/2022;2;0,054;R
ES0000000000004565CCPF;31/12/2022;3;0,047;R
ES0000000000004565CCPF;31/12/2022;4;0,046;R
ES0000000000004565CCPF;31/12/2022;5;0,045;R
ES0000000000004565CCPF;31/12/2022;6;0,047;R
ES0000000000004565CCPF;31/12/2022;7;0,052;R
ES0000000000004565CCPF;31/12/2022;8;0,053;R
ES0000000000004565CCPF;31/12/2022;9;0,052;R
ES0000000000004565CCPF;31/12/2022;10;0,032;R
ES0000000000004565CCPF;31/12/2022;11;0,046;R
ES0000000000004565CCPF;31/12/2022;12;0,049;R
ES0000000000004565CCPF;31/12/2022;13;0,052;R
ES0000000000004565CCPF;31/12/2022;14;0,322;R
ES0000000000004565CCPF;31/12/2022;15;0,685;R
ES0000000000004565CCPF;31/12/2022;16;0,428;R
ES0000000000004565CCPF;31/12/2022;17;0,908;R
ES0000000000004565CCPF;31/12/2022;18;0,187;R
ES0000000000004565CCPF;31/12/2022;19;0,331;R
ES0000000000004565CCPF;31/12/2022;20;0,5;R
ES0000000000004565CCPF;31/12/2022;21;0,316;R
ES0000000000004565CCPF;31/12/2022;22;0,367;R
ES0000000000004565CCPF;31/12/2022;23;0,302;R
ES0000000000004565CCPF;01/01/2023;0;0,349;R
ES0000000000004565CCPF;01/01/2023;1;0,269;R
ES0000000000004565CCPF;01/01/2023;2;0,087;R
ES0000000000004565CCPF;01/01/2023;3;0,122;R
ES0000000000004565CCPF;01/01/2023;4;0,094;R
ES0000000000004565CCPF;01/01/2023;5;0,072;R
ES0000000000004565CCPF;01/01/2023;6;0,05;R
ES0000000000004565CCPF;01/01/2023;7;0,05;R
ES0000000000004565CCPF;01/01/2023;8;0,056;R
ES0000000000004565CCPF;01/01/2023;9;0,054;R
ES0000000000004565CCPF;01/01/2023;10;0,105;R
ES0000000000004565CCPF;01/01/2023;11;0,291;R
ES0000000000004565CCPF;01/01/2023;12;0,206;R
ES0000000000004565CCPF;01/01/2023;13;0,368;R
ES0000000000004565CCPF;01/01/2023;14;0,325;R
ES0000000000004565CCPF;01/01/2023;15;1,486;R
ES0000000000004565CCPF;01/01/2023;16;0,562;R
ES0000000000004565CCPF;01/01/2023;17;0,235;R
ES0000000000004565CCPF;01/01/2023;18;0,064;R
ES0000000000004565CCPF;01/01/2023;19;0,093;R
ES0000000000004565CCPF;01/01/2023;20;0,056;R
ES0000000000004565CCPF;01/01/2023;21;0,232;R
ES0000000000004565CCPF;01/01/2023;22;0,428;R
ES0000000000004565CCPF;01/01/2023;23;0,249;R
ES0000000000004565CCPF;02/01/2023;0;0,232;R
ES0000000000004565CCPF;02/01/2023;1;0,068;R
ES0000000000004565CCPF;02/01/2023;2;0,051;R
ES0000000000004565CCPF;02/01/2023;3;0,055;R
ES0000000000004565CCPF;02/01/2023;4;0,054;R
ES0000000000004565CCPF;02/01/2023;5;0,046;R
ES0000000000004565CCPF;02/01/2023;6;0,043;R
ES0000000000004565CCPF;02/01/2023;7;0,046;R
ES0000000000004565CCPF;02/01/2023;8;0,051;R
ES0000000000004565CCPF;02/01/2023;9;0,22;R
ES0000000000004565CCPF;02/01/2023;10;1,023;R
ES0000000000004565CCPF;02/01/2023;11;0,138;R
ES0000000000004565CCPF;02/01/2023;12;0,048;R
ES0000000000004565CCPF;02/01/2023;13;0,047;R
ES0000000000004565CCPF;02/01/2023;14;0,045;R
ES0000000000004565CCPF;02/01/2023;15;0,317;R
ES0000000000004565CCPF;02/01/2023;16;0,318;R
ES0000000000004565CCPF;02/01/2023;17;0,843;R
ES0000000000004565CCPF;02/01/2023;18;0,274;R
ES0000000000004565CCPF;02/01/2023;19;0,15;R
ES0000000000004565CCPF;02/01/2023;20;0,365;R
ES0000000000004565CCPF;02/01/2023;21;2,078;R
ES0000000000004565CCPF;02/01/2023;22;0,595;R
ES0000000000004565CCPF;02/01/2023;23;0,513;R
ES0000000000004565CCPF;03/01/2023;0;0,301;R
ES0000000000004565CCPF;03/01/2023;1;0,056;R
ES0000000000004565CCPF;03/01/2023;2;0,044;R
ES0000000000004565CCPF;03/01/2023;3;0,051;R
ES0000000000004565CCPF;03/01/2023;4;0,055;R
ES0000000000004565CCPF;03/01/2023;5;0,052;R
ES0000000000004565CCPF;03/01/2023;6;0,037;R
ES0000000000004565CCPF;03/01/2023;7;0,052;R
ES0000000000004565CCPF;03/01/2023;8;0,052;R
ES0000000000004565CCPF;03/01/2023;9;0,137;R
ES0000000000004565CCPF;03/01/2023;10;0,05;R
ES0000000000004565CCPF;03/01/2023;11;0,049;R
ES0000000000004565CCPF;03/01/2023;12;0,046;R
ES0000000000004565CCPF;03/01/2023;13;0,039;R
ES0000000000004565CCPF;03/01/2023;14;0,049;R
ES0000000000004565CCPF;03/01/2023;15;0,049;R
ES0000000000004565CCPF;03/01/2023;16;0,033;R
ES0000000000004565CCPF;03/01/2023;17;0,042;R
ES0000000000004565CCPF;03/01/2023;18;0,04;R
ES0000000000004565CCPF;03/01/2023;19;0,033;R
ES0000000000004565CCPF;03/01/2023;20;0,048;R
ES0000000000004565CCPF;03/01/2023;21;0,049;R
ES0000000000004565CCPF;03/01/2023;22;0,034;R
ES0000000000004565CCPF;03/01/2023;23;0,048;R
ES0000000000004565CCPF;04/01/2023;0;0,04;R
ES0000000000004565CCPF;04/01/2023;1;0,026;R
ES0000000000004565CCPF;04/01/2023;2;0,048;R
ES0000000000004565CCPF;04/01/2023;3;0,047;R
ES0000000000004565CCPF;04/01/2023;4;0,034;R
ES0000000000004565CCPF;04/01/2023;5;0,048;R
ES0000000000004565CCPF;04/01/2023;6;0,042;R
ES0000000000004565CCPF;04/01/2023;7;0,023;R
ES0000000000004565CCPF;04/01/2023;8;0,047;R
ES0000000000004565CCPF;04/01/2023;9;0,047;R
ES0000000000004565CCPF;04/01/2023;10;0,034;R
ES0000000000004565CCPF;04/01/2023;11;0,048;R
ES0000000000004565CCPF;04/01/2023;12;0,03;R
ES0000000000004565CCPF;04/01/2023;13;0,035;R
ES0000000000004565CCPF;04/01/2023;14;0,047;R
ES0000000000004565CCPF;04/01/2023;15;0,034;R
ES0000000000004565CCPF;04/01/2023;16;0,048;R
ES0000000000004565CCPF;04/01/2023;17;0,048;R
ES0000000000004565CCPF;04/01/2023;18;0,027;R
ES0000000000004565CCPF;04/01/2023;19;0,039;R
ES0000000000004565CCPF;04/01/2023;20;0,046;R
ES0000000000004565CCPF;04/01/2023;21;0,034;R
ES0000000000004565CCPF;04/01/2023;22;0,048;R
ES0000000000004565CCPF;04/01/2023;23;0,04;R
ES0000000000004565CCPF;05/01/2023;0;0,036;R
ES0000000000004565CCPF;05/01/2023;1;0,035;R
ES0000000000004565CCPF;05/01/2023;2;0,034;R
ES0000000000004565CCPF;05/01/2023;3;0,048;R
ES0000000000004565CCPF;05/01/2023;4;0,047;R
ES0000000000004565CCPF;05/01/2023;5;0,034;R
ES0000000000004565CCPF;05/01/2023;6;0,037;R
ES0000000000004565CCPF;05/01/2023;7;0,028;R
ES0000000000004565CCPF;05/01/2023;8;0,047;R
ES0000000000004565CCPF;05/01/2023;9;0,048;R
ES0000000000004565CCPF;05/01/2023;10;0,033;R
ES0000000000004565CCPF;05/01/2023;11;0,041;R
ES0000000000004565CCPF;05/01/2023;12;0,024;R
ES0000000000004565CCPF;05/01/2023;13;0,047;R
ES0000000000004565CCPF;05/01/2023;14;0,047;R
ES0000000000004565CCPF;05/01/2023;15;0,035;R
ES0000000000004565CCPF;05/01/2023;16;0,045;R
ES0000000000004565CCPF;05/01/2023;17;0,022;R
ES0000000000004565CCPF;05/01/2023;18;0,045;R
ES0000000000004565CCPF;05/01/2023;19;0,047;R
ES0000000000004565CCPF;05/01/2023;20;0,034;R
ES0000000000004565CCPF;05/01/2023;21;0,047;R
ES0000000000004565CCPF;05/01/2023;22;0,034;R
ES0000000000004565CCPF;05/01/2023;23;0,031;R
ES0000000000004565CCPF;06/01/2023;0;0,046;R
ES0000000000004565CCPF;06/01/2023;1;0,034;R
ES0000000000004565CCPF;06/01/2023;2;0,048;R
ES0000000000004565CCPF;06/01/2023;3;0,039;R
ES0000000000004565CCPF;06/01/2023;4;0,025;R
ES0000000000004565CCPF;06/01/2023;5;0,047;R
ES0000000000004565CCPF;06/01/2023;6;0,034;R
ES0000000000004565CCPF;06/01/2023;7;0,048;R
ES0000000000004565CCPF;06/01/2023;8;0,032;R
ES0000000000004565CCPF;06/01/2023;9;0,033;R
ES0000000000004565CCPF;06/01/2023;10;0,045;R
ES0000000000004565CCPF;06/01/2023;11;0,034;R
ES0000000000004565CCPF;06/01/2023;12;0,048;R
ES0000000000004565CCPF;06/01/2023;13;0,033;R
ES0000000000004565CCPF;06/01/2023;14;0,037;R
ES0000000000004565CCPF;06/01/2023;15;0,038;R
ES0000000000004565CCPF;06/01/2023;16;0,039;R
ES0000000000004565CCPF;06/01/2023;17;0,048;R
ES0000000000004565CCPF;06/01/2023;18;0,033;R
ES0000000000004565CCPF;06/01/2023;19;0,038;R
ES0000000000004565CCPF;06/01/2023;20;0,031;R
ES0000000000004565CCPF;06/01/2023;21;0,044;R
ES0000000000004565CCPF;06/01/2023;22;0,047;R
ES0000000000004565CCPF;06/01/2023;23;0,034;R
ES0000000000004565CCPF;07/01/2023;0;0,035;R
ES0000000000004565CCPF;07/01/2023;1;0,029;R
ES0000000000004565CCPF;07/01/2023;2;0,048;R
ES0000000000004565CCPF;07/01/2023;3;0,038;R
ES0000000000004565CCPF;07/01/2023;4;0,039;R
ES0000000000004565CCPF;07/01/2023;5;0,034;R
ES0000000000004565CCPF;07/01/2023;6;0,035;R
ES0000000000004565CCPF;07/01/2023;7;0,047;R
ES0000000000004565CCPF;07/01/2023;8;0,033;R
ES0000000000004565CCPF;07/01/2023;9;0,036;R
ES0000000000004565CCPF;07/01/2023;10;0,028;R
ES0000000000004565CCPF;07/01/2023;11;0,048;R
ES0000000000004565CCPF;07/01/2023;12;0,034;R
ES0000000000004565CCPF;07/01/2023;13;0,043;R
ES0000000000004565CCPF;07/01/2023;14;0,03;R
ES0000000000004565CCPF;07/01/2023;15;0,094;R
ES0000000000004565CCPF;07/01/2023;16;0,755;R
ES0000000000004565CCPF;07/01/2023;17;1,273;R
ES0000000000004565CCPF;07/01/2023;18;1,664;R
ES0000000000004565CCPF;07/01/2023;19;0,678;R
ES0000000000004565CCPF;07/01/2023;20;1,246;R
ES0000000000004565CCPF;07/01/2023;21;0,531;R
ES0000000000004565CCPF;07/01/2023;22;0,13;R
ES0000000000004565CCPF;07/01/2023;23;0,111;R
ES0000000000004565CCPF;08/01/2023;0;0,17;R
ES0000000000004565CCPF;08/01/2023;1;0,135;R
ES0000000000004565CCPF;08/01/2023;2;0,053;R
ES0000000000004565CCPF;08/01/2023;3;0,033;R
ES0000000000004565CCPF;08/01/2023;4;0,098;R
ES0000000000004565CCPF;08/01/2023;5;0,056;R
ES0000000000004565CCPF;08/01/2023;6;0,085;R
ES0000000000004565CCPF;08/01/2023;7;0,058;R
ES0000000000004565CCPF;08/01/2023;8;0,093;R
ES0000000000004565CCPF;08/01/2023;9;0,061;R
ES0000000000004565CCPF;08/01/2023;10;0,062;R
ES0000000000004565CCPF;08/01/2023;11;0,066;R
ES0000000000004565CCPF;08/01/2023;12;0,68;R
ES0000000000004565CCPF;08/01/2023;13;1,811;R
ES0000000000004565CCPF;08/01/2023;14;1,689;R
ES0000000000004565CCPF;08/01/2023;15;0,132;R
ES0000000000004565CCPF;08/01/2023;16;0,854;R
ES0000000000004565CCPF;08/01/2023;17;0,044;R
ES0000000000004565CCPF;08/01/2023;18;0,176;R
ES0000000000004565CCPF;08/01/2023;19;0,965;R
ES0000000000004565CCPF;08/01/2023;20;0,177;R
ES0000000000004565CCPF;08/01/2023;21;0,138;R
ES0000000000004565CCPF;08/01/2023;22;0,321;R
ES0000000000004565CCPF;08/01/2023;23;0,159;R
ES0000000000004565CCPF;09/01/2023;0;0,115;R
ES0000000000004565CCPF;09/01/2023;1;0,058;R
ES0000000000004565CCPF;09/01/2023;2;0,087;R
ES0000000000004565CCPF;09/01/2023;3;0,038;R
ES0000000000004565CCPF;09/01/2023;4;0,086;R
ES0000000000004565CCPF;09/01/2023;5;0,056;R
ES0000000000004565CCPF;09/01/2023;6;0,05;R
ES0000000000004565CCPF;09/01/2023;7;0,083;R
ES0000000000004565CCPF;09/01/2023;8;0,053;R
ES0000000000004565CCPF;09/01/2023;9;0,088;R
ES0000000000004565CCPF;09/01/2023;10;0,058;R
ES0000000000004565CCPF;09/01/2023;11;0,04;R
ES0000000000004565CCPF;09/01/2023;12;0,052;R
ES0000000000004565CCPF;09/01/2023;13;0,052;R
ES0000000000004565CCPF;09/01/2023;14;0,046;R
ES0000000000004565CCPF;09/01/2023;15;0,043;R
ES0000000000004565CCPF;09/01/2023;16;0,053;R
ES0000000000004565CCPF;09/01/2023;17;0,047;R
ES0000000000004565CCPF;09/01/2023;18;0,03;R
ES0000000000004565CCPF;09/01/2023;19;0,048;R
ES0000000000004565CCPF;09/01/2023;20;0,05;R
ES0000000000004565CCPF;09/01/2023;21;0,059;R
ES0000000000004565CCPF;09/01/2023;22;0,318;R
ES0000000000004565CCPF;09/01/2023;23;0,376;R
ES0000000000004565CCPF;10/01/2023;0;0,324;R
ES0000000000004565CCPF;10/01/2023;1;0,301;R
ES0000000000004565CCPF;10/01/2023;2;0,267;R
ES0000000000004565CCPF;10/01/2023;3;0,203;R
ES0000000000004565CCPF;10/01/2023;4;0,049;R
ES0000000000004565CCPF;10/01/2023;5;0,051;R
ES0000000000004565CCPF;10/01/2023;6;0,039;R
ES0000000000004565CCPF;10/01/2023;7;0,053;R
ES0000000000004565CCPF;10/01/2023;8;0,068;R
ES0000000000004565CCPF;10/01/2023;9;0,065;R
ES0000000000004565CCPF;10/01/2023;10;0,037;R
ES0000000000004565CCPF;10/01/2023;11;0,777;R
ES0000000000004565CCPF;10/01/2023;12;0,413;R
ES0000000000004565CCPF;10/01/2023;13;0,617;R
ES0000000000004565CCPF;10/01/2023;14;0,222;R
ES0000000000004565CCPF;10/01/2023;15;0,184;R
ES0000000000004565CCPF;10/01/2023;16;0,224;R
ES0000000000004565CCPF;10/01/2023;17;0,112;R
ES0000000000004565CCPF;10/01/2023;18;0,06;R
ES0000000000004565CCPF;10/01/2023;19;0,065;R
ES0000000000004565CCPF;10/01/2023;20;0,055;R
ES0000000000004565CCPF;10/01/2023;21;0,92;R
ES0000000000004565CCPF;10/01/2023;22;1,29;R
ES0000000000004565CCPF;10/01/2023;23;0,331;R
ES0000000000004565CCPF;11/01/2023;0;0,063;R
ES0000000000004565CCPF;11/01/2023;1;0,089;R
ES0000000000004565CCPF;11/01/2023;2;0,052;R
ES0000000000004565CCPF;11/01/2023;3;0,044;R
ES0000000000004565CCPF;11/01/2023;4;0,089;R
ES0000000000004565CCPF;11/01/2023;5;0,05;R
ES0000000000004565CCPF;11/01/2023;6;0,08;R
ES0000000000004565CCPF;11/01/2023;7;0,039;R
ES0000000000004565CCPF;11/01/2023;8;0,049;R
ES0000000000004565CCPF;11/01/2023;9;0,29;R
ES0000000000004565CCPF;11/01/2023;10;0,734;R
ES0000000000004565CCPF;11/01/2023;11;0,166;R
ES0000000000004565CCPF;11/01/2023;12;0,108;R
ES0000000000004565CCPF;11/01/2023;13;0,05;R
ES0000000000004565CCPF;11/01/2023;14;0,055;R
ES0000000000004565CCPF;11/01/2023;15;0,046;R
ES0000000000004565CCPF;11/01/2023;16;0,222;R
ES0000000000004565CCPF;11/01/2023;17;0,223;R
ES0000000000004565CCPF;11/01/2023;18;0,098;R
ES0000000000004565CCPF;11/01/2023;19;0,404;R
ES0000000000004565CCPF;11/01/2023;20;0,322;R
ES0000000000004565CCPF;11/01/2023;21;0,348;R
ES0000000000004565CCPF;11/01/2023;22;0,412;R
ES0000000000004565CCPF;11/01/2023;23;0,381;R
ES0000000000004565CCPF;12/01/2023;0;0,203;R
ES0000000000004565CCPF;12/01/2023;1;0,074;R
ES0000000000004565CCPF;12/01/2023;2;0,063;R
ES0000000000004565CCPF;12/01/2023;3;0,041;R
ES0000000000004565CCPF;12/01/2023;4;0,098;R
ES0000000000004565CCPF;12/01/2023;5;0,04;R
ES0000000000004565CCPF;12/01/2023;6;0,078;R
ES0000000000004565CCPF;12/01/2023;7;0,056;R
ES0000000000004565CCPF;12/01/2023;8;0,089;R
ES0000000000004565CCPF;12/01/2023;9;0,578;R
ES0000000000004565CCPF;12/01/2023;10;1,059;R
ES0000000000004565CCPF;12/01/2023;11;0,861;R
ES0000000000004565CCPF;12/01/2023;12;0,154;R
ES0000000000004565CCPF;12/01/2023;13;0,075;R
ES0000000000004565CCPF;12/01/2023;14;0,143;R
ES0000000000004565CCPF;12/01/2023;15;0,05;R
ES0000000000004565CCPF;12/01/2023;16;0,18;R
ES0000000000004565CCPF;12/01/2023;17;0,148;R
ES0000000000004565CCPF;12/01/2023;18;0,15;R
ES0000000000004565CCPF;12/01/2023;19;0,043;R
ES0000000000004565CCPF;12/01/2023;20;0,09;R
ES0000000000004565CCPF;12/01/2023;21;0,048;R
ES0000000000004565CCPF;12/01/2023;22;0,153;R
ES0000000000004565CCPF;12/01/2023;23;0,385;R
ES0000000000004565CCPF;13/01/2023;0;0,336;R
ES0000000000004565CCPF;13/01/2023;1;0,049;R
ES0000000000004565CCPF;13/01/2023;2;0,047;R
ES0000000000004565CCPF;13/01/2023;3;0,051;R
ES0000000000004565CCPF;13/01/2023;4;0,042;R
ES0000000000004565CCPF;13/01/2023;5;0,042;R
ES0000000000004565CCPF;13/01/2023;6;0,052;R
ES0000000000004565CCPF;13/01/2023;7;0,083;R
ES0000000000004565CCPF;13/01/2023;8;0,052;R
ES0000000000004565CCPF;13/01/2023;9;0,223;R
ES0000000000004565CCPF;13/01/2023;10;0,124;R
ES0000000000004565CCPF;13/01/2023;11;0,068;R
ES0000000000004565CCPF;13/01/2023;12;0,082;R
ES0000000000004565CCPF;13/01/2023;13;0,09;R
ES0000000000004565CCPF;13/01/2023;14;0,078;R
ES0000000000004565CCPF;13/01/2023;15;0,115;R
ES0000000000004565CCPF;13/01/2023;16;0,421;R
ES0000000000004565CCPF;13/01/2023;17;0,326;R
ES0000000000004565CCPF;13/01/2023;18;0,109;R
ES0000000000004565CCPF;13/01/2023;19;0,047;R
ES0000000000004565CCPF;13/01/2023;20;0,046;R
ES0000000000004565CCPF;13/01/2023;21;0,047;R
ES0000000000004565CCPF;13/01/2023;22;0,044;R
ES0000000000004565CCPF;13/01/2023;23;0,051;R
ES0000000000004565CCPF;14/01/2023;0;0,051;R
ES0000000000004565CCPF;14/01/2023;1;0,044;R
ES0000000000004565CCPF;14/01/2023;2;0,029;R
ES0000000000004565CCPF;14/01/2023;3;0,05;R
ES0000000000004565CCPF;14/01/2023;4;0,05;R
ES0000000000004565CCPF;14/01/2023;5;0,081;R
ES0000000000004565CCPF;14/01/2023;6;0,051;R
ES0000000000004565CCPF;14/01/2023;7;0,05;R
ES0000000000004565CCPF;14/01/2023;8;0,074;R
ES0000000000004565CCPF;14/01/2023;9;0,034;R
ES0000000000004565CCPF;14/01/2023;10;0,051;R
ES0000000000004565CCPF;14/01/2023;11;0,084;R
ES0000000000004565CCPF;14/01/2023;12;0,051;R
ES0000000000004565CCPF;14/01/2023;13;0,038;R
ES0000000000004565CCPF;14/01/2023;14;0,046;R
ES0000000000004565CCPF;14/01/2023;15;0,074;R
ES0000000000004565CCPF;14/01/2023;16;0,046;R
ES0000000000004565CCPF;14/01/2023;17;0,04;R
ES0000000000004565CCPF;14/01/2023;18;0,051;R
ES0000000000004565CCPF;14/01/2023;19;0,05;R
ES0000000000004565CCPF;14/01/2023;20;0,084;R
ES0000000000004565CCPF;14/01/2023;21;0,224;R
ES0000000000004565CCPF;14/01/2023;22;1,149;R
ES0000000000004565CCPF;14/01/2023;23;0,197;R
ES0000000000004565CCPF;15/01/2023;0;0,268;R
ES0000000000004565CCPF;15/01/2023;1;0,125;R
ES0000000000004565CCPF;15/01/2023;2;0,05;R
ES0000000000004565CCPF;15/01/2023;3;0,05;R
ES0000000000004565CCPF;15/01/2023;4;0,043;R
ES0000000000004565CCPF;15/01/2023;5;0,085;R
ES0000000000004565CCPF;15/01/2023;6;0,045;R
ES0000000000004565CCPF;15/01/2023;7;0,069;R
ES0000000000004565CCPF;15/01/2023;8;0,061;R
ES0000000000004565CCPF;15/01/2023;9;0,061;R
ES0000000000004565CCPF;15/01/2023;10;0,068;R
ES0000000000004565CCPF;15/01/2023;11;0,052;R
ES0000000000004565CCPF;15/01/2023;12;0,087;R
ES0000000000004565CCPF;15/01/2023;13;0,494;R
ES0000000000004565CCPF;15/01/2023;14;1,866;R
ES0000000000004565CCPF;15/01/2023;15;1,841;R
ES0000000000004565CCPF;15/01/2023;16;2,305;R
ES0000000000004565CCPF;15/01/2023;17;1,542;R
ES0000000000004565CCPF;15/01/2023;18;2,13;R
ES0000000000004565CCPF;15/01/2023;19;1,869;R
ES0000000000004565CCPF;15/01/2023;20;0,947;R
ES0000000000004565CCPF;15/01/2023;21;0,04;R
ES0000000000004565CCPF;15/01/2023;22;0,042;R
ES0000000000004565CCPF;15/01/2023;23;0,039;R
ES0000000000004565CCPF;16/01/2023;0;0,046;R
ES0000000000004565CCPF;16/01/2023;1;0,049;R
ES0000000000004565CCPF;16/01/2023;2;0,043;R
ES0000000000004565CCPF;16/01/2023;3;0,025;R
ES0000000000004565CCPF;16/01/2023;4;0,047;R
ES0000000000004565CCPF;16/01/2023;5;0,048;R
ES0000000000004565CCPF;16/01/2023;6;0,042;R
ES0000000000004565CCPF;16/01/2023;7;0,041;R
ES0000000000004565CCPF;16/01/2023;8;0,043;R
ES0000000000004565CCPF;16/01/2023;9;0,03;R
ES0000000000004565CCPF;16/01/2023;10;0,041;R
ES0000000000004565CCPF;16/01/2023;11;0,048;R
ES0000000000004565CCPF;16/01/2023;12;0,038;R
ES0000000000004565CCPF;16/01/2023;13;0,045;R
ES0000000000004565CCPF;16/01/2023;14;0,037;R
ES0000000000004565CCPF;16/01/2023;15;0,029;R
ES0000000000004565CCPF;16/01/2023;16;0,048;R
ES0000000000004565CCPF;16/01/2023;17;0,048;R
ES0000000000004565CCPF;16/01/2023;18;0,035;R
ES0000000000004565CCPF;16/01/2023;19;0,042;R
ES0000000000004565CCPF;16/01/2023;20;0,032;R
ES0000000000004565CCPF;16/01/2023;21;0,04;R
ES0000000000004565CCPF;16/01/2023;22;0,048;R
ES0000000000004565CCPF;16/01/2023;23;0,035;R
ES0000000000004565CCPF;17/01/2023;0;0,047;R
ES0000000000004565CCPF;17/01/2023;1;0,033;R
ES0000000000004565CCPF;17/01/2023;2;0,034;R
ES0000000000004565CCPF;17/01/2023;3;0,049;R
ES0000000000004565CCPF;17/01/2023;4;0,037;R
ES0000000000004565CCPF;17/01/2023;5;0,045;R
ES0000000000004565CCPF;17/01/2023;6;0,035;R
ES0000000000004565CCPF;17/01/2023;7;0,031;R
ES0000000000004565CCPF;17/01/2023;8;0,049;R
ES0000000000004565CCPF;17/01/2023;9;0,04;R
ES0000000000004565CCPF;17/01/2023;10;0,042;R
ES0000000000004565CCPF;17/01/2023;11;0,037;R
ES0000000000004565CCPF;17/01/2023;12;0,029;R
ES0000000000004565CCPF;17/01/2023;13;0,049;R
ES0000000000004565CCPF;17/01/2023;14;0,041;R
ES0000000000004565CCPF;17/01/2023;15;0,041;R
ES0000000000004565CCPF;17/01/2023;16;0,064;R
ES0000000000004565CCPF;17/01/2023;17;0,146;R
ES0000000000004565CCPF;17/01/2023;18;0,148;R
ES0000000000004565CCPF;17/01/2023;19;0,076;R
ES0000000000004565CCPF;17/01/2023;20;0,191;R
ES0000000000004565CCPF;17/01/2023;21;0,972;R
ES0000000000004565CCPF;17/01/2023;22;0,639;R
ES0000000000004565CCPF;17/01/2023;23;0,284;R
ES0000000000004565CCPF;18/01/2023;0;0,341;R
ES0000000000004565CCPF;18/01/2023;1;0,114;R
ES0000000000004565CCPF;18/01/2023;2;0,043;R
ES0000000000004565CCPF;18/01/2023;3;0,045;R
ES0000000000004565CCPF;18/01/2023;4;0,092;R
ES0000000000004565CCPF;18/01/2023;5;0,029;R
ES0000000000004565CCPF;18/01/2023;6;0,091;R
ES0000000000004565CCPF;18/01/2023;7;0,064;R
ES0000000000004565CCPF;18/01/2023;8;0,07;R
ES0000000000004565CCPF;18/01/2023;9;0,245;R
ES0000000000004565CCPF;18/01/2023;10;0,127;R
ES0000000000004565CCPF;18/01/2023;11;0,118;R
ES0000000000004565CCPF;18/01/2023;12;0,178;R
ES0000000000004565CCPF;18/01/2023;13;0,708;R
ES0000000000004565CCPF;18/01/2023;14;0,355;R
ES0000000000004565CCPF;18/01/2023;15;0,337;R
ES0000000000004565CCPF;18/01/2023;16;1,529;R
ES0000000000004565CCPF;18/01/2023;17;1,678;R
ES0000000000004565CCPF;18/01/2023;18;1,867;R
ES0000000000004565CCPF;18/01/2023;19;0,78;R
ES0000000000004565CCPF;18/01/2023;20;1,12;R
ES0000000000004565CCPF;18/01/2023;21;1,1;R
ES0000000000004565CCPF;18/01/2023;22;1,132;R
ES0000000000004565CCPF;18/01/2023;23;2,087;R
ES0000000000004565CCPF;19/01/2023;0;0,403;R
ES0000000000004565CCPF;19/01/2023;1;0,073;R
ES0000000000004565CCPF;19/01/2023;2;0,061;R
ES0000000000004565CCPF;19/01/2023;3;0,092;R
ES0000000000004565CCPF;19/01/2023;4;0,058;R
ES0000000000004565CCPF;19/01/2023;5;0,089;R
ES0000000000004565CCPF;19/01/2023;6;0,055;R
ES0000000000004565CCPF;19/01/2023;7;0,153;R
ES0000000000004565CCPF;19/01/2023;8;0,816;R
ES0000000000004565CCPF;19/01/2023;9;0,052;R
ES0000000000004565CCPF;19/01/2023;10;0,115;R
ES0000000000004565CCPF;19/01/2023;11;0,2;R
ES0000000000004565CCPF;19/01/2023;12;0,254;R
ES0000000000004565CCPF;19/01/2023;13;0,12;R
ES0000000000004565CCPF;19/01/2023;14;0,788;R
ES0000000000004565CCPF;19/01/2023;15;1,05;R
ES0000000000004565CCPF;19/01/2023;16;0,557;R
ES0000000000004565CCPF;19/01/2023;17;0,184;R
ES0000000000004565CCPF;19/01/2023;18;0,203;R
ES0000000000004565CCPF;19/01/2023;19;0,117;R
ES0000000000004565CCPF;19/01/2023;20;0,116;R
ES0000000000004565CCPF;19/01/2023;21;0,056;R
ES0000000000004565CCPF;19/01/2023;22;0,099;R
ES0000000000004565CCPF;19/01/2023;23;1,421;R
ES0000000000004565CCPF;20/01/2023;0;0,577;R
ES0000000000004565CCPF;20/01/2023;1;0,089;R
ES0000000000004565CCPF;20/01/2023;2;0,051;R
ES0000000000004565CCPF;20/01/2023;3;0,091;R
ES0000000000004565CCPF;20/01/2023;4;0,063;R
ES0000000000004565CCPF;20/01/2023;5;0,04;R
ES0000000000004565CCPF;20/01/2023;6;0,081;R
ES0000000000004565CCPF;20/01/2023;7;0,054;R
ES0000000000004565CCPF;20/01/2023;8;0,088;R
ES0000000000004565CCPF;20/01/2023;9;0,296;R
ES0000000000004565CCPF;20/01/2023;10;0,081;R
ES0000000000004565CCPF;20/01/2023;11;0,057;R
ES0000000000004565CCPF;20/01/2023;12;0,089;R
ES0000000000004565CCPF;20/01/2023;13;0,232;R
ES0000000000004565CCPF;20/01/2023;14;0,051;R
ES0000000000004565CCPF;20/01/2023;15;0,043;R
ES0000000000004565CCPF;20/01/2023;16;0,057;R
ES0000000000004565CCPF;20/01/2023;17;0,055;R
ES0000000000004565CCPF;20/01/2023;18;0,044;R
ES0000000000004565CCPF;20/01/2023;19;0,052;R
ES0000000000004565CCPF;20/01/2023;20;0,034;R
ES0000000000004565CCPF;20/01/2023;21;0,049;R
ES0000000000004565CCPF;20/01/2023;22;0,053;R
ES0000000000004565CCPF;20/01/2023;23;0,039;R
ES0000000000004565CCPF;21/01/2023;0;0,097;R
ES0000000000004565CCPF;21/01/2023;1;0,829;R
ES0000000000004565CCPF;21/01/2023;2;0,078;R
ES0000000000004565CCPF;21/01/2023;3;0,046;R
ES0000000000004565CCPF;21/01/2023;4;0,044;R
ES0000000000004565CCPF;21/01/2023;5;0,089;R
ES0000000000004565CCPF;21/01/2023;6;0,055;R
ES0000000000004565CCPF;21/01/2023;7;0,038;R
ES0000000000004565CCPF;21/01/2023;8;0,079;R
ES0000000000004565CCPF;21/01/2023;9;0,056;R
ES0000000000004565CCPF;21/01/2023;10;0,034;R
ES0000000000004565CCPF;21/01/2023;11;0,055;R
ES0000000000004565CCPF;21/01/2023;12;0,09;R
ES0000000000004565CCPF;21/01/2023;13;1,811;R
ES0000000000004565CCPF;21/01/2023;14;1,029;R
ES0000000000004565CCPF;21/01/2023;15;0,275;R
ES0000000000004565CCPF;21/01/2023;16;0,56;R
ES0000000000004565CCPF;21/01/2023;17;0,167;R
ES0000000000004565CCPF;21/01/2023;18;0,114;R
ES0000000000004565CCPF;21/01/2023;19;0,601;R
ES0000000000004565CCPF;21/01/2023;20;1,985;R
ES0000000000004565CCPF;21/01/2023;21;0,682;R
ES0000000000004565CCPF;21/01/2023;22;0,125;R
ES0000000000004565CCPF;21/01/2023;23;0,043;R
ES0000000000004565CCPF;22/01/2023;0;0,044;R
ES0000000000004565CCPF;22/01/2023;1;0,058;R
ES0000000000004565CCPF;22/01/2023;2;0,058;R
ES0000000000004565CCPF;22/01/2023;3;0,043;R
ES0000000000004565CCPF;22/01/2023;4;0,055;R
ES0000000000004565CCPF;22/01/2023;5;0,035;R
ES0000000000004565CCPF;22/01/2023;6;0,051;R
ES0000000000004565CCPF;22/01/2023;7;0,058;R
ES0000000000004565CCPF;22/01/2023;8;0,043;R
ES0000000000004565CCPF;22/01/2023;9;0,057;R
ES0000000000004565CCPF;22/01/2023;10;0,04;R
ES0000000000004565CCPF;22/01/2023;11;0,043;R
ES0000000000004565CCPF;22/01/2023;12;0,057;R
ES0000000000004565CCPF;22/01/2023;13;0,083;R
ES0000000000004565CCPF;22/01/2023;14;0,058;R
ES0000000000004565CCPF;22/01/2023;15;0,047;R
ES0000000000004565CCPF;22/01/2023;16;0,037;R
ES0000000000004565CCPF;22/01/2023;17;0,058;R
ES0000000000004565CCPF;22/01/2023;18;0,045;R
ES0000000000004565CCPF;22/01/2023;19;0,055;R
ES0000000000004565CCPF;22/01/2023;20;0,052;R
ES0000000000004565CCPF;22/01/2023;21;0,064;R
ES0000000000004565CCPF;22/01/2023;22;0,059;R
ES0000000000004565CCPF;22/01/2023;23;0,053;R
ES0000000000004565CCPF;23/01/2023;0;0,047;R
ES0000000000004565CCPF;23/01/2023;1;0,078;R
ES0000000000004565CCPF;23/01/2023;2;0,043;R
ES0000000000004565CCPF;23/01/2023;3;0,054;R
ES0000000000004565CCPF;23/01/2023;4;0,057;R
ES0000000000004565CCPF;23/01/2023;5;0,076;R
ES0000000000004565CCPF;23/01/2023;6;0,059;R
ES0000000000004565CCPF;23/01/2023;7;0,035;R
ES0000000000004565CCPF;23/01/2023;8;0,067;R
ES0000000000004565CCPF;23/01/2023;9;0,071;R
ES0000000000004565CCPF;23/01/2023;10;0,047;R
ES0000000000004565CCPF;23/01/2023;11;0,058;R
ES0000000000004565CCPF;23/01/2023;12;0,07;R
ES0000000000004565CCPF;23/01/2023;13;0,049;R
ES0000000000004565CCPF;23/01/2023;14;0,058;R
ES0000000000004565CCPF;23/01/2023;15;0,043;R
ES0000000000004565CCPF;23/01/2023;16;0,212;R
ES0000000000004565CCPF;23/01/2023;17;0,18;R
ES0000000000004565CCPF;23/01/2023;18;0,07;R
ES0000000000004565CCPF;23/01/2023;19;0,435;R
ES0000000000004565CCPF;23/01/2023;20;2,057;R
ES0000000000004565CCPF;23/01/2023;21;1,984;R
ES0000000000004565CCPF;23/01/2023;22;2,003;R
ES0000000000004565CCPF;23/01/2023;23;2,334;R
ES0000000000004565CCPF;24/01/2023;0;1,114;R
ES0000000000004565CCPF;24/01/2023;1;0,416;R
ES0000000000004565CCPF;24/01/2023;2;0,122;R
ES0000000000004565CCPF;24/01/2023;3;0,057;R
ES0000000000004565CCPF;24/01/2023;4;0,068;R
ES0000000000004565CCPF;24/01/2023;5;0,058;R
ES0000000000004565CCPF;24/01/2023;6;0,078;R
ES0000000000004565CCPF;24/01/2023;7;0,068;R
ES0000000000004565CCPF;24/01/2023;8;0,091;R
ES0000000000004565CCPF;24/01/2023;9;0,046;R
ES0000000000004565CCPF;24/01/2023;10;0,082;R
ES0000000000004565CCPF;24/01/2023;11;0,08;R
ES0000000000004565CCPF;24/01/2023;12;0,091;R
ES0000000000004565CCPF;24/01/2023;13;0,699;R
ES0000000000004565CCPF;24/01/2023;14;0,925;R
ES0000000000004565CCPF;24/01/2023;15;0,65;R
ES0000000000004565CCPF;24/01/2023;16;0,241;R
ES0000000000004565CCPF;24/01/2023;17;0,104;R
ES0000000000004565CCPF;24/01/2023;18;0,123;R
ES0000000000004565CCPF;24/01/2023;19;0,219;R
ES0000000000004565CCPF;24/01/2023;20;0,263;R
ES0000000000004565CCPF;24/01/2023;21;0,167;R
ES0000000000004565CCPF;24/01/2023;22;0,246;R
ES0000000000004565CCPF;24/01/2023;23;0,235;R
ES0000000000004565CCPF;25/01/2023;0;0,249;R
ES0000000000004565CCPF;25/01/2023;1;0,115;R
ES0000000000004565CCPF;25/01/2023;2;0,125;R
ES0000000000004565CCPF;25/01/2023;3;0,037;R
ES0000000000004565CCPF;25/01/2023;4;0,089;R
ES0000000000004565CCPF;25/01/2023;5;0,071;R
ES0000000000004565CCPF;25/01/2023;6;0,072;R
ES0000000000004565CCPF;25/01/2023;7;0,077;R
ES0000000000004565CCPF;25/01/2023;8;0,053;R
ES0000000000004565CCPF;25/01/2023;9;0,097;R
ES0000000000004565CCPF;25/01/2023;10;0,268;R
ES0000000000004565CCPF;25/01/2023;11;0,108;R
ES0000000000004565CCPF;25/01/2023;12;0,182;R
ES0000000000004565CCPF;25/01/2023;13;0,072;R
ES0000000000004565CCPF;25/01/2023;14;0,059;R
ES0000000000004565CCPF;25/01/2023;15;0,052;R
ES0000000000004565CCPF;25/01/2023;16;0,036;R
ES0000000000004565CCPF;25/01/2023;17;0,087;R
ES0000000000004565CCPF;25/01/2023;18;0,064;R
ES0000000000004565CCPF;25/01/2023;19;0,302;R
ES0000000000004565CCPF;25/01/2023;20;1,365;R
ES0000000000004565CCPF;25/01/2023;21;0,499;R
ES0000000000004565CCPF;25/01/2023;22;0,343;R
ES0000000000004565CCPF;25/01/2023;23;0,352;R
ES0000000000004565CCPF;26/01/2023;0;0,217;R
ES0000000000004565CCPF;26/01/2023;1;0,03;R
ES0000000000004565CCPF;26/01/2023;2;0,049;R
ES0000000000004565CCPF;26/01/2023;3;0,053;R
ES0000000000004565CCPF;26/01/2023;4;0,039;R
ES0000000000004565CCPF;26/01/2023;5;0,053;R
ES0000000000004565CCPF;26/01/2023;6;0,046;R
ES0000000000004565CCPF;26/01/2023;7;0,077;R
ES0000000000004565CCPF;26/01/2023;8;0,042;R
ES0000000000004565CCPF;26/01/2023;9;0,073;R
ES0000000000004565CCPF;26/01/2023;10;0,255;R
ES0000000000004565CCPF;26/01/2023;11;0,177;R
ES0000000000004565CCPF;26/01/2023;12;0,141;R
ES0000000000004565CCPF;26/01/2023;13;0,111;R
ES0000000000004565CCPF;26/01/2023;14;1,373;R
ES0000000000004565CCPF;26/01/2023;15;0,156;R
ES0000000000004565CCPF;26/01/2023;16;0,107;R
ES0000000000004565CCPF;26/01/2023;17;0,118;R
ES0000000000004565CCPF;26/01/2023;18;0,153;R
ES0000000000004565CCPF;26/01/2023;19;0,314;R
ES0000000000004565CCPF;26/01/2023;20;0,057;R
ES0000000000004565CCPF;26/01/2023;21;0,09;R
ES0000000000004565CCPF;26/01/2023;22;0,143;R
ES0000000000004565CCPF;26/01/2023;23;0,288;R
ES0000000000004565CCPF;27/01/2023;0;0,199;R
ES0000000000004565CCPF;27/01/2023;1;0,058;R
ES0000000000004565CCPF;27/01/2023;2;0,055;R
ES0000000000004565CCPF;27/01/2023;3;0,05;R
ES0000000000004565CCPF;27/01/2023;4;0,084;R
ES0000000000004565CCPF;27/01/2023;5;0,064;R
ES0000000000004565CCPF;27/01/2023;6;0,048;R
ES0000000000004565CCPF;27/01/2023;7;0,055;R
ES0000000000004565CCPF;27/01/2023;8;0,062;R
ES0000000000004565CCPF;27/01/2023;9;0,091;R
ES0000000000004565CCPF;27/01/2023;10;0,184;R
ES0000000000004565CCPF;27/01/2023;11;2,339;R
ES0000000000004565CCPF;27/01/2023;12;0,154;R
ES0000000000004565CCPF;27/01/2023;13;0,045;R
ES0000000000004565CCPF;27/01/2023;14;1,326;R
ES0000000000004565CCPF;27/01/2023;15;0,712;R
ES0000000000004565CCPF;27/01/2023;16;0,517;R
ES0000000000004565CCPF;27/01/2023;17;0,152;R
ES0000000000004565CCPF;27/01/2023;18;0,141;R
ES0000000000004565CCPF;27/01/2023;19;0,21;R
ES0000000000004565CCPF;27/01/2023;20;0,222;R
ES0000000000004565CCPF;27/01/2023;21;0,284;R
ES0000000000004565CCPF;27/01/2023;22;0,375;R
ES0000000000004565CCPF;27/01/2023;23;0,475;R
ES0000000000004565CCPF;28/01/2023;0;0,443;R
ES0000000000004565CCPF;28/01/2023;1;0,575;R
ES0000000000004565CCPF;28/01/2023;2;0,635;R
ES0000000000004565CCPF;28/01/2023;3;0,184;R
ES0000000000004565CCPF;28/01/2023;4;0,083;R
ES0000000000004565CCPF;28/01/2023;5;0,047;R
ES0000000000004565CCPF;28/01/2023;6;0,042;R
ES0000000000004565CCPF;28/01/2023;7;0,054;R
ES0000000000004565CCPF;28/01/2023;8;0,043;R
ES0000000000004565CCPF;28/01/2023;9;0,075;R
ES0000000000004565CCPF;28/01/2023;10;0,045;R
ES0000000000004565CCPF;28/01/2023;11;0,06;R
ES0000000000004565CCPF;28/01/2023;12;0,088;R
ES0000000000004565CCPF;28/01/2023;13;0,063;R
ES0000000000004565CCPF;28/01/2023;14;0,044;R
ES0000000000004565CCPF;28/01/2023;15;0,045;R
ES0000000000004565CCPF;28/01/2023;16;0,047;R
ES0000000000004565CCPF;28/01/2023;17;0,041;R
ES0000000000004565CCPF;28/01/2023;18;0,037;R
ES0000000000004565CCPF;28/01/2023;19;0,05;R
ES0000000000004565CCPF;28/01/2023;20;0,05;R
ES0000000000004565CCPF;28/01/2023;21;0,049;R
ES0000000000004565CCPF;28/01/2023;22;0,042;R
ES0000000000004565CCPF;28/01/2023;23;0,042;R
ES0000000000004565CCPF;29/01/2023;0;0,041;R
ES0000000000004565CCPF;29/01/2023;1;0,041;R
ES0000000000004565CCPF;29/01/2023;2;0,043;R
ES0000000000004565CCPF;29/01/2023;3;0,049;R
ES0000000000004565CCPF;29/01/2023;4;0,05;R
ES0000000000004565CCPF;29/01/2023;5;0,036;R
ES0000000000004565CCPF;29/01/2023;6;0,043;R
ES0000000000004565CCPF;29/01/2023;7;0,079;R
ES0000000000004565CCPF;29/01/2023;8;0,038;R
ES0000000000004565CCPF;29/01/2023;9;0,05;R
ES0000000000004565CCPF;29/01/2023;10;0,087;R
ES0000000000004565CCPF;29/01/2023;11;0,037;R
ES0000000000004565CCPF;29/01/2023;12;0,045;R
ES0000000000004565CCPF;29/01/2023;13;0,04;R
ES0000000000004565CCPF;29/01/2023;14;0,035;R
ES0000000000004565CCPF;29/01/2023;15;0,118;R
ES0000000000004565CCPF;29/01/2023;16;0,141;R
ES0000000000004565CCPF;29/01/2023;17;0,144;R
ES0000000000004565CCPF;29/01/2023;18;0,17;R
ES0000000000004565CCPF;29/01/2023;19;0,052;R
ES0000000000004565CCPF;29/01/2023;20;0,043;R
ES0000000000004565CCPF;29/01/2023;21;0,087;R
ES0000000000004565CCPF;29/01/2023;22;0,048;R
ES0000000000004565CCPF;29/01/2023;23;0,079;R
ES0000000000004565CCPF;30/01/2023;0;0,053;R
ES0000000000004565CCPF;30/01/2023;1;0,086;R
ES0000000000004565CCPF;30/01/2023;2;0,084;R
ES0000000000004565CCPF;30/01/2023;3;0,047;R
ES0000000000004565CCPF;30/01/2023;4;0,072;R
ES0000000000004565CCPF;30/01/2023;5;0,059;R
ES0000000000004565CCPF;30/01/2023;6;0,079;R
ES0000000000004565CCPF;30/01/2023;7;0,088;R
ES0000000000004565CCPF;30/01/2023;8;0,05;R
ES0000000000004565CCPF;30/01/2023;9;0,084;R
ES0000000000004565CCPF;30/01/2023;10;0,071;R
ES0000000000004565CCPF;30/01/2023;11;0,062;R
ES0000000000004565CCPF;30/01/2023;12;0,082;R
ES0000000000004565CCPF;30/01/2023;13;0,044;R
ES0000000000004565CCPF;30/01/2023;14;0,073;R
ES0000000000004565CCPF;30/01/2023;15;0,058;R
ES0000000000004565CCPF;30/01/2023;16;0,163;R
ES0000000000004565CCPF;30/01/2023;17;0,168;R
ES0000000000004565CCPF;30/01/2023;18;0,121;R
ES0000000000004565CCPF;30/01/2023;19;0,126;R
ES0000000000004565CCPF;30/01/2023;20;0,112;R
ES0000000000004565CCPF;30/01/2023;21;0,544;R
ES0000000000004565CCPF;30/01/2023;22;0,236;R
ES0000000000004565CCPF;30/01/2023;23;0,082;R
ES0000000000004565CCPF;31/01/2023;0;0,088;R
ES0000000000004565CCPF;31/01/2023;1;0,213;R
ES0000000000004565CCPF;31/01/2023;2;0,057;R
ES0000000000004565CCPF;31/01/2023;3;0,048;R
ES0000000000004565CCPF;31/01/2023;4;0,047;R
ES0000000000004565CCPF;31/01/2023;5;0,093;R
ES0000000000004565CCPF;31/01/2023;6;0,053;R
ES0000000000004565CCPF;31/01/2023;7;0,089;R
ES0000000000004565CCPF;31/01/2023;8;0,084;R
ES0000000000004565CCPF;31/01/2023;9;0,044;R
ES0000000000004565CCPF;31/01/2023;10;0,084;R
ES0000000000004565CCPF;31/01/2023;11;0,053;R
ES0000000000004565CCPF;31/01/2023;12;0,08;R
ES0000000000004565CCPF;31/01/2023;13;0,083;R
ES0000000000004565CCPF;31/01/2023;14;0,283;R
ES0000000000004565CCPF;31/01/2023;15;0,552;R
ES0000000000004565CCPF;31/01/2023;16;0,744;R
ES0000000000004565CCPF;31/01/2023;17;0,15;R
ES0000000000004565CCPF;31/01/2023;18;0,05;R
ES0000000000004565CCPF;31/01/2023;19;0,047;R
ES0000000000004565CCPF;31/01/2023;20;0,045;R
ES0000000000004565CCPF;31/01/2023;21;0,086;R
ES0000000000004565CCPF;31/01/2023;22;0,746;R
ES0000000000004565CCPF;31/01/2023;23;0,5;R
ES0000000000004565CCPF;01/02/2023;0;0,25;R
ES0000000000004565CCPF;01/02/2023;1;0,137;R
ES0000000000004565CCPF;01/02/2023;2;0,066;R
ES0000000000004565CCPF;01/02/2023;3;0,05;R
ES0000000000004565CCPF;01/02/2023;4;0,083;R
ES0000000000004565CCPF;01/02/2023;5;0,069;R
ES0000000000004565CCPF;01/02/2023;6;0,056;R
ES0000000000004565CCPF;01/02/2023;7;0,09;R
ES0000000000004565CCPF;01/02/2023;8;0,052;R
ES0000000000004565CCPF;01/02/2023;9;0,831;R
ES0000000000004565CCPF;01/02/2023;10;0,204;R
ES0000000000004565CCPF;01/02/2023;11;0,133;R
ES0000000000004565CCPF;01/02/2023;12;0,147;R
ES0000000000004565CCPF;01/02/2023;13;1,076;R
ES0000000000004565CCPF;01/02/2023;14;0,737;R
ES0000000000004565CCPF;01/02/2023;15;0,304;R
ES0000000000004565CCPF;01/02/2023;16;0,216;R
ES0000000000004565CCPF;01/02/2023;17;0,264;R
ES0000000000004565CCPF;01/02/2023;18;0,142;R
ES0000000000004565CCPF;01/02/2023;19;0,233;R
ES0000000000004565CCPF;01/02/2023;20;0,328;R
ES0000000000004565CCPF;01/02/2023;21;0,324;R
ES0000000000004565CCPF;01/02/2023;22;0,419;R
ES0000000000004565CCPF;01/02/2023;23;0,185;R
ES0000000000004565CCPF;02/02/2023;0;0,057;R
ES0000000000004565CCPF;02/02/2023;1;0,101;R
ES0000000000004565CCPF;02/02/2023;2;0,064;R
ES0000000000004565CCPF;02/02/2023;3;0,09;R
ES0000000000004565CCPF;02/02/2023;4;0,089;R
ES0000000000004565CCPF;02/02/2023;5;0,044;R
ES0000000000004565CCPF;02/02/2023;6;0,097;R
ES0000000000004565CCPF;02/02/2023;7;0,048;R
ES0000000000004565CCPF;02/02/2023;8;0,047;R
ES0000000000004565CCPF;02/02/2023;9;0,174;R
ES0000000000004565CCPF;02/02/2023;10;0,142;R
ES0000000000004565CCPF;02/02/2023;11;0,07;R
ES0000000000004565CCPF;02/02/2023;12;0,093;R
ES0000000000004565CCPF;02/02/2023;13;0,364;R
ES0000000000004565CCPF;02/02/2023;14;0,262;R
ES0000000000004565CCPF;02/02/2023;15;0,261;R
ES0000000000004565CCPF;02/02/2023;16;0,122;R
ES0000000000004565CCPF;02/02/2023;17;0,117;R
ES0000000000004565CCPF;02/02/2023;18;0,109;R
ES0000000000004565CCPF;02/02/2023;19;0,121;R
ES0000000000004565CCPF;02/02/2023;20;0,042;R
ES0000000000004565CCPF;02/02/2023;21;0,043;R
ES0000000000004565CCPF;02/02/2023;22;0,055;R
ES0000000000004565CCPF;02/02/2023;23;1,765;R
ES0000000000004565CCPF;03/02/2023;0;0,238;R
ES0000000000004565CCPF;03/02/2023;1;0,044;R
ES0000000000004565CCPF;03/02/2023;2;0,043;R
ES0000000000004565CCPF;03/02/2023;3;0,048;R
ES0000000000004565CCPF;03/02/2023;4;0,048;R
ES0000000000004565CCPF;03/02/2023;5;0,039;R
ES0000000000004565CCPF;03/02/2023;6;0,048;R
ES0000000000004565CCPF;03/02/2023;7;0,052;R
ES0000000000004565CCPF;03/02/2023;8;0,047;R
ES0000000000004565CCPF;03/02/2023;9;0,359;R
ES0000000000004565CCPF;03/02/2023;10;0,084;R
ES0000000000004565CCPF;03/02/2023;11;0,04;R
ES0000000000004565CCPF;03/02/2023;12;0,042;R
ES0000000000004565CCPF;03/02/2023;13;0,123;R
ES0000000000004565CCPF;03/02/2023;14;0,164;R
ES0000000000004565CCPF;03/02/2023;15;0,155;R
ES0000000000004565CCPF;03/02/2023;16;0,167;R
ES0000000000004565CCPF;03/02/2023;17;0,992;R
ES0000000000004565CCPF;03/02/2023;18;1,764;R
ES0000000000004565CCPF;03/02/2023;19;0,789;R
ES0000000000004565CCPF;03/02/2023;20;0,079;R
ES0000000000004565CCPF;03/02/2023;21;0,054;R
ES0000000000004565CCPF;03/02/2023;22;0,053;R
ES0000000000004565CCPF;03/02/2023;23;0,053;R
ES0000000000004565CCPF;04/02/2023;0;0,11;R
ES0000000000004565CCPF;04/02/2023;1;0,339;R
ES0000000000004565CCPF;04/02/2023;2;0,077;R
ES0000000000004565CCPF;04/02/2023;3;0,051;R
ES0000000000004565CCPF;04/02/2023;4;0,05;R
ES0000000000004565CCPF;04/02/2023;5;0,046;R
ES0000000000004565CCPF;04/02/2023;6;0,045;R
ES0000000000004565CCPF;04/02/2023;7;0,084;R
ES0000000000004565CCPF;04/02/2023;8;0,044;R
ES0000000000004565CCPF;04/02/2023;9;0,072;R
ES0000000000004565CCPF;04/02/2023;10;0,052;R
ES0000000000004565CCPF;04/02/2023;11;0,12;R
ES0000000000004565CCPF;04/02/2023;12;0,7;R
ES0000000000004565CCPF;04/02/2023;13;0,215;R
ES0000000000004565CCPF;04/02/2023;14;0,06;R
ES0000000000004565CCPF;04/02/2023;15;1,296;R
ES0000000000004565CCPF;04/02/2023;16;0,37;R
ES0000000000004565CCPF;04/02/2023;17;0,439;R
ES0000000000004565CCPF;04/02/2023;18;0,152;R
ES0000000000004565CCPF;04/02/2023;19;0,07;R
ES0000000000004565CCPF;04/02/2023;20;0,091;R
ES0000000000004565CCPF;04/02/2023;21;0,049;R
ES0000000000004565CCPF;04/02/2023;22;0,253;R
ES0000000000004565CCPF;04/02/2023;23;0,275;R
ES0000000000004565CCPF;05/02/2023;0;0,27;R
ES0000000000004565CCPF;05/02/2023;1;0,103;R
ES0000000000004565CCPF;05/02/2023;2;0,067;R
ES0000000000004565CCPF;05/02/2023;3;0,064;R
ES0000000000004565CCPF;05/02/2023;4;0,056;R
ES0000000000004565CCPF;05/02/2023;5;0,054;R
ES0000000000004565CCPF;05/02/2023;6;0,056;R
ES0000000000004565CCPF;05/02/2023;7;0,06;R
ES0000000000004565CCPF;05/02/2023;8;0,051;R
ES0000000000004565CCPF;05/02/2023;9;0,076;R
ES0000000000004565CCPF;05/02/2023;10;0,285;R
ES0000000000004565CCPF;05/02/2023;11;0,124;R
ES0000000000004565CCPF;05/02/2023;12;0,062;R
ES0000000000004565CCPF;05/02/2023;13;0,052;R
ES0000000000004565CCPF;05/02/2023;14;0,075;R
ES0000000000004565CCPF;05/02/2023;15;0,172;R
ES0000000000004565CCPF;05/02/2023;16;0,893;R
ES0000000000004565CCPF;05/02/2023;17;2,289;R
ES0000000000004565CCPF;05/02/2023;18;0,464;R
ES0000000000004565CCPF;05/02/2023;19;0,387;R
ES0000000000004565CCPF;05/02/2023;20;0,208;R
ES0000000000004565CCPF;05/02/2023;21;0,108;R
ES0000000000004565CCPF;05/02/2023;22;0,348;R
ES0000000000004565CCPF;05/02/2023;23;0,214;R
ES0000000000004565CCPF;06/02/2023;0;0,06;R
ES0000000000004565CCPF;06/02/2023;1;0,058;R
ES0000000000004565CCPF;06/02/2023;2;0,058;R
ES0000000000004565CCPF;06/02/2023;3;0,056;R
ES0000000000004565CCPF;06/02/2023;4;0,054;R
ES0000000000004565CCPF;06/02/2023;5;0,091;R
ES0000000000004565CCPF;06/02/2023;6;0,044;R
ES0000000000004565CCPF;06/02/2023;7;0,041;R
ES0000000000004565CCPF;06/02/2023;8;0,086;R
ES0000000000004565CCPF;06/02/2023;9;0,053;R
ES0000000000004565CCPF;06/02/2023;10;0,052;R
ES0000000000004565CCPF;06/02/2023;11;0,29;R
ES0000000000004565CCPF;06/02/2023;12;0,966;R
ES0000000000004565CCPF;06/02/2023;13;1,075;R
ES0000000000004565CCPF;06/02/2023;14;0,207;R
ES0000000000004565CCPF;06/02/2023;15;0,053;R
ES0000000000004565CCPF;06/02/2023;16;0,053;R
ES0000000000004565CCPF;06/02/2023;17;0,085;R
ES0000000000004565CCPF;06/02/2023;18;0,172;R
ES0000000000004565CCPF;06/02/2023;19;0,404;R
ES0000000000004565CCPF;06/02/2023;20;1,072;R
ES0000000000004565CCPF;06/02/2023;21;0,683;R
ES0000000000004565CCPF;06/02/2023;22;0,261;R
ES0000000000004565CCPF;06/02/2023;23;0,254;R
ES0000000000004565CCPF;07/02/2023;0;0,086;R
ES0000000000004565CCPF;07/02/2023;1;0,051;R
ES0000000000004565CCPF;07/02/2023;2;0,046;R
ES0000000000004565CCPF;07/02/2023;3;0,052;R
ES0000000000004565CCPF;07/02/2023;4;0,054;R
ES0000000000004565CCPF;07/02/2023;5;0,082;R
ES0000000000004565CCPF;07/02/2023;6;0,061;R
ES0000000000004565CCPF;07/02/2023;7;0,052;R
ES0000000000004565CCPF;07/02/2023;8;0,083;R
ES0000000000004565CCPF;07/02/2023;9;0,047;R
ES0000000000004565CCPF;07/02/2023;10;0,119;R
ES0000000000004565CCPF;07/02/2023;11;0,714;R
ES0000000000004565CCPF;07/02/2023;12;0,22;R
ES0000000000004565CCPF;07/02/2023;13;0,18;R
ES0000000000004565CCPF;07/02/2023;14;0,403;R
ES0000000000004565CCPF;07/02/2023;15;0,07;R
ES0000000000004565CCPF;07/02/2023;16;0,049;R
ES0000000000004565CCPF;07/02/2023;17;0,05;R
ES0000000000004565CCPF;07/02/2023;18;0,042;R
ES0000000000004565CCPF;07/02/2023;19;0,058;R
ES0000000000004565CCPF;07/02/2023;20;0,057;R
ES0000000000004565CCPF;07/02/2023;21;0,046;R
ES0000000000004565CCPF;07/02/2023;22;0,331;R
ES0000000000004565CCPF;07/02/2023;23;0,398;R
ES0000000000004565CCPF;08/02/2023;0;0,148;R
ES0000000000004565CCPF;08/02/2023;1;0,052;R
ES0000000000004565CCPF;08/02/2023;2;0,079;R
ES0000000000004565CCPF;08/02/2023;3;0,085;R
ES0000000000004565CCPF;08/02/2023;4;0,049;R
ES0000000000004565CCPF;08/02/2023;5;0,074;R
ES0000000000004565CCPF;08/02/2023;6;0,045;R
ES0000000000004565CCPF;08/02/2023;7;0,081;R
ES0000000000004565CCPF;08/02/2023;8;0,087;R
ES0000000000004565CCPF;08/02/2023;9;0,151;R
ES0000000000004565CCPF;08/02/2023;10;0,242;R
ES0000000000004565CCPF;08/02/2023;11;0,253;R
ES0000000000004565CCPF;08/02/2023;12;1,749;R
ES0000000000004565CCPF;08/02/2023;13;0,196;R
ES0000000000004565CCPF;08/02/2023;14;0,065;R
ES0000000000004565CCPF;08/02/2023;15;0,1;R
ES0000000000004565CCPF;08/02/2023;16;0,165;R
ES0000000000004565CCPF;08/02/2023;17;0,156;R
ES0000000000004565CCPF;08/02/2023;18;0,101;R
ES0000000000004565CCPF;08/02/2023;19;0,251;R
ES0000000000004565CCPF;08/02/2023;20;0,38;R
ES0000000000004565CCPF;08/02/2023;21;0,282;R
ES0000000000004565CCPF;08/02/2023;22;0,262;R
ES0000000000004565CCPF;08/02/2023;23;0,269;R
ES0000000000004565CCPF;09/02/2023;0;0,143;R
ES0000000000004565CCPF;09/02/2023;1;0,056;R
ES0000000000004565CCPF;09/02/2023;2;0,06;R
ES0000000000004565CCPF;09/02/2023;3;0,057;R
ES0000000000004565CCPF;09/02/2023;4;0,051;R
ES0000000000004565CCPF;09/02/2023;5;0,059;R
ES0000000000004565CCPF;09/02/2023;6;0,053;R
ES0000000000004565CCPF;09/02/2023;7;0,05;R
ES0000000000004565CCPF;09/02/2023;8;0,067;R
ES0000000000004565CCPF;09/02/2023;9;0,92;R
ES0000000000004565CCPF;09/02/2023;10;0,075;R
ES0000000000004565CCPF;09/02/2023;11;0,132;R
ES0000000000004565CCPF;09/02/2023;12;0,116;R
ES0000000000004565CCPF;09/02/2023;13;0,048;R
ES0000000000004565CCPF;09/02/2023;14;0,171;R
ES0000000000004565CCPF;09/02/2023;15;0,171;R
ES0000000000004565CCPF;09/02/2023;16;1,074;R
ES0000000000004565CCPF;09/02/2023;17;0,908;R
ES0000000000004565CCPF;09/02/2023;18;0,091;R
ES0000000000004565CCPF;09/02/2023;19;0,065;R
ES0000000000004565CCPF;09/02/2023;20;0,401;R
ES0000000000004565CCPF;09/02/2023;21;0,45;R
ES0000000000004565CCPF;09/02/2023;22;0,246;R
ES0000000000004565CCPF;09/02/2023;23;0,29;R
ES0000000000004565CCPF;10/02/2023;0;0,148;R
ES0000000000004565CCPF;10/02/2023;1;0,047;R
ES0000000000004565CCPF;10/02/2023;2;0,053;R
ES0000000000004565CCPF;10/02/2023;3;0,042;R
ES0000000000004565CCPF;10/02/2023;4;0,056;R
ES0000000000004565CCPF;10/02/2023;5;0,047;R
ES0000000000004565CCPF;10/02/2023;6;0,047;R
ES0000000000004565CCPF;10/02/2023;7;0,047;R
ES0000000000004565CCPF;10/02/2023;8;0,055;R
ES0000000000004565CCPF;10/02/2023;9;0,224;R
ES0000000000004565CCPF;10/02/2023;10;0,081;R
ES0000000000004565CCPF;10/02/2023;11;0,905;R
ES0000000000004565CCPF;10/02/2023;12;0,363;R
ES0000000000004565CCPF;10/02/2023;13;1,008;R
ES0000000000004565CCPF;10/02/2023;14;0,664;R
ES0000000000004565CCPF;10/02/2023;15;0,701;R
ES0000000000004565CCPF;10/02/2023;16;0,098;R
ES0000000000004565CCPF;10/02/2023;17;0,05;R
ES0000000000004565CCPF;10/02/2023;18;0,052;R
ES0000000000004565CCPF;10/02/2023;19;0,056;R
ES0000000000004565CCPF;10/02/2023;20;0,051;R
ES0000000000004565CCPF;10/02/2023;21;0,037;R
ES0000000000004565CCPF;10/02/2023;22;0,058;R
ES0000000000004565CCPF;10/02/2023;23;0,054;R
ES0000000000004565CCPF;11/02/2023;0;0,031;R
ES0000000000004565CCPF;11/02/2023;1;0,061;R
ES0000000000004565CCPF;11/02/2023;2;0,047;R
ES0000000000004565CCPF;11/02/2023;3;0,038;R
ES0000000000004565CCPF;11/02/2023;4;0,056;R
ES0000000000004565CCPF;11/02/2023;5;0,044;R
ES0000000000004565CCPF;11/02/2023;6;0,05;R
ES0000000000004565CCPF;11/02/2023;7;0,034;R
ES0000000000004565CCPF;11/02/2023;8;0,06;R
ES0000000000004565CCPF;11/02/2023;9;0,034;R
ES0000000000004565CCPF;11/02/2023;10;0,048;R
ES0000000000004565CCPF;11/02/2023;11;0,043;R
ES0000000000004565CCPF;11/02/2023;12;0,061;R
ES0000000000004565CCPF;11/02/2023;13;0,023;R
ES0000000000004565CCPF;11/02/2023;14;0,06;R
ES0000000000004565CCPF;11/02/2023;15;0,047;R
ES0000000000004565CCPF;11/02/2023;16;0,041;R
ES0000000000004565CCPF;11/02/2023;17;0,046;R
ES0000000000004565CCPF;11/02/2023;18;0,053;R
ES0000000000004565CCPF;11/02/2023;19;0,05;R
ES0000000000004565CCPF;11/02/2023;20;0,033;R
ES0000000000004565CCPF;11/02/2023;21;0,06;R
ES0000000000004565CCPF;11/02/2023;22;0,043;R
ES0000000000004565CCPF;11/02/2023;23;0,252;R
ES0000000000004565CCPF;12/02/2023;0;0,643;R
ES0000000000004565CCPF;12/02/2023;1;0,253;R
ES0000000000004565CCPF;12/02/2023;2;0,046;R
ES0000000000004565CCPF;12/02/2023;3;0,038;R
ES0000000000004565CCPF;12/02/2023;4;0,06;R
ES0000000000004565CCPF;12/02/2023;5;0,035;R
ES0000000000004565CCPF;12/02/2023;6;0,081;R
ES0000000000004565CCPF;12/02/2023;7;0,042;R
ES0000000000004565CCPF;12/02/2023;8;0,084;R
ES0000000000004565CCPF;12/02/2023;9;0,033;R
ES0000000000004565CCPF;12/02/2023;10;0,059;R
ES0000000000004565CCPF;12/02/2023;11;0,041;R
ES0000000000004565CCPF;12/02/2023;12;0,673;R
ES0000000000004565CCPF;12/02/2023;13;2,297;R
ES0000000000004565CCPF;12/02/2023;14;0,644;R
ES0000000000004565CCPF;12/02/2023;15;1,048;R
ES0000000000004565CCPF;12/02/2023;16;0,846;R
ES0000000000004565CCPF;12/02/2023;17;0,264;R
ES0000000000004565CCPF;12/02/2023;18;0,235;R
ES0000000000004565CCPF;12/02/2023;19;0,101;R
ES0000000000004565CCPF;12/02/2023;20;0,055;R
ES0000000000004565CCPF;12/02/2023;21;0,045;R
ES0000000000004565CCPF;12/02/2023;22;0,042;R
ES0000000000004565CCPF;12/02/2023;23;0,063;R
ES0000000000004565CCPF;13/02/2023;0;0,051;R
ES0000000000004565CCPF;13/02/2023;1;0,032;R
ES0000000000004565CCPF;13/02/2023;2;0,057;R
ES0000000000004565CCPF;13/02/2023;3;0,043;R
ES0000000000004565CCPF;13/02/2023;4;0,059;R
ES0000000000004565CCPF;13/02/2023;5;0,022;R
ES0000000000004565CCPF;13/02/2023;6;0,06;R
ES0000000000004565CCPF;13/02/2023;7;0,042;R
ES0000000000004565CCPF;13/02/2023;8;0,054;R
ES0000000000004565CCPF;13/02/2023;9;0,027;R
ES0000000000004565CCPF;13/02/2023;10;0,06;R
ES0000000000004565CCPF;13/02/2023;11;0,039;R
ES0000000000004565CCPF;13/02/2023;12;0,04;R
ES0000000000004565CCPF;13/02/2023;13;0,043;R
ES0000000000004565CCPF;13/02/2023;14;0,06;R
ES0000000000004565CCPF;13/02/2023;15;0,292;R
ES0000000000004565CCPF;13/02/2023;16;0,296;R
ES0000000000004565CCPF;13/02/2023;17;0,26;R
ES0000000000004565CCPF;13/02/2023;18;0,244;R
ES0000000000004565CCPF;13/02/2023;19;0,188;R
ES0000000000004565CCPF;13/02/2023;20;1,067;R
ES0000000000004565CCPF;13/02/2023;21;1,123;R
ES0000000000004565CCPF;13/02/2023;22;0,413;R
ES0000000000004565CCPF;13/02/2023;23;0,568;R
ES0000000000004565CCPF;14/02/2023;0;0,297;R
ES0000000000004565CCPF;14/02/2023;1;0,058;R
ES0000000000004565CCPF;14/02/2023;2;0,053;R
ES0000000000004565CCPF;14/02/2023;3;0,042;R
ES0000000000004565CCPF;14/02/2023;4;0,09;R
ES0000000000004565CCPF;14/02/2023;5;0,045;R
ES0000000000004565CCPF;14/02/2023;6;0,063;R
ES0000000000004565CCPF;14/02/2023;7;0,054;R
ES0000000000004565CCPF;14/02/2023;8;0,239;R
ES0000000000004565CCPF;14/02/2023;9;0,185;R
ES0000000000004565CCPF;14/02/2023;10;0,564;R
ES0000000000004565CCPF;14/02/2023;11;0,401;R
ES0000000000004565CCPF;14/02/2023;12;0,522;R
ES0000000000004565CCPF;14/02/2023;13;0,478;R
ES0000000000004565CCPF;14/02/2023;14;0,258;R
ES0000000000004565CCPF;14/02/2023;15;0,242;R
ES0000000000004565CCPF;14/02/2023;16;0,192;R
ES0000000000004565CCPF;14/02/2023;17;0,105;R
ES0000000000004565CCPF;14/02/2023;18;0,078;R
ES0000000000004565CCPF;14/02/2023;19;0,067;R
ES0000000000004565CCPF;14/02/2023;20;0,101;R
ES0000000000004565CCPF;14/02/2023;21;0,13;R
ES0000000000004565CCPF;14/02/2023;22;0,334;R
ES0000000000004565CCPF;14/02/2023;23;0,315;R
ES0000000000004565CCPF;15/02/2023;0;0,135;R
ES0000000000004565CCPF;15/02/2023;1;0,062;R
ES0000000000004565CCPF;15/02/2023;2;0,05;R
ES0000000000004565CCPF;15/02/2023;3;0,041;R
ES0000000000004565CCPF;15/02/2023;4;0,054;R
ES0000000000004565CCPF;15/02/2023;5;0,059;R
ES0000000000004565CCPF;15/02/2023;6;0,055;R
ES0000000000004565CCPF;15/02/2023;7;0,039;R
ES0000000000004565CCPF;15/02/2023;8;0,049;R
ES0000000000004565CCPF;15/02/2023;9;0,184;R
ES0000000000004565CCPF;15/02/2023;10;0,142;R
ES0000000000004565CCPF;15/02/2023;11;0,1;R
ES0000000000004565CCPF;15/02/2023;12;0,08;R
ES0000000000004565CCPF;15/02/2023;13;0,075;R
ES0000000000004565CCPF;15/02/2023;14;0,055;R
ES0000000000004565CCPF;15/02/2023;15;0,499;R
ES0000000000004565CCPF;15/02/2023;16;0,734;R
ES0000000000004565CCPF;15/02/2023;17;0,203;R
ES0000000000004565CCPF;15/02/2023;18;0,241;R
ES0000000000004565CCPF;15/02/2023;19;0,154;R
ES0000000000004565CCPF;15/02/2023;20;0,337;R
ES0000000000004565CCPF;15/02/2023;21;0,352;R
ES0000000000004565CCPF;15/02/2023;22;0,401;R
ES0000000000004565CCPF;15/02/2023;23;0,35;R
ES0000000000004565CCPF;16/02/2023;0;0,327;R
ES0000000000004565CCPF;16/02/2023;1;0,075;R
ES0000000000004565CCPF;16/02/2023;2;0,052;R
ES0000000000004565CCPF;16/02/2023;3;0,052;R
ES0000000000004565CCPF;16/02/2023;4;0,042;R
ES0000000000004565CCPF;16/02/2023;5;0,055;R
ES0000000000004565CCPF;16/02/2023;6;0,088;R
ES0000000000004565CCPF;16/02/2023;7;0,045;R
ES0000000000004565CCPF;16/02/2023;8;0,053;R
ES0000000000004565CCPF;16/02/2023;9;0,075;R
ES0000000000004565CCPF;16/02/2023;10;0,44;R
ES0000000000004565CCPF;16/02/2023;11;0,085;R
ES0000000000004565CCPF;16/02/2023;12;1,282;R
ES0000000000004565CCPF;16/02/2023;13;0,192;R
ES0000000000004565CCPF;16/02/2023;14;0,742;R
ES0000000000004565CCPF;16/02/2023;15;1,121;R
ES0000000000004565CCPF;16/02/2023;16;0,146;R
ES0000000000004565CCPF;16/02/2023;17;0,057;R
ES0000000000004565CCPF;16/02/2023;18;0,086;R
ES0000000000004565CCPF;16/02/2023;19;0,198;R
ES0000000000004565CCPF;16/02/2023;20;0,238;R
ES0000000000004565CCPF;16/02/2023;21;0,22;R
ES0000000000004565CCPF;16/02/2023;22;0,976;R
ES0000000000004565CCPF;16/02/2023;23;0,684;R
ES0000000000004565CCPF;17/02/2023;0;0,189;R
ES0000000000004565CCPF;17/02/2023;1;0,071;R
ES0000000000004565CCPF;17/02/2023;2;0,062;R
ES0000000000004565CCPF;17/02/2023;3;0,049;R
ES0000000000004565CCPF;17/02/2023;4;0,05;R
ES0000000000004565CCPF;17/02/2023;5;0,057;R
ES0000000000004565CCPF;17/02/2023;6;0,051;R
ES0000000000004565CCPF;17/02/2023;7;0,079;R
ES0000000000004565CCPF;17/02/2023;8;0,044;R
ES0000000000004565CCPF;17/02/2023;9;0,203;R
ES0000000000004565CCPF;17/02/2023;10;0,052;R
ES0000000000004565CCPF;17/02/2023;11;0,04;R
ES0000000000004565CCPF;17/02/2023;12;0,249;R
ES0000000000004565CCPF;17/02/2023;13;0,758;R
ES0000000000004565CCPF;17/02/2023;14;1,004;R
ES0000000000004565CCPF;17/02/2023;15;0,102;R
ES0000000000004565CCPF;17/02/2023;16;0,236;R
ES0000000000004565CCPF;17/02/2023;17;0,093;R
ES0000000000004565CCPF;17/02/2023;18;0,11;R
ES0000000000004565CCPF;17/02/2023;19;0,195;R
ES0000000000004565CCPF;17/02/2023;20;0,178;R
ES0000000000004565CCPF;17/02/2023;21;0,05;R
ES0000000000004565CCPF;17/02/2023;22;0,04;R
ES0000000000004565CCPF;17/02/2023;23;0,042;R
ES0000000000004565CCPF;18/02/2023;0;0,053;R
ES0000000000004565CCPF;18/02/2023;1;0,055;R
ES0000000000004565CCPF;18/02/2023;2;0,055;R
ES0000000000004565CCPF;18/02/2023;3;0,043;R
ES0000000000004565CCPF;18/02/2023;4;0,034;R
ES0000000000004565CCPF;18/02/2023;5;0,054;R
ES0000000000004565CCPF;18/02/2023;6;0,055;R
ES0000000000004565CCPF;18/02/2023;7;0,054;R
ES0000000000004565CCPF;18/02/2023;8;0,032;R
ES0000000000004565CCPF;18/02/2023;9;0,042;R
ES0000000000004565CCPF;18/02/2023;10;0,053;R
ES0000000000004565CCPF;18/02/2023;11;0,054;R
ES0000000000004565CCPF;18/02/2023;12;0,04;R
ES0000000000004565CCPF;18/02/2023;13;0,046;R
ES0000000000004565CCPF;18/02/2023;14;0,043;R
ES0000000000004565CCPF;18/02/2023;15;0,044;R
ES0000000000004565CCPF;18/02/2023;16;0,053;R
ES0000000000004565CCPF;18/02/2023;17;0,049;R
ES0000000000004565CCPF;18/02/2023;18;0,039;R
ES0000000000004565CCPF;18/02/2023;19;0,045;R
ES0000000000004565CCPF;18/02/2023;20;0,053;R
ES0000000000004565CCPF;18/02/2023;21;0,051;R
ES0000000000004565CCPF;18/02/2023;22;0,038;R
ES0000000000004565CCPF;18/02/2023;23;0,043;R
ES0000000000004565CCPF;19/02/2023;0;0,055;R
ES0000000000004565CCPF;19/02/2023;1;0,048;R
ES0000000000004565CCPF;19/02/2023;2;0,035;R
ES0000000000004565CCPF;19/02/2023;3;0,047;R
ES0000000000004565CCPF;19/02/2023;4;0,055;R
ES0000000000004565CCPF;19/02/2023;5;0,045;R
ES0000000000004565CCPF;19/02/2023;6;0,031;R
ES0000000000004565CCPF;19/02/2023;7;0,054;R
ES0000000000004565CCPF;19/02/2023;8;0,056;R
ES0000000000004565CCPF;19/02/2023;9;0,034;R
ES0000000000004565CCPF;19/02/2023;10;0,04;R
ES0000000000004565CCPF;19/02/2023;11;0,054;R
ES0000000000004565CCPF;19/02/2023;12;0,054;R
ES0000000000004565CCPF;19/02/2023;13;0,037;R
ES0000000000004565CCPF;19/02/2023;14;0,042;R
ES0000000000004565CCPF;19/02/2023;15;0,049;R
ES0000000000004565CCPF;19/02/2023;16;0,048;R
ES0000000000004565CCPF;19/02/2023;17;0,048;R
ES0000000000004565CCPF;19/02/2023;18;0,048;R
ES0000000000004565CCPF;19/02/2023;19;0,041;R
ES0000000000004565CCPF;19/02/2023;20;0,043;R
ES0000000000004565CCPF;19/02/2023;21;0,139;R
ES0000000000004565CCPF;19/02/2023;22;0,41;R
ES0000000000004565CCPF;19/02/2023;23;0,782;R
ES0000000000004565CCPF;20/02/2023;0;0,17;R
ES0000000000004565CCPF;20/02/2023;1;0,251;R
ES0000000000004565CCPF;20/02/2023;2;0,61;R
ES0000000000004565CCPF;20/02/2023;3;0,201;R
ES0000000000004565CCPF;20/02/2023;4;0,054;R
ES0000000000004565CCPF;20/02/2023;5;0,045;R
ES0000000000004565CCPF;20/02/2023;6;0,053;R
ES0000000000004565CCPF;20/02/2023;7;0,054;R
ES0000000000004565CCPF;20/02/2023;8;0,053;R
ES0000000000004565CCPF;20/02/2023;9;0,041;R
ES0000000000004565CCPF;20/02/2023;10;0,045;R
ES0000000000004565CCPF;20/02/2023;11;0,129;R
ES0000000000004565CCPF;20/02/2023;12;0,147;R
ES0000000000004565CCPF;20/02/2023;13;0,065;R
ES0000000000004565CCPF;20/02/2023;14;0,056;R
ES0000000000004565CCPF;20/02/2023;15;0,201;R
ES0000000000004565CCPF;20/02/2023;16;0,145;R
ES0000000000004565CCPF;20/02/2023;17;0,049;R
ES0000000000004565CCPF;20/02/2023;18;0,048;R
ES0000000000004565CCPF;20/02/2023;19;0,055;R
ES0000000000004565CCPF;20/02/2023;20;0,172;R
ES0000000000004565CCPF;20/02/2023;21;0,959;R
ES0000000000004565CCPF;20/02/2023;22;0,401;R
ES0000000000004565CCPF;20/02/2023;23;0,498;R
ES0000000000004565CCPF;21/02/2023;0;0,177;R
ES0000000000004565CCPF;21/02/2023;1;0,058;R
ES0000000000004565CCPF;21/02/2023;2;0,057;R
ES0000000000004565CCPF;21/02/2023;3;0,049;R
ES0000000000004565CCPF;21/02/2023;4;0,044;R
ES0000000000004565CCPF;21/02/2023;5;0,06;R
ES0000000000004565CCPF;21/02/2023;6;0,041;R
ES0000000000004565CCPF;21/02/2023;7;0,045;R
ES0000000000004565CCPF;21/02/2023;8;0,057;R
ES0000000000004565CCPF;21/02/2023;9;0,189;R
ES0000000000004565CCPF;21/02/2023;10;0,952;R
ES0000000000004565CCPF;21/02/2023;11;0,15;R
ES0000000000004565CCPF;21/02/2023;12;0,156;R
ES0000000000004565CCPF;21/02/2023;13;0,073;R
ES0000000000004565CCPF;21/02/2023;14;0,363;R
ES0000000000004565CCPF;21/02/2023;15;0,3;R
ES0000000000004565CCPF;21/02/2023;16;1,097;R
ES0000000000004565CCPF;21/02/2023;17;0,089;R
ES0000000000004565CCPF;21/02/2023;18;0,102;R
ES0000000000004565CCPF;21/02/2023;19;0,06;R
ES0000000000004565CCPF;21/02/2023;20;0,058;R
ES0000000000004565CCPF;21/02/2023;21;0,059;R
ES0000000000004565CCPF;21/02/2023;22;1,826;R
ES0000000000004565CCPF;21/02/2023;23;0,371;R
ES0000000000004565CCPF;22/02/2023;0;0,098;R
ES0000000000004565CCPF;22/02/2023;1;0,062;R
ES0000000000004565CCPF;22/02/2023;2;0,06;R
ES0000000000004565CCPF;22/02/2023;3;0,064;R
ES0000000000004565CCPF;22/02/2023;4;0,054;R
ES0000000000004565CCPF;22/02/2023;5;0,065;R
ES0000000000004565CCPF;22/02/2023;6;0,065;R
ES0000000000004565CCPF;22/02/2023;7;0,049;R
ES0000000000004565CCPF;22/02/2023;8;0,051;R
ES0000000000004565CCPF;22/02/2023;9;0,626;R
ES0000000000004565CCPF;22/02/2023;10;0,087;R
ES0000000000004565CCPF;22/02/2023;11;0,052;R
ES0000000000004565CCPF;22/02/2023;12;0,068;R
ES0000000000004565CCPF;22/02/2023;13;0,103;R
ES0000000000004565CCPF;22/02/2023;14;0,105;R
ES0000000000004565CCPF;22/02/2023;15;0,097;R
ES0000000000004565CCPF;22/02/2023;16;0,23;R
ES0000000000004565CCPF;22/02/2023;17;0,14;R
ES0000000000004565CCPF;22/02/2023;18;0,154;R
ES0000000000004565CCPF;22/02/2023;19;0,17;R
ES0000000000004565CCPF;22/02/2023;20;0,062;R
ES0000000000004565CCPF;22/02/2023;21;0,105;R
ES0000000000004565CCPF;22/02/2023;22;0,069;R
ES0000000000004565CCPF;22/02/2023;23;0,395;R
ES0000000000004565CCPF;23/02/2023;0;0,227;R
ES0000000000004565CCPF;23/02/2023;1;0,045;R
ES0000000000004565CCPF;23/02/2023;2;0,059;R
ES0000000000004565CCPF;23/02/2023;3;0,062;R
ES0000000000004565CCPF;23/02/2023;4;0,061;R
ES0000000000004565CCPF;23/02/2023;5;0,055;R
ES0000000000004565CCPF;23/02/2023;6;0,053;R
ES0000000000004565CCPF;23/02/2023;7;0,056;R
ES0000000000004565CCPF;23/02/2023;8;0,047;R
ES0000000000004565CCPF;23/02/2023;9;0,2;R
ES0000000000004565CCPF;23/02/2023;10;0,15;R
ES0000000000004565CCPF;23/02/2023;11;0,227;R
ES0000000000004565CCPF;23/02/2023;12;1,165;R
ES0000000000004565CCPF;23/02/2023;13;0,95;R
ES0000000000004565CCPF;23/02/2023;14;0,83;R
ES0000000000004565CCPF;23/02/2023;15;0,195;R
ES0000000000004565CCPF;23/02/2023;16;0,197;R
ES0000000000004565CCPF;23/02/2023;17;0,164;R
ES0000000000004565CCPF;23/02/2023;18;0,285;R
ES0000000000004565CCPF;23/02/2023;19;0,11;R
ES0000000000004565CCPF;23/02/2023;20;0,092;R
ES0000000000004565CCPF;23/02/2023;21;0,124;R
ES0000000000004565CCPF;23/02/2023;22;0,057;R
ES0000000000004565CCPF;23/02/2023;23;0,202;R
ES0000000000004565CCPF;24/02/2023;0;0,553;R
ES0000000000004565CCPF;24/02/2023;1;0,137;R
ES0000000000004565CCPF;24/02/2023;2;0,048;R
ES0000000000004565CCPF;24/02/2023;3;0,055;R
ES0000000000004565CCPF;24/02/2023;4;0,055;R
ES0000000000004565CCPF;24/02/2023;5;0,046;R
ES0000000000004565CCPF;24/02/2023;6;0,044;R
ES0000000000004565CCPF;24/02/2023;7;0,052;R
ES0000000000004565CCPF;24/02/2023;8;0,047;R
ES0000000000004565CCPF;24/02/2023;9;0,175;R
ES0000000000004565CCPF;24/02/2023;10;0,81;R
ES0000000000004565CCPF;24/02/2023;11;0,173;R
ES0000000000004565CCPF;24/02/2023;12;0,071;R
ES0000000000004565CCPF;24/02/2023;13;0,131;R
ES0000000000004565CCPF;24/02/2023;14;0,07;R
ES0000000000004565CCPF;24/02/2023;15;0,05;R
ES0000000000004565CCPF;24/02/2023;16;0,054;R
ES0000000000004565CCPF;24/02/2023;17;0,121;R
ES0000000000004565CCPF;24/02/2023;18;0,23;R
ES0000000000004565CCPF;24/02/2023;19;0,164;R
ES0000000000004565CCPF;24/02/2023;20;0,057;R
ES0000000000004565CCPF;24/02/2023;21;0,054;R
ES0000000000004565CCPF;24/02/2023;22;0,046;R
ES0000000000004565CCPF;24/02/2023;23;0,113;R
ES0000000000004565CCPF;25/02/2023;0;0,21;R
ES0000000000004565CCPF;25/02/2023;1;0,047;R
ES0000000000004565CCPF;25/02/2023;2;0,044;R
ES0000000000004565CCPF;25/02/2023;3;0,081;R
ES0000000000004565CCPF;25/02/2023;4;0,052;R
ES0000000000004565CCPF;25/02/2023;5;0,052;R
ES0000000000004565CCPF;25/02/2023;6;0,071;R
ES0000000000004565CCPF;25/02/2023;7;0,045;R
ES0000000000004565CCPF;25/02/2023;8;0,059;R
ES0000000000004565CCPF;25/02/2023;9;0,181;R
ES0000000000004565CCPF;25/02/2023;10;0,065;R
ES0000000000004565CCPF;25/02/2023;11;0,051;R
ES0000000000004565CCPF;25/02/2023;12;0,027;R
ES0000000000004565CCPF;25/02/2023;13;0,081;R
ES0000000000004565CCPF;25/02/2023;14;0,052;R
ES0000000000004565CCPF;25/02/2023;15;0,04;R
ES0000000000004565CCPF;25/02/2023;16;0,056;R
ES0000000000004565CCPF;25/02/2023;17;0,049;R
ES0000000000004565CCPF;25/02/2023;18;0,036;R
ES0000000000004565CCPF;25/02/2023;19;0,077;R
ES0000000000004565CCPF;25/02/2023;20;0,062;R
ES0000000000004565CCPF;25/02/2023;21;0,692;R
ES0000000000004565CCPF;25/02/2023;22;0,83;R
ES0000000000004565CCPF;25/02/2023;23;0,869;R
ES0000000000004565CCPF;26/02/2023;0;1,951;R
ES0000000000004565CCPF;26/02/2023;1;0,815;R
ES0000000000004565CCPF;26/02/2023;2;0,26;R
ES0000000000004565CCPF;26/02/2023;3;0,155;R
ES0000000000004565CCPF;26/02/2023;4;0,041;R
ES0000000000004565CCPF;26/02/2023;5;0,054;R
ES0000000000004565CCPF;26/02/2023;6;0,047;R
ES0000000000004565CCPF;26/02/2023;7;0,04;R
ES0000000000004565CCPF;26/02/2023;8;0,04;R
ES0000000000004565CCPF;26/02/2023;9;0,054;R
ES0000000000004565CCPF;26/02/2023;10;0,048;R
ES0000000000004565CCPF;26/02/2023;11;0,031;R
ES0000000000004565CCPF;26/02/2023;12;1,108;R
ES0000000000004565CCPF;26/02/2023;13;0,64;R
ES0000000000004565CCPF;26/02/2023;14;0,747;R
ES0000000000004565CCPF;26/02/2023;15;0,123;R
ES0000000000004565CCPF;26/02/2023;16;0,399;R
ES0000000000004565CCPF;26/02/2023;17;0,984;R
ES0000000000004565CCPF;26/02/2023;18;0,206;R
ES0000000000004565CCPF;26/02/2023;19;0,072;R
ES0000000000004565CCPF;26/02/2023;20;0,291;R
ES0000000000004565CCPF;26/02/2023;21;0,292;R
ES0000000000004565CCPF;26/02/2023;22;0,687;R
ES0000000000004565CCPF;26/02/2023;23;0,814;R
ES0000000000004565CCPF;27/02/2023;0;0,508;R
ES0000000000004565CCPF;27/02/2023;1;0,055;R
ES0000000000004565CCPF;27/02/2023;2;0,046;R
ES0000000000004565CCPF;27/02/2023;3;0,041;R
ES0000000000004565CCPF;27/02/2023;4;0,052;R
ES0000000000004565CCPF;27/02/2023;5;0,048;R
ES0000000000004565CCPF;27/02/2023;6;0,044;R
ES0000000000004565CCPF;27/02/2023;7;0,047;R
ES0000000000004565CCPF;27/02/2023;8;0,039;R
ES0000000000004565CCPF;27/02/2023;9;0,045;R
ES0000000000004565CCPF;27/02/2023;10;0,047;R
ES0000000000004565CCPF;27/02/2023;11;0,359;R
ES0000000000004565CCPF;27/02/2023;12;3,137;R
ES0000000000004565CCPF;27/02/2023;13;1,401;R
ES0000000000004565CCPF;27/02/2023;14;0,266;R
ES0000000000004565CCPF;27/02/2023;15;0,736;R
ES0000000000004565CCPF;27/02/2023;16;0,096;R
ES0000000000004565CCPF;27/02/2023;17;0,472;R
ES0000000000004565CCPF;27/02/2023;18;0,095;R
ES0000000000004565CCPF;27/02/2023;19;0,116;R
ES0000000000004565CCPF;27/02/2023;20;0,285;R
ES0000000000004565CCPF;27/02/2023;21;0,26;R
ES0000000000004565CCPF;27/02/2023;22;0,578;R
ES0000000000004565CCPF;27/02/2023;23;0,338;R
ES0000000000004565CCPF;28/02/2023;0;0,264;R
ES0000000000004565CCPF;28/02/2023;1;0,132;R
ES0000000000004565CCPF;28/02/2023;2;0,06;R
ES0000000000004565CCPF;28/02/2023;3;0,067;R
ES0000000000004565CCPF;28/02/2023;4;0,059;R
ES0000000000004565CCPF;28/02/2023;5;0,043;R
ES0000000000004565CCPF;28/02/2023;6;0,048;R
ES0000000000004565CCPF;28/02/2023;7;0,035;R
ES0000000000004565CCPF;28/02/2023;8;0,062;R
ES0000000000004565CCPF;28/02/2023;9;0,21;R
ES0000000000004565CCPF;28/02/2023;10;0,074;R
ES0000000000004565CCPF;28/02/2023;11;0,297;R
ES0000000000004565CCPF;28/02/2023;12;0,461;R
ES0000000000004565CCPF;28/02/2023;13;0,217;R
ES0000000000004565CCPF;28/02/2023;14;0,139;R
ES0000000000004565CCPF;28/02/2023;15;0,119;R
ES0000000000004565CCPF;28/02/2023;16;0,074;R
ES0000000000004565CCPF;28/02/2023;17;0,079;R
ES0000000000004565CCPF;28/02/2023;18;0,118;R
ES0000000000004565CCPF;28/02/2023;19;0,071;R
ES0000000000004565CCPF;28/02/2023;20;0,101;R
ES0000000000004565CCPF;28/02/2023;21;0,174;R
ES0000000000004565CCPF;28/02/2023;22;0,354;R
ES0000000000004565CCPF;28/02/2023;23;0,366;R
ES0000000000004565CCPF;01/03/2023;0;0,322;R
ES0000000000004565CCPF;01/03/2023;1;0,043;R
ES0000000000004565CCPF;01/03/2023;2;0,045;R
ES0000000000004565CCPF;01/03/2023;3;0,052;R
ES0000000000004565CCPF;01/03/2023;4;0,052;R
ES0000000000004565CCPF;01/03/2023;5;0,075;R
ES0000000000004565CCPF;01/03/2023;6;0,053;R
ES0000000000004565CCPF;01/03/2023;7;0,046;R
ES0000000000004565CCPF;01/03/2023;8;0,085;R
ES0000000000004565CCPF;01/03/2023;9;0,162;R
ES0000000000004565CCPF;01/03/2023;10;0,088;R
ES0000000000004565CCPF;01/03/2023;11;0,168;R
ES0000000000004565CCPF;01/03/2023;12;0,079;R
ES0000000000004565CCPF;01/03/2023;13;0,067;R
ES0000000000004565CCPF;01/03/2023;14;0,057;R
ES0000000000004565CCPF;01/03/2023;15;0,125;R
ES0000000000004565CCPF;01/03/2023;16;0,392;R
ES0000000000004565CCPF;01/03/2023;17;0,858;R
ES0000000000004565CCPF;01/03/2023;18;0,18;R
ES0000000000004565CCPF;01/03/2023;19;0,249;R
ES0000000000004565CCPF;01/03/2023;20;0,375;R
ES0000000000004565CCPF;01/03/2023;21;0,39;R
ES0000000000004565CCPF;01/03/2023;22;0,309;R
ES0000000000004565CCPF;01/03/2023;23;0,314;R
ES0000000000004565CCPF;02/03/2023;0;0,208;R
ES0000000000004565CCPF;02/03/2023;1;0,05;R
ES0000000000004565CCPF;02/03/2023;2;0,05;R
ES0000000000004565CCPF;02/03/2023;3;0,047;R
ES0000000000004565CCPF;02/03/2023;4;0,042;R
ES0000000000004565CCPF;02/03/2023;5;0,041;R
ES0000000000004565CCPF;02/03/2023;6;0,054;R
ES0000000000004565CCPF;02/03/2023;7;0,068;R
ES0000000000004565CCPF;02/03/2023;8;0,077;R
ES0000000000004565CCPF;02/03/2023;9;0,951;R
ES0000000000004565CCPF;02/03/2023;10;0,893;R
ES0000000000004565CCPF;02/03/2023;11;0,084;R
ES0000000000004565CCPF;02/03/2023;12;0,035;R
ES0000000000004565CCPF;02/03/2023;13;0,049;R
ES0000000000004565CCPF;02/03/2023;14;0,047;R
ES0000000000004565CCPF;02/03/2023;15;0,043;R
ES0000000000004565CCPF;02/03/2023;16;0,038;R
ES0000000000004565CCPF;02/03/2023;17;0,043;R
ES0000000000004565CCPF;02/03/2023;18;0,041;R
ES0000000000004565CCPF;02/03/2023;19;0,039;R
ES0000000000004565CCPF;02/03/2023;20;0,046;R
ES0000000000004565CCPF;02/03/2023;21;0,035;R
ES0000000000004565CCPF;02/03/2023;22;0,118;R
ES0000000000004565CCPF;02/03/2023;23;0,303;R
ES0000000000004565CCPF;03/03/2023;0;0,261;R
ES0000000000004565CCPF;03/03/2023;1;0,136;R
ES0000000000004565CCPF;03/03/2023;2;0,134;R
ES0000000000004565CCPF;03/03/2023;3;0,14;R
ES0000000000004565CCPF;03/03/2023;4;0,093;R
ES0000000000004565CCPF;03/03/2023;5;0,113;R
ES0000000000004565CCPF;03/03/2023;6;0,073;R
ES0000000000004565CCPF;03/03/2023;7;0,105;R
ES0000000000004565CCPF;03/03/2023;8;0,152;R
ES0000000000004565CCPF;03/03/2023;9;0,078;R
ES0000000000004565CCPF;03/03/2023;10;0,081;R
ES0000000000004565CCPF;03/03/2023;11;0,097;R
ES0000000000004565CCPF;03/03/2023;12;0,067;R
ES0000000000004565CCPF;03/03/2023;13;1,136;R
ES0000000000004565CCPF;03/03/2023;14;0,987;R
ES0000000000004565CCPF;03/03/2023;15;0,843;R
ES0000000000004565CCPF;03/03/2023;16;0,699;R
ES0000000000004565CCPF;03/03/2023;17;0,186;R
ES0000000000004565CCPF;03/03/2023;18;0,124;R
ES0000000000004565CCPF;03/03/2023;19;0,36;R
ES0000000000004565CCPF;03/03/2023;20;1,607;R
ES0000000000004565CCPF;03/03/2023;21;0,125;R
ES0000000000004565CCPF;03/03/2023;22;0,05;R
ES0000000000004565CCPF;03/03/2023;23;0,049;R
ES0000000000004565CCPF;04/03/2023;0;0,24;R
ES0000000000004565CCPF;04/03/2023;1;0,184;R
ES0000000000004565CCPF;04/03/2023;2;0,088;R
ES0000000000004565CCPF;04/03/2023;3;0,058;R
ES0000000000004565CCPF;04/03/2023;4;0,081;R
ES0000000000004565CCPF;04/03/2023;5;0,092;R
ES0000000000004565CCPF;04/03/2023;6;0,082;R
ES0000000000004565CCPF;04/03/2023;7;0,057;R
ES0000000000004565CCPF;04/03/2023;8;0,083;R
ES0000000000004565CCPF;04/03/2023;9;0,093;R
ES0000000000004565CCPF;04/03/2023;10;0,05;R
ES0000000000004565CCPF;04/03/2023;11;0,079;R
ES0000000000004565CCPF;04/03/2023;12;0,272;R
ES0000000000004565CCPF;04/03/2023;13;0,354;R
ES0000000000004565CCPF;04/03/2023;14;0,239;R
ES0000000000004565CCPF;04/03/2023;15;0,168;R
ES0000000000004565CCPF;04/03/2023;16;0,103;R
ES0000000000004565CCPF;04/03/2023;17;0,077;R
ES0000000000004565CCPF;04/03/2023;18;0,058;R
ES0000000000004565CCPF;04/03/2023;19;0,053;R
ES0000000000004565CCPF;04/03/2023;20;0,054;R
ES0000000000004565CCPF;04/03/2023;21;0,052;R
ES0000000000004565CCPF;04/03/2023;22;0,402;R
ES0000000000004565CCPF;04/03/2023;23;0,234;R
ES0000000000004565CCPF;05/03/2023;0;0,229;R
ES0000000000004565CCPF;05/03/2023;1;0,068;R
ES0000000000004565CCPF;05/03/2023;2;0,053;R
ES0000000000004565CCPF;05/03/2023;3;0,049;R
ES0000000000004565CCPF;05/03/2023;4;0,046;R
ES0000000000004565CCPF;05/03/2023;5;0,056;R
ES0000000000004565CCPF;05/03/2023;6;0,054;R
ES0000000000004565CCPF;05/03/2023;7;0,048;R
ES0000000000004565CCPF;05/03/2023;8;0,252;R
ES0000000000004565CCPF;05/03/2023;9;0,06;R
ES0000000000004565CCPF;05/03/2023;10;0,044;R
ES0000000000004565CCPF;05/03/2023;11;0,032;R
ES0000000000004565CCPF;05/03/2023;12;0,053;R
ES0000000000004565CCPF;05/03/2023;13;0,052;R
ES0000000000004565CCPF;05/03/2023;14;0,04;R
ES0000000000004565CCPF;05/03/2023;15;0,053;R
ES0000000000004565CCPF;05/03/2023;16;0,053;R
ES0000000000004565CCPF;05/03/2023;17;0,044;R
ES0000000000004565CCPF;05/03/2023;18;0,043;R
ES0000000000004565CCPF;05/03/2023;19;0,056;R
ES0000000000004565CCPF;05/03/2023;20;0,056;R
ES0000000000004565CCPF;05/03/2023;21;0,04;R
ES0000000000004565CCPF;05/03/2023;22;0,053;R
ES0000000000004565CCPF;05/03/2023;23;0,053;R
ES0000000000004565CCPF;06/03/2023;0;0,039;R
ES0000000000004565CCPF;06/03/2023;1;0,051;R
ES0000000000004565CCPF;06/03/2023;2;0,04;R
ES0000000000004565CCPF;06/03/2023;3;0,037;R
ES0000000000004565CCPF;06/03/2023;4;0,053;R
ES0000000000004565CCPF;06/03/2023;5;0,043;R
ES0000000000004565CCPF;06/03/2023;6;0,048;R
ES0000000000004565CCPF;06/03/2023;7;0,053;R
ES0000000000004565CCPF;06/03/2023;8;0,032;R
ES0000000000004565CCPF;06/03/2023;9;0,045;R
ES0000000000004565CCPF;06/03/2023;10;0,05;R
ES0000000000004565CCPF;06/03/2023;11;0,04;R
ES0000000000004565CCPF;06/03/2023;12;0,052;R
ES0000000000004565CCPF;06/03/2023;13;0,044;R
ES0000000000004565CCPF;06/03/2023;14;0,048;R
ES0000000000004565CCPF;06/03/2023;15;0,048;R
ES0000000000004565CCPF;06/03/2023;16;0,031;R
ES0000000000004565CCPF;06/03/2023;17;0,049;R
ES0000000000004565CCPF;06/03/2023;18;0,053;R
ES0000000000004565CCPF;06/03/2023;19;0,15;R
ES0000000000004565CCPF;06/03/2023;20;0,366;R
ES0000000000004565CCPF;06/03/2023;21;0,296;R
ES0000000000004565CCPF;06/03/2023;22;0,172;R
ES0000000000004565CCPF;06/03/2023;23;0,107;R
ES0000000000004565CCPF;07/03/2023;0;0,054;R
ES0000000000004565CCPF;07/03/2023;1;0,077;R
ES0000000000004565CCPF;07/03/2023;2;0,051;R
ES0000000000004565CCPF;07/03/2023;3;0,085;R
ES0000000000004565CCPF;07/03/2023;4;0,041;R
ES0000000000004565CCPF;07/03/2023;5;0,084;R
ES0000000000004565CCPF;07/03/2023;6;0,053;R
ES0000000000004565CCPF;07/03/2023;7;0,089;R
ES0000000000004565CCPF;07/03/2023;8;0,046;R
ES0000000000004565CCPF;07/03/2023;9;0,086;R
ES0000000000004565CCPF;07/03/2023;10;0,054;R
ES0000000000004565CCPF;07/03/2023;11;0,144;R
ES0000000000004565CCPF;07/03/2023;12;0,628;R
ES0000000000004565CCPF;07/03/2023;13;0,605;R
ES0000000000004565CCPF;07/03/2023;14;0,092;R
ES0000000000004565CCPF;07/03/2023;15;0,055;R
ES0000000000004565CCPF;07/03/2023;16;0,097;R
ES0000000000004565CCPF;07/03/2023;17;0,035;R
ES0000000000004565CCPF;07/03/2023;18;0,061;R
ES0000000000004565CCPF;07/03/2023;19;0,04;R
ES0000000000004565CCPF;07/03/2023;20;0,058;R
ES0000000000004565CCPF;07/03/2023;21;0,054;R
ES0000000000004565CCPF;07/03/2023;22;0,048;R
ES0000000000004565CCPF;07/03/2023;23;0,058;R
ES0000000000004565CCPF;08/03/2023;0;0,042;R
ES0000000000004565CCPF;08/03/2023;1;0,061;R
ES0000000000004565CCPF;08/03/2023;2;0,039;R
ES0000000000004565CCPF;08/03/2023;3;0,057;R
ES0000000000004565CCPF;08/03/2023;4;0,035;R
ES0000000000004565CCPF;08/03/2023;5;0,053;R
ES0000000000004565CCPF;08/03/2023;6;0,039;R
ES0000000000004565CCPF;08/03/2023;7;0,057;R
ES0000000000004565CCPF;08/03/2023;8;0,044;R
ES0000000000004565CCPF;08/03/2023;9;0,05;R
ES0000000000004565CCPF;08/03/2023;10;0,049;R
ES0000000000004565CCPF;08/03/2023;11;0,045;R
ES0000000000004565CCPF;08/03/2023;12;0,054;R
ES0000000000004565CCPF;08/03/2023;13;0,039;R
ES0000000000004565CCPF;08/03/2023;14;0,057;R
ES0000000000004565CCPF;08/03/2023;15;0,032;R
ES0000000000004565CCPF;08/03/2023;16;0,059;R
ES0000000000004565CCPF;08/03/2023;17;0,035;R
ES0000000000004565CCPF;08/03/2023;18;0,06;R
ES0000000000004565CCPF;08/03/2023;19;0,04;R
ES0000000000004565CCPF;08/03/2023;20;0,06;R
ES0000000000004565CCPF;08/03/2023;21;0,04;R
ES0000000000004565CCPF;08/03/2023;22;0,249;R
ES0000000000004565CCPF;08/03/2023;23;0,319;R
ES0000000000004565CCPF;09/03/2023;0;0,145;R
ES0000000000004565CCPF;09/03/2023;1;0,116;R
ES0000000000004565CCPF;09/03/2023;2;0,097;R
ES0000000000004565CCPF;09/03/2023;3;0,051;R
ES0000000000004565CCPF;09/03/2023;4;0,084;R
ES0000000000004565CCPF;09/03/2023;5;0,077;R
ES0000000000004565CCPF;09/03/2023;6;0,072;R
ES0000000000004565CCPF;09/03/2023;7;0,09;R
ES0000000000004565CCPF;09/03/2023;8;0,04;R
ES0000000000004565CCPF;09/03/2023;9;0,092;R
ES0000000000004565CCPF;09/03/2023;10;0,057;R
ES0000000000004565CCPF;09/03/2023;11;0,871;R
ES0000000000004565CCPF;09/03/2023;12;0,401;R
ES0000000000004565CCPF;09/03/2023;13;0,264;R
ES0000000000004565CCPF;09/03/2023;14;0,241;R
ES0000000000004565CCPF;09/03/2023;15;0,155;R
ES0000000000004565CCPF;09/03/2023;16;0,058;R
ES0000000000004565CCPF;09/03/2023;17;0,056;R
ES0000000000004565CCPF;09/03/2023;18;0,121;R
ES0000000000004565CCPF;09/03/2023;19;0,112;R
ES0000000000004565CCPF;09/03/2023;20;1,117;R
ES0000000000004565CCPF;09/03/2023;21;0,594;R
ES0000000000004565CCPF;09/03/2023;22;0,415;R
ES0000000000004565CCPF;09/03/2023;23;0,44;R
ES0000000000004565CCPF;10/03/2023;0;0,207;R
ES0000000000004565CCPF;10/03/2023;1;0,079;R
ES0000000000004565CCPF;10/03/2023;2;0,082;R
ES0000000000004565CCPF;10/03/2023;3;0,067;R
ES0000000000004565CCPF;10/03/2023;4;0,058;R
ES0000000000004565CCPF;10/03/2023;5;0,068;R
ES0000000000004565CCPF;10/03/2023;6;0,05;R
ES0000000000004565CCPF;10/03/2023;7;0,067;R
ES0000000000004565CCPF;10/03/2023;8;0,29;R
ES0000000000004565CCPF;10/03/2023;9;0,779;R
ES0000000000004565CCPF;10/03/2023;10;0,085;R
ES0000000000004565CCPF;10/03/2023;11;0,733;R
ES0000000000004565CCPF;10/03/2023;12;0,201;R
ES0000000000004565CCPF;10/03/2023;13;0,099;R
ES0000000000004565CCPF;10/03/2023;14;0,057;R
ES0000000000004565CCPF;10/03/2023;15;0,051;R
ES0000000000004565CCPF;10/03/2023;16;0,082;R
ES0000000000004565CCPF;10/03/2023;17;0,28;R
ES0000000000004565CCPF;10/03/2023;18;1,007;R
ES0000000000004565CCPF;10/03/2023;19;0,85;R
ES0000000000004565CCPF;10/03/2023;20;0,107;R
ES0000000000004565CCPF;10/03/2023;21;0,065;R
ES0000000000004565CCPF;10/03/2023;22;0,065;R
ES0000000000004565CCPF;10/03/2023;23;0,054;R
ES0000000000004565CCPF;11/03/2023;0;0,241;R
ES0000000000004565CCPF;11/03/2023;1;0,07;R
ES0000000000004565CCPF;11/03/2023;2;0,102;R
ES0000000000004565CCPF;11/03/2023;3;0,072;R
ES0000000000004565CCPF;11/03/2023;4;0,059;R
ES0000000000004565CCPF;11/03/2023;5;0,047;R
ES0000000000004565CCPF;11/03/2023;6;0,064;R
ES0000000000004565CCPF;11/03/2023;7;0,066;R
ES0000000000004565CCPF;11/03/2023;8;0,042;R
ES0000000000004565CCPF;11/03/2023;9;0,049;R
ES0000000000004565CCPF;11/03/2023;10;0,063;R
ES0000000000004565CCPF;11/03/2023;11;0,05;R
ES0000000000004565CCPF;11/03/2023;12;0,143;R
ES0000000000004565CCPF;11/03/2023;13;0,288;R
ES0000000000004565CCPF;11/03/2023;14;0,177;R
ES0000000000004565CCPF;11/03/2023;15;0,068;R
ES0000000000004565CCPF;11/03/2023;16;0,123;R
ES0000000000004565CCPF;11/03/2023;17;0,106;R
ES0000000000004565CCPF;11/03/2023;18;0,065;R
ES0000000000004565CCPF;11/03/2023;19;0,042;R
ES0000000000004565CCPF;11/03/2023;20;0,404;R
ES0000000000004565CCPF;11/03/2023;21;0,418;R
ES0000000000004565CCPF;11/03/2023;22;0,066;R
ES0000000000004565CCPF;11/03/2023;23;0,053;R
ES0000000000004565CCPF;12/03/2023;0;0,046;R
ES0000000000004565CCPF;12/03/2023;1;0,178;R
ES0000000000004565CCPF;12/03/2023;2;0,165;R
ES0000000000004565CCPF;12/03/2023;3;0,067;R
ES0000000000004565CCPF;12/03/2023;4;0,045;R
ES0000000000004565CCPF;12/03/2023;5;0,06;R
ES0000000000004565CCPF;12/03/2023;6;0,063;R
ES0000000000004565CCPF;12/03/2023;7;0,061;R
ES0000000000004565CCPF;12/03/2023;8;0,048;R
ES0000000000004565CCPF;12/03/2023;9;0,052;R
ES0000000000004565CCPF;12/03/2023;10;0,054;R
ES0000000000004565CCPF;12/03/2023;11;0,048;R
ES0000000000004565CCPF;12/03/2023;12;0,064;R
ES0000000000004565CCPF;12/03/2023;13;0,058;R
ES0000000000004565CCPF;12/03/2023;14;0,097;R
ES0000000000004565CCPF;12/03/2023;15;0,05;R
ES0000000000004565CCPF;12/03/2023;16;0,064;R
ES0000000000004565CCPF;12/03/2023;17;0,064;R
ES0000000000004565CCPF;12/03/2023;18;0,047;R
ES0000000000004565CCPF;12/03/2023;19;0,075;R
ES0000000000004565CCPF;12/03/2023;20;0,337;R
ES0000000000004565CCPF;12/03/2023;21;0,283;R
ES0000000000004565CCPF;12/03/2023;22;1,182;R
ES0000000000004565CCPF;12/03/2023;23;0,282;R
ES0000000000004565CCPF;13/03/2023;0;0,138;R
ES0000000000004565CCPF;13/03/2023;1;0,078;R
ES0000000000004565CCPF;13/03/2023;2;0,061;R
ES0000000000004565CCPF;13/03/2023;3;0,077;R
ES0000000000004565CCPF;13/03/2023;4;0,075;R
ES0000000000004565CCPF;13/03/2023;5;0,065;R
ES0000000000004565CCPF;13/03/2023;6;0,077;R
ES0000000000004565CCPF;13/03/2023;7;0,05;R
ES0000000000004565CCPF;13/03/2023;8;0,067;R
ES0000000000004565CCPF;13/03/2023;9;0,098;R
ES0000000000004565CCPF;13/03/2023;10;0,068;R
ES0000000000004565CCPF;13/03/2023;11;0,095;R
ES0000000000004565CCPF;13/03/2023;12;0,171;R
ES0000000000004565CCPF;13/03/2023;13;0,149;R
ES0000000000004565CCPF;13/03/2023;14;0,101;R
ES0000000000004565CCPF;13/03/2023;15;0,423;R
ES0000000000004565CCPF;13/03/2023;16;0,137;R
ES0000000000004565CCPF;13/03/2023;17;0,131;R
ES0000000000004565CCPF;13/03/2023;18;0,152;R
ES0000000000004565CCPF;13/03/2023;19;0,175;R
ES0000000000004565CCPF;13/03/2023;20;0,206;R
ES0000000000004565CCPF;13/03/2023;21;1,644;R
ES0000000000004565CCPF;13/03/2023;22;1,055;R
ES0000000000004565CCPF;13/03/2023;23;0,673;R
ES0000000000004565CCPF;14/03/2023;0;0,152;R
ES0000000000004565CCPF;14/03/2023;1;0,047;R
ES0000000000004565CCPF;14/03/2023;2;0,078;R
ES0000000000004565CCPF;14/03/2023;3;0,065;R
ES0000000000004565CCPF;14/03/2023;4;0,042;R
ES0000000000004565CCPF;14/03/2023;5;0,052;R
ES0000000000004565CCPF;14/03/2023;6;0,06;R
ES0000000000004565CCPF;14/03/2023;7;0,041;R
ES0000000000004565CCPF;14/03/2023;8;0,269;R
ES0000000000004565CCPF;14/03/2023;9;0,048;R
ES0000000000004565CCPF;14/03/2023;10;0,054;R
ES0000000000004565CCPF;14/03/2023;11;0,086;R
ES0000000000004565CCPF;14/03/2023;12;0,164;R
ES0000000000004565CCPF;14/03/2023;13;0,165;R
ES0000000000004565CCPF;14/03/2023;14;0,194;R
ES0000000000004565CCPF;14/03/2023;15;0,165;R
ES0000000000004565CCPF;14/03/2023;16;0,215;R
ES0000000000004565CCPF;14/03/2023;17;0,123;R
ES0000000000004565CCPF;14/03/2023;18;0,095;R
ES0000000000004565CCPF;14/03/2023;19;0,077;R
ES0000000000004565CCPF;14/03/2023;20;0,107;R
ES0000000000004565CCPF;14/03/2023;21;0,576;R
ES0000000000004565CCPF;14/03/2023;22;1,492;R
ES0000000000004565CCPF;14/03/2023;23;0,366;R
ES0000000000004565CCPF;15/03/2023;0;0,356;R
ES0000000000004565CCPF;15/03/2023;1;0,069;R
ES0000000000004565CCPF;15/03/2023;2;0,06;R
ES0000000000004565CCPF;15/03/2023;3;0,051;R
ES0000000000004565CCPF;15/03/2023;4;0,039;R
ES0000000000004565CCPF;15/03/2023;5;0,046;R
ES0000000000004565CCPF;15/03/2023;6;0,051;R
ES0000000000004565CCPF;15/03/2023;7;0,049;R
ES0000000000004565CCPF;15/03/2023;8;0,133;R
ES0000000000004565CCPF;15/03/2023;9;0,058;R
ES0000000000004565CCPF;15/03/2023;10;0,059;R
ES0000000000004565CCPF;15/03/2023;11;0,172;R
ES0000000000004565CCPF;15/03/2023;12;0,64;R
ES0000000000004565CCPF;15/03/2023;13;0,098;R
ES0000000000004565CCPF;15/03/2023;14;0,121;R
ES0000000000004565CCPF;15/03/2023;15;0,183;R
ES0000000000004565CCPF;15/03/2023;16;0,238;R
ES0000000000004565CCPF;15/03/2023;17;0,51;R
ES0000000000004565CCPF;15/03/2023;18;1,277;R
ES0000000000004565CCPF;15/03/2023;19;0,11;R
ES0000000000004565CCPF;15/03/2023;20;0,135;R
ES0000000000004565CCPF;15/03/2023;21;0,123;R
ES0000000000004565CCPF;15/03/2023;22;0,151;R
ES0000000000004565CCPF;15/03/2023;23;0,442;R
ES0000000000004565CCPF;16/03/2023;0;0,128;R
ES0000000000004565CCPF;16/03/2023;1;0,044;R
ES0000000000004565CCPF;16/03/2023;2;0,056;R
ES0000000000004565CCPF;16/03/2023;3;0,048;R
ES0000000000004565CCPF;16/03/2023;4;0,054;R
ES0000000000004565CCPF;16/03/2023;5;0,06;R
ES0000000000004565CCPF;16/03/2023;6;0,035;R
ES0000000000004565CCPF;16/03/2023;7;0,056;R
ES0000000000004565CCPF;16/03/2023;8;0,18;R
ES0000000000004565CCPF;16/03/2023;9;0,039;R
ES0000000000004565CCPF;16/03/2023;10;0,1;R
ES0000000000004565CCPF;16/03/2023;11;0,065;R
ES0000000000004565CCPF;16/03/2023;12;0,049;R
ES0000000000004565CCPF;16/03/2023;13;0,117;R
ES0000000000004565CCPF;16/03/2023;14;0,651;R
ES0000000000004565CCPF;16/03/2023;15;0,768;R
ES0000000000004565CCPF;16/03/2023;16;0,257;R
ES0000000000004565CCPF;16/03/2023;17;0,125;R
ES0000000000004565CCPF;16/03/2023;18;0,078;R
ES0000000000004565CCPF;16/03/2023;19;0,141;R
ES0000000000004565CCPF;16/03/2023;20;0,28;R
ES0000000000004565CCPF;16/03/2023;21;0,462;R
ES0000000000004565CCPF;16/03/2023;22;0,292;R
ES0000000000004565CCPF;16/03/2023;23;0,286;R
ES0000000000004565CCPF;17/03/2023;0;0,261;R
ES0000000000004565CCPF;17/03/2023;1;0,062;R
ES0000000000004565CCPF;17/03/2023;2;0,058;R
ES0000000000004565CCPF;17/03/2023;3;0,058;R
ES0000000000004565CCPF;17/03/2023;4;0,058;R
ES0000000000004565CCPF;17/03/2023;5;0,052;R
ES0000000000004565CCPF;17/03/2023;6;0,045;R
ES0000000000004565CCPF;17/03/2023;7;0,054;R
ES0000000000004565CCPF;17/03/2023;8;0,081;R
ES0000000000004565CCPF;17/03/2023;9;1,57;R
ES0000000000004565CCPF;17/03/2023;10;0,084;R
ES0000000000004565CCPF;17/03/2023;11;0,058;R
ES0000000000004565CCPF;17/03/2023;12;0,048;R
ES0000000000004565CCPF;17/03/2023;13;0,119;R
ES0000000000004565CCPF;17/03/2023;14;0,205;R
ES0000000000004565CCPF;17/03/2023;15;0,184;R
ES0000000000004565CCPF;17/03/2023;16;0,06;R
ES0000000000004565CCPF;17/03/2023;17;0,075;R
ES0000000000004565CCPF;17/03/2023;18;0,051;R
ES0000000000004565CCPF;17/03/2023;19;0,051;R
ES0000000000004565CCPF;17/03/2023;20;0,049;R
ES0000000000004565CCPF;17/03/2023;21;0,05;R
ES0000000000004565CCPF;17/03/2023;22;0,055;R
ES0000000000004565CCPF;17/03/2023;23;0,047;R
ES0000000000004565CCPF;18/03/2023;0;0,049;R
ES0000000000004565CCPF;18/03/2023;1;0,055;R
ES0000000000004565CCPF;18/03/2023;2;0,054;R
ES0000000000004565CCPF;18/03/2023;3;0,05;R
ES0000000000004565CCPF;18/03/2023;4;0,046;R
ES0000000000004565CCPF;18/03/2023;5;0,044;R
ES0000000000004565CCPF;18/03/2023;6;0,045;R
ES0000000000004565CCPF;18/03/2023;7;0,055;R
ES0000000000004565CCPF;18/03/2023;8;0,053;R
ES0000000000004565CCPF;18/03/2023;9;0,056;R
ES0000000000004565CCPF;18/03/2023;10;0,035;R
ES0000000000004565CCPF;18/03/2023;11;0,047;R
ES0000000000004565CCPF;18/03/2023;12;0,047;R
ES0000000000004565CCPF;18/03/2023;13;0,053;R
ES0000000000004565CCPF;18/03/2023;14;0,053;R
ES0000000000004565CCPF;18/03/2023;15;0,046;R
ES0000000000004565CCPF;18/03/2023;16;0,05;R
ES0000000000004565CCPF;18/03/2023;17;0,054;R
ES0000000000004565CCPF;18/03/2023;18;0,055;R
ES0000000000004565CCPF;18/03/2023;19;0,046;R
ES0000000000004565CCPF;18/03/2023;20;0,116;R
ES0000000000004565CCPF;18/03/2023;21;0,367;R
ES0000000000004565CCPF;18/03/2023;22;0,601;R
ES0000000000004565CCPF;18/03/2023;23;0,458;R
ES0000000000004565CCPF;19/03/2023;0;0,18;R
ES0000000000004565CCPF;19/03/2023;1;0,055;R
ES0000000000004565CCPF;19/03/2023;2;0,051;R
ES0000000000004565CCPF;19/03/2023;3;0,047;R
ES0000000000004565CCPF;19/03/2023;4;0,044;R
ES0000000000004565CCPF;19/03/2023;5;0,048;R
ES0000000000004565CCPF;19/03/2023;6;0,055;R
ES0000000000004565CCPF;19/03/2023;7;0,055;R
ES0000000000004565CCPF;19/03/2023;8;0,054;R
ES0000000000004565CCPF;19/03/2023;9;0,045;R
ES0000000000004565CCPF;19/03/2023;10;0,037;R
ES0000000000004565CCPF;19/03/2023;11;0,052;R
ES0000000000004565CCPF;19/03/2023;12;0,056;R
ES0000000000004565CCPF;19/03/2023;13;0,055;R
ES0000000000004565CCPF;19/03/2023;14;0,048;R
ES0000000000004565CCPF;19/03/2023;15;0,047;R
ES0000000000004565CCPF;19/03/2023;16;0,055;R
ES0000000000004565CCPF;19/03/2023;17;0,051;R
ES0000000000004565CCPF;19/03/2023;18;0,048;R
ES0000000000004565CCPF;19/03/2023;19;0,047;R
ES0000000000004565CCPF;19/03/2023;20;0,043;R
ES0000000000004565CCPF;19/03/2023;21;0,057;R
ES0000000000004565CCPF;19/03/2023;22;0,055;R
ES0000000000004565CCPF;19/03/2023;23;0,056;R
ES0000000000004565CCPF;20/03/2023;0;0,055;R
ES0000000000004565CCPF;20/03/2023;1;0,048;R
ES0000000000004565CCPF;20/03/2023;2;0,037;R
ES0000000000004565CCPF;20/03/2023;3;0,048;R
ES0000000000004565CCPF;20/03/2023;4;0,055;R
ES0000000000004565CCPF;20/03/2023;5;0,054;R
ES0000000000004565CCPF;20/03/2023;6;0,055;R
ES0000000000004565CCPF;20/03/2023;7;0,044;R
ES0000000000004565CCPF;20/03/2023;8;0,051;R
ES0000000000004565CCPF;20/03/2023;9;0,052;R
ES0000000000004565CCPF;20/03/2023;10;0,046;R
ES0000000000004565CCPF;20/03/2023;11;0,048;R
ES0000000000004565CCPF;20/03/2023;12;0,043;R
ES0000000000004565CCPF;20/03/2023;13;0,054;R
ES0000000000004565CCPF;20/03/2023;14;0,157;R
ES0000000000004565CCPF;20/03/2023;15;0,225;R
ES0000000000004565CCPF;20/03/2023;16;0,066;R
ES0000000000004565CCPF;20/03/2023;17;0,093;R
ES0000000000004565CCPF;20/03/2023;18;0,299;R
ES0000000000004565CCPF;20/03/2023;19;0,737;R
ES0000000000004565CCPF;20/03/2023;20;0,22;R
ES0000000000004565CCPF;20/03/2023;21;0,077;R
ES0000000000004565CCPF;20/03/2023;22;0,085;R
ES0000000000004565CCPF;20/03/2023;23;0,053;R
ES0000000000004565CCPF;21/03/2023;0;0,217;R
ES0000000000004565CCPF;21/03/2023;1;0,159;R
ES0000000000004565CCPF;21/03/2023;2;0,077;R
ES0000000000004565CCPF;21/03/2023;3;0,064;R
ES0000000000004565CCPF;21/03/2023;4;0,069;R
ES0000000000004565CCPF;21/03/2023;5;0,065;R
ES0000000000004565CCPF;21/03/2023;6;0,078;R
ES0000000000004565CCPF;21/03/2023;7;0,059;R
ES0000000000004565CCPF;21/03/2023;8;0,09;R
ES0000000000004565CCPF;21/03/2023;9;0,055;R
ES0000000000004565CCPF;21/03/2023;10;0,051;R
ES0000000000004565CCPF;21/03/2023;11;0,08;R
ES0000000000004565CCPF;21/03/2023;12;0,598;R
ES0000000000004565CCPF;21/03/2023;13;0,557;R
ES0000000000004565CCPF;21/03/2023;14;0,171;R
ES0000000000004565CCPF;21/03/2023;15;0,393;R
ES0000000000004565CCPF;21/03/2023;16;0,99;R
ES0000000000004565CCPF;21/03/2023;17;0,343;R
ES0000000000004565CCPF;21/03/2023;18;0,06;R
ES0000000000004565CCPF;21/03/2023;19;0,069;R
ES0000000000004565CCPF;21/03/2023;20;0,062;R
ES0000000000004565CCPF;21/03/2023;21;0,243;R
ES0000000000004565CCPF;21/03/2023;22;0,467;R
ES0000000000004565CCPF;21/03/2023;23;0,438;R
ES0000000000004565CCPF;22/03/2023;0;0,263;R
ES0000000000004565CCPF;22/03/2023;1;0,129;R
ES0000000000004565CCPF;22/03/2023;2;0,096;R
ES0000000000004565CCPF;22/03/2023;3;0,062;R
ES0000000000004565CCPF;22/03/2023;4;0,066;R
ES0000000000004565CCPF;22/03/2023;5;0,093;R
ES0000000000004565CCPF;22/03/2023;6;0,061;R
ES0000000000004565CCPF;22/03/2023;7;0,063;R
ES0000000000004565CCPF;22/03/2023;8;0,096;R
ES0000000000004565CCPF;22/03/2023;9;0,211;R
ES0000000000004565CCPF;22/03/2023;10;0,19;R
ES0000000000004565CCPF;22/03/2023;11;0,108;R
ES0000000000004565CCPF;22/03/2023;12;0,081;R
ES0000000000004565CCPF;22/03/2023;13;0,105;R
ES0000000000004565CCPF;22/03/2023;14;0,163;R
ES0000000000004565CCPF;22/03/2023;15;0,096;R
ES0000000000004565CCPF;22/03/2023;16;0,072;R
ES0000000000004565CCPF;22/03/2023;17;0,05;R
ES0000000000004565CCPF;22/03/2023;18;0,052;R
ES0000000000004565CCPF;22/03/2023;19;0,051;R
ES0000000000004565CCPF;22/03/2023;20;0,051;R
ES0000000000004565CCPF;22/03/2023;21;0,053;R
ES0000000000004565CCPF;22/03/2023;22;0,071;R
ES0000000000004565CCPF;22/03/2023;23;0,064;R
ES0000000000004565CCPF;23/03/2023;0;0,051;R
ES0000000000004565CCPF;23/03/2023;1;0,052;R
ES0000000000004565CCPF;23/03/2023;2;0,051;R
ES0000000000004565CCPF;23/03/2023;3;0,084;R
ES0000000000004565CCPF;23/03/2023;4;0,052;R
ES0000000000004565CCPF;23/03/2023;5;0,051;R
ES0000000000004565CCPF;23/03/2023;6;0,085;R
ES0000000000004565CCPF;23/03/2023;7;0,052;R
ES0000000000004565CCPF;23/03/2023;8;0,05;R
ES0000000000004565CCPF;23/03/2023;9;0,051;R
ES0000000000004565CCPF;23/03/2023;10;0,051;R
ES0000000000004565CCPF;23/03/2023;11;0,051;R
ES0000000000004565CCPF;23/03/2023;12;0,051;R
ES0000000000004565CCPF;23/03/2023;13;0,083;R
ES0000000000004565CCPF;23/03/2023;14;0,051;R
ES0000000000004565CCPF;23/03/2023;15;0,045;R
ES0000000000004565CCPF;23/03/2023;16;0,05;R
ES0000000000004565CCPF;23/03/2023;17;0,052;R
ES0000000000004565CCPF;23/03/2023;18;0,052;R
ES0000000000004565CCPF;23/03/2023;19;0,052;R
ES0000000000004565CCPF;23/03/2023;20;0,051;R
ES0000000000004565CCPF;23/03/2023;21;0,082;R
ES0000000000004565CCPF;23/03/2023;22;0,072;R
ES0000000000004565CCPF;23/03/2023;23;0,052;R
ES0000000000004565CCPF;24/03/2023;0;0,064;R
ES0000000000004565CCPF;24/03/2023;1;0,068;R
ES0000000000004565CCPF;24/03/2023;2;0,051;R
ES0000000000004565CCPF;24/03/2023;3;0,054;R
ES0000000000004565CCPF;24/03/2023;4;0,082;R
ES0000000000004565CCPF;24/03/2023;5;0,051;R
ES0000000000004565CCPF;24/03/2023;6;0,066;R
ES0000000000004565CCPF;24/03/2023;7;0,069;R
ES0000000000004565CCPF;24/03/2023;8;0,051;R
ES0000000000004565CCPF;24/03/2023;9;0,084;R
ES0000000000004565CCPF;24/03/2023;10;0,053;R
ES0000000000004565CCPF;24/03/2023;11;0,051;R
ES0000000000004565CCPF;24/03/2023;12;0,074;R
ES0000000000004565CCPF;24/03/2023;13;0,059;R
ES0000000000004565CCPF;24/03/2023;14;0,051;R
ES0000000000004565CCPF;24/03/2023;15;0,05;R
ES0000000000004565CCPF;24/03/2023;16;0,051;R
ES0000000000004565CCPF;24/03/2023;17;0,051;R
ES0000000000004565CCPF;24/03/2023;18;0,051;R
ES0000000000004565CCPF;24/03/2023;19;0,052;R
ES0000000000004565CCPF;24/03/2023;20;0,051;R
ES0000000000004565CCPF;24/03/2023;21;0,121;R
ES0000000000004565CCPF;24/03/2023;22;0,097;R
ES0000000000004565CCPF;24/03/2023;23;0,525;R
ES0000000000004565CCPF;25/03/2023;0;1,444;R
ES0000000000004565CCPF;25/03/2023;1;0,248;R
ES0000000000004565CCPF;25/03/2023;2;0,064;R
ES0000000000004565CCPF;25/03/2023;3;0,053;R
ES0000000000004565CCPF;25/03/2023;4;0,052;R
ES0000000000004565CCPF;25/03/2023;5;0,049;R
ES0000000000004565CCPF;25/03/2023;6;0,049;R
ES0000000000004565CCPF;25/03/2023;7;0,047;R
ES0000000000004565CCPF;25/03/2023;8;0,046;R
ES0000000000004565CCPF;25/03/2023;9;0,041;R
ES0000000000004565CCPF;25/03/2023;10;0,317;R
ES0000000000004565CCPF;25/03/2023;11;0,95;R
ES0000000000004565CCPF;25/03/2023;12;0,242;R
ES0000000000004565CCPF;25/03/2023;13;0,144;R
ES0000000000004565CCPF;25/03/2023;14;0,103;R
ES0000000000004565CCPF;25/03/2023;15;0,158;R
ES0000000000004565CCPF;25/03/2023;16;0,055;R
ES0000000000004565CCPF;25/03/2023;17;0,056;R
ES0000000000004565CCPF;25/03/2023;18;0,077;R
ES0000000000004565CCPF;25/03/2023;19;0,098;R
ES0000000000004565CCPF;25/03/2023;20;0,228;R
ES0000000000004565CCPF;25/03/2023;21;0,062;R
ES0000000000004565CCPF;25/03/2023;22;0,208;R
ES0000000000004565CCPF;25/03/2023;23;0,27;R
ES0000000000004565CCPF;26/03/2023;0;0,156;R
ES0000000000004565CCPF;26/03/2023;1;0,05;R
ES0000000000004565CCPF;26/03/2023;3;0,05;R
ES0000000000004565CCPF;26/03/2023;4;0,051;R
ES0000000000004565CCPF;26/03/2023;5;0,048;R
ES0000000000004565CCPF;26/03/2023;6;0,043;R
ES0000000000004565CCPF;26/03/2023;7;0,047;R
ES0000000000004565CCPF;26/03/2023;8;0,053;R
ES0000000000004565CCPF;26/03/2023;9;0,05;R
ES0000000000004565CCPF;26/03/2023;10;0,336;R
ES0000000000004565CCPF;26/03/2023;11;0,698;R
ES0000000000004565CCPF;26/03/2023;12;0,092;R
ES0000000000004565CCPF;26/03/2023;13;0,054;R
ES0000000000004565CCPF;26/03/2023;14;0,249;R
ES0000000000004565CCPF;26/03/2023;15;0,115;R
ES0000000000004565CCPF;26/03/2023;16;0,194;R
ES0000000000004565CCPF;26/03/2023;17;0,082;R
ES0000000000004565CCPF;26/03/2023;18;0,054;R
ES0000000000004565CCPF;26/03/2023;19;0,054;R
ES0000000000004565CCPF;26/03/2023;20;0,064;R
ES0000000000004565CCPF;26/03/2023;21;0,104;R
ES0000000000004565CCPF;26/03/2023;22;0,169;R
ES0000000000004565CCPF;26/03/2023;23;0,289;R
ES0000000000004565CCPF;27/03/2023;0;0,209;R
ES0000000000004565CCPF;27/03/2023;1;0,128;R
ES0000000000004565CCPF;27/03/2023;2;0,081;R
ES0000000000004565CCPF;27/03/2023;3;0,051;R
ES0000000000004565CCPF;27/03/2023;4;0,052;R
ES0000000000004565CCPF;27/03/2023;5;0,05;R
ES0000000000004565CCPF;27/03/2023;6;0,051;R
ES0000000000004565CCPF;27/03/2023;7;0,056;R
ES0000000000004565CCPF;27/03/2023;8;0,054;R
ES0000000000004565CCPF;27/03/2023;9;0,249;R
ES0000000000004565CCPF;27/03/2023;10;0,096;R
ES0000000000004565CCPF;27/03/2023;11;1,15;R
ES0000000000004565CCPF;27/03/2023;12;1,397;R
ES0000000000004565CCPF;27/03/2023;13;0,145;R
ES0000000000004565CCPF;27/03/2023;14;0,134;R
ES0000000000004565CCPF;27/03/2023;15;0,124;R
ES0000000000004565CCPF;27/03/2023;16;0,195;R
ES0000000000004565CCPF;27/03/2023;17;0,177;R
ES0000000000004565CCPF;27/03/2023;18;0,122;R
ES0000000000004565CCPF;27/03/2023;19;0,13;R
ES0000000000004565CCPF;27/03/2023;20;0,123;R
ES0000000000004565CCPF;27/03/2023;21;0,209;R
ES0000000000004565CCPF;27/03/2023;22;0,307;R
ES0000000000004565CCPF;27/03/2023;23;0,181;R
ES0000000000004565CCPF;28/03/2023;0;0,052;R
ES0000000000004565CCPF;28/03/2023;1;0,048;R
ES0000000000004565CCPF;28/03/2023;2;0,058;R
ES0000000000004565CCPF;28/03/2023;3;0,06;R
ES0000000000004565CCPF;28/03/2023;4;0,061;R
ES0000000000004565CCPF;28/03/2023;5;0,061;R
ES0000000000004565CCPF;28/03/2023;6;0,048;R
ES0000000000004565CCPF;28/03/2023;7;0,054;R
ES0000000000004565CCPF;28/03/2023;8;0,911;R
ES0000000000004565CCPF;28/03/2023;9;0,07;R
ES0000000000004565CCPF;28/03/2023;10;0,803;R
ES0000000000004565CCPF;28/03/2023;11;0,177;R
ES0000000000004565CCPF;28/03/2023;12;0,048;R
ES0000000000004565CCPF;28/03/2023;13;0,042;R
ES0000000000004565CCPF;28/03/2023;14;0,063;R
ES0000000000004565CCPF;28/03/2023;15;0,314;R
ES0000000000004565CCPF;28/03/2023;16;0,24;R
ES0000000000004565CCPF;28/03/2023;17;0,218;R
ES0000000000004565CCPF;28/03/2023;18;0,089;R
ES0000000000004565CCPF;28/03/2023;19;0,072;R
ES0000000000004565CCPF;28/03/2023;20;0,07;R
ES0000000000004565CCPF;28/03/2023;21;0,067;R
ES0000000000004565CCPF;28/03/2023;22;0,107;R
ES0000000000004565CCPF;28/03/2023;23;0,171;R
ES0000000000004565CCPF;29/03/2023;0;0,229;R
ES0000000000004565CCPF;29/03/2023;1;0,094;R
ES0000000000004565CCPF;29/03/2023;2;0,062;R
ES0000000000004565CCPF;29/03/2023;3;0,061;R
ES0000000000004565CCPF;29/03/2023;4;0,058;R
ES0000000000004565CCPF;29/03/2023;5;0,056;R
ES0000000000004565CCPF;29/03/2023;6;0,043;R
ES0000000000004565CCPF;29/03/2023;7;0,065;R
ES0000000000004565CCPF;29/03/2023;8;0,059;R
ES0000000000004565CCPF;29/03/2023;9;0,276;R
ES0000000000004565CCPF;29/03/2023;10;0,812;R
ES0000000000004565CCPF;29/03/2023;11;0,074;R
ES0000000000004565CCPF;29/03/2023;12;0,1;R
ES0000000000004565CCPF;29/03/2023;13;0,071;R
ES0000000000004565CCPF;29/03/2023;14;0,289;R
ES0000000000004565CCPF;29/03/2023;15;0,121;R
ES0000000000004565CCPF;29/03/2023;16;1,563;R
ES0000000000004565CCPF;29/03/2023;17;0,16;R
ES0000000000004565CCPF;29/03/2023;18;0,068;R
ES0000000000004565CCPF;29/03/2023;19;0,11;R
ES0000000000004565CCPF;29/03/2023;20;0,108;R
ES0000000000004565CCPF;29/03/2023;21;0,073;R
ES0000000000004565CCPF;29/03/2023;22;0,069;R
ES0000000000004565CCPF;29/03/2023;23;1,097;R
ES0000000000004565CCPF;30/03/2023;0;0,668;R
ES0000000000004565CCPF;30/03/2023;1;0,061;R
ES0000000000004565CCPF;30/03/2023;2;0,054;R
ES0000000000004565CCPF;30/03/2023;3;0,052;R
ES0000000000004565CCPF;30/03/2023;4;0,053;R
ES0000000000004565CCPF;30/03/2023;5;0,053;R
ES0000000000004565CCPF;30/03/2023;6;0,05;R
ES0000000000004565CCPF;30/03/2023;7;0,05;R
ES0000000000004565CCPF;30/03/2023;8;0,051;R
ES0000000000004565CCPF;30/03/2023;9;0,363;R
ES0000000000004565CCPF;30/03/2023;10;0,14;R
ES0000000000004565CCPF;30/03/2023;11;0,082;R
ES0000000000004565CCPF;30/03/2023;12;0,065;R
ES0000000000004565CCPF;30/03/2023;13;0,065;R
ES0000000000004565CCPF;30/03/2023;14;0,19;R
ES0000000000004565CCPF;30/03/2023;15;0,225;R
ES0000000000004565CCPF;30/03/2023;16;0,194;R
ES0000000000004565CCPF;30/03/2023;17;0,2;R
ES0000000000004565CCPF;30/03/2023;18;0,213;R
ES0000000000004565CCPF;30/03/2023;19;0,159;R
ES0000000000004565CCPF;30/03/2023;20;0,075;R
ES0000000000004565CCPF;30/03/2023;21;0,075;R
ES0000000000004565CCPF;30/03/2023;22;0,073;R
ES0000000000004565CCPF;30/03/2023;23;0,267;R
ES0000000000004565CCPF;31/03/2023;0;0,088;R
ES0000000000004565CCPF;31/03/2023;1;0,059;R
ES0000000000004565CCPF;31/03/2023;2;0,059;R
ES0000000000004565CCPF;31/03/2023;3;0,06;R
ES0000000000004565CCPF;31/03/2023;4;0,054;R
ES0000000000004565CCPF;31/03/2023;5;0,049;R
ES0000000000004565CCPF;31/03/2023;6;0,048;R
ES0000000000004565CCPF;31/03/2023;7;0,065;R
ES0000000000004565CCPF;31/03/2023;8;0,05;R
ES0000000000004565CCPF;31/03/2023;9;0,269;R
ES0000000000004565CCPF;31/03/2023;10;0,77;R
ES0000000000004565CCPF;31/03/2023;11;0,082;R
ES0000000000004565CCPF;31/03/2023;12;0,056;R
ES0000000000004565CCPF;31/03/2023;13;0,045;R
ES0000000000004565CCPF;31/03/2023;14;0,055;R
ES0000000000004565CCPF;31/03/2023;15;0,098;R
ES0000000000004565CCPF;31/03/2023;16;0,143;R
ES0000000000004565CCPF;31/03/2023;17;0,123;R
ES0000000000004565CCPF;31/03/2023;18;0,158;R
ES0000000000004565CCPF;31/03/2023;19;0,065;R
ES0000000000004565CCPF;31/03/2023;20;0,201;R
ES0000000000004565CCPF;31/03/2023;21;0,072;R
ES0000000000004565CCPF;31/03/2023;22;0,057;R
ES0000000000004565CCPF;31/03/2023;23;0,054;R
ES0000000000004565CCPF;01/04/2023;0;0,048;R
ES0000000000004565CCPF;01/04/2023;1;0,049;R
ES0000000000004565CCPF;01/04/2023;2;0,05;R
ES0000000000004565CCPF;01/04/2023;3;0,055;R
ES0000000000004565CCPF;01/04/2023;4;0,054;R
ES0000000000004565CCPF;01/04/2023;5;0,054;R
ES0000000000004565CCPF;01/04/2023;6;0,05;R
ES0000000000004565CCPF;01/04/2023;7;0,05;R
ES0000000000004565CCPF;01/04/2023;8;0,054;R
ES0000000000004565CCPF;01/04/2023;9;0,05;R
ES0000000000004565CCPF;01/04/2023;10;0,046;R
ES0000000000004565CCPF;01/04/2023;11;0,046;R
ES0000000000004565CCPF;01/04/2023;12;0,05;R
ES0000000000004565CCPF;01/04/2023;13;0,052;R
ES0000000000004565CCPF;01/04/2023;14;0,053;R
ES0000000000004565CCPF;01/04/2023;15;0,054;R
ES0000000000004565CCPF;01/04/2023;16;0,053;R
ES0000000000004565CCPF;01/04/2023;17;0,052;R
ES0000000000004565CCPF;01/04/2023;18;0,051;R
ES0000000000004565CCPF;01/04/2023;19;0,05;R
ES0000000000004565CCPF;01/04/2023;20;0,044;R
ES0000000000004565CCPF;01/04/2023;21;0,043;R
ES0000000000004565CCPF;01/04/2023;22;0,046;R
ES0000000000004565CCPF;01/04/2023;23;0,05;R
ES0000000000004565CCPF;02/04/2023;0;0,044;R
ES0000000000004565CCPF;02/04/2023;1;0,115;R
ES0000000000004565CCPF;02/04/2023;2;0,048;R
ES0000000000004565CCPF;02/04/2023;3;0,047;R
ES0000000000004565CCPF;02/04/2023;4;0,047;R
ES0000000000004565CCPF;02/04/2023;5;0,044;R
ES0000000000004565CCPF;02/04/2023;6;0,042;R
ES0000000000004565CCPF;02/04/2023;7;0,141;R
ES0000000000004565CCPF;02/04/2023;8;0,082;R
ES0000000000004565CCPF;02/04/2023;9;0,049;R
ES0000000000004565CCPF;02/04/2023;10;0,051;R
ES0000000000004565CCPF;02/04/2023;11;0,05;R
ES0000000000004565CCPF;02/04/2023;12;0,05;R
ES0000000000004565CCPF;02/04/2023;13;0,052;R
ES0000000000004565CCPF;02/04/2023;14;0,04;R
ES0000000000004565CCPF;02/04/2023;15;0,04;R
ES0000000000004565CCPF;02/04/2023;16;0,042;R
ES0000000000004565CCPF;02/04/2023;17;0,049;R
ES0000000000004565CCPF;02/04/2023;18;0,05;R
ES0000000000004565CCPF;02/04/2023;19;0,053;R
ES0000000000004565CCPF;02/04/2023;20;0,05;R
ES0000000000004565CCPF;02/04/2023;21;0,049;R
ES0000000000004565CCPF;02/04/2023;22;0,044;R
ES0000000000004565CCPF;02/04/2023;23;0,043;R
ES0000000000004565CCPF;03/04/2023;0;0,047;R
ES0000000000004565CCPF;03/04/2023;1;0,049;R
ES0000000000004565CCPF;03/04/2023;2;0,049;R
ES0000000000004565CCPF;03/04/2023;3;0,047;R
ES0000000000004565CCPF;03/04/2023;4;0,043;R
ES0000000000004565CCPF;03/04/2023;5;0,049;R
ES0000000000004565CCPF;03/04/2023;6;0,044;R
ES0000000000004565CCPF;03/04/2023;7;0,042;R
ES0000000000004565CCPF;03/04/2023;8;0,044;R
ES0000000000004565CCPF;03/04/2023;9;0,05;R
ES0000000000004565CCPF;03/04/2023;10;0,049;R
ES0000000000004565CCPF;03/04/2023;11;0,041;R
ES0000000000004565CCPF;03/04/2023;12;0,046;R
ES0000000000004565CCPF;03/04/2023;13;0,05;R
ES0000000000004565CCPF;03/04/2023;14;0,042;R
ES0000000000004565CCPF;03/04/2023;15;0,041;R
ES0000000000004565CCPF;03/04/2023;16;0,049;R
ES0000000000004565CCPF;03/04/2023;17;0,048;R
ES0000000000004565CCPF;03/04/2023;18;0,043;R
ES0000000000004565CCPF;03/04/2023;19;0,049;R
ES0000000000004565CCPF;03/04/2023;20;0,05;R
ES0000000000004565CCPF;03/04/2023;21;0,047;R
ES0000000000004565CCPF;03/04/2023;22;0,994;R
ES0000000000004565CCPF;03/04/2023;23;1,691;R
ES0000000000004565CCPF;04/04/2023;0;0,186;R
ES0000000000004565CCPF;04/04/2023;1;0,074;R
ES0000000000004565CCPF;04/04/2023;2;0,062;R
ES0000000000004565CCPF;04/04/2023;3;0,06;R
ES0000000000004565CCPF;04/04/2023;4;0,061;R
ES0000000000004565CCPF;04/04/2023;5;0,054;R
ES0000000000004565CCPF;04/04/2023;6;0,033;R
ES0000000000004565CCPF;04/04/2023;7;0,062;R
ES0000000000004565CCPF;04/04/2023;8;0,058;R
ES0000000000004565CCPF;04/04/2023;9;0,18;R
ES0000000000004565CCPF;04/04/2023;10;0,171;R
ES0000000000004565CCPF;04/04/2023;11;0,082;R
ES0000000000004565CCPF;04/04/2023;12;0,14;R
ES0000000000004565CCPF;04/04/2023;13;0,098;R
ES0000000000004565CCPF;04/04/2023;14;0,303;R
ES0000000000004565CCPF;04/04/2023;15;0,276;R
ES0000000000004565CCPF;04/04/2023;16;0,104;R
ES0000000000004565CCPF;04/04/2023;17;0,134;R
ES0000000000004565CCPF;04/04/2023;18;0,048;R
ES0000000000004565CCPF;04/04/2023;19;0,048;R
ES0000000000004565CCPF;04/04/2023;20;0,044;R
ES0000000000004565CCPF;04/04/2023;21;0,056;R
ES0000000000004565CCPF;04/04/2023;22;0,124;R
ES0000000000004565CCPF;04/04/2023;23;0,638;R
ES0000000000004565CCPF;05/04/2023;0;0,3;R
ES0000000000004565CCPF;05/04/2023;1;0,192;R
ES0000000000004565CCPF;05/04/2023;2;0,166;R
ES0000000000004565CCPF;05/04/2023;3;0,063;R
ES0000000000004565CCPF;05/04/2023;4;0,061;R
ES0000000000004565CCPF;05/04/2023;5;0,053;R
ES0000000000004565CCPF;05/04/2023;6;0,043;R
ES0000000000004565CCPF;05/04/2023;7;0,04;R
ES0000000000004565CCPF;05/04/2023;8;0,049;R
ES0000000000004565CCPF;05/04/2023;9;0,071;R
ES0000000000004565CCPF;05/04/2023;10;0,05;R
ES0000000000004565CCPF;05/04/2023;11;0,051;R
ES0000000000004565CCPF;05/04/2023;12;0,037;R
ES0000000000004565CCPF;05/04/2023;13;0,033;R
ES0000000000004565CCPF;05/04/2023;14;0,052;R
ES0000000000004565CCPF;05/04/2023;15;0,129;R
ES0000000000004565CCPF;05/04/2023;16;0,053;R
ES0000000000004565CCPF;05/04/2023;17;0,068;R
ES0000000000004565CCPF;05/04/2023;18;0,075;R
ES0000000000004565CCPF;05/04/2023;19;0,08;R
ES0000000000004565CCPF;05/04/2023;20;0,053;R
ES0000000000004565CCPF;05/04/2023;21;0,052;R
ES0000000000004565CCPF;05/04/2023;22;0,077;R
ES0000000000004565CCPF;05/04/2023;23;0,037;R
ES0000000000004565CCPF;06/04/2023;0;0,043;R
ES0000000000004565CCPF;06/04/2023;1;0,051;R
ES0000000000004565CCPF;06/04/2023;2;0,052;R
ES0000000000004565CCPF;06/04/2023;3;0,044;R
ES0000000000004565CCPF;06/04/2023;4;0,024;R
ES0000000000004565CCPF;06/04/2023;5;0,055;R
ES0000000000004565CCPF;06/04/2023;6;0,05;R
ES0000000000004565CCPF;06/04/2023;7;0,049;R
ES0000000000004565CCPF;06/04/2023;8;0,038;R
ES0000000000004565CCPF;06/04/2023;9;0,047;R
ES0000000000004565CCPF;06/04/2023;10;0,04;R
ES0000000000004565CCPF;06/04/2023;11;0,042;R
ES0000000000004565CCPF;06/04/2023;12;0,042;R
ES0000000000004565CCPF;06/04/2023;13;0,046;R
ES0000000000004565CCPF;06/04/2023;14;0,052;R
ES0000000000004565CCPF;06/04/2023;15;0,044;R
ES0000000000004565CCPF;06/04/2023;16;0,032;R
ES0000000000004565CCPF;06/04/2023;17;0,045;R
ES0000000000004565CCPF;06/04/2023;18;0,051;R
ES0000000000004565CCPF;06/04/2023;19;0,052;R
ES0000000000004565CCPF;06/04/2023;20;0,047;R
ES0000000000004565CCPF;06/04/2023;21;0,04;R
ES0000000000004565CCPF;06/04/2023;22;0,035;R
ES0000000000004565CCPF;06/04/2023;23;0,054;R
ES0000000000004565CCPF;07/04/2023;0;0,052;R
ES0000000000004565CCPF;07/04/2023;1;0,05;R
ES0000000000004565CCPF;07/04/2023;2;0,039;R
ES0000000000004565CCPF;07/04/2023;3;0,037;R
ES0000000000004565CCPF;07/04/2023;4;0,046;R
ES0000000000004565CCPF;07/04/2023;5;0,05;R
ES0000000000004565CCPF;07/04/2023;6;0,051;R
ES0000000000004565CCPF;07/04/2023;7;0,042;R
ES0000000000004565CCPF;07/04/2023;8;0,029;R
ES0000000000004565CCPF;07/04/2023;9;0,051;R
ES0000000000004565CCPF;07/04/2023;10;0,051;R
ES0000000000004565CCPF;07/04/2023;11;0,05;R
ES0000000000004565CCPF;07/04/2023;12;0,036;R
ES0000000000004565CCPF;07/04/2023;13;0,034;R
ES0000000000004565CCPF;07/04/2023;14;0,052;R
ES0000000000004565CCPF;07/04/2023;15;0,051;R
ES0000000000004565CCPF;07/04/2023;16;0,051;R
ES0000000000004565CCPF;07/04/2023;17;0,032;R
ES0000000000004565CCPF;07/04/2023;18;0,04;R
ES0000000000004565CCPF;07/04/2023;19;0,052;R
ES0000000000004565CCPF;07/04/2023;20;0,052;R
ES0000000000004565CCPF;07/04/2023;21;0,068;R
ES0000000000004565CCPF;07/04/2023;22;0,047;R
ES0000000000004565CCPF;07/04/2023;23;0,045;R
ES0000000000004565CCPF;08/04/2023;0;0,134;R
ES0000000000004565CCPF;08/04/2023;1;0,232;R
ES0000000000004565CCPF;08/04/2023;2;0,068;R
ES0000000000004565CCPF;08/04/2023;3;0,058;R
ES0000000000004565CCPF;08/04/2023;4;0,056;R
ES0000000000004565CCPF;08/04/2023;5;0,051;R
ES0000000000004565CCPF;08/04/2023;6;0,048;R
ES0000000000004565CCPF;08/04/2023;7;0,046;R
ES0000000000004565CCPF;08/04/2023;8;0,053;R
ES0000000000004565CCPF;08/04/2023;9;0,051;R
ES0000000000004565CCPF;08/04/2023;10;0,115;R
ES0000000000004565CCPF;08/04/2023;11;0,042;R
ES0000000000004565CCPF;08/04/2023;12;0,043;R
ES0000000000004565CCPF;08/04/2023;13;0,049;R
ES0000000000004565CCPF;08/04/2023;14;0,044;R
ES0000000000004565CCPF;08/04/2023;15;0,045;R
ES0000000000004565CCPF;08/04/2023;16;0,051;R
ES0000000000004565CCPF;08/04/2023;17;0,046;R
ES0000000000004565CCPF;08/04/2023;18;0,043;R
ES0000000000004565CCPF;08/04/2023;19;0,056;R
ES0000000000004565CCPF;08/04/2023;20;0,084;R
ES0000000000004565CCPF;08/04/2023;21;0,05;R
ES0000000000004565CCPF;08/04/2023;22;0,05;R
ES0000000000004565CCPF;08/04/2023;23;0,047;R
ES0000000000004565CCPF;09/04/2023;0;0,044;R
ES0000000000004565CCPF;09/04/2023;1;0,047;R
ES0000000000004565CCPF;09/04/2023;2;0,045;R
ES0000000000004565CCPF;09/04/2023;3;0,044;R
ES0000000000004565CCPF;09/04/2023;4;0,044;R
ES0000000000004565CCPF;09/04/2023;5;0,048;R
ES0000000000004565CCPF;09/04/2023;6;0,051;R
ES0000000000004565CCPF;09/04/2023;7;0,043;R
ES0000000000004565CCPF;09/04/2023;8;0,044;R
ES0000000000004565CCPF;09/04/2023;9;0,05;R
ES0000000000004565CCPF;09/04/2023;10;0,043;R
ES0000000000004565CCPF;09/04/2023;11;0,042;R
ES0000000000004565CCPF;09/04/2023;12;0,045;R
ES0000000000004565CCPF;09/04/2023;13;0,049;R
ES0000000000004565CCPF;09/04/2023;14;0,04;R
ES0000000000004565CCPF;09/04/2023;15;0,05;R
ES0000000000004565CCPF;09/04/2023;16;0,051;R
ES0000000000004565CCPF;09/04/2023;17;0,046;R
ES0000000000004565CCPF;09/04/2023;18;0,044;R
ES0000000000004565CCPF;09/04/2023;19;0,043;R
ES0000000000004565CCPF;09/04/2023;20;0,05;R
ES0000000000004565CCPF;09/04/2023;21;0,05;R
ES0000000000004565CCPF;09/04/2023;22;0,05;R
ES0000000000004565CCPF;09/04/2023;23;0,044;R
ES0000000000004565CCPF;10/04/2023;0;0,047;R
ES0000000000004565CCPF;10/04/2023;1;0,05;R
ES0000000000004565CCPF;10/04/2023;2;0,045;R
ES0000000000004565CCPF;10/04/2023;3;0,044;R
ES0000000000004565CCPF;10/04/2023;4;0,043;R
ES0000000000004565CCPF;10/04/2023;5;0,049;R
ES0000000000004565CCPF;10/04/2023;6;0,05;R
ES0000000000004565CCPF;10/04/2023;7;0,05;R
ES0000000000004565CCPF;10/04/2023;8;0,041;R
ES0000000000004565CCPF;10/04/2023;9;0,048;R
ES0000000000004565CCPF;10/04/2023;10;0,051;R
ES0000000000004565CCPF;10/04/2023;11;0,682;R
ES0000000000004565CCPF;10/04/2023;12;0,073;R
ES0000000000004565CCPF;10/04/2023;13;0,145;R
ES0000000000004565CCPF;10/04/2023;14;1,02;R
ES0000000000004565CCPF;10/04/2023;15;0,938;R
ES0000000000004565CCPF;10/04/2023;16;0,195;R
ES0000000000004565CCPF;10/04/2023;17;0,186;R
ES0000000000004565CCPF;10/04/2023;18;0,19;R
ES0000000000004565CCPF;10/04/2023;19;0,189;R
ES0000000000004565CCPF;10/04/2023;20;0,187;R
ES0000000000004565CCPF;10/04/2023;21;0,185;R
ES0000000000004565CCPF;10/04/2023;22;0,412;R
ES0000000000004565CCPF;10/04/2023;23;0,144;R
ES0000000000004565CCPF;11/04/2023;0;0,101;R
ES0000000000004565CCPF;11/04/2023;1;0,109;R
ES0000000000004565CCPF;11/04/2023;2;0,098;R
ES0000000000004565CCPF;11/04/2023;3;0,097;R
ES0000000000004565CCPF;11/04/2023;4;0,096;R
ES0000000000004565CCPF;11/04/2023;5;0,097;R
ES0000000000004565CCPF;11/04/2023;6;0,097;R
ES0000000000004565CCPF;11/04/2023;7;0,094;R
ES0000000000004565CCPF;11/04/2023;8;0,092;R
ES0000000000004565CCPF;11/04/2023;9;0,093;R
ES0000000000004565CCPF;11/04/2023;10;0,101;R
ES0000000000004565CCPF;11/04/2023;11;0,093;R
ES0000000000004565CCPF;11/04/2023;12;0,092;R
ES0000000000004565CCPF;11/04/2023;13;0,099;R
ES0000000000004565CCPF;11/04/2023;14;0,612;R
ES0000000000004565CCPF;11/04/2023;15;0,399;R
ES0000000000004565CCPF;11/04/2023;16;0,198;R
ES0000000000004565CCPF;11/04/2023;17;0,116;R
ES0000000000004565CCPF;11/04/2023;18;0,092;R
ES0000000000004565CCPF;11/04/2023;19;0,088;R
ES0000000000004565CCPF;11/04/2023;20;0,083;R
ES0000000000004565CCPF;11/04/2023;21;0,096;R
ES0000000000004565CCPF;11/04/2023;22;0,503;R
ES0000000000004565CCPF;11/04/2023;23;0,453;R
ES0000000000004565CCPF;12/04/2023;0;0,321;R
ES0000000000004565CCPF;12/04/2023;1;0,067;R
ES0000000000004565CCPF;12/04/2023;2;0,058;R
ES0000000000004565CCPF;12/04/2023;3;0,054;R
ES0000000000004565CCPF;12/04/2023;4;0,05;R
ES0000000000004565CCPF;12/04/2023;5;0,057;R
ES0000000000004565CCPF;12/04/2023;6;0,055;R
ES0000000000004565CCPF;12/04/2023;7;0,061;R
ES0000000000004565CCPF;12/04/2023;8;0,194;R
ES0000000000004565CCPF;12/04/2023;9;1,316;R
ES0000000000004565CCPF;12/04/2023;10;0,223;R
ES0000000000004565CCPF;12/04/2023;11;0,109;R
ES0000000000004565CCPF;12/04/2023;12;0,129;R
ES0000000000004565CCPF;12/04/2023;13;0,126;R
ES0000000000004565CCPF;12/04/2023;14;0,191;R
ES0000000000004565CCPF;12/04/2023;15;0,153;R
ES0000000000004565CCPF;12/04/2023;16;0,198;R
ES0000000000004565CCPF;12/04/2023;17;0,599;R
ES0000000000004565CCPF;12/04/2023;18;0,144;R
ES0000000000004565CCPF;12/04/2023;19;0,097;R
ES0000000000004565CCPF;12/04/2023;20;0,191;R
ES0000000000004565CCPF;12/04/2023;21;0,183;R
ES0000000000004565CCPF;12/04/2023;22;0,372;R
ES0000000000004565CCPF;12/04/2023;23;0,332;R
ES0000000000004565CCPF;13/04/2023;0;0,046;R
ES0000000000004565CCPF;13/04/2023;1;0,06;R
ES0000000000004565CCPF;13/04/2023;2;0,053;R
ES0000000000004565CCPF;13/04/2023;3;0,042;R
ES0000000000004565CCPF;13/04/2023;4;0,06;R
ES0000000000004565CCPF;13/04/2023;5;0,051;R
ES0000000000004565CCPF;13/04/2023;6;0,05;R
ES0000000000004565CCPF;13/04/2023;7;0,046;R
ES0000000000004565CCPF;13/04/2023;8;0,06;R
ES0000000000004565CCPF;13/04/2023;9;0,263;R
ES0000000000004565CCPF;13/04/2023;10;0,33;R
ES0000000000004565CCPF;13/04/2023;11;0,053;R
ES0000000000004565CCPF;13/04/2023;12;0,053;R
ES0000000000004565CCPF;13/04/2023;13;0,183;R
ES0000000000004565CCPF;13/04/2023;14;0,106;R
ES0000000000004565CCPF;13/04/2023;15;0,125;R
ES0000000000004565CCPF;13/04/2023;16;0,052;R
ES0000000000004565CCPF;13/04/2023;17;0,051;R
ES0000000000004565CCPF;13/04/2023;18;0,062;R
ES0000000000004565CCPF;13/04/2023;19;0,075;R
ES0000000000004565CCPF;13/04/2023;20;0,099;R
ES0000000000004565CCPF;13/04/2023;21;0,197;R
ES0000000000004565CCPF;13/04/2023;22;0,575;R
ES0000000000004565CCPF;13/04/2023;23;1,48;R
ES0000000000004565CCPF;14/04/2023;0;0,182;R
ES0000000000004565CCPF;14/04/2023;1;0,048;R
ES0000000000004565CCPF;14/04/2023;2;0,036;R
ES0000000000004565CCPF;14/04/2023;3;0,053;R
ES0000000000004565CCPF;14/04/2023;4;0,053;R
ES0000000000004565CCPF;14/04/2023;5;0,052;R
ES0000000000004565CCPF;14/04/2023;6;0,053;R
ES0000000000004565CCPF;14/04/2023;7;0,091;R
ES0000000000004565CCPF;14/04/2023;8;0,094;R
ES0000000000004565CCPF;14/04/2023;9;0,264;R
ES0000000000004565CCPF;14/04/2023;10;0,053;R
ES0000000000004565CCPF;14/04/2023;11;0,044;R
ES0000000000004565CCPF;14/04/2023;12;0,043;R
ES0000000000004565CCPF;14/04/2023;13;0,042;R
ES0000000000004565CCPF;14/04/2023;14;0,082;R
ES0000000000004565CCPF;14/04/2023;15;0,064;R
ES0000000000004565CCPF;14/04/2023;16;0,056;R
ES0000000000004565CCPF;14/04/2023;17;0,056;R
ES0000000000004565CCPF;14/04/2023;18;0,055;R
ES0000000000004565CCPF;14/04/2023;19;0,051;R
ES0000000000004565CCPF;14/04/2023;20;0,042;R
ES0000000000004565CCPF;14/04/2023;21;0,058;R
ES0000000000004565CCPF;14/04/2023;22;0,053;R
ES0000000000004565CCPF;14/04/2023;23;0,055;R
ES0000000000004565CCPF;15/04/2023;0;0,092;R
ES0000000000004565CCPF;15/04/2023;1;0,261;R
ES0000000000004565CCPF;15/04/2023;2;0,15;R
ES0000000000004565CCPF;15/04/2023;3;0,056;R
ES0000000000004565CCPF;15/04/2023;4;0,05;R
ES0000000000004565CCPF;15/04/2023;5;0,043;R
ES0000000000004565CCPF;15/04/2023;6;0,054;R
ES0000000000004565CCPF;15/04/2023;7;0,053;R
ES0000000000004565CCPF;15/04/2023;8;0,053;R
ES0000000000004565CCPF;15/04/2023;9;0,043;R
ES0000000000004565CCPF;15/04/2023;10;0,038;R
ES0000000000004565CCPF;15/04/2023;11;0,072;R
ES0000000000004565CCPF;15/04/2023;12;0,074;R
ES0000000000004565CCPF;15/04/2023;13;0,073;R
ES0000000000004565CCPF;15/04/2023;14;0,07;R
ES0000000000004565CCPF;15/04/2023;15;0,266;R
ES0000000000004565CCPF;15/04/2023;16;0,525;R
ES0000000000004565CCPF;15/04/2023;17;0,066;R
ES0000000000004565CCPF;15/04/2023;18;0,053;R
ES0000000000004565CCPF;15/04/2023;19;0,051;R
ES0000000000004565CCPF;15/04/2023;20;0,053;R
ES0000000000004565CCPF;15/04/2023;21;0,051;R
ES0000000000004565CCPF;15/04/2023;22;0,05;R
ES0000000000004565CCPF;15/04/2023;23;0,052;R
ES0000000000004565CCPF;16/04/2023;0;0,102;R
ES0000000000004565CCPF;16/04/2023;1;0,184;R
ES0000000000004565CCPF;16/04/2023;2;0,186;R
ES0000000000004565CCPF;16/04/2023;3;0,083;R
ES0000000000004565CCPF;16/04/2023;4;0,048;R
ES0000000000004565CCPF;16/04/2023;5;0,048;R
ES0000000000004565CCPF;16/04/2023;6;0,053;R
ES0000000000004565CCPF;16/04/2023;7;0,047;R
ES0000000000004565CCPF;16/04/2023;8;0,05;R
ES0000000000004565CCPF;16/04/2023;9;0,056;R
ES0000000000004565CCPF;16/04/2023;10;0,054;R
ES0000000000004565CCPF;16/04/2023;11;0,054;R
ES0000000000004565CCPF;16/04/2023;12;0,054;R
ES0000000000004565CCPF;16/04/2023;13;0,156;R
ES0000000000004565CCPF;16/04/2023;14;0,122;R
ES0000000000004565CCPF;16/04/2023;15;0,044;R
ES0000000000004565CCPF;16/04/2023;16;0,051;R
ES0000000000004565CCPF;16/04/2023;17;0,051;R
ES0000000000004565CCPF;16/04/2023;18;0,045;R
ES0000000000004565CCPF;16/04/2023;19;0,043;R
ES0000000000004565CCPF;16/04/2023;20;0,051;R
ES0000000000004565CCPF;16/04/2023;21;0,053;R
ES0000000000004565CCPF;16/04/2023;22;0,051;R
ES0000000000004565CCPF;16/04/2023;23;0,05;R
ES0000000000004565CCPF;17/04/2023;0;0,051;R
ES0000000000004565CCPF;17/04/2023;1;0,051;R
ES0000000000004565CCPF;17/04/2023;2;0,038;R
ES0000000000004565CCPF;17/04/2023;3;0,054;R
ES0000000000004565CCPF;17/04/2023;4;0,052;R
ES0000000000004565CCPF;17/04/2023;5;0,05;R
ES0000000000004565CCPF;17/04/2023;6;0,05;R
ES0000000000004565CCPF;17/04/2023;7;0,037;R
ES0000000000004565CCPF;17/04/2023;8;0,051;R
ES0000000000004565CCPF;17/04/2023;9;0,051;R
ES0000000000004565CCPF;17/04/2023;10;0,051;R
ES0000000000004565CCPF;17/04/2023;11;0,038;R
ES0000000000004565CCPF;17/04/2023;12;0,049;R
ES0000000000004565CCPF;17/04/2023;13;0,05;R
ES0000000000004565CCPF;17/04/2023;14;0,152;R
ES0000000000004565CCPF;17/04/2023;15;0,731;R
ES0000000000004565CCPF;17/04/2023;16;0,058;R
ES0000000000004565CCPF;17/04/2023;17;0,056;R
ES0000000000004565CCPF;17/04/2023;18;0,057;R
ES0000000000004565CCPF;17/04/2023;19;0,104;R
ES0000000000004565CCPF;17/04/2023;20;0,056;R
ES0000000000004565CCPF;17/04/2023;21;0,056;R
ES0000000000004565CCPF;17/04/2023;22;0,051;R
ES0000000000004565CCPF;17/04/2023;23;0,051;R
ES0000000000004565CCPF;18/04/2023;0;0,052;R
ES0000000000004565CCPF;18/04/2023;1;0,05;R
ES0000000000004565CCPF;18/04/2023;2;0,048;R
ES0000000000004565CCPF;18/04/2023;3;0,042;R
ES0000000000004565CCPF;18/04/2023;4;0,051;R
ES0000000000004565CCPF;18/04/2023;5;0,052;R
ES0000000000004565CCPF;18/04/2023;6;0,054;R
ES0000000000004565CCPF;18/04/2023;7;0,044;R
ES0000000000004565CCPF;18/04/2023;8;0,044;R
ES0000000000004565CCPF;18/04/2023;9;0,052;R
ES0000000000004565CCPF;18/04/2023;10;0,051;R
ES0000000000004565CCPF;18/04/2023;11;0,05;R
ES0000000000004565CCPF;18/04/2023;12;0,046;R
ES0000000000004565CCPF;18/04/2023;13;0,036;R
ES0000000000004565CCPF;18/04/2023;14;0,062;R
ES0000000000004565CCPF;18/04/2023;15;0,125;R
ES0000000000004565CCPF;18/04/2023;16;0,286;R
ES0000000000004565CCPF;18/04/2023;17;0,099;R
ES0000000000004565CCPF;18/04/2023;18;0,055;R
ES0000000000004565CCPF;18/04/2023;19;0,054;R
ES0000000000004565CCPF;18/04/2023;20;0,055;R
ES0000000000004565CCPF;18/04/2023;21;0,049;R
ES0000000000004565CCPF;18/04/2023;22;0,054;R
ES0000000000004565CCPF;18/04/2023;23;1,537;R
ES0000000000004565CCPF;19/04/2023;0;0,204;R
ES0000000000004565CCPF;19/04/2023;1;0,043;R
ES0000000000004565CCPF;19/04/2023;2;0,06;R
ES0000000000004565CCPF;19/04/2023;3;0,06;R
ES0000000000004565CCPF;19/04/2023;4;0,06;R
ES0000000000004565CCPF;19/04/2023;5;0,053;R
ES0000000000004565CCPF;19/04/2023;6;0,052;R
ES0000000000004565CCPF;19/04/2023;7;0,053;R
ES0000000000004565CCPF;19/04/2023;8;0,05;R
ES0000000000004565CCPF;19/04/2023;9;0,05;R
ES0000000000004565CCPF;19/04/2023;10;0,036;R
ES0000000000004565CCPF;19/04/2023;11;0,055;R
ES0000000000004565CCPF;19/04/2023;12;0,743;R
ES0000000000004565CCPF;19/04/2023;13;1,298;R
ES0000000000004565CCPF;19/04/2023;14;0,222;R
ES0000000000004565CCPF;19/04/2023;15;0,282;R
ES0000000000004565CCPF;19/04/2023;16;0,784;R
ES0000000000004565CCPF;19/04/2023;17;0,259;R
ES0000000000004565CCPF;19/04/2023;18;0,203;R
ES0000000000004565CCPF;19/04/2023;19;0,084;R
ES0000000000004565CCPF;19/04/2023;20;0,122;R
ES0000000000004565CCPF;19/04/2023;21;0,171;R
ES0000000000004565CCPF;19/04/2023;22;0,281;R
ES0000000000004565CCPF;19/04/2023;23;0,291;R
ES0000000000004565CCPF;20/04/2023;0;0,234;R
ES0000000000004565CCPF;20/04/2023;1;0,07;R
ES0000000000004565CCPF;20/04/2023;2;0,055;R
ES0000000000004565CCPF;20/04/2023;3;0,05;R
ES0000000000004565CCPF;20/04/2023;4;0,054;R
ES0000000000004565CCPF;20/04/2023;5;0,043;R
ES0000000000004565CCPF;20/04/2023;6;0,045;R
ES0000000000004565CCPF;20/04/2023;7;0,05;R
ES0000000000004565CCPF;20/04/2023;8;0,269;R
ES0000000000004565CCPF;20/04/2023;9;0,055;R
ES0000000000004565CCPF;20/04/2023;10;0,054;R
ES0000000000004565CCPF;20/04/2023;11;0,058;R
ES0000000000004565CCPF;20/04/2023;12;0,053;R
ES0000000000004565CCPF;20/04/2023;13;0,048;R
ES0000000000004565CCPF;20/04/2023;14;0,289;R
ES0000000000004565CCPF;20/04/2023;15;0,138;R
ES0000000000004565CCPF;20/04/2023;16;0,127;R
ES0000000000004565CCPF;20/04/2023;17;0,058;R
ES0000000000004565CCPF;20/04/2023;18;0,067;R
ES0000000000004565CCPF;20/04/2023;19;0,057;R
ES0000000000004565CCPF;20/04/2023;20;0,056;R
ES0000000000004565CCPF;20/04/2023;21;0,059;R
ES0000000000004565CCPF;20/04/2023;22;0,056;R
ES0000000000004565CCPF;20/04/2023;23;0,055;R
ES0000000000004565CCPF;21/04/2023;0;0,055;R
ES0000000000004565CCPF;21/04/2023;1;0,051;R
ES0000000000004565CCPF;21/04/2023;2;0,049;R
ES0000000000004565CCPF;21/04/2023;3;0,048;R
ES0000000000004565CCPF;21/04/2023;4;0,049;R
ES0000000000004565CCPF;21/04/2023;5;0,052;R
ES0000000000004565CCPF;21/04/2023;6;0,055;R
ES0000000000004565CCPF;21/04/2023;7;0,051;R
ES0000000000004565CCPF;21/04/2023;8;0,051;R
ES0000000000004565CCPF;21/04/2023;9;0,05;R
ES0000000000004565CCPF;21/04/2023;10;0,051;R
ES0000000000004565CCPF;21/04/2023;11;0,05;R
ES0000000000004565CCPF;21/04/2023;12;0,051;R
ES0000000000004565CCPF;21/04/2023;13;0,052;R
ES0000000000004565CCPF;21/04/2023;14;0,047;R
ES0000000000004565CCPF;21/04/2023;15;0,045;R
ES0000000000004565CCPF;21/04/2023;16;0,049;R
ES0000000000004565CCPF;21/04/2023;17;0,048;R
ES0000000000004565CCPF;21/04/2023;18;0,05;R
ES0000000000004565CCPF;21/04/2023;19;0,052;R
ES0000000000004565CCPF;21/04/2023;20;0,051;R
ES0000000000004565CCPF;21/04/2023;21;0,052;R
ES0000000000004565CCPF;21/04/2023;22;0,051;R
ES0000000000004565CCPF;21/04/2023;23;0,046;R
ES0000000000004565CCPF;22/04/2023;0;0,049;R
ES0000000000004565CCPF;22/04/2023;1;0,051;R
ES0000000000004565CCPF;22/04/2023;2;0,05;R
ES0000000000004565CCPF;22/04/2023;3;0,051;R
ES0000000000004565CCPF;22/04/2023;4;0,047;R
ES0000000000004565CCPF;22/04/2023;5;0,047;R
ES0000000000004565CCPF;22/04/2023;6;0,046;R
ES0000000000004565CCPF;22/04/2023;7;0,044;R
ES0000000000004565CCPF;22/04/2023;8;0,049;R
ES0000000000004565CCPF;22/04/2023;9;0,05;R
ES0000000000004565CCPF;22/04/2023;10;0,051;R
ES0000000000004565CCPF;22/04/2023;11;0,05;R
ES0000000000004565CCPF;22/04/2023;12;0,051;R
ES0000000000004565CCPF;22/04/2023;13;0,051;R
ES0000000000004565CCPF;22/04/2023;14;0,05;R
ES0000000000004565CCPF;22/04/2023;15;0,051;R
ES0000000000004565CCPF;22/04/2023;16;0,046;R
ES0000000000004565CCPF;22/04/2023;17;0,048;R
ES0000000000004565CCPF;22/04/2023;18;0,047;R
ES0000000000004565CCPF;22/04/2023;19;0,047;R
ES0000000000004565CCPF;22/04/2023;20;0,049;R
ES0000000000004565CCPF;22/04/2023;21;0,051;R
ES0000000000004565CCPF;22/04/2023;22;0,051;R
ES0000000000004565CCPF;22/04/2023;23;0,051;R
ES0000000000004565CCPF;23/04/2023;0;0,058;R
ES0000000000004565CCPF;23/04/2023;1;0,168;R
ES0000000000004565CCPF;23/04/2023;2;0,066;R
ES0000000000004565CCPF;23/04/2023;3;0,064;R
ES0000000000004565CCPF;23/04/2023;4;0,058;R
ES0000000000004565CCPF;23/04/2023;5;0,056;R
ES0000000000004565CCPF;23/04/2023;6;0,052;R
ES0000000000004565CCPF;23/04/2023;7;0,049;R
ES0000000000004565CCPF;23/04/2023;8;0,048;R
ES0000000000004565CCPF;23/04/2023;9;0,109;R
ES0000000000004565CCPF;23/04/2023;10;0,053;R
ES0000000000004565CCPF;23/04/2023;11;0,052;R
ES0000000000004565CCPF;23/04/2023;12;0,051;R
ES0000000000004565CCPF;23/04/2023;13;0,05;R
ES0000000000004565CCPF;23/04/2023;14;0,049;R
ES0000000000004565CCPF;23/04/2023;15;0,048;R
ES0000000000004565CCPF;23/04/2023;16;0,049;R
ES0000000000004565CCPF;23/04/2023;17;0,049;R
ES0000000000004565CCPF;23/04/2023;18;0,05;R
ES0000000000004565CCPF;23/04/2023;19;0,049;R
ES0000000000004565CCPF;23/04/2023;20;0,051;R
ES0000000000004565CCPF;23/04/2023;21;0,059;R
ES0000000000004565CCPF;23/04/2023;22;0,819;R
ES0000000000004565CCPF;23/04/2023;23;0,77;R
ES0000000000004565CCPF;24/04/2023;0;0,049;R
ES0000000000004565CCPF;24/04/2023;1;0,051;R
ES0000000000004565CCPF;24/04/2023;2;0,055;R
ES0000000000004565CCPF;24/04/2023;3;0,054;R
ES0000000000004565CCPF;24/04/2023;4;0,048;R
ES0000000000004565CCPF;24/04/2023;5;0,053;R
ES0000000000004565CCPF;24/04/2023;6;0,053;R
ES0000000000004565CCPF;24/04/2023;7;0,052;R
ES0000000000004565CCPF;24/04/2023;8;0,049;R
ES0000000000004565CCPF;24/04/2023;9;0,047;R
ES0000000000004565CCPF;24/04/2023;10;0,048;R
ES0000000000004565CCPF;24/04/2023;11;0,047;R
ES0000000000004565CCPF;24/04/2023;12;0,053;R
ES0000000000004565CCPF;24/04/2023;13;0,048;R
ES0000000000004565CCPF;24/04/2023;14;0,055;R
ES0000000000004565CCPF;24/04/2023;15;0,06;R
ES0000000000004565CCPF;24/04/2023;16;0,901;R
ES0000000000004565CCPF;24/04/2023;17;0,145;R
ES0000000000004565CCPF;24/04/2023;18;0,108;R
ES0000000000004565CCPF;24/04/2023;19;0,218;R
ES0000000000004565CCPF;24/04/2023;20;0,369;R
ES0000000000004565CCPF;24/04/2023;21;0,88;R
ES0000000000004565CCPF;24/04/2023;22;0,279;R
ES0000000000004565CCPF;24/04/2023;23;0,254;R
ES0000000000004565CCPF;25/04/2023;0;0,128;R
ES0000000000004565CCPF;25/04/2023;1;0,063;R
ES0000000000004565CCPF;25/04/2023;2;0,056;R
ES0000000000004565CCPF;25/04/2023;3;0,056;R
ES0000000000004565CCPF;25/04/2023;4;0,06;R
ES0000000000004565CCPF;25/04/2023;5;0,054;R
ES0000000000004565CCPF;25/04/2023;6;0,053;R
ES0000000000004565CCPF;25/04/2023;7;0,042;R
ES0000000000004565CCPF;25/04/2023;8;0,058;R
ES0000000000004565CCPF;25/04/2023;9;0,221;R
ES0000000000004565CCPF;25/04/2023;10;0,716;R
ES0000000000004565CCPF;25/04/2023;11;0,112;R
ES0000000000004565CCPF;25/04/2023;12;0,075;R
ES0000000000004565CCPF;25/04/2023;13;0,077;R
ES0000000000004565CCPF;25/04/2023;14;0,093;R
ES0000000000004565CCPF;25/04/2023;15;0,305;R
ES0000000000004565CCPF;25/04/2023;16;0,101;R
ES0000000000004565CCPF;25/04/2023;17;0,106;R
ES0000000000004565CCPF;25/04/2023;18;0,077;R
ES0000000000004565CCPF;25/04/2023;19;0,06;R
ES0000000000004565CCPF;25/04/2023;20;0,061;R
ES0000000000004565CCPF;25/04/2023;21;0,06;R
ES0000000000004565CCPF;25/04/2023;22;0,339;R
ES0000000000004565CCPF;25/04/2023;23;0,344;R
ES0000000000004565CCPF;26/04/2023;0;0,219;R
ES0000000000004565CCPF;26/04/2023;1;0,04;R
ES0000000000004565CCPF;26/04/2023;2;0,062;R
ES0000000000004565CCPF;26/04/2023;3;0,058;R
ES0000000000004565CCPF;26/04/2023;4;0,055;R
ES0000000000004565CCPF;26/04/2023;5;0,041;R
ES0000000000004565CCPF;26/04/2023;6;0,059;R
ES0000000000004565CCPF;26/04/2023;7;0,061;R
ES0000000000004565CCPF;26/04/2023;8;0,196;R
ES0000000000004565CCPF;26/04/2023;9;0,128;R
ES0000000000004565CCPF;26/04/2023;10;0,186;R
ES0000000000004565CCPF;26/04/2023;11;0,091;R
ES0000000000004565CCPF;26/04/2023;12;0,066;R
ES0000000000004565CCPF;26/04/2023;13;0,055;R
ES0000000000004565CCPF;26/04/2023;14;0,069;R
ES0000000000004565CCPF;26/04/2023;15;0,064;R
ES0000000000004565CCPF;26/04/2023;16;0,267;R
ES0000000000004565CCPF;26/04/2023;17;0,198;R
ES0000000000004565CCPF;26/04/2023;18;0,283;R
ES0000000000004565CCPF;26/04/2023;19;0,25;R
ES0000000000004565CCPF;26/04/2023;20;0,189;R
ES0000000000004565CCPF;26/04/2023;21;0,174;R
ES0000000000004565CCPF;26/04/2023;22;0,314;R
ES0000000000004565CCPF;26/04/2023;23;0,314;R
ES0000000000004565CCPF;27/04/2023;0;0,117;R
ES0000000000004565CCPF;27/04/2023;1;0,055;R
ES0000000000004565CCPF;27/04/2023;2;0,053;R
ES0000000000004565CCPF;27/04/2023;3;0,053;R
ES0000000000004565CCPF;27/04/2023;4;0,053;R
ES0000000000004565CCPF;27/04/2023;5;0,053;R
ES0000000000004565CCPF;27/04/2023;6;0,057;R
ES0000000000004565CCPF;27/04/2023;7;0,058;R
ES0000000000004565CCPF;27/04/2023;8;0,413;R
ES0000000000004565CCPF;27/04/2023;9;0,057;R
ES0000000000004565CCPF;27/04/2023;10;0,689;R
ES0000000000004565CCPF;27/04/2023;11;0,833;R
ES0000000000004565CCPF;27/04/2023;12;0,082;R
ES0000000000004565CCPF;27/04/2023;13;0,227;R
ES0000000000004565CCPF;27/04/2023;14;0,377;R
ES0000000000004565CCPF;27/04/2023;15;0,359;R
ES0000000000004565CCPF;27/04/2023;16;0,307;R
ES0000000000004565CCPF;27/04/2023;17;0,144;R
ES0000000000004565CCPF;27/04/2023;18;0,215;R
ES0000000000004565CCPF;27/04/2023;19;0,108;R
ES0000000000004565CCPF;27/04/2023;20;0,091;R
ES0000000000004565CCPF;27/04/2023;21;0,084;R
ES0000000000004565CCPF;27/04/2023;22;0,593;R
ES0000000000004565CCPF;27/04/2023;23;0,485;R
ES0000000000004565CCPF;28/04/2023;0;0,189;R
ES0000000000004565CCPF;28/04/2023;1;0,05;R
ES0000000000004565CCPF;28/04/2023;2;0,052;R
ES0000000000004565CCPF;28/04/2023;3;0,067;R
ES0000000000004565CCPF;28/04/2023;4;0,057;R
ES0000000000004565CCPF;28/04/2023;5;0,054;R
ES0000000000004565CCPF;28/04/2023;6;0,056;R
ES0000000000004565CCPF;28/04/2023;7;0,057;R
ES0000000000004565CCPF;28/04/2023;8;0,061;R
ES0000000000004565CCPF;28/04/2023;9;0,355;R
ES0000000000004565CCPF;28/04/2023;10;0,073;R
ES0000000000004565CCPF;28/04/2023;11;0,05;R
ES0000000000004565CCPF;28/04/2023;12;0,052;R
ES0000000000004565CCPF;28/04/2023;13;0,055;R
ES0000000000004565CCPF;28/04/2023;14;0,057;R
ES0000000000004565CCPF;28/04/2023;15;0,053;R
ES0000000000004565CCPF;28/04/2023;16;0,206;R
ES0000000000004565CCPF;28/04/2023;17;0,06;R
ES0000000000004565CCPF;28/04/2023;18;0,134;R
ES0000000000004565CCPF;28/04/2023;19;0,055;R
ES0000000000004565CCPF;28/04/2023;20;0,056;R
ES0000000000004565CCPF;28/04/2023;21;0,054;R
ES0000000000004565CCPF;28/04/2023;22;0,051;R
ES0000000000004565CCPF;28/04/2023;23;0,051;R
ES0000000000004565CCPF;29/04/2023;0;0,052;R
ES0000000000004565CCPF;29/04/2023;1;0,05;R
ES0000000000004565CCPF;29/04/2023;2;0,056;R
ES0000000000004565CCPF;29/04/2023;3;0,055;R
ES0000000000004565CCPF;29/04/2023;4;0,06;R
ES0000000000004565CCPF;29/04/2023;5;0,06;R
ES0000000000004565CCPF;29/04/2023;6;0,059;R
ES0000000000004565CCPF;29/04/2023;7;0,055;R
ES0000000000004565CCPF;29/04/2023;8;0,055;R
ES0000000000004565CCPF;29/04/2023;9;0,055;R
ES0000000000004565CCPF;29/04/2023;10;0,053;R
ES0000000000004565CCPF;29/04/2023;11;0,048;R
ES0000000000004565CCPF;29/04/2023;12;0,049;R
ES0000000000004565CCPF;29/04/2023;13;0,054;R
ES0000000000004565CCPF;29/04/2023;14;0,055;R
ES0000000000004565CCPF;29/04/2023;15;0,055;R
ES0000000000004565CCPF;29/04/2023;16;0,107;R
ES0000000000004565CCPF;29/04/2023;17;0,054;R
ES0000000000004565CCPF;29/04/2023;18;0,055;R
ES0000000000004565CCPF;29/04/2023;19;0,054;R
ES0000000000004565CCPF;29/04/2023;20;0,059;R
ES0000000000004565CCPF;29/04/2023;21;0,056;R
ES0000000000004565CCPF;29/04/2023;22;0,059;R
ES0000000000004565CCPF;29/04/2023;23;0,059;R
ES0000000000004565CCPF;30/04/2023;0;0,057;R
ES0000000000004565CCPF;30/04/2023;1;0,054;R
ES0000000000004565CCPF;30/04/2023;2;0,053;R
ES0000000000004565CCPF;30/04/2023;3;0,054;R
ES0000000000004565CCPF;30/04/2023;4;0,054;R
ES0000000000004565CCPF;30/04/2023;5;0,057;R
ES0000000000004565CCPF;30/04/2023;6;0,055;R
ES0000000000004565CCPF;30/04/2023;7;0,053;R
ES0000000000004565CCPF;30/04/2023;8;0,051;R
ES0000000000004565CCPF;30/04/2023;9;0,051;R
ES0000000000004565CCPF;30/04/2023;10;0,052;R
ES0000000000004565CCPF;30/04/2023;11;0,053;R
ES0000000000004565CCPF;30/04/2023;12;0,053;R
ES0000000000004565CCPF;30/04/2023;13;0,053;R
ES0000000000004565CCPF;30/04/2023;14;0,058;R
ES0000000000004565CCPF;30/04/2023;15;0,052;R
ES0000000000004565CCPF;30/04/2023;16;0,053;R
ES0000000000004565CCPF;30/04/2023;17;0,054;R
ES0000000000004565CCPF;30/04/2023;18;0,054;R
ES0000000000004565CCPF;30/04/2023;19;0,059;R
ES0000000000004565CCPF;30/04/2023;20;0,06;R
ES0000000000004565CCPF;30/04/2023;21;0,054;R
ES0000000000004565CCPF;30/04/2023;22;0,05;R
ES0000000000004565CCPF;30/04/2023;23;0,054;R
ES0000000000004565CCPF;01/05/2023;0;0,053;R
ES0000000000004565CCPF;01/05/2023;1;0,054;R
ES0000000000004565CCPF;01/05/2023;2;0,053;R
ES0000000000004565CCPF;01/05/2023;3;0,053;R
ES0000000000004565CCPF;01/05/2023;4;0,053;R
ES0000000000004565CCPF;01/05/2023;5;0,052;R
ES0000000000004565CCPF;01/05/2023;6;0,053;R
ES0000000000004565CCPF;01/05/2023;7;0,057;R
ES0000000000004565CCPF;01/05/2023;8;0,053;R
ES0000000000004565CCPF;01/05/2023;9;0,052;R
ES0000000000004565CCPF;01/05/2023;10;0,052;R
ES0000000000004565CCPF;01/05/2023;11;0,053;R
ES0000000000004565CCPF;01/05/2023;12;0,052;R
ES0000000000004565CCPF;01/05/2023;13;0,052;R
ES0000000000004565CCPF;01/05/2023;14;0,052;R
ES0000000000004565CCPF;01/05/2023;15;0,053;R
ES0000000000004565CCPF;01/05/2023;16;0,057;R
ES0000000000004565CCPF;01/05/2023;17;0,052;R
ES0000000000004565CCPF;01/05/2023;18;0,055;R
ES0000000000004565CCPF;01/05/2023;19;0,053;R
ES0000000000004565CCPF;01/05/2023;20;0,053;R
ES0000000000004565CCPF;01/05/2023;21;0,053;R
ES0000000000004565CCPF;01/05/2023;22;0,053;R
ES0000000000004565CCPF;01/05/2023;23;0,053;R
ES0000000000004565CCPF;02/05/2023;0;0,053;R
ES0000000000004565CCPF;02/05/2023;1;0,057;R
ES0000000000004565CCPF;02/05/2023;2;0,053;R
ES0000000000004565CCPF;02/05/2023;3;0,052;R
ES0000000000004565CCPF;02/05/2023;4;0,053;R
ES0000000000004565CCPF;02/05/2023;5;0,053;R
ES0000000000004565CCPF;02/05/2023;6;0,053;R
ES0000000000004565CCPF;02/05/2023;7;0,053;R
ES0000000000004565CCPF;02/05/2023;8;0,054;R
ES0000000000004565CCPF;02/05/2023;9;0,053;R
ES0000000000004565CCPF;02/05/2023;10;0,056;R
ES0000000000004565CCPF;02/05/2023;11;0,053;R
ES0000000000004565CCPF;02/05/2023;12;0,053;R
ES0000000000004565CCPF;02/05/2023;13;0,052;R
ES0000000000004565CCPF;02/05/2023;14;0,053;R
ES0000000000004565CCPF;02/05/2023;15;0,052;R
ES0000000000004565CCPF;02/05/2023;16;0,056;R
ES0000000000004565CCPF;02/05/2023;17;0,056;R
ES0000000000004565CCPF;02/05/2023;18;0,046;R
ES0000000000004565CCPF;02/05/2023;19;0,058;R
ES0000000000004565CCPF;02/05/2023;20;0,054;R
ES0000000000004565CCPF;02/05/2023;21;0,053;R
ES0000000000004565CCPF;02/05/2023;22;0,055;R
ES0000000000004565CCPF;02/05/2023;23;0,057;R
ES0000000000004565CCPF;03/05/2023;0;0,057;R
ES0000000000004565CCPF;03/05/2023;1;0,055;R
ES0000000000004565CCPF;03/05/2023;2;0,054;R
ES0000000000004565CCPF;03/05/2023;3;0,051;R
ES0000000000004565CCPF;03/05/2023;4;0,053;R
ES0000000000004565CCPF;03/05/2023;5;0,057;R
ES0000000000004565CCPF;03/05/2023;6;0,052;R
ES0000000000004565CCPF;03/05/2023;7;0,053;R
ES0000000000004565CCPF;03/05/2023;8;0,052;R
ES0000000000004565CCPF;03/05/2023;9;0,05;R
ES0000000000004565CCPF;03/05/2023;10;0,054;R
ES0000000000004565CCPF;03/05/2023;11;0,068;R
ES0000000000004565CCPF;03/05/2023;12;0,067;R
ES0000000000004565CCPF;03/05/2023;13;0,885;R
ES0000000000004565CCPF;03/05/2023;14;0,769;R
ES0000000000004565CCPF;03/05/2023;15;0,079;R
ES0000000000004565CCPF;03/05/2023;16;0,342;R
ES0000000000004565CCPF;03/05/2023;17;0,555;R
ES0000000000004565CCPF;03/05/2023;18;0,331;R
ES0000000000004565CCPF;03/05/2023;19;0,124;R
ES0000000000004565CCPF;03/05/2023;20;0,09;R
ES0000000000004565CCPF;03/05/2023;21;0,071;R
ES0000000000004565CCPF;03/05/2023;22;0,194;R
ES0000000000004565CCPF;03/05/2023;23;0,244;R
ES0000000000004565CCPF;04/05/2023;0;0,187;R
ES0000000000004565CCPF;04/05/2023;1;0,095;R
ES0000000000004565CCPF;04/05/2023;2;0,06;R
ES0000000000004565CCPF;04/05/2023;3;0,057;R
ES0000000000004565CCPF;04/05/2023;4;0,056;R
ES0000000000004565CCPF;04/05/2023;5;0,064;R
ES0000000000004565CCPF;04/05/2023;6;0,056;R
ES0000000000004565CCPF;04/05/2023;7;0,055;R
ES0000000000004565CCPF;04/05/2023;8;0,088;R
ES0000000000004565CCPF;04/05/2023;9;0,234;R
ES0000000000004565CCPF;04/05/2023;10;0,131;R
ES0000000000004565CCPF;04/05/2023;11;0,075;R
ES0000000000004565CCPF;04/05/2023;12;0,067;R
ES0000000000004565CCPF;04/05/2023;13;0,059;R
ES0000000000004565CCPF;04/05/2023;14;0,097;R
ES0000000000004565CCPF;04/05/2023;15;0,28;R
ES0000000000004565CCPF;04/05/2023;16;0,302;R
ES0000000000004565CCPF;04/05/2023;17;0,258;R
ES0000000000004565CCPF;04/05/2023;18;0,19;R
ES0000000000004565CCPF;04/05/2023;19;0,072;R
ES0000000000004565CCPF;04/05/2023;20;0,054;R
ES0000000000004565CCPF;04/05/2023;21;0,054;R
ES0000000000004565CCPF;04/05/2023;22;0,054;R
ES0000000000004565CCPF;04/05/2023;23;0,054;R
ES0000000000004565CCPF;05/05/2023;0;0,054;R
ES0000000000004565CCPF;05/05/2023;1;0,058;R
ES0000000000004565CCPF;05/05/2023;2;0,054;R
ES0000000000004565CCPF;05/05/2023;3;0,054;R
ES0000000000004565CCPF;05/05/2023;4;0,053;R
ES0000000000004565CCPF;05/05/2023;5;0,055;R
ES0000000000004565CCPF;05/05/2023;6;0,056;R
ES0000000000004565CCPF;05/05/2023;7;0,055;R
ES0000000000004565CCPF;05/05/2023;8;0,056;R
ES0000000000004565CCPF;05/05/2023;9;0,044;R
ES0000000000004565CCPF;05/05/2023;10;0,056;R
ES0000000000004565CCPF;05/05/2023;11;0,054;R
ES0000000000004565CCPF;05/05/2023;12;0,054;R
ES0000000000004565CCPF;05/05/2023;13;0,06;R
ES0000000000004565CCPF;05/05/2023;14;0,179;R
ES0000000000004565CCPF;05/05/2023;15;0,126;R
ES0000000000004565CCPF;05/05/2023;16;0,113;R
ES0000000000004565CCPF;05/05/2023;17;0,142;R
ES0000000000004565CCPF;05/05/2023;18;0,177;R
ES0000000000004565CCPF;05/05/2023;19;0,175;R
ES0000000000004565CCPF;05/05/2023;20;0,296;R
ES0000000000004565CCPF;05/05/2023;21;0,367;R
ES0000000000004565CCPF;05/05/2023;22;0,718;R
ES0000000000004565CCPF;05/05/2023;23;0,312;R
ES0000000000004565CCPF;06/05/2023;0;0,156;R
ES0000000000004565CCPF;06/05/2023;1;0,064;R
ES0000000000004565CCPF;06/05/2023;2;0,057;R
ES0000000000004565CCPF;06/05/2023;3;0,053;R
ES0000000000004565CCPF;06/05/2023;4;0,055;R
ES0000000000004565CCPF;06/05/2023;5;0,057;R
ES0000000000004565CCPF;06/05/2023;6;0,059;R
ES0000000000004565CCPF;06/05/2023;7;0,062;R
ES0000000000004565CCPF;06/05/2023;8;0,244;R
ES0000000000004565CCPF;06/05/2023;9;0,053;R
ES0000000000004565CCPF;06/05/2023;10;0,05;R
ES0000000000004565CCPF;06/05/2023;11;0,05;R
ES0000000000004565CCPF;06/05/2023;12;0,044;R
ES0000000000004565CCPF;06/05/2023;13;0,054;R
ES0000000000004565CCPF;06/05/2023;14;0,052;R
ES0000000000004565CCPF;06/05/2023;15;0,052;R
ES0000000000004565CCPF;06/05/2023;16;0,052;R
ES0000000000004565CCPF;06/05/2023;17;0,051;R
ES0000000000004565CCPF;06/05/2023;18;0,052;R
ES0000000000004565CCPF;06/05/2023;19;0,052;R
ES0000000000004565CCPF;06/05/2023;20;0,051;R
ES0000000000004565CCPF;06/05/2023;21;0,052;R
ES0000000000004565CCPF;06/05/2023;22;0,054;R
ES0000000000004565CCPF;06/05/2023;23;0,052;R
ES0000000000004565CCPF;07/05/2023;0;0,052;R
ES0000000000004565CCPF;07/05/2023;1;0,051;R
ES0000000000004565CCPF;07/05/2023;2;0,052;R
ES0000000000004565CCPF;07/05/2023;3;0,056;R
ES0000000000004565CCPF;07/05/2023;4;0,061;R
ES0000000000004565CCPF;07/05/2023;5;0,054;R
ES0000000000004565CCPF;07/05/2023;6;0,052;R
ES0000000000004565CCPF;07/05/2023;7;0,054;R
ES0000000000004565CCPF;07/05/2023;8;0,052;R
ES0000000000004565CCPF;07/05/2023;9;0,051;R
ES0000000000004565CCPF;07/05/2023;10;0,054;R
ES0000000000004565CCPF;07/05/2023;11;0,051;R
ES0000000000004565CCPF;07/05/2023;12;0,052;R
ES0000000000004565CCPF;07/05/2023;13;0,052;R
ES0000000000004565CCPF;07/05/2023;14;0,051;R
ES0000000000004565CCPF;07/05/2023;15;0,052;R
ES0000000000004565CCPF;07/05/2023;16;0,053;R
ES0000000000004565CCPF;07/05/2023;17;0,051;R
ES0000000000004565CCPF;07/05/2023;18;0,051;R
ES0000000000004565CCPF;07/05/2023;19;0,052;R
ES0000000000004565CCPF;07/05/2023;20;0,052;R
ES0000000000004565CCPF;07/05/2023;21;0,052;R
ES0000000000004565CCPF;07/05/2023;22;0,052;R
ES0000000000004565CCPF;07/05/2023;23;0,053;R
ES0000000000004565CCPF;08/05/2023;0;0,053;R
ES0000000000004565CCPF;08/05/2023;1;0,053;R
ES0000000000004565CCPF;08/05/2023;2;0,051;R
ES0000000000004565CCPF;08/05/2023;3;0,052;R
ES0000000000004565CCPF;08/05/2023;4;0,052;R
ES0000000000004565CCPF;08/05/2023;5;0,051;R
ES0000000000004565CCPF;08/05/2023;6;0,051;R
ES0000000000004565CCPF;08/05/2023;7;0,051;R
ES0000000000004565CCPF;08/05/2023;8;0,051;R
ES0000000000004565CCPF;08/05/2023;9;0,051;R
ES0000000000004565CCPF;08/05/2023;10;0,052;R
ES0000000000004565CCPF;08/05/2023;11;0,051;R
ES0000000000004565CCPF;08/05/2023;12;0,05;R
ES0000000000004565CCPF;08/05/2023;13;0,05;R
ES0000000000004565CCPF;08/05/2023;14;0,051;R
ES0000000000004565CCPF;08/05/2023;15;0,052;R
ES0000000000004565CCPF;08/05/2023;16;0,052;R
ES0000000000004565CCPF;08/05/2023;17;0,051;R
ES0000000000004565CCPF;08/05/2023;18;0,053;R
ES0000000000004565CCPF;08/05/2023;19;0,053;R
ES0000000000004565CCPF;08/05/2023;20;0,052;R
ES0000000000004565CCPF;08/05/2023;21;0,052;R
ES0000000000004565CCPF;08/05/2023;22;0,053;R
ES0000000000004565CCPF;08/05/2023;23;0,052;R
ES0000000000004565CCPF;09/05/2023;0;0,052;R
ES0000000000004565CCPF;09/05/2023;1;0,072;R
ES0000000000004565CCPF;09/05/2023;2;0,053;R
ES0000000000004565CCPF;09/05/2023;3;0,053;R
ES0000000000004565CCPF;09/05/2023;4;0,054;R
ES0000000000004565CCPF;09/05/2023;5;0,051;R
ES0000000000004565CCPF;09/05/2023;6;0,051;R
ES0000000000004565CCPF;09/05/2023;7;0,052;R
ES0000000000004565CCPF;09/05/2023;8;0,051;R
ES0000000000004565CCPF;09/05/2023;9;0,052;R
ES0000000000004565CCPF;09/05/2023;10;0,052;R
ES0000000000004565CCPF;09/05/2023;11;0,055;R
ES0000000000004565CCPF;09/05/2023;12;0,082;R
ES0000000000004565CCPF;09/05/2023;13;0,095;R
ES0000000000004565CCPF;09/05/2023;14;0,407;R
ES0000000000004565CCPF;09/05/2023;15;0,192;R
ES0000000000004565CCPF;09/05/2023;16;0,236;R
ES0000000000004565CCPF;09/05/2023;17;0,092;R
ES0000000000004565CCPF;09/05/2023;18;0,106;R
ES0000000000004565CCPF;09/05/2023;19;0,128;R
ES0000000000004565CCPF;09/05/2023;20;0,073;R
ES0000000000004565CCPF;09/05/2023;21;0,101;R
ES0000000000004565CCPF;09/05/2023;22;0,248;R
ES0000000000004565CCPF;09/05/2023;23;0,878;R
ES0000000000004565CCPF;10/05/2023;0;0,924;R
ES0000000000004565CCPF;10/05/2023;1;0,074;R
ES0000000000004565CCPF;10/05/2023;2;0,067;R
ES0000000000004565CCPF;10/05/2023;3;0,058;R
ES0000000000004565CCPF;10/05/2023;4;0,058;R
ES0000000000004565CCPF;10/05/2023;5;0,058;R
ES0000000000004565CCPF;10/05/2023;6;0,059;R
ES0000000000004565CCPF;10/05/2023;7;0,065;R
ES0000000000004565CCPF;10/05/2023;8;0,059;R
ES0000000000004565CCPF;10/05/2023;9;0,348;R
ES0000000000004565CCPF;10/05/2023;10;1,001;R
ES0000000000004565CCPF;10/05/2023;11;0,32;R
ES0000000000004565CCPF;10/05/2023;12;0,086;R
ES0000000000004565CCPF;10/05/2023;13;0,078;R
ES0000000000004565CCPF;10/05/2023;14;0,148;R
ES0000000000004565CCPF;10/05/2023;15;0,097;R
ES0000000000004565CCPF;10/05/2023;16;0,186;R
ES0000000000004565CCPF;10/05/2023;17;0,21;R
ES0000000000004565CCPF;10/05/2023;18;0,207;R
ES0000000000004565CCPF;10/05/2023;19;0,081;R
ES0000000000004565CCPF;10/05/2023;20;0,156;R
ES0000000000004565CCPF;10/05/2023;21;0,207;R
ES0000000000004565CCPF;10/05/2023;22;0,261;R
ES0000000000004565CCPF;10/05/2023;23;0,313;R
ES0000000000004565CCPF;11/05/2023;0;0,167;R
ES0000000000004565CCPF;11/05/2023;1;0,05;R
ES0000000000004565CCPF;11/05/2023;2;0,047;R
ES0000000000004565CCPF;11/05/2023;3;0,05;R
ES0000000000004565CCPF;11/05/2023;4;0,046;R
ES0000000000004565CCPF;11/05/2023;5;0,05;R
ES0000000000004565CCPF;11/05/2023;6;0,048;R
ES0000000000004565CCPF;11/05/2023;7;0,047;R
ES0000000000004565CCPF;11/05/2023;8;0,05;R
ES0000000000004565CCPF;11/05/2023;9;0,304;R
ES0000000000004565CCPF;11/05/2023;10;0,221;R
ES0000000000004565CCPF;11/05/2023;11;0,09;R
ES0000000000004565CCPF;11/05/2023;12;0,069;R
ES0000000000004565CCPF;11/05/2023;13;0,07;R
ES0000000000004565CCPF;11/05/2023;14;0,056;R
ES0000000000004565CCPF;11/05/2023;15;0,425;R
ES0000000000004565CCPF;11/05/2023;16;0,253;R
ES0000000000004565CCPF;11/05/2023;17;0,173;R
ES0000000000004565CCPF;11/05/2023;18;0,209;R
ES0000000000004565CCPF;11/05/2023;19;0,607;R
ES0000000000004565CCPF;11/05/2023;20;0,092;R
ES0000000000004565CCPF;11/05/2023;21;0,14;R
ES0000000000004565CCPF;11/05/2023;22;0,242;R
ES0000000000004565CCPF;11/05/2023;23;0,236;R
ES0000000000004565CCPF;12/05/2023;0;0,131;R
ES0000000000004565CCPF;12/05/2023;1;0,061;R
ES0000000000004565CCPF;12/05/2023;2;0,054;R
ES0000000000004565CCPF;12/05/2023;3;0,051;R
ES0000000000004565CCPF;12/05/2023;4;0,051;R
ES0000000000004565CCPF;12/05/2023;5;0,051;R
ES0000000000004565CCPF;12/05/2023;6;0,046;R
ES0000000000004565CCPF;12/05/2023;7;0,055;R
ES0000000000004565CCPF;12/05/2023;8;0,058;R
ES0000000000004565CCPF;12/05/2023;9;0,175;R
ES0000000000004565CCPF;12/05/2023;10;0,168;R
ES0000000000004565CCPF;12/05/2023;11;0,123;R
ES0000000000004565CCPF;12/05/2023;12;0,055;R
ES0000000000004565CCPF;12/05/2023;13;0,042;R
ES0000000000004565CCPF;12/05/2023;14;0,057;R
ES0000000000004565CCPF;12/05/2023;15;0,048;R
ES0000000000004565CCPF;12/05/2023;16;0,047;R
ES0000000000004565CCPF;12/05/2023;17;0,045;R
ES0000000000004565CCPF;12/05/2023;18;0,054;R
ES0000000000004565CCPF;12/05/2023;19;0,054;R
ES0000000000004565CCPF;12/05/2023;20;0,055;R
ES0000000000004565CCPF;12/05/2023;21;0,054;R
ES0000000000004565CCPF;12/05/2023;22;0,047;R
ES0000000000004565CCPF;12/05/2023;23;0,048;R
ES0000000000004565CCPF;13/05/2023;0;0,047;R
ES0000000000004565CCPF;13/05/2023;1;0,054;R
ES0000000000004565CCPF;13/05/2023;2;0,053;R
ES0000000000004565CCPF;13/05/2023;3;0,054;R
ES0000000000004565CCPF;13/05/2023;4;0,052;R
ES0000000000004565CCPF;13/05/2023;5;0,041;R
ES0000000000004565CCPF;13/05/2023;6;0,046;R
ES0000000000004565CCPF;13/05/2023;7;0,046;R
ES0000000000004565CCPF;13/05/2023;8;0,05;R
ES0000000000004565CCPF;13/05/2023;9;0,054;R
ES0000000000004565CCPF;13/05/2023;10;0,044;R
ES0000000000004565CCPF;13/05/2023;11;0,042;R
ES0000000000004565CCPF;13/05/2023;12;0,051;R
ES0000000000004565CCPF;13/05/2023;13;0,053;R
ES0000000000004565CCPF;13/05/2023;14;0,053;R
ES0000000000004565CCPF;13/05/2023;15;0,054;R
ES0000000000004565CCPF;13/05/2023;16;0,039;R
ES0000000000004565CCPF;13/05/2023;17;0,045;R
ES0000000000004565CCPF;13/05/2023;18;0,045;R
ES0000000000004565CCPF;13/05/2023;19;0,051;R
ES0000000000004565CCPF;13/05/2023;20;0,134;R
ES0000000000004565CCPF;13/05/2023;21;0,064;R
ES0000000000004565CCPF;13/05/2023;22;0,059;R
ES0000000000004565CCPF;13/05/2023;23;0,051;R
ES0000000000004565CCPF;14/05/2023;0;0,175;R
ES0000000000004565CCPF;14/05/2023;1;0,052;R
ES0000000000004565CCPF;14/05/2023;2;0,064;R
ES0000000000004565CCPF;14/05/2023;3;0,052;R
ES0000000000004565CCPF;14/05/2023;4;0,054;R
ES0000000000004565CCPF;14/05/2023;5;0,053;R
ES0000000000004565CCPF;14/05/2023;6;0,047;R
ES0000000000004565CCPF;14/05/2023;7;0,049;R
ES0000000000004565CCPF;14/05/2023;8;0,056;R
ES0000000000004565CCPF;14/05/2023;9;0,056;R
ES0000000000004565CCPF;14/05/2023;10;0,062;R
ES0000000000004565CCPF;14/05/2023;11;0,038;R
ES0000000000004565CCPF;14/05/2023;12;0,042;R
ES0000000000004565CCPF;14/05/2023;13;0,053;R
ES0000000000004565CCPF;14/05/2023;14;0,057;R
ES0000000000004565CCPF;14/05/2023;15;0,056;R
ES0000000000004565CCPF;14/05/2023;16;0,042;R
ES0000000000004565CCPF;14/05/2023;17;0,046;R
ES0000000000004565CCPF;14/05/2023;18;0,056;R
ES0000000000004565CCPF;14/05/2023;19;0,054;R
ES0000000000004565CCPF;14/05/2023;20;0,083;R
ES0000000000004565CCPF;14/05/2023;21;0,047;R
ES0000000000004565CCPF;14/05/2023;22;0,045;R
ES0000000000004565CCPF;14/05/2023;23;0,055;R
ES0000000000004565CCPF;15/05/2023;0;0,055;R
ES0000000000004565CCPF;15/05/2023;1;0,055;R
ES0000000000004565CCPF;15/05/2023;2;0,043;R
ES0000000000004565CCPF;15/05/2023;3;0,033;R
ES0000000000004565CCPF;15/05/2023;4;0,054;R
ES0000000000004565CCPF;15/05/2023;5;0,056;R
ES0000000000004565CCPF;15/05/2023;6;0,051;R
ES0000000000004565CCPF;15/05/2023;7;0,039;R
ES0000000000004565CCPF;15/05/2023;8;0,055;R
ES0000000000004565CCPF;15/05/2023;9;0,045;R
ES0000000000004565CCPF;15/05/2023;10;0,051;R
ES0000000000004565CCPF;15/05/2023;11;0,042;R
ES0000000000004565CCPF;15/05/2023;12;0,045;R
ES0000000000004565CCPF;15/05/2023;13;0,054;R
ES0000000000004565CCPF;15/05/2023;14;0,055;R
ES0000000000004565CCPF;15/05/2023;15;0,045;R
ES0000000000004565CCPF;15/05/2023;16;0,044;R
ES0000000000004565CCPF;15/05/2023;17;0,043;R
ES0000000000004565CCPF;15/05/2023;18;0,052;R
ES0000000000004565CCPF;15/05/2023;19;0,056;R
ES0000000000004565CCPF;15/05/2023;20;0,055;R
ES0000000000004565CCPF;15/05/2023;21;0,049;R
ES0000000000004565CCPF;15/05/2023;22;0,039;R
ES0000000000004565CCPF;15/05/2023;23;0,048;R
ES0000000000004565CCPF;16/05/2023;0;0,05;R
ES0000000000004565CCPF;16/05/2023;1;0,053;R
ES0000000000004565CCPF;16/05/2023;2;0,04;R
ES0000000000004565CCPF;16/05/2023;3;0,051;R
ES0000000000004565CCPF;16/05/2023;4;0,055;R
ES0000000000004565CCPF;16/05/2023;5;0,047;R
ES0000000000004565CCPF;16/05/2023;6;0,041;R
ES0000000000004565CCPF;16/05/2023;7;0,041;R
ES0000000000004565CCPF;16/05/2023;8;0,052;R
ES0000000000004565CCPF;16/05/2023;9;0,055;R
ES0000000000004565CCPF;16/05/2023;10;0,056;R
ES0000000000004565CCPF;16/05/2023;11;0,029;R
ES0000000000004565CCPF;16/05/2023;12;0,045;R
ES0000000000004565CCPF;16/05/2023;13;0,303;R
ES0000000000004565CCPF;16/05/2023;14;1,113;R
ES0000000000004565CCPF;16/05/2023;15;0,937;R
ES0000000000004565CCPF;16/05/2023;16;0,256;R
ES0000000000004565CCPF;16/05/2023;17;0,26;R
ES0000000000004565CCPF;16/05/2023;18;0,168;R
ES0000000000004565CCPF;16/05/2023;19;0,134;R
ES0000000000004565CCPF;16/05/2023;20;0,051;R
ES0000000000004565CCPF;16/05/2023;21;0,066;R
ES0000000000004565CCPF;16/05/2023;22;0,375;R
ES0000000000004565CCPF;16/05/2023;23;0,332;R
ES0000000000004565CCPF;17/05/2023;0;0,349;R
ES0000000000004565CCPF;17/05/2023;1;0,112;R
ES0000000000004565CCPF;17/05/2023;2;0,031;R
ES0000000000004565CCPF;17/05/2023;3;0,054;R
ES0000000000004565CCPF;17/05/2023;4;0,058;R
ES0000000000004565CCPF;17/05/2023;5;0,037;R
ES0000000000004565CCPF;17/05/2023;6;0,058;R
ES0000000000004565CCPF;17/05/2023;7;0,059;R
ES0000000000004565CCPF;17/05/2023;8;0,022;R
ES0000000000004565CCPF;17/05/2023;9;0,385;R
ES0000000000004565CCPF;17/05/2023;10;1,0;R
ES0000000000004565CCPF;17/05/2023;11;0,341;R
ES0000000000004565CCPF;17/05/2023;12;0,08;R
ES0000000000004565CCPF;17/05/2023;13;0,076;R
ES0000000000004565CCPF;17/05/2023;14;0,066;R
ES0000000000004565CCPF;17/05/2023;15;0,055;R
ES0000000000004565CCPF;17/05/2023;16;0,123;R
ES0000000000004565CCPF;17/05/2023;17;0,134;R
ES0000000000004565CCPF;17/05/2023;18;0,105;R
ES0000000000004565CCPF;17/05/2023;19;0,075;R
ES0000000000004565CCPF;17/05/2023;20;0,087;R
ES0000000000004565CCPF;17/05/2023;21;0,071;R
ES0000000000004565CCPF;17/05/2023;22;0,202;R
ES0000000000004565CCPF;17/05/2023;23;0,238;R
ES0000000000004565CCPF;18/05/2023;0;0,194;R
ES0000000000004565CCPF;18/05/2023;1;0,182;R
ES0000000000004565CCPF;18/05/2023;2;0,054;R
ES0000000000004565CCPF;18/05/2023;3;0,053;R
ES0000000000004565CCPF;18/05/2023;4;0,053;R
ES0000000000004565CCPF;18/05/2023;5;0,053;R
ES0000000000004565CCPF;18/05/2023;6;0,053;R
ES0000000000004565CCPF;18/05/2023;7;0,042;R
ES0000000000004565CCPF;18/05/2023;8;0,052;R
ES0000000000004565CCPF;18/05/2023;9;0,057;R
ES0000000000004565CCPF;18/05/2023;10;0,247;R
ES0000000000004565CCPF;18/05/2023;11;0,247;R
ES0000000000004565CCPF;18/05/2023;12;0,079;R
ES0000000000004565CCPF;18/05/2023;13;0,061;R
ES0000000000004565CCPF;18/05/2023;14;0,389;R
ES0000000000004565CCPF;18/05/2023;15;0,202;R
ES0000000000004565CCPF;18/05/2023;16;0,195;R
ES0000000000004565CCPF;18/05/2023;17;0,291;R
ES0000000000004565CCPF;18/05/2023;18;0,823;R
ES0000000000004565CCPF;18/05/2023;19;0,201;R
ES0000000000004565CCPF;18/05/2023;20;0,187;R
ES0000000000004565CCPF;18/05/2023;21;0,2;R
ES0000000000004565CCPF;18/05/2023;22;0,233;R
ES0000000000004565CCPF;18/05/2023;23;0,244;R
ES0000000000004565CCPF;19/05/2023;0;0,166;R
ES0000000000004565CCPF;19/05/2023;1;0,054;R
ES0000000000004565CCPF;19/05/2023;2;0,054;R
ES0000000000004565CCPF;19/05/2023;3;0,056;R
ES0000000000004565CCPF;19/05/2023;4;0,048;R
ES0000000000004565CCPF;19/05/2023;5;0,036;R
ES0000000000004565CCPF;19/05/2023;6;0,046;R
ES0000000000004565CCPF;19/05/2023;7;0,053;R
ES0000000000004565CCPF;19/05/2023;8;0,053;R
ES0000000000004565CCPF;19/05/2023;9;0,665;R
ES0000000000004565CCPF;19/05/2023;10;0,228;R
ES0000000000004565CCPF;19/05/2023;11;0,051;R
ES0000000000004565CCPF;19/05/2023;12;0,048;R
ES0000000000004565CCPF;19/05/2023;13;0,072;R
ES0000000000004565CCPF;19/05/2023;14;0,093;R
ES0000000000004565CCPF;19/05/2023;15;0,059;R
ES0000000000004565CCPF;19/05/2023;16;0,056;R
ES0000000000004565CCPF;19/05/2023;17;0,07;R
ES0000000000004565CCPF;19/05/2023;18;0,06;R
ES0000000000004565CCPF;19/05/2023;19;0,091;R
ES0000000000004565CCPF;19/05/2023;20;0,101;R
ES0000000000004565CCPF;19/05/2023;21;0,053;R
ES0000000000004565CCPF;19/05/2023;22;0,037;R
ES0000000000004565CCPF;19/05/2023;23;0,052;R
ES0000000000004565CCPF;20/05/2023;0;0,046;R
ES0000000000004565CCPF;20/05/2023;1;0,044;R
ES0000000000004565CCPF;20/05/2023;2;0,035;R
ES0000000000004565CCPF;20/05/2023;3;0,059;R
ES0000000000004565CCPF;20/05/2023;4;0,051;R
ES0000000000004565CCPF;20/05/2023;5;0,046;R
ES0000000000004565CCPF;20/05/2023;6;0,042;R
ES0000000000004565CCPF;20/05/2023;7;0,052;R
ES0000000000004565CCPF;20/05/2023;8;0,045;R
ES0000000000004565CCPF;20/05/2023;9;0,028;R
ES0000000000004565CCPF;20/05/2023;10;0,05;R
ES0000000000004565CCPF;20/05/2023;11;0,051;R
ES0000000000004565CCPF;20/05/2023;12;0,046;R
ES0000000000004565CCPF;20/05/2023;13;0,043;R
ES0000000000004565CCPF;20/05/2023;14;0,053;R
ES0000000000004565CCPF;20/05/2023;15;0,053;R
ES0000000000004565CCPF;20/05/2023;16;0,033;R
ES0000000000004565CCPF;20/05/2023;17;0,048;R
ES0000000000004565CCPF;20/05/2023;18;0,046;R
ES0000000000004565CCPF;20/05/2023;19;0,044;R
ES0000000000004565CCPF;20/05/2023;20;0,04;R
ES0000000000004565CCPF;20/05/2023;21;0,052;R
ES0000000000004565CCPF;20/05/2023;22;0,053;R
ES0000000000004565CCPF;20/05/2023;23;0,05;R
ES0000000000004565CCPF;21/05/2023;0;0,038;R
ES0000000000004565CCPF;21/05/2023;1;0,052;R
ES0000000000004565CCPF;21/05/2023;2;0,047;R
ES0000000000004565CCPF;21/05/2023;3;0,038;R
ES0000000000004565CCPF;21/05/2023;4;0,038;R
ES0000000000004565CCPF;21/05/2023;5;0,052;R
ES0000000000004565CCPF;21/05/2023;6;0,051;R
ES0000000000004565CCPF;21/05/2023;7;0,037;R
ES0000000000004565CCPF;21/05/2023;8;0,051;R
ES0000000000004565CCPF;21/05/2023;9;0,052;R
ES0000000000004565CCPF;21/05/2023;10;0,044;R
ES0000000000004565CCPF;21/05/2023;11;0,031;R
ES0000000000004565CCPF;21/05/2023;12;0,047;R
ES0000000000004565CCPF;21/05/2023;13;0,05;R
ES0000000000004565CCPF;21/05/2023;14;0,042;R
ES0000000000004565CCPF;21/05/2023;15;0,048;R
ES0000000000004565CCPF;21/05/2023;16;0,053;R
ES0000000000004565CCPF;21/05/2023;17;0,052;R
ES0000000000004565CCPF;21/05/2023;18;0,037;R
ES0000000000004565CCPF;21/05/2023;19;0,048;R
ES0000000000004565CCPF;21/05/2023;20;0,046;R
ES0000000000004565CCPF;21/05/2023;21;0,045;R
ES0000000000004565CCPF;21/05/2023;22;0,037;R
ES0000000000004565CCPF;21/05/2023;23;0,051;R
ES0000000000004565CCPF;22/05/2023;0;0,052;R
ES0000000000004565CCPF;22/05/2023;1;0,052;R
ES0000000000004565CCPF;22/05/2023;2;0,036;R
ES0000000000004565CCPF;22/05/2023;3;0,052;R
ES0000000000004565CCPF;22/05/2023;4;0,049;R
ES0000000000004565CCPF;22/05/2023;5;0,043;R
ES0000000000004565CCPF;22/05/2023;6;0,032;R
ES0000000000004565CCPF;22/05/2023;7;0,052;R
ES0000000000004565CCPF;22/05/2023;8;0,051;R
ES0000000000004565CCPF;22/05/2023;9;0,046;R
ES0000000000004565CCPF;22/05/2023;10;0,045;R
ES0000000000004565CCPF;22/05/2023;11;0,104;R
ES0000000000004565CCPF;22/05/2023;12;0,274;R
ES0000000000004565CCPF;22/05/2023;13;0,379;R
ES0000000000004565CCPF;22/05/2023;14;0,038;R
ES0000000000004565CCPF;22/05/2023;15;0,046;R
ES0000000000004565CCPF;22/05/2023;16;0,051;R
ES0000000000004565CCPF;22/05/2023;17;0,051;R
ES0000000000004565CCPF;22/05/2023;18;0,051;R
ES0000000000004565CCPF;22/05/2023;19;0,051;R
ES0000000000004565CCPF;22/05/2023;20;0,044;R
ES0000000000004565CCPF;22/05/2023;21;1,088;R
ES0000000000004565CCPF;22/05/2023;22;1,377;R
ES0000000000004565CCPF;22/05/2023;23;0,388;R
ES0000000000004565CCPF;23/05/2023;0;0,209;R
ES0000000000004565CCPF;23/05/2023;1;0,052;R
ES0000000000004565CCPF;23/05/2023;2;0,053;R
ES0000000000004565CCPF;23/05/2023;3;0,058;R
ES0000000000004565CCPF;23/05/2023;4;0,037;R
ES0000000000004565CCPF;23/05/2023;5;0,049;R
ES0000000000004565CCPF;23/05/2023;6;0,058;R
ES0000000000004565CCPF;23/05/2023;7;0,041;R
ES0000000000004565CCPF;23/05/2023;8;0,052;R
ES0000000000004565CCPF;23/05/2023;9;0,19;R
ES0000000000004565CCPF;23/05/2023;10;0,445;R
ES0000000000004565CCPF;23/05/2023;11;0,428;R
ES0000000000004565CCPF;23/05/2023;12;0,114;R
ES0000000000004565CCPF;23/05/2023;13;0,086;R
ES0000000000004565CCPF;23/05/2023;14;0,049;R
ES0000000000004565CCPF;23/05/2023;15;0,206;R
ES0000000000004565CCPF;23/05/2023;16;0,217;R
ES0000000000004565CCPF;23/05/2023;17;0,084;R
ES0000000000004565CCPF;23/05/2023;18;0,056;R
ES0000000000004565CCPF;23/05/2023;19;0,064;R
ES0000000000004565CCPF;23/05/2023;20;0,063;R
ES0000000000004565CCPF;23/05/2023;21;0,159;R
ES0000000000004565CCPF;23/05/2023;22;0,379;R
ES0000000000004565CCPF;23/05/2023;23;0,311;R
ES0000000000004565CCPF;24/05/2023;0;0,052;R
ES0000000000004565CCPF;24/05/2023;1;0,037;R
ES0000000000004565CCPF;24/05/2023;2;0,046;R
ES0000000000004565CCPF;24/05/2023;3;0,053;R
ES0000000000004565CCPF;24/05/2023;4;0,052;R
ES0000000000004565CCPF;24/05/2023;5;0,052;R
ES0000000000004565CCPF;24/05/2023;6;0,043;R
ES0000000000004565CCPF;24/05/2023;7;0,047;R
ES0000000000004565CCPF;24/05/2023;8;0,163;R
ES0000000000004565CCPF;24/05/2023;9;0,05;R
ES0000000000004565CCPF;24/05/2023;10;0,05;R
ES0000000000004565CCPF;24/05/2023;11;0,222;R
ES0000000000004565CCPF;24/05/2023;12;0,082;R
ES0000000000004565CCPF;24/05/2023;13;1,35;R
ES0000000000004565CCPF;24/05/2023;14;0,139;R
ES0000000000004565CCPF;24/05/2023;15;0,312;R
ES0000000000004565CCPF;24/05/2023;16;0,093;R
ES0000000000004565CCPF;24/05/2023;17;0,052;R
ES0000000000004565CCPF;24/05/2023;18;0,075;R
ES0000000000004565CCPF;24/05/2023;19;0,068;R
ES0000000000004565CCPF;24/05/2023;20;0,152;R
ES0000000000004565CCPF;24/05/2023;21;0,242;R
ES0000000000004565CCPF;24/05/2023;22;0,27;R
ES0000000000004565CCPF;24/05/2023;23;0,094;R
ES0000000000004565CCPF;25/05/2023;0;0,146;R
ES0000000000004565CCPF;25/05/2023;1;0,056;R
ES0000000000004565CCPF;25/05/2023;2;0,056;R
ES0000000000004565CCPF;25/05/2023;3;0,049;R
ES0000000000004565CCPF;25/05/2023;4;0,049;R
ES0000000000004565CCPF;25/05/2023;5;0,056;R
ES0000000000004565CCPF;25/05/2023;6;0,056;R
ES0000000000004565CCPF;25/05/2023;7;0,081;R
ES0000000000004565CCPF;25/05/2023;8;0,046;R
ES0000000000004565CCPF;25/05/2023;9;0,052;R
ES0000000000004565CCPF;25/05/2023;10;0,651;R
ES0000000000004565CCPF;25/05/2023;11;0,332;R
ES0000000000004565CCPF;25/05/2023;12;0,069;R
ES0000000000004565CCPF;25/05/2023;13;0,068;R
ES0000000000004565CCPF;25/05/2023;14;0,073;R
ES0000000000004565CCPF;25/05/2023;15;0,079;R
ES0000000000004565CCPF;25/05/2023;16;0,177;R
ES0000000000004565CCPF;25/05/2023;17;1,494;R
ES0000000000004565CCPF;25/05/2023;18;0,233;R
ES0000000000004565CCPF;25/05/2023;19;0,105;R
ES0000000000004565CCPF;25/05/2023;20;0,07;R
ES0000000000004565CCPF;25/05/2023;21;0,066;R
ES0000000000004565CCPF;25/05/2023;22;0,065;R
ES0000000000004565CCPF;25/05/2023;23;0,305;R
ES0000000000004565CCPF;26/05/2023;0;0,319;R
ES0000000000004565CCPF;26/05/2023;1;0,06;R
ES0000000000004565CCPF;26/05/2023;2;0,044;R
ES0000000000004565CCPF;26/05/2023;3;0,049;R
ES0000000000004565CCPF;26/05/2023;4;0,051;R
ES0000000000004565CCPF;26/05/2023;5;0,049;R
ES0000000000004565CCPF;26/05/2023;6;0,046;R
ES0000000000004565CCPF;26/05/2023;7;0,044;R
ES0000000000004565CCPF;26/05/2023;8;0,113;R
ES0000000000004565CCPF;26/05/2023;9;0,207;R
ES0000000000004565CCPF;26/05/2023;10;0,06;R
ES0000000000004565CCPF;26/05/2023;11;0,052;R
ES0000000000004565CCPF;26/05/2023;12;0,052;R
ES0000000000004565CCPF;26/05/2023;13;0,253;R
ES0000000000004565CCPF;26/05/2023;14;0,376;R
ES0000000000004565CCPF;26/05/2023;15;0,33;R
ES0000000000004565CCPF;26/05/2023;16;0,078;R
ES0000000000004565CCPF;26/05/2023;17;0,942;R
ES0000000000004565CCPF;26/05/2023;18;0,212;R
ES0000000000004565CCPF;26/05/2023;19;0,184;R
ES0000000000004565CCPF;26/05/2023;20;0,086;R
ES0000000000004565CCPF;26/05/2023;21;0,053;R
ES0000000000004565CCPF;26/05/2023;22;0,052;R
ES0000000000004565CCPF;26/05/2023;23;0,053;R
ES0000000000004565CCPF;27/05/2023;0;0,044;R
ES0000000000004565CCPF;27/05/2023;1;0,046;R
ES0000000000004565CCPF;27/05/2023;2;0,057;R
ES0000000000004565CCPF;27/05/2023;3;0,049;R
ES0000000000004565CCPF;27/05/2023;4;0,046;R
ES0000000000004565CCPF;27/05/2023;5;0,047;R
ES0000000000004565CCPF;27/05/2023;6;0,055;R
ES0000000000004565CCPF;27/05/2023;7;0,057;R
ES0000000000004565CCPF;27/05/2023;8;0,058;R
ES0000000000004565CCPF;27/05/2023;9;0,056;R
ES0000000000004565CCPF;27/05/2023;10;0,042;R
ES0000000000004565CCPF;27/05/2023;11;0,059;R
ES0000000000004565CCPF;27/05/2023;12;0,053;R
ES0000000000004565CCPF;27/05/2023;13;0,051;R
ES0000000000004565CCPF;27/05/2023;14;0,05;R
ES0000000000004565CCPF;27/05/2023;15;0,042;R
ES0000000000004565CCPF;27/05/2023;16;0,056;R
ES0000000000004565CCPF;27/05/2023;17;0,057;R
ES0000000000004565CCPF;27/05/2023;18;0,057;R
ES0000000000004565CCPF;27/05/2023;19;0,058;R
ES0000000000004565CCPF;27/05/2023;20;0,046;R
ES0000000000004565CCPF;27/05/2023;21;0,052;R
ES0000000000004565CCPF;27/05/2023;22;0,057;R
ES0000000000004565CCPF;27/05/2023;23;0,054;R
ES0000000000004565CCPF;28/05/2023;0;0,257;R
ES0000000000004565CCPF;28/05/2023;1;0,098;R
ES0000000000004565CCPF;28/05/2023;2;0,051;R
ES0000000000004565CCPF;28/05/2023;3;0,051;R
ES0000000000004565CCPF;28/05/2023;4;0,047;R
ES0000000000004565CCPF;28/05/2023;5;0,061;R
ES0000000000004565CCPF;28/05/2023;6;0,057;R
ES0000000000004565CCPF;28/05/2023;7;0,042;R
ES0000000000004565CCPF;28/05/2023;8;0,057;R
ES0000000000004565CCPF;28/05/2023;9;0,186;R
ES0000000000004565CCPF;28/05/2023;10;0,09;R
ES0000000000004565CCPF;28/05/2023;11;0,169;R
ES0000000000004565CCPF;28/05/2023;12;0,055;R
ES0000000000004565CCPF;28/05/2023;13;0,33;R
ES0000000000004565CCPF;28/05/2023;14;0,143;R
ES0000000000004565CCPF;28/05/2023;15;0,168;R
ES0000000000004565CCPF;28/05/2023;16;0,881;R
ES0000000000004565CCPF;28/05/2023;17;0,891;R
ES0000000000004565CCPF;28/05/2023;18;0,188;R
ES0000000000004565CCPF;28/05/2023;19;0,113;R
ES0000000000004565CCPF;28/05/2023;20;0,07;R
ES0000000000004565CCPF;28/05/2023;21;0,067;R
ES0000000000004565CCPF;28/05/2023;22;0,105;R
ES0000000000004565CCPF;28/05/2023;23;0,214;R
ES0000000000004565CCPF;29/05/2023;0;0,206;R
ES0000000000004565CCPF;29/05/2023;1;0,054;R
ES0000000000004565CCPF;29/05/2023;2;0,046;R
ES0000000000004565CCPF;29/05/2023;3;0,051;R
ES0000000000004565CCPF;29/05/2023;4;0,052;R
ES0000000000004565CCPF;29/05/2023;5;0,052;R
ES0000000000004565CCPF;29/05/2023;6;0,047;R
ES0000000000004565CCPF;29/05/2023;7;0,044;R
ES0000000000004565CCPF;29/05/2023;8;0,156;R
ES0000000000004565CCPF;29/05/2023;9;0,123;R
ES0000000000004565CCPF;29/05/2023;10;0,181;R
ES0000000000004565CCPF;29/05/2023;11;0,095;R
ES0000000000004565CCPF;29/05/2023;12;0,148;R
ES0000000000004565CCPF;29/05/2023;13;0,062;R
ES0000000000004565CCPF;29/05/2023;14;0,057;R
ES0000000000004565CCPF;29/05/2023;15;0,675;R
ES0000000000004565CCPF;29/05/2023;16;0,338;R
ES0000000000004565CCPF;29/05/2023;17;0,298;R
ES0000000000004565CCPF;29/05/2023;18;0,192;R
ES0000000000004565CCPF;29/05/2023;19;0,139;R
ES0000000000004565CCPF;29/05/2023;20;0,139;R
ES0000000000004565CCPF;29/05/2023;21;0,229;R
ES0000000000004565CCPF;29/05/2023;22;0,712;R
ES0000000000004565CCPF;29/05/2023;23;0,251;R
ES0000000000004565CCPF;30/05/2023;0;0,222;R
ES0000000000004565CCPF;30/05/2023;1;0,047;R
ES0000000000004565CCPF;30/05/2023;2;0,053;R
ES0000000000004565CCPF;30/05/2023;3;0,055;R
ES0000000000004565CCPF;30/05/2023;4;0,054;R
ES0000000000004565CCPF;30/05/2023;5;0,057;R
ES0000000000004565CCPF;30/05/2023;6;0,038;R
ES0000000000004565CCPF;30/05/2023;7;0,055;R
ES0000000000004565CCPF;30/05/2023;8;0,054;R
ES0000000000004565CCPF;30/05/2023;9;0,049;R
ES0000000000004565CCPF;30/05/2023;10;0,645;R
ES0000000000004565CCPF;30/05/2023;11;0,428;R
ES0000000000004565CCPF;30/05/2023;12;0,186;R
ES0000000000004565CCPF;30/05/2023;13;0,177;R
ES0000000000004565CCPF;30/05/2023;14;0,082;R
ES0000000000004565CCPF;30/05/2023;15;0,097;R
ES0000000000004565CCPF;30/05/2023;16;0,062;R
ES0000000000004565CCPF;30/05/2023;17;0,091;R
ES0000000000004565CCPF;30/05/2023;18;0,081;R
ES0000000000004565CCPF;30/05/2023;19;0,095;R
ES0000000000004565CCPF;30/05/2023;20;0,22;R
ES0000000000004565CCPF;30/05/2023;21;0,247;R
ES0000000000004565CCPF;30/05/2023;22;0,291;R
ES0000000000004565CCPF;30/05/2023;23;0,242;R
ES0000000000004565CCPF;31/05/2023;0;0,199;R
ES0000000000004565CCPF;31/05/2023;1;0,067;R
ES0000000000004565CCPF;31/05/2023;2;0,063;R
ES0000000000004565CCPF;31/05/2023;3;0,063;R
ES0000000000004565CCPF;31/05/2023;4;0,066;R
ES0000000000004565CCPF;31/05/2023;5;0,06;R
ES0000000000004565CCPF;31/05/2023;6;0,055;R
ES0000000000004565CCPF;31/05/2023;7;0,072;R
ES0000000000004565CCPF;31/05/2023;8;0,064;R
ES0000000000004565CCPF;31/05/2023;9;0,081;R
ES0000000000004565CCPF;31/05/2023;10;0,116;R
ES0000000000004565CCPF;31/05/2023;11;0,065;R
ES0000000000004565CCPF;31/05/2023;12;0,067;R
ES0000000000004565CCPF;31/05/2023;13;0,085;R
ES0000000000004565CCPF;31/05/2023;14;0,071;R
ES0000000000004565CCPF;31/05/2023;15;0,056;R
ES0000000000004565CCPF;31/05/2023;16;0,054;R
ES0000000000004565CCPF;31/05/2023;17;0,054;R
ES0000000000004565CCPF;31/05/2023;18;0,115;R
ES0000000000004565CCPF;31/05/2023;19;0,072;R
ES0000000000004565CCPF;31/05/2023;20;0,112;R
ES0000000000004565CCPF;31/05/2023;21;0,241;R
ES0000000000004565CCPF;31/05/2023;22;0,227;R
ES0000000000004565CCPF;31/05/2023;23;0,183;R
ES0000000000004565CCPF;01/06/2023;0;0,053;R
ES0000000000004565CCPF;01/06/2023;1;0,053;R
ES0000000000004565CCPF;01/06/2023;2;0,053;R
ES0000000000004565CCPF;01/06/2023;3;0,046;R
ES0000000000004565CCPF;01/06/2023;4;0,041;R
ES0000000000004565CCPF;01/06/2023;5;0,055;R
ES0000000000004565CCPF;01/06/2023;6;0,051;R
ES0000000000004565CCPF;01/06/2023;7;0,046;R
ES0000000000004565CCPF;01/06/2023;8;0,039;R
ES0000000000004565CCPF;01/06/2023;9;0,099;R
ES0000000000004565CCPF;01/06/2023;10;0,239;R
ES0000000000004565CCPF;01/06/2023;11;0,082;R
ES0000000000004565CCPF;01/06/2023;12;0,075;R
ES0000000000004565CCPF;01/06/2023;13;0,13;R
ES0000000000004565CCPF;01/06/2023;14;0,227;R
ES0000000000004565CCPF;01/06/2023;15;0,809;R
ES0000000000004565CCPF;01/06/2023;16;0,185;R
ES0000000000004565CCPF;01/06/2023;17;0,263;R
ES0000000000004565CCPF;01/06/2023;18;0,243;R
ES0000000000004565CCPF;01/06/2023;19;0,184;R
ES0000000000004565CCPF;01/06/2023;20;0,165;R
ES0000000000004565CCPF;01/06/2023;21;0,194;R
ES0000000000004565CCPF;01/06/2023;22;0,252;R
ES0000000000004565CCPF;01/06/2023;23;0,142;R
ES0000000000004565CCPF;02/06/2023;0;0,059;R
ES0000000000004565CCPF;02/06/2023;1;0,052;R
ES0000000000004565CCPF;02/06/2023;2;0,052;R
ES0000000000004565CCPF;02/06/2023;3;0,049;R
ES0000000000004565CCPF;02/06/2023;4;0,051;R
ES0000000000004565CCPF;02/06/2023;5;0,051;R
ES0000000000004565CCPF;02/06/2023;6;0,051;R
ES0000000000004565CCPF;02/06/2023;7;0,046;R
ES0000000000004565CCPF;02/06/2023;8;0,041;R
ES0000000000004565CCPF;02/06/2023;9;0,262;R
ES0000000000004565CCPF;02/06/2023;10;0,075;R
ES0000000000004565CCPF;02/06/2023;11;0,074;R
ES0000000000004565CCPF;02/06/2023;12;0,064;R
ES0000000000004565CCPF;02/06/2023;13;0,058;R
ES0000000000004565CCPF;02/06/2023;14;0,058;R
ES0000000000004565CCPF;02/06/2023;15;0,058;R
ES0000000000004565CCPF;02/06/2023;16;0,053;R
ES0000000000004565CCPF;02/06/2023;17;0,054;R
ES0000000000004565CCPF;02/06/2023;18;0,047;R
ES0000000000004565CCPF;02/06/2023;19;0,054;R
ES0000000000004565CCPF;02/06/2023;20;0,056;R
ES0000000000004565CCPF;02/06/2023;21;0,056;R
ES0000000000004565CCPF;02/06/2023;22;0,058;R
ES0000000000004565CCPF;02/06/2023;23;0,058;R
ES0000000000004565CCPF;03/06/2023;0;0,058;R
ES0000000000004565CCPF;03/06/2023;1;0,058;R
ES0000000000004565CCPF;03/06/2023;2;0,053;R
ES0000000000004565CCPF;03/06/2023;3;0,051;R
ES0000000000004565CCPF;03/06/2023;4;0,053;R
ES0000000000004565CCPF;03/06/2023;5;0,057;R
ES0000000000004565CCPF;03/06/2023;6;0,054;R
ES0000000000004565CCPF;03/06/2023;7;0,051;R
ES0000000000004565CCPF;03/06/2023;8;0,055;R
ES0000000000004565CCPF;03/06/2023;9;0,057;R
ES0000000000004565CCPF;03/06/2023;10;0,058;R
ES0000000000004565CCPF;03/06/2023;11;0,055;R
ES0000000000004565CCPF;03/06/2023;12;0,051;R
ES0000000000004565CCPF;03/06/2023;13;0,05;R
ES0000000000004565CCPF;03/06/2023;14;0,058;R
ES0000000000004565CCPF;03/06/2023;15;0,055;R
ES0000000000004565CCPF;03/06/2023;16;0,055;R
ES0000000000004565CCPF;03/06/2023;17;0,053;R
ES0000000000004565CCPF;03/06/2023;18;0,056;R
ES0000000000004565CCPF;03/06/2023;19;0,058;R
ES0000000000004565CCPF;03/06/2023;20;0,061;R
ES0000000000004565CCPF;03/06/2023;21;0,057;R
ES0000000000004565CCPF;03/06/2023;22;0,224;R
ES0000000000004565CCPF;03/06/2023;23;1,012;R
ES0000000000004565CCPF;04/06/2023;0;0,694;R
ES0000000000004565CCPF;04/06/2023;1;0,446;R
ES0000000000004565CCPF;04/06/2023;2;0,304;R
ES0000000000004565CCPF;04/06/2023;3;0,077;R
ES0000000000004565CCPF;04/06/2023;4;0,058;R
ES0000000000004565CCPF;04/06/2023;5;0,067;R
ES0000000000004565CCPF;04/06/2023;6;0,06;R
ES0000000000004565CCPF;04/06/2023;7;0,06;R
ES0000000000004565CCPF;04/06/2023;8;0,06;R
ES0000000000004565CCPF;04/06/2023;9;0,059;R
ES0000000000004565CCPF;04/06/2023;10;0,081;R
ES0000000000004565CCPF;04/06/2023;11;0,078;R
ES0000000000004565CCPF;04/06/2023;12;0,062;R
ES0000000000004565CCPF;04/06/2023;13;0,062;R
ES0000000000004565CCPF;04/06/2023;14;0,064;R
ES0000000000004565CCPF;04/06/2023;15;0,06;R
ES0000000000004565CCPF;04/06/2023;16;0,063;R
ES0000000000004565CCPF;04/06/2023;17;0,064;R
ES0000000000004565CCPF;04/06/2023;18;0,08;R
ES0000000000004565CCPF;04/06/2023;19;0,067;R
ES0000000000004565CCPF;04/06/2023;20;0,061;R
ES0000000000004565CCPF;04/06/2023;21;0,061;R
ES0000000000004565CCPF;04/06/2023;22;0,062;R
ES0000000000004565CCPF;04/06/2023;23;0,061;R
ES0000000000004565CCPF;05/06/2023;0;0,059;R
ES0000000000004565CCPF;05/06/2023;1;0,062;R
ES0000000000004565CCPF;05/06/2023;2;0,062;R
ES0000000000004565CCPF;05/06/2023;3;0,061;R
ES0000000000004565CCPF;05/06/2023;4;0,061;R
ES0000000000004565CCPF;05/06/2023;5;0,061;R
ES0000000000004565CCPF;05/06/2023;6;0,06;R
ES0000000000004565CCPF;05/06/2023;7;0,057;R
ES0000000000004565CCPF;05/06/2023;8;0,061;R
ES0000000000004565CCPF;05/06/2023;9;0,057;R
ES0000000000004565CCPF;05/06/2023;10;0,081;R
ES0000000000004565CCPF;05/06/2023;11;0,166;R
ES0000000000004565CCPF;05/06/2023;12;0,236;R
ES0000000000004565CCPF;05/06/2023;13;0,111;R
ES0000000000004565CCPF;05/06/2023;14;0,092;R
ES0000000000004565CCPF;05/06/2023;15;0,112;R
ES0000000000004565CCPF;05/06/2023;16;0,315;R
ES0000000000004565CCPF;05/06/2023;17;0,092;R
ES0000000000004565CCPF;05/06/2023;18;0,06;R
ES0000000000004565CCPF;05/06/2023;19;0,06;R
ES0000000000004565CCPF;05/06/2023;20;0,063;R
ES0000000000004565CCPF;05/06/2023;21;0,06;R
ES0000000000004565CCPF;05/06/2023;22;0,062;R
ES0000000000004565CCPF;05/06/2023;23;0,162;R
ES0000000000004565CCPF;06/06/2023;0;0,211;R
ES0000000000004565CCPF;06/06/2023;1;0,237;R
ES0000000000004565CCPF;06/06/2023;2;0,077;R
ES0000000000004565CCPF;06/06/2023;3;0,074;R
ES0000000000004565CCPF;06/06/2023;4;0,069;R
ES0000000000004565CCPF;06/06/2023;5;0,065;R
ES0000000000004565CCPF;06/06/2023;6;0,063;R
ES0000000000004565CCPF;06/06/2023;7;0,055;R
ES0000000000004565CCPF;06/06/2023;8;0,058;R
ES0000000000004565CCPF;06/06/2023;9;0,062;R
ES0000000000004565CCPF;06/06/2023;10;0,06;R
ES0000000000004565CCPF;06/06/2023;11;0,06;R
ES0000000000004565CCPF;06/06/2023;12;0,177;R
ES0000000000004565CCPF;06/06/2023;13;0,077;R
ES0000000000004565CCPF;06/06/2023;14;0,231;R
ES0000000000004565CCPF;06/06/2023;15;0,161;R
ES0000000000004565CCPF;06/06/2023;16;0,056;R
ES0000000000004565CCPF;06/06/2023;17;0,057;R
ES0000000000004565CCPF;06/06/2023;18;0,063;R
ES0000000000004565CCPF;06/06/2023;19;0,064;R
ES0000000000004565CCPF;06/06/2023;20;0,062;R
ES0000000000004565CCPF;06/06/2023;21;0,084;R
ES0000000000004565CCPF;06/06/2023;22;0,666;R
ES0000000000004565CCPF;06/06/2023;23;0,338;R
ES0000000000004565CCPF;07/06/2023;0;0,115;R
ES0000000000004565CCPF;07/06/2023;1;0,056;R
ES0000000000004565CCPF;07/06/2023;2;0,057;R
ES0000000000004565CCPF;07/06/2023;3;0,056;R
ES0000000000004565CCPF;07/06/2023;4;0,056;R
ES0000000000004565CCPF;07/06/2023;5;0,059;R
ES0000000000004565CCPF;07/06/2023;6;0,059;R
ES0000000000004565CCPF;07/06/2023;7;0,059;R
ES0000000000004565CCPF;07/06/2023;8;0,059;R
ES0000000000004565CCPF;07/06/2023;9;0,278;R
ES0000000000004565CCPF;07/06/2023;10;0,07;R
ES0000000000004565CCPF;07/06/2023;11;0,058;R
ES0000000000004565CCPF;07/06/2023;12;0,46;R
ES0000000000004565CCPF;07/06/2023;13;0,334;R
ES0000000000004565CCPF;07/06/2023;14;0,243;R
ES0000000000004565CCPF;07/06/2023;15;0,231;R
ES0000000000004565CCPF;07/06/2023;16;0,162;R
ES0000000000004565CCPF;07/06/2023;17;0,189;R
ES0000000000004565CCPF;07/06/2023;18;0,177;R
ES0000000000004565CCPF;07/06/2023;19;0,074;R
ES0000000000004565CCPF;07/06/2023;20;0,058;R
ES0000000000004565CCPF;07/06/2023;21;0,057;R
ES0000000000004565CCPF;07/06/2023;22;0,056;R
ES0000000000004565CCPF;07/06/2023;23;0,061;R
ES0000000000004565CCPF;08/06/2023;0;0,154;R
ES0000000000004565CCPF;08/06/2023;1;0,83;R
ES0000000000004565CCPF;08/06/2023;2;0,064;R
ES0000000000004565CCPF;08/06/2023;3;0,061;R
ES0000000000004565CCPF;08/06/2023;4;0,049;R
ES0000000000004565CCPF;08/06/2023;5;0,047;R
ES0000000000004565CCPF;08/06/2023;6;0,054;R
ES0000000000004565CCPF;08/06/2023;7;0,067;R
ES0000000000004565CCPF;08/06/2023;8;0,203;R
ES0000000000004565CCPF;08/06/2023;9;0,057;R
ES0000000000004565CCPF;08/06/2023;10;0,164;R
ES0000000000004565CCPF;08/06/2023;11;0,264;R
ES0000000000004565CCPF;08/06/2023;12;0,124;R
ES0000000000004565CCPF;08/06/2023;13;0,583;R
ES0000000000004565CCPF;08/06/2023;14;0,124;R
ES0000000000004565CCPF;08/06/2023;15;0,081;R
ES0000000000004565CCPF;08/06/2023;16;0,306;R
ES0000000000004565CCPF;08/06/2023;17;0,363;R
ES0000000000004565CCPF;08/06/2023;18;0,161;R
ES0000000000004565CCPF;08/06/2023;19;0,174;R
ES0000000000004565CCPF;08/06/2023;20;0,125;R
ES0000000000004565CCPF;08/06/2023;21;0,123;R
ES0000000000004565CCPF;08/06/2023;22;0,118;R
ES0000000000004565CCPF;08/06/2023;23;0,254;R
ES0000000000004565CCPF;09/06/2023;0;0,164;R
ES0000000000004565CCPF;09/06/2023;1;0,046;R
ES0000000000004565CCPF;09/06/2023;2;0,07;R
ES0000000000004565CCPF;09/06/2023;3;0,066;R
ES0000000000004565CCPF;09/06/2023;4;0,069;R
ES0000000000004565CCPF;09/06/2023;5;0,051;R
ES0000000000004565CCPF;09/06/2023;6;0,064;R
ES0000000000004565CCPF;09/06/2023;7;0,067;R
ES0000000000004565CCPF;09/06/2023;8;0,172;R
ES0000000000004565CCPF;09/06/2023;9;0,316;R
ES0000000000004565CCPF;09/06/2023;10;0,046;R
ES0000000000004565CCPF;09/06/2023;11;0,042;R
ES0000000000004565CCPF;09/06/2023;12;0,057;R
ES0000000000004565CCPF;09/06/2023;13;0,055;R
ES0000000000004565CCPF;09/06/2023;14;0,085;R
ES0000000000004565CCPF;09/06/2023;15;0,572;R
ES0000000000004565CCPF;09/06/2023;16;0,311;R
ES0000000000004565CCPF;09/06/2023;17;0,158;R
ES0000000000004565CCPF;09/06/2023;18;0,058;R
ES0000000000004565CCPF;09/06/2023;19;0,066;R
ES0000000000004565CCPF;09/06/2023;20;0,052;R
ES0000000000004565CCPF;09/06/2023;21;0,052;R
ES0000000000004565CCPF;09/06/2023;22;0,046;R
ES0000000000004565CCPF;09/06/2023;23;0,051;R
ES0000000000004565CCPF;10/06/2023;0;0,059;R
ES0000000000004565CCPF;10/06/2023;1;0,06;R
ES0000000000004565CCPF;10/06/2023;2;0,06;R
ES0000000000004565CCPF;10/06/2023;3;0,059;R
ES0000000000004565CCPF;10/06/2023;4;0,049;R
ES0000000000004565CCPF;10/06/2023;5;0,045;R
ES0000000000004565CCPF;10/06/2023;6;0,055;R
ES0000000000004565CCPF;10/06/2023;7;0,056;R
ES0000000000004565CCPF;10/06/2023;8;0,056;R
ES0000000000004565CCPF;10/06/2023;9;0,057;R
ES0000000000004565CCPF;10/06/2023;10;0,054;R
ES0000000000004565CCPF;10/06/2023;11;0,048;R
ES0000000000004565CCPF;10/06/2023;12;0,057;R
ES0000000000004565CCPF;10/06/2023;13;0,064;R
ES0000000000004565CCPF;10/06/2023;14;0,06;R
ES0000000000004565CCPF;10/06/2023;15;0,054;R
ES0000000000004565CCPF;10/06/2023;16;0,046;R
ES0000000000004565CCPF;10/06/2023;17;0,052;R
ES0000000000004565CCPF;10/06/2023;18;0,057;R
ES0000000000004565CCPF;10/06/2023;19;0,057;R
ES0000000000004565CCPF;10/06/2023;20;0,057;R
ES0000000000004565CCPF;10/06/2023;21;0,056;R
ES0000000000004565CCPF;10/06/2023;22;0,055;R
ES0000000000004565CCPF;10/06/2023;23;0,049;R
ES0000000000004565CCPF;11/06/2023;0;0,057;R
ES0000000000004565CCPF;11/06/2023;1;0,06;R
ES0000000000004565CCPF;11/06/2023;2;0,06;R
ES0000000000004565CCPF;11/06/2023;3;0,06;R
ES0000000000004565CCPF;11/06/2023;4;0,056;R
ES0000000000004565CCPF;11/06/2023;5;0,054;R
ES0000000000004565CCPF;11/06/2023;6;0,05;R
ES0000000000004565CCPF;11/06/2023;7;0,043;R
ES0000000000004565CCPF;11/06/2023;8;0,063;R
ES0000000000004565CCPF;11/06/2023;9;0,06;R
ES0000000000004565CCPF;11/06/2023;10;0,058;R
ES0000000000004565CCPF;11/06/2023;11;0,059;R
ES0000000000004565CCPF;11/06/2023;12;0,055;R
ES0000000000004565CCPF;11/06/2023;13;0,049;R
ES0000000000004565CCPF;11/06/2023;14;0,054;R
ES0000000000004565CCPF;11/06/2023;15;0,059;R
ES0000000000004565CCPF;11/06/2023;16;0,056;R
ES0000000000004565CCPF;11/06/2023;17;0,054;R
ES0000000000004565CCPF;11/06/2023;18;0,049;R
ES0000000000004565CCPF;11/06/2023;19;0,048;R
ES0000000000004565CCPF;11/06/2023;20;0,05;R
ES0000000000004565CCPF;11/06/2023;21;0,117;R
ES0000000000004565CCPF;11/06/2023;22;0,15;R
ES0000000000004565CCPF;11/06/2023;23;0,219;R
ES0000000000004565CCPF;12/06/2023;0;0,217;R
ES0000000000004565CCPF;12/06/2023;1;0,107;R
ES0000000000004565CCPF;12/06/2023;2;0,061;R
ES0000000000004565CCPF;12/06/2023;3;0,053;R
ES0000000000004565CCPF;12/06/2023;4;0,05;R
ES0000000000004565CCPF;12/06/2023;5;0,042;R
ES0000000000004565CCPF;12/06/2023;6;0,053;R
ES0000000000004565CCPF;12/06/2023;7;0,059;R
ES0000000000004565CCPF;12/06/2023;8;0,059;R
ES0000000000004565CCPF;12/06/2023;9;0,234;R
ES0000000000004565CCPF;12/06/2023;10;0,239;R
ES0000000000004565CCPF;12/06/2023;11;0,166;R
ES0000000000004565CCPF;12/06/2023;12;0,082;R
ES0000000000004565CCPF;12/06/2023;13;0,161;R
ES0000000000004565CCPF;12/06/2023;14;0,134;R
ES0000000000004565CCPF;12/06/2023;15;0,219;R
ES0000000000004565CCPF;12/06/2023;16;0,109;R
ES0000000000004565CCPF;12/06/2023;17;0,128;R
ES0000000000004565CCPF;12/06/2023;18;0,286;R
ES0000000000004565CCPF;12/06/2023;19;0,065;R
ES0000000000004565CCPF;12/06/2023;20;0,083;R
ES0000000000004565CCPF;12/06/2023;21;0,063;R
ES0000000000004565CCPF;12/06/2023;22;0,063;R
ES0000000000004565CCPF;12/06/2023;23;0,204;R
ES0000000000004565CCPF;13/06/2023;0;0,245;R
ES0000000000004565CCPF;13/06/2023;1;0,074;R
ES0000000000004565CCPF;13/06/2023;2;0,053;R
ES0000000000004565CCPF;13/06/2023;3;0,055;R
ES0000000000004565CCPF;13/06/2023;4;0,053;R
ES0000000000004565CCPF;13/06/2023;5;0,049;R
ES0000000000004565CCPF;13/06/2023;6;0,053;R
ES0000000000004565CCPF;13/06/2023;7;0,055;R
ES0000000000004565CCPF;13/06/2023;8;0,055;R
ES0000000000004565CCPF;13/06/2023;9;0,053;R
ES0000000000004565CCPF;13/06/2023;10;0,656;R
ES0000000000004565CCPF;13/06/2023;11;0,167;R
ES0000000000004565CCPF;13/06/2023;12;0,08;R
ES0000000000004565CCPF;13/06/2023;13;0,078;R
ES0000000000004565CCPF;13/06/2023;14;0,233;R
ES0000000000004565CCPF;13/06/2023;15;0,169;R
ES0000000000004565CCPF;13/06/2023;16;0,234;R
ES0000000000004565CCPF;13/06/2023;17;0,177;R
ES0000000000004565CCPF;13/06/2023;18;0,271;R
ES0000000000004565CCPF;13/06/2023;19;0,07;R
ES0000000000004565CCPF;13/06/2023;20;0,152;R
ES0000000000004565CCPF;13/06/2023;21;0,155;R
ES0000000000004565CCPF;13/06/2023;22;0,506;R
ES0000000000004565CCPF;13/06/2023;23;1,345;R
ES0000000000004565CCPF;14/06/2023;0;0,233;R
ES0000000000004565CCPF;14/06/2023;1;0,068;R
ES0000000000004565CCPF;14/06/2023;2;0,059;R
ES0000000000004565CCPF;14/06/2023;3;0,056;R
ES0000000000004565CCPF;14/06/2023;4;0,054;R
ES0000000000004565CCPF;14/06/2023;5;0,226;R
ES0000000000004565CCPF;14/06/2023;6;0,058;R
ES0000000000004565CCPF;14/06/2023;7;0,051;R
ES0000000000004565CCPF;14/06/2023;8;0,057;R
ES0000000000004565CCPF;14/06/2023;9;0,059;R
ES0000000000004565CCPF;14/06/2023;10;0,058;R
ES0000000000004565CCPF;14/06/2023;11;0,057;R
ES0000000000004565CCPF;14/06/2023;12;0,058;R
ES0000000000004565CCPF;14/06/2023;13;0,057;R
ES0000000000004565CCPF;14/06/2023;14;0,058;R
ES0000000000004565CCPF;14/06/2023;15;0,059;R
ES0000000000004565CCPF;14/06/2023;16;0,057;R
ES0000000000004565CCPF;14/06/2023;17;0,062;R
ES0000000000004565CCPF;14/06/2023;18;0,061;R
ES0000000000004565CCPF;14/06/2023;19;0,061;R
ES0000000000004565CCPF;14/06/2023;20;0,06;R
ES0000000000004565CCPF;14/06/2023;21;0,06;R
ES0000000000004565CCPF;14/06/2023;22;0,062;R
ES0000000000004565CCPF;14/06/2023;23;0,051;R
ES0000000000004565CCPF;15/06/2023;0;0,064;R
ES0000000000004565CCPF;15/06/2023;1;0,062;R
ES0000000000004565CCPF;15/06/2023;2;0,061;R
ES0000000000004565CCPF;15/06/2023;3;0,061;R
ES0000000000004565CCPF;15/06/2023;4;0,06;R
ES0000000000004565CCPF;15/06/2023;5;0,058;R
ES0000000000004565CCPF;15/06/2023;6;0,059;R
ES0000000000004565CCPF;15/06/2023;7;0,057;R
ES0000000000004565CCPF;15/06/2023;8;0,058;R
ES0000000000004565CCPF;15/06/2023;9;0,059;R
ES0000000000004565CCPF;15/06/2023;10;0,056;R
ES0000000000004565CCPF;15/06/2023;11;0,062;R
ES0000000000004565CCPF;15/06/2023;12;0,061;R
ES0000000000004565CCPF;15/06/2023;13;0,059;R
ES0000000000004565CCPF;15/06/2023;14;0,059;R
ES0000000000004565CCPF;15/06/2023;15;0,059;R
ES0000000000004565CCPF;15/06/2023;16;0,06;R
ES0000000000004565CCPF;15/06/2023;17;0,056;R
ES0000000000004565CCPF;15/06/2023;18;0,066;R
ES0000000000004565CCPF;15/06/2023;19;0,063;R
ES0000000000004565CCPF;15/06/2023;20;0,062;R
ES0000000000004565CCPF;15/06/2023;21;0,06;R
ES0000000000004565CCPF;15/06/2023;22;0,062;R
ES0000000000004565CCPF;15/06/2023;23;0,061;R
ES0000000000004565CCPF;16/06/2023;0;0,062;R
ES0000000000004565CCPF;16/06/2023;1;0,061;R
ES0000000000004565CCPF;16/06/2023;2;0,062;R
ES0000000000004565CCPF;16/06/2023;3;0,065;R
ES0000000000004565CCPF;16/06/2023;4;0,06;R
ES0000000000004565CCPF;16/06/2023;5;0,06;R
ES0000000000004565CCPF;16/06/2023;6;0,061;R
ES0000000000004565CCPF;16/06/2023;7;0,06;R
ES0000000000004565CCPF;16/06/2023;8;0,061;R
ES0000000000004565CCPF;16/06/2023;9;0,06;R
ES0000000000004565CCPF;16/06/2023;10;0,06;R
ES0000000000004565CCPF;16/06/2023;11;0,06;R
ES0000000000004565CCPF;16/06/2023;12;0,063;R
ES0000000000004565CCPF;16/06/2023;13;0,059;R
ES0000000000004565CCPF;16/06/2023;14;0,06;R
ES0000000000004565CCPF;16/06/2023;15;0,06;R
ES0000000000004565CCPF;16/06/2023;16;0,061;R
ES0000000000004565CCPF;16/06/2023;17;0,061;R
ES0000000000004565CCPF;16/06/2023;18;0,063;R
ES0000000000004565CCPF;16/06/2023;19;0,063;R
ES0000000000004565CCPF;16/06/2023;20;0,063;R
ES0000000000004565CCPF;16/06/2023;21;0,066;R
ES0000000000004565CCPF;16/06/2023;22;0,062;R
ES0000000000004565CCPF;16/06/2023;23;0,063;R
ES0000000000004565CCPF;17/06/2023;0;0,062;R
ES0000000000004565CCPF;17/06/2023;1;0,062;R
ES0000000000004565CCPF;17/06/2023;2;0,064;R
ES0000000000004565CCPF;17/06/2023;3;0,063;R
ES0000000000004565CCPF;17/06/2023;4;0,064;R
ES0000000000004565CCPF;17/06/2023;5;0,063;R
ES0000000000004565CCPF;17/06/2023;6;0,066;R
ES0000000000004565CCPF;17/06/2023;7;0,06;R
ES0000000000004565CCPF;17/06/2023;8;0,062;R
ES0000000000004565CCPF;17/06/2023;9;0,061;R
ES0000000000004565CCPF;17/06/2023;10;0,063;R
ES0000000000004565CCPF;17/06/2023;11;0,062;R
ES0000000000004565CCPF;17/06/2023;12;0,062;R
ES0000000000004565CCPF;17/06/2023;13;0,063;R
ES0000000000004565CCPF;17/06/2023;14;0,064;R
ES0000000000004565CCPF;17/06/2023;15;0,067;R
ES0000000000004565CCPF;17/06/2023;16;0,062;R
ES0000000000004565CCPF;17/06/2023;17;0,062;R
ES0000000000004565CCPF;17/06/2023;18;0,063;R
ES0000000000004565CCPF;17/06/2023;19;0,065;R
ES0000000000004565CCPF;17/06/2023;20;0,064;R
ES0000000000004565CCPF;17/06/2023;21;0,065;R
ES0000000000004565CCPF;17/06/2023;22;0,064;R
ES0000000000004565CCPF;17/06/2023;23;0,064;R
ES0000000000004565CCPF;18/06/2023;0;0,069;R
ES0000000000004565CCPF;18/06/2023;1;0,065;R
ES0000000000004565CCPF;18/06/2023;2;0,064;R
ES0000000000004565CCPF;18/06/2023;3;0,066;R
ES0000000000004565CCPF;18/06/2023;4;0,066;R
ES0000000000004565CCPF;18/06/2023;5;0,065;R
ES0000000000004565CCPF;18/06/2023;6;0,065;R
ES0000000000004565CCPF;18/06/2023;7;0,065;R
ES0000000000004565CCPF;18/06/2023;8;0,047;R
ES0000000000004565CCPF;18/06/2023;9;0,07;R
ES0000000000004565CCPF;18/06/2023;10;0,064;R
ES0000000000004565CCPF;18/06/2023;11;0,062;R
ES0000000000004565CCPF;18/06/2023;12;0,063;R
ES0000000000004565CCPF;18/06/2023;13;0,065;R
ES0000000000004565CCPF;18/06/2023;14;0,066;R
ES0000000000004565CCPF;18/06/2023;15;0,067;R
ES0000000000004565CCPF;18/06/2023;16;0,067;R
ES0000000000004565CCPF;18/06/2023;17;0,047;R
ES0000000000004565CCPF;18/06/2023;18;0,072;R
ES0000000000004565CCPF;18/06/2023;19;0,064;R
ES0000000000004565CCPF;18/06/2023;20;0,068;R
ES0000000000004565CCPF;18/06/2023;21;0,069;R
ES0000000000004565CCPF;18/06/2023;22;0,067;R
ES0000000000004565CCPF;18/06/2023;23;0,063;R
ES0000000000004565CCPF;19/06/2023;0;0,302;R
ES0000000000004565CCPF;19/06/2023;1;0,062;R
ES0000000000004565CCPF;19/06/2023;2;0,059;R
ES0000000000004565CCPF;19/06/2023;3;0,055;R
ES0000000000004565CCPF;19/06/2023;4;0,058;R
ES0000000000004565CCPF;19/06/2023;5;0,054;R
ES0000000000004565CCPF;19/06/2023;6;0,055;R
ES0000000000004565CCPF;19/06/2023;7;0,058;R
ES0000000000004565CCPF;19/06/2023;8;0,055;R
ES0000000000004565CCPF;19/06/2023;9;0,314;R
ES0000000000004565CCPF;19/06/2023;10;0,332;R
ES0000000000004565CCPF;19/06/2023;11;0,199;R
ES0000000000004565CCPF;19/06/2023;12;0,176;R
ES0000000000004565CCPF;19/06/2023;13;0,489;R
ES0000000000004565CCPF;19/06/2023;14;0,344;R
ES0000000000004565CCPF;19/06/2023;15;0,157;R
ES0000000000004565CCPF;19/06/2023;16;0,209;R
ES0000000000004565CCPF;19/06/2023;17;0,149;R
ES0000000000004565CCPF;19/06/2023;18;0,091;R
ES0000000000004565CCPF;19/06/2023;19;0,091;R
ES0000000000004565CCPF;19/06/2023;20;0,081;R
ES0000000000004565CCPF;19/06/2023;21;0,074;R
ES0000000000004565CCPF;19/06/2023;22;0,074;R
ES0000000000004565CCPF;19/06/2023;23;0,348;R
ES0000000000004565CCPF;20/06/2023;0;0,335;R
ES0000000000004565CCPF;20/06/2023;1;0,096;R
ES0000000000004565CCPF;20/06/2023;2;0,061;R
ES0000000000004565CCPF;20/06/2023;3;0,061;R
ES0000000000004565CCPF;20/06/2023;4;0,06;R
ES0000000000004565CCPF;20/06/2023;5;0,063;R
ES0000000000004565CCPF;20/06/2023;6;0,06;R
ES0000000000004565CCPF;20/06/2023;7;0,059;R
ES0000000000004565CCPF;20/06/2023;8;0,06;R
ES0000000000004565CCPF;20/06/2023;9;0,449;R
ES0000000000004565CCPF;20/06/2023;10;0,306;R
ES0000000000004565CCPF;20/06/2023;11;0,103;R
ES0000000000004565CCPF;20/06/2023;12;0,058;R
ES0000000000004565CCPF;20/06/2023;13;0,054;R
ES0000000000004565CCPF;20/06/2023;14;0,046;R
ES0000000000004565CCPF;20/06/2023;15;0,06;R
ES0000000000004565CCPF;20/06/2023;16;0,111;R
ES0000000000004565CCPF;20/06/2023;17;0,174;R
ES0000000000004565CCPF;20/06/2023;18;0,182;R
ES0000000000004565CCPF;20/06/2023;19;0,076;R
ES0000000000004565CCPF;20/06/2023;20;0,06;R
ES0000000000004565CCPF;20/06/2023;21;0,06;R
ES0000000000004565CCPF;20/06/2023;22;0,553;R
ES0000000000004565CCPF;20/06/2023;23;0,433;R
ES0000000000004565CCPF;21/06/2023;0;0,22;R
ES0000000000004565CCPF;21/06/2023;1;0,057;R
ES0000000000004565CCPF;21/06/2023;2;0,057;R
ES0000000000004565CCPF;21/06/2023;3;0,057;R
ES0000000000004565CCPF;21/06/2023;4;0,056;R
ES0000000000004565CCPF;21/06/2023;5;0,056;R
ES0000000000004565CCPF;21/06/2023;6;0,056;R
ES0000000000004565CCPF;21/06/2023;7;0,056;R
ES0000000000004565CCPF;21/06/2023;8;0,17;R
ES0000000000004565CCPF;21/06/2023;9;0,529;R
ES0000000000004565CCPF;21/06/2023;10;0,168;R
ES0000000000004565CCPF;21/06/2023;11;0,084;R
ES0000000000004565CCPF;21/06/2023;12;0,086;R
ES0000000000004565CCPF;21/06/2023;13;0,072;R
ES0000000000004565CCPF;21/06/2023;14;0,068;R
ES0000000000004565CCPF;21/06/2023;15;0,069;R
ES0000000000004565CCPF;21/06/2023;16;0,069;R
ES0000000000004565CCPF;21/06/2023;17;0,07;R
ES0000000000004565CCPF;21/06/2023;18;0,071;R
ES0000000000004565CCPF;21/06/2023;19;0,069;R
ES0000000000004565CCPF;21/06/2023;20;0,069;R
ES0000000000004565CCPF;21/06/2023;21;0,069;R
ES0000000000004565CCPF;21/06/2023;22;0,068;R
ES0000000000004565CCPF;21/06/2023;23;0,069;R
ES0000000000004565CCPF;22/06/2023;0;0,068;R
ES0000000000004565CCPF;22/06/2023;1;0,067;R
ES0000000000004565CCPF;22/06/2023;2;0,067;R
ES0000000000004565CCPF;22/06/2023;3;0,059;R
ES0000000000004565CCPF;22/06/2023;4;0,064;R
ES0000000000004565CCPF;22/06/2023;5;0,066;R
ES0000000000004565CCPF;22/06/2023;6;0,068;R
ES0000000000004565CCPF;22/06/2023;7;0,07;R
ES0000000000004565CCPF;22/06/2023;8;0,071;R
ES0000000000004565CCPF;22/06/2023;9;0,07;R
ES0000000000004565CCPF;22/06/2023;10;0,068;R
ES0000000000004565CCPF;22/06/2023;11;0,067;R
ES0000000000004565CCPF;22/06/2023;12;0,07;R
ES0000000000004565CCPF;22/06/2023;13;0,068;R
ES0000000000004565CCPF;22/06/2023;14;0,069;R
ES0000000000004565CCPF;22/06/2023;15;0,067;R
ES0000000000004565CCPF;22/06/2023;16;0,065;R
ES0000000000004565CCPF;22/06/2023;17;0,065;R
ES0000000000004565CCPF;22/06/2023;18;0,067;R
ES0000000000004565CCPF;22/06/2023;19;0,067;R
ES0000000000004565CCPF;22/06/2023;20;0,069;R
ES0000000000004565CCPF;22/06/2023;21;0,063;R
ES0000000000004565CCPF;22/06/2023;22;0,068;R
ES0000000000004565CCPF;22/06/2023;23;0,071;R
ES0000000000004565CCPF;23/06/2023;0;0,07;R
ES0000000000004565CCPF;23/06/2023;1;0,069;R
ES0000000000004565CCPF;23/06/2023;2;0,069;R
ES0000000000004565CCPF;23/06/2023;3;0,069;R
ES0000000000004565CCPF;23/06/2023;4;0,068;R
ES0000000000004565CCPF;23/06/2023;5;0,068;R
ES0000000000004565CCPF;23/06/2023;6;0,061;R
ES0000000000004565CCPF;23/06/2023;7;0,071;R
ES0000000000004565CCPF;23/06/2023;8;0,068;R
ES0000000000004565CCPF;23/06/2023;9;0,067;R
ES0000000000004565CCPF;23/06/2023;10;0,068;R
ES0000000000004565CCPF;23/06/2023;11;0,069;R
ES0000000000004565CCPF;23/06/2023;12;0,073;R
ES0000000000004565CCPF;23/06/2023;13;0,072;R
ES0000000000004565CCPF;23/06/2023;14;0,071;R
ES0000000000004565CCPF;23/06/2023;15;0,07;R
ES0000000000004565CCPF;23/06/2023;16;0,071;R
ES0000000000004565CCPF;23/06/2023;17;0,069;R
ES0000000000004565CCPF;23/06/2023;18;0,069;R
ES0000000000004565CCPF;23/06/2023;19;0,07;R
ES0000000000004565CCPF;23/06/2023;20;0,07;R
ES0000000000004565CCPF;23/06/2023;21;0,071;R
ES0000000000004565CCPF;23/06/2023;22;0,069;R
ES0000000000004565CCPF;23/06/2023;23;0,069;R
ES0000000000004565CCPF;24/06/2023;0;0,07;R
ES0000000000004565CCPF;24/06/2023;1;0,073;R
ES0000000000004565CCPF;24/06/2023;2;0,069;R
ES0000000000004565CCPF;24/06/2023;3;0,07;R
ES0000000000004565CCPF;24/06/2023;4;0,069;R
ES0000000000004565CCPF;24/06/2023;5;0,07;R
ES0000000000004565CCPF;24/06/2023;6;0,069;R
ES0000000000004565CCPF;24/06/2023;7;0,068;R
ES0000000000004565CCPF;24/06/2023;8;0,069;R
ES0000000000004565CCPF;24/06/2023;9;0,068;R
ES0000000000004565CCPF;24/06/2023;10;0,072;R
ES0000000000004565CCPF;24/06/2023;11;0,07;R
ES0000000000004565CCPF;24/06/2023;12;0,069;R
ES0000000000004565CCPF;24/06/2023;13;0,07;R
ES0000000000004565CCPF;24/06/2023;14;0,07;R
ES0000000000004565CCPF;24/06/2023;15;0,069;R
ES0000000000004565CCPF;24/06/2023;16;0,069;R
ES0000000000004565CCPF;24/06/2023;17;0,07;R
ES0000000000004565CCPF;24/06/2023;18;0,069;R
ES0000000000004565CCPF;24/06/2023;19;0,074;R
ES0000000000004565CCPF;24/06/2023;20;0,071;R
ES0000000000004565CCPF;24/06/2023;21;0,071;R
ES0000000000004565CCPF;24/06/2023;22;0,071;R
ES0000000000004565CCPF;24/06/2023;23;0,074;R
ES0000000000004565CCPF;25/06/2023;0;0,075;R
ES0000000000004565CCPF;25/06/2023;1;0,074;R
ES0000000000004565CCPF;25/06/2023;2;0,072;R
ES0000000000004565CCPF;25/06/2023;3;0,064;R
ES0000000000004565CCPF;25/06/2023;4;0,072;R
ES0000000000004565CCPF;25/06/2023;5;0,075;R
ES0000000000004565CCPF;25/06/2023;6;0,073;R
ES0000000000004565CCPF;25/06/2023;7;0,071;R
ES0000000000004565CCPF;25/06/2023;8;0,07;R
ES0000000000004565CCPF;25/06/2023;9;0,072;R
ES0000000000004565CCPF;25/06/2023;10;0,071;R
ES0000000000004565CCPF;25/06/2023;11;0,072;R
ES0000000000004565CCPF;25/06/2023;12;0,074;R
ES0000000000004565CCPF;25/06/2023;13;0,071;R
ES0000000000004565CCPF;25/06/2023;14;0,072;R
ES0000000000004565CCPF;25/06/2023;15;0,071;R
ES0000000000004565CCPF;25/06/2023;16;0,073;R
ES0000000000004565CCPF;25/06/2023;17;0,072;R
ES0000000000004565CCPF;25/06/2023;18;0,074;R
ES0000000000004565CCPF;25/06/2023;19;0,074;R
ES0000000000004565CCPF;25/06/2023;20;0,07;R
ES0000000000004565CCPF;25/06/2023;21;0,077;R
ES0000000000004565CCPF;25/06/2023;22;0,072;R
ES0000000000004565CCPF;25/06/2023;23;0,074;R
ES0000000000004565CCPF;26/06/2023;0;0,076;R
ES0000000000004565CCPF;26/06/2023;1;0,119;R
ES0000000000004565CCPF;26/06/2023;2;0,1;R
ES0000000000004565CCPF;26/06/2023;3;0,088;R
ES0000000000004565CCPF;26/06/2023;4;0,083;R
ES0000000000004565CCPF;26/06/2023;5;0,08;R
ES0000000000004565CCPF;26/06/2023;6;0,081;R
ES0000000000004565CCPF;26/06/2023;7;0,085;R
ES0000000000004565CCPF;26/06/2023;8;0,094;R
ES0000000000004565CCPF;26/06/2023;9;0,115;R
ES0000000000004565CCPF;26/06/2023;10;0,126;R
ES0000000000004565CCPF;26/06/2023;11;0,084;R
ES0000000000004565CCPF;26/06/2023;12;0,086;R
ES0000000000004565CCPF;26/06/2023;13;0,09;R
ES0000000000004565CCPF;26/06/2023;14;0,098;R
ES0000000000004565CCPF;26/06/2023;15;0,16;R
ES0000000000004565CCPF;26/06/2023;16;0,148;R
ES0000000000004565CCPF;26/06/2023;17;0,142;R
ES0000000000004565CCPF;26/06/2023;18;0,142;R
ES0000000000004565CCPF;26/06/2023;19;0,089;R
ES0000000000004565CCPF;26/06/2023;20;0,091;R
ES0000000000004565CCPF;26/06/2023;21;0,097;R
ES0000000000004565CCPF;26/06/2023;22;0,106;R
ES0000000000004565CCPF;26/06/2023;23;0,177;R
ES0000000000004565CCPF;27/06/2023;0;0,153;R
ES0000000000004565CCPF;27/06/2023;1;0,118;R
ES0000000000004565CCPF;27/06/2023;2;0,099;R
ES0000000000004565CCPF;27/06/2023;3;0,088;R
ES0000000000004565CCPF;27/06/2023;4;0,082;R
ES0000000000004565CCPF;27/06/2023;5;0,08;R
ES0000000000004565CCPF;27/06/2023;6;0,08;R
ES0000000000004565CCPF;27/06/2023;7;0,084;R
ES0000000000004565CCPF;27/06/2023;8;0,095;R
ES0000000000004565CCPF;27/06/2023;9;0,115;R
ES0000000000004565CCPF;27/06/2023;10;0,126;R
ES0000000000004565CCPF;27/06/2023;11;0,083;R
ES0000000000004565CCPF;27/06/2023;12;0,086;R
ES0000000000004565CCPF;27/06/2023;13;0,09;R
ES0000000000004565CCPF;27/06/2023;14;0,097;R
ES0000000000004565CCPF;27/06/2023;15;0,158;R
ES0000000000004565CCPF;27/06/2023;16;0,147;R
ES0000000000004565CCPF;27/06/2023;17;0,142;R
ES0000000000004565CCPF;27/06/2023;18;0,142;R
ES0000000000004565CCPF;27/06/2023;19;0,089;R
ES0000000000004565CCPF;27/06/2023;20;0,091;R
ES0000000000004565CCPF;27/06/2023;21;0,096;R
ES0000000000004565CCPF;27/06/2023;22;0,104;R
ES0000000000004565CCPF;27/06/2023;23;0,176;R
ES0000000000004565CCPF;28/06/2023;0;0,153;R
ES0000000000004565CCPF;28/06/2023;1;0,12;R
ES0000000000004565CCPF;28/06/2023;2;0,1;R
ES0000000000004565CCPF;28/06/2023;3;0,089;R
ES0000000000004565CCPF;28/06/2023;4;0,083;R
ES0000000000004565CCPF;28/06/2023;5;0,08;R
ES0000000000004565CCPF;28/06/2023;6;0,081;R
ES0000000000004565CCPF;28/06/2023;7;0,085;R
ES0000000000004565CCPF;28/06/2023;8;0,096;R
ES0000000000004565CCPF;28/06/2023;9;0,117;R
ES0000000000004565CCPF;28/06/2023;10;0,127;R
ES0000000000004565CCPF;28/06/2023;11;0,083;R
ES0000000000004565CCPF;28/06/2023;12;0,085;R
ES0000000000004565CCPF;28/06/2023;13;0,09;R
ES0000000000004565CCPF;28/06/2023;14;0,097;R
ES0000000000004565CCPF;28/06/2023;15;0,158;R
ES0000000000004565CCPF;28/06/2023;16;0,147;R
ES0000000000004565CCPF;28/06/2023;17;0,141;R
ES0000000000004565CCPF;28/06/2023;18;0,142;R
ES0000000000004565CCPF;28/06/2023;19;0,089;R
ES0000000000004565CCPF;28/06/2023;20;0,091;R
ES0000000000004565CCPF;28/06/2023;21;0,096;R
ES0000000000004565CCPF;28/06/2023;22;0,104;R
ES0000000000004565CCPF;28/06/2023;23;0,175;R
ES0000000000004565CCPF;29/06/2023;0;0,153;R
ES0000000000004565CCPF;29/06/2023;1;0,119;R
ES0000000000004565CCPF;29/06/2023;2;0,1;R
ES0000000000004565CCPF;29/06/2023;3;0,088;R
ES0000000000004565CCPF;29/06/2023;4;0,083;R
ES0000000000004565CCPF;29/06/2023;5;0,08;R
ES0000000000004565CCPF;29/06/2023;6;0,081;R
ES0000000000004565CCPF;29/06/2023;7;0,084;R
ES0000000000004565CCPF;29/06/2023;8;0,095;R
ES0000000000004565CCPF;29/06/2023;9;0,117;R
ES0000000000004565CCPF;29/06/2023;10;0,127;R
ES0000000000004565CCPF;29/06/2023;11;0,082;R
ES0000000000004565CCPF;29/06/2023;12;0,085;R
ES0000000000004565CCPF;29/06/2023;13;0,09;R
ES0000000000004565CCPF;29/06/2023;14;0,097;R
ES0000000000004565CCPF;29/06/2023;15;0,158;R
ES0000000000004565CCPF;29/06/2023;16;0,146;R
ES0000000000004565CCPF;29/06/2023;17;0,141;R
ES0000000000004565CCPF;29/06/2023;18;0,142;R
ES0000000000004565CCPF;29/06/2023;19;0,089;R
ES0000000000004565CCPF;29/06/2023;20;0,091;R
ES0000000000004565CCPF;29/06/2023;21;0,096;R
ES0000000000004565CCPF;29/06/2023;22;0,104;R
ES0000000000004565CCPF;29/06/2023;23;0,174;R
ES0000000000004565CCPF;30/06/2023;0;0,153;R
ES0000000000004565CCPF;30/06/2023;1;0,266;R
ES0000000000004565CCPF;30/06/2023;2;0,066;R
ES0000000000004565CCPF;30/06/2023;3;0,056;R
ES0000000000004565CCPF;30/06/2023;4;0,056;R
ES0000000000004565CCPF;30/06/2023;5;0,056;R
ES0000000000004565CCPF;30/06/2023;6;0,054;R
ES0000000000004565CCPF;30/06/2023;7;0,053;R
ES0000000000004565CCPF;30/06/2023;8;0,114;R
ES0000000000004565CCPF;30/06/2023;9;0,059;R
ES0000000000004565CCPF;30/06/2023;10;0,047;R
ES0000000000004565CCPF;30/06/2023;11;0,066;R
ES0000000000004565CCPF;30/06/2023;12;0,057;R
ES0000000000004565CCPF;30/06/2023;13;0,057;R
ES0000000000004565CCPF;30/06/2023;14;0,053;R
ES0000000000004565CCPF;30/06/2023;15;0,056;R
ES0000000000004565CCPF;30/06/2023;16;0,054;R
ES0000000000004565CCPF;30/06/2023;17;0,061;R
ES0000000000004565CCPF;30/06/2023;18;0,057;R
ES0000000000004565CCPF;30/06/2023;19;0,057;R
ES0000000000004565CCPF;30/06/2023;20;0,058;R
ES0000000000004565CCPF;30/06/2023;21;0,062;R
ES0000000000004565CCPF;30/06/2023;22;0,063;R
ES0000000000004565CCPF;30/06/2023;23;0,058;R
ES0000000000004565CCPF;01/07/2023;0;0,056;R
ES0000000000004565CCPF;01/07/2023;1;0,055;R
ES0000000000004565CCPF;01/07/2023;2;0,057;R
ES0000000000004565CCPF;01/07/2023;3;0,06;R
ES0000000000004565CCPF;01/07/2023;4;0,058;R
ES0000000000004565CCPF;01/07/2023;5;0,057;R
ES0000000000004565CCPF;01/07/2023;6;0,058;R
ES0000000000004565CCPF;01/07/2023;7;0,058;R
ES0000000000004565CCPF;01/07/2023;8;0,057;R
ES0000000000004565CCPF;01/07/2023;9;0,058;R
ES0000000000004565CCPF;01/07/2023;10;0,061;R
ES0000000000004565CCPF;01/07/2023;11;0,064;R
ES0000000000004565CCPF;01/07/2023;12;0,055;R
ES0000000000004565CCPF;01/07/2023;13;0,057;R
ES0000000000004565CCPF;01/07/2023;14;0,058;R
ES0000000000004565CCPF;01/07/2023;15;0,057;R
ES0000000000004565CCPF;01/07/2023;16;0,059;R
ES0000000000004565CCPF;01/07/2023;17;0,058;R
ES0000000000004565CCPF;01/07/2023;18;0,059;R
ES0000000000004565CCPF;01/07/2023;19;0,063;R
ES0000000000004565CCPF;01/07/2023;20;0,06;R
ES0000000000004565CCPF;01/07/2023;21;0,067;R
ES0000000000004565CCPF;01/07/2023;22;0,065;R
ES0000000000004565CCPF;01/07/2023;23;0,059;R
ES0000000000004565CCPF;02/07/2023;0;0,058;R
ES0000000000004565CCPF;02/07/2023;1;0,056;R
ES0000000000004565CCPF;02/07/2023;2;0,056;R
ES0000000000004565CCPF;02/07/2023;3;0,058;R
ES0000000000004565CCPF;02/07/2023;4;0,063;R
ES0000000000004565CCPF;02/07/2023;5;0,055;R
ES0000000000004565CCPF;02/07/2023;6;0,057;R
ES0000000000004565CCPF;02/07/2023;7;0,062;R
ES0000000000004565CCPF;02/07/2023;8;0,063;R
ES0000000000004565CCPF;02/07/2023;9;0,062;R
ES0000000000004565CCPF;02/07/2023;10;0,055;R
ES0000000000004565CCPF;02/07/2023;11;0,054;R
ES0000000000004565CCPF;02/07/2023;12;0,058;R
ES0000000000004565CCPF;02/07/2023;13;0,055;R
ES0000000000004565CCPF;02/07/2023;14;0,056;R
ES0000000000004565CCPF;02/07/2023;15;0,057;R
ES0000000000004565CCPF;02/07/2023;16;0,059;R
ES0000000000004565CCPF;02/07/2023;17;0,06;R
ES0000000000004565CCPF;02/07/2023;18;0,063;R
ES0000000000004565CCPF;02/07/2023;19;0,067;R
ES0000000000004565CCPF;02/07/2023;20;0,057;R
ES0000000000004565CCPF;02/07/2023;21;0,061;R
ES0000000000004565CCPF;02/07/2023;22;0,056;R
ES0000000000004565CCPF;02/07/2023;23;0,058;R
ES0000000000004565CCPF;03/07/2023;0;0,06;R
ES0000000000004565CCPF;03/07/2023;1;0,059;R
ES0000000000004565CCPF;03/07/2023;2;0,06;R
ES0000000000004565CCPF;03/07/2023;3;0,065;R
ES0000000000004565CCPF;03/07/2023;4;0,062;R
ES0000000000004565CCPF;03/07/2023;5;0,058;R
ES0000000000004565CCPF;03/07/2023;6;0,062;R
ES0000000000004565CCPF;03/07/2023;7;0,059;R
ES0000000000004565CCPF;03/07/2023;8;0,058;R
ES0000000000004565CCPF;03/07/2023;9;0,056;R
ES0000000000004565CCPF;03/07/2023;10;0,057;R
ES0000000000004565CCPF;03/07/2023;11;0,057;R
ES0000000000004565CCPF;03/07/2023;12;0,061;R
ES0000000000004565CCPF;03/07/2023;13;0,068;R
ES0000000000004565CCPF;03/07/2023;14;0,062;R
ES0000000000004565CCPF;03/07/2023;15;0,058;R
ES0000000000004565CCPF;03/07/2023;16;0,064;R
ES0000000000004565CCPF;03/07/2023;17;0,058;R
ES0000000000004565CCPF;03/07/2023;18;0,058;R
ES0000000000004565CCPF;03/07/2023;19;0,059;R
ES0000000000004565CCPF;03/07/2023;20;0,061;R
ES0000000000004565CCPF;03/07/2023;21;0,07;R
ES0000000000004565CCPF;03/07/2023;22;0,063;R
ES0000000000004565CCPF;03/07/2023;23;0,059;R
ES0000000000004565CCPF;04/07/2023;0;0,063;R
ES0000000000004565CCPF;04/07/2023;1;0,059;R
ES0000000000004565CCPF;04/07/2023;2;0,059;R
ES0000000000004565CCPF;04/07/2023;3;0,058;R
ES0000000000004565CCPF;04/07/2023;4;0,062;R
ES0000000000004565CCPF;04/07/2023;5;0,069;R
ES0000000000004565CCPF;04/07/2023;6;0,06;R
ES0000000000004565CCPF;04/07/2023;7;0,059;R
ES0000000000004565CCPF;04/07/2023;8;0,057;R
ES0000000000004565CCPF;04/07/2023;9;0,061;R
ES0000000000004565CCPF;04/07/2023;10;0,058;R
ES0000000000004565CCPF;04/07/2023;11;0,06;R
ES0000000000004565CCPF;04/07/2023;12;0,06;R
ES0000000000004565CCPF;04/07/2023;13;0,065;R
ES0000000000004565CCPF;04/07/2023;14;0,065;R
ES0000000000004565CCPF;04/07/2023;15;0,057;R
ES0000000000004565CCPF;04/07/2023;16;0,06;R
ES0000000000004565CCPF;04/07/2023;17;0,06;R
ES0000000000004565CCPF;04/07/2023;18;0,065;R
ES0000000000004565CCPF;04/07/2023;19;0,061;R
ES0000000000004565CCPF;04/07/2023;20;0,062;R
ES0000000000004565CCPF;04/07/2023;21;0,072;R
ES0000000000004565CCPF;04/07/2023;22;0,061;R
ES0000000000004565CCPF;04/07/2023;23;0,058;R
ES0000000000004565CCPF;05/07/2023;0;0,061;R
ES0000000000004565CCPF;05/07/2023;1;0,063;R
ES0000000000004565CCPF;05/07/2023;2;0,054;R
ES0000000000004565CCPF;05/07/2023;3;0,067;R
ES0000000000004565CCPF;05/07/2023;4;0,065;R
ES0000000000004565CCPF;05/07/2023;5;0,067;R
ES0000000000004565CCPF;05/07/2023;6;0,056;R
ES0000000000004565CCPF;05/07/2023;7;0,057;R
ES0000000000004565CCPF;05/07/2023;8;0,059;R
ES0000000000004565CCPF;05/07/2023;9;0,059;R
ES0000000000004565CCPF;05/07/2023;10;0,065;R
ES0000000000004565CCPF;05/07/2023;11;0,052;R
ES0000000000004565CCPF;05/07/2023;12;0,063;R
ES0000000000004565CCPF;05/07/2023;13;0,067;R
ES0000000000004565CCPF;05/07/2023;14;0,062;R
ES0000000000004565CCPF;05/07/2023;15;0,059;R
ES0000000000004565CCPF;05/07/2023;16;0,058;R
ES0000000000004565CCPF;05/07/2023;17;0,06;R
ES0000000000004565CCPF;05/07/2023;18;0,066;R
ES0000000000004565CCPF;05/07/2023;19;0,068;R
ES0000000000004565CCPF;05/07/2023;20;0,059;R
ES0000000000004565CCPF;05/07/2023;21;0,067;R
ES0000000000004565CCPF;05/07/2023;22;0,059;R
ES0000000000004565CCPF;05/07/2023;23;0,058;R
ES0000000000004565CCPF;06/07/2023;0;0,06;R
ES0000000000004565CCPF;06/07/2023;1;0,065;R
ES0000000000004565CCPF;06/07/2023;2;0,069;R
ES0000000000004565CCPF;06/07/2023;3;0,059;R
ES0000000000004565CCPF;06/07/2023;4;0,059;R
ES0000000000004565CCPF;06/07/2023;5;0,059;R
ES0000000000004565CCPF;06/07/2023;6;0,065;R
ES0000000000004565CCPF;06/07/2023;7;0,059;R
ES0000000000004565CCPF;06/07/2023;8;0,06;R
ES0000000000004565CCPF;06/07/2023;9;0,068;R
ES0000000000004565CCPF;06/07/2023;10;0,063;R
ES0000000000004565CCPF;06/07/2023;11;0,059;R
ES0000000000004565CCPF;06/07/2023;12;0,059;R
ES0000000000004565CCPF;06/07/2023;13;0,059;R
ES0000000000004565CCPF;06/07/2023;14;0,06;R
ES0000000000004565CCPF;06/07/2023;15;0,067;R
ES0000000000004565CCPF;06/07/2023;16;0,064;R
ES0000000000004565CCPF;06/07/2023;17;0,069;R
ES0000000000004565CCPF;06/07/2023;18;0,06;R
ES0000000000004565CCPF;06/07/2023;19;0,06;R
ES0000000000004565CCPF;06/07/2023;20;0,061;R
ES0000000000004565CCPF;06/07/2023;21;0,065;R
ES0000000000004565CCPF;06/07/2023;22;0,07;R
ES0000000000004565CCPF;06/07/2023;23;0,056;R
ES0000000000004565CCPF;07/07/2023;0;0,066;R
ES0000000000004565CCPF;07/07/2023;1;0,06;R
ES0000000000004565CCPF;07/07/2023;2;0,06;R
ES0000000000004565CCPF;07/07/2023;3;0,06;R
ES0000000000004565CCPF;07/07/2023;4;0,062;R
ES0000000000004565CCPF;07/07/2023;5;0,069;R
ES0000000000004565CCPF;07/07/2023;6;0,06;R
ES0000000000004565CCPF;07/07/2023;7;0,06;R
ES0000000000004565CCPF;07/07/2023;8;0,064;R
ES0000000000004565CCPF;07/07/2023;9;0,058;R
ES0000000000004565CCPF;07/07/2023;10;0,06;R
ES0000000000004565CCPF;07/07/2023;11;0,059;R
ES0000000000004565CCPF;07/07/2023;12;0,065;R
ES0000000000004565CCPF;07/07/2023;13;0,067;R
ES0000000000004565CCPF;07/07/2023;14;0,06;R
ES0000000000004565CCPF;07/07/2023;15;0,071;R
ES0000000000004565CCPF;07/07/2023;16;0,063;R
ES0000000000004565CCPF;07/07/2023;17;0,069;R
ES0000000000004565CCPF;07/07/2023;18;0,063;R
ES0000000000004565CCPF;07/07/2023;19;0,071;R
ES0000000000004565CCPF;07/07/2023;20;0,07;R
ES0000000000004565CCPF;07/07/2023;21;0,062;R
ES0000000000004565CCPF;07/07/2023;22;0,062;R
ES0000000000004565CCPF;07/07/2023;23;0,06;R
ES0000000000004565CCPF;08/07/2023;0;0,061;R
ES0000000000004565CCPF;08/07/2023;1;0,062;R
ES0000000000004565CCPF;08/07/2023;2;0,067;R
ES0000000000004565CCPF;08/07/2023;3;0,06;R
ES0000000000004565CCPF;08/07/2023;4;0,062;R
ES0000000000004565CCPF;08/07/2023;5;0,068;R
ES0000000000004565CCPF;08/07/2023;6;0,071;R
ES0000000000004565CCPF;08/07/2023;7;0,064;R
ES0000000000004565CCPF;08/07/2023;8;0,06;R
ES0000000000004565CCPF;08/07/2023;9;0,058;R
ES0000000000004565CCPF;08/07/2023;10;0,058;R
ES0000000000004565CCPF;08/07/2023;11;0,062;R
ES0000000000004565CCPF;08/07/2023;12;0,06;R
ES0000000000004565CCPF;08/07/2023;13;0,06;R
ES0000000000004565CCPF;08/07/2023;14;0,062;R
ES0000000000004565CCPF;08/07/2023;15;0,062;R
ES0000000000004565CCPF;08/07/2023;16;0,07;R
ES0000000000004565CCPF;08/07/2023;17;0,069;R
ES0000000000004565CCPF;08/07/2023;18;0,065;R
ES0000000000004565CCPF;08/07/2023;19;0,062;R
ES0000000000004565CCPF;08/07/2023;20;0,065;R
ES0000000000004565CCPF;08/07/2023;21;0,061;R
ES0000000000004565CCPF;08/07/2023;22;0,062;R
ES0000000000004565CCPF;08/07/2023;23;0,062;R
ES0000000000004565CCPF;09/07/2023;0;0,06;R
ES0000000000004565CCPF;09/07/2023;1;0,062;R
ES0000000000004565CCPF;09/07/2023;2;0,069;R
ES0000000000004565CCPF;09/07/2023;3;0,068;R
ES0000000000004565CCPF;09/07/2023;4;0,054;R
ES0000000000004565CCPF;09/07/2023;5;0,063;R
ES0000000000004565CCPF;09/07/2023;6;0,065;R
ES0000000000004565CCPF;09/07/2023;7;0,059;R
ES0000000000004565CCPF;09/07/2023;8;0,059;R
ES0000000000004565CCPF;09/07/2023;9;0,06;R
ES0000000000004565CCPF;09/07/2023;10;0,059;R
ES0000000000004565CCPF;09/07/2023;11;0,061;R
ES0000000000004565CCPF;09/07/2023;12;0,061;R
ES0000000000004565CCPF;09/07/2023;13;0,059;R
ES0000000000004565CCPF;09/07/2023;14;0,067;R
ES0000000000004565CCPF;09/07/2023;15;0,062;R
ES0000000000004565CCPF;09/07/2023;16;0,067;R
ES0000000000004565CCPF;09/07/2023;17;0,066;R
ES0000000000004565CCPF;09/07/2023;18;0,063;R
ES0000000000004565CCPF;09/07/2023;19;0,06;R
ES0000000000004565CCPF;09/07/2023;20;0,06;R
ES0000000000004565CCPF;09/07/2023;21;0,062;R
ES0000000000004565CCPF;09/07/2023;22;0,062;R
ES0000000000004565CCPF;09/07/2023;23;0,069;R
ES0000000000004565CCPF;10/07/2023;0;0,063;R
ES0000000000004565CCPF;10/07/2023;1;0,065;R
ES0000000000004565CCPF;10/07/2023;2;0,069;R
ES0000000000004565CCPF;10/07/2023;3;0,067;R
ES0000000000004565CCPF;10/07/2023;4;0,06;R
ES0000000000004565CCPF;10/07/2023;5;0,062;R
ES0000000000004565CCPF;10/07/2023;6;0,061;R
ES0000000000004565CCPF;10/07/2023;7;0,062;R
ES0000000000004565CCPF;10/07/2023;8;0,064;R
ES0000000000004565CCPF;10/07/2023;9;0,059;R
ES0000000000004565CCPF;10/07/2023;10;0,06;R
ES0000000000004565CCPF;10/07/2023;11;0,063;R
ES0000000000004565CCPF;10/07/2023;12;0,07;R
ES0000000000004565CCPF;10/07/2023;13;0,069;R
ES0000000000004565CCPF;10/07/2023;14;0,061;R
ES0000000000004565CCPF;10/07/2023;15;0,061;R
ES0000000000004565CCPF;10/07/2023;16;0,063;R
ES0000000000004565CCPF;10/07/2023;17;0,068;R
ES0000000000004565CCPF;10/07/2023;18;0,06;R
ES0000000000004565CCPF;10/07/2023;19;0,061;R
ES0000000000004565CCPF;10/07/2023;20;0,063;R
ES0000000000004565CCPF;10/07/2023;21;0,073;R
ES0000000000004565CCPF;10/07/2023;22;0,071;R
ES0000000000004565CCPF;10/07/2023;23;0,062;R
ES0000000000004565CCPF;11/07/2023;0;0,061;R
ES0000000000004565CCPF;11/07/2023;1;0,062;R
ES0000000000004565CCPF;11/07/2023;2;0,067;R
ES0000000000004565CCPF;11/07/2023;3;0,062;R
ES0000000000004565CCPF;11/07/2023;4;0,063;R
ES0000000000004565CCPF;11/07/2023;5;0,069;R
ES0000000000004565CCPF;11/07/2023;6;0,073;R
ES0000000000004565CCPF;11/07/2023;7;0,062;R
ES0000000000004565CCPF;11/07/2023;8;0,06;R
ES0000000000004565CCPF;11/07/2023;9;0,062;R
ES0000000000004565CCPF;11/07/2023;10;0,063;R
ES0000000000004565CCPF;11/07/2023;11;0,068;R
ES0000000000004565CCPF;11/07/2023;12;0,063;R
ES0000000000004565CCPF;11/07/2023;13;0,067;R
ES0000000000004565CCPF;11/07/2023;14;0,075;R
ES0000000000004565CCPF;11/07/2023;15;0,065;R
ES0000000000004565CCPF;11/07/2023;16;0,061;R
ES0000000000004565CCPF;11/07/2023;17;0,062;R
ES0000000000004565CCPF;11/07/2023;18;0,064;R
ES0000000000004565CCPF;11/07/2023;19;0,064;R
ES0000000000004565CCPF;11/07/2023;20;0,071;R
ES0000000000004565CCPF;11/07/2023;21;0,073;R
ES0000000000004565CCPF;11/07/2023;22;0,073;R
ES0000000000004565CCPF;11/07/2023;23;0,062;R
ES0000000000004565CCPF;12/07/2023;0;0,061;R
ES0000000000004565CCPF;12/07/2023;1;0,064;R
ES0000000000004565CCPF;12/07/2023;2;0,072;R
ES0000000000004565CCPF;12/07/2023;3;0,071;R
ES0000000000004565CCPF;12/07/2023;4;0,06;R
ES0000000000004565CCPF;12/07/2023;5;0,066;R
ES0000000000004565CCPF;12/07/2023;6;0,062;R
ES0000000000004565CCPF;12/07/2023;7;0,062;R
ES0000000000004565CCPF;12/07/2023;8;0,063;R
ES0000000000004565CCPF;12/07/2023;9;0,063;R
ES0000000000004565CCPF;12/07/2023;10;0,07;R
ES0000000000004565CCPF;12/07/2023;11;0,07;R
ES0000000000004565CCPF;12/07/2023;12;0,063;R
ES0000000000004565CCPF;12/07/2023;13;0,062;R
ES0000000000004565CCPF;12/07/2023;14;0,067;R
ES0000000000004565CCPF;12/07/2023;15;0,064;R
ES0000000000004565CCPF;12/07/2023;16;0,065;R
ES0000000000004565CCPF;12/07/2023;17;0,098;R
ES0000000000004565CCPF;12/07/2023;18;0,178;R
ES0000000000004565CCPF;12/07/2023;19;0,149;R
ES0000000000004565CCPF;12/07/2023;20;0,108;R
ES0000000000004565CCPF;12/07/2023;21;0,107;R
ES0000000000004565CCPF;12/07/2023;22;0,09;R
ES0000000000004565CCPF;12/07/2023;23;0,192;R
ES0000000000004565CCPF;13/07/2023;0;0,422;R
ES0000000000004565CCPF;13/07/2023;1;0,175;R
ES0000000000004565CCPF;13/07/2023;2;0,073;R
ES0000000000004565CCPF;13/07/2023;3;0,078;R
ES0000000000004565CCPF;13/07/2023;4;0,083;R
ES0000000000004565CCPF;13/07/2023;5;0,072;R
ES0000000000004565CCPF;13/07/2023;6;0,074;R
ES0000000000004565CCPF;13/07/2023;7;0,072;R
ES0000000000004565CCPF;13/07/2023;8;0,079;R
ES0000000000004565CCPF;13/07/2023;9;0,196;R
ES0000000000004565CCPF;13/07/2023;10;0,072;R
ES0000000000004565CCPF;13/07/2023;11;0,072;R
ES0000000000004565CCPF;13/07/2023;12;0,065;R
ES0000000000004565CCPF;13/07/2023;13;0,062;R
ES0000000000004565CCPF;13/07/2023;14;0,06;R
ES0000000000004565CCPF;13/07/2023;15;0,062;R
ES0000000000004565CCPF;13/07/2023;16;0,063;R
ES0000000000004565CCPF;13/07/2023;17;0,068;R
ES0000000000004565CCPF;13/07/2023;18;0,074;R
ES0000000000004565CCPF;13/07/2023;19;0,07;R
ES0000000000004565CCPF;13/07/2023;20;0,062;R
ES0000000000004565CCPF;13/07/2023;21;0,061;R
ES0000000000004565CCPF;13/07/2023;22;0,067;R
ES0000000000004565CCPF;13/07/2023;23;0,076;R
ES0000000000004565CCPF;14/07/2023;0;0,064;R
ES0000000000004565CCPF;14/07/2023;1;0,066;R
ES0000000000004565CCPF;14/07/2023;2;0,061;R
ES0000000000004565CCPF;14/07/2023;3;0,061;R
ES0000000000004565CCPF;14/07/2023;4;0,062;R
ES0000000000004565CCPF;14/07/2023;5;0,074;R
ES0000000000004565CCPF;14/07/2023;6;0,066;R
ES0000000000004565CCPF;14/07/2023;7;0,06;R
ES0000000000004565CCPF;14/07/2023;8;0,062;R
ES0000000000004565CCPF;14/07/2023;9;0,063;R
ES0000000000004565CCPF;14/07/2023;10;0,059;R
ES0000000000004565CCPF;14/07/2023;11;0,07;R
ES0000000000004565CCPF;14/07/2023;12;0,072;R
ES0000000000004565CCPF;14/07/2023;13;0,067;R
ES0000000000004565CCPF;14/07/2023;14;0,063;R
ES0000000000004565CCPF;14/07/2023;15;0,063;R
ES0000000000004565CCPF;14/07/2023;16;0,124;R
ES0000000000004565CCPF;14/07/2023;17;0,077;R
ES0000000000004565CCPF;14/07/2023;18;0,062;R
ES0000000000004565CCPF;14/07/2023;19;0,062;R
ES0000000000004565CCPF;14/07/2023;20;0,072;R
ES0000000000004565CCPF;14/07/2023;21;0,065;R
ES0000000000004565CCPF;14/07/2023;22;0,064;R
ES0000000000004565CCPF;14/07/2023;23;0,075;R
ES0000000000004565CCPF;15/07/2023;0;0,065;R
ES0000000000004565CCPF;15/07/2023;1;0,062;R
ES0000000000004565CCPF;15/07/2023;2;0,062;R
ES0000000000004565CCPF;15/07/2023;3;0,075;R
ES0000000000004565CCPF;15/07/2023;4;0,061;R
ES0000000000004565CCPF;15/07/2023;5;0,071;R
ES0000000000004565CCPF;15/07/2023;6;0,065;R
ES0000000000004565CCPF;15/07/2023;7;0,06;R
ES0000000000004565CCPF;15/07/2023;8;0,062;R
ES0000000000004565CCPF;15/07/2023;9;0,067;R
ES0000000000004565CCPF;15/07/2023;10;0,071;R
ES0000000000004565CCPF;15/07/2023;11;0,061;R
ES0000000000004565CCPF;15/07/2023;12;0,062;R
ES0000000000004565CCPF;15/07/2023;13;0,063;R
ES0000000000004565CCPF;15/07/2023;14;0,07;R
ES0000000000004565CCPF;15/07/2023;15;0,064;R
ES0000000000004565CCPF;15/07/2023;16;0,071;R
ES0000000000004565CCPF;15/07/2023;17;0,072;R
ES0000000000004565CCPF;15/07/2023;18;0,061;R
ES0000000000004565CCPF;15/07/2023;19;0,061;R
ES0000000000004565CCPF;15/07/2023;20;0,066;R
ES0000000000004565CCPF;15/07/2023;21;0,075;R
ES0000000000004565CCPF;15/07/2023;22;0,065;R
ES0000000000004565CCPF;15/07/2023;23;0,066;R
ES0000000000004565CCPF;16/07/2023;0;0,061;R
ES0000000000004565CCPF;16/07/2023;1;0,061;R
ES0000000000004565CCPF;16/07/2023;2;0,063;R
ES0000000000004565CCPF;16/07/2023;3;0,071;R
ES0000000000004565CCPF;16/07/2023;4;0,071;R
ES0000000000004565CCPF;16/07/2023;5;0,06;R
ES0000000000004565CCPF;16/07/2023;6;0,059;R
ES0000000000004565CCPF;16/07/2023;7;0,06;R
ES0000000000004565CCPF;16/07/2023;8;0,064;R
ES0000000000004565CCPF;16/07/2023;9;0,06;R
ES0000000000004565CCPF;16/07/2023;10;0,06;R
ES0000000000004565CCPF;16/07/2023;11;0,067;R
ES0000000000004565CCPF;16/07/2023;12;0,071;R
ES0000000000004565CCPF;16/07/2023;13;0,062;R
ES0000000000004565CCPF;16/07/2023;14;0,061;R
ES0000000000004565CCPF;16/07/2023;15;0,06;R
ES0000000000004565CCPF;16/07/2023;16;0,06;R
ES0000000000004565CCPF;16/07/2023;17;0,067;R
ES0000000000004565CCPF;16/07/2023;18;0,062;R
ES0000000000004565CCPF;16/07/2023;19;0,071;R
ES0000000000004565CCPF;16/07/2023;20;0,066;R
ES0000000000004565CCPF;16/07/2023;21;0,061;R
ES0000000000004565CCPF;16/07/2023;22;0,062;R
ES0000000000004565CCPF;16/07/2023;23;0,066;R
ES0000000000004565CCPF;17/07/2023;0;0,071;R
ES0000000000004565CCPF;17/07/2023;1;0,051;R
ES0000000000004565CCPF;17/07/2023;2;0,069;R
ES0000000000004565CCPF;17/07/2023;3;0,071;R
ES0000000000004565CCPF;17/07/2023;4;0,063;R
ES0000000000004565CCPF;17/07/2023;5;0,06;R
ES0000000000004565CCPF;17/07/2023;6;0,06;R
ES0000000000004565CCPF;17/07/2023;7;0,064;R
ES0000000000004565CCPF;17/07/2023;8;0,07;R
ES0000000000004565CCPF;17/07/2023;9;0,063;R
ES0000000000004565CCPF;17/07/2023;10;0,058;R
ES0000000000004565CCPF;17/07/2023;11;0,067;R
ES0000000000004565CCPF;17/07/2023;12;0,063;R
ES0000000000004565CCPF;17/07/2023;13;0,059;R
ES0000000000004565CCPF;17/07/2023;14;0,061;R
ES0000000000004565CCPF;17/07/2023;15;0,063;R
ES0000000000004565CCPF;17/07/2023;16;0,073;R
ES0000000000004565CCPF;17/07/2023;17;0,064;R
ES0000000000004565CCPF;17/07/2023;18;0,063;R
ES0000000000004565CCPF;17/07/2023;19;0,07;R
ES0000000000004565CCPF;17/07/2023;20;0,063;R
ES0000000000004565CCPF;17/07/2023;21;0,064;R
ES0000000000004565CCPF;17/07/2023;22;0,065;R
ES0000000000004565CCPF;17/07/2023;23;0,073;R
ES0000000000004565CCPF;18/07/2023;0;0,068;R
ES0000000000004565CCPF;18/07/2023;1;0,062;R
ES0000000000004565CCPF;18/07/2023;2;0,064;R
ES0000000000004565CCPF;18/07/2023;3;0,071;R
ES0000000000004565CCPF;18/07/2023;4;0,062;R
ES0000000000004565CCPF;18/07/2023;5;0,072;R
ES0000000000004565CCPF;18/07/2023;6;0,072;R
ES0000000000004565CCPF;18/07/2023;7;0,061;R
ES0000000000004565CCPF;18/07/2023;8;0,062;R
ES0000000000004565CCPF;18/07/2023;9;0,065;R
ES0000000000004565CCPF;18/07/2023;10;0,076;R
ES0000000000004565CCPF;18/07/2023;11;0,063;R
ES0000000000004565CCPF;18/07/2023;12;0,061;R
ES0000000000004565CCPF;18/07/2023;13;0,063;R
ES0000000000004565CCPF;18/07/2023;14;0,07;R
ES0000000000004565CCPF;18/07/2023;15;0,063;R
ES0000000000004565CCPF;18/07/2023;16;0,065;R
ES0000000000004565CCPF;18/07/2023;17;0,078;R
ES0000000000004565CCPF;18/07/2023;18;0,066;R
ES0000000000004565CCPF;18/07/2023;19;0,062;R
ES0000000000004565CCPF;18/07/2023;20;0,074;R
ES0000000000004565CCPF;18/07/2023;21;0,076;R
ES0000000000004565CCPF;18/07/2023;22;0,062;R
ES0000000000004565CCPF;18/07/2023;23;0,067;R
ES0000000000004565CCPF;19/07/2023;0;0,063;R
ES0000000000004565CCPF;19/07/2023;1;0,063;R
ES0000000000004565CCPF;19/07/2023;2;0,071;R
ES0000000000004565CCPF;19/07/2023;3;0,074;R
ES0000000000004565CCPF;19/07/2023;4;0,064;R
ES0000000000004565CCPF;19/07/2023;5;0,062;R
ES0000000000004565CCPF;19/07/2023;6;0,066;R
ES0000000000004565CCPF;19/07/2023;7;0,073;R
ES0000000000004565CCPF;19/07/2023;8;0,058;R
ES0000000000004565CCPF;19/07/2023;9;0,07;R
ES0000000000004565CCPF;19/07/2023;10;0,061;R
ES0000000000004565CCPF;19/07/2023;11;0,059;R
ES0000000000004565CCPF;19/07/2023;12;0,061;R
ES0000000000004565CCPF;19/07/2023;13;0,075;R
ES0000000000004565CCPF;19/07/2023;14;0,068;R
ES0000000000004565CCPF;19/07/2023;15;0,062;R
ES0000000000004565CCPF;19/07/2023;16;0,064;R
ES0000000000004565CCPF;19/07/2023;17;0,062;R
ES0000000000004565CCPF;19/07/2023;18;0,073;R
ES0000000000004565CCPF;19/07/2023;19;0,077;R
ES0000000000004565CCPF;19/07/2023;20;0,068;R
ES0000000000004565CCPF;19/07/2023;21;0,063;R
ES0000000000004565CCPF;19/07/2023;22;0,064;R
ES0000000000004565CCPF;19/07/2023;23;0,077;R
ES0000000000004565CCPF;20/07/2023;0;0,068;R
ES0000000000004565CCPF;20/07/2023;1;0,061;R
ES0000000000004565CCPF;20/07/2023;2;0,061;R
ES0000000000004565CCPF;20/07/2023;3;0,068;R
ES0000000000004565CCPF;20/07/2023;4;0,064;R
ES0000000000004565CCPF;20/07/2023;5;0,077;R
ES0000000000004565CCPF;20/07/2023;6;0,069;R
ES0000000000004565CCPF;20/07/2023;7;0,063;R
ES0000000000004565CCPF;20/07/2023;8;0,061;R
ES0000000000004565CCPF;20/07/2023;9;0,069;R
ES0000000000004565CCPF;20/07/2023;10;0,073;R
ES0000000000004565CCPF;20/07/2023;11;0,06;R
ES0000000000004565CCPF;20/07/2023;12;0,068;R
ES0000000000004565CCPF;20/07/2023;13;0,061;R
ES0000000000004565CCPF;20/07/2023;14;0,061;R
ES0000000000004565CCPF;20/07/2023;15;0,066;R
ES0000000000004565CCPF;20/07/2023;16;0,073;R
ES0000000000004565CCPF;20/07/2023;17;0,063;R
ES0000000000004565CCPF;20/07/2023;18;0,062;R
ES0000000000004565CCPF;20/07/2023;19;0,059;R
ES0000000000004565CCPF;20/07/2023;20;0,072;R
ES0000000000004565CCPF;20/07/2023;21;0,067;R
ES0000000000004565CCPF;20/07/2023;22;0,078;R
ES0000000000004565CCPF;20/07/2023;23;0,067;R
ES0000000000004565CCPF;21/07/2023;0;0,062;R
ES0000000000004565CCPF;21/07/2023;1;0,062;R
ES0000000000004565CCPF;21/07/2023;2;0,074;R
ES0000000000004565CCPF;21/07/2023;3;0,069;R
ES0000000000004565CCPF;21/07/2023;4;0,063;R
ES0000000000004565CCPF;21/07/2023;5;0,066;R
ES0000000000004565CCPF;21/07/2023;6;0,061;R
ES0000000000004565CCPF;21/07/2023;7;0,061;R
ES0000000000004565CCPF;21/07/2023;8;0,069;R
ES0000000000004565CCPF;21/07/2023;9;0,071;R
ES0000000000004565CCPF;21/07/2023;10;0,061;R
ES0000000000004565CCPF;21/07/2023;11;0,06;R
ES0000000000004565CCPF;21/07/2023;12;0,06;R
ES0000000000004565CCPF;21/07/2023;13;0,071;R
ES0000000000004565CCPF;21/07/2023;14;0,062;R
ES0000000000004565CCPF;21/07/2023;15;0,069;R
ES0000000000004565CCPF;21/07/2023;16;0,067;R
ES0000000000004565CCPF;21/07/2023;17;0,058;R
ES0000000000004565CCPF;21/07/2023;18;0,06;R
ES0000000000004565CCPF;21/07/2023;19;0,066;R
ES0000000000004565CCPF;21/07/2023;20;0,077;R
ES0000000000004565CCPF;21/07/2023;21;0,887;R
ES0000000000004565CCPF;21/07/2023;22;0,594;R
ES0000000000004565CCPF;21/07/2023;23;0,469;R
ES0000000000004565CCPF;22/07/2023;0;0,285;R
ES0000000000004565CCPF;22/07/2023;1;0,072;R
ES0000000000004565CCPF;22/07/2023;2;0,068;R
ES0000000000004565CCPF;22/07/2023;3;0,083;R
ES0000000000004565CCPF;22/07/2023;4;0,065;R
ES0000000000004565CCPF;22/07/2023;5;0,061;R
ES0000000000004565CCPF;22/07/2023;6;0,061;R
ES0000000000004565CCPF;22/07/2023;7;0,069;R
ES0000000000004565CCPF;22/07/2023;8;0,051;R
ES0000000000004565CCPF;22/07/2023;9;0,065;R
ES0000000000004565CCPF;22/07/2023;10;0,061;R
ES0000000000004565CCPF;22/07/2023;11;0,063;R
ES0000000000004565CCPF;22/07/2023;12;0,062;R
ES0000000000004565CCPF;22/07/2023;13;0,063;R
ES0000000000004565CCPF;22/07/2023;14;0,084;R
ES0000000000004565CCPF;22/07/2023;15;0,175;R
ES0000000000004565CCPF;22/07/2023;16;0,083;R
ES0000000000004565CCPF;22/07/2023;17;0,078;R
ES0000000000004565CCPF;22/07/2023;18;0,121;R
ES0000000000004565CCPF;22/07/2023;19;0,129;R
ES0000000000004565CCPF;22/07/2023;20;0,214;R
ES0000000000004565CCPF;22/07/2023;21;0,266;R
ES0000000000004565CCPF;22/07/2023;22;0,225;R
ES0000000000004565CCPF;22/07/2023;23;0,32;R
ES0000000000004565CCPF;23/07/2023;0;0,294;R
ES0000000000004565CCPF;23/07/2023;1;0,106;R
ES0000000000004565CCPF;23/07/2023;2;0,067;R
ES0000000000004565CCPF;23/07/2023;3;0,067;R
ES0000000000004565CCPF;23/07/2023;4;0,062;R
ES0000000000004565CCPF;23/07/2023;5;0,07;R
ES0000000000004565CCPF;23/07/2023;6;0,08;R
ES0000000000004565CCPF;23/07/2023;7;0,067;R
ES0000000000004565CCPF;23/07/2023;8;0,068;R
ES0000000000004565CCPF;23/07/2023;9;0,209;R
ES0000000000004565CCPF;23/07/2023;10;0,082;R
ES0000000000004565CCPF;23/07/2023;11;0,096;R
ES0000000000004565CCPF;23/07/2023;12;0,104;R
ES0000000000004565CCPF;23/07/2023;13;0,078;R
ES0000000000004565CCPF;23/07/2023;14;0,148;R
ES0000000000004565CCPF;23/07/2023;15;0,157;R
ES0000000000004565CCPF;23/07/2023;16;0,144;R
ES0000000000004565CCPF;23/07/2023;17;0,225;R
ES0000000000004565CCPF;23/07/2023;18;0,063;R
ES0000000000004565CCPF;23/07/2023;19;0,078;R
ES0000000000004565CCPF;23/07/2023;20;0,062;R
ES0000000000004565CCPF;23/07/2023;21;0,068;R
ES0000000000004565CCPF;23/07/2023;22;0,075;R
ES0000000000004565CCPF;23/07/2023;23;0,127;R
ES0000000000004565CCPF;24/07/2023;0;0,128;R
ES0000000000004565CCPF;24/07/2023;1;0,074;R
ES0000000000004565CCPF;24/07/2023;2;0,078;R
ES0000000000004565CCPF;24/07/2023;3;0,063;R
ES0000000000004565CCPF;24/07/2023;4;0,064;R
ES0000000000004565CCPF;24/07/2023;5;0,075;R
ES0000000000004565CCPF;24/07/2023;6;0,062;R
ES0000000000004565CCPF;24/07/2023;7;0,067;R
ES0000000000004565CCPF;24/07/2023;8;0,067;R
ES0000000000004565CCPF;24/07/2023;9;0,075;R
ES0000000000004565CCPF;24/07/2023;10;0,115;R
ES0000000000004565CCPF;24/07/2023;11;0,162;R
ES0000000000004565CCPF;24/07/2023;12;0,16;R
ES0000000000004565CCPF;24/07/2023;13;0,126;R
ES0000000000004565CCPF;24/07/2023;14;0,102;R
ES0000000000004565CCPF;24/07/2023;15;0,064;R
ES0000000000004565CCPF;24/07/2023;16;0,074;R
ES0000000000004565CCPF;24/07/2023;17;0,066;R
ES0000000000004565CCPF;24/07/2023;18;0,17;R
ES0000000000004565CCPF;24/07/2023;19;0,25;R
ES0000000000004565CCPF;24/07/2023;20;0,27;R
ES0000000000004565CCPF;24/07/2023;21;0,151;R
ES0000000000004565CCPF;24/07/2023;22;0,069;R
ES0000000000004565CCPF;24/07/2023;23;0,069;R
ES0000000000004565CCPF;25/07/2023;0;0,064;R
ES0000000000004565CCPF;25/07/2023;1;0,087;R
ES0000000000004565CCPF;25/07/2023;2;0,061;R
ES0000000000004565CCPF;25/07/2023;3;0,063;R
ES0000000000004565CCPF;25/07/2023;4;0,07;R
ES0000000000004565CCPF;25/07/2023;5;0,075;R
ES0000000000004565CCPF;25/07/2023;6;0,067;R
ES0000000000004565CCPF;25/07/2023;7;0,072;R
ES0000000000004565CCPF;25/07/2023;8;0,065;R
ES0000000000004565CCPF;25/07/2023;9;0,066;R
ES0000000000004565CCPF;25/07/2023;10;0,104;R
ES0000000000004565CCPF;25/07/2023;11;0,104;R
ES0000000000004565CCPF;25/07/2023;12;0,092;R
ES0000000000004565CCPF;25/07/2023;13;0,476;R
ES0000000000004565CCPF;25/07/2023;14;0,252;R
ES0000000000004565CCPF;25/07/2023;15;0,251;R
ES0000000000004565CCPF;25/07/2023;16;0,233;R
ES0000000000004565CCPF;25/07/2023;17;0,24;R
ES0000000000004565CCPF;25/07/2023;18;0,179;R
ES0000000000004565CCPF;25/07/2023;19;0,07;R
ES0000000000004565CCPF;25/07/2023;20;0,069;R
ES0000000000004565CCPF;25/07/2023;21;0,069;R
ES0000000000004565CCPF;25/07/2023;22;0,063;R
ES0000000000004565CCPF;25/07/2023;23;0,061;R
ES0000000000004565CCPF;26/07/2023;0;0,062;R
ES0000000000004565CCPF;26/07/2023;1;0,064;R
ES0000000000004565CCPF;26/07/2023;2;0,067;R
ES0000000000004565CCPF;26/07/2023;3;0,07;R
ES0000000000004565CCPF;26/07/2023;4;0,067;R
ES0000000000004565CCPF;26/07/2023;5;0,066;R
ES0000000000004565CCPF;26/07/2023;6;0,066;R
ES0000000000004565CCPF;26/07/2023;7;0,065;R
ES0000000000004565CCPF;26/07/2023;8;0,06;R
ES0000000000004565CCPF;26/07/2023;9;0,059;R
ES0000000000004565CCPF;26/07/2023;10;0,096;R
ES0000000000004565CCPF;26/07/2023;11;0,12;R
ES0000000000004565CCPF;26/07/2023;12;0,092;R
ES0000000000004565CCPF;26/07/2023;13;0,087;R
ES0000000000004565CCPF;26/07/2023;14;0,066;R
ES0000000000004565CCPF;26/07/2023;15;0,067;R
ES0000000000004565CCPF;26/07/2023;16;0,071;R
ES0000000000004565CCPF;26/07/2023;17;0,073;R
ES0000000000004565CCPF;26/07/2023;18;0,106;R
ES0000000000004565CCPF;26/07/2023;19;0,058;R
ES0000000000004565CCPF;26/07/2023;20;0,058;R
ES0000000000004565CCPF;26/07/2023;21;0,061;R
ES0000000000004565CCPF;26/07/2023;22;0,064;R
ES0000000000004565CCPF;26/07/2023;23;0,065;R
ES0000000000004565CCPF;27/07/2023;0;0,066;R
ES0000000000004565CCPF;27/07/2023;1;0,063;R
ES0000000000004565CCPF;27/07/2023;2;0,063;R
ES0000000000004565CCPF;27/07/2023;3;0,064;R
ES0000000000004565CCPF;27/07/2023;4;0,058;R
ES0000000000004565CCPF;27/07/2023;5;0,059;R
ES0000000000004565CCPF;27/07/2023;6;0,063;R
ES0000000000004565CCPF;27/07/2023;7;0,058;R
ES0000000000004565CCPF;27/07/2023;8;0,065;R
ES0000000000004565CCPF;27/07/2023;9;0,064;R
ES0000000000004565CCPF;27/07/2023;10;0,064;R
ES0000000000004565CCPF;27/07/2023;11;0,065;R
ES0000000000004565CCPF;27/07/2023;12;0,06;R
ES0000000000004565CCPF;27/07/2023;13;0,058;R
ES0000000000004565CCPF;27/07/2023;14;0,059;R
ES0000000000004565CCPF;27/07/2023;15;0,064;R
ES0000000000004565CCPF;27/07/2023;16;0,061;R
ES0000000000004565CCPF;27/07/2023;17;0,06;R
ES0000000000004565CCPF;27/07/2023;18;0,064;R
ES0000000000004565CCPF;27/07/2023;19;0,064;R
ES0000000000004565CCPF;27/07/2023;20;0,066;R
ES0000000000004565CCPF;27/07/2023;21;0,07;R
ES0000000000004565CCPF;27/07/2023;22;0,069;R
ES0000000000004565CCPF;27/07/2023;23;0,065;R
ES0000000000004565CCPF;28/07/2023;0;0,053;R
ES0000000000004565CCPF;28/07/2023;1;0,063;R
ES0000000000004565CCPF;28/07/2023;2;0,065;R
ES0000000000004565CCPF;28/07/2023;3;0,064;R
ES0000000000004565CCPF;28/07/2023;4;0,059;R
ES0000000000004565CCPF;28/07/2023;5;0,065;R
ES0000000000004565CCPF;28/07/2023;6;0,064;R
ES0000000000004565CCPF;28/07/2023;7;0,063;R
ES0000000000004565CCPF;28/07/2023;8;0,065;R
ES0000000000004565CCPF;28/07/2023;9;0,066;R
ES0000000000004565CCPF;28/07/2023;10;0,063;R
ES0000000000004565CCPF;28/07/2023;11;0,059;R
ES0000000000004565CCPF;28/07/2023;12;0,058;R
ES0000000000004565CCPF;28/07/2023;13;0,059;R
ES0000000000004565CCPF;28/07/2023;14;0,058;R
ES0000000000004565CCPF;28/07/2023;15;0,06;R
ES0000000000004565CCPF;28/07/2023;16;0,063;R
ES0000000000004565CCPF;28/07/2023;17;0,064;R
ES0000000000004565CCPF;28/07/2023;18;0,066;R
ES0000000000004565CCPF;28/07/2023;19;0,064;R
ES0000000000004565CCPF;28/07/2023;20;0,065;R
ES0000000000004565CCPF;28/07/2023;21;0,066;R
ES0000000000004565CCPF;28/07/2023;22;0,067;R
ES0000000000004565CCPF;28/07/2023;23;0,065;R
ES0000000000004565CCPF;29/07/2023;0;0,066;R
ES0000000000004565CCPF;29/07/2023;1;0,065;R
ES0000000000004565CCPF;29/07/2023;2;0,054;R
ES0000000000004565CCPF;29/07/2023;3;0,063;R
ES0000000000004565CCPF;29/07/2023;4;0,063;R
ES0000000000004565CCPF;29/07/2023;5;0,065;R
ES0000000000004565CCPF;29/07/2023;6;0,065;R
ES0000000000004565CCPF;29/07/2023;7;0,063;R
ES0000000000004565CCPF;29/07/2023;8;0,064;R
ES0000000000004565CCPF;29/07/2023;9;0,064;R
ES0000000000004565CCPF;29/07/2023;10;0,064;R
ES0000000000004565CCPF;29/07/2023;11;0,063;R
ES0000000000004565CCPF;29/07/2023;12;0,058;R
ES0000000000004565CCPF;29/07/2023;13;0,058;R
ES0000000000004565CCPF;29/07/2023;14;0,059;R
ES0000000000004565CCPF;29/07/2023;15;0,064;R
ES0000000000004565CCPF;29/07/2023;16;0,064;R
ES0000000000004565CCPF;29/07/2023;17;0,065;R
ES0000000000004565CCPF;29/07/2023;18;0,065;R
ES0000000000004565CCPF;29/07/2023;19;0,065;R
ES0000000000004565CCPF;29/07/2023;20;0,066;R
ES0000000000004565CCPF;29/07/2023;21;0,06;R
ES0000000000004565CCPF;29/07/2023;22;0,061;R
ES0000000000004565CCPF;29/07/2023;23;0,066;R
ES0000000000004565CCPF;30/07/2023;0;0,066;R
ES0000000000004565CCPF;30/07/2023;1;0,07;R
ES0000000000004565CCPF;30/07/2023;2;0,066;R
ES0000000000004565CCPF;30/07/2023;3;0,065;R
ES0000000000004565CCPF;30/07/2023;4;0,064;R
ES0000000000004565CCPF;30/07/2023;5;0,068;R
ES0000000000004565CCPF;30/07/2023;6;0,068;R
ES0000000000004565CCPF;30/07/2023;7;0,061;R
ES0000000000004565CCPF;30/07/2023;8;0,059;R
ES0000000000004565CCPF;30/07/2023;9;0,058;R
ES0000000000004565CCPF;30/07/2023;10;0,061;R
ES0000000000004565CCPF;30/07/2023;11;0,061;R
ES0000000000004565CCPF;30/07/2023;12;0,061;R
ES0000000000004565CCPF;30/07/2023;13;0,064;R
ES0000000000004565CCPF;30/07/2023;14;0,069;R
ES0000000000004565CCPF;30/07/2023;15;0,065;R
ES0000000000004565CCPF;30/07/2023;16;0,065;R
ES0000000000004565CCPF;30/07/2023;17;0,072;R
ES0000000000004565CCPF;30/07/2023;18;0,068;R
ES0000000000004565CCPF;30/07/2023;19;0,069;R
ES0000000000004565CCPF;30/07/2023;20;0,105;R
ES0000000000004565CCPF;30/07/2023;21;0,067;R
ES0000000000004565CCPF;30/07/2023;22;0,062;R
ES0000000000004565CCPF;30/07/2023;23;0,06;R
ES0000000000004565CCPF;31/07/2023;0;0,154;R
ES0000000000004565CCPF;31/07/2023;1;0,079;R
ES0000000000004565CCPF;31/07/2023;2;0,071;R
ES0000000000004565CCPF;31/07/2023;3;0,068;R
ES0000000000004565CCPF;31/07/2023;4;0,069;R
ES0000000000004565CCPF;31/07/2023;5;0,067;R
ES0000000000004565CCPF;31/07/2023;6;0,064;R
ES0000000000004565CCPF;31/07/2023;7;0,065;R
ES0000000000004565CCPF;31/07/2023;8;0,065;R
ES0000000000004565CCPF;31/07/2023;9;0,067;R
ES0000000000004565CCPF;31/07/2023;10;0,17;R
ES0000000000004565CCPF;31/07/2023;11;0,159;R
ES0000000000004565CCPF;31/07/2023;12;0,165;R
ES0000000000004565CCPF;31/07/2023;13;0,171;R
ES0000000000004565CCPF;31/07/2023;14;0,374;R
ES0000000000004565CCPF;31/07/2023;15;0,169;R
ES0000000000004565CCPF;31/07/2023;16;0,099;R
ES0000000000004565CCPF;31/07/2023;17;0,097;R
ES0000000000004565CCPF;31/07/2023;18;0,107;R
ES0000000000004565CCPF;31/07/2023;19;0,073;R
ES0000000000004565CCPF;31/07/2023;20;0,074;R
ES0000000000004565CCPF;31/07/2023;21;0,451;R
ES0000000000004565CCPF;31/07/2023;22;0,071;R
ES0000000000004565CCPF;31/07/2023;23;0,688;R
ES0000000000004565CCPF;01/08/2023;0;0,258;R
ES0000000000004565CCPF;01/08/2023;1;0,073;R
ES0000000000004565CCPF;01/08/2023;2;0,074;R
ES0000000000004565CCPF;01/08/2023;3;0,065;R
ES0000000000004565CCPF;01/08/2023;4;0,071;R
ES0000000000004565CCPF;01/08/2023;5;0,073;R
ES0000000000004565CCPF;01/08/2023;6;0,065;R
ES0000000000004565CCPF;01/08/2023;7;0,069;R
ES0000000000004565CCPF;01/08/2023;8;0,067;R
ES0000000000004565CCPF;01/08/2023;9;0,069;R
ES0000000000004565CCPF;01/08/2023;10;0,09;R
ES0000000000004565CCPF;01/08/2023;11;0,145;R
ES0000000000004565CCPF;01/08/2023;12;0,193;R
ES0000000000004565CCPF;01/08/2023;13;0,317;R
ES0000000000004565CCPF;01/08/2023;14;0,185;R
ES0000000000004565CCPF;01/08/2023;15;0,145;R
ES0000000000004565CCPF;01/08/2023;16;0,251;R
ES0000000000004565CCPF;01/08/2023;17;0,271;R
ES0000000000004565CCPF;01/08/2023;18;0,223;R
ES0000000000004565CCPF;01/08/2023;19;0,212;R
ES0000000000004565CCPF;01/08/2023;20;0,182;R
ES0000000000004565CCPF;01/08/2023;21;0,116;R
ES0000000000004565CCPF;01/08/2023;22;0,099;R
ES0000000000004565CCPF;01/08/2023;23;0,062;R
ES0000000000004565CCPF;02/08/2023;0;0,084;R
ES0000000000004565CCPF;02/08/2023;1;0,071;R
ES0000000000004565CCPF;02/08/2023;2;0,081;R
ES0000000000004565CCPF;02/08/2023;3;0,075;R
ES0000000000004565CCPF;02/08/2023;4;0,073;R
ES0000000000004565CCPF;02/08/2023;5;0,063;R
ES0000000000004565CCPF;02/08/2023;6;0,083;R
ES0000000000004565CCPF;02/08/2023;7;0,07;R
ES0000000000004565CCPF;02/08/2023;8;0,063;R
ES0000000000004565CCPF;02/08/2023;9;0,075;R
ES0000000000004565CCPF;02/08/2023;10;0,165;R
ES0000000000004565CCPF;02/08/2023;11;0,187;R
ES0000000000004565CCPF;02/08/2023;12;0,177;R
ES0000000000004565CCPF;02/08/2023;13;0,441;R
ES0000000000004565CCPF;02/08/2023;14;0,902;R
ES0000000000004565CCPF;02/08/2023;15;0,869;R
ES0000000000004565CCPF;02/08/2023;16;0,392;R
ES0000000000004565CCPF;02/08/2023;17;0,119;R
ES0000000000004565CCPF;02/08/2023;18;0,338;R
ES0000000000004565CCPF;02/08/2023;19;0,776;R
ES0000000000004565CCPF;02/08/2023;20;0,122;R
ES0000000000004565CCPF;02/08/2023;21;0,078;R
ES0000000000004565CCPF;02/08/2023;22;0,254;R
ES0000000000004565CCPF;02/08/2023;23;0,299;R
ES0000000000004565CCPF;03/08/2023;0;0,321;R
ES0000000000004565CCPF;03/08/2023;1;0,097;R
ES0000000000004565CCPF;03/08/2023;2;0,103;R
ES0000000000004565CCPF;03/08/2023;3;0,085;R
ES0000000000004565CCPF;03/08/2023;4;0,099;R
ES0000000000004565CCPF;03/08/2023;5;0,068;R
ES0000000000004565CCPF;03/08/2023;6;0,057;R
ES0000000000004565CCPF;03/08/2023;7;0,141;R
ES0000000000004565CCPF;03/08/2023;8;0,299;R
ES0000000000004565CCPF;03/08/2023;9;0,063;R
ES0000000000004565CCPF;03/08/2023;10;0,085;R
ES0000000000004565CCPF;03/08/2023;11;0,105;R
ES0000000000004565CCPF;03/08/2023;12;0,09;R
ES0000000000004565CCPF;03/08/2023;13;0,102;R
ES0000000000004565CCPF;03/08/2023;14;0,094;R
ES0000000000004565CCPF;03/08/2023;15;0,113;R
ES0000000000004565CCPF;03/08/2023;16;0,102;R
ES0000000000004565CCPF;03/08/2023;17;0,098;R
ES0000000000004565CCPF;03/08/2023;18;0,105;R
ES0000000000004565CCPF;03/08/2023;19;0,106;R
ES0000000000004565CCPF;03/08/2023;20;0,085;R
ES0000000000004565CCPF;03/08/2023;21;0,072;R
ES0000000000004565CCPF;03/08/2023;22;0,376;R
ES0000000000004565CCPF;03/08/2023;23;0,201;R
ES0000000000004565CCPF;04/08/2023;0;0,152;R
ES0000000000004565CCPF;04/08/2023;1;0,177;R
ES0000000000004565CCPF;04/08/2023;2;0,082;R
ES0000000000004565CCPF;04/08/2023;3;0,074;R
ES0000000000004565CCPF;04/08/2023;4;0,062;R
ES0000000000004565CCPF;04/08/2023;5;0,057;R
ES0000000000004565CCPF;04/08/2023;6;0,054;R
ES0000000000004565CCPF;04/08/2023;7;0,053;R
ES0000000000004565CCPF;04/08/2023;8;0,053;R
ES0000000000004565CCPF;04/08/2023;9;0,052;R
ES0000000000004565CCPF;04/08/2023;10;0,117;R
ES0000000000004565CCPF;04/08/2023;11;0,155;R
ES0000000000004565CCPF;04/08/2023;12;0,165;R
ES0000000000004565CCPF;04/08/2023;13;0,198;R
ES0000000000004565CCPF;04/08/2023;14;0,163;R
ES0000000000004565CCPF;04/08/2023;15;0,175;R
ES0000000000004565CCPF;04/08/2023;16;0,17;R
ES0000000000004565CCPF;04/08/2023;17;0,196;R
ES0000000000004565CCPF;04/08/2023;18;0,193;R
ES0000000000004565CCPF;04/08/2023;19;0,35;R
ES0000000000004565CCPF;04/08/2023;20;0,336;R
ES0000000000004565CCPF;04/08/2023;21;0,474;R
ES0000000000004565CCPF;04/08/2023;22;0,307;R
ES0000000000004565CCPF;04/08/2023;23;0,262;R
ES0000000000004565CCPF;05/08/2023;0;0,099;R
ES0000000000004565CCPF;05/08/2023;1;0,153;R
ES0000000000004565CCPF;05/08/2023;2;0,08;R
ES0000000000004565CCPF;05/08/2023;3;0,061;R
ES0000000000004565CCPF;05/08/2023;4;0,061;R
ES0000000000004565CCPF;05/08/2023;5;0,062;R
ES0000000000004565CCPF;05/08/2023;6;0,063;R
ES0000000000004565CCPF;05/08/2023;7;0,059;R
ES0000000000004565CCPF;05/08/2023;8;0,056;R
ES0000000000004565CCPF;05/08/2023;9;0,055;R
ES0000000000004565CCPF;05/08/2023;10;0,055;R
ES0000000000004565CCPF;05/08/2023;11;0,06;R
ES0000000000004565CCPF;05/08/2023;12;0,072;R
ES0000000000004565CCPF;05/08/2023;13;0,095;R
ES0000000000004565CCPF;05/08/2023;14;0,14;R
ES0000000000004565CCPF;05/08/2023;15;0,076;R
ES0000000000004565CCPF;05/08/2023;16;0,065;R
ES0000000000004565CCPF;05/08/2023;17;0,064;R
ES0000000000004565CCPF;05/08/2023;18;0,063;R
ES0000000000004565CCPF;05/08/2023;19;0,086;R
ES0000000000004565CCPF;05/08/2023;20;0,113;R
ES0000000000004565CCPF;05/08/2023;21;0,107;R
ES0000000000004565CCPF;05/08/2023;22;0,128;R
ES0000000000004565CCPF;05/08/2023;23;0,137;R
ES0000000000004565CCPF;06/08/2023;0;0,358;R
ES0000000000004565CCPF;06/08/2023;1;0,13;R
ES0000000000004565CCPF;06/08/2023;2;0,063;R
ES0000000000004565CCPF;06/08/2023;3;0,065;R
ES0000000000004565CCPF;06/08/2023;4;0,058;R
ES0000000000004565CCPF;06/08/2023;5;0,061;R
ES0000000000004565CCPF;06/08/2023;6;0,063;R
ES0000000000004565CCPF;06/08/2023;7;0,061;R
ES0000000000004565CCPF;06/08/2023;8;0,058;R
ES0000000000004565CCPF;06/08/2023;9;0,048;R
ES0000000000004565CCPF;06/08/2023;10;0,085;R
ES0000000000004565CCPF;06/08/2023;11;0,075;R
ES0000000000004565CCPF;06/08/2023;12;0,065;R
ES0000000000004565CCPF;06/08/2023;13;0,064;R
ES0000000000004565CCPF;06/08/2023;14;0,105;R
ES0000000000004565CCPF;06/08/2023;15;0,06;R
ES0000000000004565CCPF;06/08/2023;16;0,059;R
ES0000000000004565CCPF;06/08/2023;17;0,075;R
ES0000000000004565CCPF;06/08/2023;18;0,073;R
ES0000000000004565CCPF;06/08/2023;19;0,111;R
ES0000000000004565CCPF;06/08/2023;20;0,065;R
ES0000000000004565CCPF;06/08/2023;21;0,419;R
ES0000000000004565CCPF;06/08/2023;22;1,222;R
ES0000000000004565CCPF;06/08/2023;23;0,208;R
ES0000000000004565CCPF;07/08/2023;0;0,239;R
ES0000000000004565CCPF;07/08/2023;1;0,178;R
ES0000000000004565CCPF;07/08/2023;2;0,108;R
ES0000000000004565CCPF;07/08/2023;3;0,057;R
ES0000000000004565CCPF;07/08/2023;4;0,067;R
ES0000000000004565CCPF;07/08/2023;5;0,068;R
ES0000000000004565CCPF;07/08/2023;6;0,063;R
ES0000000000004565CCPF;07/08/2023;7;0,064;R
ES0000000000004565CCPF;07/08/2023;8;0,073;R
ES0000000000004565CCPF;07/08/2023;9;0,056;R
ES0000000000004565CCPF;07/08/2023;10;0,117;R
ES0000000000004565CCPF;07/08/2023;11;0,157;R
ES0000000000004565CCPF;07/08/2023;12;0,172;R
ES0000000000004565CCPF;07/08/2023;13;0,194;R
ES0000000000004565CCPF;07/08/2023;14;0,175;R
ES0000000000004565CCPF;07/08/2023;15;0,223;R
ES0000000000004565CCPF;07/08/2023;16;0,147;R
ES0000000000004565CCPF;07/08/2023;17;0,138;R
ES0000000000004565CCPF;07/08/2023;18;0,154;R
ES0000000000004565CCPF;07/08/2023;19;0,173;R
ES0000000000004565CCPF;07/08/2023;20;0,123;R
ES0000000000004565CCPF;07/08/2023;21;0,064;R
ES0000000000004565CCPF;07/08/2023;22;0,099;R
ES0000000000004565CCPF;07/08/2023;23;0,275;R
ES0000000000004565CCPF;08/08/2023;0;0,285;R
ES0000000000004565CCPF;08/08/2023;1;0,078;R
ES0000000000004565CCPF;08/08/2023;2;0,069;R
ES0000000000004565CCPF;08/08/2023;3;0,062;R
ES0000000000004565CCPF;08/08/2023;4;0,072;R
ES0000000000004565CCPF;08/08/2023;5;0,062;R
ES0000000000004565CCPF;08/08/2023;6;0,066;R
ES0000000000004565CCPF;08/08/2023;7;0,072;R
ES0000000000004565CCPF;08/08/2023;8;0,071;R
ES0000000000004565CCPF;08/08/2023;9;0,058;R
ES0000000000004565CCPF;08/08/2023;10;0,113;R
ES0000000000004565CCPF;08/08/2023;11;0,211;R
ES0000000000004565CCPF;08/08/2023;12;0,182;R
ES0000000000004565CCPF;08/08/2023;13;0,182;R
ES0000000000004565CCPF;08/08/2023;14;0,528;R
ES0000000000004565CCPF;08/08/2023;15;0,498;R
ES0000000000004565CCPF;08/08/2023;16;0,289;R
ES0000000000004565CCPF;08/08/2023;17;0,304;R
ES0000000000004565CCPF;08/08/2023;18;0,289;R
ES0000000000004565CCPF;08/08/2023;19;0,298;R
ES0000000000004565CCPF;08/08/2023;20;0,35;R
ES0000000000004565CCPF;08/08/2023;21;0,062;R
ES0000000000004565CCPF;08/08/2023;22;0,171;R
ES0000000000004565CCPF;08/08/2023;23;0,312;R
ES0000000000004565CCPF;09/08/2023;0;0,183;R
ES0000000000004565CCPF;09/08/2023;1;0,089;R
ES0000000000004565CCPF;09/08/2023;2;0,079;R
ES0000000000004565CCPF;09/08/2023;3;0,066;R
ES0000000000004565CCPF;09/08/2023;4;0,078;R
ES0000000000004565CCPF;09/08/2023;5;0,065;R
ES0000000000004565CCPF;09/08/2023;6;0,068;R
ES0000000000004565CCPF;09/08/2023;7;0,072;R
ES0000000000004565CCPF;09/08/2023;8;0,063;R
ES0000000000004565CCPF;09/08/2023;9;0,064;R
ES0000000000004565CCPF;09/08/2023;10;0,093;R
ES0000000000004565CCPF;09/08/2023;11;0,086;R
ES0000000000004565CCPF;09/08/2023;12;0,091;R
ES0000000000004565CCPF;09/08/2023;13;0,137;R
ES0000000000004565CCPF;09/08/2023;14;0,243;R
ES0000000000004565CCPF;09/08/2023;15;0,149;R
ES0000000000004565CCPF;09/08/2023;16;0,102;R
ES0000000000004565CCPF;09/08/2023;17;0,365;R
ES0000000000004565CCPF;09/08/2023;18;0,307;R
ES0000000000004565CCPF;09/08/2023;19;0,071;R
ES0000000000004565CCPF;09/08/2023;20;0,076;R
ES0000000000004565CCPF;09/08/2023;21;0,059;R
ES0000000000004565CCPF;09/08/2023;22;0,074;R
ES0000000000004565CCPF;09/08/2023;23;0,059;R
ES0000000000004565CCPF;10/08/2023;0;0,068;R
ES0000000000004565CCPF;10/08/2023;1;0,175;R
ES0000000000004565CCPF;10/08/2023;2;0,158;R
ES0000000000004565CCPF;10/08/2023;3;0,069;R
ES0000000000004565CCPF;10/08/2023;4;0,068;R
ES0000000000004565CCPF;10/08/2023;5;0,062;R
ES0000000000004565CCPF;10/08/2023;6;0,074;R
ES0000000000004565CCPF;10/08/2023;7;0,064;R
ES0000000000004565CCPF;10/08/2023;8;0,066;R
ES0000000000004565CCPF;10/08/2023;9;0,072;R
ES0000000000004565CCPF;10/08/2023;10;0,076;R
ES0000000000004565CCPF;10/08/2023;11;0,076;R
ES0000000000004565CCPF;10/08/2023;12;0,069;R
ES0000000000004565CCPF;10/08/2023;13;0,08;R
ES0000000000004565CCPF;10/08/2023;14;0,07;R
ES0000000000004565CCPF;10/08/2023;15;0,069;R
ES0000000000004565CCPF;10/08/2023;16;0,074;R
ES0000000000004565CCPF;10/08/2023;17;0,064;R
ES0000000000004565CCPF;10/08/2023;18;0,078;R
ES0000000000004565CCPF;10/08/2023;19;0,064;R
ES0000000000004565CCPF;10/08/2023;20;0,081;R
ES0000000000004565CCPF;10/08/2023;21;0,081;R
ES0000000000004565CCPF;10/08/2023;22;0,091;R
ES0000000000004565CCPF;10/08/2023;23;0,106;R
ES0000000000004565CCPF;11/08/2023;0;0,261;R
ES0000000000004565CCPF;11/08/2023;1;0,201;R
ES0000000000004565CCPF;11/08/2023;2;0,08;R
ES0000000000004565CCPF;11/08/2023;3;0,081;R
ES0000000000004565CCPF;11/08/2023;4;0,077;R
ES0000000000004565CCPF;11/08/2023;5;0,066;R
ES0000000000004565CCPF;11/08/2023;6;0,071;R
ES0000000000004565CCPF;11/08/2023;7;0,066;R
ES0000000000004565CCPF;11/08/2023;8;0,062;R
ES0000000000004565CCPF;11/08/2023;9;0,068;R
ES0000000000004565CCPF;11/08/2023;10;0,07;R
ES0000000000004565CCPF;11/08/2023;11;0,061;R
ES0000000000004565CCPF;11/08/2023;12;0,078;R
ES0000000000004565CCPF;11/08/2023;13;0,065;R
ES0000000000004565CCPF;11/08/2023;14;0,103;R
ES0000000000004565CCPF;11/08/2023;15;0,349;R
ES0000000000004565CCPF;11/08/2023;16;0,098;R
ES0000000000004565CCPF;11/08/2023;17;0,252;R
ES0000000000004565CCPF;11/08/2023;18;0,245;R
ES0000000000004565CCPF;11/08/2023;19;0,246;R
ES0000000000004565CCPF;11/08/2023;20;0,459;R
ES0000000000004565CCPF;11/08/2023;21;0,152;R
ES0000000000004565CCPF;11/08/2023;22;0,075;R
ES0000000000004565CCPF;11/08/2023;23;0,076;R
ES0000000000004565CCPF;12/08/2023;0;0,151;R
ES0000000000004565CCPF;12/08/2023;1;0,249;R
ES0000000000004565CCPF;12/08/2023;2;0,09;R
ES0000000000004565CCPF;12/08/2023;3;0,081;R
ES0000000000004565CCPF;12/08/2023;4;0,082;R
ES0000000000004565CCPF;12/08/2023;5;0,073;R
ES0000000000004565CCPF;12/08/2023;6;0,073;R
ES0000000000004565CCPF;12/08/2023;7;0,075;R
ES0000000000004565CCPF;12/08/2023;8;0,068;R
ES0000000000004565CCPF;12/08/2023;9;0,067;R
ES0000000000004565CCPF;12/08/2023;10;0,078;R
ES0000000000004565CCPF;12/08/2023;11;0,123;R
ES0000000000004565CCPF;12/08/2023;12;0,075;R
ES0000000000004565CCPF;12/08/2023;13;0,067;R
ES0000000000004565CCPF;12/08/2023;14;0,075;R
ES0000000000004565CCPF;12/08/2023;15;0,067;R
ES0000000000004565CCPF;12/08/2023;16;0,109;R
ES0000000000004565CCPF;12/08/2023;17;0,106;R
ES0000000000004565CCPF;12/08/2023;18;0,067;R
ES0000000000004565CCPF;12/08/2023;19;0,104;R
ES0000000000004565CCPF;12/08/2023;20;0,155;R
ES0000000000004565CCPF;12/08/2023;21;0,096;R
ES0000000000004565CCPF;12/08/2023;22;0,067;R
ES0000000000004565CCPF;12/08/2023;23;0,075;R
ES0000000000004565CCPF;13/08/2023;0;0,063;R
ES0000000000004565CCPF;13/08/2023;1;0,075;R
ES0000000000004565CCPF;13/08/2023;2;0,081;R
ES0000000000004565CCPF;13/08/2023;3;0,064;R
ES0000000000004565CCPF;13/08/2023;4;0,082;R
ES0000000000004565CCPF;13/08/2023;5;0,061;R
ES0000000000004565CCPF;13/08/2023;6;0,074;R
ES0000000000004565CCPF;13/08/2023;7;0,061;R
ES0000000000004565CCPF;13/08/2023;8;0,073;R
ES0000000000004565CCPF;13/08/2023;9;0,061;R
ES0000000000004565CCPF;13/08/2023;10;0,071;R
ES0000000000004565CCPF;13/08/2023;11;0,064;R
ES0000000000004565CCPF;13/08/2023;12;0,096;R
ES0000000000004565CCPF;13/08/2023;13;0,082;R
ES0000000000004565CCPF;13/08/2023;14;0,073;R
ES0000000000004565CCPF;13/08/2023;15;0,273;R
ES0000000000004565CCPF;13/08/2023;16;0,4;R
ES0000000000004565CCPF;13/08/2023;17;0,794;R
ES0000000000004565CCPF;13/08/2023;18;0,363;R
ES0000000000004565CCPF;13/08/2023;19;0,158;R
ES0000000000004565CCPF;13/08/2023;20;0,196;R
ES0000000000004565CCPF;13/08/2023;21;0,262;R
ES0000000000004565CCPF;13/08/2023;22;0,244;R
ES0000000000004565CCPF;13/08/2023;23;0,298;R
ES0000000000004565CCPF;14/08/2023;0;0,277;R
ES0000000000004565CCPF;14/08/2023;1;0,2;R
ES0000000000004565CCPF;14/08/2023;2;0,259;R
ES0000000000004565CCPF;14/08/2023;3;0,065;R
ES0000000000004565CCPF;14/08/2023;4;0,079;R
ES0000000000004565CCPF;14/08/2023;5;0,062;R
ES0000000000004565CCPF;14/08/2023;6;0,063;R
ES0000000000004565CCPF;14/08/2023;7;0,07;R
ES0000000000004565CCPF;14/08/2023;8;0,081;R
ES0000000000004565CCPF;14/08/2023;9;0,062;R
ES0000000000004565CCPF;14/08/2023;10;0,441;R
ES0000000000004565CCPF;14/08/2023;11;0,578;R
ES0000000000004565CCPF;14/08/2023;12;0,089;R
ES0000000000004565CCPF;14/08/2023;13;0,098;R
ES0000000000004565CCPF;14/08/2023;14;0,189;R
ES0000000000004565CCPF;14/08/2023;15;1,02;R
ES0000000000004565CCPF;14/08/2023;16;0,315;R
ES0000000000004565CCPF;14/08/2023;17;0,276;R
ES0000000000004565CCPF;14/08/2023;18;0,285;R
ES0000000000004565CCPF;14/08/2023;19;0,126;R
ES0000000000004565CCPF;14/08/2023;20;0,076;R
ES0000000000004565CCPF;14/08/2023;21;0,097;R
ES0000000000004565CCPF;14/08/2023;22;0,211;R
ES0000000000004565CCPF;14/08/2023;23;0,232;R
ES0000000000004565CCPF;15/08/2023;0;0,143;R
ES0000000000004565CCPF;15/08/2023;1;0,126;R
ES0000000000004565CCPF;15/08/2023;2;0,071;R
ES0000000000004565CCPF;15/08/2023;3;0,07;R
ES0000000000004565CCPF;15/08/2023;4;0,07;R
ES0000000000004565CCPF;15/08/2023;5;0,06;R
ES0000000000004565CCPF;15/08/2023;6;0,07;R
ES0000000000004565CCPF;15/08/2023;7;0,069;R
ES0000000000004565CCPF;15/08/2023;8;0,063;R
ES0000000000004565CCPF;15/08/2023;9;0,211;R
ES0000000000004565CCPF;15/08/2023;10;0,078;R
ES0000000000004565CCPF;15/08/2023;11;0,062;R
ES0000000000004565CCPF;15/08/2023;12;0,066;R
ES0000000000004565CCPF;15/08/2023;13;0,07;R
ES0000000000004565CCPF;15/08/2023;14;0,057;R
ES0000000000004565CCPF;15/08/2023;15;0,07;R
ES0000000000004565CCPF;15/08/2023;16;0,063;R
ES0000000000004565CCPF;15/08/2023;17;0,066;R
ES0000000000004565CCPF;15/08/2023;18;0,058;R
ES0000000000004565CCPF;15/08/2023;19;0,078;R
ES0000000000004565CCPF;15/08/2023;20;0,061;R
ES0000000000004565CCPF;15/08/2023;21;0,071;R
ES0000000000004565CCPF;15/08/2023;22;0,251;R
ES0000000000004565CCPF;15/08/2023;23;0,287;R
ES0000000000004565CCPF;16/08/2023;0;0,297;R
ES0000000000004565CCPF;16/08/2023;1;0,133;R
ES0000000000004565CCPF;16/08/2023;2;0,109;R
ES0000000000004565CCPF;16/08/2023;3;0,104;R
ES0000000000004565CCPF;16/08/2023;4;0,124;R
ES0000000000004565CCPF;16/08/2023;5;0,103;R
ES0000000000004565CCPF;16/08/2023;6;0,115;R
ES0000000000004565CCPF;16/08/2023;7;0,084;R
ES0000000000004565CCPF;16/08/2023;8;0,123;R
ES0000000000004565CCPF;16/08/2023;9;0,17;R
ES0000000000004565CCPF;16/08/2023;10;0,071;R
ES0000000000004565CCPF;16/08/2023;11;0,07;R
ES0000000000004565CCPF;16/08/2023;12;0,061;R
ES0000000000004565CCPF;16/08/2023;13;0,074;R
ES0000000000004565CCPF;16/08/2023;14;0,063;R
ES0000000000004565CCPF;16/08/2023;15;0,071;R
ES0000000000004565CCPF;16/08/2023;16;0,07;R
ES0000000000004565CCPF;16/08/2023;17;0,064;R
ES0000000000004565CCPF;16/08/2023;18;0,073;R
ES0000000000004565CCPF;16/08/2023;19;0,061;R
ES0000000000004565CCPF;16/08/2023;20;0,074;R
ES0000000000004565CCPF;16/08/2023;21;0,067;R
ES0000000000004565CCPF;16/08/2023;22;0,215;R
ES0000000000004565CCPF;16/08/2023;23;0,277;R
ES0000000000004565CCPF;17/08/2023;0;0,153;R
ES0000000000004565CCPF;17/08/2023;1;0,103;R
ES0000000000004565CCPF;17/08/2023;2;0,105;R
ES0000000000004565CCPF;17/08/2023;3;0,111;R
ES0000000000004565CCPF;17/08/2023;4;0,102;R
ES0000000000004565CCPF;17/08/2023;5;0,101;R
ES0000000000004565CCPF;17/08/2023;6;0,096;R
ES0000000000004565CCPF;17/08/2023;7;0,056;R
ES0000000000004565CCPF;17/08/2023;8;0,075;R
ES0000000000004565CCPF;17/08/2023;9;0,131;R
ES0000000000004565CCPF;17/08/2023;10;0,068;R
ES0000000000004565CCPF;17/08/2023;11;0,064;R
ES0000000000004565CCPF;17/08/2023;12;0,068;R
ES0000000000004565CCPF;17/08/2023;13;0,065;R
ES0000000000004565CCPF;17/08/2023;14;0,066;R
ES0000000000004565CCPF;17/08/2023;15;0,062;R
ES0000000000004565CCPF;17/08/2023;16;0,074;R
ES0000000000004565CCPF;17/08/2023;17;0,064;R
ES0000000000004565CCPF;17/08/2023;18;0,072;R
ES0000000000004565CCPF;17/08/2023;19;0,068;R
ES0000000000004565CCPF;17/08/2023;20;0,068;R
ES0000000000004565CCPF;17/08/2023;21;0,489;R
ES0000000000004565CCPF;17/08/2023;22;0,221;R
ES0000000000004565CCPF;17/08/2023;23;0,325;R
ES0000000000004565CCPF;18/08/2023;0;0,335;R
ES0000000000004565CCPF;18/08/2023;1;0,206;R
ES0000000000004565CCPF;18/08/2023;2;0,118;R
ES0000000000004565CCPF;18/08/2023;3;0,108;R
ES0000000000004565CCPF;18/08/2023;4;0,115;R
ES0000000000004565CCPF;18/08/2023;5;0,107;R
ES0000000000004565CCPF;18/08/2023;6;0,104;R
ES0000000000004565CCPF;18/08/2023;7;0,059;R
ES0000000000004565CCPF;18/08/2023;8;0,146;R
ES0000000000004565CCPF;18/08/2023;9;0,09;R
ES0000000000004565CCPF;18/08/2023;10;0,193;R
ES0000000000004565CCPF;18/08/2023;11;0,19;R
ES0000000000004565CCPF;18/08/2023;12;0,176;R
ES0000000000004565CCPF;18/08/2023;13;0,194;R
ES0000000000004565CCPF;18/08/2023;14;0,098;R
ES0000000000004565CCPF;18/08/2023;15;0,11;R
ES0000000000004565CCPF;18/08/2023;16;0,075;R
ES0000000000004565CCPF;18/08/2023;17;0,086;R
ES0000000000004565CCPF;18/08/2023;18;0,1;R
ES0000000000004565CCPF;18/08/2023;19;0,102;R
ES0000000000004565CCPF;18/08/2023;20;0,07;R
ES0000000000004565CCPF;18/08/2023;21;0,058;R
ES0000000000004565CCPF;18/08/2023;22;0,285;R
ES0000000000004565CCPF;18/08/2023;23;0,497;R
ES0000000000004565CCPF;19/08/2023;0;0,08;R
ES0000000000004565CCPF;19/08/2023;1;0,064;R
ES0000000000004565CCPF;19/08/2023;2;0,059;R
ES0000000000004565CCPF;19/08/2023;3;0,058;R
ES0000000000004565CCPF;19/08/2023;4;0,074;R
ES0000000000004565CCPF;19/08/2023;5;0,057;R
ES0000000000004565CCPF;19/08/2023;6;0,057;R
ES0000000000004565CCPF;19/08/2023;7;0,109;R
ES0000000000004565CCPF;19/08/2023;8;0,109;R
ES0000000000004565CCPF;19/08/2023;9;0,057;R
ES0000000000004565CCPF;19/08/2023;10;0,058;R
ES0000000000004565CCPF;19/08/2023;11;0,067;R
ES0000000000004565CCPF;19/08/2023;12;0,072;R
ES0000000000004565CCPF;19/08/2023;13;0,059;R
ES0000000000004565CCPF;19/08/2023;14;0,059;R
ES0000000000004565CCPF;19/08/2023;15;0,071;R
ES0000000000004565CCPF;19/08/2023;16;0,059;R
ES0000000000004565CCPF;19/08/2023;17;0,061;R
ES0000000000004565CCPF;19/08/2023;18;0,107;R
ES0000000000004565CCPF;19/08/2023;19;0,06;R
ES0000000000004565CCPF;19/08/2023;20;0,069;R
ES0000000000004565CCPF;19/08/2023;21;0,061;R
ES0000000000004565CCPF;19/08/2023;22;0,075;R
ES0000000000004565CCPF;19/08/2023;23;0,06;R
ES0000000000004565CCPF;20/08/2023;0;0,065;R
ES0000000000004565CCPF;20/08/2023;1;0,071;R
ES0000000000004565CCPF;20/08/2023;2;0,06;R
ES0000000000004565CCPF;20/08/2023;3;0,069;R
ES0000000000004565CCPF;20/08/2023;4;0,067;R
ES0000000000004565CCPF;20/08/2023;5;0,065;R
ES0000000000004565CCPF;20/08/2023;6;0,059;R
ES0000000000004565CCPF;20/08/2023;7;0,061;R
ES0000000000004565CCPF;20/08/2023;8;0,075;R
ES0000000000004565CCPF;20/08/2023;9;0,058;R
ES0000000000004565CCPF;20/08/2023;10;0,063;R
ES0000000000004565CCPF;20/08/2023;11;0,073;R
ES0000000000004565CCPF;20/08/2023;12;0,058;R
ES0000000000004565CCPF;20/08/2023;13;0,066;R
ES0000000000004565CCPF;20/08/2023;14;0,06;R
ES0000000000004565CCPF;20/08/2023;15;0,077;R
ES0000000000004565CCPF;20/08/2023;16;0,066;R
ES0000000000004565CCPF;20/08/2023;17;0,061;R
ES0000000000004565CCPF;20/08/2023;18;0,076;R
ES0000000000004565CCPF;20/08/2023;19;0,06;R
ES0000000000004565CCPF;20/08/2023;20;0,066;R
ES0000000000004565CCPF;20/08/2023;21;0,07;R
ES0000000000004565CCPF;20/08/2023;22;0,313;R
ES0000000000004565CCPF;20/08/2023;23;0,528;R
ES0000000000004565CCPF;21/08/2023;0;0,308;R
ES0000000000004565CCPF;21/08/2023;1;0,199;R
ES0000000000004565CCPF;21/08/2023;2;0,139;R
ES0000000000004565CCPF;21/08/2023;3;0,112;R
ES0000000000004565CCPF;21/08/2023;4;0,111;R
ES0000000000004565CCPF;21/08/2023;5;0,105;R
ES0000000000004565CCPF;21/08/2023;6;0,115;R
ES0000000000004565CCPF;21/08/2023;7;0,104;R
ES0000000000004565CCPF;21/08/2023;8;0,116;R
ES0000000000004565CCPF;21/08/2023;9;0,456;R
ES0000000000004565CCPF;21/08/2023;10;0,251;R
ES0000000000004565CCPF;21/08/2023;11;0,332;R
ES0000000000004565CCPF;21/08/2023;12;0,165;R
ES0000000000004565CCPF;21/08/2023;13;0,203;R
ES0000000000004565CCPF;21/08/2023;14;0,184;R
ES0000000000004565CCPF;21/08/2023;15;0,355;R
ES0000000000004565CCPF;21/08/2023;16;0,275;R
ES0000000000004565CCPF;21/08/2023;17;0,141;R
ES0000000000004565CCPF;21/08/2023;18;0,154;R
ES0000000000004565CCPF;21/08/2023;19;0,112;R
ES0000000000004565CCPF;21/08/2023;20;0,12;R
ES0000000000004565CCPF;21/08/2023;21;0,098;R
ES0000000000004565CCPF;21/08/2023;22;0,201;R
ES0000000000004565CCPF;21/08/2023;23;0,126;R
ES0000000000004565CCPF;22/08/2023;0;0,513;R
ES0000000000004565CCPF;22/08/2023;1;0,26;R
ES0000000000004565CCPF;22/08/2023;2;0,188;R
ES0000000000004565CCPF;22/08/2023;3;0,117;R
ES0000000000004565CCPF;22/08/2023;4;0,117;R
ES0000000000004565CCPF;22/08/2023;5;0,116;R
ES0000000000004565CCPF;22/08/2023;6;0,108;R
ES0000000000004565CCPF;22/08/2023;7;0,116;R
ES0000000000004565CCPF;22/08/2023;8;0,144;R
ES0000000000004565CCPF;22/08/2023;9;0,121;R
ES0000000000004565CCPF;22/08/2023;10;0,118;R
ES0000000000004565CCPF;22/08/2023;11;0,123;R
ES0000000000004565CCPF;22/08/2023;12;0,109;R
ES0000000000004565CCPF;22/08/2023;13;0,236;R
ES0000000000004565CCPF;22/08/2023;14;0,103;R
ES0000000000004565CCPF;22/08/2023;15;0,113;R
ES0000000000004565CCPF;22/08/2023;16;0,107;R
ES0000000000004565CCPF;22/08/2023;17;0,091;R
ES0000000000004565CCPF;22/08/2023;18;0,091;R
ES0000000000004565CCPF;22/08/2023;19;0,12;R
ES0000000000004565CCPF;22/08/2023;20;0,127;R
ES0000000000004565CCPF;22/08/2023;21;0,08;R
ES0000000000004565CCPF;22/08/2023;22;0,067;R
ES0000000000004565CCPF;22/08/2023;23;0,064;R
ES0000000000004565CCPF;23/08/2023;0;0,073;R
ES0000000000004565CCPF;23/08/2023;1;0,448;R
ES0000000000004565CCPF;23/08/2023;2;0,118;R
ES0000000000004565CCPF;23/08/2023;3;0,07;R
ES0000000000004565CCPF;23/08/2023;4;0,065;R
ES0000000000004565CCPF;23/08/2023;5;0,111;R
ES0000000000004565CCPF;23/08/2023;6;0,077;R
ES0000000000004565CCPF;23/08/2023;7;0,083;R
ES0000000000004565CCPF;23/08/2023;8;0,064;R
ES0000000000004565CCPF;23/08/2023;9;0,072;R
ES0000000000004565CCPF;23/08/2023;10;0,12;R
ES0000000000004565CCPF;23/08/2023;11;0,128;R
ES0000000000004565CCPF;23/08/2023;12;0,132;R
ES0000000000004565CCPF;23/08/2023;13;0,106;R
ES0000000000004565CCPF;23/08/2023;14;0,122;R
ES0000000000004565CCPF;23/08/2023;15;0,111;R
ES0000000000004565CCPF;23/08/2023;16;0,097;R
ES0000000000004565CCPF;23/08/2023;17;0,289;R
ES0000000000004565CCPF;23/08/2023;18;0,071;R
ES0000000000004565CCPF;23/08/2023;19;0,066;R
ES0000000000004565CCPF;23/08/2023;20;0,122;R
ES0000000000004565CCPF;23/08/2023;21;0,164;R
ES0000000000004565CCPF;23/08/2023;22;0,141;R
ES0000000000004565CCPF;23/08/2023;23;0,068;R
ES0000000000004565CCPF;24/08/2023;0;0,08;R
ES0000000000004565CCPF;24/08/2023;1;0,189;R
ES0000000000004565CCPF;24/08/2023;2;0,069;R
ES0000000000004565CCPF;24/08/2023;3;0,072;R
ES0000000000004565CCPF;24/08/2023;4;0,06;R
ES0000000000004565CCPF;24/08/2023;5;0,067;R
ES0000000000004565CCPF;24/08/2023;6;0,101;R
ES0000000000004565CCPF;24/08/2023;7;0,057;R
ES0000000000004565CCPF;24/08/2023;8;0,069;R
ES0000000000004565CCPF;24/08/2023;9;0,059;R
ES0000000000004565CCPF;24/08/2023;10;0,123;R
ES0000000000004565CCPF;24/08/2023;11;0,203;R
ES0000000000004565CCPF;24/08/2023;12;0,113;R
ES0000000000004565CCPF;24/08/2023;13;0,194;R
ES0000000000004565CCPF;24/08/2023;14;0,189;R
ES0000000000004565CCPF;24/08/2023;15;0,146;R
ES0000000000004565CCPF;24/08/2023;16;0,154;R
ES0000000000004565CCPF;24/08/2023;17;0,152;R
ES0000000000004565CCPF;24/08/2023;18;0,149;R
ES0000000000004565CCPF;24/08/2023;19;0,116;R
ES0000000000004565CCPF;24/08/2023;20;0,361;R
ES0000000000004565CCPF;24/08/2023;21;0,268;R
ES0000000000004565CCPF;24/08/2023;22;0,068;R
ES0000000000004565CCPF;24/08/2023;23;0,075;R
ES0000000000004565CCPF;25/08/2023;0;0,067;R
ES0000000000004565CCPF;25/08/2023;1;0,067;R
ES0000000000004565CCPF;25/08/2023;2;0,128;R
ES0000000000004565CCPF;25/08/2023;3;0,071;R
ES0000000000004565CCPF;25/08/2023;4;0,069;R
ES0000000000004565CCPF;25/08/2023;5;0,077;R
ES0000000000004565CCPF;25/08/2023;6;0,061;R
ES0000000000004565CCPF;25/08/2023;7;0,074;R
ES0000000000004565CCPF;25/08/2023;8;0,061;R
ES0000000000004565CCPF;25/08/2023;9;0,068;R
ES0000000000004565CCPF;25/08/2023;10;0,071;R
ES0000000000004565CCPF;25/08/2023;11;0,081;R
ES0000000000004565CCPF;25/08/2023;12;0,36;R
ES0000000000004565CCPF;25/08/2023;13;0,276;R
ES0000000000004565CCPF;25/08/2023;14;0,25;R
ES0000000000004565CCPF;25/08/2023;15;0,304;R
ES0000000000004565CCPF;25/08/2023;16;0,154;R
ES0000000000004565CCPF;25/08/2023;17;0,176;R
ES0000000000004565CCPF;25/08/2023;18;0,078;R
ES0000000000004565CCPF;25/08/2023;19;0,074;R
ES0000000000004565CCPF;25/08/2023;20;0,079;R
ES0000000000004565CCPF;25/08/2023;21;0,078;R
ES0000000000004565CCPF;25/08/2023;22;0,076;R
ES0000000000004565CCPF;25/08/2023;23;0,082;R
ES0000000000004565CCPF;26/08/2023;0;0,237;R
ES0000000000004565CCPF;26/08/2023;1;0,075;R
ES0000000000004565CCPF;26/08/2023;2;0,077;R
ES0000000000004565CCPF;26/08/2023;3;0,065;R
ES0000000000004565CCPF;26/08/2023;4;0,06;R
ES0000000000004565CCPF;26/08/2023;5;0,069;R
ES0000000000004565CCPF;26/08/2023;6;0,06;R
ES0000000000004565CCPF;26/08/2023;7;0,069;R
ES0000000000004565CCPF;26/08/2023;8;0,058;R
ES0000000000004565CCPF;26/08/2023;9;0,069;R
ES0000000000004565CCPF;26/08/2023;10;0,059;R
ES0000000000004565CCPF;26/08/2023;11;0,214;R
ES0000000000004565CCPF;26/08/2023;12;0,11;R
ES0000000000004565CCPF;26/08/2023;13;0,122;R
ES0000000000004565CCPF;26/08/2023;14;0,114;R
ES0000000000004565CCPF;26/08/2023;15;0,198;R
ES0000000000004565CCPF;26/08/2023;16;0,182;R
ES0000000000004565CCPF;26/08/2023;17;0,195;R
ES0000000000004565CCPF;26/08/2023;18;0,079;R
ES0000000000004565CCPF;26/08/2023;19;0,085;R
ES0000000000004565CCPF;26/08/2023;20;0,07;R
ES0000000000004565CCPF;26/08/2023;21;0,15;R
ES0000000000004565CCPF;26/08/2023;22;0,463;R
ES0000000000004565CCPF;26/08/2023;23;0,312;R
ES0000000000004565CCPF;27/08/2023;0;0,348;R
ES0000000000004565CCPF;27/08/2023;1;0,115;R
ES0000000000004565CCPF;27/08/2023;2;0,065;R
ES0000000000004565CCPF;27/08/2023;3;0,055;R
ES0000000000004565CCPF;27/08/2023;4;0,051;R
ES0000000000004565CCPF;27/08/2023;5;0,052;R
ES0000000000004565CCPF;27/08/2023;6;0,273;R
ES0000000000004565CCPF;27/08/2023;7;0,058;R
ES0000000000004565CCPF;27/08/2023;8;0,055;R
ES0000000000004565CCPF;27/08/2023;9;0,056;R
ES0000000000004565CCPF;27/08/2023;10;0,055;R
ES0000000000004565CCPF;27/08/2023;11;0,055;R
ES0000000000004565CCPF;27/08/2023;12;0,054;R
ES0000000000004565CCPF;27/08/2023;13;0,055;R
ES0000000000004565CCPF;27/08/2023;14;0,056;R
ES0000000000004565CCPF;27/08/2023;15;0,059;R
ES0000000000004565CCPF;27/08/2023;16;0,057;R
ES0000000000004565CCPF;27/08/2023;17;0,057;R
ES0000000000004565CCPF;27/08/2023;18;0,052;R
ES0000000000004565CCPF;27/08/2023;19;0,052;R
ES0000000000004565CCPF;27/08/2023;20;0,053;R
ES0000000000004565CCPF;27/08/2023;21;0,054;R
ES0000000000004565CCPF;27/08/2023;22;0,055;R
ES0000000000004565CCPF;27/08/2023;23;0,054;R
ES0000000000004565CCPF;28/08/2023;0;0,057;R
ES0000000000004565CCPF;28/08/2023;1;0,063;R
ES0000000000004565CCPF;28/08/2023;2;0,057;R
ES0000000000004565CCPF;28/08/2023;3;0,057;R
ES0000000000004565CCPF;28/08/2023;4;0,058;R
ES0000000000004565CCPF;28/08/2023;5;0,056;R
ES0000000000004565CCPF;28/08/2023;6;0,057;R
ES0000000000004565CCPF;28/08/2023;7;0,055;R
ES0000000000004565CCPF;28/08/2023;8;0,051;R
ES0000000000004565CCPF;28/08/2023;9;0,044;R
ES0000000000004565CCPF;28/08/2023;10;0,058;R
ES0000000000004565CCPF;28/08/2023;11;0,06;R
ES0000000000004565CCPF;28/08/2023;12;0,058;R
ES0000000000004565CCPF;28/08/2023;13;0,06;R
ES0000000000004565CCPF;28/08/2023;14;0,056;R
ES0000000000004565CCPF;28/08/2023;15;0,057;R
ES0000000000004565CCPF;28/08/2023;16;0,057;R
ES0000000000004565CCPF;28/08/2023;17;0,051;R
ES0000000000004565CCPF;28/08/2023;18;0,054;R
ES0000000000004565CCPF;28/08/2023;19;0,053;R
ES0000000000004565CCPF;28/08/2023;20;0,056;R
ES0000000000004565CCPF;28/08/2023;21;0,057;R
ES0000000000004565CCPF;28/08/2023;22;0,058;R
ES0000000000004565CCPF;28/08/2023;23;0,06;R
ES0000000000004565CCPF;29/08/2023;0;0,064;R
ES0000000000004565CCPF;29/08/2023;1;0,062;R
ES0000000000004565CCPF;29/08/2023;2;0,059;R
ES0000000000004565CCPF;29/08/2023;3;0,052;R
ES0000000000004565CCPF;29/08/2023;4;0,057;R
ES0000000000004565CCPF;29/08/2023;5;0,059;R
ES0000000000004565CCPF;29/08/2023;6;0,057;R
ES0000000000004565CCPF;29/08/2023;7;0,055;R
ES0000000000004565CCPF;29/08/2023;8;0,053;R
ES0000000000004565CCPF;29/08/2023;9;0,05;R
ES0000000000004565CCPF;29/08/2023;10;0,05;R
ES0000000000004565CCPF;29/08/2023;11;0,052;R
ES0000000000004565CCPF;29/08/2023;12;0,058;R
ES0000000000004565CCPF;29/08/2023;13;0,058;R
ES0000000000004565CCPF;29/08/2023;14;0,057;R
ES0000000000004565CCPF;29/08/2023;15;0,056;R
ES0000000000004565CCPF;29/08/2023;16;0,057;R
ES0000000000004565CCPF;29/08/2023;17;0,058;R
ES0000000000004565CCPF;29/08/2023;18;0,059;R
ES0000000000004565CCPF;29/08/2023;19;0,058;R
ES0000000000004565CCPF;29/08/2023;20;0,054;R
ES0000000000004565CCPF;29/08/2023;21;0,236;R
ES0000000000004565CCPF;29/08/2023;22;0,54;R
ES0000000000004565CCPF;29/08/2023;23;0,371;R
ES0000000000004565CCPF;30/08/2023;0;0,11;R
ES0000000000004565CCPF;30/08/2023;1;0,085;R
ES0000000000004565CCPF;30/08/2023;2;0,071;R
ES0000000000004565CCPF;30/08/2023;3;0,061;R
ES0000000000004565CCPF;30/08/2023;4;0,061;R
ES0000000000004565CCPF;30/08/2023;5;0,067;R
ES0000000000004565CCPF;30/08/2023;6;0,068;R
ES0000000000004565CCPF;30/08/2023;7;0,056;R
ES0000000000004565CCPF;30/08/2023;8;0,053;R
ES0000000000004565CCPF;30/08/2023;9;0,071;R
ES0000000000004565CCPF;30/08/2023;10;0,071;R
ES0000000000004565CCPF;30/08/2023;11;0,201;R
ES0000000000004565CCPF;30/08/2023;12;0,281;R
ES0000000000004565CCPF;30/08/2023;13;0,243;R
ES0000000000004565CCPF;30/08/2023;14;0,129;R
ES0000000000004565CCPF;30/08/2023;15;0,26;R
ES0000000000004565CCPF;30/08/2023;16;0,212;R
ES0000000000004565CCPF;30/08/2023;17;0,173;R
ES0000000000004565CCPF;30/08/2023;18;0,06;R
ES0000000000004565CCPF;30/08/2023;19;0,06;R
ES0000000000004565CCPF;30/08/2023;20;0,06;R
ES0000000000004565CCPF;30/08/2023;21;0,062;R
ES0000000000004565CCPF;30/08/2023;22;0,061;R
ES0000000000004565CCPF;30/08/2023;23;0,061;R
ES0000000000004565CCPF;31/08/2023;0;0,065;R
ES0000000000004565CCPF;31/08/2023;1;0,059;R
ES0000000000004565CCPF;31/08/2023;2;0,059;R
ES0000000000004565CCPF;31/08/2023;3;0,06;R
ES0000000000004565CCPF;31/08/2023;4;0,06;R
ES0000000000004565CCPF;31/08/2023;5;0,06;R
ES0000000000004565CCPF;31/08/2023;6;0,061;R
ES0000000000004565CCPF;31/08/2023;7;0,059;R
ES0000000000004565CCPF;31/08/2023;8;0,059;R
ES0000000000004565CCPF;31/08/2023;9;0,06;R
ES0000000000004565CCPF;31/08/2023;10;0,057;R
ES0000000000004565CCPF;31/08/2023;11;0,058;R
ES0000000000004565CCPF;31/08/2023;12;0,058;R
ES0000000000004565CCPF;31/08/2023;13;0,059;R
ES0000000000004565CCPF;31/08/2023;14;0,059;R
ES0000000000004565CCPF;31/08/2023;15;0,061;R
ES0000000000004565CCPF;31/08/2023;16;0,06;R
ES0000000000004565CCPF;31/08/2023;17;0,06;R
ES0000000000004565CCPF;31/08/2023;18;0,063;R
ES0000000000004565CCPF;31/08/2023;19;0,059;R
ES0000000000004565CCPF;31/08/2023;20;0,061;R
ES0000000000004565CCPF;31/08/2023;21;0,061;R
ES0000000000004565CCPF;31/08/2023;22;0,061;R
ES0000000000004565CCPF;31/08/2023;23;0,063;R
ES0000000000004565CCPF;01/09/2023;0;0,065;R
ES0000000000004565CCPF;01/09/2023;1;0,063;R
ES0000000000004565CCPF;01/09/2023;2;0,047;R
ES0000000000004565CCPF;01/09/2023;3;0,064;R
ES0000000000004565CCPF;01/09/2023;4;0,061;R
ES0000000000004565CCPF;01/09/2023;5;0,063;R
ES0000000000004565CCPF;01/09/2023;6;0,063;R
ES0000000000004565CCPF;01/09/2023;7;0,061;R
ES0000000000004565CCPF;01/09/2023;8;0,061;R
ES0000000000004565CCPF;01/09/2023;9;0,059;R
ES0000000000004565CCPF;01/09/2023;10;0,058;R
ES0000000000004565CCPF;01/09/2023;11;0,058;R
ES0000000000004565CCPF;01/09/2023;12;0,06;R
ES0000000000004565CCPF;01/09/2023;13;0,063;R
ES0000000000004565CCPF;01/09/2023;14;0,059;R
ES0000000000004565CCPF;01/09/2023;15;0,059;R
ES0000000000004565CCPF;01/09/2023;16;0,059;R
ES0000000000004565CCPF;01/09/2023;17;0,059;R
ES0000000000004565CCPF;01/09/2023;18;0,062;R
ES0000000000004565CCPF;01/09/2023;19;0,063;R
ES0000000000004565CCPF;01/09/2023;20;0,066;R
ES0000000000004565CCPF;01/09/2023;21;0,06;R
ES0000000000004565CCPF;01/09/2023;22;0,061;R
ES0000000000004565CCPF;01/09/2023;23;0,062;R
ES0000000000004565CCPF;02/09/2023;0;0,061;R
ES0000000000004565CCPF;02/09/2023;1;0,062;R
ES0000000000004565CCPF;02/09/2023;2;0,066;R
ES0000000000004565CCPF;02/09/2023;3;0,067;R
ES0000000000004565CCPF;02/09/2023;4;0,049;R
ES0000000000004565CCPF;02/09/2023;5;0,067;R
ES0000000000004565CCPF;02/09/2023;6;0,06;R
ES0000000000004565CCPF;02/09/2023;7;0,06;R
ES0000000000004565CCPF;02/09/2023;8;0,064;R
ES0000000000004565CCPF;02/09/2023;9;0,063;R
ES0000000000004565CCPF;02/09/2023;10;0,062;R
ES0000000000004565CCPF;02/09/2023;11;0,058;R
ES0000000000004565CCPF;02/09/2023;12;0,057;R
ES0000000000004565CCPF;02/09/2023;13;0,059;R
ES0000000000004565CCPF;02/09/2023;14;0,058;R
ES0000000000004565CCPF;02/09/2023;15;0,061;R
ES0000000000004565CCPF;02/09/2023;16;0,06;R
ES0000000000004565CCPF;02/09/2023;17;0,059;R
ES0000000000004565CCPF;02/09/2023;18;0,058;R
ES0000000000004565CCPF;02/09/2023;19;0,058;R
ES0000000000004565CCPF;02/09/2023;20;0,058;R
ES0000000000004565CCPF;02/09/2023;21;0,058;R
ES0000000000004565CCPF;02/09/2023;22;0,048;R
ES0000000000004565CCPF;02/09/2023;23;0,057;R
ES0000000000004565CCPF;03/09/2023;0;0,059;R
ES0000000000004565CCPF;03/09/2023;1;0,059;R
ES0000000000004565CCPF;03/09/2023;2;0,058;R
ES0000000000004565CCPF;03/09/2023;3;0,056;R
ES0000000000004565CCPF;03/09/2023;4;0,056;R
ES0000000000004565CCPF;03/09/2023;5;0,055;R
ES0000000000004565CCPF;03/09/2023;6;0,056;R
ES0000000000004565CCPF;03/09/2023;7;0,056;R
ES0000000000004565CCPF;03/09/2023;8;0,058;R
ES0000000000004565CCPF;03/09/2023;9;0,053;R
ES0000000000004565CCPF;03/09/2023;10;0,055;R
ES0000000000004565CCPF;03/09/2023;11;0,058;R
ES0000000000004565CCPF;03/09/2023;12;0,055;R
ES0000000000004565CCPF;03/09/2023;13;0,055;R
ES0000000000004565CCPF;03/09/2023;14;0,055;R
ES0000000000004565CCPF;03/09/2023;15;0,056;R
ES0000000000004565CCPF;03/09/2023;16;0,054;R
ES0000000000004565CCPF;03/09/2023;17;0,062;R
ES0000000000004565CCPF;03/09/2023;18;0,059;R
ES0000000000004565CCPF;03/09/2023;19;0,058;R
ES0000000000004565CCPF;03/09/2023;20;0,058;R
ES0000000000004565CCPF;03/09/2023;21;0,055;R
ES0000000000004565CCPF;03/09/2023;22;0,055;R
ES0000000000004565CCPF;03/09/2023;23;0,056;R
ES0000000000004565CCPF;04/09/2023;0;0,055;R
ES0000000000004565CCPF;04/09/2023;1;0,057;R
ES0000000000004565CCPF;04/09/2023;2;0,055;R
ES0000000000004565CCPF;04/09/2023;3;0,054;R
ES0000000000004565CCPF;04/09/2023;4;0,056;R
ES0000000000004565CCPF;04/09/2023;5;0,056;R
ES0000000000004565CCPF;04/09/2023;6;0,055;R
ES0000000000004565CCPF;04/09/2023;7;0,056;R
ES0000000000004565CCPF;04/09/2023;8;0,056;R
ES0000000000004565CCPF;04/09/2023;9;0,058;R
ES0000000000004565CCPF;04/09/2023;10;0,062;R
ES0000000000004565CCPF;04/09/2023;11;0,059;R
ES0000000000004565CCPF;04/09/2023;12;0,058;R
ES0000000000004565CCPF;04/09/2023;13;0,055;R
ES0000000000004565CCPF;04/09/2023;14;0,054;R
ES0000000000004565CCPF;04/09/2023;15;0,056;R
ES0000000000004565CCPF;04/09/2023;16;0,055;R
ES0000000000004565CCPF;04/09/2023;17;0,054;R
ES0000000000004565CCPF;04/09/2023;18;0,046;R
ES0000000000004565CCPF;04/09/2023;19;0,06;R
ES0000000000004565CCPF;04/09/2023;20;0,061;R
ES0000000000004565CCPF;04/09/2023;21;0,059;R
ES0000000000004565CCPF;04/09/2023;22;0,058;R
ES0000000000004565CCPF;04/09/2023;23;0,058;R
ES0000000000004565CCPF;05/09/2023;0;0,058;R
ES0000000000004565CCPF;05/09/2023;1;0,057;R
ES0000000000004565CCPF;05/09/2023;2;0,057;R
ES0000000000004565CCPF;05/09/2023;3;0,056;R
ES0000000000004565CCPF;05/09/2023;4;0,057;R
ES0000000000004565CCPF;05/09/2023;5;0,056;R
ES0000000000004565CCPF;05/09/2023;6;0,056;R
ES0000000000004565CCPF;05/09/2023;7;0,054;R
ES0000000000004565CCPF;05/09/2023;8;0,054;R
ES0000000000004565CCPF;05/09/2023;9;0,057;R
ES0000000000004565CCPF;05/09/2023;10;0,058;R
ES0000000000004565CCPF;05/09/2023;11;0,054;R
ES0000000000004565CCPF;05/09/2023;12;0,048;R
ES0000000000004565CCPF;05/09/2023;13;0,061;R
ES0000000000004565CCPF;05/09/2023;14;0,059;R
ES0000000000004565CCPF;05/09/2023;15;0,059;R
ES0000000000004565CCPF;05/09/2023;16;0,058;R
ES0000000000004565CCPF;05/09/2023;17;0,059;R
ES0000000000004565CCPF;05/09/2023;18;0,059;R
ES0000000000004565CCPF;05/09/2023;19;0,058;R
ES0000000000004565CCPF;05/09/2023;20;0,058;R
ES0000000000004565CCPF;05/09/2023;21;0,058;R
ES0000000000004565CCPF;05/09/2023;22;0,059;R
ES0000000000004565CCPF;05/09/2023;23;0,056;R
ES0000000000004565CCPF;06/09/2023;0;0,057;R
ES0000000000004565CCPF;06/09/2023;1;0,057;R
ES0000000000004565CCPF;06/09/2023;2;0,057;R
ES0000000000004565CCPF;06/09/2023;3;0,056;R
ES0000000000004565CCPF;06/09/2023;4;0,057;R
ES0000000000004565CCPF;06/09/2023;5;0,056;R
ES0000000000004565CCPF;06/09/2023;6;0,057;R
ES0000000000004565CCPF;06/09/2023;7;0,057;R
ES0000000000004565CCPF;06/09/2023;8;0,056;R
ES0000000000004565CCPF;06/09/2023;9;0,057;R
ES0000000000004565CCPF;06/09/2023;10;0,056;R
ES0000000000004565CCPF;06/09/2023;11;0,056;R
ES0000000000004565CCPF;06/09/2023;12;0,056;R
ES0000000000004565CCPF;06/09/2023;13;0,057;R
ES0000000000004565CCPF;06/09/2023;14;0,057;R
ES0000000000004565CCPF;06/09/2023;15;0,058;R
ES0000000000004565CCPF;06/09/2023;16;0,064;R
ES0000000000004565CCPF;06/09/2023;17;0,058;R
ES0000000000004565CCPF;06/09/2023;18;0,059;R
ES0000000000004565CCPF;06/09/2023;19;0,059;R
ES0000000000004565CCPF;06/09/2023;20;0,06;R
ES0000000000004565CCPF;06/09/2023;21;0,058;R
ES0000000000004565CCPF;06/09/2023;22;0,059;R
ES0000000000004565CCPF;06/09/2023;23;0,057;R
ES0000000000004565CCPF;07/09/2023;0;0,058;R
ES0000000000004565CCPF;07/09/2023;1;0,059;R
ES0000000000004565CCPF;07/09/2023;2;0,057;R
ES0000000000004565CCPF;07/09/2023;3;0,056;R
ES0000000000004565CCPF;07/09/2023;4;0,058;R
ES0000000000004565CCPF;07/09/2023;5;0,058;R
ES0000000000004565CCPF;07/09/2023;6;0,057;R
ES0000000000004565CCPF;07/09/2023;7;0,058;R
ES0000000000004565CCPF;07/09/2023;8;0,056;R
ES0000000000004565CCPF;07/09/2023;9;0,058;R
ES0000000000004565CCPF;07/09/2023;10;0,059;R
ES0000000000004565CCPF;07/09/2023;11;0,055;R
ES0000000000004565CCPF;07/09/2023;12;0,058;R
ES0000000000004565CCPF;07/09/2023;13;0,059;R
ES0000000000004565CCPF;07/09/2023;14;0,059;R
ES0000000000004565CCPF;07/09/2023;15;0,06;R
ES0000000000004565CCPF;07/09/2023;16;0,059;R
ES0000000000004565CCPF;07/09/2023;17;0,058;R
ES0000000000004565CCPF;07/09/2023;18;0,051;R
ES0000000000004565CCPF;07/09/2023;19;0,058;R
ES0000000000004565CCPF;07/09/2023;20;0,061;R
ES0000000000004565CCPF;07/09/2023;21;0,061;R
ES0000000000004565CCPF;07/09/2023;22;0,061;R
ES0000000000004565CCPF;07/09/2023;23;0,059;R
ES0000000000004565CCPF;08/09/2023;0;0,061;R
ES0000000000004565CCPF;08/09/2023;1;0,06;R
ES0000000000004565CCPF;08/09/2023;2;0,059;R
ES0000000000004565CCPF;08/09/2023;3;0,051;R
ES0000000000004565CCPF;08/09/2023;4;0,061;R
ES0000000000004565CCPF;08/09/2023;5;0,059;R
ES0000000000004565CCPF;08/09/2023;6;0,059;R
ES0000000000004565CCPF;08/09/2023;7;0,059;R
ES0000000000004565CCPF;08/09/2023;8;0,058;R
ES0000000000004565CCPF;08/09/2023;9;0,058;R
ES0000000000004565CCPF;08/09/2023;10;0,059;R
ES0000000000004565CCPF;08/09/2023;11;0,059;R
ES0000000000004565CCPF;08/09/2023;12;0,059;R
ES0000000000004565CCPF;08/09/2023;13;0,062;R
ES0000000000004565CCPF;08/09/2023;14;0,059;R
ES0000000000004565CCPF;08/09/2023;15;0,059;R
ES0000000000004565CCPF;08/09/2023;16;0,059;R
ES0000000000004565CCPF;08/09/2023;17;0,059;R
ES0000000000004565CCPF;08/09/2023;18;0,059;R
ES0000000000004565CCPF;08/09/2023;19;0,059;R
ES0000000000004565CCPF;08/09/2023;20;0,06;R
ES0000000000004565CCPF;08/09/2023;21;0,058;R
ES0000000000004565CCPF;08/09/2023;22;0,063;R
ES0000000000004565CCPF;08/09/2023;23;0,059;R
ES0000000000004565CCPF;09/09/2023;0;0,059;R
ES0000000000004565CCPF;09/09/2023;1;0,058;R
ES0000000000004565CCPF;09/09/2023;2;0,061;R
ES0000000000004565CCPF;09/09/2023;3;0,061;R
ES0000000000004565CCPF;09/09/2023;4;0,061;R
ES0000000000004565CCPF;09/09/2023;5;0,06;R
ES0000000000004565CCPF;09/09/2023;6;0,052;R
ES0000000000004565CCPF;09/09/2023;7;0,059;R
ES0000000000004565CCPF;09/09/2023;8;0,06;R
ES0000000000004565CCPF;09/09/2023;9;0,06;R
ES0000000000004565CCPF;09/09/2023;10;0,06;R
ES0000000000004565CCPF;09/09/2023;11;0,06;R
ES0000000000004565CCPF;09/09/2023;12;0,06;R
ES0000000000004565CCPF;09/09/2023;13;0,06;R
ES0000000000004565CCPF;09/09/2023;14;0,061;R
ES0000000000004565CCPF;09/09/2023;15;0,053;R
ES0000000000004565CCPF;09/09/2023;16;0,06;R
ES0000000000004565CCPF;09/09/2023;17;0,062;R
ES0000000000004565CCPF;09/09/2023;18;0,062;R
ES0000000000004565CCPF;09/09/2023;19;0,062;R
ES0000000000004565CCPF;09/09/2023;20;0,061;R
ES0000000000004565CCPF;09/09/2023;21;0,062;R
ES0000000000004565CCPF;09/09/2023;22;0,059;R
ES0000000000004565CCPF;09/09/2023;23;0,058;R
ES0000000000004565CCPF;10/09/2023;0;0,053;R
ES0000000000004565CCPF;10/09/2023;1;0,059;R
ES0000000000004565CCPF;10/09/2023;2;0,061;R
ES0000000000004565CCPF;10/09/2023;3;0,061;R
ES0000000000004565CCPF;10/09/2023;4;0,06;R
ES0000000000004565CCPF;10/09/2023;5;0,058;R
ES0000000000004565CCPF;10/09/2023;6;0,059;R
ES0000000000004565CCPF;10/09/2023;7;0,058;R
ES0000000000004565CCPF;10/09/2023;8;0,058;R
ES0000000000004565CCPF;10/09/2023;9;0,049;R
ES0000000000004565CCPF;10/09/2023;10;0,061;R
ES0000000000004565CCPF;10/09/2023;11;0,06;R
ES0000000000004565CCPF;10/09/2023;12;0,059;R
ES0000000000004565CCPF;10/09/2023;13;0,058;R
ES0000000000004565CCPF;10/09/2023;14;0,189;R
ES0000000000004565CCPF;10/09/2023;15;0,093;R
ES0000000000004565CCPF;10/09/2023;16;0,272;R
ES0000000000004565CCPF;10/09/2023;17;0,188;R
ES0000000000004565CCPF;10/09/2023;18;0,056;R
ES0000000000004565CCPF;10/09/2023;19;0,059;R
ES0000000000004565CCPF;10/09/2023;20;0,054;R
ES0000000000004565CCPF;10/09/2023;21;0,054;R
ES0000000000004565CCPF;10/09/2023;22;0,188;R
ES0000000000004565CCPF;10/09/2023;23;0,278;R
ES0000000000004565CCPF;11/09/2023;0;0,117;R
ES0000000000004565CCPF;11/09/2023;1;0,066;R
ES0000000000004565CCPF;11/09/2023;2;0,051;R
ES0000000000004565CCPF;11/09/2023;3;0,054;R
ES0000000000004565CCPF;11/09/2023;4;0,061;R
ES0000000000004565CCPF;11/09/2023;5;0,058;R
ES0000000000004565CCPF;11/09/2023;6;0,056;R
ES0000000000004565CCPF;11/09/2023;7;0,166;R
ES0000000000004565CCPF;11/09/2023;8;0,055;R
ES0000000000004565CCPF;11/09/2023;9;0,056;R
ES0000000000004565CCPF;11/09/2023;10;0,052;R
ES0000000000004565CCPF;11/09/2023;11;0,051;R
ES0000000000004565CCPF;11/09/2023;12;0,051;R
ES0000000000004565CCPF;11/09/2023;13;0,056;R
ES0000000000004565CCPF;11/09/2023;14;0,052;R
ES0000000000004565CCPF;11/09/2023;15;0,058;R
ES0000000000004565CCPF;11/09/2023;16;0,057;R
ES0000000000004565CCPF;11/09/2023;17;0,057;R
ES0000000000004565CCPF;11/09/2023;18;0,056;R
ES0000000000004565CCPF;11/09/2023;19;0,052;R
ES0000000000004565CCPF;11/09/2023;20;0,051;R
ES0000000000004565CCPF;11/09/2023;21;0,052;R
ES0000000000004565CCPF;11/09/2023;22;0,059;R
ES0000000000004565CCPF;11/09/2023;23;0,055;R
ES0000000000004565CCPF;12/09/2023;0;0,058;R
ES0000000000004565CCPF;12/09/2023;1;0,058;R
ES0000000000004565CCPF;12/09/2023;2;0,053;R
ES0000000000004565CCPF;12/09/2023;3;0,051;R
ES0000000000004565CCPF;12/09/2023;4;0,051;R
ES0000000000004565CCPF;12/09/2023;5;0,051;R
ES0000000000004565CCPF;12/09/2023;6;0,052;R
ES0000000000004565CCPF;12/09/2023;7;0,047;R
ES0000000000004565CCPF;12/09/2023;8;0,054;R
ES0000000000004565CCPF;12/09/2023;9;0,057;R
ES0000000000004565CCPF;12/09/2023;10;0,054;R
ES0000000000004565CCPF;12/09/2023;11;0,049;R
ES0000000000004565CCPF;12/09/2023;12;0,052;R
ES0000000000004565CCPF;12/09/2023;13;0,052;R
ES0000000000004565CCPF;12/09/2023;14;0,052;R
ES0000000000004565CCPF;12/09/2023;15;0,052;R
ES0000000000004565CCPF;12/09/2023;16;0,056;R
ES0000000000004565CCPF;12/09/2023;17;0,058;R
ES0000000000004565CCPF;12/09/2023;18;0,058;R
ES0000000000004565CCPF;12/09/2023;19;0,056;R
ES0000000000004565CCPF;12/09/2023;20;0,053;R
ES0000000000004565CCPF;12/09/2023;21;0,052;R
ES0000000000004565CCPF;12/09/2023;22;0,053;R
ES0000000000004565CCPF;12/09/2023;23;0,052;R
ES0000000000004565CCPF;13/09/2023;0;0,051;R
ES0000000000004565CCPF;13/09/2023;1;0,054;R
ES0000000000004565CCPF;13/09/2023;2;0,055;R
ES0000000000004565CCPF;13/09/2023;3;0,056;R
ES0000000000004565CCPF;13/09/2023;4;0,055;R
ES0000000000004565CCPF;13/09/2023;5;0,053;R
ES0000000000004565CCPF;13/09/2023;6;0,054;R
ES0000000000004565CCPF;13/09/2023;7;0,053;R
ES0000000000004565CCPF;13/09/2023;8;0,051;R
ES0000000000004565CCPF;13/09/2023;9;0,05;R
ES0000000000004565CCPF;13/09/2023;10;0,042;R
ES0000000000004565CCPF;13/09/2023;11;0,047;R
ES0000000000004565CCPF;13/09/2023;12;0,069;R
ES0000000000004565CCPF;13/09/2023;13;0,051;R
ES0000000000004565CCPF;13/09/2023;14;0,052;R
ES0000000000004565CCPF;13/09/2023;15;0,059;R
ES0000000000004565CCPF;13/09/2023;16;0,058;R
ES0000000000004565CCPF;13/09/2023;17;0,053;R
ES0000000000004565CCPF;13/09/2023;18;0,051;R
ES0000000000004565CCPF;13/09/2023;19;0,053;R
ES0000000000004565CCPF;13/09/2023;20;0,056;R
ES0000000000004565CCPF;13/09/2023;21;0,051;R
ES0000000000004565CCPF;13/09/2023;22;0,054;R
ES0000000000004565CCPF;13/09/2023;23;0,058;R
ES0000000000004565CCPF;14/09/2023;0;0,056;R
ES0000000000004565CCPF;14/09/2023;1;0,056;R
ES0000000000004565CCPF;14/09/2023;2;0,052;R
ES0000000000004565CCPF;14/09/2023;3;0,051;R
ES0000000000004565CCPF;14/09/2023;4;0,052;R
ES0000000000004565CCPF;14/09/2023;5;0,054;R
ES0000000000004565CCPF;14/09/2023;6;0,051;R
ES0000000000004565CCPF;14/09/2023;7;0,05;R
ES0000000000004565CCPF;14/09/2023;8;0,055;R
ES0000000000004565CCPF;14/09/2023;9;0,054;R
ES0000000000004565CCPF;14/09/2023;10;0,054;R
ES0000000000004565CCPF;14/09/2023;11;0,055;R
ES0000000000004565CCPF;14/09/2023;12;0,056;R
ES0000000000004565CCPF;14/09/2023;13;0,05;R
ES0000000000004565CCPF;14/09/2023;14;0,04;R
ES0000000000004565CCPF;14/09/2023;15;0,053;R
ES0000000000004565CCPF;14/09/2023;16;0,052;R
ES0000000000004565CCPF;14/09/2023;17;0,053;R
ES0000000000004565CCPF;14/09/2023;18;0,053;R
ES0000000000004565CCPF;14/09/2023;19;0,06;R
ES0000000000004565CCPF;14/09/2023;20;0,06;R
ES0000000000004565CCPF;14/09/2023;21;0,054;R
ES0000000000004565CCPF;14/09/2023;22;0,053;R
ES0000000000004565CCPF;14/09/2023;23;0,047;R
ES0000000000004565CCPF;15/09/2023;0;0,056;R
ES0000000000004565CCPF;15/09/2023;1;0,052;R
ES0000000000004565CCPF;15/09/2023;2;0,056;R
ES0000000000004565CCPF;15/09/2023;3;0,059;R
ES0000000000004565CCPF;15/09/2023;4;0,056;R
ES0000000000004565CCPF;15/09/2023;5;0,052;R
ES0000000000004565CCPF;15/09/2023;6;0,052;R
ES0000000000004565CCPF;15/09/2023;7;0,051;R
ES0000000000004565CCPF;15/09/2023;8;0,052;R
ES0000000000004565CCPF;15/09/2023;9;0,054;R
ES0000000000004565CCPF;15/09/2023;10;0,05;R
ES0000000000004565CCPF;15/09/2023;11;0,056;R
ES0000000000004565CCPF;15/09/2023;12;0,055;R
ES0000000000004565CCPF;15/09/2023;13;0,055;R
ES0000000000004565CCPF;15/09/2023;14;0,055;R
ES0000000000004565CCPF;15/09/2023;15;0,054;R
ES0000000000004565CCPF;15/09/2023;16;0,051;R
ES0000000000004565CCPF;15/09/2023;17;0,051;R
ES0000000000004565CCPF;15/09/2023;18;0,051;R
ES0000000000004565CCPF;15/09/2023;19;0,05;R
ES0000000000004565CCPF;15/09/2023;20;0,053;R
ES0000000000004565CCPF;15/09/2023;21;0,057;R
ES0000000000004565CCPF;15/09/2023;22;0,057;R
ES0000000000004565CCPF;15/09/2023;23;0,058;R
ES0000000000004565CCPF;16/09/2023;0;0,054;R
ES0000000000004565CCPF;16/09/2023;1;0,048;R
ES0000000000004565CCPF;16/09/2023;2;0,049;R
ES0000000000004565CCPF;16/09/2023;3;0,045;R
ES0000000000004565CCPF;16/09/2023;4;0,054;R
ES0000000000004565CCPF;16/09/2023;5;0,051;R
ES0000000000004565CCPF;16/09/2023;6;0,056;R
ES0000000000004565CCPF;16/09/2023;7;0,056;R
ES0000000000004565CCPF;16/09/2023;8;0,092;R
ES0000000000004565CCPF;16/09/2023;9;0,054;R
ES0000000000004565CCPF;16/09/2023;10;0,053;R
ES0000000000004565CCPF;16/09/2023;11;0,051;R
ES0000000000004565CCPF;16/09/2023;12;0,05;R
ES0000000000004565CCPF;16/09/2023;13;0,044;R
ES0000000000004565CCPF;16/09/2023;14;0,049;R
ES0000000000004565CCPF;16/09/2023;15;0,051;R
ES0000000000004565CCPF;16/09/2023;16;0,052;R
ES0000000000004565CCPF;16/09/2023;17;0,051;R
ES0000000000004565CCPF;16/09/2023;18;0,058;R
ES0000000000004565CCPF;16/09/2023;19;0,058;R
ES0000000000004565CCPF;16/09/2023;20;0,054;R
ES0000000000004565CCPF;16/09/2023;21;0,051;R
ES0000000000004565CCPF;16/09/2023;22;0,697;R
ES0000000000004565CCPF;16/09/2023;23;0,274;R
ES0000000000004565CCPF;17/09/2023;0;0,229;R
ES0000000000004565CCPF;17/09/2023;1;0,07;R
ES0000000000004565CCPF;17/09/2023;2;0,061;R
ES0000000000004565CCPF;17/09/2023;3;0,058;R
ES0000000000004565CCPF;17/09/2023;4;0,058;R
ES0000000000004565CCPF;17/09/2023;5;0,056;R
ES0000000000004565CCPF;17/09/2023;6;0,042;R
ES0000000000004565CCPF;17/09/2023;7;0,063;R
ES0000000000004565CCPF;17/09/2023;8;0,05;R
ES0000000000004565CCPF;17/09/2023;9;0,188;R
ES0000000000004565CCPF;17/09/2023;10;0,536;R
ES0000000000004565CCPF;17/09/2023;11;0,603;R
ES0000000000004565CCPF;17/09/2023;12;0,182;R
ES0000000000004565CCPF;17/09/2023;13;0,155;R
ES0000000000004565CCPF;17/09/2023;14;0,924;R
ES0000000000004565CCPF;17/09/2023;15;0,261;R
ES0000000000004565CCPF;17/09/2023;16;0,222;R
ES0000000000004565CCPF;17/09/2023;17;0,194;R
ES0000000000004565CCPF;17/09/2023;18;0,385;R
ES0000000000004565CCPF;17/09/2023;19;0,288;R
ES0000000000004565CCPF;17/09/2023;20;0,058;R
ES0000000000004565CCPF;17/09/2023;21;0,065;R
ES0000000000004565CCPF;17/09/2023;22;0,064;R
ES0000000000004565CCPF;17/09/2023;23;0,064;R
ES0000000000004565CCPF;18/09/2023;0;0,062;R
ES0000000000004565CCPF;18/09/2023;1;0,053;R
ES0000000000004565CCPF;18/09/2023;2;0,053;R
ES0000000000004565CCPF;18/09/2023;3;0,055;R
ES0000000000004565CCPF;18/09/2023;4;0,06;R
ES0000000000004565CCPF;18/09/2023;5;0,056;R
ES0000000000004565CCPF;18/09/2023;6;0,052;R
ES0000000000004565CCPF;18/09/2023;7;0,051;R
ES0000000000004565CCPF;18/09/2023;8;0,056;R
ES0000000000004565CCPF;18/09/2023;9;0,052;R
ES0000000000004565CCPF;18/09/2023;10;0,049;R
ES0000000000004565CCPF;18/09/2023;11;0,049;R
ES0000000000004565CCPF;18/09/2023;12;0,051;R
ES0000000000004565CCPF;18/09/2023;13;0,055;R
ES0000000000004565CCPF;18/09/2023;14;0,049;R
ES0000000000004565CCPF;18/09/2023;15;0,049;R
ES0000000000004565CCPF;18/09/2023;16;0,055;R
ES0000000000004565CCPF;18/09/2023;17;0,054;R
ES0000000000004565CCPF;18/09/2023;18;0,05;R
ES0000000000004565CCPF;18/09/2023;19;0,048;R
ES0000000000004565CCPF;18/09/2023;20;0,051;R
ES0000000000004565CCPF;18/09/2023;21;0,056;R
ES0000000000004565CCPF;18/09/2023;22;0,052;R
ES0000000000004565CCPF;18/09/2023;23;0,049;R
ES0000000000004565CCPF;19/09/2023;0;0,052;R
ES0000000000004565CCPF;19/09/2023;1;0,047;R
ES0000000000004565CCPF;19/09/2023;2;0,047;R
ES0000000000004565CCPF;19/09/2023;3;0,052;R
ES0000000000004565CCPF;19/09/2023;4;0,055;R
ES0000000000004565CCPF;19/09/2023;5;0,05;R
ES0000000000004565CCPF;19/09/2023;6;0,046;R
ES0000000000004565CCPF;19/09/2023;7;0,052;R
ES0000000000004565CCPF;19/09/2023;8;0,046;R
ES0000000000004565CCPF;19/09/2023;9;0,046;R
ES0000000000004565CCPF;19/09/2023;10;0,08;R
ES0000000000004565CCPF;19/09/2023;11;0,081;R
ES0000000000004565CCPF;19/09/2023;12;0,047;R
ES0000000000004565CCPF;19/09/2023;13;0,05;R
ES0000000000004565CCPF;19/09/2023;14;0,052;R
ES0000000000004565CCPF;19/09/2023;15;0,047;R
ES0000000000004565CCPF;19/09/2023;16;0,047;R
ES0000000000004565CCPF;19/09/2023;17;0,056;R
ES0000000000004565CCPF;19/09/2023;18;0,056;R
ES0000000000004565CCPF;19/09/2023;19;0,053;R
ES0000000000004565CCPF;19/09/2023;20;0,049;R
ES0000000000004565CCPF;19/09/2023;21;0,049;R
ES0000000000004565CCPF;19/09/2023;22;0,051;R
ES0000000000004565CCPF;19/09/2023;23;0,047;R
ES0000000000004565CCPF;20/09/2023;0;0,051;R
ES0000000000004565CCPF;20/09/2023;1;0,056;R
ES0000000000004565CCPF;20/09/2023;2;0,055;R
ES0000000000004565CCPF;20/09/2023;3;0,045;R
ES0000000000004565CCPF;20/09/2023;4;0,05;R
ES0000000000004565CCPF;20/09/2023;5;0,049;R
ES0000000000004565CCPF;20/09/2023;6;0,045;R
ES0000000000004565CCPF;20/09/2023;7;0,05;R
ES0000000000004565CCPF;20/09/2023;8;0,055;R
ES0000000000004565CCPF;20/09/2023;9;0,044;R
ES0000000000004565CCPF;20/09/2023;10;0,052;R
ES0000000000004565CCPF;20/09/2023;11;0,049;R
ES0000000000004565CCPF;20/09/2023;12;0,044;R
ES0000000000004565CCPF;20/09/2023;13;0,052;R
ES0000000000004565CCPF;20/09/2023;14;0,056;R
ES0000000000004565CCPF;20/09/2023;15;0,041;R
ES0000000000004565CCPF;20/09/2023;16;0,059;R
ES0000000000004565CCPF;20/09/2023;17;0,048;R
ES0000000000004565CCPF;20/09/2023;18;0,046;R
ES0000000000004565CCPF;20/09/2023;19;0,054;R
ES0000000000004565CCPF;20/09/2023;20;0,056;R
ES0000000000004565CCPF;20/09/2023;21;0,052;R
ES0000000000004565CCPF;20/09/2023;22;0,047;R
ES0000000000004565CCPF;20/09/2023;23;0,052;R
ES0000000000004565CCPF;21/09/2023;0;0,048;R
ES0000000000004565CCPF;21/09/2023;1;0,048;R
ES0000000000004565CCPF;21/09/2023;2;0,052;R
ES0000000000004565CCPF;21/09/2023;3;0,056;R
ES0000000000004565CCPF;21/09/2023;4;0,05;R
ES0000000000004565CCPF;21/09/2023;5;0,045;R
ES0000000000004565CCPF;21/09/2023;6;0,053;R
ES0000000000004565CCPF;21/09/2023;7;0,046;R
ES0000000000004565CCPF;21/09/2023;8;0,046;R
ES0000000000004565CCPF;21/09/2023;9;0,054;R
ES0000000000004565CCPF;21/09/2023;10;0,054;R
ES0000000000004565CCPF;21/09/2023;11;0,044;R
ES0000000000004565CCPF;21/09/2023;12;0,056;R
ES0000000000004565CCPF;21/09/2023;13;0,045;R
ES0000000000004565CCPF;21/09/2023;14;0,045;R
ES0000000000004565CCPF;21/09/2023;15;0,055;R
ES0000000000004565CCPF;21/09/2023;16;0,054;R
ES0000000000004565CCPF;21/09/2023;17;0,044;R
ES0000000000004565CCPF;21/09/2023;18;0,054;R
ES0000000000004565CCPF;21/09/2023;19;0,047;R
ES0000000000004565CCPF;21/09/2023;20;0,045;R
ES0000000000004565CCPF;21/09/2023;21;0,053;R
ES0000000000004565CCPF;21/09/2023;22;0,322;R
ES0000000000004565CCPF;21/09/2023;23;0,349;R
ES0000000000004565CCPF;22/09/2023;0;0,076;R
ES0000000000004565CCPF;22/09/2023;1;0,052;R
ES0000000000004565CCPF;22/09/2023;2;0,052;R
ES0000000000004565CCPF;22/09/2023;3;0,051;R
ES0000000000004565CCPF;22/09/2023;4;0,059;R
ES0000000000004565CCPF;22/09/2023;5;0,052;R
ES0000000000004565CCPF;22/09/2023;6;0,053;R
ES0000000000004565CCPF;22/09/2023;7;0,066;R
ES0000000000004565CCPF;22/09/2023;8;0,546;R
ES0000000000004565CCPF;22/09/2023;9;0,267;R
ES0000000000004565CCPF;22/09/2023;10;0,083;R
ES0000000000004565CCPF;22/09/2023;11;0,061;R
ES0000000000004565CCPF;22/09/2023;12;0,064;R
ES0000000000004565CCPF;22/09/2023;13;0,089;R
ES0000000000004565CCPF;22/09/2023;14;0,112;R
ES0000000000004565CCPF;22/09/2023;15;0,201;R
ES0000000000004565CCPF;22/09/2023;16;0,226;R
ES0000000000004565CCPF;22/09/2023;17;0,187;R
ES0000000000004565CCPF;22/09/2023;18;0,059;R
ES0000000000004565CCPF;22/09/2023;19;0,049;R
ES0000000000004565CCPF;22/09/2023;20;0,048;R
ES0000000000004565CCPF;22/09/2023;21;0,044;R
ES0000000000004565CCPF;22/09/2023;22;0,061;R
ES0000000000004565CCPF;22/09/2023;23;0,058;R
ES0000000000004565CCPF;23/09/2023;0;0,057;R
ES0000000000004565CCPF;23/09/2023;1;0,047;R
ES0000000000004565CCPF;23/09/2023;2;0,034;R
ES0000000000004565CCPF;23/09/2023;3;0,056;R
ES0000000000004565CCPF;23/09/2023;4;0,057;R
ES0000000000004565CCPF;23/09/2023;5;0,056;R
ES0000000000004565CCPF;23/09/2023;6;0,044;R
ES0000000000004565CCPF;23/09/2023;7;0,056;R
ES0000000000004565CCPF;23/09/2023;8;0,051;R
ES0000000000004565CCPF;23/09/2023;9;0,044;R
ES0000000000004565CCPF;23/09/2023;10;0,046;R
ES0000000000004565CCPF;23/09/2023;11;0,058;R
ES0000000000004565CCPF;23/09/2023;12;0,057;R
ES0000000000004565CCPF;23/09/2023;13;0,046;R
ES0000000000004565CCPF;23/09/2023;14;0,04;R
ES0000000000004565CCPF;23/09/2023;15;0,056;R
ES0000000000004565CCPF;23/09/2023;16;0,058;R
ES0000000000004565CCPF;23/09/2023;17;0,057;R
ES0000000000004565CCPF;23/09/2023;18;0,051;R
ES0000000000004565CCPF;23/09/2023;19;0,041;R
ES0000000000004565CCPF;23/09/2023;20;0,051;R
ES0000000000004565CCPF;23/09/2023;21;0,053;R
ES0000000000004565CCPF;23/09/2023;22;0,055;R
ES0000000000004565CCPF;23/09/2023;23;0,058;R
ES0000000000004565CCPF;24/09/2023;0;0,047;R
ES0000000000004565CCPF;24/09/2023;1;0,055;R
ES0000000000004565CCPF;24/09/2023;2;0,057;R
ES0000000000004565CCPF;24/09/2023;3;0,048;R
ES0000000000004565CCPF;24/09/2023;4;0,059;R
ES0000000000004565CCPF;24/09/2023;5;0,052;R
ES0000000000004565CCPF;24/09/2023;6;0,062;R
ES0000000000004565CCPF;24/09/2023;7;0,058;R
ES0000000000004565CCPF;24/09/2023;8;0,055;R
ES0000000000004565CCPF;24/09/2023;9;0,036;R
ES0000000000004565CCPF;24/09/2023;10;0,062;R
ES0000000000004565CCPF;24/09/2023;11;0,058;R
ES0000000000004565CCPF;24/09/2023;12;0,058;R
ES0000000000004565CCPF;24/09/2023;13;0,057;R
ES0000000000004565CCPF;24/09/2023;14;0,049;R
ES0000000000004565CCPF;24/09/2023;15;0,042;R
ES0000000000004565CCPF;24/09/2023;16;0,054;R
ES0000000000004565CCPF;24/09/2023;17;0,052;R
ES0000000000004565CCPF;24/09/2023;18;0,055;R
ES0000000000004565CCPF;24/09/2023;19;0,052;R
ES0000000000004565CCPF;24/09/2023;20;0,053;R
ES0000000000004565CCPF;24/09/2023;21;0,058;R
ES0000000000004565CCPF;24/09/2023;22;0,052;R
ES0000000000004565CCPF;24/09/2023;23;0,049;R
ES0000000000004565CCPF;25/09/2023;0;0,055;R
ES0000000000004565CCPF;25/09/2023;1;0,049;R
ES0000000000004565CCPF;25/09/2023;2;0,053;R
ES0000000000004565CCPF;25/09/2023;3;0,062;R
ES0000000000004565CCPF;25/09/2023;4;0,051;R
ES0000000000004565CCPF;25/09/2023;5;0,043;R
ES0000000000004565CCPF;25/09/2023;6;0,045;R
ES0000000000004565CCPF;25/09/2023;7;0,059;R
ES0000000000004565CCPF;25/09/2023;8;0,058;R
ES0000000000004565CCPF;25/09/2023;9;0,058;R
ES0000000000004565CCPF;25/09/2023;10;0,049;R
ES0000000000004565CCPF;25/09/2023;11;0,035;R
ES0000000000004565CCPF;25/09/2023;12;0,055;R
ES0000000000004565CCPF;25/09/2023;13;0,056;R
ES0000000000004565CCPF;25/09/2023;14;0,057;R
ES0000000000004565CCPF;25/09/2023;15;0,057;R
ES0000000000004565CCPF;25/09/2023;16;0,047;R
ES0000000000004565CCPF;25/09/2023;17;0,058;R
ES0000000000004565CCPF;25/09/2023;18;0,055;R
ES0000000000004565CCPF;25/09/2023;19;0,051;R
ES0000000000004565CCPF;25/09/2023;20;0,051;R
ES0000000000004565CCPF;25/09/2023;21;0,057;R
ES0000000000004565CCPF;25/09/2023;22;0,049;R
ES0000000000004565CCPF;25/09/2023;23;0,059;R
ES0000000000004565CCPF;26/09/2023;0;0,058;R
ES0000000000004565CCPF;26/09/2023;1;0,05;R
ES0000000000004565CCPF;26/09/2023;2;0,051;R
ES0000000000004565CCPF;26/09/2023;3;0,056;R
ES0000000000004565CCPF;26/09/2023;4;0,052;R
ES0000000000004565CCPF;26/09/2023;5;0,05;R
ES0000000000004565CCPF;26/09/2023;6;0,061;R
ES0000000000004565CCPF;26/09/2023;7;0,053;R
ES0000000000004565CCPF;26/09/2023;8;0,048;R
ES0000000000004565CCPF;26/09/2023;9;0,053;R
ES0000000000004565CCPF;26/09/2023;10;0,048;R
ES0000000000004565CCPF;26/09/2023;11;0,056;R
ES0000000000004565CCPF;26/09/2023;12;0,058;R
ES0000000000004565CCPF;26/09/2023;13;0,055;R
ES0000000000004565CCPF;26/09/2023;14;0,05;R
ES0000000000004565CCPF;26/09/2023;15;0,048;R
ES0000000000004565CCPF;26/09/2023;16;0,051;R
ES0000000000004565CCPF;26/09/2023;17;0,131;R
ES0000000000004565CCPF;26/09/2023;18;0,085;R
ES0000000000004565CCPF;26/09/2023;19;0,117;R
ES0000000000004565CCPF;26/09/2023;20;0,157;R
ES0000000000004565CCPF;26/09/2023;21;0,655;R
ES0000000000004565CCPF;26/09/2023;22;0,435;R
ES0000000000004565CCPF;26/09/2023;23;0,345;R
ES0000000000004565CCPF;27/09/2023;0;0,091;R
ES0000000000004565CCPF;27/09/2023;1;0,047;R
ES0000000000004565CCPF;27/09/2023;2;0,055;R
ES0000000000004565CCPF;27/09/2023;3;0,051;R
ES0000000000004565CCPF;27/09/2023;4;0,047;R
ES0000000000004565CCPF;27/09/2023;5;0,048;R
ES0000000000004565CCPF;27/09/2023;6;0,056;R
ES0000000000004565CCPF;27/09/2023;7;0,051;R
ES0000000000004565CCPF;27/09/2023;8;0,054;R
ES0000000000004565CCPF;27/09/2023;9;0,267;R
ES0000000000004565CCPF;27/09/2023;10;0,08;R
ES0000000000004565CCPF;27/09/2023;11;0,056;R
ES0000000000004565CCPF;27/09/2023;12;0,054;R
ES0000000000004565CCPF;27/09/2023;13;0,113;R
ES0000000000004565CCPF;27/09/2023;14;0,383;R
ES0000000000004565CCPF;27/09/2023;15;0,207;R
ES0000000000004565CCPF;27/09/2023;16;0,23;R
ES0000000000004565CCPF;27/09/2023;17;0,172;R
ES0000000000004565CCPF;27/09/2023;18;0,109;R
ES0000000000004565CCPF;27/09/2023;19;0,074;R
ES0000000000004565CCPF;27/09/2023;20;0,059;R
ES0000000000004565CCPF;27/09/2023;21;0,057;R
ES0000000000004565CCPF;27/09/2023;22;0,056;R
ES0000000000004565CCPF;27/09/2023;23;0,061;R
ES0000000000004565CCPF;28/09/2023;0;0,061;R
ES0000000000004565CCPF;28/09/2023;1;0,149;R
ES0000000000004565CCPF;28/09/2023;2;0,056;R
ES0000000000004565CCPF;28/09/2023;3;0,054;R
ES0000000000004565CCPF;28/09/2023;4;0,061;R
ES0000000000004565CCPF;28/09/2023;5;0,06;R
ES0000000000004565CCPF;28/09/2023;6;0,057;R
ES0000000000004565CCPF;28/09/2023;7;0,055;R
ES0000000000004565CCPF;28/09/2023;8;0,055;R
ES0000000000004565CCPF;28/09/2023;9;0,086;R
ES0000000000004565CCPF;28/09/2023;10;0,22;R
ES0000000000004565CCPF;28/09/2023;11;0,079;R
ES0000000000004565CCPF;28/09/2023;12;0,076;R
ES0000000000004565CCPF;28/09/2023;13;0,067;R
ES0000000000004565CCPF;28/09/2023;14;0,064;R
ES0000000000004565CCPF;28/09/2023;15;0,219;R
ES0000000000004565CCPF;28/09/2023;16;0,196;R
ES0000000000004565CCPF;28/09/2023;17;0,086;R
ES0000000000004565CCPF;28/09/2023;18;0,081;R
ES0000000000004565CCPF;28/09/2023;19;0,074;R
ES0000000000004565CCPF;28/09/2023;20;0,08;R
ES0000000000004565CCPF;28/09/2023;21;0,165;R
ES0000000000004565CCPF;28/09/2023;22;0,26;R
ES0000000000004565CCPF;28/09/2023;23;0,099;R
ES0000000000004565CCPF;29/09/2023;0;0,069;R
ES0000000000004565CCPF;29/09/2023;1;0,066;R
ES0000000000004565CCPF;29/09/2023;2;0,054;R
ES0000000000004565CCPF;29/09/2023;3;0,053;R
ES0000000000004565CCPF;29/09/2023;4;0,059;R
ES0000000000004565CCPF;29/09/2023;5;0,061;R
ES0000000000004565CCPF;29/09/2023;6;0,059;R
ES0000000000004565CCPF;29/09/2023;7;0,063;R
ES0000000000004565CCPF;29/09/2023;8;0,053;R
ES0000000000004565CCPF;29/09/2023;9;0,19;R
ES0000000000004565CCPF;29/09/2023;10;0,053;R
ES0000000000004565CCPF;29/09/2023;11;0,046;R
ES0000000000004565CCPF;29/09/2023;12;0,048;R
ES0000000000004565CCPF;29/09/2023;13;0,048;R
ES0000000000004565CCPF;29/09/2023;14;0,06;R
ES0000000000004565CCPF;29/09/2023;15;0,055;R
ES0000000000004565CCPF;29/09/2023;16;0,055;R
ES0000000000004565CCPF;29/09/2023;17;0,053;R
ES0000000000004565CCPF;29/09/2023;18;0,054;R
ES0000000000004565CCPF;29/09/2023;19;0,057;R
ES0000000000004565CCPF;29/09/2023;20;0,053;R
ES0000000000004565CCPF;29/09/2023;21;0,049;R
ES0000000000004565CCPF;29/09/2023;22;0,052;R
ES0000000000004565CCPF;29/09/2023;23;0,056;R
ES0000000000004565CCPF;30/09/2023;0;0,05;R
ES0000000000004565CCPF;30/09/2023;1;0,053;R
ES0000000000004565CCPF;30/09/2023;2;0,052;R
ES0000000000004565CCPF;30/09/2023;3;0,062;R
ES0000000000004565CCPF;30/09/2023;4;0,058;R
ES0000000000004565CCPF;30/09/2023;5;0,057;R
ES0000000000004565CCPF;30/09/2023;6;0,053;R
ES0000000000004565CCPF;30/09/2023;7;0,041;R
ES0000000000004565CCPF;30/09/2023;8;0,061;R
ES0000000000004565CCPF;30/09/2023;9;0,051;R
ES0000000000004565CCPF;30/09/2023;10;0,052;R
ES0000000000004565CCPF;30/09/2023;11;0,055;R
ES0000000000004565CCPF;30/09/2023;12;0,057;R
ES0000000000004565CCPF;30/09/2023;13;0,053;R
ES0000000000004565CCPF;30/09/2023;14;0,048;R
ES0000000000004565CCPF;30/09/2023;15;0,053;R
ES0000000000004565CCPF;30/09/2023;16;0,059;R
ES0000000000004565CCPF;30/09/2023;17;0,056;R
ES0000000000004565CCPF;30/09/2023;18;0,055;R
ES0000000000004565CCPF;30/09/2023;19;0,054;R
ES0000000000004565CCPF;30/09/2023;20;0,053;R
ES0000000000004565CCPF;30/09/2023;21;0,056;R
ES0000000000004565CCPF;30/09/2023;22;0,056;R
ES0000000000004565CCPF;30/09/2023;23;0,054;R
ES0000000000004565CCPF;01/10/2023;0;0,059;R
ES0000000000004565CCPF;01/10/2023;1;0,047;R
ES0000000000004565CCPF;01/10/2023;2;0,057;R
ES0000000000004565CCPF;01/10/2023;3;0,055;R
ES0000000000004565CCPF;01/10/2023;4;0,06;R
ES0000000000004565CCPF;01/10/2023;5;0,055;R
ES0000000000004565CCPF;01/10/2023;6;0,049;R
ES0000000000004565CCPF;01/10/2023;7;0,049;R
ES0000000000004565CCPF;01/10/2023;8;0,054;R
ES0000000000004565CCPF;01/10/2023;9;0,053;R
ES0000000000004565CCPF;01/10/2023;10;0,057;R
ES0000000000004565CCPF;01/10/2023;11;0,055;R
ES0000000000004565CCPF;01/10/2023;12;0,054;R
ES0000000000004565CCPF;01/10/2023;13;0,053;R
ES0000000000004565CCPF;01/10/2023;14;0,054;R
ES0000000000004565CCPF;01/10/2023;15;0,056;R
ES0000000000004565CCPF;01/10/2023;16;0,055;R
ES0000000000004565CCPF;01/10/2023;17;0,058;R
ES0000000000004565CCPF;01/10/2023;18;0,061;R
ES0000000000004565CCPF;01/10/2023;19;0,046;R
ES0000000000004565CCPF;01/10/2023;20;0,06;R
ES0000000000004565CCPF;01/10/2023;21;0,061;R
ES0000000000004565CCPF;01/10/2023;22;0,053;R
ES0000000000004565CCPF;01/10/2023;23;0,049;R
ES0000000000004565CCPF;02/10/2023;0;0,05;R
