CUPS;Fecha;Hora;Consumo;Metodo_obtencion
ES0000000000006410CCPF;01/09/2022;1;0,21;R
ES0000000000006410CCPF;01/09/2022;2;0,185;R
ES0000000000006410CCPF;01/09/2022;3;0,084;R
ES0000000000006410CCPF;01/09/2022;4;0,138;R
ES0000000000006410CCPF;01/09/2022;5;0,093;R
ES0000000000006410CCPF;01/09/2022;6;0,072;R
ES0000000000006410CCPF;01/09/2022;7;0,07;R
ES0000000000006410CCPF;01/09/2022;8;0,071;R
ES0000000000006410CCPF;01/09/2022;9;0,075;R
ES0000000000006410CCPF;01/09/2022;10;0,105;R
ES0000000000006410CCPF;01/09/2022;11;0,11;R
ES0000000000006410CCPF;01/09/2022;12;0,058;R
ES0000000000006410CCPF;01/09/2022;13;0,09;R
ES0000000000006410CCPF;01/09/2022;14;0,109;R
ES0000000000006410CCPF;01/09/2022;15;0,609;R
ES0000000000006410CCPF;01/09/2022;16;0,125;R
ES0000000000006410CCPF;01/09/2022;17;0,196;R
ES0000000000006410CCPF;01/09/2022;18;0,193;R
ES0000000000006410CCPF;01/09/2022;19;0,181;R
ES0000000000006410CCPF;01/09/2022;20;0,213;R
ES0000000000006410CCPF;01/09/2022;21;0,257;R
ES0000000000006410CCPF;01/09/2022;22;0,237;R
ES0000000000006410CCPF;01/09/2022;23;0,339;R
ES0000000000006410CCPF;02/09/2022;0;0,242;R
ES0000000000006410CCPF;02/09/2022;1;0,246;R
ES0000000000006410CCPF;02/09/2022;2;0,117;R
ES0000000000006410CCPF;02/09/2022;3;0,125;R
ES0000000000006410CCPF;02/09/2022;4;0,108;R
ES0000000000006410CCPF;02/09/2022;5;0,1;R
ES0000000000006410CCPF;02/09/2022;6;0,101;R
ES0000000000006410CCPF;02/09/2022;7;0,107;R
ES0000000000006410CCPF;02/09/2022;8;0,105;R
ES0000000000006410CCPF;02/09/2022;9;0,142;R
ES0000000000006410CCPF;02/09/2022;10;0,094;R
ES0000000000006410CCPF;02/09/2022;11;0,278;R
ES0000000000006410CCPF;02/09/2022;12;0,303;R
ES0000000000006410CCPF;02/09/2022;13;0,126;R
ES0000000000006410CCPF;02/09/2022;14;0,12;R
ES0000000000006410CCPF;02/09/2022;15;0,094;R
ES0000000000006410CCPF;02/09/2022;16;0,342;R
ES0000000000006410CCPF;02/09/2022;17;0,942;R
ES0000000000006410CCPF;02/09/2022;18;0,149;R
ES0000000000006410CCPF;02/09/2022;19;0,095;R
ES0000000000006410CCPF;02/09/2022;20;0,082;R
ES0000000000006410CCPF;02/09/2022;21;0,063;R
ES0000000000006410CCPF;02/09/2022;22;0,311;R
ES0000000000006410CCPF;02/09/2022;23;0,825;R
ES0000000000006410CCPF;03/09/2022;0;0,25;R
ES0000000000006410CCPF;03/09/2022;1;0,112;R
ES0000000000006410CCPF;03/09/2022;2;0,081;R
ES0000000000006410CCPF;03/09/2022;3;0,08;R
ES0000000000006410CCPF;03/09/2022;4;0,083;R
ES0000000000006410CCPF;03/09/2022;5;0,068;R
ES0000000000006410CCPF;03/09/2022;6;0,068;R
ES0000000000006410CCPF;03/09/2022;7;0,076;R
ES0000000000006410CCPF;03/09/2022;8;0,069;R
ES0000000000006410CCPF;03/09/2022;9;0,084;R
ES0000000000006410CCPF;03/09/2022;10;0,067;R
ES0000000000006410CCPF;03/09/2022;11;0,074;R
ES0000000000006410CCPF;03/09/2022;12;1,846;R
ES0000000000006410CCPF;03/09/2022;13;0,147;R
ES0000000000006410CCPF;03/09/2022;14;0,619;R
ES0000000000006410CCPF;03/09/2022;15;0,136;R
ES0000000000006410CCPF;03/09/2022;16;0,225;R
ES0000000000006410CCPF;03/09/2022;17;0,146;R
ES0000000000006410CCPF;03/09/2022;18;0,235;R
ES0000000000006410CCPF;03/09/2022;19;0,209;R
ES0000000000006410CCPF;03/09/2022;20;0,184;R
ES0000000000006410CCPF;03/09/2022;21;0,227;R
ES0000000000006410CCPF;03/09/2022;22;0,249;R
ES0000000000006410CCPF;03/09/2022;23;0,217;R
ES0000000000006410CCPF;04/09/2022;0;0,196;R
ES0000000000006410CCPF;04/09/2022;1;0,209;R
ES0000000000006410CCPF;04/09/2022;2;0,135;R
ES0000000000006410CCPF;04/09/2022;3;0,06;R
ES0000000000006410CCPF;04/09/2022;4;0,079;R
ES0000000000006410CCPF;04/09/2022;5;0,068;R
ES0000000000006410CCPF;04/09/2022;6;0,063;R
ES0000000000006410CCPF;04/09/2022;7;0,062;R
ES0000000000006410CCPF;04/09/2022;8;0,067;R
ES0000000000006410CCPF;04/09/2022;9;0,068;R
ES0000000000006410CCPF;04/09/2022;10;0,103;R
ES0000000000006410CCPF;04/09/2022;11;0,098;R
ES0000000000006410CCPF;04/09/2022;12;0,12;R
ES0000000000006410CCPF;04/09/2022;13;0,135;R
ES0000000000006410CCPF;04/09/2022;14;0,125;R
ES0000000000006410CCPF;04/09/2022;15;0,26;R
ES0000000000006410CCPF;04/09/2022;16;0,772;R
ES0000000000006410CCPF;04/09/2022;17;0,354;R
ES0000000000006410CCPF;04/09/2022;18;0,193;R
ES0000000000006410CCPF;04/09/2022;19;0,248;R
ES0000000000006410CCPF;04/09/2022;20;0,195;R
ES0000000000006410CCPF;04/09/2022;21;0,192;R
ES0000000000006410CCPF;04/09/2022;22;0,222;R
ES0000000000006410CCPF;04/09/2022;23;0,292;R
ES0000000000006410CCPF;05/09/2022;0;0,22;R
ES0000000000006410CCPF;05/09/2022;1;0,103;R
ES0000000000006410CCPF;05/09/2022;2;0,081;R
ES0000000000006410CCPF;05/09/2022;3;0,077;R
ES0000000000006410CCPF;05/09/2022;4;0,067;R
ES0000000000006410CCPF;05/09/2022;5;0,066;R
ES0000000000006410CCPF;05/09/2022;6;0,076;R
ES0000000000006410CCPF;05/09/2022;7;0,07;R
ES0000000000006410CCPF;05/09/2022;8;0,073;R
ES0000000000006410CCPF;05/09/2022;9;0,069;R
ES0000000000006410CCPF;05/09/2022;10;0,231;R
ES0000000000006410CCPF;05/09/2022;11;0,079;R
ES0000000000006410CCPF;05/09/2022;12;0,066;R
ES0000000000006410CCPF;05/09/2022;13;0,063;R
ES0000000000006410CCPF;05/09/2022;14;0,076;R
ES0000000000006410CCPF;05/09/2022;15;0,533;R
ES0000000000006410CCPF;05/09/2022;16;0,231;R
ES0000000000006410CCPF;05/09/2022;17;0,091;R
ES0000000000006410CCPF;05/09/2022;18;0,095;R
ES0000000000006410CCPF;05/09/2022;19;0,088;R
ES0000000000006410CCPF;05/09/2022;20;0,224;R
ES0000000000006410CCPF;05/09/2022;21;0,325;R
ES0000000000006410CCPF;05/09/2022;22;0,372;R
ES0000000000006410CCPF;05/09/2022;23;0,251;R
ES0000000000006410CCPF;06/09/2022;0;0,144;R
ES0000000000006410CCPF;06/09/2022;1;0,098;R
ES0000000000006410CCPF;06/09/2022;2;0,182;R
ES0000000000006410CCPF;06/09/2022;3;0,094;R
ES0000000000006410CCPF;06/09/2022;4;0,085;R
ES0000000000006410CCPF;06/09/2022;5;0,077;R
ES0000000000006410CCPF;06/09/2022;6;0,068;R
ES0000000000006410CCPF;06/09/2022;7;0,071;R
ES0000000000006410CCPF;06/09/2022;8;0,071;R
ES0000000000006410CCPF;06/09/2022;9;0,06;R
ES0000000000006410CCPF;06/09/2022;10;0,092;R
ES0000000000006410CCPF;06/09/2022;11;0,383;R
ES0000000000006410CCPF;06/09/2022;12;0,196;R
ES0000000000006410CCPF;06/09/2022;13;0,095;R
ES0000000000006410CCPF;06/09/2022;14;0,147;R
ES0000000000006410CCPF;06/09/2022;15;0,607;R
ES0000000000006410CCPF;06/09/2022;16;0,752;R
ES0000000000006410CCPF;06/09/2022;17;0,304;R
ES0000000000006410CCPF;06/09/2022;18;0,207;R
ES0000000000006410CCPF;06/09/2022;19;0,192;R
ES0000000000006410CCPF;06/09/2022;20;0,198;R
ES0000000000006410CCPF;06/09/2022;21;0,211;R
ES0000000000006410CCPF;06/09/2022;22;0,366;R
ES0000000000006410CCPF;06/09/2022;23;0,421;R
ES0000000000006410CCPF;07/09/2022;0;0,362;R
ES0000000000006410CCPF;07/09/2022;1;0,266;R
ES0000000000006410CCPF;07/09/2022;2;0,133;R
ES0000000000006410CCPF;07/09/2022;3;0,133;R
ES0000000000006410CCPF;07/09/2022;4;0,094;R
ES0000000000006410CCPF;07/09/2022;5;0,096;R
ES0000000000006410CCPF;07/09/2022;6;0,096;R
ES0000000000006410CCPF;07/09/2022;7;0,151;R
ES0000000000006410CCPF;07/09/2022;8;0,127;R
ES0000000000006410CCPF;07/09/2022;9;0,089;R
ES0000000000006410CCPF;07/09/2022;10;0,095;R
ES0000000000006410CCPF;07/09/2022;11;0,089;R
ES0000000000006410CCPF;07/09/2022;12;0,201;R
ES0000000000006410CCPF;07/09/2022;13;0,086;R
ES0000000000006410CCPF;07/09/2022;14;0,091;R
ES0000000000006410CCPF;07/09/2022;15;0,232;R
ES0000000000006410CCPF;07/09/2022;16;0,188;R
ES0000000000006410CCPF;07/09/2022;17;0,183;R
ES0000000000006410CCPF;07/09/2022;18;0,193;R
ES0000000000006410CCPF;07/09/2022;19;0,206;R
ES0000000000006410CCPF;07/09/2022;20;0,267;R
ES0000000000006410CCPF;07/09/2022;21;0,443;R
ES0000000000006410CCPF;07/09/2022;22;0,637;R
ES0000000000006410CCPF;07/09/2022;23;0,356;R
ES0000000000006410CCPF;08/09/2022;0;0,284;R
ES0000000000006410CCPF;08/09/2022;1;0,123;R
ES0000000000006410CCPF;08/09/2022;2;0,09;R
ES0000000000006410CCPF;08/09/2022;3;0,096;R
ES0000000000006410CCPF;08/09/2022;4;0,131;R
ES0000000000006410CCPF;08/09/2022;5;0,12;R
ES0000000000006410CCPF;08/09/2022;6;0,093;R
ES0000000000006410CCPF;08/09/2022;7;0,085;R
ES0000000000006410CCPF;08/09/2022;8;0,2;R
ES0000000000006410CCPF;08/09/2022;9;0,106;R
ES0000000000006410CCPF;08/09/2022;10;0,08;R
ES0000000000006410CCPF;08/09/2022;11;0,095;R
ES0000000000006410CCPF;08/09/2022;12;0,144;R
ES0000000000006410CCPF;08/09/2022;13;0,098;R
ES0000000000006410CCPF;08/09/2022;14;0,083;R
ES0000000000006410CCPF;08/09/2022;15;0,145;R
ES0000000000006410CCPF;08/09/2022;16;0,149;R
ES0000000000006410CCPF;08/09/2022;17;0,114;R
ES0000000000006410CCPF;08/09/2022;18;0,067;R
ES0000000000006410CCPF;08/09/2022;19;0,071;R
ES0000000000006410CCPF;08/09/2022;20;0,065;R
ES0000000000006410CCPF;08/09/2022;21;0,127;R
ES0000000000006410CCPF;08/09/2022;22;0,293;R
ES0000000000006410CCPF;08/09/2022;23;0,273;R
ES0000000000006410CCPF;09/09/2022;0;0,109;R
ES0000000000006410CCPF;09/09/2022;1;0,089;R
ES0000000000006410CCPF;09/09/2022;2;0,086;R
ES0000000000006410CCPF;09/09/2022;3;0,078;R
ES0000000000006410CCPF;09/09/2022;4;0,074;R
ES0000000000006410CCPF;09/09/2022;5;0,074;R
ES0000000000006410CCPF;09/09/2022;6;0,097;R
ES0000000000006410CCPF;09/09/2022;7;0,067;R
ES0000000000006410CCPF;09/09/2022;8;0,073;R
ES0000000000006410CCPF;09/09/2022;9;0,085;R
ES0000000000006410CCPF;09/09/2022;10;0,068;R
ES0000000000006410CCPF;09/09/2022;11;0,127;R
ES0000000000006410CCPF;09/09/2022;12;0,127;R
ES0000000000006410CCPF;09/09/2022;13;0,093;R
ES0000000000006410CCPF;09/09/2022;14;0,08;R
ES0000000000006410CCPF;09/09/2022;15;0,069;R
ES0000000000006410CCPF;09/09/2022;16;0,321;R
ES0000000000006410CCPF;09/09/2022;17;0,127;R
ES0000000000006410CCPF;09/09/2022;18;0,219;R
ES0000000000006410CCPF;09/09/2022;19;0,358;R
ES0000000000006410CCPF;09/09/2022;20;0,291;R
ES0000000000006410CCPF;09/09/2022;21;0,299;R
ES0000000000006410CCPF;09/09/2022;22;0,319;R
ES0000000000006410CCPF;09/09/2022;23;0,354;R
ES0000000000006410CCPF;10/09/2022;0;0,256;R
ES0000000000006410CCPF;10/09/2022;1;0,205;R
ES0000000000006410CCPF;10/09/2022;2;0,243;R
ES0000000000006410CCPF;10/09/2022;3;0,103;R
ES0000000000006410CCPF;10/09/2022;4;0,092;R
ES0000000000006410CCPF;10/09/2022;5;0,106;R
ES0000000000006410CCPF;10/09/2022;6;0,099;R
ES0000000000006410CCPF;10/09/2022;7;0,094;R
ES0000000000006410CCPF;10/09/2022;8;0,091;R
ES0000000000006410CCPF;10/09/2022;9;0,159;R
ES0000000000006410CCPF;10/09/2022;10;0,077;R
ES0000000000006410CCPF;10/09/2022;11;0,08;R
ES0000000000006410CCPF;10/09/2022;12;0,101;R
ES0000000000006410CCPF;10/09/2022;13;0,382;R
ES0000000000006410CCPF;10/09/2022;14;0,117;R
ES0000000000006410CCPF;10/09/2022;15;0,226;R
ES0000000000006410CCPF;10/09/2022;16;0,258;R
ES0000000000006410CCPF;10/09/2022;17;0,337;R
ES0000000000006410CCPF;10/09/2022;18;0,47;R
ES0000000000006410CCPF;10/09/2022;19;0,936;R
ES0000000000006410CCPF;10/09/2022;20;0,371;R
ES0000000000006410CCPF;10/09/2022;21;0,258;R
ES0000000000006410CCPF;10/09/2022;22;0,315;R
ES0000000000006410CCPF;10/09/2022;23;0,384;R
ES0000000000006410CCPF;11/09/2022;0;0,194;R
ES0000000000006410CCPF;11/09/2022;1;0,08;R
ES0000000000006410CCPF;11/09/2022;2;0,098;R
ES0000000000006410CCPF;11/09/2022;3;0,097;R
ES0000000000006410CCPF;11/09/2022;4;0,092;R
ES0000000000006410CCPF;11/09/2022;5;0,083;R
ES0000000000006410CCPF;11/09/2022;6;0,093;R
ES0000000000006410CCPF;11/09/2022;7;0,092;R
ES0000000000006410CCPF;11/09/2022;8;0,088;R
ES0000000000006410CCPF;11/09/2022;9;0,083;R
ES0000000000006410CCPF;11/09/2022;10;0,09;R
ES0000000000006410CCPF;11/09/2022;11;0,104;R
ES0000000000006410CCPF;11/09/2022;12;0,197;R
ES0000000000006410CCPF;11/09/2022;13;0,104;R
ES0000000000006410CCPF;11/09/2022;14;1,354;R
ES0000000000006410CCPF;11/09/2022;15;0,562;R
ES0000000000006410CCPF;11/09/2022;16;0,62;R
ES0000000000006410CCPF;11/09/2022;17;0,367;R
ES0000000000006410CCPF;11/09/2022;18;0,253;R
ES0000000000006410CCPF;11/09/2022;19;0,322;R
ES0000000000006410CCPF;11/09/2022;20;0,105;R
ES0000000000006410CCPF;11/09/2022;21;0,085;R
ES0000000000006410CCPF;11/09/2022;22;0,062;R
ES0000000000006410CCPF;11/09/2022;23;0,08;R
ES0000000000006410CCPF;12/09/2022;0;0,075;R
ES0000000000006410CCPF;12/09/2022;1;0,191;R
ES0000000000006410CCPF;12/09/2022;2;0,093;R
ES0000000000006410CCPF;12/09/2022;3;0,088;R
ES0000000000006410CCPF;12/09/2022;4;0,071;R
ES0000000000006410CCPF;12/09/2022;5;0,066;R
ES0000000000006410CCPF;12/09/2022;6;0,072;R
ES0000000000006410CCPF;12/09/2022;7;0,079;R
ES0000000000006410CCPF;12/09/2022;8;0,136;R
ES0000000000006410CCPF;12/09/2022;9;0,134;R
ES0000000000006410CCPF;12/09/2022;10;0,06;R
ES0000000000006410CCPF;12/09/2022;11;0,071;R
ES0000000000006410CCPF;12/09/2022;12;0,095;R
ES0000000000006410CCPF;12/09/2022;13;0,084;R
ES0000000000006410CCPF;12/09/2022;14;0,089;R
ES0000000000006410CCPF;12/09/2022;15;0,365;R
ES0000000000006410CCPF;12/09/2022;16;0,144;R
ES0000000000006410CCPF;12/09/2022;17;0,06;R
ES0000000000006410CCPF;12/09/2022;18;0,097;R
ES0000000000006410CCPF;12/09/2022;19;0,117;R
ES0000000000006410CCPF;12/09/2022;20;0,08;R
ES0000000000006410CCPF;12/09/2022;21;0,166;R
ES0000000000006410CCPF;12/09/2022;22;0,189;R
ES0000000000006410CCPF;12/09/2022;23;0,196;R
ES0000000000006410CCPF;13/09/2022;0;0,153;R
ES0000000000006410CCPF;13/09/2022;1;0,159;R
ES0000000000006410CCPF;13/09/2022;2;0,116;R
ES0000000000006410CCPF;13/09/2022;3;0,103;R
ES0000000000006410CCPF;13/09/2022;4;0,097;R
ES0000000000006410CCPF;13/09/2022;5;0,178;R
ES0000000000006410CCPF;13/09/2022;6;0,175;R
ES0000000000006410CCPF;13/09/2022;7;0,11;R
ES0000000000006410CCPF;13/09/2022;8;0,111;R
ES0000000000006410CCPF;13/09/2022;9;0,095;R
ES0000000000006410CCPF;13/09/2022;10;0,152;R
ES0000000000006410CCPF;13/09/2022;11;0,132;R
ES0000000000006410CCPF;13/09/2022;12;0,142;R
ES0000000000006410CCPF;13/09/2022;13;0,092;R
ES0000000000006410CCPF;13/09/2022;14;0,103;R
ES0000000000006410CCPF;13/09/2022;15;0,397;R
ES0000000000006410CCPF;13/09/2022;16;0,156;R
ES0000000000006410CCPF;13/09/2022;17;0,17;R
ES0000000000006410CCPF;13/09/2022;18;0,565;R
ES0000000000006410CCPF;13/09/2022;19;0,397;R
ES0000000000006410CCPF;13/09/2022;20;0,14;R
ES0000000000006410CCPF;13/09/2022;21;0,083;R
ES0000000000006410CCPF;13/09/2022;22;0,147;R
ES0000000000006410CCPF;13/09/2022;23;0,15;R
ES0000000000006410CCPF;14/09/2022;0;0,321;R
ES0000000000006410CCPF;14/09/2022;1;0,099;R
ES0000000000006410CCPF;14/09/2022;2;0,088;R
ES0000000000006410CCPF;14/09/2022;3;0,086;R
ES0000000000006410CCPF;14/09/2022;4;0,066;R
ES0000000000006410CCPF;14/09/2022;5;0,073;R
ES0000000000006410CCPF;14/09/2022;6;0,073;R
ES0000000000006410CCPF;14/09/2022;7;0,071;R
ES0000000000006410CCPF;14/09/2022;8;0,106;R
ES0000000000006410CCPF;14/09/2022;9;0,133;R
ES0000000000006410CCPF;14/09/2022;10;0,155;R
ES0000000000006410CCPF;14/09/2022;11;0,123;R
ES0000000000006410CCPF;14/09/2022;12;0,065;R
ES0000000000006410CCPF;14/09/2022;13;0,076;R
ES0000000000006410CCPF;14/09/2022;14;0,078;R
ES0000000000006410CCPF;14/09/2022;15;0,057;R
ES0000000000006410CCPF;14/09/2022;16;0,066;R
ES0000000000006410CCPF;14/09/2022;17;0,083;R
ES0000000000006410CCPF;14/09/2022;18;0,078;R
ES0000000000006410CCPF;14/09/2022;19;0,102;R
ES0000000000006410CCPF;14/09/2022;20;0,183;R
ES0000000000006410CCPF;14/09/2022;21;0,166;R
ES0000000000006410CCPF;14/09/2022;22;0,541;R
ES0000000000006410CCPF;14/09/2022;23;0,288;R
ES0000000000006410CCPF;15/09/2022;0;0,208;R
ES0000000000006410CCPF;15/09/2022;1;0,212;R
ES0000000000006410CCPF;15/09/2022;2;0,128;R
ES0000000000006410CCPF;15/09/2022;3;0,095;R
ES0000000000006410CCPF;15/09/2022;4;0,078;R
ES0000000000006410CCPF;15/09/2022;5;0,084;R
ES0000000000006410CCPF;15/09/2022;6;0,071;R
ES0000000000006410CCPF;15/09/2022;7;0,083;R
ES0000000000006410CCPF;15/09/2022;8;0,075;R
ES0000000000006410CCPF;15/09/2022;9;0,155;R
ES0000000000006410CCPF;15/09/2022;10;0,213;R
ES0000000000006410CCPF;15/09/2022;11;0,163;R
ES0000000000006410CCPF;15/09/2022;12;0,076;R
ES0000000000006410CCPF;15/09/2022;13;0,065;R
ES0000000000006410CCPF;15/09/2022;14;0,072;R
ES0000000000006410CCPF;15/09/2022;15;0,07;R
ES0000000000006410CCPF;15/09/2022;16;0,16;R
ES0000000000006410CCPF;15/09/2022;17;0,098;R
ES0000000000006410CCPF;15/09/2022;18;0,095;R
ES0000000000006410CCPF;15/09/2022;19;0,053;R
ES0000000000006410CCPF;15/09/2022;20;0,154;R
ES0000000000006410CCPF;15/09/2022;21;0,087;R
ES0000000000006410CCPF;15/09/2022;22;0,368;R
ES0000000000006410CCPF;15/09/2022;23;0,178;R
ES0000000000006410CCPF;16/09/2022;0;0,113;R
ES0000000000006410CCPF;16/09/2022;1;0,109;R
ES0000000000006410CCPF;16/09/2022;2;0,104;R
ES0000000000006410CCPF;16/09/2022;3;0,08;R
ES0000000000006410CCPF;16/09/2022;4;0,143;R
ES0000000000006410CCPF;16/09/2022;5;0,124;R
ES0000000000006410CCPF;16/09/2022;6;0,089;R
ES0000000000006410CCPF;16/09/2022;7;0,086;R
ES0000000000006410CCPF;16/09/2022;8;0,108;R
ES0000000000006410CCPF;16/09/2022;9;1,006;R
ES0000000000006410CCPF;16/09/2022;10;0,149;R
ES0000000000006410CCPF;16/09/2022;11;0,134;R
ES0000000000006410CCPF;16/09/2022;12;0,108;R
ES0000000000006410CCPF;16/09/2022;13;0,109;R
ES0000000000006410CCPF;16/09/2022;14;0,087;R
ES0000000000006410CCPF;16/09/2022;15;0,214;R
ES0000000000006410CCPF;16/09/2022;16;0,213;R
ES0000000000006410CCPF;16/09/2022;17;0,578;R
ES0000000000006410CCPF;16/09/2022;18;0,318;R
ES0000000000006410CCPF;16/09/2022;19;0,16;R
ES0000000000006410CCPF;16/09/2022;20;0,087;R
ES0000000000006410CCPF;16/09/2022;21;0,146;R
ES0000000000006410CCPF;16/09/2022;22;0,276;R
ES0000000000006410CCPF;16/09/2022;23;0,249;R
ES0000000000006410CCPF;17/09/2022;0;0,953;R
ES0000000000006410CCPF;17/09/2022;1;0,738;R
ES0000000000006410CCPF;17/09/2022;2;0,282;R
ES0000000000006410CCPF;17/09/2022;3;0,096;R
ES0000000000006410CCPF;17/09/2022;4;0,075;R
ES0000000000006410CCPF;17/09/2022;5;0,09;R
ES0000000000006410CCPF;17/09/2022;6;0,081;R
ES0000000000006410CCPF;17/09/2022;7;0,071;R
ES0000000000006410CCPF;17/09/2022;8;0,089;R
ES0000000000006410CCPF;17/09/2022;9;0,065;R
ES0000000000006410CCPF;17/09/2022;10;0,091;R
ES0000000000006410CCPF;17/09/2022;11;0,596;R
ES0000000000006410CCPF;17/09/2022;12;0,304;R
ES0000000000006410CCPF;17/09/2022;13;0,076;R
ES0000000000006410CCPF;17/09/2022;14;0,062;R
ES0000000000006410CCPF;17/09/2022;15;0,072;R
ES0000000000006410CCPF;17/09/2022;16;0,116;R
ES0000000000006410CCPF;17/09/2022;17;0,111;R
ES0000000000006410CCPF;17/09/2022;18;0,326;R
ES0000000000006410CCPF;17/09/2022;19;0,235;R
ES0000000000006410CCPF;17/09/2022;20;0,165;R
ES0000000000006410CCPF;17/09/2022;21;1,68;R
ES0000000000006410CCPF;17/09/2022;22;0,715;R
ES0000000000006410CCPF;17/09/2022;23;0,63;R
ES0000000000006410CCPF;18/09/2022;0;0,387;R
ES0000000000006410CCPF;18/09/2022;1;0,248;R
ES0000000000006410CCPF;18/09/2022;2;0,13;R
ES0000000000006410CCPF;18/09/2022;3;0,095;R
ES0000000000006410CCPF;18/09/2022;4;0,145;R
ES0000000000006410CCPF;18/09/2022;5;0,074;R
ES0000000000006410CCPF;18/09/2022;6;0,075;R
ES0000000000006410CCPF;18/09/2022;7;0,074;R
ES0000000000006410CCPF;18/09/2022;8;0,072;R
ES0000000000006410CCPF;18/09/2022;9;0,077;R
ES0000000000006410CCPF;18/09/2022;10;0,065;R
ES0000000000006410CCPF;18/09/2022;11;0,066;R
ES0000000000006410CCPF;18/09/2022;12;0,653;R
ES0000000000006410CCPF;18/09/2022;13;0,087;R
ES0000000000006410CCPF;18/09/2022;14;0,077;R
ES0000000000006410CCPF;18/09/2022;15;0,325;R
ES0000000000006410CCPF;18/09/2022;16;0,138;R
ES0000000000006410CCPF;18/09/2022;17;0,145;R
ES0000000000006410CCPF;18/09/2022;18;0,168;R
ES0000000000006410CCPF;18/09/2022;19;0,175;R
ES0000000000006410CCPF;18/09/2022;20;0,12;R
ES0000000000006410CCPF;18/09/2022;21;0,159;R
ES0000000000006410CCPF;18/09/2022;22;0,175;R
ES0000000000006410CCPF;18/09/2022;23;0,222;R
ES0000000000006410CCPF;19/09/2022;0;0,148;R
ES0000000000006410CCPF;19/09/2022;1;0,094;R
ES0000000000006410CCPF;19/09/2022;2;0,121;R
ES0000000000006410CCPF;19/09/2022;3;0,104;R
ES0000000000006410CCPF;19/09/2022;4;0,09;R
ES0000000000006410CCPF;19/09/2022;5;0,082;R
ES0000000000006410CCPF;19/09/2022;6;0,098;R
ES0000000000006410CCPF;19/09/2022;7;0,098;R
ES0000000000006410CCPF;19/09/2022;8;0,082;R
ES0000000000006410CCPF;19/09/2022;9;0,095;R
ES0000000000006410CCPF;19/09/2022;10;0,061;R
ES0000000000006410CCPF;19/09/2022;11;0,082;R
ES0000000000006410CCPF;19/09/2022;12;0,123;R
ES0000000000006410CCPF;19/09/2022;13;0,132;R
ES0000000000006410CCPF;19/09/2022;14;0,106;R
ES0000000000006410CCPF;19/09/2022;15;0,367;R
ES0000000000006410CCPF;19/09/2022;16;0,193;R
ES0000000000006410CCPF;19/09/2022;17;0,129;R
ES0000000000006410CCPF;19/09/2022;18;0,157;R
ES0000000000006410CCPF;19/09/2022;19;0,152;R
ES0000000000006410CCPF;19/09/2022;20;0,167;R
ES0000000000006410CCPF;19/09/2022;21;0,289;R
ES0000000000006410CCPF;19/09/2022;22;0,368;R
ES0000000000006410CCPF;19/09/2022;23;0,441;R
ES0000000000006410CCPF;20/09/2022;0;0,15;R
ES0000000000006410CCPF;20/09/2022;1;0,128;R
ES0000000000006410CCPF;20/09/2022;2;0,122;R
ES0000000000006410CCPF;20/09/2022;3;0,097;R
ES0000000000006410CCPF;20/09/2022;4;0,089;R
ES0000000000006410CCPF;20/09/2022;5;0,102;R
ES0000000000006410CCPF;20/09/2022;6;0,097;R
ES0000000000006410CCPF;20/09/2022;7;0,092;R
ES0000000000006410CCPF;20/09/2022;8;0,089;R
ES0000000000006410CCPF;20/09/2022;9;0,119;R
ES0000000000006410CCPF;20/09/2022;10;0,082;R
ES0000000000006410CCPF;20/09/2022;11;0,155;R
ES0000000000006410CCPF;20/09/2022;12;0,137;R
ES0000000000006410CCPF;20/09/2022;13;0,067;R
ES0000000000006410CCPF;20/09/2022;14;0,088;R
ES0000000000006410CCPF;20/09/2022;15;0,053;R
ES0000000000006410CCPF;20/09/2022;16;0,128;R
ES0000000000006410CCPF;20/09/2022;17;0,174;R
ES0000000000006410CCPF;20/09/2022;18;0,172;R
ES0000000000006410CCPF;20/09/2022;19;0,096;R
ES0000000000006410CCPF;20/09/2022;20;0,072;R
ES0000000000006410CCPF;20/09/2022;21;0,14;R
ES0000000000006410CCPF;20/09/2022;22;0,239;R
ES0000000000006410CCPF;20/09/2022;23;0,112;R
ES0000000000006410CCPF;21/09/2022;0;0,104;R
ES0000000000006410CCPF;21/09/2022;1;0,082;R
ES0000000000006410CCPF;21/09/2022;2;0,079;R
ES0000000000006410CCPF;21/09/2022;3;0,077;R
ES0000000000006410CCPF;21/09/2022;4;0,122;R
ES0000000000006410CCPF;21/09/2022;5;0,094;R
ES0000000000006410CCPF;21/09/2022;6;0,067;R
ES0000000000006410CCPF;21/09/2022;7;0,072;R
ES0000000000006410CCPF;21/09/2022;8;0,076;R
ES0000000000006410CCPF;21/09/2022;9;0,092;R
ES0000000000006410CCPF;21/09/2022;10;0,088;R
ES0000000000006410CCPF;21/09/2022;11;0,121;R
ES0000000000006410CCPF;21/09/2022;12;0,1;R
ES0000000000006410CCPF;21/09/2022;13;0,07;R
ES0000000000006410CCPF;21/09/2022;14;0,412;R
ES0000000000006410CCPF;21/09/2022;15;0,372;R
ES0000000000006410CCPF;21/09/2022;16;0,353;R
ES0000000000006410CCPF;21/09/2022;17;0,242;R
ES0000000000006410CCPF;21/09/2022;18;0,206;R
ES0000000000006410CCPF;21/09/2022;19;0,224;R
ES0000000000006410CCPF;21/09/2022;20;0,153;R
ES0000000000006410CCPF;21/09/2022;21;0,171;R
ES0000000000006410CCPF;21/09/2022;22;0,198;R
ES0000000000006410CCPF;21/09/2022;23;0,295;R
ES0000000000006410CCPF;22/09/2022;0;0,189;R
ES0000000000006410CCPF;22/09/2022;1;0,176;R
ES0000000000006410CCPF;22/09/2022;2;0,089;R
ES0000000000006410CCPF;22/09/2022;3;0,073;R
ES0000000000006410CCPF;22/09/2022;4;0,068;R
ES0000000000006410CCPF;22/09/2022;5;0,072;R
ES0000000000006410CCPF;22/09/2022;6;0,07;R
ES0000000000006410CCPF;22/09/2022;7;0,085;R
ES0000000000006410CCPF;22/09/2022;8;0,072;R
ES0000000000006410CCPF;22/09/2022;9;0,151;R
ES0000000000006410CCPF;22/09/2022;10;0,063;R
ES0000000000006410CCPF;22/09/2022;11;0,093;R
ES0000000000006410CCPF;22/09/2022;12;0,094;R
ES0000000000006410CCPF;22/09/2022;13;0,24;R
ES0000000000006410CCPF;22/09/2022;14;0,073;R
ES0000000000006410CCPF;22/09/2022;15;0,41;R
ES0000000000006410CCPF;22/09/2022;16;0,125;R
ES0000000000006410CCPF;22/09/2022;17;0,057;R
ES0000000000006410CCPF;22/09/2022;18;0,074;R
ES0000000000006410CCPF;22/09/2022;19;0,07;R
ES0000000000006410CCPF;22/09/2022;20;0,072;R
ES0000000000006410CCPF;22/09/2022;21;0,211;R
ES0000000000006410CCPF;22/09/2022;22;0,561;R
ES0000000000006410CCPF;22/09/2022;23;0,312;R
ES0000000000006410CCPF;23/09/2022;0;0,333;R
ES0000000000006410CCPF;23/09/2022;1;0,208;R
ES0000000000006410CCPF;23/09/2022;2;0,086;R
ES0000000000006410CCPF;23/09/2022;3;0,135;R
ES0000000000006410CCPF;23/09/2022;4;0,093;R
ES0000000000006410CCPF;23/09/2022;5;0,067;R
ES0000000000006410CCPF;23/09/2022;6;0,085;R
ES0000000000006410CCPF;23/09/2022;7;0,073;R
ES0000000000006410CCPF;23/09/2022;8;0,074;R
ES0000000000006410CCPF;23/09/2022;9;0,121;R
ES0000000000006410CCPF;23/09/2022;10;0,061;R
ES0000000000006410CCPF;23/09/2022;11;0,071;R
ES0000000000006410CCPF;23/09/2022;12;0,112;R
ES0000000000006410CCPF;23/09/2022;13;0,109;R
ES0000000000006410CCPF;23/09/2022;14;0,079;R
ES0000000000006410CCPF;23/09/2022;15;0,533;R
ES0000000000006410CCPF;23/09/2022;16;0,089;R
ES0000000000006410CCPF;23/09/2022;17;0,119;R
ES0000000000006410CCPF;23/09/2022;18;0,077;R
ES0000000000006410CCPF;23/09/2022;19;0,095;R
ES0000000000006410CCPF;23/09/2022;20;0,082;R
ES0000000000006410CCPF;23/09/2022;21;0,104;R
ES0000000000006410CCPF;23/09/2022;22;0,172;R
ES0000000000006410CCPF;23/09/2022;23;0,265;R
ES0000000000006410CCPF;24/09/2022;0;0,07;R
ES0000000000006410CCPF;24/09/2022;1;0,074;R
ES0000000000006410CCPF;24/09/2022;2;0,075;R
ES0000000000006410CCPF;24/09/2022;3;0,073;R
ES0000000000006410CCPF;24/09/2022;4;0,074;R
ES0000000000006410CCPF;24/09/2022;5;0,07;R
ES0000000000006410CCPF;24/09/2022;6;0,065;R
ES0000000000006410CCPF;24/09/2022;7;0,073;R
ES0000000000006410CCPF;24/09/2022;8;0,075;R
ES0000000000006410CCPF;24/09/2022;9;0,066;R
ES0000000000006410CCPF;24/09/2022;10;0,071;R
ES0000000000006410CCPF;24/09/2022;11;0,066;R
ES0000000000006410CCPF;24/09/2022;12;0,582;R
ES0000000000006410CCPF;24/09/2022;13;0,131;R
ES0000000000006410CCPF;24/09/2022;14;0,154;R
ES0000000000006410CCPF;24/09/2022;15;0,144;R
ES0000000000006410CCPF;24/09/2022;16;0,63;R
ES0000000000006410CCPF;24/09/2022;17;0,161;R
ES0000000000006410CCPF;24/09/2022;18;0,378;R
ES0000000000006410CCPF;24/09/2022;19;0,812;R
ES0000000000006410CCPF;24/09/2022;20;0,527;R
ES0000000000006410CCPF;24/09/2022;21;0,204;R
ES0000000000006410CCPF;24/09/2022;22;0,21;R
ES0000000000006410CCPF;24/09/2022;23;0,231;R
ES0000000000006410CCPF;25/09/2022;0;0,208;R
ES0000000000006410CCPF;25/09/2022;1;0,195;R
ES0000000000006410CCPF;25/09/2022;2;0,095;R
ES0000000000006410CCPF;25/09/2022;3;0,067;R
ES0000000000006410CCPF;25/09/2022;4;0,069;R
ES0000000000006410CCPF;25/09/2022;5;0,118;R
ES0000000000006410CCPF;25/09/2022;6;0,078;R
ES0000000000006410CCPF;25/09/2022;7;0,072;R
ES0000000000006410CCPF;25/09/2022;8;0,081;R
ES0000000000006410CCPF;25/09/2022;9;0,068;R
ES0000000000006410CCPF;25/09/2022;10;0,068;R
ES0000000000006410CCPF;25/09/2022;11;0,08;R
ES0000000000006410CCPF;25/09/2022;12;0,133;R
ES0000000000006410CCPF;25/09/2022;13;0,076;R
ES0000000000006410CCPF;25/09/2022;14;0,095;R
ES0000000000006410CCPF;25/09/2022;15;0,061;R
ES0000000000006410CCPF;25/09/2022;16;0,066;R
ES0000000000006410CCPF;25/09/2022;17;0,067;R
ES0000000000006410CCPF;25/09/2022;18;0,067;R
ES0000000000006410CCPF;25/09/2022;19;0,068;R
ES0000000000006410CCPF;25/09/2022;20;0,238;R
ES0000000000006410CCPF;25/09/2022;21;0,195;R
ES0000000000006410CCPF;25/09/2022;22;0,125;R
ES0000000000006410CCPF;25/09/2022;23;0,137;R
ES0000000000006410CCPF;26/09/2022;0;0,247;R
ES0000000000006410CCPF;26/09/2022;1;0,119;R
ES0000000000006410CCPF;26/09/2022;2;0,074;R
ES0000000000006410CCPF;26/09/2022;3;0,071;R
ES0000000000006410CCPF;26/09/2022;4;0,074;R
ES0000000000006410CCPF;26/09/2022;5;0,071;R
ES0000000000006410CCPF;26/09/2022;6;0,063;R
ES0000000000006410CCPF;26/09/2022;7;0,072;R
ES0000000000006410CCPF;26/09/2022;8;0,074;R
ES0000000000006410CCPF;26/09/2022;9;0,163;R
ES0000000000006410CCPF;26/09/2022;10;0,067;R
ES0000000000006410CCPF;26/09/2022;11;0,07;R
ES0000000000006410CCPF;26/09/2022;12;0,073;R
ES0000000000006410CCPF;26/09/2022;13;0,11;R
ES0000000000006410CCPF;26/09/2022;14;0,088;R
ES0000000000006410CCPF;26/09/2022;15;0,715;R
ES0000000000006410CCPF;26/09/2022;16;0,648;R
ES0000000000006410CCPF;26/09/2022;17;0,25;R
ES0000000000006410CCPF;26/09/2022;18;0,089;R
ES0000000000006410CCPF;26/09/2022;19;0,055;R
ES0000000000006410CCPF;26/09/2022;20;0,074;R
ES0000000000006410CCPF;26/09/2022;21;0,072;R
ES0000000000006410CCPF;26/09/2022;22;0,178;R
ES0000000000006410CCPF;26/09/2022;23;0,211;R
ES0000000000006410CCPF;27/09/2022;0;0,149;R
ES0000000000006410CCPF;27/09/2022;1;0,084;R
ES0000000000006410CCPF;27/09/2022;2;0,084;R
ES0000000000006410CCPF;27/09/2022;3;0,087;R
ES0000000000006410CCPF;27/09/2022;4;0,067;R
ES0000000000006410CCPF;27/09/2022;5;0,089;R
ES0000000000006410CCPF;27/09/2022;6;0,06;R
ES0000000000006410CCPF;27/09/2022;7;0,067;R
ES0000000000006410CCPF;27/09/2022;8;0,085;R
ES0000000000006410CCPF;27/09/2022;9;0,182;R
ES0000000000006410CCPF;27/09/2022;10;0,082;R
ES0000000000006410CCPF;27/09/2022;11;0,073;R
ES0000000000006410CCPF;27/09/2022;12;0,072;R
ES0000000000006410CCPF;27/09/2022;13;0,056;R
ES0000000000006410CCPF;27/09/2022;14;0,07;R
ES0000000000006410CCPF;27/09/2022;15;0,187;R
ES0000000000006410CCPF;27/09/2022;16;0,168;R
ES0000000000006410CCPF;27/09/2022;17;0,105;R
ES0000000000006410CCPF;27/09/2022;18;0,083;R
ES0000000000006410CCPF;27/09/2022;19;0,094;R
ES0000000000006410CCPF;27/09/2022;20;0,156;R
ES0000000000006410CCPF;27/09/2022;21;0,119;R
ES0000000000006410CCPF;27/09/2022;22;0,2;R
ES0000000000006410CCPF;27/09/2022;23;0,229;R
ES0000000000006410CCPF;28/09/2022;0;0,247;R
ES0000000000006410CCPF;28/09/2022;1;0,228;R
ES0000000000006410CCPF;28/09/2022;2;0,139;R
ES0000000000006410CCPF;28/09/2022;3;0,084;R
ES0000000000006410CCPF;28/09/2022;4;0,071;R
ES0000000000006410CCPF;28/09/2022;5;0,067;R
ES0000000000006410CCPF;28/09/2022;6;0,065;R
ES0000000000006410CCPF;28/09/2022;7;0,069;R
ES0000000000006410CCPF;28/09/2022;8;0,075;R
ES0000000000006410CCPF;28/09/2022;9;0,074;R
ES0000000000006410CCPF;28/09/2022;10;0,361;R
ES0000000000006410CCPF;28/09/2022;11;0,124;R
ES0000000000006410CCPF;28/09/2022;12;0,165;R
ES0000000000006410CCPF;28/09/2022;13;0,211;R
ES0000000000006410CCPF;28/09/2022;14;0,124;R
ES0000000000006410CCPF;28/09/2022;15;0,253;R
ES0000000000006410CCPF;28/09/2022;16;0,515;R
ES0000000000006410CCPF;28/09/2022;17;0,209;R
ES0000000000006410CCPF;28/09/2022;18;0,202;R
ES0000000000006410CCPF;28/09/2022;19;0,117;R
ES0000000000006410CCPF;28/09/2022;20;0,125;R
ES0000000000006410CCPF;28/09/2022;21;0,184;R
ES0000000000006410CCPF;28/09/2022;22;0,596;R
ES0000000000006410CCPF;28/09/2022;23;0,319;R
ES0000000000006410CCPF;29/09/2022;0;0,306;R
ES0000000000006410CCPF;29/09/2022;1;0,363;R
ES0000000000006410CCPF;29/09/2022;2;0,194;R
ES0000000000006410CCPF;29/09/2022;3;0,084;R
ES0000000000006410CCPF;29/09/2022;4;0,085;R
ES0000000000006410CCPF;29/09/2022;5;0,086;R
ES0000000000006410CCPF;29/09/2022;6;0,083;R
ES0000000000006410CCPF;29/09/2022;7;0,085;R
ES0000000000006410CCPF;29/09/2022;8;0,082;R
ES0000000000006410CCPF;29/09/2022;9;0,18;R
ES0000000000006410CCPF;29/09/2022;10;0,068;R
ES0000000000006410CCPF;29/09/2022;11;0,077;R
ES0000000000006410CCPF;29/09/2022;12;0,062;R
ES0000000000006410CCPF;29/09/2022;13;0,062;R
ES0000000000006410CCPF;29/09/2022;14;0,074;R
ES0000000000006410CCPF;29/09/2022;15;0,064;R
ES0000000000006410CCPF;29/09/2022;16;0,065;R
ES0000000000006410CCPF;29/09/2022;17;0,082;R
ES0000000000006410CCPF;29/09/2022;18;0,061;R
ES0000000000006410CCPF;29/09/2022;19;0,124;R
ES0000000000006410CCPF;29/09/2022;20;0,212;R
ES0000000000006410CCPF;29/09/2022;21;0,191;R
ES0000000000006410CCPF;29/09/2022;22;0,159;R
ES0000000000006410CCPF;29/09/2022;23;0,234;R
ES0000000000006410CCPF;30/09/2022;0;0,728;R
ES0000000000006410CCPF;30/09/2022;1;0,906;R
ES0000000000006410CCPF;30/09/2022;2;0,757;R
ES0000000000006410CCPF;30/09/2022;3;0,294;R
ES0000000000006410CCPF;30/09/2022;4;0,068;R
ES0000000000006410CCPF;30/09/2022;5;0,077;R
ES0000000000006410CCPF;30/09/2022;6;0,069;R
ES0000000000006410CCPF;30/09/2022;7;0,064;R
ES0000000000006410CCPF;30/09/2022;8;0,068;R
ES0000000000006410CCPF;30/09/2022;9;0,259;R
ES0000000000006410CCPF;30/09/2022;10;0,137;R
ES0000000000006410CCPF;30/09/2022;11;0,08;R
ES0000000000006410CCPF;30/09/2022;12;0,074;R
ES0000000000006410CCPF;30/09/2022;13;0,067;R
ES0000000000006410CCPF;30/09/2022;14;0,06;R
ES0000000000006410CCPF;30/09/2022;15;0,097;R
ES0000000000006410CCPF;30/09/2022;16;0,106;R
ES0000000000006410CCPF;30/09/2022;17;0,124;R
ES0000000000006410CCPF;30/09/2022;18;0,121;R
ES0000000000006410CCPF;30/09/2022;19;0,1;R
ES0000000000006410CCPF;30/09/2022;20;0,088;R
ES0000000000006410CCPF;30/09/2022;21;0,126;R
ES0000000000006410CCPF;30/09/2022;22;0,172;R
ES0000000000006410CCPF;30/09/2022;23;0,293;R
ES0000000000006410CCPF;01/10/2022;0;0,284;R
ES0000000000006410CCPF;01/10/2022;1;0,261;R
ES0000000000006410CCPF;01/10/2022;2;0,082;R
ES0000000000006410CCPF;01/10/2022;3;0,073;R
ES0000000000006410CCPF;01/10/2022;4;0,059;R
ES0000000000006410CCPF;01/10/2022;5;0,074;R
ES0000000000006410CCPF;01/10/2022;6;0,07;R
ES0000000000006410CCPF;01/10/2022;7;0,066;R
ES0000000000006410CCPF;01/10/2022;8;0,068;R
ES0000000000006410CCPF;01/10/2022;9;0,073;R
ES0000000000006410CCPF;01/10/2022;10;0,077;R
ES0000000000006410CCPF;01/10/2022;11;0,423;R
ES0000000000006410CCPF;01/10/2022;12;0,21;R
ES0000000000006410CCPF;01/10/2022;13;0,064;R
ES0000000000006410CCPF;01/10/2022;14;0,122;R
ES0000000000006410CCPF;01/10/2022;15;0,143;R
ES0000000000006410CCPF;01/10/2022;16;0,132;R
ES0000000000006410CCPF;01/10/2022;17;0,129;R
ES0000000000006410CCPF;01/10/2022;18;0,105;R
ES0000000000006410CCPF;01/10/2022;19;0,082;R
ES0000000000006410CCPF;01/10/2022;20;0,074;R
ES0000000000006410CCPF;01/10/2022;21;0,06;R
ES0000000000006410CCPF;01/10/2022;22;0,275;R
ES0000000000006410CCPF;01/10/2022;23;0,298;R
ES0000000000006410CCPF;02/10/2022;0;0,206;R
ES0000000000006410CCPF;02/10/2022;1;0,099;R
ES0000000000006410CCPF;02/10/2022;2;0,067;R
ES0000000000006410CCPF;02/10/2022;3;0,128;R
ES0000000000006410CCPF;02/10/2022;4;0,082;R
ES0000000000006410CCPF;02/10/2022;5;0,08;R
ES0000000000006410CCPF;02/10/2022;6;0,069;R
ES0000000000006410CCPF;02/10/2022;7;0,062;R
ES0000000000006410CCPF;02/10/2022;8;0,066;R
ES0000000000006410CCPF;02/10/2022;9;0,071;R
ES0000000000006410CCPF;02/10/2022;10;0,069;R
ES0000000000006410CCPF;02/10/2022;11;0,064;R
ES0000000000006410CCPF;02/10/2022;12;0,37;R
ES0000000000006410CCPF;02/10/2022;13;0,154;R
ES0000000000006410CCPF;02/10/2022;14;0,113;R
ES0000000000006410CCPF;02/10/2022;15;0,791;R
ES0000000000006410CCPF;02/10/2022;16;0,343;R
ES0000000000006410CCPF;02/10/2022;17;0,177;R
ES0000000000006410CCPF;02/10/2022;18;0,275;R
ES0000000000006410CCPF;02/10/2022;19;0,249;R
ES0000000000006410CCPF;02/10/2022;20;0,306;R
ES0000000000006410CCPF;02/10/2022;21;0,587;R
ES0000000000006410CCPF;02/10/2022;22;1,278;R
ES0000000000006410CCPF;02/10/2022;23;0,253;R
ES0000000000006410CCPF;03/10/2022;0;0,233;R
ES0000000000006410CCPF;03/10/2022;1;0,129;R
ES0000000000006410CCPF;03/10/2022;2;0,067;R
ES0000000000006410CCPF;03/10/2022;3;0,077;R
ES0000000000006410CCPF;03/10/2022;4;0,069;R
ES0000000000006410CCPF;03/10/2022;5;0,063;R
ES0000000000006410CCPF;03/10/2022;6;0,069;R
ES0000000000006410CCPF;03/10/2022;7;0,079;R
ES0000000000006410CCPF;03/10/2022;8;0,104;R
ES0000000000006410CCPF;03/10/2022;9;0,111;R
ES0000000000006410CCPF;03/10/2022;10;0,175;R
ES0000000000006410CCPF;03/10/2022;11;0,081;R
ES0000000000006410CCPF;03/10/2022;12;0,081;R
ES0000000000006410CCPF;03/10/2022;13;0,074;R
ES0000000000006410CCPF;03/10/2022;14;0,066;R
ES0000000000006410CCPF;03/10/2022;15;0,216;R
ES0000000000006410CCPF;03/10/2022;16;0,169;R
ES0000000000006410CCPF;03/10/2022;17;0,201;R
ES0000000000006410CCPF;03/10/2022;18;0,083;R
ES0000000000006410CCPF;03/10/2022;19;0,082;R
ES0000000000006410CCPF;03/10/2022;20;0,054;R
ES0000000000006410CCPF;03/10/2022;21;0,185;R
ES0000000000006410CCPF;03/10/2022;22;0,265;R
ES0000000000006410CCPF;03/10/2022;23;0,258;R
ES0000000000006410CCPF;04/10/2022;0;0,165;R
ES0000000000006410CCPF;04/10/2022;1;0,077;R
ES0000000000006410CCPF;04/10/2022;2;0,072;R
ES0000000000006410CCPF;04/10/2022;3;0,064;R
ES0000000000006410CCPF;04/10/2022;4;0,062;R
ES0000000000006410CCPF;04/10/2022;5;0,075;R
ES0000000000006410CCPF;04/10/2022;6;0,066;R
ES0000000000006410CCPF;04/10/2022;7;0,061;R
ES0000000000006410CCPF;04/10/2022;8;0,062;R
ES0000000000006410CCPF;04/10/2022;9;0,079;R
ES0000000000006410CCPF;04/10/2022;10;0,152;R
ES0000000000006410CCPF;04/10/2022;11;0,086;R
ES0000000000006410CCPF;04/10/2022;12;0,117;R
ES0000000000006410CCPF;04/10/2022;13;0,14;R
ES0000000000006410CCPF;04/10/2022;14;0,075;R
ES0000000000006410CCPF;04/10/2022;15;0,465;R
ES0000000000006410CCPF;04/10/2022;16;0,092;R
ES0000000000006410CCPF;04/10/2022;17;0,089;R
ES0000000000006410CCPF;04/10/2022;18;0,108;R
ES0000000000006410CCPF;04/10/2022;19;0,074;R
ES0000000000006410CCPF;04/10/2022;20;0,067;R
ES0000000000006410CCPF;04/10/2022;21;0,064;R
ES0000000000006410CCPF;04/10/2022;22;0,149;R
ES0000000000006410CCPF;04/10/2022;23;0,202;R
ES0000000000006410CCPF;05/10/2022;0;0,075;R
ES0000000000006410CCPF;05/10/2022;1;0,068;R
ES0000000000006410CCPF;05/10/2022;2;0,063;R
ES0000000000006410CCPF;05/10/2022;3;0,062;R
ES0000000000006410CCPF;05/10/2022;4;0,072;R
ES0000000000006410CCPF;05/10/2022;5;0,068;R
ES0000000000006410CCPF;05/10/2022;6;0,061;R
ES0000000000006410CCPF;05/10/2022;7;0,138;R
ES0000000000006410CCPF;05/10/2022;8;0,189;R
ES0000000000006410CCPF;05/10/2022;9;0,067;R
ES0000000000006410CCPF;05/10/2022;10;0,067;R
ES0000000000006410CCPF;05/10/2022;11;0,091;R
ES0000000000006410CCPF;05/10/2022;12;0,084;R
ES0000000000006410CCPF;05/10/2022;13;0,06;R
ES0000000000006410CCPF;05/10/2022;14;0,063;R
ES0000000000006410CCPF;05/10/2022;15;0,067;R
ES0000000000006410CCPF;05/10/2022;16;0,065;R
ES0000000000006410CCPF;05/10/2022;17;0,064;R
ES0000000000006410CCPF;05/10/2022;18;0,065;R
ES0000000000006410CCPF;05/10/2022;19;0,07;R
ES0000000000006410CCPF;05/10/2022;20;0,068;R
ES0000000000006410CCPF;05/10/2022;21;0,061;R
ES0000000000006410CCPF;05/10/2022;22;0,095;R
ES0000000000006410CCPF;05/10/2022;23;0,136;R
ES0000000000006410CCPF;06/10/2022;0;0,09;R
ES0000000000006410CCPF;06/10/2022;1;0,081;R
ES0000000000006410CCPF;06/10/2022;2;0,082;R
ES0000000000006410CCPF;06/10/2022;3;0,083;R
ES0000000000006410CCPF;06/10/2022;4;0,073;R
ES0000000000006410CCPF;06/10/2022;5;0,065;R
ES0000000000006410CCPF;06/10/2022;6;0,064;R
ES0000000000006410CCPF;06/10/2022;7;0,071;R
ES0000000000006410CCPF;06/10/2022;8;0,073;R
ES0000000000006410CCPF;06/10/2022;9;0,072;R
ES0000000000006410CCPF;06/10/2022;10;0,067;R
ES0000000000006410CCPF;06/10/2022;11;0,593;R
ES0000000000006410CCPF;06/10/2022;12;0,15;R
ES0000000000006410CCPF;06/10/2022;13;0,106;R
ES0000000000006410CCPF;06/10/2022;14;0,085;R
ES0000000000006410CCPF;06/10/2022;15;0,083;R
ES0000000000006410CCPF;06/10/2022;16;0,183;R
ES0000000000006410CCPF;06/10/2022;17;0,148;R
ES0000000000006410CCPF;06/10/2022;18;0,105;R
ES0000000000006410CCPF;06/10/2022;19;0,067;R
ES0000000000006410CCPF;06/10/2022;20;0,066;R
ES0000000000006410CCPF;06/10/2022;21;0,078;R
ES0000000000006410CCPF;06/10/2022;22;0,06;R
ES0000000000006410CCPF;06/10/2022;23;0,119;R
ES0000000000006410CCPF;07/10/2022;0;0,08;R
ES0000000000006410CCPF;07/10/2022;1;0,064;R
ES0000000000006410CCPF;07/10/2022;2;0,073;R
ES0000000000006410CCPF;07/10/2022;3;0,069;R
ES0000000000006410CCPF;07/10/2022;4;0,064;R
ES0000000000006410CCPF;07/10/2022;5;0,061;R
ES0000000000006410CCPF;07/10/2022;6;0,079;R
ES0000000000006410CCPF;07/10/2022;7;0,066;R
ES0000000000006410CCPF;07/10/2022;8;0,067;R
ES0000000000006410CCPF;07/10/2022;9;0,069;R
ES0000000000006410CCPF;07/10/2022;10;0,074;R
ES0000000000006410CCPF;07/10/2022;11;0,124;R
ES0000000000006410CCPF;07/10/2022;12;0,076;R
ES0000000000006410CCPF;07/10/2022;13;0,078;R
ES0000000000006410CCPF;07/10/2022;14;0,064;R
ES0000000000006410CCPF;07/10/2022;15;0,07;R
ES0000000000006410CCPF;07/10/2022;16;0,233;R
ES0000000000006410CCPF;07/10/2022;17;0,103;R
ES0000000000006410CCPF;07/10/2022;18;0,071;R
ES0000000000006410CCPF;07/10/2022;19;0,068;R
ES0000000000006410CCPF;07/10/2022;20;0,069;R
ES0000000000006410CCPF;07/10/2022;21;0,142;R
ES0000000000006410CCPF;07/10/2022;22;0,182;R
ES0000000000006410CCPF;07/10/2022;23;0,111;R
ES0000000000006410CCPF;08/10/2022;0;0,11;R
ES0000000000006410CCPF;08/10/2022;1;0,082;R
ES0000000000006410CCPF;08/10/2022;2;0,086;R
ES0000000000006410CCPF;08/10/2022;3;0,074;R
ES0000000000006410CCPF;08/10/2022;4;0,075;R
ES0000000000006410CCPF;08/10/2022;5;0,063;R
ES0000000000006410CCPF;08/10/2022;6;0,063;R
ES0000000000006410CCPF;08/10/2022;7;0,068;R
ES0000000000006410CCPF;08/10/2022;8;0,078;R
ES0000000000006410CCPF;08/10/2022;9;0,062;R
ES0000000000006410CCPF;08/10/2022;10;0,552;R
ES0000000000006410CCPF;08/10/2022;11;0,349;R
ES0000000000006410CCPF;08/10/2022;12;0,085;R
ES0000000000006410CCPF;08/10/2022;13;0,085;R
ES0000000000006410CCPF;08/10/2022;14;0,143;R
ES0000000000006410CCPF;08/10/2022;15;0,139;R
ES0000000000006410CCPF;08/10/2022;16;0,485;R
ES0000000000006410CCPF;08/10/2022;17;0,209;R
ES0000000000006410CCPF;08/10/2022;18;0,223;R
ES0000000000006410CCPF;08/10/2022;19;0,226;R
ES0000000000006410CCPF;08/10/2022;20;0,337;R
ES0000000000006410CCPF;08/10/2022;21;0,259;R
ES0000000000006410CCPF;08/10/2022;22;0,217;R
ES0000000000006410CCPF;08/10/2022;23;0,833;R
ES0000000000006410CCPF;09/10/2022;0;0,716;R
ES0000000000006410CCPF;09/10/2022;1;0,163;R
ES0000000000006410CCPF;09/10/2022;2;0,087;R
ES0000000000006410CCPF;09/10/2022;3;0,073;R
ES0000000000006410CCPF;09/10/2022;4;0,062;R
ES0000000000006410CCPF;09/10/2022;5;0,062;R
ES0000000000006410CCPF;09/10/2022;6;0,067;R
ES0000000000006410CCPF;09/10/2022;7;0,08;R
ES0000000000006410CCPF;09/10/2022;8;0,058;R
ES0000000000006410CCPF;09/10/2022;9;0,073;R
ES0000000000006410CCPF;09/10/2022;10;0,235;R
ES0000000000006410CCPF;09/10/2022;11;0,317;R
ES0000000000006410CCPF;09/10/2022;12;0,58;R
ES0000000000006410CCPF;09/10/2022;13;0,274;R
ES0000000000006410CCPF;09/10/2022;14;0,49;R
ES0000000000006410CCPF;09/10/2022;15;0,517;R
ES0000000000006410CCPF;09/10/2022;16;0,392;R
ES0000000000006410CCPF;09/10/2022;17;0,386;R
ES0000000000006410CCPF;09/10/2022;18;0,276;R
ES0000000000006410CCPF;09/10/2022;19;0,321;R
ES0000000000006410CCPF;09/10/2022;20;0,344;R
ES0000000000006410CCPF;09/10/2022;21;0,303;R
ES0000000000006410CCPF;09/10/2022;22;1,02;R
ES0000000000006410CCPF;09/10/2022;23;0,439;R
ES0000000000006410CCPF;10/10/2022;0;0,066;R
ES0000000000006410CCPF;10/10/2022;1;0,07;R
ES0000000000006410CCPF;10/10/2022;2;0,08;R
ES0000000000006410CCPF;10/10/2022;3;0,06;R
ES0000000000006410CCPF;10/10/2022;4;0,077;R
ES0000000000006410CCPF;10/10/2022;5;0,065;R
ES0000000000006410CCPF;10/10/2022;6;0,065;R
ES0000000000006410CCPF;10/10/2022;7;0,075;R
ES0000000000006410CCPF;10/10/2022;8;0,073;R
ES0000000000006410CCPF;10/10/2022;9;0,077;R
ES0000000000006410CCPF;10/10/2022;10;0,084;R
ES0000000000006410CCPF;10/10/2022;11;0,176;R
ES0000000000006410CCPF;10/10/2022;12;0,205;R
ES0000000000006410CCPF;10/10/2022;13;0,08;R
ES0000000000006410CCPF;10/10/2022;14;0,067;R
ES0000000000006410CCPF;10/10/2022;15;0,123;R
ES0000000000006410CCPF;10/10/2022;16;0,108;R
ES0000000000006410CCPF;10/10/2022;17;0,236;R
ES0000000000006410CCPF;10/10/2022;18;0,66;R
ES0000000000006410CCPF;10/10/2022;19;0,388;R
ES0000000000006410CCPF;10/10/2022;20;0,572;R
ES0000000000006410CCPF;10/10/2022;21;0,445;R
ES0000000000006410CCPF;10/10/2022;22;0,308;R
ES0000000000006410CCPF;10/10/2022;23;0,526;R
ES0000000000006410CCPF;11/10/2022;0;0,345;R
ES0000000000006410CCPF;11/10/2022;1;0,157;R
ES0000000000006410CCPF;11/10/2022;2;0,076;R
ES0000000000006410CCPF;11/10/2022;3;0,071;R
ES0000000000006410CCPF;11/10/2022;4;0,064;R
ES0000000000006410CCPF;11/10/2022;5;0,071;R
ES0000000000006410CCPF;11/10/2022;6;0,072;R
ES0000000000006410CCPF;11/10/2022;7;0,135;R
ES0000000000006410CCPF;11/10/2022;8;1,054;R
ES0000000000006410CCPF;11/10/2022;9;0,079;R
ES0000000000006410CCPF;11/10/2022;10;0,167;R
ES0000000000006410CCPF;11/10/2022;11;0,177;R
ES0000000000006410CCPF;11/10/2022;12;0,084;R
ES0000000000006410CCPF;11/10/2022;13;0,083;R
ES0000000000006410CCPF;11/10/2022;14;0,088;R
ES0000000000006410CCPF;11/10/2022;15;0,253;R
ES0000000000006410CCPF;11/10/2022;16;0,189;R
ES0000000000006410CCPF;11/10/2022;17;0,2;R
ES0000000000006410CCPF;11/10/2022;18;0,179;R
ES0000000000006410CCPF;11/10/2022;19;0,084;R
ES0000000000006410CCPF;11/10/2022;20;0,07;R
ES0000000000006410CCPF;11/10/2022;21;0,211;R
ES0000000000006410CCPF;11/10/2022;22;0,276;R
ES0000000000006410CCPF;11/10/2022;23;0,224;R
ES0000000000006410CCPF;12/10/2022;0;0,698;R
ES0000000000006410CCPF;12/10/2022;1;0,187;R
ES0000000000006410CCPF;12/10/2022;2;0,182;R
ES0000000000006410CCPF;12/10/2022;3;0,123;R
ES0000000000006410CCPF;12/10/2022;4;0,079;R
ES0000000000006410CCPF;12/10/2022;5;0,068;R
ES0000000000006410CCPF;12/10/2022;6;0,067;R
ES0000000000006410CCPF;12/10/2022;7;0,068;R
ES0000000000006410CCPF;12/10/2022;8;0,083;R
ES0000000000006410CCPF;12/10/2022;9;0,082;R
ES0000000000006410CCPF;12/10/2022;10;0,091;R
ES0000000000006410CCPF;12/10/2022;11;0,157;R
ES0000000000006410CCPF;12/10/2022;12;0,15;R
ES0000000000006410CCPF;12/10/2022;13;0,054;R
ES0000000000006410CCPF;12/10/2022;14;0,066;R
ES0000000000006410CCPF;12/10/2022;15;0,067;R
ES0000000000006410CCPF;12/10/2022;16;0,07;R
ES0000000000006410CCPF;12/10/2022;17;0,07;R
ES0000000000006410CCPF;12/10/2022;18;0,074;R
ES0000000000006410CCPF;12/10/2022;19;0,17;R
ES0000000000006410CCPF;12/10/2022;20;0,176;R
ES0000000000006410CCPF;12/10/2022;21;0,179;R
ES0000000000006410CCPF;12/10/2022;22;0,273;R
ES0000000000006410CCPF;12/10/2022;23;0,265;R
ES0000000000006410CCPF;13/10/2022;0;0,198;R
ES0000000000006410CCPF;13/10/2022;1;0,079;R
ES0000000000006410CCPF;13/10/2022;2;0,069;R
ES0000000000006410CCPF;13/10/2022;3;0,066;R
ES0000000000006410CCPF;13/10/2022;4;0,067;R
ES0000000000006410CCPF;13/10/2022;5;0,125;R
ES0000000000006410CCPF;13/10/2022;6;0,085;R
ES0000000000006410CCPF;13/10/2022;7;0,064;R
ES0000000000006410CCPF;13/10/2022;8;0,084;R
ES0000000000006410CCPF;13/10/2022;9;0,077;R
ES0000000000006410CCPF;13/10/2022;10;0,135;R
ES0000000000006410CCPF;13/10/2022;11;0,092;R
ES0000000000006410CCPF;13/10/2022;12;0,137;R
ES0000000000006410CCPF;13/10/2022;13;0,702;R
ES0000000000006410CCPF;13/10/2022;14;0,09;R
ES0000000000006410CCPF;13/10/2022;15;0,082;R
ES0000000000006410CCPF;13/10/2022;16;0,297;R
ES0000000000006410CCPF;13/10/2022;17;0,258;R
ES0000000000006410CCPF;13/10/2022;18;0,146;R
ES0000000000006410CCPF;13/10/2022;19;0,093;R
ES0000000000006410CCPF;13/10/2022;20;0,105;R
ES0000000000006410CCPF;13/10/2022;21;0,152;R
ES0000000000006410CCPF;13/10/2022;22;0,248;R
ES0000000000006410CCPF;13/10/2022;23;0,171;R
ES0000000000006410CCPF;14/10/2022;0;0,122;R
ES0000000000006410CCPF;14/10/2022;1;0,076;R
ES0000000000006410CCPF;14/10/2022;2;0,074;R
ES0000000000006410CCPF;14/10/2022;3;0,074;R
ES0000000000006410CCPF;14/10/2022;4;0,073;R
ES0000000000006410CCPF;14/10/2022;5;0,066;R
ES0000000000006410CCPF;14/10/2022;6;0,063;R
ES0000000000006410CCPF;14/10/2022;7;0,072;R
ES0000000000006410CCPF;14/10/2022;8;0,386;R
ES0000000000006410CCPF;14/10/2022;9;0,087;R
ES0000000000006410CCPF;14/10/2022;10;0,07;R
ES0000000000006410CCPF;14/10/2022;11;0,064;R
ES0000000000006410CCPF;14/10/2022;12;0,073;R
ES0000000000006410CCPF;14/10/2022;13;0,07;R
ES0000000000006410CCPF;14/10/2022;14;0,067;R
ES0000000000006410CCPF;14/10/2022;15;0,304;R
ES0000000000006410CCPF;14/10/2022;16;0,146;R
ES0000000000006410CCPF;14/10/2022;17;0,192;R
ES0000000000006410CCPF;14/10/2022;18;0,187;R
ES0000000000006410CCPF;14/10/2022;19;0,164;R
ES0000000000006410CCPF;14/10/2022;20;0,176;R
ES0000000000006410CCPF;14/10/2022;21;0,122;R
ES0000000000006410CCPF;14/10/2022;22;0,125;R
ES0000000000006410CCPF;14/10/2022;23;0,205;R
ES0000000000006410CCPF;15/10/2022;0;0,088;R
ES0000000000006410CCPF;15/10/2022;1;0,068;R
ES0000000000006410CCPF;15/10/2022;2;0,086;R
ES0000000000006410CCPF;15/10/2022;3;0,074;R
ES0000000000006410CCPF;15/10/2022;4;0,064;R
ES0000000000006410CCPF;15/10/2022;5;0,071;R
ES0000000000006410CCPF;15/10/2022;6;0,075;R
ES0000000000006410CCPF;15/10/2022;7;0,066;R
ES0000000000006410CCPF;15/10/2022;8;0,07;R
ES0000000000006410CCPF;15/10/2022;9;0,076;R
ES0000000000006410CCPF;15/10/2022;10;0,123;R
ES0000000000006410CCPF;15/10/2022;11;0,256;R
ES0000000000006410CCPF;15/10/2022;12;0,401;R
ES0000000000006410CCPF;15/10/2022;13;0,123;R
ES0000000000006410CCPF;15/10/2022;14;0,117;R
ES0000000000006410CCPF;15/10/2022;15;0,15;R
ES0000000000006410CCPF;15/10/2022;16;0,155;R
ES0000000000006410CCPF;15/10/2022;17;0,179;R
ES0000000000006410CCPF;15/10/2022;18;0,163;R
ES0000000000006410CCPF;15/10/2022;19;0,23;R
ES0000000000006410CCPF;15/10/2022;20;0,391;R
ES0000000000006410CCPF;15/10/2022;21;0,634;R
ES0000000000006410CCPF;15/10/2022;22;0,235;R
ES0000000000006410CCPF;15/10/2022;23;0,498;R
ES0000000000006410CCPF;16/10/2022;0;0,408;R
ES0000000000006410CCPF;16/10/2022;1;0,139;R
ES0000000000006410CCPF;16/10/2022;2;0,067;R
ES0000000000006410CCPF;16/10/2022;3;0,073;R
ES0000000000006410CCPF;16/10/2022;4;0,068;R
ES0000000000006410CCPF;16/10/2022;5;0,065;R
ES0000000000006410CCPF;16/10/2022;6;0,066;R
ES0000000000006410CCPF;16/10/2022;7;0,075;R
ES0000000000006410CCPF;16/10/2022;8;0,063;R
ES0000000000006410CCPF;16/10/2022;9;0,067;R
ES0000000000006410CCPF;16/10/2022;10;0,068;R
ES0000000000006410CCPF;16/10/2022;11;0,077;R
ES0000000000006410CCPF;16/10/2022;12;0,138;R
ES0000000000006410CCPF;16/10/2022;13;0,137;R
ES0000000000006410CCPF;16/10/2022;14;0,272;R
ES0000000000006410CCPF;16/10/2022;15;0,288;R
ES0000000000006410CCPF;16/10/2022;16;0,081;R
ES0000000000006410CCPF;16/10/2022;17;0,151;R
ES0000000000006410CCPF;16/10/2022;18;0,182;R
ES0000000000006410CCPF;16/10/2022;19;0,188;R
ES0000000000006410CCPF;16/10/2022;20;0,231;R
ES0000000000006410CCPF;16/10/2022;21;0,443;R
ES0000000000006410CCPF;16/10/2022;22;0,457;R
ES0000000000006410CCPF;16/10/2022;23;0,188;R
ES0000000000006410CCPF;17/10/2022;0;0,191;R
ES0000000000006410CCPF;17/10/2022;1;0,094;R
ES0000000000006410CCPF;17/10/2022;2;0,083;R
ES0000000000006410CCPF;17/10/2022;3;0,068;R
ES0000000000006410CCPF;17/10/2022;4;0,08;R
ES0000000000006410CCPF;17/10/2022;5;0,054;R
ES0000000000006410CCPF;17/10/2022;6;0,07;R
ES0000000000006410CCPF;17/10/2022;7;0,076;R
ES0000000000006410CCPF;17/10/2022;8;0,067;R
ES0000000000006410CCPF;17/10/2022;9;0,069;R
ES0000000000006410CCPF;17/10/2022;10;0,084;R
ES0000000000006410CCPF;17/10/2022;11;0,229;R
ES0000000000006410CCPF;17/10/2022;12;0,125;R
ES0000000000006410CCPF;17/10/2022;13;0,124;R
ES0000000000006410CCPF;17/10/2022;14;0,064;R
ES0000000000006410CCPF;17/10/2022;15;0,324;R
ES0000000000006410CCPF;17/10/2022;16;0,173;R
ES0000000000006410CCPF;17/10/2022;17;0,152;R
ES0000000000006410CCPF;17/10/2022;18;0,168;R
ES0000000000006410CCPF;17/10/2022;19;0,136;R
ES0000000000006410CCPF;17/10/2022;20;0,222;R
ES0000000000006410CCPF;17/10/2022;21;0,756;R
ES0000000000006410CCPF;17/10/2022;22;0,315;R
ES0000000000006410CCPF;17/10/2022;23;0,402;R
ES0000000000006410CCPF;18/10/2022;0;0,274;R
ES0000000000006410CCPF;18/10/2022;1;0,108;R
ES0000000000006410CCPF;18/10/2022;2;0,112;R
ES0000000000006410CCPF;18/10/2022;3;0,084;R
ES0000000000006410CCPF;18/10/2022;4;0,078;R
ES0000000000006410CCPF;18/10/2022;5;0,07;R
ES0000000000006410CCPF;18/10/2022;6;0,069;R
ES0000000000006410CCPF;18/10/2022;7;0,071;R
ES0000000000006410CCPF;18/10/2022;8;0,063;R
ES0000000000006410CCPF;18/10/2022;9;0,067;R
ES0000000000006410CCPF;18/10/2022;10;0,183;R
ES0000000000006410CCPF;18/10/2022;11;0,11;R
ES0000000000006410CCPF;18/10/2022;12;0,075;R
ES0000000000006410CCPF;18/10/2022;13;0,068;R
ES0000000000006410CCPF;18/10/2022;14;0,275;R
ES0000000000006410CCPF;18/10/2022;15;0,265;R
ES0000000000006410CCPF;18/10/2022;16;0,099;R
ES0000000000006410CCPF;18/10/2022;17;0,088;R
ES0000000000006410CCPF;18/10/2022;18;0,083;R
ES0000000000006410CCPF;18/10/2022;19;0,09;R
ES0000000000006410CCPF;18/10/2022;20;0,06;R
ES0000000000006410CCPF;18/10/2022;21;0,106;R
ES0000000000006410CCPF;18/10/2022;22;0,296;R
ES0000000000006410CCPF;18/10/2022;23;0,256;R
ES0000000000006410CCPF;19/10/2022;0;0,21;R
ES0000000000006410CCPF;19/10/2022;1;0,19;R
ES0000000000006410CCPF;19/10/2022;2;0,112;R
ES0000000000006410CCPF;19/10/2022;3;0,064;R
ES0000000000006410CCPF;19/10/2022;4;0,069;R
ES0000000000006410CCPF;19/10/2022;5;0,069;R
ES0000000000006410CCPF;19/10/2022;6;0,079;R
ES0000000000006410CCPF;19/10/2022;7;0,07;R
ES0000000000006410CCPF;19/10/2022;8;0,067;R
ES0000000000006410CCPF;19/10/2022;9;0,066;R
ES0000000000006410CCPF;19/10/2022;10;0,095;R
ES0000000000006410CCPF;19/10/2022;11;0,195;R
ES0000000000006410CCPF;19/10/2022;12;0,246;R
ES0000000000006410CCPF;19/10/2022;13;0,069;R
ES0000000000006410CCPF;19/10/2022;14;0,065;R
ES0000000000006410CCPF;19/10/2022;15;0,068;R
ES0000000000006410CCPF;19/10/2022;16;0,117;R
ES0000000000006410CCPF;19/10/2022;17;0,074;R
ES0000000000006410CCPF;19/10/2022;18;0,064;R
ES0000000000006410CCPF;19/10/2022;19;0,065;R
ES0000000000006410CCPF;19/10/2022;20;0,127;R
ES0000000000006410CCPF;19/10/2022;21;0,251;R
ES0000000000006410CCPF;19/10/2022;22;0,21;R
ES0000000000006410CCPF;19/10/2022;23;0,205;R
ES0000000000006410CCPF;20/10/2022;0;0,189;R
ES0000000000006410CCPF;20/10/2022;1;0,179;R
ES0000000000006410CCPF;20/10/2022;2;0,182;R
ES0000000000006410CCPF;20/10/2022;3;0,125;R
ES0000000000006410CCPF;20/10/2022;4;0,08;R
ES0000000000006410CCPF;20/10/2022;5;0,067;R
ES0000000000006410CCPF;20/10/2022;6;0,06;R
ES0000000000006410CCPF;20/10/2022;7;0,068;R
ES0000000000006410CCPF;20/10/2022;8;0,08;R
ES0000000000006410CCPF;20/10/2022;9;0,117;R
ES0000000000006410CCPF;20/10/2022;10;0,171;R
ES0000000000006410CCPF;20/10/2022;11;0,069;R
ES0000000000006410CCPF;20/10/2022;12;0,064;R
ES0000000000006410CCPF;20/10/2022;13;0,067;R
ES0000000000006410CCPF;20/10/2022;14;0,066;R
ES0000000000006410CCPF;20/10/2022;15;0,192;R
ES0000000000006410CCPF;20/10/2022;16;0,222;R
ES0000000000006410CCPF;20/10/2022;17;0,197;R
ES0000000000006410CCPF;20/10/2022;18;0,168;R
ES0000000000006410CCPF;20/10/2022;19;0,173;R
ES0000000000006410CCPF;20/10/2022;20;0,176;R
ES0000000000006410CCPF;20/10/2022;21;0,167;R
ES0000000000006410CCPF;20/10/2022;22;0,19;R
ES0000000000006410CCPF;20/10/2022;23;0,219;R
ES0000000000006410CCPF;21/10/2022;0;0,169;R
ES0000000000006410CCPF;21/10/2022;1;0,069;R
ES0000000000006410CCPF;21/10/2022;2;0,066;R
ES0000000000006410CCPF;21/10/2022;3;0,068;R
ES0000000000006410CCPF;21/10/2022;4;0,077;R
ES0000000000006410CCPF;21/10/2022;5;0,072;R
ES0000000000006410CCPF;21/10/2022;6;0,064;R
ES0000000000006410CCPF;21/10/2022;7;0,075;R
ES0000000000006410CCPF;21/10/2022;8;0,072;R
ES0000000000006410CCPF;21/10/2022;9;0,064;R
ES0000000000006410CCPF;21/10/2022;10;0,066;R
ES0000000000006410CCPF;21/10/2022;11;0,077;R
ES0000000000006410CCPF;21/10/2022;12;0,13;R
ES0000000000006410CCPF;21/10/2022;13;0,061;R
ES0000000000006410CCPF;21/10/2022;14;0,402;R
ES0000000000006410CCPF;21/10/2022;15;0,24;R
ES0000000000006410CCPF;21/10/2022;16;0,116;R
ES0000000000006410CCPF;21/10/2022;17;0,073;R
ES0000000000006410CCPF;21/10/2022;18;0,083;R
ES0000000000006410CCPF;21/10/2022;19;0,074;R
ES0000000000006410CCPF;21/10/2022;20;0,145;R
ES0000000000006410CCPF;21/10/2022;21;0,141;R
ES0000000000006410CCPF;21/10/2022;22;0,172;R
ES0000000000006410CCPF;21/10/2022;23;0,217;R
ES0000000000006410CCPF;22/10/2022;0;0,339;R
ES0000000000006410CCPF;22/10/2022;1;0,207;R
ES0000000000006410CCPF;22/10/2022;2;0,082;R
ES0000000000006410CCPF;22/10/2022;3;0,083;R
ES0000000000006410CCPF;22/10/2022;4;0,071;R
ES0000000000006410CCPF;22/10/2022;5;0,062;R
ES0000000000006410CCPF;22/10/2022;6;0,067;R
ES0000000000006410CCPF;22/10/2022;7;0,074;R
ES0000000000006410CCPF;22/10/2022;8;0,075;R
ES0000000000006410CCPF;22/10/2022;9;0,064;R
ES0000000000006410CCPF;22/10/2022;10;0,152;R
ES0000000000006410CCPF;22/10/2022;11;0,067;R
ES0000000000006410CCPF;22/10/2022;12;0,065;R
ES0000000000006410CCPF;22/10/2022;13;0,061;R
ES0000000000006410CCPF;22/10/2022;14;0,198;R
ES0000000000006410CCPF;22/10/2022;15;0,416;R
ES0000000000006410CCPF;22/10/2022;16;0,232;R
ES0000000000006410CCPF;22/10/2022;17;0,211;R
ES0000000000006410CCPF;22/10/2022;18;0,176;R
ES0000000000006410CCPF;22/10/2022;19;0,521;R
ES0000000000006410CCPF;22/10/2022;20;0,852;R
ES0000000000006410CCPF;22/10/2022;21;0,412;R
ES0000000000006410CCPF;22/10/2022;22;0,212;R
ES0000000000006410CCPF;22/10/2022;23;0,205;R
ES0000000000006410CCPF;23/10/2022;0;0,176;R
ES0000000000006410CCPF;23/10/2022;1;0,099;R
ES0000000000006410CCPF;23/10/2022;2;0,07;R
ES0000000000006410CCPF;23/10/2022;3;0,074;R
ES0000000000006410CCPF;23/10/2022;4;0,066;R
ES0000000000006410CCPF;23/10/2022;5;0,066;R
ES0000000000006410CCPF;23/10/2022;6;0,072;R
ES0000000000006410CCPF;23/10/2022;7;0,072;R
ES0000000000006410CCPF;23/10/2022;8;0,076;R
ES0000000000006410CCPF;23/10/2022;9;0,084;R
ES0000000000006410CCPF;23/10/2022;10;0,15;R
ES0000000000006410CCPF;23/10/2022;11;0,06;R
ES0000000000006410CCPF;23/10/2022;12;0,073;R
ES0000000000006410CCPF;23/10/2022;13;0,072;R
ES0000000000006410CCPF;23/10/2022;14;0,095;R
ES0000000000006410CCPF;23/10/2022;15;0,181;R
ES0000000000006410CCPF;23/10/2022;16;0,181;R
ES0000000000006410CCPF;23/10/2022;17;0,171;R
ES0000000000006410CCPF;23/10/2022;18;0,164;R
ES0000000000006410CCPF;23/10/2022;19;0,177;R
ES0000000000006410CCPF;23/10/2022;20;0,202;R
ES0000000000006410CCPF;23/10/2022;21;0,227;R
ES0000000000006410CCPF;23/10/2022;22;0,28;R
ES0000000000006410CCPF;23/10/2022;23;0,177;R
ES0000000000006410CCPF;24/10/2022;0;0,139;R
ES0000000000006410CCPF;24/10/2022;1;0,079;R
ES0000000000006410CCPF;24/10/2022;2;0,066;R
ES0000000000006410CCPF;24/10/2022;3;0,075;R
ES0000000000006410CCPF;24/10/2022;4;0,073;R
ES0000000000006410CCPF;24/10/2022;5;0,069;R
ES0000000000006410CCPF;24/10/2022;6;0,063;R
ES0000000000006410CCPF;24/10/2022;7;0,062;R
ES0000000000006410CCPF;24/10/2022;8;0,092;R
ES0000000000006410CCPF;24/10/2022;9;0,087;R
ES0000000000006410CCPF;24/10/2022;10;0,121;R
ES0000000000006410CCPF;24/10/2022;11;0,116;R
ES0000000000006410CCPF;24/10/2022;12;0,116;R
ES0000000000006410CCPF;24/10/2022;13;0,115;R
ES0000000000006410CCPF;24/10/2022;14;0,146;R
ES0000000000006410CCPF;24/10/2022;15;0,083;R
ES0000000000006410CCPF;24/10/2022;16;0,06;R
ES0000000000006410CCPF;24/10/2022;17;0,061;R
ES0000000000006410CCPF;24/10/2022;18;0,066;R
ES0000000000006410CCPF;24/10/2022;19;0,071;R
ES0000000000006410CCPF;24/10/2022;20;0,11;R
ES0000000000006410CCPF;24/10/2022;21;0,18;R
ES0000000000006410CCPF;24/10/2022;22;0,173;R
ES0000000000006410CCPF;24/10/2022;23;0,191;R
ES0000000000006410CCPF;25/10/2022;0;0,169;R
ES0000000000006410CCPF;25/10/2022;1;0,182;R
ES0000000000006410CCPF;25/10/2022;2;0,179;R
ES0000000000006410CCPF;25/10/2022;3;0,069;R
ES0000000000006410CCPF;25/10/2022;4;0,067;R
ES0000000000006410CCPF;25/10/2022;5;0,066;R
ES0000000000006410CCPF;25/10/2022;6;0,068;R
ES0000000000006410CCPF;25/10/2022;7;0,067;R
ES0000000000006410CCPF;25/10/2022;8;0,066;R
ES0000000000006410CCPF;25/10/2022;9;0,061;R
ES0000000000006410CCPF;25/10/2022;10;0,072;R
ES0000000000006410CCPF;25/10/2022;11;0,136;R
ES0000000000006410CCPF;25/10/2022;12;0,106;R
ES0000000000006410CCPF;25/10/2022;13;0,112;R
ES0000000000006410CCPF;25/10/2022;14;0,068;R
ES0000000000006410CCPF;25/10/2022;15;0,071;R
ES0000000000006410CCPF;25/10/2022;16;0,086;R
ES0000000000006410CCPF;25/10/2022;17;0,136;R
ES0000000000006410CCPF;25/10/2022;18;0,096;R
ES0000000000006410CCPF;25/10/2022;19;0,064;R
ES0000000000006410CCPF;25/10/2022;20;0,078;R
ES0000000000006410CCPF;25/10/2022;21;0,179;R
ES0000000000006410CCPF;25/10/2022;22;0,184;R
ES0000000000006410CCPF;25/10/2022;23;0,185;R
ES0000000000006410CCPF;26/10/2022;0;0,179;R
ES0000000000006410CCPF;26/10/2022;1;0,172;R
ES0000000000006410CCPF;26/10/2022;2;0,182;R
ES0000000000006410CCPF;26/10/2022;3;0,113;R
ES0000000000006410CCPF;26/10/2022;4;0,066;R
ES0000000000006410CCPF;26/10/2022;5;0,068;R
ES0000000000006410CCPF;26/10/2022;6;0,067;R
ES0000000000006410CCPF;26/10/2022;7;0,06;R
ES0000000000006410CCPF;26/10/2022;8;0,06;R
ES0000000000006410CCPF;26/10/2022;9;0,073;R
ES0000000000006410CCPF;26/10/2022;10;0,075;R
ES0000000000006410CCPF;26/10/2022;11;0,137;R
ES0000000000006410CCPF;26/10/2022;12;0,097;R
ES0000000000006410CCPF;26/10/2022;13;0,07;R
ES0000000000006410CCPF;26/10/2022;14;0,063;R
ES0000000000006410CCPF;26/10/2022;15;0,072;R
ES0000000000006410CCPF;26/10/2022;16;0,122;R
ES0000000000006410CCPF;26/10/2022;17;0,085;R
ES0000000000006410CCPF;26/10/2022;18;0,084;R
ES0000000000006410CCPF;26/10/2022;19;0,072;R
ES0000000000006410CCPF;26/10/2022;20;0,07;R
ES0000000000006410CCPF;26/10/2022;21;0,122;R
ES0000000000006410CCPF;26/10/2022;22;0,181;R
ES0000000000006410CCPF;26/10/2022;23;0,1;R
ES0000000000006410CCPF;27/10/2022;0;0,089;R
ES0000000000006410CCPF;27/10/2022;1;0,085;R
ES0000000000006410CCPF;27/10/2022;2;0,083;R
ES0000000000006410CCPF;27/10/2022;3;0,08;R
ES0000000000006410CCPF;27/10/2022;4;0,077;R
ES0000000000006410CCPF;27/10/2022;5;0,06;R
ES0000000000006410CCPF;27/10/2022;6;0,068;R
ES0000000000006410CCPF;27/10/2022;7;0,068;R
ES0000000000006410CCPF;27/10/2022;8;0,072;R
ES0000000000006410CCPF;27/10/2022;9;0,1;R
ES0000000000006410CCPF;27/10/2022;10;0,138;R
ES0000000000006410CCPF;27/10/2022;11;0,065;R
ES0000000000006410CCPF;27/10/2022;12;0,06;R
ES0000000000006410CCPF;27/10/2022;13;0,064;R
ES0000000000006410CCPF;27/10/2022;14;0,071;R
ES0000000000006410CCPF;27/10/2022;15;0,116;R
ES0000000000006410CCPF;27/10/2022;16;0,157;R
ES0000000000006410CCPF;27/10/2022;17;0,183;R
ES0000000000006410CCPF;27/10/2022;18;0,184;R
ES0000000000006410CCPF;27/10/2022;19;0,174;R
ES0000000000006410CCPF;27/10/2022;20;0,203;R
ES0000000000006410CCPF;27/10/2022;21;0,224;R
ES0000000000006410CCPF;27/10/2022;22;0,263;R
ES0000000000006410CCPF;27/10/2022;23;0,242;R
ES0000000000006410CCPF;28/10/2022;0;0,275;R
ES0000000000006410CCPF;28/10/2022;1;0,183;R
ES0000000000006410CCPF;28/10/2022;2;0,177;R
ES0000000000006410CCPF;28/10/2022;3;0,093;R
ES0000000000006410CCPF;28/10/2022;4;0,08;R
ES0000000000006410CCPF;28/10/2022;5;0,118;R
ES0000000000006410CCPF;28/10/2022;6;0,069;R
ES0000000000006410CCPF;28/10/2022;7;0,073;R
ES0000000000006410CCPF;28/10/2022;8;0,074;R
ES0000000000006410CCPF;28/10/2022;9;0,061;R
ES0000000000006410CCPF;28/10/2022;10;0,063;R
ES0000000000006410CCPF;28/10/2022;11;0,13;R
ES0000000000006410CCPF;28/10/2022;12;0,074;R
ES0000000000006410CCPF;28/10/2022;13;0,271;R
ES0000000000006410CCPF;28/10/2022;14;0,783;R
ES0000000000006410CCPF;28/10/2022;15;0,317;R
ES0000000000006410CCPF;28/10/2022;16;0,448;R
ES0000000000006410CCPF;28/10/2022;17;0,111;R
ES0000000000006410CCPF;28/10/2022;18;0,098;R
ES0000000000006410CCPF;28/10/2022;19;0,248;R
ES0000000000006410CCPF;28/10/2022;20;0,271;R
ES0000000000006410CCPF;28/10/2022;21;0,257;R
ES0000000000006410CCPF;28/10/2022;22;0,229;R
ES0000000000006410CCPF;28/10/2022;23;0,196;R
ES0000000000006410CCPF;29/10/2022;0;0,174;R
ES0000000000006410CCPF;29/10/2022;1;0,167;R
ES0000000000006410CCPF;29/10/2022;2;0,085;R
ES0000000000006410CCPF;29/10/2022;3;0,084;R
ES0000000000006410CCPF;29/10/2022;4;0,085;R
ES0000000000006410CCPF;29/10/2022;5;0,083;R
ES0000000000006410CCPF;29/10/2022;6;0,108;R
ES0000000000006410CCPF;29/10/2022;7;0,079;R
ES0000000000006410CCPF;29/10/2022;8;0,074;R
ES0000000000006410CCPF;29/10/2022;9;0,08;R
ES0000000000006410CCPF;29/10/2022;10;0,063;R
ES0000000000006410CCPF;29/10/2022;11;0,065;R
ES0000000000006410CCPF;29/10/2022;12;0,163;R
ES0000000000006410CCPF;29/10/2022;13;0,104;R
ES0000000000006410CCPF;29/10/2022;14;0,081;R
ES0000000000006410CCPF;29/10/2022;15;0,081;R
ES0000000000006410CCPF;29/10/2022;16;0,283;R
ES0000000000006410CCPF;29/10/2022;17;0,102;R
ES0000000000006410CCPF;29/10/2022;18;0,073;R
ES0000000000006410CCPF;29/10/2022;19;0,288;R
ES0000000000006410CCPF;29/10/2022;20;0,11;R
ES0000000000006410CCPF;29/10/2022;21;0,132;R
ES0000000000006410CCPF;29/10/2022;22;0,269;R
ES0000000000006410CCPF;29/10/2022;23;0,675;R
ES0000000000006410CCPF;30/10/2022;0;0,208;R
ES0000000000006410CCPF;30/10/2022;1;0,337;R
ES0000000000006410CCPF;30/10/2022;2;0,207;R
ES0000000000006410CCPF;30/10/2022;2;0,104;R
ES0000000000006410CCPF;30/10/2022;3;0,065;R
ES0000000000006410CCPF;30/10/2022;4;0,077;R
ES0000000000006410CCPF;30/10/2022;5;0,12;R
ES0000000000006410CCPF;30/10/2022;6;0,082;R
ES0000000000006410CCPF;30/10/2022;7;0,07;R
ES0000000000006410CCPF;30/10/2022;8;0,072;R
ES0000000000006410CCPF;30/10/2022;9;0,062;R
ES0000000000006410CCPF;30/10/2022;10;0,12;R
ES0000000000006410CCPF;30/10/2022;11;0,168;R
ES0000000000006410CCPF;30/10/2022;12;0,274;R
ES0000000000006410CCPF;30/10/2022;13;0,068;R
ES0000000000006410CCPF;30/10/2022;14;0,069;R
ES0000000000006410CCPF;30/10/2022;15;0,185;R
ES0000000000006410CCPF;30/10/2022;16;0,096;R
ES0000000000006410CCPF;30/10/2022;17;0,882;R
ES0000000000006410CCPF;30/10/2022;18;0,204;R
ES0000000000006410CCPF;30/10/2022;19;0,069;R
ES0000000000006410CCPF;30/10/2022;20;0,067;R
ES0000000000006410CCPF;30/10/2022;21;0,078;R
ES0000000000006410CCPF;30/10/2022;22;0,1;R
ES0000000000006410CCPF;30/10/2022;23;0,894;R
ES0000000000006410CCPF;31/10/2022;0;0,462;R
ES0000000000006410CCPF;31/10/2022;1;0,143;R
ES0000000000006410CCPF;31/10/2022;2;0,067;R
ES0000000000006410CCPF;31/10/2022;3;0,067;R
ES0000000000006410CCPF;31/10/2022;4;0,075;R
ES0000000000006410CCPF;31/10/2022;5;0,074;R
ES0000000000006410CCPF;31/10/2022;6;0,061;R
ES0000000000006410CCPF;31/10/2022;7;0,074;R
ES0000000000006410CCPF;31/10/2022;8;0,068;R
ES0000000000006410CCPF;31/10/2022;9;0,064;R
ES0000000000006410CCPF;31/10/2022;10;0,061;R
ES0000000000006410CCPF;31/10/2022;11;0,416;R
ES0000000000006410CCPF;31/10/2022;12;0,865;R
ES0000000000006410CCPF;31/10/2022;13;0,253;R
ES0000000000006410CCPF;31/10/2022;14;0,071;R
ES0000000000006410CCPF;31/10/2022;15;0,09;R
ES0000000000006410CCPF;31/10/2022;16;0,182;R
ES0000000000006410CCPF;31/10/2022;17;0,228;R
ES0000000000006410CCPF;31/10/2022;18;0,126;R
ES0000000000006410CCPF;31/10/2022;19;0,082;R
ES0000000000006410CCPF;31/10/2022;20;0,071;R
ES0000000000006410CCPF;31/10/2022;21;0,189;R
ES0000000000006410CCPF;31/10/2022;22;0,183;R
ES0000000000006410CCPF;31/10/2022;23;0,188;R
ES0000000000006410CCPF;01/11/2022;0;0,176;R
ES0000000000006410CCPF;01/11/2022;1;0,088;R
ES0000000000006410CCPF;01/11/2022;2;0,065;R
ES0000000000006410CCPF;01/11/2022;3;0,071;R
ES0000000000006410CCPF;01/11/2022;4;0,071;R
ES0000000000006410CCPF;01/11/2022;5;0,068;R
ES0000000000006410CCPF;01/11/2022;6;0,063;R
ES0000000000006410CCPF;01/11/2022;7;0,065;R
ES0000000000006410CCPF;01/11/2022;8;0,065;R
ES0000000000006410CCPF;01/11/2022;9;0,082;R
ES0000000000006410CCPF;01/11/2022;10;0,071;R
ES0000000000006410CCPF;01/11/2022;11;0,147;R
ES0000000000006410CCPF;01/11/2022;12;0,092;R
ES0000000000006410CCPF;01/11/2022;13;0,062;R
ES0000000000006410CCPF;01/11/2022;14;0,069;R
ES0000000000006410CCPF;01/11/2022;15;0,307;R
ES0000000000006410CCPF;01/11/2022;16;0,097;R
ES0000000000006410CCPF;01/11/2022;17;0,087;R
ES0000000000006410CCPF;01/11/2022;18;0,127;R
ES0000000000006410CCPF;01/11/2022;19;0,154;R
ES0000000000006410CCPF;01/11/2022;20;0,159;R
ES0000000000006410CCPF;01/11/2022;21;0,386;R
ES0000000000006410CCPF;01/11/2022;22;0,485;R
ES0000000000006410CCPF;01/11/2022;23;0,244;R
ES0000000000006410CCPF;02/11/2022;0;0,205;R
ES0000000000006410CCPF;02/11/2022;1;0,194;R
ES0000000000006410CCPF;02/11/2022;2;0,087;R
ES0000000000006410CCPF;02/11/2022;3;0,059;R
ES0000000000006410CCPF;02/11/2022;4;0,059;R
ES0000000000006410CCPF;02/11/2022;5;0,066;R
ES0000000000006410CCPF;02/11/2022;6;0,069;R
ES0000000000006410CCPF;02/11/2022;7;0,068;R
ES0000000000006410CCPF;02/11/2022;8;0,06;R
ES0000000000006410CCPF;02/11/2022;9;0,065;R
ES0000000000006410CCPF;02/11/2022;10;0,154;R
ES0000000000006410CCPF;02/11/2022;11;0,087;R
ES0000000000006410CCPF;02/11/2022;12;0,126;R
ES0000000000006410CCPF;02/11/2022;13;0,085;R
ES0000000000006410CCPF;02/11/2022;14;0,405;R
ES0000000000006410CCPF;02/11/2022;15;0,55;R
ES0000000000006410CCPF;02/11/2022;16;0,191;R
ES0000000000006410CCPF;02/11/2022;17;0,096;R
ES0000000000006410CCPF;02/11/2022;18;0,084;R
ES0000000000006410CCPF;02/11/2022;19;0,106;R
ES0000000000006410CCPF;02/11/2022;20;0,311;R
ES0000000000006410CCPF;02/11/2022;21;0,22;R
ES0000000000006410CCPF;02/11/2022;22;0,337;R
ES0000000000006410CCPF;02/11/2022;23;0,224;R
ES0000000000006410CCPF;03/11/2022;0;0,163;R
ES0000000000006410CCPF;03/11/2022;1;0,088;R
ES0000000000006410CCPF;03/11/2022;2;0,081;R
ES0000000000006410CCPF;03/11/2022;3;0,062;R
ES0000000000006410CCPF;03/11/2022;4;0,068;R
ES0000000000006410CCPF;03/11/2022;5;0,077;R
ES0000000000006410CCPF;03/11/2022;6;0,059;R
ES0000000000006410CCPF;03/11/2022;7;0,065;R
ES0000000000006410CCPF;03/11/2022;8;0,177;R
ES0000000000006410CCPF;03/11/2022;9;0,162;R
ES0000000000006410CCPF;03/11/2022;10;0,154;R
ES0000000000006410CCPF;03/11/2022;11;0,933;R
ES0000000000006410CCPF;03/11/2022;12;0,245;R
ES0000000000006410CCPF;03/11/2022;13;0,079;R
ES0000000000006410CCPF;03/11/2022;14;0,149;R
ES0000000000006410CCPF;03/11/2022;15;0,222;R
ES0000000000006410CCPF;03/11/2022;16;0,986;R
ES0000000000006410CCPF;03/11/2022;17;0,761;R
ES0000000000006410CCPF;03/11/2022;18;0,096;R
ES0000000000006410CCPF;03/11/2022;19;0,075;R
ES0000000000006410CCPF;03/11/2022;20;0,216;R
ES0000000000006410CCPF;03/11/2022;21;0,256;R
ES0000000000006410CCPF;03/11/2022;22;0,387;R
ES0000000000006410CCPF;03/11/2022;23;0,459;R
ES0000000000006410CCPF;04/11/2022;0;0,222;R
ES0000000000006410CCPF;04/11/2022;1;0,143;R
ES0000000000006410CCPF;04/11/2022;2;0,103;R
ES0000000000006410CCPF;04/11/2022;3;0,104;R
ES0000000000006410CCPF;04/11/2022;4;0,107;R
ES0000000000006410CCPF;04/11/2022;5;0,143;R
ES0000000000006410CCPF;04/11/2022;6;0,111;R
ES0000000000006410CCPF;04/11/2022;7;0,106;R
ES0000000000006410CCPF;04/11/2022;8;0,088;R
ES0000000000006410CCPF;04/11/2022;9;0,1;R
ES0000000000006410CCPF;04/11/2022;10;0,091;R
ES0000000000006410CCPF;04/11/2022;11;0,177;R
ES0000000000006410CCPF;04/11/2022;12;0,171;R
ES0000000000006410CCPF;04/11/2022;13;0,097;R
ES0000000000006410CCPF;04/11/2022;14;0,417;R
ES0000000000006410CCPF;04/11/2022;15;0,554;R
ES0000000000006410CCPF;04/11/2022;16;0,138;R
ES0000000000006410CCPF;04/11/2022;17;0,147;R
ES0000000000006410CCPF;04/11/2022;18;0,081;R
ES0000000000006410CCPF;04/11/2022;19;0,075;R
ES0000000000006410CCPF;04/11/2022;20;0,058;R
ES0000000000006410CCPF;04/11/2022;21;0,076;R
ES0000000000006410CCPF;04/11/2022;22;0,066;R
ES0000000000006410CCPF;04/11/2022;23;0,161;R
ES0000000000006410CCPF;05/11/2022;0;0,204;R
ES0000000000006410CCPF;05/11/2022;1;0,11;R
ES0000000000006410CCPF;05/11/2022;2;0,077;R
ES0000000000006410CCPF;05/11/2022;3;0,071;R
ES0000000000006410CCPF;05/11/2022;4;0,081;R
ES0000000000006410CCPF;05/11/2022;5;0,062;R
ES0000000000006410CCPF;05/11/2022;6;0,128;R
ES0000000000006410CCPF;05/11/2022;7;0,079;R
ES0000000000006410CCPF;05/11/2022;8;0,067;R
ES0000000000006410CCPF;05/11/2022;9;0,213;R
ES0000000000006410CCPF;05/11/2022;10;0,373;R
ES0000000000006410CCPF;05/11/2022;11;0,373;R
ES0000000000006410CCPF;05/11/2022;12;0,345;R
ES0000000000006410CCPF;05/11/2022;13;0,108;R
ES0000000000006410CCPF;05/11/2022;14;0,083;R
ES0000000000006410CCPF;05/11/2022;15;0,068;R
ES0000000000006410CCPF;05/11/2022;16;0,069;R
ES0000000000006410CCPF;05/11/2022;17;0,068;R
ES0000000000006410CCPF;05/11/2022;18;0,213;R
ES0000000000006410CCPF;05/11/2022;19;0,543;R
ES0000000000006410CCPF;05/11/2022;20;0,075;R
ES0000000000006410CCPF;05/11/2022;21;0,182;R
ES0000000000006410CCPF;05/11/2022;22;0,222;R
ES0000000000006410CCPF;05/11/2022;23;0,556;R
ES0000000000006410CCPF;06/11/2022;0;0,682;R
ES0000000000006410CCPF;06/11/2022;1;0,164;R
ES0000000000006410CCPF;06/11/2022;2;0,098;R
ES0000000000006410CCPF;06/11/2022;3;0,072;R
ES0000000000006410CCPF;06/11/2022;4;0,06;R
ES0000000000006410CCPF;06/11/2022;5;0,066;R
ES0000000000006410CCPF;06/11/2022;6;0,07;R
ES0000000000006410CCPF;06/11/2022;7;0,071;R
ES0000000000006410CCPF;06/11/2022;8;0,077;R
ES0000000000006410CCPF;06/11/2022;9;0,165;R
ES0000000000006410CCPF;06/11/2022;10;0,086;R
ES0000000000006410CCPF;06/11/2022;11;0,091;R
ES0000000000006410CCPF;06/11/2022;12;0,116;R
ES0000000000006410CCPF;06/11/2022;13;0,087;R
ES0000000000006410CCPF;06/11/2022;14;0,065;R
ES0000000000006410CCPF;06/11/2022;15;0,073;R
ES0000000000006410CCPF;06/11/2022;16;0,069;R
ES0000000000006410CCPF;06/11/2022;17;0,161;R
ES0000000000006410CCPF;06/11/2022;18;0,105;R
ES0000000000006410CCPF;06/11/2022;19;0,188;R
ES0000000000006410CCPF;06/11/2022;20;0,343;R
ES0000000000006410CCPF;06/11/2022;21;0,4;R
ES0000000000006410CCPF;06/11/2022;22;0,508;R
ES0000000000006410CCPF;06/11/2022;23;1,082;R
ES0000000000006410CCPF;07/11/2022;0;0,487;R
ES0000000000006410CCPF;07/11/2022;1;0,102;R
ES0000000000006410CCPF;07/11/2022;2;0,07;R
ES0000000000006410CCPF;07/11/2022;3;0,048;R
ES0000000000006410CCPF;07/11/2022;4;0,048;R
ES0000000000006410CCPF;07/11/2022;5;0,047;R
ES0000000000006410CCPF;07/11/2022;6;0,047;R
ES0000000000006410CCPF;07/11/2022;7;0,047;R
ES0000000000006410CCPF;07/11/2022;8;0,071;R
ES0000000000006410CCPF;07/11/2022;9;0,136;R
ES0000000000006410CCPF;07/11/2022;10;0,139;R
ES0000000000006410CCPF;07/11/2022;11;0,126;R
ES0000000000006410CCPF;07/11/2022;12;0,225;R
ES0000000000006410CCPF;07/11/2022;13;0,077;R
ES0000000000006410CCPF;07/11/2022;14;0,214;R
ES0000000000006410CCPF;07/11/2022;15;0,681;R
ES0000000000006410CCPF;07/11/2022;16;0,204;R
ES0000000000006410CCPF;07/11/2022;17;0,086;R
ES0000000000006410CCPF;07/11/2022;18;0,089;R
ES0000000000006410CCPF;07/11/2022;19;0,09;R
ES0000000000006410CCPF;07/11/2022;20;0,091;R
ES0000000000006410CCPF;07/11/2022;21;0,128;R
ES0000000000006410CCPF;07/11/2022;22;0,578;R
ES0000000000006410CCPF;07/11/2022;23;1,898;R
ES0000000000006410CCPF;08/11/2022;0;1,217;R
ES0000000000006410CCPF;08/11/2022;1;0,16;R
ES0000000000006410CCPF;08/11/2022;2;0,117;R
ES0000000000006410CCPF;08/11/2022;3;0,11;R
ES0000000000006410CCPF;08/11/2022;4;0,093;R
ES0000000000006410CCPF;08/11/2022;5;0,091;R
ES0000000000006410CCPF;08/11/2022;6;0,102;R
ES0000000000006410CCPF;08/11/2022;7;0,119;R
ES0000000000006410CCPF;08/11/2022;8;0,133;R
ES0000000000006410CCPF;08/11/2022;9;0,207;R
ES0000000000006410CCPF;08/11/2022;10;0,093;R
ES0000000000006410CCPF;08/11/2022;11;0,088;R
ES0000000000006410CCPF;08/11/2022;12;0,076;R
ES0000000000006410CCPF;08/11/2022;13;0,094;R
ES0000000000006410CCPF;08/11/2022;14;0,198;R
ES0000000000006410CCPF;08/11/2022;15;1,716;R
ES0000000000006410CCPF;08/11/2022;16;0,369;R
ES0000000000006410CCPF;08/11/2022;17;0,351;R
ES0000000000006410CCPF;08/11/2022;18;0,586;R
ES0000000000006410CCPF;08/11/2022;19;0,146;R
ES0000000000006410CCPF;08/11/2022;20;0,208;R
ES0000000000006410CCPF;08/11/2022;21;0,099;R
ES0000000000006410CCPF;08/11/2022;22;0,156;R
ES0000000000006410CCPF;08/11/2022;23;0,451;R
ES0000000000006410CCPF;09/11/2022;0;0,33;R
ES0000000000006410CCPF;09/11/2022;1;0,21;R
ES0000000000006410CCPF;09/11/2022;2;0,073;R
ES0000000000006410CCPF;09/11/2022;3;0,075;R
ES0000000000006410CCPF;09/11/2022;4;0,059;R
ES0000000000006410CCPF;09/11/2022;5;0,062;R
ES0000000000006410CCPF;09/11/2022;6;0,076;R
ES0000000000006410CCPF;09/11/2022;7;0,057;R
ES0000000000006410CCPF;09/11/2022;8;0,405;R
ES0000000000006410CCPF;09/11/2022;9;0,121;R
ES0000000000006410CCPF;09/11/2022;10;0,076;R
ES0000000000006410CCPF;09/11/2022;11;0,106;R
ES0000000000006410CCPF;09/11/2022;12;0,06;R
ES0000000000006410CCPF;09/11/2022;13;0,124;R
ES0000000000006410CCPF;09/11/2022;14;0,152;R
ES0000000000006410CCPF;09/11/2022;15;0,057;R
ES0000000000006410CCPF;09/11/2022;16;0,098;R
ES0000000000006410CCPF;09/11/2022;17;0,058;R
ES0000000000006410CCPF;09/11/2022;18;0,066;R
ES0000000000006410CCPF;09/11/2022;19;0,122;R
ES0000000000006410CCPF;09/11/2022;20;0,092;R
ES0000000000006410CCPF;09/11/2022;21;0,192;R
ES0000000000006410CCPF;09/11/2022;22;0,179;R
ES0000000000006410CCPF;09/11/2022;23;0,191;R
ES0000000000006410CCPF;10/11/2022;0;0,596;R
ES0000000000006410CCPF;10/11/2022;1;0,599;R
ES0000000000006410CCPF;10/11/2022;2;0,153;R
ES0000000000006410CCPF;10/11/2022;3;0,086;R
ES0000000000006410CCPF;10/11/2022;4;0,099;R
ES0000000000006410CCPF;10/11/2022;5;0,08;R
ES0000000000006410CCPF;10/11/2022;6;0,072;R
ES0000000000006410CCPF;10/11/2022;7;0,067;R
ES0000000000006410CCPF;10/11/2022;8;0,058;R
ES0000000000006410CCPF;10/11/2022;9;0,086;R
ES0000000000006410CCPF;10/11/2022;10;0,073;R
ES0000000000006410CCPF;10/11/2022;11;0,148;R
ES0000000000006410CCPF;10/11/2022;12;0,209;R
ES0000000000006410CCPF;10/11/2022;13;0,206;R
ES0000000000006410CCPF;10/11/2022;14;0,085;R
ES0000000000006410CCPF;10/11/2022;15;0,111;R
ES0000000000006410CCPF;10/11/2022;16;0,171;R
ES0000000000006410CCPF;10/11/2022;17;0,08;R
ES0000000000006410CCPF;10/11/2022;18;0,064;R
ES0000000000006410CCPF;10/11/2022;19;0,074;R
ES0000000000006410CCPF;10/11/2022;20;0,183;R
ES0000000000006410CCPF;10/11/2022;21;0,262;R
ES0000000000006410CCPF;10/11/2022;22;0,643;R
ES0000000000006410CCPF;10/11/2022;23;0,213;R
ES0000000000006410CCPF;11/11/2022;0;0,126;R
ES0000000000006410CCPF;11/11/2022;1;0,108;R
ES0000000000006410CCPF;11/11/2022;2;0,096;R
ES0000000000006410CCPF;11/11/2022;3;0,086;R
ES0000000000006410CCPF;11/11/2022;4;0,091;R
ES0000000000006410CCPF;11/11/2022;5;0,159;R
ES0000000000006410CCPF;11/11/2022;6;0,143;R
ES0000000000006410CCPF;11/11/2022;7;0,243;R
ES0000000000006410CCPF;11/11/2022;8;0,079;R
ES0000000000006410CCPF;11/11/2022;9;0,087;R
ES0000000000006410CCPF;11/11/2022;10;0,084;R
ES0000000000006410CCPF;11/11/2022;11;0,126;R
ES0000000000006410CCPF;11/11/2022;12;0,172;R
ES0000000000006410CCPF;11/11/2022;13;0,155;R
ES0000000000006410CCPF;11/11/2022;14;0,119;R
ES0000000000006410CCPF;11/11/2022;15;0,076;R
ES0000000000006410CCPF;11/11/2022;16;0,074;R
ES0000000000006410CCPF;11/11/2022;17;0,144;R
ES0000000000006410CCPF;11/11/2022;18;0,078;R
ES0000000000006410CCPF;11/11/2022;19;0,078;R
ES0000000000006410CCPF;11/11/2022;20;0,144;R
ES0000000000006410CCPF;11/11/2022;21;0,085;R
ES0000000000006410CCPF;11/11/2022;22;0,245;R
ES0000000000006410CCPF;11/11/2022;23;0,141;R
ES0000000000006410CCPF;12/11/2022;0;0,086;R
ES0000000000006410CCPF;12/11/2022;1;0,081;R
ES0000000000006410CCPF;12/11/2022;2;0,116;R
ES0000000000006410CCPF;12/11/2022;3;0,135;R
ES0000000000006410CCPF;12/11/2022;4;0,063;R
ES0000000000006410CCPF;12/11/2022;5;0,069;R
ES0000000000006410CCPF;12/11/2022;6;0,07;R
ES0000000000006410CCPF;12/11/2022;7;0,06;R
ES0000000000006410CCPF;12/11/2022;8;0,061;R
ES0000000000006410CCPF;12/11/2022;9;0,083;R
ES0000000000006410CCPF;12/11/2022;10;0,1;R
ES0000000000006410CCPF;12/11/2022;11;0,165;R
ES0000000000006410CCPF;12/11/2022;12;0,724;R
ES0000000000006410CCPF;12/11/2022;13;0,116;R
ES0000000000006410CCPF;12/11/2022;14;0,068;R
ES0000000000006410CCPF;12/11/2022;15;0,162;R
ES0000000000006410CCPF;12/11/2022;16;0,086;R
ES0000000000006410CCPF;12/11/2022;17;0,063;R
ES0000000000006410CCPF;12/11/2022;18;0,063;R
ES0000000000006410CCPF;12/11/2022;19;0,063;R
ES0000000000006410CCPF;12/11/2022;20;0,067;R
ES0000000000006410CCPF;12/11/2022;21;0,063;R
ES0000000000006410CCPF;12/11/2022;22;0,061;R
ES0000000000006410CCPF;12/11/2022;23;0,078;R
ES0000000000006410CCPF;13/11/2022;0;0,093;R
ES0000000000006410CCPF;13/11/2022;1;0,062;R
ES0000000000006410CCPF;13/11/2022;2;0,069;R
ES0000000000006410CCPF;13/11/2022;3;0,067;R
ES0000000000006410CCPF;13/11/2022;4;0,053;R
ES0000000000006410CCPF;13/11/2022;5;0,066;R
ES0000000000006410CCPF;13/11/2022;6;0,075;R
ES0000000000006410CCPF;13/11/2022;7;0,104;R
ES0000000000006410CCPF;13/11/2022;8;0,063;R
ES0000000000006410CCPF;13/11/2022;9;0,063;R
ES0000000000006410CCPF;13/11/2022;10;0,059;R
ES0000000000006410CCPF;13/11/2022;11;0,112;R
ES0000000000006410CCPF;13/11/2022;12;0,087;R
ES0000000000006410CCPF;13/11/2022;13;0,064;R
ES0000000000006410CCPF;13/11/2022;14;0,066;R
ES0000000000006410CCPF;13/11/2022;15;0,062;R
ES0000000000006410CCPF;13/11/2022;16;0,231;R
ES0000000000006410CCPF;13/11/2022;17;0,248;R
ES0000000000006410CCPF;13/11/2022;18;0,139;R
ES0000000000006410CCPF;13/11/2022;19;1,001;R
ES0000000000006410CCPF;13/11/2022;20;0,356;R
ES0000000000006410CCPF;13/11/2022;21;0,304;R
ES0000000000006410CCPF;13/11/2022;22;0,111;R
ES0000000000006410CCPF;13/11/2022;23;0,067;R
ES0000000000006410CCPF;14/11/2022;0;0,069;R
ES0000000000006410CCPF;14/11/2022;1;0,065;R
ES0000000000006410CCPF;14/11/2022;2;0,084;R
ES0000000000006410CCPF;14/11/2022;3;0,06;R
ES0000000000006410CCPF;14/11/2022;4;0,075;R
ES0000000000006410CCPF;14/11/2022;5;0,051;R
ES0000000000006410CCPF;14/11/2022;6;0,067;R
ES0000000000006410CCPF;14/11/2022;7;0,068;R
ES0000000000006410CCPF;14/11/2022;8;0,078;R
ES0000000000006410CCPF;14/11/2022;9;0,214;R
ES0000000000006410CCPF;14/11/2022;10;0,261;R
ES0000000000006410CCPF;14/11/2022;11;0,184;R
ES0000000000006410CCPF;14/11/2022;12;0,127;R
ES0000000000006410CCPF;14/11/2022;13;0,069;R
ES0000000000006410CCPF;14/11/2022;14;0,113;R
ES0000000000006410CCPF;14/11/2022;15;0,051;R
ES0000000000006410CCPF;14/11/2022;16;0,282;R
ES0000000000006410CCPF;14/11/2022;17;0,218;R
ES0000000000006410CCPF;14/11/2022;18;0,258;R
ES0000000000006410CCPF;14/11/2022;19;0,295;R
ES0000000000006410CCPF;14/11/2022;20;0,203;R
ES0000000000006410CCPF;14/11/2022;21;0,145;R
ES0000000000006410CCPF;14/11/2022;22;0,136;R
ES0000000000006410CCPF;14/11/2022;23;0,333;R
ES0000000000006410CCPF;15/11/2022;0;0,153;R
ES0000000000006410CCPF;15/11/2022;1;0,059;R
ES0000000000006410CCPF;15/11/2022;2;0,063;R
ES0000000000006410CCPF;15/11/2022;3;0,069;R
ES0000000000006410CCPF;15/11/2022;4;0,067;R
ES0000000000006410CCPF;15/11/2022;5;0,095;R
ES0000000000006410CCPF;15/11/2022;6;0,081;R
ES0000000000006410CCPF;15/11/2022;7;0,059;R
ES0000000000006410CCPF;15/11/2022;8;0,174;R
ES0000000000006410CCPF;15/11/2022;9;0,194;R
ES0000000000006410CCPF;15/11/2022;10;0,168;R
ES0000000000006410CCPF;15/11/2022;11;0,24;R
ES0000000000006410CCPF;15/11/2022;12;0,132;R
ES0000000000006410CCPF;15/11/2022;13;0,215;R
ES0000000000006410CCPF;15/11/2022;14;0,129;R
ES0000000000006410CCPF;15/11/2022;15;0,38;R
ES0000000000006410CCPF;15/11/2022;16;0,235;R
ES0000000000006410CCPF;15/11/2022;17;0,232;R
ES0000000000006410CCPF;15/11/2022;18;0,176;R
ES0000000000006410CCPF;15/11/2022;19;0,117;R
ES0000000000006410CCPF;15/11/2022;20;0,307;R
ES0000000000006410CCPF;15/11/2022;21;0,254;R
ES0000000000006410CCPF;15/11/2022;22;0,288;R
ES0000000000006410CCPF;15/11/2022;23;0,35;R
ES0000000000006410CCPF;16/11/2022;0;0,468;R
ES0000000000006410CCPF;16/11/2022;1;0,293;R
ES0000000000006410CCPF;16/11/2022;2;0,15;R
ES0000000000006410CCPF;16/11/2022;3;0,079;R
ES0000000000006410CCPF;16/11/2022;4;0,053;R
ES0000000000006410CCPF;16/11/2022;5;0,069;R
ES0000000000006410CCPF;16/11/2022;6;0,072;R
ES0000000000006410CCPF;16/11/2022;7;0,07;R
ES0000000000006410CCPF;16/11/2022;8;0,183;R
ES0000000000006410CCPF;16/11/2022;9;0,138;R
ES0000000000006410CCPF;16/11/2022;10;0,114;R
ES0000000000006410CCPF;16/11/2022;11;0,193;R
ES0000000000006410CCPF;16/11/2022;12;0,21;R
ES0000000000006410CCPF;16/11/2022;13;0,46;R
ES0000000000006410CCPF;16/11/2022;14;1,243;R
ES0000000000006410CCPF;16/11/2022;15;0,154;R
ES0000000000006410CCPF;16/11/2022;16;0,316;R
ES0000000000006410CCPF;16/11/2022;17;0,177;R
ES0000000000006410CCPF;16/11/2022;18;0,179;R
ES0000000000006410CCPF;16/11/2022;19;0,291;R
ES0000000000006410CCPF;16/11/2022;20;0,176;R
ES0000000000006410CCPF;16/11/2022;21;0,343;R
ES0000000000006410CCPF;16/11/2022;22;0,396;R
ES0000000000006410CCPF;16/11/2022;23;0,183;R
ES0000000000006410CCPF;17/11/2022;0;0,114;R
ES0000000000006410CCPF;17/11/2022;1;0,093;R
ES0000000000006410CCPF;17/11/2022;2;0,09;R
ES0000000000006410CCPF;17/11/2022;3;0,074;R
ES0000000000006410CCPF;17/11/2022;4;0,091;R
ES0000000000006410CCPF;17/11/2022;5;0,086;R
ES0000000000006410CCPF;17/11/2022;6;0,091;R
ES0000000000006410CCPF;17/11/2022;7;0,064;R
ES0000000000006410CCPF;17/11/2022;8;0,177;R
ES0000000000006410CCPF;17/11/2022;9;0,323;R
ES0000000000006410CCPF;17/11/2022;10;0,09;R
ES0000000000006410CCPF;17/11/2022;11;0,057;R
ES0000000000006410CCPF;17/11/2022;12;0,066;R
ES0000000000006410CCPF;17/11/2022;13;0,062;R
ES0000000000006410CCPF;17/11/2022;14;0,059;R
ES0000000000006410CCPF;17/11/2022;15;0,062;R
ES0000000000006410CCPF;17/11/2022;16;0,06;R
ES0000000000006410CCPF;17/11/2022;17;0,063;R
ES0000000000006410CCPF;17/11/2022;18;0,336;R
ES0000000000006410CCPF;17/11/2022;19;0,227;R
ES0000000000006410CCPF;17/11/2022;20;0,277;R
ES0000000000006410CCPF;17/11/2022;21;0,322;R
ES0000000000006410CCPF;17/11/2022;22;0,574;R
ES0000000000006410CCPF;17/11/2022;23;0,132;R
ES0000000000006410CCPF;18/11/2022;0;0,094;R
ES0000000000006410CCPF;18/11/2022;1;0,084;R
ES0000000000006410CCPF;18/11/2022;2;0,079;R
ES0000000000006410CCPF;18/11/2022;3;0,078;R
ES0000000000006410CCPF;18/11/2022;4;0,067;R
ES0000000000006410CCPF;18/11/2022;5;0,087;R
ES0000000000006410CCPF;18/11/2022;6;0,079;R
ES0000000000006410CCPF;18/11/2022;7;0,057;R
ES0000000000006410CCPF;18/11/2022;8;0,077;R
ES0000000000006410CCPF;18/11/2022;9;0,204;R
ES0000000000006410CCPF;18/11/2022;10;0,248;R
ES0000000000006410CCPF;18/11/2022;11;0,455;R
ES0000000000006410CCPF;18/11/2022;12;0,381;R
ES0000000000006410CCPF;18/11/2022;13;0,105;R
ES0000000000006410CCPF;18/11/2022;14;0,089;R
ES0000000000006410CCPF;18/11/2022;15;0,58;R
ES0000000000006410CCPF;18/11/2022;16;0,155;R
ES0000000000006410CCPF;18/11/2022;17;0,17;R
ES0000000000006410CCPF;18/11/2022;18;0,247;R
ES0000000000006410CCPF;18/11/2022;19;0,189;R
ES0000000000006410CCPF;18/11/2022;20;0,43;R
ES0000000000006410CCPF;18/11/2022;21;0,241;R
ES0000000000006410CCPF;18/11/2022;22;0,376;R
ES0000000000006410CCPF;18/11/2022;23;0,187;R
ES0000000000006410CCPF;19/11/2022;0;0,073;R
ES0000000000006410CCPF;19/11/2022;1;0,07;R
ES0000000000006410CCPF;19/11/2022;2;0,071;R
ES0000000000006410CCPF;19/11/2022;3;0,061;R
ES0000000000006410CCPF;19/11/2022;4;0,064;R
ES0000000000006410CCPF;19/11/2022;5;0,071;R
ES0000000000006410CCPF;19/11/2022;6;0,085;R
ES0000000000006410CCPF;19/11/2022;7;0,061;R
ES0000000000006410CCPF;19/11/2022;8;0,064;R
ES0000000000006410CCPF;19/11/2022;9;0,079;R
ES0000000000006410CCPF;19/11/2022;10;1,497;R
ES0000000000006410CCPF;19/11/2022;11;0,366;R
ES0000000000006410CCPF;19/11/2022;12;1,334;R
ES0000000000006410CCPF;19/11/2022;13;0,118;R
ES0000000000006410CCPF;19/11/2022;14;0,066;R
ES0000000000006410CCPF;19/11/2022;15;0,396;R
ES0000000000006410CCPF;19/11/2022;16;0,352;R
ES0000000000006410CCPF;19/11/2022;17;0,446;R
ES0000000000006410CCPF;19/11/2022;18;0,339;R
ES0000000000006410CCPF;19/11/2022;19;0,354;R
ES0000000000006410CCPF;19/11/2022;20;0,317;R
ES0000000000006410CCPF;19/11/2022;21;0,645;R
ES0000000000006410CCPF;19/11/2022;22;0,868;R
ES0000000000006410CCPF;19/11/2022;23;0,76;R
ES0000000000006410CCPF;20/11/2022;0;0,333;R
ES0000000000006410CCPF;20/11/2022;1;0,209;R
ES0000000000006410CCPF;20/11/2022;2;0,089;R
ES0000000000006410CCPF;20/11/2022;3;0,064;R
ES0000000000006410CCPF;20/11/2022;4;0,134;R
ES0000000000006410CCPF;20/11/2022;5;0,096;R
ES0000000000006410CCPF;20/11/2022;6;0,082;R
ES0000000000006410CCPF;20/11/2022;7;0,077;R
ES0000000000006410CCPF;20/11/2022;8;0,109;R
ES0000000000006410CCPF;20/11/2022;9;0,063;R
ES0000000000006410CCPF;20/11/2022;10;0,226;R
ES0000000000006410CCPF;20/11/2022;11;0,151;R
ES0000000000006410CCPF;20/11/2022;12;0,175;R
ES0000000000006410CCPF;20/11/2022;13;0,801;R
ES0000000000006410CCPF;20/11/2022;14;1,147;R
ES0000000000006410CCPF;20/11/2022;15;0,267;R
ES0000000000006410CCPF;20/11/2022;16;0,21;R
ES0000000000006410CCPF;20/11/2022;17;0,172;R
ES0000000000006410CCPF;20/11/2022;18;0,267;R
ES0000000000006410CCPF;20/11/2022;19;0,576;R
ES0000000000006410CCPF;20/11/2022;20;0,433;R
ES0000000000006410CCPF;20/11/2022;21;0,338;R
ES0000000000006410CCPF;20/11/2022;22;0,612;R
ES0000000000006410CCPF;20/11/2022;23;0,143;R
ES0000000000006410CCPF;21/11/2022;0;0,083;R
ES0000000000006410CCPF;21/11/2022;1;0,08;R
ES0000000000006410CCPF;21/11/2022;2;0,079;R
ES0000000000006410CCPF;21/11/2022;3;0,059;R
ES0000000000006410CCPF;21/11/2022;4;0,08;R
ES0000000000006410CCPF;21/11/2022;5;0,054;R
ES0000000000006410CCPF;21/11/2022;6;0,074;R
ES0000000000006410CCPF;21/11/2022;7;0,065;R
ES0000000000006410CCPF;21/11/2022;8;0,144;R
ES0000000000006410CCPF;21/11/2022;9;0,087;R
ES0000000000006410CCPF;21/11/2022;10;0,157;R
ES0000000000006410CCPF;21/11/2022;11;0,177;R
ES0000000000006410CCPF;21/11/2022;12;0,198;R
ES0000000000006410CCPF;21/11/2022;13;0,449;R
ES0000000000006410CCPF;21/11/2022;14;0,442;R
ES0000000000006410CCPF;21/11/2022;15;0,212;R
ES0000000000006410CCPF;21/11/2022;16;0,211;R
ES0000000000006410CCPF;21/11/2022;17;0,194;R
ES0000000000006410CCPF;21/11/2022;18;0,134;R
ES0000000000006410CCPF;21/11/2022;19;0,076;R
ES0000000000006410CCPF;21/11/2022;20;0,16;R
ES0000000000006410CCPF;21/11/2022;21;0,962;R
ES0000000000006410CCPF;21/11/2022;22;0,343;R
ES0000000000006410CCPF;21/11/2022;23;0,72;R
ES0000000000006410CCPF;22/11/2022;0;0,238;R
ES0000000000006410CCPF;22/11/2022;1;0,096;R
ES0000000000006410CCPF;22/11/2022;2;0,104;R
ES0000000000006410CCPF;22/11/2022;3;0,115;R
ES0000000000006410CCPF;22/11/2022;4;0,066;R
ES0000000000006410CCPF;22/11/2022;5;0,076;R
ES0000000000006410CCPF;22/11/2022;6;0,079;R
ES0000000000006410CCPF;22/11/2022;7;0,079;R
ES0000000000006410CCPF;22/11/2022;8;0,076;R
ES0000000000006410CCPF;22/11/2022;9;0,075;R
ES0000000000006410CCPF;22/11/2022;10;0,157;R
ES0000000000006410CCPF;22/11/2022;11;0,107;R
ES0000000000006410CCPF;22/11/2022;12;0,129;R
ES0000000000006410CCPF;22/11/2022;13;0,897;R
ES0000000000006410CCPF;22/11/2022;14;0,418;R
ES0000000000006410CCPF;22/11/2022;15;0,3;R
ES0000000000006410CCPF;22/11/2022;16;0,359;R
ES0000000000006410CCPF;22/11/2022;17;0,201;R
ES0000000000006410CCPF;22/11/2022;18;0,239;R
ES0000000000006410CCPF;22/11/2022;19;0,34;R
ES0000000000006410CCPF;22/11/2022;20;0,321;R
ES0000000000006410CCPF;22/11/2022;21;0,256;R
ES0000000000006410CCPF;22/11/2022;22;0,339;R
ES0000000000006410CCPF;22/11/2022;23;0,307;R
ES0000000000006410CCPF;23/11/2022;0;0,225;R
ES0000000000006410CCPF;23/11/2022;1;0,086;R
ES0000000000006410CCPF;23/11/2022;2;0,085;R
ES0000000000006410CCPF;23/11/2022;3;0,079;R
ES0000000000006410CCPF;23/11/2022;4;0,08;R
ES0000000000006410CCPF;23/11/2022;5;0,082;R
ES0000000000006410CCPF;23/11/2022;6;0,07;R
ES0000000000006410CCPF;23/11/2022;7;0,744;R
ES0000000000006410CCPF;23/11/2022;8;0,462;R
ES0000000000006410CCPF;23/11/2022;9;0,208;R
ES0000000000006410CCPF;23/11/2022;10;0,127;R
ES0000000000006410CCPF;23/11/2022;11;0,055;R
ES0000000000006410CCPF;23/11/2022;12;0,066;R
ES0000000000006410CCPF;23/11/2022;13;0,064;R
ES0000000000006410CCPF;23/11/2022;14;0,055;R
ES0000000000006410CCPF;23/11/2022;15;0,371;R
ES0000000000006410CCPF;23/11/2022;16;0,229;R
ES0000000000006410CCPF;23/11/2022;17;0,195;R
ES0000000000006410CCPF;23/11/2022;18;0,232;R
ES0000000000006410CCPF;23/11/2022;19;0,309;R
ES0000000000006410CCPF;23/11/2022;20;0,214;R
ES0000000000006410CCPF;23/11/2022;21;0,268;R
ES0000000000006410CCPF;23/11/2022;22;0,273;R
ES0000000000006410CCPF;23/11/2022;23;1,052;R
ES0000000000006410CCPF;24/11/2022;0;0,176;R
ES0000000000006410CCPF;24/11/2022;1;0,081;R
ES0000000000006410CCPF;24/11/2022;2;0,08;R
ES0000000000006410CCPF;24/11/2022;3;0,061;R
ES0000000000006410CCPF;24/11/2022;4;0,059;R
ES0000000000006410CCPF;24/11/2022;5;0,064;R
ES0000000000006410CCPF;24/11/2022;6;0,072;R
ES0000000000006410CCPF;24/11/2022;7;0,072;R
ES0000000000006410CCPF;24/11/2022;8;0,068;R
ES0000000000006410CCPF;24/11/2022;9;0,26;R
ES0000000000006410CCPF;24/11/2022;10;0,089;R
ES0000000000006410CCPF;24/11/2022;11;0,286;R
ES0000000000006410CCPF;24/11/2022;12;0,486;R
ES0000000000006410CCPF;24/11/2022;13;1,148;R
ES0000000000006410CCPF;24/11/2022;14;0,149;R
ES0000000000006410CCPF;24/11/2022;15;0,232;R
ES0000000000006410CCPF;24/11/2022;16;0,286;R
ES0000000000006410CCPF;24/11/2022;17;0,203;R
ES0000000000006410CCPF;24/11/2022;18;0,177;R
ES0000000000006410CCPF;24/11/2022;19;0,199;R
ES0000000000006410CCPF;24/11/2022;20;0,069;R
ES0000000000006410CCPF;24/11/2022;21;0,141;R
ES0000000000006410CCPF;24/11/2022;22;0,255;R
ES0000000000006410CCPF;24/11/2022;23;0,78;R
ES0000000000006410CCPF;25/11/2022;0;0,173;R
ES0000000000006410CCPF;25/11/2022;1;0,106;R
ES0000000000006410CCPF;25/11/2022;2;0,089;R
ES0000000000006410CCPF;25/11/2022;3;0,086;R
ES0000000000006410CCPF;25/11/2022;4;0,128;R
ES0000000000006410CCPF;25/11/2022;5;0,114;R
ES0000000000006410CCPF;25/11/2022;6;0,09;R
ES0000000000006410CCPF;25/11/2022;7;0,079;R
ES0000000000006410CCPF;25/11/2022;8;0,091;R
ES0000000000006410CCPF;25/11/2022;9;0,081;R
ES0000000000006410CCPF;25/11/2022;10;0,201;R
ES0000000000006410CCPF;25/11/2022;11;0,118;R
ES0000000000006410CCPF;25/11/2022;12;0,239;R
ES0000000000006410CCPF;25/11/2022;13;0,154;R
ES0000000000006410CCPF;25/11/2022;14;0,67;R
ES0000000000006410CCPF;25/11/2022;15;0,433;R
ES0000000000006410CCPF;25/11/2022;16;0,27;R
ES0000000000006410CCPF;25/11/2022;17;0,21;R
ES0000000000006410CCPF;25/11/2022;18;0,251;R
ES0000000000006410CCPF;25/11/2022;19;0,306;R
ES0000000000006410CCPF;25/11/2022;20;0,238;R
ES0000000000006410CCPF;25/11/2022;21;0,268;R
ES0000000000006410CCPF;25/11/2022;22;0,58;R
ES0000000000006410CCPF;25/11/2022;23;0,304;R
ES0000000000006410CCPF;26/11/2022;0;0,245;R
ES0000000000006410CCPF;26/11/2022;1;0,118;R
ES0000000000006410CCPF;26/11/2022;2;0,093;R
ES0000000000006410CCPF;26/11/2022;3;0,089;R
ES0000000000006410CCPF;26/11/2022;4;0,085;R
ES0000000000006410CCPF;26/11/2022;5;0,081;R
ES0000000000006410CCPF;26/11/2022;6;0,148;R
ES0000000000006410CCPF;26/11/2022;7;0,098;R
ES0000000000006410CCPF;26/11/2022;8;0,095;R
ES0000000000006410CCPF;26/11/2022;9;0,086;R
ES0000000000006410CCPF;26/11/2022;10;0,097;R
ES0000000000006410CCPF;26/11/2022;11;0,242;R
ES0000000000006410CCPF;26/11/2022;12;0,65;R
ES0000000000006410CCPF;26/11/2022;13;0,936;R
ES0000000000006410CCPF;26/11/2022;14;0,216;R
ES0000000000006410CCPF;26/11/2022;15;0,068;R
ES0000000000006410CCPF;26/11/2022;16;0,093;R
ES0000000000006410CCPF;26/11/2022;17;0,072;R
ES0000000000006410CCPF;26/11/2022;18;0,052;R
ES0000000000006410CCPF;26/11/2022;19;0,067;R
ES0000000000006410CCPF;26/11/2022;20;0,136;R
ES0000000000006410CCPF;26/11/2022;21;0,797;R
ES0000000000006410CCPF;26/11/2022;22;0,301;R
ES0000000000006410CCPF;26/11/2022;23;0,279;R
ES0000000000006410CCPF;27/11/2022;0;0,252;R
ES0000000000006410CCPF;27/11/2022;1;0,301;R
ES0000000000006410CCPF;27/11/2022;2;0,244;R
ES0000000000006410CCPF;27/11/2022;3;0,088;R
ES0000000000006410CCPF;27/11/2022;4;0,079;R
ES0000000000006410CCPF;27/11/2022;5;0,071;R
ES0000000000006410CCPF;27/11/2022;6;0,069;R
ES0000000000006410CCPF;27/11/2022;7;0,057;R
ES0000000000006410CCPF;27/11/2022;8;0,078;R
ES0000000000006410CCPF;27/11/2022;9;0,079;R
ES0000000000006410CCPF;27/11/2022;10;0,121;R
ES0000000000006410CCPF;27/11/2022;11;0,138;R
ES0000000000006410CCPF;27/11/2022;12;0,147;R
ES0000000000006410CCPF;27/11/2022;13;1,588;R
ES0000000000006410CCPF;27/11/2022;14;0,624;R
ES0000000000006410CCPF;27/11/2022;15;0,719;R
ES0000000000006410CCPF;27/11/2022;16;0,255;R
ES0000000000006410CCPF;27/11/2022;17;0,169;R
ES0000000000006410CCPF;27/11/2022;18;0,207;R
ES0000000000006410CCPF;27/11/2022;19;0,182;R
ES0000000000006410CCPF;27/11/2022;20;0,797;R
ES0000000000006410CCPF;27/11/2022;21;0,71;R
ES0000000000006410CCPF;27/11/2022;22;0,682;R
ES0000000000006410CCPF;27/11/2022;23;1,174;R
ES0000000000006410CCPF;28/11/2022;0;0,274;R
ES0000000000006410CCPF;28/11/2022;1;0,13;R
ES0000000000006410CCPF;28/11/2022;2;0,09;R
ES0000000000006410CCPF;28/11/2022;3;0,067;R
ES0000000000006410CCPF;28/11/2022;4;0,067;R
ES0000000000006410CCPF;28/11/2022;5;0,07;R
ES0000000000006410CCPF;28/11/2022;6;0,055;R
ES0000000000006410CCPF;28/11/2022;7;0,065;R
ES0000000000006410CCPF;28/11/2022;8;0,086;R
ES0000000000006410CCPF;28/11/2022;9;0,076;R
ES0000000000006410CCPF;28/11/2022;10;0,276;R
ES0000000000006410CCPF;28/11/2022;11;0,115;R
ES0000000000006410CCPF;28/11/2022;12;0,093;R
ES0000000000006410CCPF;28/11/2022;13;0,089;R
ES0000000000006410CCPF;28/11/2022;14;0,449;R
ES0000000000006410CCPF;28/11/2022;15;0,16;R
ES0000000000006410CCPF;28/11/2022;16;0,202;R
ES0000000000006410CCPF;28/11/2022;17;0,221;R
ES0000000000006410CCPF;28/11/2022;18;0,263;R
ES0000000000006410CCPF;28/11/2022;19;0,257;R
ES0000000000006410CCPF;28/11/2022;20;0,291;R
ES0000000000006410CCPF;28/11/2022;21;1,594;R
ES0000000000006410CCPF;28/11/2022;22;1,376;R
ES0000000000006410CCPF;28/11/2022;23;0,291;R
ES0000000000006410CCPF;29/11/2022;0;0,226;R
ES0000000000006410CCPF;29/11/2022;1;0,102;R
ES0000000000006410CCPF;29/11/2022;2;0,096;R
ES0000000000006410CCPF;29/11/2022;3;0,096;R
ES0000000000006410CCPF;29/11/2022;4;0,13;R
ES0000000000006410CCPF;29/11/2022;5;0,086;R
ES0000000000006410CCPF;29/11/2022;6;0,092;R
ES0000000000006410CCPF;29/11/2022;7;0,069;R
ES0000000000006410CCPF;29/11/2022;8;0,087;R
ES0000000000006410CCPF;29/11/2022;9;0,164;R
ES0000000000006410CCPF;29/11/2022;10;0,34;R
ES0000000000006410CCPF;29/11/2022;11;0,096;R
ES0000000000006410CCPF;29/11/2022;12;0,093;R
ES0000000000006410CCPF;29/11/2022;13;0,089;R
ES0000000000006410CCPF;29/11/2022;14;0,082;R
ES0000000000006410CCPF;29/11/2022;15;0,075;R
ES0000000000006410CCPF;29/11/2022;16;0,086;R
ES0000000000006410CCPF;29/11/2022;17;0,159;R
ES0000000000006410CCPF;29/11/2022;18;0,218;R
ES0000000000006410CCPF;29/11/2022;19;0,195;R
ES0000000000006410CCPF;29/11/2022;20;0,156;R
ES0000000000006410CCPF;29/11/2022;21;0,201;R
ES0000000000006410CCPF;29/11/2022;22;0,25;R
ES0000000000006410CCPF;29/11/2022;23;0,289;R
ES0000000000006410CCPF;30/11/2022;0;0,154;R
ES0000000000006410CCPF;30/11/2022;1;0,111;R
ES0000000000006410CCPF;30/11/2022;2;0,092;R
ES0000000000006410CCPF;30/11/2022;3;0,091;R
ES0000000000006410CCPF;30/11/2022;4;0,083;R
ES0000000000006410CCPF;30/11/2022;5;0,084;R
ES0000000000006410CCPF;30/11/2022;6;0,091;R
ES0000000000006410CCPF;30/11/2022;7;0,069;R
ES0000000000006410CCPF;30/11/2022;8;0,089;R
ES0000000000006410CCPF;30/11/2022;9;0,086;R
ES0000000000006410CCPF;30/11/2022;10;0,08;R
ES0000000000006410CCPF;30/11/2022;11;0,346;R
ES0000000000006410CCPF;30/11/2022;12;0,233;R
ES0000000000006410CCPF;30/11/2022;13;0,087;R
ES0000000000006410CCPF;30/11/2022;14;0,109;R
ES0000000000006410CCPF;30/11/2022;15;0,096;R
ES0000000000006410CCPF;30/11/2022;16;0,083;R
ES0000000000006410CCPF;30/11/2022;17;0,088;R
ES0000000000006410CCPF;30/11/2022;18;0,164;R
ES0000000000006410CCPF;30/11/2022;19;0,097;R
ES0000000000006410CCPF;30/11/2022;20;0,124;R
ES0000000000006410CCPF;30/11/2022;21;0,164;R
ES0000000000006410CCPF;30/11/2022;22;0,206;R
ES0000000000006410CCPF;30/11/2022;23;0,44;R
ES0000000000006410CCPF;01/12/2022;0;0,104;R
ES0000000000006410CCPF;01/12/2022;1;0,096;R
ES0000000000006410CCPF;01/12/2022;2;0,09;R
ES0000000000006410CCPF;01/12/2022;3;0,083;R
ES0000000000006410CCPF;01/12/2022;4;0,095;R
ES0000000000006410CCPF;01/12/2022;5;0,088;R
ES0000000000006410CCPF;01/12/2022;6;0,084;R
ES0000000000006410CCPF;01/12/2022;7;0,102;R
ES0000000000006410CCPF;01/12/2022;8;0,433;R
ES0000000000006410CCPF;01/12/2022;9;0,086;R
ES0000000000006410CCPF;01/12/2022;10;0,119;R
ES0000000000006410CCPF;01/12/2022;11;0,092;R
ES0000000000006410CCPF;01/12/2022;12;0,667;R
ES0000000000006410CCPF;01/12/2022;13;0,229;R
ES0000000000006410CCPF;01/12/2022;14;0,215;R
ES0000000000006410CCPF;01/12/2022;15;0,392;R
ES0000000000006410CCPF;01/12/2022;16;0,19;R
ES0000000000006410CCPF;01/12/2022;17;0,14;R
ES0000000000006410CCPF;01/12/2022;18;0,141;R
ES0000000000006410CCPF;01/12/2022;19;0,655;R
ES0000000000006410CCPF;01/12/2022;20;1,148;R
ES0000000000006410CCPF;01/12/2022;21;0,35;R
ES0000000000006410CCPF;01/12/2022;22;0,327;R
ES0000000000006410CCPF;01/12/2022;23;0,298;R
ES0000000000006410CCPF;02/12/2022;0;0,183;R
ES0000000000006410CCPF;02/12/2022;1;0,071;R
ES0000000000006410CCPF;02/12/2022;2;0,072;R
ES0000000000006410CCPF;02/12/2022;3;0,055;R
ES0000000000006410CCPF;02/12/2022;4;0,08;R
ES0000000000006410CCPF;02/12/2022;5;0,052;R
ES0000000000006410CCPF;02/12/2022;6;0,066;R
ES0000000000006410CCPF;02/12/2022;7;0,07;R
ES0000000000006410CCPF;02/12/2022;8;0,065;R
ES0000000000006410CCPF;02/12/2022;9;0,077;R
ES0000000000006410CCPF;02/12/2022;10;0,101;R
ES0000000000006410CCPF;02/12/2022;11;0,166;R
ES0000000000006410CCPF;02/12/2022;12;0,238;R
ES0000000000006410CCPF;02/12/2022;13;0,179;R
ES0000000000006410CCPF;02/12/2022;14;0,159;R
ES0000000000006410CCPF;02/12/2022;15;0,637;R
ES0000000000006410CCPF;02/12/2022;16;0,233;R
ES0000000000006410CCPF;02/12/2022;17;0,206;R
ES0000000000006410CCPF;02/12/2022;18;0,23;R
ES0000000000006410CCPF;02/12/2022;19;0,295;R
ES0000000000006410CCPF;02/12/2022;20;0,277;R
ES0000000000006410CCPF;02/12/2022;21;0,253;R
ES0000000000006410CCPF;02/12/2022;22;0,216;R
ES0000000000006410CCPF;02/12/2022;23;0,35;R
ES0000000000006410CCPF;03/12/2022;0;0,091;R
ES0000000000006410CCPF;03/12/2022;1;0,07;R
ES0000000000006410CCPF;03/12/2022;2;0,061;R
ES0000000000006410CCPF;03/12/2022;3;0,06;R
ES0000000000006410CCPF;03/12/2022;4;0,068;R
ES0000000000006410CCPF;03/12/2022;5;0,069;R
ES0000000000006410CCPF;03/12/2022;6;0,069;R
ES0000000000006410CCPF;03/12/2022;7;0,058;R
ES0000000000006410CCPF;03/12/2022;8;0,068;R
ES0000000000006410CCPF;03/12/2022;9;0,07;R
ES0000000000006410CCPF;03/12/2022;10;0,065;R
ES0000000000006410CCPF;03/12/2022;11;0,094;R
ES0000000000006410CCPF;03/12/2022;12;1,426;R
ES0000000000006410CCPF;03/12/2022;13;0,318;R
ES0000000000006410CCPF;03/12/2022;14;0,501;R
ES0000000000006410CCPF;03/12/2022;15;0,534;R
ES0000000000006410CCPF;03/12/2022;16;0,367;R
ES0000000000006410CCPF;03/12/2022;17;0,444;R
ES0000000000006410CCPF;03/12/2022;18;0,26;R
ES0000000000006410CCPF;03/12/2022;19;0,321;R
ES0000000000006410CCPF;03/12/2022;20;0,294;R
ES0000000000006410CCPF;03/12/2022;21;0,215;R
ES0000000000006410CCPF;03/12/2022;22;0,27;R
ES0000000000006410CCPF;03/12/2022;23;0,702;R
ES0000000000006410CCPF;04/12/2022;0;0,967;R
ES0000000000006410CCPF;04/12/2022;1;0,251;R
ES0000000000006410CCPF;04/12/2022;2;0,089;R
ES0000000000006410CCPF;04/12/2022;3;0,081;R
ES0000000000006410CCPF;04/12/2022;4;0,08;R
ES0000000000006410CCPF;04/12/2022;5;0,063;R
ES0000000000006410CCPF;04/12/2022;6;0,063;R
ES0000000000006410CCPF;04/12/2022;7;0,072;R
ES0000000000006410CCPF;04/12/2022;8;0,074;R
ES0000000000006410CCPF;04/12/2022;9;0,064;R
ES0000000000006410CCPF;04/12/2022;10;0,074;R
ES0000000000006410CCPF;04/12/2022;11;0,433;R
ES0000000000006410CCPF;04/12/2022;12;0,357;R
ES0000000000006410CCPF;04/12/2022;13;1,098;R
ES0000000000006410CCPF;04/12/2022;14;1,229;R
ES0000000000006410CCPF;04/12/2022;15;1,734;R
ES0000000000006410CCPF;04/12/2022;16;0,192;R
ES0000000000006410CCPF;04/12/2022;17;0,869;R
ES0000000000006410CCPF;04/12/2022;18;0,215;R
ES0000000000006410CCPF;04/12/2022;19;0,279;R
ES0000000000006410CCPF;04/12/2022;20;0,379;R
ES0000000000006410CCPF;04/12/2022;21;0,415;R
ES0000000000006410CCPF;04/12/2022;22;0,352;R
ES0000000000006410CCPF;04/12/2022;23;0,248;R
ES0000000000006410CCPF;05/12/2022;0;0,219;R
ES0000000000006410CCPF;05/12/2022;1;0,157;R
ES0000000000006410CCPF;05/12/2022;2;0,082;R
ES0000000000006410CCPF;05/12/2022;3;0,066;R
ES0000000000006410CCPF;05/12/2022;4;0,069;R
ES0000000000006410CCPF;05/12/2022;5;0,069;R
ES0000000000006410CCPF;05/12/2022;6;0,063;R
ES0000000000006410CCPF;05/12/2022;7;0,062;R
ES0000000000006410CCPF;05/12/2022;8;0,07;R
ES0000000000006410CCPF;05/12/2022;9;0,118;R
ES0000000000006410CCPF;05/12/2022;10;0,089;R
ES0000000000006410CCPF;05/12/2022;11;0,093;R
ES0000000000006410CCPF;05/12/2022;12;0,298;R
ES0000000000006410CCPF;05/12/2022;13;0,198;R
ES0000000000006410CCPF;05/12/2022;14;0,127;R
ES0000000000006410CCPF;05/12/2022;15;0,183;R
ES0000000000006410CCPF;05/12/2022;16;0,094;R
ES0000000000006410CCPF;05/12/2022;17;0,113;R
ES0000000000006410CCPF;05/12/2022;18;0,105;R
ES0000000000006410CCPF;05/12/2022;19;0,115;R
ES0000000000006410CCPF;05/12/2022;20;0,106;R
ES0000000000006410CCPF;05/12/2022;21;0,141;R
ES0000000000006410CCPF;05/12/2022;22;0,108;R
ES0000000000006410CCPF;05/12/2022;23;1,4;R
ES0000000000006410CCPF;06/12/2022;0;0,355;R
ES0000000000006410CCPF;06/12/2022;1;0,14;R
ES0000000000006410CCPF;06/12/2022;2;0,09;R
ES0000000000006410CCPF;06/12/2022;3;0,08;R
ES0000000000006410CCPF;06/12/2022;4;0,059;R
ES0000000000006410CCPF;06/12/2022;5;0,063;R
ES0000000000006410CCPF;06/12/2022;6;0,067;R
ES0000000000006410CCPF;06/12/2022;7;0,069;R
ES0000000000006410CCPF;06/12/2022;8;0,057;R
ES0000000000006410CCPF;06/12/2022;9;0,235;R
ES0000000000006410CCPF;06/12/2022;10;0,3;R
ES0000000000006410CCPF;06/12/2022;11;0,684;R
ES0000000000006410CCPF;06/12/2022;12;0,228;R
ES0000000000006410CCPF;06/12/2022;13;0,116;R
ES0000000000006410CCPF;06/12/2022;14;0,066;R
ES0000000000006410CCPF;06/12/2022;15;0,154;R
ES0000000000006410CCPF;06/12/2022;16;0,094;R
ES0000000000006410CCPF;06/12/2022;17;0,101;R
ES0000000000006410CCPF;06/12/2022;18;0,089;R
ES0000000000006410CCPF;06/12/2022;19;0,215;R
ES0000000000006410CCPF;06/12/2022;20;0,21;R
ES0000000000006410CCPF;06/12/2022;21;0,285;R
ES0000000000006410CCPF;06/12/2022;22;0,31;R
ES0000000000006410CCPF;06/12/2022;23;0,293;R
ES0000000000006410CCPF;07/12/2022;0;0,082;R
ES0000000000006410CCPF;07/12/2022;1;0,079;R
ES0000000000006410CCPF;07/12/2022;2;0,065;R
ES0000000000006410CCPF;07/12/2022;3;0,069;R
ES0000000000006410CCPF;07/12/2022;4;0,071;R
ES0000000000006410CCPF;07/12/2022;5;0,063;R
ES0000000000006410CCPF;07/12/2022;6;0,062;R
ES0000000000006410CCPF;07/12/2022;7;0,073;R
ES0000000000006410CCPF;07/12/2022;8;0,064;R
ES0000000000006410CCPF;07/12/2022;9;0,066;R
ES0000000000006410CCPF;07/12/2022;10;0,135;R
ES0000000000006410CCPF;07/12/2022;11;0,095;R
ES0000000000006410CCPF;07/12/2022;12;0,208;R
ES0000000000006410CCPF;07/12/2022;13;0,157;R
ES0000000000006410CCPF;07/12/2022;14;0,097;R
ES0000000000006410CCPF;07/12/2022;15;0,141;R
ES0000000000006410CCPF;07/12/2022;16;0,367;R
ES0000000000006410CCPF;07/12/2022;17;0,276;R
ES0000000000006410CCPF;07/12/2022;18;0,239;R
ES0000000000006410CCPF;07/12/2022;19;0,323;R
ES0000000000006410CCPF;07/12/2022;20;0,366;R
ES0000000000006410CCPF;07/12/2022;21;0,405;R
ES0000000000006410CCPF;07/12/2022;22;0,314;R
ES0000000000006410CCPF;07/12/2022;23;0,278;R
ES0000000000006410CCPF;08/12/2022;0;0,268;R
ES0000000000006410CCPF;08/12/2022;1;0,211;R
ES0000000000006410CCPF;08/12/2022;2;0,067;R
ES0000000000006410CCPF;08/12/2022;3;0,073;R
ES0000000000006410CCPF;08/12/2022;4;0,07;R
ES0000000000006410CCPF;08/12/2022;5;0,066;R
ES0000000000006410CCPF;08/12/2022;6;0,063;R
ES0000000000006410CCPF;08/12/2022;7;0,064;R
ES0000000000006410CCPF;08/12/2022;8;0,083;R
ES0000000000006410CCPF;08/12/2022;9;0,081;R
ES0000000000006410CCPF;08/12/2022;10;0,079;R
ES0000000000006410CCPF;08/12/2022;11;0,075;R
ES0000000000006410CCPF;08/12/2022;12;0,405;R
ES0000000000006410CCPF;08/12/2022;13;0,416;R
ES0000000000006410CCPF;08/12/2022;14;0,132;R
ES0000000000006410CCPF;08/12/2022;15;0,112;R
ES0000000000006410CCPF;08/12/2022;16;0,197;R
ES0000000000006410CCPF;08/12/2022;17;0,504;R
ES0000000000006410CCPF;08/12/2022;18;0,838;R
ES0000000000006410CCPF;08/12/2022;19;0,638;R
ES0000000000006410CCPF;08/12/2022;20;0,208;R
ES0000000000006410CCPF;08/12/2022;21;0,218;R
ES0000000000006410CCPF;08/12/2022;22;0,285;R
ES0000000000006410CCPF;08/12/2022;23;0,33;R
ES0000000000006410CCPF;09/12/2022;0;0,119;R
ES0000000000006410CCPF;09/12/2022;1;0,082;R
ES0000000000006410CCPF;09/12/2022;2;0,079;R
ES0000000000006410CCPF;09/12/2022;3;0,061;R
ES0000000000006410CCPF;09/12/2022;4;0,07;R
ES0000000000006410CCPF;09/12/2022;5;0,065;R
ES0000000000006410CCPF;09/12/2022;6;0,06;R
ES0000000000006410CCPF;09/12/2022;7;0,06;R
ES0000000000006410CCPF;09/12/2022;8;0,07;R
ES0000000000006410CCPF;09/12/2022;9;0,067;R
ES0000000000006410CCPF;09/12/2022;10;0,118;R
ES0000000000006410CCPF;09/12/2022;11;0,235;R
ES0000000000006410CCPF;09/12/2022;12;0,265;R
ES0000000000006410CCPF;09/12/2022;13;0,125;R
ES0000000000006410CCPF;09/12/2022;14;0,114;R
ES0000000000006410CCPF;09/12/2022;15;0,092;R
ES0000000000006410CCPF;09/12/2022;16;0,056;R
ES0000000000006410CCPF;09/12/2022;17;0,064;R
ES0000000000006410CCPF;09/12/2022;18;0,211;R
ES0000000000006410CCPF;09/12/2022;19;0,395;R
ES0000000000006410CCPF;09/12/2022;20;0,221;R
ES0000000000006410CCPF;09/12/2022;21;0,232;R
ES0000000000006410CCPF;09/12/2022;22;0,26;R
ES0000000000006410CCPF;09/12/2022;23;0,249;R
ES0000000000006410CCPF;10/12/2022;0;0,239;R
ES0000000000006410CCPF;10/12/2022;1;0,155;R
ES0000000000006410CCPF;10/12/2022;2;0,068;R
ES0000000000006410CCPF;10/12/2022;3;0,071;R
ES0000000000006410CCPF;10/12/2022;4;0,105;R
ES0000000000006410CCPF;10/12/2022;5;0,061;R
ES0000000000006410CCPF;10/12/2022;6;0,116;R
ES0000000000006410CCPF;10/12/2022;7;0,08;R
ES0000000000006410CCPF;10/12/2022;8;0,072;R
ES0000000000006410CCPF;10/12/2022;9;0,064;R
ES0000000000006410CCPF;10/12/2022;10;0,061;R
ES0000000000006410CCPF;10/12/2022;11;0,259;R
ES0000000000006410CCPF;10/12/2022;12;0,71;R
ES0000000000006410CCPF;10/12/2022;13;0,302;R
ES0000000000006410CCPF;10/12/2022;14;0,203;R
ES0000000000006410CCPF;10/12/2022;15;0,163;R
ES0000000000006410CCPF;10/12/2022;16;0,103;R
ES0000000000006410CCPF;10/12/2022;17;0,106;R
ES0000000000006410CCPF;10/12/2022;18;0,384;R
ES0000000000006410CCPF;10/12/2022;19;0,261;R
ES0000000000006410CCPF;10/12/2022;20;0,22;R
ES0000000000006410CCPF;10/12/2022;21;0,28;R
ES0000000000006410CCPF;10/12/2022;22;0,226;R
ES0000000000006410CCPF;10/12/2022;23;0,215;R
ES0000000000006410CCPF;11/12/2022;0;0,193;R
ES0000000000006410CCPF;11/12/2022;1;0,123;R
ES0000000000006410CCPF;11/12/2022;2;0,073;R
ES0000000000006410CCPF;11/12/2022;3;0,061;R
ES0000000000006410CCPF;11/12/2022;4;0,06;R
ES0000000000006410CCPF;11/12/2022;5;0,068;R
ES0000000000006410CCPF;11/12/2022;6;0,069;R
ES0000000000006410CCPF;11/12/2022;7;0,064;R
ES0000000000006410CCPF;11/12/2022;8;0,065;R
ES0000000000006410CCPF;11/12/2022;9;0,067;R
ES0000000000006410CCPF;11/12/2022;10;0,082;R
ES0000000000006410CCPF;11/12/2022;11;0,385;R
ES0000000000006410CCPF;11/12/2022;12;1,421;R
ES0000000000006410CCPF;11/12/2022;13;0,411;R
ES0000000000006410CCPF;11/12/2022;14;0,325;R
ES0000000000006410CCPF;11/12/2022;15;0,576;R
ES0000000000006410CCPF;11/12/2022;16;0,349;R
ES0000000000006410CCPF;11/12/2022;17;0,542;R
ES0000000000006410CCPF;11/12/2022;18;0,891;R
ES0000000000006410CCPF;11/12/2022;19;0,372;R
ES0000000000006410CCPF;11/12/2022;20;0,268;R
ES0000000000006410CCPF;11/12/2022;21;1,019;R
ES0000000000006410CCPF;11/12/2022;22;0,284;R
ES0000000000006410CCPF;11/12/2022;23;0,264;R
ES0000000000006410CCPF;12/12/2022;0;0,084;R
ES0000000000006410CCPF;12/12/2022;1;0,083;R
ES0000000000006410CCPF;12/12/2022;2;0,086;R
ES0000000000006410CCPF;12/12/2022;3;0,075;R
ES0000000000006410CCPF;12/12/2022;4;0,068;R
ES0000000000006410CCPF;12/12/2022;5;0,063;R
ES0000000000006410CCPF;12/12/2022;6;0,062;R
ES0000000000006410CCPF;12/12/2022;7;0,063;R
ES0000000000006410CCPF;12/12/2022;8;0,112;R
ES0000000000006410CCPF;12/12/2022;9;0,17;R
ES0000000000006410CCPF;12/12/2022;10;0,058;R
ES0000000000006410CCPF;12/12/2022;11;0,062;R
ES0000000000006410CCPF;12/12/2022;12;0,07;R
ES0000000000006410CCPF;12/12/2022;13;0,065;R
ES0000000000006410CCPF;12/12/2022;14;0,545;R
ES0000000000006410CCPF;12/12/2022;15;0,808;R
ES0000000000006410CCPF;12/12/2022;16;0,237;R
ES0000000000006410CCPF;12/12/2022;17;0,277;R
ES0000000000006410CCPF;12/12/2022;18;0,263;R
ES0000000000006410CCPF;12/12/2022;19;0,318;R
ES0000000000006410CCPF;12/12/2022;20;0,247;R
ES0000000000006410CCPF;12/12/2022;21;0,436;R
ES0000000000006410CCPF;12/12/2022;22;0,304;R
ES0000000000006410CCPF;12/12/2022;23;0,234;R
ES0000000000006410CCPF;13/12/2022;0;0,111;R
ES0000000000006410CCPF;13/12/2022;1;0,084;R
ES0000000000006410CCPF;13/12/2022;2;0,063;R
ES0000000000006410CCPF;13/12/2022;3;0,062;R
ES0000000000006410CCPF;13/12/2022;4;0,069;R
ES0000000000006410CCPF;13/12/2022;5;0,074;R
ES0000000000006410CCPF;13/12/2022;6;0,058;R
ES0000000000006410CCPF;13/12/2022;7;0,079;R
ES0000000000006410CCPF;13/12/2022;8;0,054;R
ES0000000000006410CCPF;13/12/2022;9;0,069;R
ES0000000000006410CCPF;13/12/2022;10;0,071;R
ES0000000000006410CCPF;13/12/2022;11;0,115;R
ES0000000000006410CCPF;13/12/2022;12;0,11;R
ES0000000000006410CCPF;13/12/2022;13;0,569;R
ES0000000000006410CCPF;13/12/2022;14;0,898;R
ES0000000000006410CCPF;13/12/2022;15;0,289;R
ES0000000000006410CCPF;13/12/2022;16;0,155;R
ES0000000000006410CCPF;13/12/2022;17;0,287;R
ES0000000000006410CCPF;13/12/2022;18;0,212;R
ES0000000000006410CCPF;13/12/2022;19;0,252;R
ES0000000000006410CCPF;13/12/2022;20;0,247;R
ES0000000000006410CCPF;13/12/2022;21;0,673;R
ES0000000000006410CCPF;13/12/2022;22;0,408;R
ES0000000000006410CCPF;13/12/2022;23;0,344;R
ES0000000000006410CCPF;14/12/2022;0;0,185;R
ES0000000000006410CCPF;14/12/2022;1;0,11;R
ES0000000000006410CCPF;14/12/2022;2;0,077;R
ES0000000000006410CCPF;14/12/2022;3;0,071;R
ES0000000000006410CCPF;14/12/2022;4;0,062;R
ES0000000000006410CCPF;14/12/2022;5;0,065;R
ES0000000000006410CCPF;14/12/2022;6;0,075;R
ES0000000000006410CCPF;14/12/2022;7;0,06;R
ES0000000000006410CCPF;14/12/2022;8;0,07;R
ES0000000000006410CCPF;14/12/2022;9;0,069;R
ES0000000000006410CCPF;14/12/2022;10;0,088;R
ES0000000000006410CCPF;14/12/2022;11;0,13;R
ES0000000000006410CCPF;14/12/2022;12;0,177;R
ES0000000000006410CCPF;14/12/2022;13;0,123;R
ES0000000000006410CCPF;14/12/2022;14;0,084;R
ES0000000000006410CCPF;14/12/2022;15;0,081;R
ES0000000000006410CCPF;14/12/2022;16;0,061;R
ES0000000000006410CCPF;14/12/2022;17;0,073;R
ES0000000000006410CCPF;14/12/2022;18;0,063;R
ES0000000000006410CCPF;14/12/2022;19;0,583;R
ES0000000000006410CCPF;14/12/2022;20;0,73;R
ES0000000000006410CCPF;14/12/2022;21;0,46;R
ES0000000000006410CCPF;14/12/2022;22;0,382;R
ES0000000000006410CCPF;14/12/2022;23;0,409;R
ES0000000000006410CCPF;15/12/2022;0;0,358;R
ES0000000000006410CCPF;15/12/2022;1;0,177;R
ES0000000000006410CCPF;15/12/2022;2;0,091;R
ES0000000000006410CCPF;15/12/2022;3;0,068;R
ES0000000000006410CCPF;15/12/2022;4;0,073;R
ES0000000000006410CCPF;15/12/2022;5;0,068;R
ES0000000000006410CCPF;15/12/2022;6;0,064;R
ES0000000000006410CCPF;15/12/2022;7;0,067;R
ES0000000000006410CCPF;15/12/2022;8;0,067;R
ES0000000000006410CCPF;15/12/2022;9;0,075;R
ES0000000000006410CCPF;15/12/2022;10;0,127;R
ES0000000000006410CCPF;15/12/2022;11;0,096;R
ES0000000000006410CCPF;15/12/2022;12;0,063;R
ES0000000000006410CCPF;15/12/2022;13;0,122;R
ES0000000000006410CCPF;15/12/2022;14;0,162;R
ES0000000000006410CCPF;15/12/2022;15;0,396;R
ES0000000000006410CCPF;15/12/2022;16;0,198;R
ES0000000000006410CCPF;15/12/2022;17;0,167;R
ES0000000000006410CCPF;15/12/2022;18;0,133;R
ES0000000000006410CCPF;15/12/2022;19;0,094;R
ES0000000000006410CCPF;15/12/2022;20;0,268;R
ES0000000000006410CCPF;15/12/2022;21;0,602;R
ES0000000000006410CCPF;15/12/2022;22;0,803;R
ES0000000000006410CCPF;15/12/2022;23;0,381;R
ES0000000000006410CCPF;16/12/2022;0;0,173;R
ES0000000000006410CCPF;16/12/2022;1;0,077;R
ES0000000000006410CCPF;16/12/2022;2;0,055;R
ES0000000000006410CCPF;16/12/2022;3;0,068;R
ES0000000000006410CCPF;16/12/2022;4;0,13;R
ES0000000000006410CCPF;16/12/2022;5;0,067;R
ES0000000000006410CCPF;16/12/2022;6;0,066;R
ES0000000000006410CCPF;16/12/2022;7;0,078;R
ES0000000000006410CCPF;16/12/2022;8;0,06;R
ES0000000000006410CCPF;16/12/2022;9;0,073;R
ES0000000000006410CCPF;16/12/2022;10;0,189;R
ES0000000000006410CCPF;16/12/2022;11;0,151;R
ES0000000000006410CCPF;16/12/2022;12;0,054;R
ES0000000000006410CCPF;16/12/2022;13;0,116;R
ES0000000000006410CCPF;16/12/2022;14;0,077;R
ES0000000000006410CCPF;16/12/2022;15;0,249;R
ES0000000000006410CCPF;16/12/2022;16;0,225;R
ES0000000000006410CCPF;16/12/2022;17;0,202;R
ES0000000000006410CCPF;16/12/2022;18;0,215;R
ES0000000000006410CCPF;16/12/2022;19;0,291;R
ES0000000000006410CCPF;16/12/2022;20;0,334;R
ES0000000000006410CCPF;16/12/2022;21;0,376;R
ES0000000000006410CCPF;16/12/2022;22;0,282;R
ES0000000000006410CCPF;16/12/2022;23;0,31;R
ES0000000000006410CCPF;17/12/2022;0;0,22;R
ES0000000000006410CCPF;17/12/2022;1;0,095;R
ES0000000000006410CCPF;17/12/2022;2;0,064;R
ES0000000000006410CCPF;17/12/2022;3;0,07;R
ES0000000000006410CCPF;17/12/2022;4;0,119;R
ES0000000000006410CCPF;17/12/2022;5;0,08;R
ES0000000000006410CCPF;17/12/2022;6;0,069;R
ES0000000000006410CCPF;17/12/2022;7;0,071;R
ES0000000000006410CCPF;17/12/2022;8;0,059;R
ES0000000000006410CCPF;17/12/2022;9;0,068;R
ES0000000000006410CCPF;17/12/2022;10;0,133;R
ES0000000000006410CCPF;17/12/2022;11;0,145;R
ES0000000000006410CCPF;17/12/2022;12;0,164;R
ES0000000000006410CCPF;17/12/2022;13;0,696;R
ES0000000000006410CCPF;17/12/2022;14;0,973;R
ES0000000000006410CCPF;17/12/2022;15;0,165;R
ES0000000000006410CCPF;17/12/2022;16;0,264;R
ES0000000000006410CCPF;17/12/2022;17;0,073;R
ES0000000000006410CCPF;17/12/2022;18;0,058;R
ES0000000000006410CCPF;17/12/2022;19;0,07;R
ES0000000000006410CCPF;17/12/2022;20;0,083;R
ES0000000000006410CCPF;17/12/2022;21;0,2;R
ES0000000000006410CCPF;17/12/2022;22;0,267;R
ES0000000000006410CCPF;17/12/2022;23;0,265;R
ES0000000000006410CCPF;18/12/2022;0;0,212;R
ES0000000000006410CCPF;18/12/2022;1;0,19;R
ES0000000000006410CCPF;18/12/2022;2;0,176;R
ES0000000000006410CCPF;18/12/2022;3;0,182;R
ES0000000000006410CCPF;18/12/2022;4;0,182;R
ES0000000000006410CCPF;18/12/2022;5;0,177;R
ES0000000000006410CCPF;18/12/2022;6;0,099;R
ES0000000000006410CCPF;18/12/2022;7;0,07;R
ES0000000000006410CCPF;18/12/2022;8;0,069;R
ES0000000000006410CCPF;18/12/2022;9;0,059;R
ES0000000000006410CCPF;18/12/2022;10;0,061;R
ES0000000000006410CCPF;18/12/2022;11;0,083;R
ES0000000000006410CCPF;18/12/2022;12;0,578;R
ES0000000000006410CCPF;18/12/2022;13;0,452;R
ES0000000000006410CCPF;18/12/2022;14;0,227;R
ES0000000000006410CCPF;18/12/2022;15;0,363;R
ES0000000000006410CCPF;18/12/2022;16;0,71;R
ES0000000000006410CCPF;18/12/2022;17;0,945;R
ES0000000000006410CCPF;18/12/2022;18;0,402;R
ES0000000000006410CCPF;18/12/2022;19;0,258;R
ES0000000000006410CCPF;18/12/2022;20;0,234;R
ES0000000000006410CCPF;18/12/2022;21;0,199;R
ES0000000000006410CCPF;18/12/2022;22;0,238;R
ES0000000000006410CCPF;18/12/2022;23;0,592;R
ES0000000000006410CCPF;19/12/2022;0;0,547;R
ES0000000000006410CCPF;19/12/2022;1;0,141;R
ES0000000000006410CCPF;19/12/2022;2;0,064;R
ES0000000000006410CCPF;19/12/2022;3;0,088;R
ES0000000000006410CCPF;19/12/2022;4;0,082;R
ES0000000000006410CCPF;19/12/2022;5;0,068;R
ES0000000000006410CCPF;19/12/2022;6;0,075;R
ES0000000000006410CCPF;19/12/2022;7;0,06;R
ES0000000000006410CCPF;19/12/2022;8;0,069;R
ES0000000000006410CCPF;19/12/2022;9;0,07;R
ES0000000000006410CCPF;19/12/2022;10;0,085;R
ES0000000000006410CCPF;19/12/2022;11;0,141;R
ES0000000000006410CCPF;19/12/2022;12;0,136;R
ES0000000000006410CCPF;19/12/2022;13;0,245;R
ES0000000000006410CCPF;19/12/2022;14;0,094;R
ES0000000000006410CCPF;19/12/2022;15;0,396;R
ES0000000000006410CCPF;19/12/2022;16;0,221;R
ES0000000000006410CCPF;19/12/2022;17;0,19;R
ES0000000000006410CCPF;19/12/2022;18;0,195;R
ES0000000000006410CCPF;19/12/2022;19;0,294;R
ES0000000000006410CCPF;19/12/2022;20;0,276;R
ES0000000000006410CCPF;19/12/2022;21;0,355;R
ES0000000000006410CCPF;19/12/2022;22;0,209;R
ES0000000000006410CCPF;19/12/2022;23;0,263;R
ES0000000000006410CCPF;20/12/2022;0;0,273;R
ES0000000000006410CCPF;20/12/2022;1;0,061;R
ES0000000000006410CCPF;20/12/2022;2;0,064;R
ES0000000000006410CCPF;20/12/2022;3;0,066;R
ES0000000000006410CCPF;20/12/2022;4;0,07;R
ES0000000000006410CCPF;20/12/2022;5;0,066;R
ES0000000000006410CCPF;20/12/2022;6;0,059;R
ES0000000000006410CCPF;20/12/2022;7;0,067;R
ES0000000000006410CCPF;20/12/2022;8;0,072;R
ES0000000000006410CCPF;20/12/2022;9;0,124;R
ES0000000000006410CCPF;20/12/2022;10;0,074;R
ES0000000000006410CCPF;20/12/2022;11;0,167;R
ES0000000000006410CCPF;20/12/2022;12;0,244;R
ES0000000000006410CCPF;20/12/2022;13;0,156;R
ES0000000000006410CCPF;20/12/2022;14;0,184;R
ES0000000000006410CCPF;20/12/2022;15;0,416;R
ES0000000000006410CCPF;20/12/2022;16;0,288;R
ES0000000000006410CCPF;20/12/2022;17;0,273;R
ES0000000000006410CCPF;20/12/2022;18;0,179;R
ES0000000000006410CCPF;20/12/2022;19;0,274;R
ES0000000000006410CCPF;20/12/2022;20;0,262;R
ES0000000000006410CCPF;20/12/2022;21;0,161;R
ES0000000000006410CCPF;20/12/2022;22;0,231;R
ES0000000000006410CCPF;20/12/2022;23;0,402;R
ES0000000000006410CCPF;21/12/2022;0;0,248;R
ES0000000000006410CCPF;21/12/2022;1;0,091;R
ES0000000000006410CCPF;21/12/2022;2;0,084;R
ES0000000000006410CCPF;21/12/2022;3;0,082;R
ES0000000000006410CCPF;21/12/2022;4;0,082;R
ES0000000000006410CCPF;21/12/2022;5;0,082;R
ES0000000000006410CCPF;21/12/2022;6;0,067;R
ES0000000000006410CCPF;21/12/2022;7;0,076;R
ES0000000000006410CCPF;21/12/2022;8;0,079;R
ES0000000000006410CCPF;21/12/2022;9;0,066;R
ES0000000000006410CCPF;21/12/2022;10;0,127;R
ES0000000000006410CCPF;21/12/2022;11;0,096;R
ES0000000000006410CCPF;21/12/2022;12;0,189;R
ES0000000000006410CCPF;21/12/2022;13;0,13;R
ES0000000000006410CCPF;21/12/2022;14;0,061;R
ES0000000000006410CCPF;21/12/2022;15;1,004;R
ES0000000000006410CCPF;21/12/2022;16;0,188;R
ES0000000000006410CCPF;21/12/2022;17;0,218;R
ES0000000000006410CCPF;21/12/2022;18;0,254;R
ES0000000000006410CCPF;21/12/2022;19;0,429;R
ES0000000000006410CCPF;21/12/2022;20;0,555;R
ES0000000000006410CCPF;21/12/2022;21;0,71;R
ES0000000000006410CCPF;21/12/2022;22;1,45;R
ES0000000000006410CCPF;21/12/2022;23;0,566;R
ES0000000000006410CCPF;22/12/2022;0;0,13;R
ES0000000000006410CCPF;22/12/2022;1;0,09;R
ES0000000000006410CCPF;22/12/2022;2;0,082;R
ES0000000000006410CCPF;22/12/2022;3;0,07;R
ES0000000000006410CCPF;22/12/2022;4;0,07;R
ES0000000000006410CCPF;22/12/2022;5;0,064;R
ES0000000000006410CCPF;22/12/2022;6;0,066;R
ES0000000000006410CCPF;22/12/2022;7;0,069;R
ES0000000000006410CCPF;22/12/2022;8;0,066;R
ES0000000000006410CCPF;22/12/2022;9;0,135;R
ES0000000000006410CCPF;22/12/2022;10;0,118;R
ES0000000000006410CCPF;22/12/2022;11;0,078;R
ES0000000000006410CCPF;22/12/2022;12;0,125;R
ES0000000000006410CCPF;22/12/2022;13;0,167;R
ES0000000000006410CCPF;22/12/2022;14;0,162;R
ES0000000000006410CCPF;22/12/2022;15;0,428;R
ES0000000000006410CCPF;22/12/2022;16;0,266;R
ES0000000000006410CCPF;22/12/2022;17;0,421;R
ES0000000000006410CCPF;22/12/2022;18;0,307;R
ES0000000000006410CCPF;22/12/2022;19;1,037;R
ES0000000000006410CCPF;22/12/2022;20;0,292;R
ES0000000000006410CCPF;22/12/2022;21;0,25;R
ES0000000000006410CCPF;22/12/2022;22;0,148;R
ES0000000000006410CCPF;22/12/2022;23;0,196;R
ES0000000000006410CCPF;23/12/2022;0;0,233;R
ES0000000000006410CCPF;23/12/2022;1;0,186;R
ES0000000000006410CCPF;23/12/2022;2;0,269;R
ES0000000000006410CCPF;23/12/2022;3;0,075;R
ES0000000000006410CCPF;23/12/2022;4;0,069;R
ES0000000000006410CCPF;23/12/2022;5;0,067;R
ES0000000000006410CCPF;23/12/2022;6;0,066;R
ES0000000000006410CCPF;23/12/2022;7;0,063;R
ES0000000000006410CCPF;23/12/2022;8;0,071;R
ES0000000000006410CCPF;23/12/2022;9;0,066;R
ES0000000000006410CCPF;23/12/2022;10;0,075;R
ES0000000000006410CCPF;23/12/2022;11;0,069;R
ES0000000000006410CCPF;23/12/2022;12;0,377;R
ES0000000000006410CCPF;23/12/2022;13;0,445;R
ES0000000000006410CCPF;23/12/2022;14;1,188;R
ES0000000000006410CCPF;23/12/2022;15;0,285;R
ES0000000000006410CCPF;23/12/2022;16;0,469;R
ES0000000000006410CCPF;23/12/2022;17;0,155;R
ES0000000000006410CCPF;23/12/2022;18;0,328;R
ES0000000000006410CCPF;23/12/2022;19;0,358;R
ES0000000000006410CCPF;23/12/2022;20;0,116;R
ES0000000000006410CCPF;23/12/2022;21;0,189;R
ES0000000000006410CCPF;23/12/2022;22;0,22;R
ES0000000000006410CCPF;23/12/2022;23;0,716;R
ES0000000000006410CCPF;24/12/2022;0;0,333;R
ES0000000000006410CCPF;24/12/2022;1;0,138;R
ES0000000000006410CCPF;24/12/2022;2;0,08;R
ES0000000000006410CCPF;24/12/2022;3;0,067;R
ES0000000000006410CCPF;24/12/2022;4;0,062;R
ES0000000000006410CCPF;24/12/2022;5;0,06;R
ES0000000000006410CCPF;24/12/2022;6;0,068;R
ES0000000000006410CCPF;24/12/2022;7;0,071;R
ES0000000000006410CCPF;24/12/2022;8;0,06;R
ES0000000000006410CCPF;24/12/2022;9;0,074;R
ES0000000000006410CCPF;24/12/2022;10;0,085;R
ES0000000000006410CCPF;24/12/2022;11;0,326;R
ES0000000000006410CCPF;24/12/2022;12;0,314;R
ES0000000000006410CCPF;24/12/2022;13;0,266;R
ES0000000000006410CCPF;24/12/2022;14;1,104;R
ES0000000000006410CCPF;24/12/2022;15;1,522;R
ES0000000000006410CCPF;24/12/2022;16;0,281;R
ES0000000000006410CCPF;24/12/2022;17;0,205;R
ES0000000000006410CCPF;24/12/2022;18;0,405;R
ES0000000000006410CCPF;24/12/2022;19;0,216;R
ES0000000000006410CCPF;24/12/2022;20;0,155;R
ES0000000000006410CCPF;24/12/2022;21;0,076;R
ES0000000000006410CCPF;24/12/2022;22;0,126;R
ES0000000000006410CCPF;24/12/2022;23;0,065;R
ES0000000000006410CCPF;25/12/2022;0;0,204;R
ES0000000000006410CCPF;25/12/2022;1;0,123;R
ES0000000000006410CCPF;25/12/2022;2;0,102;R
ES0000000000006410CCPF;25/12/2022;3;0,106;R
ES0000000000006410CCPF;25/12/2022;4;0,091;R
ES0000000000006410CCPF;25/12/2022;5;0,068;R
ES0000000000006410CCPF;25/12/2022;6;0,075;R
ES0000000000006410CCPF;25/12/2022;7;0,087;R
ES0000000000006410CCPF;25/12/2022;8;0,085;R
ES0000000000006410CCPF;25/12/2022;9;0,166;R
ES0000000000006410CCPF;25/12/2022;10;0,552;R
ES0000000000006410CCPF;25/12/2022;11;0,376;R
ES0000000000006410CCPF;25/12/2022;12;0,086;R
ES0000000000006410CCPF;25/12/2022;13;0,064;R
ES0000000000006410CCPF;25/12/2022;14;0,065;R
ES0000000000006410CCPF;25/12/2022;15;0,069;R
ES0000000000006410CCPF;25/12/2022;16;0,073;R
ES0000000000006410CCPF;25/12/2022;17;0,052;R
ES0000000000006410CCPF;25/12/2022;18;0,064;R
ES0000000000006410CCPF;25/12/2022;19;0,064;R
ES0000000000006410CCPF;25/12/2022;20;0,407;R
ES0000000000006410CCPF;25/12/2022;21;0,297;R
ES0000000000006410CCPF;25/12/2022;22;0,092;R
ES0000000000006410CCPF;25/12/2022;23;0,063;R
ES0000000000006410CCPF;26/12/2022;0;0,083;R
ES0000000000006410CCPF;26/12/2022;1;0,082;R
ES0000000000006410CCPF;26/12/2022;2;0,083;R
ES0000000000006410CCPF;26/12/2022;3;0,07;R
ES0000000000006410CCPF;26/12/2022;4;0,076;R
ES0000000000006410CCPF;26/12/2022;5;0,081;R
ES0000000000006410CCPF;26/12/2022;6;0,115;R
ES0000000000006410CCPF;26/12/2022;7;0,081;R
ES0000000000006410CCPF;26/12/2022;8;0,084;R
ES0000000000006410CCPF;26/12/2022;9;0,076;R
ES0000000000006410CCPF;26/12/2022;10;0,083;R
ES0000000000006410CCPF;26/12/2022;11;0,078;R
ES0000000000006410CCPF;26/12/2022;12;0,801;R
ES0000000000006410CCPF;26/12/2022;13;0,571;R
ES0000000000006410CCPF;26/12/2022;14;0,494;R
ES0000000000006410CCPF;26/12/2022;15;0,253;R
ES0000000000006410CCPF;26/12/2022;16;0,333;R
ES0000000000006410CCPF;26/12/2022;17;0,205;R
ES0000000000006410CCPF;26/12/2022;18;0,225;R
ES0000000000006410CCPF;26/12/2022;19;0,264;R
ES0000000000006410CCPF;26/12/2022;20;0,886;R
ES0000000000006410CCPF;26/12/2022;21;0,324;R
ES0000000000006410CCPF;26/12/2022;22;0,655;R
ES0000000000006410CCPF;26/12/2022;23;0,38;R
ES0000000000006410CCPF;27/12/2022;0;0,252;R
ES0000000000006410CCPF;27/12/2022;1;0,144;R
ES0000000000006410CCPF;27/12/2022;2;0,083;R
ES0000000000006410CCPF;27/12/2022;3;0,073;R
ES0000000000006410CCPF;27/12/2022;4;0,06;R
ES0000000000006410CCPF;27/12/2022;5;0,06;R
ES0000000000006410CCPF;27/12/2022;6;0,066;R
ES0000000000006410CCPF;27/12/2022;7;0,063;R
ES0000000000006410CCPF;27/12/2022;8;0,061;R
ES0000000000006410CCPF;27/12/2022;9;0,076;R
ES0000000000006410CCPF;27/12/2022;10;0,076;R
ES0000000000006410CCPF;27/12/2022;11;0,196;R
ES0000000000006410CCPF;27/12/2022;12;0,362;R
ES0000000000006410CCPF;27/12/2022;13;0,232;R
ES0000000000006410CCPF;27/12/2022;14;0,16;R
ES0000000000006410CCPF;27/12/2022;15;0,165;R
ES0000000000006410CCPF;27/12/2022;16;0,13;R
ES0000000000006410CCPF;27/12/2022;17;0,098;R
ES0000000000006410CCPF;27/12/2022;18;0,139;R
ES0000000000006410CCPF;27/12/2022;19;0,315;R
ES0000000000006410CCPF;27/12/2022;20;0,342;R
ES0000000000006410CCPF;27/12/2022;21;0,231;R
ES0000000000006410CCPF;27/12/2022;22;0,19;R
ES0000000000006410CCPF;27/12/2022;23;0,179;R
ES0000000000006410CCPF;28/12/2022;0;0,183;R
ES0000000000006410CCPF;28/12/2022;1;0,087;R
ES0000000000006410CCPF;28/12/2022;2;0,07;R
ES0000000000006410CCPF;28/12/2022;3;0,061;R
ES0000000000006410CCPF;28/12/2022;4;0,065;R
ES0000000000006410CCPF;28/12/2022;5;0,076;R
ES0000000000006410CCPF;28/12/2022;6;0,071;R
ES0000000000006410CCPF;28/12/2022;7;0,058;R
ES0000000000006410CCPF;28/12/2022;8;0,07;R
ES0000000000006410CCPF;28/12/2022;9;0,061;R
ES0000000000006410CCPF;28/12/2022;10;0,07;R
ES0000000000006410CCPF;28/12/2022;11;0,142;R
ES0000000000006410CCPF;28/12/2022;12;0,815;R
ES0000000000006410CCPF;28/12/2022;13;1,027;R
ES0000000000006410CCPF;28/12/2022;14;0,174;R
ES0000000000006410CCPF;28/12/2022;15;0,232;R
ES0000000000006410CCPF;28/12/2022;16;0,149;R
ES0000000000006410CCPF;28/12/2022;17;0,172;R
ES0000000000006410CCPF;28/12/2022;18;0,228;R
ES0000000000006410CCPF;28/12/2022;19;0,211;R
ES0000000000006410CCPF;28/12/2022;20;0,285;R
ES0000000000006410CCPF;28/12/2022;21;0,452;R
ES0000000000006410CCPF;28/12/2022;22;0,283;R
ES0000000000006410CCPF;28/12/2022;23;0,188;R
ES0000000000006410CCPF;29/12/2022;0;0,235;R
ES0000000000006410CCPF;29/12/2022;1;0,177;R
ES0000000000006410CCPF;29/12/2022;2;0,233;R
ES0000000000006410CCPF;29/12/2022;3;0,142;R
ES0000000000006410CCPF;29/12/2022;4;0,073;R
ES0000000000006410CCPF;29/12/2022;5;0,1;R
ES0000000000006410CCPF;29/12/2022;6;0,085;R
ES0000000000006410CCPF;29/12/2022;7;0,069;R
ES0000000000006410CCPF;29/12/2022;8;0,079;R
ES0000000000006410CCPF;29/12/2022;9;0,064;R
ES0000000000006410CCPF;29/12/2022;10;0,092;R
ES0000000000006410CCPF;29/12/2022;11;0,256;R
ES0000000000006410CCPF;29/12/2022;12;0,457;R
ES0000000000006410CCPF;29/12/2022;13;0,07;R
ES0000000000006410CCPF;29/12/2022;14;0,061;R
ES0000000000006410CCPF;29/12/2022;15;0,172;R
ES0000000000006410CCPF;29/12/2022;16;0,217;R
ES0000000000006410CCPF;29/12/2022;17;0,211;R
ES0000000000006410CCPF;29/12/2022;18;0,209;R
ES0000000000006410CCPF;29/12/2022;19;0,191;R
ES0000000000006410CCPF;29/12/2022;20;0,112;R
ES0000000000006410CCPF;29/12/2022;21;0,214;R
ES0000000000006410CCPF;29/12/2022;22;0,201;R
ES0000000000006410CCPF;29/12/2022;23;0,22;R
ES0000000000006410CCPF;30/12/2022;0;0,173;R
ES0000000000006410CCPF;30/12/2022;1;0,125;R
ES0000000000006410CCPF;30/12/2022;2;0,057;R
ES0000000000006410CCPF;30/12/2022;3;0,062;R
ES0000000000006410CCPF;30/12/2022;4;0,066;R
ES0000000000006410CCPF;30/12/2022;5;0,064;R
ES0000000000006410CCPF;30/12/2022;6;0,064;R
ES0000000000006410CCPF;30/12/2022;7;0,072;R
ES0000000000006410CCPF;30/12/2022;8;0,072;R
ES0000000000006410CCPF;30/12/2022;9;0,066;R
ES0000000000006410CCPF;30/12/2022;10;0,127;R
ES0000000000006410CCPF;30/12/2022;11;0,44;R
ES0000000000006410CCPF;30/12/2022;12;1,08;R
ES0000000000006410CCPF;30/12/2022;13;0,241;R
ES0000000000006410CCPF;30/12/2022;14;0,123;R
ES0000000000006410CCPF;30/12/2022;15;0,345;R
ES0000000000006410CCPF;30/12/2022;16;0,224;R
ES0000000000006410CCPF;30/12/2022;17;0,273;R
ES0000000000006410CCPF;30/12/2022;18;0,178;R
ES0000000000006410CCPF;30/12/2022;19;0,224;R
ES0000000000006410CCPF;30/12/2022;20;0,111;R
ES0000000000006410CCPF;30/12/2022;21;0,18;R
ES0000000000006410CCPF;30/12/2022;22;0,299;R
ES0000000000006410CCPF;30/12/2022;23;0,241;R
ES0000000000006410CCPF;31/12/2022;0;0,29;R
ES0000000000006410CCPF;31/12/2022;1;0,17;R
ES0000000000006410CCPF;31/12/2022;2;0,107;R
ES0000000000006410CCPF;31/12/2022;3;0,094;R
ES0000000000006410CCPF;31/12/2022;4;0,099;R
ES0000000000006410CCPF;31/12/2022;5;0,093;R
ES0000000000006410CCPF;31/12/2022;6;0,094;R
ES0000000000006410CCPF;31/12/2022;7;0,086;R
ES0000000000006410CCPF;31/12/2022;8;0,105;R
ES0000000000006410CCPF;31/12/2022;9;0,074;R
ES0000000000006410CCPF;31/12/2022;10;0,085;R
ES0000000000006410CCPF;31/12/2022;11;0,692;R
ES0000000000006410CCPF;31/12/2022;12;1,08;R
ES0000000000006410CCPF;31/12/2022;13;0,609;R
ES0000000000006410CCPF;31/12/2022;14;0,081;R
ES0000000000006410CCPF;31/12/2022;15;0,321;R
ES0000000000006410CCPF;31/12/2022;16;0,262;R
ES0000000000006410CCPF;31/12/2022;17;0,283;R
ES0000000000006410CCPF;31/12/2022;18;0,275;R
ES0000000000006410CCPF;31/12/2022;19;0,129;R
ES0000000000006410CCPF;31/12/2022;20;0,088;R
ES0000000000006410CCPF;31/12/2022;21;0,087;R
ES0000000000006410CCPF;31/12/2022;22;0,142;R
ES0000000000006410CCPF;31/12/2022;23;0,078;R
ES0000000000006410CCPF;01/01/2023;0;0,071;R
ES0000000000006410CCPF;01/01/2023;1;0,061;R
ES0000000000006410CCPF;01/01/2023;2;0,102;R
ES0000000000006410CCPF;01/01/2023;3;0,103;R
ES0000000000006410CCPF;01/01/2023;4;0,092;R
ES0000000000006410CCPF;01/01/2023;5;0,103;R
ES0000000000006410CCPF;01/01/2023;6;0,071;R
ES0000000000006410CCPF;01/01/2023;7;0,088;R
ES0000000000006410CCPF;01/01/2023;8;0,083;R
ES0000000000006410CCPF;01/01/2023;9;0,133;R
ES0000000000006410CCPF;01/01/2023;10;0,114;R
ES0000000000006410CCPF;01/01/2023;11;0,11;R
ES0000000000006410CCPF;01/01/2023;12;0,402;R
ES0000000000006410CCPF;01/01/2023;13;0,23;R
ES0000000000006410CCPF;01/01/2023;14;0,193;R
ES0000000000006410CCPF;01/01/2023;15;0,098;R
ES0000000000006410CCPF;01/01/2023;16;0,109;R
ES0000000000006410CCPF;01/01/2023;17;0,24;R
ES0000000000006410CCPF;01/01/2023;18;0,213;R
ES0000000000006410CCPF;01/01/2023;19;0,262;R
ES0000000000006410CCPF;01/01/2023;20;0,358;R
ES0000000000006410CCPF;01/01/2023;21;0,269;R
ES0000000000006410CCPF;01/01/2023;22;0,294;R
ES0000000000006410CCPF;01/01/2023;23;0,196;R
ES0000000000006410CCPF;02/01/2023;0;0,237;R
ES0000000000006410CCPF;02/01/2023;1;0,179;R
ES0000000000006410CCPF;02/01/2023;2;0,152;R
ES0000000000006410CCPF;02/01/2023;3;0,075;R
ES0000000000006410CCPF;02/01/2023;4;0,067;R
ES0000000000006410CCPF;02/01/2023;5;0,062;R
ES0000000000006410CCPF;02/01/2023;6;0,061;R
ES0000000000006410CCPF;02/01/2023;7;0,079;R
ES0000000000006410CCPF;02/01/2023;8;0,051;R
ES0000000000006410CCPF;02/01/2023;9;0,062;R
ES0000000000006410CCPF;02/01/2023;10;0,065;R
ES0000000000006410CCPF;02/01/2023;11;0,176;R
ES0000000000006410CCPF;02/01/2023;12;0,204;R
ES0000000000006410CCPF;02/01/2023;13;0,201;R
ES0000000000006410CCPF;02/01/2023;14;1,505;R
ES0000000000006410CCPF;02/01/2023;15;0,479;R
ES0000000000006410CCPF;02/01/2023;16;0,979;R
ES0000000000006410CCPF;02/01/2023;17;0,19;R
ES0000000000006410CCPF;02/01/2023;18;0,06;R
ES0000000000006410CCPF;02/01/2023;19;0,067;R
ES0000000000006410CCPF;02/01/2023;20;0,067;R
ES0000000000006410CCPF;02/01/2023;21;0,425;R
ES0000000000006410CCPF;02/01/2023;22;0,301;R
ES0000000000006410CCPF;02/01/2023;23;0,305;R
ES0000000000006410CCPF;03/01/2023;0;0,282;R
ES0000000000006410CCPF;03/01/2023;1;0,297;R
ES0000000000006410CCPF;03/01/2023;2;0,079;R
ES0000000000006410CCPF;03/01/2023;3;0,06;R
ES0000000000006410CCPF;03/01/2023;4;0,072;R
ES0000000000006410CCPF;03/01/2023;5;0,073;R
ES0000000000006410CCPF;03/01/2023;6;0,062;R
ES0000000000006410CCPF;03/01/2023;7;0,06;R
ES0000000000006410CCPF;03/01/2023;8;0,068;R
ES0000000000006410CCPF;03/01/2023;9;0,072;R
ES0000000000006410CCPF;03/01/2023;10;0,095;R
ES0000000000006410CCPF;03/01/2023;11;0,195;R
ES0000000000006410CCPF;03/01/2023;12;0,169;R
ES0000000000006410CCPF;03/01/2023;13;0,243;R
ES0000000000006410CCPF;03/01/2023;14;0,711;R
ES0000000000006410CCPF;03/01/2023;15;0,949;R
ES0000000000006410CCPF;03/01/2023;16;0,949;R
ES0000000000006410CCPF;03/01/2023;17;0,456;R
ES0000000000006410CCPF;03/01/2023;18;0,24;R
ES0000000000006410CCPF;03/01/2023;19;0,279;R
ES0000000000006410CCPF;03/01/2023;20;0,239;R
ES0000000000006410CCPF;03/01/2023;21;0,283;R
ES0000000000006410CCPF;03/01/2023;22;0,29;R
ES0000000000006410CCPF;03/01/2023;23;0,783;R
ES0000000000006410CCPF;04/01/2023;0;0,251;R
ES0000000000006410CCPF;04/01/2023;1;0,228;R
ES0000000000006410CCPF;04/01/2023;2;0,07;R
ES0000000000006410CCPF;04/01/2023;3;0,067;R
ES0000000000006410CCPF;04/01/2023;4;0,068;R
ES0000000000006410CCPF;04/01/2023;5;0,06;R
ES0000000000006410CCPF;04/01/2023;6;0,068;R
ES0000000000006410CCPF;04/01/2023;7;0,053;R
ES0000000000006410CCPF;04/01/2023;8;0,072;R
ES0000000000006410CCPF;04/01/2023;9;0,066;R
ES0000000000006410CCPF;04/01/2023;10;0,166;R
ES0000000000006410CCPF;04/01/2023;11;0,652;R
ES0000000000006410CCPF;04/01/2023;12;0,134;R
ES0000000000006410CCPF;04/01/2023;13;0,131;R
ES0000000000006410CCPF;04/01/2023;14;0,077;R
ES0000000000006410CCPF;04/01/2023;15;0,126;R
ES0000000000006410CCPF;04/01/2023;16;0,053;R
ES0000000000006410CCPF;04/01/2023;17;0,173;R
ES0000000000006410CCPF;04/01/2023;18;0,155;R
ES0000000000006410CCPF;04/01/2023;19;0,277;R
ES0000000000006410CCPF;04/01/2023;20;0,355;R
ES0000000000006410CCPF;04/01/2023;21;0,275;R
ES0000000000006410CCPF;04/01/2023;22;0,443;R
ES0000000000006410CCPF;04/01/2023;23;0,261;R
ES0000000000006410CCPF;05/01/2023;0;0,075;R
ES0000000000006410CCPF;05/01/2023;1;0,134;R
ES0000000000006410CCPF;05/01/2023;2;0,257;R
ES0000000000006410CCPF;05/01/2023;3;0,069;R
ES0000000000006410CCPF;05/01/2023;4;0,072;R
ES0000000000006410CCPF;05/01/2023;5;0,059;R
ES0000000000006410CCPF;05/01/2023;6;0,068;R
ES0000000000006410CCPF;05/01/2023;7;0,068;R
ES0000000000006410CCPF;05/01/2023;8;0,178;R
ES0000000000006410CCPF;05/01/2023;9;0,096;R
ES0000000000006410CCPF;05/01/2023;10;0,23;R
ES0000000000006410CCPF;05/01/2023;11;0,972;R
ES0000000000006410CCPF;05/01/2023;12;0,541;R
ES0000000000006410CCPF;05/01/2023;13;0,083;R
ES0000000000006410CCPF;05/01/2023;14;0,427;R
ES0000000000006410CCPF;05/01/2023;15;0,232;R
ES0000000000006410CCPF;05/01/2023;16;0,641;R
ES0000000000006410CCPF;05/01/2023;17;0,961;R
ES0000000000006410CCPF;05/01/2023;18;0,169;R
ES0000000000006410CCPF;05/01/2023;19;0,152;R
ES0000000000006410CCPF;05/01/2023;20;0,071;R
ES0000000000006410CCPF;05/01/2023;21;0,538;R
ES0000000000006410CCPF;05/01/2023;22;0,383;R
ES0000000000006410CCPF;05/01/2023;23;0,424;R
ES0000000000006410CCPF;06/01/2023;0;0,865;R
ES0000000000006410CCPF;06/01/2023;1;0,325;R
ES0000000000006410CCPF;06/01/2023;2;0,074;R
ES0000000000006410CCPF;06/01/2023;3;0,073;R
ES0000000000006410CCPF;06/01/2023;4;0,071;R
ES0000000000006410CCPF;06/01/2023;5;0,073;R
ES0000000000006410CCPF;06/01/2023;6;0,069;R
ES0000000000006410CCPF;06/01/2023;7;0,065;R
ES0000000000006410CCPF;06/01/2023;8;0,092;R
ES0000000000006410CCPF;06/01/2023;9;0,151;R
ES0000000000006410CCPF;06/01/2023;10;0,221;R
ES0000000000006410CCPF;06/01/2023;11;0,372;R
ES0000000000006410CCPF;06/01/2023;12;0,174;R
ES0000000000006410CCPF;06/01/2023;13;0,06;R
ES0000000000006410CCPF;06/01/2023;14;0,064;R
ES0000000000006410CCPF;06/01/2023;15;0,065;R
ES0000000000006410CCPF;06/01/2023;16;0,054;R
ES0000000000006410CCPF;06/01/2023;17;0,066;R
ES0000000000006410CCPF;06/01/2023;18;0,12;R
ES0000000000006410CCPF;06/01/2023;19;0,1;R
ES0000000000006410CCPF;06/01/2023;20;0,401;R
ES0000000000006410CCPF;06/01/2023;21;0,313;R
ES0000000000006410CCPF;06/01/2023;22;0,229;R
ES0000000000006410CCPF;06/01/2023;23;0,2;R
ES0000000000006410CCPF;07/01/2023;0;0,095;R
ES0000000000006410CCPF;07/01/2023;1;0,065;R
ES0000000000006410CCPF;07/01/2023;2;0,081;R
ES0000000000006410CCPF;07/01/2023;3;0,062;R
ES0000000000006410CCPF;07/01/2023;4;0,058;R
ES0000000000006410CCPF;07/01/2023;5;0,064;R
ES0000000000006410CCPF;07/01/2023;6;0,062;R
ES0000000000006410CCPF;07/01/2023;7;0,063;R
ES0000000000006410CCPF;07/01/2023;8;0,075;R
ES0000000000006410CCPF;07/01/2023;9;0,116;R
ES0000000000006410CCPF;07/01/2023;10;0,07;R
ES0000000000006410CCPF;07/01/2023;11;0,217;R
ES0000000000006410CCPF;07/01/2023;12;0,181;R
ES0000000000006410CCPF;07/01/2023;13;0,158;R
ES0000000000006410CCPF;07/01/2023;14;0,068;R
ES0000000000006410CCPF;07/01/2023;15;0,269;R
ES0000000000006410CCPF;07/01/2023;16;0,193;R
ES0000000000006410CCPF;07/01/2023;17;0,865;R
ES0000000000006410CCPF;07/01/2023;18;0,963;R
ES0000000000006410CCPF;07/01/2023;19;0,849;R
ES0000000000006410CCPF;07/01/2023;20;0,444;R
ES0000000000006410CCPF;07/01/2023;21;0,295;R
ES0000000000006410CCPF;07/01/2023;22;0,269;R
ES0000000000006410CCPF;07/01/2023;23;0,245;R
ES0000000000006410CCPF;08/01/2023;0;0,245;R
ES0000000000006410CCPF;08/01/2023;1;0,156;R
ES0000000000006410CCPF;08/01/2023;2;0,095;R
ES0000000000006410CCPF;08/01/2023;3;0,123;R
ES0000000000006410CCPF;08/01/2023;4;0,062;R
ES0000000000006410CCPF;08/01/2023;5;0,066;R
ES0000000000006410CCPF;08/01/2023;6;0,063;R
ES0000000000006410CCPF;08/01/2023;7;0,069;R
ES0000000000006410CCPF;08/01/2023;8;0,066;R
ES0000000000006410CCPF;08/01/2023;9;0,053;R
ES0000000000006410CCPF;08/01/2023;10;0,057;R
ES0000000000006410CCPF;08/01/2023;11;0,078;R
ES0000000000006410CCPF;08/01/2023;12;0,063;R
ES0000000000006410CCPF;08/01/2023;13;0,3;R
ES0000000000006410CCPF;08/01/2023;14;0,337;R
ES0000000000006410CCPF;08/01/2023;15;0,203;R
ES0000000000006410CCPF;08/01/2023;16;0,457;R
ES0000000000006410CCPF;08/01/2023;17;0,222;R
ES0000000000006410CCPF;08/01/2023;18;0,274;R
ES0000000000006410CCPF;08/01/2023;19;0,259;R
ES0000000000006410CCPF;08/01/2023;20;0,302;R
ES0000000000006410CCPF;08/01/2023;21;0,29;R
ES0000000000006410CCPF;08/01/2023;22;0,289;R
ES0000000000006410CCPF;08/01/2023;23;0,292;R
ES0000000000006410CCPF;09/01/2023;0;0,215;R
ES0000000000006410CCPF;09/01/2023;1;0,249;R
ES0000000000006410CCPF;09/01/2023;2;0,142;R
ES0000000000006410CCPF;09/01/2023;3;0,081;R
ES0000000000006410CCPF;09/01/2023;4;0,065;R
ES0000000000006410CCPF;09/01/2023;5;0,057;R
ES0000000000006410CCPF;09/01/2023;6;0,074;R
ES0000000000006410CCPF;09/01/2023;7;0,059;R
ES0000000000006410CCPF;09/01/2023;8;0,075;R
ES0000000000006410CCPF;09/01/2023;9;0,052;R
ES0000000000006410CCPF;09/01/2023;10;0,086;R
ES0000000000006410CCPF;09/01/2023;11;0,245;R
ES0000000000006410CCPF;09/01/2023;12;0,268;R
ES0000000000006410CCPF;09/01/2023;13;0,2;R
ES0000000000006410CCPF;09/01/2023;14;0,143;R
ES0000000000006410CCPF;09/01/2023;15;0,191;R
ES0000000000006410CCPF;09/01/2023;16;0,188;R
ES0000000000006410CCPF;09/01/2023;17;0,2;R
ES0000000000006410CCPF;09/01/2023;18;0,232;R
ES0000000000006410CCPF;09/01/2023;19;0,106;R
ES0000000000006410CCPF;09/01/2023;20;0,163;R
ES0000000000006410CCPF;09/01/2023;21;0,181;R
ES0000000000006410CCPF;09/01/2023;22;0,378;R
ES0000000000006410CCPF;09/01/2023;23;0,448;R
ES0000000000006410CCPF;10/01/2023;0;0,094;R
ES0000000000006410CCPF;10/01/2023;1;0,082;R
ES0000000000006410CCPF;10/01/2023;2;0,064;R
ES0000000000006410CCPF;10/01/2023;3;0,071;R
ES0000000000006410CCPF;10/01/2023;4;0,067;R
ES0000000000006410CCPF;10/01/2023;5;0,063;R
ES0000000000006410CCPF;10/01/2023;6;0,072;R
ES0000000000006410CCPF;10/01/2023;7;0,391;R
ES0000000000006410CCPF;10/01/2023;8;0,097;R
ES0000000000006410CCPF;10/01/2023;9;0,182;R
ES0000000000006410CCPF;10/01/2023;10;0,383;R
ES0000000000006410CCPF;10/01/2023;11;0,061;R
ES0000000000006410CCPF;10/01/2023;12;0,131;R
ES0000000000006410CCPF;10/01/2023;13;0,733;R
ES0000000000006410CCPF;10/01/2023;14;0,092;R
ES0000000000006410CCPF;10/01/2023;15;0,463;R
ES0000000000006410CCPF;10/01/2023;16;0,139;R
ES0000000000006410CCPF;10/01/2023;17;0,157;R
ES0000000000006410CCPF;10/01/2023;18;0,086;R
ES0000000000006410CCPF;10/01/2023;19;0,518;R
ES0000000000006410CCPF;10/01/2023;20;1,169;R
ES0000000000006410CCPF;10/01/2023;21;1,626;R
ES0000000000006410CCPF;10/01/2023;22;0,566;R
ES0000000000006410CCPF;10/01/2023;23;0,26;R
ES0000000000006410CCPF;11/01/2023;0;0,205;R
ES0000000000006410CCPF;11/01/2023;1;0,095;R
ES0000000000006410CCPF;11/01/2023;2;0,087;R
ES0000000000006410CCPF;11/01/2023;3;0,061;R
ES0000000000006410CCPF;11/01/2023;4;0,079;R
ES0000000000006410CCPF;11/01/2023;5;0,116;R
ES0000000000006410CCPF;11/01/2023;6;0,067;R
ES0000000000006410CCPF;11/01/2023;7;0,064;R
ES0000000000006410CCPF;11/01/2023;8;0,07;R
ES0000000000006410CCPF;11/01/2023;9;0,054;R
ES0000000000006410CCPF;11/01/2023;10;0,465;R
ES0000000000006410CCPF;11/01/2023;11;0,121;R
ES0000000000006410CCPF;11/01/2023;12;0,076;R
ES0000000000006410CCPF;11/01/2023;13;0,058;R
ES0000000000006410CCPF;11/01/2023;14;0,128;R
ES0000000000006410CCPF;11/01/2023;15;0,728;R
ES0000000000006410CCPF;11/01/2023;16;0,417;R
ES0000000000006410CCPF;11/01/2023;17;0,239;R
ES0000000000006410CCPF;11/01/2023;18;0,238;R
ES0000000000006410CCPF;11/01/2023;19;0,149;R
ES0000000000006410CCPF;11/01/2023;20;0,217;R
ES0000000000006410CCPF;11/01/2023;21;0,312;R
ES0000000000006410CCPF;11/01/2023;22;0,333;R
ES0000000000006410CCPF;11/01/2023;23;0,284;R
ES0000000000006410CCPF;12/01/2023;0;0,253;R
ES0000000000006410CCPF;12/01/2023;1;0,25;R
ES0000000000006410CCPF;12/01/2023;2;0,085;R
ES0000000000006410CCPF;12/01/2023;3;0,053;R
ES0000000000006410CCPF;12/01/2023;4;0,075;R
ES0000000000006410CCPF;12/01/2023;5;0,119;R
ES0000000000006410CCPF;12/01/2023;6;0,072;R
ES0000000000006410CCPF;12/01/2023;7;0,065;R
ES0000000000006410CCPF;12/01/2023;8;0,069;R
ES0000000000006410CCPF;12/01/2023;9;0,07;R
ES0000000000006410CCPF;12/01/2023;10;0,062;R
ES0000000000006410CCPF;12/01/2023;11;0,164;R
ES0000000000006410CCPF;12/01/2023;12;0,27;R
ES0000000000006410CCPF;12/01/2023;13;0,173;R
ES0000000000006410CCPF;12/01/2023;14;0,174;R
ES0000000000006410CCPF;12/01/2023;15;0,337;R
ES0000000000006410CCPF;12/01/2023;16;0,401;R
ES0000000000006410CCPF;12/01/2023;17;0,206;R
ES0000000000006410CCPF;12/01/2023;18;0,254;R
ES0000000000006410CCPF;12/01/2023;19;0,267;R
ES0000000000006410CCPF;12/01/2023;20;0,299;R
ES0000000000006410CCPF;12/01/2023;21;0,279;R
ES0000000000006410CCPF;12/01/2023;22;0,279;R
ES0000000000006410CCPF;12/01/2023;23;0,295;R
ES0000000000006410CCPF;13/01/2023;0;0,142;R
ES0000000000006410CCPF;13/01/2023;1;0,06;R
ES0000000000006410CCPF;13/01/2023;2;0,069;R
ES0000000000006410CCPF;13/01/2023;3;0,096;R
ES0000000000006410CCPF;13/01/2023;4;0,07;R
ES0000000000006410CCPF;13/01/2023;5;0,062;R
ES0000000000006410CCPF;13/01/2023;6;0,055;R
ES0000000000006410CCPF;13/01/2023;7;0,062;R
ES0000000000006410CCPF;13/01/2023;8;0,076;R
ES0000000000006410CCPF;13/01/2023;9;0,071;R
ES0000000000006410CCPF;13/01/2023;10;0,053;R
ES0000000000006410CCPF;13/01/2023;11;0,137;R
ES0000000000006410CCPF;13/01/2023;12;0,252;R
ES0000000000006410CCPF;13/01/2023;13;0,17;R
ES0000000000006410CCPF;13/01/2023;14;0,155;R
ES0000000000006410CCPF;13/01/2023;15;0,26;R
ES0000000000006410CCPF;13/01/2023;16;0,27;R
ES0000000000006410CCPF;13/01/2023;17;0,266;R
ES0000000000006410CCPF;13/01/2023;18;0,308;R
ES0000000000006410CCPF;13/01/2023;19;0,513;R
ES0000000000006410CCPF;13/01/2023;20;0,397;R
ES0000000000006410CCPF;13/01/2023;21;0,296;R
ES0000000000006410CCPF;13/01/2023;22;0,413;R
ES0000000000006410CCPF;13/01/2023;23;0,213;R
ES0000000000006410CCPF;14/01/2023;0;0,195;R
ES0000000000006410CCPF;14/01/2023;1;0,228;R
ES0000000000006410CCPF;14/01/2023;2;0,232;R
ES0000000000006410CCPF;14/01/2023;3;0,097;R
ES0000000000006410CCPF;14/01/2023;4;0,132;R
ES0000000000006410CCPF;14/01/2023;5;0,086;R
ES0000000000006410CCPF;14/01/2023;6;0,065;R
ES0000000000006410CCPF;14/01/2023;7;0,076;R
ES0000000000006410CCPF;14/01/2023;8;0,052;R
ES0000000000006410CCPF;14/01/2023;9;0,065;R
ES0000000000006410CCPF;14/01/2023;10;0,066;R
ES0000000000006410CCPF;14/01/2023;11;0,063;R
ES0000000000006410CCPF;14/01/2023;12;0,348;R
ES0000000000006410CCPF;14/01/2023;13;0,208;R
ES0000000000006410CCPF;14/01/2023;14;0,717;R
ES0000000000006410CCPF;14/01/2023;15;1,497;R
ES0000000000006410CCPF;14/01/2023;16;1,722;R
ES0000000000006410CCPF;14/01/2023;17;0,419;R
ES0000000000006410CCPF;14/01/2023;18;0,179;R
ES0000000000006410CCPF;14/01/2023;19;0,093;R
ES0000000000006410CCPF;14/01/2023;20;0,138;R
ES0000000000006410CCPF;14/01/2023;21;0,134;R
ES0000000000006410CCPF;14/01/2023;22;0,068;R
ES0000000000006410CCPF;14/01/2023;23;0,118;R
ES0000000000006410CCPF;15/01/2023;0;0,107;R
ES0000000000006410CCPF;15/01/2023;1;0,064;R
ES0000000000006410CCPF;15/01/2023;2;0,186;R
ES0000000000006410CCPF;15/01/2023;3;0,102;R
ES0000000000006410CCPF;15/01/2023;4;0,074;R
ES0000000000006410CCPF;15/01/2023;5;0,063;R
ES0000000000006410CCPF;15/01/2023;6;0,054;R
ES0000000000006410CCPF;15/01/2023;7;0,063;R
ES0000000000006410CCPF;15/01/2023;8;0,066;R
ES0000000000006410CCPF;15/01/2023;9;0,064;R
ES0000000000006410CCPF;15/01/2023;10;0,328;R
ES0000000000006410CCPF;15/01/2023;11;0,251;R
ES0000000000006410CCPF;15/01/2023;12;0,246;R
ES0000000000006410CCPF;15/01/2023;13;0,122;R
ES0000000000006410CCPF;15/01/2023;14;0,085;R
ES0000000000006410CCPF;15/01/2023;15;0,122;R
ES0000000000006410CCPF;15/01/2023;16;1,114;R
ES0000000000006410CCPF;15/01/2023;17;1,072;R
ES0000000000006410CCPF;15/01/2023;18;0,322;R
ES0000000000006410CCPF;15/01/2023;19;0,266;R
ES0000000000006410CCPF;15/01/2023;20;0,246;R
ES0000000000006410CCPF;15/01/2023;21;0,293;R
ES0000000000006410CCPF;15/01/2023;22;0,41;R
ES0000000000006410CCPF;15/01/2023;23;0,922;R
ES0000000000006410CCPF;16/01/2023;0;0,794;R
ES0000000000006410CCPF;16/01/2023;1;0,233;R
ES0000000000006410CCPF;16/01/2023;2;0,081;R
ES0000000000006410CCPF;16/01/2023;3;0,065;R
ES0000000000006410CCPF;16/01/2023;4;0,06;R
ES0000000000006410CCPF;16/01/2023;5;0,064;R
ES0000000000006410CCPF;16/01/2023;6;0,072;R
ES0000000000006410CCPF;16/01/2023;7;0,056;R
ES0000000000006410CCPF;16/01/2023;8;0,071;R
ES0000000000006410CCPF;16/01/2023;9;0,119;R
ES0000000000006410CCPF;16/01/2023;10;0,321;R
ES0000000000006410CCPF;16/01/2023;11;0,206;R
ES0000000000006410CCPF;16/01/2023;12;0,196;R
ES0000000000006410CCPF;16/01/2023;13;0,149;R
ES0000000000006410CCPF;16/01/2023;14;0,342;R
ES0000000000006410CCPF;16/01/2023;15;0,634;R
ES0000000000006410CCPF;16/01/2023;16;0,159;R
ES0000000000006410CCPF;16/01/2023;17;0,176;R
ES0000000000006410CCPF;16/01/2023;18;0,183;R
ES0000000000006410CCPF;16/01/2023;19;0,262;R
ES0000000000006410CCPF;16/01/2023;20;0,364;R
ES0000000000006410CCPF;16/01/2023;21;0,4;R
ES0000000000006410CCPF;16/01/2023;22;0,373;R
ES0000000000006410CCPF;16/01/2023;23;0,34;R
ES0000000000006410CCPF;17/01/2023;0;0,32;R
ES0000000000006410CCPF;17/01/2023;1;0,218;R
ES0000000000006410CCPF;17/01/2023;2;0,187;R
ES0000000000006410CCPF;17/01/2023;3;0,09;R
ES0000000000006410CCPF;17/01/2023;4;0,076;R
ES0000000000006410CCPF;17/01/2023;5;0,072;R
ES0000000000006410CCPF;17/01/2023;6;0,047;R
ES0000000000006410CCPF;17/01/2023;7;0,072;R
ES0000000000006410CCPF;17/01/2023;8;0,053;R
ES0000000000006410CCPF;17/01/2023;9;0,068;R
ES0000000000006410CCPF;17/01/2023;10;0,233;R
ES0000000000006410CCPF;17/01/2023;11;0,134;R
ES0000000000006410CCPF;17/01/2023;12;0,065;R
ES0000000000006410CCPF;17/01/2023;13;0,059;R
ES0000000000006410CCPF;17/01/2023;14;0,059;R
ES0000000000006410CCPF;17/01/2023;15;0,125;R
ES0000000000006410CCPF;17/01/2023;16;0,12;R
ES0000000000006410CCPF;17/01/2023;17;0,196;R
ES0000000000006410CCPF;17/01/2023;18;0,333;R
ES0000000000006410CCPF;17/01/2023;19;0,234;R
ES0000000000006410CCPF;17/01/2023;20;0,245;R
ES0000000000006410CCPF;17/01/2023;21;0,305;R
ES0000000000006410CCPF;17/01/2023;22;1,111;R
ES0000000000006410CCPF;17/01/2023;23;0,353;R
ES0000000000006410CCPF;18/01/2023;0;0,206;R
ES0000000000006410CCPF;18/01/2023;1;0,112;R
ES0000000000006410CCPF;18/01/2023;2;0,082;R
ES0000000000006410CCPF;18/01/2023;3;0,062;R
ES0000000000006410CCPF;18/01/2023;4;0,079;R
ES0000000000006410CCPF;18/01/2023;5;0,054;R
ES0000000000006410CCPF;18/01/2023;6;0,063;R
ES0000000000006410CCPF;18/01/2023;7;0,064;R
ES0000000000006410CCPF;18/01/2023;8;0,058;R
ES0000000000006410CCPF;18/01/2023;9;0,062;R
ES0000000000006410CCPF;18/01/2023;10;0,865;R
ES0000000000006410CCPF;18/01/2023;11;0,949;R
ES0000000000006410CCPF;18/01/2023;12;0,342;R
ES0000000000006410CCPF;18/01/2023;13;0,162;R
ES0000000000006410CCPF;18/01/2023;14;0,169;R
ES0000000000006410CCPF;18/01/2023;15;0,358;R
ES0000000000006410CCPF;18/01/2023;16;0,169;R
ES0000000000006410CCPF;18/01/2023;17;0,169;R
ES0000000000006410CCPF;18/01/2023;18;0,229;R
ES0000000000006410CCPF;18/01/2023;19;0,502;R
ES0000000000006410CCPF;18/01/2023;20;0,295;R
ES0000000000006410CCPF;18/01/2023;21;0,327;R
ES0000000000006410CCPF;18/01/2023;22;0,293;R
ES0000000000006410CCPF;18/01/2023;23;0,42;R
ES0000000000006410CCPF;19/01/2023;0;0,221;R
ES0000000000006410CCPF;19/01/2023;1;0,092;R
ES0000000000006410CCPF;19/01/2023;2;0,066;R
ES0000000000006410CCPF;19/01/2023;3;0,069;R
ES0000000000006410CCPF;19/01/2023;4;0,054;R
ES0000000000006410CCPF;19/01/2023;5;0,061;R
ES0000000000006410CCPF;19/01/2023;6;0,079;R
ES0000000000006410CCPF;19/01/2023;7;0,053;R
ES0000000000006410CCPF;19/01/2023;8;0,114;R
ES0000000000006410CCPF;19/01/2023;9;0,208;R
ES0000000000006410CCPF;19/01/2023;10;0,27;R
ES0000000000006410CCPF;19/01/2023;11;0,171;R
ES0000000000006410CCPF;19/01/2023;12;0,18;R
ES0000000000006410CCPF;19/01/2023;13;0,151;R
ES0000000000006410CCPF;19/01/2023;14;0,377;R
ES0000000000006410CCPF;19/01/2023;15;0,454;R
ES0000000000006410CCPF;19/01/2023;16;0,368;R
ES0000000000006410CCPF;19/01/2023;17;0,282;R
ES0000000000006410CCPF;19/01/2023;18;0,239;R
ES0000000000006410CCPF;19/01/2023;19;0,239;R
ES0000000000006410CCPF;19/01/2023;20;0,346;R
ES0000000000006410CCPF;19/01/2023;21;0,312;R
ES0000000000006410CCPF;19/01/2023;22;0,332;R
ES0000000000006410CCPF;19/01/2023;23;0,305;R
ES0000000000006410CCPF;20/01/2023;0;0,185;R
ES0000000000006410CCPF;20/01/2023;1;0,089;R
ES0000000000006410CCPF;20/01/2023;2;0,064;R
ES0000000000006410CCPF;20/01/2023;3;0,063;R
ES0000000000006410CCPF;20/01/2023;4;0,059;R
ES0000000000006410CCPF;20/01/2023;5;0,063;R
ES0000000000006410CCPF;20/01/2023;6;0,066;R
ES0000000000006410CCPF;20/01/2023;7;0,055;R
ES0000000000006410CCPF;20/01/2023;8;0,066;R
ES0000000000006410CCPF;20/01/2023;9;0,164;R
ES0000000000006410CCPF;20/01/2023;10;0,172;R
ES0000000000006410CCPF;20/01/2023;11;0,144;R
ES0000000000006410CCPF;20/01/2023;12;0,103;R
ES0000000000006410CCPF;20/01/2023;13;0,091;R
ES0000000000006410CCPF;20/01/2023;14;0,158;R
ES0000000000006410CCPF;20/01/2023;15;0,669;R
ES0000000000006410CCPF;20/01/2023;16;0,225;R
ES0000000000006410CCPF;20/01/2023;17;0,274;R
ES0000000000006410CCPF;20/01/2023;18;0,332;R
ES0000000000006410CCPF;20/01/2023;19;0,382;R
ES0000000000006410CCPF;20/01/2023;20;0,312;R
ES0000000000006410CCPF;20/01/2023;21;0,27;R
ES0000000000006410CCPF;20/01/2023;22;0,293;R
ES0000000000006410CCPF;20/01/2023;23;0,273;R
ES0000000000006410CCPF;21/01/2023;0;0,178;R
ES0000000000006410CCPF;21/01/2023;1;0,076;R
ES0000000000006410CCPF;21/01/2023;2;0,094;R
ES0000000000006410CCPF;21/01/2023;3;0,083;R
ES0000000000006410CCPF;21/01/2023;4;0,061;R
ES0000000000006410CCPF;21/01/2023;5;0,064;R
ES0000000000006410CCPF;21/01/2023;6;0,065;R
ES0000000000006410CCPF;21/01/2023;7;0,065;R
ES0000000000006410CCPF;21/01/2023;8;0,059;R
ES0000000000006410CCPF;21/01/2023;9;0,058;R
ES0000000000006410CCPF;21/01/2023;10;0,061;R
ES0000000000006410CCPF;21/01/2023;11;0,301;R
ES0000000000006410CCPF;21/01/2023;12;0,827;R
ES0000000000006410CCPF;21/01/2023;13;0,119;R
ES0000000000006410CCPF;21/01/2023;14;0,313;R
ES0000000000006410CCPF;21/01/2023;15;0,125;R
ES0000000000006410CCPF;21/01/2023;16;0,606;R
ES0000000000006410CCPF;21/01/2023;17;0,615;R
ES0000000000006410CCPF;21/01/2023;18;0,489;R
ES0000000000006410CCPF;21/01/2023;19;1,487;R
ES0000000000006410CCPF;21/01/2023;20;0,496;R
ES0000000000006410CCPF;21/01/2023;21;0,233;R
ES0000000000006410CCPF;21/01/2023;22;0,304;R
ES0000000000006410CCPF;21/01/2023;23;0,258;R
ES0000000000006410CCPF;22/01/2023;0;0,264;R
ES0000000000006410CCPF;22/01/2023;1;0,218;R
ES0000000000006410CCPF;22/01/2023;2;0,106;R
ES0000000000006410CCPF;22/01/2023;3;0,073;R
ES0000000000006410CCPF;22/01/2023;4;0,089;R
ES0000000000006410CCPF;22/01/2023;5;0,063;R
ES0000000000006410CCPF;22/01/2023;6;0,078;R
ES0000000000006410CCPF;22/01/2023;7;0,085;R
ES0000000000006410CCPF;22/01/2023;8;0,071;R
ES0000000000006410CCPF;22/01/2023;9;0,085;R
ES0000000000006410CCPF;22/01/2023;10;0,085;R
ES0000000000006410CCPF;22/01/2023;11;0,095;R
ES0000000000006410CCPF;22/01/2023;12;0,27;R
ES0000000000006410CCPF;22/01/2023;13;1,395;R
ES0000000000006410CCPF;22/01/2023;14;1,194;R
ES0000000000006410CCPF;22/01/2023;15;0,213;R
ES0000000000006410CCPF;22/01/2023;16;0,191;R
ES0000000000006410CCPF;22/01/2023;17;0,158;R
ES0000000000006410CCPF;22/01/2023;18;0,198;R
ES0000000000006410CCPF;22/01/2023;19;0,309;R
ES0000000000006410CCPF;22/01/2023;20;1,025;R
ES0000000000006410CCPF;22/01/2023;21;0,462;R
ES0000000000006410CCPF;22/01/2023;22;0,294;R
ES0000000000006410CCPF;22/01/2023;23;0,3;R
ES0000000000006410CCPF;23/01/2023;0;0,108;R
ES0000000000006410CCPF;23/01/2023;1;0,083;R
ES0000000000006410CCPF;23/01/2023;2;0,057;R
ES0000000000006410CCPF;23/01/2023;3;0,068;R
ES0000000000006410CCPF;23/01/2023;4;0,069;R
ES0000000000006410CCPF;23/01/2023;5;0,066;R
ES0000000000006410CCPF;23/01/2023;6;0,06;R
ES0000000000006410CCPF;23/01/2023;7;0,062;R
ES0000000000006410CCPF;23/01/2023;8;0,059;R
ES0000000000006410CCPF;23/01/2023;9;0,131;R
ES0000000000006410CCPF;23/01/2023;10;0,091;R
ES0000000000006410CCPF;23/01/2023;11;0,068;R
ES0000000000006410CCPF;23/01/2023;12;0,117;R
ES0000000000006410CCPF;23/01/2023;13;0,078;R
ES0000000000006410CCPF;23/01/2023;14;0,308;R
ES0000000000006410CCPF;23/01/2023;15;0,298;R
ES0000000000006410CCPF;23/01/2023;16;0,266;R
ES0000000000006410CCPF;23/01/2023;17;0,268;R
ES0000000000006410CCPF;23/01/2023;18;0,236;R
ES0000000000006410CCPF;23/01/2023;19;0,248;R
ES0000000000006410CCPF;23/01/2023;20;0,381;R
ES0000000000006410CCPF;23/01/2023;21;0,331;R
ES0000000000006410CCPF;23/01/2023;22;0,277;R
ES0000000000006410CCPF;23/01/2023;23;0,298;R
ES0000000000006410CCPF;24/01/2023;0;0,269;R
ES0000000000006410CCPF;24/01/2023;1;0,082;R
ES0000000000006410CCPF;24/01/2023;2;0,072;R
ES0000000000006410CCPF;24/01/2023;3;0,059;R
ES0000000000006410CCPF;24/01/2023;4;0,069;R
ES0000000000006410CCPF;24/01/2023;5;0,058;R
ES0000000000006410CCPF;24/01/2023;6;0,061;R
ES0000000000006410CCPF;24/01/2023;7;0,068;R
ES0000000000006410CCPF;24/01/2023;8;0,066;R
ES0000000000006410CCPF;24/01/2023;9;0,059;R
ES0000000000006410CCPF;24/01/2023;10;0,116;R
ES0000000000006410CCPF;24/01/2023;11;0,248;R
ES0000000000006410CCPF;24/01/2023;12;0,277;R
ES0000000000006410CCPF;24/01/2023;13;0,165;R
ES0000000000006410CCPF;24/01/2023;14;0,144;R
ES0000000000006410CCPF;24/01/2023;15;0,785;R
ES0000000000006410CCPF;24/01/2023;16;0,183;R
ES0000000000006410CCPF;24/01/2023;17;0,175;R
ES0000000000006410CCPF;24/01/2023;18;0,167;R
ES0000000000006410CCPF;24/01/2023;19;0,219;R
ES0000000000006410CCPF;24/01/2023;20;0,308;R
ES0000000000006410CCPF;24/01/2023;21;0,369;R
ES0000000000006410CCPF;24/01/2023;22;0,341;R
ES0000000000006410CCPF;24/01/2023;23;0,362;R
ES0000000000006410CCPF;25/01/2023;0;0,255;R
ES0000000000006410CCPF;25/01/2023;1;0,146;R
ES0000000000006410CCPF;25/01/2023;2;0,072;R
ES0000000000006410CCPF;25/01/2023;3;0,069;R
ES0000000000006410CCPF;25/01/2023;4;0,06;R
ES0000000000006410CCPF;25/01/2023;5;0,062;R
ES0000000000006410CCPF;25/01/2023;6;0,071;R
ES0000000000006410CCPF;25/01/2023;7;0,068;R
ES0000000000006410CCPF;25/01/2023;8;0,066;R
ES0000000000006410CCPF;25/01/2023;9;0,074;R
ES0000000000006410CCPF;25/01/2023;10;0,297;R
ES0000000000006410CCPF;25/01/2023;11;0,276;R
ES0000000000006410CCPF;25/01/2023;12;0,284;R
ES0000000000006410CCPF;25/01/2023;13;0,186;R
ES0000000000006410CCPF;25/01/2023;14;0,191;R
ES0000000000006410CCPF;25/01/2023;15;0,186;R
ES0000000000006410CCPF;25/01/2023;16;0,489;R
ES0000000000006410CCPF;25/01/2023;17;0,42;R
ES0000000000006410CCPF;25/01/2023;18;0,344;R
ES0000000000006410CCPF;25/01/2023;19;0,188;R
ES0000000000006410CCPF;25/01/2023;20;1,245;R
ES0000000000006410CCPF;25/01/2023;21;0,411;R
ES0000000000006410CCPF;25/01/2023;22;0,321;R
ES0000000000006410CCPF;25/01/2023;23;0,256;R
ES0000000000006410CCPF;26/01/2023;0;0,599;R
ES0000000000006410CCPF;26/01/2023;1;0,4;R
ES0000000000006410CCPF;26/01/2023;2;0,074;R
ES0000000000006410CCPF;26/01/2023;3;0,092;R
ES0000000000006410CCPF;26/01/2023;4;0,082;R
ES0000000000006410CCPF;26/01/2023;5;0,074;R
ES0000000000006410CCPF;26/01/2023;6;0,052;R
ES0000000000006410CCPF;26/01/2023;7;0,061;R
ES0000000000006410CCPF;26/01/2023;8;0,063;R
ES0000000000006410CCPF;26/01/2023;9;0,058;R
ES0000000000006410CCPF;26/01/2023;10;0,085;R
ES0000000000006410CCPF;26/01/2023;11;0,155;R
ES0000000000006410CCPF;26/01/2023;12;0,192;R
ES0000000000006410CCPF;26/01/2023;13;0,124;R
ES0000000000006410CCPF;26/01/2023;14;0,107;R
ES0000000000006410CCPF;26/01/2023;15;0,126;R
ES0000000000006410CCPF;26/01/2023;16;1,002;R
ES0000000000006410CCPF;26/01/2023;17;0,52;R
ES0000000000006410CCPF;26/01/2023;18;0,279;R
ES0000000000006410CCPF;26/01/2023;19;0,641;R
ES0000000000006410CCPF;26/01/2023;20;0,451;R
ES0000000000006410CCPF;26/01/2023;21;0,333;R
ES0000000000006410CCPF;26/01/2023;22;0,362;R
ES0000000000006410CCPF;26/01/2023;23;0,266;R
ES0000000000006410CCPF;27/01/2023;0;0,309;R
ES0000000000006410CCPF;27/01/2023;1;0,177;R
ES0000000000006410CCPF;27/01/2023;2;0,083;R
ES0000000000006410CCPF;27/01/2023;3;0,062;R
ES0000000000006410CCPF;27/01/2023;4;0,057;R
ES0000000000006410CCPF;27/01/2023;5;0,064;R
ES0000000000006410CCPF;27/01/2023;6;0,062;R
ES0000000000006410CCPF;27/01/2023;7;0,063;R
ES0000000000006410CCPF;27/01/2023;8;0,075;R
ES0000000000006410CCPF;27/01/2023;9;0,061;R
ES0000000000006410CCPF;27/01/2023;10;0,155;R
ES0000000000006410CCPF;27/01/2023;11;0,078;R
ES0000000000006410CCPF;27/01/2023;12;0,057;R
ES0000000000006410CCPF;27/01/2023;13;0,058;R
ES0000000000006410CCPF;27/01/2023;14;0,066;R
ES0000000000006410CCPF;27/01/2023;15;0,064;R
ES0000000000006410CCPF;27/01/2023;16;0,071;R
ES0000000000006410CCPF;27/01/2023;17;0,097;R
ES0000000000006410CCPF;27/01/2023;18;0,065;R
ES0000000000006410CCPF;27/01/2023;19;0,053;R
ES0000000000006410CCPF;27/01/2023;20;0,056;R
ES0000000000006410CCPF;27/01/2023;21;0,125;R
ES0000000000006410CCPF;27/01/2023;22;0,062;R
ES0000000000006410CCPF;27/01/2023;23;0,056;R
ES0000000000006410CCPF;28/01/2023;0;0,105;R
ES0000000000006410CCPF;28/01/2023;1;0,088;R
ES0000000000006410CCPF;28/01/2023;2;0,095;R
ES0000000000006410CCPF;28/01/2023;3;0,109;R
ES0000000000006410CCPF;28/01/2023;4;0,089;R
ES0000000000006410CCPF;28/01/2023;5;0,071;R
ES0000000000006410CCPF;28/01/2023;6;0,087;R
ES0000000000006410CCPF;28/01/2023;7;0,09;R
ES0000000000006410CCPF;28/01/2023;8;0,07;R
ES0000000000006410CCPF;28/01/2023;9;0,12;R
ES0000000000006410CCPF;28/01/2023;10;0,063;R
ES0000000000006410CCPF;28/01/2023;11;0,09;R
ES0000000000006410CCPF;28/01/2023;12;0,092;R
ES0000000000006410CCPF;28/01/2023;13;0,057;R
ES0000000000006410CCPF;28/01/2023;14;0,113;R
ES0000000000006410CCPF;28/01/2023;15;0,08;R
ES0000000000006410CCPF;28/01/2023;16;0,048;R
ES0000000000006410CCPF;28/01/2023;17;0,061;R
ES0000000000006410CCPF;28/01/2023;18;0,116;R
ES0000000000006410CCPF;28/01/2023;19;0,063;R
ES0000000000006410CCPF;28/01/2023;20;0,062;R
ES0000000000006410CCPF;28/01/2023;21;0,113;R
ES0000000000006410CCPF;28/01/2023;22;0,065;R
ES0000000000006410CCPF;28/01/2023;23;0,095;R
ES0000000000006410CCPF;29/01/2023;0;0,079;R
ES0000000000006410CCPF;29/01/2023;1;0,063;R
ES0000000000006410CCPF;29/01/2023;2;0,123;R
ES0000000000006410CCPF;29/01/2023;3;0,056;R
ES0000000000006410CCPF;29/01/2023;4;0,07;R
ES0000000000006410CCPF;29/01/2023;5;0,119;R
ES0000000000006410CCPF;29/01/2023;6;0,054;R
ES0000000000006410CCPF;29/01/2023;7;0,119;R
ES0000000000006410CCPF;29/01/2023;8;0,07;R
ES0000000000006410CCPF;29/01/2023;9;0,087;R
ES0000000000006410CCPF;29/01/2023;10;0,096;R
ES0000000000006410CCPF;29/01/2023;11;0,068;R
ES0000000000006410CCPF;29/01/2023;12;0,116;R
ES0000000000006410CCPF;29/01/2023;13;0,055;R
ES0000000000006410CCPF;29/01/2023;14;0,125;R
ES0000000000006410CCPF;29/01/2023;15;0,063;R
ES0000000000006410CCPF;29/01/2023;16;0,066;R
ES0000000000006410CCPF;29/01/2023;17;0,135;R
ES0000000000006410CCPF;29/01/2023;18;0,495;R
ES0000000000006410CCPF;29/01/2023;19;0,377;R
ES0000000000006410CCPF;29/01/2023;20;0,456;R
ES0000000000006410CCPF;29/01/2023;21;0,564;R
ES0000000000006410CCPF;29/01/2023;22;0,431;R
ES0000000000006410CCPF;29/01/2023;23;0,207;R
ES0000000000006410CCPF;30/01/2023;0;0,062;R
ES0000000000006410CCPF;30/01/2023;1;0,063;R
ES0000000000006410CCPF;30/01/2023;2;0,066;R
ES0000000000006410CCPF;30/01/2023;3;0,068;R
ES0000000000006410CCPF;30/01/2023;4;0,058;R
ES0000000000006410CCPF;30/01/2023;5;0,072;R
ES0000000000006410CCPF;30/01/2023;6;0,119;R
ES0000000000006410CCPF;30/01/2023;7;0,053;R
ES0000000000006410CCPF;30/01/2023;8;0,135;R
ES0000000000006410CCPF;30/01/2023;9;0,05;R
ES0000000000006410CCPF;30/01/2023;10;0,581;R
ES0000000000006410CCPF;30/01/2023;11;0,886;R
ES0000000000006410CCPF;30/01/2023;12;0,244;R
ES0000000000006410CCPF;30/01/2023;13;0,22;R
ES0000000000006410CCPF;30/01/2023;14;0,753;R
ES0000000000006410CCPF;30/01/2023;15;0,468;R
ES0000000000006410CCPF;30/01/2023;16;0,502;R
ES0000000000006410CCPF;30/01/2023;17;0,313;R
ES0000000000006410CCPF;30/01/2023;18;0,285;R
ES0000000000006410CCPF;30/01/2023;19;0,356;R
ES0000000000006410CCPF;30/01/2023;20;0,509;R
ES0000000000006410CCPF;30/01/2023;21;0,364;R
ES0000000000006410CCPF;30/01/2023;22;0,34;R
ES0000000000006410CCPF;30/01/2023;23;0,495;R
ES0000000000006410CCPF;31/01/2023;0;0,22;R
ES0000000000006410CCPF;31/01/2023;1;0,08;R
ES0000000000006410CCPF;31/01/2023;2;0,092;R
ES0000000000006410CCPF;31/01/2023;3;0,076;R
ES0000000000006410CCPF;31/01/2023;4;0,097;R
ES0000000000006410CCPF;31/01/2023;5;0,067;R
ES0000000000006410CCPF;31/01/2023;6;0,094;R
ES0000000000006410CCPF;31/01/2023;7;0,07;R
ES0000000000006410CCPF;31/01/2023;8;0,077;R
ES0000000000006410CCPF;31/01/2023;9;0,135;R
ES0000000000006410CCPF;31/01/2023;10;0,662;R
ES0000000000006410CCPF;31/01/2023;11;0,154;R
ES0000000000006410CCPF;31/01/2023;12;0,073;R
ES0000000000006410CCPF;31/01/2023;13;0,064;R
ES0000000000006410CCPF;31/01/2023;14;0,062;R
ES0000000000006410CCPF;31/01/2023;15;0,056;R
ES0000000000006410CCPF;31/01/2023;16;0,542;R
ES0000000000006410CCPF;31/01/2023;17;0,227;R
ES0000000000006410CCPF;31/01/2023;18;0,278;R
ES0000000000006410CCPF;31/01/2023;19;0,181;R
ES0000000000006410CCPF;31/01/2023;20;0,211;R
ES0000000000006410CCPF;31/01/2023;21;0,294;R
ES0000000000006410CCPF;31/01/2023;22;1,066;R
ES0000000000006410CCPF;31/01/2023;23;0,814;R
ES0000000000006410CCPF;01/02/2023;0;0,748;R
ES0000000000006410CCPF;01/02/2023;1;0,109;R
ES0000000000006410CCPF;01/02/2023;2;0,065;R
ES0000000000006410CCPF;01/02/2023;3;0,065;R
ES0000000000006410CCPF;01/02/2023;4;0,065;R
ES0000000000006410CCPF;01/02/2023;5;0,082;R
ES0000000000006410CCPF;01/02/2023;6;0,051;R
ES0000000000006410CCPF;01/02/2023;7;0,064;R
ES0000000000006410CCPF;01/02/2023;8;0,101;R
ES0000000000006410CCPF;01/02/2023;9;0,281;R
ES0000000000006410CCPF;01/02/2023;10;0,083;R
ES0000000000006410CCPF;01/02/2023;11;0,063;R
ES0000000000006410CCPF;01/02/2023;12;0,066;R
ES0000000000006410CCPF;01/02/2023;13;0,129;R
ES0000000000006410CCPF;01/02/2023;14;0,151;R
ES0000000000006410CCPF;01/02/2023;15;0,157;R
ES0000000000006410CCPF;01/02/2023;16;0,153;R
ES0000000000006410CCPF;01/02/2023;17;0,122;R
ES0000000000006410CCPF;01/02/2023;18;0,108;R
ES0000000000006410CCPF;01/02/2023;19;0,119;R
ES0000000000006410CCPF;01/02/2023;20;0,472;R
ES0000000000006410CCPF;01/02/2023;21;0,469;R
ES0000000000006410CCPF;01/02/2023;22;0,629;R
ES0000000000006410CCPF;01/02/2023;23;0,761;R
ES0000000000006410CCPF;02/02/2023;0;0,272;R
ES0000000000006410CCPF;02/02/2023;1;0,184;R
ES0000000000006410CCPF;02/02/2023;2;0,071;R
ES0000000000006410CCPF;02/02/2023;3;0,117;R
ES0000000000006410CCPF;02/02/2023;4;0,083;R
ES0000000000006410CCPF;02/02/2023;5;0,06;R
ES0000000000006410CCPF;02/02/2023;6;0,068;R
ES0000000000006410CCPF;02/02/2023;7;0,105;R
ES0000000000006410CCPF;02/02/2023;8;0,297;R
ES0000000000006410CCPF;02/02/2023;9;0,082;R
ES0000000000006410CCPF;02/02/2023;10;0,385;R
ES0000000000006410CCPF;02/02/2023;11;0,175;R
ES0000000000006410CCPF;02/02/2023;12;0,451;R
ES0000000000006410CCPF;02/02/2023;13;0,102;R
ES0000000000006410CCPF;02/02/2023;14;0,056;R
ES0000000000006410CCPF;02/02/2023;15;0,059;R
ES0000000000006410CCPF;02/02/2023;16;0,065;R
ES0000000000006410CCPF;02/02/2023;17;0,071;R
ES0000000000006410CCPF;02/02/2023;18;0,05;R
ES0000000000006410CCPF;02/02/2023;19;0,12;R
ES0000000000006410CCPF;02/02/2023;20;0,189;R
ES0000000000006410CCPF;02/02/2023;21;0,162;R
ES0000000000006410CCPF;02/02/2023;22;0,924;R
ES0000000000006410CCPF;02/02/2023;23;1,356;R
ES0000000000006410CCPF;03/02/2023;0;0,354;R
ES0000000000006410CCPF;03/02/2023;1;0,357;R
ES0000000000006410CCPF;03/02/2023;2;0,894;R
ES0000000000006410CCPF;03/02/2023;3;0,332;R
ES0000000000006410CCPF;03/02/2023;4;0,107;R
ES0000000000006410CCPF;03/02/2023;5;0,071;R
ES0000000000006410CCPF;03/02/2023;6;0,07;R
ES0000000000006410CCPF;03/02/2023;7;0,103;R
ES0000000000006410CCPF;03/02/2023;8;0,251;R
ES0000000000006410CCPF;03/02/2023;9;0,076;R
ES0000000000006410CCPF;03/02/2023;10;0,074;R
ES0000000000006410CCPF;03/02/2023;11;0,227;R
ES0000000000006410CCPF;03/02/2023;12;0,152;R
ES0000000000006410CCPF;03/02/2023;13;0,153;R
ES0000000000006410CCPF;03/02/2023;14;1,091;R
ES0000000000006410CCPF;03/02/2023;15;1,154;R
ES0000000000006410CCPF;03/02/2023;16;0,454;R
ES0000000000006410CCPF;03/02/2023;17;0,111;R
ES0000000000006410CCPF;03/02/2023;18;0,13;R
ES0000000000006410CCPF;03/02/2023;19;0,266;R
ES0000000000006410CCPF;03/02/2023;20;0,408;R
ES0000000000006410CCPF;03/02/2023;21;0,165;R
ES0000000000006410CCPF;03/02/2023;22;0,22;R
ES0000000000006410CCPF;03/02/2023;23;0,233;R
ES0000000000006410CCPF;04/02/2023;0;0,104;R
ES0000000000006410CCPF;04/02/2023;1;0,147;R
ES0000000000006410CCPF;04/02/2023;2;0,082;R
ES0000000000006410CCPF;04/02/2023;3;0,069;R
ES0000000000006410CCPF;04/02/2023;4;0,064;R
ES0000000000006410CCPF;04/02/2023;5;0,068;R
ES0000000000006410CCPF;04/02/2023;6;0,059;R
ES0000000000006410CCPF;04/02/2023;7;0,072;R
ES0000000000006410CCPF;04/02/2023;8;0,166;R
ES0000000000006410CCPF;04/02/2023;9;0,156;R
ES0000000000006410CCPF;04/02/2023;10;0,08;R
ES0000000000006410CCPF;04/02/2023;11;0,27;R
ES0000000000006410CCPF;04/02/2023;12;0,286;R
ES0000000000006410CCPF;04/02/2023;13;0,191;R
ES0000000000006410CCPF;04/02/2023;14;0,147;R
ES0000000000006410CCPF;04/02/2023;15;0,158;R
ES0000000000006410CCPF;04/02/2023;16;0,165;R
ES0000000000006410CCPF;04/02/2023;17;0,134;R
ES0000000000006410CCPF;04/02/2023;18;0,081;R
ES0000000000006410CCPF;04/02/2023;19;0,138;R
ES0000000000006410CCPF;04/02/2023;20;0,183;R
ES0000000000006410CCPF;04/02/2023;21;0,218;R
ES0000000000006410CCPF;04/02/2023;22;0,26;R
ES0000000000006410CCPF;04/02/2023;23;0,138;R
ES0000000000006410CCPF;05/02/2023;0;0,185;R
ES0000000000006410CCPF;05/02/2023;1;0,123;R
ES0000000000006410CCPF;05/02/2023;2;0,126;R
ES0000000000006410CCPF;05/02/2023;3;0,1;R
ES0000000000006410CCPF;05/02/2023;4;0,097;R
ES0000000000006410CCPF;05/02/2023;5;0,121;R
ES0000000000006410CCPF;05/02/2023;6;0,094;R
ES0000000000006410CCPF;05/02/2023;7;0,115;R
ES0000000000006410CCPF;05/02/2023;8;0,086;R
ES0000000000006410CCPF;05/02/2023;9;0,508;R
ES0000000000006410CCPF;05/02/2023;10;0,378;R
ES0000000000006410CCPF;05/02/2023;11;0,258;R
ES0000000000006410CCPF;05/02/2023;12;0,153;R
ES0000000000006410CCPF;05/02/2023;13;0,123;R
ES0000000000006410CCPF;05/02/2023;14;0,558;R
ES0000000000006410CCPF;05/02/2023;15;1,277;R
ES0000000000006410CCPF;05/02/2023;16;0,176;R
ES0000000000006410CCPF;05/02/2023;17;0,152;R
ES0000000000006410CCPF;05/02/2023;18;0,184;R
ES0000000000006410CCPF;05/02/2023;19;0,248;R
ES0000000000006410CCPF;05/02/2023;20;0,417;R
ES0000000000006410CCPF;05/02/2023;21;0,725;R
ES0000000000006410CCPF;05/02/2023;22;0,936;R
ES0000000000006410CCPF;05/02/2023;23;0,474;R
ES0000000000006410CCPF;06/02/2023;0;0,131;R
ES0000000000006410CCPF;06/02/2023;1;0,078;R
ES0000000000006410CCPF;06/02/2023;2;0,066;R
ES0000000000006410CCPF;06/02/2023;3;0,058;R
ES0000000000006410CCPF;06/02/2023;4;0,077;R
ES0000000000006410CCPF;06/02/2023;5;0,048;R
ES0000000000006410CCPF;06/02/2023;6;0,062;R
ES0000000000006410CCPF;06/02/2023;7;0,094;R
ES0000000000006410CCPF;06/02/2023;8;0,17;R
ES0000000000006410CCPF;06/02/2023;9;0,059;R
ES0000000000006410CCPF;06/02/2023;10;0,061;R
ES0000000000006410CCPF;06/02/2023;11;0,065;R
ES0000000000006410CCPF;06/02/2023;12;0,058;R
ES0000000000006410CCPF;06/02/2023;13;0,059;R
ES0000000000006410CCPF;06/02/2023;14;0,063;R
ES0000000000006410CCPF;06/02/2023;15;0,065;R
ES0000000000006410CCPF;06/02/2023;16;0,065;R
ES0000000000006410CCPF;06/02/2023;17;0,06;R
ES0000000000006410CCPF;06/02/2023;18;0,071;R
ES0000000000006410CCPF;06/02/2023;19;0,198;R
ES0000000000006410CCPF;06/02/2023;20;0,173;R
ES0000000000006410CCPF;06/02/2023;21;0,204;R
ES0000000000006410CCPF;06/02/2023;22;0,576;R
ES0000000000006410CCPF;06/02/2023;23;0,445;R
ES0000000000006410CCPF;07/02/2023;0;0,118;R
ES0000000000006410CCPF;07/02/2023;1;0,07;R
ES0000000000006410CCPF;07/02/2023;2;0,05;R
ES0000000000006410CCPF;07/02/2023;3;0,073;R
ES0000000000006410CCPF;07/02/2023;4;0,061;R
ES0000000000006410CCPF;07/02/2023;5;0,058;R
ES0000000000006410CCPF;07/02/2023;6;0,07;R
ES0000000000006410CCPF;07/02/2023;7;0,126;R
ES0000000000006410CCPF;07/02/2023;8;0,203;R
ES0000000000006410CCPF;07/02/2023;9;0,086;R
ES0000000000006410CCPF;07/02/2023;10;0,146;R
ES0000000000006410CCPF;07/02/2023;11;0,183;R
ES0000000000006410CCPF;07/02/2023;12;0,213;R
ES0000000000006410CCPF;07/02/2023;13;0,167;R
ES0000000000006410CCPF;07/02/2023;14;0,101;R
ES0000000000006410CCPF;07/02/2023;15;0,17;R
ES0000000000006410CCPF;07/02/2023;16;0,114;R
ES0000000000006410CCPF;07/02/2023;17;0,079;R
ES0000000000006410CCPF;07/02/2023;18;0,117;R
ES0000000000006410CCPF;07/02/2023;19;0,178;R
ES0000000000006410CCPF;07/02/2023;20;0,221;R
ES0000000000006410CCPF;07/02/2023;21;0,139;R
ES0000000000006410CCPF;07/02/2023;22;0,239;R
ES0000000000006410CCPF;07/02/2023;23;0,14;R
ES0000000000006410CCPF;08/02/2023;0;0,079;R
ES0000000000006410CCPF;08/02/2023;1;0,057;R
ES0000000000006410CCPF;08/02/2023;2;0,071;R
ES0000000000006410CCPF;08/02/2023;3;0,061;R
ES0000000000006410CCPF;08/02/2023;4;0,058;R
ES0000000000006410CCPF;08/02/2023;5;0,071;R
ES0000000000006410CCPF;08/02/2023;6;0,045;R
ES0000000000006410CCPF;08/02/2023;7;0,072;R
ES0000000000006410CCPF;08/02/2023;8;0,068;R
ES0000000000006410CCPF;08/02/2023;9;0,061;R
ES0000000000006410CCPF;08/02/2023;10;0,134;R
ES0000000000006410CCPF;08/02/2023;11;0,183;R
ES0000000000006410CCPF;08/02/2023;12;0,138;R
ES0000000000006410CCPF;08/02/2023;13;0,15;R
ES0000000000006410CCPF;08/02/2023;14;0,212;R
ES0000000000006410CCPF;08/02/2023;15;0,796;R
ES0000000000006410CCPF;08/02/2023;16;0,265;R
ES0000000000006410CCPF;08/02/2023;17;0,218;R
ES0000000000006410CCPF;08/02/2023;18;0,192;R
ES0000000000006410CCPF;08/02/2023;19;0,251;R
ES0000000000006410CCPF;08/02/2023;20;0,268;R
ES0000000000006410CCPF;08/02/2023;21;0,159;R
ES0000000000006410CCPF;08/02/2023;22;0,282;R
ES0000000000006410CCPF;08/02/2023;23;0,324;R
ES0000000000006410CCPF;09/02/2023;0;0,225;R
ES0000000000006410CCPF;09/02/2023;1;0,328;R
ES0000000000006410CCPF;09/02/2023;2;0,233;R
ES0000000000006410CCPF;09/02/2023;3;0,156;R
ES0000000000006410CCPF;09/02/2023;4;0,079;R
ES0000000000006410CCPF;09/02/2023;5;0,057;R
ES0000000000006410CCPF;09/02/2023;6;0,057;R
ES0000000000006410CCPF;09/02/2023;7;0,061;R
ES0000000000006410CCPF;09/02/2023;8;0,071;R
ES0000000000006410CCPF;09/02/2023;9;0,061;R
ES0000000000006410CCPF;09/02/2023;10;0,135;R
ES0000000000006410CCPF;09/02/2023;11;0,153;R
ES0000000000006410CCPF;09/02/2023;12;0,505;R
ES0000000000006410CCPF;09/02/2023;13;0,3;R
ES0000000000006410CCPF;09/02/2023;14;0,229;R
ES0000000000006410CCPF;09/02/2023;15;0,528;R
ES0000000000006410CCPF;09/02/2023;16;0,265;R
ES0000000000006410CCPF;09/02/2023;17;0,184;R
ES0000000000006410CCPF;09/02/2023;18;0,874;R
ES0000000000006410CCPF;09/02/2023;19;0,278;R
ES0000000000006410CCPF;09/02/2023;20;0,157;R
ES0000000000006410CCPF;09/02/2023;21;0,261;R
ES0000000000006410CCPF;09/02/2023;22;0,437;R
ES0000000000006410CCPF;09/02/2023;23;0,149;R
ES0000000000006410CCPF;10/02/2023;0;0,058;R
ES0000000000006410CCPF;10/02/2023;1;0,064;R
ES0000000000006410CCPF;10/02/2023;2;0,062;R
ES0000000000006410CCPF;10/02/2023;3;0,065;R
ES0000000000006410CCPF;10/02/2023;4;0,065;R
ES0000000000006410CCPF;10/02/2023;5;0,064;R
ES0000000000006410CCPF;10/02/2023;6;0,063;R
ES0000000000006410CCPF;10/02/2023;7;0,062;R
ES0000000000006410CCPF;10/02/2023;8;0,105;R
ES0000000000006410CCPF;10/02/2023;9;0,06;R
ES0000000000006410CCPF;10/02/2023;10;0,132;R
ES0000000000006410CCPF;10/02/2023;11;0,122;R
ES0000000000006410CCPF;10/02/2023;12;0,078;R
ES0000000000006410CCPF;10/02/2023;13;0,066;R
ES0000000000006410CCPF;10/02/2023;14;0,071;R
ES0000000000006410CCPF;10/02/2023;15;0,053;R
ES0000000000006410CCPF;10/02/2023;16;0,105;R
ES0000000000006410CCPF;10/02/2023;17;0,2;R
ES0000000000006410CCPF;10/02/2023;18;0,874;R
ES0000000000006410CCPF;10/02/2023;19;1,017;R
ES0000000000006410CCPF;10/02/2023;20;0,969;R
ES0000000000006410CCPF;10/02/2023;21;0,531;R
ES0000000000006410CCPF;10/02/2023;22;0,384;R
ES0000000000006410CCPF;10/02/2023;23;0,711;R
ES0000000000006410CCPF;11/02/2023;0;0,952;R
ES0000000000006410CCPF;11/02/2023;1;0,166;R
ES0000000000006410CCPF;11/02/2023;2;0,142;R
ES0000000000006410CCPF;11/02/2023;3;0,163;R
ES0000000000006410CCPF;11/02/2023;4;0,082;R
ES0000000000006410CCPF;11/02/2023;5;0,092;R
ES0000000000006410CCPF;11/02/2023;6;0,085;R
ES0000000000006410CCPF;11/02/2023;7;0,072;R
ES0000000000006410CCPF;11/02/2023;8;0,086;R
ES0000000000006410CCPF;11/02/2023;9;0,082;R
ES0000000000006410CCPF;11/02/2023;10;0,074;R
ES0000000000006410CCPF;11/02/2023;11;0,702;R
ES0000000000006410CCPF;11/02/2023;12;0,496;R
ES0000000000006410CCPF;11/02/2023;13;0,324;R
ES0000000000006410CCPF;11/02/2023;14;0,241;R
ES0000000000006410CCPF;11/02/2023;15;0,442;R
ES0000000000006410CCPF;11/02/2023;16;0,273;R
ES0000000000006410CCPF;11/02/2023;17;0,481;R
ES0000000000006410CCPF;11/02/2023;18;0,152;R
ES0000000000006410CCPF;11/02/2023;19;0,12;R
ES0000000000006410CCPF;11/02/2023;20;0,193;R
ES0000000000006410CCPF;11/02/2023;21;0,974;R
ES0000000000006410CCPF;11/02/2023;22;1,739;R
ES0000000000006410CCPF;11/02/2023;23;0,518;R
ES0000000000006410CCPF;12/02/2023;0;0,234;R
ES0000000000006410CCPF;12/02/2023;1;0,184;R
ES0000000000006410CCPF;12/02/2023;2;0,129;R
ES0000000000006410CCPF;12/02/2023;3;0,08;R
ES0000000000006410CCPF;12/02/2023;4;0,058;R
ES0000000000006410CCPF;12/02/2023;5;0,124;R
ES0000000000006410CCPF;12/02/2023;6;0,091;R
ES0000000000006410CCPF;12/02/2023;7;0,062;R
ES0000000000006410CCPF;12/02/2023;8;0,063;R
ES0000000000006410CCPF;12/02/2023;9;0,078;R
ES0000000000006410CCPF;12/02/2023;10;0,331;R
ES0000000000006410CCPF;12/02/2023;11;0,093;R
ES0000000000006410CCPF;12/02/2023;12;0,054;R
ES0000000000006410CCPF;12/02/2023;13;0,07;R
ES0000000000006410CCPF;12/02/2023;14;0,063;R
ES0000000000006410CCPF;12/02/2023;15;0,057;R
ES0000000000006410CCPF;12/02/2023;16;0,065;R
ES0000000000006410CCPF;12/02/2023;17;0,067;R
ES0000000000006410CCPF;12/02/2023;18;0,091;R
ES0000000000006410CCPF;12/02/2023;19;0,957;R
ES0000000000006410CCPF;12/02/2023;20;0,397;R
ES0000000000006410CCPF;12/02/2023;21;0,324;R
ES0000000000006410CCPF;12/02/2023;22;0,336;R
ES0000000000006410CCPF;12/02/2023;23;0,314;R
ES0000000000006410CCPF;13/02/2023;0;0,206;R
ES0000000000006410CCPF;13/02/2023;1;0,063;R
ES0000000000006410CCPF;13/02/2023;2;0,058;R
ES0000000000006410CCPF;13/02/2023;3;0,058;R
ES0000000000006410CCPF;13/02/2023;4;0,066;R
ES0000000000006410CCPF;13/02/2023;5;0,071;R
ES0000000000006410CCPF;13/02/2023;6;0,065;R
ES0000000000006410CCPF;13/02/2023;7;0,052;R
ES0000000000006410CCPF;13/02/2023;8;0,063;R
ES0000000000006410CCPF;13/02/2023;9;0,069;R
ES0000000000006410CCPF;13/02/2023;10;0,085;R
ES0000000000006410CCPF;13/02/2023;11;0,172;R
ES0000000000006410CCPF;13/02/2023;12;0,176;R
ES0000000000006410CCPF;13/02/2023;13;0,2;R
ES0000000000006410CCPF;13/02/2023;14;0,508;R
ES0000000000006410CCPF;13/02/2023;15;0,182;R
ES0000000000006410CCPF;13/02/2023;16;0,112;R
ES0000000000006410CCPF;13/02/2023;17;0,084;R
ES0000000000006410CCPF;13/02/2023;18;1,09;R
ES0000000000006410CCPF;13/02/2023;19;0,257;R
ES0000000000006410CCPF;13/02/2023;20;0,297;R
ES0000000000006410CCPF;13/02/2023;21;0,255;R
ES0000000000006410CCPF;13/02/2023;22;0,098;R
ES0000000000006410CCPF;13/02/2023;23;0,083;R
ES0000000000006410CCPF;14/02/2023;0;0,061;R
ES0000000000006410CCPF;14/02/2023;1;0,074;R
ES0000000000006410CCPF;14/02/2023;2;0,059;R
ES0000000000006410CCPF;14/02/2023;3;0,055;R
ES0000000000006410CCPF;14/02/2023;4;0,07;R
ES0000000000006410CCPF;14/02/2023;5;0,068;R
ES0000000000006410CCPF;14/02/2023;6;0,059;R
ES0000000000006410CCPF;14/02/2023;7;0,063;R
ES0000000000006410CCPF;14/02/2023;8;0,071;R
ES0000000000006410CCPF;14/02/2023;9;0,064;R
ES0000000000006410CCPF;14/02/2023;10;0,198;R
ES0000000000006410CCPF;14/02/2023;11;0,425;R
ES0000000000006410CCPF;14/02/2023;12;0,234;R
ES0000000000006410CCPF;14/02/2023;13;0,188;R
ES0000000000006410CCPF;14/02/2023;14;0,111;R
ES0000000000006410CCPF;14/02/2023;15;0,274;R
ES0000000000006410CCPF;14/02/2023;16;0,163;R
ES0000000000006410CCPF;14/02/2023;17;0,083;R
ES0000000000006410CCPF;14/02/2023;18;0,154;R
ES0000000000006410CCPF;14/02/2023;19;0,066;R
ES0000000000006410CCPF;14/02/2023;20;0,201;R
ES0000000000006410CCPF;14/02/2023;21;0,181;R
ES0000000000006410CCPF;14/02/2023;22;0,173;R
ES0000000000006410CCPF;14/02/2023;23;0,157;R
ES0000000000006410CCPF;15/02/2023;0;0,475;R
ES0000000000006410CCPF;15/02/2023;1;0,076;R
ES0000000000006410CCPF;15/02/2023;2;0,062;R
ES0000000000006410CCPF;15/02/2023;3;0,08;R
ES0000000000006410CCPF;15/02/2023;4;0,051;R
ES0000000000006410CCPF;15/02/2023;5;0,08;R
ES0000000000006410CCPF;15/02/2023;6;0,066;R
ES0000000000006410CCPF;15/02/2023;7;0,061;R
ES0000000000006410CCPF;15/02/2023;8;0,067;R
ES0000000000006410CCPF;15/02/2023;9;0,066;R
ES0000000000006410CCPF;15/02/2023;10;0,281;R
ES0000000000006410CCPF;15/02/2023;11;0,193;R
ES0000000000006410CCPF;15/02/2023;12;0,083;R
ES0000000000006410CCPF;15/02/2023;13;0,067;R
ES0000000000006410CCPF;15/02/2023;14;0,219;R
ES0000000000006410CCPF;15/02/2023;15;0,074;R
ES0000000000006410CCPF;15/02/2023;16;0,054;R
ES0000000000006410CCPF;15/02/2023;17;0,067;R
ES0000000000006410CCPF;15/02/2023;18;0,848;R
ES0000000000006410CCPF;15/02/2023;19;0,418;R
ES0000000000006410CCPF;15/02/2023;20;0,341;R
ES0000000000006410CCPF;15/02/2023;21;0,44;R
ES0000000000006410CCPF;15/02/2023;22;0,387;R
ES0000000000006410CCPF;15/02/2023;23;0,083;R
ES0000000000006410CCPF;16/02/2023;0;0,099;R
ES0000000000006410CCPF;16/02/2023;1;0,068;R
ES0000000000006410CCPF;16/02/2023;2;0,068;R
ES0000000000006410CCPF;16/02/2023;3;0,055;R
ES0000000000006410CCPF;16/02/2023;4;0,066;R
ES0000000000006410CCPF;16/02/2023;5;0,073;R
ES0000000000006410CCPF;16/02/2023;6;0,065;R
ES0000000000006410CCPF;16/02/2023;7;0,065;R
ES0000000000006410CCPF;16/02/2023;8;0,07;R
ES0000000000006410CCPF;16/02/2023;9;0,06;R
ES0000000000006410CCPF;16/02/2023;10;0,078;R
ES0000000000006410CCPF;16/02/2023;11;0,344;R
ES0000000000006410CCPF;16/02/2023;12;0,494;R
ES0000000000006410CCPF;16/02/2023;13;0,17;R
ES0000000000006410CCPF;16/02/2023;14;0,148;R
ES0000000000006410CCPF;16/02/2023;15;0,164;R
ES0000000000006410CCPF;16/02/2023;16;0,212;R
ES0000000000006410CCPF;16/02/2023;17;0,164;R
ES0000000000006410CCPF;16/02/2023;18;0,152;R
ES0000000000006410CCPF;16/02/2023;19;0,223;R
ES0000000000006410CCPF;16/02/2023;20;0,26;R
ES0000000000006410CCPF;16/02/2023;21;0,169;R
ES0000000000006410CCPF;16/02/2023;22;0,232;R
ES0000000000006410CCPF;16/02/2023;23;0,201;R
ES0000000000006410CCPF;17/02/2023;0;0,113;R
ES0000000000006410CCPF;17/02/2023;1;0,078;R
ES0000000000006410CCPF;17/02/2023;2;0,054;R
ES0000000000006410CCPF;17/02/2023;3;0,061;R
ES0000000000006410CCPF;17/02/2023;4;0,066;R
ES0000000000006410CCPF;17/02/2023;5;0,068;R
ES0000000000006410CCPF;17/02/2023;6;0,058;R
ES0000000000006410CCPF;17/02/2023;7;0,061;R
ES0000000000006410CCPF;17/02/2023;8;0,074;R
ES0000000000006410CCPF;17/02/2023;9;0,062;R
ES0000000000006410CCPF;17/02/2023;10;0,184;R
ES0000000000006410CCPF;17/02/2023;11;0,183;R
ES0000000000006410CCPF;17/02/2023;12;0,159;R
ES0000000000006410CCPF;17/02/2023;13;0,309;R
ES0000000000006410CCPF;17/02/2023;14;0,784;R
ES0000000000006410CCPF;17/02/2023;15;1,002;R
ES0000000000006410CCPF;17/02/2023;16;0,126;R
ES0000000000006410CCPF;17/02/2023;17;0,102;R
ES0000000000006410CCPF;17/02/2023;18;0,101;R
ES0000000000006410CCPF;17/02/2023;19;0,069;R
ES0000000000006410CCPF;17/02/2023;20;0,137;R
ES0000000000006410CCPF;17/02/2023;21;0,183;R
ES0000000000006410CCPF;17/02/2023;22;0,536;R
ES0000000000006410CCPF;17/02/2023;23;0,379;R
ES0000000000006410CCPF;18/02/2023;0;0,177;R
ES0000000000006410CCPF;18/02/2023;1;0,066;R
ES0000000000006410CCPF;18/02/2023;2;0,128;R
ES0000000000006410CCPF;18/02/2023;3;0,082;R
ES0000000000006410CCPF;18/02/2023;4;0,058;R
ES0000000000006410CCPF;18/02/2023;5;0,06;R
ES0000000000006410CCPF;18/02/2023;6;0,071;R
ES0000000000006410CCPF;18/02/2023;7;0,06;R
ES0000000000006410CCPF;18/02/2023;8;0,055;R
ES0000000000006410CCPF;18/02/2023;9;0,067;R
ES0000000000006410CCPF;18/02/2023;10;0,288;R
ES0000000000006410CCPF;18/02/2023;11;0,924;R
ES0000000000006410CCPF;18/02/2023;12;0,088;R
ES0000000000006410CCPF;18/02/2023;13;0,056;R
ES0000000000006410CCPF;18/02/2023;14;0,769;R
ES0000000000006410CCPF;18/02/2023;15;0,362;R
ES0000000000006410CCPF;18/02/2023;16;0,634;R
ES0000000000006410CCPF;18/02/2023;17;0,276;R
ES0000000000006410CCPF;18/02/2023;18;1,196;R
ES0000000000006410CCPF;18/02/2023;19;0,787;R
ES0000000000006410CCPF;18/02/2023;20;0,417;R
ES0000000000006410CCPF;18/02/2023;21;0,187;R
ES0000000000006410CCPF;18/02/2023;22;0,232;R
ES0000000000006410CCPF;18/02/2023;23;0,195;R
ES0000000000006410CCPF;19/02/2023;0;0,173;R
ES0000000000006410CCPF;19/02/2023;1;0,069;R
ES0000000000006410CCPF;19/02/2023;2;0,07;R
ES0000000000006410CCPF;19/02/2023;3;0,058;R
ES0000000000006410CCPF;19/02/2023;4;0,125;R
ES0000000000006410CCPF;19/02/2023;5;0,079;R
ES0000000000006410CCPF;19/02/2023;6;0,13;R
ES0000000000006410CCPF;19/02/2023;7;0,084;R
ES0000000000006410CCPF;19/02/2023;8;0,063;R
ES0000000000006410CCPF;19/02/2023;9;0,056;R
ES0000000000006410CCPF;19/02/2023;10;0,061;R
ES0000000000006410CCPF;19/02/2023;11;0,884;R
ES0000000000006410CCPF;19/02/2023;12;0,475;R
ES0000000000006410CCPF;19/02/2023;13;0,107;R
ES0000000000006410CCPF;19/02/2023;14;0,078;R
ES0000000000006410CCPF;19/02/2023;15;0,05;R
ES0000000000006410CCPF;19/02/2023;16;0,373;R
ES0000000000006410CCPF;19/02/2023;17;0,105;R
ES0000000000006410CCPF;19/02/2023;18;0,098;R
ES0000000000006410CCPF;19/02/2023;19;0,888;R
ES0000000000006410CCPF;19/02/2023;20;0,771;R
ES0000000000006410CCPF;19/02/2023;21;0,954;R
ES0000000000006410CCPF;19/02/2023;22;1,038;R
ES0000000000006410CCPF;19/02/2023;23;0,513;R
ES0000000000006410CCPF;20/02/2023;0;0,266;R
ES0000000000006410CCPF;20/02/2023;1;0,057;R
ES0000000000006410CCPF;20/02/2023;2;0,058;R
ES0000000000006410CCPF;20/02/2023;3;0,066;R
ES0000000000006410CCPF;20/02/2023;4;0,069;R
ES0000000000006410CCPF;20/02/2023;5;0,066;R
ES0000000000006410CCPF;20/02/2023;6;0,059;R
ES0000000000006410CCPF;20/02/2023;7;0,06;R
ES0000000000006410CCPF;20/02/2023;8;0,054;R
ES0000000000006410CCPF;20/02/2023;9;0,067;R
ES0000000000006410CCPF;20/02/2023;10;0,249;R
ES0000000000006410CCPF;20/02/2023;11;0,209;R
ES0000000000006410CCPF;20/02/2023;12;0,08;R
ES0000000000006410CCPF;20/02/2023;13;0,119;R
ES0000000000006410CCPF;20/02/2023;14;0,649;R
ES0000000000006410CCPF;20/02/2023;15;0,145;R
ES0000000000006410CCPF;20/02/2023;16;0,168;R
ES0000000000006410CCPF;20/02/2023;17;0,163;R
ES0000000000006410CCPF;20/02/2023;18;0,102;R
ES0000000000006410CCPF;20/02/2023;19;0,076;R
ES0000000000006410CCPF;20/02/2023;20;0,124;R
ES0000000000006410CCPF;20/02/2023;21;0,143;R
ES0000000000006410CCPF;20/02/2023;22;0,241;R
ES0000000000006410CCPF;20/02/2023;23;0,264;R
ES0000000000006410CCPF;21/02/2023;0;0,207;R
ES0000000000006410CCPF;21/02/2023;1;0,196;R
ES0000000000006410CCPF;21/02/2023;2;0,064;R
ES0000000000006410CCPF;21/02/2023;3;0,065;R
ES0000000000006410CCPF;21/02/2023;4;0,05;R
ES0000000000006410CCPF;21/02/2023;5;0,06;R
ES0000000000006410CCPF;21/02/2023;6;0,07;R
ES0000000000006410CCPF;21/02/2023;7;0,068;R
ES0000000000006410CCPF;21/02/2023;8;0,053;R
ES0000000000006410CCPF;21/02/2023;9;0,063;R
ES0000000000006410CCPF;21/02/2023;10;0,071;R
ES0000000000006410CCPF;21/02/2023;11;0,146;R
ES0000000000006410CCPF;21/02/2023;12;0,147;R
ES0000000000006410CCPF;21/02/2023;13;0,147;R
ES0000000000006410CCPF;21/02/2023;14;0,174;R
ES0000000000006410CCPF;21/02/2023;15;0,447;R
ES0000000000006410CCPF;21/02/2023;16;0,061;R
ES0000000000006410CCPF;21/02/2023;17;0,114;R
ES0000000000006410CCPF;21/02/2023;18;0,049;R
ES0000000000006410CCPF;21/02/2023;19;0,175;R
ES0000000000006410CCPF;21/02/2023;20;0,173;R
ES0000000000006410CCPF;21/02/2023;21;0,231;R
ES0000000000006410CCPF;21/02/2023;22;0,222;R
ES0000000000006410CCPF;21/02/2023;23;0,285;R
ES0000000000006410CCPF;22/02/2023;0;0,242;R
ES0000000000006410CCPF;22/02/2023;1;0,118;R
ES0000000000006410CCPF;22/02/2023;2;0,076;R
ES0000000000006410CCPF;22/02/2023;3;0,062;R
ES0000000000006410CCPF;22/02/2023;4;0,059;R
ES0000000000006410CCPF;22/02/2023;5;0,055;R
ES0000000000006410CCPF;22/02/2023;6;0,063;R
ES0000000000006410CCPF;22/02/2023;7;0,069;R
ES0000000000006410CCPF;22/02/2023;8;0,061;R
ES0000000000006410CCPF;22/02/2023;9;0,089;R
ES0000000000006410CCPF;22/02/2023;10;0,132;R
ES0000000000006410CCPF;22/02/2023;11;0,055;R
ES0000000000006410CCPF;22/02/2023;12;0,133;R
ES0000000000006410CCPF;22/02/2023;13;0,087;R
ES0000000000006410CCPF;22/02/2023;14;0,637;R
ES0000000000006410CCPF;22/02/2023;15;0,602;R
ES0000000000006410CCPF;22/02/2023;16;0,206;R
ES0000000000006410CCPF;22/02/2023;17;0,161;R
ES0000000000006410CCPF;22/02/2023;18;0,166;R
ES0000000000006410CCPF;22/02/2023;19;0,237;R
ES0000000000006410CCPF;22/02/2023;20;0,113;R
ES0000000000006410CCPF;22/02/2023;21;0,237;R
ES0000000000006410CCPF;22/02/2023;22;0,26;R
ES0000000000006410CCPF;22/02/2023;23;0,367;R
ES0000000000006410CCPF;23/02/2023;0;0,228;R
ES0000000000006410CCPF;23/02/2023;1;0,093;R
ES0000000000006410CCPF;23/02/2023;2;0,063;R
ES0000000000006410CCPF;23/02/2023;3;0,074;R
ES0000000000006410CCPF;23/02/2023;4;0,066;R
ES0000000000006410CCPF;23/02/2023;5;0,06;R
ES0000000000006410CCPF;23/02/2023;6;0,061;R
ES0000000000006410CCPF;23/02/2023;7;0,08;R
ES0000000000006410CCPF;23/02/2023;8;0,056;R
ES0000000000006410CCPF;23/02/2023;9;0,068;R
ES0000000000006410CCPF;23/02/2023;10;0,222;R
ES0000000000006410CCPF;23/02/2023;11;0,22;R
ES0000000000006410CCPF;23/02/2023;12;0,194;R
ES0000000000006410CCPF;23/02/2023;13;0,163;R
ES0000000000006410CCPF;23/02/2023;14;0,059;R
ES0000000000006410CCPF;23/02/2023;15;0,611;R
ES0000000000006410CCPF;23/02/2023;16;0,868;R
ES0000000000006410CCPF;23/02/2023;17;0,222;R
ES0000000000006410CCPF;23/02/2023;18;0,169;R
ES0000000000006410CCPF;23/02/2023;19;0,221;R
ES0000000000006410CCPF;23/02/2023;20;0,3;R
ES0000000000006410CCPF;23/02/2023;21;0,285;R
ES0000000000006410CCPF;23/02/2023;22;0,441;R
ES0000000000006410CCPF;23/02/2023;23;0,387;R
ES0000000000006410CCPF;24/02/2023;0;0,279;R
ES0000000000006410CCPF;24/02/2023;1;0,095;R
ES0000000000006410CCPF;24/02/2023;2;0,074;R
ES0000000000006410CCPF;24/02/2023;3;0,07;R
ES0000000000006410CCPF;24/02/2023;4;0,059;R
ES0000000000006410CCPF;24/02/2023;5;0,06;R
ES0000000000006410CCPF;24/02/2023;6;0,066;R
ES0000000000006410CCPF;24/02/2023;7;0,069;R
ES0000000000006410CCPF;24/02/2023;8;0,062;R
ES0000000000006410CCPF;24/02/2023;9;0,057;R
ES0000000000006410CCPF;24/02/2023;10;0,084;R
ES0000000000006410CCPF;24/02/2023;11;0,169;R
ES0000000000006410CCPF;24/02/2023;12;0,195;R
ES0000000000006410CCPF;24/02/2023;13;0,189;R
ES0000000000006410CCPF;24/02/2023;14;1,352;R
ES0000000000006410CCPF;24/02/2023;15;0,631;R
ES0000000000006410CCPF;24/02/2023;16;0,352;R
ES0000000000006410CCPF;24/02/2023;17;0,278;R
ES0000000000006410CCPF;24/02/2023;18;0,186;R
ES0000000000006410CCPF;24/02/2023;19;0,189;R
ES0000000000006410CCPF;24/02/2023;20;0,343;R
ES0000000000006410CCPF;24/02/2023;21;0,755;R
ES0000000000006410CCPF;24/02/2023;22;1,038;R
ES0000000000006410CCPF;24/02/2023;23;0,31;R
ES0000000000006410CCPF;25/02/2023;0;0,271;R
ES0000000000006410CCPF;25/02/2023;1;0,245;R
ES0000000000006410CCPF;25/02/2023;2;0,155;R
ES0000000000006410CCPF;25/02/2023;3;0,077;R
ES0000000000006410CCPF;25/02/2023;4;0,074;R
ES0000000000006410CCPF;25/02/2023;5;0,093;R
ES0000000000006410CCPF;25/02/2023;6;0,069;R
ES0000000000006410CCPF;25/02/2023;7;0,079;R
ES0000000000006410CCPF;25/02/2023;8;0,073;R
ES0000000000006410CCPF;25/02/2023;9;0,093;R
ES0000000000006410CCPF;25/02/2023;10;1,224;R
ES0000000000006410CCPF;25/02/2023;11;0,651;R
ES0000000000006410CCPF;25/02/2023;12;0,094;R
ES0000000000006410CCPF;25/02/2023;13;0,253;R
ES0000000000006410CCPF;25/02/2023;14;0,096;R
ES0000000000006410CCPF;25/02/2023;15;0,759;R
ES0000000000006410CCPF;25/02/2023;16;0,279;R
ES0000000000006410CCPF;25/02/2023;17;0,245;R
ES0000000000006410CCPF;25/02/2023;18;0,255;R
ES0000000000006410CCPF;25/02/2023;19;0,212;R
ES0000000000006410CCPF;25/02/2023;20;0,828;R
ES0000000000006410CCPF;25/02/2023;21;1,025;R
ES0000000000006410CCPF;25/02/2023;22;0,61;R
ES0000000000006410CCPF;25/02/2023;23;0,24;R
ES0000000000006410CCPF;26/02/2023;0;0,233;R
ES0000000000006410CCPF;26/02/2023;1;0,098;R
ES0000000000006410CCPF;26/02/2023;2;0,063;R
ES0000000000006410CCPF;26/02/2023;3;0,064;R
ES0000000000006410CCPF;26/02/2023;4;0,065;R
ES0000000000006410CCPF;26/02/2023;5;0,09;R
ES0000000000006410CCPF;26/02/2023;6;0,093;R
ES0000000000006410CCPF;26/02/2023;7;0,066;R
ES0000000000006410CCPF;26/02/2023;8;0,066;R
ES0000000000006410CCPF;26/02/2023;9;0,082;R
ES0000000000006410CCPF;26/02/2023;10;0,097;R
ES0000000000006410CCPF;26/02/2023;11;0,179;R
ES0000000000006410CCPF;26/02/2023;12;0,175;R
ES0000000000006410CCPF;26/02/2023;13;0,06;R
ES0000000000006410CCPF;26/02/2023;14;0,13;R
ES0000000000006410CCPF;26/02/2023;15;1,662;R
ES0000000000006410CCPF;26/02/2023;16;0,804;R
ES0000000000006410CCPF;26/02/2023;17;0,168;R
ES0000000000006410CCPF;26/02/2023;18;0,217;R
ES0000000000006410CCPF;26/02/2023;19;0,379;R
ES0000000000006410CCPF;26/02/2023;20;0,236;R
ES0000000000006410CCPF;26/02/2023;21;0,268;R
ES0000000000006410CCPF;26/02/2023;22;0,205;R
ES0000000000006410CCPF;26/02/2023;23;0,212;R
ES0000000000006410CCPF;27/02/2023;0;0,058;R
ES0000000000006410CCPF;27/02/2023;1;0,057;R
ES0000000000006410CCPF;27/02/2023;2;0,065;R
ES0000000000006410CCPF;27/02/2023;3;0,063;R
ES0000000000006410CCPF;27/02/2023;4;0,063;R
ES0000000000006410CCPF;27/02/2023;5;0,063;R
ES0000000000006410CCPF;27/02/2023;6;0,056;R
ES0000000000006410CCPF;27/02/2023;7;0,068;R
ES0000000000006410CCPF;27/02/2023;8;0,068;R
ES0000000000006410CCPF;27/02/2023;9;0,061;R
ES0000000000006410CCPF;27/02/2023;10;0,153;R
ES0000000000006410CCPF;27/02/2023;11;0,216;R
ES0000000000006410CCPF;27/02/2023;12;0,064;R
ES0000000000006410CCPF;27/02/2023;13;0,123;R
ES0000000000006410CCPF;27/02/2023;14;0,06;R
ES0000000000006410CCPF;27/02/2023;15;0,447;R
ES0000000000006410CCPF;27/02/2023;16;0,209;R
ES0000000000006410CCPF;27/02/2023;17;0,166;R
ES0000000000006410CCPF;27/02/2023;18;0,16;R
ES0000000000006410CCPF;27/02/2023;19;0,211;R
ES0000000000006410CCPF;27/02/2023;20;0,33;R
ES0000000000006410CCPF;27/02/2023;21;0,225;R
ES0000000000006410CCPF;27/02/2023;22;0,235;R
ES0000000000006410CCPF;27/02/2023;23;0,237;R
ES0000000000006410CCPF;28/02/2023;0;0,172;R
ES0000000000006410CCPF;28/02/2023;1;0,192;R
ES0000000000006410CCPF;28/02/2023;2;0,233;R
ES0000000000006410CCPF;28/02/2023;3;0,166;R
ES0000000000006410CCPF;28/02/2023;4;0,129;R
ES0000000000006410CCPF;28/02/2023;5;0,065;R
ES0000000000006410CCPF;28/02/2023;6;0,071;R
ES0000000000006410CCPF;28/02/2023;7;0,054;R
ES0000000000006410CCPF;28/02/2023;8;0,072;R
ES0000000000006410CCPF;28/02/2023;9;0,062;R
ES0000000000006410CCPF;28/02/2023;10;0,127;R
ES0000000000006410CCPF;28/02/2023;11;0,181;R
ES0000000000006410CCPF;28/02/2023;12;0,16;R
ES0000000000006410CCPF;28/02/2023;13;0,102;R
ES0000000000006410CCPF;28/02/2023;14;0,077;R
ES0000000000006410CCPF;28/02/2023;15;0,385;R
ES0000000000006410CCPF;28/02/2023;16;0,067;R
ES0000000000006410CCPF;28/02/2023;17;0,078;R
ES0000000000006410CCPF;28/02/2023;18;0,059;R
ES0000000000006410CCPF;28/02/2023;19;0,066;R
ES0000000000006410CCPF;28/02/2023;20;0,13;R
ES0000000000006410CCPF;28/02/2023;21;0,11;R
ES0000000000006410CCPF;28/02/2023;22;0,765;R
ES0000000000006410CCPF;28/02/2023;23;0,394;R
ES0000000000006410CCPF;01/03/2023;0;0,231;R
ES0000000000006410CCPF;01/03/2023;1;0,089;R
ES0000000000006410CCPF;01/03/2023;2;0,078;R
ES0000000000006410CCPF;01/03/2023;3;0,078;R
ES0000000000006410CCPF;01/03/2023;4;0,068;R
ES0000000000006410CCPF;01/03/2023;5;0,067;R
ES0000000000006410CCPF;01/03/2023;6;0,059;R
ES0000000000006410CCPF;01/03/2023;7;0,059;R
ES0000000000006410CCPF;01/03/2023;8;0,071;R
ES0000000000006410CCPF;01/03/2023;9;0,078;R
ES0000000000006410CCPF;01/03/2023;10;0,227;R
ES0000000000006410CCPF;01/03/2023;11;0,156;R
ES0000000000006410CCPF;01/03/2023;12;0,164;R
ES0000000000006410CCPF;01/03/2023;13;0,096;R
ES0000000000006410CCPF;01/03/2023;14;0,134;R
ES0000000000006410CCPF;01/03/2023;15;0,107;R
ES0000000000006410CCPF;01/03/2023;16;0,077;R
ES0000000000006410CCPF;01/03/2023;17;0,061;R
ES0000000000006410CCPF;01/03/2023;18;0,116;R
ES0000000000006410CCPF;01/03/2023;19;0,115;R
ES0000000000006410CCPF;01/03/2023;20;0,144;R
ES0000000000006410CCPF;01/03/2023;21;0,088;R
ES0000000000006410CCPF;01/03/2023;22;0,532;R
ES0000000000006410CCPF;01/03/2023;23;1,514;R
ES0000000000006410CCPF;02/03/2023;0;0,935;R
ES0000000000006410CCPF;02/03/2023;1;0,133;R
ES0000000000006410CCPF;02/03/2023;2;0,091;R
ES0000000000006410CCPF;02/03/2023;3;0,061;R
ES0000000000006410CCPF;02/03/2023;4;0,06;R
ES0000000000006410CCPF;02/03/2023;5;0,061;R
ES0000000000006410CCPF;02/03/2023;6;0,06;R
ES0000000000006410CCPF;02/03/2023;7;0,066;R
ES0000000000006410CCPF;02/03/2023;8;0,07;R
ES0000000000006410CCPF;02/03/2023;9;0,161;R
ES0000000000006410CCPF;02/03/2023;10;0,079;R
ES0000000000006410CCPF;02/03/2023;11;0,079;R
ES0000000000006410CCPF;02/03/2023;12;0,107;R
ES0000000000006410CCPF;02/03/2023;13;0,181;R
ES0000000000006410CCPF;02/03/2023;14;0,227;R
ES0000000000006410CCPF;02/03/2023;15;0,105;R
ES0000000000006410CCPF;02/03/2023;16;0,113;R
ES0000000000006410CCPF;02/03/2023;17;0,121;R
ES0000000000006410CCPF;02/03/2023;18;0,359;R
ES0000000000006410CCPF;02/03/2023;19;0,327;R
ES0000000000006410CCPF;02/03/2023;20;0,224;R
ES0000000000006410CCPF;02/03/2023;21;0,203;R
ES0000000000006410CCPF;02/03/2023;22;0,363;R
ES0000000000006410CCPF;02/03/2023;23;0,321;R
ES0000000000006410CCPF;03/03/2023;0;0,296;R
ES0000000000006410CCPF;03/03/2023;1;0,299;R
ES0000000000006410CCPF;03/03/2023;2;0,237;R
ES0000000000006410CCPF;03/03/2023;3;0,077;R
ES0000000000006410CCPF;03/03/2023;4;0,06;R
ES0000000000006410CCPF;03/03/2023;5;0,066;R
ES0000000000006410CCPF;03/03/2023;6;0,063;R
ES0000000000006410CCPF;03/03/2023;7;0,062;R
ES0000000000006410CCPF;03/03/2023;8;0,063;R
ES0000000000006410CCPF;03/03/2023;9;0,149;R
ES0000000000006410CCPF;03/03/2023;10;1,29;R
ES0000000000006410CCPF;03/03/2023;11;0,77;R
ES0000000000006410CCPF;03/03/2023;12;0,172;R
ES0000000000006410CCPF;03/03/2023;13;0,229;R
ES0000000000006410CCPF;03/03/2023;14;0,258;R
ES0000000000006410CCPF;03/03/2023;15;0,31;R
ES0000000000006410CCPF;03/03/2023;16;0,211;R
ES0000000000006410CCPF;03/03/2023;17;0,217;R
ES0000000000006410CCPF;03/03/2023;18;0,157;R
ES0000000000006410CCPF;03/03/2023;19;0,209;R
ES0000000000006410CCPF;03/03/2023;20;0,361;R
ES0000000000006410CCPF;03/03/2023;21;0,688;R
ES0000000000006410CCPF;03/03/2023;22;0,865;R
ES0000000000006410CCPF;03/03/2023;23;0,205;R
ES0000000000006410CCPF;04/03/2023;0;0,168;R
ES0000000000006410CCPF;04/03/2023;1;0,129;R
ES0000000000006410CCPF;04/03/2023;2;0,099;R
ES0000000000006410CCPF;04/03/2023;3;0,065;R
ES0000000000006410CCPF;04/03/2023;4;0,063;R
ES0000000000006410CCPF;04/03/2023;5;0,064;R
ES0000000000006410CCPF;04/03/2023;6;0,07;R
ES0000000000006410CCPF;04/03/2023;7;0,067;R
ES0000000000006410CCPF;04/03/2023;8;0,072;R
ES0000000000006410CCPF;04/03/2023;9;0,089;R
ES0000000000006410CCPF;04/03/2023;10;0,108;R
ES0000000000006410CCPF;04/03/2023;11;0,337;R
ES0000000000006410CCPF;04/03/2023;12;1,623;R
ES0000000000006410CCPF;04/03/2023;13;0,287;R
ES0000000000006410CCPF;04/03/2023;14;1,441;R
ES0000000000006410CCPF;04/03/2023;15;0,502;R
ES0000000000006410CCPF;04/03/2023;16;0,204;R
ES0000000000006410CCPF;04/03/2023;17;0,153;R
ES0000000000006410CCPF;04/03/2023;18;0,172;R
ES0000000000006410CCPF;04/03/2023;19;0,18;R
ES0000000000006410CCPF;04/03/2023;20;0,284;R
ES0000000000006410CCPF;04/03/2023;21;0,391;R
ES0000000000006410CCPF;04/03/2023;22;0,289;R
ES0000000000006410CCPF;04/03/2023;23;0,691;R
ES0000000000006410CCPF;05/03/2023;0;0,475;R
ES0000000000006410CCPF;05/03/2023;1;0,241;R
ES0000000000006410CCPF;05/03/2023;2;0,108;R
ES0000000000006410CCPF;05/03/2023;3;0,073;R
ES0000000000006410CCPF;05/03/2023;4;0,078;R
ES0000000000006410CCPF;05/03/2023;5;0,053;R
ES0000000000006410CCPF;05/03/2023;6;0,068;R
ES0000000000006410CCPF;05/03/2023;7;0,066;R
ES0000000000006410CCPF;05/03/2023;8;0,064;R
ES0000000000006410CCPF;05/03/2023;9;0,065;R
ES0000000000006410CCPF;05/03/2023;10;0,128;R
ES0000000000006410CCPF;05/03/2023;11;0,34;R
ES0000000000006410CCPF;05/03/2023;12;0,147;R
ES0000000000006410CCPF;05/03/2023;13;0,077;R
ES0000000000006410CCPF;05/03/2023;14;0,057;R
ES0000000000006410CCPF;05/03/2023;15;0,06;R
ES0000000000006410CCPF;05/03/2023;16;0,065;R
ES0000000000006410CCPF;05/03/2023;17;0,059;R
ES0000000000006410CCPF;05/03/2023;18;0,056;R
ES0000000000006410CCPF;05/03/2023;19;0,179;R
ES0000000000006410CCPF;05/03/2023;20;0,577;R
ES0000000000006410CCPF;05/03/2023;21;1,151;R
ES0000000000006410CCPF;05/03/2023;22;0,552;R
ES0000000000006410CCPF;05/03/2023;23;0,434;R
ES0000000000006410CCPF;06/03/2023;0;0,198;R
ES0000000000006410CCPF;06/03/2023;1;0,103;R
ES0000000000006410CCPF;06/03/2023;2;0,088;R
ES0000000000006410CCPF;06/03/2023;3;0,12;R
ES0000000000006410CCPF;06/03/2023;4;0,087;R
ES0000000000006410CCPF;06/03/2023;5;0,069;R
ES0000000000006410CCPF;06/03/2023;6;0,067;R
ES0000000000006410CCPF;06/03/2023;7;0,057;R
ES0000000000006410CCPF;06/03/2023;8;0,069;R
ES0000000000006410CCPF;06/03/2023;9;0,087;R
ES0000000000006410CCPF;06/03/2023;10;0,078;R
ES0000000000006410CCPF;06/03/2023;11;0,078;R
ES0000000000006410CCPF;06/03/2023;12;0,084;R
ES0000000000006410CCPF;06/03/2023;13;0,19;R
ES0000000000006410CCPF;06/03/2023;14;0,258;R
ES0000000000006410CCPF;06/03/2023;15;0,309;R
ES0000000000006410CCPF;06/03/2023;16;0,219;R
ES0000000000006410CCPF;06/03/2023;17;0,138;R
ES0000000000006410CCPF;06/03/2023;18;0,075;R
ES0000000000006410CCPF;06/03/2023;19;0,118;R
ES0000000000006410CCPF;06/03/2023;20;0,146;R
ES0000000000006410CCPF;06/03/2023;21;0,255;R
ES0000000000006410CCPF;06/03/2023;22;0,432;R
ES0000000000006410CCPF;06/03/2023;23;0,306;R
ES0000000000006410CCPF;07/03/2023;0;0,09;R
ES0000000000006410CCPF;07/03/2023;1;0,072;R
ES0000000000006410CCPF;07/03/2023;2;0,062;R
ES0000000000006410CCPF;07/03/2023;3;0,054;R
ES0000000000006410CCPF;07/03/2023;4;0,056;R
ES0000000000006410CCPF;07/03/2023;5;0,068;R
ES0000000000006410CCPF;07/03/2023;6;0,067;R
ES0000000000006410CCPF;07/03/2023;7;0,059;R
ES0000000000006410CCPF;07/03/2023;8;0,16;R
ES0000000000006410CCPF;07/03/2023;9;0,229;R
ES0000000000006410CCPF;07/03/2023;10;0,082;R
ES0000000000006410CCPF;07/03/2023;11;0,132;R
ES0000000000006410CCPF;07/03/2023;12;0,191;R
ES0000000000006410CCPF;07/03/2023;13;0,129;R
ES0000000000006410CCPF;07/03/2023;14;0,374;R
ES0000000000006410CCPF;07/03/2023;15;0,124;R
ES0000000000006410CCPF;07/03/2023;16;0,095;R
ES0000000000006410CCPF;07/03/2023;17;0,063;R
ES0000000000006410CCPF;07/03/2023;18;0,059;R
ES0000000000006410CCPF;07/03/2023;19;0,1;R
ES0000000000006410CCPF;07/03/2023;20;0,275;R
ES0000000000006410CCPF;07/03/2023;21;0,375;R
ES0000000000006410CCPF;07/03/2023;22;0,336;R
ES0000000000006410CCPF;07/03/2023;23;0,216;R
ES0000000000006410CCPF;08/03/2023;0;0,125;R
ES0000000000006410CCPF;08/03/2023;1;0,069;R
ES0000000000006410CCPF;08/03/2023;2;0,066;R
ES0000000000006410CCPF;08/03/2023;3;0,057;R
ES0000000000006410CCPF;08/03/2023;4;0,057;R
ES0000000000006410CCPF;08/03/2023;5;0,063;R
ES0000000000006410CCPF;08/03/2023;6;0,068;R
ES0000000000006410CCPF;08/03/2023;7;0,058;R
ES0000000000006410CCPF;08/03/2023;8;0,058;R
ES0000000000006410CCPF;08/03/2023;9;0,083;R
ES0000000000006410CCPF;08/03/2023;10;0,077;R
ES0000000000006410CCPF;08/03/2023;11;0,414;R
ES0000000000006410CCPF;08/03/2023;12;0,167;R
ES0000000000006410CCPF;08/03/2023;13;0,102;R
ES0000000000006410CCPF;08/03/2023;14;0,057;R
ES0000000000006410CCPF;08/03/2023;15;0,062;R
ES0000000000006410CCPF;08/03/2023;16;0,316;R
ES0000000000006410CCPF;08/03/2023;17;0,11;R
ES0000000000006410CCPF;08/03/2023;18;0,111;R
ES0000000000006410CCPF;08/03/2023;19;0,06;R
ES0000000000006410CCPF;08/03/2023;20;0,13;R
ES0000000000006410CCPF;08/03/2023;21;0,167;R
ES0000000000006410CCPF;08/03/2023;22;0,533;R
ES0000000000006410CCPF;08/03/2023;23;0,254;R
ES0000000000006410CCPF;09/03/2023;0;0,09;R
ES0000000000006410CCPF;09/03/2023;1;0,082;R
ES0000000000006410CCPF;09/03/2023;2;0,052;R
ES0000000000006410CCPF;09/03/2023;3;0,062;R
ES0000000000006410CCPF;09/03/2023;4;0,071;R
ES0000000000006410CCPF;09/03/2023;5;0,067;R
ES0000000000006410CCPF;09/03/2023;6;0,059;R
ES0000000000006410CCPF;09/03/2023;7;0,055;R
ES0000000000006410CCPF;09/03/2023;8;0,068;R
ES0000000000006410CCPF;09/03/2023;9;0,071;R
ES0000000000006410CCPF;09/03/2023;10;0,142;R
ES0000000000006410CCPF;09/03/2023;11;0,203;R
ES0000000000006410CCPF;09/03/2023;12;0,163;R
ES0000000000006410CCPF;09/03/2023;13;0,572;R
ES0000000000006410CCPF;09/03/2023;14;0,093;R
ES0000000000006410CCPF;09/03/2023;15;0,28;R
ES0000000000006410CCPF;09/03/2023;16;0,303;R
ES0000000000006410CCPF;09/03/2023;17;0,284;R
ES0000000000006410CCPF;09/03/2023;18;0,295;R
ES0000000000006410CCPF;09/03/2023;19;0,199;R
ES0000000000006410CCPF;09/03/2023;20;0,536;R
ES0000000000006410CCPF;09/03/2023;21;0,433;R
ES0000000000006410CCPF;09/03/2023;22;0,306;R
ES0000000000006410CCPF;09/03/2023;23;0,299;R
ES0000000000006410CCPF;10/03/2023;0;0,12;R
ES0000000000006410CCPF;10/03/2023;1;0,129;R
ES0000000000006410CCPF;10/03/2023;2;0,079;R
ES0000000000006410CCPF;10/03/2023;3;0,078;R
ES0000000000006410CCPF;10/03/2023;4;0,084;R
ES0000000000006410CCPF;10/03/2023;5;0,058;R
ES0000000000006410CCPF;10/03/2023;6;0,073;R
ES0000000000006410CCPF;10/03/2023;7;0,074;R
ES0000000000006410CCPF;10/03/2023;8;0,096;R
ES0000000000006410CCPF;10/03/2023;9;0,083;R
ES0000000000006410CCPF;10/03/2023;10;0,149;R
ES0000000000006410CCPF;10/03/2023;11;0,903;R
ES0000000000006410CCPF;10/03/2023;12;0,629;R
ES0000000000006410CCPF;10/03/2023;13;1,282;R
ES0000000000006410CCPF;10/03/2023;14;1,048;R
ES0000000000006410CCPF;10/03/2023;15;0,217;R
ES0000000000006410CCPF;10/03/2023;16;0,831;R
ES0000000000006410CCPF;10/03/2023;17;0,133;R
ES0000000000006410CCPF;10/03/2023;18;0,113;R
ES0000000000006410CCPF;10/03/2023;19;0,205;R
ES0000000000006410CCPF;10/03/2023;20;0,26;R
ES0000000000006410CCPF;10/03/2023;21;0,172;R
ES0000000000006410CCPF;10/03/2023;22;0,559;R
ES0000000000006410CCPF;10/03/2023;23;1,99;R
ES0000000000006410CCPF;11/03/2023;0;1,305;R
ES0000000000006410CCPF;11/03/2023;1;0,198;R
ES0000000000006410CCPF;11/03/2023;2;0,136;R
ES0000000000006410CCPF;11/03/2023;3;0,064;R
ES0000000000006410CCPF;11/03/2023;4;0,077;R
ES0000000000006410CCPF;11/03/2023;5;0,055;R
ES0000000000006410CCPF;11/03/2023;6;0,068;R
ES0000000000006410CCPF;11/03/2023;7;0,067;R
ES0000000000006410CCPF;11/03/2023;8;0,057;R
ES0000000000006410CCPF;11/03/2023;9;0,098;R
ES0000000000006410CCPF;11/03/2023;10;0,181;R
ES0000000000006410CCPF;11/03/2023;11;0,204;R
ES0000000000006410CCPF;11/03/2023;12;0,241;R
ES0000000000006410CCPF;11/03/2023;13;0,222;R
ES0000000000006410CCPF;11/03/2023;14;0,105;R
ES0000000000006410CCPF;11/03/2023;15;0,295;R
ES0000000000006410CCPF;11/03/2023;16;0,303;R
ES0000000000006410CCPF;11/03/2023;17;0,228;R
ES0000000000006410CCPF;11/03/2023;18;0,159;R
ES0000000000006410CCPF;11/03/2023;19;0,132;R
ES0000000000006410CCPF;11/03/2023;20;0,12;R
ES0000000000006410CCPF;11/03/2023;21;0,296;R
ES0000000000006410CCPF;11/03/2023;22;0,303;R
ES0000000000006410CCPF;11/03/2023;23;0,288;R
ES0000000000006410CCPF;12/03/2023;0;0,267;R
ES0000000000006410CCPF;12/03/2023;1;0,225;R
ES0000000000006410CCPF;12/03/2023;2;0,206;R
ES0000000000006410CCPF;12/03/2023;3;0,197;R
ES0000000000006410CCPF;12/03/2023;4;0,22;R
ES0000000000006410CCPF;12/03/2023;5;0,184;R
ES0000000000006410CCPF;12/03/2023;6;0,11;R
ES0000000000006410CCPF;12/03/2023;7;0,083;R
ES0000000000006410CCPF;12/03/2023;8;0,132;R
ES0000000000006410CCPF;12/03/2023;9;0,103;R
ES0000000000006410CCPF;12/03/2023;10;0,081;R
ES0000000000006410CCPF;12/03/2023;11;0,206;R
ES0000000000006410CCPF;12/03/2023;12;0,211;R
ES0000000000006410CCPF;12/03/2023;13;0,751;R
ES0000000000006410CCPF;12/03/2023;14;0,297;R
ES0000000000006410CCPF;12/03/2023;15;0,18;R
ES0000000000006410CCPF;12/03/2023;16;0,148;R
ES0000000000006410CCPF;12/03/2023;17;0,145;R
ES0000000000006410CCPF;12/03/2023;18;0,164;R
ES0000000000006410CCPF;12/03/2023;19;0,349;R
ES0000000000006410CCPF;12/03/2023;20;1,054;R
ES0000000000006410CCPF;12/03/2023;21;0,299;R
ES0000000000006410CCPF;12/03/2023;22;0,256;R
ES0000000000006410CCPF;12/03/2023;23;0,214;R
ES0000000000006410CCPF;13/03/2023;0;0,143;R
ES0000000000006410CCPF;13/03/2023;1;0,115;R
ES0000000000006410CCPF;13/03/2023;2;0,086;R
ES0000000000006410CCPF;13/03/2023;3;0,058;R
ES0000000000006410CCPF;13/03/2023;4;0,062;R
ES0000000000006410CCPF;13/03/2023;5;0,062;R
ES0000000000006410CCPF;13/03/2023;6;0,063;R
ES0000000000006410CCPF;13/03/2023;7;0,057;R
ES0000000000006410CCPF;13/03/2023;8;0,059;R
ES0000000000006410CCPF;13/03/2023;9;0,106;R
ES0000000000006410CCPF;13/03/2023;10;0,082;R
ES0000000000006410CCPF;13/03/2023;11;0,074;R
ES0000000000006410CCPF;13/03/2023;12;0,132;R
ES0000000000006410CCPF;13/03/2023;13;0,117;R
ES0000000000006410CCPF;13/03/2023;14;0,07;R
ES0000000000006410CCPF;13/03/2023;15;0,254;R
ES0000000000006410CCPF;13/03/2023;16;0,157;R
ES0000000000006410CCPF;13/03/2023;17;0,153;R
ES0000000000006410CCPF;13/03/2023;18;0,165;R
ES0000000000006410CCPF;13/03/2023;19;0,158;R
ES0000000000006410CCPF;13/03/2023;20;0,587;R
ES0000000000006410CCPF;13/03/2023;21;0,267;R
ES0000000000006410CCPF;13/03/2023;22;0,265;R
ES0000000000006410CCPF;13/03/2023;23;0,084;R
ES0000000000006410CCPF;14/03/2023;0;0,076;R
ES0000000000006410CCPF;14/03/2023;1;0,07;R
ES0000000000006410CCPF;14/03/2023;2;0,072;R
ES0000000000006410CCPF;14/03/2023;3;0,058;R
ES0000000000006410CCPF;14/03/2023;4;0,062;R
ES0000000000006410CCPF;14/03/2023;5;0,069;R
ES0000000000006410CCPF;14/03/2023;6;0,105;R
ES0000000000006410CCPF;14/03/2023;7;0,077;R
ES0000000000006410CCPF;14/03/2023;8;0,077;R
ES0000000000006410CCPF;14/03/2023;9;0,081;R
ES0000000000006410CCPF;14/03/2023;10;0,08;R
ES0000000000006410CCPF;14/03/2023;11;0,057;R
ES0000000000006410CCPF;14/03/2023;12;0,106;R
ES0000000000006410CCPF;14/03/2023;13;0,077;R
ES0000000000006410CCPF;14/03/2023;14;0,078;R
ES0000000000006410CCPF;14/03/2023;15;0,305;R
ES0000000000006410CCPF;14/03/2023;16;0,456;R
ES0000000000006410CCPF;14/03/2023;17;0,183;R
ES0000000000006410CCPF;14/03/2023;18;0,157;R
ES0000000000006410CCPF;14/03/2023;19;0,064;R
ES0000000000006410CCPF;14/03/2023;20;0,076;R
ES0000000000006410CCPF;14/03/2023;21;0,2;R
ES0000000000006410CCPF;14/03/2023;22;0,186;R
ES0000000000006410CCPF;14/03/2023;23;0,206;R
ES0000000000006410CCPF;15/03/2023;0;0,127;R
ES0000000000006410CCPF;15/03/2023;1;0,087;R
ES0000000000006410CCPF;15/03/2023;2;0,067;R
ES0000000000006410CCPF;15/03/2023;3;0,066;R
ES0000000000006410CCPF;15/03/2023;4;0,05;R
ES0000000000006410CCPF;15/03/2023;5;0,072;R
ES0000000000006410CCPF;15/03/2023;6;0,052;R
ES0000000000006410CCPF;15/03/2023;7;0,074;R
ES0000000000006410CCPF;15/03/2023;8;0,058;R
ES0000000000006410CCPF;15/03/2023;9;0,06;R
ES0000000000006410CCPF;15/03/2023;10;0,161;R
ES0000000000006410CCPF;15/03/2023;11;0,091;R
ES0000000000006410CCPF;15/03/2023;12;0,081;R
ES0000000000006410CCPF;15/03/2023;13;0,135;R
ES0000000000006410CCPF;15/03/2023;14;0,054;R
ES0000000000006410CCPF;15/03/2023;15;0,063;R
ES0000000000006410CCPF;15/03/2023;16;0,046;R
ES0000000000006410CCPF;15/03/2023;17;0,062;R
ES0000000000006410CCPF;15/03/2023;18;0,056;R
ES0000000000006410CCPF;15/03/2023;19;0,059;R
ES0000000000006410CCPF;15/03/2023;20;0,065;R
ES0000000000006410CCPF;15/03/2023;21;0,141;R
ES0000000000006410CCPF;15/03/2023;22;0,123;R
ES0000000000006410CCPF;15/03/2023;23;0,068;R
ES0000000000006410CCPF;16/03/2023;0;0,233;R
ES0000000000006410CCPF;16/03/2023;1;0,135;R
ES0000000000006410CCPF;16/03/2023;2;0,087;R
ES0000000000006410CCPF;16/03/2023;3;0,052;R
ES0000000000006410CCPF;16/03/2023;4;0,072;R
ES0000000000006410CCPF;16/03/2023;5;0,059;R
ES0000000000006410CCPF;16/03/2023;6;0,064;R
ES0000000000006410CCPF;16/03/2023;7;0,071;R
ES0000000000006410CCPF;16/03/2023;8;0,058;R
ES0000000000006410CCPF;16/03/2023;9;0,067;R
ES0000000000006410CCPF;16/03/2023;10;0,997;R
ES0000000000006410CCPF;16/03/2023;11;0,528;R
ES0000000000006410CCPF;16/03/2023;12;0,261;R
ES0000000000006410CCPF;16/03/2023;13;0,062;R
ES0000000000006410CCPF;16/03/2023;14;0,056;R
ES0000000000006410CCPF;16/03/2023;15;0,73;R
ES0000000000006410CCPF;16/03/2023;16;0,111;R
ES0000000000006410CCPF;16/03/2023;17;0,187;R
ES0000000000006410CCPF;16/03/2023;18;0,119;R
ES0000000000006410CCPF;16/03/2023;19;0,057;R
ES0000000000006410CCPF;16/03/2023;20;0,095;R
ES0000000000006410CCPF;16/03/2023;21;0,073;R
ES0000000000006410CCPF;16/03/2023;22;0,105;R
ES0000000000006410CCPF;16/03/2023;23;0,176;R
ES0000000000006410CCPF;17/03/2023;0;0,253;R
ES0000000000006410CCPF;17/03/2023;1;0,163;R
ES0000000000006410CCPF;17/03/2023;2;0,086;R
ES0000000000006410CCPF;17/03/2023;3;0,099;R
ES0000000000006410CCPF;17/03/2023;4;0,114;R
ES0000000000006410CCPF;17/03/2023;5;0,08;R
ES0000000000006410CCPF;17/03/2023;6;0,061;R
ES0000000000006410CCPF;17/03/2023;7;0,055;R
ES0000000000006410CCPF;17/03/2023;8;0,079;R
ES0000000000006410CCPF;17/03/2023;9;0,069;R
ES0000000000006410CCPF;17/03/2023;10;0,055;R
ES0000000000006410CCPF;17/03/2023;11;0,497;R
ES0000000000006410CCPF;17/03/2023;12;0,382;R
ES0000000000006410CCPF;17/03/2023;13;0,156;R
ES0000000000006410CCPF;17/03/2023;14;0,113;R
ES0000000000006410CCPF;17/03/2023;15;0,891;R
ES0000000000006410CCPF;17/03/2023;16;0,138;R
ES0000000000006410CCPF;17/03/2023;17;0,17;R
ES0000000000006410CCPF;17/03/2023;18;0,175;R
ES0000000000006410CCPF;17/03/2023;19;0,155;R
ES0000000000006410CCPF;17/03/2023;20;0,108;R
ES0000000000006410CCPF;17/03/2023;21;0,065;R
ES0000000000006410CCPF;17/03/2023;22;0,615;R
ES0000000000006410CCPF;17/03/2023;23;0,781;R
ES0000000000006410CCPF;18/03/2023;0;0,367;R
ES0000000000006410CCPF;18/03/2023;1;0,208;R
ES0000000000006410CCPF;18/03/2023;2;0,072;R
ES0000000000006410CCPF;18/03/2023;3;0,069;R
ES0000000000006410CCPF;18/03/2023;4;0,08;R
ES0000000000006410CCPF;18/03/2023;5;0,103;R
ES0000000000006410CCPF;18/03/2023;6;0,069;R
ES0000000000006410CCPF;18/03/2023;7;0,067;R
ES0000000000006410CCPF;18/03/2023;8;0,071;R
ES0000000000006410CCPF;18/03/2023;9;0,055;R
ES0000000000006410CCPF;18/03/2023;10;0,075;R
ES0000000000006410CCPF;18/03/2023;11;0,115;R
ES0000000000006410CCPF;18/03/2023;12;0,28;R
ES0000000000006410CCPF;18/03/2023;13;0,108;R
ES0000000000006410CCPF;18/03/2023;14;0,081;R
ES0000000000006410CCPF;18/03/2023;15;0,255;R
ES0000000000006410CCPF;18/03/2023;16;0,207;R
ES0000000000006410CCPF;18/03/2023;17;0,95;R
ES0000000000006410CCPF;18/03/2023;18;0,359;R
ES0000000000006410CCPF;18/03/2023;19;0,272;R
ES0000000000006410CCPF;18/03/2023;20;0,901;R
ES0000000000006410CCPF;18/03/2023;21;1,321;R
ES0000000000006410CCPF;18/03/2023;22;1,592;R
ES0000000000006410CCPF;18/03/2023;23;0,657;R
ES0000000000006410CCPF;19/03/2023;0;0,202;R
ES0000000000006410CCPF;19/03/2023;1;0,207;R
ES0000000000006410CCPF;19/03/2023;2;0,217;R
ES0000000000006410CCPF;19/03/2023;3;0,12;R
ES0000000000006410CCPF;19/03/2023;4;0,081;R
ES0000000000006410CCPF;19/03/2023;5;0,067;R
ES0000000000006410CCPF;19/03/2023;6;0,065;R
ES0000000000006410CCPF;19/03/2023;7;0,058;R
ES0000000000006410CCPF;19/03/2023;8;0,068;R
ES0000000000006410CCPF;19/03/2023;9;0,068;R
ES0000000000006410CCPF;19/03/2023;10;0,061;R
ES0000000000006410CCPF;19/03/2023;11;0,08;R
ES0000000000006410CCPF;19/03/2023;12;0,246;R
ES0000000000006410CCPF;19/03/2023;13;0,245;R
ES0000000000006410CCPF;19/03/2023;14;0,812;R
ES0000000000006410CCPF;19/03/2023;15;1,17;R
ES0000000000006410CCPF;19/03/2023;16;0,842;R
ES0000000000006410CCPF;19/03/2023;17;0,626;R
ES0000000000006410CCPF;19/03/2023;18;0,233;R
ES0000000000006410CCPF;19/03/2023;19;0,175;R
ES0000000000006410CCPF;19/03/2023;20;0,242;R
ES0000000000006410CCPF;19/03/2023;21;0,319;R
ES0000000000006410CCPF;19/03/2023;22;0,326;R
ES0000000000006410CCPF;19/03/2023;23;0,32;R
ES0000000000006410CCPF;20/03/2023;0;0,328;R
ES0000000000006410CCPF;20/03/2023;1;0,147;R
ES0000000000006410CCPF;20/03/2023;2;0,065;R
ES0000000000006410CCPF;20/03/2023;3;0,072;R
ES0000000000006410CCPF;20/03/2023;4;0,056;R
ES0000000000006410CCPF;20/03/2023;5;0,06;R
ES0000000000006410CCPF;20/03/2023;6;0,067;R
ES0000000000006410CCPF;20/03/2023;7;0,073;R
ES0000000000006410CCPF;20/03/2023;8;0,055;R
ES0000000000006410CCPF;20/03/2023;9;0,068;R
ES0000000000006410CCPF;20/03/2023;10;0,064;R
ES0000000000006410CCPF;20/03/2023;11;0,063;R
ES0000000000006410CCPF;20/03/2023;12;0,156;R
ES0000000000006410CCPF;20/03/2023;13;0,862;R
ES0000000000006410CCPF;20/03/2023;14;1,071;R
ES0000000000006410CCPF;20/03/2023;15;1,094;R
ES0000000000006410CCPF;20/03/2023;16;0,137;R
ES0000000000006410CCPF;20/03/2023;17;0,165;R
ES0000000000006410CCPF;20/03/2023;18;0,154;R
ES0000000000006410CCPF;20/03/2023;19;0,16;R
ES0000000000006410CCPF;20/03/2023;20;0,202;R
ES0000000000006410CCPF;20/03/2023;21;0,268;R
ES0000000000006410CCPF;20/03/2023;22;0,288;R
ES0000000000006410CCPF;20/03/2023;23;0,233;R
ES0000000000006410CCPF;21/03/2023;0;0,372;R
ES0000000000006410CCPF;21/03/2023;1;0,081;R
ES0000000000006410CCPF;21/03/2023;2;0,065;R
ES0000000000006410CCPF;21/03/2023;3;0,061;R
ES0000000000006410CCPF;21/03/2023;4;0,057;R
ES0000000000006410CCPF;21/03/2023;5;0,069;R
ES0000000000006410CCPF;21/03/2023;6;0,062;R
ES0000000000006410CCPF;21/03/2023;7;0,056;R
ES0000000000006410CCPF;21/03/2023;8;0,072;R
ES0000000000006410CCPF;21/03/2023;9;0,063;R
ES0000000000006410CCPF;21/03/2023;10;0,116;R
ES0000000000006410CCPF;21/03/2023;11;0,071;R
ES0000000000006410CCPF;21/03/2023;12;0,137;R
ES0000000000006410CCPF;21/03/2023;13;0,084;R
ES0000000000006410CCPF;21/03/2023;14;0,079;R
ES0000000000006410CCPF;21/03/2023;15;0,246;R
ES0000000000006410CCPF;21/03/2023;16;0,267;R
ES0000000000006410CCPF;21/03/2023;17;0,206;R
ES0000000000006410CCPF;21/03/2023;18;0,149;R
ES0000000000006410CCPF;21/03/2023;19;0,062;R
ES0000000000006410CCPF;21/03/2023;20;0,153;R
ES0000000000006410CCPF;21/03/2023;21;0,259;R
ES0000000000006410CCPF;21/03/2023;22;0,303;R
ES0000000000006410CCPF;21/03/2023;23;0,16;R
ES0000000000006410CCPF;22/03/2023;0;0,102;R
ES0000000000006410CCPF;22/03/2023;1;0,081;R
ES0000000000006410CCPF;22/03/2023;2;0,069;R
ES0000000000006410CCPF;22/03/2023;3;0,057;R
ES0000000000006410CCPF;22/03/2023;4;0,059;R
ES0000000000006410CCPF;22/03/2023;5;0,069;R
ES0000000000006410CCPF;22/03/2023;6;0,063;R
ES0000000000006410CCPF;22/03/2023;7;0,055;R
ES0000000000006410CCPF;22/03/2023;8;0,074;R
ES0000000000006410CCPF;22/03/2023;9;0,16;R
ES0000000000006410CCPF;22/03/2023;10;0,106;R
ES0000000000006410CCPF;22/03/2023;11;0,078;R
ES0000000000006410CCPF;22/03/2023;12;0,066;R
ES0000000000006410CCPF;22/03/2023;13;0,431;R
ES0000000000006410CCPF;22/03/2023;14;0,356;R
ES0000000000006410CCPF;22/03/2023;15;0,079;R
ES0000000000006410CCPF;22/03/2023;16;0,067;R
ES0000000000006410CCPF;22/03/2023;17;0,135;R
ES0000000000006410CCPF;22/03/2023;18;0,19;R
ES0000000000006410CCPF;22/03/2023;19;0,126;R
ES0000000000006410CCPF;22/03/2023;20;0,082;R
ES0000000000006410CCPF;22/03/2023;21;0,051;R
ES0000000000006410CCPF;22/03/2023;22;0,248;R
ES0000000000006410CCPF;22/03/2023;23;0,146;R
ES0000000000006410CCPF;23/03/2023;0;0,099;R
ES0000000000006410CCPF;23/03/2023;1;0,089;R
ES0000000000006410CCPF;23/03/2023;2;0,057;R
ES0000000000006410CCPF;23/03/2023;3;0,066;R
ES0000000000006410CCPF;23/03/2023;4;0,061;R
ES0000000000006410CCPF;23/03/2023;5;0,053;R
ES0000000000006410CCPF;23/03/2023;6;0,069;R
ES0000000000006410CCPF;23/03/2023;7;0,059;R
ES0000000000006410CCPF;23/03/2023;8;0,057;R
ES0000000000006410CCPF;23/03/2023;9;0,06;R
ES0000000000006410CCPF;23/03/2023;10;0,066;R
ES0000000000006410CCPF;23/03/2023;11;0,191;R
ES0000000000006410CCPF;23/03/2023;12;0,111;R
ES0000000000006410CCPF;23/03/2023;13;0,073;R
ES0000000000006410CCPF;23/03/2023;14;0,058;R
ES0000000000006410CCPF;23/03/2023;15;0,078;R
ES0000000000006410CCPF;23/03/2023;16;0,356;R
ES0000000000006410CCPF;23/03/2023;17;0,219;R
ES0000000000006410CCPF;23/03/2023;18;0,795;R
ES0000000000006410CCPF;23/03/2023;19;0,252;R
ES0000000000006410CCPF;23/03/2023;20;0,208;R
ES0000000000006410CCPF;23/03/2023;21;0,2;R
ES0000000000006410CCPF;23/03/2023;22;0,363;R
ES0000000000006410CCPF;23/03/2023;23;0,244;R
ES0000000000006410CCPF;24/03/2023;0;0,261;R
ES0000000000006410CCPF;24/03/2023;1;0,176;R
ES0000000000006410CCPF;24/03/2023;2;0,058;R
ES0000000000006410CCPF;24/03/2023;3;0,071;R
ES0000000000006410CCPF;24/03/2023;4;0,062;R
ES0000000000006410CCPF;24/03/2023;5;0,057;R
ES0000000000006410CCPF;24/03/2023;6;0,059;R
ES0000000000006410CCPF;24/03/2023;7;0,061;R
ES0000000000006410CCPF;24/03/2023;8;0,07;R
ES0000000000006410CCPF;24/03/2023;9;0,053;R
ES0000000000006410CCPF;24/03/2023;10;0,206;R
ES0000000000006410CCPF;24/03/2023;11;0,091;R
ES0000000000006410CCPF;24/03/2023;12;0,07;R
ES0000000000006410CCPF;24/03/2023;13;0,081;R
ES0000000000006410CCPF;24/03/2023;14;0,072;R
ES0000000000006410CCPF;24/03/2023;15;0,243;R
ES0000000000006410CCPF;24/03/2023;16;0,136;R
ES0000000000006410CCPF;24/03/2023;17;0,174;R
ES0000000000006410CCPF;24/03/2023;18;0,161;R
ES0000000000006410CCPF;24/03/2023;19;0,107;R
ES0000000000006410CCPF;24/03/2023;20;0,138;R
ES0000000000006410CCPF;24/03/2023;21;0,804;R
ES0000000000006410CCPF;24/03/2023;22;0,23;R
ES0000000000006410CCPF;24/03/2023;23;0,187;R
ES0000000000006410CCPF;25/03/2023;0;0,116;R
ES0000000000006410CCPF;25/03/2023;1;0,126;R
ES0000000000006410CCPF;25/03/2023;2;0,118;R
ES0000000000006410CCPF;25/03/2023;3;0,092;R
ES0000000000006410CCPF;25/03/2023;4;0,077;R
ES0000000000006410CCPF;25/03/2023;5;0,065;R
ES0000000000006410CCPF;25/03/2023;6;0,058;R
ES0000000000006410CCPF;25/03/2023;7;0,068;R
ES0000000000006410CCPF;25/03/2023;8;0,067;R
ES0000000000006410CCPF;25/03/2023;9;0,057;R
ES0000000000006410CCPF;25/03/2023;10;0,071;R
ES0000000000006410CCPF;25/03/2023;11;0,205;R
ES0000000000006410CCPF;25/03/2023;12;0,161;R
ES0000000000006410CCPF;25/03/2023;13;0,157;R
ES0000000000006410CCPF;25/03/2023;14;0,363;R
ES0000000000006410CCPF;25/03/2023;15;1,09;R
ES0000000000006410CCPF;25/03/2023;16;1,076;R
ES0000000000006410CCPF;25/03/2023;17;0,341;R
ES0000000000006410CCPF;25/03/2023;18;0,321;R
ES0000000000006410CCPF;25/03/2023;19;0,084;R
ES0000000000006410CCPF;25/03/2023;20;0,082;R
ES0000000000006410CCPF;25/03/2023;21;0,149;R
ES0000000000006410CCPF;25/03/2023;22;0,128;R
ES0000000000006410CCPF;25/03/2023;23;1,114;R
ES0000000000006410CCPF;26/03/2023;0;1,12;R
ES0000000000006410CCPF;26/03/2023;1;0,33;R
ES0000000000006410CCPF;26/03/2023;3;0,115;R
ES0000000000006410CCPF;26/03/2023;4;0,07;R
ES0000000000006410CCPF;26/03/2023;5;0,08;R
ES0000000000006410CCPF;26/03/2023;6;0,08;R
ES0000000000006410CCPF;26/03/2023;7;0,072;R
ES0000000000006410CCPF;26/03/2023;8;0,064;R
ES0000000000006410CCPF;26/03/2023;9;0,453;R
ES0000000000006410CCPF;26/03/2023;10;0,141;R
ES0000000000006410CCPF;26/03/2023;11;0,446;R
ES0000000000006410CCPF;26/03/2023;12;0,419;R
ES0000000000006410CCPF;26/03/2023;13;0,123;R
ES0000000000006410CCPF;26/03/2023;14;0,066;R
ES0000000000006410CCPF;26/03/2023;15;0,245;R
ES0000000000006410CCPF;26/03/2023;16;0,119;R
ES0000000000006410CCPF;26/03/2023;17;0,159;R
ES0000000000006410CCPF;26/03/2023;18;0,167;R
ES0000000000006410CCPF;26/03/2023;19;0,179;R
ES0000000000006410CCPF;26/03/2023;20;0,194;R
ES0000000000006410CCPF;26/03/2023;21;0,184;R
ES0000000000006410CCPF;26/03/2023;22;0,838;R
ES0000000000006410CCPF;26/03/2023;23;0,401;R
ES0000000000006410CCPF;27/03/2023;0;0,087;R
ES0000000000006410CCPF;27/03/2023;1;0,078;R
ES0000000000006410CCPF;27/03/2023;2;0,076;R
ES0000000000006410CCPF;27/03/2023;3;0,06;R
ES0000000000006410CCPF;27/03/2023;4;0,068;R
ES0000000000006410CCPF;27/03/2023;5;0,115;R
ES0000000000006410CCPF;27/03/2023;6;0,059;R
ES0000000000006410CCPF;27/03/2023;7;0,066;R
ES0000000000006410CCPF;27/03/2023;8;0,185;R
ES0000000000006410CCPF;27/03/2023;9;0,115;R
ES0000000000006410CCPF;27/03/2023;10;0,078;R
ES0000000000006410CCPF;27/03/2023;11;0,056;R
ES0000000000006410CCPF;27/03/2023;12;0,067;R
ES0000000000006410CCPF;27/03/2023;13;0,055;R
ES0000000000006410CCPF;27/03/2023;14;0,061;R
ES0000000000006410CCPF;27/03/2023;15;0,621;R
ES0000000000006410CCPF;27/03/2023;16;0,188;R
ES0000000000006410CCPF;27/03/2023;17;0,168;R
ES0000000000006410CCPF;27/03/2023;18;0,146;R
ES0000000000006410CCPF;27/03/2023;19;0,111;R
ES0000000000006410CCPF;27/03/2023;20;0,06;R
ES0000000000006410CCPF;27/03/2023;21;0,228;R
ES0000000000006410CCPF;27/03/2023;22;0,304;R
ES0000000000006410CCPF;27/03/2023;23;0,147;R
ES0000000000006410CCPF;28/03/2023;0;0,13;R
ES0000000000006410CCPF;28/03/2023;1;0,082;R
ES0000000000006410CCPF;28/03/2023;2;0,078;R
ES0000000000006410CCPF;28/03/2023;3;0,052;R
ES0000000000006410CCPF;28/03/2023;4;0,063;R
ES0000000000006410CCPF;28/03/2023;5;0,069;R
ES0000000000006410CCPF;28/03/2023;6;0,065;R
ES0000000000006410CCPF;28/03/2023;7;0,056;R
ES0000000000006410CCPF;28/03/2023;8;0,261;R
ES0000000000006410CCPF;28/03/2023;9;0,15;R
ES0000000000006410CCPF;28/03/2023;10;0,08;R
ES0000000000006410CCPF;28/03/2023;11;0,057;R
ES0000000000006410CCPF;28/03/2023;12;0,057;R
ES0000000000006410CCPF;28/03/2023;13;0,079;R
ES0000000000006410CCPF;28/03/2023;14;1,318;R
ES0000000000006410CCPF;28/03/2023;15;0,662;R
ES0000000000006410CCPF;28/03/2023;16;0,124;R
ES0000000000006410CCPF;28/03/2023;17;0,086;R
ES0000000000006410CCPF;28/03/2023;18;0,053;R
ES0000000000006410CCPF;28/03/2023;19;0,27;R
ES0000000000006410CCPF;28/03/2023;20;0,241;R
ES0000000000006410CCPF;28/03/2023;21;0,166;R
ES0000000000006410CCPF;28/03/2023;22;0,121;R
ES0000000000006410CCPF;28/03/2023;23;0,086;R
ES0000000000006410CCPF;29/03/2023;0;0,081;R
ES0000000000006410CCPF;29/03/2023;1;0,079;R
ES0000000000006410CCPF;29/03/2023;2;0,079;R
ES0000000000006410CCPF;29/03/2023;3;0,062;R
ES0000000000006410CCPF;29/03/2023;4;0,064;R
ES0000000000006410CCPF;29/03/2023;5;0,065;R
ES0000000000006410CCPF;29/03/2023;6;0,053;R
ES0000000000006410CCPF;29/03/2023;7;0,069;R
ES0000000000006410CCPF;29/03/2023;8;0,185;R
ES0000000000006410CCPF;29/03/2023;9;0,122;R
ES0000000000006410CCPF;29/03/2023;10;0,188;R
ES0000000000006410CCPF;29/03/2023;11;0,095;R
ES0000000000006410CCPF;29/03/2023;12;0,135;R
ES0000000000006410CCPF;29/03/2023;13;0,086;R
ES0000000000006410CCPF;29/03/2023;14;0,088;R
ES0000000000006410CCPF;29/03/2023;15;0,096;R
ES0000000000006410CCPF;29/03/2023;16;0,155;R
ES0000000000006410CCPF;29/03/2023;17;0,219;R
ES0000000000006410CCPF;29/03/2023;18;0,236;R
ES0000000000006410CCPF;29/03/2023;19;0,198;R
ES0000000000006410CCPF;29/03/2023;20;0,085;R
ES0000000000006410CCPF;29/03/2023;21;0,12;R
ES0000000000006410CCPF;29/03/2023;22;0,133;R
ES0000000000006410CCPF;29/03/2023;23;0,152;R
ES0000000000006410CCPF;30/03/2023;0;0,278;R
ES0000000000006410CCPF;30/03/2023;1;0,111;R
ES0000000000006410CCPF;30/03/2023;2;0,108;R
ES0000000000006410CCPF;30/03/2023;3;0,12;R
ES0000000000006410CCPF;30/03/2023;4;0,133;R
ES0000000000006410CCPF;30/03/2023;5;0,098;R
ES0000000000006410CCPF;30/03/2023;6;0,11;R
ES0000000000006410CCPF;30/03/2023;7;0,102;R
ES0000000000006410CCPF;30/03/2023;8;0,267;R
ES0000000000006410CCPF;30/03/2023;9;0,237;R
ES0000000000006410CCPF;30/03/2023;10;0,078;R
ES0000000000006410CCPF;30/03/2023;11;0,053;R
ES0000000000006410CCPF;30/03/2023;12;0,067;R
ES0000000000006410CCPF;30/03/2023;13;0,048;R
ES0000000000006410CCPF;30/03/2023;14;0,062;R
ES0000000000006410CCPF;30/03/2023;15;0,065;R
ES0000000000006410CCPF;30/03/2023;16;0,05;R
ES0000000000006410CCPF;30/03/2023;17;0,062;R
ES0000000000006410CCPF;30/03/2023;18;0,066;R
ES0000000000006410CCPF;30/03/2023;19;0,047;R
ES0000000000006410CCPF;30/03/2023;20;0,07;R
ES0000000000006410CCPF;30/03/2023;21;0,098;R
ES0000000000006410CCPF;30/03/2023;22;0,147;R
ES0000000000006410CCPF;30/03/2023;23;0,236;R
ES0000000000006410CCPF;31/03/2023;0;0,198;R
ES0000000000006410CCPF;31/03/2023;1;0,076;R
ES0000000000006410CCPF;31/03/2023;2;0,063;R
ES0000000000006410CCPF;31/03/2023;3;0,063;R
ES0000000000006410CCPF;31/03/2023;4;0,081;R
ES0000000000006410CCPF;31/03/2023;5;0,089;R
ES0000000000006410CCPF;31/03/2023;6;0,081;R
ES0000000000006410CCPF;31/03/2023;7;0,065;R
ES0000000000006410CCPF;31/03/2023;8;0,229;R
ES0000000000006410CCPF;31/03/2023;9;0,139;R
ES0000000000006410CCPF;31/03/2023;10;0,086;R
ES0000000000006410CCPF;31/03/2023;11;0,068;R
ES0000000000006410CCPF;31/03/2023;12;0,837;R
ES0000000000006410CCPF;31/03/2023;13;1,013;R
ES0000000000006410CCPF;31/03/2023;14;0,147;R
ES0000000000006410CCPF;31/03/2023;15;0,217;R
ES0000000000006410CCPF;31/03/2023;16;0,079;R
ES0000000000006410CCPF;31/03/2023;17;0,068;R
ES0000000000006410CCPF;31/03/2023;18;0,069;R
ES0000000000006410CCPF;31/03/2023;19;0,065;R
ES0000000000006410CCPF;31/03/2023;20;0,062;R
ES0000000000006410CCPF;31/03/2023;21;0,112;R
ES0000000000006410CCPF;31/03/2023;22;0,197;R
ES0000000000006410CCPF;31/03/2023;23;0,165;R
ES0000000000006410CCPF;01/04/2023;0;0,095;R
ES0000000000006410CCPF;01/04/2023;1;0,087;R
ES0000000000006410CCPF;01/04/2023;2;0,053;R
ES0000000000006410CCPF;01/04/2023;3;0,067;R
ES0000000000006410CCPF;01/04/2023;4;0,069;R
ES0000000000006410CCPF;01/04/2023;5;0,054;R
ES0000000000006410CCPF;01/04/2023;6;0,071;R
ES0000000000006410CCPF;01/04/2023;7;0,061;R
ES0000000000006410CCPF;01/04/2023;8;0,064;R
ES0000000000006410CCPF;01/04/2023;9;0,202;R
ES0000000000006410CCPF;01/04/2023;10;1,137;R
ES0000000000006410CCPF;01/04/2023;11;0,074;R
ES0000000000006410CCPF;01/04/2023;12;0,245;R
ES0000000000006410CCPF;01/04/2023;13;0,131;R
ES0000000000006410CCPF;01/04/2023;14;0,373;R
ES0000000000006410CCPF;01/04/2023;15;0,113;R
ES0000000000006410CCPF;01/04/2023;16;0,228;R
ES0000000000006410CCPF;01/04/2023;17;0,141;R
ES0000000000006410CCPF;01/04/2023;18;0,229;R
ES0000000000006410CCPF;01/04/2023;19;0,13;R
ES0000000000006410CCPF;01/04/2023;20;0,143;R
ES0000000000006410CCPF;01/04/2023;21;0,073;R
ES0000000000006410CCPF;01/04/2023;22;0,396;R
ES0000000000006410CCPF;01/04/2023;23;0,684;R
ES0000000000006410CCPF;02/04/2023;0;0,835;R
ES0000000000006410CCPF;02/04/2023;1;0,493;R
ES0000000000006410CCPF;02/04/2023;2;0,103;R
ES0000000000006410CCPF;02/04/2023;3;0,109;R
ES0000000000006410CCPF;02/04/2023;4;0,065;R
ES0000000000006410CCPF;02/04/2023;5;0,057;R
ES0000000000006410CCPF;02/04/2023;6;0,062;R
ES0000000000006410CCPF;02/04/2023;7;0,07;R
ES0000000000006410CCPF;02/04/2023;8;0,058;R
ES0000000000006410CCPF;02/04/2023;9;0,183;R
ES0000000000006410CCPF;02/04/2023;10;0,101;R
ES0000000000006410CCPF;02/04/2023;11;0,125;R
ES0000000000006410CCPF;02/04/2023;12;0,2;R
ES0000000000006410CCPF;02/04/2023;13;0,332;R
ES0000000000006410CCPF;02/04/2023;14;0,092;R
ES0000000000006410CCPF;02/04/2023;15;0,097;R
ES0000000000006410CCPF;02/04/2023;16;0,08;R
ES0000000000006410CCPF;02/04/2023;17;0,098;R
ES0000000000006410CCPF;02/04/2023;18;0,229;R
ES0000000000006410CCPF;02/04/2023;19;0,105;R
ES0000000000006410CCPF;02/04/2023;20;0,19;R
ES0000000000006410CCPF;02/04/2023;21;0,175;R
ES0000000000006410CCPF;02/04/2023;22;0,595;R
ES0000000000006410CCPF;02/04/2023;23;0,39;R
ES0000000000006410CCPF;03/04/2023;0;0,244;R
ES0000000000006410CCPF;03/04/2023;1;0,126;R
ES0000000000006410CCPF;03/04/2023;2;0,079;R
ES0000000000006410CCPF;03/04/2023;3;0,122;R
ES0000000000006410CCPF;03/04/2023;4;0,065;R
ES0000000000006410CCPF;03/04/2023;5;0,059;R
ES0000000000006410CCPF;03/04/2023;6;0,068;R
ES0000000000006410CCPF;03/04/2023;7;0,064;R
ES0000000000006410CCPF;03/04/2023;8;0,058;R
ES0000000000006410CCPF;03/04/2023;9;0,071;R
ES0000000000006410CCPF;03/04/2023;10;0,173;R
ES0000000000006410CCPF;03/04/2023;11;0,199;R
ES0000000000006410CCPF;03/04/2023;12;0,08;R
ES0000000000006410CCPF;03/04/2023;13;0,064;R
ES0000000000006410CCPF;03/04/2023;14;1,084;R
ES0000000000006410CCPF;03/04/2023;15;1,086;R
ES0000000000006410CCPF;03/04/2023;16;0,24;R
ES0000000000006410CCPF;03/04/2023;17;0,182;R
ES0000000000006410CCPF;03/04/2023;18;0,159;R
ES0000000000006410CCPF;03/04/2023;19;0,165;R
ES0000000000006410CCPF;03/04/2023;20;0,191;R
ES0000000000006410CCPF;03/04/2023;21;0,463;R
ES0000000000006410CCPF;03/04/2023;22;0,267;R
ES0000000000006410CCPF;03/04/2023;23;0,231;R
ES0000000000006410CCPF;04/04/2023;0;0,2;R
ES0000000000006410CCPF;04/04/2023;1;0,169;R
ES0000000000006410CCPF;04/04/2023;2;0,129;R
ES0000000000006410CCPF;04/04/2023;3;0,059;R
ES0000000000006410CCPF;04/04/2023;4;0,065;R
ES0000000000006410CCPF;04/04/2023;5;0,064;R
ES0000000000006410CCPF;04/04/2023;6;0,056;R
ES0000000000006410CCPF;04/04/2023;7;0,07;R
ES0000000000006410CCPF;04/04/2023;8;0,078;R
ES0000000000006410CCPF;04/04/2023;9;0,111;R
ES0000000000006410CCPF;04/04/2023;10;0,126;R
ES0000000000006410CCPF;04/04/2023;11;0,306;R
ES0000000000006410CCPF;04/04/2023;12;0,142;R
ES0000000000006410CCPF;04/04/2023;13;0,095;R
ES0000000000006410CCPF;04/04/2023;14;0,356;R
ES0000000000006410CCPF;04/04/2023;15;0,187;R
ES0000000000006410CCPF;04/04/2023;16;0,18;R
ES0000000000006410CCPF;04/04/2023;17;0,156;R
ES0000000000006410CCPF;04/04/2023;18;0,162;R
ES0000000000006410CCPF;04/04/2023;19;0,144;R
ES0000000000006410CCPF;04/04/2023;20;0,067;R
ES0000000000006410CCPF;04/04/2023;21;0,163;R
ES0000000000006410CCPF;04/04/2023;22;0,201;R
ES0000000000006410CCPF;04/04/2023;23;0,363;R
ES0000000000006410CCPF;05/04/2023;0;0,253;R
ES0000000000006410CCPF;05/04/2023;1;0,159;R
ES0000000000006410CCPF;05/04/2023;2;0,067;R
ES0000000000006410CCPF;05/04/2023;3;0,061;R
ES0000000000006410CCPF;05/04/2023;4;0,06;R
ES0000000000006410CCPF;05/04/2023;5;0,056;R
ES0000000000006410CCPF;05/04/2023;6;0,071;R
ES0000000000006410CCPF;05/04/2023;7;0,062;R
ES0000000000006410CCPF;05/04/2023;8;0,058;R
ES0000000000006410CCPF;05/04/2023;9;0,125;R
ES0000000000006410CCPF;05/04/2023;10;0,076;R
ES0000000000006410CCPF;05/04/2023;11;0,358;R
ES0000000000006410CCPF;05/04/2023;12;0,172;R
ES0000000000006410CCPF;05/04/2023;13;0,174;R
ES0000000000006410CCPF;05/04/2023;14;0,114;R
ES0000000000006410CCPF;05/04/2023;15;1,883;R
ES0000000000006410CCPF;05/04/2023;16;0,068;R
ES0000000000006410CCPF;05/04/2023;17;0,091;R
ES0000000000006410CCPF;05/04/2023;18;0,154;R
ES0000000000006410CCPF;05/04/2023;19;0,105;R
ES0000000000006410CCPF;05/04/2023;20;0,085;R
ES0000000000006410CCPF;05/04/2023;21;0,079;R
ES0000000000006410CCPF;05/04/2023;22;0,18;R
ES0000000000006410CCPF;05/04/2023;23;0,152;R
ES0000000000006410CCPF;06/04/2023;0;0,083;R
ES0000000000006410CCPF;06/04/2023;1;0,065;R
ES0000000000006410CCPF;06/04/2023;2;0,066;R
ES0000000000006410CCPF;06/04/2023;3;0,055;R
ES0000000000006410CCPF;06/04/2023;4;0,071;R
ES0000000000006410CCPF;06/04/2023;5;0,058;R
ES0000000000006410CCPF;06/04/2023;6;0,058;R
ES0000000000006410CCPF;06/04/2023;7;0,075;R
ES0000000000006410CCPF;06/04/2023;8;0,05;R
ES0000000000006410CCPF;06/04/2023;9;0,076;R
ES0000000000006410CCPF;06/04/2023;10;0,128;R
ES0000000000006410CCPF;06/04/2023;11;0,419;R
ES0000000000006410CCPF;06/04/2023;12;0,234;R
ES0000000000006410CCPF;06/04/2023;13;0,93;R
ES0000000000006410CCPF;06/04/2023;14;0,327;R
ES0000000000006410CCPF;06/04/2023;15;0,112;R
ES0000000000006410CCPF;06/04/2023;16;0,067;R
ES0000000000006410CCPF;06/04/2023;17;0,076;R
ES0000000000006410CCPF;06/04/2023;18;0,134;R
ES0000000000006410CCPF;06/04/2023;19;0,115;R
ES0000000000006410CCPF;06/04/2023;20;0,095;R
ES0000000000006410CCPF;06/04/2023;21;0,084;R
ES0000000000006410CCPF;06/04/2023;22;0,12;R
ES0000000000006410CCPF;06/04/2023;23;0,19;R
ES0000000000006410CCPF;07/04/2023;0;0,105;R
ES0000000000006410CCPF;07/04/2023;1;0,082;R
ES0000000000006410CCPF;07/04/2023;2;0,056;R
ES0000000000006410CCPF;07/04/2023;3;0,071;R
ES0000000000006410CCPF;07/04/2023;4;0,056;R
ES0000000000006410CCPF;07/04/2023;5;0,082;R
ES0000000000006410CCPF;07/04/2023;6;0,05;R
ES0000000000006410CCPF;07/04/2023;7;0,062;R
ES0000000000006410CCPF;07/04/2023;8;0,069;R
ES0000000000006410CCPF;07/04/2023;9;0,062;R
ES0000000000006410CCPF;07/04/2023;10;0,073;R
ES0000000000006410CCPF;07/04/2023;11;0,527;R
ES0000000000006410CCPF;07/04/2023;12;0,637;R
ES0000000000006410CCPF;07/04/2023;13;0,23;R
ES0000000000006410CCPF;07/04/2023;14;0,169;R
ES0000000000006410CCPF;07/04/2023;15;0,142;R
ES0000000000006410CCPF;07/04/2023;16;0,177;R
ES0000000000006410CCPF;07/04/2023;17;0,171;R
ES0000000000006410CCPF;07/04/2023;18;0,203;R
ES0000000000006410CCPF;07/04/2023;19;0,188;R
ES0000000000006410CCPF;07/04/2023;20;0,144;R
ES0000000000006410CCPF;07/04/2023;21;0,154;R
ES0000000000006410CCPF;07/04/2023;22;0,275;R
ES0000000000006410CCPF;07/04/2023;23;0,459;R
ES0000000000006410CCPF;08/04/2023;0;0,118;R
ES0000000000006410CCPF;08/04/2023;1;0,082;R
ES0000000000006410CCPF;08/04/2023;2;0,075;R
ES0000000000006410CCPF;08/04/2023;3;0,066;R
ES0000000000006410CCPF;08/04/2023;4;0,058;R
ES0000000000006410CCPF;08/04/2023;5;0,067;R
ES0000000000006410CCPF;08/04/2023;6;0,051;R
ES0000000000006410CCPF;08/04/2023;7;0,064;R
ES0000000000006410CCPF;08/04/2023;8;0,083;R
ES0000000000006410CCPF;08/04/2023;9;0,082;R
ES0000000000006410CCPF;08/04/2023;10;0,193;R
ES0000000000006410CCPF;08/04/2023;11;0,734;R
ES0000000000006410CCPF;08/04/2023;12;0,251;R
ES0000000000006410CCPF;08/04/2023;13;0,189;R
ES0000000000006410CCPF;08/04/2023;14;0,134;R
ES0000000000006410CCPF;08/04/2023;15;0,09;R
ES0000000000006410CCPF;08/04/2023;16;0,064;R
ES0000000000006410CCPF;08/04/2023;17;0,056;R
ES0000000000006410CCPF;08/04/2023;18;0,064;R
ES0000000000006410CCPF;08/04/2023;19;0,675;R
ES0000000000006410CCPF;08/04/2023;20;0,289;R
ES0000000000006410CCPF;08/04/2023;21;0,398;R
ES0000000000006410CCPF;08/04/2023;22;0,818;R
ES0000000000006410CCPF;08/04/2023;23;1,075;R
ES0000000000006410CCPF;09/04/2023;0;0,276;R
ES0000000000006410CCPF;09/04/2023;1;0,182;R
ES0000000000006410CCPF;09/04/2023;2;0,089;R
ES0000000000006410CCPF;09/04/2023;3;0,08;R
ES0000000000006410CCPF;09/04/2023;4;0,05;R
ES0000000000006410CCPF;09/04/2023;5;0,073;R
ES0000000000006410CCPF;09/04/2023;6;0,078;R
ES0000000000006410CCPF;09/04/2023;7;0,054;R
ES0000000000006410CCPF;09/04/2023;8;0,078;R
ES0000000000006410CCPF;09/04/2023;9;0,079;R
ES0000000000006410CCPF;09/04/2023;10;0,175;R
ES0000000000006410CCPF;09/04/2023;11;0,914;R
ES0000000000006410CCPF;09/04/2023;12;0,204;R
ES0000000000006410CCPF;09/04/2023;13;0,17;R
ES0000000000006410CCPF;09/04/2023;14;0,057;R
ES0000000000006410CCPF;09/04/2023;15;0,072;R
ES0000000000006410CCPF;09/04/2023;16;0,053;R
ES0000000000006410CCPF;09/04/2023;17;0,063;R
ES0000000000006410CCPF;09/04/2023;18;0,055;R
ES0000000000006410CCPF;09/04/2023;19;0,117;R
ES0000000000006410CCPF;09/04/2023;20;0,226;R
ES0000000000006410CCPF;09/04/2023;21;0,172;R
ES0000000000006410CCPF;09/04/2023;22;0,367;R
ES0000000000006410CCPF;09/04/2023;23;0,355;R
ES0000000000006410CCPF;10/04/2023;0;0,237;R
ES0000000000006410CCPF;10/04/2023;1;0,153;R
ES0000000000006410CCPF;10/04/2023;2;0,088;R
ES0000000000006410CCPF;10/04/2023;3;0,073;R
ES0000000000006410CCPF;10/04/2023;4;0,066;R
ES0000000000006410CCPF;10/04/2023;5;0,054;R
ES0000000000006410CCPF;10/04/2023;6;0,064;R
ES0000000000006410CCPF;10/04/2023;7;0,066;R
ES0000000000006410CCPF;10/04/2023;8;0,226;R
ES0000000000006410CCPF;10/04/2023;9;0,129;R
ES0000000000006410CCPF;10/04/2023;10;0,078;R
ES0000000000006410CCPF;10/04/2023;11;0,055;R
ES0000000000006410CCPF;10/04/2023;12;0,057;R
ES0000000000006410CCPF;10/04/2023;13;0,07;R
ES0000000000006410CCPF;10/04/2023;14;0,051;R
ES0000000000006410CCPF;10/04/2023;15;0,358;R
ES0000000000006410CCPF;10/04/2023;16;0,163;R
ES0000000000006410CCPF;10/04/2023;17;0,182;R
ES0000000000006410CCPF;10/04/2023;18;0,155;R
ES0000000000006410CCPF;10/04/2023;19;0,188;R
ES0000000000006410CCPF;10/04/2023;20;0,174;R
ES0000000000006410CCPF;10/04/2023;21;0,187;R
ES0000000000006410CCPF;10/04/2023;22;0,236;R
ES0000000000006410CCPF;10/04/2023;23;0,224;R
ES0000000000006410CCPF;11/04/2023;0;0,165;R
ES0000000000006410CCPF;11/04/2023;1;0,084;R
ES0000000000006410CCPF;11/04/2023;2;0,062;R
ES0000000000006410CCPF;11/04/2023;3;0,069;R
ES0000000000006410CCPF;11/04/2023;4;0,063;R
ES0000000000006410CCPF;11/04/2023;5;0,106;R
ES0000000000006410CCPF;11/04/2023;6;0,091;R
ES0000000000006410CCPF;11/04/2023;7;0,068;R
ES0000000000006410CCPF;11/04/2023;8;0,108;R
ES0000000000006410CCPF;11/04/2023;9;0,09;R
ES0000000000006410CCPF;11/04/2023;10;0,173;R
ES0000000000006410CCPF;11/04/2023;11;0,078;R
ES0000000000006410CCPF;11/04/2023;12;0,052;R
ES0000000000006410CCPF;11/04/2023;13;0,061;R
ES0000000000006410CCPF;11/04/2023;14;0,057;R
ES0000000000006410CCPF;11/04/2023;15;0,052;R
ES0000000000006410CCPF;11/04/2023;16;0,157;R
ES0000000000006410CCPF;11/04/2023;17;0,082;R
ES0000000000006410CCPF;11/04/2023;18;0,102;R
ES0000000000006410CCPF;11/04/2023;19;0,154;R
ES0000000000006410CCPF;11/04/2023;20;0,177;R
ES0000000000006410CCPF;11/04/2023;21;0,152;R
ES0000000000006410CCPF;11/04/2023;22;0,245;R
ES0000000000006410CCPF;11/04/2023;23;0,249;R
ES0000000000006410CCPF;12/04/2023;0;0,099;R
ES0000000000006410CCPF;12/04/2023;1;0,066;R
ES0000000000006410CCPF;12/04/2023;2;0,073;R
ES0000000000006410CCPF;12/04/2023;3;0,054;R
ES0000000000006410CCPF;12/04/2023;4;0,071;R
ES0000000000006410CCPF;12/04/2023;5;0,056;R
ES0000000000006410CCPF;12/04/2023;6;0,062;R
ES0000000000006410CCPF;12/04/2023;7;0,072;R
ES0000000000006410CCPF;12/04/2023;8;0,208;R
ES0000000000006410CCPF;12/04/2023;9;0,136;R
ES0000000000006410CCPF;12/04/2023;10;0,081;R
ES0000000000006410CCPF;12/04/2023;11;0,069;R
ES0000000000006410CCPF;12/04/2023;12;0,064;R
ES0000000000006410CCPF;12/04/2023;13;0,057;R
ES0000000000006410CCPF;12/04/2023;14;0,291;R
ES0000000000006410CCPF;12/04/2023;15;0,185;R
ES0000000000006410CCPF;12/04/2023;16;0,122;R
ES0000000000006410CCPF;12/04/2023;17;1,038;R
ES0000000000006410CCPF;12/04/2023;18;0,439;R
ES0000000000006410CCPF;12/04/2023;19;0,238;R
ES0000000000006410CCPF;12/04/2023;20;0,342;R
ES0000000000006410CCPF;12/04/2023;21;0,559;R
ES0000000000006410CCPF;12/04/2023;22;0,245;R
ES0000000000006410CCPF;12/04/2023;23;0,247;R
ES0000000000006410CCPF;13/04/2023;0;0,16;R
ES0000000000006410CCPF;13/04/2023;1;0,081;R
ES0000000000006410CCPF;13/04/2023;2;0,071;R
ES0000000000006410CCPF;13/04/2023;3;0,074;R
ES0000000000006410CCPF;13/04/2023;4;0,073;R
ES0000000000006410CCPF;13/04/2023;5;0,063;R
ES0000000000006410CCPF;13/04/2023;6;0,067;R
ES0000000000006410CCPF;13/04/2023;7;0,096;R
ES0000000000006410CCPF;13/04/2023;8;0,143;R
ES0000000000006410CCPF;13/04/2023;9;0,157;R
ES0000000000006410CCPF;13/04/2023;10;0,079;R
ES0000000000006410CCPF;13/04/2023;11;0,067;R
ES0000000000006410CCPF;13/04/2023;12;0,058;R
ES0000000000006410CCPF;13/04/2023;13;0,069;R
ES0000000000006410CCPF;13/04/2023;14;0,659;R
ES0000000000006410CCPF;13/04/2023;15;0,801;R
ES0000000000006410CCPF;13/04/2023;16;0,16;R
ES0000000000006410CCPF;13/04/2023;17;0,169;R
ES0000000000006410CCPF;13/04/2023;18;0,165;R
ES0000000000006410CCPF;13/04/2023;19;0,157;R
ES0000000000006410CCPF;13/04/2023;20;0,213;R
ES0000000000006410CCPF;13/04/2023;21;0,33;R
ES0000000000006410CCPF;13/04/2023;22;0,278;R
ES0000000000006410CCPF;13/04/2023;23;0,416;R
ES0000000000006410CCPF;14/04/2023;0;0,236;R
ES0000000000006410CCPF;14/04/2023;1;0,196;R
ES0000000000006410CCPF;14/04/2023;2;0,089;R
ES0000000000006410CCPF;14/04/2023;3;0,079;R
ES0000000000006410CCPF;14/04/2023;4;0,082;R
ES0000000000006410CCPF;14/04/2023;5;0,117;R
ES0000000000006410CCPF;14/04/2023;6;0,093;R
ES0000000000006410CCPF;14/04/2023;7;0,065;R
ES0000000000006410CCPF;14/04/2023;8;0,118;R
ES0000000000006410CCPF;14/04/2023;9;0,232;R
ES0000000000006410CCPF;14/04/2023;10;0,093;R
ES0000000000006410CCPF;14/04/2023;11;0,057;R
ES0000000000006410CCPF;14/04/2023;12;0,071;R
ES0000000000006410CCPF;14/04/2023;13;0,05;R
ES0000000000006410CCPF;14/04/2023;14;0,062;R
ES0000000000006410CCPF;14/04/2023;15;0,068;R
ES0000000000006410CCPF;14/04/2023;16;0,286;R
ES0000000000006410CCPF;14/04/2023;17;0,093;R
ES0000000000006410CCPF;14/04/2023;18;0,06;R
ES0000000000006410CCPF;14/04/2023;19;0,066;R
ES0000000000006410CCPF;14/04/2023;20;0,105;R
ES0000000000006410CCPF;14/04/2023;21;0,163;R
ES0000000000006410CCPF;14/04/2023;22;0,302;R
ES0000000000006410CCPF;14/04/2023;23;0,334;R
ES0000000000006410CCPF;15/04/2023;0;0,445;R
ES0000000000006410CCPF;15/04/2023;1;0,26;R
ES0000000000006410CCPF;15/04/2023;2;0,213;R
ES0000000000006410CCPF;15/04/2023;3;0,191;R
ES0000000000006410CCPF;15/04/2023;4;0,071;R
ES0000000000006410CCPF;15/04/2023;5;0,058;R
ES0000000000006410CCPF;15/04/2023;6;0,07;R
ES0000000000006410CCPF;15/04/2023;7;0,065;R
ES0000000000006410CCPF;15/04/2023;8;0,07;R
ES0000000000006410CCPF;15/04/2023;9;0,115;R
ES0000000000006410CCPF;15/04/2023;10;1,026;R
ES0000000000006410CCPF;15/04/2023;11;0,117;R
ES0000000000006410CCPF;15/04/2023;12;0,059;R
ES0000000000006410CCPF;15/04/2023;13;0,058;R
ES0000000000006410CCPF;15/04/2023;14;0,078;R
ES0000000000006410CCPF;15/04/2023;15;0,066;R
ES0000000000006410CCPF;15/04/2023;16;0,063;R
ES0000000000006410CCPF;15/04/2023;17;0,067;R
ES0000000000006410CCPF;15/04/2023;18;0,057;R
ES0000000000006410CCPF;15/04/2023;19;0,071;R
ES0000000000006410CCPF;15/04/2023;20;0,075;R
ES0000000000006410CCPF;15/04/2023;21;0,058;R
ES0000000000006410CCPF;15/04/2023;22;0,141;R
ES0000000000006410CCPF;15/04/2023;23;0,265;R
ES0000000000006410CCPF;16/04/2023;0;0,115;R
ES0000000000006410CCPF;16/04/2023;1;0,062;R
ES0000000000006410CCPF;16/04/2023;2;0,068;R
ES0000000000006410CCPF;16/04/2023;3;0,051;R
ES0000000000006410CCPF;16/04/2023;4;0,065;R
ES0000000000006410CCPF;16/04/2023;5;0,072;R
ES0000000000006410CCPF;16/04/2023;6;0,056;R
ES0000000000006410CCPF;16/04/2023;7;0,057;R
ES0000000000006410CCPF;16/04/2023;8;0,07;R
ES0000000000006410CCPF;16/04/2023;9;0,1;R
ES0000000000006410CCPF;16/04/2023;10;0,169;R
ES0000000000006410CCPF;16/04/2023;11;0,098;R
ES0000000000006410CCPF;16/04/2023;12;0,426;R
ES0000000000006410CCPF;16/04/2023;13;0,28;R
ES0000000000006410CCPF;16/04/2023;14;0,11;R
ES0000000000006410CCPF;16/04/2023;15;0,129;R
ES0000000000006410CCPF;16/04/2023;16;0,413;R
ES0000000000006410CCPF;16/04/2023;17;0,17;R
ES0000000000006410CCPF;16/04/2023;18;0,202;R
ES0000000000006410CCPF;16/04/2023;19;0,188;R
ES0000000000006410CCPF;16/04/2023;20;0,3;R
ES0000000000006410CCPF;16/04/2023;21;0,755;R
ES0000000000006410CCPF;16/04/2023;22;1,622;R
ES0000000000006410CCPF;16/04/2023;23;0,311;R
ES0000000000006410CCPF;17/04/2023;0;0,18;R
ES0000000000006410CCPF;17/04/2023;1;0,078;R
ES0000000000006410CCPF;17/04/2023;2;0,061;R
ES0000000000006410CCPF;17/04/2023;3;0,078;R
ES0000000000006410CCPF;17/04/2023;4;0,073;R
ES0000000000006410CCPF;17/04/2023;5;0,054;R
ES0000000000006410CCPF;17/04/2023;6;0,064;R
ES0000000000006410CCPF;17/04/2023;7;0,069;R
ES0000000000006410CCPF;17/04/2023;8;0,142;R
ES0000000000006410CCPF;17/04/2023;9;0,166;R
ES0000000000006410CCPF;17/04/2023;10;0,082;R
ES0000000000006410CCPF;17/04/2023;11;0,072;R
ES0000000000006410CCPF;17/04/2023;12;0,065;R
ES0000000000006410CCPF;17/04/2023;13;0,048;R
ES0000000000006410CCPF;17/04/2023;14;0,07;R
ES0000000000006410CCPF;17/04/2023;15;0,059;R
ES0000000000006410CCPF;17/04/2023;16;0,211;R
ES0000000000006410CCPF;17/04/2023;17;0,108;R
ES0000000000006410CCPF;17/04/2023;18;0,077;R
ES0000000000006410CCPF;17/04/2023;19;0,051;R
ES0000000000006410CCPF;17/04/2023;20;0,067;R
ES0000000000006410CCPF;17/04/2023;21;0,058;R
ES0000000000006410CCPF;17/04/2023;22;0,07;R
ES0000000000006410CCPF;17/04/2023;23;0,153;R
ES0000000000006410CCPF;18/04/2023;0;0,091;R
ES0000000000006410CCPF;18/04/2023;1;0,066;R
ES0000000000006410CCPF;18/04/2023;2;0,073;R
ES0000000000006410CCPF;18/04/2023;3;0,058;R
ES0000000000006410CCPF;18/04/2023;4;0,062;R
ES0000000000006410CCPF;18/04/2023;5;0,084;R
ES0000000000006410CCPF;18/04/2023;6;0,066;R
ES0000000000006410CCPF;18/04/2023;7;0,058;R
ES0000000000006410CCPF;18/04/2023;8;0,179;R
ES0000000000006410CCPF;18/04/2023;9;0,139;R
ES0000000000006410CCPF;18/04/2023;10;0,065;R
ES0000000000006410CCPF;18/04/2023;11;0,054;R
ES0000000000006410CCPF;18/04/2023;12;0,064;R
ES0000000000006410CCPF;18/04/2023;13;0,052;R
ES0000000000006410CCPF;18/04/2023;14;0,066;R
ES0000000000006410CCPF;18/04/2023;15;0,06;R
ES0000000000006410CCPF;18/04/2023;16;0,075;R
ES0000000000006410CCPF;18/04/2023;17;0,09;R
ES0000000000006410CCPF;18/04/2023;18;0,091;R
ES0000000000006410CCPF;18/04/2023;19;0,142;R
ES0000000000006410CCPF;18/04/2023;20;0,148;R
ES0000000000006410CCPF;18/04/2023;21;0,4;R
ES0000000000006410CCPF;18/04/2023;22;0,157;R
ES0000000000006410CCPF;18/04/2023;23;0,133;R
ES0000000000006410CCPF;19/04/2023;0;0,089;R
ES0000000000006410CCPF;19/04/2023;1;0,069;R
ES0000000000006410CCPF;19/04/2023;2;0,072;R
ES0000000000006410CCPF;19/04/2023;3;0,057;R
ES0000000000006410CCPF;19/04/2023;4;0,078;R
ES0000000000006410CCPF;19/04/2023;5;0,057;R
ES0000000000006410CCPF;19/04/2023;6;0,065;R
ES0000000000006410CCPF;19/04/2023;7;0,065;R
ES0000000000006410CCPF;19/04/2023;8;0,152;R
ES0000000000006410CCPF;19/04/2023;9;0,169;R
ES0000000000006410CCPF;19/04/2023;10;0,061;R
ES0000000000006410CCPF;19/04/2023;11;0,068;R
ES0000000000006410CCPF;19/04/2023;12;0,053;R
ES0000000000006410CCPF;19/04/2023;13;0,063;R
ES0000000000006410CCPF;19/04/2023;14;0,065;R
ES0000000000006410CCPF;19/04/2023;15;0,323;R
ES0000000000006410CCPF;19/04/2023;16;0,126;R
ES0000000000006410CCPF;19/04/2023;17;0,11;R
ES0000000000006410CCPF;19/04/2023;18;0,176;R
ES0000000000006410CCPF;19/04/2023;19;0,078;R
ES0000000000006410CCPF;19/04/2023;20;0,067;R
ES0000000000006410CCPF;19/04/2023;21;0,066;R
ES0000000000006410CCPF;19/04/2023;22;0,416;R
ES0000000000006410CCPF;19/04/2023;23;0,551;R
ES0000000000006410CCPF;20/04/2023;0;0,181;R
ES0000000000006410CCPF;20/04/2023;1;0,09;R
ES0000000000006410CCPF;20/04/2023;2;0,068;R
ES0000000000006410CCPF;20/04/2023;3;0,06;R
ES0000000000006410CCPF;20/04/2023;4;0,06;R
ES0000000000006410CCPF;20/04/2023;5;0,065;R
ES0000000000006410CCPF;20/04/2023;6;0,066;R
ES0000000000006410CCPF;20/04/2023;7;0,064;R
ES0000000000006410CCPF;20/04/2023;8;0,161;R
ES0000000000006410CCPF;20/04/2023;9;0,189;R
ES0000000000006410CCPF;20/04/2023;10;0,056;R
ES0000000000006410CCPF;20/04/2023;11;0,068;R
ES0000000000006410CCPF;20/04/2023;12;0,058;R
ES0000000000006410CCPF;20/04/2023;13;0,049;R
ES0000000000006410CCPF;20/04/2023;14;0,064;R
ES0000000000006410CCPF;20/04/2023;15;0,068;R
ES0000000000006410CCPF;20/04/2023;16;0,257;R
ES0000000000006410CCPF;20/04/2023;17;0,178;R
ES0000000000006410CCPF;20/04/2023;18;0,151;R
ES0000000000006410CCPF;20/04/2023;19;0,169;R
ES0000000000006410CCPF;20/04/2023;20;0,373;R
ES0000000000006410CCPF;20/04/2023;21;0,27;R
ES0000000000006410CCPF;20/04/2023;22;0,423;R
ES0000000000006410CCPF;20/04/2023;23;0,593;R
ES0000000000006410CCPF;21/04/2023;0;0,254;R
ES0000000000006410CCPF;21/04/2023;1;0,102;R
ES0000000000006410CCPF;21/04/2023;2;0,066;R
ES0000000000006410CCPF;21/04/2023;3;0,055;R
ES0000000000006410CCPF;21/04/2023;4;0,074;R
ES0000000000006410CCPF;21/04/2023;5;0,055;R
ES0000000000006410CCPF;21/04/2023;6;0,065;R
ES0000000000006410CCPF;21/04/2023;7;0,063;R
ES0000000000006410CCPF;21/04/2023;8;0,123;R
ES0000000000006410CCPF;21/04/2023;9;0,744;R
ES0000000000006410CCPF;21/04/2023;10;0,209;R
ES0000000000006410CCPF;21/04/2023;11;0,068;R
ES0000000000006410CCPF;21/04/2023;12;0,063;R
ES0000000000006410CCPF;21/04/2023;13;0,122;R
ES0000000000006410CCPF;21/04/2023;14;1,558;R
ES0000000000006410CCPF;21/04/2023;15;1,325;R
ES0000000000006410CCPF;21/04/2023;16;0,178;R
ES0000000000006410CCPF;21/04/2023;17;0,161;R
ES0000000000006410CCPF;21/04/2023;18;0,561;R
ES0000000000006410CCPF;21/04/2023;19;0,663;R
ES0000000000006410CCPF;21/04/2023;20;0,165;R
ES0000000000006410CCPF;21/04/2023;21;0,113;R
ES0000000000006410CCPF;21/04/2023;22;0,145;R
ES0000000000006410CCPF;21/04/2023;23;0,186;R
ES0000000000006410CCPF;22/04/2023;0;0,096;R
ES0000000000006410CCPF;22/04/2023;1;0,102;R
ES0000000000006410CCPF;22/04/2023;2;0,076;R
ES0000000000006410CCPF;22/04/2023;3;0,085;R
ES0000000000006410CCPF;22/04/2023;4;0,102;R
ES0000000000006410CCPF;22/04/2023;5;0,076;R
ES0000000000006410CCPF;22/04/2023;6;0,091;R
ES0000000000006410CCPF;22/04/2023;7;0,076;R
ES0000000000006410CCPF;22/04/2023;8;0,092;R
ES0000000000006410CCPF;22/04/2023;9;0,061;R
ES0000000000006410CCPF;22/04/2023;10;0,294;R
ES0000000000006410CCPF;22/04/2023;11;0,182;R
ES0000000000006410CCPF;22/04/2023;12;0,076;R
ES0000000000006410CCPF;22/04/2023;13;0,117;R
ES0000000000006410CCPF;22/04/2023;14;0,056;R
ES0000000000006410CCPF;22/04/2023;15;0,665;R
ES0000000000006410CCPF;22/04/2023;16;0,315;R
ES0000000000006410CCPF;22/04/2023;17;0,131;R
ES0000000000006410CCPF;22/04/2023;18;0,248;R
ES0000000000006410CCPF;22/04/2023;19;0,101;R
ES0000000000006410CCPF;22/04/2023;20;0,184;R
ES0000000000006410CCPF;22/04/2023;21;0,156;R
ES0000000000006410CCPF;22/04/2023;22;0,204;R
ES0000000000006410CCPF;22/04/2023;23;0,164;R
ES0000000000006410CCPF;23/04/2023;0;0,073;R
ES0000000000006410CCPF;23/04/2023;1;0,073;R
ES0000000000006410CCPF;23/04/2023;2;0,062;R
ES0000000000006410CCPF;23/04/2023;3;0,07;R
ES0000000000006410CCPF;23/04/2023;4;0,065;R
ES0000000000006410CCPF;23/04/2023;5;0,06;R
ES0000000000006410CCPF;23/04/2023;6;0,068;R
ES0000000000006410CCPF;23/04/2023;7;0,06;R
ES0000000000006410CCPF;23/04/2023;8;0,06;R
ES0000000000006410CCPF;23/04/2023;9;0,103;R
ES0000000000006410CCPF;23/04/2023;10;0,326;R
ES0000000000006410CCPF;23/04/2023;11;0,35;R
ES0000000000006410CCPF;23/04/2023;12;0,723;R
ES0000000000006410CCPF;23/04/2023;13;0,132;R
ES0000000000006410CCPF;23/04/2023;14;0,07;R
ES0000000000006410CCPF;23/04/2023;15;0,082;R
ES0000000000006410CCPF;23/04/2023;16;0,086;R
ES0000000000006410CCPF;23/04/2023;17;0,081;R
ES0000000000006410CCPF;23/04/2023;18;0,14;R
ES0000000000006410CCPF;23/04/2023;19;0,099;R
ES0000000000006410CCPF;23/04/2023;20;0,194;R
ES0000000000006410CCPF;23/04/2023;21;0,428;R
ES0000000000006410CCPF;23/04/2023;22;0,857;R
ES0000000000006410CCPF;23/04/2023;23;0,199;R
ES0000000000006410CCPF;24/04/2023;0;0,053;R
ES0000000000006410CCPF;24/04/2023;1;0,067;R
ES0000000000006410CCPF;24/04/2023;2;0,06;R
ES0000000000006410CCPF;24/04/2023;3;0,065;R
ES0000000000006410CCPF;24/04/2023;4;0,06;R
ES0000000000006410CCPF;24/04/2023;5;0,064;R
ES0000000000006410CCPF;24/04/2023;6;0,064;R
ES0000000000006410CCPF;24/04/2023;7;0,058;R
ES0000000000006410CCPF;24/04/2023;8;0,254;R
ES0000000000006410CCPF;24/04/2023;9;0,123;R
ES0000000000006410CCPF;24/04/2023;10;0,072;R
ES0000000000006410CCPF;24/04/2023;11;0,085;R
ES0000000000006410CCPF;24/04/2023;12;0,099;R
ES0000000000006410CCPF;24/04/2023;13;0,077;R
ES0000000000006410CCPF;24/04/2023;14;0,685;R
ES0000000000006410CCPF;24/04/2023;15;0,222;R
ES0000000000006410CCPF;24/04/2023;16;0,078;R
ES0000000000006410CCPF;24/04/2023;17;0,073;R
ES0000000000006410CCPF;24/04/2023;18;0,061;R
ES0000000000006410CCPF;24/04/2023;19;0,064;R
ES0000000000006410CCPF;24/04/2023;20;0,061;R
ES0000000000006410CCPF;24/04/2023;21;0,058;R
ES0000000000006410CCPF;24/04/2023;22;0,065;R
ES0000000000006410CCPF;24/04/2023;23;0,201;R
ES0000000000006410CCPF;25/04/2023;0;0,08;R
ES0000000000006410CCPF;25/04/2023;1;0,072;R
ES0000000000006410CCPF;25/04/2023;2;0,057;R
ES0000000000006410CCPF;25/04/2023;3;0,067;R
ES0000000000006410CCPF;25/04/2023;4;0,065;R
ES0000000000006410CCPF;25/04/2023;5;0,057;R
ES0000000000006410CCPF;25/04/2023;6;0,062;R
ES0000000000006410CCPF;25/04/2023;7;0,066;R
ES0000000000006410CCPF;25/04/2023;8;0,243;R
ES0000000000006410CCPF;25/04/2023;9;0,103;R
ES0000000000006410CCPF;25/04/2023;10;0,057;R
ES0000000000006410CCPF;25/04/2023;11;0,053;R
ES0000000000006410CCPF;25/04/2023;12;0,069;R
ES0000000000006410CCPF;25/04/2023;13;0,049;R
ES0000000000006410CCPF;25/04/2023;14;0,119;R
ES0000000000006410CCPF;25/04/2023;15;0,369;R
ES0000000000006410CCPF;25/04/2023;16;0,23;R
ES0000000000006410CCPF;25/04/2023;17;0,194;R
ES0000000000006410CCPF;25/04/2023;18;0,182;R
ES0000000000006410CCPF;25/04/2023;19;0,163;R
ES0000000000006410CCPF;25/04/2023;20;0,172;R
ES0000000000006410CCPF;25/04/2023;21;0,355;R
ES0000000000006410CCPF;25/04/2023;22;0,53;R
ES0000000000006410CCPF;25/04/2023;23;0,458;R
ES0000000000006410CCPF;26/04/2023;0;0,099;R
ES0000000000006410CCPF;26/04/2023;1;0,059;R
ES0000000000006410CCPF;26/04/2023;2;0,069;R
ES0000000000006410CCPF;26/04/2023;3;0,069;R
ES0000000000006410CCPF;26/04/2023;4;0,056;R
ES0000000000006410CCPF;26/04/2023;5;0,069;R
ES0000000000006410CCPF;26/04/2023;6;0,062;R
ES0000000000006410CCPF;26/04/2023;7;0,056;R
ES0000000000006410CCPF;26/04/2023;8;0,061;R
ES0000000000006410CCPF;26/04/2023;9;0,219;R
ES0000000000006410CCPF;26/04/2023;10;0,11;R
ES0000000000006410CCPF;26/04/2023;11;0,064;R
ES0000000000006410CCPF;26/04/2023;12;0,065;R
ES0000000000006410CCPF;26/04/2023;13;0,054;R
ES0000000000006410CCPF;26/04/2023;14;0,075;R
ES0000000000006410CCPF;26/04/2023;15;0,177;R
ES0000000000006410CCPF;26/04/2023;16;0,168;R
ES0000000000006410CCPF;26/04/2023;17;0,182;R
ES0000000000006410CCPF;26/04/2023;18;0,161;R
ES0000000000006410CCPF;26/04/2023;19;0,202;R
ES0000000000006410CCPF;26/04/2023;20;0,086;R
ES0000000000006410CCPF;26/04/2023;21;0,062;R
ES0000000000006410CCPF;26/04/2023;22;0,105;R
ES0000000000006410CCPF;26/04/2023;23;0,186;R
ES0000000000006410CCPF;27/04/2023;0;0,088;R
ES0000000000006410CCPF;27/04/2023;1;0,073;R
ES0000000000006410CCPF;27/04/2023;2;0,064;R
ES0000000000006410CCPF;27/04/2023;3;0,067;R
ES0000000000006410CCPF;27/04/2023;4;0,07;R
ES0000000000006410CCPF;27/04/2023;5;0,055;R
ES0000000000006410CCPF;27/04/2023;6;0,069;R
ES0000000000006410CCPF;27/04/2023;7;0,057;R
ES0000000000006410CCPF;27/04/2023;8;0,099;R
ES0000000000006410CCPF;27/04/2023;9;0,217;R
ES0000000000006410CCPF;27/04/2023;10;0,065;R
ES0000000000006410CCPF;27/04/2023;11;0,075;R
ES0000000000006410CCPF;27/04/2023;12;0,553;R
ES0000000000006410CCPF;27/04/2023;13;0,142;R
ES0000000000006410CCPF;27/04/2023;14;0,059;R
ES0000000000006410CCPF;27/04/2023;15;0,334;R
ES0000000000006410CCPF;27/04/2023;16;0,163;R
ES0000000000006410CCPF;27/04/2023;17;0,186;R
ES0000000000006410CCPF;27/04/2023;18;0,179;R
ES0000000000006410CCPF;27/04/2023;19;0,121;R
ES0000000000006410CCPF;27/04/2023;20;0,521;R
ES0000000000006410CCPF;27/04/2023;21;0,232;R
ES0000000000006410CCPF;27/04/2023;22;0,91;R
ES0000000000006410CCPF;27/04/2023;23;0,317;R
ES0000000000006410CCPF;28/04/2023;0;0,316;R
ES0000000000006410CCPF;28/04/2023;1;0,169;R
ES0000000000006410CCPF;28/04/2023;2;0,0;R
ES0000000000006410CCPF;28/04/2023;3;0,133;R
ES0000000000006410CCPF;28/04/2023;4;0,067;R
ES0000000000006410CCPF;28/04/2023;5;0,065;R
ES0000000000006410CCPF;28/04/2023;6;0,066;R
ES0000000000006410CCPF;28/04/2023;7;0,067;R
ES0000000000006410CCPF;28/04/2023;8;0,171;R
ES0000000000006410CCPF;28/04/2023;9;0,241;R
ES0000000000006410CCPF;28/04/2023;10;0,219;R
ES0000000000006410CCPF;28/04/2023;11;0,086;R
ES0000000000006410CCPF;28/04/2023;12;0,061;R
ES0000000000006410CCPF;28/04/2023;13;0,074;R
ES0000000000006410CCPF;28/04/2023;14;0,071;R
ES0000000000006410CCPF;28/04/2023;15;0,136;R
ES0000000000006410CCPF;28/04/2023;16;0,173;R
ES0000000000006410CCPF;28/04/2023;17;0,155;R
ES0000000000006410CCPF;28/04/2023;18;0,165;R
ES0000000000006410CCPF;28/04/2023;19;0,464;R
ES0000000000006410CCPF;28/04/2023;20;0,466;R
ES0000000000006410CCPF;28/04/2023;21;0,233;R
ES0000000000006410CCPF;28/04/2023;22;0,277;R
ES0000000000006410CCPF;28/04/2023;23;0,235;R
ES0000000000006410CCPF;29/04/2023;0;0,074;R
ES0000000000006410CCPF;29/04/2023;1;0,096;R
ES0000000000006410CCPF;29/04/2023;2;0,119;R
ES0000000000006410CCPF;29/04/2023;3;0,083;R
ES0000000000006410CCPF;29/04/2023;4;0,062;R
ES0000000000006410CCPF;29/04/2023;5;0,072;R
ES0000000000006410CCPF;29/04/2023;6;0,056;R
ES0000000000006410CCPF;29/04/2023;7;0,065;R
ES0000000000006410CCPF;29/04/2023;8;0,061;R
ES0000000000006410CCPF;29/04/2023;9;0,068;R
ES0000000000006410CCPF;29/04/2023;10;0,114;R
ES0000000000006410CCPF;29/04/2023;11;0,291;R
ES0000000000006410CCPF;29/04/2023;12;0,316;R
ES0000000000006410CCPF;29/04/2023;13;1,381;R
ES0000000000006410CCPF;29/04/2023;14;1,085;R
ES0000000000006410CCPF;29/04/2023;15;0,215;R
ES0000000000006410CCPF;29/04/2023;16;0,179;R
ES0000000000006410CCPF;29/04/2023;17;0,201;R
ES0000000000006410CCPF;29/04/2023;18;0,25;R
ES0000000000006410CCPF;29/04/2023;19;0,17;R
ES0000000000006410CCPF;29/04/2023;20;0,115;R
ES0000000000006410CCPF;29/04/2023;21;0,09;R
ES0000000000006410CCPF;29/04/2023;22;0,339;R
ES0000000000006410CCPF;29/04/2023;23;0,262;R
ES0000000000006410CCPF;30/04/2023;0;0,298;R
ES0000000000006410CCPF;30/04/2023;1;0,213;R
ES0000000000006410CCPF;30/04/2023;2;0,111;R
ES0000000000006410CCPF;30/04/2023;3;0,059;R
ES0000000000006410CCPF;30/04/2023;4;0,08;R
ES0000000000006410CCPF;30/04/2023;5;0,063;R
ES0000000000006410CCPF;30/04/2023;6;0,072;R
ES0000000000006410CCPF;30/04/2023;7;0,054;R
ES0000000000006410CCPF;30/04/2023;8;0,07;R
ES0000000000006410CCPF;30/04/2023;9;0,076;R
ES0000000000006410CCPF;30/04/2023;10;0,742;R
ES0000000000006410CCPF;30/04/2023;11;0,173;R
ES0000000000006410CCPF;30/04/2023;12;0,29;R
ES0000000000006410CCPF;30/04/2023;13;0,366;R
ES0000000000006410CCPF;30/04/2023;14;0,29;R
ES0000000000006410CCPF;30/04/2023;15;0,056;R
ES0000000000006410CCPF;30/04/2023;16;0,061;R
ES0000000000006410CCPF;30/04/2023;17;0,068;R
ES0000000000006410CCPF;30/04/2023;18;0,062;R
ES0000000000006410CCPF;30/04/2023;19;0,058;R
ES0000000000006410CCPF;30/04/2023;20;0,648;R
ES0000000000006410CCPF;30/04/2023;21;0,693;R
ES0000000000006410CCPF;30/04/2023;22;1,276;R
ES0000000000006410CCPF;30/04/2023;23;1,095;R
ES0000000000006410CCPF;01/05/2023;0;0,239;R
ES0000000000006410CCPF;01/05/2023;1;0,131;R
ES0000000000006410CCPF;01/05/2023;2;0,09;R
ES0000000000006410CCPF;01/05/2023;3;0,063;R
ES0000000000006410CCPF;01/05/2023;4;0,076;R
ES0000000000006410CCPF;01/05/2023;5;0,066;R
ES0000000000006410CCPF;01/05/2023;6;0,068;R
ES0000000000006410CCPF;01/05/2023;7;0,061;R
ES0000000000006410CCPF;01/05/2023;8;0,068;R
ES0000000000006410CCPF;01/05/2023;9;0,06;R
ES0000000000006410CCPF;01/05/2023;10;0,086;R
ES0000000000006410CCPF;01/05/2023;11;0,465;R
ES0000000000006410CCPF;01/05/2023;12;0,184;R
ES0000000000006410CCPF;01/05/2023;13;0,093;R
ES0000000000006410CCPF;01/05/2023;14;0,092;R
ES0000000000006410CCPF;01/05/2023;15;0,375;R
ES0000000000006410CCPF;01/05/2023;16;0,327;R
ES0000000000006410CCPF;01/05/2023;17;0,231;R
ES0000000000006410CCPF;01/05/2023;18;0,187;R
ES0000000000006410CCPF;01/05/2023;19;0,253;R
ES0000000000006410CCPF;01/05/2023;20;0,233;R
ES0000000000006410CCPF;01/05/2023;21;0,229;R
ES0000000000006410CCPF;01/05/2023;22;0,207;R
ES0000000000006410CCPF;01/05/2023;23;0,22;R
ES0000000000006410CCPF;02/05/2023;0;0,139;R
ES0000000000006410CCPF;02/05/2023;1;0,078;R
ES0000000000006410CCPF;02/05/2023;2;0,099;R
ES0000000000006410CCPF;02/05/2023;3;0,09;R
ES0000000000006410CCPF;02/05/2023;4;0,076;R
ES0000000000006410CCPF;02/05/2023;5;0,078;R
ES0000000000006410CCPF;02/05/2023;6;0,097;R
ES0000000000006410CCPF;02/05/2023;7;0,082;R
ES0000000000006410CCPF;02/05/2023;8;0,089;R
ES0000000000006410CCPF;02/05/2023;9;0,084;R
ES0000000000006410CCPF;02/05/2023;10;0,229;R
ES0000000000006410CCPF;02/05/2023;11;0,196;R
ES0000000000006410CCPF;02/05/2023;12;0,061;R
ES0000000000006410CCPF;02/05/2023;13;0,065;R
ES0000000000006410CCPF;02/05/2023;14;0,048;R
ES0000000000006410CCPF;02/05/2023;15;0,063;R
ES0000000000006410CCPF;02/05/2023;16;0,052;R
ES0000000000006410CCPF;02/05/2023;17;0,065;R
ES0000000000006410CCPF;02/05/2023;18;0,056;R
ES0000000000006410CCPF;02/05/2023;19;0,069;R
ES0000000000006410CCPF;02/05/2023;20;0,053;R
ES0000000000006410CCPF;02/05/2023;21;0,063;R
ES0000000000006410CCPF;02/05/2023;22;0,064;R
ES0000000000006410CCPF;02/05/2023;23;0,189;R
ES0000000000006410CCPF;03/05/2023;0;0,12;R
ES0000000000006410CCPF;03/05/2023;1;0,077;R
ES0000000000006410CCPF;03/05/2023;2;0,054;R
ES0000000000006410CCPF;03/05/2023;3;0,071;R
ES0000000000006410CCPF;03/05/2023;4;0,055;R
ES0000000000006410CCPF;03/05/2023;5;0,062;R
ES0000000000006410CCPF;03/05/2023;6;0,069;R
ES0000000000006410CCPF;03/05/2023;7;0,062;R
ES0000000000006410CCPF;03/05/2023;8;0,131;R
ES0000000000006410CCPF;03/05/2023;9;0,154;R
ES0000000000006410CCPF;03/05/2023;10;0,075;R
ES0000000000006410CCPF;03/05/2023;11;0,059;R
ES0000000000006410CCPF;03/05/2023;12;0,064;R
ES0000000000006410CCPF;03/05/2023;13;0,146;R
ES0000000000006410CCPF;03/05/2023;14;0,053;R
ES0000000000006410CCPF;03/05/2023;15;0,068;R
ES0000000000006410CCPF;03/05/2023;16;0,209;R
ES0000000000006410CCPF;03/05/2023;17;0,132;R
ES0000000000006410CCPF;03/05/2023;18;0,064;R
ES0000000000006410CCPF;03/05/2023;19;0,063;R
ES0000000000006410CCPF;03/05/2023;20;0,072;R
ES0000000000006410CCPF;03/05/2023;21;0,064;R
ES0000000000006410CCPF;03/05/2023;22;0,137;R
ES0000000000006410CCPF;03/05/2023;23;0,119;R
ES0000000000006410CCPF;04/05/2023;0;0,101;R
ES0000000000006410CCPF;04/05/2023;1;0,074;R
ES0000000000006410CCPF;04/05/2023;2;0,056;R
ES0000000000006410CCPF;04/05/2023;3;0,068;R
ES0000000000006410CCPF;04/05/2023;4;0,073;R
ES0000000000006410CCPF;04/05/2023;5;0,054;R
ES0000000000006410CCPF;04/05/2023;6;0,07;R
ES0000000000006410CCPF;04/05/2023;7;0,066;R
ES0000000000006410CCPF;04/05/2023;8;0,126;R
ES0000000000006410CCPF;04/05/2023;9;0,108;R
ES0000000000006410CCPF;04/05/2023;10;0,1;R
ES0000000000006410CCPF;04/05/2023;11;0,237;R
ES0000000000006410CCPF;04/05/2023;12;0,135;R
ES0000000000006410CCPF;04/05/2023;13;0,055;R
ES0000000000006410CCPF;04/05/2023;14;0,067;R
ES0000000000006410CCPF;04/05/2023;15;0,058;R
ES0000000000006410CCPF;04/05/2023;16;0,066;R
ES0000000000006410CCPF;04/05/2023;17;0,067;R
ES0000000000006410CCPF;04/05/2023;18;0,086;R
ES0000000000006410CCPF;04/05/2023;19;0,058;R
ES0000000000006410CCPF;04/05/2023;20;0,07;R
ES0000000000006410CCPF;04/05/2023;21;0,095;R
ES0000000000006410CCPF;04/05/2023;22;0,659;R
ES0000000000006410CCPF;04/05/2023;23;0,828;R
ES0000000000006410CCPF;05/05/2023;0;0,73;R
ES0000000000006410CCPF;05/05/2023;1;0,147;R
ES0000000000006410CCPF;05/05/2023;2;0,069;R
ES0000000000006410CCPF;05/05/2023;3;0,073;R
ES0000000000006410CCPF;05/05/2023;4;0,061;R
ES0000000000006410CCPF;05/05/2023;5;0,081;R
ES0000000000006410CCPF;05/05/2023;6;0,057;R
ES0000000000006410CCPF;05/05/2023;7;0,069;R
ES0000000000006410CCPF;05/05/2023;8;0,058;R
ES0000000000006410CCPF;05/05/2023;9;0,166;R
ES0000000000006410CCPF;05/05/2023;10;0,161;R
ES0000000000006410CCPF;05/05/2023;11;0,082;R
ES0000000000006410CCPF;05/05/2023;12;0,077;R
ES0000000000006410CCPF;05/05/2023;13;0,058;R
ES0000000000006410CCPF;05/05/2023;14;0,075;R
ES0000000000006410CCPF;05/05/2023;15;0,145;R
ES0000000000006410CCPF;05/05/2023;16;0,494;R
ES0000000000006410CCPF;05/05/2023;17;0,59;R
ES0000000000006410CCPF;05/05/2023;18;0,69;R
ES0000000000006410CCPF;05/05/2023;19;0,094;R
ES0000000000006410CCPF;05/05/2023;20;0,139;R
ES0000000000006410CCPF;05/05/2023;21;0,239;R
ES0000000000006410CCPF;05/05/2023;22;0,145;R
ES0000000000006410CCPF;05/05/2023;23;0,103;R
ES0000000000006410CCPF;06/05/2023;0;0,111;R
ES0000000000006410CCPF;06/05/2023;1;0,096;R
ES0000000000006410CCPF;06/05/2023;2;0,081;R
ES0000000000006410CCPF;06/05/2023;3;0,147;R
ES0000000000006410CCPF;06/05/2023;4;0,084;R
ES0000000000006410CCPF;06/05/2023;5;0,091;R
ES0000000000006410CCPF;06/05/2023;6;0,085;R
ES0000000000006410CCPF;06/05/2023;7;0,077;R
ES0000000000006410CCPF;06/05/2023;8;0,073;R
ES0000000000006410CCPF;06/05/2023;9;0,091;R
ES0000000000006410CCPF;06/05/2023;10;0,148;R
ES0000000000006410CCPF;06/05/2023;11;0,17;R
ES0000000000006410CCPF;06/05/2023;12;0,285;R
ES0000000000006410CCPF;06/05/2023;13;0,427;R
ES0000000000006410CCPF;06/05/2023;14;1,197;R
ES0000000000006410CCPF;06/05/2023;15;0,58;R
ES0000000000006410CCPF;06/05/2023;16;0,088;R
ES0000000000006410CCPF;06/05/2023;17;0,209;R
ES0000000000006410CCPF;06/05/2023;18;0,171;R
ES0000000000006410CCPF;06/05/2023;19;0,152;R
ES0000000000006410CCPF;06/05/2023;20;0,157;R
ES0000000000006410CCPF;06/05/2023;21;0,069;R
ES0000000000006410CCPF;06/05/2023;22;0,146;R
ES0000000000006410CCPF;06/05/2023;23;0,796;R
ES0000000000006410CCPF;07/05/2023;0;0,761;R
ES0000000000006410CCPF;07/05/2023;1;0,219;R
ES0000000000006410CCPF;07/05/2023;2;0,125;R
ES0000000000006410CCPF;07/05/2023;3;0,069;R
ES0000000000006410CCPF;07/05/2023;4;0,075;R
ES0000000000006410CCPF;07/05/2023;5;0,053;R
ES0000000000006410CCPF;07/05/2023;6;0,066;R
ES0000000000006410CCPF;07/05/2023;7;0,069;R
ES0000000000006410CCPF;07/05/2023;8;0,063;R
ES0000000000006410CCPF;07/05/2023;9;0,06;R
ES0000000000006410CCPF;07/05/2023;10;0,191;R
ES0000000000006410CCPF;07/05/2023;11;0,19;R
ES0000000000006410CCPF;07/05/2023;12;0,794;R
ES0000000000006410CCPF;07/05/2023;13;0,189;R
ES0000000000006410CCPF;07/05/2023;14;0,052;R
ES0000000000006410CCPF;07/05/2023;15;0,069;R
ES0000000000006410CCPF;07/05/2023;16;0,078;R
ES0000000000006410CCPF;07/05/2023;17;0,118;R
ES0000000000006410CCPF;07/05/2023;18;0,233;R
ES0000000000006410CCPF;07/05/2023;19;0,235;R
ES0000000000006410CCPF;07/05/2023;20;0,229;R
ES0000000000006410CCPF;07/05/2023;21;0,366;R
ES0000000000006410CCPF;07/05/2023;22;0,258;R
ES0000000000006410CCPF;07/05/2023;23;0,243;R
ES0000000000006410CCPF;08/05/2023;0;0,185;R
ES0000000000006410CCPF;08/05/2023;1;0,083;R
ES0000000000006410CCPF;08/05/2023;2;0,071;R
ES0000000000006410CCPF;08/05/2023;3;0,055;R
ES0000000000006410CCPF;08/05/2023;4;0,068;R
ES0000000000006410CCPF;08/05/2023;5;0,052;R
ES0000000000006410CCPF;08/05/2023;6;0,112;R
ES0000000000006410CCPF;08/05/2023;7;0,082;R
ES0000000000006410CCPF;08/05/2023;8;0,058;R
ES0000000000006410CCPF;08/05/2023;9;0,098;R
ES0000000000006410CCPF;08/05/2023;10;0,084;R
ES0000000000006410CCPF;08/05/2023;11;0,115;R
ES0000000000006410CCPF;08/05/2023;12;0,077;R
ES0000000000006410CCPF;08/05/2023;13;0,335;R
ES0000000000006410CCPF;08/05/2023;14;0,094;R
ES0000000000006410CCPF;08/05/2023;15;0,133;R
ES0000000000006410CCPF;08/05/2023;16;0,06;R
ES0000000000006410CCPF;08/05/2023;17;0,065;R
ES0000000000006410CCPF;08/05/2023;18;0,115;R
ES0000000000006410CCPF;08/05/2023;19;0,078;R
ES0000000000006410CCPF;08/05/2023;20;0,06;R
ES0000000000006410CCPF;08/05/2023;21;0,071;R
ES0000000000006410CCPF;08/05/2023;22;0,058;R
ES0000000000006410CCPF;08/05/2023;23;0,51;R
ES0000000000006410CCPF;09/05/2023;0;0,156;R
ES0000000000006410CCPF;09/05/2023;1;0,112;R
ES0000000000006410CCPF;09/05/2023;2;0,079;R
ES0000000000006410CCPF;09/05/2023;3;0,055;R
ES0000000000006410CCPF;09/05/2023;4;0,076;R
ES0000000000006410CCPF;09/05/2023;5;0,055;R
ES0000000000006410CCPF;09/05/2023;6;0,07;R
ES0000000000006410CCPF;09/05/2023;7;0,096;R
ES0000000000006410CCPF;09/05/2023;8;0,097;R
ES0000000000006410CCPF;09/05/2023;9;0,158;R
ES0000000000006410CCPF;09/05/2023;10;0,08;R
ES0000000000006410CCPF;09/05/2023;11;0,117;R
ES0000000000006410CCPF;09/05/2023;12;0,079;R
ES0000000000006410CCPF;09/05/2023;13;0,056;R
ES0000000000006410CCPF;09/05/2023;14;0,071;R
ES0000000000006410CCPF;09/05/2023;15;0,065;R
ES0000000000006410CCPF;09/05/2023;16;0,156;R
ES0000000000006410CCPF;09/05/2023;17;0,06;R
ES0000000000006410CCPF;09/05/2023;18;0,066;R
ES0000000000006410CCPF;09/05/2023;19;0,089;R
ES0000000000006410CCPF;09/05/2023;20;0,085;R
ES0000000000006410CCPF;09/05/2023;21;0,38;R
ES0000000000006410CCPF;09/05/2023;22;0,359;R
ES0000000000006410CCPF;09/05/2023;23;0,251;R
ES0000000000006410CCPF;10/05/2023;0;0,212;R
ES0000000000006410CCPF;10/05/2023;1;0,148;R
ES0000000000006410CCPF;10/05/2023;2;0,063;R
ES0000000000006410CCPF;10/05/2023;3;0,07;R
ES0000000000006410CCPF;10/05/2023;4;0,074;R
ES0000000000006410CCPF;10/05/2023;5;0,056;R
ES0000000000006410CCPF;10/05/2023;6;0,072;R
ES0000000000006410CCPF;10/05/2023;7;0,07;R
ES0000000000006410CCPF;10/05/2023;8;0,163;R
ES0000000000006410CCPF;10/05/2023;9;0,251;R
ES0000000000006410CCPF;10/05/2023;10;0,089;R
ES0000000000006410CCPF;10/05/2023;11;0,056;R
ES0000000000006410CCPF;10/05/2023;12;0,068;R
ES0000000000006410CCPF;10/05/2023;13;0,06;R
ES0000000000006410CCPF;10/05/2023;14;0,054;R
ES0000000000006410CCPF;10/05/2023;15;0,325;R
ES0000000000006410CCPF;10/05/2023;16;0,238;R
ES0000000000006410CCPF;10/05/2023;17;0,14;R
ES0000000000006410CCPF;10/05/2023;18;0,094;R
ES0000000000006410CCPF;10/05/2023;19;0,063;R
ES0000000000006410CCPF;10/05/2023;20;0,075;R
ES0000000000006410CCPF;10/05/2023;21;0,078;R
ES0000000000006410CCPF;10/05/2023;22;0,284;R
ES0000000000006410CCPF;10/05/2023;23;0,229;R
ES0000000000006410CCPF;11/05/2023;0;0,095;R
ES0000000000006410CCPF;11/05/2023;1;0,074;R
ES0000000000006410CCPF;11/05/2023;2;0,067;R
ES0000000000006410CCPF;11/05/2023;3;0,054;R
ES0000000000006410CCPF;11/05/2023;4;0,067;R
ES0000000000006410CCPF;11/05/2023;5;0,069;R
ES0000000000006410CCPF;11/05/2023;6;0,057;R
ES0000000000006410CCPF;11/05/2023;7;0,067;R
ES0000000000006410CCPF;11/05/2023;8;0,064;R
ES0000000000006410CCPF;11/05/2023;9;0,137;R
ES0000000000006410CCPF;11/05/2023;10;0,075;R
ES0000000000006410CCPF;11/05/2023;11;0,059;R
ES0000000000006410CCPF;11/05/2023;12;0,061;R
ES0000000000006410CCPF;11/05/2023;13;0,079;R
ES0000000000006410CCPF;11/05/2023;14;1,059;R
ES0000000000006410CCPF;11/05/2023;15;0,365;R
ES0000000000006410CCPF;11/05/2023;16;0,119;R
ES0000000000006410CCPF;11/05/2023;17;0,17;R
ES0000000000006410CCPF;11/05/2023;18;0,096;R
ES0000000000006410CCPF;11/05/2023;19;0,181;R
ES0000000000006410CCPF;11/05/2023;20;0,132;R
ES0000000000006410CCPF;11/05/2023;21;0,714;R
ES0000000000006410CCPF;11/05/2023;22;0,847;R
ES0000000000006410CCPF;11/05/2023;23;0,28;R
ES0000000000006410CCPF;12/05/2023;0;0,121;R
ES0000000000006410CCPF;12/05/2023;1;0,076;R
ES0000000000006410CCPF;12/05/2023;2;0,065;R
ES0000000000006410CCPF;12/05/2023;3;0,073;R
ES0000000000006410CCPF;12/05/2023;4;0,067;R
ES0000000000006410CCPF;12/05/2023;5;0,055;R
ES0000000000006410CCPF;12/05/2023;6;0,068;R
ES0000000000006410CCPF;12/05/2023;7;0,068;R
ES0000000000006410CCPF;12/05/2023;8;0,06;R
ES0000000000006410CCPF;12/05/2023;9;0,073;R
ES0000000000006410CCPF;12/05/2023;10;0,068;R
ES0000000000006410CCPF;12/05/2023;11;0,134;R
ES0000000000006410CCPF;12/05/2023;12;0,71;R
ES0000000000006410CCPF;12/05/2023;13;0,133;R
ES0000000000006410CCPF;12/05/2023;14;0,916;R
ES0000000000006410CCPF;12/05/2023;15;0,582;R
ES0000000000006410CCPF;12/05/2023;16;0,154;R
ES0000000000006410CCPF;12/05/2023;17;0,191;R
ES0000000000006410CCPF;12/05/2023;18;0,255;R
ES0000000000006410CCPF;12/05/2023;19;0,28;R
ES0000000000006410CCPF;12/05/2023;20;0,174;R
ES0000000000006410CCPF;12/05/2023;21;0,162;R
ES0000000000006410CCPF;12/05/2023;22;0,171;R
ES0000000000006410CCPF;12/05/2023;23;0,151;R
ES0000000000006410CCPF;13/05/2023;0;0,219;R
ES0000000000006410CCPF;13/05/2023;1;0,838;R
ES0000000000006410CCPF;13/05/2023;2;0,127;R
ES0000000000006410CCPF;13/05/2023;3;0,084;R
ES0000000000006410CCPF;13/05/2023;4;0,083;R
ES0000000000006410CCPF;13/05/2023;5;0,058;R
ES0000000000006410CCPF;13/05/2023;6;0,063;R
ES0000000000006410CCPF;13/05/2023;7;0,067;R
ES0000000000006410CCPF;13/05/2023;8;0,066;R
ES0000000000006410CCPF;13/05/2023;9;0,055;R
ES0000000000006410CCPF;13/05/2023;10;0,131;R
ES0000000000006410CCPF;13/05/2023;11;0,286;R
ES0000000000006410CCPF;13/05/2023;12;0,18;R
ES0000000000006410CCPF;13/05/2023;13;0,7;R
ES0000000000006410CCPF;13/05/2023;14;0,161;R
ES0000000000006410CCPF;13/05/2023;15;0,152;R
ES0000000000006410CCPF;13/05/2023;16;0,124;R
ES0000000000006410CCPF;13/05/2023;17;0,065;R
ES0000000000006410CCPF;13/05/2023;18;0,105;R
ES0000000000006410CCPF;13/05/2023;19;0,745;R
ES0000000000006410CCPF;13/05/2023;20;0,688;R
ES0000000000006410CCPF;13/05/2023;21;0,162;R
ES0000000000006410CCPF;13/05/2023;22;0,269;R
ES0000000000006410CCPF;13/05/2023;23;0,233;R
ES0000000000006410CCPF;14/05/2023;0;0,239;R
ES0000000000006410CCPF;14/05/2023;1;0,122;R
ES0000000000006410CCPF;14/05/2023;2;0,084;R
ES0000000000006410CCPF;14/05/2023;3;0,066;R
ES0000000000006410CCPF;14/05/2023;4;0,069;R
ES0000000000006410CCPF;14/05/2023;5;0,067;R
ES0000000000006410CCPF;14/05/2023;6;0,055;R
ES0000000000006410CCPF;14/05/2023;7;0,069;R
ES0000000000006410CCPF;14/05/2023;8;0,068;R
ES0000000000006410CCPF;14/05/2023;9;0,056;R
ES0000000000006410CCPF;14/05/2023;10;0,192;R
ES0000000000006410CCPF;14/05/2023;11;0,11;R
ES0000000000006410CCPF;14/05/2023;12;0,084;R
ES0000000000006410CCPF;14/05/2023;13;0,289;R
ES0000000000006410CCPF;14/05/2023;14;0,141;R
ES0000000000006410CCPF;14/05/2023;15;0,751;R
ES0000000000006410CCPF;14/05/2023;16;0,15;R
ES0000000000006410CCPF;14/05/2023;17;0,163;R
ES0000000000006410CCPF;14/05/2023;18;0,172;R
ES0000000000006410CCPF;14/05/2023;19;0,156;R
ES0000000000006410CCPF;14/05/2023;20;0,228;R
ES0000000000006410CCPF;14/05/2023;21;0,163;R
ES0000000000006410CCPF;14/05/2023;22;0,186;R
ES0000000000006410CCPF;14/05/2023;23;0,476;R
ES0000000000006410CCPF;15/05/2023;0;0,293;R
ES0000000000006410CCPF;15/05/2023;1;0,152;R
ES0000000000006410CCPF;15/05/2023;2;0,072;R
ES0000000000006410CCPF;15/05/2023;3;0,075;R
ES0000000000006410CCPF;15/05/2023;4;0,062;R
ES0000000000006410CCPF;15/05/2023;5;0,071;R
ES0000000000006410CCPF;15/05/2023;6;0,059;R
ES0000000000006410CCPF;15/05/2023;7;0,071;R
ES0000000000006410CCPF;15/05/2023;8;0,059;R
ES0000000000006410CCPF;15/05/2023;9;0,115;R
ES0000000000006410CCPF;15/05/2023;10;0,081;R
ES0000000000006410CCPF;15/05/2023;11;0,068;R
ES0000000000006410CCPF;15/05/2023;12;0,052;R
ES0000000000006410CCPF;15/05/2023;13;0,184;R
ES0000000000006410CCPF;15/05/2023;14;0,461;R
ES0000000000006410CCPF;15/05/2023;15;0,142;R
ES0000000000006410CCPF;15/05/2023;16;0,101;R
ES0000000000006410CCPF;15/05/2023;17;0,064;R
ES0000000000006410CCPF;15/05/2023;18;0,055;R
ES0000000000006410CCPF;15/05/2023;19;0,081;R
ES0000000000006410CCPF;15/05/2023;20;0,06;R
ES0000000000006410CCPF;15/05/2023;21;0,142;R
ES0000000000006410CCPF;15/05/2023;22;0,286;R
ES0000000000006410CCPF;15/05/2023;23;0,174;R
ES0000000000006410CCPF;16/05/2023;0;0,236;R
ES0000000000006410CCPF;16/05/2023;1;0,205;R
ES0000000000006410CCPF;16/05/2023;2;0,089;R
ES0000000000006410CCPF;16/05/2023;3;0,06;R
ES0000000000006410CCPF;16/05/2023;4;0,062;R
ES0000000000006410CCPF;16/05/2023;5;0,069;R
ES0000000000006410CCPF;16/05/2023;6;0,068;R
ES0000000000006410CCPF;16/05/2023;7;0,058;R
ES0000000000006410CCPF;16/05/2023;8;0,126;R
ES0000000000006410CCPF;16/05/2023;9;0,167;R
ES0000000000006410CCPF;16/05/2023;10;0,083;R
ES0000000000006410CCPF;16/05/2023;11;0,053;R
ES0000000000006410CCPF;16/05/2023;12;0,123;R
ES0000000000006410CCPF;16/05/2023;13;0,052;R
ES0000000000006410CCPF;16/05/2023;14;0,064;R
ES0000000000006410CCPF;16/05/2023;15;0,219;R
ES0000000000006410CCPF;16/05/2023;16;0,147;R
ES0000000000006410CCPF;16/05/2023;17;0,158;R
ES0000000000006410CCPF;16/05/2023;18;0,157;R
ES0000000000006410CCPF;16/05/2023;19;0,218;R
ES0000000000006410CCPF;16/05/2023;20;0,148;R
ES0000000000006410CCPF;16/05/2023;21;0,205;R
ES0000000000006410CCPF;16/05/2023;22;0,471;R
ES0000000000006410CCPF;16/05/2023;23;0,342;R
ES0000000000006410CCPF;17/05/2023;0;0,294;R
ES0000000000006410CCPF;17/05/2023;1;0,156;R
ES0000000000006410CCPF;17/05/2023;2;0,078;R
ES0000000000006410CCPF;17/05/2023;3;0,052;R
ES0000000000006410CCPF;17/05/2023;4;0,067;R
ES0000000000006410CCPF;17/05/2023;5;0,062;R
ES0000000000006410CCPF;17/05/2023;6;0,057;R
ES0000000000006410CCPF;17/05/2023;7;0,062;R
ES0000000000006410CCPF;17/05/2023;8;0,076;R
ES0000000000006410CCPF;17/05/2023;9;0,193;R
ES0000000000006410CCPF;17/05/2023;10;0,071;R
ES0000000000006410CCPF;17/05/2023;11;0,068;R
ES0000000000006410CCPF;17/05/2023;12;0,102;R
ES0000000000006410CCPF;17/05/2023;13;0,074;R
ES0000000000006410CCPF;17/05/2023;14;0,052;R
ES0000000000006410CCPF;17/05/2023;15;0,213;R
ES0000000000006410CCPF;17/05/2023;16;0,276;R
ES0000000000006410CCPF;17/05/2023;17;0,146;R
ES0000000000006410CCPF;17/05/2023;18;0,184;R
ES0000000000006410CCPF;17/05/2023;19;0,179;R
ES0000000000006410CCPF;17/05/2023;20;0,173;R
ES0000000000006410CCPF;17/05/2023;21;0,143;R
ES0000000000006410CCPF;17/05/2023;22;0,255;R
ES0000000000006410CCPF;17/05/2023;23;0,352;R
ES0000000000006410CCPF;18/05/2023;0;0,233;R
ES0000000000006410CCPF;18/05/2023;1;0,085;R
ES0000000000006410CCPF;18/05/2023;2;0,078;R
ES0000000000006410CCPF;18/05/2023;3;0,059;R
ES0000000000006410CCPF;18/05/2023;4;0,063;R
ES0000000000006410CCPF;18/05/2023;5;0,073;R
ES0000000000006410CCPF;18/05/2023;6;0,067;R
ES0000000000006410CCPF;18/05/2023;7;0,058;R
ES0000000000006410CCPF;18/05/2023;8;0,071;R
ES0000000000006410CCPF;18/05/2023;9;0,064;R
ES0000000000006410CCPF;18/05/2023;10;0,377;R
ES0000000000006410CCPF;18/05/2023;11;0,14;R
ES0000000000006410CCPF;18/05/2023;12;0,084;R
ES0000000000006410CCPF;18/05/2023;13;0,066;R
ES0000000000006410CCPF;18/05/2023;14;0,067;R
ES0000000000006410CCPF;18/05/2023;15;0,054;R
ES0000000000006410CCPF;18/05/2023;16;0,069;R
ES0000000000006410CCPF;18/05/2023;17;0,127;R
ES0000000000006410CCPF;18/05/2023;18;0,088;R
ES0000000000006410CCPF;18/05/2023;19;0,082;R
ES0000000000006410CCPF;18/05/2023;20;0,067;R
ES0000000000006410CCPF;18/05/2023;21;0,057;R
ES0000000000006410CCPF;18/05/2023;22;0,091;R
ES0000000000006410CCPF;18/05/2023;23;0,203;R
ES0000000000006410CCPF;19/05/2023;0;0,256;R
ES0000000000006410CCPF;19/05/2023;1;0,206;R
ES0000000000006410CCPF;19/05/2023;2;0,101;R
ES0000000000006410CCPF;19/05/2023;3;0,06;R
ES0000000000006410CCPF;19/05/2023;4;0,073;R
ES0000000000006410CCPF;19/05/2023;5;0,058;R
ES0000000000006410CCPF;19/05/2023;6;0,072;R
ES0000000000006410CCPF;19/05/2023;7;0,058;R
ES0000000000006410CCPF;19/05/2023;8;0,07;R
ES0000000000006410CCPF;19/05/2023;9;0,06;R
ES0000000000006410CCPF;19/05/2023;10;0,212;R
ES0000000000006410CCPF;19/05/2023;11;0,104;R
ES0000000000006410CCPF;19/05/2023;12;0,058;R
ES0000000000006410CCPF;19/05/2023;13;0,062;R
ES0000000000006410CCPF;19/05/2023;14;0,064;R
ES0000000000006410CCPF;19/05/2023;15;0,538;R
ES0000000000006410CCPF;19/05/2023;16;0,093;R
ES0000000000006410CCPF;19/05/2023;17;0,081;R
ES0000000000006410CCPF;19/05/2023;18;0,08;R
ES0000000000006410CCPF;19/05/2023;19;0,134;R
ES0000000000006410CCPF;19/05/2023;20;0,186;R
ES0000000000006410CCPF;19/05/2023;21;0,109;R
ES0000000000006410CCPF;19/05/2023;22;0,203;R
ES0000000000006410CCPF;19/05/2023;23;0,401;R
ES0000000000006410CCPF;20/05/2023;0;0,145;R
ES0000000000006410CCPF;20/05/2023;1;0,165;R
ES0000000000006410CCPF;20/05/2023;2;0,072;R
ES0000000000006410CCPF;20/05/2023;3;0,069;R
ES0000000000006410CCPF;20/05/2023;4;0,069;R
ES0000000000006410CCPF;20/05/2023;5;0,071;R
ES0000000000006410CCPF;20/05/2023;6;0,074;R
ES0000000000006410CCPF;20/05/2023;7;0,064;R
ES0000000000006410CCPF;20/05/2023;8;0,066;R
ES0000000000006410CCPF;20/05/2023;9;0,063;R
ES0000000000006410CCPF;20/05/2023;10;0,092;R
ES0000000000006410CCPF;20/05/2023;11;0,638;R
ES0000000000006410CCPF;20/05/2023;12;0,207;R
ES0000000000006410CCPF;20/05/2023;13;1,301;R
ES0000000000006410CCPF;20/05/2023;14;1,194;R
ES0000000000006410CCPF;20/05/2023;15;0,142;R
ES0000000000006410CCPF;20/05/2023;16;0,078;R
ES0000000000006410CCPF;20/05/2023;17;0,088;R
ES0000000000006410CCPF;20/05/2023;18;0,152;R
ES0000000000006410CCPF;20/05/2023;19;0,155;R
ES0000000000006410CCPF;20/05/2023;20;0,18;R
ES0000000000006410CCPF;20/05/2023;21;0,521;R
ES0000000000006410CCPF;20/05/2023;22;0,47;R
ES0000000000006410CCPF;20/05/2023;23;0,946;R
ES0000000000006410CCPF;21/05/2023;0;0,706;R
ES0000000000006410CCPF;21/05/2023;1;0,226;R
ES0000000000006410CCPF;21/05/2023;2;0,207;R
ES0000000000006410CCPF;21/05/2023;3;0,208;R
ES0000000000006410CCPF;21/05/2023;4;0,082;R
ES0000000000006410CCPF;21/05/2023;5;0,07;R
ES0000000000006410CCPF;21/05/2023;6;0,068;R
ES0000000000006410CCPF;21/05/2023;7;0,055;R
ES0000000000006410CCPF;21/05/2023;8;0,067;R
ES0000000000006410CCPF;21/05/2023;9;0,068;R
ES0000000000006410CCPF;21/05/2023;10;0,056;R
ES0000000000006410CCPF;21/05/2023;11;0,135;R
ES0000000000006410CCPF;21/05/2023;12;0,162;R
ES0000000000006410CCPF;21/05/2023;13;1,482;R
ES0000000000006410CCPF;21/05/2023;14;0,501;R
ES0000000000006410CCPF;21/05/2023;15;0,253;R
ES0000000000006410CCPF;21/05/2023;16;0,211;R
ES0000000000006410CCPF;21/05/2023;17;0,723;R
ES0000000000006410CCPF;21/05/2023;18;0,253;R
ES0000000000006410CCPF;21/05/2023;19;0,168;R
ES0000000000006410CCPF;21/05/2023;20;0,167;R
ES0000000000006410CCPF;21/05/2023;21;0,159;R
ES0000000000006410CCPF;21/05/2023;22;0,211;R
ES0000000000006410CCPF;21/05/2023;23;0,235;R
ES0000000000006410CCPF;22/05/2023;0;0,275;R
ES0000000000006410CCPF;22/05/2023;1;0,157;R
ES0000000000006410CCPF;22/05/2023;2;0,076;R
ES0000000000006410CCPF;22/05/2023;3;0,061;R
ES0000000000006410CCPF;22/05/2023;4;0,076;R
ES0000000000006410CCPF;22/05/2023;5;0,058;R
ES0000000000006410CCPF;22/05/2023;6;0,065;R
ES0000000000006410CCPF;22/05/2023;7;0,067;R
ES0000000000006410CCPF;22/05/2023;8;0,102;R
ES0000000000006410CCPF;22/05/2023;9;0,059;R
ES0000000000006410CCPF;22/05/2023;10;0,078;R
ES0000000000006410CCPF;22/05/2023;11;0,149;R
ES0000000000006410CCPF;22/05/2023;12;0,085;R
ES0000000000006410CCPF;22/05/2023;13;0,052;R
ES0000000000006410CCPF;22/05/2023;14;0,067;R
ES0000000000006410CCPF;22/05/2023;15;0,056;R
ES0000000000006410CCPF;22/05/2023;16;0,519;R
ES0000000000006410CCPF;22/05/2023;17;0,184;R
ES0000000000006410CCPF;22/05/2023;18;0,186;R
ES0000000000006410CCPF;22/05/2023;19;0,154;R
ES0000000000006410CCPF;22/05/2023;20;0,127;R
ES0000000000006410CCPF;22/05/2023;21;0,091;R
ES0000000000006410CCPF;22/05/2023;22;0,111;R
ES0000000000006410CCPF;22/05/2023;23;0,705;R
ES0000000000006410CCPF;23/05/2023;0;0,287;R
ES0000000000006410CCPF;23/05/2023;1;0,258;R
ES0000000000006410CCPF;23/05/2023;2;0,213;R
ES0000000000006410CCPF;23/05/2023;3;0,077;R
ES0000000000006410CCPF;23/05/2023;4;0,061;R
ES0000000000006410CCPF;23/05/2023;5;0,067;R
ES0000000000006410CCPF;23/05/2023;6;0,071;R
ES0000000000006410CCPF;23/05/2023;7;0,091;R
ES0000000000006410CCPF;23/05/2023;8;0,225;R
ES0000000000006410CCPF;23/05/2023;9;0,125;R
ES0000000000006410CCPF;23/05/2023;10;0,063;R
ES0000000000006410CCPF;23/05/2023;11;0,058;R
ES0000000000006410CCPF;23/05/2023;12;0,067;R
ES0000000000006410CCPF;23/05/2023;13;0,065;R
ES0000000000006410CCPF;23/05/2023;14;0,066;R
ES0000000000006410CCPF;23/05/2023;15;0,066;R
ES0000000000006410CCPF;23/05/2023;16;0,359;R
ES0000000000006410CCPF;23/05/2023;17;0,17;R
ES0000000000006410CCPF;23/05/2023;18;0,185;R
ES0000000000006410CCPF;23/05/2023;19;0,168;R
ES0000000000006410CCPF;23/05/2023;20;0,105;R
ES0000000000006410CCPF;23/05/2023;21;0,093;R
ES0000000000006410CCPF;23/05/2023;22;1,01;R
ES0000000000006410CCPF;23/05/2023;23;0,254;R
ES0000000000006410CCPF;24/05/2023;0;0,193;R
ES0000000000006410CCPF;24/05/2023;1;0,079;R
ES0000000000006410CCPF;24/05/2023;2;0,066;R
ES0000000000006410CCPF;24/05/2023;3;0,07;R
ES0000000000006410CCPF;24/05/2023;4;0,062;R
ES0000000000006410CCPF;24/05/2023;5;0,097;R
ES0000000000006410CCPF;24/05/2023;6;0,095;R
ES0000000000006410CCPF;24/05/2023;7;0,056;R
ES0000000000006410CCPF;24/05/2023;8;0,205;R
ES0000000000006410CCPF;24/05/2023;9;0,083;R
ES0000000000006410CCPF;24/05/2023;10;0,148;R
ES0000000000006410CCPF;24/05/2023;11;0,084;R
ES0000000000006410CCPF;24/05/2023;12;0,072;R
ES0000000000006410CCPF;24/05/2023;13;0,063;R
ES0000000000006410CCPF;24/05/2023;14;0,059;R
ES0000000000006410CCPF;24/05/2023;15;0,263;R
ES0000000000006410CCPF;24/05/2023;16;0,249;R
ES0000000000006410CCPF;24/05/2023;17;0,159;R
ES0000000000006410CCPF;24/05/2023;18;0,171;R
ES0000000000006410CCPF;24/05/2023;19;0,136;R
ES0000000000006410CCPF;24/05/2023;20;0,08;R
ES0000000000006410CCPF;24/05/2023;21;0,057;R
ES0000000000006410CCPF;24/05/2023;22;0,061;R
ES0000000000006410CCPF;24/05/2023;23;0,182;R
ES0000000000006410CCPF;25/05/2023;0;0,097;R
ES0000000000006410CCPF;25/05/2023;1;0,053;R
ES0000000000006410CCPF;25/05/2023;2;0,074;R
ES0000000000006410CCPF;25/05/2023;3;0,053;R
ES0000000000006410CCPF;25/05/2023;4;0,068;R
ES0000000000006410CCPF;25/05/2023;5;0,068;R
ES0000000000006410CCPF;25/05/2023;6;0,06;R
ES0000000000006410CCPF;25/05/2023;7;0,096;R
ES0000000000006410CCPF;25/05/2023;8;0,183;R
ES0000000000006410CCPF;25/05/2023;9;0,084;R
ES0000000000006410CCPF;25/05/2023;10;0,144;R
ES0000000000006410CCPF;25/05/2023;11;0,069;R
ES0000000000006410CCPF;25/05/2023;12;0,118;R
ES0000000000006410CCPF;25/05/2023;13;0,071;R
ES0000000000006410CCPF;25/05/2023;14;0,057;R
ES0000000000006410CCPF;25/05/2023;15;0,06;R
ES0000000000006410CCPF;25/05/2023;16;0,135;R
ES0000000000006410CCPF;25/05/2023;17;0,171;R
ES0000000000006410CCPF;25/05/2023;18;0,163;R
ES0000000000006410CCPF;25/05/2023;19;0,246;R
ES0000000000006410CCPF;25/05/2023;20;0,286;R
ES0000000000006410CCPF;25/05/2023;21;0,219;R
ES0000000000006410CCPF;25/05/2023;22;0,209;R
ES0000000000006410CCPF;25/05/2023;23;0,376;R
ES0000000000006410CCPF;26/05/2023;0;0,216;R
ES0000000000006410CCPF;26/05/2023;1;0,064;R
ES0000000000006410CCPF;26/05/2023;2;0,06;R
ES0000000000006410CCPF;26/05/2023;3;0,067;R
ES0000000000006410CCPF;26/05/2023;4;0,067;R
ES0000000000006410CCPF;26/05/2023;5;0,061;R
ES0000000000006410CCPF;26/05/2023;6;0,058;R
ES0000000000006410CCPF;26/05/2023;7;0,103;R
ES0000000000006410CCPF;26/05/2023;8;0,205;R
ES0000000000006410CCPF;26/05/2023;9;0,082;R
ES0000000000006410CCPF;26/05/2023;10;0,07;R
ES0000000000006410CCPF;26/05/2023;11;0,059;R
ES0000000000006410CCPF;26/05/2023;12;0,072;R
ES0000000000006410CCPF;26/05/2023;13;0,121;R
ES0000000000006410CCPF;26/05/2023;14;0,09;R
ES0000000000006410CCPF;26/05/2023;15;0,058;R
ES0000000000006410CCPF;26/05/2023;16;0,183;R
ES0000000000006410CCPF;26/05/2023;17;0,186;R
ES0000000000006410CCPF;26/05/2023;18;0,178;R
ES0000000000006410CCPF;26/05/2023;19;0,162;R
ES0000000000006410CCPF;26/05/2023;20;0,081;R
ES0000000000006410CCPF;26/05/2023;21;0,198;R
ES0000000000006410CCPF;26/05/2023;22;0,226;R
ES0000000000006410CCPF;26/05/2023;23;0,244;R
ES0000000000006410CCPF;27/05/2023;0;0,251;R
ES0000000000006410CCPF;27/05/2023;1;0,551;R
ES0000000000006410CCPF;27/05/2023;2;0,28;R
ES0000000000006410CCPF;27/05/2023;3;0,125;R
ES0000000000006410CCPF;27/05/2023;4;0,15;R
ES0000000000006410CCPF;27/05/2023;5;0,076;R
ES0000000000006410CCPF;27/05/2023;6;0,1;R
ES0000000000006410CCPF;27/05/2023;7;0,085;R
ES0000000000006410CCPF;27/05/2023;8;0,169;R
ES0000000000006410CCPF;27/05/2023;9;0,13;R
ES0000000000006410CCPF;27/05/2023;10;0,233;R
ES0000000000006410CCPF;27/05/2023;11;0,129;R
ES0000000000006410CCPF;27/05/2023;12;0,131;R
ES0000000000006410CCPF;27/05/2023;13;0,173;R
ES0000000000006410CCPF;27/05/2023;14;0,124;R
ES0000000000006410CCPF;27/05/2023;15;0,106;R
ES0000000000006410CCPF;27/05/2023;16;0,044;R
ES0000000000006410CCPF;27/05/2023;17;0,066;R
ES0000000000006410CCPF;27/05/2023;18;0,064;R
ES0000000000006410CCPF;27/05/2023;19;0,094;R
ES0000000000006410CCPF;27/05/2023;20;0,248;R
ES0000000000006410CCPF;27/05/2023;21;0,225;R
ES0000000000006410CCPF;27/05/2023;22;0,141;R
ES0000000000006410CCPF;27/05/2023;23;0,225;R
ES0000000000006410CCPF;28/05/2023;0;0,448;R
ES0000000000006410CCPF;28/05/2023;1;0,671;R
ES0000000000006410CCPF;28/05/2023;2;0,109;R
ES0000000000006410CCPF;28/05/2023;3;0,058;R
ES0000000000006410CCPF;28/05/2023;4;0,065;R
ES0000000000006410CCPF;28/05/2023;5;0,076;R
ES0000000000006410CCPF;28/05/2023;6;0,053;R
ES0000000000006410CCPF;28/05/2023;7;0,066;R
ES0000000000006410CCPF;28/05/2023;8;0,069;R
ES0000000000006410CCPF;28/05/2023;9;0,123;R
ES0000000000006410CCPF;28/05/2023;10;0,249;R
ES0000000000006410CCPF;28/05/2023;11;0,883;R
ES0000000000006410CCPF;28/05/2023;12;0,155;R
ES0000000000006410CCPF;28/05/2023;13;0,064;R
ES0000000000006410CCPF;28/05/2023;14;0,136;R
ES0000000000006410CCPF;28/05/2023;15;0,346;R
ES0000000000006410CCPF;28/05/2023;16;0,279;R
ES0000000000006410CCPF;28/05/2023;17;0,187;R
ES0000000000006410CCPF;28/05/2023;18;0,178;R
ES0000000000006410CCPF;28/05/2023;19;0,185;R
ES0000000000006410CCPF;28/05/2023;20;0,158;R
ES0000000000006410CCPF;28/05/2023;21;0,209;R
ES0000000000006410CCPF;28/05/2023;22;0,676;R
ES0000000000006410CCPF;28/05/2023;23;0,408;R
ES0000000000006410CCPF;29/05/2023;0;0,163;R
ES0000000000006410CCPF;29/05/2023;1;0,095;R
ES0000000000006410CCPF;29/05/2023;2;0,063;R
ES0000000000006410CCPF;29/05/2023;3;0,072;R
ES0000000000006410CCPF;29/05/2023;4;0,074;R
ES0000000000006410CCPF;29/05/2023;5;0,061;R
ES0000000000006410CCPF;29/05/2023;6;0,059;R
ES0000000000006410CCPF;29/05/2023;7;0,098;R
ES0000000000006410CCPF;29/05/2023;8;0,165;R
ES0000000000006410CCPF;29/05/2023;9;0,219;R
ES0000000000006410CCPF;29/05/2023;10;0,151;R
ES0000000000006410CCPF;29/05/2023;11;0,141;R
ES0000000000006410CCPF;29/05/2023;12;0,084;R
ES0000000000006410CCPF;29/05/2023;13;0,053;R
ES0000000000006410CCPF;29/05/2023;14;0,071;R
ES0000000000006410CCPF;29/05/2023;15;0,212;R
ES0000000000006410CCPF;29/05/2023;16;0,297;R
ES0000000000006410CCPF;29/05/2023;17;0,267;R
ES0000000000006410CCPF;29/05/2023;18;0,192;R
ES0000000000006410CCPF;29/05/2023;19;0,102;R
ES0000000000006410CCPF;29/05/2023;20;0,111;R
ES0000000000006410CCPF;29/05/2023;21;0,104;R
ES0000000000006410CCPF;29/05/2023;22;0,114;R
ES0000000000006410CCPF;29/05/2023;23;0,193;R
ES0000000000006410CCPF;30/05/2023;0;0,485;R
ES0000000000006410CCPF;30/05/2023;1;0,155;R
ES0000000000006410CCPF;30/05/2023;2;0,067;R
ES0000000000006410CCPF;30/05/2023;3;0,059;R
ES0000000000006410CCPF;30/05/2023;4;0,056;R
ES0000000000006410CCPF;30/05/2023;5;0,069;R
ES0000000000006410CCPF;30/05/2023;6;0,072;R
ES0000000000006410CCPF;30/05/2023;7;0,051;R
ES0000000000006410CCPF;30/05/2023;8;0,067;R
ES0000000000006410CCPF;30/05/2023;9;0,126;R
ES0000000000006410CCPF;30/05/2023;10;0,131;R
ES0000000000006410CCPF;30/05/2023;11;0,081;R
ES0000000000006410CCPF;30/05/2023;12;0,076;R
ES0000000000006410CCPF;30/05/2023;13;0,138;R
ES0000000000006410CCPF;30/05/2023;14;0,519;R
ES0000000000006410CCPF;30/05/2023;15;0,209;R
ES0000000000006410CCPF;30/05/2023;16;0,114;R
ES0000000000006410CCPF;30/05/2023;17;0,1;R
ES0000000000006410CCPF;30/05/2023;18;0,07;R
ES0000000000006410CCPF;30/05/2023;19;0,124;R
ES0000000000006410CCPF;30/05/2023;20;0,125;R
ES0000000000006410CCPF;30/05/2023;21;0,144;R
ES0000000000006410CCPF;30/05/2023;22;0,094;R
ES0000000000006410CCPF;30/05/2023;23;0,543;R
ES0000000000006410CCPF;31/05/2023;0;0,164;R
ES0000000000006410CCPF;31/05/2023;1;0,104;R
ES0000000000006410CCPF;31/05/2023;2;0,079;R
ES0000000000006410CCPF;31/05/2023;3;0,08;R
ES0000000000006410CCPF;31/05/2023;4;0,097;R
ES0000000000006410CCPF;31/05/2023;5;0,076;R
ES0000000000006410CCPF;31/05/2023;6;0,073;R
ES0000000000006410CCPF;31/05/2023;7;0,078;R
ES0000000000006410CCPF;31/05/2023;8;0,194;R
ES0000000000006410CCPF;31/05/2023;9;0,184;R
ES0000000000006410CCPF;31/05/2023;10;0,105;R
ES0000000000006410CCPF;31/05/2023;11;0,084;R
ES0000000000006410CCPF;31/05/2023;12;0,069;R
ES0000000000006410CCPF;31/05/2023;13;0,132;R
ES0000000000006410CCPF;31/05/2023;14;0,073;R
ES0000000000006410CCPF;31/05/2023;15;0,139;R
ES0000000000006410CCPF;31/05/2023;16;0,411;R
ES0000000000006410CCPF;31/05/2023;17;0,184;R
ES0000000000006410CCPF;31/05/2023;18;0,197;R
ES0000000000006410CCPF;31/05/2023;19;0,091;R
ES0000000000006410CCPF;31/05/2023;20;0,066;R
ES0000000000006410CCPF;31/05/2023;21;0,066;R
ES0000000000006410CCPF;31/05/2023;22;0,354;R
ES0000000000006410CCPF;31/05/2023;23;0,163;R
ES0000000000006410CCPF;01/06/2023;0;0,077;R
ES0000000000006410CCPF;01/06/2023;1;0,072;R
ES0000000000006410CCPF;01/06/2023;2;0,059;R
ES0000000000006410CCPF;01/06/2023;3;0,073;R
ES0000000000006410CCPF;01/06/2023;4;0,056;R
ES0000000000006410CCPF;01/06/2023;5;0,069;R
ES0000000000006410CCPF;01/06/2023;6;0,052;R
ES0000000000006410CCPF;01/06/2023;7;0,103;R
ES0000000000006410CCPF;01/06/2023;8;0,173;R
ES0000000000006410CCPF;01/06/2023;9;0,066;R
ES0000000000006410CCPF;01/06/2023;10;0,063;R
ES0000000000006410CCPF;01/06/2023;11;0,063;R
ES0000000000006410CCPF;01/06/2023;12;0,085;R
ES0000000000006410CCPF;01/06/2023;13;0,07;R
ES0000000000006410CCPF;01/06/2023;14;0,121;R
ES0000000000006410CCPF;01/06/2023;15;0,193;R
ES0000000000006410CCPF;01/06/2023;16;0,178;R
ES0000000000006410CCPF;01/06/2023;17;0,109;R
ES0000000000006410CCPF;01/06/2023;18;0,088;R
ES0000000000006410CCPF;01/06/2023;19;0,087;R
ES0000000000006410CCPF;01/06/2023;20;0,086;R
ES0000000000006410CCPF;01/06/2023;21;0,199;R
ES0000000000006410CCPF;01/06/2023;22;0,189;R
ES0000000000006410CCPF;01/06/2023;23;0,238;R
ES0000000000006410CCPF;02/06/2023;0;0,199;R
ES0000000000006410CCPF;02/06/2023;1;0,228;R
ES0000000000006410CCPF;02/06/2023;2;0,187;R
ES0000000000006410CCPF;02/06/2023;3;0,14;R
ES0000000000006410CCPF;02/06/2023;4;0,063;R
ES0000000000006410CCPF;02/06/2023;5;0,07;R
ES0000000000006410CCPF;02/06/2023;6;0,07;R
ES0000000000006410CCPF;02/06/2023;7;0,055;R
ES0000000000006410CCPF;02/06/2023;8;0,063;R
ES0000000000006410CCPF;02/06/2023;9;0,377;R
ES0000000000006410CCPF;02/06/2023;10;0,93;R
ES0000000000006410CCPF;02/06/2023;11;0,146;R
ES0000000000006410CCPF;02/06/2023;12;0,087;R
ES0000000000006410CCPF;02/06/2023;13;0,084;R
ES0000000000006410CCPF;02/06/2023;14;0,147;R
ES0000000000006410CCPF;02/06/2023;15;1,045;R
ES0000000000006410CCPF;02/06/2023;16;0,364;R
ES0000000000006410CCPF;02/06/2023;17;0,234;R
ES0000000000006410CCPF;02/06/2023;18;0,169;R
ES0000000000006410CCPF;02/06/2023;19;0,201;R
ES0000000000006410CCPF;02/06/2023;20;0,757;R
ES0000000000006410CCPF;02/06/2023;21;0,513;R
ES0000000000006410CCPF;02/06/2023;22;0,204;R
ES0000000000006410CCPF;02/06/2023;23;0,231;R
ES0000000000006410CCPF;03/06/2023;0;0,088;R
ES0000000000006410CCPF;03/06/2023;1;0,149;R
ES0000000000006410CCPF;03/06/2023;2;0,148;R
ES0000000000006410CCPF;03/06/2023;3;0,086;R
ES0000000000006410CCPF;03/06/2023;4;0,085;R
ES0000000000006410CCPF;03/06/2023;5;0,074;R
ES0000000000006410CCPF;03/06/2023;6;0,068;R
ES0000000000006410CCPF;03/06/2023;7;0,058;R
ES0000000000006410CCPF;03/06/2023;8;0,066;R
ES0000000000006410CCPF;03/06/2023;9;0,135;R
ES0000000000006410CCPF;03/06/2023;10;0,288;R
ES0000000000006410CCPF;03/06/2023;11;0,094;R
ES0000000000006410CCPF;03/06/2023;12;0,084;R
ES0000000000006410CCPF;03/06/2023;13;0,127;R
ES0000000000006410CCPF;03/06/2023;14;0,152;R
ES0000000000006410CCPF;03/06/2023;15;0,135;R
ES0000000000006410CCPF;03/06/2023;16;0,245;R
ES0000000000006410CCPF;03/06/2023;17;0,225;R
ES0000000000006410CCPF;03/06/2023;18;0,153;R
ES0000000000006410CCPF;03/06/2023;19;0,234;R
ES0000000000006410CCPF;03/06/2023;20;0,11;R
ES0000000000006410CCPF;03/06/2023;21;0,151;R
ES0000000000006410CCPF;03/06/2023;22;0,194;R
ES0000000000006410CCPF;03/06/2023;23;0,62;R
ES0000000000006410CCPF;04/06/2023;0;0,668;R
ES0000000000006410CCPF;04/06/2023;1;0,151;R
ES0000000000006410CCPF;04/06/2023;2;0,073;R
ES0000000000006410CCPF;04/06/2023;3;0,093;R
ES0000000000006410CCPF;04/06/2023;4;0,078;R
ES0000000000006410CCPF;04/06/2023;5;0,105;R
ES0000000000006410CCPF;04/06/2023;6;0,066;R
ES0000000000006410CCPF;04/06/2023;7;0,101;R
ES0000000000006410CCPF;04/06/2023;8;0,066;R
ES0000000000006410CCPF;04/06/2023;9;0,11;R
ES0000000000006410CCPF;04/06/2023;10;0,145;R
ES0000000000006410CCPF;04/06/2023;11;0,303;R
ES0000000000006410CCPF;04/06/2023;12;0,191;R
ES0000000000006410CCPF;04/06/2023;13;0,073;R
ES0000000000006410CCPF;04/06/2023;14;0,071;R
ES0000000000006410CCPF;04/06/2023;15;0,13;R
ES0000000000006410CCPF;04/06/2023;16;0,102;R
ES0000000000006410CCPF;04/06/2023;17;0,122;R
ES0000000000006410CCPF;04/06/2023;18;0,172;R
ES0000000000006410CCPF;04/06/2023;19;0,187;R
ES0000000000006410CCPF;04/06/2023;20;0,237;R
ES0000000000006410CCPF;04/06/2023;21;0,156;R
ES0000000000006410CCPF;04/06/2023;22;0,192;R
ES0000000000006410CCPF;04/06/2023;23;0,261;R
ES0000000000006410CCPF;05/06/2023;0;0,215;R
ES0000000000006410CCPF;05/06/2023;1;0,125;R
ES0000000000006410CCPF;05/06/2023;2;0,086;R
ES0000000000006410CCPF;05/06/2023;3;0,057;R
ES0000000000006410CCPF;05/06/2023;4;0,063;R
ES0000000000006410CCPF;05/06/2023;5;0,066;R
ES0000000000006410CCPF;05/06/2023;6;0,066;R
ES0000000000006410CCPF;05/06/2023;7;0,058;R
ES0000000000006410CCPF;05/06/2023;8;0,069;R
ES0000000000006410CCPF;05/06/2023;9;0,503;R
ES0000000000006410CCPF;05/06/2023;10;0,07;R
ES0000000000006410CCPF;05/06/2023;11;0,051;R
ES0000000000006410CCPF;05/06/2023;12;0,122;R
ES0000000000006410CCPF;05/06/2023;13;0,112;R
ES0000000000006410CCPF;05/06/2023;14;0,43;R
ES0000000000006410CCPF;05/06/2023;15;0,141;R
ES0000000000006410CCPF;05/06/2023;16;0,166;R
ES0000000000006410CCPF;05/06/2023;17;0,158;R
ES0000000000006410CCPF;05/06/2023;18;0,173;R
ES0000000000006410CCPF;05/06/2023;19;0,154;R
ES0000000000006410CCPF;05/06/2023;20;0,086;R
ES0000000000006410CCPF;05/06/2023;21;0,061;R
ES0000000000006410CCPF;05/06/2023;22;0,121;R
ES0000000000006410CCPF;05/06/2023;23;0,149;R
ES0000000000006410CCPF;06/06/2023;0;0,073;R
ES0000000000006410CCPF;06/06/2023;1;0,069;R
ES0000000000006410CCPF;06/06/2023;2;0,064;R
ES0000000000006410CCPF;06/06/2023;3;0,066;R
ES0000000000006410CCPF;06/06/2023;4;0,057;R
ES0000000000006410CCPF;06/06/2023;5;0,071;R
ES0000000000006410CCPF;06/06/2023;6;0,054;R
ES0000000000006410CCPF;06/06/2023;7;0,066;R
ES0000000000006410CCPF;06/06/2023;8;0,093;R
ES0000000000006410CCPF;06/06/2023;9;0,122;R
ES0000000000006410CCPF;06/06/2023;10;0,063;R
ES0000000000006410CCPF;06/06/2023;11;0,113;R
ES0000000000006410CCPF;06/06/2023;12;0,096;R
ES0000000000006410CCPF;06/06/2023;13;0,056;R
ES0000000000006410CCPF;06/06/2023;14;0,075;R
ES0000000000006410CCPF;06/06/2023;15;0,448;R
ES0000000000006410CCPF;06/06/2023;16;0,174;R
ES0000000000006410CCPF;06/06/2023;17;0,178;R
ES0000000000006410CCPF;06/06/2023;18;0,307;R
ES0000000000006410CCPF;06/06/2023;19;0,148;R
ES0000000000006410CCPF;06/06/2023;20;0,055;R
ES0000000000006410CCPF;06/06/2023;21;0,08;R
ES0000000000006410CCPF;06/06/2023;22;0,981;R
ES0000000000006410CCPF;06/06/2023;23;0,474;R
ES0000000000006410CCPF;07/06/2023;0;0,316;R
ES0000000000006410CCPF;07/06/2023;1;0,237;R
ES0000000000006410CCPF;07/06/2023;2;0,108;R
ES0000000000006410CCPF;07/06/2023;3;0,108;R
ES0000000000006410CCPF;07/06/2023;4;0,087;R
ES0000000000006410CCPF;07/06/2023;5;0,091;R
ES0000000000006410CCPF;07/06/2023;6;0,091;R
ES0000000000006410CCPF;07/06/2023;7;0,148;R
ES0000000000006410CCPF;07/06/2023;8;0,141;R
ES0000000000006410CCPF;07/06/2023;9;0,15;R
ES0000000000006410CCPF;07/06/2023;10;0,171;R
ES0000000000006410CCPF;07/06/2023;11;0,093;R
ES0000000000006410CCPF;07/06/2023;12;0,116;R
ES0000000000006410CCPF;07/06/2023;13;0,132;R
ES0000000000006410CCPF;07/06/2023;14;0,114;R
ES0000000000006410CCPF;07/06/2023;15;0,319;R
ES0000000000006410CCPF;07/06/2023;16;0,341;R
ES0000000000006410CCPF;07/06/2023;17;0,249;R
ES0000000000006410CCPF;07/06/2023;18;0,195;R
ES0000000000006410CCPF;07/06/2023;19;0,158;R
ES0000000000006410CCPF;07/06/2023;20;0,201;R
ES0000000000006410CCPF;07/06/2023;21;0,544;R
ES0000000000006410CCPF;07/06/2023;22;0,486;R
ES0000000000006410CCPF;07/06/2023;23;0,247;R
ES0000000000006410CCPF;08/06/2023;0;0,126;R
ES0000000000006410CCPF;08/06/2023;1;0,124;R
ES0000000000006410CCPF;08/06/2023;2;0,114;R
ES0000000000006410CCPF;08/06/2023;3;0,076;R
ES0000000000006410CCPF;08/06/2023;4;0,101;R
ES0000000000006410CCPF;08/06/2023;5;0,068;R
ES0000000000006410CCPF;08/06/2023;6;0,091;R
ES0000000000006410CCPF;08/06/2023;7;0,157;R
ES0000000000006410CCPF;08/06/2023;8;0,088;R
ES0000000000006410CCPF;08/06/2023;9;0,218;R
ES0000000000006410CCPF;08/06/2023;10;0,137;R
ES0000000000006410CCPF;08/06/2023;11;0,078;R
ES0000000000006410CCPF;08/06/2023;12;0,092;R
ES0000000000006410CCPF;08/06/2023;13;0,082;R
ES0000000000006410CCPF;08/06/2023;14;0,633;R
ES0000000000006410CCPF;08/06/2023;15;0,39;R
ES0000000000006410CCPF;08/06/2023;16;0,224;R
ES0000000000006410CCPF;08/06/2023;17;0,225;R
ES0000000000006410CCPF;08/06/2023;18;0,203;R
ES0000000000006410CCPF;08/06/2023;19;0,17;R
ES0000000000006410CCPF;08/06/2023;20;0,191;R
ES0000000000006410CCPF;08/06/2023;21;0,374;R
ES0000000000006410CCPF;08/06/2023;22;0,402;R
ES0000000000006410CCPF;08/06/2023;23;0,347;R
ES0000000000006410CCPF;09/06/2023;0;0,326;R
ES0000000000006410CCPF;09/06/2023;1;0,257;R
ES0000000000006410CCPF;09/06/2023;2;0,162;R
ES0000000000006410CCPF;09/06/2023;3;0,103;R
ES0000000000006410CCPF;09/06/2023;4;0,11;R
ES0000000000006410CCPF;09/06/2023;5;0,083;R
ES0000000000006410CCPF;09/06/2023;6;0,081;R
ES0000000000006410CCPF;09/06/2023;7;0,087;R
ES0000000000006410CCPF;09/06/2023;8;0,206;R
ES0000000000006410CCPF;09/06/2023;9;0,138;R
ES0000000000006410CCPF;09/06/2023;10;0,149;R
ES0000000000006410CCPF;09/06/2023;11;0,1;R
ES0000000000006410CCPF;09/06/2023;12;0,107;R
ES0000000000006410CCPF;09/06/2023;13;0,128;R
ES0000000000006410CCPF;09/06/2023;14;0,159;R
ES0000000000006410CCPF;09/06/2023;15;0,398;R
ES0000000000006410CCPF;09/06/2023;16;0,206;R
ES0000000000006410CCPF;09/06/2023;17;0,191;R
ES0000000000006410CCPF;09/06/2023;18;0,166;R
ES0000000000006410CCPF;09/06/2023;19;0,193;R
ES0000000000006410CCPF;09/06/2023;20;0,227;R
ES0000000000006410CCPF;09/06/2023;21;0,477;R
ES0000000000006410CCPF;09/06/2023;22;1,494;R
ES0000000000006410CCPF;09/06/2023;23;0,337;R
ES0000000000006410CCPF;10/06/2023;0;0,363;R
ES0000000000006410CCPF;10/06/2023;1;0,328;R
ES0000000000006410CCPF;10/06/2023;2;0,326;R
ES0000000000006410CCPF;10/06/2023;3;0,202;R
ES0000000000006410CCPF;10/06/2023;4;0,064;R
ES0000000000006410CCPF;10/06/2023;5;0,074;R
ES0000000000006410CCPF;10/06/2023;6;0,06;R
ES0000000000006410CCPF;10/06/2023;7;0,071;R
ES0000000000006410CCPF;10/06/2023;8;0,071;R
ES0000000000006410CCPF;10/06/2023;9;0,057;R
ES0000000000006410CCPF;10/06/2023;10;0,151;R
ES0000000000006410CCPF;10/06/2023;11;0,235;R
ES0000000000006410CCPF;10/06/2023;12;0,194;R
ES0000000000006410CCPF;10/06/2023;13;0,37;R
ES0000000000006410CCPF;10/06/2023;14;0,474;R
ES0000000000006410CCPF;10/06/2023;15;0,271;R
ES0000000000006410CCPF;10/06/2023;16;0,326;R
ES0000000000006410CCPF;10/06/2023;17;0,218;R
ES0000000000006410CCPF;10/06/2023;18;0,239;R
ES0000000000006410CCPF;10/06/2023;19;0,209;R
ES0000000000006410CCPF;10/06/2023;20;0,202;R
ES0000000000006410CCPF;10/06/2023;21;0,216;R
ES0000000000006410CCPF;10/06/2023;22;1,507;R
ES0000000000006410CCPF;10/06/2023;23;0,355;R
ES0000000000006410CCPF;11/06/2023;0;0,329;R
ES0000000000006410CCPF;11/06/2023;1;0,302;R
ES0000000000006410CCPF;11/06/2023;2;0,108;R
ES0000000000006410CCPF;11/06/2023;3;0,087;R
ES0000000000006410CCPF;11/06/2023;4;0,092;R
ES0000000000006410CCPF;11/06/2023;5;0,107;R
ES0000000000006410CCPF;11/06/2023;6;0,09;R
ES0000000000006410CCPF;11/06/2023;7;0,095;R
ES0000000000006410CCPF;11/06/2023;8;0,074;R
ES0000000000006410CCPF;11/06/2023;9;0,09;R
ES0000000000006410CCPF;11/06/2023;10;0,194;R
ES0000000000006410CCPF;11/06/2023;11;0,107;R
ES0000000000006410CCPF;11/06/2023;12;0,072;R
ES0000000000006410CCPF;11/06/2023;13;0,604;R
ES0000000000006410CCPF;11/06/2023;14;0,387;R
ES0000000000006410CCPF;11/06/2023;15;0,269;R
ES0000000000006410CCPF;11/06/2023;16;0,879;R
ES0000000000006410CCPF;11/06/2023;17;0,299;R
ES0000000000006410CCPF;11/06/2023;18;0,086;R
ES0000000000006410CCPF;11/06/2023;19;0,096;R
ES0000000000006410CCPF;11/06/2023;20;0,173;R
ES0000000000006410CCPF;11/06/2023;21;0,158;R
ES0000000000006410CCPF;11/06/2023;22;0,264;R
ES0000000000006410CCPF;11/06/2023;23;0,39;R
ES0000000000006410CCPF;12/06/2023;0;0,281;R
ES0000000000006410CCPF;12/06/2023;1;0,132;R
ES0000000000006410CCPF;12/06/2023;2;0,072;R
ES0000000000006410CCPF;12/06/2023;3;0,075;R
ES0000000000006410CCPF;12/06/2023;4;0,069;R
ES0000000000006410CCPF;12/06/2023;5;0,055;R
ES0000000000006410CCPF;12/06/2023;6;0,073;R
ES0000000000006410CCPF;12/06/2023;7;0,065;R
ES0000000000006410CCPF;12/06/2023;8;0,148;R
ES0000000000006410CCPF;12/06/2023;9;0,161;R
ES0000000000006410CCPF;12/06/2023;10;0,06;R
ES0000000000006410CCPF;12/06/2023;11;0,07;R
ES0000000000006410CCPF;12/06/2023;12;0,062;R
ES0000000000006410CCPF;12/06/2023;13;0,055;R
ES0000000000006410CCPF;12/06/2023;14;0,069;R
ES0000000000006410CCPF;12/06/2023;15;0,062;R
ES0000000000006410CCPF;12/06/2023;16;0,218;R
ES0000000000006410CCPF;12/06/2023;17;0,176;R
ES0000000000006410CCPF;12/06/2023;18;0,151;R
ES0000000000006410CCPF;12/06/2023;19;0,151;R
ES0000000000006410CCPF;12/06/2023;20;0,396;R
ES0000000000006410CCPF;12/06/2023;21;0,237;R
ES0000000000006410CCPF;12/06/2023;22;0,33;R
ES0000000000006410CCPF;12/06/2023;23;0,303;R
ES0000000000006410CCPF;13/06/2023;0;0,259;R
ES0000000000006410CCPF;13/06/2023;1;0,129;R
ES0000000000006410CCPF;13/06/2023;2;0,106;R
ES0000000000006410CCPF;13/06/2023;3;0,147;R
ES0000000000006410CCPF;13/06/2023;4;0,104;R
ES0000000000006410CCPF;13/06/2023;5;0,085;R
ES0000000000006410CCPF;13/06/2023;6;0,083;R
ES0000000000006410CCPF;13/06/2023;7;0,129;R
ES0000000000006410CCPF;13/06/2023;8;0,159;R
ES0000000000006410CCPF;13/06/2023;9;0,178;R
ES0000000000006410CCPF;13/06/2023;10;0,083;R
ES0000000000006410CCPF;13/06/2023;11;0,108;R
ES0000000000006410CCPF;13/06/2023;12;0,128;R
ES0000000000006410CCPF;13/06/2023;13;0,1;R
ES0000000000006410CCPF;13/06/2023;14;0,099;R
ES0000000000006410CCPF;13/06/2023;15;0,054;R
ES0000000000006410CCPF;13/06/2023;16;0,146;R
ES0000000000006410CCPF;13/06/2023;17;0,057;R
ES0000000000006410CCPF;13/06/2023;18;0,068;R
ES0000000000006410CCPF;13/06/2023;19;0,065;R
ES0000000000006410CCPF;13/06/2023;20;0,135;R
ES0000000000006410CCPF;13/06/2023;21;0,094;R
ES0000000000006410CCPF;13/06/2023;22;0,074;R
ES0000000000006410CCPF;13/06/2023;23;0,222;R
ES0000000000006410CCPF;14/06/2023;0;0,09;R
ES0000000000006410CCPF;14/06/2023;1;0,084;R
ES0000000000006410CCPF;14/06/2023;2;0,083;R
ES0000000000006410CCPF;14/06/2023;3;0,054;R
ES0000000000006410CCPF;14/06/2023;4;0,087;R
ES0000000000006410CCPF;14/06/2023;5;0,052;R
ES0000000000006410CCPF;14/06/2023;6;0,068;R
ES0000000000006410CCPF;14/06/2023;7;0,062;R
ES0000000000006410CCPF;14/06/2023;8;0,101;R
ES0000000000006410CCPF;14/06/2023;9;0,152;R
ES0000000000006410CCPF;14/06/2023;10;0,065;R
ES0000000000006410CCPF;14/06/2023;11;0,072;R
ES0000000000006410CCPF;14/06/2023;12;0,065;R
ES0000000000006410CCPF;14/06/2023;13;0,078;R
ES0000000000006410CCPF;14/06/2023;14;0,123;R
ES0000000000006410CCPF;14/06/2023;15;0,135;R
ES0000000000006410CCPF;14/06/2023;16;0,245;R
ES0000000000006410CCPF;14/06/2023;17;0,2;R
ES0000000000006410CCPF;14/06/2023;18;0,144;R
ES0000000000006410CCPF;14/06/2023;19;0,079;R
ES0000000000006410CCPF;14/06/2023;20;0,079;R
ES0000000000006410CCPF;14/06/2023;21;0,071;R
ES0000000000006410CCPF;14/06/2023;22;0,248;R
ES0000000000006410CCPF;14/06/2023;23;0,293;R
ES0000000000006410CCPF;15/06/2023;0;0,182;R
ES0000000000006410CCPF;15/06/2023;1;0,174;R
ES0000000000006410CCPF;15/06/2023;2;0,105;R
ES0000000000006410CCPF;15/06/2023;3;0,092;R
ES0000000000006410CCPF;15/06/2023;4;0,067;R
ES0000000000006410CCPF;15/06/2023;5;0,062;R
ES0000000000006410CCPF;15/06/2023;6;0,069;R
ES0000000000006410CCPF;15/06/2023;7;0,097;R
ES0000000000006410CCPF;15/06/2023;8;0,153;R
ES0000000000006410CCPF;15/06/2023;9;0,086;R
ES0000000000006410CCPF;15/06/2023;10;0,152;R
ES0000000000006410CCPF;15/06/2023;11;0,07;R
ES0000000000006410CCPF;15/06/2023;12;0,071;R
ES0000000000006410CCPF;15/06/2023;13;0,059;R
ES0000000000006410CCPF;15/06/2023;14;0,06;R
ES0000000000006410CCPF;15/06/2023;15;0,065;R
ES0000000000006410CCPF;15/06/2023;16;1,218;R
ES0000000000006410CCPF;15/06/2023;17;0,109;R
ES0000000000006410CCPF;15/06/2023;18;0,061;R
ES0000000000006410CCPF;15/06/2023;19;0,108;R
ES0000000000006410CCPF;15/06/2023;20;0,09;R
ES0000000000006410CCPF;15/06/2023;21;0,123;R
ES0000000000006410CCPF;15/06/2023;22;0,19;R
ES0000000000006410CCPF;15/06/2023;23;0,283;R
ES0000000000006410CCPF;16/06/2023;0;0,133;R
ES0000000000006410CCPF;16/06/2023;1;0,113;R
ES0000000000006410CCPF;16/06/2023;2;0,09;R
ES0000000000006410CCPF;16/06/2023;3;0,096;R
ES0000000000006410CCPF;16/06/2023;4;0,088;R
ES0000000000006410CCPF;16/06/2023;5;0,09;R
ES0000000000006410CCPF;16/06/2023;6;0,139;R
ES0000000000006410CCPF;16/06/2023;7;0,097;R
ES0000000000006410CCPF;16/06/2023;8;0,132;R
ES0000000000006410CCPF;16/06/2023;9;0,179;R
ES0000000000006410CCPF;16/06/2023;10;0,403;R
ES0000000000006410CCPF;16/06/2023;11;0,325;R
ES0000000000006410CCPF;16/06/2023;12;0,445;R
ES0000000000006410CCPF;16/06/2023;13;1,079;R
ES0000000000006410CCPF;16/06/2023;14;0,099;R
ES0000000000006410CCPF;16/06/2023;15;0,082;R
ES0000000000006410CCPF;16/06/2023;16;0,851;R
ES0000000000006410CCPF;16/06/2023;17;0,287;R
ES0000000000006410CCPF;16/06/2023;18;0,242;R
ES0000000000006410CCPF;16/06/2023;19;0,405;R
ES0000000000006410CCPF;16/06/2023;20;0,652;R
ES0000000000006410CCPF;16/06/2023;21;0,131;R
ES0000000000006410CCPF;16/06/2023;22;0,177;R
ES0000000000006410CCPF;16/06/2023;23;0,965;R
ES0000000000006410CCPF;17/06/2023;0;0,219;R
ES0000000000006410CCPF;17/06/2023;1;0,702;R
ES0000000000006410CCPF;17/06/2023;2;0,535;R
ES0000000000006410CCPF;17/06/2023;3;0,128;R
ES0000000000006410CCPF;17/06/2023;4;0,136;R
ES0000000000006410CCPF;17/06/2023;5;0,085;R
ES0000000000006410CCPF;17/06/2023;6;0,107;R
ES0000000000006410CCPF;17/06/2023;7;0,092;R
ES0000000000006410CCPF;17/06/2023;8;0,083;R
ES0000000000006410CCPF;17/06/2023;9;0,101;R
ES0000000000006410CCPF;17/06/2023;10;0,18;R
ES0000000000006410CCPF;17/06/2023;11;0,709;R
ES0000000000006410CCPF;17/06/2023;12;0,484;R
ES0000000000006410CCPF;17/06/2023;13;0,398;R
ES0000000000006410CCPF;17/06/2023;14;1,545;R
ES0000000000006410CCPF;17/06/2023;15;1,399;R
ES0000000000006410CCPF;17/06/2023;16;2,24;R
ES0000000000006410CCPF;17/06/2023;17;0,754;R
ES0000000000006410CCPF;17/06/2023;18;1,206;R
ES0000000000006410CCPF;17/06/2023;19;1,18;R
ES0000000000006410CCPF;17/06/2023;20;1,006;R
ES0000000000006410CCPF;17/06/2023;21;1,558;R
ES0000000000006410CCPF;17/06/2023;22;1,4;R
ES0000000000006410CCPF;17/06/2023;23;0,613;R
ES0000000000006410CCPF;18/06/2023;0;0,269;R
ES0000000000006410CCPF;18/06/2023;1;0,259;R
ES0000000000006410CCPF;18/06/2023;2;0,213;R
ES0000000000006410CCPF;18/06/2023;3;0,094;R
ES0000000000006410CCPF;18/06/2023;4;0,078;R
ES0000000000006410CCPF;18/06/2023;5;0,069;R
ES0000000000006410CCPF;18/06/2023;6;0,07;R
ES0000000000006410CCPF;18/06/2023;7;0,069;R
ES0000000000006410CCPF;18/06/2023;8;0,069;R
ES0000000000006410CCPF;18/06/2023;9;0,062;R
ES0000000000006410CCPF;18/06/2023;10;0,141;R
ES0000000000006410CCPF;18/06/2023;11;0,209;R
ES0000000000006410CCPF;18/06/2023;12;0,212;R
ES0000000000006410CCPF;18/06/2023;13;0,196;R
ES0000000000006410CCPF;18/06/2023;14;0,109;R
ES0000000000006410CCPF;18/06/2023;15;0,059;R
ES0000000000006410CCPF;18/06/2023;16;0,081;R
ES0000000000006410CCPF;18/06/2023;17;0,347;R
ES0000000000006410CCPF;18/06/2023;18;0,195;R
ES0000000000006410CCPF;18/06/2023;19;0,425;R
ES0000000000006410CCPF;18/06/2023;20;0,426;R
ES0000000000006410CCPF;18/06/2023;21;0,244;R
ES0000000000006410CCPF;18/06/2023;22;0,287;R
ES0000000000006410CCPF;18/06/2023;23;0,274;R
ES0000000000006410CCPF;19/06/2023;0;0,291;R
ES0000000000006410CCPF;19/06/2023;1;0,239;R
ES0000000000006410CCPF;19/06/2023;2;0,099;R
ES0000000000006410CCPF;19/06/2023;3;0,094;R
ES0000000000006410CCPF;19/06/2023;4;0,105;R
ES0000000000006410CCPF;19/06/2023;5;0,077;R
ES0000000000006410CCPF;19/06/2023;6;0,09;R
ES0000000000006410CCPF;19/06/2023;7;0,096;R
ES0000000000006410CCPF;19/06/2023;8;0,124;R
ES0000000000006410CCPF;19/06/2023;9;0,126;R
ES0000000000006410CCPF;19/06/2023;10;0,109;R
ES0000000000006410CCPF;19/06/2023;11;0,089;R
ES0000000000006410CCPF;19/06/2023;12;0,063;R
ES0000000000006410CCPF;19/06/2023;13;0,057;R
ES0000000000006410CCPF;19/06/2023;14;0,064;R
ES0000000000006410CCPF;19/06/2023;15;0,069;R
ES0000000000006410CCPF;19/06/2023;16;0,229;R
ES0000000000006410CCPF;19/06/2023;17;0,406;R
ES0000000000006410CCPF;19/06/2023;18;0,432;R
ES0000000000006410CCPF;19/06/2023;19;0,237;R
ES0000000000006410CCPF;19/06/2023;20;0,065;R
ES0000000000006410CCPF;19/06/2023;21;0,09;R
ES0000000000006410CCPF;19/06/2023;22;0,2;R
ES0000000000006410CCPF;19/06/2023;23;0,204;R
ES0000000000006410CCPF;20/06/2023;0;0,128;R
ES0000000000006410CCPF;20/06/2023;1;0,082;R
ES0000000000006410CCPF;20/06/2023;2;0,114;R
ES0000000000006410CCPF;20/06/2023;3;0,063;R
ES0000000000006410CCPF;20/06/2023;4;0,077;R
ES0000000000006410CCPF;20/06/2023;5;0,073;R
ES0000000000006410CCPF;20/06/2023;6;0,06;R
ES0000000000006410CCPF;20/06/2023;7;0,107;R
ES0000000000006410CCPF;20/06/2023;8;0,17;R
ES0000000000006410CCPF;20/06/2023;9;0,104;R
ES0000000000006410CCPF;20/06/2023;10;0,067;R
ES0000000000006410CCPF;20/06/2023;11;0,071;R
ES0000000000006410CCPF;20/06/2023;12;0,063;R
ES0000000000006410CCPF;20/06/2023;13;0,069;R
ES0000000000006410CCPF;20/06/2023;14;0,07;R
ES0000000000006410CCPF;20/06/2023;15;0,277;R
ES0000000000006410CCPF;20/06/2023;16;0,184;R
ES0000000000006410CCPF;20/06/2023;17;0,188;R
ES0000000000006410CCPF;20/06/2023;18;0,171;R
ES0000000000006410CCPF;20/06/2023;19;0,416;R
ES0000000000006410CCPF;20/06/2023;20;0,231;R
ES0000000000006410CCPF;20/06/2023;21;0,132;R
ES0000000000006410CCPF;20/06/2023;22;0,191;R
ES0000000000006410CCPF;20/06/2023;23;0,208;R
ES0000000000006410CCPF;21/06/2023;0;0,21;R
ES0000000000006410CCPF;21/06/2023;1;0,204;R
ES0000000000006410CCPF;21/06/2023;2;0,057;R
ES0000000000006410CCPF;21/06/2023;3;0,074;R
ES0000000000006410CCPF;21/06/2023;4;0,072;R
ES0000000000006410CCPF;21/06/2023;5;0,062;R
ES0000000000006410CCPF;21/06/2023;6;0,126;R
ES0000000000006410CCPF;21/06/2023;7;0,065;R
ES0000000000006410CCPF;21/06/2023;8;0,181;R
ES0000000000006410CCPF;21/06/2023;9;0,093;R
ES0000000000006410CCPF;21/06/2023;10;0,103;R
ES0000000000006410CCPF;21/06/2023;11;0,132;R
ES0000000000006410CCPF;21/06/2023;12;0,066;R
ES0000000000006410CCPF;21/06/2023;13;0,065;R
ES0000000000006410CCPF;21/06/2023;14;0,074;R
ES0000000000006410CCPF;21/06/2023;15;0,09;R
ES0000000000006410CCPF;21/06/2023;16;0,526;R
ES0000000000006410CCPF;21/06/2023;17;0,366;R
ES0000000000006410CCPF;21/06/2023;18;0,204;R
ES0000000000006410CCPF;21/06/2023;19;0,179;R
ES0000000000006410CCPF;21/06/2023;20;0,094;R
ES0000000000006410CCPF;21/06/2023;21;0,157;R
ES0000000000006410CCPF;21/06/2023;22;0,922;R
ES0000000000006410CCPF;21/06/2023;23;0,512;R
ES0000000000006410CCPF;22/06/2023;0;0,296;R
ES0000000000006410CCPF;22/06/2023;1;0,272;R
ES0000000000006410CCPF;22/06/2023;2;0,257;R
ES0000000000006410CCPF;22/06/2023;3;0,104;R
ES0000000000006410CCPF;22/06/2023;4;0,103;R
ES0000000000006410CCPF;22/06/2023;5;0,089;R
ES0000000000006410CCPF;22/06/2023;6;0,094;R
ES0000000000006410CCPF;22/06/2023;7;0,103;R
ES0000000000006410CCPF;22/06/2023;8;0,198;R
ES0000000000006410CCPF;22/06/2023;9;0,119;R
ES0000000000006410CCPF;22/06/2023;10;0,082;R
ES0000000000006410CCPF;22/06/2023;11;0,089;R
ES0000000000006410CCPF;22/06/2023;12;0,074;R
ES0000000000006410CCPF;22/06/2023;13;0,089;R
ES0000000000006410CCPF;22/06/2023;14;0,312;R
ES0000000000006410CCPF;22/06/2023;15;1,097;R
ES0000000000006410CCPF;22/06/2023;16;0,359;R
ES0000000000006410CCPF;22/06/2023;17;0,353;R
ES0000000000006410CCPF;22/06/2023;18;0,31;R
ES0000000000006410CCPF;22/06/2023;19;0,305;R
ES0000000000006410CCPF;22/06/2023;20;0,36;R
ES0000000000006410CCPF;22/06/2023;21;0,203;R
ES0000000000006410CCPF;22/06/2023;22;1,224;R
ES0000000000006410CCPF;22/06/2023;23;0,703;R
ES0000000000006410CCPF;23/06/2023;0;0,231;R
ES0000000000006410CCPF;23/06/2023;1;0,086;R
ES0000000000006410CCPF;23/06/2023;2;0,07;R
ES0000000000006410CCPF;23/06/2023;3;0,063;R
ES0000000000006410CCPF;23/06/2023;4;0,066;R
ES0000000000006410CCPF;23/06/2023;5;0,052;R
ES0000000000006410CCPF;23/06/2023;6;0,111;R
ES0000000000006410CCPF;23/06/2023;7;0,122;R
ES0000000000006410CCPF;23/06/2023;8;0,133;R
ES0000000000006410CCPF;23/06/2023;9;0,098;R
ES0000000000006410CCPF;23/06/2023;10;0,064;R
ES0000000000006410CCPF;23/06/2023;11;0,111;R
ES0000000000006410CCPF;23/06/2023;12;0,115;R
ES0000000000006410CCPF;23/06/2023;13;0,815;R
ES0000000000006410CCPF;23/06/2023;14;1,393;R
ES0000000000006410CCPF;23/06/2023;15;0,823;R
ES0000000000006410CCPF;23/06/2023;16;0,742;R
ES0000000000006410CCPF;23/06/2023;17;0,716;R
ES0000000000006410CCPF;23/06/2023;18;0,617;R
ES0000000000006410CCPF;23/06/2023;19;1,217;R
ES0000000000006410CCPF;23/06/2023;20;0,771;R
ES0000000000006410CCPF;23/06/2023;21;0,958;R
ES0000000000006410CCPF;23/06/2023;22;0,927;R
ES0000000000006410CCPF;23/06/2023;23;0,172;R
ES0000000000006410CCPF;24/06/2023;0;0,195;R
ES0000000000006410CCPF;24/06/2023;1;0,092;R
ES0000000000006410CCPF;24/06/2023;2;0,076;R
ES0000000000006410CCPF;24/06/2023;3;0,065;R
ES0000000000006410CCPF;24/06/2023;4;0,078;R
ES0000000000006410CCPF;24/06/2023;5;0,059;R
ES0000000000006410CCPF;24/06/2023;6;0,08;R
ES0000000000006410CCPF;24/06/2023;7;0,066;R
ES0000000000006410CCPF;24/06/2023;8;0,058;R
ES0000000000006410CCPF;24/06/2023;9;0,529;R
ES0000000000006410CCPF;24/06/2023;10;0,274;R
ES0000000000006410CCPF;24/06/2023;11;0,297;R
ES0000000000006410CCPF;24/06/2023;12;0,161;R
ES0000000000006410CCPF;24/06/2023;13;0,104;R
ES0000000000006410CCPF;24/06/2023;14;0,071;R
ES0000000000006410CCPF;24/06/2023;15;0,059;R
ES0000000000006410CCPF;24/06/2023;16;0,078;R
ES0000000000006410CCPF;24/06/2023;17;0,056;R
ES0000000000006410CCPF;24/06/2023;18;0,073;R
ES0000000000006410CCPF;24/06/2023;19;0,068;R
ES0000000000006410CCPF;24/06/2023;20;0,578;R
ES0000000000006410CCPF;24/06/2023;21;1,434;R
ES0000000000006410CCPF;24/06/2023;22;0,099;R
ES0000000000006410CCPF;24/06/2023;23;0,221;R
ES0000000000006410CCPF;25/06/2023;0;0,084;R
ES0000000000006410CCPF;25/06/2023;1;0,064;R
ES0000000000006410CCPF;25/06/2023;2;0,075;R
ES0000000000006410CCPF;25/06/2023;3;0,066;R
ES0000000000006410CCPF;25/06/2023;4;0,069;R
ES0000000000006410CCPF;25/06/2023;5;0,063;R
ES0000000000006410CCPF;25/06/2023;6;0,069;R
ES0000000000006410CCPF;25/06/2023;7;0,068;R
ES0000000000006410CCPF;25/06/2023;8;0,058;R
ES0000000000006410CCPF;25/06/2023;9;0,073;R
ES0000000000006410CCPF;25/06/2023;10;0,073;R
ES0000000000006410CCPF;25/06/2023;11;0,092;R
ES0000000000006410CCPF;25/06/2023;12;0,274;R
ES0000000000006410CCPF;25/06/2023;13;1,091;R
ES0000000000006410CCPF;25/06/2023;14;0,776;R
ES0000000000006410CCPF;25/06/2023;15;0,843;R
ES0000000000006410CCPF;25/06/2023;16;0,762;R
ES0000000000006410CCPF;25/06/2023;17;0,741;R
ES0000000000006410CCPF;25/06/2023;18;0,752;R
ES0000000000006410CCPF;25/06/2023;19;0,751;R
ES0000000000006410CCPF;25/06/2023;20;0,728;R
ES0000000000006410CCPF;25/06/2023;21;0,711;R
ES0000000000006410CCPF;25/06/2023;22;1,13;R
ES0000000000006410CCPF;25/06/2023;23;0,922;R
ES0000000000006410CCPF;26/06/2023;0;0,634;R
ES0000000000006410CCPF;26/06/2023;1;0,368;R
ES0000000000006410CCPF;26/06/2023;2;0,609;R
ES0000000000006410CCPF;26/06/2023;3;0,253;R
ES0000000000006410CCPF;26/06/2023;4;0,118;R
ES0000000000006410CCPF;26/06/2023;5;0,083;R
ES0000000000006410CCPF;26/06/2023;6;0,099;R
ES0000000000006410CCPF;26/06/2023;7;0,099;R
ES0000000000006410CCPF;26/06/2023;8;0,162;R
ES0000000000006410CCPF;26/06/2023;9;0,118;R
ES0000000000006410CCPF;26/06/2023;10;0,082;R
ES0000000000006410CCPF;26/06/2023;11;0,096;R
ES0000000000006410CCPF;26/06/2023;12;0,078;R
ES0000000000006410CCPF;26/06/2023;13;0,078;R
ES0000000000006410CCPF;26/06/2023;14;0,103;R
ES0000000000006410CCPF;26/06/2023;15;0,097;R
ES0000000000006410CCPF;26/06/2023;16;0,502;R
ES0000000000006410CCPF;26/06/2023;17;0,91;R
ES0000000000006410CCPF;26/06/2023;18;0,842;R
ES0000000000006410CCPF;26/06/2023;19;0,452;R
ES0000000000006410CCPF;26/06/2023;20;0,092;R
ES0000000000006410CCPF;26/06/2023;21;0,057;R
ES0000000000006410CCPF;26/06/2023;22;0,065;R
ES0000000000006410CCPF;26/06/2023;23;0,173;R
ES0000000000006410CCPF;27/06/2023;0;0,226;R
ES0000000000006410CCPF;27/06/2023;1;0,072;R
ES0000000000006410CCPF;27/06/2023;2;0,07;R
ES0000000000006410CCPF;27/06/2023;3;0,074;R
ES0000000000006410CCPF;27/06/2023;4;0,11;R
ES0000000000006410CCPF;27/06/2023;5;0,095;R
ES0000000000006410CCPF;27/06/2023;6;0,061;R
ES0000000000006410CCPF;27/06/2023;7;0,081;R
ES0000000000006410CCPF;27/06/2023;8;0,122;R
ES0000000000006410CCPF;27/06/2023;9;0,123;R
ES0000000000006410CCPF;27/06/2023;10;0,064;R
ES0000000000006410CCPF;27/06/2023;11;0,069;R
ES0000000000006410CCPF;27/06/2023;12;0,066;R
ES0000000000006410CCPF;27/06/2023;13;0,07;R
ES0000000000006410CCPF;27/06/2023;14;0,066;R
ES0000000000006410CCPF;27/06/2023;15;0,108;R
ES0000000000006410CCPF;27/06/2023;16;0,14;R
ES0000000000006410CCPF;27/06/2023;17;0,12;R
ES0000000000006410CCPF;27/06/2023;18;0,066;R
ES0000000000006410CCPF;27/06/2023;19;0,079;R
ES0000000000006410CCPF;27/06/2023;20;0,082;R
ES0000000000006410CCPF;27/06/2023;21;0,106;R
ES0000000000006410CCPF;27/06/2023;22;0,656;R
ES0000000000006410CCPF;27/06/2023;23;0,784;R
ES0000000000006410CCPF;28/06/2023;0;0,795;R
ES0000000000006410CCPF;28/06/2023;1;0,806;R
ES0000000000006410CCPF;28/06/2023;2;0,166;R
ES0000000000006410CCPF;28/06/2023;3;0,097;R
ES0000000000006410CCPF;28/06/2023;4;0,104;R
ES0000000000006410CCPF;28/06/2023;5;0,081;R
ES0000000000006410CCPF;28/06/2023;6;0,157;R
ES0000000000006410CCPF;28/06/2023;7;0,128;R
ES0000000000006410CCPF;28/06/2023;8;0,199;R
ES0000000000006410CCPF;28/06/2023;9;0,116;R
ES0000000000006410CCPF;28/06/2023;10;0,152;R
ES0000000000006410CCPF;28/06/2023;11;0,101;R
ES0000000000006410CCPF;28/06/2023;12;0,086;R
ES0000000000006410CCPF;28/06/2023;13;0,083;R
ES0000000000006410CCPF;28/06/2023;14;0,078;R
ES0000000000006410CCPF;28/06/2023;15;0,7;R
ES0000000000006410CCPF;28/06/2023;16;0,515;R
ES0000000000006410CCPF;28/06/2023;17;0,504;R
ES0000000000006410CCPF;28/06/2023;18;0,109;R
ES0000000000006410CCPF;28/06/2023;19;0,075;R
ES0000000000006410CCPF;28/06/2023;20;0,12;R
ES0000000000006410CCPF;28/06/2023;21;0,14;R
ES0000000000006410CCPF;28/06/2023;22;0,888;R
ES0000000000006410CCPF;28/06/2023;23;0,398;R
ES0000000000006410CCPF;29/06/2023;0;0,113;R
ES0000000000006410CCPF;29/06/2023;1;0,097;R
ES0000000000006410CCPF;29/06/2023;2;0,108;R
ES0000000000006410CCPF;29/06/2023;3;0,12;R
ES0000000000006410CCPF;29/06/2023;4;0,117;R
ES0000000000006410CCPF;29/06/2023;5;0,087;R
ES0000000000006410CCPF;29/06/2023;6;0,102;R
ES0000000000006410CCPF;29/06/2023;7;0,081;R
ES0000000000006410CCPF;29/06/2023;8;0,16;R
ES0000000000006410CCPF;29/06/2023;9;0,118;R
ES0000000000006410CCPF;29/06/2023;10;0,119;R
ES0000000000006410CCPF;29/06/2023;11;0,084;R
ES0000000000006410CCPF;29/06/2023;12;0,093;R
ES0000000000006410CCPF;29/06/2023;13;0,179;R
ES0000000000006410CCPF;29/06/2023;14;0,196;R
ES0000000000006410CCPF;29/06/2023;15;1,75;R
ES0000000000006410CCPF;29/06/2023;16;1,009;R
ES0000000000006410CCPF;29/06/2023;17;1,004;R
ES0000000000006410CCPF;29/06/2023;18;1,291;R
ES0000000000006410CCPF;29/06/2023;19;0,729;R
ES0000000000006410CCPF;29/06/2023;20;1,792;R
ES0000000000006410CCPF;29/06/2023;21;1,995;R
ES0000000000006410CCPF;29/06/2023;22;0,577;R
ES0000000000006410CCPF;29/06/2023;23;0,237;R
ES0000000000006410CCPF;30/06/2023;0;0,223;R
ES0000000000006410CCPF;30/06/2023;1;0,138;R
ES0000000000006410CCPF;30/06/2023;2;0,101;R
ES0000000000006410CCPF;30/06/2023;3;0,127;R
ES0000000000006410CCPF;30/06/2023;4;0,143;R
ES0000000000006410CCPF;30/06/2023;5;0,099;R
ES0000000000006410CCPF;30/06/2023;6;0,092;R
ES0000000000006410CCPF;30/06/2023;7;0,087;R
ES0000000000006410CCPF;30/06/2023;8;0,178;R
ES0000000000006410CCPF;30/06/2023;9;0,127;R
ES0000000000006410CCPF;30/06/2023;10;0,091;R
ES0000000000006410CCPF;30/06/2023;11;0,14;R
ES0000000000006410CCPF;30/06/2023;12;0,129;R
ES0000000000006410CCPF;30/06/2023;13;0,129;R
ES0000000000006410CCPF;30/06/2023;14;0,103;R
ES0000000000006410CCPF;30/06/2023;15;0,365;R
ES0000000000006410CCPF;30/06/2023;16;0,297;R
ES0000000000006410CCPF;30/06/2023;17;0,226;R
ES0000000000006410CCPF;30/06/2023;18;0,205;R
ES0000000000006410CCPF;30/06/2023;19;0,253;R
ES0000000000006410CCPF;30/06/2023;20;0,574;R
ES0000000000006410CCPF;30/06/2023;21;0,893;R
ES0000000000006410CCPF;30/06/2023;22;0,533;R
ES0000000000006410CCPF;30/06/2023;23;0,195;R
ES0000000000006410CCPF;01/07/2023;0;0,209;R
ES0000000000006410CCPF;01/07/2023;1;0,195;R
ES0000000000006410CCPF;01/07/2023;2;0,211;R
ES0000000000006410CCPF;01/07/2023;3;0,138;R
ES0000000000006410CCPF;01/07/2023;4;0,074;R
ES0000000000006410CCPF;01/07/2023;5;0,075;R
ES0000000000006410CCPF;01/07/2023;6;0,069;R
ES0000000000006410CCPF;01/07/2023;7;0,058;R
ES0000000000006410CCPF;01/07/2023;8;0,077;R
ES0000000000006410CCPF;01/07/2023;9;0,06;R
ES0000000000006410CCPF;01/07/2023;10;0,163;R
ES0000000000006410CCPF;01/07/2023;11;0,368;R
ES0000000000006410CCPF;01/07/2023;12;0,304;R
ES0000000000006410CCPF;01/07/2023;13;0,123;R
ES0000000000006410CCPF;01/07/2023;14;0,133;R
ES0000000000006410CCPF;01/07/2023;15;0,299;R
ES0000000000006410CCPF;01/07/2023;16;0,656;R
ES0000000000006410CCPF;01/07/2023;17;0,453;R
ES0000000000006410CCPF;01/07/2023;18;0,161;R
ES0000000000006410CCPF;01/07/2023;19;0,176;R
ES0000000000006410CCPF;01/07/2023;20;0,173;R
ES0000000000006410CCPF;01/07/2023;21;0,059;R
ES0000000000006410CCPF;01/07/2023;22;0,074;R
ES0000000000006410CCPF;01/07/2023;23;0,349;R
ES0000000000006410CCPF;02/07/2023;0;0,256;R
ES0000000000006410CCPF;02/07/2023;1;0,216;R
ES0000000000006410CCPF;02/07/2023;2;0,076;R
ES0000000000006410CCPF;02/07/2023;3;0,122;R
ES0000000000006410CCPF;02/07/2023;4;0,1;R
ES0000000000006410CCPF;02/07/2023;5;0,095;R
ES0000000000006410CCPF;02/07/2023;6;0,064;R
ES0000000000006410CCPF;02/07/2023;7;0,073;R
ES0000000000006410CCPF;02/07/2023;8;0,074;R
ES0000000000006410CCPF;02/07/2023;9;0,111;R
ES0000000000006410CCPF;02/07/2023;10;0,112;R
ES0000000000006410CCPF;02/07/2023;11;0,061;R
ES0000000000006410CCPF;02/07/2023;12;0,269;R
ES0000000000006410CCPF;02/07/2023;13;0,144;R
ES0000000000006410CCPF;02/07/2023;14;0,107;R
ES0000000000006410CCPF;02/07/2023;15;0,114;R
ES0000000000006410CCPF;02/07/2023;16;0,345;R
ES0000000000006410CCPF;02/07/2023;17;0,155;R
ES0000000000006410CCPF;02/07/2023;18;0,16;R
ES0000000000006410CCPF;02/07/2023;19;0,15;R
ES0000000000006410CCPF;02/07/2023;20;0,761;R
ES0000000000006410CCPF;02/07/2023;21;0,762;R
ES0000000000006410CCPF;02/07/2023;22;0,326;R
ES0000000000006410CCPF;02/07/2023;23;0,176;R
ES0000000000006410CCPF;03/07/2023;0;0,132;R
ES0000000000006410CCPF;03/07/2023;1;0,126;R
ES0000000000006410CCPF;03/07/2023;2;0,144;R
ES0000000000006410CCPF;03/07/2023;3;0,143;R
ES0000000000006410CCPF;03/07/2023;4;0,112;R
ES0000000000006410CCPF;03/07/2023;5;0,08;R
ES0000000000006410CCPF;03/07/2023;6;0,059;R
ES0000000000006410CCPF;03/07/2023;7;0,098;R
ES0000000000006410CCPF;03/07/2023;8;0,2;R
ES0000000000006410CCPF;03/07/2023;9;0,126;R
ES0000000000006410CCPF;03/07/2023;10;0,112;R
ES0000000000006410CCPF;03/07/2023;11;0,113;R
ES0000000000006410CCPF;03/07/2023;12;0,096;R
ES0000000000006410CCPF;03/07/2023;13;0,095;R
ES0000000000006410CCPF;03/07/2023;14;0,086;R
ES0000000000006410CCPF;03/07/2023;15;0,31;R
ES0000000000006410CCPF;03/07/2023;16;0,365;R
ES0000000000006410CCPF;03/07/2023;17;0,921;R
ES0000000000006410CCPF;03/07/2023;18;0,645;R
ES0000000000006410CCPF;03/07/2023;19;0,136;R
ES0000000000006410CCPF;03/07/2023;20;0,136;R
ES0000000000006410CCPF;03/07/2023;21;0,092;R
ES0000000000006410CCPF;03/07/2023;22;0,54;R
ES0000000000006410CCPF;03/07/2023;23;0,38;R
ES0000000000006410CCPF;04/07/2023;0;0,245;R
ES0000000000006410CCPF;04/07/2023;1;0,193;R
ES0000000000006410CCPF;04/07/2023;2;0,18;R
ES0000000000006410CCPF;04/07/2023;3;0,118;R
ES0000000000006410CCPF;04/07/2023;4;0,072;R
ES0000000000006410CCPF;04/07/2023;5;0,075;R
ES0000000000006410CCPF;04/07/2023;6;0,078;R
ES0000000000006410CCPF;04/07/2023;7;0,064;R
ES0000000000006410CCPF;04/07/2023;8;0,176;R
ES0000000000006410CCPF;04/07/2023;9;0,102;R
ES0000000000006410CCPF;04/07/2023;10;0,083;R
ES0000000000006410CCPF;04/07/2023;11;0,07;R
ES0000000000006410CCPF;04/07/2023;12;0,06;R
ES0000000000006410CCPF;04/07/2023;13;0,077;R
ES0000000000006410CCPF;04/07/2023;14;0,103;R
ES0000000000006410CCPF;04/07/2023;15;0,09;R
ES0000000000006410CCPF;04/07/2023;16;0,083;R
ES0000000000006410CCPF;04/07/2023;17;0,273;R
ES0000000000006410CCPF;04/07/2023;18;0,81;R
ES0000000000006410CCPF;04/07/2023;19;0,793;R
ES0000000000006410CCPF;04/07/2023;20;0,981;R
ES0000000000006410CCPF;04/07/2023;21;0,984;R
ES0000000000006410CCPF;04/07/2023;22;0,596;R
ES0000000000006410CCPF;04/07/2023;23;0,349;R
ES0000000000006410CCPF;05/07/2023;0;0,214;R
ES0000000000006410CCPF;05/07/2023;1;0,112;R
ES0000000000006410CCPF;05/07/2023;2;0,096;R
ES0000000000006410CCPF;05/07/2023;3;0,103;R
ES0000000000006410CCPF;05/07/2023;4;0,094;R
ES0000000000006410CCPF;05/07/2023;5;0,063;R
ES0000000000006410CCPF;05/07/2023;6;0,075;R
ES0000000000006410CCPF;05/07/2023;7;0,074;R
ES0000000000006410CCPF;05/07/2023;8;0,152;R
ES0000000000006410CCPF;05/07/2023;9;0,145;R
ES0000000000006410CCPF;05/07/2023;10;0,087;R
ES0000000000006410CCPF;05/07/2023;11;0,066;R
ES0000000000006410CCPF;05/07/2023;12;0,07;R
ES0000000000006410CCPF;05/07/2023;13;0,064;R
ES0000000000006410CCPF;05/07/2023;14;0,163;R
ES0000000000006410CCPF;05/07/2023;15;0,509;R
ES0000000000006410CCPF;05/07/2023;16;0,078;R
ES0000000000006410CCPF;05/07/2023;17;0,068;R
ES0000000000006410CCPF;05/07/2023;18;0,073;R
ES0000000000006410CCPF;05/07/2023;19;0,071;R
ES0000000000006410CCPF;05/07/2023;20;0,074;R
ES0000000000006410CCPF;05/07/2023;21;0,087;R
ES0000000000006410CCPF;05/07/2023;22;0,6;R
ES0000000000006410CCPF;05/07/2023;23;0,828;R
ES0000000000006410CCPF;06/07/2023;0;0,49;R
ES0000000000006410CCPF;06/07/2023;1;0,145;R
ES0000000000006410CCPF;06/07/2023;2;0,15;R
ES0000000000006410CCPF;06/07/2023;3;0,107;R
ES0000000000006410CCPF;06/07/2023;4;0,073;R
ES0000000000006410CCPF;06/07/2023;5;0,081;R
ES0000000000006410CCPF;06/07/2023;6;0,108;R
ES0000000000006410CCPF;06/07/2023;7;0,081;R
ES0000000000006410CCPF;06/07/2023;8;0,183;R
ES0000000000006410CCPF;06/07/2023;9;0,119;R
ES0000000000006410CCPF;06/07/2023;10;0,071;R
ES0000000000006410CCPF;06/07/2023;11;0,072;R
ES0000000000006410CCPF;06/07/2023;12;0,076;R
ES0000000000006410CCPF;06/07/2023;13;0,062;R
ES0000000000006410CCPF;06/07/2023;14;0,078;R
ES0000000000006410CCPF;06/07/2023;15;0,068;R
ES0000000000006410CCPF;06/07/2023;16;0,702;R
ES0000000000006410CCPF;06/07/2023;17;0,408;R
ES0000000000006410CCPF;06/07/2023;18;0,699;R
ES0000000000006410CCPF;06/07/2023;19;0,832;R
ES0000000000006410CCPF;06/07/2023;20;0,756;R
ES0000000000006410CCPF;06/07/2023;21;1,009;R
ES0000000000006410CCPF;06/07/2023;22;0,393;R
ES0000000000006410CCPF;06/07/2023;23;0,451;R
ES0000000000006410CCPF;07/07/2023;0;0,88;R
ES0000000000006410CCPF;07/07/2023;1;0,171;R
ES0000000000006410CCPF;07/07/2023;2;0,086;R
ES0000000000006410CCPF;07/07/2023;3;0,075;R
ES0000000000006410CCPF;07/07/2023;4;0,069;R
ES0000000000006410CCPF;07/07/2023;5;0,079;R
ES0000000000006410CCPF;07/07/2023;6;0,058;R
ES0000000000006410CCPF;07/07/2023;7;0,08;R
ES0000000000006410CCPF;07/07/2023;8;0,172;R
ES0000000000006410CCPF;07/07/2023;9;0,172;R
ES0000000000006410CCPF;07/07/2023;10;0,068;R
ES0000000000006410CCPF;07/07/2023;11;0,071;R
ES0000000000006410CCPF;07/07/2023;12;0,072;R
ES0000000000006410CCPF;07/07/2023;13;0,065;R
ES0000000000006410CCPF;07/07/2023;14;0,061;R
ES0000000000006410CCPF;07/07/2023;15;0,735;R
ES0000000000006410CCPF;07/07/2023;16;0,233;R
ES0000000000006410CCPF;07/07/2023;17;0,138;R
ES0000000000006410CCPF;07/07/2023;18;0,822;R
ES0000000000006410CCPF;07/07/2023;19;1,083;R
ES0000000000006410CCPF;07/07/2023;20;1,139;R
ES0000000000006410CCPF;07/07/2023;21;0,979;R
ES0000000000006410CCPF;07/07/2023;22;0,791;R
ES0000000000006410CCPF;07/07/2023;23;0,308;R
ES0000000000006410CCPF;08/07/2023;0;0,286;R
ES0000000000006410CCPF;08/07/2023;1;0,215;R
ES0000000000006410CCPF;08/07/2023;2;0,099;R
ES0000000000006410CCPF;08/07/2023;3;0,063;R
ES0000000000006410CCPF;08/07/2023;4;0,083;R
ES0000000000006410CCPF;08/07/2023;5;0,061;R
ES0000000000006410CCPF;08/07/2023;6;0,08;R
ES0000000000006410CCPF;08/07/2023;7;0,068;R
ES0000000000006410CCPF;08/07/2023;8;0,063;R
ES0000000000006410CCPF;08/07/2023;9;0,086;R
ES0000000000006410CCPF;08/07/2023;10;0,08;R
ES0000000000006410CCPF;08/07/2023;11;0,332;R
ES0000000000006410CCPF;08/07/2023;12;0,36;R
ES0000000000006410CCPF;08/07/2023;13;0,224;R
ES0000000000006410CCPF;08/07/2023;14;0,39;R
ES0000000000006410CCPF;08/07/2023;15;0,847;R
ES0000000000006410CCPF;08/07/2023;16;0,862;R
ES0000000000006410CCPF;08/07/2023;17;0,649;R
ES0000000000006410CCPF;08/07/2023;18;0,678;R
ES0000000000006410CCPF;08/07/2023;19;0,668;R
ES0000000000006410CCPF;08/07/2023;20;0,726;R
ES0000000000006410CCPF;08/07/2023;21;0,635;R
ES0000000000006410CCPF;08/07/2023;22;0,546;R
ES0000000000006410CCPF;08/07/2023;23;0,546;R
ES0000000000006410CCPF;09/07/2023;0;0,788;R
ES0000000000006410CCPF;09/07/2023;1;0,203;R
ES0000000000006410CCPF;09/07/2023;2;0,177;R
ES0000000000006410CCPF;09/07/2023;3;0,152;R
ES0000000000006410CCPF;09/07/2023;4;0,081;R
ES0000000000006410CCPF;09/07/2023;5;0,069;R
ES0000000000006410CCPF;09/07/2023;6;0,069;R
ES0000000000006410CCPF;09/07/2023;7;0,063;R
ES0000000000006410CCPF;09/07/2023;8;0,072;R
ES0000000000006410CCPF;09/07/2023;9;0,061;R
ES0000000000006410CCPF;09/07/2023;10;0,176;R
ES0000000000006410CCPF;09/07/2023;11;0,173;R
ES0000000000006410CCPF;09/07/2023;12;0,091;R
ES0000000000006410CCPF;09/07/2023;13;0,068;R
ES0000000000006410CCPF;09/07/2023;14;0,066;R
ES0000000000006410CCPF;09/07/2023;15;0,078;R
ES0000000000006410CCPF;09/07/2023;16;0,059;R
ES0000000000006410CCPF;09/07/2023;17;0,068;R
ES0000000000006410CCPF;09/07/2023;18;0,067;R
ES0000000000006410CCPF;09/07/2023;19;0,065;R
ES0000000000006410CCPF;09/07/2023;20;0,076;R
ES0000000000006410CCPF;09/07/2023;21;0,058;R
ES0000000000006410CCPF;09/07/2023;22;0,064;R
ES0000000000006410CCPF;09/07/2023;23;0,273;R
ES0000000000006410CCPF;10/07/2023;0;0,317;R
ES0000000000006410CCPF;10/07/2023;1;0,25;R
ES0000000000006410CCPF;10/07/2023;2;0,184;R
ES0000000000006410CCPF;10/07/2023;3;0,094;R
ES0000000000006410CCPF;10/07/2023;4;0,094;R
ES0000000000006410CCPF;10/07/2023;5;0,09;R
ES0000000000006410CCPF;10/07/2023;6;0,085;R
ES0000000000006410CCPF;10/07/2023;7;0,139;R
ES0000000000006410CCPF;10/07/2023;8;0,107;R
ES0000000000006410CCPF;10/07/2023;9;0,115;R
ES0000000000006410CCPF;10/07/2023;10;0,247;R
ES0000000000006410CCPF;10/07/2023;11;0,121;R
ES0000000000006410CCPF;10/07/2023;12;0,098;R
ES0000000000006410CCPF;10/07/2023;13;0,078;R
ES0000000000006410CCPF;10/07/2023;14;0,091;R
ES0000000000006410CCPF;10/07/2023;15;0,08;R
ES0000000000006410CCPF;10/07/2023;16;0,088;R
ES0000000000006410CCPF;10/07/2023;17;0,081;R
ES0000000000006410CCPF;10/07/2023;18;0,112;R
ES0000000000006410CCPF;10/07/2023;19;0,142;R
ES0000000000006410CCPF;10/07/2023;20;0,067;R
ES0000000000006410CCPF;10/07/2023;21;0,134;R
ES0000000000006410CCPF;10/07/2023;22;0,256;R
ES0000000000006410CCPF;10/07/2023;23;0,203;R
ES0000000000006410CCPF;11/07/2023;0;0,202;R
ES0000000000006410CCPF;11/07/2023;1;0,227;R
ES0000000000006410CCPF;11/07/2023;2;0,166;R
ES0000000000006410CCPF;11/07/2023;3;0,132;R
ES0000000000006410CCPF;11/07/2023;4;0,172;R
ES0000000000006410CCPF;11/07/2023;5;0,15;R
ES0000000000006410CCPF;11/07/2023;6;0,139;R
ES0000000000006410CCPF;11/07/2023;7;0,11;R
ES0000000000006410CCPF;11/07/2023;8;0,094;R
ES0000000000006410CCPF;11/07/2023;9;0,184;R
ES0000000000006410CCPF;11/07/2023;10;0,104;R
ES0000000000006410CCPF;11/07/2023;11;0,159;R
ES0000000000006410CCPF;11/07/2023;12;0,115;R
ES0000000000006410CCPF;11/07/2023;13;0,102;R
ES0000000000006410CCPF;11/07/2023;14;0,105;R
ES0000000000006410CCPF;11/07/2023;15;0,092;R
ES0000000000006410CCPF;11/07/2023;16;0,099;R
ES0000000000006410CCPF;11/07/2023;17;0,131;R
ES0000000000006410CCPF;11/07/2023;18;0,101;R
ES0000000000006410CCPF;11/07/2023;19;0,097;R
ES0000000000006410CCPF;11/07/2023;20;0,099;R
ES0000000000006410CCPF;11/07/2023;21;0,083;R
ES0000000000006410CCPF;11/07/2023;22;0,084;R
ES0000000000006410CCPF;11/07/2023;23;0,093;R
ES0000000000006410CCPF;12/07/2023;0;0,087;R
ES0000000000006410CCPF;12/07/2023;1;0,091;R
ES0000000000006410CCPF;12/07/2023;2;0,082;R
ES0000000000006410CCPF;12/07/2023;3;0,1;R
ES0000000000006410CCPF;12/07/2023;4;0,06;R
ES0000000000006410CCPF;12/07/2023;5;0,071;R
ES0000000000006410CCPF;12/07/2023;6;0,058;R
ES0000000000006410CCPF;12/07/2023;7;0,069;R
ES0000000000006410CCPF;12/07/2023;8;0,062;R
ES0000000000006410CCPF;12/07/2023;9;0,069;R
ES0000000000006410CCPF;12/07/2023;10;0,077;R
ES0000000000006410CCPF;12/07/2023;11;0,057;R
ES0000000000006410CCPF;12/07/2023;12;0,072;R
ES0000000000006410CCPF;12/07/2023;13;0,064;R
ES0000000000006410CCPF;12/07/2023;14;0,071;R
ES0000000000006410CCPF;12/07/2023;15;0,071;R
ES0000000000006410CCPF;12/07/2023;16;0,067;R
ES0000000000006410CCPF;12/07/2023;17;0,072;R
ES0000000000006410CCPF;12/07/2023;18;0,07;R
ES0000000000006410CCPF;12/07/2023;19;0,061;R
ES0000000000006410CCPF;12/07/2023;20;0,074;R
ES0000000000006410CCPF;12/07/2023;21;0,067;R
ES0000000000006410CCPF;12/07/2023;22;0,066;R
ES0000000000006410CCPF;12/07/2023;23;0,073;R
ES0000000000006410CCPF;13/07/2023;0;0,067;R
ES0000000000006410CCPF;13/07/2023;1;0,071;R
ES0000000000006410CCPF;13/07/2023;2;0,066;R
ES0000000000006410CCPF;13/07/2023;3;0,073;R
ES0000000000006410CCPF;13/07/2023;4;0,063;R
ES0000000000006410CCPF;13/07/2023;5;0,072;R
ES0000000000006410CCPF;13/07/2023;6;0,074;R
ES0000000000006410CCPF;13/07/2023;7;0,064;R
ES0000000000006410CCPF;13/07/2023;8;0,071;R
ES0000000000006410CCPF;13/07/2023;9;0,118;R
ES0000000000006410CCPF;13/07/2023;10;0,069;R
ES0000000000006410CCPF;13/07/2023;11;0,078;R
ES0000000000006410CCPF;13/07/2023;12;0,061;R
ES0000000000006410CCPF;13/07/2023;13;0,079;R
ES0000000000006410CCPF;13/07/2023;14;0,059;R
ES0000000000006410CCPF;13/07/2023;15;0,079;R
ES0000000000006410CCPF;13/07/2023;16;0,059;R
ES0000000000006410CCPF;13/07/2023;17;0,073;R
ES0000000000006410CCPF;13/07/2023;18;0,065;R
ES0000000000006410CCPF;13/07/2023;19;0,067;R
ES0000000000006410CCPF;13/07/2023;20;0,074;R
ES0000000000006410CCPF;13/07/2023;21;0,06;R
ES0000000000006410CCPF;13/07/2023;22;0,075;R
ES0000000000006410CCPF;13/07/2023;23;0,062;R
ES0000000000006410CCPF;14/07/2023;0;0,071;R
ES0000000000006410CCPF;14/07/2023;1;0,07;R
ES0000000000006410CCPF;14/07/2023;2;0,067;R
ES0000000000006410CCPF;14/07/2023;3;0,083;R
ES0000000000006410CCPF;14/07/2023;4;0,059;R
ES0000000000006410CCPF;14/07/2023;5;0,074;R
ES0000000000006410CCPF;14/07/2023;6;0,065;R
ES0000000000006410CCPF;14/07/2023;7;0,078;R
ES0000000000006410CCPF;14/07/2023;8;0,066;R
ES0000000000006410CCPF;14/07/2023;9;0,072;R
ES0000000000006410CCPF;14/07/2023;10;0,069;R
ES0000000000006410CCPF;14/07/2023;11;0,07;R
ES0000000000006410CCPF;14/07/2023;12;0,078;R
ES0000000000006410CCPF;14/07/2023;13;0,067;R
ES0000000000006410CCPF;14/07/2023;14;0,06;R
ES0000000000006410CCPF;14/07/2023;15;0,079;R
ES0000000000006410CCPF;14/07/2023;16;0,062;R
ES0000000000006410CCPF;14/07/2023;17;0,066;R
ES0000000000006410CCPF;14/07/2023;18;0,076;R
ES0000000000006410CCPF;14/07/2023;19;0,071;R
ES0000000000006410CCPF;14/07/2023;20;0,065;R
ES0000000000006410CCPF;14/07/2023;21;0,079;R
ES0000000000006410CCPF;14/07/2023;22;0,239;R
ES0000000000006410CCPF;14/07/2023;23;0,268;R
ES0000000000006410CCPF;15/07/2023;0;0,148;R
ES0000000000006410CCPF;15/07/2023;1;0,151;R
ES0000000000006410CCPF;15/07/2023;2;0,13;R
ES0000000000006410CCPF;15/07/2023;3;0,131;R
ES0000000000006410CCPF;15/07/2023;4;0,131;R
ES0000000000006410CCPF;15/07/2023;5;0,129;R
ES0000000000006410CCPF;15/07/2023;6;0,142;R
ES0000000000006410CCPF;15/07/2023;7;0,127;R
ES0000000000006410CCPF;15/07/2023;8;0,078;R
ES0000000000006410CCPF;15/07/2023;9;0,097;R
ES0000000000006410CCPF;15/07/2023;10;0,201;R
ES0000000000006410CCPF;15/07/2023;11;0,104;R
ES0000000000006410CCPF;15/07/2023;12;0,08;R
ES0000000000006410CCPF;15/07/2023;13;0,066;R
ES0000000000006410CCPF;15/07/2023;14;0,078;R
ES0000000000006410CCPF;15/07/2023;15;0,067;R
ES0000000000006410CCPF;15/07/2023;16;0,081;R
ES0000000000006410CCPF;15/07/2023;17;0,066;R
ES0000000000006410CCPF;15/07/2023;18;0,079;R
ES0000000000006410CCPF;15/07/2023;19;0,07;R
ES0000000000006410CCPF;15/07/2023;20;0,082;R
ES0000000000006410CCPF;15/07/2023;21;0,079;R
ES0000000000006410CCPF;15/07/2023;22;0,073;R
ES0000000000006410CCPF;15/07/2023;23;0,179;R
ES0000000000006410CCPF;16/07/2023;0;0,131;R
ES0000000000006410CCPF;16/07/2023;1;0,079;R
ES0000000000006410CCPF;16/07/2023;2;0,087;R
ES0000000000006410CCPF;16/07/2023;3;0,074;R
ES0000000000006410CCPF;16/07/2023;4;0,098;R
ES0000000000006410CCPF;16/07/2023;5;0,075;R
ES0000000000006410CCPF;16/07/2023;6;0,068;R
ES0000000000006410CCPF;16/07/2023;7;0,064;R
ES0000000000006410CCPF;16/07/2023;8;0,071;R
ES0000000000006410CCPF;16/07/2023;9;0,068;R
ES0000000000006410CCPF;16/07/2023;10;0,101;R
ES0000000000006410CCPF;16/07/2023;11;0,102;R
ES0000000000006410CCPF;16/07/2023;12;0,105;R
ES0000000000006410CCPF;16/07/2023;13;0,122;R
ES0000000000006410CCPF;16/07/2023;14;0,069;R
ES0000000000006410CCPF;16/07/2023;15;0,186;R
ES0000000000006410CCPF;16/07/2023;16;0,161;R
ES0000000000006410CCPF;16/07/2023;17;0,177;R
ES0000000000006410CCPF;16/07/2023;18;0,542;R
ES0000000000006410CCPF;16/07/2023;19;0,247;R
ES0000000000006410CCPF;16/07/2023;20;0,757;R
ES0000000000006410CCPF;16/07/2023;21;0,688;R
ES0000000000006410CCPF;16/07/2023;22;0,391;R
ES0000000000006410CCPF;16/07/2023;23;0,208;R
ES0000000000006410CCPF;17/07/2023;0;0,249;R
ES0000000000006410CCPF;17/07/2023;1;0,213;R
ES0000000000006410CCPF;17/07/2023;2;0,179;R
ES0000000000006410CCPF;17/07/2023;3;0,175;R
ES0000000000006410CCPF;17/07/2023;4;0,103;R
ES0000000000006410CCPF;17/07/2023;5;0,08;R
ES0000000000006410CCPF;17/07/2023;6;0,065;R
ES0000000000006410CCPF;17/07/2023;7;0,071;R
ES0000000000006410CCPF;17/07/2023;8;0,056;R
ES0000000000006410CCPF;17/07/2023;9;0,084;R
ES0000000000006410CCPF;17/07/2023;10;0,098;R
ES0000000000006410CCPF;17/07/2023;11;0,123;R
ES0000000000006410CCPF;17/07/2023;12;0,083;R
ES0000000000006410CCPF;17/07/2023;13;0,059;R
ES0000000000006410CCPF;17/07/2023;14;0,07;R
ES0000000000006410CCPF;17/07/2023;15;0,191;R
ES0000000000006410CCPF;17/07/2023;16;0,644;R
ES0000000000006410CCPF;17/07/2023;17;0,933;R
ES0000000000006410CCPF;17/07/2023;18;0,903;R
ES0000000000006410CCPF;17/07/2023;19;0,273;R
ES0000000000006410CCPF;17/07/2023;20;0,101;R
ES0000000000006410CCPF;17/07/2023;21;0,086;R
ES0000000000006410CCPF;17/07/2023;22;0,218;R
ES0000000000006410CCPF;17/07/2023;23;0,738;R
ES0000000000006410CCPF;18/07/2023;0;0,835;R
ES0000000000006410CCPF;18/07/2023;1;0,979;R
ES0000000000006410CCPF;18/07/2023;2;0,206;R
ES0000000000006410CCPF;18/07/2023;3;0,149;R
ES0000000000006410CCPF;18/07/2023;4;0,154;R
ES0000000000006410CCPF;18/07/2023;5;0,147;R
ES0000000000006410CCPF;18/07/2023;6;0,153;R
ES0000000000006410CCPF;18/07/2023;7;0,142;R
ES0000000000006410CCPF;18/07/2023;8;0,095;R
ES0000000000006410CCPF;18/07/2023;9;0,104;R
ES0000000000006410CCPF;18/07/2023;10;0,089;R
ES0000000000006410CCPF;18/07/2023;11;0,083;R
ES0000000000006410CCPF;18/07/2023;12;0,096;R
ES0000000000006410CCPF;18/07/2023;13;0,074;R
ES0000000000006410CCPF;18/07/2023;14;0,058;R
ES0000000000006410CCPF;18/07/2023;15;0,082;R
ES0000000000006410CCPF;18/07/2023;16;0,057;R
ES0000000000006410CCPF;18/07/2023;17;0,059;R
ES0000000000006410CCPF;18/07/2023;18;0,169;R
ES0000000000006410CCPF;18/07/2023;19;1,061;R
ES0000000000006410CCPF;18/07/2023;20;0,839;R
ES0000000000006410CCPF;18/07/2023;21;0,837;R
ES0000000000006410CCPF;18/07/2023;22;0,819;R
ES0000000000006410CCPF;18/07/2023;23;0,872;R
ES0000000000006410CCPF;19/07/2023;0;0,765;R
ES0000000000006410CCPF;19/07/2023;1;0,765;R
ES0000000000006410CCPF;19/07/2023;2;0,472;R
ES0000000000006410CCPF;19/07/2023;3;0,186;R
ES0000000000006410CCPF;19/07/2023;4;0,158;R
ES0000000000006410CCPF;19/07/2023;5;0,168;R
ES0000000000006410CCPF;19/07/2023;6;0,162;R
ES0000000000006410CCPF;19/07/2023;7;0,135;R
ES0000000000006410CCPF;19/07/2023;8;0,104;R
ES0000000000006410CCPF;19/07/2023;9;0,088;R
ES0000000000006410CCPF;19/07/2023;10;0,134;R
ES0000000000006410CCPF;19/07/2023;11;0,392;R
ES0000000000006410CCPF;19/07/2023;12;1,045;R
ES0000000000006410CCPF;19/07/2023;13;0,165;R
ES0000000000006410CCPF;19/07/2023;14;0,809;R
ES0000000000006410CCPF;19/07/2023;15;1,028;R
ES0000000000006410CCPF;19/07/2023;16;0,735;R
ES0000000000006410CCPF;19/07/2023;17;0,381;R
ES0000000000006410CCPF;19/07/2023;18;0,807;R
ES0000000000006410CCPF;19/07/2023;19;0,418;R
ES0000000000006410CCPF;19/07/2023;20;0,085;R
ES0000000000006410CCPF;19/07/2023;21;0,067;R
ES0000000000006410CCPF;19/07/2023;22;0,076;R
ES0000000000006410CCPF;19/07/2023;23;0,218;R
ES0000000000006410CCPF;20/07/2023;0;1,434;R
ES0000000000006410CCPF;20/07/2023;1;0,827;R
ES0000000000006410CCPF;20/07/2023;2;0,273;R
ES0000000000006410CCPF;20/07/2023;3;0,105;R
ES0000000000006410CCPF;20/07/2023;4;0,085;R
ES0000000000006410CCPF;20/07/2023;5;0,065;R
ES0000000000006410CCPF;20/07/2023;6;0,085;R
ES0000000000006410CCPF;20/07/2023;7;0,065;R
ES0000000000006410CCPF;20/07/2023;8;0,076;R
ES0000000000006410CCPF;20/07/2023;9;0,09;R
ES0000000000006410CCPF;20/07/2023;10;0,114;R
ES0000000000006410CCPF;20/07/2023;11;0,062;R
ES0000000000006410CCPF;20/07/2023;12;0,068;R
ES0000000000006410CCPF;20/07/2023;13;0,07;R
ES0000000000006410CCPF;20/07/2023;14;0,141;R
ES0000000000006410CCPF;20/07/2023;15;0,246;R
ES0000000000006410CCPF;20/07/2023;16;0,88;R
ES0000000000006410CCPF;20/07/2023;17;0,783;R
ES0000000000006410CCPF;20/07/2023;18;0,74;R
ES0000000000006410CCPF;20/07/2023;19;0,651;R
ES0000000000006410CCPF;20/07/2023;20;0,709;R
ES0000000000006410CCPF;20/07/2023;21;0,747;R
ES0000000000006410CCPF;20/07/2023;22;1,382;R
ES0000000000006410CCPF;20/07/2023;23;0,634;R
ES0000000000006410CCPF;21/07/2023;0;0,482;R
ES0000000000006410CCPF;21/07/2023;1;0,402;R
ES0000000000006410CCPF;21/07/2023;2;0,147;R
ES0000000000006410CCPF;21/07/2023;3;0,093;R
ES0000000000006410CCPF;21/07/2023;4;0,094;R
ES0000000000006410CCPF;21/07/2023;5;0,079;R
ES0000000000006410CCPF;21/07/2023;6;0,085;R
ES0000000000006410CCPF;21/07/2023;7;0,091;R
ES0000000000006410CCPF;21/07/2023;8;0,111;R
ES0000000000006410CCPF;21/07/2023;9;0,124;R
ES0000000000006410CCPF;21/07/2023;10;0,185;R
ES0000000000006410CCPF;21/07/2023;11;0,066;R
ES0000000000006410CCPF;21/07/2023;12;0,19;R
ES0000000000006410CCPF;21/07/2023;13;0,178;R
ES0000000000006410CCPF;21/07/2023;14;0,068;R
ES0000000000006410CCPF;21/07/2023;15;0,065;R
ES0000000000006410CCPF;21/07/2023;16;0,079;R
ES0000000000006410CCPF;21/07/2023;17;0,068;R
ES0000000000006410CCPF;21/07/2023;18;0,07;R
ES0000000000006410CCPF;21/07/2023;19;0,075;R
ES0000000000006410CCPF;21/07/2023;20;0,062;R
ES0000000000006410CCPF;21/07/2023;21;0,086;R
ES0000000000006410CCPF;21/07/2023;22;0,062;R
ES0000000000006410CCPF;21/07/2023;23;0,104;R
ES0000000000006410CCPF;22/07/2023;0;0,076;R
ES0000000000006410CCPF;22/07/2023;1;0,115;R
ES0000000000006410CCPF;22/07/2023;2;0,078;R
ES0000000000006410CCPF;22/07/2023;3;0,079;R
ES0000000000006410CCPF;22/07/2023;4;0,065;R
ES0000000000006410CCPF;22/07/2023;5;0,07;R
ES0000000000006410CCPF;22/07/2023;6;0,067;R
ES0000000000006410CCPF;22/07/2023;7;0,066;R
ES0000000000006410CCPF;22/07/2023;8;0,073;R
ES0000000000006410CCPF;22/07/2023;9;0,053;R
ES0000000000006410CCPF;22/07/2023;10;0,505;R
ES0000000000006410CCPF;22/07/2023;11;0,132;R
ES0000000000006410CCPF;22/07/2023;12;0,164;R
ES0000000000006410CCPF;22/07/2023;13;0,409;R
ES0000000000006410CCPF;22/07/2023;14;0,431;R
ES0000000000006410CCPF;22/07/2023;15;0,284;R
ES0000000000006410CCPF;22/07/2023;16;0,153;R
ES0000000000006410CCPF;22/07/2023;17;0,149;R
ES0000000000006410CCPF;22/07/2023;18;0,187;R
ES0000000000006410CCPF;22/07/2023;19;0,702;R
ES0000000000006410CCPF;22/07/2023;20;0,526;R
ES0000000000006410CCPF;22/07/2023;21;0,174;R
ES0000000000006410CCPF;22/07/2023;22;0,406;R
ES0000000000006410CCPF;22/07/2023;23;0,749;R
ES0000000000006410CCPF;23/07/2023;0;0,497;R
ES0000000000006410CCPF;23/07/2023;1;0,203;R
ES0000000000006410CCPF;23/07/2023;2;0,107;R
ES0000000000006410CCPF;23/07/2023;3;0,108;R
ES0000000000006410CCPF;23/07/2023;4;0,085;R
ES0000000000006410CCPF;23/07/2023;5;0,076;R
ES0000000000006410CCPF;23/07/2023;6;0,057;R
ES0000000000006410CCPF;23/07/2023;7;0,07;R
ES0000000000006410CCPF;23/07/2023;8;0,064;R
ES0000000000006410CCPF;23/07/2023;9;0,069;R
ES0000000000006410CCPF;23/07/2023;10;0,08;R
ES0000000000006410CCPF;23/07/2023;11;0,368;R
ES0000000000006410CCPF;23/07/2023;12;0,09;R
ES0000000000006410CCPF;23/07/2023;13;0,07;R
ES0000000000006410CCPF;23/07/2023;14;0,106;R
ES0000000000006410CCPF;23/07/2023;15;0,589;R
ES0000000000006410CCPF;23/07/2023;16;0,082;R
ES0000000000006410CCPF;23/07/2023;17;0,094;R
ES0000000000006410CCPF;23/07/2023;18;0,809;R
ES0000000000006410CCPF;23/07/2023;19;0,199;R
ES0000000000006410CCPF;23/07/2023;20;0,166;R
ES0000000000006410CCPF;23/07/2023;21;0,179;R
ES0000000000006410CCPF;23/07/2023;22;0,236;R
ES0000000000006410CCPF;23/07/2023;23;0,186;R
ES0000000000006410CCPF;24/07/2023;0;0,162;R
ES0000000000006410CCPF;24/07/2023;1;0,095;R
ES0000000000006410CCPF;24/07/2023;2;0,072;R
ES0000000000006410CCPF;24/07/2023;3;0,066;R
ES0000000000006410CCPF;24/07/2023;4;0,079;R
ES0000000000006410CCPF;24/07/2023;5;0,062;R
ES0000000000006410CCPF;24/07/2023;6;0,07;R
ES0000000000006410CCPF;24/07/2023;7;0,073;R
ES0000000000006410CCPF;24/07/2023;8;0,059;R
ES0000000000006410CCPF;24/07/2023;9;0,105;R
ES0000000000006410CCPF;24/07/2023;10;0,059;R
ES0000000000006410CCPF;24/07/2023;11;0,137;R
ES0000000000006410CCPF;24/07/2023;12;0,134;R
ES0000000000006410CCPF;24/07/2023;13;0,13;R
ES0000000000006410CCPF;24/07/2023;14;0,077;R
ES0000000000006410CCPF;24/07/2023;15;0,472;R
ES0000000000006410CCPF;24/07/2023;16;0,213;R
ES0000000000006410CCPF;24/07/2023;17;0,16;R
ES0000000000006410CCPF;24/07/2023;18;0,611;R
ES0000000000006410CCPF;24/07/2023;19;0,17;R
ES0000000000006410CCPF;24/07/2023;20;0,079;R
ES0000000000006410CCPF;24/07/2023;21;0,075;R
ES0000000000006410CCPF;24/07/2023;22;0,117;R
ES0000000000006410CCPF;24/07/2023;23;0,523;R
ES0000000000006410CCPF;25/07/2023;0;0,272;R
ES0000000000006410CCPF;25/07/2023;1;0,219;R
ES0000000000006410CCPF;25/07/2023;2;0,092;R
ES0000000000006410CCPF;25/07/2023;3;0,096;R
ES0000000000006410CCPF;25/07/2023;4;0,138;R
ES0000000000006410CCPF;25/07/2023;5;0,099;R
ES0000000000006410CCPF;25/07/2023;6;0,086;R
ES0000000000006410CCPF;25/07/2023;7;0,093;R
ES0000000000006410CCPF;25/07/2023;8;0,092;R
ES0000000000006410CCPF;25/07/2023;9;0,197;R
ES0000000000006410CCPF;25/07/2023;10;0,159;R
ES0000000000006410CCPF;25/07/2023;11;0,156;R
ES0000000000006410CCPF;25/07/2023;12;0,093;R
ES0000000000006410CCPF;25/07/2023;13;0,102;R
ES0000000000006410CCPF;25/07/2023;14;0,078;R
ES0000000000006410CCPF;25/07/2023;15;0,185;R
ES0000000000006410CCPF;25/07/2023;16;0,227;R
ES0000000000006410CCPF;25/07/2023;17;0,137;R
ES0000000000006410CCPF;25/07/2023;18;0,075;R
ES0000000000006410CCPF;25/07/2023;19;0,066;R
ES0000000000006410CCPF;25/07/2023;20;0,067;R
ES0000000000006410CCPF;25/07/2023;21;0,054;R
ES0000000000006410CCPF;25/07/2023;22;0,156;R
ES0000000000006410CCPF;25/07/2023;23;0,294;R
ES0000000000006410CCPF;26/07/2023;0;0,382;R
ES0000000000006410CCPF;26/07/2023;1;0,085;R
ES0000000000006410CCPF;26/07/2023;2;0,075;R
ES0000000000006410CCPF;26/07/2023;3;0,084;R
ES0000000000006410CCPF;26/07/2023;4;0,082;R
ES0000000000006410CCPF;26/07/2023;5;0,061;R
ES0000000000006410CCPF;26/07/2023;6;0,072;R
ES0000000000006410CCPF;26/07/2023;7;0,077;R
ES0000000000006410CCPF;26/07/2023;8;0,063;R
ES0000000000006410CCPF;26/07/2023;9;0,07;R
ES0000000000006410CCPF;26/07/2023;10;0,11;R
ES0000000000006410CCPF;26/07/2023;11;0,158;R
ES0000000000006410CCPF;26/07/2023;12;0,073;R
ES0000000000006410CCPF;26/07/2023;13;0,078;R
ES0000000000006410CCPF;26/07/2023;14;0,075;R
ES0000000000006410CCPF;26/07/2023;15;0,774;R
ES0000000000006410CCPF;26/07/2023;16;0,062;R
ES0000000000006410CCPF;26/07/2023;17;1,481;R
ES0000000000006410CCPF;26/07/2023;18;2,791;R
ES0000000000006410CCPF;26/07/2023;19;0,291;R
ES0000000000006410CCPF;26/07/2023;20;0,132;R
ES0000000000006410CCPF;26/07/2023;21;0,132;R
ES0000000000006410CCPF;26/07/2023;22;0,349;R
ES0000000000006410CCPF;26/07/2023;23;0,234;R
ES0000000000006410CCPF;27/07/2023;0;0,124;R
ES0000000000006410CCPF;27/07/2023;1;0,08;R
ES0000000000006410CCPF;27/07/2023;2;0,091;R
ES0000000000006410CCPF;27/07/2023;3;0,059;R
ES0000000000006410CCPF;27/07/2023;4;0,083;R
ES0000000000006410CCPF;27/07/2023;5;0,07;R
ES0000000000006410CCPF;27/07/2023;6;0,089;R
ES0000000000006410CCPF;27/07/2023;7;0,063;R
ES0000000000006410CCPF;27/07/2023;8;0,079;R
ES0000000000006410CCPF;27/07/2023;9;0,065;R
ES0000000000006410CCPF;27/07/2023;10;0,172;R
ES0000000000006410CCPF;27/07/2023;11;0,157;R
ES0000000000006410CCPF;27/07/2023;12;0,088;R
ES0000000000006410CCPF;27/07/2023;13;0,107;R
ES0000000000006410CCPF;27/07/2023;14;0,347;R
ES0000000000006410CCPF;27/07/2023;15;0,375;R
ES0000000000006410CCPF;27/07/2023;16;0,454;R
ES0000000000006410CCPF;27/07/2023;17;0,236;R
ES0000000000006410CCPF;27/07/2023;18;0,374;R
ES0000000000006410CCPF;27/07/2023;19;0,194;R
ES0000000000006410CCPF;27/07/2023;20;0,099;R
ES0000000000006410CCPF;27/07/2023;21;0,092;R
ES0000000000006410CCPF;27/07/2023;22;0,471;R
ES0000000000006410CCPF;27/07/2023;23;0,323;R
ES0000000000006410CCPF;28/07/2023;0;0,18;R
ES0000000000006410CCPF;28/07/2023;1;0,141;R
ES0000000000006410CCPF;28/07/2023;2;0,146;R
ES0000000000006410CCPF;28/07/2023;3;0,101;R
ES0000000000006410CCPF;28/07/2023;4;0,098;R
ES0000000000006410CCPF;28/07/2023;5;0,084;R
ES0000000000006410CCPF;28/07/2023;6;0,101;R
ES0000000000006410CCPF;28/07/2023;7;0,089;R
ES0000000000006410CCPF;28/07/2023;8;0,085;R
ES0000000000006410CCPF;28/07/2023;9;0,117;R
ES0000000000006410CCPF;28/07/2023;10;0,212;R
ES0000000000006410CCPF;28/07/2023;11;0,138;R
ES0000000000006410CCPF;28/07/2023;12;0,057;R
ES0000000000006410CCPF;28/07/2023;13;0,075;R
ES0000000000006410CCPF;28/07/2023;14;0,097;R
ES0000000000006410CCPF;28/07/2023;15;0,309;R
ES0000000000006410CCPF;28/07/2023;16;0,401;R
ES0000000000006410CCPF;28/07/2023;17;0,388;R
ES0000000000006410CCPF;28/07/2023;18;0,234;R
ES0000000000006410CCPF;28/07/2023;19;0,065;R
ES0000000000006410CCPF;28/07/2023;20;0,063;R
ES0000000000006410CCPF;28/07/2023;21;0,07;R
ES0000000000006410CCPF;28/07/2023;22;0,102;R
ES0000000000006410CCPF;28/07/2023;23;0,234;R
ES0000000000006410CCPF;29/07/2023;0;0,132;R
ES0000000000006410CCPF;29/07/2023;1;0,082;R
ES0000000000006410CCPF;29/07/2023;2;0,079;R
ES0000000000006410CCPF;29/07/2023;3;0,09;R
ES0000000000006410CCPF;29/07/2023;4;0,075;R
ES0000000000006410CCPF;29/07/2023;5;0,073;R
ES0000000000006410CCPF;29/07/2023;6;0,061;R
ES0000000000006410CCPF;29/07/2023;7;0,074;R
ES0000000000006410CCPF;29/07/2023;8;0,071;R
ES0000000000006410CCPF;29/07/2023;9;0,06;R
ES0000000000006410CCPF;29/07/2023;10;0,077;R
ES0000000000006410CCPF;29/07/2023;11;0,179;R
ES0000000000006410CCPF;29/07/2023;12;0,171;R
ES0000000000006410CCPF;29/07/2023;13;0,917;R
ES0000000000006410CCPF;29/07/2023;14;1,061;R
ES0000000000006410CCPF;29/07/2023;15;0,181;R
ES0000000000006410CCPF;29/07/2023;16;1,314;R
ES0000000000006410CCPF;29/07/2023;17;1,037;R
ES0000000000006410CCPF;29/07/2023;18;0,813;R
ES0000000000006410CCPF;29/07/2023;19;0,717;R
ES0000000000006410CCPF;29/07/2023;20;0,707;R
ES0000000000006410CCPF;29/07/2023;21;0,356;R
ES0000000000006410CCPF;29/07/2023;22;0,637;R
ES0000000000006410CCPF;29/07/2023;23;1,25;R
ES0000000000006410CCPF;30/07/2023;0;0,831;R
ES0000000000006410CCPF;30/07/2023;1;0,447;R
ES0000000000006410CCPF;30/07/2023;2;0,389;R
ES0000000000006410CCPF;30/07/2023;3;0,374;R
ES0000000000006410CCPF;30/07/2023;4;0,391;R
ES0000000000006410CCPF;30/07/2023;5;0,243;R
ES0000000000006410CCPF;30/07/2023;6;0,108;R
ES0000000000006410CCPF;30/07/2023;7;0,096;R
ES0000000000006410CCPF;30/07/2023;8;0,072;R
ES0000000000006410CCPF;30/07/2023;9;0,136;R
ES0000000000006410CCPF;30/07/2023;10;0,163;R
ES0000000000006410CCPF;30/07/2023;11;0,122;R
ES0000000000006410CCPF;30/07/2023;12;0,068;R
ES0000000000006410CCPF;30/07/2023;13;0,077;R
ES0000000000006410CCPF;30/07/2023;14;0,132;R
ES0000000000006410CCPF;30/07/2023;15;0,356;R
ES0000000000006410CCPF;30/07/2023;16;0,547;R
ES0000000000006410CCPF;30/07/2023;17;0,767;R
ES0000000000006410CCPF;30/07/2023;18;0,723;R
ES0000000000006410CCPF;30/07/2023;19;0,807;R
ES0000000000006410CCPF;30/07/2023;20;1,418;R
ES0000000000006410CCPF;30/07/2023;21;0,856;R
ES0000000000006410CCPF;30/07/2023;22;0,656;R
ES0000000000006410CCPF;30/07/2023;23;0,73;R
ES0000000000006410CCPF;31/07/2023;0;0,616;R
ES0000000000006410CCPF;31/07/2023;1;0,366;R
ES0000000000006410CCPF;31/07/2023;2;0,069;R
ES0000000000006410CCPF;31/07/2023;3;0,077;R
ES0000000000006410CCPF;31/07/2023;4;0,075;R
ES0000000000006410CCPF;31/07/2023;5;0,071;R
ES0000000000006410CCPF;31/07/2023;6;0,08;R
ES0000000000006410CCPF;31/07/2023;7;0,062;R
ES0000000000006410CCPF;31/07/2023;8;0,073;R
ES0000000000006410CCPF;31/07/2023;9;0,103;R
ES0000000000006410CCPF;31/07/2023;10;0,103;R
ES0000000000006410CCPF;31/07/2023;11;0,142;R
ES0000000000006410CCPF;31/07/2023;12;0,112;R
ES0000000000006410CCPF;31/07/2023;13;0,195;R
ES0000000000006410CCPF;31/07/2023;14;0,594;R
ES0000000000006410CCPF;31/07/2023;15;0,73;R
ES0000000000006410CCPF;31/07/2023;16;0,77;R
ES0000000000006410CCPF;31/07/2023;17;0,693;R
ES0000000000006410CCPF;31/07/2023;18;0,745;R
ES0000000000006410CCPF;31/07/2023;19;0,804;R
ES0000000000006410CCPF;31/07/2023;20;0,704;R
ES0000000000006410CCPF;31/07/2023;21;0,616;R
ES0000000000006410CCPF;31/07/2023;22;1,004;R
ES0000000000006410CCPF;31/07/2023;23;0,727;R
ES0000000000006410CCPF;01/08/2023;0;0,398;R
ES0000000000006410CCPF;01/08/2023;1;0,349;R
ES0000000000006410CCPF;01/08/2023;2;0,299;R
ES0000000000006410CCPF;01/08/2023;3;0,267;R
ES0000000000006410CCPF;01/08/2023;4;0,249;R
ES0000000000006410CCPF;01/08/2023;5;0,239;R
ES0000000000006410CCPF;01/08/2023;6;0,236;R
ES0000000000006410CCPF;01/08/2023;7;0,243;R
ES0000000000006410CCPF;01/08/2023;8;0,249;R
ES0000000000006410CCPF;01/08/2023;9;0,444;R
ES0000000000006410CCPF;01/08/2023;10;0,507;R
ES0000000000006410CCPF;01/08/2023;11;0,266;R
ES0000000000006410CCPF;01/08/2023;12;0,276;R
ES0000000000006410CCPF;01/08/2023;13;0,289;R
ES0000000000006410CCPF;01/08/2023;14;0,312;R
ES0000000000006410CCPF;01/08/2023;15;0,665;R
ES0000000000006410CCPF;01/08/2023;16;0,644;R
ES0000000000006410CCPF;01/08/2023;17;0,634;R
ES0000000000006410CCPF;01/08/2023;18;0,641;R
ES0000000000006410CCPF;01/08/2023;19;0,311;R
ES0000000000006410CCPF;01/08/2023;20;0,309;R
ES0000000000006410CCPF;01/08/2023;21;0,315;R
ES0000000000006410CCPF;01/08/2023;22;0,351;R
ES0000000000006410CCPF;01/08/2023;23;0,739;R
ES0000000000006410CCPF;02/08/2023;0;0,656;R
ES0000000000006410CCPF;02/08/2023;1;0,255;R
ES0000000000006410CCPF;02/08/2023;2;0,233;R
ES0000000000006410CCPF;02/08/2023;3;0,234;R
ES0000000000006410CCPF;02/08/2023;4;0,125;R
ES0000000000006410CCPF;02/08/2023;5;0,098;R
ES0000000000006410CCPF;02/08/2023;6;0,094;R
ES0000000000006410CCPF;02/08/2023;7;0,079;R
ES0000000000006410CCPF;02/08/2023;8;0,096;R
ES0000000000006410CCPF;02/08/2023;9;0,099;R
ES0000000000006410CCPF;02/08/2023;10;0,108;R
ES0000000000006410CCPF;02/08/2023;11;0,169;R
ES0000000000006410CCPF;02/08/2023;12;0,099;R
ES0000000000006410CCPF;02/08/2023;13;0,085;R
ES0000000000006410CCPF;02/08/2023;14;0,97;R
ES0000000000006410CCPF;02/08/2023;15;1,703;R
ES0000000000006410CCPF;02/08/2023;16;0,487;R
ES0000000000006410CCPF;02/08/2023;17;0,88;R
ES0000000000006410CCPF;02/08/2023;18;0,735;R
ES0000000000006410CCPF;02/08/2023;19;0,584;R
ES0000000000006410CCPF;02/08/2023;20;0,522;R
ES0000000000006410CCPF;02/08/2023;21;0,757;R
ES0000000000006410CCPF;02/08/2023;22;0,621;R
ES0000000000006410CCPF;02/08/2023;23;0,59;R
ES0000000000006410CCPF;03/08/2023;0;0,325;R
ES0000000000006410CCPF;03/08/2023;1;0,272;R
ES0000000000006410CCPF;03/08/2023;2;0,083;R
ES0000000000006410CCPF;03/08/2023;3;0,091;R
ES0000000000006410CCPF;03/08/2023;4;0,07;R
ES0000000000006410CCPF;03/08/2023;5;0,077;R
ES0000000000006410CCPF;03/08/2023;6;0,078;R
ES0000000000006410CCPF;03/08/2023;7;0,069;R
ES0000000000006410CCPF;03/08/2023;8;0,068;R
ES0000000000006410CCPF;03/08/2023;9;0,113;R
ES0000000000006410CCPF;03/08/2023;10;0,139;R
ES0000000000006410CCPF;03/08/2023;11;0,176;R
ES0000000000006410CCPF;03/08/2023;12;0,529;R
ES0000000000006410CCPF;03/08/2023;13;0,143;R
ES0000000000006410CCPF;03/08/2023;14;0,092;R
ES0000000000006410CCPF;03/08/2023;15;0,83;R
ES0000000000006410CCPF;03/08/2023;16;0,734;R
ES0000000000006410CCPF;03/08/2023;17;0,582;R
ES0000000000006410CCPF;03/08/2023;18;0,443;R
ES0000000000006410CCPF;03/08/2023;19;0,499;R
ES0000000000006410CCPF;03/08/2023;20;0,543;R
ES0000000000006410CCPF;03/08/2023;21;0,488;R
ES0000000000006410CCPF;03/08/2023;22;0,206;R
ES0000000000006410CCPF;03/08/2023;23;0,182;R
ES0000000000006410CCPF;04/08/2023;0;0,223;R
ES0000000000006410CCPF;04/08/2023;1;0,07;R
ES0000000000006410CCPF;04/08/2023;2;0,11;R
ES0000000000006410CCPF;04/08/2023;3;0,089;R
ES0000000000006410CCPF;04/08/2023;4;0,11;R
ES0000000000006410CCPF;04/08/2023;5;0,095;R
ES0000000000006410CCPF;04/08/2023;6;0,056;R
ES0000000000006410CCPF;04/08/2023;7;0,068;R
ES0000000000006410CCPF;04/08/2023;8;0,057;R
ES0000000000006410CCPF;04/08/2023;9;0,084;R
ES0000000000006410CCPF;04/08/2023;10;0,097;R
ES0000000000006410CCPF;04/08/2023;11;0,161;R
ES0000000000006410CCPF;04/08/2023;12;0,075;R
ES0000000000006410CCPF;04/08/2023;13;0,088;R
ES0000000000006410CCPF;04/08/2023;14;0,116;R
ES0000000000006410CCPF;04/08/2023;15;0,291;R
ES0000000000006410CCPF;04/08/2023;16;0,231;R
ES0000000000006410CCPF;04/08/2023;17;0,352;R
ES0000000000006410CCPF;04/08/2023;18;0,32;R
ES0000000000006410CCPF;04/08/2023;19;0,265;R
ES0000000000006410CCPF;04/08/2023;20;0,129;R
ES0000000000006410CCPF;04/08/2023;21;0,092;R
ES0000000000006410CCPF;04/08/2023;22;0,093;R
ES0000000000006410CCPF;04/08/2023;23;0,091;R
ES0000000000006410CCPF;05/08/2023;0;0,144;R
ES0000000000006410CCPF;05/08/2023;1;0,13;R
ES0000000000006410CCPF;05/08/2023;2;0,084;R
ES0000000000006410CCPF;05/08/2023;3;0,087;R
ES0000000000006410CCPF;05/08/2023;4;0,078;R
ES0000000000006410CCPF;05/08/2023;5;0,094;R
ES0000000000006410CCPF;05/08/2023;6;0,086;R
ES0000000000006410CCPF;05/08/2023;7;0,054;R
ES0000000000006410CCPF;05/08/2023;8;0,073;R
ES0000000000006410CCPF;05/08/2023;9;0,05;R
ES0000000000006410CCPF;05/08/2023;10;0,226;R
ES0000000000006410CCPF;05/08/2023;11;0,239;R
ES0000000000006410CCPF;05/08/2023;12;0,269;R
ES0000000000006410CCPF;05/08/2023;13;0,204;R
ES0000000000006410CCPF;05/08/2023;14;0,202;R
ES0000000000006410CCPF;05/08/2023;15;0,321;R
ES0000000000006410CCPF;05/08/2023;16;0,653;R
ES0000000000006410CCPF;05/08/2023;17;0,258;R
ES0000000000006410CCPF;05/08/2023;18;0,306;R
ES0000000000006410CCPF;05/08/2023;19;0,146;R
ES0000000000006410CCPF;05/08/2023;20;0,492;R
ES0000000000006410CCPF;05/08/2023;21;1,017;R
ES0000000000006410CCPF;05/08/2023;22;0,775;R
ES0000000000006410CCPF;05/08/2023;23;0,452;R
ES0000000000006410CCPF;06/08/2023;0;0,209;R
ES0000000000006410CCPF;06/08/2023;1;0,184;R
ES0000000000006410CCPF;06/08/2023;2;0,132;R
ES0000000000006410CCPF;06/08/2023;3;0,126;R
ES0000000000006410CCPF;06/08/2023;4;0,092;R
ES0000000000006410CCPF;06/08/2023;5;0,068;R
ES0000000000006410CCPF;06/08/2023;6;0,069;R
ES0000000000006410CCPF;06/08/2023;7;0,074;R
ES0000000000006410CCPF;06/08/2023;8;0,062;R
ES0000000000006410CCPF;06/08/2023;9;0,06;R
ES0000000000006410CCPF;06/08/2023;10;0,083;R
ES0000000000006410CCPF;06/08/2023;11;0,579;R
ES0000000000006410CCPF;06/08/2023;12;0,377;R
ES0000000000006410CCPF;06/08/2023;13;0,099;R
ES0000000000006410CCPF;06/08/2023;14;0,689;R
ES0000000000006410CCPF;06/08/2023;15;0,405;R
ES0000000000006410CCPF;06/08/2023;16;0,352;R
ES0000000000006410CCPF;06/08/2023;17;0,374;R
ES0000000000006410CCPF;06/08/2023;18;0,282;R
ES0000000000006410CCPF;06/08/2023;19;0,776;R
ES0000000000006410CCPF;06/08/2023;20;0,585;R
ES0000000000006410CCPF;06/08/2023;21;0,349;R
ES0000000000006410CCPF;06/08/2023;22;0,33;R
ES0000000000006410CCPF;06/08/2023;23;0,257;R
ES0000000000006410CCPF;07/08/2023;0;0,205;R
ES0000000000006410CCPF;07/08/2023;1;0,099;R
ES0000000000006410CCPF;07/08/2023;2;0,103;R
ES0000000000006410CCPF;07/08/2023;3;0,095;R
ES0000000000006410CCPF;07/08/2023;4;0,095;R
ES0000000000006410CCPF;07/08/2023;5;0,091;R
ES0000000000006410CCPF;07/08/2023;6;0,097;R
ES0000000000006410CCPF;07/08/2023;7;0,078;R
ES0000000000006410CCPF;07/08/2023;8;0,128;R
ES0000000000006410CCPF;07/08/2023;9;0,077;R
ES0000000000006410CCPF;07/08/2023;10;0,087;R
ES0000000000006410CCPF;07/08/2023;11;0,158;R
ES0000000000006410CCPF;07/08/2023;12;0,133;R
ES0000000000006410CCPF;07/08/2023;13;0,112;R
ES0000000000006410CCPF;07/08/2023;14;0,104;R
ES0000000000006410CCPF;07/08/2023;15;0,59;R
ES0000000000006410CCPF;07/08/2023;16;0,751;R
ES0000000000006410CCPF;07/08/2023;17;0,19;R
ES0000000000006410CCPF;07/08/2023;18;0,25;R
ES0000000000006410CCPF;07/08/2023;19;0,184;R
ES0000000000006410CCPF;07/08/2023;20;0,138;R
ES0000000000006410CCPF;07/08/2023;21;0,182;R
ES0000000000006410CCPF;07/08/2023;22;0,115;R
ES0000000000006410CCPF;07/08/2023;23;0,187;R
ES0000000000006410CCPF;08/08/2023;0;0,422;R
ES0000000000006410CCPF;08/08/2023;1;0,21;R
ES0000000000006410CCPF;08/08/2023;2;0,182;R
ES0000000000006410CCPF;08/08/2023;3;0,159;R
ES0000000000006410CCPF;08/08/2023;4;0,16;R
ES0000000000006410CCPF;08/08/2023;5;0,137;R
ES0000000000006410CCPF;08/08/2023;6;0,129;R
ES0000000000006410CCPF;08/08/2023;7;0,127;R
ES0000000000006410CCPF;08/08/2023;8;0,086;R
ES0000000000006410CCPF;08/08/2023;9;0,076;R
ES0000000000006410CCPF;08/08/2023;10;0,077;R
ES0000000000006410CCPF;08/08/2023;11;0,304;R
ES0000000000006410CCPF;08/08/2023;12;0,192;R
ES0000000000006410CCPF;08/08/2023;13;0,115;R
ES0000000000006410CCPF;08/08/2023;14;0,147;R
ES0000000000006410CCPF;08/08/2023;15;0,188;R
ES0000000000006410CCPF;08/08/2023;16;0,176;R
ES0000000000006410CCPF;08/08/2023;17;0,18;R
ES0000000000006410CCPF;08/08/2023;18;0,104;R
ES0000000000006410CCPF;08/08/2023;19;0,099;R
ES0000000000006410CCPF;08/08/2023;20;0,145;R
ES0000000000006410CCPF;08/08/2023;21;0,214;R
ES0000000000006410CCPF;08/08/2023;22;1,155;R
ES0000000000006410CCPF;08/08/2023;23;0,884;R
ES0000000000006410CCPF;09/08/2023;0;0,646;R
ES0000000000006410CCPF;09/08/2023;1;0,209;R
ES0000000000006410CCPF;09/08/2023;2;0,161;R
ES0000000000006410CCPF;09/08/2023;3;0,169;R
ES0000000000006410CCPF;09/08/2023;4;0,207;R
ES0000000000006410CCPF;09/08/2023;5;0,127;R
ES0000000000006410CCPF;09/08/2023;6;0,084;R
ES0000000000006410CCPF;09/08/2023;7;0,113;R
ES0000000000006410CCPF;09/08/2023;8;0,111;R
ES0000000000006410CCPF;09/08/2023;9;0,224;R
ES0000000000006410CCPF;09/08/2023;10;0,08;R
ES0000000000006410CCPF;09/08/2023;11;0,117;R
ES0000000000006410CCPF;09/08/2023;12;0,117;R
ES0000000000006410CCPF;09/08/2023;13;0,119;R
ES0000000000006410CCPF;09/08/2023;14;0,836;R
ES0000000000006410CCPF;09/08/2023;15;0,876;R
ES0000000000006410CCPF;09/08/2023;16;1,279;R
ES0000000000006410CCPF;09/08/2023;17;0,886;R
ES0000000000006410CCPF;09/08/2023;18;0,814;R
ES0000000000006410CCPF;09/08/2023;19;0,875;R
ES0000000000006410CCPF;09/08/2023;20;0,692;R
ES0000000000006410CCPF;09/08/2023;21;0,341;R
ES0000000000006410CCPF;09/08/2023;22;0,519;R
ES0000000000006410CCPF;09/08/2023;23;0,399;R
ES0000000000006410CCPF;10/08/2023;0;0,922;R
ES0000000000006410CCPF;10/08/2023;1;0,96;R
ES0000000000006410CCPF;10/08/2023;2;0,656;R
ES0000000000006410CCPF;10/08/2023;3;0,188;R
ES0000000000006410CCPF;10/08/2023;4;0,174;R
ES0000000000006410CCPF;10/08/2023;5;0,161;R
ES0000000000006410CCPF;10/08/2023;6;0,152;R
ES0000000000006410CCPF;10/08/2023;7;0,119;R
ES0000000000006410CCPF;10/08/2023;8;0,078;R
ES0000000000006410CCPF;10/08/2023;9;0,096;R
ES0000000000006410CCPF;10/08/2023;10;0,077;R
ES0000000000006410CCPF;10/08/2023;11;0,091;R
ES0000000000006410CCPF;10/08/2023;12;0,247;R
ES0000000000006410CCPF;10/08/2023;13;0,508;R
ES0000000000006410CCPF;10/08/2023;14;0,401;R
ES0000000000006410CCPF;10/08/2023;15;1,487;R
ES0000000000006410CCPF;10/08/2023;16;0,879;R
ES0000000000006410CCPF;10/08/2023;17;0,244;R
ES0000000000006410CCPF;10/08/2023;18;0,175;R
ES0000000000006410CCPF;10/08/2023;19;0,198;R
ES0000000000006410CCPF;10/08/2023;20;0,114;R
ES0000000000006410CCPF;10/08/2023;21;0,132;R
ES0000000000006410CCPF;10/08/2023;22;1,054;R
ES0000000000006410CCPF;10/08/2023;23;0,262;R
ES0000000000006410CCPF;11/08/2023;0;0,244;R
ES0000000000006410CCPF;11/08/2023;1;0,264;R
ES0000000000006410CCPF;11/08/2023;2;0,182;R
ES0000000000006410CCPF;11/08/2023;3;0,148;R
ES0000000000006410CCPF;11/08/2023;4;0,152;R
ES0000000000006410CCPF;11/08/2023;5;0,095;R
ES0000000000006410CCPF;11/08/2023;6;0,078;R
ES0000000000006410CCPF;11/08/2023;7;0,078;R
ES0000000000006410CCPF;11/08/2023;8;0,06;R
ES0000000000006410CCPF;11/08/2023;9;0,111;R
ES0000000000006410CCPF;11/08/2023;10;0,154;R
ES0000000000006410CCPF;11/08/2023;11;0,064;R
ES0000000000006410CCPF;11/08/2023;12;0,074;R
ES0000000000006410CCPF;11/08/2023;13;0,336;R
ES0000000000006410CCPF;11/08/2023;14;0,282;R
ES0000000000006410CCPF;11/08/2023;15;0,997;R
ES0000000000006410CCPF;11/08/2023;16;0,854;R
ES0000000000006410CCPF;11/08/2023;17;1,047;R
ES0000000000006410CCPF;11/08/2023;18;1,102;R
ES0000000000006410CCPF;11/08/2023;19;1,074;R
ES0000000000006410CCPF;11/08/2023;20;1,066;R
ES0000000000006410CCPF;11/08/2023;21;0,905;R
ES0000000000006410CCPF;11/08/2023;22;1,038;R
ES0000000000006410CCPF;11/08/2023;23;1,446;R
ES0000000000006410CCPF;12/08/2023;0;0,563;R
ES0000000000006410CCPF;12/08/2023;1;0,159;R
ES0000000000006410CCPF;12/08/2023;2;0,144;R
ES0000000000006410CCPF;12/08/2023;3;0,156;R
ES0000000000006410CCPF;12/08/2023;4;0,149;R
ES0000000000006410CCPF;12/08/2023;5;0,136;R
ES0000000000006410CCPF;12/08/2023;6;0,158;R
ES0000000000006410CCPF;12/08/2023;7;0,122;R
ES0000000000006410CCPF;12/08/2023;8;0,075;R
ES0000000000006410CCPF;12/08/2023;9;0,073;R
ES0000000000006410CCPF;12/08/2023;10;0,069;R
ES0000000000006410CCPF;12/08/2023;11;0,099;R
ES0000000000006410CCPF;12/08/2023;12;0,287;R
ES0000000000006410CCPF;12/08/2023;13;0,279;R
ES0000000000006410CCPF;12/08/2023;14;0,176;R
ES0000000000006410CCPF;12/08/2023;15;1,035;R
ES0000000000006410CCPF;12/08/2023;16;0,971;R
ES0000000000006410CCPF;12/08/2023;17;1,287;R
ES0000000000006410CCPF;12/08/2023;18;1,212;R
ES0000000000006410CCPF;12/08/2023;19;0,941;R
ES0000000000006410CCPF;12/08/2023;20;0,678;R
ES0000000000006410CCPF;12/08/2023;21;0,223;R
ES0000000000006410CCPF;12/08/2023;22;0,696;R
ES0000000000006410CCPF;12/08/2023;23;1,025;R
ES0000000000006410CCPF;13/08/2023;0;1,22;R
ES0000000000006410CCPF;13/08/2023;1;0,889;R
ES0000000000006410CCPF;13/08/2023;2;0,218;R
ES0000000000006410CCPF;13/08/2023;3;0,177;R
ES0000000000006410CCPF;13/08/2023;4;0,145;R
ES0000000000006410CCPF;13/08/2023;5;0,148;R
ES0000000000006410CCPF;13/08/2023;6;0,13;R
ES0000000000006410CCPF;13/08/2023;7;0,089;R
ES0000000000006410CCPF;13/08/2023;8;0,075;R
ES0000000000006410CCPF;13/08/2023;9;0,08;R
ES0000000000006410CCPF;13/08/2023;10;0,141;R
ES0000000000006410CCPF;13/08/2023;11;0,164;R
ES0000000000006410CCPF;13/08/2023;12;0,166;R
ES0000000000006410CCPF;13/08/2023;13;0,084;R
ES0000000000006410CCPF;13/08/2023;14;0,068;R
ES0000000000006410CCPF;13/08/2023;15;0,076;R
ES0000000000006410CCPF;13/08/2023;16;0,152;R
ES0000000000006410CCPF;13/08/2023;17;0,963;R
ES0000000000006410CCPF;13/08/2023;18;0,932;R
ES0000000000006410CCPF;13/08/2023;19;1,047;R
ES0000000000006410CCPF;13/08/2023;20;0,643;R
ES0000000000006410CCPF;13/08/2023;21;0,385;R
ES0000000000006410CCPF;13/08/2023;22;0,755;R
ES0000000000006410CCPF;13/08/2023;23;0,644;R
ES0000000000006410CCPF;14/08/2023;0;0,26;R
ES0000000000006410CCPF;14/08/2023;1;0,096;R
ES0000000000006410CCPF;14/08/2023;2;0,082;R
ES0000000000006410CCPF;14/08/2023;3;0,065;R
ES0000000000006410CCPF;14/08/2023;4;0,079;R
ES0000000000006410CCPF;14/08/2023;5;0,069;R
ES0000000000006410CCPF;14/08/2023;6;0,067;R
ES0000000000006410CCPF;14/08/2023;7;0,064;R
ES0000000000006410CCPF;14/08/2023;8;0,08;R
ES0000000000006410CCPF;14/08/2023;9;0,176;R
ES0000000000006410CCPF;14/08/2023;10;0,095;R
ES0000000000006410CCPF;14/08/2023;11;0,108;R
ES0000000000006410CCPF;14/08/2023;12;0,11;R
ES0000000000006410CCPF;14/08/2023;13;0,101;R
ES0000000000006410CCPF;14/08/2023;14;1,047;R
ES0000000000006410CCPF;14/08/2023;15;0,896;R
ES0000000000006410CCPF;14/08/2023;16;0,696;R
ES0000000000006410CCPF;14/08/2023;17;0,861;R
ES0000000000006410CCPF;14/08/2023;18;0,849;R
ES0000000000006410CCPF;14/08/2023;19;0,412;R
ES0000000000006410CCPF;14/08/2023;20;0,127;R
ES0000000000006410CCPF;14/08/2023;21;0,094;R
ES0000000000006410CCPF;14/08/2023;22;0,085;R
ES0000000000006410CCPF;14/08/2023;23;0,106;R
ES0000000000006410CCPF;15/08/2023;0;0,096;R
ES0000000000006410CCPF;15/08/2023;1;0,092;R
ES0000000000006410CCPF;15/08/2023;2;0,129;R
ES0000000000006410CCPF;15/08/2023;3;0,104;R
ES0000000000006410CCPF;15/08/2023;4;0,101;R
ES0000000000006410CCPF;15/08/2023;5;0,082;R
ES0000000000006410CCPF;15/08/2023;6;0,091;R
ES0000000000006410CCPF;15/08/2023;7;0,097;R
ES0000000000006410CCPF;15/08/2023;8;0,064;R
ES0000000000006410CCPF;15/08/2023;9;0,065;R
ES0000000000006410CCPF;15/08/2023;10;0,137;R
ES0000000000006410CCPF;15/08/2023;11;0,185;R
ES0000000000006410CCPF;15/08/2023;12;0,152;R
ES0000000000006410CCPF;15/08/2023;13;0,1;R
ES0000000000006410CCPF;15/08/2023;14;0,238;R
ES0000000000006410CCPF;15/08/2023;15;0,968;R
ES0000000000006410CCPF;15/08/2023;16;0,437;R
ES0000000000006410CCPF;15/08/2023;17;0,783;R
ES0000000000006410CCPF;15/08/2023;18;0,508;R
ES0000000000006410CCPF;15/08/2023;19;0,488;R
ES0000000000006410CCPF;15/08/2023;20;0,638;R
ES0000000000006410CCPF;15/08/2023;21;0,886;R
ES0000000000006410CCPF;15/08/2023;22;0,248;R
ES0000000000006410CCPF;15/08/2023;23;0,641;R
ES0000000000006410CCPF;16/08/2023;0;0,342;R
ES0000000000006410CCPF;16/08/2023;1;0,198;R
ES0000000000006410CCPF;16/08/2023;2;0,171;R
ES0000000000006410CCPF;16/08/2023;3;0,143;R
ES0000000000006410CCPF;16/08/2023;4;0,127;R
ES0000000000006410CCPF;16/08/2023;5;0,118;R
ES0000000000006410CCPF;16/08/2023;6;0,058;R
ES0000000000006410CCPF;16/08/2023;7;0,071;R
ES0000000000006410CCPF;16/08/2023;8;0,241;R
ES0000000000006410CCPF;16/08/2023;9;0,103;R
ES0000000000006410CCPF;16/08/2023;10;0,131;R
ES0000000000006410CCPF;16/08/2023;11;0,081;R
ES0000000000006410CCPF;16/08/2023;12;0,072;R
ES0000000000006410CCPF;16/08/2023;13;0,058;R
ES0000000000006410CCPF;16/08/2023;14;0,068;R
ES0000000000006410CCPF;16/08/2023;15;0,063;R
ES0000000000006410CCPF;16/08/2023;16;0,147;R
ES0000000000006410CCPF;16/08/2023;17;0,248;R
ES0000000000006410CCPF;16/08/2023;18;0,227;R
ES0000000000006410CCPF;16/08/2023;19;0,143;R
ES0000000000006410CCPF;16/08/2023;20;0,158;R
ES0000000000006410CCPF;16/08/2023;21;0,09;R
ES0000000000006410CCPF;16/08/2023;22;0,06;R
ES0000000000006410CCPF;16/08/2023;23;0,075;R
ES0000000000006410CCPF;17/08/2023;0;0,06;R
ES0000000000006410CCPF;17/08/2023;1;0,082;R
ES0000000000006410CCPF;17/08/2023;2;0,153;R
ES0000000000006410CCPF;17/08/2023;3;0,085;R
ES0000000000006410CCPF;17/08/2023;4;0,06;R
ES0000000000006410CCPF;17/08/2023;5;0,077;R
ES0000000000006410CCPF;17/08/2023;6;0,061;R
ES0000000000006410CCPF;17/08/2023;7;0,065;R
ES0000000000006410CCPF;17/08/2023;8;0,077;R
ES0000000000006410CCPF;17/08/2023;9;0,067;R
ES0000000000006410CCPF;17/08/2023;10;0,088;R
ES0000000000006410CCPF;17/08/2023;11;0,074;R
ES0000000000006410CCPF;17/08/2023;12;0,056;R
ES0000000000006410CCPF;17/08/2023;13;0,073;R
ES0000000000006410CCPF;17/08/2023;14;0,053;R
ES0000000000006410CCPF;17/08/2023;15;0,081;R
ES0000000000006410CCPF;17/08/2023;16;0,085;R
ES0000000000006410CCPF;17/08/2023;17;0,298;R
ES0000000000006410CCPF;17/08/2023;18;0,846;R
ES0000000000006410CCPF;17/08/2023;19;0,777;R
ES0000000000006410CCPF;17/08/2023;20;0,826;R
ES0000000000006410CCPF;17/08/2023;21;0,745;R
ES0000000000006410CCPF;17/08/2023;22;0,745;R
ES0000000000006410CCPF;17/08/2023;23;0,641;R
ES0000000000006410CCPF;18/08/2023;0;0,221;R
ES0000000000006410CCPF;18/08/2023;1;0,168;R
ES0000000000006410CCPF;18/08/2023;2;0,059;R
ES0000000000006410CCPF;18/08/2023;3;0,077;R
ES0000000000006410CCPF;18/08/2023;4;0,063;R
ES0000000000006410CCPF;18/08/2023;5;0,069;R
ES0000000000006410CCPF;18/08/2023;6;0,076;R
ES0000000000006410CCPF;18/08/2023;7;0,057;R
ES0000000000006410CCPF;18/08/2023;8;0,092;R
ES0000000000006410CCPF;18/08/2023;9;0,067;R
ES0000000000006410CCPF;18/08/2023;10;0,067;R
ES0000000000006410CCPF;18/08/2023;11;0,054;R
ES0000000000006410CCPF;18/08/2023;12;0,078;R
ES0000000000006410CCPF;18/08/2023;13;0,054;R
ES0000000000006410CCPF;18/08/2023;14;0,073;R
ES0000000000006410CCPF;18/08/2023;15;0,118;R
ES0000000000006410CCPF;18/08/2023;16;0,144;R
ES0000000000006410CCPF;18/08/2023;17;0,78;R
ES0000000000006410CCPF;18/08/2023;18;0,487;R
ES0000000000006410CCPF;18/08/2023;19;0,434;R
ES0000000000006410CCPF;18/08/2023;20;0,352;R
ES0000000000006410CCPF;18/08/2023;21;0,194;R
ES0000000000006410CCPF;18/08/2023;22;0,071;R
ES0000000000006410CCPF;18/08/2023;23;0,071;R
ES0000000000006410CCPF;19/08/2023;0;0,28;R
ES0000000000006410CCPF;19/08/2023;1;0,164;R
ES0000000000006410CCPF;19/08/2023;2;0,099;R
ES0000000000006410CCPF;19/08/2023;3;0,108;R
ES0000000000006410CCPF;19/08/2023;4;0,111;R
ES0000000000006410CCPF;19/08/2023;5;0,127;R
ES0000000000006410CCPF;19/08/2023;6;0,135;R
ES0000000000006410CCPF;19/08/2023;7;0,107;R
ES0000000000006410CCPF;19/08/2023;8;0,09;R
ES0000000000006410CCPF;19/08/2023;9;0,113;R
ES0000000000006410CCPF;19/08/2023;10;0,167;R
ES0000000000006410CCPF;19/08/2023;11;0,157;R
ES0000000000006410CCPF;19/08/2023;12;0,104;R
ES0000000000006410CCPF;19/08/2023;13;0,125;R
ES0000000000006410CCPF;19/08/2023;14;1,346;R
ES0000000000006410CCPF;19/08/2023;15;0,159;R
ES0000000000006410CCPF;19/08/2023;16;0,719;R
ES0000000000006410CCPF;19/08/2023;17;0,735;R
ES0000000000006410CCPF;19/08/2023;18;0,736;R
ES0000000000006410CCPF;19/08/2023;19;0,701;R
ES0000000000006410CCPF;19/08/2023;20;0,698;R
ES0000000000006410CCPF;19/08/2023;21;0,547;R
ES0000000000006410CCPF;19/08/2023;22;1,244;R
ES0000000000006410CCPF;19/08/2023;23;0,403;R
ES0000000000006410CCPF;20/08/2023;0;0,246;R
ES0000000000006410CCPF;20/08/2023;1;0,255;R
ES0000000000006410CCPF;20/08/2023;2;0,234;R
ES0000000000006410CCPF;20/08/2023;3;0,146;R
ES0000000000006410CCPF;20/08/2023;4;0,098;R
ES0000000000006410CCPF;20/08/2023;5;0,091;R
ES0000000000006410CCPF;20/08/2023;6;0,128;R
ES0000000000006410CCPF;20/08/2023;7;0,115;R
ES0000000000006410CCPF;20/08/2023;8;0,093;R
ES0000000000006410CCPF;20/08/2023;9;0,076;R
ES0000000000006410CCPF;20/08/2023;10;0,16;R
ES0000000000006410CCPF;20/08/2023;11;0,207;R
ES0000000000006410CCPF;20/08/2023;12;0,131;R
ES0000000000006410CCPF;20/08/2023;13;0,634;R
ES0000000000006410CCPF;20/08/2023;14;0,695;R
ES0000000000006410CCPF;20/08/2023;15;0,886;R
ES0000000000006410CCPF;20/08/2023;16;1,164;R
ES0000000000006410CCPF;20/08/2023;17;0,73;R
ES0000000000006410CCPF;20/08/2023;18;0,602;R
ES0000000000006410CCPF;20/08/2023;19;0,896;R
ES0000000000006410CCPF;20/08/2023;20;0,788;R
ES0000000000006410CCPF;20/08/2023;21;0,799;R
ES0000000000006410CCPF;20/08/2023;22;1,337;R
ES0000000000006410CCPF;20/08/2023;23;1,429;R
ES0000000000006410CCPF;21/08/2023;0;0,758;R
ES0000000000006410CCPF;21/08/2023;1;0,24;R
ES0000000000006410CCPF;21/08/2023;2;0,147;R
ES0000000000006410CCPF;21/08/2023;3;0,081;R
ES0000000000006410CCPF;21/08/2023;4;0,069;R
ES0000000000006410CCPF;21/08/2023;5;0,067;R
ES0000000000006410CCPF;21/08/2023;6;0,095;R
ES0000000000006410CCPF;21/08/2023;7;0,1;R
ES0000000000006410CCPF;21/08/2023;8;0,102;R
ES0000000000006410CCPF;21/08/2023;9;0,085;R
ES0000000000006410CCPF;21/08/2023;10;0,124;R
ES0000000000006410CCPF;21/08/2023;11;0,109;R
ES0000000000006410CCPF;21/08/2023;12;1,08;R
ES0000000000006410CCPF;21/08/2023;13;0,675;R
ES0000000000006410CCPF;21/08/2023;14;0,142;R
ES0000000000006410CCPF;21/08/2023;15;0,813;R
ES0000000000006410CCPF;21/08/2023;16;0,751;R
ES0000000000006410CCPF;21/08/2023;17;0,888;R
ES0000000000006410CCPF;21/08/2023;18;0,806;R
ES0000000000006410CCPF;21/08/2023;19;0,251;R
ES0000000000006410CCPF;21/08/2023;20;0,075;R
ES0000000000006410CCPF;21/08/2023;21;0,068;R
ES0000000000006410CCPF;21/08/2023;22;0,706;R
ES0000000000006410CCPF;21/08/2023;23;1,113;R
ES0000000000006410CCPF;22/08/2023;0;0,72;R
ES0000000000006410CCPF;22/08/2023;1;0,224;R
ES0000000000006410CCPF;22/08/2023;2;0,234;R
ES0000000000006410CCPF;22/08/2023;3;0,227;R
ES0000000000006410CCPF;22/08/2023;4;0,197;R
ES0000000000006410CCPF;22/08/2023;5;0,196;R
ES0000000000006410CCPF;22/08/2023;6;0,18;R
ES0000000000006410CCPF;22/08/2023;7;0,109;R
ES0000000000006410CCPF;22/08/2023;8;0,101;R
ES0000000000006410CCPF;22/08/2023;9;0,108;R
ES0000000000006410CCPF;22/08/2023;10;0,232;R
ES0000000000006410CCPF;22/08/2023;11;0,143;R
ES0000000000006410CCPF;22/08/2023;12;0,571;R
ES0000000000006410CCPF;22/08/2023;13;0,142;R
ES0000000000006410CCPF;22/08/2023;14;0,079;R
ES0000000000006410CCPF;22/08/2023;15;0,25;R
ES0000000000006410CCPF;22/08/2023;16;1,229;R
ES0000000000006410CCPF;22/08/2023;17;0,14;R
ES0000000000006410CCPF;22/08/2023;18;0,147;R
ES0000000000006410CCPF;22/08/2023;19;0,138;R
ES0000000000006410CCPF;22/08/2023;20;0,087;R
ES0000000000006410CCPF;22/08/2023;21;0,088;R
ES0000000000006410CCPF;22/08/2023;22;0,165;R
ES0000000000006410CCPF;22/08/2023;23;0,793;R
ES0000000000006410CCPF;23/08/2023;0;0,914;R
ES0000000000006410CCPF;23/08/2023;1;0,196;R
ES0000000000006410CCPF;23/08/2023;2;0,195;R
ES0000000000006410CCPF;23/08/2023;3;0,212;R
ES0000000000006410CCPF;23/08/2023;4;0,191;R
ES0000000000006410CCPF;23/08/2023;5;0,185;R
ES0000000000006410CCPF;23/08/2023;6;0,171;R
ES0000000000006410CCPF;23/08/2023;7;0,117;R
ES0000000000006410CCPF;23/08/2023;8;0,125;R
ES0000000000006410CCPF;23/08/2023;9;0,395;R
ES0000000000006410CCPF;23/08/2023;10;0,208;R
ES0000000000006410CCPF;23/08/2023;11;0,386;R
ES0000000000006410CCPF;23/08/2023;12;0,426;R
ES0000000000006410CCPF;23/08/2023;13;0,621;R
ES0000000000006410CCPF;23/08/2023;14;1,846;R
ES0000000000006410CCPF;23/08/2023;15;0,901;R
ES0000000000006410CCPF;23/08/2023;16;1,044;R
ES0000000000006410CCPF;23/08/2023;17;0,855;R
ES0000000000006410CCPF;23/08/2023;18;0,921;R
ES0000000000006410CCPF;23/08/2023;19;0,16;R
ES0000000000006410CCPF;23/08/2023;20;0,092;R
ES0000000000006410CCPF;23/08/2023;21;0,073;R
ES0000000000006410CCPF;23/08/2023;22;0,225;R
ES0000000000006410CCPF;23/08/2023;23;0,252;R
ES0000000000006410CCPF;24/08/2023;0;0,72;R
ES0000000000006410CCPF;24/08/2023;1;0,386;R
ES0000000000006410CCPF;24/08/2023;2;0,153;R
ES0000000000006410CCPF;24/08/2023;3;0,148;R
ES0000000000006410CCPF;24/08/2023;4;0,166;R
ES0000000000006410CCPF;24/08/2023;5;0,145;R
ES0000000000006410CCPF;24/08/2023;6;0,113;R
ES0000000000006410CCPF;24/08/2023;7;0,08;R
ES0000000000006410CCPF;24/08/2023;8;0,085;R
ES0000000000006410CCPF;24/08/2023;9;0,124;R
ES0000000000006410CCPF;24/08/2023;10;0,227;R
ES0000000000006410CCPF;24/08/2023;11;0,955;R
ES0000000000006410CCPF;24/08/2023;12;1,079;R
ES0000000000006410CCPF;24/08/2023;13;0,133;R
ES0000000000006410CCPF;24/08/2023;14;0,152;R
ES0000000000006410CCPF;24/08/2023;15;0,635;R
ES0000000000006410CCPF;24/08/2023;16;0,853;R
ES0000000000006410CCPF;24/08/2023;17;2,05;R
ES0000000000006410CCPF;24/08/2023;18;1,844;R
ES0000000000006410CCPF;24/08/2023;19;0,902;R
ES0000000000006410CCPF;24/08/2023;20;0,121;R
ES0000000000006410CCPF;24/08/2023;21;0,1;R
ES0000000000006410CCPF;24/08/2023;22;0,078;R
ES0000000000006410CCPF;24/08/2023;23;0,075;R
ES0000000000006410CCPF;25/08/2023;0;0,074;R
ES0000000000006410CCPF;25/08/2023;1;0,197;R
ES0000000000006410CCPF;25/08/2023;2;0,225;R
ES0000000000006410CCPF;25/08/2023;3;0,185;R
ES0000000000006410CCPF;25/08/2023;4;0,194;R
ES0000000000006410CCPF;25/08/2023;5;0,176;R
ES0000000000006410CCPF;25/08/2023;6;0,193;R
ES0000000000006410CCPF;25/08/2023;7;0,14;R
ES0000000000006410CCPF;25/08/2023;8;0,094;R
ES0000000000006410CCPF;25/08/2023;9;0,072;R
ES0000000000006410CCPF;25/08/2023;10;0,169;R
ES0000000000006410CCPF;25/08/2023;11;0,19;R
ES0000000000006410CCPF;25/08/2023;12;0,07;R
ES0000000000006410CCPF;25/08/2023;13;0,072;R
ES0000000000006410CCPF;25/08/2023;14;0,067;R
ES0000000000006410CCPF;25/08/2023;15;0,084;R
ES0000000000006410CCPF;25/08/2023;16;0,072;R
ES0000000000006410CCPF;25/08/2023;17;0,069;R
ES0000000000006410CCPF;25/08/2023;18;0,069;R
ES0000000000006410CCPF;25/08/2023;19;0,089;R
ES0000000000006410CCPF;25/08/2023;20;0,218;R
ES0000000000006410CCPF;25/08/2023;21;1,145;R
ES0000000000006410CCPF;25/08/2023;22;0,84;R
ES0000000000006410CCPF;25/08/2023;23;0,203;R
ES0000000000006410CCPF;26/08/2023;0;0,195;R
ES0000000000006410CCPF;26/08/2023;1;0,198;R
ES0000000000006410CCPF;26/08/2023;2;0,138;R
ES0000000000006410CCPF;26/08/2023;3;0,134;R
ES0000000000006410CCPF;26/08/2023;4;0,132;R
ES0000000000006410CCPF;26/08/2023;5;0,115;R
ES0000000000006410CCPF;26/08/2023;6;0,078;R
ES0000000000006410CCPF;26/08/2023;7;0,064;R
ES0000000000006410CCPF;26/08/2023;8;0,088;R
ES0000000000006410CCPF;26/08/2023;9;0,096;R
ES0000000000006410CCPF;26/08/2023;10;0,633;R
ES0000000000006410CCPF;26/08/2023;11;0,434;R
ES0000000000006410CCPF;26/08/2023;12;0,075;R
ES0000000000006410CCPF;26/08/2023;13;0,09;R
ES0000000000006410CCPF;26/08/2023;14;0,075;R
ES0000000000006410CCPF;26/08/2023;15;0,079;R
ES0000000000006410CCPF;26/08/2023;16;0,065;R
ES0000000000006410CCPF;26/08/2023;17;0,083;R
ES0000000000006410CCPF;26/08/2023;18;0,147;R
ES0000000000006410CCPF;26/08/2023;19;0,995;R
ES0000000000006410CCPF;26/08/2023;20;0,901;R
ES0000000000006410CCPF;26/08/2023;21;0,691;R
ES0000000000006410CCPF;26/08/2023;22;0,359;R
ES0000000000006410CCPF;26/08/2023;23;0,192;R
ES0000000000006410CCPF;27/08/2023;0;0,117;R
ES0000000000006410CCPF;27/08/2023;1;0,058;R
ES0000000000006410CCPF;27/08/2023;2;0,084;R
ES0000000000006410CCPF;27/08/2023;3;0,054;R
ES0000000000006410CCPF;27/08/2023;4;0,076;R
ES0000000000006410CCPF;27/08/2023;5;0,06;R
ES0000000000006410CCPF;27/08/2023;6;0,076;R
ES0000000000006410CCPF;27/08/2023;7;0,052;R
ES0000000000006410CCPF;27/08/2023;8;0,066;R
ES0000000000006410CCPF;27/08/2023;9;0,068;R
ES0000000000006410CCPF;27/08/2023;10;0,194;R
ES0000000000006410CCPF;27/08/2023;11;0,129;R
ES0000000000006410CCPF;27/08/2023;12;0,277;R
ES0000000000006410CCPF;27/08/2023;13;0,089;R
ES0000000000006410CCPF;27/08/2023;14;0,066;R
ES0000000000006410CCPF;27/08/2023;15;0,055;R
ES0000000000006410CCPF;27/08/2023;16;0,067;R
ES0000000000006410CCPF;27/08/2023;17;0,071;R
ES0000000000006410CCPF;27/08/2023;18;0,063;R
ES0000000000006410CCPF;27/08/2023;19;0,064;R
ES0000000000006410CCPF;27/08/2023;20;0,07;R
ES0000000000006410CCPF;27/08/2023;21;0,123;R
ES0000000000006410CCPF;27/08/2023;22;0,251;R
ES0000000000006410CCPF;27/08/2023;23;0,317;R
ES0000000000006410CCPF;28/08/2023;0;0,156;R
ES0000000000006410CCPF;28/08/2023;1;0,061;R
ES0000000000006410CCPF;28/08/2023;2;0,07;R
ES0000000000006410CCPF;28/08/2023;3;0,069;R
ES0000000000006410CCPF;28/08/2023;4;0,189;R
ES0000000000006410CCPF;28/08/2023;5;0,135;R
ES0000000000006410CCPF;28/08/2023;6;0,092;R
ES0000000000006410CCPF;28/08/2023;7;0,056;R
ES0000000000006410CCPF;28/08/2023;8;0,141;R
ES0000000000006410CCPF;28/08/2023;9;0,928;R
ES0000000000006410CCPF;28/08/2023;10;0,157;R
ES0000000000006410CCPF;28/08/2023;11;0,053;R
ES0000000000006410CCPF;28/08/2023;12;0,065;R
ES0000000000006410CCPF;28/08/2023;13;0,101;R
ES0000000000006410CCPF;28/08/2023;14;0,082;R
ES0000000000006410CCPF;28/08/2023;15;0,062;R
ES0000000000006410CCPF;28/08/2023;16;0,056;R
ES0000000000006410CCPF;28/08/2023;17;0,06;R
ES0000000000006410CCPF;28/08/2023;18;0,064;R
ES0000000000006410CCPF;28/08/2023;19;0,061;R
ES0000000000006410CCPF;28/08/2023;20;0,064;R
ES0000000000006410CCPF;28/08/2023;21;0,123;R
ES0000000000006410CCPF;28/08/2023;22;1,466;R
ES0000000000006410CCPF;28/08/2023;23;0,118;R
ES0000000000006410CCPF;29/08/2023;0;0,077;R
ES0000000000006410CCPF;29/08/2023;1;0,065;R
ES0000000000006410CCPF;29/08/2023;2;0,081;R
ES0000000000006410CCPF;29/08/2023;3;0,059;R
ES0000000000006410CCPF;29/08/2023;4;0,072;R
ES0000000000006410CCPF;29/08/2023;5;0,054;R
ES0000000000006410CCPF;29/08/2023;6;0,069;R
ES0000000000006410CCPF;29/08/2023;7;0,072;R
ES0000000000006410CCPF;29/08/2023;8;0,092;R
ES0000000000006410CCPF;29/08/2023;9;0,096;R
ES0000000000006410CCPF;29/08/2023;10;0,057;R
ES0000000000006410CCPF;29/08/2023;11;0,371;R
ES0000000000006410CCPF;29/08/2023;12;0,129;R
ES0000000000006410CCPF;29/08/2023;13;0,094;R
ES0000000000006410CCPF;29/08/2023;14;0,133;R
ES0000000000006410CCPF;29/08/2023;15;0,165;R
ES0000000000006410CCPF;29/08/2023;16;0,15;R
ES0000000000006410CCPF;29/08/2023;17;0,06;R
ES0000000000006410CCPF;29/08/2023;18;0,065;R
ES0000000000006410CCPF;29/08/2023;19;0,061;R
ES0000000000006410CCPF;29/08/2023;20;0,07;R
ES0000000000006410CCPF;29/08/2023;21;0,053;R
ES0000000000006410CCPF;29/08/2023;22;0,069;R
ES0000000000006410CCPF;29/08/2023;23;0,075;R
ES0000000000006410CCPF;30/08/2023;0;0,216;R
ES0000000000006410CCPF;30/08/2023;1;0,111;R
ES0000000000006410CCPF;30/08/2023;2;0,068;R
ES0000000000006410CCPF;30/08/2023;3;0,083;R
ES0000000000006410CCPF;30/08/2023;4;0,059;R
ES0000000000006410CCPF;30/08/2023;5;0,063;R
ES0000000000006410CCPF;30/08/2023;6;0,066;R
ES0000000000006410CCPF;30/08/2023;7;0,055;R
ES0000000000006410CCPF;30/08/2023;8;0,105;R
ES0000000000006410CCPF;30/08/2023;9;0,071;R
ES0000000000006410CCPF;30/08/2023;10;0,317;R
ES0000000000006410CCPF;30/08/2023;11;0,301;R
ES0000000000006410CCPF;30/08/2023;12;0,051;R
ES0000000000006410CCPF;30/08/2023;13;0,062;R
ES0000000000006410CCPF;30/08/2023;14;0,053;R
ES0000000000006410CCPF;30/08/2023;15;0,112;R
ES0000000000006410CCPF;30/08/2023;16;0,059;R
ES0000000000006410CCPF;30/08/2023;17;0,066;R
ES0000000000006410CCPF;30/08/2023;18;0,059;R
ES0000000000006410CCPF;30/08/2023;19;0,064;R
ES0000000000006410CCPF;30/08/2023;20;0,069;R
ES0000000000006410CCPF;30/08/2023;21;0,055;R
ES0000000000006410CCPF;30/08/2023;22;0,097;R
ES0000000000006410CCPF;30/08/2023;23;0,164;R
ES0000000000006410CCPF;31/08/2023;0;0,071;R
ES0000000000006410CCPF;31/08/2023;1;0,074;R
ES0000000000006410CCPF;31/08/2023;2;0,061;R
ES0000000000006410CCPF;31/08/2023;3;0,066;R
ES0000000000006410CCPF;31/08/2023;4;0,071;R
ES0000000000006410CCPF;31/08/2023;5;0,053;R
ES0000000000006410CCPF;31/08/2023;6;0,067;R
ES0000000000006410CCPF;31/08/2023;7;0,066;R
ES0000000000006410CCPF;31/08/2023;8;0,051;R
ES0000000000006410CCPF;31/08/2023;9;0,135;R
ES0000000000006410CCPF;31/08/2023;10;0,195;R
ES0000000000006410CCPF;31/08/2023;11;0,206;R
ES0000000000006410CCPF;31/08/2023;12;0,126;R
ES0000000000006410CCPF;31/08/2023;13;0,072;R
ES0000000000006410CCPF;31/08/2023;14;0,051;R
ES0000000000006410CCPF;31/08/2023;15;0,059;R
ES0000000000006410CCPF;31/08/2023;16;0,056;R
ES0000000000006410CCPF;31/08/2023;17;0,062;R
ES0000000000006410CCPF;31/08/2023;18;0,054;R
ES0000000000006410CCPF;31/08/2023;19;0,07;R
ES0000000000006410CCPF;31/08/2023;20;0,062;R
ES0000000000006410CCPF;31/08/2023;21;1,165;R
ES0000000000006410CCPF;31/08/2023;22;0,149;R
ES0000000000006410CCPF;31/08/2023;23;0,216;R
ES0000000000006410CCPF;01/09/2023;0;0,124;R
ES0000000000006410CCPF;01/09/2023;1;0,082;R
ES0000000000006410CCPF;01/09/2023;2;0,062;R
ES0000000000006410CCPF;01/09/2023;3;0,072;R
ES0000000000006410CCPF;01/09/2023;4;0,065;R
ES0000000000006410CCPF;01/09/2023;5;0,059;R
ES0000000000006410CCPF;01/09/2023;6;0,066;R
ES0000000000006410CCPF;01/09/2023;7;0,067;R
ES0000000000006410CCPF;01/09/2023;8;0,055;R
ES0000000000006410CCPF;01/09/2023;9;0,067;R
ES0000000000006410CCPF;01/09/2023;10;0,065;R
ES0000000000006410CCPF;01/09/2023;11;0,672;R
ES0000000000006410CCPF;01/09/2023;12;0,449;R
ES0000000000006410CCPF;01/09/2023;13;0,462;R
ES0000000000006410CCPF;01/09/2023;14;0,099;R
ES0000000000006410CCPF;01/09/2023;15;0,066;R
ES0000000000006410CCPF;01/09/2023;16;0,067;R
ES0000000000006410CCPF;01/09/2023;17;0,108;R
ES0000000000006410CCPF;01/09/2023;18;0,104;R
ES0000000000006410CCPF;01/09/2023;19;0,095;R
ES0000000000006410CCPF;01/09/2023;20;0,068;R
ES0000000000006410CCPF;01/09/2023;21;0,075;R
ES0000000000006410CCPF;01/09/2023;22;0,204;R
ES0000000000006410CCPF;01/09/2023;23;0,304;R
ES0000000000006410CCPF;02/09/2023;0;0,122;R
ES0000000000006410CCPF;02/09/2023;1;0,126;R
ES0000000000006410CCPF;02/09/2023;2;0,093;R
ES0000000000006410CCPF;02/09/2023;3;0,107;R
ES0000000000006410CCPF;02/09/2023;4;0,067;R
ES0000000000006410CCPF;02/09/2023;5;0,075;R
ES0000000000006410CCPF;02/09/2023;6;0,068;R
ES0000000000006410CCPF;02/09/2023;7;0,065;R
ES0000000000006410CCPF;02/09/2023;8;0,081;R
ES0000000000006410CCPF;02/09/2023;9;0,073;R
ES0000000000006410CCPF;02/09/2023;10;0,07;R
ES0000000000006410CCPF;02/09/2023;11;0,167;R
ES0000000000006410CCPF;02/09/2023;12;0,514;R
ES0000000000006410CCPF;02/09/2023;13;1,139;R
ES0000000000006410CCPF;02/09/2023;14;0,498;R
ES0000000000006410CCPF;02/09/2023;15;0,934;R
ES0000000000006410CCPF;02/09/2023;16;1,485;R
ES0000000000006410CCPF;02/09/2023;17;0,715;R
ES0000000000006410CCPF;02/09/2023;18;0,78;R
ES0000000000006410CCPF;02/09/2023;19;0,422;R
ES0000000000006410CCPF;02/09/2023;20;0,538;R
ES0000000000006410CCPF;02/09/2023;21;0,79;R
ES0000000000006410CCPF;02/09/2023;22;0,928;R
ES0000000000006410CCPF;02/09/2023;23;0,714;R
ES0000000000006410CCPF;03/09/2023;0;0,15;R
ES0000000000006410CCPF;03/09/2023;1;0,107;R
ES0000000000006410CCPF;03/09/2023;2;0,093;R
ES0000000000006410CCPF;03/09/2023;3;0,089;R
ES0000000000006410CCPF;03/09/2023;4;0,083;R
ES0000000000006410CCPF;03/09/2023;5;0,087;R
ES0000000000006410CCPF;03/09/2023;6;0,086;R
ES0000000000006410CCPF;03/09/2023;7;0,08;R
ES0000000000006410CCPF;03/09/2023;8;0,084;R
ES0000000000006410CCPF;03/09/2023;9;0,069;R
ES0000000000006410CCPF;03/09/2023;10;0,189;R
ES0000000000006410CCPF;03/09/2023;11;0,238;R
ES0000000000006410CCPF;03/09/2023;12;0,237;R
ES0000000000006410CCPF;03/09/2023;13;0,176;R
ES0000000000006410CCPF;03/09/2023;14;0,16;R
ES0000000000006410CCPF;03/09/2023;15;0,189;R
ES0000000000006410CCPF;03/09/2023;16;0,159;R
ES0000000000006410CCPF;03/09/2023;17;0,195;R
ES0000000000006410CCPF;03/09/2023;18;0,242;R
ES0000000000006410CCPF;03/09/2023;19;0,225;R
ES0000000000006410CCPF;03/09/2023;20;0,234;R
ES0000000000006410CCPF;03/09/2023;21;0,328;R
ES0000000000006410CCPF;03/09/2023;22;0,263;R
ES0000000000006410CCPF;03/09/2023;23;0,207;R
ES0000000000006410CCPF;04/09/2023;0;0,183;R
ES0000000000006410CCPF;04/09/2023;1;0,061;R
ES0000000000006410CCPF;04/09/2023;2;0,067;R
ES0000000000006410CCPF;04/09/2023;3;0,064;R
ES0000000000006410CCPF;04/09/2023;4;0,062;R
ES0000000000006410CCPF;04/09/2023;5;0,075;R
ES0000000000006410CCPF;04/09/2023;6;0,051;R
ES0000000000006410CCPF;04/09/2023;7;0,064;R
ES0000000000006410CCPF;04/09/2023;8;0,067;R
ES0000000000006410CCPF;04/09/2023;9;0,067;R
ES0000000000006410CCPF;04/09/2023;10;0,09;R
ES0000000000006410CCPF;04/09/2023;11;0,183;R
ES0000000000006410CCPF;04/09/2023;12;0,216;R
ES0000000000006410CCPF;04/09/2023;13;0,697;R
ES0000000000006410CCPF;04/09/2023;14;0,476;R
ES0000000000006410CCPF;04/09/2023;15;0,182;R
ES0000000000006410CCPF;04/09/2023;16;0,228;R
ES0000000000006410CCPF;04/09/2023;17;0,264;R
ES0000000000006410CCPF;04/09/2023;18;0,7;R
ES0000000000006410CCPF;04/09/2023;19;0,101;R
ES0000000000006410CCPF;04/09/2023;20;0,095;R
ES0000000000006410CCPF;04/09/2023;21;0,198;R
ES0000000000006410CCPF;04/09/2023;22;0,215;R
ES0000000000006410CCPF;04/09/2023;23;0,186;R
ES0000000000006410CCPF;05/09/2023;0;0,153;R
ES0000000000006410CCPF;05/09/2023;1;0,092;R
ES0000000000006410CCPF;05/09/2023;2;0,061;R
ES0000000000006410CCPF;05/09/2023;3;0,075;R
ES0000000000006410CCPF;05/09/2023;4;0,054;R
ES0000000000006410CCPF;05/09/2023;5;0,064;R
ES0000000000006410CCPF;05/09/2023;6;0,082;R
ES0000000000006410CCPF;05/09/2023;7;0,071;R
ES0000000000006410CCPF;05/09/2023;8;0,17;R
ES0000000000006410CCPF;05/09/2023;9;0,128;R
ES0000000000006410CCPF;05/09/2023;10;0,062;R
ES0000000000006410CCPF;05/09/2023;11;0,06;R
ES0000000000006410CCPF;05/09/2023;12;0,062;R
ES0000000000006410CCPF;05/09/2023;13;0,058;R
ES0000000000006410CCPF;05/09/2023;14;0,063;R
ES0000000000006410CCPF;05/09/2023;15;0,074;R
ES0000000000006410CCPF;05/09/2023;16;0,13;R
ES0000000000006410CCPF;05/09/2023;17;0,055;R
ES0000000000006410CCPF;05/09/2023;18;0,142;R
ES0000000000006410CCPF;05/09/2023;19;0,518;R
ES0000000000006410CCPF;05/09/2023;20;0,092;R
ES0000000000006410CCPF;05/09/2023;21;0,067;R
ES0000000000006410CCPF;05/09/2023;22;0,157;R
ES0000000000006410CCPF;05/09/2023;23;0,175;R
ES0000000000006410CCPF;06/09/2023;0;0,238;R
ES0000000000006410CCPF;06/09/2023;1;0,236;R
ES0000000000006410CCPF;06/09/2023;2;0,16;R
ES0000000000006410CCPF;06/09/2023;3;0,069;R
ES0000000000006410CCPF;06/09/2023;4;0,077;R
ES0000000000006410CCPF;06/09/2023;5;0,053;R
ES0000000000006410CCPF;06/09/2023;6;0,07;R
ES0000000000006410CCPF;06/09/2023;7;0,052;R
ES0000000000006410CCPF;06/09/2023;8;0,081;R
ES0000000000006410CCPF;06/09/2023;9;0,069;R
ES0000000000006410CCPF;06/09/2023;10;0,121;R
ES0000000000006410CCPF;06/09/2023;11;0,143;R
ES0000000000006410CCPF;06/09/2023;12;0,089;R
ES0000000000006410CCPF;06/09/2023;13;0,081;R
ES0000000000006410CCPF;06/09/2023;14;0,707;R
ES0000000000006410CCPF;06/09/2023;15;0,2;R
ES0000000000006410CCPF;06/09/2023;16;0,174;R
ES0000000000006410CCPF;06/09/2023;17;0,174;R
ES0000000000006410CCPF;06/09/2023;18;0,112;R
ES0000000000006410CCPF;06/09/2023;19;0,082;R
ES0000000000006410CCPF;06/09/2023;20;0,091;R
ES0000000000006410CCPF;06/09/2023;21;0,141;R
ES0000000000006410CCPF;06/09/2023;22;0,18;R
ES0000000000006410CCPF;06/09/2023;23;0,128;R
ES0000000000006410CCPF;07/09/2023;0;0,108;R
ES0000000000006410CCPF;07/09/2023;1;0,092;R
ES0000000000006410CCPF;07/09/2023;2;0,084;R
ES0000000000006410CCPF;07/09/2023;3;0,073;R
ES0000000000006410CCPF;07/09/2023;4;0,085;R
ES0000000000006410CCPF;07/09/2023;5;0,097;R
ES0000000000006410CCPF;07/09/2023;6;0,079;R
ES0000000000006410CCPF;07/09/2023;7;0,085;R
ES0000000000006410CCPF;07/09/2023;8;0,075;R
ES0000000000006410CCPF;07/09/2023;9;0,074;R
ES0000000000006410CCPF;07/09/2023;10;0,192;R
ES0000000000006410CCPF;07/09/2023;11;0,161;R
ES0000000000006410CCPF;07/09/2023;12;0,074;R
ES0000000000006410CCPF;07/09/2023;13;0,056;R
ES0000000000006410CCPF;07/09/2023;14;0,066;R
ES0000000000006410CCPF;07/09/2023;15;0,109;R
ES0000000000006410CCPF;07/09/2023;16;0,157;R
ES0000000000006410CCPF;07/09/2023;17;0,058;R
ES0000000000006410CCPF;07/09/2023;18;0,077;R
ES0000000000006410CCPF;07/09/2023;19;0,058;R
ES0000000000006410CCPF;07/09/2023;20;0,059;R
ES0000000000006410CCPF;07/09/2023;21;0,078;R
ES0000000000006410CCPF;07/09/2023;22;0,216;R
ES0000000000006410CCPF;07/09/2023;23;0,13;R
ES0000000000006410CCPF;08/09/2023;0;0,129;R
ES0000000000006410CCPF;08/09/2023;1;0,082;R
ES0000000000006410CCPF;08/09/2023;2;0,065;R
ES0000000000006410CCPF;08/09/2023;3;0,064;R
ES0000000000006410CCPF;08/09/2023;4;0,068;R
ES0000000000006410CCPF;08/09/2023;5;0,054;R
ES0000000000006410CCPF;08/09/2023;6;0,064;R
ES0000000000006410CCPF;08/09/2023;7;0,07;R
ES0000000000006410CCPF;08/09/2023;8;0,058;R
ES0000000000006410CCPF;08/09/2023;9;0,184;R
ES0000000000006410CCPF;08/09/2023;10;0,094;R
ES0000000000006410CCPF;08/09/2023;11;0,06;R
ES0000000000006410CCPF;08/09/2023;12;0,077;R
ES0000000000006410CCPF;08/09/2023;13;0,055;R
ES0000000000006410CCPF;08/09/2023;14;0,071;R
ES0000000000006410CCPF;08/09/2023;15;0,218;R
ES0000000000006410CCPF;08/09/2023;16;0,095;R
ES0000000000006410CCPF;08/09/2023;17;0,169;R
ES0000000000006410CCPF;08/09/2023;18;0,264;R
ES0000000000006410CCPF;08/09/2023;19;0,182;R
ES0000000000006410CCPF;08/09/2023;20;0,161;R
ES0000000000006410CCPF;08/09/2023;21;0,205;R
ES0000000000006410CCPF;08/09/2023;22;0,211;R
ES0000000000006410CCPF;08/09/2023;23;0,837;R
ES0000000000006410CCPF;09/09/2023;0;0,207;R
ES0000000000006410CCPF;09/09/2023;1;0,107;R
ES0000000000006410CCPF;09/09/2023;2;0,114;R
ES0000000000006410CCPF;09/09/2023;3;0,064;R
ES0000000000006410CCPF;09/09/2023;4;0,078;R
ES0000000000006410CCPF;09/09/2023;5;0,059;R
ES0000000000006410CCPF;09/09/2023;6;0,062;R
ES0000000000006410CCPF;09/09/2023;7;0,076;R
ES0000000000006410CCPF;09/09/2023;8;0,058;R
ES0000000000006410CCPF;09/09/2023;9;0,065;R
ES0000000000006410CCPF;09/09/2023;10;0,197;R
ES0000000000006410CCPF;09/09/2023;11;0,825;R
ES0000000000006410CCPF;09/09/2023;12;1,176;R
ES0000000000006410CCPF;09/09/2023;13;0,429;R
ES0000000000006410CCPF;09/09/2023;14;0,12;R
ES0000000000006410CCPF;09/09/2023;15;0,168;R
ES0000000000006410CCPF;09/09/2023;16;0,219;R
ES0000000000006410CCPF;09/09/2023;17;0,402;R
ES0000000000006410CCPF;09/09/2023;18;0,494;R
ES0000000000006410CCPF;09/09/2023;19;0,237;R
ES0000000000006410CCPF;09/09/2023;20;0,191;R
ES0000000000006410CCPF;09/09/2023;21;0,215;R
ES0000000000006410CCPF;09/09/2023;22;0,262;R
ES0000000000006410CCPF;09/09/2023;23;0,278;R
ES0000000000006410CCPF;10/09/2023;0;0,366;R
ES0000000000006410CCPF;10/09/2023;1;0,229;R
ES0000000000006410CCPF;10/09/2023;2;0,091;R
ES0000000000006410CCPF;10/09/2023;3;0,065;R
ES0000000000006410CCPF;10/09/2023;4;0,069;R
ES0000000000006410CCPF;10/09/2023;5;0,063;R
ES0000000000006410CCPF;10/09/2023;6;0,064;R
ES0000000000006410CCPF;10/09/2023;7;0,066;R
ES0000000000006410CCPF;10/09/2023;8;0,067;R
ES0000000000006410CCPF;10/09/2023;9;0,08;R
ES0000000000006410CCPF;10/09/2023;10;0,12;R
ES0000000000006410CCPF;10/09/2023;11;0,053;R
ES0000000000006410CCPF;10/09/2023;12;0,603;R
ES0000000000006410CCPF;10/09/2023;13;1,879;R
ES0000000000006410CCPF;10/09/2023;14;0,522;R
ES0000000000006410CCPF;10/09/2023;15;0,212;R
ES0000000000006410CCPF;10/09/2023;16;0,156;R
ES0000000000006410CCPF;10/09/2023;17;0,175;R
ES0000000000006410CCPF;10/09/2023;18;0,144;R
ES0000000000006410CCPF;10/09/2023;19;0,214;R
ES0000000000006410CCPF;10/09/2023;20;0,827;R
ES0000000000006410CCPF;10/09/2023;21;0,41;R
ES0000000000006410CCPF;10/09/2023;22;0,18;R
ES0000000000006410CCPF;10/09/2023;23;0,198;R
ES0000000000006410CCPF;11/09/2023;0;0,185;R
ES0000000000006410CCPF;11/09/2023;1;0,172;R
ES0000000000006410CCPF;11/09/2023;2;0,103;R
ES0000000000006410CCPF;11/09/2023;3;0,11;R
ES0000000000006410CCPF;11/09/2023;4;0,088;R
ES0000000000006410CCPF;11/09/2023;5;0,059;R
ES0000000000006410CCPF;11/09/2023;6;0,071;R
ES0000000000006410CCPF;11/09/2023;7;0,067;R
ES0000000000006410CCPF;11/09/2023;8;0,078;R
ES0000000000006410CCPF;11/09/2023;9;0,144;R
ES0000000000006410CCPF;11/09/2023;10;0,173;R
ES0000000000006410CCPF;11/09/2023;11;0,092;R
ES0000000000006410CCPF;11/09/2023;12;0,071;R
ES0000000000006410CCPF;11/09/2023;13;0,081;R
ES0000000000006410CCPF;11/09/2023;14;0,063;R
ES0000000000006410CCPF;11/09/2023;15;0,26;R
ES0000000000006410CCPF;11/09/2023;16;0,149;R
ES0000000000006410CCPF;11/09/2023;17;0,112;R
ES0000000000006410CCPF;11/09/2023;18;0,079;R
ES0000000000006410CCPF;11/09/2023;19;0,127;R
ES0000000000006410CCPF;11/09/2023;20;0,28;R
ES0000000000006410CCPF;11/09/2023;21;0,372;R
ES0000000000006410CCPF;11/09/2023;22;0,171;R
ES0000000000006410CCPF;11/09/2023;23;0,136;R
ES0000000000006410CCPF;12/09/2023;0;0,087;R
ES0000000000006410CCPF;12/09/2023;1;0,101;R
ES0000000000006410CCPF;12/09/2023;2;0,083;R
ES0000000000006410CCPF;12/09/2023;3;0,112;R
ES0000000000006410CCPF;12/09/2023;4;0,075;R
ES0000000000006410CCPF;12/09/2023;5;0,087;R
ES0000000000006410CCPF;12/09/2023;6;0,084;R
ES0000000000006410CCPF;12/09/2023;7;0,087;R
ES0000000000006410CCPF;12/09/2023;8;0,123;R
ES0000000000006410CCPF;12/09/2023;9;0,075;R
ES0000000000006410CCPF;12/09/2023;10;0,26;R
ES0000000000006410CCPF;12/09/2023;11;0,109;R
ES0000000000006410CCPF;12/09/2023;12;0,052;R
ES0000000000006410CCPF;12/09/2023;13;0,069;R
ES0000000000006410CCPF;12/09/2023;14;0,187;R
ES0000000000006410CCPF;12/09/2023;15;0,225;R
ES0000000000006410CCPF;12/09/2023;16;0,124;R
ES0000000000006410CCPF;12/09/2023;17;0,139;R
ES0000000000006410CCPF;12/09/2023;18;0,094;R
ES0000000000006410CCPF;12/09/2023;19;0,074;R
ES0000000000006410CCPF;12/09/2023;20;0,069;R
ES0000000000006410CCPF;12/09/2023;21;0,672;R
ES0000000000006410CCPF;12/09/2023;22;0,145;R
ES0000000000006410CCPF;12/09/2023;23;0,154;R
ES0000000000006410CCPF;13/09/2023;0;0,103;R
ES0000000000006410CCPF;13/09/2023;1;0,088;R
ES0000000000006410CCPF;13/09/2023;2;0,054;R
ES0000000000006410CCPF;13/09/2023;3;0,068;R
ES0000000000006410CCPF;13/09/2023;4;0,063;R
ES0000000000006410CCPF;13/09/2023;5;0,062;R
ES0000000000006410CCPF;13/09/2023;6;0,065;R
ES0000000000006410CCPF;13/09/2023;7;0,061;R
ES0000000000006410CCPF;13/09/2023;8;0,078;R
ES0000000000006410CCPF;13/09/2023;9;0,097;R
ES0000000000006410CCPF;13/09/2023;10;0,172;R
ES0000000000006410CCPF;13/09/2023;11;0,112;R
ES0000000000006410CCPF;13/09/2023;12;0,073;R
ES0000000000006410CCPF;13/09/2023;13;1,219;R
ES0000000000006410CCPF;13/09/2023;14;0,798;R
ES0000000000006410CCPF;13/09/2023;15;0,109;R
ES0000000000006410CCPF;13/09/2023;16;0,167;R
ES0000000000006410CCPF;13/09/2023;17;0,188;R
ES0000000000006410CCPF;13/09/2023;18;0,258;R
ES0000000000006410CCPF;13/09/2023;19;0,19;R
ES0000000000006410CCPF;13/09/2023;20;0,33;R
ES0000000000006410CCPF;13/09/2023;21;0,22;R
ES0000000000006410CCPF;13/09/2023;22;0,229;R
ES0000000000006410CCPF;13/09/2023;23;0,338;R
ES0000000000006410CCPF;14/09/2023;0;0,242;R
ES0000000000006410CCPF;14/09/2023;1;0,305;R
ES0000000000006410CCPF;14/09/2023;2;0,1;R
ES0000000000006410CCPF;14/09/2023;3;0,072;R
ES0000000000006410CCPF;14/09/2023;4;0,063;R
ES0000000000006410CCPF;14/09/2023;5;0,065;R
ES0000000000006410CCPF;14/09/2023;6;0,065;R
ES0000000000006410CCPF;14/09/2023;7;0,056;R
ES0000000000006410CCPF;14/09/2023;8;0,068;R
ES0000000000006410CCPF;14/09/2023;9;0,064;R
ES0000000000006410CCPF;14/09/2023;10;0,205;R
ES0000000000006410CCPF;14/09/2023;11;0,117;R
ES0000000000006410CCPF;14/09/2023;12;0,079;R
ES0000000000006410CCPF;14/09/2023;13;0,073;R
ES0000000000006410CCPF;14/09/2023;14;1,003;R
ES0000000000006410CCPF;14/09/2023;15;0,659;R
ES0000000000006410CCPF;14/09/2023;16;0,119;R
ES0000000000006410CCPF;14/09/2023;17;0,151;R
ES0000000000006410CCPF;14/09/2023;18;0,185;R
ES0000000000006410CCPF;14/09/2023;19;0,157;R
ES0000000000006410CCPF;14/09/2023;20;0,169;R
ES0000000000006410CCPF;14/09/2023;21;0,311;R
ES0000000000006410CCPF;14/09/2023;22;0,329;R
ES0000000000006410CCPF;14/09/2023;23;0,698;R
ES0000000000006410CCPF;15/09/2023;0;0,397;R
ES0000000000006410CCPF;15/09/2023;1;0,16;R
ES0000000000006410CCPF;15/09/2023;2;0,089;R
ES0000000000006410CCPF;15/09/2023;3;0,087;R
ES0000000000006410CCPF;15/09/2023;4;0,085;R
ES0000000000006410CCPF;15/09/2023;5;0,153;R
ES0000000000006410CCPF;15/09/2023;6;0,111;R
ES0000000000006410CCPF;15/09/2023;7;0,083;R
ES0000000000006410CCPF;15/09/2023;8;0,094;R
ES0000000000006410CCPF;15/09/2023;9;0,114;R
ES0000000000006410CCPF;15/09/2023;10;0,158;R
ES0000000000006410CCPF;15/09/2023;11;0,144;R
ES0000000000006410CCPF;15/09/2023;12;0,183;R
ES0000000000006410CCPF;15/09/2023;13;0,14;R
ES0000000000006410CCPF;15/09/2023;14;0,085;R
ES0000000000006410CCPF;15/09/2023;15;0,662;R
ES0000000000006410CCPF;15/09/2023;16;0,232;R
ES0000000000006410CCPF;15/09/2023;17;0,15;R
ES0000000000006410CCPF;15/09/2023;18;0,066;R
ES0000000000006410CCPF;15/09/2023;19;0,072;R
ES0000000000006410CCPF;15/09/2023;20;0,068;R
ES0000000000006410CCPF;15/09/2023;21;0,1;R
ES0000000000006410CCPF;15/09/2023;22;0,118;R
ES0000000000006410CCPF;15/09/2023;23;0,153;R
ES0000000000006410CCPF;16/09/2023;0;0,196;R
ES0000000000006410CCPF;16/09/2023;1;0,153;R
ES0000000000006410CCPF;16/09/2023;2;0,062;R
ES0000000000006410CCPF;16/09/2023;3;0,069;R
ES0000000000006410CCPF;16/09/2023;4;0,075;R
ES0000000000006410CCPF;16/09/2023;5;0,058;R
ES0000000000006410CCPF;16/09/2023;6;0,069;R
ES0000000000006410CCPF;16/09/2023;7;0,1;R
ES0000000000006410CCPF;16/09/2023;8;0,093;R
ES0000000000006410CCPF;16/09/2023;9;0,071;R
ES0000000000006410CCPF;16/09/2023;10;0,117;R
ES0000000000006410CCPF;16/09/2023;11;0,099;R
ES0000000000006410CCPF;16/09/2023;12;1,706;R
ES0000000000006410CCPF;16/09/2023;13;0,834;R
ES0000000000006410CCPF;16/09/2023;14;0,178;R
ES0000000000006410CCPF;16/09/2023;15;0,416;R
ES0000000000006410CCPF;16/09/2023;16;0,468;R
ES0000000000006410CCPF;16/09/2023;17;0,099;R
ES0000000000006410CCPF;16/09/2023;18;0,157;R
ES0000000000006410CCPF;16/09/2023;19;0,125;R
ES0000000000006410CCPF;16/09/2023;20;0,17;R
ES0000000000006410CCPF;16/09/2023;21;0,696;R
ES0000000000006410CCPF;16/09/2023;22;0,349;R
ES0000000000006410CCPF;16/09/2023;23;0,305;R
ES0000000000006410CCPF;17/09/2023;0;0,22;R
ES0000000000006410CCPF;17/09/2023;1;0,097;R
ES0000000000006410CCPF;17/09/2023;2;0,084;R
ES0000000000006410CCPF;17/09/2023;3;0,095;R
ES0000000000006410CCPF;17/09/2023;4;0,069;R
ES0000000000006410CCPF;17/09/2023;5;0,18;R
ES0000000000006410CCPF;17/09/2023;6;0,131;R
ES0000000000006410CCPF;17/09/2023;7;0,079;R
ES0000000000006410CCPF;17/09/2023;8;0,055;R
ES0000000000006410CCPF;17/09/2023;9;0,061;R
ES0000000000006410CCPF;17/09/2023;10;0,172;R
ES0000000000006410CCPF;17/09/2023;11;0,255;R
ES0000000000006410CCPF;17/09/2023;12;0,193;R
ES0000000000006410CCPF;17/09/2023;13;0,141;R
ES0000000000006410CCPF;17/09/2023;14;0,103;R
ES0000000000006410CCPF;17/09/2023;15;0,065;R
ES0000000000006410CCPF;17/09/2023;16;0,07;R
ES0000000000006410CCPF;17/09/2023;17;0,053;R
ES0000000000006410CCPF;17/09/2023;18;0,07;R
ES0000000000006410CCPF;17/09/2023;19;0,071;R
ES0000000000006410CCPF;17/09/2023;20;0,227;R
ES0000000000006410CCPF;17/09/2023;21;0,136;R
ES0000000000006410CCPF;17/09/2023;22;0,386;R
ES0000000000006410CCPF;17/09/2023;23;0,58;R
ES0000000000006410CCPF;18/09/2023;0;0,126;R
ES0000000000006410CCPF;18/09/2023;1;0,061;R
ES0000000000006410CCPF;18/09/2023;2;0,066;R
ES0000000000006410CCPF;18/09/2023;3;0,068;R
ES0000000000006410CCPF;18/09/2023;4;0,065;R
ES0000000000006410CCPF;18/09/2023;5;0,062;R
ES0000000000006410CCPF;18/09/2023;6;0,074;R
ES0000000000006410CCPF;18/09/2023;7;0,064;R
ES0000000000006410CCPF;18/09/2023;8;0,056;R
ES0000000000006410CCPF;18/09/2023;9;0,109;R
ES0000000000006410CCPF;18/09/2023;10;0,129;R
ES0000000000006410CCPF;18/09/2023;11;0,094;R
ES0000000000006410CCPF;18/09/2023;12;0,049;R
ES0000000000006410CCPF;18/09/2023;13;0,066;R
ES0000000000006410CCPF;18/09/2023;14;0,058;R
ES0000000000006410CCPF;18/09/2023;15;1,086;R
ES0000000000006410CCPF;18/09/2023;16;1,224;R
ES0000000000006410CCPF;18/09/2023;17;0,111;R
ES0000000000006410CCPF;18/09/2023;18;0,171;R
ES0000000000006410CCPF;18/09/2023;19;0,166;R
ES0000000000006410CCPF;18/09/2023;20;0,187;R
ES0000000000006410CCPF;18/09/2023;21;0,246;R
ES0000000000006410CCPF;18/09/2023;22;0,292;R
ES0000000000006410CCPF;18/09/2023;23;0,232;R
ES0000000000006410CCPF;19/09/2023;0;0,239;R
ES0000000000006410CCPF;19/09/2023;1;0,217;R
ES0000000000006410CCPF;19/09/2023;2;0,093;R
ES0000000000006410CCPF;19/09/2023;3;0,068;R
ES0000000000006410CCPF;19/09/2023;4;0,071;R
ES0000000000006410CCPF;19/09/2023;5;0,063;R
ES0000000000006410CCPF;19/09/2023;6;0,067;R
ES0000000000006410CCPF;19/09/2023;7;0,07;R
ES0000000000006410CCPF;19/09/2023;8;0,057;R
ES0000000000006410CCPF;19/09/2023;9;0,103;R
ES0000000000006410CCPF;19/09/2023;10;0,176;R
ES0000000000006410CCPF;19/09/2023;11;0,207;R
ES0000000000006410CCPF;19/09/2023;12;0,056;R
ES0000000000006410CCPF;19/09/2023;13;0,065;R
ES0000000000006410CCPF;19/09/2023;14;0,058;R
ES0000000000006410CCPF;19/09/2023;15;0,056;R
ES0000000000006410CCPF;19/09/2023;16;0,19;R
ES0000000000006410CCPF;19/09/2023;17;0,089;R
ES0000000000006410CCPF;19/09/2023;18;0,09;R
ES0000000000006410CCPF;19/09/2023;19;0,059;R
ES0000000000006410CCPF;19/09/2023;20;0,073;R
ES0000000000006410CCPF;19/09/2023;21;0,089;R
ES0000000000006410CCPF;19/09/2023;22;0,17;R
ES0000000000006410CCPF;19/09/2023;23;0,106;R
ES0000000000006410CCPF;20/09/2023;0;0,114;R
ES0000000000006410CCPF;20/09/2023;1;0,072;R
ES0000000000006410CCPF;20/09/2023;2;0,063;R
ES0000000000006410CCPF;20/09/2023;3;0,065;R
ES0000000000006410CCPF;20/09/2023;4;0,07;R
ES0000000000006410CCPF;20/09/2023;5;0,064;R
ES0000000000006410CCPF;20/09/2023;6;0,056;R
ES0000000000006410CCPF;20/09/2023;7;0,071;R
ES0000000000006410CCPF;20/09/2023;8;0,049;R
ES0000000000006410CCPF;20/09/2023;9;0,062;R
ES0000000000006410CCPF;20/09/2023;10;0,129;R
ES0000000000006410CCPF;20/09/2023;11;0,545;R
ES0000000000006410CCPF;20/09/2023;12;0,672;R
ES0000000000006410CCPF;20/09/2023;13;0,127;R
ES0000000000006410CCPF;20/09/2023;14;0,064;R
ES0000000000006410CCPF;20/09/2023;15;0,286;R
ES0000000000006410CCPF;20/09/2023;16;0,156;R
ES0000000000006410CCPF;20/09/2023;17;0,114;R
ES0000000000006410CCPF;20/09/2023;18;0,073;R
ES0000000000006410CCPF;20/09/2023;19;0,066;R
ES0000000000006410CCPF;20/09/2023;20;0,066;R
ES0000000000006410CCPF;20/09/2023;21;0,247;R
ES0000000000006410CCPF;20/09/2023;22;0,329;R
ES0000000000006410CCPF;20/09/2023;23;0,082;R
ES0000000000006410CCPF;21/09/2023;0;0,072;R
ES0000000000006410CCPF;21/09/2023;1;0,063;R
ES0000000000006410CCPF;21/09/2023;2;0,067;R
ES0000000000006410CCPF;21/09/2023;3;0,074;R
ES0000000000006410CCPF;21/09/2023;4;0,062;R
ES0000000000006410CCPF;21/09/2023;5;0,068;R
ES0000000000006410CCPF;21/09/2023;6;0,062;R
ES0000000000006410CCPF;21/09/2023;7;0,057;R
ES0000000000006410CCPF;21/09/2023;8;0,105;R
ES0000000000006410CCPF;21/09/2023;9;0,095;R
ES0000000000006410CCPF;21/09/2023;10;0,191;R
ES0000000000006410CCPF;21/09/2023;11;0,076;R
ES0000000000006410CCPF;21/09/2023;12;0,054;R
ES0000000000006410CCPF;21/09/2023;13;0,065;R
ES0000000000006410CCPF;21/09/2023;14;0,647;R
ES0000000000006410CCPF;21/09/2023;15;0,161;R
ES0000000000006410CCPF;21/09/2023;16;0,19;R
ES0000000000006410CCPF;21/09/2023;17;0,213;R
ES0000000000006410CCPF;21/09/2023;18;0,174;R
ES0000000000006410CCPF;21/09/2023;19;0,851;R
ES0000000000006410CCPF;21/09/2023;20;0,151;R
ES0000000000006410CCPF;21/09/2023;21;0,123;R
ES0000000000006410CCPF;21/09/2023;22;0,457;R
ES0000000000006410CCPF;21/09/2023;23;0,248;R
ES0000000000006410CCPF;22/09/2023;0;0,123;R
ES0000000000006410CCPF;22/09/2023;1;0,091;R
ES0000000000006410CCPF;22/09/2023;2;0,077;R
ES0000000000006410CCPF;22/09/2023;3;0,097;R
ES0000000000006410CCPF;22/09/2023;4;0,084;R
ES0000000000006410CCPF;22/09/2023;5;0,087;R
ES0000000000006410CCPF;22/09/2023;6;0,069;R
ES0000000000006410CCPF;22/09/2023;7;0,089;R
ES0000000000006410CCPF;22/09/2023;8;0,089;R
ES0000000000006410CCPF;22/09/2023;9;0,135;R
ES0000000000006410CCPF;22/09/2023;10;0,094;R
ES0000000000006410CCPF;22/09/2023;11;0,114;R
ES0000000000006410CCPF;22/09/2023;12;0,117;R
ES0000000000006410CCPF;22/09/2023;13;0,693;R
ES0000000000006410CCPF;22/09/2023;14;0,301;R
ES0000000000006410CCPF;22/09/2023;15;0,608;R
ES0000000000006410CCPF;22/09/2023;16;0,324;R
ES0000000000006410CCPF;22/09/2023;17;0,145;R
ES0000000000006410CCPF;22/09/2023;18;0,052;R
ES0000000000006410CCPF;22/09/2023;19;0,072;R
ES0000000000006410CCPF;22/09/2023;20;0,051;R
ES0000000000006410CCPF;22/09/2023;21;0,26;R
ES0000000000006410CCPF;22/09/2023;22;0,9;R
ES0000000000006410CCPF;22/09/2023;23;0,444;R
ES0000000000006410CCPF;23/09/2023;0;0,199;R
ES0000000000006410CCPF;23/09/2023;1;0,222;R
ES0000000000006410CCPF;23/09/2023;2;0,215;R
ES0000000000006410CCPF;23/09/2023;3;0,197;R
ES0000000000006410CCPF;23/09/2023;4;0,129;R
ES0000000000006410CCPF;23/09/2023;5;0,057;R
ES0000000000006410CCPF;23/09/2023;6;0,063;R
ES0000000000006410CCPF;23/09/2023;7;0,065;R
ES0000000000006410CCPF;23/09/2023;8;0,062;R
ES0000000000006410CCPF;23/09/2023;9;0,057;R
ES0000000000006410CCPF;23/09/2023;10;0,325;R
ES0000000000006410CCPF;23/09/2023;11;0,122;R
ES0000000000006410CCPF;23/09/2023;12;0,125;R
ES0000000000006410CCPF;23/09/2023;13;0,459;R
ES0000000000006410CCPF;23/09/2023;14;0,279;R
ES0000000000006410CCPF;23/09/2023;15;0,26;R
ES0000000000006410CCPF;23/09/2023;16;0,184;R
ES0000000000006410CCPF;23/09/2023;17;0,167;R
ES0000000000006410CCPF;23/09/2023;18;0,173;R
ES0000000000006410CCPF;23/09/2023;19;0,432;R
ES0000000000006410CCPF;23/09/2023;20;0,165;R
ES0000000000006410CCPF;23/09/2023;21;0,224;R
ES0000000000006410CCPF;23/09/2023;22;0,43;R
ES0000000000006410CCPF;23/09/2023;23;0,824;R
ES0000000000006410CCPF;24/09/2023;0;0,843;R
ES0000000000006410CCPF;24/09/2023;1;0,218;R
ES0000000000006410CCPF;24/09/2023;2;0,13;R
ES0000000000006410CCPF;24/09/2023;3;0,077;R
ES0000000000006410CCPF;24/09/2023;4;0,054;R
ES0000000000006410CCPF;24/09/2023;5;0,067;R
ES0000000000006410CCPF;24/09/2023;6;0,066;R
ES0000000000006410CCPF;24/09/2023;7;0,063;R
ES0000000000006410CCPF;24/09/2023;8;0,079;R
ES0000000000006410CCPF;24/09/2023;9;0,95;R
ES0000000000006410CCPF;24/09/2023;10;0,727;R
ES0000000000006410CCPF;24/09/2023;11;0,119;R
ES0000000000006410CCPF;24/09/2023;12;0,146;R
ES0000000000006410CCPF;24/09/2023;13;0,217;R
ES0000000000006410CCPF;24/09/2023;14;0,228;R
ES0000000000006410CCPF;24/09/2023;15;0,18;R
ES0000000000006410CCPF;24/09/2023;16;0,177;R
ES0000000000006410CCPF;24/09/2023;17;0,236;R
ES0000000000006410CCPF;24/09/2023;18;0,194;R
ES0000000000006410CCPF;24/09/2023;19;0,29;R
ES0000000000006410CCPF;24/09/2023;20;0,188;R
ES0000000000006410CCPF;24/09/2023;21;0,384;R
ES0000000000006410CCPF;24/09/2023;22;0,319;R
ES0000000000006410CCPF;24/09/2023;23;0,111;R
ES0000000000006410CCPF;25/09/2023;0;0,14;R
ES0000000000006410CCPF;25/09/2023;1;0,08;R
ES0000000000006410CCPF;25/09/2023;2;0,074;R
ES0000000000006410CCPF;25/09/2023;3;0,088;R
ES0000000000006410CCPF;25/09/2023;4;0,087;R
ES0000000000006410CCPF;25/09/2023;5;0,074;R
ES0000000000006410CCPF;25/09/2023;6;0,049;R
ES0000000000006410CCPF;25/09/2023;7;0,063;R
ES0000000000006410CCPF;25/09/2023;8;0,07;R
ES0000000000006410CCPF;25/09/2023;9;0,169;R
ES0000000000006410CCPF;25/09/2023;10;0,772;R
ES0000000000006410CCPF;25/09/2023;11;0,187;R
ES0000000000006410CCPF;25/09/2023;12;0,097;R
ES0000000000006410CCPF;25/09/2023;13;0,063;R
ES0000000000006410CCPF;25/09/2023;14;0,086;R
ES0000000000006410CCPF;25/09/2023;15;0,297;R
ES0000000000006410CCPF;25/09/2023;16;0,22;R
ES0000000000006410CCPF;25/09/2023;17;0,18;R
ES0000000000006410CCPF;25/09/2023;18;0,153;R
ES0000000000006410CCPF;25/09/2023;19;0,127;R
ES0000000000006410CCPF;25/09/2023;20;0,211;R
ES0000000000006410CCPF;25/09/2023;21;0,373;R
ES0000000000006410CCPF;25/09/2023;22;0,294;R
ES0000000000006410CCPF;25/09/2023;23;0,307;R
ES0000000000006410CCPF;26/09/2023;0;0,158;R
ES0000000000006410CCPF;26/09/2023;1;0,117;R
ES0000000000006410CCPF;26/09/2023;2;0,088;R
ES0000000000006410CCPF;26/09/2023;3;0,095;R
ES0000000000006410CCPF;26/09/2023;4;0,077;R
ES0000000000006410CCPF;26/09/2023;5;0,078;R
ES0000000000006410CCPF;26/09/2023;6;0,106;R
ES0000000000006410CCPF;26/09/2023;7;0,068;R
ES0000000000006410CCPF;26/09/2023;8;0,1;R
ES0000000000006410CCPF;26/09/2023;9;0,117;R
ES0000000000006410CCPF;26/09/2023;10;0,129;R
ES0000000000006410CCPF;26/09/2023;11;0,25;R
ES0000000000006410CCPF;26/09/2023;12;0,201;R
ES0000000000006410CCPF;26/09/2023;13;0,118;R
ES0000000000006410CCPF;26/09/2023;14;0,098;R
ES0000000000006410CCPF;26/09/2023;15;0,442;R
ES0000000000006410CCPF;26/09/2023;16;0,215;R
ES0000000000006410CCPF;26/09/2023;17;0,185;R
ES0000000000006410CCPF;26/09/2023;18;0,103;R
ES0000000000006410CCPF;26/09/2023;19;0,124;R
ES0000000000006410CCPF;26/09/2023;20;0,325;R
ES0000000000006410CCPF;26/09/2023;21;0,13;R
ES0000000000006410CCPF;26/09/2023;22;0,19;R
ES0000000000006410CCPF;26/09/2023;23;0,285;R
ES0000000000006410CCPF;27/09/2023;0;0,152;R
ES0000000000006410CCPF;27/09/2023;1;0,078;R
ES0000000000006410CCPF;27/09/2023;2;0,058;R
ES0000000000006410CCPF;27/09/2023;3;0,063;R
ES0000000000006410CCPF;27/09/2023;4;0,066;R
ES0000000000006410CCPF;27/09/2023;5;0,066;R
ES0000000000006410CCPF;27/09/2023;6;0,07;R
ES0000000000006410CCPF;27/09/2023;7;0,055;R
ES0000000000006410CCPF;27/09/2023;8;0,092;R
ES0000000000006410CCPF;27/09/2023;9;0,138;R
ES0000000000006410CCPF;27/09/2023;10;0,145;R
ES0000000000006410CCPF;27/09/2023;11;0,091;R
ES0000000000006410CCPF;27/09/2023;12;0,083;R
ES0000000000006410CCPF;27/09/2023;13;0,19;R
ES0000000000006410CCPF;27/09/2023;14;0,681;R
ES0000000000006410CCPF;27/09/2023;15;0,123;R
ES0000000000006410CCPF;27/09/2023;16;0,136;R
ES0000000000006410CCPF;27/09/2023;17;0,108;R
ES0000000000006410CCPF;27/09/2023;18;0,054;R
ES0000000000006410CCPF;27/09/2023;19;0,07;R
ES0000000000006410CCPF;27/09/2023;20;0,06;R
ES0000000000006410CCPF;27/09/2023;21;0,085;R
ES0000000000006410CCPF;27/09/2023;22;0,211;R
ES0000000000006410CCPF;27/09/2023;23;0,208;R
ES0000000000006410CCPF;28/09/2023;0;0,213;R
ES0000000000006410CCPF;28/09/2023;1;0,196;R
ES0000000000006410CCPF;28/09/2023;2;0,178;R
ES0000000000006410CCPF;28/09/2023;3;0,056;R
ES0000000000006410CCPF;28/09/2023;4;0,068;R
ES0000000000006410CCPF;28/09/2023;5;0,065;R
ES0000000000006410CCPF;28/09/2023;6;0,051;R
ES0000000000006410CCPF;28/09/2023;7;0,07;R
ES0000000000006410CCPF;28/09/2023;8;0,061;R
ES0000000000006410CCPF;28/09/2023;9;0,059;R
ES0000000000006410CCPF;28/09/2023;10;0,307;R
ES0000000000006410CCPF;28/09/2023;11;0,629;R
ES0000000000006410CCPF;28/09/2023;12;0,142;R
ES0000000000006410CCPF;28/09/2023;13;0,116;R
ES0000000000006410CCPF;28/09/2023;14;0,09;R
ES0000000000006410CCPF;28/09/2023;15;0,506;R
ES0000000000006410CCPF;28/09/2023;16;0,264;R
ES0000000000006410CCPF;28/09/2023;17;0,113;R
ES0000000000006410CCPF;28/09/2023;18;0,232;R
ES0000000000006410CCPF;28/09/2023;19;0,165;R
ES0000000000006410CCPF;28/09/2023;20;0,106;R
ES0000000000006410CCPF;28/09/2023;21;0,14;R
ES0000000000006410CCPF;28/09/2023;22;0,162;R
ES0000000000006410CCPF;28/09/2023;23;0,102;R
ES0000000000006410CCPF;29/09/2023;0;0,117;R
ES0000000000006410CCPF;29/09/2023;1;0,106;R
ES0000000000006410CCPF;29/09/2023;2;0,069;R
ES0000000000006410CCPF;29/09/2023;3;0,084;R
ES0000000000006410CCPF;29/09/2023;4;0,092;R
ES0000000000006410CCPF;29/09/2023;5;0,074;R
ES0000000000006410CCPF;29/09/2023;6;0,074;R
ES0000000000006410CCPF;29/09/2023;7;0,06;R
ES0000000000006410CCPF;29/09/2023;8;0,054;R
ES0000000000006410CCPF;29/09/2023;9;0,054;R
ES0000000000006410CCPF;29/09/2023;10;0,194;R
ES0000000000006410CCPF;29/09/2023;11;0,163;R
ES0000000000006410CCPF;29/09/2023;12;0,167;R
ES0000000000006410CCPF;29/09/2023;13;0,099;R
ES0000000000006410CCPF;29/09/2023;14;0,563;R
ES0000000000006410CCPF;29/09/2023;15;0,125;R
ES0000000000006410CCPF;29/09/2023;16;0,248;R
ES0000000000006410CCPF;29/09/2023;17;0,197;R
ES0000000000006410CCPF;29/09/2023;18;0,176;R
ES0000000000006410CCPF;29/09/2023;19;0,268;R
ES0000000000006410CCPF;29/09/2023;20;0,139;R
ES0000000000006410CCPF;29/09/2023;21;0,162;R
ES0000000000006410CCPF;29/09/2023;22;0,228;R
ES0000000000006410CCPF;29/09/2023;23;0,195;R
ES0000000000006410CCPF;30/09/2023;0;0,272;R
ES0000000000006410CCPF;30/09/2023;1;0,13;R
ES0000000000006410CCPF;30/09/2023;2;0,073;R
ES0000000000006410CCPF;30/09/2023;3;0,082;R
ES0000000000006410CCPF;30/09/2023;4;0,069;R
ES0000000000006410CCPF;30/09/2023;5;0,06;R
ES0000000000006410CCPF;30/09/2023;6;0,069;R
ES0000000000006410CCPF;30/09/2023;7;0,066;R
ES0000000000006410CCPF;30/09/2023;8;0,203;R
ES0000000000006410CCPF;30/09/2023;9;0,288;R
ES0000000000006410CCPF;30/09/2023;10;0,591;R
ES0000000000006410CCPF;30/09/2023;11;0,162;R
ES0000000000006410CCPF;30/09/2023;12;0,08;R
ES0000000000006410CCPF;30/09/2023;13;0,063;R
ES0000000000006410CCPF;30/09/2023;14;0,054;R
ES0000000000006410CCPF;30/09/2023;15;0,062;R
ES0000000000006410CCPF;30/09/2023;16;0,059;R
ES0000000000006410CCPF;30/09/2023;17;0,067;R
ES0000000000006410CCPF;30/09/2023;18;0,063;R
ES0000000000006410CCPF;30/09/2023;19;0,052;R
ES0000000000006410CCPF;30/09/2023;20;0,072;R
ES0000000000006410CCPF;30/09/2023;21;0,06;R
ES0000000000006410CCPF;30/09/2023;22;0,134;R
ES0000000000006410CCPF;30/09/2023;23;0,344;R
ES0000000000006410CCPF;01/10/2023;0;0,157;R
ES0000000000006410CCPF;01/10/2023;1;0,096;R
ES0000000000006410CCPF;01/10/2023;2;0,078;R
ES0000000000006410CCPF;01/10/2023;3;0,068;R
ES0000000000006410CCPF;01/10/2023;4;0,061;R
ES0000000000006410CCPF;01/10/2023;5;0,054;R
ES0000000000006410CCPF;01/10/2023;6;0,063;R
ES0000000000006410CCPF;01/10/2023;7;0,064;R
ES0000000000006410CCPF;01/10/2023;8;0,06;R
ES0000000000006410CCPF;01/10/2023;9;0,057;R
ES0000000000006410CCPF;01/10/2023;10;0,296;R
ES0000000000006410CCPF;01/10/2023;11;0,232;R
ES0000000000006410CCPF;01/10/2023;12;0,509;R
ES0000000000006410CCPF;01/10/2023;13;0,72;R
ES0000000000006410CCPF;01/10/2023;14;0,655;R
ES0000000000006410CCPF;01/10/2023;15;0,248;R
ES0000000000006410CCPF;01/10/2023;16;0,193;R
ES0000000000006410CCPF;01/10/2023;17;0,163;R
ES0000000000006410CCPF;01/10/2023;18;0,169;R
ES0000000000006410CCPF;01/10/2023;19;0,233;R
ES0000000000006410CCPF;01/10/2023;20;0,822;R
ES0000000000006410CCPF;01/10/2023;21;0,36;R
ES0000000000006410CCPF;01/10/2023;22;0,194;R
ES0000000000006410CCPF;01/10/2023;23;0,208;R
ES0000000000006410CCPF;02/10/2023;0;0,221;R
