CUPS;Fecha;Hora;Consumo;Metodo_obtencion
ES0000000000004889CCPF;01/09/2022;1;0,247;R
ES0000000000004889CCPF;01/09/2022;2;0,207;R
ES0000000000004889CCPF;01/09/2022;3;0,186;R
ES0000000000004889CCPF;01/09/2022;4;0,175;R
ES0000000000004889CCPF;01/09/2022;5;0,17;R
ES0000000000004889CCPF;01/09/2022;6;0,169;R
ES0000000000004889CCPF;01/09/2022;7;0,184;R
ES0000000000004889CCPF;01/09/2022;8;0,22;R
ES0000000000004889CCPF;01/09/2022;9;0,213;R
ES0000000000004889CCPF;01/09/2022;10;0,231;R
ES0000000000004889CCPF;01/09/2022;11;0,191;R
ES0000000000004889CCPF;01/09/2022;12;0,197;R
ES0000000000004889CCPF;01/09/2022;13;0,207;R
ES0000000000004889CCPF;01/09/2022;14;0,222;R
ES0000000000004889CCPF;01/09/2022;15;0,288;R
ES0000000000004889CCPF;01/09/2022;16;0,267;R
ES0000000000004889CCPF;01/09/2022;17;0,258;R
ES0000000000004889CCPF;01/09/2022;18;0,262;R
ES0000000000004889CCPF;01/09/2022;19;0,203;R
ES0000000000004889CCPF;01/09/2022;20;0,205;R
ES0000000000004889CCPF;01/09/2022;21;0,234;R
ES0000000000004889CCPF;01/09/2022;22;0,266;R
ES0000000000004889CCPF;01/09/2022;23;0,314;R
ES0000000000004889CCPF;02/09/2022;0;0,265;R
ES0000000000004889CCPF;02/09/2022;1;0,233;R
ES0000000000004889CCPF;02/09/2022;2;0,197;R
ES0000000000004889CCPF;02/09/2022;3;0,176;R
ES0000000000004889CCPF;02/09/2022;4;0,165;R
ES0000000000004889CCPF;02/09/2022;5;0,16;R
ES0000000000004889CCPF;02/09/2022;6;0,16;R
ES0000000000004889CCPF;02/09/2022;7;0,173;R
ES0000000000004889CCPF;02/09/2022;8;0,205;R
ES0000000000004889CCPF;02/09/2022;9;0,198;R
ES0000000000004889CCPF;02/09/2022;10;0,216;R
ES0000000000004889CCPF;02/09/2022;11;0,179;R
ES0000000000004889CCPF;02/09/2022;12;0,184;R
ES0000000000004889CCPF;02/09/2022;13;0,192;R
ES0000000000004889CCPF;02/09/2022;14;0,207;R
ES0000000000004889CCPF;02/09/2022;15;0,272;R
ES0000000000004889CCPF;02/09/2022;16;0,253;R
ES0000000000004889CCPF;02/09/2022;17;0,244;R
ES0000000000004889CCPF;02/09/2022;18;0,246;R
ES0000000000004889CCPF;02/09/2022;19;0,19;R
ES0000000000004889CCPF;02/09/2022;20;0,191;R
ES0000000000004889CCPF;02/09/2022;21;0,213;R
ES0000000000004889CCPF;02/09/2022;22;0,239;R
ES0000000000004889CCPF;02/09/2022;23;0,289;R
ES0000000000004889CCPF;03/09/2022;0;0,254;R
ES0000000000004889CCPF;03/09/2022;1;0,254;R
ES0000000000004889CCPF;03/09/2022;2;0,218;R
ES0000000000004889CCPF;03/09/2022;3;0,194;R
ES0000000000004889CCPF;03/09/2022;4;0,181;R
ES0000000000004889CCPF;03/09/2022;5;0,174;R
ES0000000000004889CCPF;03/09/2022;6;0,171;R
ES0000000000004889CCPF;03/09/2022;7;0,174;R
ES0000000000004889CCPF;03/09/2022;8;0,183;R
ES0000000000004889CCPF;03/09/2022;9;0,203;R
ES0000000000004889CCPF;03/09/2022;10;0,252;R
ES0000000000004889CCPF;03/09/2022;11;0,288;R
ES0000000000004889CCPF;03/09/2022;12;0,301;R
ES0000000000004889CCPF;03/09/2022;13;0,31;R
ES0000000000004889CCPF;03/09/2022;14;0,331;R
ES0000000000004889CCPF;03/09/2022;15;0,33;R
ES0000000000004889CCPF;03/09/2022;16;0,297;R
ES0000000000004889CCPF;03/09/2022;17;0,276;R
ES0000000000004889CCPF;03/09/2022;18;0,27;R
ES0000000000004889CCPF;03/09/2022;19;0,27;R
ES0000000000004889CCPF;03/09/2022;20;0,27;R
ES0000000000004889CCPF;03/09/2022;21;0,305;R
ES0000000000004889CCPF;03/09/2022;22;0,349;R
ES0000000000004889CCPF;03/09/2022;23;0,324;R
ES0000000000004889CCPF;04/09/2022;0;0,289;R
ES0000000000004889CCPF;04/09/2022;1;0,253;R
ES0000000000004889CCPF;04/09/2022;2;0,22;R
ES0000000000004889CCPF;04/09/2022;3;0,197;R
ES0000000000004889CCPF;04/09/2022;4;0,182;R
ES0000000000004889CCPF;04/09/2022;5;0,174;R
ES0000000000004889CCPF;04/09/2022;6;0,17;R
ES0000000000004889CCPF;04/09/2022;7;0,172;R
ES0000000000004889CCPF;04/09/2022;8;0,175;R
ES0000000000004889CCPF;04/09/2022;9;0,186;R
ES0000000000004889CCPF;04/09/2022;10;0,23;R
ES0000000000004889CCPF;04/09/2022;11;0,27;R
ES0000000000004889CCPF;04/09/2022;12;0,29;R
ES0000000000004889CCPF;04/09/2022;13;0,301;R
ES0000000000004889CCPF;04/09/2022;14;0,32;R
ES0000000000004889CCPF;04/09/2022;15;0,323;R
ES0000000000004889CCPF;04/09/2022;16;0,29;R
ES0000000000004889CCPF;04/09/2022;17;0,272;R
ES0000000000004889CCPF;04/09/2022;18;0,268;R
ES0000000000004889CCPF;04/09/2022;19;0,272;R
ES0000000000004889CCPF;04/09/2022;20;0,277;R
ES0000000000004889CCPF;04/09/2022;21;0,322;R
ES0000000000004889CCPF;04/09/2022;22;0,371;R
ES0000000000004889CCPF;04/09/2022;23;0,339;R
ES0000000000004889CCPF;05/09/2022;0;0,292;R
ES0000000000004889CCPF;05/09/2022;1;0,245;R
ES0000000000004889CCPF;05/09/2022;2;0,208;R
ES0000000000004889CCPF;05/09/2022;3;0,186;R
ES0000000000004889CCPF;05/09/2022;4;0,176;R
ES0000000000004889CCPF;05/09/2022;5;0,17;R
ES0000000000004889CCPF;05/09/2022;6;0,169;R
ES0000000000004889CCPF;05/09/2022;7;0,184;R
ES0000000000004889CCPF;05/09/2022;8;0,219;R
ES0000000000004889CCPF;05/09/2022;9;0,211;R
ES0000000000004889CCPF;05/09/2022;10;0,23;R
ES0000000000004889CCPF;05/09/2022;11;0,19;R
ES0000000000004889CCPF;05/09/2022;12;0,196;R
ES0000000000004889CCPF;05/09/2022;13;0,205;R
ES0000000000004889CCPF;05/09/2022;14;0,22;R
ES0000000000004889CCPF;05/09/2022;15;0,288;R
ES0000000000004889CCPF;05/09/2022;16;0,268;R
ES0000000000004889CCPF;05/09/2022;17;0,259;R
ES0000000000004889CCPF;05/09/2022;18;0,262;R
ES0000000000004889CCPF;05/09/2022;19;0,202;R
ES0000000000004889CCPF;05/09/2022;20;0,205;R
ES0000000000004889CCPF;05/09/2022;21;0,236;R
ES0000000000004889CCPF;05/09/2022;22;0,268;R
ES0000000000004889CCPF;05/09/2022;23;0,313;R
ES0000000000004889CCPF;06/09/2022;0;0,263;R
ES0000000000004889CCPF;06/09/2022;1;0,245;R
ES0000000000004889CCPF;06/09/2022;2;0,207;R
ES0000000000004889CCPF;06/09/2022;3;0,186;R
ES0000000000004889CCPF;06/09/2022;4;0,176;R
ES0000000000004889CCPF;06/09/2022;5;0,17;R
ES0000000000004889CCPF;06/09/2022;6;0,17;R
ES0000000000004889CCPF;06/09/2022;7;0,185;R
ES0000000000004889CCPF;06/09/2022;8;0,224;R
ES0000000000004889CCPF;06/09/2022;9;0,214;R
ES0000000000004889CCPF;06/09/2022;10;0,231;R
ES0000000000004889CCPF;06/09/2022;11;0,19;R
ES0000000000004889CCPF;06/09/2022;12;0,196;R
ES0000000000004889CCPF;06/09/2022;13;0,205;R
ES0000000000004889CCPF;06/09/2022;14;0,22;R
ES0000000000004889CCPF;06/09/2022;15;0,286;R
ES0000000000004889CCPF;06/09/2022;16;0,267;R
ES0000000000004889CCPF;06/09/2022;17;0,258;R
ES0000000000004889CCPF;06/09/2022;18;0,261;R
ES0000000000004889CCPF;06/09/2022;19;0,202;R
ES0000000000004889CCPF;06/09/2022;20;0,204;R
ES0000000000004889CCPF;06/09/2022;21;0,235;R
ES0000000000004889CCPF;06/09/2022;22;0,265;R
ES0000000000004889CCPF;06/09/2022;23;0,311;R
ES0000000000004889CCPF;07/09/2022;0;0,262;R
ES0000000000004889CCPF;07/09/2022;1;0,246;R
ES0000000000004889CCPF;07/09/2022;2;0,207;R
ES0000000000004889CCPF;07/09/2022;3;0,186;R
ES0000000000004889CCPF;07/09/2022;4;0,176;R
ES0000000000004889CCPF;07/09/2022;5;0,17;R
ES0000000000004889CCPF;07/09/2022;6;0,17;R
ES0000000000004889CCPF;07/09/2022;7;0,185;R
ES0000000000004889CCPF;07/09/2022;8;0,223;R
ES0000000000004889CCPF;07/09/2022;9;0,215;R
ES0000000000004889CCPF;07/09/2022;10;0,232;R
ES0000000000004889CCPF;07/09/2022;11;0,191;R
ES0000000000004889CCPF;07/09/2022;12;0,197;R
ES0000000000004889CCPF;07/09/2022;13;0,206;R
ES0000000000004889CCPF;07/09/2022;14;0,221;R
ES0000000000004889CCPF;07/09/2022;15;0,286;R
ES0000000000004889CCPF;07/09/2022;16;0,267;R
ES0000000000004889CCPF;07/09/2022;17;0,259;R
ES0000000000004889CCPF;07/09/2022;18;0,263;R
ES0000000000004889CCPF;07/09/2022;19;0,203;R
ES0000000000004889CCPF;07/09/2022;20;0,205;R
ES0000000000004889CCPF;07/09/2022;21;0,236;R
ES0000000000004889CCPF;07/09/2022;22;0,267;R
ES0000000000004889CCPF;07/09/2022;23;0,312;R
ES0000000000004889CCPF;08/09/2022;0;0,263;R
ES0000000000004889CCPF;08/09/2022;1;0,246;R
ES0000000000004889CCPF;08/09/2022;2;0,207;R
ES0000000000004889CCPF;08/09/2022;3;0,186;R
ES0000000000004889CCPF;08/09/2022;4;0,176;R
ES0000000000004889CCPF;08/09/2022;5;0,17;R
ES0000000000004889CCPF;08/09/2022;6;0,17;R
ES0000000000004889CCPF;08/09/2022;7;0,185;R
ES0000000000004889CCPF;08/09/2022;8;0,223;R
ES0000000000004889CCPF;08/09/2022;9;0,214;R
ES0000000000004889CCPF;08/09/2022;10;0,231;R
ES0000000000004889CCPF;08/09/2022;11;0,19;R
ES0000000000004889CCPF;08/09/2022;12;0,196;R
ES0000000000004889CCPF;08/09/2022;13;0,205;R
ES0000000000004889CCPF;08/09/2022;14;0,22;R
ES0000000000004889CCPF;08/09/2022;15;0,285;R
ES0000000000004889CCPF;08/09/2022;16;0,265;R
ES0000000000004889CCPF;08/09/2022;17;0,257;R
ES0000000000004889CCPF;08/09/2022;18;0,261;R
ES0000000000004889CCPF;08/09/2022;19;0,202;R
ES0000000000004889CCPF;08/09/2022;20;0,204;R
ES0000000000004889CCPF;08/09/2022;21;0,234;R
ES0000000000004889CCPF;08/09/2022;22;0,265;R
ES0000000000004889CCPF;08/09/2022;23;0,311;R
ES0000000000004889CCPF;09/09/2022;0;0,262;R
ES0000000000004889CCPF;09/09/2022;1;0,23;R
ES0000000000004889CCPF;09/09/2022;2;0,195;R
ES0000000000004889CCPF;09/09/2022;3;0,174;R
ES0000000000004889CCPF;09/09/2022;4;0,164;R
ES0000000000004889CCPF;09/09/2022;5;0,159;R
ES0000000000004889CCPF;09/09/2022;6;0,158;R
ES0000000000004889CCPF;09/09/2022;7;0,172;R
ES0000000000004889CCPF;09/09/2022;8;0,204;R
ES0000000000004889CCPF;09/09/2022;9;0,197;R
ES0000000000004889CCPF;09/09/2022;10;0,215;R
ES0000000000004889CCPF;09/09/2022;11;0,177;R
ES0000000000004889CCPF;09/09/2022;12;0,182;R
ES0000000000004889CCPF;09/09/2022;13;0,19;R
ES0000000000004889CCPF;09/09/2022;14;0,205;R
ES0000000000004889CCPF;09/09/2022;15;0,269;R
ES0000000000004889CCPF;09/09/2022;16;0,25;R
ES0000000000004889CCPF;09/09/2022;17;0,241;R
ES0000000000004889CCPF;09/09/2022;18;0,243;R
ES0000000000004889CCPF;09/09/2022;19;0,188;R
ES0000000000004889CCPF;09/09/2022;20;0,189;R
ES0000000000004889CCPF;09/09/2022;21;0,212;R
ES0000000000004889CCPF;09/09/2022;22;0,237;R
ES0000000000004889CCPF;09/09/2022;23;0,286;R
ES0000000000004889CCPF;10/09/2022;0;0,251;R
ES0000000000004889CCPF;10/09/2022;1;0,252;R
ES0000000000004889CCPF;10/09/2022;2;0,214;R
ES0000000000004889CCPF;10/09/2022;3;0,191;R
ES0000000000004889CCPF;10/09/2022;4;0,178;R
ES0000000000004889CCPF;10/09/2022;5;0,171;R
ES0000000000004889CCPF;10/09/2022;6;0,168;R
ES0000000000004889CCPF;10/09/2022;7;0,172;R
ES0000000000004889CCPF;10/09/2022;8;0,181;R
ES0000000000004889CCPF;10/09/2022;9;0,201;R
ES0000000000004889CCPF;10/09/2022;10;0,249;R
ES0000000000004889CCPF;10/09/2022;11;0,285;R
ES0000000000004889CCPF;10/09/2022;12;0,298;R
ES0000000000004889CCPF;10/09/2022;13;0,306;R
ES0000000000004889CCPF;10/09/2022;14;0,327;R
ES0000000000004889CCPF;10/09/2022;15;0,326;R
ES0000000000004889CCPF;10/09/2022;16;0,293;R
ES0000000000004889CCPF;10/09/2022;17;0,272;R
ES0000000000004889CCPF;10/09/2022;18;0,267;R
ES0000000000004889CCPF;10/09/2022;19;0,267;R
ES0000000000004889CCPF;10/09/2022;20;0,267;R
ES0000000000004889CCPF;10/09/2022;21;0,303;R
ES0000000000004889CCPF;10/09/2022;22;0,345;R
ES0000000000004889CCPF;10/09/2022;23;0,32;R
ES0000000000004889CCPF;11/09/2022;0;0,286;R
ES0000000000004889CCPF;11/09/2022;1;0,251;R
ES0000000000004889CCPF;11/09/2022;2;0,218;R
ES0000000000004889CCPF;11/09/2022;3;0,195;R
ES0000000000004889CCPF;11/09/2022;4;0,181;R
ES0000000000004889CCPF;11/09/2022;5;0,173;R
ES0000000000004889CCPF;11/09/2022;6;0,169;R
ES0000000000004889CCPF;11/09/2022;7;0,17;R
ES0000000000004889CCPF;11/09/2022;8;0,174;R
ES0000000000004889CCPF;11/09/2022;9;0,185;R
ES0000000000004889CCPF;11/09/2022;10;0,229;R
ES0000000000004889CCPF;11/09/2022;11;0,268;R
ES0000000000004889CCPF;11/09/2022;12;0,288;R
ES0000000000004889CCPF;11/09/2022;13;0,299;R
ES0000000000004889CCPF;11/09/2022;14;0,317;R
ES0000000000004889CCPF;11/09/2022;15;0,319;R
ES0000000000004889CCPF;11/09/2022;16;0,287;R
ES0000000000004889CCPF;11/09/2022;17;0,269;R
ES0000000000004889CCPF;11/09/2022;18;0,265;R
ES0000000000004889CCPF;11/09/2022;19;0,268;R
ES0000000000004889CCPF;11/09/2022;20;0,274;R
ES0000000000004889CCPF;11/09/2022;21;0,322;R
ES0000000000004889CCPF;11/09/2022;22;0,369;R
ES0000000000004889CCPF;11/09/2022;23;0,335;R
ES0000000000004889CCPF;12/09/2022;0;0,288;R
ES0000000000004889CCPF;12/09/2022;1;0,24;R
ES0000000000004889CCPF;12/09/2022;2;0,204;R
ES0000000000004889CCPF;12/09/2022;3;0,183;R
ES0000000000004889CCPF;12/09/2022;4;0,173;R
ES0000000000004889CCPF;12/09/2022;5;0,167;R
ES0000000000004889CCPF;12/09/2022;6;0,167;R
ES0000000000004889CCPF;12/09/2022;7;0,182;R
ES0000000000004889CCPF;12/09/2022;8;0,218;R
ES0000000000004889CCPF;12/09/2022;9;0,209;R
ES0000000000004889CCPF;12/09/2022;10;0,227;R
ES0000000000004889CCPF;12/09/2022;11;0,187;R
ES0000000000004889CCPF;12/09/2022;12;0,193;R
ES0000000000004889CCPF;12/09/2022;13;0,201;R
ES0000000000004889CCPF;12/09/2022;14;0,216;R
ES0000000000004889CCPF;12/09/2022;15;0,282;R
ES0000000000004889CCPF;12/09/2022;16;0,263;R
ES0000000000004889CCPF;12/09/2022;17;0,253;R
ES0000000000004889CCPF;12/09/2022;18;0,256;R
ES0000000000004889CCPF;12/09/2022;19;0,198;R
ES0000000000004889CCPF;12/09/2022;20;0,201;R
ES0000000000004889CCPF;12/09/2022;21;0,234;R
ES0000000000004889CCPF;12/09/2022;22;0,264;R
ES0000000000004889CCPF;12/09/2022;23;0,307;R
ES0000000000004889CCPF;13/09/2022;0;0,257;R
ES0000000000004889CCPF;13/09/2022;1;0,238;R
ES0000000000004889CCPF;13/09/2022;2;0,201;R
ES0000000000004889CCPF;13/09/2022;3;0,182;R
ES0000000000004889CCPF;13/09/2022;4;0,172;R
ES0000000000004889CCPF;13/09/2022;5;0,166;R
ES0000000000004889CCPF;13/09/2022;6;0,166;R
ES0000000000004889CCPF;13/09/2022;7;0,181;R
ES0000000000004889CCPF;13/09/2022;8;0,221;R
ES0000000000004889CCPF;13/09/2022;9;0,211;R
ES0000000000004889CCPF;13/09/2022;10;0,227;R
ES0000000000004889CCPF;13/09/2022;11;0,186;R
ES0000000000004889CCPF;13/09/2022;12;0,191;R
ES0000000000004889CCPF;13/09/2022;13;0,199;R
ES0000000000004889CCPF;13/09/2022;14;0,214;R
ES0000000000004889CCPF;13/09/2022;15;0,277;R
ES0000000000004889CCPF;13/09/2022;16;0,257;R
ES0000000000004889CCPF;13/09/2022;17;0,249;R
ES0000000000004889CCPF;13/09/2022;18;0,252;R
ES0000000000004889CCPF;13/09/2022;19;0,195;R
ES0000000000004889CCPF;13/09/2022;20;0,198;R
ES0000000000004889CCPF;13/09/2022;21;0,231;R
ES0000000000004889CCPF;13/09/2022;22;0,259;R
ES0000000000004889CCPF;13/09/2022;23;0,302;R
ES0000000000004889CCPF;14/09/2022;0;0,254;R
ES0000000000004889CCPF;14/09/2022;1;0,237;R
ES0000000000004889CCPF;14/09/2022;2;0,2;R
ES0000000000004889CCPF;14/09/2022;3;0,181;R
ES0000000000004889CCPF;14/09/2022;4;0,171;R
ES0000000000004889CCPF;14/09/2022;5;0,166;R
ES0000000000004889CCPF;14/09/2022;6;0,165;R
ES0000000000004889CCPF;14/09/2022;7;0,18;R
ES0000000000004889CCPF;14/09/2022;8;0,219;R
ES0000000000004889CCPF;14/09/2022;9;0,21;R
ES0000000000004889CCPF;14/09/2022;10;0,226;R
ES0000000000004889CCPF;14/09/2022;11;0,186;R
ES0000000000004889CCPF;14/09/2022;12;0,191;R
ES0000000000004889CCPF;14/09/2022;13;0,199;R
ES0000000000004889CCPF;14/09/2022;14;0,214;R
ES0000000000004889CCPF;14/09/2022;15;0,276;R
ES0000000000004889CCPF;14/09/2022;16;0,257;R
ES0000000000004889CCPF;14/09/2022;17;0,249;R
ES0000000000004889CCPF;14/09/2022;18;0,253;R
ES0000000000004889CCPF;14/09/2022;19;0,196;R
ES0000000000004889CCPF;14/09/2022;20;0,198;R
ES0000000000004889CCPF;14/09/2022;21;0,231;R
ES0000000000004889CCPF;14/09/2022;22;0,26;R
ES0000000000004889CCPF;14/09/2022;23;0,302;R
ES0000000000004889CCPF;15/09/2022;0;0,254;R
ES0000000000004889CCPF;15/09/2022;1;0,191;R
ES0000000000004889CCPF;15/09/2022;2;0,161;R
ES0000000000004889CCPF;15/09/2022;3;0,145;R
ES0000000000004889CCPF;15/09/2022;4;0,137;R
ES0000000000004889CCPF;15/09/2022;5;0,133;R
ES0000000000004889CCPF;15/09/2022;6;0,132;R
ES0000000000004889CCPF;15/09/2022;7;0,144;R
ES0000000000004889CCPF;15/09/2022;8;0,176;R
ES0000000000004889CCPF;15/09/2022;9;0,169;R
ES0000000000004889CCPF;15/09/2022;10;0,182;R
ES0000000000004889CCPF;15/09/2022;11;0,185;R
ES0000000000004889CCPF;15/09/2022;12;0,19;R
ES0000000000004889CCPF;15/09/2022;13;0,198;R
ES0000000000004889CCPF;15/09/2022;14;0,212;R
ES0000000000004889CCPF;15/09/2022;15;0,222;R
ES0000000000004889CCPF;15/09/2022;16;0,207;R
ES0000000000004889CCPF;15/09/2022;17;0,2;R
ES0000000000004889CCPF;15/09/2022;18;0,203;R
ES0000000000004889CCPF;15/09/2022;19;0,195;R
ES0000000000004889CCPF;15/09/2022;20;0,197;R
ES0000000000004889CCPF;15/09/2022;21;0,229;R
ES0000000000004889CCPF;15/09/2022;22;0,258;R
ES0000000000004889CCPF;15/09/2022;23;0,243;R
ES0000000000004889CCPF;16/09/2022;0;0,204;R
ES0000000000004889CCPF;16/09/2022;1;0,178;R
ES0000000000004889CCPF;16/09/2022;2;0,15;R
ES0000000000004889CCPF;16/09/2022;3;0,135;R
ES0000000000004889CCPF;16/09/2022;4;0,127;R
ES0000000000004889CCPF;16/09/2022;5;0,123;R
ES0000000000004889CCPF;16/09/2022;6;0,123;R
ES0000000000004889CCPF;16/09/2022;7;0,133;R
ES0000000000004889CCPF;16/09/2022;8;0,159;R
ES0000000000004889CCPF;16/09/2022;9;0,154;R
ES0000000000004889CCPF;16/09/2022;10;0,167;R
ES0000000000004889CCPF;16/09/2022;11;0,171;R
ES0000000000004889CCPF;16/09/2022;12;0,175;R
ES0000000000004889CCPF;16/09/2022;13;0,183;R
ES0000000000004889CCPF;16/09/2022;14;0,197;R
ES0000000000004889CCPF;16/09/2022;15;0,208;R
ES0000000000004889CCPF;16/09/2022;16;0,194;R
ES0000000000004889CCPF;16/09/2022;17;0,187;R
ES0000000000004889CCPF;16/09/2022;18;0,189;R
ES0000000000004889CCPF;16/09/2022;19;0,18;R
ES0000000000004889CCPF;16/09/2022;20;0,182;R
ES0000000000004889CCPF;16/09/2022;21;0,205;R
ES0000000000004889CCPF;16/09/2022;22;0,228;R
ES0000000000004889CCPF;16/09/2022;23;0,222;R
ES0000000000004889CCPF;17/09/2022;0;0,195;R
ES0000000000004889CCPF;17/09/2022;1;0,198;R
ES0000000000004889CCPF;17/09/2022;2;0,169;R
ES0000000000004889CCPF;17/09/2022;3;0,151;R
ES0000000000004889CCPF;17/09/2022;4;0,14;R
ES0000000000004889CCPF;17/09/2022;5;0,135;R
ES0000000000004889CCPF;17/09/2022;6;0,133;R
ES0000000000004889CCPF;17/09/2022;7;0,136;R
ES0000000000004889CCPF;17/09/2022;8;0,144;R
ES0000000000004889CCPF;17/09/2022;9;0,16;R
ES0000000000004889CCPF;17/09/2022;10;0,198;R
ES0000000000004889CCPF;17/09/2022;11;0,227;R
ES0000000000004889CCPF;17/09/2022;12;0,236;R
ES0000000000004889CCPF;17/09/2022;13;0,243;R
ES0000000000004889CCPF;17/09/2022;14;0,259;R
ES0000000000004889CCPF;17/09/2022;15;0,257;R
ES0000000000004889CCPF;17/09/2022;16;0,23;R
ES0000000000004889CCPF;17/09/2022;17;0,213;R
ES0000000000004889CCPF;17/09/2022;18;0,209;R
ES0000000000004889CCPF;17/09/2022;19;0,209;R
ES0000000000004889CCPF;17/09/2022;20;0,21;R
ES0000000000004889CCPF;17/09/2022;21;0,241;R
ES0000000000004889CCPF;17/09/2022;22;0,272;R
ES0000000000004889CCPF;17/09/2022;23;0,251;R
ES0000000000004889CCPF;18/09/2022;0;0,225;R
ES0000000000004889CCPF;18/09/2022;1;0,195;R
ES0000000000004889CCPF;18/09/2022;2;0,17;R
ES0000000000004889CCPF;18/09/2022;3;0,152;R
ES0000000000004889CCPF;18/09/2022;4;0,141;R
ES0000000000004889CCPF;18/09/2022;5;0,135;R
ES0000000000004889CCPF;18/09/2022;6;0,132;R
ES0000000000004889CCPF;18/09/2022;7;0,133;R
ES0000000000004889CCPF;18/09/2022;8;0,137;R
ES0000000000004889CCPF;18/09/2022;9;0,145;R
ES0000000000004889CCPF;18/09/2022;10;0,18;R
ES0000000000004889CCPF;18/09/2022;11;0,211;R
ES0000000000004889CCPF;18/09/2022;12;0,226;R
ES0000000000004889CCPF;18/09/2022;13;0,234;R
ES0000000000004889CCPF;18/09/2022;14;0,248;R
ES0000000000004889CCPF;18/09/2022;15;0,249;R
ES0000000000004889CCPF;18/09/2022;16;0,223;R
ES0000000000004889CCPF;18/09/2022;17;0,209;R
ES0000000000004889CCPF;18/09/2022;18;0,205;R
ES0000000000004889CCPF;18/09/2022;19;0,208;R
ES0000000000004889CCPF;18/09/2022;20;0,214;R
ES0000000000004889CCPF;18/09/2022;21;0,254;R
ES0000000000004889CCPF;18/09/2022;22;0,288;R
ES0000000000004889CCPF;18/09/2022;23;0,261;R
ES0000000000004889CCPF;19/09/2022;0;0,224;R
ES0000000000004889CCPF;19/09/2022;1;0,187;R
ES0000000000004889CCPF;19/09/2022;2;0,159;R
ES0000000000004889CCPF;19/09/2022;3;0,143;R
ES0000000000004889CCPF;19/09/2022;4;0,135;R
ES0000000000004889CCPF;19/09/2022;5;0,131;R
ES0000000000004889CCPF;19/09/2022;6;0,13;R
ES0000000000004889CCPF;19/09/2022;7;0,143;R
ES0000000000004889CCPF;19/09/2022;8;0,173;R
ES0000000000004889CCPF;19/09/2022;9;0,166;R
ES0000000000004889CCPF;19/09/2022;10;0,179;R
ES0000000000004889CCPF;19/09/2022;11;0,182;R
ES0000000000004889CCPF;19/09/2022;12;0,187;R
ES0000000000004889CCPF;19/09/2022;13;0,195;R
ES0000000000004889CCPF;19/09/2022;14;0,209;R
ES0000000000004889CCPF;19/09/2022;15;0,22;R
ES0000000000004889CCPF;19/09/2022;16;0,205;R
ES0000000000004889CCPF;19/09/2022;17;0,197;R
ES0000000000004889CCPF;19/09/2022;18;0,2;R
ES0000000000004889CCPF;19/09/2022;19;0,191;R
ES0000000000004889CCPF;19/09/2022;20;0,195;R
ES0000000000004889CCPF;19/09/2022;21;0,23;R
ES0000000000004889CCPF;19/09/2022;22;0,257;R
ES0000000000004889CCPF;19/09/2022;23;0,241;R
ES0000000000004889CCPF;20/09/2022;0;0,201;R
ES0000000000004889CCPF;20/09/2022;1;0,185;R
ES0000000000004889CCPF;20/09/2022;2;0,156;R
ES0000000000004889CCPF;20/09/2022;3;0,141;R
ES0000000000004889CCPF;20/09/2022;4;0,134;R
ES0000000000004889CCPF;20/09/2022;5;0,13;R
ES0000000000004889CCPF;20/09/2022;6;0,13;R
ES0000000000004889CCPF;20/09/2022;7;0,142;R
ES0000000000004889CCPF;20/09/2022;8;0,174;R
ES0000000000004889CCPF;20/09/2022;9;0,167;R
ES0000000000004889CCPF;20/09/2022;10;0,179;R
ES0000000000004889CCPF;20/09/2022;11;0,181;R
ES0000000000004889CCPF;20/09/2022;12;0,185;R
ES0000000000004889CCPF;20/09/2022;13;0,193;R
ES0000000000004889CCPF;20/09/2022;14;0,206;R
ES0000000000004889CCPF;20/09/2022;15;0,216;R
ES0000000000004889CCPF;20/09/2022;16;0,201;R
ES0000000000004889CCPF;20/09/2022;17;0,194;R
ES0000000000004889CCPF;20/09/2022;18;0,198;R
ES0000000000004889CCPF;20/09/2022;19;0,189;R
ES0000000000004889CCPF;20/09/2022;20;0,192;R
ES0000000000004889CCPF;20/09/2022;21;0,226;R
ES0000000000004889CCPF;20/09/2022;22;0,253;R
ES0000000000004889CCPF;20/09/2022;23;0,237;R
ES0000000000004889CCPF;21/09/2022;0;0,199;R
ES0000000000004889CCPF;21/09/2022;1;0,189;R
ES0000000000004889CCPF;21/09/2022;2;0,159;R
ES0000000000004889CCPF;21/09/2022;3;0,144;R
ES0000000000004889CCPF;21/09/2022;4;0,136;R
ES0000000000004889CCPF;21/09/2022;5;0,132;R
ES0000000000004889CCPF;21/09/2022;6;0,132;R
ES0000000000004889CCPF;21/09/2022;7;0,144;R
ES0000000000004889CCPF;21/09/2022;8;0,177;R
ES0000000000004889CCPF;21/09/2022;9;0,17;R
ES0000000000004889CCPF;21/09/2022;10;0,182;R
ES0000000000004889CCPF;21/09/2022;11;0,184;R
ES0000000000004889CCPF;21/09/2022;12;0,189;R
ES0000000000004889CCPF;21/09/2022;13;0,198;R
ES0000000000004889CCPF;21/09/2022;14;0,212;R
ES0000000000004889CCPF;21/09/2022;15;0,221;R
ES0000000000004889CCPF;21/09/2022;16;0,207;R
ES0000000000004889CCPF;21/09/2022;17;0,2;R
ES0000000000004889CCPF;21/09/2022;18;0,203;R
ES0000000000004889CCPF;21/09/2022;19;0,194;R
ES0000000000004889CCPF;21/09/2022;20;0,197;R
ES0000000000004889CCPF;21/09/2022;21;0,231;R
ES0000000000004889CCPF;21/09/2022;22;0,258;R
ES0000000000004889CCPF;21/09/2022;23;0,242;R
ES0000000000004889CCPF;22/09/2022;0;0,203;R
ES0000000000004889CCPF;22/09/2022;1;0,189;R
ES0000000000004889CCPF;22/09/2022;2;0,159;R
ES0000000000004889CCPF;22/09/2022;3;0,144;R
ES0000000000004889CCPF;22/09/2022;4;0,136;R
ES0000000000004889CCPF;22/09/2022;5;0,132;R
ES0000000000004889CCPF;22/09/2022;6;0,132;R
ES0000000000004889CCPF;22/09/2022;7;0,144;R
ES0000000000004889CCPF;22/09/2022;8;0,176;R
ES0000000000004889CCPF;22/09/2022;9;0,17;R
ES0000000000004889CCPF;22/09/2022;10;0,182;R
ES0000000000004889CCPF;22/09/2022;11;0,184;R
ES0000000000004889CCPF;22/09/2022;12;0,189;R
ES0000000000004889CCPF;22/09/2022;13;0,197;R
ES0000000000004889CCPF;22/09/2022;14;0,211;R
ES0000000000004889CCPF;22/09/2022;15;0,22;R
ES0000000000004889CCPF;22/09/2022;16;0,206;R
ES0000000000004889CCPF;22/09/2022;17;0,199;R
ES0000000000004889CCPF;22/09/2022;18;0,203;R
ES0000000000004889CCPF;22/09/2022;19;0,194;R
ES0000000000004889CCPF;22/09/2022;20;0,197;R
ES0000000000004889CCPF;22/09/2022;21;0,231;R
ES0000000000004889CCPF;22/09/2022;22;0,258;R
ES0000000000004889CCPF;22/09/2022;23;0,242;R
ES0000000000004889CCPF;23/09/2022;0;0,203;R
ES0000000000004889CCPF;23/09/2022;1;0,174;R
ES0000000000004889CCPF;23/09/2022;2;0,147;R
ES0000000000004889CCPF;23/09/2022;3;0,132;R
ES0000000000004889CCPF;23/09/2022;4;0,124;R
ES0000000000004889CCPF;23/09/2022;5;0,121;R
ES0000000000004889CCPF;23/09/2022;6;0,121;R
ES0000000000004889CCPF;23/09/2022;7;0,131;R
ES0000000000004889CCPF;23/09/2022;8;0,157;R
ES0000000000004889CCPF;23/09/2022;9;0,152;R
ES0000000000004889CCPF;23/09/2022;10;0,165;R
ES0000000000004889CCPF;23/09/2022;11;0,168;R
ES0000000000004889CCPF;23/09/2022;12;0,172;R
ES0000000000004889CCPF;23/09/2022;13;0,179;R
ES0000000000004889CCPF;23/09/2022;14;0,193;R
ES0000000000004889CCPF;23/09/2022;15;0,204;R
ES0000000000004889CCPF;23/09/2022;16;0,19;R
ES0000000000004889CCPF;23/09/2022;17;0,183;R
ES0000000000004889CCPF;23/09/2022;18;0,185;R
ES0000000000004889CCPF;23/09/2022;19;0,176;R
ES0000000000004889CCPF;23/09/2022;20;0,178;R
ES0000000000004889CCPF;23/09/2022;21;0,202;R
ES0000000000004889CCPF;23/09/2022;22;0,224;R
ES0000000000004889CCPF;23/09/2022;23;0,218;R
ES0000000000004889CCPF;24/09/2022;0;0,191;R
ES0000000000004889CCPF;24/09/2022;1;0,195;R
ES0000000000004889CCPF;24/09/2022;2;0,166;R
ES0000000000004889CCPF;24/09/2022;3;0,148;R
ES0000000000004889CCPF;24/09/2022;4;0,138;R
ES0000000000004889CCPF;24/09/2022;5;0,133;R
ES0000000000004889CCPF;24/09/2022;6;0,131;R
ES0000000000004889CCPF;24/09/2022;7;0,134;R
ES0000000000004889CCPF;24/09/2022;8;0,142;R
ES0000000000004889CCPF;24/09/2022;9;0,158;R
ES0000000000004889CCPF;24/09/2022;10;0,195;R
ES0000000000004889CCPF;24/09/2022;11;0,223;R
ES0000000000004889CCPF;24/09/2022;12;0,232;R
ES0000000000004889CCPF;24/09/2022;13;0,238;R
ES0000000000004889CCPF;24/09/2022;14;0,253;R
ES0000000000004889CCPF;24/09/2022;15;0,252;R
ES0000000000004889CCPF;24/09/2022;16;0,225;R
ES0000000000004889CCPF;24/09/2022;17;0,209;R
ES0000000000004889CCPF;24/09/2022;18;0,205;R
ES0000000000004889CCPF;24/09/2022;19;0,205;R
ES0000000000004889CCPF;24/09/2022;20;0,207;R
ES0000000000004889CCPF;24/09/2022;21;0,239;R
ES0000000000004889CCPF;24/09/2022;22;0,268;R
ES0000000000004889CCPF;24/09/2022;23;0,247;R
ES0000000000004889CCPF;25/09/2022;0;0,22;R
ES0000000000004889CCPF;25/09/2022;1;0,192;R
ES0000000000004889CCPF;25/09/2022;2;0,167;R
ES0000000000004889CCPF;25/09/2022;3;0,15;R
ES0000000000004889CCPF;25/09/2022;4;0,139;R
ES0000000000004889CCPF;25/09/2022;5;0,133;R
ES0000000000004889CCPF;25/09/2022;6;0,13;R
ES0000000000004889CCPF;25/09/2022;7;0,131;R
ES0000000000004889CCPF;25/09/2022;8;0,135;R
ES0000000000004889CCPF;25/09/2022;9;0,143;R
ES0000000000004889CCPF;25/09/2022;10;0,178;R
ES0000000000004889CCPF;25/09/2022;11;0,209;R
ES0000000000004889CCPF;25/09/2022;12;0,224;R
ES0000000000004889CCPF;25/09/2022;13;0,231;R
ES0000000000004889CCPF;25/09/2022;14;0,244;R
ES0000000000004889CCPF;25/09/2022;15;0,245;R
ES0000000000004889CCPF;25/09/2022;16;0,219;R
ES0000000000004889CCPF;25/09/2022;17;0,205;R
ES0000000000004889CCPF;25/09/2022;18;0,202;R
ES0000000000004889CCPF;25/09/2022;19;0,205;R
ES0000000000004889CCPF;25/09/2022;20;0,211;R
ES0000000000004889CCPF;25/09/2022;21;0,253;R
ES0000000000004889CCPF;25/09/2022;22;0,285;R
ES0000000000004889CCPF;25/09/2022;23;0,257;R
ES0000000000004889CCPF;26/09/2022;0;0,22;R
ES0000000000004889CCPF;26/09/2022;1;0,185;R
ES0000000000004889CCPF;26/09/2022;2;0,157;R
ES0000000000004889CCPF;26/09/2022;3;0,142;R
ES0000000000004889CCPF;26/09/2022;4;0,134;R
ES0000000000004889CCPF;26/09/2022;5;0,13;R
ES0000000000004889CCPF;26/09/2022;6;0,129;R
ES0000000000004889CCPF;26/09/2022;7;0,142;R
ES0000000000004889CCPF;26/09/2022;8;0,172;R
ES0000000000004889CCPF;26/09/2022;9;0,166;R
ES0000000000004889CCPF;26/09/2022;10;0,178;R
ES0000000000004889CCPF;26/09/2022;11;0,181;R
ES0000000000004889CCPF;26/09/2022;12;0,186;R
ES0000000000004889CCPF;26/09/2022;13;0,194;R
ES0000000000004889CCPF;26/09/2022;14;0,208;R
ES0000000000004889CCPF;26/09/2022;15;0,218;R
ES0000000000004889CCPF;26/09/2022;16;0,204;R
ES0000000000004889CCPF;26/09/2022;17;0,197;R
ES0000000000004889CCPF;26/09/2022;18;0,199;R
ES0000000000004889CCPF;26/09/2022;19;0,19;R
ES0000000000004889CCPF;26/09/2022;20;0,195;R
ES0000000000004889CCPF;26/09/2022;21;0,23;R
ES0000000000004889CCPF;26/09/2022;22;0,256;R
ES0000000000004889CCPF;26/09/2022;23;0,24;R
ES0000000000004889CCPF;27/09/2022;0;0,2;R
ES0000000000004889CCPF;27/09/2022;1;0,184;R
ES0000000000004889CCPF;27/09/2022;2;0,156;R
ES0000000000004889CCPF;27/09/2022;3;0,141;R
ES0000000000004889CCPF;27/09/2022;4;0,133;R
ES0000000000004889CCPF;27/09/2022;5;0,13;R
ES0000000000004889CCPF;27/09/2022;6;0,13;R
ES0000000000004889CCPF;27/09/2022;7;0,142;R
ES0000000000004889CCPF;27/09/2022;8;0,174;R
ES0000000000004889CCPF;27/09/2022;9;0,168;R
ES0000000000004889CCPF;27/09/2022;10;0,178;R
ES0000000000004889CCPF;27/09/2022;11;0,18;R
ES0000000000004889CCPF;27/09/2022;12;0,185;R
ES0000000000004889CCPF;27/09/2022;13;0,193;R
ES0000000000004889CCPF;27/09/2022;14;0,206;R
ES0000000000004889CCPF;27/09/2022;15;0,216;R
ES0000000000004889CCPF;27/09/2022;16;0,201;R
ES0000000000004889CCPF;27/09/2022;17;0,194;R
ES0000000000004889CCPF;27/09/2022;18;0,197;R
ES0000000000004889CCPF;27/09/2022;19;0,189;R
ES0000000000004889CCPF;27/09/2022;20;0,192;R
ES0000000000004889CCPF;27/09/2022;21;0,228;R
ES0000000000004889CCPF;27/09/2022;22;0,252;R
ES0000000000004889CCPF;27/09/2022;23;0,236;R
ES0000000000004889CCPF;28/09/2022;0;0,198;R
ES0000000000004889CCPF;28/09/2022;1;0,185;R
ES0000000000004889CCPF;28/09/2022;2;0,157;R
ES0000000000004889CCPF;28/09/2022;3;0,141;R
ES0000000000004889CCPF;28/09/2022;4;0,134;R
ES0000000000004889CCPF;28/09/2022;5;0,13;R
ES0000000000004889CCPF;28/09/2022;6;0,13;R
ES0000000000004889CCPF;28/09/2022;7;0,142;R
ES0000000000004889CCPF;28/09/2022;8;0,174;R
ES0000000000004889CCPF;28/09/2022;9;0,168;R
ES0000000000004889CCPF;28/09/2022;10;0,179;R
ES0000000000004889CCPF;28/09/2022;11;0,181;R
ES0000000000004889CCPF;28/09/2022;12;0,186;R
ES0000000000004889CCPF;28/09/2022;13;0,194;R
ES0000000000004889CCPF;28/09/2022;14;0,207;R
ES0000000000004889CCPF;28/09/2022;15;0,216;R
ES0000000000004889CCPF;28/09/2022;16;0,201;R
ES0000000000004889CCPF;28/09/2022;17;0,195;R
ES0000000000004889CCPF;28/09/2022;18;0,198;R
ES0000000000004889CCPF;28/09/2022;19;0,189;R
ES0000000000004889CCPF;28/09/2022;20;0,193;R
ES0000000000004889CCPF;28/09/2022;21;0,228;R
ES0000000000004889CCPF;28/09/2022;22;0,253;R
ES0000000000004889CCPF;28/09/2022;23;0,237;R
ES0000000000004889CCPF;29/09/2022;0;0,199;R
ES0000000000004889CCPF;29/09/2022;1;0,185;R
ES0000000000004889CCPF;29/09/2022;2;0,157;R
ES0000000000004889CCPF;29/09/2022;3;0,141;R
ES0000000000004889CCPF;29/09/2022;4;0,134;R
ES0000000000004889CCPF;29/09/2022;5;0,13;R
ES0000000000004889CCPF;29/09/2022;6;0,13;R
ES0000000000004889CCPF;29/09/2022;7;0,142;R
ES0000000000004889CCPF;29/09/2022;8;0,174;R
ES0000000000004889CCPF;29/09/2022;9;0,168;R
ES0000000000004889CCPF;29/09/2022;10;0,179;R
ES0000000000004889CCPF;29/09/2022;11;0,181;R
ES0000000000004889CCPF;29/09/2022;12;0,186;R
ES0000000000004889CCPF;29/09/2022;13;0,194;R
ES0000000000004889CCPF;29/09/2022;14;0,207;R
ES0000000000004889CCPF;29/09/2022;15;0,216;R
ES0000000000004889CCPF;29/09/2022;16;0,202;R
ES0000000000004889CCPF;29/09/2022;17;0,195;R
ES0000000000004889CCPF;29/09/2022;18;0,198;R
ES0000000000004889CCPF;29/09/2022;19;0,19;R
ES0000000000004889CCPF;29/09/2022;20;0,193;R
ES0000000000004889CCPF;29/09/2022;21;0,229;R
ES0000000000004889CCPF;29/09/2022;22;0,254;R
ES0000000000004889CCPF;29/09/2022;23;0,238;R
ES0000000000004889CCPF;30/09/2022;0;0,2;R
ES0000000000004889CCPF;30/09/2022;1;0,171;R
ES0000000000004889CCPF;30/09/2022;2;0,144;R
ES0000000000004889CCPF;30/09/2022;3;0,13;R
ES0000000000004889CCPF;30/09/2022;4;0,122;R
ES0000000000004889CCPF;30/09/2022;5;0,118;R
ES0000000000004889CCPF;30/09/2022;6;0,118;R
ES0000000000004889CCPF;30/09/2022;7;0,129;R
ES0000000000004889CCPF;30/09/2022;8;0,155;R
ES0000000000004889CCPF;30/09/2022;9;0,15;R
ES0000000000004889CCPF;30/09/2022;10;0,162;R
ES0000000000004889CCPF;30/09/2022;11;0,165;R
ES0000000000004889CCPF;30/09/2022;12;0,169;R
ES0000000000004889CCPF;30/09/2022;13;0,176;R
ES0000000000004889CCPF;30/09/2022;14;0,189;R
ES0000000000004889CCPF;30/09/2022;15;0,2;R
ES0000000000004889CCPF;30/09/2022;16;0,186;R
ES0000000000004889CCPF;30/09/2022;17;0,179;R
ES0000000000004889CCPF;30/09/2022;18;0,181;R
ES0000000000004889CCPF;30/09/2022;19;0,173;R
ES0000000000004889CCPF;30/09/2022;20;0,175;R
ES0000000000004889CCPF;30/09/2022;21;0,199;R
ES0000000000004889CCPF;30/09/2022;22;0,22;R
ES0000000000004889CCPF;30/09/2022;23;0,213;R
ES0000000000004889CCPF;01/10/2022;0;0,187;R
ES0000000000004889CCPF;01/10/2022;1;0,183;R
ES0000000000004889CCPF;01/10/2022;2;0,155;R
ES0000000000004889CCPF;01/10/2022;3;0,137;R
ES0000000000004889CCPF;01/10/2022;4;0,127;R
ES0000000000004889CCPF;01/10/2022;5;0,123;R
ES0000000000004889CCPF;01/10/2022;6;0,122;R
ES0000000000004889CCPF;01/10/2022;7;0,126;R
ES0000000000004889CCPF;01/10/2022;8;0,139;R
ES0000000000004889CCPF;01/10/2022;9;0,16;R
ES0000000000004889CCPF;01/10/2022;10;0,198;R
ES0000000000004889CCPF;01/10/2022;11;0,227;R
ES0000000000004889CCPF;01/10/2022;12;0,233;R
ES0000000000004889CCPF;01/10/2022;13;0,236;R
ES0000000000004889CCPF;01/10/2022;14;0,251;R
ES0000000000004889CCPF;01/10/2022;15;0,248;R
ES0000000000004889CCPF;01/10/2022;16;0,217;R
ES0000000000004889CCPF;01/10/2022;17;0,198;R
ES0000000000004889CCPF;01/10/2022;18;0,193;R
ES0000000000004889CCPF;01/10/2022;19;0,194;R
ES0000000000004889CCPF;01/10/2022;20;0,211;R
ES0000000000004889CCPF;01/10/2022;21;0,253;R
ES0000000000004889CCPF;01/10/2022;22;0,266;R
ES0000000000004889CCPF;01/10/2022;23;0,242;R
ES0000000000004889CCPF;02/10/2022;0;0,214;R
ES0000000000004889CCPF;02/10/2022;1;0,181;R
ES0000000000004889CCPF;02/10/2022;2;0,154;R
ES0000000000004889CCPF;02/10/2022;3;0,135;R
ES0000000000004889CCPF;02/10/2022;4;0,127;R
ES0000000000004889CCPF;02/10/2022;5;0,121;R
ES0000000000004889CCPF;02/10/2022;6;0,119;R
ES0000000000004889CCPF;02/10/2022;7;0,122;R
ES0000000000004889CCPF;02/10/2022;8;0,13;R
ES0000000000004889CCPF;02/10/2022;9;0,141;R
ES0000000000004889CCPF;02/10/2022;10;0,176;R
ES0000000000004889CCPF;02/10/2022;11;0,212;R
ES0000000000004889CCPF;02/10/2022;12;0,228;R
ES0000000000004889CCPF;02/10/2022;13;0,232;R
ES0000000000004889CCPF;02/10/2022;14;0,242;R
ES0000000000004889CCPF;02/10/2022;15;0,24;R
ES0000000000004889CCPF;02/10/2022;16;0,212;R
ES0000000000004889CCPF;02/10/2022;17;0,193;R
ES0000000000004889CCPF;02/10/2022;18;0,186;R
ES0000000000004889CCPF;02/10/2022;19;0,189;R
ES0000000000004889CCPF;02/10/2022;20;0,211;R
ES0000000000004889CCPF;02/10/2022;21;0,264;R
ES0000000000004889CCPF;02/10/2022;22;0,278;R
ES0000000000004889CCPF;02/10/2022;23;0,251;R
ES0000000000004889CCPF;03/10/2022;0;0,214;R
ES0000000000004889CCPF;03/10/2022;1;0,177;R
ES0000000000004889CCPF;03/10/2022;2;0,141;R
ES0000000000004889CCPF;03/10/2022;3;0,127;R
ES0000000000004889CCPF;03/10/2022;4;0,121;R
ES0000000000004889CCPF;03/10/2022;5;0,118;R
ES0000000000004889CCPF;03/10/2022;6;0,12;R
ES0000000000004889CCPF;03/10/2022;7;0,136;R
ES0000000000004889CCPF;03/10/2022;8;0,179;R
ES0000000000004889CCPF;03/10/2022;9;0,174;R
ES0000000000004889CCPF;03/10/2022;10;0,177;R
ES0000000000004889CCPF;03/10/2022;11;0,176;R
ES0000000000004889CCPF;03/10/2022;12;0,178;R
ES0000000000004889CCPF;03/10/2022;13;0,185;R
ES0000000000004889CCPF;03/10/2022;14;0,197;R
ES0000000000004889CCPF;03/10/2022;15;0,204;R
ES0000000000004889CCPF;03/10/2022;16;0,187;R
ES0000000000004889CCPF;03/10/2022;17;0,177;R
ES0000000000004889CCPF;03/10/2022;18;0,18;R
ES0000000000004889CCPF;03/10/2022;19;0,18;R
ES0000000000004889CCPF;03/10/2022;20;0,202;R
ES0000000000004889CCPF;03/10/2022;21;0,247;R
ES0000000000004889CCPF;03/10/2022;22;0,254;R
ES0000000000004889CCPF;03/10/2022;23;0,232;R
ES0000000000004889CCPF;04/10/2022;0;0,189;R
ES0000000000004889CCPF;04/10/2022;1;0,171;R
ES0000000000004889CCPF;04/10/2022;2;0,143;R
ES0000000000004889CCPF;04/10/2022;3;0,129;R
ES0000000000004889CCPF;04/10/2022;4;0,123;R
ES0000000000004889CCPF;04/10/2022;5;0,12;R
ES0000000000004889CCPF;04/10/2022;6;0,122;R
ES0000000000004889CCPF;04/10/2022;7;0,139;R
ES0000000000004889CCPF;04/10/2022;8;0,182;R
ES0000000000004889CCPF;04/10/2022;9;0,177;R
ES0000000000004889CCPF;04/10/2022;10;0,18;R
ES0000000000004889CCPF;04/10/2022;11;0,178;R
ES0000000000004889CCPF;04/10/2022;12;0,18;R
ES0000000000004889CCPF;04/10/2022;13;0,187;R
ES0000000000004889CCPF;04/10/2022;14;0,199;R
ES0000000000004889CCPF;04/10/2022;15;0,206;R
ES0000000000004889CCPF;04/10/2022;16;0,189;R
ES0000000000004889CCPF;04/10/2022;17;0,18;R
ES0000000000004889CCPF;04/10/2022;18;0,183;R
ES0000000000004889CCPF;04/10/2022;19;0,181;R
ES0000000000004889CCPF;04/10/2022;20;0,202;R
ES0000000000004889CCPF;04/10/2022;21;0,246;R
ES0000000000004889CCPF;04/10/2022;22;0,252;R
ES0000000000004889CCPF;04/10/2022;23;0,233;R
ES0000000000004889CCPF;05/10/2022;0;0,192;R
ES0000000000004889CCPF;05/10/2022;1;0,173;R
ES0000000000004889CCPF;05/10/2022;2;0,145;R
ES0000000000004889CCPF;05/10/2022;3;0,13;R
ES0000000000004889CCPF;05/10/2022;4;0,124;R
ES0000000000004889CCPF;05/10/2022;5;0,121;R
ES0000000000004889CCPF;05/10/2022;6;0,123;R
ES0000000000004889CCPF;05/10/2022;7;0,14;R
ES0000000000004889CCPF;05/10/2022;8;0,184;R
ES0000000000004889CCPF;05/10/2022;9;0,179;R
ES0000000000004889CCPF;05/10/2022;10;0,181;R
ES0000000000004889CCPF;05/10/2022;11;0,179;R
ES0000000000004889CCPF;05/10/2022;12;0,181;R
ES0000000000004889CCPF;05/10/2022;13;0,188;R
ES0000000000004889CCPF;05/10/2022;14;0,2;R
ES0000000000004889CCPF;05/10/2022;15;0,207;R
ES0000000000004889CCPF;05/10/2022;16;0,19;R
ES0000000000004889CCPF;05/10/2022;17;0,181;R
ES0000000000004889CCPF;05/10/2022;18;0,184;R
ES0000000000004889CCPF;05/10/2022;19;0,182;R
ES0000000000004889CCPF;05/10/2022;20;0,202;R
ES0000000000004889CCPF;05/10/2022;21;0,246;R
ES0000000000004889CCPF;05/10/2022;22;0,253;R
ES0000000000004889CCPF;05/10/2022;23;0,233;R
ES0000000000004889CCPF;06/10/2022;0;0,193;R
ES0000000000004889CCPF;06/10/2022;1;0,173;R
ES0000000000004889CCPF;06/10/2022;2;0,145;R
ES0000000000004889CCPF;06/10/2022;3;0,13;R
ES0000000000004889CCPF;06/10/2022;4;0,124;R
ES0000000000004889CCPF;06/10/2022;5;0,121;R
ES0000000000004889CCPF;06/10/2022;6;0,123;R
ES0000000000004889CCPF;06/10/2022;7;0,14;R
ES0000000000004889CCPF;06/10/2022;8;0,183;R
ES0000000000004889CCPF;06/10/2022;9;0,178;R
ES0000000000004889CCPF;06/10/2022;10;0,181;R
ES0000000000004889CCPF;06/10/2022;11;0,179;R
ES0000000000004889CCPF;06/10/2022;12;0,181;R
ES0000000000004889CCPF;06/10/2022;13;0,188;R
ES0000000000004889CCPF;06/10/2022;14;0,199;R
ES0000000000004889CCPF;06/10/2022;15;0,206;R
ES0000000000004889CCPF;06/10/2022;16;0,19;R
ES0000000000004889CCPF;06/10/2022;17;0,181;R
ES0000000000004889CCPF;06/10/2022;18;0,184;R
ES0000000000004889CCPF;06/10/2022;19;0,182;R
ES0000000000004889CCPF;06/10/2022;20;0,202;R
ES0000000000004889CCPF;06/10/2022;21;0,246;R
ES0000000000004889CCPF;06/10/2022;22;0,253;R
ES0000000000004889CCPF;06/10/2022;23;0,233;R
ES0000000000004889CCPF;07/10/2022;0;0,193;R
ES0000000000004889CCPF;07/10/2022;1;0,158;R
ES0000000000004889CCPF;07/10/2022;2;0,133;R
ES0000000000004889CCPF;07/10/2022;3;0,118;R
ES0000000000004889CCPF;07/10/2022;4;0,111;R
ES0000000000004889CCPF;07/10/2022;5;0,109;R
ES0000000000004889CCPF;07/10/2022;6;0,11;R
ES0000000000004889CCPF;07/10/2022;7;0,124;R
ES0000000000004889CCPF;07/10/2022;8;0,16;R
ES0000000000004889CCPF;07/10/2022;9;0,156;R
ES0000000000004889CCPF;07/10/2022;10;0,161;R
ES0000000000004889CCPF;07/10/2022;11;0,162;R
ES0000000000004889CCPF;07/10/2022;12;0,163;R
ES0000000000004889CCPF;07/10/2022;13;0,168;R
ES0000000000004889CCPF;07/10/2022;14;0,179;R
ES0000000000004889CCPF;07/10/2022;15;0,189;R
ES0000000000004889CCPF;07/10/2022;16;0,173;R
ES0000000000004889CCPF;07/10/2022;17;0,165;R
ES0000000000004889CCPF;07/10/2022;18;0,166;R
ES0000000000004889CCPF;07/10/2022;19;0,159;R
ES0000000000004889CCPF;07/10/2022;20;0,175;R
ES0000000000004889CCPF;07/10/2022;21;0,208;R
ES0000000000004889CCPF;07/10/2022;22;0,216;R
ES0000000000004889CCPF;07/10/2022;23;0,206;R
ES0000000000004889CCPF;08/10/2022;0;0,178;R
ES0000000000004889CCPF;08/10/2022;1;0,181;R
ES0000000000004889CCPF;08/10/2022;2;0,15;R
ES0000000000004889CCPF;08/10/2022;3;0,133;R
ES0000000000004889CCPF;08/10/2022;4;0,123;R
ES0000000000004889CCPF;08/10/2022;5;0,119;R
ES0000000000004889CCPF;08/10/2022;6;0,118;R
ES0000000000004889CCPF;08/10/2022;7;0,123;R
ES0000000000004889CCPF;08/10/2022;8;0,136;R
ES0000000000004889CCPF;08/10/2022;9;0,156;R
ES0000000000004889CCPF;08/10/2022;10;0,194;R
ES0000000000004889CCPF;08/10/2022;11;0,222;R
ES0000000000004889CCPF;08/10/2022;12;0,228;R
ES0000000000004889CCPF;08/10/2022;13;0,231;R
ES0000000000004889CCPF;08/10/2022;14;0,244;R
ES0000000000004889CCPF;08/10/2022;15;0,242;R
ES0000000000004889CCPF;08/10/2022;16;0,212;R
ES0000000000004889CCPF;08/10/2022;17;0,193;R
ES0000000000004889CCPF;08/10/2022;18;0,188;R
ES0000000000004889CCPF;08/10/2022;19;0,19;R
ES0000000000004889CCPF;08/10/2022;20;0,208;R
ES0000000000004889CCPF;08/10/2022;21;0,249;R
ES0000000000004889CCPF;08/10/2022;22;0,261;R
ES0000000000004889CCPF;08/10/2022;23;0,238;R
ES0000000000004889CCPF;09/10/2022;0;0,21;R
ES0000000000004889CCPF;09/10/2022;1;0,181;R
ES0000000000004889CCPF;09/10/2022;2;0,155;R
ES0000000000004889CCPF;09/10/2022;3;0,136;R
ES0000000000004889CCPF;09/10/2022;4;0,128;R
ES0000000000004889CCPF;09/10/2022;5;0,122;R
ES0000000000004889CCPF;09/10/2022;6;0,12;R
ES0000000000004889CCPF;09/10/2022;7;0,122;R
ES0000000000004889CCPF;09/10/2022;8;0,131;R
ES0000000000004889CCPF;09/10/2022;9;0,142;R
ES0000000000004889CCPF;09/10/2022;10;0,177;R
ES0000000000004889CCPF;09/10/2022;11;0,213;R
ES0000000000004889CCPF;09/10/2022;12;0,229;R
ES0000000000004889CCPF;09/10/2022;13;0,233;R
ES0000000000004889CCPF;09/10/2022;14;0,242;R
ES0000000000004889CCPF;09/10/2022;15;0,24;R
ES0000000000004889CCPF;09/10/2022;16;0,212;R
ES0000000000004889CCPF;09/10/2022;17;0,193;R
ES0000000000004889CCPF;09/10/2022;18;0,186;R
ES0000000000004889CCPF;09/10/2022;19;0,189;R
ES0000000000004889CCPF;09/10/2022;20;0,212;R
ES0000000000004889CCPF;09/10/2022;21;0,263;R
ES0000000000004889CCPF;09/10/2022;22;0,276;R
ES0000000000004889CCPF;09/10/2022;23;0,249;R
ES0000000000004889CCPF;10/10/2022;0;0,213;R
ES0000000000004889CCPF;10/10/2022;1;0,175;R
ES0000000000004889CCPF;10/10/2022;2;0,139;R
ES0000000000004889CCPF;10/10/2022;3;0,126;R
ES0000000000004889CCPF;10/10/2022;4;0,119;R
ES0000000000004889CCPF;10/10/2022;5;0,117;R
ES0000000000004889CCPF;10/10/2022;6;0,118;R
ES0000000000004889CCPF;10/10/2022;7;0,134;R
ES0000000000004889CCPF;10/10/2022;8;0,177;R
ES0000000000004889CCPF;10/10/2022;9;0,172;R
ES0000000000004889CCPF;10/10/2022;10;0,175;R
ES0000000000004889CCPF;10/10/2022;11;0,174;R
ES0000000000004889CCPF;10/10/2022;12;0,176;R
ES0000000000004889CCPF;10/10/2022;13;0,182;R
ES0000000000004889CCPF;10/10/2022;14;0,193;R
ES0000000000004889CCPF;10/10/2022;15;0,2;R
ES0000000000004889CCPF;10/10/2022;16;0,183;R
ES0000000000004889CCPF;10/10/2022;17;0,174;R
ES0000000000004889CCPF;10/10/2022;18;0,176;R
ES0000000000004889CCPF;10/10/2022;19;0,177;R
ES0000000000004889CCPF;10/10/2022;20;0,2;R
ES0000000000004889CCPF;10/10/2022;21;0,245;R
ES0000000000004889CCPF;10/10/2022;22;0,251;R
ES0000000000004889CCPF;10/10/2022;23;0,229;R
ES0000000000004889CCPF;11/10/2022;0;0,186;R
ES0000000000004889CCPF;11/10/2022;1;0,169;R
ES0000000000004889CCPF;11/10/2022;2;0,141;R
ES0000000000004889CCPF;11/10/2022;3;0,127;R
ES0000000000004889CCPF;11/10/2022;4;0,121;R
ES0000000000004889CCPF;11/10/2022;5;0,118;R
ES0000000000004889CCPF;11/10/2022;6;0,12;R
ES0000000000004889CCPF;11/10/2022;7;0,137;R
ES0000000000004889CCPF;11/10/2022;8;0,18;R
ES0000000000004889CCPF;11/10/2022;9;0,175;R
ES0000000000004889CCPF;11/10/2022;10;0,177;R
ES0000000000004889CCPF;11/10/2022;11;0,176;R
ES0000000000004889CCPF;11/10/2022;12;0,177;R
ES0000000000004889CCPF;11/10/2022;13;0,184;R
ES0000000000004889CCPF;11/10/2022;14;0,195;R
ES0000000000004889CCPF;11/10/2022;15;0,202;R
ES0000000000004889CCPF;11/10/2022;16;0,185;R
ES0000000000004889CCPF;11/10/2022;17;0,176;R
ES0000000000004889CCPF;11/10/2022;18;0,179;R
ES0000000000004889CCPF;11/10/2022;19;0,176;R
ES0000000000004889CCPF;11/10/2022;20;0,198;R
ES0000000000004889CCPF;11/10/2022;21;0,239;R
ES0000000000004889CCPF;11/10/2022;22;0,244;R
ES0000000000004889CCPF;11/10/2022;23;0,226;R
ES0000000000004889CCPF;12/10/2022;0;0,187;R
ES0000000000004889CCPF;12/10/2022;1;0,181;R
ES0000000000004889CCPF;12/10/2022;2;0,155;R
ES0000000000004889CCPF;12/10/2022;3;0,136;R
ES0000000000004889CCPF;12/10/2022;4;0,128;R
ES0000000000004889CCPF;12/10/2022;5;0,122;R
ES0000000000004889CCPF;12/10/2022;6;0,12;R
ES0000000000004889CCPF;12/10/2022;7;0,122;R
ES0000000000004889CCPF;12/10/2022;8;0,131;R
ES0000000000004889CCPF;12/10/2022;9;0,142;R
ES0000000000004889CCPF;12/10/2022;10;0,177;R
ES0000000000004889CCPF;12/10/2022;11;0,213;R
ES0000000000004889CCPF;12/10/2022;12;0,229;R
ES0000000000004889CCPF;12/10/2022;13;0,233;R
ES0000000000004889CCPF;12/10/2022;14;0,242;R
ES0000000000004889CCPF;12/10/2022;15;0,24;R
ES0000000000004889CCPF;12/10/2022;16;0,212;R
ES0000000000004889CCPF;12/10/2022;17;0,193;R
ES0000000000004889CCPF;12/10/2022;18;0,186;R
ES0000000000004889CCPF;12/10/2022;19;0,189;R
ES0000000000004889CCPF;12/10/2022;20;0,212;R
ES0000000000004889CCPF;12/10/2022;21;0,263;R
ES0000000000004889CCPF;12/10/2022;22;0,276;R
ES0000000000004889CCPF;12/10/2022;23;0,249;R
ES0000000000004889CCPF;13/10/2022;0;0,213;R
ES0000000000004889CCPF;13/10/2022;1;0,171;R
ES0000000000004889CCPF;13/10/2022;2;0,143;R
ES0000000000004889CCPF;13/10/2022;3;0,129;R
ES0000000000004889CCPF;13/10/2022;4;0,122;R
ES0000000000004889CCPF;13/10/2022;5;0,12;R
ES0000000000004889CCPF;13/10/2022;6;0,122;R
ES0000000000004889CCPF;13/10/2022;7;0,138;R
ES0000000000004889CCPF;13/10/2022;8;0,182;R
ES0000000000004889CCPF;13/10/2022;9;0,177;R
ES0000000000004889CCPF;13/10/2022;10;0,179;R
ES0000000000004889CCPF;13/10/2022;11;0,177;R
ES0000000000004889CCPF;13/10/2022;12;0,178;R
ES0000000000004889CCPF;13/10/2022;13;0,184;R
ES0000000000004889CCPF;13/10/2022;14;0,196;R
ES0000000000004889CCPF;13/10/2022;15;0,203;R
ES0000000000004889CCPF;13/10/2022;16;0,187;R
ES0000000000004889CCPF;13/10/2022;17;0,178;R
ES0000000000004889CCPF;13/10/2022;18;0,18;R
ES0000000000004889CCPF;13/10/2022;19;0,179;R
ES0000000000004889CCPF;13/10/2022;20;0,201;R
ES0000000000004889CCPF;13/10/2022;21;0,244;R
ES0000000000004889CCPF;13/10/2022;22;0,25;R
ES0000000000004889CCPF;13/10/2022;23;0,231;R
ES0000000000004889CCPF;14/10/2022;0;0,191;R
ES0000000000004889CCPF;14/10/2022;1;0,113;R
ES0000000000004889CCPF;14/10/2022;2;0,119;R
ES0000000000004889CCPF;14/10/2022;3;0,147;R
ES0000000000004889CCPF;14/10/2022;4;0,121;R
ES0000000000004889CCPF;14/10/2022;5;0,109;R
ES0000000000004889CCPF;14/10/2022;6;0,123;R
ES0000000000004889CCPF;14/10/2022;7;0,194;R
ES0000000000004889CCPF;14/10/2022;8;0,169;R
ES0000000000004889CCPF;14/10/2022;9;0,109;R
ES0000000000004889CCPF;14/10/2022;10;0,147;R
ES0000000000004889CCPF;14/10/2022;11;0,142;R
ES0000000000004889CCPF;14/10/2022;12;0,37;R
ES0000000000004889CCPF;14/10/2022;13;0,137;R
ES0000000000004889CCPF;14/10/2022;14;0,133;R
ES0000000000004889CCPF;14/10/2022;15;0,171;R
ES0000000000004889CCPF;14/10/2022;16;0,311;R
ES0000000000004889CCPF;14/10/2022;17;0,188;R
ES0000000000004889CCPF;14/10/2022;18;0,202;R
ES0000000000004889CCPF;14/10/2022;19;0,124;R
ES0000000000004889CCPF;14/10/2022;20;0,126;R
ES0000000000004889CCPF;14/10/2022;21;1,228;R
ES0000000000004889CCPF;14/10/2022;22;0,282;R
ES0000000000004889CCPF;14/10/2022;23;0,183;R
ES0000000000004889CCPF;15/10/2022;0;0,125;R
ES0000000000004889CCPF;15/10/2022;1;0,112;R
ES0000000000004889CCPF;15/10/2022;2;0,119;R
ES0000000000004889CCPF;15/10/2022;3;0,138;R
ES0000000000004889CCPF;15/10/2022;4;0,133;R
ES0000000000004889CCPF;15/10/2022;5;0,106;R
ES0000000000004889CCPF;15/10/2022;6;0,101;R
ES0000000000004889CCPF;15/10/2022;7;0,122;R
ES0000000000004889CCPF;15/10/2022;8;0,149;R
ES0000000000004889CCPF;15/10/2022;9;0,297;R
ES0000000000004889CCPF;15/10/2022;10;0,546;R
ES0000000000004889CCPF;15/10/2022;11;0,127;R
ES0000000000004889CCPF;15/10/2022;12;0,58;R
ES0000000000004889CCPF;15/10/2022;13;0,392;R
ES0000000000004889CCPF;15/10/2022;14;0,162;R
ES0000000000004889CCPF;15/10/2022;15;0,654;R
ES0000000000004889CCPF;15/10/2022;16;0,259;R
ES0000000000004889CCPF;15/10/2022;17;0,221;R
ES0000000000004889CCPF;15/10/2022;18;0,259;R
ES0000000000004889CCPF;15/10/2022;19;0,256;R
ES0000000000004889CCPF;15/10/2022;20;0,229;R
ES0000000000004889CCPF;15/10/2022;21;0,267;R
ES0000000000004889CCPF;15/10/2022;22;0,289;R
ES0000000000004889CCPF;15/10/2022;23;0,216;R
ES0000000000004889CCPF;16/10/2022;0;0,187;R
ES0000000000004889CCPF;16/10/2022;1;0,147;R
ES0000000000004889CCPF;16/10/2022;2;0,128;R
ES0000000000004889CCPF;16/10/2022;3;0,107;R
ES0000000000004889CCPF;16/10/2022;4;0,123;R
ES0000000000004889CCPF;16/10/2022;5;0,145;R
ES0000000000004889CCPF;16/10/2022;6;0,365;R
ES0000000000004889CCPF;16/10/2022;7;0,104;R
ES0000000000004889CCPF;16/10/2022;8;0,238;R
ES0000000000004889CCPF;16/10/2022;9;0,235;R
ES0000000000004889CCPF;16/10/2022;10;0,171;R
ES0000000000004889CCPF;16/10/2022;11;0,354;R
ES0000000000004889CCPF;16/10/2022;12;0,182;R
ES0000000000004889CCPF;16/10/2022;13;0,191;R
ES0000000000004889CCPF;16/10/2022;14;0,697;R
ES0000000000004889CCPF;16/10/2022;15;0,099;R
ES0000000000004889CCPF;16/10/2022;16;0,111;R
ES0000000000004889CCPF;16/10/2022;17;0,125;R
ES0000000000004889CCPF;16/10/2022;18;0,1;R
ES0000000000004889CCPF;16/10/2022;19;0,1;R
ES0000000000004889CCPF;16/10/2022;20;0,106;R
ES0000000000004889CCPF;16/10/2022;21;0,162;R
ES0000000000004889CCPF;16/10/2022;22;1,571;R
ES0000000000004889CCPF;16/10/2022;23;0,627;R
ES0000000000004889CCPF;17/10/2022;0;0,117;R
ES0000000000004889CCPF;17/10/2022;1;0,148;R
ES0000000000004889CCPF;17/10/2022;2;0,114;R
ES0000000000004889CCPF;17/10/2022;3;0,102;R
ES0000000000004889CCPF;17/10/2022;4;0,393;R
ES0000000000004889CCPF;17/10/2022;5;0,128;R
ES0000000000004889CCPF;17/10/2022;6;0,101;R
ES0000000000004889CCPF;17/10/2022;7;0,151;R
ES0000000000004889CCPF;17/10/2022;8;0,234;R
ES0000000000004889CCPF;17/10/2022;9;0,106;R
ES0000000000004889CCPF;17/10/2022;10;0,124;R
ES0000000000004889CCPF;17/10/2022;11;0,136;R
ES0000000000004889CCPF;17/10/2022;12;0,183;R
ES0000000000004889CCPF;17/10/2022;13;0,146;R
ES0000000000004889CCPF;17/10/2022;14;0,133;R
ES0000000000004889CCPF;17/10/2022;15;0,164;R
ES0000000000004889CCPF;17/10/2022;16;0,217;R
ES0000000000004889CCPF;17/10/2022;17;0,339;R
ES0000000000004889CCPF;17/10/2022;18;0,265;R
ES0000000000004889CCPF;17/10/2022;19;0,274;R
ES0000000000004889CCPF;17/10/2022;20;0,184;R
ES0000000000004889CCPF;17/10/2022;21;0,194;R
ES0000000000004889CCPF;17/10/2022;22;0,219;R
ES0000000000004889CCPF;17/10/2022;23;0,154;R
ES0000000000004889CCPF;18/10/2022;0;0,125;R
ES0000000000004889CCPF;18/10/2022;1;0,14;R
ES0000000000004889CCPF;18/10/2022;2;0,108;R
ES0000000000004889CCPF;18/10/2022;3;0,101;R
ES0000000000004889CCPF;18/10/2022;4;0,127;R
ES0000000000004889CCPF;18/10/2022;5;0,136;R
ES0000000000004889CCPF;18/10/2022;6;0,103;R
ES0000000000004889CCPF;18/10/2022;7;0,0;R
ES0000000000004889CCPF;18/10/2022;8;0,329;R
ES0000000000004889CCPF;18/10/2022;9;0,511;R
ES0000000000004889CCPF;18/10/2022;10;0,105;R
ES0000000000004889CCPF;18/10/2022;11;0,099;R
ES0000000000004889CCPF;18/10/2022;12;0,106;R
ES0000000000004889CCPF;18/10/2022;13;0,12;R
ES0000000000004889CCPF;18/10/2022;14;0,111;R
ES0000000000004889CCPF;18/10/2022;15;0,102;R
ES0000000000004889CCPF;18/10/2022;16;0,255;R
ES0000000000004889CCPF;18/10/2022;17;0,489;R
ES0000000000004889CCPF;18/10/2022;18;0,16;R
ES0000000000004889CCPF;18/10/2022;19;0,107;R
ES0000000000004889CCPF;18/10/2022;20;0,136;R
ES0000000000004889CCPF;18/10/2022;21;0,194;R
ES0000000000004889CCPF;18/10/2022;22;0,473;R
ES0000000000004889CCPF;18/10/2022;23;0,16;R
ES0000000000004889CCPF;19/10/2022;0;0,104;R
ES0000000000004889CCPF;19/10/2022;1;0,138;R
ES0000000000004889CCPF;19/10/2022;2;0,123;R
ES0000000000004889CCPF;19/10/2022;3;0,101;R
ES0000000000004889CCPF;19/10/2022;4;0,11;R
ES0000000000004889CCPF;19/10/2022;5;0,135;R
ES0000000000004889CCPF;19/10/2022;6;0,117;R
ES0000000000004889CCPF;19/10/2022;7;0,172;R
ES0000000000004889CCPF;19/10/2022;8;0,185;R
ES0000000000004889CCPF;19/10/2022;9;0,142;R
ES0000000000004889CCPF;19/10/2022;10;0,346;R
ES0000000000004889CCPF;19/10/2022;11;0,117;R
ES0000000000004889CCPF;19/10/2022;12;0,14;R
ES0000000000004889CCPF;19/10/2022;13;0,15;R
ES0000000000004889CCPF;19/10/2022;14;0,143;R
ES0000000000004889CCPF;19/10/2022;15;0,123;R
ES0000000000004889CCPF;19/10/2022;16;0,392;R
ES0000000000004889CCPF;19/10/2022;17;0,287;R
ES0000000000004889CCPF;19/10/2022;18;0,18;R
ES0000000000004889CCPF;19/10/2022;19;0,122;R
ES0000000000004889CCPF;19/10/2022;20;0,425;R
ES0000000000004889CCPF;19/10/2022;21;0,191;R
ES0000000000004889CCPF;19/10/2022;22;0,239;R
ES0000000000004889CCPF;19/10/2022;23;0,148;R
ES0000000000004889CCPF;20/10/2022;0;0,114;R
ES0000000000004889CCPF;20/10/2022;1;0,131;R
ES0000000000004889CCPF;20/10/2022;2;0,114;R
ES0000000000004889CCPF;20/10/2022;3;0,098;R
ES0000000000004889CCPF;20/10/2022;4;0,102;R
ES0000000000004889CCPF;20/10/2022;5;0,135;R
ES0000000000004889CCPF;20/10/2022;6;0,386;R
ES0000000000004889CCPF;20/10/2022;7;0,193;R
ES0000000000004889CCPF;20/10/2022;8;0,172;R
ES0000000000004889CCPF;20/10/2022;9;0,154;R
ES0000000000004889CCPF;20/10/2022;10;0,166;R
ES0000000000004889CCPF;20/10/2022;11;0,135;R
ES0000000000004889CCPF;20/10/2022;12;0,11;R
ES0000000000004889CCPF;20/10/2022;13;0,104;R
ES0000000000004889CCPF;20/10/2022;14;0,272;R
ES0000000000004889CCPF;20/10/2022;15;0,232;R
ES0000000000004889CCPF;20/10/2022;16;0,103;R
ES0000000000004889CCPF;20/10/2022;17;0,119;R
ES0000000000004889CCPF;20/10/2022;18;0,122;R
ES0000000000004889CCPF;20/10/2022;19;0,137;R
ES0000000000004889CCPF;20/10/2022;20;0,135;R
ES0000000000004889CCPF;20/10/2022;21;0,179;R
ES0000000000004889CCPF;20/10/2022;22;0,691;R
ES0000000000004889CCPF;20/10/2022;23;0,134;R
ES0000000000004889CCPF;21/10/2022;0;0,13;R
ES0000000000004889CCPF;21/10/2022;1;0,113;R
ES0000000000004889CCPF;21/10/2022;2;0,087;R
ES0000000000004889CCPF;21/10/2022;3;0,359;R
ES0000000000004889CCPF;21/10/2022;4;0,125;R
ES0000000000004889CCPF;21/10/2022;5;0,126;R
ES0000000000004889CCPF;21/10/2022;6;0,148;R
ES0000000000004889CCPF;21/10/2022;7;0,266;R
ES0000000000004889CCPF;21/10/2022;8;0,152;R
ES0000000000004889CCPF;21/10/2022;9;0,113;R
ES0000000000004889CCPF;21/10/2022;10;0,15;R
ES0000000000004889CCPF;21/10/2022;11;0,149;R
ES0000000000004889CCPF;21/10/2022;12;0,128;R
ES0000000000004889CCPF;21/10/2022;13;0,134;R
ES0000000000004889CCPF;21/10/2022;14;0,141;R
ES0000000000004889CCPF;21/10/2022;15;0,238;R
ES0000000000004889CCPF;21/10/2022;16;0,38;R
ES0000000000004889CCPF;21/10/2022;17;0,638;R
ES0000000000004889CCPF;21/10/2022;18;0,142;R
ES0000000000004889CCPF;21/10/2022;19;0,16;R
ES0000000000004889CCPF;21/10/2022;20;0,162;R
ES0000000000004889CCPF;21/10/2022;21;0,179;R
ES0000000000004889CCPF;21/10/2022;22;0,359;R
ES0000000000004889CCPF;21/10/2022;23;0,415;R
ES0000000000004889CCPF;22/10/2022;0;0,082;R
ES0000000000004889CCPF;22/10/2022;1;0,096;R
ES0000000000004889CCPF;22/10/2022;2;0,117;R
ES0000000000004889CCPF;22/10/2022;3;0,116;R
ES0000000000004889CCPF;22/10/2022;4;0,1;R
ES0000000000004889CCPF;22/10/2022;5;0,106;R
ES0000000000004889CCPF;22/10/2022;6;0,098;R
ES0000000000004889CCPF;22/10/2022;7;0,558;R
ES0000000000004889CCPF;22/10/2022;8;0,571;R
ES0000000000004889CCPF;22/10/2022;9;0,762;R
ES0000000000004889CCPF;22/10/2022;10;0,149;R
ES0000000000004889CCPF;22/10/2022;11;0,107;R
ES0000000000004889CCPF;22/10/2022;12;0,098;R
ES0000000000004889CCPF;22/10/2022;13;0,095;R
ES0000000000004889CCPF;22/10/2022;14;0,087;R
ES0000000000004889CCPF;22/10/2022;15;0,116;R
ES0000000000004889CCPF;22/10/2022;16;0,115;R
ES0000000000004889CCPF;22/10/2022;17;0,106;R
ES0000000000004889CCPF;22/10/2022;18;0,087;R
ES0000000000004889CCPF;22/10/2022;19;0,097;R
ES0000000000004889CCPF;22/10/2022;20;0,093;R
ES0000000000004889CCPF;22/10/2022;21;0,095;R
ES0000000000004889CCPF;22/10/2022;22;0,362;R
ES0000000000004889CCPF;22/10/2022;23;0,167;R
ES0000000000004889CCPF;23/10/2022;0;0,128;R
ES0000000000004889CCPF;23/10/2022;1;0,084;R
ES0000000000004889CCPF;23/10/2022;2;0,097;R
ES0000000000004889CCPF;23/10/2022;3;0,105;R
ES0000000000004889CCPF;23/10/2022;4;0,113;R
ES0000000000004889CCPF;23/10/2022;5;0,101;R
ES0000000000004889CCPF;23/10/2022;6;0,118;R
ES0000000000004889CCPF;23/10/2022;7;0,262;R
ES0000000000004889CCPF;23/10/2022;8;0,428;R
ES0000000000004889CCPF;23/10/2022;9;0,224;R
ES0000000000004889CCPF;23/10/2022;10;0,546;R
ES0000000000004889CCPF;23/10/2022;11;0,142;R
ES0000000000004889CCPF;23/10/2022;12;0,425;R
ES0000000000004889CCPF;23/10/2022;13;0,106;R
ES0000000000004889CCPF;23/10/2022;14;0,096;R
ES0000000000004889CCPF;23/10/2022;15;0,087;R
ES0000000000004889CCPF;23/10/2022;16;0,132;R
ES0000000000004889CCPF;23/10/2022;17;0,163;R
ES0000000000004889CCPF;23/10/2022;18;0,176;R
ES0000000000004889CCPF;23/10/2022;19;0,183;R
ES0000000000004889CCPF;23/10/2022;20;0,181;R
ES0000000000004889CCPF;23/10/2022;21;0,148;R
ES0000000000004889CCPF;23/10/2022;22;0,158;R
ES0000000000004889CCPF;23/10/2022;23;0,131;R
ES0000000000004889CCPF;24/10/2022;0;0,357;R
ES0000000000004889CCPF;24/10/2022;1;0,093;R
ES0000000000004889CCPF;24/10/2022;2;0,112;R
ES0000000000004889CCPF;24/10/2022;3;0,102;R
ES0000000000004889CCPF;24/10/2022;4;0,103;R
ES0000000000004889CCPF;24/10/2022;5;0,103;R
ES0000000000004889CCPF;24/10/2022;6;0,08;R
ES0000000000004889CCPF;24/10/2022;7;0,135;R
ES0000000000004889CCPF;24/10/2022;8;0,135;R
ES0000000000004889CCPF;24/10/2022;9;0,195;R
ES0000000000004889CCPF;24/10/2022;10;0,148;R
ES0000000000004889CCPF;24/10/2022;11;0,229;R
ES0000000000004889CCPF;24/10/2022;12;0,295;R
ES0000000000004889CCPF;24/10/2022;13;0,124;R
ES0000000000004889CCPF;24/10/2022;14;0,886;R
ES0000000000004889CCPF;24/10/2022;15;0,446;R
ES0000000000004889CCPF;24/10/2022;16;0,212;R
ES0000000000004889CCPF;24/10/2022;17;0,462;R
ES0000000000004889CCPF;24/10/2022;18;0,124;R
ES0000000000004889CCPF;24/10/2022;19;0,138;R
ES0000000000004889CCPF;24/10/2022;20;0,134;R
ES0000000000004889CCPF;24/10/2022;21;0,139;R
ES0000000000004889CCPF;24/10/2022;22;0,342;R
ES0000000000004889CCPF;24/10/2022;23;0,161;R
ES0000000000004889CCPF;25/10/2022;0;0,161;R
ES0000000000004889CCPF;25/10/2022;1;0,168;R
ES0000000000004889CCPF;25/10/2022;2;0,14;R
ES0000000000004889CCPF;25/10/2022;3;0,126;R
ES0000000000004889CCPF;25/10/2022;4;0,12;R
ES0000000000004889CCPF;25/10/2022;5;0,117;R
ES0000000000004889CCPF;25/10/2022;6;0,119;R
ES0000000000004889CCPF;25/10/2022;7;0,136;R
ES0000000000004889CCPF;25/10/2022;8;0,179;R
ES0000000000004889CCPF;25/10/2022;9;0,17;R
ES0000000000004889CCPF;25/10/2022;10;0,172;R
ES0000000000004889CCPF;25/10/2022;11;0,148;R
ES0000000000004889CCPF;25/10/2022;12;0,149;R
ES0000000000004889CCPF;25/10/2022;13;0,154;R
ES0000000000004889CCPF;25/10/2022;14;0,163;R
ES0000000000004889CCPF;25/10/2022;15;0,194;R
ES0000000000004889CCPF;25/10/2022;16;0,178;R
ES0000000000004889CCPF;25/10/2022;17;0,169;R
ES0000000000004889CCPF;25/10/2022;18;0,172;R
ES0000000000004889CCPF;25/10/2022;19;0,15;R
ES0000000000004889CCPF;25/10/2022;20;0,17;R
ES0000000000004889CCPF;25/10/2022;21;0,204;R
ES0000000000004889CCPF;25/10/2022;22;0,208;R
ES0000000000004889CCPF;25/10/2022;23;0,22;R
ES0000000000004889CCPF;26/10/2022;0;0,182;R
ES0000000000004889CCPF;26/10/2022;1;0,169;R
ES0000000000004889CCPF;26/10/2022;2;0,141;R
ES0000000000004889CCPF;26/10/2022;3;0,127;R
ES0000000000004889CCPF;26/10/2022;4;0,12;R
ES0000000000004889CCPF;26/10/2022;5;0,118;R
ES0000000000004889CCPF;26/10/2022;6;0,12;R
ES0000000000004889CCPF;26/10/2022;7;0,136;R
ES0000000000004889CCPF;26/10/2022;8;0,18;R
ES0000000000004889CCPF;26/10/2022;9;0,171;R
ES0000000000004889CCPF;26/10/2022;10;0,172;R
ES0000000000004889CCPF;26/10/2022;11;0,148;R
ES0000000000004889CCPF;26/10/2022;12;0,149;R
ES0000000000004889CCPF;26/10/2022;13;0,154;R
ES0000000000004889CCPF;26/10/2022;14;0,163;R
ES0000000000004889CCPF;26/10/2022;15;0,194;R
ES0000000000004889CCPF;26/10/2022;16;0,178;R
ES0000000000004889CCPF;26/10/2022;17;0,169;R
ES0000000000004889CCPF;26/10/2022;18;0,172;R
ES0000000000004889CCPF;26/10/2022;19;0,149;R
ES0000000000004889CCPF;26/10/2022;20;0,17;R
ES0000000000004889CCPF;26/10/2022;21;0,204;R
ES0000000000004889CCPF;26/10/2022;22;0,208;R
ES0000000000004889CCPF;26/10/2022;23;0,22;R
ES0000000000004889CCPF;27/10/2022;0;0,182;R
ES0000000000004889CCPF;27/10/2022;1;0,169;R
ES0000000000004889CCPF;27/10/2022;2;0,141;R
ES0000000000004889CCPF;27/10/2022;3;0,126;R
ES0000000000004889CCPF;27/10/2022;4;0,12;R
ES0000000000004889CCPF;27/10/2022;5;0,117;R
ES0000000000004889CCPF;27/10/2022;6;0,119;R
ES0000000000004889CCPF;27/10/2022;7;0,136;R
ES0000000000004889CCPF;27/10/2022;8;0,384;R
ES0000000000004889CCPF;27/10/2022;9;0,496;R
ES0000000000004889CCPF;27/10/2022;10;0,131;R
ES0000000000004889CCPF;27/10/2022;11;0,099;R
ES0000000000004889CCPF;27/10/2022;12;0,085;R
ES0000000000004889CCPF;27/10/2022;13;0,098;R
ES0000000000004889CCPF;27/10/2022;14;0,439;R
ES0000000000004889CCPF;27/10/2022;15;0,686;R
ES0000000000004889CCPF;27/10/2022;16;0,13;R
ES0000000000004889CCPF;27/10/2022;17;0,124;R
ES0000000000004889CCPF;27/10/2022;18;0,149;R
ES0000000000004889CCPF;27/10/2022;19;0,141;R
ES0000000000004889CCPF;27/10/2022;20;0,597;R
ES0000000000004889CCPF;27/10/2022;21;0,292;R
ES0000000000004889CCPF;27/10/2022;22;0,156;R
ES0000000000004889CCPF;27/10/2022;23;0,11;R
ES0000000000004889CCPF;28/10/2022;0;0,157;R
ES0000000000004889CCPF;28/10/2022;1;0,162;R
ES0000000000004889CCPF;28/10/2022;2;0,161;R
ES0000000000004889CCPF;28/10/2022;3;0,121;R
ES0000000000004889CCPF;28/10/2022;4;0,11;R
ES0000000000004889CCPF;28/10/2022;5;0,101;R
ES0000000000004889CCPF;28/10/2022;6;0,101;R
ES0000000000004889CCPF;28/10/2022;7;0,095;R
ES0000000000004889CCPF;28/10/2022;8;0,087;R
ES0000000000004889CCPF;28/10/2022;9;0,447;R
ES0000000000004889CCPF;28/10/2022;10;0,162;R
ES0000000000004889CCPF;28/10/2022;11;0,148;R
ES0000000000004889CCPF;28/10/2022;12;0,11;R
ES0000000000004889CCPF;28/10/2022;13;0,119;R
ES0000000000004889CCPF;28/10/2022;14;0,155;R
ES0000000000004889CCPF;28/10/2022;15;0,303;R
ES0000000000004889CCPF;28/10/2022;16;0,154;R
ES0000000000004889CCPF;28/10/2022;17;0,143;R
ES0000000000004889CCPF;28/10/2022;18;0,162;R
ES0000000000004889CCPF;28/10/2022;19;0,142;R
ES0000000000004889CCPF;28/10/2022;20;0,407;R
ES0000000000004889CCPF;28/10/2022;21;0,46;R
ES0000000000004889CCPF;28/10/2022;22;0,188;R
ES0000000000004889CCPF;28/10/2022;23;0,119;R
ES0000000000004889CCPF;29/10/2022;0;0,098;R
ES0000000000004889CCPF;29/10/2022;1;0,114;R
ES0000000000004889CCPF;29/10/2022;2;0,121;R
ES0000000000004889CCPF;29/10/2022;3;0,119;R
ES0000000000004889CCPF;29/10/2022;4;0,083;R
ES0000000000004889CCPF;29/10/2022;5;0,095;R
ES0000000000004889CCPF;29/10/2022;6;0,105;R
ES0000000000004889CCPF;29/10/2022;7;0,123;R
ES0000000000004889CCPF;29/10/2022;8;0,11;R
ES0000000000004889CCPF;29/10/2022;9;0,302;R
ES0000000000004889CCPF;29/10/2022;10;0,526;R
ES0000000000004889CCPF;29/10/2022;11;0,126;R
ES0000000000004889CCPF;29/10/2022;12;0,217;R
ES0000000000004889CCPF;29/10/2022;13;0,123;R
ES0000000000004889CCPF;29/10/2022;14;0,174;R
ES0000000000004889CCPF;29/10/2022;15;0,239;R
ES0000000000004889CCPF;29/10/2022;16;0,101;R
ES0000000000004889CCPF;29/10/2022;17;0,39;R
ES0000000000004889CCPF;29/10/2022;18;0,252;R
ES0000000000004889CCPF;29/10/2022;19;0,173;R
ES0000000000004889CCPF;29/10/2022;20;0,397;R
ES0000000000004889CCPF;29/10/2022;21;0,42;R
ES0000000000004889CCPF;29/10/2022;22;0,182;R
ES0000000000004889CCPF;29/10/2022;23;0,575;R
ES0000000000004889CCPF;30/10/2022;0;0,124;R
ES0000000000004889CCPF;30/10/2022;1;0,123;R
ES0000000000004889CCPF;30/10/2022;2;0,139;R
ES0000000000004889CCPF;30/10/2022;2;0,113;R
ES0000000000004889CCPF;30/10/2022;3;0,109;R
ES0000000000004889CCPF;30/10/2022;4;0,1;R
ES0000000000004889CCPF;30/10/2022;5;0,097;R
ES0000000000004889CCPF;30/10/2022;6;0,122;R
ES0000000000004889CCPF;30/10/2022;7;0,121;R
ES0000000000004889CCPF;30/10/2022;8;0,593;R
ES0000000000004889CCPF;30/10/2022;9;0,98;R
ES0000000000004889CCPF;30/10/2022;10;0,448;R
ES0000000000004889CCPF;30/10/2022;11;0,181;R
ES0000000000004889CCPF;30/10/2022;12;0,112;R
ES0000000000004889CCPF;30/10/2022;13;0,285;R
ES0000000000004889CCPF;30/10/2022;14;1,693;R
ES0000000000004889CCPF;30/10/2022;15;0,243;R
ES0000000000004889CCPF;30/10/2022;16;0,233;R
ES0000000000004889CCPF;30/10/2022;17;0,246;R
ES0000000000004889CCPF;30/10/2022;18;0,117;R
ES0000000000004889CCPF;30/10/2022;19;0,092;R
ES0000000000004889CCPF;30/10/2022;20;0,134;R
ES0000000000004889CCPF;30/10/2022;21;0,263;R
ES0000000000004889CCPF;30/10/2022;22;0,239;R
ES0000000000004889CCPF;30/10/2022;23;0,217;R
ES0000000000004889CCPF;31/10/2022;0;0,161;R
ES0000000000004889CCPF;31/10/2022;1;0,109;R
ES0000000000004889CCPF;31/10/2022;2;0,109;R
ES0000000000004889CCPF;31/10/2022;3;0,109;R
ES0000000000004889CCPF;31/10/2022;4;0,363;R
ES0000000000004889CCPF;31/10/2022;5;0,099;R
ES0000000000004889CCPF;31/10/2022;6;0,084;R
ES0000000000004889CCPF;31/10/2022;7;0,101;R
ES0000000000004889CCPF;31/10/2022;8;0,151;R
ES0000000000004889CCPF;31/10/2022;9;0,213;R
ES0000000000004889CCPF;31/10/2022;10;0,199;R
ES0000000000004889CCPF;31/10/2022;11;0,175;R
ES0000000000004889CCPF;31/10/2022;12;0,453;R
ES0000000000004889CCPF;31/10/2022;13;0,374;R
ES0000000000004889CCPF;31/10/2022;14;0,695;R
ES0000000000004889CCPF;31/10/2022;15;0,235;R
ES0000000000004889CCPF;31/10/2022;16;0,21;R
ES0000000000004889CCPF;31/10/2022;17;0,187;R
ES0000000000004889CCPF;31/10/2022;18;0,185;R
ES0000000000004889CCPF;31/10/2022;19;0,19;R
ES0000000000004889CCPF;31/10/2022;20;0,157;R
ES0000000000004889CCPF;31/10/2022;21;0,162;R
ES0000000000004889CCPF;31/10/2022;22;0,291;R
ES0000000000004889CCPF;31/10/2022;23;0,441;R
ES0000000000004889CCPF;01/11/2022;0;0,112;R
ES0000000000004889CCPF;01/11/2022;1;0,09;R
ES0000000000004889CCPF;01/11/2022;2;0,085;R
ES0000000000004889CCPF;01/11/2022;3;0,107;R
ES0000000000004889CCPF;01/11/2022;4;0,108;R
ES0000000000004889CCPF;01/11/2022;5;0,098;R
ES0000000000004889CCPF;01/11/2022;6;0,113;R
ES0000000000004889CCPF;01/11/2022;7;0,096;R
ES0000000000004889CCPF;01/11/2022;8;0,166;R
ES0000000000004889CCPF;01/11/2022;9;0,183;R
ES0000000000004889CCPF;01/11/2022;10;0,478;R
ES0000000000004889CCPF;01/11/2022;11;0,081;R
ES0000000000004889CCPF;01/11/2022;12;0,734;R
ES0000000000004889CCPF;01/11/2022;13;0,227;R
ES0000000000004889CCPF;01/11/2022;14;0,252;R
ES0000000000004889CCPF;01/11/2022;15;0,968;R
ES0000000000004889CCPF;01/11/2022;16;0,67;R
ES0000000000004889CCPF;01/11/2022;17;0,239;R
ES0000000000004889CCPF;01/11/2022;18;0,163;R
ES0000000000004889CCPF;01/11/2022;19;0,26;R
ES0000000000004889CCPF;01/11/2022;20;0,205;R
ES0000000000004889CCPF;01/11/2022;21;0,69;R
ES0000000000004889CCPF;01/11/2022;22;0,269;R
ES0000000000004889CCPF;01/11/2022;23;0,242;R
ES0000000000004889CCPF;02/11/2022;0;0,143;R
ES0000000000004889CCPF;02/11/2022;1;0,12;R
ES0000000000004889CCPF;02/11/2022;2;0,122;R
ES0000000000004889CCPF;02/11/2022;3;0,143;R
ES0000000000004889CCPF;02/11/2022;4;0,102;R
ES0000000000004889CCPF;02/11/2022;5;0,12;R
ES0000000000004889CCPF;02/11/2022;6;0,133;R
ES0000000000004889CCPF;02/11/2022;7;0,142;R
ES0000000000004889CCPF;02/11/2022;8;0,099;R
ES0000000000004889CCPF;02/11/2022;9;0,42;R
ES0000000000004889CCPF;02/11/2022;10;0,144;R
ES0000000000004889CCPF;02/11/2022;11;0,173;R
ES0000000000004889CCPF;02/11/2022;12;0,137;R
ES0000000000004889CCPF;02/11/2022;13;0,134;R
ES0000000000004889CCPF;02/11/2022;14;0,133;R
ES0000000000004889CCPF;02/11/2022;15;0,117;R
ES0000000000004889CCPF;02/11/2022;16;0,332;R
ES0000000000004889CCPF;02/11/2022;17;0,261;R
ES0000000000004889CCPF;02/11/2022;18;0,435;R
ES0000000000004889CCPF;02/11/2022;19;0,785;R
ES0000000000004889CCPF;02/11/2022;20;0,163;R
ES0000000000004889CCPF;02/11/2022;21;0,23;R
ES0000000000004889CCPF;02/11/2022;22;0,767;R
ES0000000000004889CCPF;02/11/2022;23;0,163;R
ES0000000000004889CCPF;03/11/2022;0;0,091;R
ES0000000000004889CCPF;03/11/2022;1;0,194;R
ES0000000000004889CCPF;03/11/2022;2;0,159;R
ES0000000000004889CCPF;03/11/2022;3;0,14;R
ES0000000000004889CCPF;03/11/2022;4;0,131;R
ES0000000000004889CCPF;03/11/2022;5;0,129;R
ES0000000000004889CCPF;03/11/2022;6;0,133;R
ES0000000000004889CCPF;03/11/2022;7;0,154;R
ES0000000000004889CCPF;03/11/2022;8;0,201;R
ES0000000000004889CCPF;03/11/2022;9;0,189;R
ES0000000000004889CCPF;03/11/2022;10;0,192;R
ES0000000000004889CCPF;03/11/2022;11;0,164;R
ES0000000000004889CCPF;03/11/2022;12;0,164;R
ES0000000000004889CCPF;03/11/2022;13;0,165;R
ES0000000000004889CCPF;03/11/2022;14;0,176;R
ES0000000000004889CCPF;03/11/2022;15;0,213;R
ES0000000000004889CCPF;03/11/2022;16;0,201;R
ES0000000000004889CCPF;03/11/2022;17;0,194;R
ES0000000000004889CCPF;03/11/2022;18;0,201;R
ES0000000000004889CCPF;03/11/2022;19;0,195;R
ES0000000000004889CCPF;03/11/2022;20;0,218;R
ES0000000000004889CCPF;03/11/2022;21;0,236;R
ES0000000000004889CCPF;03/11/2022;22;0,238;R
ES0000000000004889CCPF;03/11/2022;23;0,261;R
ES0000000000004889CCPF;04/11/2022;0;0,214;R
ES0000000000004889CCPF;04/11/2022;1;0,18;R
ES0000000000004889CCPF;04/11/2022;2;0,148;R
ES0000000000004889CCPF;04/11/2022;3;0,129;R
ES0000000000004889CCPF;04/11/2022;4;0,12;R
ES0000000000004889CCPF;04/11/2022;5;0,118;R
ES0000000000004889CCPF;04/11/2022;6;0,121;R
ES0000000000004889CCPF;04/11/2022;7;0,139;R
ES0000000000004889CCPF;04/11/2022;8;0,178;R
ES0000000000004889CCPF;04/11/2022;9;0,169;R
ES0000000000004889CCPF;04/11/2022;10;0,178;R
ES0000000000004889CCPF;04/11/2022;11;0,153;R
ES0000000000004889CCPF;04/11/2022;12;0,152;R
ES0000000000004889CCPF;04/11/2022;13;0,153;R
ES0000000000004889CCPF;04/11/2022;14;0,163;R
ES0000000000004889CCPF;04/11/2022;15;0,199;R
ES0000000000004889CCPF;04/11/2022;16;0,189;R
ES0000000000004889CCPF;04/11/2022;17;0,181;R
ES0000000000004889CCPF;04/11/2022;18;0,186;R
ES0000000000004889CCPF;04/11/2022;19;0,178;R
ES0000000000004889CCPF;04/11/2022;20;0,192;R
ES0000000000004889CCPF;04/11/2022;21;0,202;R
ES0000000000004889CCPF;04/11/2022;22;0,206;R
ES0000000000004889CCPF;04/11/2022;23;0,235;R
ES0000000000004889CCPF;05/11/2022;0;0,202;R
ES0000000000004889CCPF;05/11/2022;1;0,211;R
ES0000000000004889CCPF;05/11/2022;2;0,175;R
ES0000000000004889CCPF;05/11/2022;3;0,152;R
ES0000000000004889CCPF;05/11/2022;4;0,141;R
ES0000000000004889CCPF;05/11/2022;5;0,135;R
ES0000000000004889CCPF;05/11/2022;6;0,137;R
ES0000000000004889CCPF;05/11/2022;7;0,143;R
ES0000000000004889CCPF;05/11/2022;8;0,157;R
ES0000000000004889CCPF;05/11/2022;9;0,185;R
ES0000000000004889CCPF;05/11/2022;10;0,232;R
ES0000000000004889CCPF;05/11/2022;11;0,26;R
ES0000000000004889CCPF;05/11/2022;12;0,263;R
ES0000000000004889CCPF;05/11/2022;13;0,259;R
ES0000000000004889CCPF;05/11/2022;14;0,274;R
ES0000000000004889CCPF;05/11/2022;15;0,274;R
ES0000000000004889CCPF;05/11/2022;16;0,248;R
ES0000000000004889CCPF;05/11/2022;17;0,23;R
ES0000000000004889CCPF;05/11/2022;18;0,23;R
ES0000000000004889CCPF;05/11/2022;19;0,265;R
ES0000000000004889CCPF;05/11/2022;20;0,282;R
ES0000000000004889CCPF;05/11/2022;21;0,294;R
ES0000000000004889CCPF;05/11/2022;22;0,303;R
ES0000000000004889CCPF;05/11/2022;23;0,287;R
ES0000000000004889CCPF;06/11/2022;0;0,253;R
ES0000000000004889CCPF;06/11/2022;1;0,206;R
ES0000000000004889CCPF;06/11/2022;2;0,172;R
ES0000000000004889CCPF;06/11/2022;3;0,15;R
ES0000000000004889CCPF;06/11/2022;4;0,137;R
ES0000000000004889CCPF;06/11/2022;5;0,131;R
ES0000000000004889CCPF;06/11/2022;6;0,132;R
ES0000000000004889CCPF;06/11/2022;7;0,136;R
ES0000000000004889CCPF;06/11/2022;8;0,144;R
ES0000000000004889CCPF;06/11/2022;9;0,163;R
ES0000000000004889CCPF;06/11/2022;10;0,208;R
ES0000000000004889CCPF;06/11/2022;11;0,244;R
ES0000000000004889CCPF;06/11/2022;12;0,256;R
ES0000000000004889CCPF;06/11/2022;13;0,255;R
ES0000000000004889CCPF;06/11/2022;14;0,267;R
ES0000000000004889CCPF;06/11/2022;15;0,266;R
ES0000000000004889CCPF;06/11/2022;16;0,236;R
ES0000000000004889CCPF;06/11/2022;17;0,219;R
ES0000000000004889CCPF;06/11/2022;18;0,22;R
ES0000000000004889CCPF;06/11/2022;19;0,262;R
ES0000000000004889CCPF;06/11/2022;20;0,29;R
ES0000000000004889CCPF;06/11/2022;21;0,311;R
ES0000000000004889CCPF;06/11/2022;22;0,314;R
ES0000000000004889CCPF;06/11/2022;23;0,285;R
ES0000000000004889CCPF;07/11/2022;0;0,239;R
ES0000000000004889CCPF;07/11/2022;1;0,192;R
ES0000000000004889CCPF;07/11/2022;2;0,157;R
ES0000000000004889CCPF;07/11/2022;3;0,139;R
ES0000000000004889CCPF;07/11/2022;4;0,13;R
ES0000000000004889CCPF;07/11/2022;5;0,128;R
ES0000000000004889CCPF;07/11/2022;6;0,132;R
ES0000000000004889CCPF;07/11/2022;7;0,153;R
ES0000000000004889CCPF;07/11/2022;8;0,2;R
ES0000000000004889CCPF;07/11/2022;9;0,188;R
ES0000000000004889CCPF;07/11/2022;10;0,193;R
ES0000000000004889CCPF;07/11/2022;11;0,167;R
ES0000000000004889CCPF;07/11/2022;12;0,167;R
ES0000000000004889CCPF;07/11/2022;13;0,169;R
ES0000000000004889CCPF;07/11/2022;14;0,179;R
ES0000000000004889CCPF;07/11/2022;15;0,217;R
ES0000000000004889CCPF;07/11/2022;16;0,205;R
ES0000000000004889CCPF;07/11/2022;17;0,196;R
ES0000000000004889CCPF;07/11/2022;18;0,203;R
ES0000000000004889CCPF;07/11/2022;19;0,198;R
ES0000000000004889CCPF;07/11/2022;20;0,221;R
ES0000000000004889CCPF;07/11/2022;21;0,24;R
ES0000000000004889CCPF;07/11/2022;22;0,243;R
ES0000000000004889CCPF;07/11/2022;23;0,265;R
ES0000000000004889CCPF;08/11/2022;0;0,216;R
ES0000000000004889CCPF;08/11/2022;1;0,197;R
ES0000000000004889CCPF;08/11/2022;2;0,161;R
ES0000000000004889CCPF;08/11/2022;3;0,142;R
ES0000000000004889CCPF;08/11/2022;4;0,133;R
ES0000000000004889CCPF;08/11/2022;5;0,13;R
ES0000000000004889CCPF;08/11/2022;6;0,134;R
ES0000000000004889CCPF;08/11/2022;7;0,156;R
ES0000000000004889CCPF;08/11/2022;8;0,205;R
ES0000000000004889CCPF;08/11/2022;9;0,192;R
ES0000000000004889CCPF;08/11/2022;10;0,196;R
ES0000000000004889CCPF;08/11/2022;11;0,168;R
ES0000000000004889CCPF;08/11/2022;12;0,167;R
ES0000000000004889CCPF;08/11/2022;13;0,168;R
ES0000000000004889CCPF;08/11/2022;14;0,179;R
ES0000000000004889CCPF;08/11/2022;15;0,216;R
ES0000000000004889CCPF;08/11/2022;16;0,204;R
ES0000000000004889CCPF;08/11/2022;17;0,197;R
ES0000000000004889CCPF;08/11/2022;18;0,204;R
ES0000000000004889CCPF;08/11/2022;19;0,199;R
ES0000000000004889CCPF;08/11/2022;20;0,221;R
ES0000000000004889CCPF;08/11/2022;21;0,24;R
ES0000000000004889CCPF;08/11/2022;22;0,243;R
ES0000000000004889CCPF;08/11/2022;23;0,267;R
ES0000000000004889CCPF;09/11/2022;0;0,219;R
ES0000000000004889CCPF;09/11/2022;1;0,199;R
ES0000000000004889CCPF;09/11/2022;2;0,162;R
ES0000000000004889CCPF;09/11/2022;3;0,142;R
ES0000000000004889CCPF;09/11/2022;4;0,134;R
ES0000000000004889CCPF;09/11/2022;5;0,131;R
ES0000000000004889CCPF;09/11/2022;6;0,135;R
ES0000000000004889CCPF;09/11/2022;7;0,157;R
ES0000000000004889CCPF;09/11/2022;8;0,206;R
ES0000000000004889CCPF;09/11/2022;9;0,193;R
ES0000000000004889CCPF;09/11/2022;10;0,197;R
ES0000000000004889CCPF;09/11/2022;11;0,168;R
ES0000000000004889CCPF;09/11/2022;12;0,168;R
ES0000000000004889CCPF;09/11/2022;13;0,169;R
ES0000000000004889CCPF;09/11/2022;14;0,18;R
ES0000000000004889CCPF;09/11/2022;15;0,217;R
ES0000000000004889CCPF;09/11/2022;16;0,206;R
ES0000000000004889CCPF;09/11/2022;17;0,198;R
ES0000000000004889CCPF;09/11/2022;18;0,205;R
ES0000000000004889CCPF;09/11/2022;19;0,2;R
ES0000000000004889CCPF;09/11/2022;20;0,222;R
ES0000000000004889CCPF;09/11/2022;21;0,241;R
ES0000000000004889CCPF;09/11/2022;22;0,243;R
ES0000000000004889CCPF;09/11/2022;23;0,268;R
ES0000000000004889CCPF;10/11/2022;0;0,22;R
ES0000000000004889CCPF;10/11/2022;1;0,2;R
ES0000000000004889CCPF;10/11/2022;2;0,162;R
ES0000000000004889CCPF;10/11/2022;3;0,143;R
ES0000000000004889CCPF;10/11/2022;4;0,134;R
ES0000000000004889CCPF;10/11/2022;5;0,132;R
ES0000000000004889CCPF;10/11/2022;6;0,136;R
ES0000000000004889CCPF;10/11/2022;7;0,157;R
ES0000000000004889CCPF;10/11/2022;8;0,207;R
ES0000000000004889CCPF;10/11/2022;9;0,194;R
ES0000000000004889CCPF;10/11/2022;10;0,197;R
ES0000000000004889CCPF;10/11/2022;11;0,169;R
ES0000000000004889CCPF;10/11/2022;12;0,168;R
ES0000000000004889CCPF;10/11/2022;13;0,169;R
ES0000000000004889CCPF;10/11/2022;14;0,18;R
ES0000000000004889CCPF;10/11/2022;15;0,217;R
ES0000000000004889CCPF;10/11/2022;16;0,206;R
ES0000000000004889CCPF;10/11/2022;17;0,198;R
ES0000000000004889CCPF;10/11/2022;18;0,206;R
ES0000000000004889CCPF;10/11/2022;19;0,2;R
ES0000000000004889CCPF;10/11/2022;20;0,222;R
ES0000000000004889CCPF;10/11/2022;21;0,241;R
ES0000000000004889CCPF;10/11/2022;22;0,243;R
ES0000000000004889CCPF;10/11/2022;23;0,268;R
ES0000000000004889CCPF;11/11/2022;0;0,22;R
ES0000000000004889CCPF;11/11/2022;1;0,193;R
ES0000000000004889CCPF;11/11/2022;2;0,158;R
ES0000000000004889CCPF;11/11/2022;3;0,138;R
ES0000000000004889CCPF;11/11/2022;4;0,129;R
ES0000000000004889CCPF;11/11/2022;5;0,126;R
ES0000000000004889CCPF;11/11/2022;6;0,129;R
ES0000000000004889CCPF;11/11/2022;7;0,148;R
ES0000000000004889CCPF;11/11/2022;8;0,19;R
ES0000000000004889CCPF;11/11/2022;9;0,198;R
ES0000000000004889CCPF;11/11/2022;10;0,208;R
ES0000000000004889CCPF;11/11/2022;11;0,194;R
ES0000000000004889CCPF;11/11/2022;12;0,192;R
ES0000000000004889CCPF;11/11/2022;13;0,193;R
ES0000000000004889CCPF;11/11/2022;14;0,206;R
ES0000000000004889CCPF;11/11/2022;15;0,233;R
ES0000000000004889CCPF;11/11/2022;16;0,22;R
ES0000000000004889CCPF;11/11/2022;17;0,212;R
ES0000000000004889CCPF;11/11/2022;18;0,218;R
ES0000000000004889CCPF;11/11/2022;19;0,225;R
ES0000000000004889CCPF;11/11/2022;20;0,243;R
ES0000000000004889CCPF;11/11/2022;21;0,255;R
ES0000000000004889CCPF;11/11/2022;22;0,26;R
ES0000000000004889CCPF;11/11/2022;23;0,275;R
ES0000000000004889CCPF;12/11/2022;0;0,237;R
ES0000000000004889CCPF;12/11/2022;1;0,225;R
ES0000000000004889CCPF;12/11/2022;2;0,187;R
ES0000000000004889CCPF;12/11/2022;3;0,162;R
ES0000000000004889CCPF;12/11/2022;4;0,149;R
ES0000000000004889CCPF;12/11/2022;5;0,144;R
ES0000000000004889CCPF;12/11/2022;6;0,145;R
ES0000000000004889CCPF;12/11/2022;7;0,611;R
ES0000000000004889CCPF;12/11/2022;8;0,09;R
ES0000000000004889CCPF;12/11/2022;9;0,108;R
ES0000000000004889CCPF;12/11/2022;10;0,934;R
ES0000000000004889CCPF;12/11/2022;11;0,237;R
ES0000000000004889CCPF;12/11/2022;12;0,435;R
ES0000000000004889CCPF;12/11/2022;13;0,079;R
ES0000000000004889CCPF;12/11/2022;14;0,097;R
ES0000000000004889CCPF;12/11/2022;15;0,076;R
ES0000000000004889CCPF;12/11/2022;16;0,077;R
ES0000000000004889CCPF;12/11/2022;17;0,098;R
ES0000000000004889CCPF;12/11/2022;18;0,083;R
ES0000000000004889CCPF;12/11/2022;19;0,087;R
ES0000000000004889CCPF;12/11/2022;20;0,099;R
ES0000000000004889CCPF;12/11/2022;21;0,083;R
ES0000000000004889CCPF;12/11/2022;22;0,084;R
ES0000000000004889CCPF;12/11/2022;23;0,342;R
ES0000000000004889CCPF;13/11/2022;0;0,287;R
ES0000000000004889CCPF;13/11/2022;1;0,13;R
ES0000000000004889CCPF;13/11/2022;2;0,084;R
ES0000000000004889CCPF;13/11/2022;3;0,078;R
ES0000000000004889CCPF;13/11/2022;4;0,091;R
ES0000000000004889CCPF;13/11/2022;5;0,082;R
ES0000000000004889CCPF;13/11/2022;6;0,078;R
ES0000000000004889CCPF;13/11/2022;7;0,077;R
ES0000000000004889CCPF;13/11/2022;8;0,103;R
ES0000000000004889CCPF;13/11/2022;9;0,319;R
ES0000000000004889CCPF;13/11/2022;10;0,194;R
ES0000000000004889CCPF;13/11/2022;11;0,354;R
ES0000000000004889CCPF;13/11/2022;12;0,141;R
ES0000000000004889CCPF;13/11/2022;13;0,085;R
ES0000000000004889CCPF;13/11/2022;14;0,103;R
ES0000000000004889CCPF;13/11/2022;15;0,084;R
ES0000000000004889CCPF;13/11/2022;16;0,347;R
ES0000000000004889CCPF;13/11/2022;17;0,239;R
ES0000000000004889CCPF;13/11/2022;18;0,208;R
ES0000000000004889CCPF;13/11/2022;19;0,505;R
ES0000000000004889CCPF;13/11/2022;20;0,702;R
ES0000000000004889CCPF;13/11/2022;21;0,212;R
ES0000000000004889CCPF;13/11/2022;22;0,336;R
ES0000000000004889CCPF;13/11/2022;23;0,211;R
ES0000000000004889CCPF;14/11/2022;0;0,173;R
ES0000000000004889CCPF;14/11/2022;1;0,099;R
ES0000000000004889CCPF;14/11/2022;2;0,088;R
ES0000000000004889CCPF;14/11/2022;3;0,104;R
ES0000000000004889CCPF;14/11/2022;4;0,088;R
ES0000000000004889CCPF;14/11/2022;5;0,1;R
ES0000000000004889CCPF;14/11/2022;6;0,076;R
ES0000000000004889CCPF;14/11/2022;7;0,114;R
ES0000000000004889CCPF;14/11/2022;8;0,378;R
ES0000000000004889CCPF;14/11/2022;9;0,311;R
ES0000000000004889CCPF;14/11/2022;10;0,14;R
ES0000000000004889CCPF;14/11/2022;11;0,11;R
ES0000000000004889CCPF;14/11/2022;12;0,105;R
ES0000000000004889CCPF;14/11/2022;13;0,329;R
ES0000000000004889CCPF;14/11/2022;14;0,253;R
ES0000000000004889CCPF;14/11/2022;15;0,268;R
ES0000000000004889CCPF;14/11/2022;16;0,141;R
ES0000000000004889CCPF;14/11/2022;17;0,264;R
ES0000000000004889CCPF;14/11/2022;18;0,115;R
ES0000000000004889CCPF;14/11/2022;19;0,405;R
ES0000000000004889CCPF;14/11/2022;20;0,13;R
ES0000000000004889CCPF;14/11/2022;21;0,201;R
ES0000000000004889CCPF;14/11/2022;22;0,777;R
ES0000000000004889CCPF;14/11/2022;23;0,223;R
ES0000000000004889CCPF;15/11/2022;0;0,101;R
ES0000000000004889CCPF;15/11/2022;1;0,105;R
ES0000000000004889CCPF;15/11/2022;2;0,087;R
ES0000000000004889CCPF;15/11/2022;3;0,086;R
ES0000000000004889CCPF;15/11/2022;4;0,103;R
ES0000000000004889CCPF;15/11/2022;5;0,076;R
ES0000000000004889CCPF;15/11/2022;6;0,076;R
ES0000000000004889CCPF;15/11/2022;7;0,283;R
ES0000000000004889CCPF;15/11/2022;8;0,313;R
ES0000000000004889CCPF;15/11/2022;9;0,12;R
ES0000000000004889CCPF;15/11/2022;10;0,126;R
ES0000000000004889CCPF;15/11/2022;11;0,128;R
ES0000000000004889CCPF;15/11/2022;12;0,142;R
ES0000000000004889CCPF;15/11/2022;13;0,117;R
ES0000000000004889CCPF;15/11/2022;14;0,106;R
ES0000000000004889CCPF;15/11/2022;15;0,119;R
ES0000000000004889CCPF;15/11/2022;16;0,186;R
ES0000000000004889CCPF;15/11/2022;17;0,725;R
ES0000000000004889CCPF;15/11/2022;18;0,178;R
ES0000000000004889CCPF;15/11/2022;19;0,188;R
ES0000000000004889CCPF;15/11/2022;20;0,18;R
ES0000000000004889CCPF;15/11/2022;21;0,225;R
ES0000000000004889CCPF;15/11/2022;22;0,388;R
ES0000000000004889CCPF;15/11/2022;23;0,197;R
ES0000000000004889CCPF;16/11/2022;0;0,088;R
ES0000000000004889CCPF;16/11/2022;1;0,076;R
ES0000000000004889CCPF;16/11/2022;2;0,077;R
ES0000000000004889CCPF;16/11/2022;3;0,089;R
ES0000000000004889CCPF;16/11/2022;4;0,074;R
ES0000000000004889CCPF;16/11/2022;5;0,086;R
ES0000000000004889CCPF;16/11/2022;6;0,087;R
ES0000000000004889CCPF;16/11/2022;7;0,267;R
ES0000000000004889CCPF;16/11/2022;8;0,597;R
ES0000000000004889CCPF;16/11/2022;9;0,111;R
ES0000000000004889CCPF;16/11/2022;10;0,081;R
ES0000000000004889CCPF;16/11/2022;11;0,106;R
ES0000000000004889CCPF;16/11/2022;12;0,1;R
ES0000000000004889CCPF;16/11/2022;13;0,114;R
ES0000000000004889CCPF;16/11/2022;14;0,14;R
ES0000000000004889CCPF;16/11/2022;15;0,129;R
ES0000000000004889CCPF;16/11/2022;16;0,64;R
ES0000000000004889CCPF;16/11/2022;17;0,392;R
ES0000000000004889CCPF;16/11/2022;18;0,171;R
ES0000000000004889CCPF;16/11/2022;19;0,173;R
ES0000000000004889CCPF;16/11/2022;20;0,14;R
ES0000000000004889CCPF;16/11/2022;21;0,193;R
ES0000000000004889CCPF;16/11/2022;22;0,365;R
ES0000000000004889CCPF;16/11/2022;23;0,17;R
ES0000000000004889CCPF;17/11/2022;0;0,361;R
ES0000000000004889CCPF;17/11/2022;1;0,093;R
ES0000000000004889CCPF;17/11/2022;2;0,095;R
ES0000000000004889CCPF;17/11/2022;3;0,087;R
ES0000000000004889CCPF;17/11/2022;4;0,086;R
ES0000000000004889CCPF;17/11/2022;5;0,104;R
ES0000000000004889CCPF;17/11/2022;6;0,086;R
ES0000000000004889CCPF;17/11/2022;7;0,107;R
ES0000000000004889CCPF;17/11/2022;8;0,719;R
ES0000000000004889CCPF;17/11/2022;9;0,723;R
ES0000000000004889CCPF;17/11/2022;10;0,116;R
ES0000000000004889CCPF;17/11/2022;11;0,097;R
ES0000000000004889CCPF;17/11/2022;12;0,124;R
ES0000000000004889CCPF;17/11/2022;13;0,11;R
ES0000000000004889CCPF;17/11/2022;14;0,387;R
ES0000000000004889CCPF;17/11/2022;15;0,144;R
ES0000000000004889CCPF;17/11/2022;16;0,292;R
ES0000000000004889CCPF;17/11/2022;17;0,253;R
ES0000000000004889CCPF;17/11/2022;18;0,165;R
ES0000000000004889CCPF;17/11/2022;19;0,354;R
ES0000000000004889CCPF;17/11/2022;20;0,43;R
ES0000000000004889CCPF;17/11/2022;21;0,232;R
ES0000000000004889CCPF;17/11/2022;22;0,345;R
ES0000000000004889CCPF;17/11/2022;23;0,186;R
ES0000000000004889CCPF;18/11/2022;0;0,094;R
ES0000000000004889CCPF;18/11/2022;1;0,076;R
ES0000000000004889CCPF;18/11/2022;2;0,094;R
ES0000000000004889CCPF;18/11/2022;3;0,074;R
ES0000000000004889CCPF;18/11/2022;4;0,076;R
ES0000000000004889CCPF;18/11/2022;5;0,106;R
ES0000000000004889CCPF;18/11/2022;6;0,105;R
ES0000000000004889CCPF;18/11/2022;7;0,264;R
ES0000000000004889CCPF;18/11/2022;8;0,412;R
ES0000000000004889CCPF;18/11/2022;9;0,096;R
ES0000000000004889CCPF;18/11/2022;10;0,091;R
ES0000000000004889CCPF;18/11/2022;11;0,13;R
ES0000000000004889CCPF;18/11/2022;12;0,093;R
ES0000000000004889CCPF;18/11/2022;13;0,092;R
ES0000000000004889CCPF;18/11/2022;14;0,382;R
ES0000000000004889CCPF;18/11/2022;15;0,164;R
ES0000000000004889CCPF;18/11/2022;16;0,192;R
ES0000000000004889CCPF;18/11/2022;17;0,153;R
ES0000000000004889CCPF;18/11/2022;18;0,131;R
ES0000000000004889CCPF;18/11/2022;19;0,404;R
ES0000000000004889CCPF;18/11/2022;20;0,094;R
ES0000000000004889CCPF;18/11/2022;21;0,093;R
ES0000000000004889CCPF;18/11/2022;22;0,074;R
ES0000000000004889CCPF;18/11/2022;23;0,073;R
ES0000000000004889CCPF;19/11/2022;0;0,085;R
ES0000000000004889CCPF;19/11/2022;1;0,138;R
ES0000000000004889CCPF;19/11/2022;2;0,105;R
ES0000000000004889CCPF;19/11/2022;3;0,088;R
ES0000000000004889CCPF;19/11/2022;4;0,083;R
ES0000000000004889CCPF;19/11/2022;5;0,083;R
ES0000000000004889CCPF;19/11/2022;6;0,083;R
ES0000000000004889CCPF;19/11/2022;7;0,082;R
ES0000000000004889CCPF;19/11/2022;8;0,341;R
ES0000000000004889CCPF;19/11/2022;9;0,242;R
ES0000000000004889CCPF;19/11/2022;10;0,134;R
ES0000000000004889CCPF;19/11/2022;11;0,073;R
ES0000000000004889CCPF;19/11/2022;12;0,077;R
ES0000000000004889CCPF;19/11/2022;13;0,086;R
ES0000000000004889CCPF;19/11/2022;14;0,192;R
ES0000000000004889CCPF;19/11/2022;15;0,342;R
ES0000000000004889CCPF;19/11/2022;16;0,622;R
ES0000000000004889CCPF;19/11/2022;17;0,261;R
ES0000000000004889CCPF;19/11/2022;18;0,22;R
ES0000000000004889CCPF;19/11/2022;19;1,525;R
ES0000000000004889CCPF;19/11/2022;20;0,694;R
ES0000000000004889CCPF;19/11/2022;21;0,241;R
ES0000000000004889CCPF;19/11/2022;22;0,192;R
ES0000000000004889CCPF;19/11/2022;23;0,291;R
ES0000000000004889CCPF;20/11/2022;0;0,195;R
ES0000000000004889CCPF;20/11/2022;1;0,088;R
ES0000000000004889CCPF;20/11/2022;2;0,086;R
ES0000000000004889CCPF;20/11/2022;3;0,099;R
ES0000000000004889CCPF;20/11/2022;4;0,082;R
ES0000000000004889CCPF;20/11/2022;5;0,081;R
ES0000000000004889CCPF;20/11/2022;6;0,082;R
ES0000000000004889CCPF;20/11/2022;7;0,339;R
ES0000000000004889CCPF;20/11/2022;8;0,082;R
ES0000000000004889CCPF;20/11/2022;9;0,203;R
ES0000000000004889CCPF;20/11/2022;10;0,243;R
ES0000000000004889CCPF;20/11/2022;11;0,129;R
ES0000000000004889CCPF;20/11/2022;12;0,084;R
ES0000000000004889CCPF;20/11/2022;13;0,08;R
ES0000000000004889CCPF;20/11/2022;14;0,576;R
ES0000000000004889CCPF;20/11/2022;15;0,511;R
ES0000000000004889CCPF;20/11/2022;16;0,664;R
ES0000000000004889CCPF;20/11/2022;17;0,834;R
ES0000000000004889CCPF;20/11/2022;18;0,135;R
ES0000000000004889CCPF;20/11/2022;19;0,618;R
ES0000000000004889CCPF;20/11/2022;20;0,509;R
ES0000000000004889CCPF;20/11/2022;21;0,205;R
ES0000000000004889CCPF;20/11/2022;22;0,644;R
ES0000000000004889CCPF;20/11/2022;23;0,196;R
ES0000000000004889CCPF;21/11/2022;0;0,168;R
ES0000000000004889CCPF;21/11/2022;1;0,102;R
ES0000000000004889CCPF;21/11/2022;2;0,1;R
ES0000000000004889CCPF;21/11/2022;3;0,096;R
ES0000000000004889CCPF;21/11/2022;4;0,079;R
ES0000000000004889CCPF;21/11/2022;5;0,087;R
ES0000000000004889CCPF;21/11/2022;6;0,082;R
ES0000000000004889CCPF;21/11/2022;7;0,262;R
ES0000000000004889CCPF;21/11/2022;8;0,171;R
ES0000000000004889CCPF;21/11/2022;9;0,248;R
ES0000000000004889CCPF;21/11/2022;10;0,225;R
ES0000000000004889CCPF;21/11/2022;11;0,109;R
ES0000000000004889CCPF;21/11/2022;12;0,08;R
ES0000000000004889CCPF;21/11/2022;13;0,471;R
ES0000000000004889CCPF;21/11/2022;14;1,51;R
ES0000000000004889CCPF;21/11/2022;15;0,659;R
ES0000000000004889CCPF;21/11/2022;16;0,192;R
ES0000000000004889CCPF;21/11/2022;17;0,193;R
ES0000000000004889CCPF;21/11/2022;18;0,108;R
ES0000000000004889CCPF;21/11/2022;19;0,498;R
ES0000000000004889CCPF;21/11/2022;20;0,219;R
ES0000000000004889CCPF;21/11/2022;21;0,237;R
ES0000000000004889CCPF;21/11/2022;22;0,163;R
ES0000000000004889CCPF;21/11/2022;23;0,148;R
ES0000000000004889CCPF;22/11/2022;0;0,488;R
ES0000000000004889CCPF;22/11/2022;1;0,152;R
ES0000000000004889CCPF;22/11/2022;2;0,093;R
ES0000000000004889CCPF;22/11/2022;3;0,081;R
ES0000000000004889CCPF;22/11/2022;4;0,097;R
ES0000000000004889CCPF;22/11/2022;5;0,091;R
ES0000000000004889CCPF;22/11/2022;6;0,088;R
ES0000000000004889CCPF;22/11/2022;7;0,088;R
ES0000000000004889CCPF;22/11/2022;8;0,086;R
ES0000000000004889CCPF;22/11/2022;9;0,733;R
ES0000000000004889CCPF;22/11/2022;10;0,093;R
ES0000000000004889CCPF;22/11/2022;11;0,073;R
ES0000000000004889CCPF;22/11/2022;12;0,427;R
ES0000000000004889CCPF;22/11/2022;13;0,107;R
ES0000000000004889CCPF;22/11/2022;14;0,23;R
ES0000000000004889CCPF;22/11/2022;15;0,205;R
ES0000000000004889CCPF;22/11/2022;16;0,091;R
ES0000000000004889CCPF;22/11/2022;17;0,085;R
ES0000000000004889CCPF;22/11/2022;18;0,103;R
ES0000000000004889CCPF;22/11/2022;19;0,135;R
ES0000000000004889CCPF;22/11/2022;20;0,141;R
ES0000000000004889CCPF;22/11/2022;21;0,389;R
ES0000000000004889CCPF;22/11/2022;22;0,468;R
ES0000000000004889CCPF;22/11/2022;23;0,19;R
ES0000000000004889CCPF;23/11/2022;0;0,157;R
ES0000000000004889CCPF;23/11/2022;1;0,071;R
ES0000000000004889CCPF;23/11/2022;2;0,082;R
ES0000000000004889CCPF;23/11/2022;3;0,082;R
ES0000000000004889CCPF;23/11/2022;4;0,081;R
ES0000000000004889CCPF;23/11/2022;5;0,082;R
ES0000000000004889CCPF;23/11/2022;6;0,081;R
ES0000000000004889CCPF;23/11/2022;7;0,064;R
ES0000000000004889CCPF;23/11/2022;8;0,136;R
ES0000000000004889CCPF;23/11/2022;9;0,271;R
ES0000000000004889CCPF;23/11/2022;10;0,312;R
ES0000000000004889CCPF;23/11/2022;11;0,276;R
ES0000000000004889CCPF;23/11/2022;12;0,092;R
ES0000000000004889CCPF;23/11/2022;13;0,13;R
ES0000000000004889CCPF;23/11/2022;14;0,5;R
ES0000000000004889CCPF;23/11/2022;15;0,609;R
ES0000000000004889CCPF;23/11/2022;16;0,706;R
ES0000000000004889CCPF;23/11/2022;17;0,121;R
ES0000000000004889CCPF;23/11/2022;18;0,16;R
ES0000000000004889CCPF;23/11/2022;19;0,186;R
ES0000000000004889CCPF;23/11/2022;20;0,156;R
ES0000000000004889CCPF;23/11/2022;21;0,715;R
ES0000000000004889CCPF;23/11/2022;22;0,134;R
ES0000000000004889CCPF;23/11/2022;23;0,129;R
ES0000000000004889CCPF;24/11/2022;0;0,15;R
ES0000000000004889CCPF;24/11/2022;1;0,556;R
ES0000000000004889CCPF;24/11/2022;2;1,051;R
ES0000000000004889CCPF;24/11/2022;3;0,09;R
ES0000000000004889CCPF;24/11/2022;4;0,087;R
ES0000000000004889CCPF;24/11/2022;5;0,084;R
ES0000000000004889CCPF;24/11/2022;6;0,075;R
ES0000000000004889CCPF;24/11/2022;7;0,079;R
ES0000000000004889CCPF;24/11/2022;8;0,085;R
ES0000000000004889CCPF;24/11/2022;9;0,085;R
ES0000000000004889CCPF;24/11/2022;10;0,158;R
ES0000000000004889CCPF;24/11/2022;11;0,106;R
ES0000000000004889CCPF;24/11/2022;12;0,282;R
ES0000000000004889CCPF;24/11/2022;13;0,257;R
ES0000000000004889CCPF;24/11/2022;14;0,146;R
ES0000000000004889CCPF;24/11/2022;15;0,394;R
ES0000000000004889CCPF;24/11/2022;16;0,155;R
ES0000000000004889CCPF;24/11/2022;17;0,119;R
ES0000000000004889CCPF;24/11/2022;18;0,117;R
ES0000000000004889CCPF;24/11/2022;19;0,129;R
ES0000000000004889CCPF;24/11/2022;20;0,208;R
ES0000000000004889CCPF;24/11/2022;21;0,216;R
ES0000000000004889CCPF;24/11/2022;22;0,604;R
ES0000000000004889CCPF;24/11/2022;23;0,202;R
ES0000000000004889CCPF;25/11/2022;0;0,095;R
ES0000000000004889CCPF;25/11/2022;1;0,081;R
ES0000000000004889CCPF;25/11/2022;2;0,076;R
ES0000000000004889CCPF;25/11/2022;3;0,074;R
ES0000000000004889CCPF;25/11/2022;4;0,073;R
ES0000000000004889CCPF;25/11/2022;5;0,075;R
ES0000000000004889CCPF;25/11/2022;6;0,081;R
ES0000000000004889CCPF;25/11/2022;7;0,082;R
ES0000000000004889CCPF;25/11/2022;8;0,1;R
ES0000000000004889CCPF;25/11/2022;9;0,285;R
ES0000000000004889CCPF;25/11/2022;10;0,241;R
ES0000000000004889CCPF;25/11/2022;11;0,39;R
ES0000000000004889CCPF;25/11/2022;12;0,105;R
ES0000000000004889CCPF;25/11/2022;13;0,145;R
ES0000000000004889CCPF;25/11/2022;14;0,72;R
ES0000000000004889CCPF;25/11/2022;15;0,425;R
ES0000000000004889CCPF;25/11/2022;16;0,515;R
ES0000000000004889CCPF;25/11/2022;17;0,098;R
ES0000000000004889CCPF;25/11/2022;18;0,137;R
ES0000000000004889CCPF;25/11/2022;19;0,095;R
ES0000000000004889CCPF;25/11/2022;20;0,28;R
ES0000000000004889CCPF;25/11/2022;21;0,325;R
ES0000000000004889CCPF;25/11/2022;22;0,162;R
ES0000000000004889CCPF;25/11/2022;23;0,144;R
ES0000000000004889CCPF;26/11/2022;0;0,159;R
ES0000000000004889CCPF;26/11/2022;1;0,116;R
ES0000000000004889CCPF;26/11/2022;2;0,088;R
ES0000000000004889CCPF;26/11/2022;3;0,342;R
ES0000000000004889CCPF;26/11/2022;4;0,09;R
ES0000000000004889CCPF;26/11/2022;5;0,088;R
ES0000000000004889CCPF;26/11/2022;6;0,088;R
ES0000000000004889CCPF;26/11/2022;7;0,085;R
ES0000000000004889CCPF;26/11/2022;8;0,083;R
ES0000000000004889CCPF;26/11/2022;9;0,163;R
ES0000000000004889CCPF;26/11/2022;10;0,118;R
ES0000000000004889CCPF;26/11/2022;11;0,079;R
ES0000000000004889CCPF;26/11/2022;12;0,073;R
ES0000000000004889CCPF;26/11/2022;13;0,555;R
ES0000000000004889CCPF;26/11/2022;14;0,114;R
ES0000000000004889CCPF;26/11/2022;15;0,199;R
ES0000000000004889CCPF;26/11/2022;16;0,092;R
ES0000000000004889CCPF;26/11/2022;17;0,11;R
ES0000000000004889CCPF;26/11/2022;18;0,203;R
ES0000000000004889CCPF;26/11/2022;19;0,208;R
ES0000000000004889CCPF;26/11/2022;20;0,206;R
ES0000000000004889CCPF;26/11/2022;21;0,198;R
ES0000000000004889CCPF;26/11/2022;22;0,374;R
ES0000000000004889CCPF;26/11/2022;23;0,913;R
ES0000000000004889CCPF;27/11/2022;0;0,812;R
ES0000000000004889CCPF;27/11/2022;1;0,135;R
ES0000000000004889CCPF;27/11/2022;2;0,095;R
ES0000000000004889CCPF;27/11/2022;3;0,082;R
ES0000000000004889CCPF;27/11/2022;4;0,082;R
ES0000000000004889CCPF;27/11/2022;5;0,081;R
ES0000000000004889CCPF;27/11/2022;6;0,081;R
ES0000000000004889CCPF;27/11/2022;7;0,082;R
ES0000000000004889CCPF;27/11/2022;8;0,082;R
ES0000000000004889CCPF;27/11/2022;9;0,189;R
ES0000000000004889CCPF;27/11/2022;10;1,016;R
ES0000000000004889CCPF;27/11/2022;11;0,26;R
ES0000000000004889CCPF;27/11/2022;12;0,127;R
ES0000000000004889CCPF;27/11/2022;13;0,683;R
ES0000000000004889CCPF;27/11/2022;14;0,672;R
ES0000000000004889CCPF;27/11/2022;15;0,23;R
ES0000000000004889CCPF;27/11/2022;16;0,193;R
ES0000000000004889CCPF;27/11/2022;17;0,138;R
ES0000000000004889CCPF;27/11/2022;18;0,439;R
ES0000000000004889CCPF;27/11/2022;19;0,148;R
ES0000000000004889CCPF;27/11/2022;20;0,168;R
ES0000000000004889CCPF;27/11/2022;21;0,587;R
ES0000000000004889CCPF;27/11/2022;22;0,811;R
ES0000000000004889CCPF;27/11/2022;23;0,213;R
ES0000000000004889CCPF;28/11/2022;0;0,091;R
ES0000000000004889CCPF;28/11/2022;1;0,073;R
ES0000000000004889CCPF;28/11/2022;2;0,073;R
ES0000000000004889CCPF;28/11/2022;3;0,074;R
ES0000000000004889CCPF;28/11/2022;4;0,078;R
ES0000000000004889CCPF;28/11/2022;5;0,081;R
ES0000000000004889CCPF;28/11/2022;6;0,34;R
ES0000000000004889CCPF;28/11/2022;7;0,113;R
ES0000000000004889CCPF;28/11/2022;8;0,1;R
ES0000000000004889CCPF;28/11/2022;9;0,211;R
ES0000000000004889CCPF;28/11/2022;10;0,146;R
ES0000000000004889CCPF;28/11/2022;11;0,123;R
ES0000000000004889CCPF;28/11/2022;12;0,102;R
ES0000000000004889CCPF;28/11/2022;13;0,101;R
ES0000000000004889CCPF;28/11/2022;14;0,105;R
ES0000000000004889CCPF;28/11/2022;15;0,247;R
ES0000000000004889CCPF;28/11/2022;16;0,155;R
ES0000000000004889CCPF;28/11/2022;17;0,125;R
ES0000000000004889CCPF;28/11/2022;18;0,093;R
ES0000000000004889CCPF;28/11/2022;19;0,336;R
ES0000000000004889CCPF;28/11/2022;20;0,147;R
ES0000000000004889CCPF;28/11/2022;21;0,212;R
ES0000000000004889CCPF;28/11/2022;22;0,331;R
ES0000000000004889CCPF;28/11/2022;23;0,177;R
ES0000000000004889CCPF;29/11/2022;0;0,081;R
ES0000000000004889CCPF;29/11/2022;1;0,08;R
ES0000000000004889CCPF;29/11/2022;2;0,36;R
ES0000000000004889CCPF;29/11/2022;3;0,077;R
ES0000000000004889CCPF;29/11/2022;4;0,073;R
ES0000000000004889CCPF;29/11/2022;5;0,074;R
ES0000000000004889CCPF;29/11/2022;6;0,072;R
ES0000000000004889CCPF;29/11/2022;7;0,109;R
ES0000000000004889CCPF;29/11/2022;8;0,137;R
ES0000000000004889CCPF;29/11/2022;9;0,159;R
ES0000000000004889CCPF;29/11/2022;10;0,124;R
ES0000000000004889CCPF;29/11/2022;11;0,102;R
ES0000000000004889CCPF;29/11/2022;12;0,342;R
ES0000000000004889CCPF;29/11/2022;13;0,07;R
ES0000000000004889CCPF;29/11/2022;14;0,128;R
ES0000000000004889CCPF;29/11/2022;15;0,12;R
ES0000000000004889CCPF;29/11/2022;16;0,187;R
ES0000000000004889CCPF;29/11/2022;17;0,58;R
ES0000000000004889CCPF;29/11/2022;18;0,167;R
ES0000000000004889CCPF;29/11/2022;19;0,172;R
ES0000000000004889CCPF;29/11/2022;20;0,209;R
ES0000000000004889CCPF;29/11/2022;21;0,204;R
ES0000000000004889CCPF;29/11/2022;22;0,718;R
ES0000000000004889CCPF;29/11/2022;23;0,421;R
ES0000000000004889CCPF;30/11/2022;0;0,119;R
ES0000000000004889CCPF;30/11/2022;1;0,084;R
ES0000000000004889CCPF;30/11/2022;2;0,082;R
ES0000000000004889CCPF;30/11/2022;3;0,067;R
ES0000000000004889CCPF;30/11/2022;4;0,334;R
ES0000000000004889CCPF;30/11/2022;5;0,072;R
ES0000000000004889CCPF;30/11/2022;6;0,072;R
ES0000000000004889CCPF;30/11/2022;7;0,079;R
ES0000000000004889CCPF;30/11/2022;8;0,234;R
ES0000000000004889CCPF;30/11/2022;9;0,281;R
ES0000000000004889CCPF;30/11/2022;10;0,222;R
ES0000000000004889CCPF;30/11/2022;11;0,117;R
ES0000000000004889CCPF;30/11/2022;12;0,107;R
ES0000000000004889CCPF;30/11/2022;13;0,49;R
ES0000000000004889CCPF;30/11/2022;14;0,39;R
ES0000000000004889CCPF;30/11/2022;15;0,24;R
ES0000000000004889CCPF;30/11/2022;16;1,552;R
ES0000000000004889CCPF;30/11/2022;17;0,513;R
ES0000000000004889CCPF;30/11/2022;18;0,538;R
ES0000000000004889CCPF;30/11/2022;19;0,312;R
ES0000000000004889CCPF;30/11/2022;20;0,182;R
ES0000000000004889CCPF;30/11/2022;21;0,195;R
ES0000000000004889CCPF;30/11/2022;22;0,356;R
ES0000000000004889CCPF;30/11/2022;23;0,223;R
ES0000000000004889CCPF;01/12/2022;0;0,17;R
ES0000000000004889CCPF;01/12/2022;1;0,12;R
ES0000000000004889CCPF;01/12/2022;2;0,319;R
ES0000000000004889CCPF;01/12/2022;3;0,072;R
ES0000000000004889CCPF;01/12/2022;4;0,072;R
ES0000000000004889CCPF;01/12/2022;5;0,071;R
ES0000000000004889CCPF;01/12/2022;6;0,071;R
ES0000000000004889CCPF;01/12/2022;7;0,081;R
ES0000000000004889CCPF;01/12/2022;8;0,064;R
ES0000000000004889CCPF;01/12/2022;9;0,527;R
ES0000000000004889CCPF;01/12/2022;10;0,75;R
ES0000000000004889CCPF;01/12/2022;11;0,232;R
ES0000000000004889CCPF;01/12/2022;12;0,399;R
ES0000000000004889CCPF;01/12/2022;13;0,101;R
ES0000000000004889CCPF;01/12/2022;14;0,092;R
ES0000000000004889CCPF;01/12/2022;15;0,724;R
ES0000000000004889CCPF;01/12/2022;16;0,637;R
ES0000000000004889CCPF;01/12/2022;17;0,92;R
ES0000000000004889CCPF;01/12/2022;18;0,394;R
ES0000000000004889CCPF;01/12/2022;19;0,153;R
ES0000000000004889CCPF;01/12/2022;20;0,221;R
ES0000000000004889CCPF;01/12/2022;21;0,201;R
ES0000000000004889CCPF;01/12/2022;22;0,462;R
ES0000000000004889CCPF;01/12/2022;23;0,226;R
ES0000000000004889CCPF;02/12/2022;0;0,133;R
ES0000000000004889CCPF;02/12/2022;1;0,073;R
ES0000000000004889CCPF;02/12/2022;2;0,063;R
ES0000000000004889CCPF;02/12/2022;3;0,066;R
ES0000000000004889CCPF;02/12/2022;4;0,228;R
ES0000000000004889CCPF;02/12/2022;5;0,181;R
ES0000000000004889CCPF;02/12/2022;6;0,081;R
ES0000000000004889CCPF;02/12/2022;7;0,148;R
ES0000000000004889CCPF;02/12/2022;8;0,164;R
ES0000000000004889CCPF;02/12/2022;9;0,097;R
ES0000000000004889CCPF;02/12/2022;10;0,434;R
ES0000000000004889CCPF;02/12/2022;11;0,105;R
ES0000000000004889CCPF;02/12/2022;12;0,071;R
ES0000000000004889CCPF;02/12/2022;13;0,073;R
ES0000000000004889CCPF;02/12/2022;14;0,09;R
ES0000000000004889CCPF;02/12/2022;15;0,111;R
ES0000000000004889CCPF;02/12/2022;16;0,241;R
ES0000000000004889CCPF;02/12/2022;17;0,424;R
ES0000000000004889CCPF;02/12/2022;18;0,121;R
ES0000000000004889CCPF;02/12/2022;19;0,08;R
ES0000000000004889CCPF;02/12/2022;20;0,081;R
ES0000000000004889CCPF;02/12/2022;21;0,061;R
ES0000000000004889CCPF;02/12/2022;22;0,084;R
ES0000000000004889CCPF;02/12/2022;23;0,134;R
ES0000000000004889CCPF;03/12/2022;0;0,374;R
ES0000000000004889CCPF;03/12/2022;1;0,072;R
ES0000000000004889CCPF;03/12/2022;2;0,06;R
ES0000000000004889CCPF;03/12/2022;3;0,065;R
ES0000000000004889CCPF;03/12/2022;4;0,072;R
ES0000000000004889CCPF;03/12/2022;5;0,08;R
ES0000000000004889CCPF;03/12/2022;6;0,08;R
ES0000000000004889CCPF;03/12/2022;7;0,069;R
ES0000000000004889CCPF;03/12/2022;8;0,141;R
ES0000000000004889CCPF;03/12/2022;9;0,082;R
ES0000000000004889CCPF;03/12/2022;10;0,205;R
ES0000000000004889CCPF;03/12/2022;11;0,454;R
ES0000000000004889CCPF;03/12/2022;12;0,119;R
ES0000000000004889CCPF;03/12/2022;13;0,072;R
ES0000000000004889CCPF;03/12/2022;14;0,071;R
ES0000000000004889CCPF;03/12/2022;15;0,07;R
ES0000000000004889CCPF;03/12/2022;16;2,535;R
ES0000000000004889CCPF;03/12/2022;17;1,044;R
ES0000000000004889CCPF;03/12/2022;18;0,453;R
ES0000000000004889CCPF;03/12/2022;19;0,389;R
ES0000000000004889CCPF;03/12/2022;20;0,086;R
ES0000000000004889CCPF;03/12/2022;21;0,26;R
ES0000000000004889CCPF;03/12/2022;22;0,199;R
ES0000000000004889CCPF;03/12/2022;23;0,159;R
ES0000000000004889CCPF;04/12/2022;0;0,08;R
ES0000000000004889CCPF;04/12/2022;1;0,072;R
ES0000000000004889CCPF;04/12/2022;2;0,07;R
ES0000000000004889CCPF;04/12/2022;3;0,075;R
ES0000000000004889CCPF;04/12/2022;4;0,081;R
ES0000000000004889CCPF;04/12/2022;5;0,062;R
ES0000000000004889CCPF;04/12/2022;6;0,336;R
ES0000000000004889CCPF;04/12/2022;7;0,121;R
ES0000000000004889CCPF;04/12/2022;8;0,15;R
ES0000000000004889CCPF;04/12/2022;9;0,152;R
ES0000000000004889CCPF;04/12/2022;10;0,169;R
ES0000000000004889CCPF;04/12/2022;11;0,764;R
ES0000000000004889CCPF;04/12/2022;12;0,295;R
ES0000000000004889CCPF;04/12/2022;13;0,076;R
ES0000000000004889CCPF;04/12/2022;14;0,071;R
ES0000000000004889CCPF;04/12/2022;15;0,279;R
ES0000000000004889CCPF;04/12/2022;16;1,757;R
ES0000000000004889CCPF;04/12/2022;17;1,513;R
ES0000000000004889CCPF;04/12/2022;18;1,105;R
ES0000000000004889CCPF;04/12/2022;19;0,743;R
ES0000000000004889CCPF;04/12/2022;20;0,106;R
ES0000000000004889CCPF;04/12/2022;21;0,1;R
ES0000000000004889CCPF;04/12/2022;22;0,21;R
ES0000000000004889CCPF;04/12/2022;23;0,32;R
ES0000000000004889CCPF;05/12/2022;0;0,259;R
ES0000000000004889CCPF;05/12/2022;1;0,292;R
ES0000000000004889CCPF;05/12/2022;2;0,083;R
ES0000000000004889CCPF;05/12/2022;3;0,081;R
ES0000000000004889CCPF;05/12/2022;4;0,081;R
ES0000000000004889CCPF;05/12/2022;5;0,08;R
ES0000000000004889CCPF;05/12/2022;6;0,065;R
ES0000000000004889CCPF;05/12/2022;7;0,082;R
ES0000000000004889CCPF;05/12/2022;8;0,219;R
ES0000000000004889CCPF;05/12/2022;9;0,154;R
ES0000000000004889CCPF;05/12/2022;10;0,113;R
ES0000000000004889CCPF;05/12/2022;11;0,109;R
ES0000000000004889CCPF;05/12/2022;12;0,086;R
ES0000000000004889CCPF;05/12/2022;13;0,323;R
ES0000000000004889CCPF;05/12/2022;14;0,091;R
ES0000000000004889CCPF;05/12/2022;15;0,366;R
ES0000000000004889CCPF;05/12/2022;16;0,15;R
ES0000000000004889CCPF;05/12/2022;17;0,125;R
ES0000000000004889CCPF;05/12/2022;18;0,101;R
ES0000000000004889CCPF;05/12/2022;19;0,114;R
ES0000000000004889CCPF;05/12/2022;20;0,172;R
ES0000000000004889CCPF;05/12/2022;21;0,301;R
ES0000000000004889CCPF;05/12/2022;22;0,283;R
ES0000000000004889CCPF;05/12/2022;23;0,219;R
ES0000000000004889CCPF;06/12/2022;0;0,08;R
ES0000000000004889CCPF;06/12/2022;1;0,073;R
ES0000000000004889CCPF;06/12/2022;2;0,073;R
ES0000000000004889CCPF;06/12/2022;3;0,072;R
ES0000000000004889CCPF;06/12/2022;4;0,052;R
ES0000000000004889CCPF;06/12/2022;5;0,073;R
ES0000000000004889CCPF;06/12/2022;6;0,08;R
ES0000000000004889CCPF;06/12/2022;7;0,149;R
ES0000000000004889CCPF;06/12/2022;8;0,14;R
ES0000000000004889CCPF;06/12/2022;9;0,066;R
ES0000000000004889CCPF;06/12/2022;10;0,1;R
ES0000000000004889CCPF;06/12/2022;11;0,353;R
ES0000000000004889CCPF;06/12/2022;12;0,77;R
ES0000000000004889CCPF;06/12/2022;13;0,093;R
ES0000000000004889CCPF;06/12/2022;14;0,242;R
ES0000000000004889CCPF;06/12/2022;15;0,085;R
ES0000000000004889CCPF;06/12/2022;16;0,056;R
ES0000000000004889CCPF;06/12/2022;17;0,055;R
ES0000000000004889CCPF;06/12/2022;18;0,059;R
ES0000000000004889CCPF;06/12/2022;19;0,059;R
ES0000000000004889CCPF;06/12/2022;20;0,054;R
ES0000000000004889CCPF;06/12/2022;21;0,066;R
ES0000000000004889CCPF;06/12/2022;22;0,314;R
ES0000000000004889CCPF;06/12/2022;23;0,06;R
ES0000000000004889CCPF;07/12/2022;0;0,05;R
ES0000000000004889CCPF;07/12/2022;1;0,063;R
ES0000000000004889CCPF;07/12/2022;2;0,064;R
ES0000000000004889CCPF;07/12/2022;3;0,061;R
ES0000000000004889CCPF;07/12/2022;4;0,038;R
ES0000000000004889CCPF;07/12/2022;5;0,058;R
ES0000000000004889CCPF;07/12/2022;6;0,056;R
ES0000000000004889CCPF;07/12/2022;7;0,056;R
ES0000000000004889CCPF;07/12/2022;8;0,036;R
ES0000000000004889CCPF;07/12/2022;9;0,063;R
ES0000000000004889CCPF;07/12/2022;10;0,064;R
ES0000000000004889CCPF;07/12/2022;11;0,308;R
ES0000000000004889CCPF;07/12/2022;12;0,062;R
ES0000000000004889CCPF;07/12/2022;13;0,045;R
ES0000000000004889CCPF;07/12/2022;14;0,064;R
ES0000000000004889CCPF;07/12/2022;15;0,063;R
ES0000000000004889CCPF;07/12/2022;16;0,065;R
ES0000000000004889CCPF;07/12/2022;17;0,054;R
ES0000000000004889CCPF;07/12/2022;18;0,054;R
ES0000000000004889CCPF;07/12/2022;19;0,059;R
ES0000000000004889CCPF;07/12/2022;20;0,056;R
ES0000000000004889CCPF;07/12/2022;21;0,055;R
ES0000000000004889CCPF;07/12/2022;22;0,052;R
ES0000000000004889CCPF;07/12/2022;23;0,041;R
ES0000000000004889CCPF;08/12/2022;0;0,304;R
ES0000000000004889CCPF;08/12/2022;1;0,063;R
ES0000000000004889CCPF;08/12/2022;2;0,063;R
ES0000000000004889CCPF;08/12/2022;3;0,064;R
ES0000000000004889CCPF;08/12/2022;4;0,046;R
ES0000000000004889CCPF;08/12/2022;5;0,064;R
ES0000000000004889CCPF;08/12/2022;6;0,064;R
ES0000000000004889CCPF;08/12/2022;7;0,064;R
ES0000000000004889CCPF;08/12/2022;8;0,064;R
ES0000000000004889CCPF;08/12/2022;9;0,06;R
ES0000000000004889CCPF;08/12/2022;10;0,041;R
ES0000000000004889CCPF;08/12/2022;11;0,056;R
ES0000000000004889CCPF;08/12/2022;12;0,056;R
ES0000000000004889CCPF;08/12/2022;13;0,303;R
ES0000000000004889CCPF;08/12/2022;14;0,055;R
ES0000000000004889CCPF;08/12/2022;15;0,056;R
ES0000000000004889CCPF;08/12/2022;16;0,052;R
ES0000000000004889CCPF;08/12/2022;17;0,064;R
ES0000000000004889CCPF;08/12/2022;18;0,064;R
ES0000000000004889CCPF;08/12/2022;19;0,063;R
ES0000000000004889CCPF;08/12/2022;20;0,064;R
ES0000000000004889CCPF;08/12/2022;21;0,045;R
ES0000000000004889CCPF;08/12/2022;22;0,063;R
ES0000000000004889CCPF;08/12/2022;23;0,061;R
ES0000000000004889CCPF;09/12/2022;0;0,055;R
ES0000000000004889CCPF;09/12/2022;1;0,055;R
ES0000000000004889CCPF;09/12/2022;2;0,056;R
ES0000000000004889CCPF;09/12/2022;3;0,287;R
ES0000000000004889CCPF;09/12/2022;4;0,06;R
ES0000000000004889CCPF;09/12/2022;5;0,064;R
ES0000000000004889CCPF;09/12/2022;6;0,064;R
ES0000000000004889CCPF;09/12/2022;7;0,064;R
ES0000000000004889CCPF;09/12/2022;8;0,045;R
ES0000000000004889CCPF;09/12/2022;9;0,063;R
ES0000000000004889CCPF;09/12/2022;10;0,064;R
ES0000000000004889CCPF;09/12/2022;11;0,065;R
ES0000000000004889CCPF;09/12/2022;12;0,064;R
ES0000000000004889CCPF;09/12/2022;13;0,039;R
ES0000000000004889CCPF;09/12/2022;14;0,057;R
ES0000000000004889CCPF;09/12/2022;15;0,056;R
ES0000000000004889CCPF;09/12/2022;16;0,298;R
ES0000000000004889CCPF;09/12/2022;17;0,055;R
ES0000000000004889CCPF;09/12/2022;18;0,064;R
ES0000000000004889CCPF;09/12/2022;19;0,046;R
ES0000000000004889CCPF;09/12/2022;20;0,063;R
ES0000000000004889CCPF;09/12/2022;21;0,064;R
ES0000000000004889CCPF;09/12/2022;22;0,064;R
ES0000000000004889CCPF;09/12/2022;23;0,064;R
ES0000000000004889CCPF;10/12/2022;0;0,046;R
ES0000000000004889CCPF;10/12/2022;1;0,063;R
ES0000000000004889CCPF;10/12/2022;2;0,06;R
ES0000000000004889CCPF;10/12/2022;3;0,057;R
ES0000000000004889CCPF;10/12/2022;4;0,056;R
ES0000000000004889CCPF;10/12/2022;5;0,24;R
ES0000000000004889CCPF;10/12/2022;6;0,106;R
ES0000000000004889CCPF;10/12/2022;7;0,059;R
ES0000000000004889CCPF;10/12/2022;8;0,063;R
ES0000000000004889CCPF;10/12/2022;9;0,064;R
ES0000000000004889CCPF;10/12/2022;10;0,057;R
ES0000000000004889CCPF;10/12/2022;11;0,051;R
ES0000000000004889CCPF;10/12/2022;12;0,064;R
ES0000000000004889CCPF;10/12/2022;13;0,064;R
ES0000000000004889CCPF;10/12/2022;14;0,064;R
ES0000000000004889CCPF;10/12/2022;15;0,063;R
ES0000000000004889CCPF;10/12/2022;16;0,044;R
ES0000000000004889CCPF;10/12/2022;17;0,059;R
ES0000000000004889CCPF;10/12/2022;18;0,056;R
ES0000000000004889CCPF;10/12/2022;19;0,302;R
ES0000000000004889CCPF;10/12/2022;20;0,056;R
ES0000000000004889CCPF;10/12/2022;21;0,055;R
ES0000000000004889CCPF;10/12/2022;22;0,037;R
ES0000000000004889CCPF;10/12/2022;23;0,064;R
ES0000000000004889CCPF;11/12/2022;0;0,065;R
ES0000000000004889CCPF;11/12/2022;1;0,268;R
ES0000000000004889CCPF;11/12/2022;2;0,224;R
ES0000000000004889CCPF;11/12/2022;3;0,193;R
ES0000000000004889CCPF;11/12/2022;4;0,173;R
ES0000000000004889CCPF;11/12/2022;5;0,164;R
ES0000000000004889CCPF;11/12/2022;6;0,163;R
ES0000000000004889CCPF;11/12/2022;7;0,167;R
ES0000000000004889CCPF;11/12/2022;8;0,178;R
ES0000000000004889CCPF;11/12/2022;9;0,197;R
ES0000000000004889CCPF;11/12/2022;10;0,245;R
ES0000000000004889CCPF;11/12/2022;11;0,291;R
ES0000000000004889CCPF;11/12/2022;12;0,309;R
ES0000000000004889CCPF;11/12/2022;13;0,305;R
ES0000000000004889CCPF;11/12/2022;14;0,317;R
ES0000000000004889CCPF;11/12/2022;15;0,316;R
ES0000000000004889CCPF;11/12/2022;16;0,287;R
ES0000000000004889CCPF;11/12/2022;17;0,271;R
ES0000000000004889CCPF;11/12/2022;18;0,278;R
ES0000000000004889CCPF;11/12/2022;19;0,326;R
ES0000000000004889CCPF;11/12/2022;20;0,351;R
ES0000000000004889CCPF;11/12/2022;21;0,374;R
ES0000000000004889CCPF;11/12/2022;22;0,382;R
ES0000000000004889CCPF;11/12/2022;23;0,361;R
ES0000000000004889CCPF;12/12/2022;0;0,312;R
ES0000000000004889CCPF;12/12/2022;1;0,248;R
ES0000000000004889CCPF;12/12/2022;2;0,202;R
ES0000000000004889CCPF;12/12/2022;3;0,176;R
ES0000000000004889CCPF;12/12/2022;4;0,163;R
ES0000000000004889CCPF;12/12/2022;5;0,159;R
ES0000000000004889CCPF;12/12/2022;6;0,163;R
ES0000000000004889CCPF;12/12/2022;7;0,186;R
ES0000000000004889CCPF;12/12/2022;8;0,239;R
ES0000000000004889CCPF;12/12/2022;9;0,256;R
ES0000000000004889CCPF;12/12/2022;10;0,272;R
ES0000000000004889CCPF;12/12/2022;11;0,257;R
ES0000000000004889CCPF;12/12/2022;12;0,256;R
ES0000000000004889CCPF;12/12/2022;13;0,253;R
ES0000000000004889CCPF;12/12/2022;14;0,265;R
ES0000000000004889CCPF;12/12/2022;15;0,299;R
ES0000000000004889CCPF;12/12/2022;16;0,286;R
ES0000000000004889CCPF;12/12/2022;17;0,279;R
ES0000000000004889CCPF;12/12/2022;18;0,292;R
ES0000000000004889CCPF;12/12/2022;19;0,302;R
ES0000000000004889CCPF;12/12/2022;20;0,327;R
ES0000000000004889CCPF;12/12/2022;21;0,348;R
ES0000000000004889CCPF;12/12/2022;22;0,352;R
ES0000000000004889CCPF;12/12/2022;23;0,364;R
ES0000000000004889CCPF;13/12/2022;0;0,306;R
ES0000000000004889CCPF;13/12/2022;1;0,161;R
ES0000000000004889CCPF;13/12/2022;2;0,129;R
ES0000000000004889CCPF;13/12/2022;3;0,113;R
ES0000000000004889CCPF;13/12/2022;4;0,105;R
ES0000000000004889CCPF;13/12/2022;5;0,102;R
ES0000000000004889CCPF;13/12/2022;6;0,104;R
ES0000000000004889CCPF;13/12/2022;7;0,119;R
ES0000000000004889CCPF;13/12/2022;8;0,154;R
ES0000000000004889CCPF;13/12/2022;9;0,208;R
ES0000000000004889CCPF;13/12/2022;10;0,217;R
ES0000000000004889CCPF;13/12/2022;11;0,186;R
ES0000000000004889CCPF;13/12/2022;12;0,184;R
ES0000000000004889CCPF;13/12/2022;13;0,181;R
ES0000000000004889CCPF;13/12/2022;14;0,19;R
ES0000000000004889CCPF;13/12/2022;15;0,235;R
ES0000000000004889CCPF;13/12/2022;16;0,225;R
ES0000000000004889CCPF;13/12/2022;17;0,219;R
ES0000000000004889CCPF;13/12/2022;18;0,23;R
ES0000000000004889CCPF;13/12/2022;19;0,216;R
ES0000000000004889CCPF;13/12/2022;20;0,233;R
ES0000000000004889CCPF;13/12/2022;21;0,249;R
ES0000000000004889CCPF;13/12/2022;22;0,254;R
ES0000000000004889CCPF;13/12/2022;23;0,292;R
ES0000000000004889CCPF;14/12/2022;0;0,246;R
ES0000000000004889CCPF;14/12/2022;1;0,162;R
ES0000000000004889CCPF;14/12/2022;2;0,13;R
ES0000000000004889CCPF;14/12/2022;3;0,114;R
ES0000000000004889CCPF;14/12/2022;4;0,105;R
ES0000000000004889CCPF;14/12/2022;5;0,102;R
ES0000000000004889CCPF;14/12/2022;6;0,105;R
ES0000000000004889CCPF;14/12/2022;7;0,119;R
ES0000000000004889CCPF;14/12/2022;8;0,154;R
ES0000000000004889CCPF;14/12/2022;9;0,208;R
ES0000000000004889CCPF;14/12/2022;10;0,218;R
ES0000000000004889CCPF;14/12/2022;11;0,186;R
ES0000000000004889CCPF;14/12/2022;12;0,184;R
ES0000000000004889CCPF;14/12/2022;13;0,182;R
ES0000000000004889CCPF;14/12/2022;14;0,191;R
ES0000000000004889CCPF;14/12/2022;15;0,236;R
ES0000000000004889CCPF;14/12/2022;16;0,226;R
ES0000000000004889CCPF;14/12/2022;17;0,22;R
ES0000000000004889CCPF;14/12/2022;18;0,231;R
ES0000000000004889CCPF;14/12/2022;19;0,217;R
ES0000000000004889CCPF;14/12/2022;20;0,234;R
ES0000000000004889CCPF;14/12/2022;21;0,25;R
ES0000000000004889CCPF;14/12/2022;22;0,255;R
ES0000000000004889CCPF;14/12/2022;23;0,293;R
ES0000000000004889CCPF;15/12/2022;0;0,248;R
ES0000000000004889CCPF;15/12/2022;1;0,163;R
ES0000000000004889CCPF;15/12/2022;2;0,131;R
ES0000000000004889CCPF;15/12/2022;3;0,114;R
ES0000000000004889CCPF;15/12/2022;4;0,106;R
ES0000000000004889CCPF;15/12/2022;5;0,103;R
ES0000000000004889CCPF;15/12/2022;6;0,106;R
ES0000000000004889CCPF;15/12/2022;7;0,12;R
ES0000000000004889CCPF;15/12/2022;8;0,155;R
ES0000000000004889CCPF;15/12/2022;9;0,21;R
ES0000000000004889CCPF;15/12/2022;10;0,219;R
ES0000000000004889CCPF;15/12/2022;11;0,187;R
ES0000000000004889CCPF;15/12/2022;12;0,186;R
ES0000000000004889CCPF;15/12/2022;13;0,183;R
ES0000000000004889CCPF;15/12/2022;14;0,193;R
ES0000000000004889CCPF;15/12/2022;15;0,238;R
ES0000000000004889CCPF;15/12/2022;16;0,228;R
ES0000000000004889CCPF;15/12/2022;17;0,222;R
ES0000000000004889CCPF;15/12/2022;18;0,233;R
ES0000000000004889CCPF;15/12/2022;19;0,218;R
ES0000000000004889CCPF;15/12/2022;20;0,235;R
ES0000000000004889CCPF;15/12/2022;21;0,251;R
ES0000000000004889CCPF;15/12/2022;22;0,256;R
ES0000000000004889CCPF;15/12/2022;23;0,295;R
ES0000000000004889CCPF;16/12/2022;0;0,249;R
ES0000000000004889CCPF;16/12/2022;1;0,146;R
ES0000000000004889CCPF;16/12/2022;2;0,119;R
ES0000000000004889CCPF;16/12/2022;3;0,103;R
ES0000000000004889CCPF;16/12/2022;4;0,095;R
ES0000000000004889CCPF;16/12/2022;5;0,093;R
ES0000000000004889CCPF;16/12/2022;6;0,095;R
ES0000000000004889CCPF;16/12/2022;7;0,107;R
ES0000000000004889CCPF;16/12/2022;8;0,136;R
ES0000000000004889CCPF;16/12/2022;9;0,186;R
ES0000000000004889CCPF;16/12/2022;10;0,198;R
ES0000000000004889CCPF;16/12/2022;11;0,17;R
ES0000000000004889CCPF;16/12/2022;12;0,168;R
ES0000000000004889CCPF;16/12/2022;13;0,164;R
ES0000000000004889CCPF;16/12/2022;14;0,174;R
ES0000000000004889CCPF;16/12/2022;15;0,216;R
ES0000000000004889CCPF;16/12/2022;16;0,205;R
ES0000000000004889CCPF;16/12/2022;17;0,199;R
ES0000000000004889CCPF;16/12/2022;18;0,207;R
ES0000000000004889CCPF;16/12/2022;19;0,192;R
ES0000000000004889CCPF;16/12/2022;20;0,203;R
ES0000000000004889CCPF;16/12/2022;21;0,213;R
ES0000000000004889CCPF;16/12/2022;22;0,218;R
ES0000000000004889CCPF;16/12/2022;23;0,257;R
ES0000000000004889CCPF;17/12/2022;0;0,224;R
ES0000000000004889CCPF;17/12/2022;1;0,168;R
ES0000000000004889CCPF;17/12/2022;2;0,138;R
ES0000000000004889CCPF;17/12/2022;3;0,119;R
ES0000000000004889CCPF;17/12/2022;4;0,108;R
ES0000000000004889CCPF;17/12/2022;5;0,104;R
ES0000000000004889CCPF;17/12/2022;6;0,104;R
ES0000000000004889CCPF;17/12/2022;7;0,108;R
ES0000000000004889CCPF;17/12/2022;8;0,12;R
ES0000000000004889CCPF;17/12/2022;9;0,14;R
ES0000000000004889CCPF;17/12/2022;10;0,172;R
ES0000000000004889CCPF;17/12/2022;11;0,195;R
ES0000000000004889CCPF;17/12/2022;12;0,198;R
ES0000000000004889CCPF;17/12/2022;13;0,192;R
ES0000000000004889CCPF;17/12/2022;14;0,2;R
ES0000000000004889CCPF;17/12/2022;15;0,202;R
ES0000000000004889CCPF;17/12/2022;16;0,187;R
ES0000000000004889CCPF;17/12/2022;17;0,176;R
ES0000000000004889CCPF;17/12/2022;18;0,178;R
ES0000000000004889CCPF;17/12/2022;19;0,204;R
ES0000000000004889CCPF;17/12/2022;20;0,213;R
ES0000000000004889CCPF;17/12/2022;21;0,222;R
ES0000000000004889CCPF;17/12/2022;22;0,23;R
ES0000000000004889CCPF;17/12/2022;23;0,223;R
ES0000000000004889CCPF;18/12/2022;0;0,201;R
ES0000000000004889CCPF;18/12/2022;1;0,169;R
ES0000000000004889CCPF;18/12/2022;2;0,141;R
ES0000000000004889CCPF;18/12/2022;3;0,121;R
ES0000000000004889CCPF;18/12/2022;4;0,109;R
ES0000000000004889CCPF;18/12/2022;5;0,103;R
ES0000000000004889CCPF;18/12/2022;6;0,102;R
ES0000000000004889CCPF;18/12/2022;7;0,105;R
ES0000000000004889CCPF;18/12/2022;8;0,321;R
ES0000000000004889CCPF;18/12/2022;9;0,081;R
ES0000000000004889CCPF;18/12/2022;10;0,898;R
ES0000000000004889CCPF;18/12/2022;11;1,131;R
ES0000000000004889CCPF;18/12/2022;12;0,289;R
ES0000000000004889CCPF;18/12/2022;13;0,473;R
ES0000000000004889CCPF;18/12/2022;14;0,091;R
ES0000000000004889CCPF;18/12/2022;15;0,075;R
ES0000000000004889CCPF;18/12/2022;16;0,062;R
ES0000000000004889CCPF;18/12/2022;17;0,068;R
ES0000000000004889CCPF;18/12/2022;18;0,071;R
ES0000000000004889CCPF;18/12/2022;19;0,071;R
ES0000000000004889CCPF;18/12/2022;20;0,07;R
ES0000000000004889CCPF;18/12/2022;21;0,149;R
ES0000000000004889CCPF;18/12/2022;22;0,639;R
ES0000000000004889CCPF;18/12/2022;23;0,714;R
ES0000000000004889CCPF;19/12/2022;0;0,299;R
ES0000000000004889CCPF;19/12/2022;1;0,079;R
ES0000000000004889CCPF;19/12/2022;2;0,079;R
ES0000000000004889CCPF;19/12/2022;3;0,079;R
ES0000000000004889CCPF;19/12/2022;4;0,075;R
ES0000000000004889CCPF;19/12/2022;5;0,071;R
ES0000000000004889CCPF;19/12/2022;6;0,07;R
ES0000000000004889CCPF;19/12/2022;7;0,073;R
ES0000000000004889CCPF;19/12/2022;8;0,073;R
ES0000000000004889CCPF;19/12/2022;9;0,702;R
ES0000000000004889CCPF;19/12/2022;10;0,072;R
ES0000000000004889CCPF;19/12/2022;11;0,072;R
ES0000000000004889CCPF;19/12/2022;12;0,078;R
ES0000000000004889CCPF;19/12/2022;13;0,092;R
ES0000000000004889CCPF;19/12/2022;14;0,219;R
ES0000000000004889CCPF;19/12/2022;15;0,96;R
ES0000000000004889CCPF;19/12/2022;16;0,802;R
ES0000000000004889CCPF;19/12/2022;17;0,148;R
ES0000000000004889CCPF;19/12/2022;18;0,133;R
ES0000000000004889CCPF;19/12/2022;19;0,133;R
ES0000000000004889CCPF;19/12/2022;20;0,266;R
ES0000000000004889CCPF;19/12/2022;21;0,934;R
ES0000000000004889CCPF;19/12/2022;22;1,067;R
ES0000000000004889CCPF;19/12/2022;23;0,639;R
ES0000000000004889CCPF;20/12/2022;0;0,177;R
ES0000000000004889CCPF;20/12/2022;1;0,079;R
ES0000000000004889CCPF;20/12/2022;2;0,076;R
ES0000000000004889CCPF;20/12/2022;3;0,08;R
ES0000000000004889CCPF;20/12/2022;4;0,079;R
ES0000000000004889CCPF;20/12/2022;5;0,063;R
ES0000000000004889CCPF;20/12/2022;6;0,079;R
ES0000000000004889CCPF;20/12/2022;7;0,081;R
ES0000000000004889CCPF;20/12/2022;8;0,08;R
ES0000000000004889CCPF;20/12/2022;9;0,753;R
ES0000000000004889CCPF;20/12/2022;10;0,081;R
ES0000000000004889CCPF;20/12/2022;11;0,076;R
ES0000000000004889CCPF;20/12/2022;12;0,072;R
ES0000000000004889CCPF;20/12/2022;13;0,507;R
ES0000000000004889CCPF;20/12/2022;14;1,005;R
ES0000000000004889CCPF;20/12/2022;15;2,227;R
ES0000000000004889CCPF;20/12/2022;16;0,675;R
ES0000000000004889CCPF;20/12/2022;17;0,568;R
ES0000000000004889CCPF;20/12/2022;18;0,554;R
ES0000000000004889CCPF;20/12/2022;19;0,503;R
ES0000000000004889CCPF;20/12/2022;20;0,544;R
ES0000000000004889CCPF;20/12/2022;21;0,615;R
ES0000000000004889CCPF;20/12/2022;22;0,586;R
ES0000000000004889CCPF;20/12/2022;23;0,671;R
ES0000000000004889CCPF;21/12/2022;0;0,09;R
ES0000000000004889CCPF;21/12/2022;1;0,08;R
ES0000000000004889CCPF;21/12/2022;2;0,073;R
ES0000000000004889CCPF;21/12/2022;3;0,072;R
ES0000000000004889CCPF;21/12/2022;4;0,07;R
ES0000000000004889CCPF;21/12/2022;5;0,08;R
ES0000000000004889CCPF;21/12/2022;6;0,08;R
ES0000000000004889CCPF;21/12/2022;7;0,119;R
ES0000000000004889CCPF;21/12/2022;8;0,21;R
ES0000000000004889CCPF;21/12/2022;9;0,075;R
ES0000000000004889CCPF;21/12/2022;10;0,104;R
ES0000000000004889CCPF;21/12/2022;11;0,108;R
ES0000000000004889CCPF;21/12/2022;12;0,35;R
ES0000000000004889CCPF;21/12/2022;13;0,091;R
ES0000000000004889CCPF;21/12/2022;14;0,121;R
ES0000000000004889CCPF;21/12/2022;15;0,519;R
ES0000000000004889CCPF;21/12/2022;16;1,955;R
ES0000000000004889CCPF;21/12/2022;17;0,621;R
ES0000000000004889CCPF;21/12/2022;18;0,115;R
ES0000000000004889CCPF;21/12/2022;19;0,134;R
ES0000000000004889CCPF;21/12/2022;20;0,662;R
ES0000000000004889CCPF;21/12/2022;21;0,671;R
ES0000000000004889CCPF;21/12/2022;22;0,585;R
ES0000000000004889CCPF;21/12/2022;23;0,161;R
ES0000000000004889CCPF;22/12/2022;0;0,121;R
ES0000000000004889CCPF;22/12/2022;1;0,094;R
ES0000000000004889CCPF;22/12/2022;2;0,082;R
ES0000000000004889CCPF;22/12/2022;3;0,076;R
ES0000000000004889CCPF;22/12/2022;4;0,073;R
ES0000000000004889CCPF;22/12/2022;5;0,073;R
ES0000000000004889CCPF;22/12/2022;6;0,082;R
ES0000000000004889CCPF;22/12/2022;7;0,115;R
ES0000000000004889CCPF;22/12/2022;8;0,367;R
ES0000000000004889CCPF;22/12/2022;9;0,148;R
ES0000000000004889CCPF;22/12/2022;10;0,111;R
ES0000000000004889CCPF;22/12/2022;11;0,116;R
ES0000000000004889CCPF;22/12/2022;12;0,111;R
ES0000000000004889CCPF;22/12/2022;13;0,092;R
ES0000000000004889CCPF;22/12/2022;14;0,083;R
ES0000000000004889CCPF;22/12/2022;15;0,11;R
ES0000000000004889CCPF;22/12/2022;16;1,045;R
ES0000000000004889CCPF;22/12/2022;17;0,494;R
ES0000000000004889CCPF;22/12/2022;18;0,136;R
ES0000000000004889CCPF;22/12/2022;19;0,132;R
ES0000000000004889CCPF;22/12/2022;20;0,081;R
ES0000000000004889CCPF;22/12/2022;21;0,081;R
ES0000000000004889CCPF;22/12/2022;22;0,953;R
ES0000000000004889CCPF;22/12/2022;23;0,531;R
ES0000000000004889CCPF;23/12/2022;0;0,092;R
ES0000000000004889CCPF;23/12/2022;1;0,357;R
ES0000000000004889CCPF;23/12/2022;2;0,095;R
ES0000000000004889CCPF;23/12/2022;3;0,075;R
ES0000000000004889CCPF;23/12/2022;4;0,075;R
ES0000000000004889CCPF;23/12/2022;5;0,082;R
ES0000000000004889CCPF;23/12/2022;6;0,083;R
ES0000000000004889CCPF;23/12/2022;7;0,12;R
ES0000000000004889CCPF;23/12/2022;8;0,105;R
ES0000000000004889CCPF;23/12/2022;9;0,215;R
ES0000000000004889CCPF;23/12/2022;10;0,499;R
ES0000000000004889CCPF;23/12/2022;11;0,167;R
ES0000000000004889CCPF;23/12/2022;12;0,506;R
ES0000000000004889CCPF;23/12/2022;13;0,092;R
ES0000000000004889CCPF;23/12/2022;14;0,09;R
ES0000000000004889CCPF;23/12/2022;15;0,173;R
ES0000000000004889CCPF;23/12/2022;16;0,371;R
ES0000000000004889CCPF;23/12/2022;17;0,542;R
ES0000000000004889CCPF;23/12/2022;18;0,475;R
ES0000000000004889CCPF;23/12/2022;19;0,933;R
ES0000000000004889CCPF;23/12/2022;20;0,088;R
ES0000000000004889CCPF;23/12/2022;21;0,13;R
ES0000000000004889CCPF;23/12/2022;22;1,089;R
ES0000000000004889CCPF;23/12/2022;23;0,699;R
ES0000000000004889CCPF;24/12/2022;0;0,18;R
ES0000000000004889CCPF;24/12/2022;1;0,079;R
ES0000000000004889CCPF;24/12/2022;2;0,089;R
ES0000000000004889CCPF;24/12/2022;3;0,077;R
ES0000000000004889CCPF;24/12/2022;4;0,084;R
ES0000000000004889CCPF;24/12/2022;5;0,084;R
ES0000000000004889CCPF;24/12/2022;6;0,1;R
ES0000000000004889CCPF;24/12/2022;7;0,083;R
ES0000000000004889CCPF;24/12/2022;8;0,084;R
ES0000000000004889CCPF;24/12/2022;9;0,46;R
ES0000000000004889CCPF;24/12/2022;10;0,682;R
ES0000000000004889CCPF;24/12/2022;11;1,756;R
ES0000000000004889CCPF;24/12/2022;12;0,995;R
ES0000000000004889CCPF;24/12/2022;13;0,1;R
ES0000000000004889CCPF;24/12/2022;14;0,123;R
ES0000000000004889CCPF;24/12/2022;15;0,917;R
ES0000000000004889CCPF;24/12/2022;16;1,353;R
ES0000000000004889CCPF;24/12/2022;17;0,615;R
ES0000000000004889CCPF;24/12/2022;18;0,688;R
ES0000000000004889CCPF;24/12/2022;19;1,382;R
ES0000000000004889CCPF;24/12/2022;20;0,091;R
ES0000000000004889CCPF;24/12/2022;21;0,071;R
ES0000000000004889CCPF;24/12/2022;22;0,071;R
ES0000000000004889CCPF;24/12/2022;23;0,071;R
ES0000000000004889CCPF;25/12/2022;0;0,098;R
ES0000000000004889CCPF;25/12/2022;1;0,155;R
ES0000000000004889CCPF;25/12/2022;2;0,131;R
ES0000000000004889CCPF;25/12/2022;3;0,112;R
ES0000000000004889CCPF;25/12/2022;4;0,1;R
ES0000000000004889CCPF;25/12/2022;5;0,094;R
ES0000000000004889CCPF;25/12/2022;6;0,085;R
ES0000000000004889CCPF;25/12/2022;7;0,322;R
ES0000000000004889CCPF;25/12/2022;8;0,071;R
ES0000000000004889CCPF;25/12/2022;9;0,075;R
ES0000000000004889CCPF;25/12/2022;10;0,215;R
ES0000000000004889CCPF;25/12/2022;11;1,028;R
ES0000000000004889CCPF;25/12/2022;12;0,185;R
ES0000000000004889CCPF;25/12/2022;13;0,164;R
ES0000000000004889CCPF;25/12/2022;14;0,402;R
ES0000000000004889CCPF;25/12/2022;15;0,086;R
ES0000000000004889CCPF;25/12/2022;16;0,092;R
ES0000000000004889CCPF;25/12/2022;17;0,073;R
ES0000000000004889CCPF;25/12/2022;18;0,071;R
ES0000000000004889CCPF;25/12/2022;19;0,07;R
ES0000000000004889CCPF;25/12/2022;20;0,07;R
ES0000000000004889CCPF;25/12/2022;21;0,076;R
ES0000000000004889CCPF;25/12/2022;22;1,047;R
ES0000000000004889CCPF;25/12/2022;23;0,984;R
ES0000000000004889CCPF;26/12/2022;0;1,141;R
ES0000000000004889CCPF;26/12/2022;1;0,094;R
ES0000000000004889CCPF;26/12/2022;2;0,082;R
ES0000000000004889CCPF;26/12/2022;3;0,081;R
ES0000000000004889CCPF;26/12/2022;4;0,074;R
ES0000000000004889CCPF;26/12/2022;5;0,073;R
ES0000000000004889CCPF;26/12/2022;6;0,073;R
ES0000000000004889CCPF;26/12/2022;7;0,08;R
ES0000000000004889CCPF;26/12/2022;8;0,072;R
ES0000000000004889CCPF;26/12/2022;9;0,096;R
ES0000000000004889CCPF;26/12/2022;10;0,348;R
ES0000000000004889CCPF;26/12/2022;11;0,463;R
ES0000000000004889CCPF;26/12/2022;12;0,089;R
ES0000000000004889CCPF;26/12/2022;13;0,336;R
ES0000000000004889CCPF;26/12/2022;14;1,5;R
ES0000000000004889CCPF;26/12/2022;15;1,332;R
ES0000000000004889CCPF;26/12/2022;16;0,657;R
ES0000000000004889CCPF;26/12/2022;17;0,08;R
ES0000000000004889CCPF;26/12/2022;18;0,395;R
ES0000000000004889CCPF;26/12/2022;19;0,163;R
ES0000000000004889CCPF;26/12/2022;20;0,127;R
ES0000000000004889CCPF;26/12/2022;21;0,152;R
ES0000000000004889CCPF;26/12/2022;22;0,132;R
ES0000000000004889CCPF;26/12/2022;23;0,306;R
ES0000000000004889CCPF;27/12/2022;0;0,204;R
ES0000000000004889CCPF;27/12/2022;1;0,63;R
ES0000000000004889CCPF;27/12/2022;2;0,778;R
ES0000000000004889CCPF;27/12/2022;3;0,207;R
ES0000000000004889CCPF;27/12/2022;4;0,231;R
ES0000000000004889CCPF;27/12/2022;5;0,086;R
ES0000000000004889CCPF;27/12/2022;6;0,095;R
ES0000000000004889CCPF;27/12/2022;7;0,079;R
ES0000000000004889CCPF;27/12/2022;8;0,07;R
ES0000000000004889CCPF;27/12/2022;9;0,125;R
ES0000000000004889CCPF;27/12/2022;10;0,144;R
ES0000000000004889CCPF;27/12/2022;11;0,105;R
ES0000000000004889CCPF;27/12/2022;12;0,118;R
ES0000000000004889CCPF;27/12/2022;13;0,114;R
ES0000000000004889CCPF;27/12/2022;14;0,129;R
ES0000000000004889CCPF;27/12/2022;15;0,104;R
ES0000000000004889CCPF;27/12/2022;16;0,135;R
ES0000000000004889CCPF;27/12/2022;17;0,38;R
ES0000000000004889CCPF;27/12/2022;18;0,103;R
ES0000000000004889CCPF;27/12/2022;19;0,118;R
ES0000000000004889CCPF;27/12/2022;20;0,108;R
ES0000000000004889CCPF;27/12/2022;21;0,267;R
ES0000000000004889CCPF;27/12/2022;22;0,232;R
ES0000000000004889CCPF;27/12/2022;23;0,201;R
ES0000000000004889CCPF;28/12/2022;0;0,197;R
ES0000000000004889CCPF;28/12/2022;1;0,15;R
ES0000000000004889CCPF;28/12/2022;2;0,075;R
ES0000000000004889CCPF;28/12/2022;3;0,07;R
ES0000000000004889CCPF;28/12/2022;4;0,056;R
ES0000000000004889CCPF;28/12/2022;5;0,065;R
ES0000000000004889CCPF;28/12/2022;6;0,333;R
ES0000000000004889CCPF;28/12/2022;7;0,077;R
ES0000000000004889CCPF;28/12/2022;8;0,059;R
ES0000000000004889CCPF;28/12/2022;9;0,151;R
ES0000000000004889CCPF;28/12/2022;10;0,126;R
ES0000000000004889CCPF;28/12/2022;11;0,113;R
ES0000000000004889CCPF;28/12/2022;12;0,106;R
ES0000000000004889CCPF;28/12/2022;13;0,098;R
ES0000000000004889CCPF;28/12/2022;14;0,087;R
ES0000000000004889CCPF;28/12/2022;15;0,354;R
ES0000000000004889CCPF;28/12/2022;16;0,96;R
ES0000000000004889CCPF;28/12/2022;17;0,422;R
ES0000000000004889CCPF;28/12/2022;18;0,298;R
ES0000000000004889CCPF;28/12/2022;19;0,101;R
ES0000000000004889CCPF;28/12/2022;20;1,033;R
ES0000000000004889CCPF;28/12/2022;21;1,223;R
ES0000000000004889CCPF;28/12/2022;22;0,222;R
ES0000000000004889CCPF;28/12/2022;23;0,209;R
ES0000000000004889CCPF;29/12/2022;0;0,473;R
ES0000000000004889CCPF;29/12/2022;1;0,074;R
ES0000000000004889CCPF;29/12/2022;2;0,072;R
ES0000000000004889CCPF;29/12/2022;3;0,074;R
ES0000000000004889CCPF;29/12/2022;4;0,079;R
ES0000000000004889CCPF;29/12/2022;5;0,081;R
ES0000000000004889CCPF;29/12/2022;6;0,08;R
ES0000000000004889CCPF;29/12/2022;7;0,08;R
ES0000000000004889CCPF;29/12/2022;8;0,081;R
ES0000000000004889CCPF;29/12/2022;9;0,163;R
ES0000000000004889CCPF;29/12/2022;10;0,623;R
ES0000000000004889CCPF;29/12/2022;11;0,082;R
ES0000000000004889CCPF;29/12/2022;12;0,072;R
ES0000000000004889CCPF;29/12/2022;13;0,07;R
ES0000000000004889CCPF;29/12/2022;14;1,19;R
ES0000000000004889CCPF;29/12/2022;15;0,815;R
ES0000000000004889CCPF;29/12/2022;16;0,388;R
ES0000000000004889CCPF;29/12/2022;17;0,093;R
ES0000000000004889CCPF;29/12/2022;18;0,088;R
ES0000000000004889CCPF;29/12/2022;19;0,086;R
ES0000000000004889CCPF;29/12/2022;20;0,211;R
ES0000000000004889CCPF;29/12/2022;21;0,595;R
ES0000000000004889CCPF;29/12/2022;22;0,137;R
ES0000000000004889CCPF;29/12/2022;23;0,341;R
ES0000000000004889CCPF;30/12/2022;0;0,151;R
ES0000000000004889CCPF;30/12/2022;1;0,09;R
ES0000000000004889CCPF;30/12/2022;2;0,081;R
ES0000000000004889CCPF;30/12/2022;3;0,081;R
ES0000000000004889CCPF;30/12/2022;4;0,084;R
ES0000000000004889CCPF;30/12/2022;5;0,082;R
ES0000000000004889CCPF;30/12/2022;6;0,096;R
ES0000000000004889CCPF;30/12/2022;7;0,082;R
ES0000000000004889CCPF;30/12/2022;8;0,077;R
ES0000000000004889CCPF;30/12/2022;9;0,179;R
ES0000000000004889CCPF;30/12/2022;10;0,094;R
ES0000000000004889CCPF;30/12/2022;11;0,375;R
ES0000000000004889CCPF;30/12/2022;12;0,107;R
ES0000000000004889CCPF;30/12/2022;13;0,115;R
ES0000000000004889CCPF;30/12/2022;14;0,1;R
ES0000000000004889CCPF;30/12/2022;15;0,24;R
ES0000000000004889CCPF;30/12/2022;16;0,1;R
ES0000000000004889CCPF;30/12/2022;17;0,086;R
ES0000000000004889CCPF;30/12/2022;18;0,428;R
ES0000000000004889CCPF;30/12/2022;19;0,127;R
ES0000000000004889CCPF;30/12/2022;20;0,228;R
ES0000000000004889CCPF;30/12/2022;21;0,377;R
ES0000000000004889CCPF;30/12/2022;22;0,153;R
ES0000000000004889CCPF;30/12/2022;23;0,106;R
ES0000000000004889CCPF;31/12/2022;0;0,222;R
ES0000000000004889CCPF;31/12/2022;1;0,231;R
ES0000000000004889CCPF;31/12/2022;2;0,152;R
ES0000000000004889CCPF;31/12/2022;3;0,071;R
ES0000000000004889CCPF;31/12/2022;4;0,07;R
ES0000000000004889CCPF;31/12/2022;5;0,07;R
ES0000000000004889CCPF;31/12/2022;6;0,331;R
ES0000000000004889CCPF;31/12/2022;7;0,081;R
ES0000000000004889CCPF;31/12/2022;8;0,082;R
ES0000000000004889CCPF;31/12/2022;9;0,084;R
ES0000000000004889CCPF;31/12/2022;10;0,124;R
ES0000000000004889CCPF;31/12/2022;11;0,154;R
ES0000000000004889CCPF;31/12/2022;12;0,421;R
ES0000000000004889CCPF;31/12/2022;13;0,075;R
ES0000000000004889CCPF;31/12/2022;14;0,071;R
ES0000000000004889CCPF;31/12/2022;15;0,17;R
ES0000000000004889CCPF;31/12/2022;16;1,615;R
ES0000000000004889CCPF;31/12/2022;17;1,591;R
ES0000000000004889CCPF;31/12/2022;18;0,099;R
ES0000000000004889CCPF;31/12/2022;19;0,761;R
ES0000000000004889CCPF;31/12/2022;20;0,154;R
ES0000000000004889CCPF;31/12/2022;21;0,091;R
ES0000000000004889CCPF;31/12/2022;22;0,071;R
ES0000000000004889CCPF;31/12/2022;23;0,082;R
ES0000000000004889CCPF;01/01/2023;0;0,084;R
ES0000000000004889CCPF;01/01/2023;1;0,12;R
ES0000000000004889CCPF;01/01/2023;2;0,105;R
ES0000000000004889CCPF;01/01/2023;3;0,091;R
ES0000000000004889CCPF;01/01/2023;4;0,08;R
ES0000000000004889CCPF;01/01/2023;5;0,073;R
ES0000000000004889CCPF;01/01/2023;6;0,071;R
ES0000000000004889CCPF;01/01/2023;7;0,072;R
ES0000000000004889CCPF;01/01/2023;8;0,074;R
ES0000000000004889CCPF;01/01/2023;9;0,078;R
ES0000000000004889CCPF;01/01/2023;10;0,093;R
ES0000000000004889CCPF;01/01/2023;11;0,111;R
ES0000000000004889CCPF;01/01/2023;12;0,122;R
ES0000000000004889CCPF;01/01/2023;13;0,126;R
ES0000000000004889CCPF;01/01/2023;14;0,132;R
ES0000000000004889CCPF;01/01/2023;15;0,133;R
ES0000000000004889CCPF;01/01/2023;16;0,119;R
ES0000000000004889CCPF;01/01/2023;17;0,113;R
ES0000000000004889CCPF;01/01/2023;18;0,116;R
ES0000000000004889CCPF;01/01/2023;19;0,136;R
ES0000000000004889CCPF;01/01/2023;20;0,149;R
ES0000000000004889CCPF;01/01/2023;21;0,159;R
ES0000000000004889CCPF;01/01/2023;22;0,164;R
ES0000000000004889CCPF;01/01/2023;23;0,153;R
ES0000000000004889CCPF;02/01/2023;0;0,132;R
ES0000000000004889CCPF;02/01/2023;1;0,115;R
ES0000000000004889CCPF;02/01/2023;2;0,093;R
ES0000000000004889CCPF;02/01/2023;3;0,08;R
ES0000000000004889CCPF;02/01/2023;4;0,073;R
ES0000000000004889CCPF;02/01/2023;5;0,069;R
ES0000000000004889CCPF;02/01/2023;6;0,069;R
ES0000000000004889CCPF;02/01/2023;7;0,072;R
ES0000000000004889CCPF;02/01/2023;8;0,081;R
ES0000000000004889CCPF;02/01/2023;9;0,153;R
ES0000000000004889CCPF;02/01/2023;10;0,165;R
ES0000000000004889CCPF;02/01/2023;11;0,106;R
ES0000000000004889CCPF;02/01/2023;12;0,11;R
ES0000000000004889CCPF;02/01/2023;13;0,11;R
ES0000000000004889CCPF;02/01/2023;14;0,117;R
ES0000000000004889CCPF;02/01/2023;15;0,21;R
ES0000000000004889CCPF;02/01/2023;16;0,196;R
ES0000000000004889CCPF;02/01/2023;17;0,186;R
ES0000000000004889CCPF;02/01/2023;18;0,192;R
ES0000000000004889CCPF;02/01/2023;19;0,131;R
ES0000000000004889CCPF;02/01/2023;20;0,149;R
ES0000000000004889CCPF;02/01/2023;21;0,163;R
ES0000000000004889CCPF;02/01/2023;22;0,171;R
ES0000000000004889CCPF;02/01/2023;23;0,285;R
ES0000000000004889CCPF;03/01/2023;0;0,243;R
ES0000000000004889CCPF;03/01/2023;1;0,104;R
ES0000000000004889CCPF;03/01/2023;2;0,084;R
ES0000000000004889CCPF;03/01/2023;3;0,073;R
ES0000000000004889CCPF;03/01/2023;4;0,067;R
ES0000000000004889CCPF;03/01/2023;5;0,066;R
ES0000000000004889CCPF;03/01/2023;6;0,068;R
ES0000000000004889CCPF;03/01/2023;7;0,079;R
ES0000000000004889CCPF;03/01/2023;8;0,1;R
ES0000000000004889CCPF;03/01/2023;9;0,204;R
ES0000000000004889CCPF;03/01/2023;10;0,22;R
ES0000000000004889CCPF;03/01/2023;11;0,136;R
ES0000000000004889CCPF;03/01/2023;12;0,137;R
ES0000000000004889CCPF;03/01/2023;13;0,137;R
ES0000000000004889CCPF;03/01/2023;14;0,144;R
ES0000000000004889CCPF;03/01/2023;15;0,254;R
ES0000000000004889CCPF;03/01/2023;16;0,242;R
ES0000000000004889CCPF;03/01/2023;17;0,234;R
ES0000000000004889CCPF;03/01/2023;18;0,242;R
ES0000000000004889CCPF;03/01/2023;19;0,159;R
ES0000000000004889CCPF;03/01/2023;20;0,176;R
ES0000000000004889CCPF;03/01/2023;21;0,188;R
ES0000000000004889CCPF;03/01/2023;22;0,192;R
ES0000000000004889CCPF;03/01/2023;23;0,31;R
ES0000000000004889CCPF;04/01/2023;0;0,261;R
ES0000000000004889CCPF;04/01/2023;1;0,116;R
ES0000000000004889CCPF;04/01/2023;2;0,093;R
ES0000000000004889CCPF;04/01/2023;3;0,081;R
ES0000000000004889CCPF;04/01/2023;4;0,075;R
ES0000000000004889CCPF;04/01/2023;5;0,072;R
ES0000000000004889CCPF;04/01/2023;6;0,074;R
ES0000000000004889CCPF;04/01/2023;7;0,083;R
ES0000000000004889CCPF;04/01/2023;8;0,104;R
ES0000000000004889CCPF;04/01/2023;9;0,21;R
ES0000000000004889CCPF;04/01/2023;10;0,224;R
ES0000000000004889CCPF;04/01/2023;11;0,137;R
ES0000000000004889CCPF;04/01/2023;12;0,137;R
ES0000000000004889CCPF;04/01/2023;13;0,136;R
ES0000000000004889CCPF;04/01/2023;14;0,142;R
ES0000000000004889CCPF;04/01/2023;15;0,248;R
ES0000000000004889CCPF;04/01/2023;16;0,237;R
ES0000000000004889CCPF;04/01/2023;17;0,229;R
ES0000000000004889CCPF;04/01/2023;18;0,238;R
ES0000000000004889CCPF;04/01/2023;19;0,157;R
ES0000000000004889CCPF;04/01/2023;20;0,173;R
ES0000000000004889CCPF;04/01/2023;21;0,184;R
ES0000000000004889CCPF;04/01/2023;22;0,188;R
ES0000000000004889CCPF;04/01/2023;23;0,309;R
ES0000000000004889CCPF;05/01/2023;0;0,264;R
ES0000000000004889CCPF;05/01/2023;1;0,116;R
ES0000000000004889CCPF;05/01/2023;2;0,094;R
ES0000000000004889CCPF;05/01/2023;3;0,081;R
ES0000000000004889CCPF;05/01/2023;4;0,075;R
ES0000000000004889CCPF;05/01/2023;5;0,073;R
ES0000000000004889CCPF;05/01/2023;6;0,075;R
ES0000000000004889CCPF;05/01/2023;7;0,084;R
ES0000000000004889CCPF;05/01/2023;8;0,104;R
ES0000000000004889CCPF;05/01/2023;9;0,209;R
ES0000000000004889CCPF;05/01/2023;10;0,223;R
ES0000000000004889CCPF;05/01/2023;11;0,137;R
ES0000000000004889CCPF;05/01/2023;12;0,137;R
ES0000000000004889CCPF;05/01/2023;13;0,136;R
ES0000000000004889CCPF;05/01/2023;14;0,142;R
ES0000000000004889CCPF;05/01/2023;15;0,249;R
ES0000000000004889CCPF;05/01/2023;16;0,236;R
ES0000000000004889CCPF;05/01/2023;17;0,228;R
ES0000000000004889CCPF;05/01/2023;18;0,233;R
ES0000000000004889CCPF;05/01/2023;19;0,15;R
ES0000000000004889CCPF;05/01/2023;20;0,163;R
ES0000000000004889CCPF;05/01/2023;21;0,174;R
ES0000000000004889CCPF;05/01/2023;22;0,178;R
ES0000000000004889CCPF;05/01/2023;23;0,293;R
ES0000000000004889CCPF;06/01/2023;0;0,253;R
ES0000000000004889CCPF;06/01/2023;1;0,13;R
ES0000000000004889CCPF;06/01/2023;2;0,109;R
ES0000000000004889CCPF;06/01/2023;3;0,093;R
ES0000000000004889CCPF;06/01/2023;4;0,083;R
ES0000000000004889CCPF;06/01/2023;5;0,078;R
ES0000000000004889CCPF;06/01/2023;6;0,077;R
ES0000000000004889CCPF;06/01/2023;7;0,079;R
ES0000000000004889CCPF;06/01/2023;8;0,083;R
ES0000000000004889CCPF;06/01/2023;9;0,091;R
ES0000000000004889CCPF;06/01/2023;10;0,112;R
ES0000000000004889CCPF;06/01/2023;11;0,134;R
ES0000000000004889CCPF;06/01/2023;12;0,144;R
ES0000000000004889CCPF;06/01/2023;13;0,144;R
ES0000000000004889CCPF;06/01/2023;14;0,149;R
ES0000000000004889CCPF;06/01/2023;15;0,148;R
ES0000000000004889CCPF;06/01/2023;16;0,134;R
ES0000000000004889CCPF;06/01/2023;17;0,126;R
ES0000000000004889CCPF;06/01/2023;18;0,128;R
ES0000000000004889CCPF;06/01/2023;19;0,149;R
ES0000000000004889CCPF;06/01/2023;20;0,163;R
ES0000000000004889CCPF;06/01/2023;21;0,174;R
ES0000000000004889CCPF;06/01/2023;22;0,178;R
ES0000000000004889CCPF;06/01/2023;23;0,166;R
ES0000000000004889CCPF;07/01/2023;0;0,144;R
ES0000000000004889CCPF;07/01/2023;1;0,118;R
ES0000000000004889CCPF;07/01/2023;2;0,096;R
ES0000000000004889CCPF;07/01/2023;3;0,082;R
ES0000000000004889CCPF;07/01/2023;4;0,074;R
ES0000000000004889CCPF;07/01/2023;5;0,071;R
ES0000000000004889CCPF;07/01/2023;6;0,072;R
ES0000000000004889CCPF;07/01/2023;7;0,076;R
ES0000000000004889CCPF;07/01/2023;8;0,083;R
ES0000000000004889CCPF;07/01/2023;9;0,096;R
ES0000000000004889CCPF;07/01/2023;10;0,119;R
ES0000000000004889CCPF;07/01/2023;11;0,139;R
ES0000000000004889CCPF;07/01/2023;12;0,143;R
ES0000000000004889CCPF;07/01/2023;13;0,141;R
ES0000000000004889CCPF;07/01/2023;14;0,147;R
ES0000000000004889CCPF;07/01/2023;15;0,15;R
ES0000000000004889CCPF;07/01/2023;16;0,139;R
ES0000000000004889CCPF;07/01/2023;17;0,131;R
ES0000000000004889CCPF;07/01/2023;18;0,131;R
ES0000000000004889CCPF;07/01/2023;19;0,148;R
ES0000000000004889CCPF;07/01/2023;20;0,157;R
ES0000000000004889CCPF;07/01/2023;21;0,165;R
ES0000000000004889CCPF;07/01/2023;22;0,172;R
ES0000000000004889CCPF;07/01/2023;23;0,166;R
ES0000000000004889CCPF;08/01/2023;0;0,149;R
ES0000000000004889CCPF;08/01/2023;1;0,14;R
ES0000000000004889CCPF;08/01/2023;2;0,118;R
ES0000000000004889CCPF;08/01/2023;3;0,101;R
ES0000000000004889CCPF;08/01/2023;4;0,09;R
ES0000000000004889CCPF;08/01/2023;5;0,085;R
ES0000000000004889CCPF;08/01/2023;6;0,084;R
ES0000000000004889CCPF;08/01/2023;7;0,085;R
ES0000000000004889CCPF;08/01/2023;8;0,089;R
ES0000000000004889CCPF;08/01/2023;9;0,098;R
ES0000000000004889CCPF;08/01/2023;10;0,121;R
ES0000000000004889CCPF;08/01/2023;11;0,147;R
ES0000000000004889CCPF;08/01/2023;12;0,159;R
ES0000000000004889CCPF;08/01/2023;13;0,16;R
ES0000000000004889CCPF;08/01/2023;14;0,167;R
ES0000000000004889CCPF;08/01/2023;15;0,166;R
ES0000000000004889CCPF;08/01/2023;16;0,151;R
ES0000000000004889CCPF;08/01/2023;17;0,141;R
ES0000000000004889CCPF;08/01/2023;18;0,142;R
ES0000000000004889CCPF;08/01/2023;19;0,164;R
ES0000000000004889CCPF;08/01/2023;20;0,182;R
ES0000000000004889CCPF;08/01/2023;21;0,194;R
ES0000000000004889CCPF;08/01/2023;22;0,198;R
ES0000000000004889CCPF;08/01/2023;23;0,182;R
ES0000000000004889CCPF;09/01/2023;0;0,155;R
ES0000000000004889CCPF;09/01/2023;1;0,121;R
ES0000000000004889CCPF;09/01/2023;2;0,098;R
ES0000000000004889CCPF;09/01/2023;3;0,086;R
ES0000000000004889CCPF;09/01/2023;4;0,08;R
ES0000000000004889CCPF;09/01/2023;5;0,077;R
ES0000000000004889CCPF;09/01/2023;6;0,08;R
ES0000000000004889CCPF;09/01/2023;7;0,091;R
ES0000000000004889CCPF;09/01/2023;8;0,118;R
ES0000000000004889CCPF;09/01/2023;9;0,239;R
ES0000000000004889CCPF;09/01/2023;10;0,25;R
ES0000000000004889CCPF;09/01/2023;11;0,152;R
ES0000000000004889CCPF;09/01/2023;12;0,153;R
ES0000000000004889CCPF;09/01/2023;13;0,152;R
ES0000000000004889CCPF;09/01/2023;14;0,158;R
ES0000000000004889CCPF;09/01/2023;15;0,278;R
ES0000000000004889CCPF;09/01/2023;16;0,266;R
ES0000000000004889CCPF;09/01/2023;17;0,256;R
ES0000000000004889CCPF;09/01/2023;18;0,264;R
ES0000000000004889CCPF;09/01/2023;19;0,174;R
ES0000000000004889CCPF;09/01/2023;20;0,195;R
ES0000000000004889CCPF;09/01/2023;21;0,209;R
ES0000000000004889CCPF;09/01/2023;22;0,211;R
ES0000000000004889CCPF;09/01/2023;23;0,336;R
ES0000000000004889CCPF;10/01/2023;0;0,279;R
ES0000000000004889CCPF;10/01/2023;1;0,124;R
ES0000000000004889CCPF;10/01/2023;2;0,1;R
ES0000000000004889CCPF;10/01/2023;3;0,088;R
ES0000000000004889CCPF;10/01/2023;4;0,082;R
ES0000000000004889CCPF;10/01/2023;5;0,08;R
ES0000000000004889CCPF;10/01/2023;6;0,082;R
ES0000000000004889CCPF;10/01/2023;7;0,094;R
ES0000000000004889CCPF;10/01/2023;8;0,121;R
ES0000000000004889CCPF;10/01/2023;9;0,245;R
ES0000000000004889CCPF;10/01/2023;10;0,253;R
ES0000000000004889CCPF;10/01/2023;11;0,153;R
ES0000000000004889CCPF;10/01/2023;12;0,152;R
ES0000000000004889CCPF;10/01/2023;13;0,151;R
ES0000000000004889CCPF;10/01/2023;14;0,158;R
ES0000000000004889CCPF;10/01/2023;15;0,277;R
ES0000000000004889CCPF;10/01/2023;16;0,266;R
ES0000000000004889CCPF;10/01/2023;17;0,258;R
ES0000000000004889CCPF;10/01/2023;18;0,267;R
ES0000000000004889CCPF;10/01/2023;19;0,175;R
ES0000000000004889CCPF;10/01/2023;20;0,196;R
ES0000000000004889CCPF;10/01/2023;21;0,21;R
ES0000000000004889CCPF;10/01/2023;22;0,211;R
ES0000000000004889CCPF;10/01/2023;23;0,338;R
ES0000000000004889CCPF;11/01/2023;0;0,282;R
ES0000000000004889CCPF;11/01/2023;1;0,124;R
ES0000000000004889CCPF;11/01/2023;2;0,1;R
ES0000000000004889CCPF;11/01/2023;3;0,088;R
ES0000000000004889CCPF;11/01/2023;4;0,082;R
ES0000000000004889CCPF;11/01/2023;5;0,08;R
ES0000000000004889CCPF;11/01/2023;6;0,082;R
ES0000000000004889CCPF;11/01/2023;7;0,094;R
ES0000000000004889CCPF;11/01/2023;8;0,12;R
ES0000000000004889CCPF;11/01/2023;9;0,244;R
ES0000000000004889CCPF;11/01/2023;10;0,252;R
ES0000000000004889CCPF;11/01/2023;11;0,152;R
ES0000000000004889CCPF;11/01/2023;12;0,151;R
ES0000000000004889CCPF;11/01/2023;13;0,149;R
ES0000000000004889CCPF;11/01/2023;14;0,156;R
ES0000000000004889CCPF;11/01/2023;15;0,273;R
ES0000000000004889CCPF;11/01/2023;16;0,263;R
ES0000000000004889CCPF;11/01/2023;17;0,255;R
ES0000000000004889CCPF;11/01/2023;18;0,263;R
ES0000000000004889CCPF;11/01/2023;19;0,173;R
ES0000000000004889CCPF;11/01/2023;20;0,194;R
ES0000000000004889CCPF;11/01/2023;21;0,208;R
ES0000000000004889CCPF;11/01/2023;22;0,21;R
ES0000000000004889CCPF;11/01/2023;23;0,336;R
ES0000000000004889CCPF;12/01/2023;0;0,281;R
ES0000000000004889CCPF;12/01/2023;1;0,275;R
ES0000000000004889CCPF;12/01/2023;2;0,223;R
ES0000000000004889CCPF;12/01/2023;3;0,195;R
ES0000000000004889CCPF;12/01/2023;4;0,181;R
ES0000000000004889CCPF;12/01/2023;5;0,177;R
ES0000000000004889CCPF;12/01/2023;6;0,182;R
ES0000000000004889CCPF;12/01/2023;7;0,208;R
ES0000000000004889CCPF;12/01/2023;8;0,267;R
ES0000000000004889CCPF;12/01/2023;9;0,497;R
ES0000000000004889CCPF;12/01/2023;10;0,513;R
ES0000000000004889CCPF;12/01/2023;11;0,298;R
ES0000000000004889CCPF;12/01/2023;12;0,296;R
ES0000000000004889CCPF;12/01/2023;13;0,293;R
ES0000000000004889CCPF;12/01/2023;14;0,306;R
ES0000000000004889CCPF;12/01/2023;15;0,558;R
ES0000000000004889CCPF;12/01/2023;16;0,537;R
ES0000000000004889CCPF;12/01/2023;17;0,522;R
ES0000000000004889CCPF;12/01/2023;18;0,54;R
ES0000000000004889CCPF;12/01/2023;19;0,342;R
ES0000000000004889CCPF;12/01/2023;20;0,382;R
ES0000000000004889CCPF;12/01/2023;21;0,408;R
ES0000000000004889CCPF;12/01/2023;22;0,412;R
ES0000000000004889CCPF;12/01/2023;23;0,688;R
ES0000000000004889CCPF;13/01/2023;0;0,577;R
ES0000000000004889CCPF;13/01/2023;1;0,279;R
ES0000000000004889CCPF;13/01/2023;2;0,226;R
ES0000000000004889CCPF;13/01/2023;3;0,197;R
ES0000000000004889CCPF;13/01/2023;4;0,183;R
ES0000000000004889CCPF;13/01/2023;5;0,178;R
ES0000000000004889CCPF;13/01/2023;6;0,183;R
ES0000000000004889CCPF;13/01/2023;7;0,208;R
ES0000000000004889CCPF;13/01/2023;8;0,265;R
ES0000000000004889CCPF;13/01/2023;9;0,495;R
ES0000000000004889CCPF;13/01/2023;10;0,52;R
ES0000000000004889CCPF;13/01/2023;11;0,304;R
ES0000000000004889CCPF;13/01/2023;12;0,303;R
ES0000000000004889CCPF;13/01/2023;13;0,299;R
ES0000000000004889CCPF;13/01/2023;14;0,311;R
ES0000000000004889CCPF;13/01/2023;15;0,57;R
ES0000000000004889CCPF;13/01/2023;16;0,549;R
ES0000000000004889CCPF;13/01/2023;17;0,532;R
ES0000000000004889CCPF;13/01/2023;18;0,544;R
ES0000000000004889CCPF;13/01/2023;19;0,338;R
ES0000000000004889CCPF;13/01/2023;20;0,366;R
ES0000000000004889CCPF;13/01/2023;21;0,382;R
ES0000000000004889CCPF;13/01/2023;22;0,391;R
ES0000000000004889CCPF;13/01/2023;23;0,673;R
ES0000000000004889CCPF;14/01/2023;0;0,592;R
ES0000000000004889CCPF;14/01/2023;1;0,298;R
ES0000000000004889CCPF;14/01/2023;2;0,244;R
ES0000000000004889CCPF;14/01/2023;3;0,209;R
ES0000000000004889CCPF;14/01/2023;4;0,19;R
ES0000000000004889CCPF;14/01/2023;5;0,182;R
ES0000000000004889CCPF;14/01/2023;6;0,182;R
ES0000000000004889CCPF;14/01/2023;7;0,189;R
ES0000000000004889CCPF;14/01/2023;8;0,207;R
ES0000000000004889CCPF;14/01/2023;9;0,24;R
ES0000000000004889CCPF;14/01/2023;10;0,298;R
ES0000000000004889CCPF;14/01/2023;11;0,344;R
ES0000000000004889CCPF;14/01/2023;12;0,353;R
ES0000000000004889CCPF;14/01/2023;13;0,347;R
ES0000000000004889CCPF;14/01/2023;14;0,362;R
ES0000000000004889CCPF;14/01/2023;15;0,365;R
ES0000000000004889CCPF;14/01/2023;16;0,338;R
ES0000000000004889CCPF;14/01/2023;17;0,318;R
ES0000000000004889CCPF;14/01/2023;18;0,317;R
ES0000000000004889CCPF;14/01/2023;19;0,355;R
ES0000000000004889CCPF;14/01/2023;20;0,382;R
ES0000000000004889CCPF;14/01/2023;21;0,4;R
ES0000000000004889CCPF;14/01/2023;22;0,413;R
ES0000000000004889CCPF;14/01/2023;23;0,397;R
ES0000000000004889CCPF;15/01/2023;0;0,357;R
ES0000000000004889CCPF;15/01/2023;1;0,31;R
ES0000000000004889CCPF;15/01/2023;2;0,261;R
ES0000000000004889CCPF;15/01/2023;3;0,224;R
ES0000000000004889CCPF;15/01/2023;4;0,201;R
ES0000000000004889CCPF;15/01/2023;5;0,189;R
ES0000000000004889CCPF;15/01/2023;6;0,187;R
ES0000000000004889CCPF;15/01/2023;7;0,19;R
ES0000000000004889CCPF;15/01/2023;8;0,2;R
ES0000000000004889CCPF;15/01/2023;9;0,219;R
ES0000000000004889CCPF;15/01/2023;10;0,272;R
ES0000000000004889CCPF;15/01/2023;11;0,328;R
ES0000000000004889CCPF;15/01/2023;12;0,352;R
ES0000000000004889CCPF;15/01/2023;13;0,353;R
ES0000000000004889CCPF;15/01/2023;14;0,367;R
ES0000000000004889CCPF;15/01/2023;15;0,365;R
ES0000000000004889CCPF;15/01/2023;16;0,331;R
ES0000000000004889CCPF;15/01/2023;17;0,311;R
ES0000000000004889CCPF;15/01/2023;18;0,311;R
ES0000000000004889CCPF;15/01/2023;19;0,358;R
ES0000000000004889CCPF;15/01/2023;20;0,4;R
ES0000000000004889CCPF;15/01/2023;21;0,429;R
ES0000000000004889CCPF;15/01/2023;22;0,436;R
ES0000000000004889CCPF;15/01/2023;23;0,403;R
ES0000000000004889CCPF;16/01/2023;0;0,344;R
ES0000000000004889CCPF;16/01/2023;1;0,27;R
ES0000000000004889CCPF;16/01/2023;2;0,22;R
ES0000000000004889CCPF;16/01/2023;3;0,193;R
ES0000000000004889CCPF;16/01/2023;4;0,179;R
ES0000000000004889CCPF;16/01/2023;5;0,174;R
ES0000000000004889CCPF;16/01/2023;6;0,179;R
ES0000000000004889CCPF;16/01/2023;7;0,205;R
ES0000000000004889CCPF;16/01/2023;8;0,265;R
ES0000000000004889CCPF;16/01/2023;9;0,494;R
ES0000000000004889CCPF;16/01/2023;10;0,516;R
ES0000000000004889CCPF;16/01/2023;11;0,302;R
ES0000000000004889CCPF;16/01/2023;12;0,302;R
ES0000000000004889CCPF;16/01/2023;13;0,3;R
ES0000000000004889CCPF;16/01/2023;14;0,314;R
ES0000000000004889CCPF;16/01/2023;15;0,572;R
ES0000000000004889CCPF;16/01/2023;16;0,548;R
ES0000000000004889CCPF;16/01/2023;17;0,529;R
ES0000000000004889CCPF;16/01/2023;18;0,543;R
ES0000000000004889CCPF;16/01/2023;19;0,342;R
ES0000000000004889CCPF;16/01/2023;20;0,385;R
ES0000000000004889CCPF;16/01/2023;21;0,413;R
ES0000000000004889CCPF;16/01/2023;22;0,415;R
ES0000000000004889CCPF;16/01/2023;23;0,687;R
ES0000000000004889CCPF;17/01/2023;0;0,57;R
ES0000000000004889CCPF;17/01/2023;1;0,277;R
ES0000000000004889CCPF;17/01/2023;2;0,224;R
ES0000000000004889CCPF;17/01/2023;3;0,197;R
ES0000000000004889CCPF;17/01/2023;4;0,183;R
ES0000000000004889CCPF;17/01/2023;5;0,178;R
ES0000000000004889CCPF;17/01/2023;6;0,184;R
ES0000000000004889CCPF;17/01/2023;7;0,21;R
ES0000000000004889CCPF;17/01/2023;8;0,271;R
ES0000000000004889CCPF;17/01/2023;9;0,503;R
ES0000000000004889CCPF;17/01/2023;10;0,521;R
ES0000000000004889CCPF;17/01/2023;11;0,303;R
ES0000000000004889CCPF;17/01/2023;12;0,301;R
ES0000000000004889CCPF;17/01/2023;13;0,298;R
ES0000000000004889CCPF;17/01/2023;14;0,311;R
ES0000000000004889CCPF;17/01/2023;15;0,567;R
ES0000000000004889CCPF;17/01/2023;16;0,545;R
ES0000000000004889CCPF;17/01/2023;17;0,529;R
ES0000000000004889CCPF;17/01/2023;18;0,544;R
ES0000000000004889CCPF;17/01/2023;19;0,343;R
ES0000000000004889CCPF;17/01/2023;20;0,385;R
ES0000000000004889CCPF;17/01/2023;21;0,412;R
ES0000000000004889CCPF;17/01/2023;22;0,416;R
ES0000000000004889CCPF;17/01/2023;23;0,692;R
ES0000000000004889CCPF;18/01/2023;0;0,578;R
ES0000000000004889CCPF;18/01/2023;1;0,277;R
ES0000000000004889CCPF;18/01/2023;2;0,224;R
ES0000000000004889CCPF;18/01/2023;3;0,197;R
ES0000000000004889CCPF;18/01/2023;4;0,183;R
ES0000000000004889CCPF;18/01/2023;5;0,178;R
ES0000000000004889CCPF;18/01/2023;6;0,184;R
ES0000000000004889CCPF;18/01/2023;7;0,21;R
ES0000000000004889CCPF;18/01/2023;8;0,271;R
ES0000000000004889CCPF;18/01/2023;9;0,502;R
ES0000000000004889CCPF;18/01/2023;10;0,519;R
ES0000000000004889CCPF;18/01/2023;11;0,301;R
ES0000000000004889CCPF;18/01/2023;12;0,3;R
ES0000000000004889CCPF;18/01/2023;13;0,297;R
ES0000000000004889CCPF;18/01/2023;14;0,31;R
ES0000000000004889CCPF;18/01/2023;15;0,565;R
ES0000000000004889CCPF;18/01/2023;16;0,543;R
ES0000000000004889CCPF;18/01/2023;17;0,527;R
ES0000000000004889CCPF;18/01/2023;18;0,542;R
ES0000000000004889CCPF;18/01/2023;19;0,341;R
ES0000000000004889CCPF;18/01/2023;20;0,383;R
ES0000000000004889CCPF;18/01/2023;21;0,41;R
ES0000000000004889CCPF;18/01/2023;22;0,413;R
ES0000000000004889CCPF;18/01/2023;23;0,688;R
ES0000000000004889CCPF;19/01/2023;0;0,576;R
ES0000000000004889CCPF;19/01/2023;1;0,276;R
ES0000000000004889CCPF;19/01/2023;2;0,224;R
ES0000000000004889CCPF;19/01/2023;3;0,196;R
ES0000000000004889CCPF;19/01/2023;4;0,183;R
ES0000000000004889CCPF;19/01/2023;5;0,178;R
ES0000000000004889CCPF;19/01/2023;6;0,183;R
ES0000000000004889CCPF;19/01/2023;7;0,209;R
ES0000000000004889CCPF;19/01/2023;8;0,269;R
ES0000000000004889CCPF;19/01/2023;9;0,498;R
ES0000000000004889CCPF;19/01/2023;10;0,513;R
ES0000000000004889CCPF;19/01/2023;11;0,298;R
ES0000000000004889CCPF;19/01/2023;12;0,296;R
ES0000000000004889CCPF;19/01/2023;13;0,293;R
ES0000000000004889CCPF;19/01/2023;14;0,305;R
ES0000000000004889CCPF;19/01/2023;15;0,557;R
ES0000000000004889CCPF;19/01/2023;16;0,536;R
ES0000000000004889CCPF;19/01/2023;17;0,521;R
ES0000000000004889CCPF;19/01/2023;18;0,537;R
ES0000000000004889CCPF;19/01/2023;19;0,338;R
ES0000000000004889CCPF;19/01/2023;20;0,38;R
ES0000000000004889CCPF;19/01/2023;21;0,406;R
ES0000000000004889CCPF;19/01/2023;22;0,41;R
ES0000000000004889CCPF;19/01/2023;23;0,684;R
ES0000000000004889CCPF;20/01/2023;0;0,575;R
ES0000000000004889CCPF;20/01/2023;1;0,282;R
ES0000000000004889CCPF;20/01/2023;2;0,229;R
ES0000000000004889CCPF;20/01/2023;3;0,2;R
ES0000000000004889CCPF;20/01/2023;4;0,185;R
ES0000000000004889CCPF;20/01/2023;5;0,18;R
ES0000000000004889CCPF;20/01/2023;6;0,185;R
ES0000000000004889CCPF;20/01/2023;7;0,21;R
ES0000000000004889CCPF;20/01/2023;8;0,269;R
ES0000000000004889CCPF;20/01/2023;9;0,5;R
ES0000000000004889CCPF;20/01/2023;10;0,523;R
ES0000000000004889CCPF;20/01/2023;11;0,304;R
ES0000000000004889CCPF;20/01/2023;12;0,302;R
ES0000000000004889CCPF;20/01/2023;13;0,298;R
ES0000000000004889CCPF;20/01/2023;14;0,309;R
ES0000000000004889CCPF;20/01/2023;15;0,566;R
ES0000000000004889CCPF;20/01/2023;16;0,545;R
ES0000000000004889CCPF;20/01/2023;17;0,529;R
ES0000000000004889CCPF;20/01/2023;18;0,54;R
ES0000000000004889CCPF;20/01/2023;19;0,334;R
ES0000000000004889CCPF;20/01/2023;20;0,366;R
ES0000000000004889CCPF;20/01/2023;21;0,383;R
ES0000000000004889CCPF;20/01/2023;22;0,391;R
ES0000000000004889CCPF;20/01/2023;23;0,674;R
ES0000000000004889CCPF;21/01/2023;0;0,593;R
ES0000000000004889CCPF;21/01/2023;1;0,301;R
ES0000000000004889CCPF;21/01/2023;2;0,247;R
ES0000000000004889CCPF;21/01/2023;3;0,212;R
ES0000000000004889CCPF;21/01/2023;4;0,193;R
ES0000000000004889CCPF;21/01/2023;5;0,184;R
ES0000000000004889CCPF;21/01/2023;6;0,185;R
ES0000000000004889CCPF;21/01/2023;7;0,192;R
ES0000000000004889CCPF;21/01/2023;8;0,21;R
ES0000000000004889CCPF;21/01/2023;9;0,244;R
ES0000000000004889CCPF;21/01/2023;10;0,304;R
ES0000000000004889CCPF;21/01/2023;11;0,349;R
ES0000000000004889CCPF;21/01/2023;12;0,356;R
ES0000000000004889CCPF;21/01/2023;13;0,348;R
ES0000000000004889CCPF;21/01/2023;14;0,362;R
ES0000000000004889CCPF;21/01/2023;15;0,363;R
ES0000000000004889CCPF;21/01/2023;16;0,335;R
ES0000000000004889CCPF;21/01/2023;17;0,315;R
ES0000000000004889CCPF;21/01/2023;18;0,314;R
ES0000000000004889CCPF;21/01/2023;19;0,35;R
ES0000000000004889CCPF;21/01/2023;20;0,38;R
ES0000000000004889CCPF;21/01/2023;21;0,399;R
ES0000000000004889CCPF;21/01/2023;22;0,412;R
ES0000000000004889CCPF;21/01/2023;23;0,395;R
ES0000000000004889CCPF;22/01/2023;0;0,354;R
ES0000000000004889CCPF;22/01/2023;1;0,308;R
ES0000000000004889CCPF;22/01/2023;2;0,259;R
ES0000000000004889CCPF;22/01/2023;3;0,223;R
ES0000000000004889CCPF;22/01/2023;4;0,2;R
ES0000000000004889CCPF;22/01/2023;5;0,189;R
ES0000000000004889CCPF;22/01/2023;6;0,186;R
ES0000000000004889CCPF;22/01/2023;7;0,189;R
ES0000000000004889CCPF;22/01/2023;8;0,198;R
ES0000000000004889CCPF;22/01/2023;9;0,217;R
ES0000000000004889CCPF;22/01/2023;10;0,269;R
ES0000000000004889CCPF;22/01/2023;11;0,324;R
ES0000000000004889CCPF;22/01/2023;12;0,347;R
ES0000000000004889CCPF;22/01/2023;13;0,347;R
ES0000000000004889CCPF;22/01/2023;14;0,36;R
ES0000000000004889CCPF;22/01/2023;15;0,358;R
ES0000000000004889CCPF;22/01/2023;16;0,324;R
ES0000000000004889CCPF;22/01/2023;17;0,305;R
ES0000000000004889CCPF;22/01/2023;18;0,304;R
ES0000000000004889CCPF;22/01/2023;19;0,348;R
ES0000000000004889CCPF;22/01/2023;20;0,394;R
ES0000000000004889CCPF;22/01/2023;21;0,422;R
ES0000000000004889CCPF;22/01/2023;22;0,43;R
ES0000000000004889CCPF;22/01/2023;23;0,397;R
ES0000000000004889CCPF;23/01/2023;0;0,339;R
ES0000000000004889CCPF;23/01/2023;1;0,265;R
ES0000000000004889CCPF;23/01/2023;2;0,217;R
ES0000000000004889CCPF;23/01/2023;3;0,19;R
ES0000000000004889CCPF;23/01/2023;4;0,177;R
ES0000000000004889CCPF;23/01/2023;5;0,172;R
ES0000000000004889CCPF;23/01/2023;6;0,177;R
ES0000000000004889CCPF;23/01/2023;7;0,203;R
ES0000000000004889CCPF;23/01/2023;8;0,262;R
ES0000000000004889CCPF;23/01/2023;9;0,484;R
ES0000000000004889CCPF;23/01/2023;10;0,506;R
ES0000000000004889CCPF;23/01/2023;11;0,296;R
ES0000000000004889CCPF;23/01/2023;12;0,296;R
ES0000000000004889CCPF;23/01/2023;13;0,294;R
ES0000000000004889CCPF;23/01/2023;14;0,307;R
ES0000000000004889CCPF;23/01/2023;15;0,559;R
ES0000000000004889CCPF;23/01/2023;16;0,535;R
ES0000000000004889CCPF;23/01/2023;17;0,515;R
ES0000000000004889CCPF;23/01/2023;18;0,527;R
ES0000000000004889CCPF;23/01/2023;19;0,329;R
ES0000000000004889CCPF;23/01/2023;20;0,375;R
ES0000000000004889CCPF;23/01/2023;21;0,403;R
ES0000000000004889CCPF;23/01/2023;22;0,405;R
ES0000000000004889CCPF;23/01/2023;23;0,671;R
ES0000000000004889CCPF;24/01/2023;0;0,557;R
ES0000000000004889CCPF;24/01/2023;1;0,272;R
ES0000000000004889CCPF;24/01/2023;2;0,221;R
ES0000000000004889CCPF;24/01/2023;3;0,194;R
ES0000000000004889CCPF;24/01/2023;4;0,181;R
ES0000000000004889CCPF;24/01/2023;5;0,176;R
ES0000000000004889CCPF;24/01/2023;6;0,182;R
ES0000000000004889CCPF;24/01/2023;7;0,207;R
ES0000000000004889CCPF;24/01/2023;8;0,267;R
ES0000000000004889CCPF;24/01/2023;9;0,494;R
ES0000000000004889CCPF;24/01/2023;10;0,511;R
ES0000000000004889CCPF;24/01/2023;11;0,296;R
ES0000000000004889CCPF;24/01/2023;12;0,294;R
ES0000000000004889CCPF;24/01/2023;13;0,292;R
ES0000000000004889CCPF;24/01/2023;14;0,305;R
ES0000000000004889CCPF;24/01/2023;15;0,557;R
ES0000000000004889CCPF;24/01/2023;16;0,535;R
ES0000000000004889CCPF;24/01/2023;17;0,518;R
ES0000000000004889CCPF;24/01/2023;18;0,531;R
ES0000000000004889CCPF;24/01/2023;19;0,332;R
ES0000000000004889CCPF;24/01/2023;20;0,376;R
ES0000000000004889CCPF;24/01/2023;21;0,404;R
ES0000000000004889CCPF;24/01/2023;22;0,407;R
ES0000000000004889CCPF;24/01/2023;23;0,677;R
ES0000000000004889CCPF;25/01/2023;0;0,567;R
ES0000000000004889CCPF;25/01/2023;1;0,274;R
ES0000000000004889CCPF;25/01/2023;2;0,223;R
ES0000000000004889CCPF;25/01/2023;3;0,195;R
ES0000000000004889CCPF;25/01/2023;4;0,182;R
ES0000000000004889CCPF;25/01/2023;5;0,177;R
ES0000000000004889CCPF;25/01/2023;6;0,059;R
ES0000000000004889CCPF;25/01/2023;7;0,14;R
ES0000000000004889CCPF;25/01/2023;8;0,498;R
ES0000000000004889CCPF;25/01/2023;9;0,163;R
ES0000000000004889CCPF;25/01/2023;10;0,391;R
ES0000000000004889CCPF;25/01/2023;11;0,1;R
ES0000000000004889CCPF;25/01/2023;12;0,132;R
ES0000000000004889CCPF;25/01/2023;13;0,08;R
ES0000000000004889CCPF;25/01/2023;14;0,093;R
ES0000000000004889CCPF;25/01/2023;15;0,114;R
ES0000000000004889CCPF;25/01/2023;16;1,715;R
ES0000000000004889CCPF;25/01/2023;17;1,123;R
ES0000000000004889CCPF;25/01/2023;18;0,488;R
ES0000000000004889CCPF;25/01/2023;19;0,076;R
ES0000000000004889CCPF;25/01/2023;20;0,081;R
ES0000000000004889CCPF;25/01/2023;21;0,368;R
ES0000000000004889CCPF;25/01/2023;22;0,051;R
ES0000000000004889CCPF;25/01/2023;23;0,066;R
ES0000000000004889CCPF;26/01/2023;0;0,06;R
ES0000000000004889CCPF;26/01/2023;1;0,085;R
ES0000000000004889CCPF;26/01/2023;2;0,157;R
ES0000000000004889CCPF;26/01/2023;3;0,085;R
ES0000000000004889CCPF;26/01/2023;4;0,063;R
ES0000000000004889CCPF;26/01/2023;5;0,078;R
ES0000000000004889CCPF;26/01/2023;6;0,048;R
ES0000000000004889CCPF;26/01/2023;7;0,069;R
ES0000000000004889CCPF;26/01/2023;8;0,325;R
ES0000000000004889CCPF;26/01/2023;9;0,109;R
ES0000000000004889CCPF;26/01/2023;10;0,097;R
ES0000000000004889CCPF;26/01/2023;11;0,062;R
ES0000000000004889CCPF;26/01/2023;12;0,083;R
ES0000000000004889CCPF;26/01/2023;13;0,056;R
ES0000000000004889CCPF;26/01/2023;14;0,067;R
ES0000000000004889CCPF;26/01/2023;15;0,322;R
ES0000000000004889CCPF;26/01/2023;16;0,082;R
ES0000000000004889CCPF;26/01/2023;17;0,063;R
ES0000000000004889CCPF;26/01/2023;18;0,083;R
ES0000000000004889CCPF;26/01/2023;19;0,062;R
ES0000000000004889CCPF;26/01/2023;20;0,083;R
ES0000000000004889CCPF;26/01/2023;21;0,616;R
ES0000000000004889CCPF;26/01/2023;22;1,099;R
ES0000000000004889CCPF;26/01/2023;23;1,076;R
ES0000000000004889CCPF;27/01/2023;0;0,727;R
ES0000000000004889CCPF;27/01/2023;1;0,287;R
ES0000000000004889CCPF;27/01/2023;2;0,084;R
ES0000000000004889CCPF;27/01/2023;3;0,063;R
ES0000000000004889CCPF;27/01/2023;4;0,082;R
ES0000000000004889CCPF;27/01/2023;5;0,059;R
ES0000000000004889CCPF;27/01/2023;6;0,067;R
ES0000000000004889CCPF;27/01/2023;7;0,054;R
ES0000000000004889CCPF;27/01/2023;8;0,107;R
ES0000000000004889CCPF;27/01/2023;9;0,237;R
ES0000000000004889CCPF;27/01/2023;10;0,113;R
ES0000000000004889CCPF;27/01/2023;11;0,359;R
ES0000000000004889CCPF;27/01/2023;12;0,101;R
ES0000000000004889CCPF;27/01/2023;13;0,077;R
ES0000000000004889CCPF;27/01/2023;14;0,099;R
ES0000000000004889CCPF;27/01/2023;15;0,482;R
ES0000000000004889CCPF;27/01/2023;16;1,731;R
ES0000000000004889CCPF;27/01/2023;17;1,498;R
ES0000000000004889CCPF;27/01/2023;18;1,344;R
ES0000000000004889CCPF;27/01/2023;19;1,395;R
ES0000000000004889CCPF;27/01/2023;20;1,379;R
ES0000000000004889CCPF;27/01/2023;21;1,36;R
ES0000000000004889CCPF;27/01/2023;22;0,963;R
ES0000000000004889CCPF;27/01/2023;23;0,919;R
ES0000000000004889CCPF;28/01/2023;0;0,622;R
ES0000000000004889CCPF;28/01/2023;1;0,084;R
ES0000000000004889CCPF;28/01/2023;2;0,073;R
ES0000000000004889CCPF;28/01/2023;3;0,072;R
ES0000000000004889CCPF;28/01/2023;4;0,074;R
ES0000000000004889CCPF;28/01/2023;5;0,067;R
ES0000000000004889CCPF;28/01/2023;6;0,086;R
ES0000000000004889CCPF;28/01/2023;7;0,337;R
ES0000000000004889CCPF;28/01/2023;8;0,095;R
ES0000000000004889CCPF;28/01/2023;9;0,063;R
ES0000000000004889CCPF;28/01/2023;10;0,08;R
ES0000000000004889CCPF;28/01/2023;11;0,166;R
ES0000000000004889CCPF;28/01/2023;12;0,179;R
ES0000000000004889CCPF;28/01/2023;13;0,891;R
ES0000000000004889CCPF;28/01/2023;14;0,064;R
ES0000000000004889CCPF;28/01/2023;15;0,077;R
ES0000000000004889CCPF;28/01/2023;16;0,901;R
ES0000000000004889CCPF;28/01/2023;17;1,124;R
ES0000000000004889CCPF;28/01/2023;18;1,011;R
ES0000000000004889CCPF;28/01/2023;19;0,18;R
ES0000000000004889CCPF;28/01/2023;20;0,094;R
ES0000000000004889CCPF;28/01/2023;21;0,963;R
ES0000000000004889CCPF;28/01/2023;22;1,08;R
ES0000000000004889CCPF;28/01/2023;23;0,972;R
ES0000000000004889CCPF;29/01/2023;0;0,731;R
ES0000000000004889CCPF;29/01/2023;1;0,072;R
ES0000000000004889CCPF;29/01/2023;2;0,368;R
ES0000000000004889CCPF;29/01/2023;3;0,082;R
ES0000000000004889CCPF;29/01/2023;4;0,062;R
ES0000000000004889CCPF;29/01/2023;5;0,068;R
ES0000000000004889CCPF;29/01/2023;6;0,071;R
ES0000000000004889CCPF;29/01/2023;7;0,089;R
ES0000000000004889CCPF;29/01/2023;8;0,095;R
ES0000000000004889CCPF;29/01/2023;9;0,075;R
ES0000000000004889CCPF;29/01/2023;10;0,068;R
ES0000000000004889CCPF;29/01/2023;11;0,081;R
ES0000000000004889CCPF;29/01/2023;12;0,246;R
ES0000000000004889CCPF;29/01/2023;13;0,487;R
ES0000000000004889CCPF;29/01/2023;14;0,417;R
ES0000000000004889CCPF;29/01/2023;15;0,097;R
ES0000000000004889CCPF;29/01/2023;16;1,409;R
ES0000000000004889CCPF;29/01/2023;17;1,143;R
ES0000000000004889CCPF;29/01/2023;18;1,328;R
ES0000000000004889CCPF;29/01/2023;19;0,91;R
ES0000000000004889CCPF;29/01/2023;20;0,884;R
ES0000000000004889CCPF;29/01/2023;21;1,089;R
ES0000000000004889CCPF;29/01/2023;22;1,453;R
ES0000000000004889CCPF;29/01/2023;23;1,314;R
ES0000000000004889CCPF;30/01/2023;0;0,097;R
ES0000000000004889CCPF;30/01/2023;1;0,067;R
ES0000000000004889CCPF;30/01/2023;2;0,07;R
ES0000000000004889CCPF;30/01/2023;3;0,357;R
ES0000000000004889CCPF;30/01/2023;4;0,081;R
ES0000000000004889CCPF;30/01/2023;5;0,063;R
ES0000000000004889CCPF;30/01/2023;6;0,08;R
ES0000000000004889CCPF;30/01/2023;7;0,136;R
ES0000000000004889CCPF;30/01/2023;8;0,221;R
ES0000000000004889CCPF;30/01/2023;9;0,125;R
ES0000000000004889CCPF;30/01/2023;10;0,108;R
ES0000000000004889CCPF;30/01/2023;11;0,116;R
ES0000000000004889CCPF;30/01/2023;12;0,106;R
ES0000000000004889CCPF;30/01/2023;13;0,351;R
ES0000000000004889CCPF;30/01/2023;14;0,118;R
ES0000000000004889CCPF;30/01/2023;15;1,322;R
ES0000000000004889CCPF;30/01/2023;16;1,835;R
ES0000000000004889CCPF;30/01/2023;17;1,21;R
ES0000000000004889CCPF;30/01/2023;18;0,253;R
ES0000000000004889CCPF;30/01/2023;19;0,07;R
ES0000000000004889CCPF;30/01/2023;20;0,064;R
ES0000000000004889CCPF;30/01/2023;21;1,071;R
ES0000000000004889CCPF;30/01/2023;22;0,911;R
ES0000000000004889CCPF;30/01/2023;23;0,796;R
ES0000000000004889CCPF;31/01/2023;0;0,071;R
ES0000000000004889CCPF;31/01/2023;1;0,085;R
ES0000000000004889CCPF;31/01/2023;2;0,332;R
ES0000000000004889CCPF;31/01/2023;3;0,067;R
ES0000000000004889CCPF;31/01/2023;4;0,047;R
ES0000000000004889CCPF;31/01/2023;5;0,067;R
ES0000000000004889CCPF;31/01/2023;6;0,076;R
ES0000000000004889CCPF;31/01/2023;7;0,093;R
ES0000000000004889CCPF;31/01/2023;8;0,104;R
ES0000000000004889CCPF;31/01/2023;9;0,874;R
ES0000000000004889CCPF;31/01/2023;10;0,072;R
ES0000000000004889CCPF;31/01/2023;11;0,047;R
ES0000000000004889CCPF;31/01/2023;12;0,051;R
ES0000000000004889CCPF;31/01/2023;13;0,084;R
ES0000000000004889CCPF;31/01/2023;14;0,062;R
ES0000000000004889CCPF;31/01/2023;15;0,082;R
ES0000000000004889CCPF;31/01/2023;16;0,53;R
ES0000000000004889CCPF;31/01/2023;17;0,199;R
ES0000000000004889CCPF;31/01/2023;18;0,107;R
ES0000000000004889CCPF;31/01/2023;19;0,499;R
ES0000000000004889CCPF;31/01/2023;20;1,016;R
ES0000000000004889CCPF;31/01/2023;21;1,099;R
ES0000000000004889CCPF;31/01/2023;22;1,549;R
ES0000000000004889CCPF;31/01/2023;23;1,057;R
ES0000000000004889CCPF;01/02/2023;0;0,13;R
ES0000000000004889CCPF;01/02/2023;1;0,065;R
ES0000000000004889CCPF;01/02/2023;2;0,075;R
ES0000000000004889CCPF;01/02/2023;3;0,049;R
ES0000000000004889CCPF;01/02/2023;4;0,068;R
ES0000000000004889CCPF;01/02/2023;5;0,061;R
ES0000000000004889CCPF;01/02/2023;6;0,082;R
ES0000000000004889CCPF;01/02/2023;7;0,098;R
ES0000000000004889CCPF;01/02/2023;8;0,381;R
ES0000000000004889CCPF;01/02/2023;9;0,15;R
ES0000000000004889CCPF;01/02/2023;10;0,138;R
ES0000000000004889CCPF;01/02/2023;11;0,075;R
ES0000000000004889CCPF;01/02/2023;12;0,109;R
ES0000000000004889CCPF;01/02/2023;13;0,101;R
ES0000000000004889CCPF;01/02/2023;14;0,1;R
ES0000000000004889CCPF;01/02/2023;15;0,135;R
ES0000000000004889CCPF;01/02/2023;16;0,289;R
ES0000000000004889CCPF;01/02/2023;17;0,586;R
ES0000000000004889CCPF;01/02/2023;18;0,172;R
ES0000000000004889CCPF;01/02/2023;19;0,297;R
ES0000000000004889CCPF;01/02/2023;20;0,536;R
ES0000000000004889CCPF;01/02/2023;21;1,361;R
ES0000000000004889CCPF;01/02/2023;22;1,527;R
ES0000000000004889CCPF;01/02/2023;23;0,804;R
ES0000000000004889CCPF;02/02/2023;0;0,083;R
ES0000000000004889CCPF;02/02/2023;1;0,082;R
ES0000000000004889CCPF;02/02/2023;2;0,056;R
ES0000000000004889CCPF;02/02/2023;3;0,067;R
ES0000000000004889CCPF;02/02/2023;4;0,065;R
ES0000000000004889CCPF;02/02/2023;5;0,081;R
ES0000000000004889CCPF;02/02/2023;6;0,064;R
ES0000000000004889CCPF;02/02/2023;7;0,403;R
ES0000000000004889CCPF;02/02/2023;8;0,545;R
ES0000000000004889CCPF;02/02/2023;9;0,378;R
ES0000000000004889CCPF;02/02/2023;10;0,098;R
ES0000000000004889CCPF;02/02/2023;11;0,092;R
ES0000000000004889CCPF;02/02/2023;12;0,086;R
ES0000000000004889CCPF;02/02/2023;13;0,082;R
ES0000000000004889CCPF;02/02/2023;14;0,119;R
ES0000000000004889CCPF;02/02/2023;15;0,197;R
ES0000000000004889CCPF;02/02/2023;16;0,733;R
ES0000000000004889CCPF;02/02/2023;17;0,113;R
ES0000000000004889CCPF;02/02/2023;18;0,086;R
ES0000000000004889CCPF;02/02/2023;19;0,072;R
ES0000000000004889CCPF;02/02/2023;20;0,1;R
ES0000000000004889CCPF;02/02/2023;21;0,7;R
ES0000000000004889CCPF;02/02/2023;22;1,254;R
ES0000000000004889CCPF;02/02/2023;23;1,175;R
ES0000000000004889CCPF;03/02/2023;0;0,457;R
ES0000000000004889CCPF;03/02/2023;1;0,071;R
ES0000000000004889CCPF;03/02/2023;2;0,203;R
ES0000000000004889CCPF;03/02/2023;3;0,198;R
ES0000000000004889CCPF;03/02/2023;4;0,082;R
ES0000000000004889CCPF;03/02/2023;5;0,066;R
ES0000000000004889CCPF;03/02/2023;6;0,083;R
ES0000000000004889CCPF;03/02/2023;7;0,118;R
ES0000000000004889CCPF;03/02/2023;8;0,112;R
ES0000000000004889CCPF;03/02/2023;9;0,483;R
ES0000000000004889CCPF;03/02/2023;10;0,67;R
ES0000000000004889CCPF;03/02/2023;11;0,117;R
ES0000000000004889CCPF;03/02/2023;12;0,085;R
ES0000000000004889CCPF;03/02/2023;13;0,064;R
ES0000000000004889CCPF;03/02/2023;14;0,346;R
ES0000000000004889CCPF;03/02/2023;15;0,109;R
ES0000000000004889CCPF;03/02/2023;16;0,446;R
ES0000000000004889CCPF;03/02/2023;17;1,137;R
ES0000000000004889CCPF;03/02/2023;18;1,005;R
ES0000000000004889CCPF;03/02/2023;19;0,769;R
ES0000000000004889CCPF;03/02/2023;20;0,103;R
ES0000000000004889CCPF;03/02/2023;21;0,203;R
ES0000000000004889CCPF;03/02/2023;22;0,541;R
ES0000000000004889CCPF;03/02/2023;23;0,899;R
ES0000000000004889CCPF;04/02/2023;0;0,06;R
ES0000000000004889CCPF;04/02/2023;1;0,059;R
ES0000000000004889CCPF;04/02/2023;2;0,072;R
ES0000000000004889CCPF;04/02/2023;3;0,084;R
ES0000000000004889CCPF;04/02/2023;4;0,083;R
ES0000000000004889CCPF;04/02/2023;5;0,349;R
ES0000000000004889CCPF;04/02/2023;6;0,066;R
ES0000000000004889CCPF;04/02/2023;7;0,089;R
ES0000000000004889CCPF;04/02/2023;8;0,254;R
ES0000000000004889CCPF;04/02/2023;9;0,078;R
ES0000000000004889CCPF;04/02/2023;10;0,075;R
ES0000000000004889CCPF;04/02/2023;11;0,083;R
ES0000000000004889CCPF;04/02/2023;12;0,072;R
ES0000000000004889CCPF;04/02/2023;13;0,074;R
ES0000000000004889CCPF;04/02/2023;14;0,082;R
ES0000000000004889CCPF;04/02/2023;15;0,083;R
ES0000000000004889CCPF;04/02/2023;16;0,599;R
ES0000000000004889CCPF;04/02/2023;17;0,209;R
ES0000000000004889CCPF;04/02/2023;18;0,266;R
ES0000000000004889CCPF;04/02/2023;19;0,632;R
ES0000000000004889CCPF;04/02/2023;20;0,083;R
ES0000000000004889CCPF;04/02/2023;21;0,141;R
ES0000000000004889CCPF;04/02/2023;22;0,207;R
ES0000000000004889CCPF;04/02/2023;23;0,205;R
ES0000000000004889CCPF;05/02/2023;0;0,138;R
ES0000000000004889CCPF;05/02/2023;1;0,069;R
ES0000000000004889CCPF;05/02/2023;2;0,074;R
ES0000000000004889CCPF;05/02/2023;3;0,066;R
ES0000000000004889CCPF;05/02/2023;4;0,351;R
ES0000000000004889CCPF;05/02/2023;5;0,084;R
ES0000000000004889CCPF;05/02/2023;6;0,084;R
ES0000000000004889CCPF;05/02/2023;7;0,078;R
ES0000000000004889CCPF;05/02/2023;8;0,052;R
ES0000000000004889CCPF;05/02/2023;9;0,172;R
ES0000000000004889CCPF;05/02/2023;10;0,204;R
ES0000000000004889CCPF;05/02/2023;11;1,137;R
ES0000000000004889CCPF;05/02/2023;12;0,147;R
ES0000000000004889CCPF;05/02/2023;13;0,485;R
ES0000000000004889CCPF;05/02/2023;14;1,812;R
ES0000000000004889CCPF;05/02/2023;15;1,428;R
ES0000000000004889CCPF;05/02/2023;16;0,47;R
ES0000000000004889CCPF;05/02/2023;17;0,18;R
ES0000000000004889CCPF;05/02/2023;18;0,584;R
ES0000000000004889CCPF;05/02/2023;19;0,45;R
ES0000000000004889CCPF;05/02/2023;20;0,394;R
ES0000000000004889CCPF;05/02/2023;21;0,631;R
ES0000000000004889CCPF;05/02/2023;22;0,761;R
ES0000000000004889CCPF;05/02/2023;23;0,466;R
ES0000000000004889CCPF;06/02/2023;0;0,128;R
ES0000000000004889CCPF;06/02/2023;1;0,099;R
ES0000000000004889CCPF;06/02/2023;2;0,077;R
ES0000000000004889CCPF;06/02/2023;3;0,082;R
ES0000000000004889CCPF;06/02/2023;4;0,09;R
ES0000000000004889CCPF;06/02/2023;5;0,087;R
ES0000000000004889CCPF;06/02/2023;6;0,087;R
ES0000000000004889CCPF;06/02/2023;7;0,076;R
ES0000000000004889CCPF;06/02/2023;8;0,068;R
ES0000000000004889CCPF;06/02/2023;9;0,747;R
ES0000000000004889CCPF;06/02/2023;10;0,088;R
ES0000000000004889CCPF;06/02/2023;11;0,123;R
ES0000000000004889CCPF;06/02/2023;12;0,096;R
ES0000000000004889CCPF;06/02/2023;13;0,093;R
ES0000000000004889CCPF;06/02/2023;14;0,668;R
ES0000000000004889CCPF;06/02/2023;15;1,03;R
ES0000000000004889CCPF;06/02/2023;16;0,125;R
ES0000000000004889CCPF;06/02/2023;17;0,127;R
ES0000000000004889CCPF;06/02/2023;18;0,11;R
ES0000000000004889CCPF;06/02/2023;19;0,104;R
ES0000000000004889CCPF;06/02/2023;20;0,152;R
ES0000000000004889CCPF;06/02/2023;21;0,405;R
ES0000000000004889CCPF;06/02/2023;22;0,315;R
ES0000000000004889CCPF;06/02/2023;23;0,454;R
ES0000000000004889CCPF;07/02/2023;0;0,107;R
ES0000000000004889CCPF;07/02/2023;1;0,084;R
ES0000000000004889CCPF;07/02/2023;2;0,084;R
ES0000000000004889CCPF;07/02/2023;3;0,083;R
ES0000000000004889CCPF;07/02/2023;4;0,079;R
ES0000000000004889CCPF;07/02/2023;5;0,068;R
ES0000000000004889CCPF;07/02/2023;6;0,065;R
ES0000000000004889CCPF;07/02/2023;7;0,077;R
ES0000000000004889CCPF;07/02/2023;8;0,083;R
ES0000000000004889CCPF;07/02/2023;9;0,167;R
ES0000000000004889CCPF;07/02/2023;10;0,592;R
ES0000000000004889CCPF;07/02/2023;11;0,076;R
ES0000000000004889CCPF;07/02/2023;12;0,068;R
ES0000000000004889CCPF;07/02/2023;13;0,067;R
ES0000000000004889CCPF;07/02/2023;14;0,172;R
ES0000000000004889CCPF;07/02/2023;15;0,575;R
ES0000000000004889CCPF;07/02/2023;16;0,09;R
ES0000000000004889CCPF;07/02/2023;17;0,087;R
ES0000000000004889CCPF;07/02/2023;18;0,532;R
ES0000000000004889CCPF;07/02/2023;19;0,344;R
ES0000000000004889CCPF;07/02/2023;20;0,773;R
ES0000000000004889CCPF;07/02/2023;21;1,218;R
ES0000000000004889CCPF;07/02/2023;22;0,634;R
ES0000000000004889CCPF;07/02/2023;23;0,216;R
ES0000000000004889CCPF;08/02/2023;0;0,224;R
ES0000000000004889CCPF;08/02/2023;1;0,196;R
ES0000000000004889CCPF;08/02/2023;2;0,066;R
ES0000000000004889CCPF;08/02/2023;3;0,07;R
ES0000000000004889CCPF;08/02/2023;4;0,084;R
ES0000000000004889CCPF;08/02/2023;5;0,083;R
ES0000000000004889CCPF;08/02/2023;6;0,065;R
ES0000000000004889CCPF;08/02/2023;7;0,083;R
ES0000000000004889CCPF;08/02/2023;8;0,073;R
ES0000000000004889CCPF;08/02/2023;9;0,414;R
ES0000000000004889CCPF;08/02/2023;10;0,109;R
ES0000000000004889CCPF;08/02/2023;11;0,103;R
ES0000000000004889CCPF;08/02/2023;12;0,084;R
ES0000000000004889CCPF;08/02/2023;13;0,098;R
ES0000000000004889CCPF;08/02/2023;14;0,179;R
ES0000000000004889CCPF;08/02/2023;15;1,129;R
ES0000000000004889CCPF;08/02/2023;16;0,619;R
ES0000000000004889CCPF;08/02/2023;17;0,094;R
ES0000000000004889CCPF;08/02/2023;18;0,457;R
ES0000000000004889CCPF;08/02/2023;19;0,127;R
ES0000000000004889CCPF;08/02/2023;20;0,188;R
ES0000000000004889CCPF;08/02/2023;21;0,987;R
ES0000000000004889CCPF;08/02/2023;22;0,48;R
ES0000000000004889CCPF;08/02/2023;23;0,081;R
ES0000000000004889CCPF;09/02/2023;0;0,085;R
ES0000000000004889CCPF;09/02/2023;1;0,509;R
ES0000000000004889CCPF;09/02/2023;2;0,088;R
ES0000000000004889CCPF;09/02/2023;3;0,086;R
ES0000000000004889CCPF;09/02/2023;4;0,065;R
ES0000000000004889CCPF;09/02/2023;5;0,078;R
ES0000000000004889CCPF;09/02/2023;6;0,068;R
ES0000000000004889CCPF;09/02/2023;7;0,048;R
ES0000000000004889CCPF;09/02/2023;8;0,08;R
ES0000000000004889CCPF;09/02/2023;9;0,083;R
ES0000000000004889CCPF;09/02/2023;10;0,597;R
ES0000000000004889CCPF;09/02/2023;11;0,231;R
ES0000000000004889CCPF;09/02/2023;12;0,115;R
ES0000000000004889CCPF;09/02/2023;13;0,091;R
ES0000000000004889CCPF;09/02/2023;14;0,724;R
ES0000000000004889CCPF;09/02/2023;15;1,449;R
ES0000000000004889CCPF;09/02/2023;16;1,184;R
ES0000000000004889CCPF;09/02/2023;17;0,574;R
ES0000000000004889CCPF;09/02/2023;18;0,114;R
ES0000000000004889CCPF;09/02/2023;19;0,09;R
ES0000000000004889CCPF;09/02/2023;20;0,149;R
ES0000000000004889CCPF;09/02/2023;21;0,613;R
ES0000000000004889CCPF;09/02/2023;22;1,106;R
ES0000000000004889CCPF;09/02/2023;23;1,082;R
ES0000000000004889CCPF;10/02/2023;0;0,087;R
ES0000000000004889CCPF;10/02/2023;1;0,082;R
ES0000000000004889CCPF;10/02/2023;2;0,082;R
ES0000000000004889CCPF;10/02/2023;3;0,081;R
ES0000000000004889CCPF;10/02/2023;4;0,324;R
ES0000000000004889CCPF;10/02/2023;5;0,068;R
ES0000000000004889CCPF;10/02/2023;6;0,067;R
ES0000000000004889CCPF;10/02/2023;7;0,07;R
ES0000000000004889CCPF;10/02/2023;8;0,081;R
ES0000000000004889CCPF;10/02/2023;9;0,27;R
ES0000000000004889CCPF;10/02/2023;10;0,163;R
ES0000000000004889CCPF;10/02/2023;11;0,748;R
ES0000000000004889CCPF;10/02/2023;12;0,151;R
ES0000000000004889CCPF;10/02/2023;13;0,091;R
ES0000000000004889CCPF;10/02/2023;14;0,096;R
ES0000000000004889CCPF;10/02/2023;15;0,278;R
ES0000000000004889CCPF;10/02/2023;16;0,202;R
ES0000000000004889CCPF;10/02/2023;17;0,121;R
ES0000000000004889CCPF;10/02/2023;18;0,393;R
ES0000000000004889CCPF;10/02/2023;19;1,037;R
ES0000000000004889CCPF;10/02/2023;20;1,175;R
ES0000000000004889CCPF;10/02/2023;21;1,023;R
ES0000000000004889CCPF;10/02/2023;22;0,971;R
ES0000000000004889CCPF;10/02/2023;23;0,76;R
ES0000000000004889CCPF;11/02/2023;0;0,168;R
ES0000000000004889CCPF;11/02/2023;1;0,081;R
ES0000000000004889CCPF;11/02/2023;2;0,081;R
ES0000000000004889CCPF;11/02/2023;3;0,064;R
ES0000000000004889CCPF;11/02/2023;4;0,082;R
ES0000000000004889CCPF;11/02/2023;5;0,338;R
ES0000000000004889CCPF;11/02/2023;6;0,067;R
ES0000000000004889CCPF;11/02/2023;7;0,05;R
ES0000000000004889CCPF;11/02/2023;8;0,078;R
ES0000000000004889CCPF;11/02/2023;9;0,082;R
ES0000000000004889CCPF;11/02/2023;10;0,274;R
ES0000000000004889CCPF;11/02/2023;11;0,434;R
ES0000000000004889CCPF;11/02/2023;12;0,804;R
ES0000000000004889CCPF;11/02/2023;13;0,548;R
ES0000000000004889CCPF;11/02/2023;14;1,063;R
ES0000000000004889CCPF;11/02/2023;15;1,001;R
ES0000000000004889CCPF;11/02/2023;16;0,777;R
ES0000000000004889CCPF;11/02/2023;17;0,617;R
ES0000000000004889CCPF;11/02/2023;18;0,199;R
ES0000000000004889CCPF;11/02/2023;19;0,973;R
ES0000000000004889CCPF;11/02/2023;20;1,092;R
ES0000000000004889CCPF;11/02/2023;21;1,067;R
ES0000000000004889CCPF;11/02/2023;22;0,677;R
ES0000000000004889CCPF;11/02/2023;23;0,152;R
ES0000000000004889CCPF;12/02/2023;0;0,064;R
ES0000000000004889CCPF;12/02/2023;1;0,359;R
ES0000000000004889CCPF;12/02/2023;2;0,084;R
ES0000000000004889CCPF;12/02/2023;3;0,085;R
ES0000000000004889CCPF;12/02/2023;4;0,084;R
ES0000000000004889CCPF;12/02/2023;5;0,06;R
ES0000000000004889CCPF;12/02/2023;6;0,067;R
ES0000000000004889CCPF;12/02/2023;7;0,066;R
ES0000000000004889CCPF;12/02/2023;8;0,078;R
ES0000000000004889CCPF;12/02/2023;9;0,082;R
ES0000000000004889CCPF;12/02/2023;10;0,513;R
ES0000000000004889CCPF;12/02/2023;11;1,154;R
ES0000000000004889CCPF;12/02/2023;12;0,488;R
ES0000000000004889CCPF;12/02/2023;13;0,293;R
ES0000000000004889CCPF;12/02/2023;14;0,11;R
ES0000000000004889CCPF;12/02/2023;15;0,479;R
ES0000000000004889CCPF;12/02/2023;16;1,699;R
ES0000000000004889CCPF;12/02/2023;17;1,541;R
ES0000000000004889CCPF;12/02/2023;18;1,748;R
ES0000000000004889CCPF;12/02/2023;19;0,979;R
ES0000000000004889CCPF;12/02/2023;20;0,838;R
ES0000000000004889CCPF;12/02/2023;21;2,166;R
ES0000000000004889CCPF;12/02/2023;22;1,179;R
ES0000000000004889CCPF;12/02/2023;23;0,559;R
ES0000000000004889CCPF;13/02/2023;0;0,162;R
ES0000000000004889CCPF;13/02/2023;1;0,08;R
ES0000000000004889CCPF;13/02/2023;2;0,091;R
ES0000000000004889CCPF;13/02/2023;3;0,104;R
ES0000000000004889CCPF;13/02/2023;4;0,085;R
ES0000000000004889CCPF;13/02/2023;5;0,066;R
ES0000000000004889CCPF;13/02/2023;6;0,064;R
ES0000000000004889CCPF;13/02/2023;7;0,082;R
ES0000000000004889CCPF;13/02/2023;8;0,488;R
ES0000000000004889CCPF;13/02/2023;9;0,188;R
ES0000000000004889CCPF;13/02/2023;10;0,115;R
ES0000000000004889CCPF;13/02/2023;11;0,098;R
ES0000000000004889CCPF;13/02/2023;12;0,073;R
ES0000000000004889CCPF;13/02/2023;13;0,088;R
ES0000000000004889CCPF;13/02/2023;14;0,102;R
ES0000000000004889CCPF;13/02/2023;15;0,934;R
ES0000000000004889CCPF;13/02/2023;16;0,191;R
ES0000000000004889CCPF;13/02/2023;17;0,12;R
ES0000000000004889CCPF;13/02/2023;18;0,106;R
ES0000000000004889CCPF;13/02/2023;19;0,072;R
ES0000000000004889CCPF;13/02/2023;20;0,067;R
ES0000000000004889CCPF;13/02/2023;21;0,082;R
ES0000000000004889CCPF;13/02/2023;22;0,747;R
ES0000000000004889CCPF;13/02/2023;23;0,217;R
ES0000000000004889CCPF;14/02/2023;0;0,206;R
ES0000000000004889CCPF;14/02/2023;1;0,169;R
ES0000000000004889CCPF;14/02/2023;2;0,065;R
ES0000000000004889CCPF;14/02/2023;3;0,083;R
ES0000000000004889CCPF;14/02/2023;4;0,085;R
ES0000000000004889CCPF;14/02/2023;5;0,084;R
ES0000000000004889CCPF;14/02/2023;6;0,065;R
ES0000000000004889CCPF;14/02/2023;7;0,127;R
ES0000000000004889CCPF;14/02/2023;8;0,29;R
ES0000000000004889CCPF;14/02/2023;9;0,123;R
ES0000000000004889CCPF;14/02/2023;10;0,135;R
ES0000000000004889CCPF;14/02/2023;11;0,089;R
ES0000000000004889CCPF;14/02/2023;12;0,102;R
ES0000000000004889CCPF;14/02/2023;13;0,103;R
ES0000000000004889CCPF;14/02/2023;14;0,114;R
ES0000000000004889CCPF;14/02/2023;15;0,092;R
ES0000000000004889CCPF;14/02/2023;16;0,21;R
ES0000000000004889CCPF;14/02/2023;17;0,136;R
ES0000000000004889CCPF;14/02/2023;18;0,111;R
ES0000000000004889CCPF;14/02/2023;19;0,085;R
ES0000000000004889CCPF;14/02/2023;20;0,125;R
ES0000000000004889CCPF;14/02/2023;21;0,321;R
ES0000000000004889CCPF;14/02/2023;22;0,074;R
ES0000000000004889CCPF;14/02/2023;23;0,089;R
ES0000000000004889CCPF;15/02/2023;0;0,121;R
ES0000000000004889CCPF;15/02/2023;1;0,217;R
ES0000000000004889CCPF;15/02/2023;2;0,177;R
ES0000000000004889CCPF;15/02/2023;3;0,155;R
ES0000000000004889CCPF;15/02/2023;4;0,145;R
ES0000000000004889CCPF;15/02/2023;5;0,142;R
ES0000000000004889CCPF;15/02/2023;6;0,148;R
ES0000000000004889CCPF;15/02/2023;7;0,172;R
ES0000000000004889CCPF;15/02/2023;8;0,224;R
ES0000000000004889CCPF;15/02/2023;9;0,402;R
ES0000000000004889CCPF;15/02/2023;10;0,412;R
ES0000000000004889CCPF;15/02/2023;11;0,256;R
ES0000000000004889CCPF;15/02/2023;12;0,253;R
ES0000000000004889CCPF;15/02/2023;13;0,251;R
ES0000000000004889CCPF;15/02/2023;14;0,262;R
ES0000000000004889CCPF;15/02/2023;15;0,435;R
ES0000000000004889CCPF;15/02/2023;16;0,411;R
ES0000000000004889CCPF;15/02/2023;17;0,392;R
ES0000000000004889CCPF;15/02/2023;18;0,395;R
ES0000000000004889CCPF;15/02/2023;19;0,261;R
ES0000000000004889CCPF;15/02/2023;20;0,319;R
ES0000000000004889CCPF;15/02/2023;21;0,353;R
ES0000000000004889CCPF;15/02/2023;22;0,356;R
ES0000000000004889CCPF;15/02/2023;23;0,54;R
ES0000000000004889CCPF;16/02/2023;0;0,449;R
ES0000000000004889CCPF;16/02/2023;1;0,217;R
ES0000000000004889CCPF;16/02/2023;2;0,177;R
ES0000000000004889CCPF;16/02/2023;3;0,156;R
ES0000000000004889CCPF;16/02/2023;4;0,146;R
ES0000000000004889CCPF;16/02/2023;5;0,142;R
ES0000000000004889CCPF;16/02/2023;6;0,148;R
ES0000000000004889CCPF;16/02/2023;7;0,172;R
ES0000000000004889CCPF;16/02/2023;8;0,223;R
ES0000000000004889CCPF;16/02/2023;9;0,399;R
ES0000000000004889CCPF;16/02/2023;10;0,409;R
ES0000000000004889CCPF;16/02/2023;11;0,254;R
ES0000000000004889CCPF;16/02/2023;12;0,251;R
ES0000000000004889CCPF;16/02/2023;13;0,249;R
ES0000000000004889CCPF;16/02/2023;14;0,261;R
ES0000000000004889CCPF;16/02/2023;15;0,432;R
ES0000000000004889CCPF;16/02/2023;16;0,408;R
ES0000000000004889CCPF;16/02/2023;17;0,39;R
ES0000000000004889CCPF;16/02/2023;18;0,394;R
ES0000000000004889CCPF;16/02/2023;19;0,259;R
ES0000000000004889CCPF;16/02/2023;20;0,317;R
ES0000000000004889CCPF;16/02/2023;21;0,351;R
ES0000000000004889CCPF;16/02/2023;22;0,355;R
ES0000000000004889CCPF;16/02/2023;23;0,538;R
ES0000000000004889CCPF;17/02/2023;0;0,449;R
ES0000000000004889CCPF;17/02/2023;1;0,218;R
ES0000000000004889CCPF;17/02/2023;2;0,179;R
ES0000000000004889CCPF;17/02/2023;3;0,157;R
ES0000000000004889CCPF;17/02/2023;4;0,146;R
ES0000000000004889CCPF;17/02/2023;5;0,143;R
ES0000000000004889CCPF;17/02/2023;6;0,148;R
ES0000000000004889CCPF;17/02/2023;7;0,172;R
ES0000000000004889CCPF;17/02/2023;8;0,221;R
ES0000000000004889CCPF;17/02/2023;9;0,398;R
ES0000000000004889CCPF;17/02/2023;10;0,411;R
ES0000000000004889CCPF;17/02/2023;11;0,255;R
ES0000000000004889CCPF;17/02/2023;12;0,252;R
ES0000000000004889CCPF;17/02/2023;13;0,249;R
ES0000000000004889CCPF;17/02/2023;14;0,259;R
ES0000000000004889CCPF;17/02/2023;15;0,433;R
ES0000000000004889CCPF;17/02/2023;16;0,411;R
ES0000000000004889CCPF;17/02/2023;17;0,395;R
ES0000000000004889CCPF;17/02/2023;18;0,396;R
ES0000000000004889CCPF;17/02/2023;19;0,256;R
ES0000000000004889CCPF;17/02/2023;20;0,302;R
ES0000000000004889CCPF;17/02/2023;21;0,324;R
ES0000000000004889CCPF;17/02/2023;22;0,331;R
ES0000000000004889CCPF;17/02/2023;23;0,519;R
ES0000000000004889CCPF;18/02/2023;0;0,456;R
ES0000000000004889CCPF;18/02/2023;1;0,233;R
ES0000000000004889CCPF;18/02/2023;2;0,193;R
ES0000000000004889CCPF;18/02/2023;3;0,166;R
ES0000000000004889CCPF;18/02/2023;4;0,153;R
ES0000000000004889CCPF;18/02/2023;5;0,146;R
ES0000000000004889CCPF;18/02/2023;6;0,147;R
ES0000000000004889CCPF;18/02/2023;7;0,154;R
ES0000000000004889CCPF;18/02/2023;8;0,169;R
ES0000000000004889CCPF;18/02/2023;9;0,198;R
ES0000000000004889CCPF;18/02/2023;10;0,248;R
ES0000000000004889CCPF;18/02/2023;11;0,28;R
ES0000000000004889CCPF;18/02/2023;12;0,282;R
ES0000000000004889CCPF;18/02/2023;13;0,276;R
ES0000000000004889CCPF;18/02/2023;14;0,288;R
ES0000000000004889CCPF;18/02/2023;15;0,285;R
ES0000000000004889CCPF;18/02/2023;16;0,259;R
ES0000000000004889CCPF;18/02/2023;17;0,241;R
ES0000000000004889CCPF;18/02/2023;18;0,235;R
ES0000000000004889CCPF;18/02/2023;19;0,252;R
ES0000000000004889CCPF;18/02/2023;20;0,293;R
ES0000000000004889CCPF;18/02/2023;21;0,315;R
ES0000000000004889CCPF;18/02/2023;22;0,324;R
ES0000000000004889CCPF;18/02/2023;23;0,308;R
ES0000000000004889CCPF;19/02/2023;0;0,274;R
ES0000000000004889CCPF;19/02/2023;1;0,234;R
ES0000000000004889CCPF;19/02/2023;2;0,196;R
ES0000000000004889CCPF;19/02/2023;3;0,169;R
ES0000000000004889CCPF;19/02/2023;4;0,154;R
ES0000000000004889CCPF;19/02/2023;5;0,147;R
ES0000000000004889CCPF;19/02/2023;6;0,146;R
ES0000000000004889CCPF;19/02/2023;7;0,15;R
ES0000000000004889CCPF;19/02/2023;8;0,158;R
ES0000000000004889CCPF;19/02/2023;9;0,177;R
ES0000000000004889CCPF;19/02/2023;10;0,225;R
ES0000000000004889CCPF;19/02/2023;11;0,265;R
ES0000000000004889CCPF;19/02/2023;12;0,277;R
ES0000000000004889CCPF;19/02/2023;13;0,272;R
ES0000000000004889CCPF;19/02/2023;14;0,281;R
ES0000000000004889CCPF;19/02/2023;15;0,278;R
ES0000000000004889CCPF;19/02/2023;16;0,248;R
ES0000000000004889CCPF;19/02/2023;17;0,23;R
ES0000000000004889CCPF;19/02/2023;18;0,226;R
ES0000000000004889CCPF;19/02/2023;19;0,248;R
ES0000000000004889CCPF;19/02/2023;20;0,304;R
ES0000000000004889CCPF;19/02/2023;21;0,34;R
ES0000000000004889CCPF;19/02/2023;22;0,346;R
ES0000000000004889CCPF;19/02/2023;23;0,313;R
ES0000000000004889CCPF;20/02/2023;0;0,263;R
ES0000000000004889CCPF;20/02/2023;1;0,209;R
ES0000000000004889CCPF;20/02/2023;2;0,172;R
ES0000000000004889CCPF;20/02/2023;3;0,152;R
ES0000000000004889CCPF;20/02/2023;4;0,142;R
ES0000000000004889CCPF;20/02/2023;5;0,139;R
ES0000000000004889CCPF;20/02/2023;6;0,144;R
ES0000000000004889CCPF;20/02/2023;7;0,167;R
ES0000000000004889CCPF;20/02/2023;8;0,215;R
ES0000000000004889CCPF;20/02/2023;9;0,387;R
ES0000000000004889CCPF;20/02/2023;10;0,404;R
ES0000000000004889CCPF;20/02/2023;11;0,253;R
ES0000000000004889CCPF;20/02/2023;12;0,25;R
ES0000000000004889CCPF;20/02/2023;13;0,249;R
ES0000000000004889CCPF;20/02/2023;14;0,26;R
ES0000000000004889CCPF;20/02/2023;15;0,431;R
ES0000000000004889CCPF;20/02/2023;16;0,405;R
ES0000000000004889CCPF;20/02/2023;17;0,386;R
ES0000000000004889CCPF;20/02/2023;18;0,388;R
ES0000000000004889CCPF;20/02/2023;19;0,254;R
ES0000000000004889CCPF;20/02/2023;20;0,311;R
ES0000000000004889CCPF;20/02/2023;21;0,348;R
ES0000000000004889CCPF;20/02/2023;22;0,352;R
ES0000000000004889CCPF;20/02/2023;23;0,53;R
ES0000000000004889CCPF;21/02/2023;0;0,438;R
ES0000000000004889CCPF;21/02/2023;1;0,212;R
ES0000000000004889CCPF;21/02/2023;2;0,173;R
ES0000000000004889CCPF;21/02/2023;3;0,153;R
ES0000000000004889CCPF;21/02/2023;4;0,143;R
ES0000000000004889CCPF;21/02/2023;5;0,14;R
ES0000000000004889CCPF;21/02/2023;6;0,146;R
ES0000000000004889CCPF;21/02/2023;7;0,17;R
ES0000000000004889CCPF;21/02/2023;8;0,22;R
ES0000000000004889CCPF;21/02/2023;9;0,392;R
ES0000000000004889CCPF;21/02/2023;10;0,403;R
ES0000000000004889CCPF;21/02/2023;11;0,25;R
ES0000000000004889CCPF;21/02/2023;12;0,247;R
ES0000000000004889CCPF;21/02/2023;13;0,246;R
ES0000000000004889CCPF;21/02/2023;14;0,257;R
ES0000000000004889CCPF;21/02/2023;15;0,426;R
ES0000000000004889CCPF;21/02/2023;16;0,403;R
ES0000000000004889CCPF;21/02/2023;17;0,384;R
ES0000000000004889CCPF;21/02/2023;18;0,387;R
ES0000000000004889CCPF;21/02/2023;19;0,254;R
ES0000000000004889CCPF;21/02/2023;20;0,311;R
ES0000000000004889CCPF;21/02/2023;21;0,347;R
ES0000000000004889CCPF;21/02/2023;22;0,35;R
ES0000000000004889CCPF;21/02/2023;23;0,529;R
ES0000000000004889CCPF;22/02/2023;0;0,44;R
ES0000000000004889CCPF;22/02/2023;1;0,213;R
ES0000000000004889CCPF;22/02/2023;2;0,174;R
ES0000000000004889CCPF;22/02/2023;3;0,154;R
ES0000000000004889CCPF;22/02/2023;4;0,144;R
ES0000000000004889CCPF;22/02/2023;5;0,141;R
ES0000000000004889CCPF;22/02/2023;6;0,146;R
ES0000000000004889CCPF;22/02/2023;7;0,171;R
ES0000000000004889CCPF;22/02/2023;8;0,221;R
ES0000000000004889CCPF;22/02/2023;9;0,394;R
ES0000000000004889CCPF;22/02/2023;10;0,404;R
ES0000000000004889CCPF;22/02/2023;11;0,25;R
ES0000000000004889CCPF;22/02/2023;12;0,247;R
ES0000000000004889CCPF;22/02/2023;13;0,245;R
ES0000000000004889CCPF;22/02/2023;14;0,256;R
ES0000000000004889CCPF;22/02/2023;15;0,426;R
ES0000000000004889CCPF;22/02/2023;16;0,402;R
ES0000000000004889CCPF;22/02/2023;17;0,383;R
ES0000000000004889CCPF;22/02/2023;18;0,386;R
ES0000000000004889CCPF;22/02/2023;19;0,253;R
ES0000000000004889CCPF;22/02/2023;20;0,311;R
ES0000000000004889CCPF;22/02/2023;21;0,346;R
ES0000000000004889CCPF;22/02/2023;22;0,35;R
ES0000000000004889CCPF;22/02/2023;23;0,53;R
ES0000000000004889CCPF;23/02/2023;0;0,441;R
ES0000000000004889CCPF;23/02/2023;1;0,214;R
ES0000000000004889CCPF;23/02/2023;2;0,174;R
ES0000000000004889CCPF;23/02/2023;3;0,154;R
ES0000000000004889CCPF;23/02/2023;4;0,144;R
ES0000000000004889CCPF;23/02/2023;5;0,141;R
ES0000000000004889CCPF;23/02/2023;6;0,146;R
ES0000000000004889CCPF;23/02/2023;7;0,17;R
ES0000000000004889CCPF;23/02/2023;8;0,22;R
ES0000000000004889CCPF;23/02/2023;9;0,392;R
ES0000000000004889CCPF;23/02/2023;10;0,403;R
ES0000000000004889CCPF;23/02/2023;11;0,249;R
ES0000000000004889CCPF;23/02/2023;12;0,246;R
ES0000000000004889CCPF;23/02/2023;13;0,245;R
ES0000000000004889CCPF;23/02/2023;14;0,256;R
ES0000000000004889CCPF;23/02/2023;15;0,425;R
ES0000000000004889CCPF;23/02/2023;16;0,402;R
ES0000000000004889CCPF;23/02/2023;17;0,384;R
ES0000000000004889CCPF;23/02/2023;18;0,387;R
ES0000000000004889CCPF;23/02/2023;19;0,254;R
ES0000000000004889CCPF;23/02/2023;20;0,311;R
ES0000000000004889CCPF;23/02/2023;21;0,346;R
ES0000000000004889CCPF;23/02/2023;22;0,35;R
ES0000000000004889CCPF;23/02/2023;23;0,531;R
ES0000000000004889CCPF;24/02/2023;0;0,442;R
ES0000000000004889CCPF;24/02/2023;1;0,216;R
ES0000000000004889CCPF;24/02/2023;2;0,177;R
ES0000000000004889CCPF;24/02/2023;3;0,156;R
ES0000000000004889CCPF;24/02/2023;4;0,145;R
ES0000000000004889CCPF;24/02/2023;5;0,142;R
ES0000000000004889CCPF;24/02/2023;6;0,148;R
ES0000000000004889CCPF;24/02/2023;7;0,171;R
ES0000000000004889CCPF;24/02/2023;8;0,22;R
ES0000000000004889CCPF;24/02/2023;9;0,395;R
ES0000000000004889CCPF;24/02/2023;10;0,411;R
ES0000000000004889CCPF;24/02/2023;11;0,256;R
ES0000000000004889CCPF;24/02/2023;12;0,252;R
ES0000000000004889CCPF;24/02/2023;13;0,25;R
ES0000000000004889CCPF;24/02/2023;14;0,26;R
ES0000000000004889CCPF;24/02/2023;15;0,434;R
ES0000000000004889CCPF;24/02/2023;16;0,412;R
ES0000000000004889CCPF;24/02/2023;17;0,395;R
ES0000000000004889CCPF;24/02/2023;18;0,396;R
ES0000000000004889CCPF;24/02/2023;19;0,255;R
ES0000000000004889CCPF;24/02/2023;20;0,3;R
ES0000000000004889CCPF;24/02/2023;21;0,324;R
ES0000000000004889CCPF;24/02/2023;22;0,331;R
ES0000000000004889CCPF;24/02/2023;23;0,52;R
ES0000000000004889CCPF;25/02/2023;0;0,456;R
ES0000000000004889CCPF;25/02/2023;1;0,233;R
ES0000000000004889CCPF;25/02/2023;2;0,193;R
ES0000000000004889CCPF;25/02/2023;3;0,167;R
ES0000000000004889CCPF;25/02/2023;4;0,153;R
ES0000000000004889CCPF;25/02/2023;5;0,147;R
ES0000000000004889CCPF;25/02/2023;6;0,147;R
ES0000000000004889CCPF;25/02/2023;7;0,154;R
ES0000000000004889CCPF;25/02/2023;8;0,169;R
ES0000000000004889CCPF;25/02/2023;9;0,198;R
ES0000000000004889CCPF;25/02/2023;10;0,249;R
ES0000000000004889CCPF;25/02/2023;11;0,28;R
ES0000000000004889CCPF;25/02/2023;12;0,282;R
ES0000000000004889CCPF;25/02/2023;13;0,276;R
ES0000000000004889CCPF;25/02/2023;14;0,288;R
ES0000000000004889CCPF;25/02/2023;15;0,284;R
ES0000000000004889CCPF;25/02/2023;16;0,258;R
ES0000000000004889CCPF;25/02/2023;17;0,24;R
ES0000000000004889CCPF;25/02/2023;18;0,234;R
ES0000000000004889CCPF;25/02/2023;19;0,248;R
ES0000000000004889CCPF;25/02/2023;20;0,289;R
ES0000000000004889CCPF;25/02/2023;21;0,314;R
ES0000000000004889CCPF;25/02/2023;22;0,324;R
ES0000000000004889CCPF;25/02/2023;23;0,308;R
ES0000000000004889CCPF;26/02/2023;0;0,275;R
ES0000000000004889CCPF;26/02/2023;1;0,23;R
ES0000000000004889CCPF;26/02/2023;2;0,193;R
ES0000000000004889CCPF;26/02/2023;3;0,167;R
ES0000000000004889CCPF;26/02/2023;4;0,151;R
ES0000000000004889CCPF;26/02/2023;5;0,144;R
ES0000000000004889CCPF;26/02/2023;6;0,144;R
ES0000000000004889CCPF;26/02/2023;7;0,148;R
ES0000000000004889CCPF;26/02/2023;8;0,155;R
ES0000000000004889CCPF;26/02/2023;9;0,174;R
ES0000000000004889CCPF;26/02/2023;10;0,222;R
ES0000000000004889CCPF;26/02/2023;11;0,261;R
ES0000000000004889CCPF;26/02/2023;12;0,273;R
ES0000000000004889CCPF;26/02/2023;13;0,269;R
ES0000000000004889CCPF;26/02/2023;14;0,278;R
ES0000000000004889CCPF;26/02/2023;15;0,274;R
ES0000000000004889CCPF;26/02/2023;16;0,244;R
ES0000000000004889CCPF;26/02/2023;17;0,227;R
ES0000000000004889CCPF;26/02/2023;18;0,223;R
ES0000000000004889CCPF;26/02/2023;19;0,242;R
ES0000000000004889CCPF;26/02/2023;20;0,296;R
ES0000000000004889CCPF;26/02/2023;21;0,332;R
ES0000000000004889CCPF;26/02/2023;22;0,337;R
ES0000000000004889CCPF;26/02/2023;23;0,306;R
ES0000000000004889CCPF;27/02/2023;0;0,258;R
ES0000000000004889CCPF;27/02/2023;1;0,207;R
ES0000000000004889CCPF;27/02/2023;2;0,17;R
ES0000000000004889CCPF;27/02/2023;3;0,15;R
ES0000000000004889CCPF;27/02/2023;4;0,14;R
ES0000000000004889CCPF;27/02/2023;5;0,137;R
ES0000000000004889CCPF;27/02/2023;6;0,142;R
ES0000000000004889CCPF;27/02/2023;7;0,164;R
ES0000000000004889CCPF;27/02/2023;8;0,208;R
ES0000000000004889CCPF;27/02/2023;9;0,374;R
ES0000000000004889CCPF;27/02/2023;10;0,393;R
ES0000000000004889CCPF;27/02/2023;11;0,248;R
ES0000000000004889CCPF;27/02/2023;12;0,247;R
ES0000000000004889CCPF;27/02/2023;13;0,246;R
ES0000000000004889CCPF;27/02/2023;14;0,258;R
ES0000000000004889CCPF;27/02/2023;15;0,427;R
ES0000000000004889CCPF;27/02/2023;16;0,402;R
ES0000000000004889CCPF;27/02/2023;17;0,381;R
ES0000000000004889CCPF;27/02/2023;18;0,383;R
ES0000000000004889CCPF;27/02/2023;19;0,249;R
ES0000000000004889CCPF;27/02/2023;20;0,306;R
ES0000000000004889CCPF;27/02/2023;21;0,343;R
ES0000000000004889CCPF;27/02/2023;22;0,346;R
ES0000000000004889CCPF;27/02/2023;23;0,523;R
ES0000000000004889CCPF;28/02/2023;0;0,434;R
ES0000000000004889CCPF;28/02/2023;1;0,21;R
ES0000000000004889CCPF;28/02/2023;2;0,172;R
ES0000000000004889CCPF;28/02/2023;3;0,151;R
ES0000000000004889CCPF;28/02/2023;4;0,142;R
ES0000000000004889CCPF;28/02/2023;5;0,139;R
ES0000000000004889CCPF;28/02/2023;6;0,144;R
ES0000000000004889CCPF;28/02/2023;7;0,168;R
ES0000000000004889CCPF;28/02/2023;8;0,216;R
ES0000000000004889CCPF;28/02/2023;9;0,388;R
ES0000000000004889CCPF;28/02/2023;10;0,402;R
ES0000000000004889CCPF;28/02/2023;11;0,25;R
ES0000000000004889CCPF;28/02/2023;12;0,248;R
ES0000000000004889CCPF;28/02/2023;13;0,247;R
ES0000000000004889CCPF;28/02/2023;14;0,258;R
ES0000000000004889CCPF;28/02/2023;15;0,429;R
ES0000000000004889CCPF;28/02/2023;16;0,404;R
ES0000000000004889CCPF;28/02/2023;17;0,384;R
ES0000000000004889CCPF;28/02/2023;18;0,386;R
ES0000000000004889CCPF;28/02/2023;19;0,252;R
ES0000000000004889CCPF;28/02/2023;20;0,309;R
ES0000000000004889CCPF;28/02/2023;21;0,346;R
ES0000000000004889CCPF;28/02/2023;22;0,348;R
ES0000000000004889CCPF;28/02/2023;23;0,528;R
ES0000000000004889CCPF;01/03/2023;0;0,44;R
ES0000000000004889CCPF;01/03/2023;1;0,204;R
ES0000000000004889CCPF;01/03/2023;2;0,167;R
ES0000000000004889CCPF;01/03/2023;3;0,147;R
ES0000000000004889CCPF;01/03/2023;4;0,138;R
ES0000000000004889CCPF;01/03/2023;5;0,135;R
ES0000000000004889CCPF;01/03/2023;6;0,14;R
ES0000000000004889CCPF;01/03/2023;7;0,162;R
ES0000000000004889CCPF;01/03/2023;8;0,204;R
ES0000000000004889CCPF;01/03/2023;9;0,373;R
ES0000000000004889CCPF;01/03/2023;10;0,39;R
ES0000000000004889CCPF;01/03/2023;11;0,244;R
ES0000000000004889CCPF;01/03/2023;12;0,243;R
ES0000000000004889CCPF;01/03/2023;13;0,245;R
ES0000000000004889CCPF;01/03/2023;14;0,258;R
ES0000000000004889CCPF;01/03/2023;15;0,427;R
ES0000000000004889CCPF;01/03/2023;16;0,402;R
ES0000000000004889CCPF;01/03/2023;17;0,382;R
ES0000000000004889CCPF;01/03/2023;18;0,381;R
ES0000000000004889CCPF;01/03/2023;19;0,241;R
ES0000000000004889CCPF;01/03/2023;20;0,29;R
ES0000000000004889CCPF;01/03/2023;21;0,334;R
ES0000000000004889CCPF;01/03/2023;22;0,34;R
ES0000000000004889CCPF;01/03/2023;23;0,51;R
ES0000000000004889CCPF;02/03/2023;0;0,423;R
ES0000000000004889CCPF;02/03/2023;1;0,205;R
ES0000000000004889CCPF;02/03/2023;2;0,168;R
ES0000000000004889CCPF;02/03/2023;3;0,148;R
ES0000000000004889CCPF;02/03/2023;4;0,138;R
ES0000000000004889CCPF;02/03/2023;5;0,135;R
ES0000000000004889CCPF;02/03/2023;6;0,141;R
ES0000000000004889CCPF;02/03/2023;7;0,162;R
ES0000000000004889CCPF;02/03/2023;8;0,203;R
ES0000000000004889CCPF;02/03/2023;9;0,371;R
ES0000000000004889CCPF;02/03/2023;10;0,389;R
ES0000000000004889CCPF;02/03/2023;11;0,242;R
ES0000000000004889CCPF;02/03/2023;12;0,241;R
ES0000000000004889CCPF;02/03/2023;13;0,243;R
ES0000000000004889CCPF;02/03/2023;14;0,256;R
ES0000000000004889CCPF;02/03/2023;15;0,425;R
ES0000000000004889CCPF;02/03/2023;16;0,399;R
ES0000000000004889CCPF;02/03/2023;17;0,38;R
ES0000000000004889CCPF;02/03/2023;18;0,381;R
ES0000000000004889CCPF;02/03/2023;19;0,241;R
ES0000000000004889CCPF;02/03/2023;20;0,289;R
ES0000000000004889CCPF;02/03/2023;21;0,333;R
ES0000000000004889CCPF;02/03/2023;22;0,339;R
ES0000000000004889CCPF;02/03/2023;23;0,51;R
ES0000000000004889CCPF;03/03/2023;0;0,423;R
ES0000000000004889CCPF;03/03/2023;1;0,207;R
ES0000000000004889CCPF;03/03/2023;2;0,17;R
ES0000000000004889CCPF;03/03/2023;3;0,149;R
ES0000000000004889CCPF;03/03/2023;4;0,139;R
ES0000000000004889CCPF;03/03/2023;5;0,137;R
ES0000000000004889CCPF;03/03/2023;6;0,142;R
ES0000000000004889CCPF;03/03/2023;7;0,163;R
ES0000000000004889CCPF;03/03/2023;8;0,204;R
ES0000000000004889CCPF;03/03/2023;9;0,375;R
ES0000000000004889CCPF;03/03/2023;10;0,397;R
ES0000000000004889CCPF;03/03/2023;11;0,248;R
ES0000000000004889CCPF;03/03/2023;12;0,247;R
ES0000000000004889CCPF;03/03/2023;13;0,247;R
ES0000000000004889CCPF;03/03/2023;14;0,26;R
ES0000000000004889CCPF;03/03/2023;15;0,433;R
ES0000000000004889CCPF;03/03/2023;16;0,409;R
ES0000000000004889CCPF;03/03/2023;17;0,391;R
ES0000000000004889CCPF;03/03/2023;18;0,389;R
ES0000000000004889CCPF;03/03/2023;19;0,242;R
ES0000000000004889CCPF;03/03/2023;20;0,281;R
ES0000000000004889CCPF;03/03/2023;21;0,315;R
ES0000000000004889CCPF;03/03/2023;22;0,325;R
ES0000000000004889CCPF;03/03/2023;23;0,505;R
ES0000000000004889CCPF;04/03/2023;0;0,438;R
ES0000000000004889CCPF;04/03/2023;1;0,221;R
ES0000000000004889CCPF;04/03/2023;2;0,182;R
ES0000000000004889CCPF;04/03/2023;3;0,158;R
ES0000000000004889CCPF;04/03/2023;4;0,145;R
ES0000000000004889CCPF;04/03/2023;5;0,139;R
ES0000000000004889CCPF;04/03/2023;6;0,141;R
ES0000000000004889CCPF;04/03/2023;7;0,147;R
ES0000000000004889CCPF;04/03/2023;8;0,158;R
ES0000000000004889CCPF;04/03/2023;9;0,192;R
ES0000000000004889CCPF;04/03/2023;10;0,242;R
ES0000000000004889CCPF;04/03/2023;11;0,272;R
ES0000000000004889CCPF;04/03/2023;12;0,275;R
ES0000000000004889CCPF;04/03/2023;13;0,271;R
ES0000000000004889CCPF;04/03/2023;14;0,283;R
ES0000000000004889CCPF;04/03/2023;15;0,279;R
ES0000000000004889CCPF;04/03/2023;16;0,25;R
ES0000000000004889CCPF;04/03/2023;17;0,231;R
ES0000000000004889CCPF;04/03/2023;18;0,224;R
ES0000000000004889CCPF;04/03/2023;19;0,231;R
ES0000000000004889CCPF;04/03/2023;20;0,269;R
ES0000000000004889CCPF;04/03/2023;21;0,304;R
ES0000000000004889CCPF;04/03/2023;22;0,316;R
ES0000000000004889CCPF;04/03/2023;23;0,299;R
ES0000000000004889CCPF;05/03/2023;0;0,264;R
ES0000000000004889CCPF;05/03/2023;1;0,221;R
ES0000000000004889CCPF;05/03/2023;2;0,185;R
ES0000000000004889CCPF;05/03/2023;3;0,162;R
ES0000000000004889CCPF;05/03/2023;4;0,145;R
ES0000000000004889CCPF;05/03/2023;5;0,138;R
ES0000000000004889CCPF;05/03/2023;6;0,138;R
ES0000000000004889CCPF;05/03/2023;7;0,142;R
ES0000000000004889CCPF;05/03/2023;8;0,145;R
ES0000000000004889CCPF;05/03/2023;9;0,17;R
ES0000000000004889CCPF;05/03/2023;10;0,217;R
ES0000000000004889CCPF;05/03/2023;11;0,253;R
ES0000000000004889CCPF;05/03/2023;12;0,265;R
ES0000000000004889CCPF;05/03/2023;13;0,264;R
ES0000000000004889CCPF;05/03/2023;14;0,274;R
ES0000000000004889CCPF;05/03/2023;15;0,267;R
ES0000000000004889CCPF;05/03/2023;16;0,238;R
ES0000000000004889CCPF;05/03/2023;17;0,219;R
ES0000000000004889CCPF;05/03/2023;18;0,214;R
ES0000000000004889CCPF;05/03/2023;19;0,227;R
ES0000000000004889CCPF;05/03/2023;20;0,277;R
ES0000000000004889CCPF;05/03/2023;21;0,324;R
ES0000000000004889CCPF;05/03/2023;22;0,328;R
ES0000000000004889CCPF;05/03/2023;23;0,295;R
ES0000000000004889CCPF;06/03/2023;0;0,248;R
ES0000000000004889CCPF;06/03/2023;1;0,199;R
ES0000000000004889CCPF;06/03/2023;2;0,163;R
ES0000000000004889CCPF;06/03/2023;3;0,144;R
ES0000000000004889CCPF;06/03/2023;4;0,135;R
ES0000000000004889CCPF;06/03/2023;5;0,132;R
ES0000000000004889CCPF;06/03/2023;6;0,137;R
ES0000000000004889CCPF;06/03/2023;7;0,158;R
ES0000000000004889CCPF;06/03/2023;8;0,197;R
ES0000000000004889CCPF;06/03/2023;9;0,364;R
ES0000000000004889CCPF;06/03/2023;10;0,388;R
ES0000000000004889CCPF;06/03/2023;11;0,245;R
ES0000000000004889CCPF;06/03/2023;12;0,246;R
ES0000000000004889CCPF;06/03/2023;13;0,247;R
ES0000000000004889CCPF;06/03/2023;14;0,26;R
ES0000000000004889CCPF;06/03/2023;15;0,43;R
ES0000000000004889CCPF;06/03/2023;16;0,402;R
ES0000000000004889CCPF;06/03/2023;17;0,381;R
ES0000000000004889CCPF;06/03/2023;18;0,38;R
ES0000000000004889CCPF;06/03/2023;19;0,239;R
ES0000000000004889CCPF;06/03/2023;20;0,286;R
ES0000000000004889CCPF;06/03/2023;21;0,333;R
ES0000000000004889CCPF;06/03/2023;22;0,339;R
ES0000000000004889CCPF;06/03/2023;23;0,503;R
ES0000000000004889CCPF;07/03/2023;0;0,414;R
ES0000000000004889CCPF;07/03/2023;1;0,201;R
ES0000000000004889CCPF;07/03/2023;2;0,164;R
ES0000000000004889CCPF;07/03/2023;3;0,145;R
ES0000000000004889CCPF;07/03/2023;4;0,136;R
ES0000000000004889CCPF;07/03/2023;5;0,133;R
ES0000000000004889CCPF;07/03/2023;6;0,138;R
ES0000000000004889CCPF;07/03/2023;7;0,16;R
ES0000000000004889CCPF;07/03/2023;8;0,201;R
ES0000000000004889CCPF;07/03/2023;9;0,369;R
ES0000000000004889CCPF;07/03/2023;10;0,386;R
ES0000000000004889CCPF;07/03/2023;11;0,241;R
ES0000000000004889CCPF;07/03/2023;12;0,24;R
ES0000000000004889CCPF;07/03/2023;13;0,242;R
ES0000000000004889CCPF;07/03/2023;14;0,255;R
ES0000000000004889CCPF;07/03/2023;15;0,422;R
ES0000000000004889CCPF;07/03/2023;16;0,396;R
ES0000000000004889CCPF;07/03/2023;17;0,375;R
ES0000000000004889CCPF;07/03/2023;18;0,375;R
ES0000000000004889CCPF;07/03/2023;19;0,237;R
ES0000000000004889CCPF;07/03/2023;20;0,285;R
ES0000000000004889CCPF;07/03/2023;21;0,332;R
ES0000000000004889CCPF;07/03/2023;22;0,337;R
ES0000000000004889CCPF;07/03/2023;23;0,504;R
ES0000000000004889CCPF;08/03/2023;0;0,417;R
ES0000000000004889CCPF;08/03/2023;1;0,202;R
ES0000000000004889CCPF;08/03/2023;2;0,165;R
ES0000000000004889CCPF;08/03/2023;3;0,146;R
ES0000000000004889CCPF;08/03/2023;4;0,137;R
ES0000000000004889CCPF;08/03/2023;5;0,134;R
ES0000000000004889CCPF;08/03/2023;6;0,139;R
ES0000000000004889CCPF;08/03/2023;7;0,161;R
ES0000000000004889CCPF;08/03/2023;8;0,202;R
ES0000000000004889CCPF;08/03/2023;9;0,371;R
ES0000000000004889CCPF;08/03/2023;10;0,387;R
ES0000000000004889CCPF;08/03/2023;11;0,241;R
ES0000000000004889CCPF;08/03/2023;12;0,241;R
ES0000000000004889CCPF;08/03/2023;13;0,242;R
ES0000000000004889CCPF;08/03/2023;14;0,255;R
ES0000000000004889CCPF;08/03/2023;15;0,423;R
ES0000000000004889CCPF;08/03/2023;16;0,397;R
ES0000000000004889CCPF;08/03/2023;17;0,376;R
ES0000000000004889CCPF;08/03/2023;18;0,376;R
ES0000000000004889CCPF;08/03/2023;19;0,237;R
ES0000000000004889CCPF;08/03/2023;20;0,285;R
ES0000000000004889CCPF;08/03/2023;21;0,332;R
ES0000000000004889CCPF;08/03/2023;22;0,337;R
ES0000000000004889CCPF;08/03/2023;23;0,504;R
ES0000000000004889CCPF;09/03/2023;0;0,417;R
ES0000000000004889CCPF;09/03/2023;1;0,203;R
ES0000000000004889CCPF;09/03/2023;2;0,166;R
ES0000000000004889CCPF;09/03/2023;3;0,146;R
ES0000000000004889CCPF;09/03/2023;4;0,137;R
ES0000000000004889CCPF;09/03/2023;5;0,134;R
ES0000000000004889CCPF;09/03/2023;6;0,139;R
ES0000000000004889CCPF;09/03/2023;7;0,161;R
ES0000000000004889CCPF;09/03/2023;8;0,201;R
ES0000000000004889CCPF;09/03/2023;9;0,369;R
ES0000000000004889CCPF;09/03/2023;10;0,386;R
ES0000000000004889CCPF;09/03/2023;11;0,24;R
ES0000000000004889CCPF;09/03/2023;12;0,24;R
ES0000000000004889CCPF;09/03/2023;13;0,241;R
ES0000000000004889CCPF;09/03/2023;14;0,254;R
ES0000000000004889CCPF;09/03/2023;15;0,42;R
ES0000000000004889CCPF;09/03/2023;16;0,395;R
ES0000000000004889CCPF;09/03/2023;17;0,375;R
ES0000000000004889CCPF;09/03/2023;18;0,374;R
ES0000000000004889CCPF;09/03/2023;19;0,236;R
ES0000000000004889CCPF;09/03/2023;20;0,284;R
ES0000000000004889CCPF;09/03/2023;21;0,33;R
ES0000000000004889CCPF;09/03/2023;22;0,336;R
ES0000000000004889CCPF;09/03/2023;23;0,504;R
ES0000000000004889CCPF;10/03/2023;0;0,417;R
ES0000000000004889CCPF;10/03/2023;1;0,203;R
ES0000000000004889CCPF;10/03/2023;2;0,167;R
ES0000000000004889CCPF;10/03/2023;3;0,147;R
ES0000000000004889CCPF;10/03/2023;4;0,137;R
ES0000000000004889CCPF;10/03/2023;5;0,135;R
ES0000000000004889CCPF;10/03/2023;6;0,14;R
ES0000000000004889CCPF;10/03/2023;7;0,161;R
ES0000000000004889CCPF;10/03/2023;8;0,201;R
ES0000000000004889CCPF;10/03/2023;9;0,372;R
ES0000000000004889CCPF;10/03/2023;10;0,392;R
ES0000000000004889CCPF;10/03/2023;11;0,245;R
ES0000000000004889CCPF;10/03/2023;12;0,244;R
ES0000000000004889CCPF;10/03/2023;13;0,244;R
ES0000000000004889CCPF;10/03/2023;14;0,256;R
ES0000000000004889CCPF;10/03/2023;15;0,427;R
ES0000000000004889CCPF;10/03/2023;16;0,403;R
ES0000000000004889CCPF;10/03/2023;17;0,385;R
ES0000000000004889CCPF;10/03/2023;18;0,383;R
ES0000000000004889CCPF;10/03/2023;19;0,238;R
ES0000000000004889CCPF;10/03/2023;20;0,276;R
ES0000000000004889CCPF;10/03/2023;21;0,311;R
ES0000000000004889CCPF;10/03/2023;22;0,319;R
ES0000000000004889CCPF;10/03/2023;23;0,496;R
ES0000000000004889CCPF;11/03/2023;0;0,431;R
ES0000000000004889CCPF;11/03/2023;1;0,219;R
ES0000000000004889CCPF;11/03/2023;2;0,181;R
ES0000000000004889CCPF;11/03/2023;3;0,156;R
ES0000000000004889CCPF;11/03/2023;4;0,144;R
ES0000000000004889CCPF;11/03/2023;5;0,139;R
ES0000000000004889CCPF;11/03/2023;6;0,14;R
ES0000000000004889CCPF;11/03/2023;7;0,146;R
ES0000000000004889CCPF;11/03/2023;8;0,156;R
ES0000000000004889CCPF;11/03/2023;9;0,191;R
ES0000000000004889CCPF;11/03/2023;10;0,24;R
ES0000000000004889CCPF;11/03/2023;11;0,268;R
ES0000000000004889CCPF;11/03/2023;12;0,269;R
ES0000000000004889CCPF;11/03/2023;13;0,265;R
ES0000000000004889CCPF;11/03/2023;14;0,277;R
ES0000000000004889CCPF;11/03/2023;15;0,273;R
ES0000000000004889CCPF;11/03/2023;16;0,245;R
ES0000000000004889CCPF;11/03/2023;17;0,226;R
ES0000000000004889CCPF;11/03/2023;18;0,218;R
ES0000000000004889CCPF;11/03/2023;19;0,224;R
ES0000000000004889CCPF;11/03/2023;20;0,261;R
ES0000000000004889CCPF;11/03/2023;21;0,299;R
ES0000000000004889CCPF;11/03/2023;22;0,312;R
ES0000000000004889CCPF;11/03/2023;23;0,295;R
ES0000000000004889CCPF;12/03/2023;0;0,26;R
ES0000000000004889CCPF;12/03/2023;1;0,217;R
ES0000000000004889CCPF;12/03/2023;2;0,182;R
ES0000000000004889CCPF;12/03/2023;3;0,16;R
ES0000000000004889CCPF;12/03/2023;4;0,142;R
ES0000000000004889CCPF;12/03/2023;5;0,136;R
ES0000000000004889CCPF;12/03/2023;6;0,136;R
ES0000000000004889CCPF;12/03/2023;7;0,14;R
ES0000000000004889CCPF;12/03/2023;8;0,142;R
ES0000000000004889CCPF;12/03/2023;9;0,167;R
ES0000000000004889CCPF;12/03/2023;10;0,214;R
ES0000000000004889CCPF;12/03/2023;11;0,249;R
ES0000000000004889CCPF;12/03/2023;12;0,26;R
ES0000000000004889CCPF;12/03/2023;13;0,26;R
ES0000000000004889CCPF;12/03/2023;14;0,269;R
ES0000000000004889CCPF;12/03/2023;15;0,262;R
ES0000000000004889CCPF;12/03/2023;16;0,233;R
ES0000000000004889CCPF;12/03/2023;17;0,215;R
ES0000000000004889CCPF;12/03/2023;18;0,21;R
ES0000000000004889CCPF;12/03/2023;19;0,221;R
ES0000000000004889CCPF;12/03/2023;20;0,268;R
ES0000000000004889CCPF;12/03/2023;21;0,318;R
ES0000000000004889CCPF;12/03/2023;22;0,322;R
ES0000000000004889CCPF;12/03/2023;23;0,289;R
ES0000000000004889CCPF;13/03/2023;0;0,244;R
ES0000000000004889CCPF;13/03/2023;1;0,196;R
ES0000000000004889CCPF;13/03/2023;2;0,161;R
ES0000000000004889CCPF;13/03/2023;3;0,142;R
ES0000000000004889CCPF;13/03/2023;4;0,133;R
ES0000000000004889CCPF;13/03/2023;5;0,13;R
ES0000000000004889CCPF;13/03/2023;6;0,135;R
ES0000000000004889CCPF;13/03/2023;7;0,155;R
ES0000000000004889CCPF;13/03/2023;8;0,191;R
ES0000000000004889CCPF;13/03/2023;9;0,354;R
ES0000000000004889CCPF;13/03/2023;10;0,378;R
ES0000000000004889CCPF;13/03/2023;11;0,239;R
ES0000000000004889CCPF;13/03/2023;12;0,24;R
ES0000000000004889CCPF;13/03/2023;13;0,242;R
ES0000000000004889CCPF;13/03/2023;14;0,255;R
ES0000000000004889CCPF;13/03/2023;15;0,423;R
ES0000000000004889CCPF;13/03/2023;16;0,393;R
ES0000000000004889CCPF;13/03/2023;17;0,372;R
ES0000000000004889CCPF;13/03/2023;18;0,37;R
ES0000000000004889CCPF;13/03/2023;19;0,232;R
ES0000000000004889CCPF;13/03/2023;20;0,276;R
ES0000000000004889CCPF;13/03/2023;21;0,324;R
ES0000000000004889CCPF;13/03/2023;22;0,331;R
ES0000000000004889CCPF;13/03/2023;23;0,491;R
ES0000000000004889CCPF;14/03/2023;0;0,404;R
ES0000000000004889CCPF;14/03/2023;1;0,197;R
ES0000000000004889CCPF;14/03/2023;2;0,162;R
ES0000000000004889CCPF;14/03/2023;3;0,143;R
ES0000000000004889CCPF;14/03/2023;4;0,134;R
ES0000000000004889CCPF;14/03/2023;5;0,131;R
ES0000000000004889CCPF;14/03/2023;6;0,137;R
ES0000000000004889CCPF;14/03/2023;7;0,158;R
ES0000000000004889CCPF;14/03/2023;8;0,195;R
ES0000000000004889CCPF;14/03/2023;9;0,36;R
ES0000000000004889CCPF;14/03/2023;10;0,377;R
ES0000000000004889CCPF;14/03/2023;11;0,236;R
ES0000000000004889CCPF;14/03/2023;12;0,236;R
ES0000000000004889CCPF;14/03/2023;13;0,238;R
ES0000000000004889CCPF;14/03/2023;14;0,251;R
ES0000000000004889CCPF;14/03/2023;15;0,416;R
ES0000000000004889CCPF;14/03/2023;16;0,388;R
ES0000000000004889CCPF;14/03/2023;17;0,367;R
ES0000000000004889CCPF;14/03/2023;18;0,366;R
ES0000000000004889CCPF;14/03/2023;19;0,23;R
ES0000000000004889CCPF;14/03/2023;20;0,276;R
ES0000000000004889CCPF;14/03/2023;21;0,324;R
ES0000000000004889CCPF;14/03/2023;22;0,329;R
ES0000000000004889CCPF;14/03/2023;23;0,492;R
ES0000000000004889CCPF;15/03/2023;0;0,407;R
ES0000000000004889CCPF;15/03/2023;1;0,188;R
ES0000000000004889CCPF;15/03/2023;2;0,154;R
ES0000000000004889CCPF;15/03/2023;3;0,136;R
ES0000000000004889CCPF;15/03/2023;4;0,127;R
ES0000000000004889CCPF;15/03/2023;5;0,125;R
ES0000000000004889CCPF;15/03/2023;6;0,13;R
ES0000000000004889CCPF;15/03/2023;7;0,15;R
ES0000000000004889CCPF;15/03/2023;8;0,186;R
ES0000000000004889CCPF;15/03/2023;9;0,222;R
ES0000000000004889CCPF;15/03/2023;10;0,232;R
ES0000000000004889CCPF;15/03/2023;11;0,173;R
ES0000000000004889CCPF;15/03/2023;12;0,173;R
ES0000000000004889CCPF;15/03/2023;13;0,174;R
ES0000000000004889CCPF;15/03/2023;14;0,184;R
ES0000000000004889CCPF;15/03/2023;15;0,255;R
ES0000000000004889CCPF;15/03/2023;16;0,239;R
ES0000000000004889CCPF;15/03/2023;17;0,227;R
ES0000000000004889CCPF;15/03/2023;18;0,226;R
ES0000000000004889CCPF;15/03/2023;19;0,17;R
ES0000000000004889CCPF;15/03/2023;20;0,202;R
ES0000000000004889CCPF;15/03/2023;21;0,237;R
ES0000000000004889CCPF;15/03/2023;22;0,241;R
ES0000000000004889CCPF;15/03/2023;23;0,302;R
ES0000000000004889CCPF;16/03/2023;0;0,25;R
ES0000000000004889CCPF;16/03/2023;1;0,187;R
ES0000000000004889CCPF;16/03/2023;2;0,154;R
ES0000000000004889CCPF;16/03/2023;3;0,136;R
ES0000000000004889CCPF;16/03/2023;4;0,127;R
ES0000000000004889CCPF;16/03/2023;5;0,125;R
ES0000000000004889CCPF;16/03/2023;6;0,13;R
ES0000000000004889CCPF;16/03/2023;7;0,149;R
ES0000000000004889CCPF;16/03/2023;8;0,185;R
ES0000000000004889CCPF;16/03/2023;9;0,22;R
ES0000000000004889CCPF;16/03/2023;10;0,23;R
ES0000000000004889CCPF;16/03/2023;11;0,172;R
ES0000000000004889CCPF;16/03/2023;12;0,171;R
ES0000000000004889CCPF;16/03/2023;13;0,173;R
ES0000000000004889CCPF;16/03/2023;14;0,182;R
ES0000000000004889CCPF;16/03/2023;15;0,253;R
ES0000000000004889CCPF;16/03/2023;16;0,237;R
ES0000000000004889CCPF;16/03/2023;17;0,225;R
ES0000000000004889CCPF;16/03/2023;18;0,224;R
ES0000000000004889CCPF;16/03/2023;19;0,168;R
ES0000000000004889CCPF;16/03/2023;20;0,201;R
ES0000000000004889CCPF;16/03/2023;21;0,236;R
ES0000000000004889CCPF;16/03/2023;22;0,24;R
ES0000000000004889CCPF;16/03/2023;23;0,302;R
ES0000000000004889CCPF;17/03/2023;0;0,25;R
ES0000000000004889CCPF;17/03/2023;1;0,19;R
ES0000000000004889CCPF;17/03/2023;2;0,156;R
ES0000000000004889CCPF;17/03/2023;3;0,137;R
ES0000000000004889CCPF;17/03/2023;4;0,128;R
ES0000000000004889CCPF;17/03/2023;5;0,126;R
ES0000000000004889CCPF;17/03/2023;6;0,131;R
ES0000000000004889CCPF;17/03/2023;7;0,151;R
ES0000000000004889CCPF;17/03/2023;8;0,186;R
ES0000000000004889CCPF;17/03/2023;9;0,223;R
ES0000000000004889CCPF;17/03/2023;10;0,235;R
ES0000000000004889CCPF;17/03/2023;11;0,175;R
ES0000000000004889CCPF;17/03/2023;12;0,175;R
ES0000000000004889CCPF;17/03/2023;13;0,175;R
ES0000000000004889CCPF;17/03/2023;14;0,184;R
ES0000000000004889CCPF;17/03/2023;15;0,257;R
ES0000000000004889CCPF;17/03/2023;16;0,242;R
ES0000000000004889CCPF;17/03/2023;17;0,23;R
ES0000000000004889CCPF;17/03/2023;18;0,229;R
ES0000000000004889CCPF;17/03/2023;19;0,168;R
ES0000000000004889CCPF;17/03/2023;20;0,195;R
ES0000000000004889CCPF;17/03/2023;21;0,223;R
ES0000000000004889CCPF;17/03/2023;22;0,23;R
ES0000000000004889CCPF;17/03/2023;23;0,299;R
ES0000000000004889CCPF;18/03/2023;0;0,259;R
ES0000000000004889CCPF;18/03/2023;1;0,203;R
ES0000000000004889CCPF;18/03/2023;2;0,167;R
ES0000000000004889CCPF;18/03/2023;3;0,146;R
ES0000000000004889CCPF;18/03/2023;4;0,134;R
ES0000000000004889CCPF;18/03/2023;5;0,129;R
ES0000000000004889CCPF;18/03/2023;6;0,131;R
ES0000000000004889CCPF;18/03/2023;7;0,137;R
ES0000000000004889CCPF;18/03/2023;8;0,145;R
ES0000000000004889CCPF;18/03/2023;9;0,179;R
ES0000000000004889CCPF;18/03/2023;10;0,224;R
ES0000000000004889CCPF;18/03/2023;11;0,25;R
ES0000000000004889CCPF;18/03/2023;12;0,252;R
ES0000000000004889CCPF;18/03/2023;13;0,249;R
ES0000000000004889CCPF;18/03/2023;14;0,26;R
ES0000000000004889CCPF;18/03/2023;15;0,256;R
ES0000000000004889CCPF;18/03/2023;16;0,229;R
ES0000000000004889CCPF;18/03/2023;17;0,211;R
ES0000000000004889CCPF;18/03/2023;18;0,205;R
ES0000000000004889CCPF;18/03/2023;19;0,21;R
ES0000000000004889CCPF;18/03/2023;20;0,243;R
ES0000000000004889CCPF;18/03/2023;21;0,281;R
ES0000000000004889CCPF;18/03/2023;22;0,292;R
ES0000000000004889CCPF;18/03/2023;23;0,276;R
ES0000000000004889CCPF;19/03/2023;0;0,242;R
ES0000000000004889CCPF;19/03/2023;1;0,202;R
ES0000000000004889CCPF;19/03/2023;2;0,17;R
ES0000000000004889CCPF;19/03/2023;3;0,149;R
ES0000000000004889CCPF;19/03/2023;4;0,134;R
ES0000000000004889CCPF;19/03/2023;5;0,128;R
ES0000000000004889CCPF;19/03/2023;6;0,128;R
ES0000000000004889CCPF;19/03/2023;7;0,131;R
ES0000000000004889CCPF;19/03/2023;8;0,133;R
ES0000000000004889CCPF;19/03/2023;9;0,157;R
ES0000000000004889CCPF;19/03/2023;10;0,2;R
ES0000000000004889CCPF;19/03/2023;11;0,234;R
ES0000000000004889CCPF;19/03/2023;12;0,245;R
ES0000000000004889CCPF;19/03/2023;13;0,245;R
ES0000000000004889CCPF;19/03/2023;14;0,255;R
ES0000000000004889CCPF;19/03/2023;15;0,248;R
ES0000000000004889CCPF;19/03/2023;16;0,22;R
ES0000000000004889CCPF;19/03/2023;17;0,203;R
ES0000000000004889CCPF;19/03/2023;18;0,198;R
ES0000000000004889CCPF;19/03/2023;19;0,208;R
ES0000000000004889CCPF;19/03/2023;20;0,247;R
ES0000000000004889CCPF;19/03/2023;21;0,296;R
ES0000000000004889CCPF;19/03/2023;22;0,302;R
ES0000000000004889CCPF;19/03/2023;23;0,271;R
ES0000000000004889CCPF;20/03/2023;0;0,228;R
ES0000000000004889CCPF;20/03/2023;1;0,183;R
ES0000000000004889CCPF;20/03/2023;2;0,15;R
ES0000000000004889CCPF;20/03/2023;3;0,132;R
ES0000000000004889CCPF;20/03/2023;4;0,123;R
ES0000000000004889CCPF;20/03/2023;5;0,121;R
ES0000000000004889CCPF;20/03/2023;6;0,125;R
ES0000000000004889CCPF;20/03/2023;7;0,143;R
ES0000000000004889CCPF;20/03/2023;8;0,174;R
ES0000000000004889CCPF;20/03/2023;9;0,209;R
ES0000000000004889CCPF;20/03/2023;10;0,224;R
ES0000000000004889CCPF;20/03/2023;11;0,17;R
ES0000000000004889CCPF;20/03/2023;12;0,171;R
ES0000000000004889CCPF;20/03/2023;13;0,172;R
ES0000000000004889CCPF;20/03/2023;14;0,182;R
ES0000000000004889CCPF;20/03/2023;15;0,253;R
ES0000000000004889CCPF;20/03/2023;16;0,235;R
ES0000000000004889CCPF;20/03/2023;17;0,223;R
ES0000000000004889CCPF;20/03/2023;18;0,222;R
ES0000000000004889CCPF;20/03/2023;19;0,167;R
ES0000000000004889CCPF;20/03/2023;20;0,198;R
ES0000000000004889CCPF;20/03/2023;21;0,234;R
ES0000000000004889CCPF;20/03/2023;22;0,239;R
ES0000000000004889CCPF;20/03/2023;23;0,298;R
ES0000000000004889CCPF;21/03/2023;0;0,244;R
ES0000000000004889CCPF;21/03/2023;1;0,182;R
ES0000000000004889CCPF;21/03/2023;2;0,15;R
ES0000000000004889CCPF;21/03/2023;3;0,132;R
ES0000000000004889CCPF;21/03/2023;4;0,124;R
ES0000000000004889CCPF;21/03/2023;5;0,122;R
ES0000000000004889CCPF;21/03/2023;6;0,126;R
ES0000000000004889CCPF;21/03/2023;7;0,146;R
ES0000000000004889CCPF;21/03/2023;8;0,179;R
ES0000000000004889CCPF;21/03/2023;9;0,214;R
ES0000000000004889CCPF;21/03/2023;10;0,226;R
ES0000000000004889CCPF;21/03/2023;11;0,169;R
ES0000000000004889CCPF;21/03/2023;12;0,17;R
ES0000000000004889CCPF;21/03/2023;13;0,172;R
ES0000000000004889CCPF;21/03/2023;14;0,181;R
ES0000000000004889CCPF;21/03/2023;15;0,253;R
ES0000000000004889CCPF;21/03/2023;16;0,236;R
ES0000000000004889CCPF;21/03/2023;17;0,224;R
ES0000000000004889CCPF;21/03/2023;18;0,223;R
ES0000000000004889CCPF;21/03/2023;19;0,168;R
ES0000000000004889CCPF;21/03/2023;20;0,199;R
ES0000000000004889CCPF;21/03/2023;21;0,235;R
ES0000000000004889CCPF;21/03/2023;22;0,24;R
ES0000000000004889CCPF;21/03/2023;23;0,3;R
ES0000000000004889CCPF;22/03/2023;0;0,247;R
ES0000000000004889CCPF;22/03/2023;1;0,185;R
ES0000000000004889CCPF;22/03/2023;2;0,152;R
ES0000000000004889CCPF;22/03/2023;3;0,134;R
ES0000000000004889CCPF;22/03/2023;4;0,126;R
ES0000000000004889CCPF;22/03/2023;5;0,123;R
ES0000000000004889CCPF;22/03/2023;6;0,129;R
ES0000000000004889CCPF;22/03/2023;7;0,148;R
ES0000000000004889CCPF;22/03/2023;8;0,183;R
ES0000000000004889CCPF;22/03/2023;9;0,219;R
ES0000000000004889CCPF;22/03/2023;10;0,23;R
ES0000000000004889CCPF;22/03/2023;11;0,172;R
ES0000000000004889CCPF;22/03/2023;12;0,172;R
ES0000000000004889CCPF;22/03/2023;13;0,174;R
ES0000000000004889CCPF;22/03/2023;14;0,183;R
ES0000000000004889CCPF;22/03/2023;15;0,254;R
ES0000000000004889CCPF;22/03/2023;16;0,238;R
ES0000000000004889CCPF;22/03/2023;17;0,225;R
ES0000000000004889CCPF;22/03/2023;18;0,224;R
ES0000000000004889CCPF;22/03/2023;19;0,168;R
ES0000000000004889CCPF;22/03/2023;20;0,2;R
ES0000000000004889CCPF;22/03/2023;21;0,237;R
ES0000000000004889CCPF;22/03/2023;22;0,241;R
ES0000000000004889CCPF;22/03/2023;23;0,301;R
ES0000000000004889CCPF;23/03/2023;0;0,248;R
ES0000000000004889CCPF;23/03/2023;1;0,185;R
ES0000000000004889CCPF;23/03/2023;2;0,152;R
ES0000000000004889CCPF;23/03/2023;3;0,134;R
ES0000000000004889CCPF;23/03/2023;4;0,126;R
ES0000000000004889CCPF;23/03/2023;5;0,124;R
ES0000000000004889CCPF;23/03/2023;6;0,128;R
ES0000000000004889CCPF;23/03/2023;7;0,147;R
ES0000000000004889CCPF;23/03/2023;8;0,18;R
ES0000000000004889CCPF;23/03/2023;9;0,214;R
ES0000000000004889CCPF;23/03/2023;10;0,225;R
ES0000000000004889CCPF;23/03/2023;11;0,168;R
ES0000000000004889CCPF;23/03/2023;12;0,168;R
ES0000000000004889CCPF;23/03/2023;13;0,17;R
ES0000000000004889CCPF;23/03/2023;14;0,179;R
ES0000000000004889CCPF;23/03/2023;15;0,25;R
ES0000000000004889CCPF;23/03/2023;16;0,233;R
ES0000000000004889CCPF;23/03/2023;17;0,22;R
ES0000000000004889CCPF;23/03/2023;18;0,22;R
ES0000000000004889CCPF;23/03/2023;19;0,165;R
ES0000000000004889CCPF;23/03/2023;20;0,196;R
ES0000000000004889CCPF;23/03/2023;21;0,233;R
ES0000000000004889CCPF;23/03/2023;22;0,238;R
ES0000000000004889CCPF;23/03/2023;23;0,299;R
ES0000000000004889CCPF;24/03/2023;0;0,246;R
ES0000000000004889CCPF;24/03/2023;1;0,187;R
ES0000000000004889CCPF;24/03/2023;2;0,153;R
ES0000000000004889CCPF;24/03/2023;3;0,135;R
ES0000000000004889CCPF;24/03/2023;4;0,126;R
ES0000000000004889CCPF;24/03/2023;5;0,124;R
ES0000000000004889CCPF;24/03/2023;6;0,129;R
ES0000000000004889CCPF;24/03/2023;7;0,147;R
ES0000000000004889CCPF;24/03/2023;8;0,179;R
ES0000000000004889CCPF;24/03/2023;9;0,215;R
ES0000000000004889CCPF;24/03/2023;10;0,229;R
ES0000000000004889CCPF;24/03/2023;11;0,172;R
ES0000000000004889CCPF;24/03/2023;12;0,172;R
ES0000000000004889CCPF;24/03/2023;13;0,173;R
ES0000000000004889CCPF;24/03/2023;14;0,182;R
ES0000000000004889CCPF;24/03/2023;15;0,255;R
ES0000000000004889CCPF;24/03/2023;16;0,24;R
ES0000000000004889CCPF;24/03/2023;17;0,228;R
ES0000000000004889CCPF;24/03/2023;18;0,226;R
ES0000000000004889CCPF;24/03/2023;19;0,167;R
ES0000000000004889CCPF;24/03/2023;20;0,192;R
ES0000000000004889CCPF;24/03/2023;21;0,221;R
ES0000000000004889CCPF;24/03/2023;22;0,228;R
ES0000000000004889CCPF;24/03/2023;23;0,297;R
ES0000000000004889CCPF;25/03/2023;0;0,256;R
ES0000000000004889CCPF;25/03/2023;1;0,199;R
ES0000000000004889CCPF;25/03/2023;2;0,164;R
ES0000000000004889CCPF;25/03/2023;3;0,143;R
ES0000000000004889CCPF;25/03/2023;4;0,131;R
ES0000000000004889CCPF;25/03/2023;5;0,127;R
ES0000000000004889CCPF;25/03/2023;6;0,128;R
ES0000000000004889CCPF;25/03/2023;7;0,134;R
ES0000000000004889CCPF;25/03/2023;8;0,142;R
ES0000000000004889CCPF;25/03/2023;9;0,175;R
ES0000000000004889CCPF;25/03/2023;10;0,22;R
ES0000000000004889CCPF;25/03/2023;11;0,247;R
ES0000000000004889CCPF;25/03/2023;12;0,25;R
ES0000000000004889CCPF;25/03/2023;13;0,248;R
ES0000000000004889CCPF;25/03/2023;14;0,26;R
ES0000000000004889CCPF;25/03/2023;15;0,256;R
ES0000000000004889CCPF;25/03/2023;16;0,229;R
ES0000000000004889CCPF;25/03/2023;17;0,211;R
ES0000000000004889CCPF;25/03/2023;18;0,204;R
ES0000000000004889CCPF;25/03/2023;19;0,209;R
ES0000000000004889CCPF;25/03/2023;20;0,239;R
ES0000000000004889CCPF;25/03/2023;21;0,279;R
ES0000000000004889CCPF;25/03/2023;22;0,291;R
ES0000000000004889CCPF;25/03/2023;23;0,274;R
ES0000000000004889CCPF;26/03/2023;0;0,24;R
ES0000000000004889CCPF;26/03/2023;1;0,201;R
ES0000000000004889CCPF;26/03/2023;3;0,168;R
ES0000000000004889CCPF;26/03/2023;4;0,136;R
ES0000000000004889CCPF;26/03/2023;5;0,128;R
ES0000000000004889CCPF;26/03/2023;6;0,127;R
ES0000000000004889CCPF;26/03/2023;7;0,13;R
ES0000000000004889CCPF;26/03/2023;8;0,135;R
ES0000000000004889CCPF;26/03/2023;9;0,153;R
ES0000000000004889CCPF;26/03/2023;10;0,191;R
ES0000000000004889CCPF;26/03/2023;11;0,225;R
ES0000000000004889CCPF;26/03/2023;12;0,24;R
ES0000000000004889CCPF;26/03/2023;13;0,242;R
ES0000000000004889CCPF;26/03/2023;14;0,251;R
ES0000000000004889CCPF;26/03/2023;15;0,246;R
ES0000000000004889CCPF;26/03/2023;16;0,218;R
ES0000000000004889CCPF;26/03/2023;17;0,2;R
ES0000000000004889CCPF;26/03/2023;18;0,194;R
ES0000000000004889CCPF;26/03/2023;19;0,2;R
ES0000000000004889CCPF;26/03/2023;20;0,227;R
ES0000000000004889CCPF;26/03/2023;21;0,272;R
ES0000000000004889CCPF;26/03/2023;22;0,299;R
ES0000000000004889CCPF;26/03/2023;23;0,269;R
ES0000000000004889CCPF;27/03/2023;0;0,226;R
ES0000000000004889CCPF;27/03/2023;1;0,185;R
ES0000000000004889CCPF;27/03/2023;2;0,152;R
ES0000000000004889CCPF;27/03/2023;3;0,133;R
ES0000000000004889CCPF;27/03/2023;4;0,124;R
ES0000000000004889CCPF;27/03/2023;5;0,12;R
ES0000000000004889CCPF;27/03/2023;6;0,124;R
ES0000000000004889CCPF;27/03/2023;7;0,141;R
ES0000000000004889CCPF;27/03/2023;8;0,177;R
ES0000000000004889CCPF;27/03/2023;9;0,21;R
ES0000000000004889CCPF;27/03/2023;10;0,224;R
ES0000000000004889CCPF;27/03/2023;11;0,17;R
ES0000000000004889CCPF;27/03/2023;12;0,172;R
ES0000000000004889CCPF;27/03/2023;13;0,173;R
ES0000000000004889CCPF;27/03/2023;14;0,183;R
ES0000000000004889CCPF;27/03/2023;15;0,255;R
ES0000000000004889CCPF;27/03/2023;16;0,237;R
ES0000000000004889CCPF;27/03/2023;17;0,224;R
ES0000000000004889CCPF;27/03/2023;18;0,222;R
ES0000000000004889CCPF;27/03/2023;19;0,165;R
ES0000000000004889CCPF;27/03/2023;20;0,186;R
ES0000000000004889CCPF;27/03/2023;21;0,22;R
ES0000000000004889CCPF;27/03/2023;22;0,24;R
ES0000000000004889CCPF;27/03/2023;23;0,298;R
ES0000000000004889CCPF;28/03/2023;0;0,244;R
ES0000000000004889CCPF;28/03/2023;1;0,183;R
ES0000000000004889CCPF;28/03/2023;2;0,149;R
ES0000000000004889CCPF;28/03/2023;3;0,131;R
ES0000000000004889CCPF;28/03/2023;4;0,122;R
ES0000000000004889CCPF;28/03/2023;5;0,119;R
ES0000000000004889CCPF;28/03/2023;6;0,124;R
ES0000000000004889CCPF;28/03/2023;7;0,142;R
ES0000000000004889CCPF;28/03/2023;8;0,179;R
ES0000000000004889CCPF;28/03/2023;9;0,212;R
ES0000000000004889CCPF;28/03/2023;10;0,222;R
ES0000000000004889CCPF;28/03/2023;11;0,167;R
ES0000000000004889CCPF;28/03/2023;12;0,167;R
ES0000000000004889CCPF;28/03/2023;13;0,169;R
ES0000000000004889CCPF;28/03/2023;14;0,178;R
ES0000000000004889CCPF;28/03/2023;15;0,249;R
ES0000000000004889CCPF;28/03/2023;16;0,232;R
ES0000000000004889CCPF;28/03/2023;17;0,22;R
ES0000000000004889CCPF;28/03/2023;18;0,218;R
ES0000000000004889CCPF;28/03/2023;19;0,162;R
ES0000000000004889CCPF;28/03/2023;20;0,183;R
ES0000000000004889CCPF;28/03/2023;21;0,217;R
ES0000000000004889CCPF;28/03/2023;22;0,237;R
ES0000000000004889CCPF;28/03/2023;23;0,296;R
ES0000000000004889CCPF;29/03/2023;0;0,245;R
ES0000000000004889CCPF;29/03/2023;1;0,186;R
ES0000000000004889CCPF;29/03/2023;2;0,152;R
ES0000000000004889CCPF;29/03/2023;3;0,134;R
ES0000000000004889CCPF;29/03/2023;4;0,125;R
ES0000000000004889CCPF;29/03/2023;5;0,122;R
ES0000000000004889CCPF;29/03/2023;6;0,127;R
ES0000000000004889CCPF;29/03/2023;7;0,145;R
ES0000000000004889CCPF;29/03/2023;8;0,181;R
ES0000000000004889CCPF;29/03/2023;9;0,214;R
ES0000000000004889CCPF;29/03/2023;10;0,225;R
ES0000000000004889CCPF;29/03/2023;11;0,168;R
ES0000000000004889CCPF;29/03/2023;12;0,168;R
ES0000000000004889CCPF;29/03/2023;13;0,17;R
ES0000000000004889CCPF;29/03/2023;14;0,179;R
ES0000000000004889CCPF;29/03/2023;15;0,249;R
ES0000000000004889CCPF;29/03/2023;16;0,233;R
ES0000000000004889CCPF;29/03/2023;17;0,221;R
ES0000000000004889CCPF;29/03/2023;18;0,22;R
ES0000000000004889CCPF;29/03/2023;19;0,163;R
ES0000000000004889CCPF;29/03/2023;20;0,186;R
ES0000000000004889CCPF;29/03/2023;21;0,22;R
ES0000000000004889CCPF;29/03/2023;22;0,236;R
ES0000000000004889CCPF;29/03/2023;23;0,296;R
ES0000000000004889CCPF;30/03/2023;0;0,245;R
ES0000000000004889CCPF;30/03/2023;1;0,184;R
ES0000000000004889CCPF;30/03/2023;2;0,151;R
ES0000000000004889CCPF;30/03/2023;3;0,133;R
ES0000000000004889CCPF;30/03/2023;4;0,124;R
ES0000000000004889CCPF;30/03/2023;5;0,121;R
ES0000000000004889CCPF;30/03/2023;6;0,125;R
ES0000000000004889CCPF;30/03/2023;7;0,142;R
ES0000000000004889CCPF;30/03/2023;8;0,176;R
ES0000000000004889CCPF;30/03/2023;9;0,208;R
ES0000000000004889CCPF;30/03/2023;10;0,219;R
ES0000000000004889CCPF;30/03/2023;11;0,164;R
ES0000000000004889CCPF;30/03/2023;12;0,164;R
ES0000000000004889CCPF;30/03/2023;13;0,167;R
ES0000000000004889CCPF;30/03/2023;14;0,176;R
ES0000000000004889CCPF;30/03/2023;15;0,244;R
ES0000000000004889CCPF;30/03/2023;16;0,228;R
ES0000000000004889CCPF;30/03/2023;17;0,216;R
ES0000000000004889CCPF;30/03/2023;18;0,215;R
ES0000000000004889CCPF;30/03/2023;19;0,16;R
ES0000000000004889CCPF;30/03/2023;20;0,184;R
ES0000000000004889CCPF;30/03/2023;21;0,219;R
ES0000000000004889CCPF;30/03/2023;22;0,233;R
ES0000000000004889CCPF;30/03/2023;23;0,294;R
ES0000000000004889CCPF;31/03/2023;0;0,244;R
ES0000000000004889CCPF;31/03/2023;1;0,185;R
ES0000000000004889CCPF;31/03/2023;2;0,152;R
ES0000000000004889CCPF;31/03/2023;3;0,134;R
ES0000000000004889CCPF;31/03/2023;4;0,125;R
ES0000000000004889CCPF;31/03/2023;5;0,122;R
ES0000000000004889CCPF;31/03/2023;6;0,126;R
ES0000000000004889CCPF;31/03/2023;7;0,144;R
ES0000000000004889CCPF;31/03/2023;8;0,177;R
ES0000000000004889CCPF;31/03/2023;9;0,212;R
ES0000000000004889CCPF;31/03/2023;10;0,224;R
ES0000000000004889CCPF;31/03/2023;11;0,168;R
ES0000000000004889CCPF;31/03/2023;12;0,168;R
ES0000000000004889CCPF;31/03/2023;13;0,17;R
ES0000000000004889CCPF;31/03/2023;14;0,178;R
ES0000000000004889CCPF;31/03/2023;15;0,249;R
ES0000000000004889CCPF;31/03/2023;16;0,234;R
ES0000000000004889CCPF;31/03/2023;17;0,223;R
ES0000000000004889CCPF;31/03/2023;18;0,222;R
ES0000000000004889CCPF;31/03/2023;19;0,163;R
ES0000000000004889CCPF;31/03/2023;20;0,183;R
ES0000000000004889CCPF;31/03/2023;21;0,212;R
ES0000000000004889CCPF;31/03/2023;22;0,226;R
ES0000000000004889CCPF;31/03/2023;23;0,294;R
ES0000000000004889CCPF;01/04/2023;0;0,254;R
ES0000000000004889CCPF;01/04/2023;1;0,193;R
ES0000000000004889CCPF;01/04/2023;2;0,16;R
ES0000000000004889CCPF;01/04/2023;3;0,138;R
ES0000000000004889CCPF;01/04/2023;4;0,127;R
ES0000000000004889CCPF;01/04/2023;5;0,122;R
ES0000000000004889CCPF;01/04/2023;6;0,122;R
ES0000000000004889CCPF;01/04/2023;7;0,126;R
ES0000000000004889CCPF;01/04/2023;8;0,133;R
ES0000000000004889CCPF;01/04/2023;9;0,161;R
ES0000000000004889CCPF;01/04/2023;10;0,204;R
ES0000000000004889CCPF;01/04/2023;11;0,232;R
ES0000000000004889CCPF;01/04/2023;12;0,24;R
ES0000000000004889CCPF;01/04/2023;13;0,24;R
ES0000000000004889CCPF;01/04/2023;14;0,251;R
ES0000000000004889CCPF;01/04/2023;15;0,248;R
ES0000000000004889CCPF;01/04/2023;16;0,221;R
ES0000000000004889CCPF;01/04/2023;17;0,202;R
ES0000000000004889CCPF;01/04/2023;18;0,194;R
ES0000000000004889CCPF;01/04/2023;19;0,194;R
ES0000000000004889CCPF;01/04/2023;20;0,206;R
ES0000000000004889CCPF;01/04/2023;21;0,239;R
ES0000000000004889CCPF;01/04/2023;22;0,273;R
ES0000000000004889CCPF;01/04/2023;23;0,258;R
ES0000000000004889CCPF;02/04/2023;0;0,229;R
ES0000000000004889CCPF;02/04/2023;1;0,195;R
ES0000000000004889CCPF;02/04/2023;2;0,16;R
ES0000000000004889CCPF;02/04/2023;3;0,137;R
ES0000000000004889CCPF;02/04/2023;4;0,125;R
ES0000000000004889CCPF;02/04/2023;5;0,119;R
ES0000000000004889CCPF;02/04/2023;6;0,118;R
ES0000000000004889CCPF;02/04/2023;7;0,121;R
ES0000000000004889CCPF;02/04/2023;8;0,125;R
ES0000000000004889CCPF;02/04/2023;9;0,142;R
ES0000000000004889CCPF;02/04/2023;10;0,182;R
ES0000000000004889CCPF;02/04/2023;11;0,216;R
ES0000000000004889CCPF;02/04/2023;12;0,231;R
ES0000000000004889CCPF;02/04/2023;13;0,233;R
ES0000000000004889CCPF;02/04/2023;14;0,241;R
ES0000000000004889CCPF;02/04/2023;15;0,237;R
ES0000000000004889CCPF;02/04/2023;16;0,208;R
ES0000000000004889CCPF;02/04/2023;17;0,19;R
ES0000000000004889CCPF;02/04/2023;18;0,183;R
ES0000000000004889CCPF;02/04/2023;19;0,185;R
ES0000000000004889CCPF;02/04/2023;20;0,196;R
ES0000000000004889CCPF;02/04/2023;21;0,233;R
ES0000000000004889CCPF;02/04/2023;22;0,28;R
ES0000000000004889CCPF;02/04/2023;23;0,256;R
ES0000000000004889CCPF;03/04/2023;0;0,218;R
ES0000000000004889CCPF;03/04/2023;1;0,167;R
ES0000000000004889CCPF;03/04/2023;2;0,136;R
ES0000000000004889CCPF;03/04/2023;3;0,118;R
ES0000000000004889CCPF;03/04/2023;4;0,109;R
ES0000000000004889CCPF;03/04/2023;5;0,106;R
ES0000000000004889CCPF;03/04/2023;6;0,108;R
ES0000000000004889CCPF;03/04/2023;7;0,119;R
ES0000000000004889CCPF;03/04/2023;8;0,143;R
ES0000000000004889CCPF;03/04/2023;9;0,17;R
ES0000000000004889CCPF;03/04/2023;10;0,19;R
ES0000000000004889CCPF;03/04/2023;11;0,148;R
ES0000000000004889CCPF;03/04/2023;12;0,151;R
ES0000000000004889CCPF;03/04/2023;13;0,154;R
ES0000000000004889CCPF;03/04/2023;14;0,162;R
ES0000000000004889CCPF;03/04/2023;15;0,225;R
ES0000000000004889CCPF;03/04/2023;16;0,204;R
ES0000000000004889CCPF;03/04/2023;17;0,189;R
ES0000000000004889CCPF;03/04/2023;18;0,186;R
ES0000000000004889CCPF;03/04/2023;19;0,135;R
ES0000000000004889CCPF;03/04/2023;20;0,145;R
ES0000000000004889CCPF;03/04/2023;21;0,174;R
ES0000000000004889CCPF;03/04/2023;22;0,207;R
ES0000000000004889CCPF;03/04/2023;23;0,261;R
ES0000000000004889CCPF;04/04/2023;0;0,217;R
ES0000000000004889CCPF;04/04/2023;1;0,168;R
ES0000000000004889CCPF;04/04/2023;2;0,137;R
ES0000000000004889CCPF;04/04/2023;3;0,12;R
ES0000000000004889CCPF;04/04/2023;4;0,111;R
ES0000000000004889CCPF;04/04/2023;5;0,108;R
ES0000000000004889CCPF;04/04/2023;6;0,111;R
ES0000000000004889CCPF;04/04/2023;7;0,126;R
ES0000000000004889CCPF;04/04/2023;8;0,155;R
ES0000000000004889CCPF;04/04/2023;9;0,185;R
ES0000000000004889CCPF;04/04/2023;10;0,202;R
ES0000000000004889CCPF;04/04/2023;11;0,155;R
ES0000000000004889CCPF;04/04/2023;12;0,157;R
ES0000000000004889CCPF;04/04/2023;13;0,161;R
ES0000000000004889CCPF;04/04/2023;14;0,169;R
ES0000000000004889CCPF;04/04/2023;15;0,233;R
ES0000000000004889CCPF;04/04/2023;16;0,215;R
ES0000000000004889CCPF;04/04/2023;17;0,202;R
ES0000000000004889CCPF;04/04/2023;18;0,199;R
ES0000000000004889CCPF;04/04/2023;19;0,145;R
ES0000000000004889CCPF;04/04/2023;20;0,154;R
ES0000000000004889CCPF;04/04/2023;21;0,181;R
ES0000000000004889CCPF;04/04/2023;22;0,211;R
ES0000000000004889CCPF;04/04/2023;23;0,267;R
ES0000000000004889CCPF;05/04/2023;0;0,225;R
ES0000000000004889CCPF;05/04/2023;1;0,168;R
ES0000000000004889CCPF;05/04/2023;2;0,137;R
ES0000000000004889CCPF;05/04/2023;3;0,12;R
ES0000000000004889CCPF;05/04/2023;4;0,111;R
ES0000000000004889CCPF;05/04/2023;5;0,108;R
ES0000000000004889CCPF;05/04/2023;6;0,111;R
ES0000000000004889CCPF;05/04/2023;7;0,126;R
ES0000000000004889CCPF;05/04/2023;8;0,155;R
ES0000000000004889CCPF;05/04/2023;9;0,185;R
ES0000000000004889CCPF;05/04/2023;10;0,202;R
ES0000000000004889CCPF;05/04/2023;11;0,155;R
ES0000000000004889CCPF;05/04/2023;12;0,157;R
ES0000000000004889CCPF;05/04/2023;13;0,161;R
ES0000000000004889CCPF;05/04/2023;14;0,169;R
ES0000000000004889CCPF;05/04/2023;15;0,233;R
ES0000000000004889CCPF;05/04/2023;16;0,215;R
ES0000000000004889CCPF;05/04/2023;17;0,202;R
ES0000000000004889CCPF;05/04/2023;18;0,199;R
ES0000000000004889CCPF;05/04/2023;19;0,145;R
ES0000000000004889CCPF;05/04/2023;20;0,154;R
ES0000000000004889CCPF;05/04/2023;21;0,181;R
ES0000000000004889CCPF;05/04/2023;22;0,211;R
ES0000000000004889CCPF;05/04/2023;23;0,267;R
ES0000000000004889CCPF;06/04/2023;0;0,225;R
ES0000000000004889CCPF;06/04/2023;1;0,173;R
ES0000000000004889CCPF;06/04/2023;2;0,141;R
ES0000000000004889CCPF;06/04/2023;3;0,123;R
ES0000000000004889CCPF;06/04/2023;4;0,114;R
ES0000000000004889CCPF;06/04/2023;5;0,11;R
ES0000000000004889CCPF;06/04/2023;6;0,112;R
ES0000000000004889CCPF;06/04/2023;7;0,124;R
ES0000000000004889CCPF;06/04/2023;8;0,149;R
ES0000000000004889CCPF;06/04/2023;9;0,173;R
ES0000000000004889CCPF;06/04/2023;10;0,189;R
ES0000000000004889CCPF;06/04/2023;11;0,146;R
ES0000000000004889CCPF;06/04/2023;12;0,148;R
ES0000000000004889CCPF;06/04/2023;13;0,151;R
ES0000000000004889CCPF;06/04/2023;14;0,159;R
ES0000000000004889CCPF;06/04/2023;15;0,222;R
ES0000000000004889CCPF;06/04/2023;16;0,203;R
ES0000000000004889CCPF;06/04/2023;17;0,19;R
ES0000000000004889CCPF;06/04/2023;18;0,186;R
ES0000000000004889CCPF;06/04/2023;19;0,135;R
ES0000000000004889CCPF;06/04/2023;20;0,145;R
ES0000000000004889CCPF;06/04/2023;21;0,171;R
ES0000000000004889CCPF;06/04/2023;22;0,202;R
ES0000000000004889CCPF;06/04/2023;23;0,26;R
ES0000000000004889CCPF;07/04/2023;0;0,221;R
ES0000000000004889CCPF;07/04/2023;1;0,188;R
ES0000000000004889CCPF;07/04/2023;2;0,157;R
ES0000000000004889CCPF;07/04/2023;3;0,136;R
ES0000000000004889CCPF;07/04/2023;4;0,124;R
ES0000000000004889CCPF;07/04/2023;5;0,118;R
ES0000000000004889CCPF;07/04/2023;6;0,118;R
ES0000000000004889CCPF;07/04/2023;7;0,123;R
ES0000000000004889CCPF;07/04/2023;8;0,129;R
ES0000000000004889CCPF;07/04/2023;9;0,157;R
ES0000000000004889CCPF;07/04/2023;10;0,199;R
ES0000000000004889CCPF;07/04/2023;11;0,168;R
ES0000000000004889CCPF;07/04/2023;12;0,177;R
ES0000000000004889CCPF;07/04/2023;13;0,178;R
ES0000000000004889CCPF;07/04/2023;14;0,182;R
ES0000000000004889CCPF;07/04/2023;15;0,248;R
ES0000000000004889CCPF;07/04/2023;16;0,219;R
ES0000000000004889CCPF;07/04/2023;17;0,2;R
ES0000000000004889CCPF;07/04/2023;18;0,192;R
ES0000000000004889CCPF;07/04/2023;19;0,138;R
ES0000000000004889CCPF;07/04/2023;20;0,146;R
ES0000000000004889CCPF;07/04/2023;21;0,172;R
ES0000000000004889CCPF;07/04/2023;22;0,205;R
ES0000000000004889CCPF;07/04/2023;23;0,263;R
ES0000000000004889CCPF;08/04/2023;0;0,225;R
ES0000000000004889CCPF;08/04/2023;1;0,175;R
ES0000000000004889CCPF;08/04/2023;2;0,145;R
ES0000000000004889CCPF;08/04/2023;3;0,126;R
ES0000000000004889CCPF;08/04/2023;4;0,116;R
ES0000000000004889CCPF;08/04/2023;5;0,111;R
ES0000000000004889CCPF;08/04/2023;6;0,112;R
ES0000000000004889CCPF;08/04/2023;7;0,117;R
ES0000000000004889CCPF;08/04/2023;8;0,125;R
ES0000000000004889CCPF;08/04/2023;9;0,148;R
ES0000000000004889CCPF;08/04/2023;10;0,188;R
ES0000000000004889CCPF;08/04/2023;11;0,216;R
ES0000000000004889CCPF;08/04/2023;12;0,223;R
ES0000000000004889CCPF;08/04/2023;13;0,224;R
ES0000000000004889CCPF;08/04/2023;14;0,234;R
ES0000000000004889CCPF;08/04/2023;15;0,233;R
ES0000000000004889CCPF;08/04/2023;16;0,208;R
ES0000000000004889CCPF;08/04/2023;17;0,19;R
ES0000000000004889CCPF;08/04/2023;18;0,182;R
ES0000000000004889CCPF;08/04/2023;19;0,181;R
ES0000000000004889CCPF;08/04/2023;20;0,186;R
ES0000000000004889CCPF;08/04/2023;21;0,214;R
ES0000000000004889CCPF;08/04/2023;22;0,259;R
ES0000000000004889CCPF;08/04/2023;23;0,246;R
ES0000000000004889CCPF;09/04/2023;0;0,219;R
ES0000000000004889CCPF;09/04/2023;1;0,188;R
ES0000000000004889CCPF;09/04/2023;2;0,147;R
ES0000000000004889CCPF;09/04/2023;3;0,127;R
ES0000000000004889CCPF;09/04/2023;4;0,115;R
ES0000000000004889CCPF;09/04/2023;5;0,11;R
ES0000000000004889CCPF;09/04/2023;6;0,109;R
ES0000000000004889CCPF;09/04/2023;7;0,112;R
ES0000000000004889CCPF;09/04/2023;8;0,115;R
ES0000000000004889CCPF;09/04/2023;9;0,13;R
ES0000000000004889CCPF;09/04/2023;10;0,165;R
ES0000000000004889CCPF;09/04/2023;11;0,197;R
ES0000000000004889CCPF;09/04/2023;12;0,21;R
ES0000000000004889CCPF;09/04/2023;13;0,213;R
ES0000000000004889CCPF;09/04/2023;14;0,221;R
ES0000000000004889CCPF;09/04/2023;15;0,218;R
ES0000000000004889CCPF;09/04/2023;16;0,19;R
ES0000000000004889CCPF;09/04/2023;17;0,173;R
ES0000000000004889CCPF;09/04/2023;18;0,166;R
ES0000000000004889CCPF;09/04/2023;19;0,167;R
ES0000000000004889CCPF;09/04/2023;20;0,177;R
ES0000000000004889CCPF;09/04/2023;21;0,207;R
ES0000000000004889CCPF;09/04/2023;22;0,249;R
ES0000000000004889CCPF;09/04/2023;23;0,23;R
ES0000000000004889CCPF;10/04/2023;0;0,198;R
ES0000000000004889CCPF;10/04/2023;1;0,17;R
ES0000000000004889CCPF;10/04/2023;2;0,14;R
ES0000000000004889CCPF;10/04/2023;3;0,123;R
ES0000000000004889CCPF;10/04/2023;4;0,115;R
ES0000000000004889CCPF;10/04/2023;5;0,111;R
ES0000000000004889CCPF;10/04/2023;6;0,114;R
ES0000000000004889CCPF;10/04/2023;7;0,13;R
ES0000000000004889CCPF;10/04/2023;8;0,158;R
ES0000000000004889CCPF;10/04/2023;9;0,189;R
ES0000000000004889CCPF;10/04/2023;10;0,207;R
ES0000000000004889CCPF;10/04/2023;11;0,159;R
ES0000000000004889CCPF;10/04/2023;12;0,162;R
ES0000000000004889CCPF;10/04/2023;13;0,165;R
ES0000000000004889CCPF;10/04/2023;14;0,173;R
ES0000000000004889CCPF;10/04/2023;15;0,241;R
ES0000000000004889CCPF;10/04/2023;16;0,22;R
ES0000000000004889CCPF;10/04/2023;17;0,206;R
ES0000000000004889CCPF;10/04/2023;18;0,202;R
ES0000000000004889CCPF;10/04/2023;19;0,147;R
ES0000000000004889CCPF;10/04/2023;20;0,157;R
ES0000000000004889CCPF;10/04/2023;21;0,184;R
ES0000000000004889CCPF;10/04/2023;22;0,217;R
ES0000000000004889CCPF;10/04/2023;23;0,271;R
ES0000000000004889CCPF;11/04/2023;0;0,224;R
ES0000000000004889CCPF;11/04/2023;1;0,17;R
ES0000000000004889CCPF;11/04/2023;2;0,139;R
ES0000000000004889CCPF;11/04/2023;3;0,122;R
ES0000000000004889CCPF;11/04/2023;4;0,114;R
ES0000000000004889CCPF;11/04/2023;5;0,111;R
ES0000000000004889CCPF;11/04/2023;6;0,115;R
ES0000000000004889CCPF;11/04/2023;7;0,132;R
ES0000000000004889CCPF;11/04/2023;8;0,164;R
ES0000000000004889CCPF;11/04/2023;9;0,198;R
ES0000000000004889CCPF;11/04/2023;10;0,213;R
ES0000000000004889CCPF;11/04/2023;11;0,161;R
ES0000000000004889CCPF;11/04/2023;12;0,164;R
ES0000000000004889CCPF;11/04/2023;13;0,168;R
ES0000000000004889CCPF;11/04/2023;14;0,176;R
ES0000000000004889CCPF;11/04/2023;15;0,243;R
ES0000000000004889CCPF;11/04/2023;16;0,225;R
ES0000000000004889CCPF;11/04/2023;17;0,212;R
ES0000000000004889CCPF;11/04/2023;18;0,21;R
ES0000000000004889CCPF;11/04/2023;19;0,153;R
ES0000000000004889CCPF;11/04/2023;20;0,163;R
ES0000000000004889CCPF;11/04/2023;21;0,19;R
ES0000000000004889CCPF;11/04/2023;22;0,221;R
ES0000000000004889CCPF;11/04/2023;23;0,277;R
ES0000000000004889CCPF;12/04/2023;0;0,232;R
ES0000000000004889CCPF;12/04/2023;1;0,156;R
ES0000000000004889CCPF;12/04/2023;2;0,075;R
ES0000000000004889CCPF;12/04/2023;3;0,128;R
ES0000000000004889CCPF;12/04/2023;4;0,073;R
ES0000000000004889CCPF;12/04/2023;5;0,092;R
ES0000000000004889CCPF;12/04/2023;6;0,113;R
ES0000000000004889CCPF;12/04/2023;7;0,064;R
ES0000000000004889CCPF;12/04/2023;8;0,094;R
ES0000000000004889CCPF;12/04/2023;9;0,248;R
ES0000000000004889CCPF;12/04/2023;10;0,252;R
ES0000000000004889CCPF;12/04/2023;11;0,441;R
ES0000000000004889CCPF;12/04/2023;12;0,131;R
ES0000000000004889CCPF;12/04/2023;13;0,205;R
ES0000000000004889CCPF;12/04/2023;14;0,373;R
ES0000000000004889CCPF;12/04/2023;15;0,28;R
ES0000000000004889CCPF;12/04/2023;16;0,253;R
ES0000000000004889CCPF;12/04/2023;17;0,23;R
ES0000000000004889CCPF;12/04/2023;18;0,35;R
ES0000000000004889CCPF;12/04/2023;19;0,083;R
ES0000000000004889CCPF;12/04/2023;20;0,187;R
ES0000000000004889CCPF;12/04/2023;21;0,2;R
ES0000000000004889CCPF;12/04/2023;22;0,439;R
ES0000000000004889CCPF;12/04/2023;23;0,246;R
ES0000000000004889CCPF;13/04/2023;0;0,147;R
ES0000000000004889CCPF;13/04/2023;1;0,087;R
ES0000000000004889CCPF;13/04/2023;2;0,132;R
ES0000000000004889CCPF;13/04/2023;3;0,094;R
ES0000000000004889CCPF;13/04/2023;4;0,088;R
ES0000000000004889CCPF;13/04/2023;5;0,117;R
ES0000000000004889CCPF;13/04/2023;6;0,09;R
ES0000000000004889CCPF;13/04/2023;7;0,116;R
ES0000000000004889CCPF;13/04/2023;8;0,466;R
ES0000000000004889CCPF;13/04/2023;9;0,16;R
ES0000000000004889CCPF;13/04/2023;10;0,084;R
ES0000000000004889CCPF;13/04/2023;11;0,174;R
ES0000000000004889CCPF;13/04/2023;12;0,173;R
ES0000000000004889CCPF;13/04/2023;13;0,094;R
ES0000000000004889CCPF;13/04/2023;14;0,108;R
ES0000000000004889CCPF;13/04/2023;15;0,173;R
ES0000000000004889CCPF;13/04/2023;16;0,277;R
ES0000000000004889CCPF;13/04/2023;17;0,254;R
ES0000000000004889CCPF;13/04/2023;18;0,508;R
ES0000000000004889CCPF;13/04/2023;19;0,225;R
ES0000000000004889CCPF;13/04/2023;20;0,151;R
ES0000000000004889CCPF;13/04/2023;21;0,235;R
ES0000000000004889CCPF;13/04/2023;22;0,39;R
ES0000000000004889CCPF;13/04/2023;23;0,199;R
ES0000000000004889CCPF;14/04/2023;0;0,158;R
ES0000000000004889CCPF;14/04/2023;1;0,105;R
ES0000000000004889CCPF;14/04/2023;2;0,084;R
ES0000000000004889CCPF;14/04/2023;3;0,084;R
ES0000000000004889CCPF;14/04/2023;4;0,108;R
ES0000000000004889CCPF;14/04/2023;5;0,102;R
ES0000000000004889CCPF;14/04/2023;6;0,061;R
ES0000000000004889CCPF;14/04/2023;7;0,4;R
ES0000000000004889CCPF;14/04/2023;8;0,201;R
ES0000000000004889CCPF;14/04/2023;9;0,087;R
ES0000000000004889CCPF;14/04/2023;10;0,082;R
ES0000000000004889CCPF;14/04/2023;11;0,176;R
ES0000000000004889CCPF;14/04/2023;12;0,415;R
ES0000000000004889CCPF;14/04/2023;13;0,079;R
ES0000000000004889CCPF;14/04/2023;14;0,094;R
ES0000000000004889CCPF;14/04/2023;15;0,168;R
ES0000000000004889CCPF;14/04/2023;16;0,309;R
ES0000000000004889CCPF;14/04/2023;17;0,209;R
ES0000000000004889CCPF;14/04/2023;18;0,56;R
ES0000000000004889CCPF;14/04/2023;19;0,179;R
ES0000000000004889CCPF;14/04/2023;20;0,165;R
ES0000000000004889CCPF;14/04/2023;21;0,218;R
ES0000000000004889CCPF;14/04/2023;22;0,253;R
ES0000000000004889CCPF;14/04/2023;23;0,5;R
ES0000000000004889CCPF;15/04/2023;0;0,079;R
ES0000000000004889CCPF;15/04/2023;1;0,116;R
ES0000000000004889CCPF;15/04/2023;2;0,097;R
ES0000000000004889CCPF;15/04/2023;3;0,065;R
ES0000000000004889CCPF;15/04/2023;4;0,107;R
ES0000000000004889CCPF;15/04/2023;5;0,115;R
ES0000000000004889CCPF;15/04/2023;6;0,063;R
ES0000000000004889CCPF;15/04/2023;7;0,171;R
ES0000000000004889CCPF;15/04/2023;8;0,223;R
ES0000000000004889CCPF;15/04/2023;9;0,087;R
ES0000000000004889CCPF;15/04/2023;10;0,082;R
ES0000000000004889CCPF;15/04/2023;11;0,914;R
ES0000000000004889CCPF;15/04/2023;12;1,203;R
ES0000000000004889CCPF;15/04/2023;13;0,219;R
ES0000000000004889CCPF;15/04/2023;14;0,11;R
ES0000000000004889CCPF;15/04/2023;15;0,126;R
ES0000000000004889CCPF;15/04/2023;16;0,094;R
ES0000000000004889CCPF;15/04/2023;17;0,077;R
ES0000000000004889CCPF;15/04/2023;18;0,102;R
ES0000000000004889CCPF;15/04/2023;19;0,102;R
ES0000000000004889CCPF;15/04/2023;20;0,086;R
ES0000000000004889CCPF;15/04/2023;21;0,065;R
ES0000000000004889CCPF;15/04/2023;22;0,126;R
ES0000000000004889CCPF;15/04/2023;23;0,333;R
ES0000000000004889CCPF;16/04/2023;0;0,315;R
ES0000000000004889CCPF;16/04/2023;1;0,095;R
ES0000000000004889CCPF;16/04/2023;2;0,1;R
ES0000000000004889CCPF;16/04/2023;3;0,1;R
ES0000000000004889CCPF;16/04/2023;4;0,061;R
ES0000000000004889CCPF;16/04/2023;5;0,108;R
ES0000000000004889CCPF;16/04/2023;6;0,1;R
ES0000000000004889CCPF;16/04/2023;7;0,139;R
ES0000000000004889CCPF;16/04/2023;8;0,15;R
ES0000000000004889CCPF;16/04/2023;9;0,15;R
ES0000000000004889CCPF;16/04/2023;10;0,221;R
ES0000000000004889CCPF;16/04/2023;11;0,103;R
ES0000000000004889CCPF;16/04/2023;12;0,096;R
ES0000000000004889CCPF;16/04/2023;13;0,477;R
ES0000000000004889CCPF;16/04/2023;14;0,374;R
ES0000000000004889CCPF;16/04/2023;15;0,13;R
ES0000000000004889CCPF;16/04/2023;16;0,654;R
ES0000000000004889CCPF;16/04/2023;17;0,265;R
ES0000000000004889CCPF;16/04/2023;18;0,197;R
ES0000000000004889CCPF;16/04/2023;19;0,168;R
ES0000000000004889CCPF;16/04/2023;20;0,168;R
ES0000000000004889CCPF;16/04/2023;21;0,186;R
ES0000000000004889CCPF;16/04/2023;22;0,412;R
ES0000000000004889CCPF;16/04/2023;23;0,541;R
ES0000000000004889CCPF;17/04/2023;0;0,123;R
ES0000000000004889CCPF;17/04/2023;1;0,092;R
ES0000000000004889CCPF;17/04/2023;2;0,125;R
ES0000000000004889CCPF;17/04/2023;3;0,089;R
ES0000000000004889CCPF;17/04/2023;4;0,077;R
ES0000000000004889CCPF;17/04/2023;5;0,116;R
ES0000000000004889CCPF;17/04/2023;6;0,102;R
ES0000000000004889CCPF;17/04/2023;7;0,088;R
ES0000000000004889CCPF;17/04/2023;8;0,128;R
ES0000000000004889CCPF;17/04/2023;9;0,165;R
ES0000000000004889CCPF;17/04/2023;10;0,115;R
ES0000000000004889CCPF;17/04/2023;11;0,113;R
ES0000000000004889CCPF;17/04/2023;12;0,162;R
ES0000000000004889CCPF;17/04/2023;13;0,115;R
ES0000000000004889CCPF;17/04/2023;14;0,36;R
ES0000000000004889CCPF;17/04/2023;15;0,41;R
ES0000000000004889CCPF;17/04/2023;16;0,458;R
ES0000000000004889CCPF;17/04/2023;17;0,226;R
ES0000000000004889CCPF;17/04/2023;18;0,191;R
ES0000000000004889CCPF;17/04/2023;19;0,173;R
ES0000000000004889CCPF;17/04/2023;20;0,114;R
ES0000000000004889CCPF;17/04/2023;21;0,507;R
ES0000000000004889CCPF;17/04/2023;22;0,257;R
ES0000000000004889CCPF;17/04/2023;23;0,418;R
ES0000000000004889CCPF;18/04/2023;0;0,218;R
ES0000000000004889CCPF;18/04/2023;1;0,168;R
ES0000000000004889CCPF;18/04/2023;2;0,097;R
ES0000000000004889CCPF;18/04/2023;3;0,082;R
ES0000000000004889CCPF;18/04/2023;4;0,115;R
ES0000000000004889CCPF;18/04/2023;5;0,101;R
ES0000000000004889CCPF;18/04/2023;6;0,078;R
ES0000000000004889CCPF;18/04/2023;7;0,154;R
ES0000000000004889CCPF;18/04/2023;8;0,125;R
ES0000000000004889CCPF;18/04/2023;9;0,188;R
ES0000000000004889CCPF;18/04/2023;10;0,155;R
ES0000000000004889CCPF;18/04/2023;11;0,409;R
ES0000000000004889CCPF;18/04/2023;12;0,091;R
ES0000000000004889CCPF;18/04/2023;13;0,119;R
ES0000000000004889CCPF;18/04/2023;14;0,146;R
ES0000000000004889CCPF;18/04/2023;15;0,461;R
ES0000000000004889CCPF;18/04/2023;16;0,486;R
ES0000000000004889CCPF;18/04/2023;17;0,297;R
ES0000000000004889CCPF;18/04/2023;18;0,465;R
ES0000000000004889CCPF;18/04/2023;19;0,149;R
ES0000000000004889CCPF;18/04/2023;20;0,831;R
ES0000000000004889CCPF;18/04/2023;21;0,296;R
ES0000000000004889CCPF;18/04/2023;22;0,307;R
ES0000000000004889CCPF;18/04/2023;23;0,258;R
ES0000000000004889CCPF;19/04/2023;0;0,508;R
ES0000000000004889CCPF;19/04/2023;1;0,709;R
ES0000000000004889CCPF;19/04/2023;2;0,112;R
ES0000000000004889CCPF;19/04/2023;3;0,078;R
ES0000000000004889CCPF;19/04/2023;4;0,117;R
ES0000000000004889CCPF;19/04/2023;5;0,119;R
ES0000000000004889CCPF;19/04/2023;6;0,063;R
ES0000000000004889CCPF;19/04/2023;7;0,13;R
ES0000000000004889CCPF;19/04/2023;8;0,393;R
ES0000000000004889CCPF;19/04/2023;9;0,261;R
ES0000000000004889CCPF;19/04/2023;10;0,256;R
ES0000000000004889CCPF;19/04/2023;11;0,163;R
ES0000000000004889CCPF;19/04/2023;12;0,421;R
ES0000000000004889CCPF;19/04/2023;13;0,126;R
ES0000000000004889CCPF;19/04/2023;14;0,631;R
ES0000000000004889CCPF;19/04/2023;15;0,324;R
ES0000000000004889CCPF;19/04/2023;16;0,283;R
ES0000000000004889CCPF;19/04/2023;17;0,533;R
ES0000000000004889CCPF;19/04/2023;18;0,158;R
ES0000000000004889CCPF;19/04/2023;19;0,16;R
ES0000000000004889CCPF;19/04/2023;20;0,181;R
ES0000000000004889CCPF;19/04/2023;21;0,205;R
ES0000000000004889CCPF;19/04/2023;22;0,47;R
ES0000000000004889CCPF;19/04/2023;23;0,258;R
ES0000000000004889CCPF;20/04/2023;0;0,164;R
ES0000000000004889CCPF;20/04/2023;1;0,101;R
ES0000000000004889CCPF;20/04/2023;2;0,123;R
ES0000000000004889CCPF;20/04/2023;3;0,083;R
ES0000000000004889CCPF;20/04/2023;4;0,092;R
ES0000000000004889CCPF;20/04/2023;5;0,128;R
ES0000000000004889CCPF;20/04/2023;6;0,082;R
ES0000000000004889CCPF;20/04/2023;7;0,386;R
ES0000000000004889CCPF;20/04/2023;8;0,189;R
ES0000000000004889CCPF;20/04/2023;9;0,089;R
ES0000000000004889CCPF;20/04/2023;10;0,08;R
ES0000000000004889CCPF;20/04/2023;11;0,435;R
ES0000000000004889CCPF;20/04/2023;12;0,1;R
ES0000000000004889CCPF;20/04/2023;13;0,081;R
ES0000000000004889CCPF;20/04/2023;14;0,104;R
ES0000000000004889CCPF;20/04/2023;15;0,108;R
ES0000000000004889CCPF;20/04/2023;16;0,125;R
ES0000000000004889CCPF;20/04/2023;17;0,214;R
ES0000000000004889CCPF;20/04/2023;18;0,24;R
ES0000000000004889CCPF;20/04/2023;19;0,187;R
ES0000000000004889CCPF;20/04/2023;20;0,433;R
ES0000000000004889CCPF;20/04/2023;21;0,127;R
ES0000000000004889CCPF;20/04/2023;22;0,086;R
ES0000000000004889CCPF;20/04/2023;23;0,079;R
ES0000000000004889CCPF;21/04/2023;0;0,143;R
ES0000000000004889CCPF;21/04/2023;1;0,106;R
ES0000000000004889CCPF;21/04/2023;2;0,094;R
ES0000000000004889CCPF;21/04/2023;3;0,122;R
ES0000000000004889CCPF;21/04/2023;4;0,351;R
ES0000000000004889CCPF;21/04/2023;5;0,095;R
ES0000000000004889CCPF;21/04/2023;6;0,132;R
ES0000000000004889CCPF;21/04/2023;7;0,078;R
ES0000000000004889CCPF;21/04/2023;8;0,089;R
ES0000000000004889CCPF;21/04/2023;9;0,297;R
ES0000000000004889CCPF;21/04/2023;10;0,141;R
ES0000000000004889CCPF;21/04/2023;11;0,135;R
ES0000000000004889CCPF;21/04/2023;12;0,156;R
ES0000000000004889CCPF;21/04/2023;13;0,122;R
ES0000000000004889CCPF;21/04/2023;14;0,13;R
ES0000000000004889CCPF;21/04/2023;15;0,139;R
ES0000000000004889CCPF;21/04/2023;16;0,394;R
ES0000000000004889CCPF;21/04/2023;17;0,124;R
ES0000000000004889CCPF;21/04/2023;18;0,175;R
ES0000000000004889CCPF;21/04/2023;19;0,141;R
ES0000000000004889CCPF;21/04/2023;20;0,075;R
ES0000000000004889CCPF;21/04/2023;21;0,217;R
ES0000000000004889CCPF;21/04/2023;22;0,234;R
ES0000000000004889CCPF;21/04/2023;23;0,222;R
ES0000000000004889CCPF;22/04/2023;0;0,217;R
ES0000000000004889CCPF;22/04/2023;1;0,164;R
ES0000000000004889CCPF;22/04/2023;2;0,076;R
ES0000000000004889CCPF;22/04/2023;3;0,135;R
ES0000000000004889CCPF;22/04/2023;4;0,099;R
ES0000000000004889CCPF;22/04/2023;5;0,084;R
ES0000000000004889CCPF;22/04/2023;6;0,123;R
ES0000000000004889CCPF;22/04/2023;7;0,087;R
ES0000000000004889CCPF;22/04/2023;8;0,345;R
ES0000000000004889CCPF;22/04/2023;9;0,163;R
ES0000000000004889CCPF;22/04/2023;10;0,249;R
ES0000000000004889CCPF;22/04/2023;11;0,683;R
ES0000000000004889CCPF;22/04/2023;12;0,512;R
ES0000000000004889CCPF;22/04/2023;13;0,213;R
ES0000000000004889CCPF;22/04/2023;14;0,119;R
ES0000000000004889CCPF;22/04/2023;15;0,419;R
ES0000000000004889CCPF;22/04/2023;16;0,08;R
ES0000000000004889CCPF;22/04/2023;17;0,122;R
ES0000000000004889CCPF;22/04/2023;18;0,126;R
ES0000000000004889CCPF;22/04/2023;19;0,079;R
ES0000000000004889CCPF;22/04/2023;20;0,121;R
ES0000000000004889CCPF;22/04/2023;21;0,095;R
ES0000000000004889CCPF;22/04/2023;22;0,089;R
ES0000000000004889CCPF;22/04/2023;23;0,237;R
ES0000000000004889CCPF;23/04/2023;0;0,25;R
ES0000000000004889CCPF;23/04/2023;1;0,223;R
ES0000000000004889CCPF;23/04/2023;2;0,183;R
ES0000000000004889CCPF;23/04/2023;3;0,159;R
ES0000000000004889CCPF;23/04/2023;4;0,145;R
ES0000000000004889CCPF;23/04/2023;5;0,139;R
ES0000000000004889CCPF;23/04/2023;6;0,138;R
ES0000000000004889CCPF;23/04/2023;7;0,141;R
ES0000000000004889CCPF;23/04/2023;8;0,143;R
ES0000000000004889CCPF;23/04/2023;9;0,165;R
ES0000000000004889CCPF;23/04/2023;10;0,213;R
ES0000000000004889CCPF;23/04/2023;11;0,253;R
ES0000000000004889CCPF;23/04/2023;12;0,269;R
ES0000000000004889CCPF;23/04/2023;13;0,272;R
ES0000000000004889CCPF;23/04/2023;14;0,281;R
ES0000000000004889CCPF;23/04/2023;15;0,275;R
ES0000000000004889CCPF;23/04/2023;16;0,241;R
ES0000000000004889CCPF;23/04/2023;17;0,22;R
ES0000000000004889CCPF;23/04/2023;18;0,211;R
ES0000000000004889CCPF;23/04/2023;19;0,214;R
ES0000000000004889CCPF;23/04/2023;20;0,226;R
ES0000000000004889CCPF;23/04/2023;21;0,262;R
ES0000000000004889CCPF;23/04/2023;22;0,316;R
ES0000000000004889CCPF;23/04/2023;23;0,295;R
ES0000000000004889CCPF;24/04/2023;0;0,251;R
ES0000000000004889CCPF;24/04/2023;1;0,201;R
ES0000000000004889CCPF;24/04/2023;2;0,165;R
ES0000000000004889CCPF;24/04/2023;3;0,145;R
ES0000000000004889CCPF;24/04/2023;4;0,136;R
ES0000000000004889CCPF;24/04/2023;5;0,132;R
ES0000000000004889CCPF;24/04/2023;6;0,003;R
ES0000000000004889CCPF;24/04/2023;7;0,128;R
ES0000000000004889CCPF;24/04/2023;8;0,212;R
ES0000000000004889CCPF;24/04/2023;9;0,125;R
ES0000000000004889CCPF;24/04/2023;10;0,103;R
ES0000000000004889CCPF;24/04/2023;11;0,127;R
ES0000000000004889CCPF;24/04/2023;12;0,081;R
ES0000000000004889CCPF;24/04/2023;13;0,095;R
ES0000000000004889CCPF;24/04/2023;14;0,12;R
ES0000000000004889CCPF;24/04/2023;15;0,081;R
ES0000000000004889CCPF;24/04/2023;16;0,509;R
ES0000000000004889CCPF;24/04/2023;17;0,247;R
ES0000000000004889CCPF;24/04/2023;18;0,133;R
ES0000000000004889CCPF;24/04/2023;19;0,152;R
ES0000000000004889CCPF;24/04/2023;20;0,179;R
ES0000000000004889CCPF;24/04/2023;21;0,192;R
ES0000000000004889CCPF;24/04/2023;22;0,278;R
ES0000000000004889CCPF;24/04/2023;23;0,259;R
ES0000000000004889CCPF;25/04/2023;0;0,187;R
ES0000000000004889CCPF;25/04/2023;1;0,118;R
ES0000000000004889CCPF;25/04/2023;2;0,112;R
ES0000000000004889CCPF;25/04/2023;3;0,068;R
ES0000000000004889CCPF;25/04/2023;4;0,121;R
ES0000000000004889CCPF;25/04/2023;5;0,113;R
ES0000000000004889CCPF;25/04/2023;6;0,08;R
ES0000000000004889CCPF;25/04/2023;7;0,399;R
ES0000000000004889CCPF;25/04/2023;8;0,142;R
ES0000000000004889CCPF;25/04/2023;9;0,178;R
ES0000000000004889CCPF;25/04/2023;10;0,167;R
ES0000000000004889CCPF;25/04/2023;11;0,144;R
ES0000000000004889CCPF;25/04/2023;12;0,101;R
ES0000000000004889CCPF;25/04/2023;13;0,125;R
ES0000000000004889CCPF;25/04/2023;14;0,114;R
ES0000000000004889CCPF;25/04/2023;15;0,133;R
ES0000000000004889CCPF;25/04/2023;16;0,404;R
ES0000000000004889CCPF;25/04/2023;17;0,289;R
ES0000000000004889CCPF;25/04/2023;18;0,221;R
ES0000000000004889CCPF;25/04/2023;19;0,153;R
ES0000000000004889CCPF;25/04/2023;20;0,513;R
ES0000000000004889CCPF;25/04/2023;21;0,311;R
ES0000000000004889CCPF;25/04/2023;22;0,21;R
ES0000000000004889CCPF;25/04/2023;23;0,21;R
ES0000000000004889CCPF;26/04/2023;0;0,161;R
ES0000000000004889CCPF;26/04/2023;1;0,145;R
ES0000000000004889CCPF;26/04/2023;2;0,08;R
ES0000000000004889CCPF;26/04/2023;3;0,121;R
ES0000000000004889CCPF;26/04/2023;4;0,112;R
ES0000000000004889CCPF;26/04/2023;5;0,087;R
ES0000000000004889CCPF;26/04/2023;6;0,143;R
ES0000000000004889CCPF;26/04/2023;7;0,108;R
ES0000000000004889CCPF;26/04/2023;8;0,174;R
ES0000000000004889CCPF;26/04/2023;9;0,207;R
ES0000000000004889CCPF;26/04/2023;10;0,165;R
ES0000000000004889CCPF;26/04/2023;11;0,199;R
ES0000000000004889CCPF;26/04/2023;12;0,34;R
ES0000000000004889CCPF;26/04/2023;13;0,153;R
ES0000000000004889CCPF;26/04/2023;14;0,145;R
ES0000000000004889CCPF;26/04/2023;15;0,15;R
ES0000000000004889CCPF;26/04/2023;16;0,887;R
ES0000000000004889CCPF;26/04/2023;17;1,14;R
ES0000000000004889CCPF;26/04/2023;18;0,242;R
ES0000000000004889CCPF;26/04/2023;19;0,351;R
ES0000000000004889CCPF;26/04/2023;20;0,12;R
ES0000000000004889CCPF;26/04/2023;21;0,121;R
ES0000000000004889CCPF;26/04/2023;22;0,394;R
ES0000000000004889CCPF;26/04/2023;23;0,239;R
ES0000000000004889CCPF;27/04/2023;0;0,202;R
ES0000000000004889CCPF;27/04/2023;1;0,183;R
ES0000000000004889CCPF;27/04/2023;2;0,098;R
ES0000000000004889CCPF;27/04/2023;3;0,106;R
ES0000000000004889CCPF;27/04/2023;4;0,126;R
ES0000000000004889CCPF;27/04/2023;5;0,08;R
ES0000000000004889CCPF;27/04/2023;6;0,139;R
ES0000000000004889CCPF;27/04/2023;7;0,118;R
ES0000000000004889CCPF;27/04/2023;8;0,37;R
ES0000000000004889CCPF;27/04/2023;9;0,324;R
ES0000000000004889CCPF;27/04/2023;10;0,137;R
ES0000000000004889CCPF;27/04/2023;11;0,152;R
ES0000000000004889CCPF;27/04/2023;12;0,123;R
ES0000000000004889CCPF;27/04/2023;13;0,124;R
ES0000000000004889CCPF;27/04/2023;14;0,41;R
ES0000000000004889CCPF;27/04/2023;15;0,216;R
ES0000000000004889CCPF;27/04/2023;16;0,279;R
ES0000000000004889CCPF;27/04/2023;17;0,607;R
ES0000000000004889CCPF;27/04/2023;18;0,106;R
ES0000000000004889CCPF;27/04/2023;19;0,164;R
ES0000000000004889CCPF;27/04/2023;20;0,142;R
ES0000000000004889CCPF;27/04/2023;21;0,247;R
ES0000000000004889CCPF;27/04/2023;22;0,366;R
ES0000000000004889CCPF;27/04/2023;23;0,175;R
ES0000000000004889CCPF;28/04/2023;0;0,112;R
ES0000000000004889CCPF;28/04/2023;1;0,119;R
ES0000000000004889CCPF;28/04/2023;2;0,13;R
ES0000000000004889CCPF;28/04/2023;3;0,082;R
ES0000000000004889CCPF;28/04/2023;4;0,148;R
ES0000000000004889CCPF;28/04/2023;5;0,08;R
ES0000000000004889CCPF;28/04/2023;6;0,137;R
ES0000000000004889CCPF;28/04/2023;7;0,129;R
ES0000000000004889CCPF;28/04/2023;8;0,401;R
ES0000000000004889CCPF;28/04/2023;9;0,217;R
ES0000000000004889CCPF;28/04/2023;10;0,094;R
ES0000000000004889CCPF;28/04/2023;11;0,176;R
ES0000000000004889CCPF;28/04/2023;12;0,096;R
ES0000000000004889CCPF;28/04/2023;13;0,158;R
ES0000000000004889CCPF;28/04/2023;14;0,145;R
ES0000000000004889CCPF;28/04/2023;15;0,211;R
ES0000000000004889CCPF;28/04/2023;16;0,313;R
ES0000000000004889CCPF;28/04/2023;17;0,431;R
ES0000000000004889CCPF;28/04/2023;18;0,092;R
ES0000000000004889CCPF;28/04/2023;19;0,095;R
ES0000000000004889CCPF;28/04/2023;20;0,117;R
ES0000000000004889CCPF;28/04/2023;21;0,082;R
ES0000000000004889CCPF;28/04/2023;22;0,111;R
ES0000000000004889CCPF;28/04/2023;23;0,086;R
ES0000000000004889CCPF;29/04/2023;0;0,123;R
ES0000000000004889CCPF;29/04/2023;1;0,06;R
ES0000000000004889CCPF;29/04/2023;2;0,133;R
ES0000000000004889CCPF;29/04/2023;3;0,077;R
ES0000000000004889CCPF;29/04/2023;4;0,136;R
ES0000000000004889CCPF;29/04/2023;5;0,061;R
ES0000000000004889CCPF;29/04/2023;6;0,13;R
ES0000000000004889CCPF;29/04/2023;7;0,072;R
ES0000000000004889CCPF;29/04/2023;8;0,127;R
ES0000000000004889CCPF;29/04/2023;9;0,308;R
ES0000000000004889CCPF;29/04/2023;10;0,117;R
ES0000000000004889CCPF;29/04/2023;11;0,088;R
ES0000000000004889CCPF;29/04/2023;12;0,108;R
ES0000000000004889CCPF;29/04/2023;13;0,101;R
ES0000000000004889CCPF;29/04/2023;14;0,082;R
ES0000000000004889CCPF;29/04/2023;15;0,111;R
ES0000000000004889CCPF;29/04/2023;16;0,08;R
ES0000000000004889CCPF;29/04/2023;17;0,13;R
ES0000000000004889CCPF;29/04/2023;18;0,06;R
ES0000000000004889CCPF;29/04/2023;19;0,134;R
ES0000000000004889CCPF;29/04/2023;20;0,063;R
ES0000000000004889CCPF;29/04/2023;21;0,146;R
ES0000000000004889CCPF;29/04/2023;22;0,061;R
ES0000000000004889CCPF;29/04/2023;23;0,128;R
ES0000000000004889CCPF;30/04/2023;0;0,067;R
ES0000000000004889CCPF;30/04/2023;1;0,132;R
ES0000000000004889CCPF;30/04/2023;2;0,076;R
ES0000000000004889CCPF;30/04/2023;3;0,104;R
ES0000000000004889CCPF;30/04/2023;4;0,089;R
ES0000000000004889CCPF;30/04/2023;5;0,349;R
ES0000000000004889CCPF;30/04/2023;6;0,103;R
ES0000000000004889CCPF;30/04/2023;7;0,079;R
ES0000000000004889CCPF;30/04/2023;8;0,115;R
ES0000000000004889CCPF;30/04/2023;9;0,076;R
ES0000000000004889CCPF;30/04/2023;10;0,133;R
ES0000000000004889CCPF;30/04/2023;11;0,06;R
ES0000000000004889CCPF;30/04/2023;12;0,131;R
ES0000000000004889CCPF;30/04/2023;13;0,063;R
ES0000000000004889CCPF;30/04/2023;14;0,127;R
ES0000000000004889CCPF;30/04/2023;15;0,083;R
ES0000000000004889CCPF;30/04/2023;16;0,096;R
ES0000000000004889CCPF;30/04/2023;17;0,096;R
ES0000000000004889CCPF;30/04/2023;18;0,079;R
ES0000000000004889CCPF;30/04/2023;19;0,129;R
ES0000000000004889CCPF;30/04/2023;20;0,063;R
ES0000000000004889CCPF;30/04/2023;21;0,131;R
ES0000000000004889CCPF;30/04/2023;22;0,061;R
ES0000000000004889CCPF;30/04/2023;23;0,126;R
ES0000000000004889CCPF;01/05/2023;0;0,329;R
ES0000000000004889CCPF;01/05/2023;1;0,204;R
ES0000000000004889CCPF;01/05/2023;2;0,171;R
ES0000000000004889CCPF;01/05/2023;3;0,149;R
ES0000000000004889CCPF;01/05/2023;4;0,136;R
ES0000000000004889CCPF;01/05/2023;5;0,13;R
ES0000000000004889CCPF;01/05/2023;6;0,128;R
ES0000000000004889CCPF;01/05/2023;7;0,127;R
ES0000000000004889CCPF;01/05/2023;8;0,127;R
ES0000000000004889CCPF;01/05/2023;9;0,153;R
ES0000000000004889CCPF;01/05/2023;10;0,196;R
ES0000000000004889CCPF;01/05/2023;11;0,229;R
ES0000000000004889CCPF;01/05/2023;12;0,241;R
ES0000000000004889CCPF;01/05/2023;13;0,244;R
ES0000000000004889CCPF;01/05/2023;14;0,254;R
ES0000000000004889CCPF;01/05/2023;15;0,246;R
ES0000000000004889CCPF;01/05/2023;16;0,213;R
ES0000000000004889CCPF;01/05/2023;17;0,194;R
ES0000000000004889CCPF;01/05/2023;18;0,188;R
ES0000000000004889CCPF;01/05/2023;19;0,191;R
ES0000000000004889CCPF;01/05/2023;20;0,2;R
ES0000000000004889CCPF;01/05/2023;21;0,227;R
ES0000000000004889CCPF;01/05/2023;22;0,276;R
ES0000000000004889CCPF;01/05/2023;23;0,264;R
ES0000000000004889CCPF;02/05/2023;0;0,223;R
ES0000000000004889CCPF;02/05/2023;1;0,164;R
ES0000000000004889CCPF;02/05/2023;2;0,135;R
ES0000000000004889CCPF;02/05/2023;3;0,12;R
ES0000000000004889CCPF;02/05/2023;4;0,113;R
ES0000000000004889CCPF;02/05/2023;5;0,111;R
ES0000000000004889CCPF;02/05/2023;6;0,115;R
ES0000000000004889CCPF;02/05/2023;7;0,131;R
ES0000000000004889CCPF;02/05/2023;8;0,159;R
ES0000000000004889CCPF;02/05/2023;9;0,174;R
ES0000000000004889CCPF;02/05/2023;10;0,185;R
ES0000000000004889CCPF;02/05/2023;11;0,188;R
ES0000000000004889CCPF;02/05/2023;12;0,191;R
ES0000000000004889CCPF;02/05/2023;13;0,198;R
ES0000000000004889CCPF;02/05/2023;14;0,21;R
ES0000000000004889CCPF;02/05/2023;15;0,216;R
ES0000000000004889CCPF;02/05/2023;16;0,197;R
ES0000000000004889CCPF;02/05/2023;17;0,186;R
ES0000000000004889CCPF;02/05/2023;18;0,185;R
ES0000000000004889CCPF;02/05/2023;19;0,182;R
ES0000000000004889CCPF;02/05/2023;20;0,192;R
ES0000000000004889CCPF;02/05/2023;21;0,217;R
ES0000000000004889CCPF;02/05/2023;22;0,256;R
ES0000000000004889CCPF;02/05/2023;23;0,252;R
ES0000000000004889CCPF;03/05/2023;0;0,208;R
ES0000000000004889CCPF;03/05/2023;1;0,181;R
ES0000000000004889CCPF;03/05/2023;2;0,15;R
ES0000000000004889CCPF;03/05/2023;3;0,134;R
ES0000000000004889CCPF;03/05/2023;4;0,126;R
ES0000000000004889CCPF;03/05/2023;5;0,124;R
ES0000000000004889CCPF;03/05/2023;6;0,127;R
ES0000000000004889CCPF;03/05/2023;7;0,142;R
ES0000000000004889CCPF;03/05/2023;8;0,17;R
ES0000000000004889CCPF;03/05/2023;9;0,185;R
ES0000000000004889CCPF;03/05/2023;10;0,195;R
ES0000000000004889CCPF;03/05/2023;11;0,196;R
ES0000000000004889CCPF;03/05/2023;12;0,198;R
ES0000000000004889CCPF;03/05/2023;13;0,205;R
ES0000000000004889CCPF;03/05/2023;14;0,217;R
ES0000000000004889CCPF;03/05/2023;15;0,223;R
ES0000000000004889CCPF;03/05/2023;16;0,203;R
ES0000000000004889CCPF;03/05/2023;17;0,19;R
ES0000000000004889CCPF;03/05/2023;18;0,19;R
ES0000000000004889CCPF;03/05/2023;19;0,186;R
ES0000000000004889CCPF;03/05/2023;20;0,196;R
ES0000000000004889CCPF;03/05/2023;21;0,222;R
ES0000000000004889CCPF;03/05/2023;22;0,26;R
ES0000000000004889CCPF;03/05/2023;23;0,255;R
ES0000000000004889CCPF;04/05/2023;0;0,211;R
ES0000000000004889CCPF;04/05/2023;1;0,184;R
ES0000000000004889CCPF;04/05/2023;2;0,153;R
ES0000000000004889CCPF;04/05/2023;3;0,136;R
ES0000000000004889CCPF;04/05/2023;4;0,128;R
ES0000000000004889CCPF;04/05/2023;5;0,126;R
ES0000000000004889CCPF;04/05/2023;6;0,129;R
ES0000000000004889CCPF;04/05/2023;7;0,144;R
ES0000000000004889CCPF;04/05/2023;8;0,174;R
ES0000000000004889CCPF;04/05/2023;9;0,189;R
ES0000000000004889CCPF;04/05/2023;10;0,198;R
ES0000000000004889CCPF;04/05/2023;11;0,198;R
ES0000000000004889CCPF;04/05/2023;12;0,201;R
ES0000000000004889CCPF;04/05/2023;13;0,207;R
ES0000000000004889CCPF;04/05/2023;14;0,218;R
ES0000000000004889CCPF;04/05/2023;15;0,224;R
ES0000000000004889CCPF;04/05/2023;16;0,205;R
ES0000000000004889CCPF;04/05/2023;17;0,194;R
ES0000000000004889CCPF;04/05/2023;18;0,193;R
ES0000000000004889CCPF;04/05/2023;19;0,19;R
ES0000000000004889CCPF;04/05/2023;20;0,2;R
ES0000000000004889CCPF;04/05/2023;21;0,225;R
ES0000000000004889CCPF;04/05/2023;22;0,264;R
ES0000000000004889CCPF;04/05/2023;23;0,26;R
ES0000000000004889CCPF;05/05/2023;0;0,215;R
ES0000000000004889CCPF;05/05/2023;1;0,184;R
ES0000000000004889CCPF;05/05/2023;2;0,153;R
ES0000000000004889CCPF;05/05/2023;3;0,136;R
ES0000000000004889CCPF;05/05/2023;4;0,128;R
ES0000000000004889CCPF;05/05/2023;5;0,125;R
ES0000000000004889CCPF;05/05/2023;6;0,128;R
ES0000000000004889CCPF;05/05/2023;7;0,143;R
ES0000000000004889CCPF;05/05/2023;8;0,172;R
ES0000000000004889CCPF;05/05/2023;9;0,187;R
ES0000000000004889CCPF;05/05/2023;10;0,199;R
ES0000000000004889CCPF;05/05/2023;11;0,2;R
ES0000000000004889CCPF;05/05/2023;12;0,202;R
ES0000000000004889CCPF;05/05/2023;13;0,207;R
ES0000000000004889CCPF;05/05/2023;14;0,218;R
ES0000000000004889CCPF;05/05/2023;15;0,225;R
ES0000000000004889CCPF;05/05/2023;16;0,209;R
ES0000000000004889CCPF;05/05/2023;17;0,197;R
ES0000000000004889CCPF;05/05/2023;18;0,196;R
ES0000000000004889CCPF;05/05/2023;19;0,189;R
ES0000000000004889CCPF;05/05/2023;20;0,193;R
ES0000000000004889CCPF;05/05/2023;21;0,207;R
ES0000000000004889CCPF;05/05/2023;22;0,244;R
ES0000000000004889CCPF;05/05/2023;23;0,251;R
ES0000000000004889CCPF;06/05/2023;0;0,217;R
ES0000000000004889CCPF;06/05/2023;1;0,189;R
ES0000000000004889CCPF;06/05/2023;2;0,158;R
ES0000000000004889CCPF;06/05/2023;3;0,138;R
ES0000000000004889CCPF;06/05/2023;4;0,128;R
ES0000000000004889CCPF;06/05/2023;5;0,124;R
ES0000000000004889CCPF;06/05/2023;6;0,124;R
ES0000000000004889CCPF;06/05/2023;7;0,127;R
ES0000000000004889CCPF;06/05/2023;8;0,132;R
ES0000000000004889CCPF;06/05/2023;9;0,166;R
ES0000000000004889CCPF;06/05/2023;10;0,207;R
ES0000000000004889CCPF;06/05/2023;11;0,233;R
ES0000000000004889CCPF;06/05/2023;12;0,239;R
ES0000000000004889CCPF;06/05/2023;13;0,241;R
ES0000000000004889CCPF;06/05/2023;14;0,254;R
ES0000000000004889CCPF;06/05/2023;15;0,25;R
ES0000000000004889CCPF;06/05/2023;16;0,219;R
ES0000000000004889CCPF;06/05/2023;17;0,199;R
ES0000000000004889CCPF;06/05/2023;18;0,193;R
ES0000000000004889CCPF;06/05/2023;19;0,192;R
ES0000000000004889CCPF;06/05/2023;20;0,196;R
ES0000000000004889CCPF;06/05/2023;21;0,212;R
ES0000000000004889CCPF;06/05/2023;22;0,256;R
ES0000000000004889CCPF;06/05/2023;23;0,258;R
ES0000000000004889CCPF;07/05/2023;0;0,228;R
ES0000000000004889CCPF;07/05/2023;1;0,197;R
ES0000000000004889CCPF;07/05/2023;2;0,167;R
ES0000000000004889CCPF;07/05/2023;3;0,146;R
ES0000000000004889CCPF;07/05/2023;4;0,135;R
ES0000000000004889CCPF;07/05/2023;5;0,129;R
ES0000000000004889CCPF;07/05/2023;6;0,128;R
ES0000000000004889CCPF;07/05/2023;7;0,128;R
ES0000000000004889CCPF;07/05/2023;8;0,128;R
ES0000000000004889CCPF;07/05/2023;9;0,154;R
ES0000000000004889CCPF;07/05/2023;10;0,197;R
ES0000000000004889CCPF;07/05/2023;11;0,231;R
ES0000000000004889CCPF;07/05/2023;12;0,245;R
ES0000000000004889CCPF;07/05/2023;13;0,249;R
ES0000000000004889CCPF;07/05/2023;14;0,26;R
ES0000000000004889CCPF;07/05/2023;15;0,254;R
ES0000000000004889CCPF;07/05/2023;16;0,219;R
ES0000000000004889CCPF;07/05/2023;17;0,2;R
ES0000000000004889CCPF;07/05/2023;18;0,194;R
ES0000000000004889CCPF;07/05/2023;19;0,198;R
ES0000000000004889CCPF;07/05/2023;20;0,209;R
ES0000000000004889CCPF;07/05/2023;21;0,235;R
ES0000000000004889CCPF;07/05/2023;22;0,281;R
ES0000000000004889CCPF;07/05/2023;23;0,273;R
ES0000000000004889CCPF;08/05/2023;0;0,23;R
ES0000000000004889CCPF;08/05/2023;1;0,184;R
ES0000000000004889CCPF;08/05/2023;2;0,153;R
ES0000000000004889CCPF;08/05/2023;3;0,136;R
ES0000000000004889CCPF;08/05/2023;4;0,128;R
ES0000000000004889CCPF;08/05/2023;5;0,126;R
ES0000000000004889CCPF;08/05/2023;6;0,128;R
ES0000000000004889CCPF;08/05/2023;7;0,142;R
ES0000000000004889CCPF;08/05/2023;8;0,168;R
ES0000000000004889CCPF;08/05/2023;9;0,183;R
ES0000000000004889CCPF;08/05/2023;10;0,196;R
ES0000000000004889CCPF;08/05/2023;11;0,2;R
ES0000000000004889CCPF;08/05/2023;12;0,204;R
ES0000000000004889CCPF;08/05/2023;13;0,211;R
ES0000000000004889CCPF;08/05/2023;14;0,224;R
ES0000000000004889CCPF;08/05/2023;15;0,23;R
ES0000000000004889CCPF;08/05/2023;16;0,209;R
ES0000000000004889CCPF;08/05/2023;17;0,197;R
ES0000000000004889CCPF;08/05/2023;18;0,196;R
ES0000000000004889CCPF;08/05/2023;19;0,193;R
ES0000000000004889CCPF;08/05/2023;20;0,203;R
ES0000000000004889CCPF;08/05/2023;21;0,228;R
ES0000000000004889CCPF;08/05/2023;22;0,264;R
ES0000000000004889CCPF;08/05/2023;23;0,26;R
ES0000000000004889CCPF;09/05/2023;0;0,213;R
ES0000000000004889CCPF;09/05/2023;1;0,183;R
ES0000000000004889CCPF;09/05/2023;2;0,152;R
ES0000000000004889CCPF;09/05/2023;3;0,135;R
ES0000000000004889CCPF;09/05/2023;4;0,128;R
ES0000000000004889CCPF;09/05/2023;5;0,126;R
ES0000000000004889CCPF;09/05/2023;6;0,129;R
ES0000000000004889CCPF;09/05/2023;7;0,142;R
ES0000000000004889CCPF;09/05/2023;8;0,171;R
ES0000000000004889CCPF;09/05/2023;9;0,187;R
ES0000000000004889CCPF;09/05/2023;10;0,197;R
ES0000000000004889CCPF;09/05/2023;11;0,199;R
ES0000000000004889CCPF;09/05/2023;12;0,202;R
ES0000000000004889CCPF;09/05/2023;13;0,209;R
ES0000000000004889CCPF;09/05/2023;14;0,221;R
ES0000000000004889CCPF;09/05/2023;15;0,227;R
ES0000000000004889CCPF;09/05/2023;16;0,207;R
ES0000000000004889CCPF;09/05/2023;17;0,195;R
ES0000000000004889CCPF;09/05/2023;18;0,196;R
ES0000000000004889CCPF;09/05/2023;19;0,192;R
ES0000000000004889CCPF;09/05/2023;20;0,202;R
ES0000000000004889CCPF;09/05/2023;21;0,227;R
ES0000000000004889CCPF;09/05/2023;22;0,263;R
ES0000000000004889CCPF;09/05/2023;23;0,26;R
ES0000000000004889CCPF;10/05/2023;0;0,214;R
ES0000000000004889CCPF;10/05/2023;1;0,176;R
ES0000000000004889CCPF;10/05/2023;2;0,146;R
ES0000000000004889CCPF;10/05/2023;3;0,13;R
ES0000000000004889CCPF;10/05/2023;4;0,123;R
ES0000000000004889CCPF;10/05/2023;5;0,12;R
ES0000000000004889CCPF;10/05/2023;6;0,123;R
ES0000000000004889CCPF;10/05/2023;7;0,136;R
ES0000000000004889CCPF;10/05/2023;8;0,164;R
ES0000000000004889CCPF;10/05/2023;9;0,239;R
ES0000000000004889CCPF;10/05/2023;10;0,253;R
ES0000000000004889CCPF;10/05/2023;11;0,166;R
ES0000000000004889CCPF;10/05/2023;12;0,168;R
ES0000000000004889CCPF;10/05/2023;13;0,174;R
ES0000000000004889CCPF;10/05/2023;14;0,184;R
ES0000000000004889CCPF;10/05/2023;15;0,289;R
ES0000000000004889CCPF;10/05/2023;16;0,265;R
ES0000000000004889CCPF;10/05/2023;17;0,25;R
ES0000000000004889CCPF;10/05/2023;18;0,25;R
ES0000000000004889CCPF;10/05/2023;19;0,16;R
ES0000000000004889CCPF;10/05/2023;20;0,168;R
ES0000000000004889CCPF;10/05/2023;21;0,188;R
ES0000000000004889CCPF;10/05/2023;22;0,218;R
ES0000000000004889CCPF;10/05/2023;23;0,331;R
ES0000000000004889CCPF;11/05/2023;0;0,274;R
ES0000000000004889CCPF;11/05/2023;1;0,176;R
ES0000000000004889CCPF;11/05/2023;2;0,146;R
ES0000000000004889CCPF;11/05/2023;3;0,13;R
ES0000000000004889CCPF;11/05/2023;4;0,123;R
ES0000000000004889CCPF;11/05/2023;5;0,12;R
ES0000000000004889CCPF;11/05/2023;6;0,123;R
ES0000000000004889CCPF;11/05/2023;7;0,136;R
ES0000000000004889CCPF;11/05/2023;8;0,163;R
ES0000000000004889CCPF;11/05/2023;9;0,237;R
ES0000000000004889CCPF;11/05/2023;10;0,251;R
ES0000000000004889CCPF;11/05/2023;11;0,164;R
ES0000000000004889CCPF;11/05/2023;12;0,167;R
ES0000000000004889CCPF;11/05/2023;13;0,173;R
ES0000000000004889CCPF;11/05/2023;14;0,183;R
ES0000000000004889CCPF;11/05/2023;15;0,289;R
ES0000000000004889CCPF;11/05/2023;16;0,264;R
ES0000000000004889CCPF;11/05/2023;17;0,249;R
ES0000000000004889CCPF;11/05/2023;18;0,25;R
ES0000000000004889CCPF;11/05/2023;19;0,159;R
ES0000000000004889CCPF;11/05/2023;20;0,168;R
ES0000000000004889CCPF;11/05/2023;21;0,187;R
ES0000000000004889CCPF;11/05/2023;22;0,218;R
ES0000000000004889CCPF;11/05/2023;23;0,331;R
ES0000000000004889CCPF;12/05/2023;0;0,275;R
ES0000000000004889CCPF;12/05/2023;1;0,176;R
ES0000000000004889CCPF;12/05/2023;2;0,147;R
ES0000000000004889CCPF;12/05/2023;3;0,13;R
ES0000000000004889CCPF;12/05/2023;4;0,123;R
ES0000000000004889CCPF;12/05/2023;5;0,12;R
ES0000000000004889CCPF;12/05/2023;6;0,123;R
ES0000000000004889CCPF;12/05/2023;7;0,136;R
ES0000000000004889CCPF;12/05/2023;8;0,163;R
ES0000000000004889CCPF;12/05/2023;9;0,239;R
ES0000000000004889CCPF;12/05/2023;10;0,254;R
ES0000000000004889CCPF;12/05/2023;11;0,166;R
ES0000000000004889CCPF;12/05/2023;12;0,169;R
ES0000000000004889CCPF;12/05/2023;13;0,174;R
ES0000000000004889CCPF;12/05/2023;14;0,184;R
ES0000000000004889CCPF;12/05/2023;15;0,291;R
ES0000000000004889CCPF;12/05/2023;16;0,269;R
ES0000000000004889CCPF;12/05/2023;17;0,255;R
ES0000000000004889CCPF;12/05/2023;18;0,254;R
ES0000000000004889CCPF;12/05/2023;19;0,16;R
ES0000000000004889CCPF;12/05/2023;20;0,163;R
ES0000000000004889CCPF;12/05/2023;21;0,174;R
ES0000000000004889CCPF;12/05/2023;22;0,202;R
ES0000000000004889CCPF;12/05/2023;23;0,32;R
ES0000000000004889CCPF;13/05/2023;0;0,278;R
ES0000000000004889CCPF;13/05/2023;1;0,185;R
ES0000000000004889CCPF;13/05/2023;2;0,155;R
ES0000000000004889CCPF;13/05/2023;3;0,137;R
ES0000000000004889CCPF;13/05/2023;4;0,127;R
ES0000000000004889CCPF;13/05/2023;5;0,123;R
ES0000000000004889CCPF;13/05/2023;6;0,122;R
ES0000000000004889CCPF;13/05/2023;7;0,124;R
ES0000000000004889CCPF;13/05/2023;8;0,129;R
ES0000000000004889CCPF;13/05/2023;9;0,162;R
ES0000000000004889CCPF;13/05/2023;10;0,202;R
ES0000000000004889CCPF;13/05/2023;11;0,227;R
ES0000000000004889CCPF;13/05/2023;12;0,232;R
ES0000000000004889CCPF;13/05/2023;13;0,235;R
ES0000000000004889CCPF;13/05/2023;14;0,248;R
ES0000000000004889CCPF;13/05/2023;15;0,244;R
ES0000000000004889CCPF;13/05/2023;16;0,213;R
ES0000000000004889CCPF;13/05/2023;17;0,193;R
ES0000000000004889CCPF;13/05/2023;18;0,188;R
ES0000000000004889CCPF;13/05/2023;19;0,188;R
ES0000000000004889CCPF;13/05/2023;20;0,191;R
ES0000000000004889CCPF;13/05/2023;21;0,206;R
ES0000000000004889CCPF;13/05/2023;22;0,245;R
ES0000000000004889CCPF;13/05/2023;23;0,247;R
ES0000000000004889CCPF;14/05/2023;0;0,218;R
ES0000000000004889CCPF;14/05/2023;1;0,189;R
ES0000000000004889CCPF;14/05/2023;2;0,16;R
ES0000000000004889CCPF;14/05/2023;3;0,14;R
ES0000000000004889CCPF;14/05/2023;4;0,129;R
ES0000000000004889CCPF;14/05/2023;5;0,123;R
ES0000000000004889CCPF;14/05/2023;6;0,122;R
ES0000000000004889CCPF;14/05/2023;7;0,122;R
ES0000000000004889CCPF;14/05/2023;8;0,121;R
ES0000000000004889CCPF;14/05/2023;9;0,148;R
ES0000000000004889CCPF;14/05/2023;10;0,188;R
ES0000000000004889CCPF;14/05/2023;11;0,22;R
ES0000000000004889CCPF;14/05/2023;12;0,233;R
ES0000000000004889CCPF;14/05/2023;13;0,236;R
ES0000000000004889CCPF;14/05/2023;14;0,247;R
ES0000000000004889CCPF;14/05/2023;15;0,241;R
ES0000000000004889CCPF;14/05/2023;16;0,209;R
ES0000000000004889CCPF;14/05/2023;17;0,191;R
ES0000000000004889CCPF;14/05/2023;18;0,186;R
ES0000000000004889CCPF;14/05/2023;19;0,19;R
ES0000000000004889CCPF;14/05/2023;20;0,199;R
ES0000000000004889CCPF;14/05/2023;21;0,223;R
ES0000000000004889CCPF;14/05/2023;22;0,264;R
ES0000000000004889CCPF;14/05/2023;23;0,26;R
ES0000000000004889CCPF;15/05/2023;0;0,22;R
ES0000000000004889CCPF;15/05/2023;1;0,176;R
ES0000000000004889CCPF;15/05/2023;2;0,146;R
ES0000000000004889CCPF;15/05/2023;3;0,13;R
ES0000000000004889CCPF;15/05/2023;4;0,122;R
ES0000000000004889CCPF;15/05/2023;5;0,119;R
ES0000000000004889CCPF;15/05/2023;6;0,122;R
ES0000000000004889CCPF;15/05/2023;7;0,133;R
ES0000000000004889CCPF;15/05/2023;8;0,157;R
ES0000000000004889CCPF;15/05/2023;9;0,23;R
ES0000000000004889CCPF;15/05/2023;10;0,248;R
ES0000000000004889CCPF;15/05/2023;11;0,165;R
ES0000000000004889CCPF;15/05/2023;12;0,169;R
ES0000000000004889CCPF;15/05/2023;13;0,175;R
ES0000000000004889CCPF;15/05/2023;14;0,185;R
ES0000000000004889CCPF;15/05/2023;15;0,292;R
ES0000000000004889CCPF;15/05/2023;16;0,266;R
ES0000000000004889CCPF;15/05/2023;17;0,25;R
ES0000000000004889CCPF;15/05/2023;18;0,249;R
ES0000000000004889CCPF;15/05/2023;19;0,159;R
ES0000000000004889CCPF;15/05/2023;20;0,167;R
ES0000000000004889CCPF;15/05/2023;21;0,187;R
ES0000000000004889CCPF;15/05/2023;22;0,216;R
ES0000000000004889CCPF;15/05/2023;23;0,33;R
ES0000000000004889CCPF;16/05/2023;0;0,271;R
ES0000000000004889CCPF;16/05/2023;1;0,173;R
ES0000000000004889CCPF;16/05/2023;2;0,144;R
ES0000000000004889CCPF;16/05/2023;3;0,129;R
ES0000000000004889CCPF;16/05/2023;4;0,121;R
ES0000000000004889CCPF;16/05/2023;5;0,119;R
ES0000000000004889CCPF;16/05/2023;6;0,122;R
ES0000000000004889CCPF;16/05/2023;7;0,134;R
ES0000000000004889CCPF;16/05/2023;8;0,161;R
ES0000000000004889CCPF;16/05/2023;9;0,235;R
ES0000000000004889CCPF;16/05/2023;10;0,249;R
ES0000000000004889CCPF;16/05/2023;11;0,164;R
ES0000000000004889CCPF;16/05/2023;12;0,166;R
ES0000000000004889CCPF;16/05/2023;13;0,172;R
ES0000000000004889CCPF;16/05/2023;14;0,183;R
ES0000000000004889CCPF;16/05/2023;15;0,288;R
ES0000000000004889CCPF;16/05/2023;16;0,264;R
ES0000000000004889CCPF;16/05/2023;17;0,249;R
ES0000000000004889CCPF;16/05/2023;18;0,25;R
ES0000000000004889CCPF;16/05/2023;19;0,16;R
ES0000000000004889CCPF;16/05/2023;20;0,168;R
ES0000000000004889CCPF;16/05/2023;21;0,186;R
ES0000000000004889CCPF;16/05/2023;22;0,215;R
ES0000000000004889CCPF;16/05/2023;23;0,331;R
ES0000000000004889CCPF;17/05/2023;0;0,273;R
ES0000000000004889CCPF;17/05/2023;1;0,176;R
ES0000000000004889CCPF;17/05/2023;2;0,146;R
ES0000000000004889CCPF;17/05/2023;3;0,13;R
ES0000000000004889CCPF;17/05/2023;4;0,123;R
ES0000000000004889CCPF;17/05/2023;5;0,121;R
ES0000000000004889CCPF;17/05/2023;6;0,123;R
ES0000000000004889CCPF;17/05/2023;7;0,135;R
ES0000000000004889CCPF;17/05/2023;8;0,162;R
ES0000000000004889CCPF;17/05/2023;9;0,237;R
ES0000000000004889CCPF;17/05/2023;10;0,25;R
ES0000000000004889CCPF;17/05/2023;11;0,165;R
ES0000000000004889CCPF;17/05/2023;12;0,168;R
ES0000000000004889CCPF;17/05/2023;13;0,174;R
ES0000000000004889CCPF;17/05/2023;14;0,185;R
ES0000000000004889CCPF;17/05/2023;15;0,291;R
ES0000000000004889CCPF;17/05/2023;16;0,266;R
ES0000000000004889CCPF;17/05/2023;17;0,251;R
ES0000000000004889CCPF;17/05/2023;18;0,252;R
ES0000000000004889CCPF;17/05/2023;19;0,161;R
ES0000000000004889CCPF;17/05/2023;20;0,169;R
ES0000000000004889CCPF;17/05/2023;21;0,187;R
ES0000000000004889CCPF;17/05/2023;22;0,216;R
ES0000000000004889CCPF;17/05/2023;23;0,33;R
ES0000000000004889CCPF;18/05/2023;0;0,274;R
ES0000000000004889CCPF;18/05/2023;1;0,177;R
ES0000000000004889CCPF;18/05/2023;2;0,147;R
ES0000000000004889CCPF;18/05/2023;3;0,131;R
ES0000000000004889CCPF;18/05/2023;4;0,124;R
ES0000000000004889CCPF;18/05/2023;5;0,121;R
ES0000000000004889CCPF;18/05/2023;6;0,124;R
ES0000000000004889CCPF;18/05/2023;7;0,136;R
ES0000000000004889CCPF;18/05/2023;8;0,162;R
ES0000000000004889CCPF;18/05/2023;9;0,237;R
ES0000000000004889CCPF;18/05/2023;10;0,251;R
ES0000000000004889CCPF;18/05/2023;11;0,165;R
ES0000000000004889CCPF;18/05/2023;12;0,168;R
ES0000000000004889CCPF;18/05/2023;13;0,174;R
ES0000000000004889CCPF;18/05/2023;14;0,185;R
ES0000000000004889CCPF;18/05/2023;15;0,291;R
ES0000000000004889CCPF;18/05/2023;16;0,267;R
ES0000000000004889CCPF;18/05/2023;17;0,252;R
ES0000000000004889CCPF;18/05/2023;18;0,253;R
ES0000000000004889CCPF;18/05/2023;19;0,161;R
ES0000000000004889CCPF;18/05/2023;20;0,169;R
ES0000000000004889CCPF;18/05/2023;21;0,188;R
ES0000000000004889CCPF;18/05/2023;22;0,217;R
ES0000000000004889CCPF;18/05/2023;23;0,332;R
ES0000000000004889CCPF;19/05/2023;0;0,276;R
ES0000000000004889CCPF;19/05/2023;1;0,177;R
ES0000000000004889CCPF;19/05/2023;2;0,148;R
ES0000000000004889CCPF;19/05/2023;3;0,131;R
ES0000000000004889CCPF;19/05/2023;4;0,124;R
ES0000000000004889CCPF;19/05/2023;5;0,121;R
ES0000000000004889CCPF;19/05/2023;6;0,124;R
ES0000000000004889CCPF;19/05/2023;7;0,136;R
ES0000000000004889CCPF;19/05/2023;8;0,162;R
ES0000000000004889CCPF;19/05/2023;9;0,238;R
ES0000000000004889CCPF;19/05/2023;10;0,254;R
ES0000000000004889CCPF;19/05/2023;11;0,167;R
ES0000000000004889CCPF;19/05/2023;12;0,169;R
ES0000000000004889CCPF;19/05/2023;13;0,175;R
ES0000000000004889CCPF;19/05/2023;14;0,184;R
ES0000000000004889CCPF;19/05/2023;15;0,293;R
ES0000000000004889CCPF;19/05/2023;16;0,27;R
ES0000000000004889CCPF;19/05/2023;17;0,255;R
ES0000000000004889CCPF;19/05/2023;18;0,255;R
ES0000000000004889CCPF;19/05/2023;19;0,161;R
ES0000000000004889CCPF;19/05/2023;20;0,163;R
ES0000000000004889CCPF;19/05/2023;21;0,174;R
ES0000000000004889CCPF;19/05/2023;22;0,201;R
ES0000000000004889CCPF;19/05/2023;23;0,321;R
ES0000000000004889CCPF;20/05/2023;0;0,278;R
ES0000000000004889CCPF;20/05/2023;1;0,186;R
ES0000000000004889CCPF;20/05/2023;2;0,156;R
ES0000000000004889CCPF;20/05/2023;3;0,137;R
ES0000000000004889CCPF;20/05/2023;4;0,127;R
ES0000000000004889CCPF;20/05/2023;5;0,123;R
ES0000000000004889CCPF;20/05/2023;6;0,122;R
ES0000000000004889CCPF;20/05/2023;7;0,124;R
ES0000000000004889CCPF;20/05/2023;8;0,129;R
ES0000000000004889CCPF;20/05/2023;9;0,162;R
ES0000000000004889CCPF;20/05/2023;10;0,202;R
ES0000000000004889CCPF;20/05/2023;11;0,226;R
ES0000000000004889CCPF;20/05/2023;12;0,232;R
ES0000000000004889CCPF;20/05/2023;13;0,235;R
ES0000000000004889CCPF;20/05/2023;14;0,248;R
ES0000000000004889CCPF;20/05/2023;15;0,243;R
ES0000000000004889CCPF;20/05/2023;16;0,213;R
ES0000000000004889CCPF;20/05/2023;17;0,194;R
ES0000000000004889CCPF;20/05/2023;18;0,188;R
ES0000000000004889CCPF;20/05/2023;19;0,189;R
ES0000000000004889CCPF;20/05/2023;20;0,191;R
ES0000000000004889CCPF;20/05/2023;21;0,206;R
ES0000000000004889CCPF;20/05/2023;22;0,243;R
ES0000000000004889CCPF;20/05/2023;23;0,247;R
ES0000000000004889CCPF;21/05/2023;0;0,218;R
ES0000000000004889CCPF;21/05/2023;1;0,19;R
ES0000000000004889CCPF;21/05/2023;2;0,161;R
ES0000000000004889CCPF;21/05/2023;3;0,141;R
ES0000000000004889CCPF;21/05/2023;4;0,13;R
ES0000000000004889CCPF;21/05/2023;5;0,125;R
ES0000000000004889CCPF;21/05/2023;6;0,124;R
ES0000000000004889CCPF;21/05/2023;7;0,123;R
ES0000000000004889CCPF;21/05/2023;8;0,122;R
ES0000000000004889CCPF;21/05/2023;9;0,149;R
ES0000000000004889CCPF;21/05/2023;10;0,189;R
ES0000000000004889CCPF;21/05/2023;11;0,221;R
ES0000000000004889CCPF;21/05/2023;12;0,233;R
ES0000000000004889CCPF;21/05/2023;13;0,237;R
ES0000000000004889CCPF;21/05/2023;14;0,248;R
ES0000000000004889CCPF;21/05/2023;15;0,243;R
ES0000000000004889CCPF;21/05/2023;16;0,211;R
ES0000000000004889CCPF;21/05/2023;17;0,193;R
ES0000000000004889CCPF;21/05/2023;18;0,187;R
ES0000000000004889CCPF;21/05/2023;19;0,191;R
ES0000000000004889CCPF;21/05/2023;20;0,201;R
ES0000000000004889CCPF;21/05/2023;21;0,224;R
ES0000000000004889CCPF;21/05/2023;22;0,263;R
ES0000000000004889CCPF;21/05/2023;23;0,26;R
ES0000000000004889CCPF;22/05/2023;0;0,22;R
ES0000000000004889CCPF;22/05/2023;1;0,176;R
ES0000000000004889CCPF;22/05/2023;2;0,147;R
ES0000000000004889CCPF;22/05/2023;3;0,131;R
ES0000000000004889CCPF;22/05/2023;4;0,123;R
ES0000000000004889CCPF;22/05/2023;5;0,12;R
ES0000000000004889CCPF;22/05/2023;6;0,123;R
ES0000000000004889CCPF;22/05/2023;7;0,134;R
ES0000000000004889CCPF;22/05/2023;8;0,158;R
ES0000000000004889CCPF;22/05/2023;9;0,233;R
ES0000000000004889CCPF;22/05/2023;10;0,251;R
ES0000000000004889CCPF;22/05/2023;11;0,167;R
ES0000000000004889CCPF;22/05/2023;12;0,171;R
ES0000000000004889CCPF;22/05/2023;13;0,177;R
ES0000000000004889CCPF;22/05/2023;14;0,188;R
ES0000000000004889CCPF;22/05/2023;15;0,297;R
ES0000000000004889CCPF;22/05/2023;16;0,27;R
ES0000000000004889CCPF;22/05/2023;17;0,255;R
ES0000000000004889CCPF;22/05/2023;18;0,254;R
ES0000000000004889CCPF;22/05/2023;19;0,163;R
ES0000000000004889CCPF;22/05/2023;20;0,17;R
ES0000000000004889CCPF;22/05/2023;21;0,19;R
ES0000000000004889CCPF;22/05/2023;22;0,217;R
ES0000000000004889CCPF;22/05/2023;23;0,333;R
ES0000000000004889CCPF;23/05/2023;0;0,273;R
ES0000000000004889CCPF;23/05/2023;1;0,174;R
ES0000000000004889CCPF;23/05/2023;2;0,145;R
ES0000000000004889CCPF;23/05/2023;3;0,129;R
ES0000000000004889CCPF;23/05/2023;4;0,122;R
ES0000000000004889CCPF;23/05/2023;5;0,12;R
ES0000000000004889CCPF;23/05/2023;6;0,123;R
ES0000000000004889CCPF;23/05/2023;7;0,135;R
ES0000000000004889CCPF;23/05/2023;8;0,162;R
ES0000000000004889CCPF;23/05/2023;9;0,238;R
ES0000000000004889CCPF;23/05/2023;10;0,252;R
ES0000000000004889CCPF;23/05/2023;11;0,166;R
ES0000000000004889CCPF;23/05/2023;12;0,168;R
ES0000000000004889CCPF;23/05/2023;13;0,175;R
ES0000000000004889CCPF;23/05/2023;14;0,185;R
ES0000000000004889CCPF;23/05/2023;15;0,292;R
ES0000000000004889CCPF;23/05/2023;16;0,267;R
ES0000000000004889CCPF;23/05/2023;17;0,252;R
ES0000000000004889CCPF;23/05/2023;18;0,253;R
ES0000000000004889CCPF;23/05/2023;19;0,162;R
ES0000000000004889CCPF;23/05/2023;20;0,169;R
ES0000000000004889CCPF;23/05/2023;21;0,187;R
ES0000000000004889CCPF;23/05/2023;22;0,214;R
ES0000000000004889CCPF;23/05/2023;23;0,331;R
ES0000000000004889CCPF;24/05/2023;0;0,274;R
ES0000000000004889CCPF;24/05/2023;1;0,175;R
ES0000000000004889CCPF;24/05/2023;2;0,146;R
ES0000000000004889CCPF;24/05/2023;3;0,13;R
ES0000000000004889CCPF;24/05/2023;4;0,123;R
ES0000000000004889CCPF;24/05/2023;5;0,121;R
ES0000000000004889CCPF;24/05/2023;6;0,123;R
ES0000000000004889CCPF;24/05/2023;7;0,135;R
ES0000000000004889CCPF;24/05/2023;8;0,163;R
ES0000000000004889CCPF;24/05/2023;9;0,238;R
ES0000000000004889CCPF;24/05/2023;10;0,251;R
ES0000000000004889CCPF;24/05/2023;11;0,165;R
ES0000000000004889CCPF;24/05/2023;12;0,168;R
ES0000000000004889CCPF;24/05/2023;13;0,175;R
ES0000000000004889CCPF;24/05/2023;14;0,185;R
ES0000000000004889CCPF;24/05/2023;15;0,291;R
ES0000000000004889CCPF;24/05/2023;16;0,267;R
ES0000000000004889CCPF;24/05/2023;17;0,252;R
ES0000000000004889CCPF;24/05/2023;18;0,253;R
ES0000000000004889CCPF;24/05/2023;19;0,162;R
ES0000000000004889CCPF;24/05/2023;20;0,169;R
ES0000000000004889CCPF;24/05/2023;21;0,188;R
ES0000000000004889CCPF;24/05/2023;22;0,215;R
ES0000000000004889CCPF;24/05/2023;23;0,331;R
ES0000000000004889CCPF;25/05/2023;0;0,275;R
ES0000000000004889CCPF;25/05/2023;1;0,177;R
ES0000000000004889CCPF;25/05/2023;2;0,147;R
ES0000000000004889CCPF;25/05/2023;3;0,131;R
ES0000000000004889CCPF;25/05/2023;4;0,124;R
ES0000000000004889CCPF;25/05/2023;5;0,121;R
ES0000000000004889CCPF;25/05/2023;6;0,124;R
ES0000000000004889CCPF;25/05/2023;7;0,135;R
ES0000000000004889CCPF;25/05/2023;8;0,162;R
ES0000000000004889CCPF;25/05/2023;9;0,237;R
ES0000000000004889CCPF;25/05/2023;10;0,251;R
ES0000000000004889CCPF;25/05/2023;11;0,165;R
ES0000000000004889CCPF;25/05/2023;12;0,168;R
ES0000000000004889CCPF;25/05/2023;13;0,175;R
ES0000000000004889CCPF;25/05/2023;14;0,185;R
ES0000000000004889CCPF;25/05/2023;15;0,292;R
ES0000000000004889CCPF;25/05/2023;16;0,268;R
ES0000000000004889CCPF;25/05/2023;17;0,253;R
ES0000000000004889CCPF;25/05/2023;18;0,254;R
ES0000000000004889CCPF;25/05/2023;19;0,162;R
ES0000000000004889CCPF;25/05/2023;20;0,17;R
ES0000000000004889CCPF;25/05/2023;21;0,188;R
ES0000000000004889CCPF;25/05/2023;22;0,214;R
ES0000000000004889CCPF;25/05/2023;23;0,332;R
ES0000000000004889CCPF;26/05/2023;0;0,276;R
ES0000000000004889CCPF;26/05/2023;1;0,178;R
ES0000000000004889CCPF;26/05/2023;2;0,148;R
ES0000000000004889CCPF;26/05/2023;3;0,131;R
ES0000000000004889CCPF;26/05/2023;4;0,124;R
ES0000000000004889CCPF;26/05/2023;5;0,121;R
ES0000000000004889CCPF;26/05/2023;6;0,124;R
ES0000000000004889CCPF;26/05/2023;7;0,136;R
ES0000000000004889CCPF;26/05/2023;8;0,163;R
ES0000000000004889CCPF;26/05/2023;9;0,239;R
ES0000000000004889CCPF;26/05/2023;10;0,255;R
ES0000000000004889CCPF;26/05/2023;11;0,168;R
ES0000000000004889CCPF;26/05/2023;12;0,171;R
ES0000000000004889CCPF;26/05/2023;13;0,177;R
ES0000000000004889CCPF;26/05/2023;14;0,187;R
ES0000000000004889CCPF;26/05/2023;15;0,296;R
ES0000000000004889CCPF;26/05/2023;16;0,274;R
ES0000000000004889CCPF;26/05/2023;17;0,26;R
ES0000000000004889CCPF;26/05/2023;18;0,26;R
ES0000000000004889CCPF;26/05/2023;19;0,164;R
ES0000000000004889CCPF;26/05/2023;20;0,166;R
ES0000000000004889CCPF;26/05/2023;21;0,175;R
ES0000000000004889CCPF;26/05/2023;22;0,201;R
ES0000000000004889CCPF;26/05/2023;23;0,321;R
ES0000000000004889CCPF;27/05/2023;0;0,279;R
ES0000000000004889CCPF;27/05/2023;1;0,188;R
ES0000000000004889CCPF;27/05/2023;2;0,158;R
ES0000000000004889CCPF;27/05/2023;3;0,139;R
ES0000000000004889CCPF;27/05/2023;4;0,129;R
ES0000000000004889CCPF;27/05/2023;5;0,125;R
ES0000000000004889CCPF;27/05/2023;6;0,124;R
ES0000000000004889CCPF;27/05/2023;7;0,125;R
ES0000000000004889CCPF;27/05/2023;8;0,13;R
ES0000000000004889CCPF;27/05/2023;9;0,164;R
ES0000000000004889CCPF;27/05/2023;10;0,204;R
ES0000000000004889CCPF;27/05/2023;11;0,23;R
ES0000000000004889CCPF;27/05/2023;12;0,236;R
ES0000000000004889CCPF;27/05/2023;13;0,239;R
ES0000000000004889CCPF;27/05/2023;14;0,252;R
ES0000000000004889CCPF;27/05/2023;15;0,248;R
ES0000000000004889CCPF;27/05/2023;16;0,217;R
ES0000000000004889CCPF;27/05/2023;17;0,199;R
ES0000000000004889CCPF;27/05/2023;18;0,193;R
ES0000000000004889CCPF;27/05/2023;19;0,193;R
ES0000000000004889CCPF;27/05/2023;20;0,196;R
ES0000000000004889CCPF;27/05/2023;21;0,21;R
ES0000000000004889CCPF;27/05/2023;22;0,244;R
ES0000000000004889CCPF;27/05/2023;23;0,249;R
ES0000000000004889CCPF;28/05/2023;0;0,221;R
ES0000000000004889CCPF;28/05/2023;1;0,191;R
ES0000000000004889CCPF;28/05/2023;2;0,163;R
ES0000000000004889CCPF;28/05/2023;3;0,142;R
ES0000000000004889CCPF;28/05/2023;4;0,131;R
ES0000000000004889CCPF;28/05/2023;5;0,126;R
ES0000000000004889CCPF;28/05/2023;6;0,124;R
ES0000000000004889CCPF;28/05/2023;7;0,123;R
ES0000000000004889CCPF;28/05/2023;8;0,123;R
ES0000000000004889CCPF;28/05/2023;9;0,149;R
ES0000000000004889CCPF;28/05/2023;10;0,19;R
ES0000000000004889CCPF;28/05/2023;11;0,221;R
ES0000000000004889CCPF;28/05/2023;12;0,235;R
ES0000000000004889CCPF;28/05/2023;13;0,239;R
ES0000000000004889CCPF;28/05/2023;14;0,251;R
ES0000000000004889CCPF;28/05/2023;15;0,246;R
ES0000000000004889CCPF;28/05/2023;16;0,214;R
ES0000000000004889CCPF;28/05/2023;17;0,196;R
ES0000000000004889CCPF;28/05/2023;18;0,191;R
ES0000000000004889CCPF;28/05/2023;19;0,194;R
ES0000000000004889CCPF;28/05/2023;20;0,204;R
ES0000000000004889CCPF;28/05/2023;21;0,227;R
ES0000000000004889CCPF;28/05/2023;22;0,264;R
ES0000000000004889CCPF;28/05/2023;23;0,263;R
ES0000000000004889CCPF;29/05/2023;0;0,223;R
ES0000000000004889CCPF;29/05/2023;1;0,178;R
ES0000000000004889CCPF;29/05/2023;2;0,149;R
ES0000000000004889CCPF;29/05/2023;3;0,132;R
ES0000000000004889CCPF;29/05/2023;4;0,125;R
ES0000000000004889CCPF;29/05/2023;5;0,122;R
ES0000000000004889CCPF;29/05/2023;6;0,124;R
ES0000000000004889CCPF;29/05/2023;7;0,123;R
ES0000000000004889CCPF;29/05/2023;8;0,249;R
ES0000000000004889CCPF;29/05/2023;9;0,124;R
ES0000000000004889CCPF;29/05/2023;10;0,168;R
ES0000000000004889CCPF;29/05/2023;11;0,102;R
ES0000000000004889CCPF;29/05/2023;12;0,12;R
ES0000000000004889CCPF;29/05/2023;13;0,127;R
ES0000000000004889CCPF;29/05/2023;14;0,383;R
ES0000000000004889CCPF;29/05/2023;15;0,134;R
ES0000000000004889CCPF;29/05/2023;16;0,377;R
ES0000000000004889CCPF;29/05/2023;17;0,699;R
ES0000000000004889CCPF;29/05/2023;18;0,475;R
ES0000000000004889CCPF;29/05/2023;19;0,142;R
ES0000000000004889CCPF;29/05/2023;20;0,146;R
ES0000000000004889CCPF;29/05/2023;21;0,223;R
ES0000000000004889CCPF;29/05/2023;22;0,464;R
ES0000000000004889CCPF;29/05/2023;23;0,162;R
ES0000000000004889CCPF;30/05/2023;0;0,116;R
ES0000000000004889CCPF;30/05/2023;1;0,121;R
ES0000000000004889CCPF;30/05/2023;2;0,078;R
ES0000000000004889CCPF;30/05/2023;3;0,11;R
ES0000000000004889CCPF;30/05/2023;4;0,11;R
ES0000000000004889CCPF;30/05/2023;5;0,079;R
ES0000000000004889CCPF;30/05/2023;6;0,108;R
ES0000000000004889CCPF;30/05/2023;7;0,395;R
ES0000000000004889CCPF;30/05/2023;8;0,225;R
ES0000000000004889CCPF;30/05/2023;9;0,104;R
ES0000000000004889CCPF;30/05/2023;10;0,461;R
ES0000000000004889CCPF;30/05/2023;11;0,109;R
ES0000000000004889CCPF;30/05/2023;12;0,102;R
ES0000000000004889CCPF;30/05/2023;13;0,168;R
ES0000000000004889CCPF;30/05/2023;14;0,123;R
ES0000000000004889CCPF;30/05/2023;15;0,828;R
ES0000000000004889CCPF;30/05/2023;16;0,397;R
ES0000000000004889CCPF;30/05/2023;17;0,336;R
ES0000000000004889CCPF;30/05/2023;18;0,107;R
ES0000000000004889CCPF;30/05/2023;19;0,146;R
ES0000000000004889CCPF;30/05/2023;20;0,234;R
ES0000000000004889CCPF;30/05/2023;21;0,201;R
ES0000000000004889CCPF;30/05/2023;22;0,341;R
ES0000000000004889CCPF;30/05/2023;23;0,502;R
ES0000000000004889CCPF;31/05/2023;0;0,118;R
ES0000000000004889CCPF;31/05/2023;1;0,131;R
ES0000000000004889CCPF;31/05/2023;2;0,103;R
ES0000000000004889CCPF;31/05/2023;3;0,083;R
ES0000000000004889CCPF;31/05/2023;4;0,128;R
ES0000000000004889CCPF;31/05/2023;5;0,111;R
ES0000000000004889CCPF;31/05/2023;6;0,08;R
ES0000000000004889CCPF;31/05/2023;7;0,139;R
ES0000000000004889CCPF;31/05/2023;8;0,315;R
ES0000000000004889CCPF;31/05/2023;9;0,203;R
ES0000000000004889CCPF;31/05/2023;10;0,311;R
ES0000000000004889CCPF;31/05/2023;11;0,13;R
ES0000000000004889CCPF;31/05/2023;12;0,095;R
ES0000000000004889CCPF;31/05/2023;13;0,16;R
ES0000000000004889CCPF;31/05/2023;14;0,154;R
ES0000000000004889CCPF;31/05/2023;15;0,08;R
ES0000000000004889CCPF;31/05/2023;16;0,358;R
ES0000000000004889CCPF;31/05/2023;17;0,309;R
ES0000000000004889CCPF;31/05/2023;18;0,123;R
ES0000000000004889CCPF;31/05/2023;19;0,414;R
ES0000000000004889CCPF;31/05/2023;20;0,337;R
ES0000000000004889CCPF;31/05/2023;21;0,463;R
ES0000000000004889CCPF;31/05/2023;22;0,568;R
ES0000000000004889CCPF;31/05/2023;23;0,252;R
ES0000000000004889CCPF;01/06/2023;0;0,148;R
ES0000000000004889CCPF;01/06/2023;1;0,135;R
ES0000000000004889CCPF;01/06/2023;2;0,103;R
ES0000000000004889CCPF;01/06/2023;3;0,086;R
ES0000000000004889CCPF;01/06/2023;4;0,132;R
ES0000000000004889CCPF;01/06/2023;5;0,094;R
ES0000000000004889CCPF;01/06/2023;6;0,094;R
ES0000000000004889CCPF;01/06/2023;7;0,22;R
ES0000000000004889CCPF;01/06/2023;8;1,599;R
ES0000000000004889CCPF;01/06/2023;9;0,466;R
ES0000000000004889CCPF;01/06/2023;10;0,119;R
ES0000000000004889CCPF;01/06/2023;11;0,164;R
ES0000000000004889CCPF;01/06/2023;12;0,117;R
ES0000000000004889CCPF;01/06/2023;13;0,111;R
ES0000000000004889CCPF;01/06/2023;14;0,091;R
ES0000000000004889CCPF;01/06/2023;15;0,134;R
ES0000000000004889CCPF;01/06/2023;16;0,107;R
ES0000000000004889CCPF;01/06/2023;17;0,205;R
ES0000000000004889CCPF;01/06/2023;18;0,105;R
ES0000000000004889CCPF;01/06/2023;19;0,382;R
ES0000000000004889CCPF;01/06/2023;20;0,121;R
ES0000000000004889CCPF;01/06/2023;21;0,085;R
ES0000000000004889CCPF;01/06/2023;22;0,13;R
ES0000000000004889CCPF;01/06/2023;23;0,09;R
ES0000000000004889CCPF;02/06/2023;0;0,181;R
ES0000000000004889CCPF;02/06/2023;1;0,167;R
ES0000000000004889CCPF;02/06/2023;2;0,087;R
ES0000000000004889CCPF;02/06/2023;3;0,096;R
ES0000000000004889CCPF;02/06/2023;4;0,129;R
ES0000000000004889CCPF;02/06/2023;5;0,09;R
ES0000000000004889CCPF;02/06/2023;6;0,092;R
ES0000000000004889CCPF;02/06/2023;7;0,125;R
ES0000000000004889CCPF;02/06/2023;8;0,094;R
ES0000000000004889CCPF;02/06/2023;9;0,315;R
ES0000000000004889CCPF;02/06/2023;10;0,575;R
ES0000000000004889CCPF;02/06/2023;11;0,381;R
ES0000000000004889CCPF;02/06/2023;12;0,194;R
ES0000000000004889CCPF;02/06/2023;13;0,116;R
ES0000000000004889CCPF;02/06/2023;14;0,233;R
ES0000000000004889CCPF;02/06/2023;15;0,853;R
ES0000000000004889CCPF;02/06/2023;16;0,743;R
ES0000000000004889CCPF;02/06/2023;17;0,243;R
ES0000000000004889CCPF;02/06/2023;18;0,554;R
ES0000000000004889CCPF;02/06/2023;19;0,135;R
ES0000000000004889CCPF;02/06/2023;20;0,127;R
ES0000000000004889CCPF;02/06/2023;21;0,121;R
ES0000000000004889CCPF;02/06/2023;22;0,095;R
ES0000000000004889CCPF;02/06/2023;23;0,387;R
ES0000000000004889CCPF;03/06/2023;0;0,27;R
ES0000000000004889CCPF;03/06/2023;1;0,132;R
ES0000000000004889CCPF;03/06/2023;2;0,136;R
ES0000000000004889CCPF;03/06/2023;3;0,091;R
ES0000000000004889CCPF;03/06/2023;4;0,1;R
ES0000000000004889CCPF;03/06/2023;5;0,394;R
ES0000000000004889CCPF;03/06/2023;6;0,09;R
ES0000000000004889CCPF;03/06/2023;7;0,148;R
ES0000000000004889CCPF;03/06/2023;8;0,138;R
ES0000000000004889CCPF;03/06/2023;9;0,213;R
ES0000000000004889CCPF;03/06/2023;10;0,289;R
ES0000000000004889CCPF;03/06/2023;11;0,905;R
ES0000000000004889CCPF;03/06/2023;12;0,885;R
ES0000000000004889CCPF;03/06/2023;13;0,134;R
ES0000000000004889CCPF;03/06/2023;14;0,09;R
ES0000000000004889CCPF;03/06/2023;15;0,281;R
ES0000000000004889CCPF;03/06/2023;16;0,674;R
ES0000000000004889CCPF;03/06/2023;17;0,785;R
ES0000000000004889CCPF;03/06/2023;18;1,042;R
ES0000000000004889CCPF;03/06/2023;19;0,315;R
ES0000000000004889CCPF;03/06/2023;20;0,132;R
ES0000000000004889CCPF;03/06/2023;21;0,432;R
ES0000000000004889CCPF;03/06/2023;22;0,491;R
ES0000000000004889CCPF;03/06/2023;23;0,225;R
ES0000000000004889CCPF;04/06/2023;0;0,287;R
ES0000000000004889CCPF;04/06/2023;1;0,137;R
ES0000000000004889CCPF;04/06/2023;2;0,111;R
ES0000000000004889CCPF;04/06/2023;3;0,124;R
ES0000000000004889CCPF;04/06/2023;4;0,082;R
ES0000000000004889CCPF;04/06/2023;5;0,429;R
ES0000000000004889CCPF;04/06/2023;6;0,087;R
ES0000000000004889CCPF;04/06/2023;7;0,11;R
ES0000000000004889CCPF;04/06/2023;8;0,127;R
ES0000000000004889CCPF;04/06/2023;9;0,166;R
ES0000000000004889CCPF;04/06/2023;10;0,6;R
ES0000000000004889CCPF;04/06/2023;11;0,738;R
ES0000000000004889CCPF;04/06/2023;12;0,556;R
ES0000000000004889CCPF;04/06/2023;13;0,147;R
ES0000000000004889CCPF;04/06/2023;14;0,435;R
ES0000000000004889CCPF;04/06/2023;15;0,234;R
ES0000000000004889CCPF;04/06/2023;16;0,09;R
ES0000000000004889CCPF;04/06/2023;17;0,104;R
ES0000000000004889CCPF;04/06/2023;18;0,129;R
ES0000000000004889CCPF;04/06/2023;19;0,079;R
ES0000000000004889CCPF;04/06/2023;20;0,14;R
ES0000000000004889CCPF;04/06/2023;21;0,091;R
ES0000000000004889CCPF;04/06/2023;22;0,648;R
ES0000000000004889CCPF;04/06/2023;23;0,684;R
ES0000000000004889CCPF;05/06/2023;0;0,301;R
ES0000000000004889CCPF;05/06/2023;1;0,154;R
ES0000000000004889CCPF;05/06/2023;2;0,113;R
ES0000000000004889CCPF;05/06/2023;3;0,161;R
ES0000000000004889CCPF;05/06/2023;4;0,335;R
ES0000000000004889CCPF;05/06/2023;5;0,155;R
ES0000000000004889CCPF;05/06/2023;6;0,077;R
ES0000000000004889CCPF;05/06/2023;7;0,177;R
ES0000000000004889CCPF;05/06/2023;8;0,079;R
ES0000000000004889CCPF;05/06/2023;9;0,309;R
ES0000000000004889CCPF;05/06/2023;10;0,315;R
ES0000000000004889CCPF;05/06/2023;11;0,261;R
ES0000000000004889CCPF;05/06/2023;12;0,14;R
ES0000000000004889CCPF;05/06/2023;13;0,158;R
ES0000000000004889CCPF;05/06/2023;14;0,178;R
ES0000000000004889CCPF;05/06/2023;15;1,174;R
ES0000000000004889CCPF;05/06/2023;16;0,308;R
ES0000000000004889CCPF;05/06/2023;17;0,29;R
ES0000000000004889CCPF;05/06/2023;18;0,228;R
ES0000000000004889CCPF;05/06/2023;19;0,14;R
ES0000000000004889CCPF;05/06/2023;20;0,248;R
ES0000000000004889CCPF;05/06/2023;21;0,213;R
ES0000000000004889CCPF;05/06/2023;22;0,558;R
ES0000000000004889CCPF;05/06/2023;23;0,288;R
ES0000000000004889CCPF;06/06/2023;0;0,481;R
ES0000000000004889CCPF;06/06/2023;1;0,106;R
ES0000000000004889CCPF;06/06/2023;2;0,129;R
ES0000000000004889CCPF;06/06/2023;3;0,114;R
ES0000000000004889CCPF;06/06/2023;4;0,103;R
ES0000000000004889CCPF;06/06/2023;5;0,152;R
ES0000000000004889CCPF;06/06/2023;6;0,076;R
ES0000000000004889CCPF;06/06/2023;7;0,147;R
ES0000000000004889CCPF;06/06/2023;8;0,629;R
ES0000000000004889CCPF;06/06/2023;9;0,91;R
ES0000000000004889CCPF;06/06/2023;10;0,363;R
ES0000000000004889CCPF;06/06/2023;11;0,577;R
ES0000000000004889CCPF;06/06/2023;12;0,177;R
ES0000000000004889CCPF;06/06/2023;13;0,081;R
ES0000000000004889CCPF;06/06/2023;14;0,144;R
ES0000000000004889CCPF;06/06/2023;15;0,1;R
ES0000000000004889CCPF;06/06/2023;16;0,205;R
ES0000000000004889CCPF;06/06/2023;17;0,584;R
ES0000000000004889CCPF;06/06/2023;18;0,232;R
ES0000000000004889CCPF;06/06/2023;19;0,155;R
ES0000000000004889CCPF;06/06/2023;20;0,084;R
ES0000000000004889CCPF;06/06/2023;21;0,254;R
ES0000000000004889CCPF;06/06/2023;22;0,1;R
ES0000000000004889CCPF;06/06/2023;23;0,131;R
ES0000000000004889CCPF;07/06/2023;0;0,254;R
ES0000000000004889CCPF;07/06/2023;1;0,11;R
ES0000000000004889CCPF;07/06/2023;2;0,145;R
ES0000000000004889CCPF;07/06/2023;3;0,09;R
ES0000000000004889CCPF;07/06/2023;4;0,149;R
ES0000000000004889CCPF;07/06/2023;5;0,341;R
ES0000000000004889CCPF;07/06/2023;6;0,16;R
ES0000000000004889CCPF;07/06/2023;7;0,123;R
ES0000000000004889CCPF;07/06/2023;8;0,135;R
ES0000000000004889CCPF;07/06/2023;9;0,281;R
ES0000000000004889CCPF;07/06/2023;10;0,601;R
ES0000000000004889CCPF;07/06/2023;11;0,373;R
ES0000000000004889CCPF;07/06/2023;12;0,237;R
ES0000000000004889CCPF;07/06/2023;13;0,288;R
ES0000000000004889CCPF;07/06/2023;14;0,119;R
ES0000000000004889CCPF;07/06/2023;15;0,481;R
ES0000000000004889CCPF;07/06/2023;16;0,599;R
ES0000000000004889CCPF;07/06/2023;17;0,144;R
ES0000000000004889CCPF;07/06/2023;18;0,215;R
ES0000000000004889CCPF;07/06/2023;19;0,176;R
ES0000000000004889CCPF;07/06/2023;20;0,248;R
ES0000000000004889CCPF;07/06/2023;21;0,451;R
ES0000000000004889CCPF;07/06/2023;22;0,301;R
ES0000000000004889CCPF;07/06/2023;23;0,467;R
ES0000000000004889CCPF;08/06/2023;0;0,102;R
ES0000000000004889CCPF;08/06/2023;1;0,152;R
ES0000000000004889CCPF;08/06/2023;2;0,079;R
ES0000000000004889CCPF;08/06/2023;3;0,124;R
ES0000000000004889CCPF;08/06/2023;4;0,118;R
ES0000000000004889CCPF;08/06/2023;5;0,096;R
ES0000000000004889CCPF;08/06/2023;6;0,142;R
ES0000000000004889CCPF;08/06/2023;7;0,121;R
ES0000000000004889CCPF;08/06/2023;8;0,227;R
ES0000000000004889CCPF;08/06/2023;9;0,521;R
ES0000000000004889CCPF;08/06/2023;10;0,123;R
ES0000000000004889CCPF;08/06/2023;11;0,139;R
ES0000000000004889CCPF;08/06/2023;12;0,112;R
ES0000000000004889CCPF;08/06/2023;13;0,114;R
ES0000000000004889CCPF;08/06/2023;14;0,194;R
ES0000000000004889CCPF;08/06/2023;15;0,587;R
ES0000000000004889CCPF;08/06/2023;16;0,308;R
ES0000000000004889CCPF;08/06/2023;17;0,272;R
ES0000000000004889CCPF;08/06/2023;18;0,177;R
ES0000000000004889CCPF;08/06/2023;19;0,203;R
ES0000000000004889CCPF;08/06/2023;20;0,549;R
ES0000000000004889CCPF;08/06/2023;21;0,207;R
ES0000000000004889CCPF;08/06/2023;22;0,387;R
ES0000000000004889CCPF;08/06/2023;23;0,213;R
ES0000000000004889CCPF;09/06/2023;0;0,122;R
ES0000000000004889CCPF;09/06/2023;1;0,38;R
ES0000000000004889CCPF;09/06/2023;2;0,077;R
ES0000000000004889CCPF;09/06/2023;3;0,131;R
ES0000000000004889CCPF;09/06/2023;4;0,104;R
ES0000000000004889CCPF;09/06/2023;5;0,082;R
ES0000000000004889CCPF;09/06/2023;6;0,129;R
ES0000000000004889CCPF;09/06/2023;7;0,787;R
ES0000000000004889CCPF;09/06/2023;8;0,371;R
ES0000000000004889CCPF;09/06/2023;9;0,604;R
ES0000000000004889CCPF;09/06/2023;10;0,145;R
ES0000000000004889CCPF;09/06/2023;11;0,125;R
ES0000000000004889CCPF;09/06/2023;12;0,151;R
ES0000000000004889CCPF;09/06/2023;13;0,114;R
ES0000000000004889CCPF;09/06/2023;14;0,143;R
ES0000000000004889CCPF;09/06/2023;15;0,172;R
ES0000000000004889CCPF;09/06/2023;16;0,214;R
ES0000000000004889CCPF;09/06/2023;17;0,41;R
ES0000000000004889CCPF;09/06/2023;18;0,186;R
ES0000000000004889CCPF;09/06/2023;19;0,359;R
ES0000000000004889CCPF;09/06/2023;20;0,111;R
ES0000000000004889CCPF;09/06/2023;21;0,18;R
ES0000000000004889CCPF;09/06/2023;22;0,361;R
ES0000000000004889CCPF;09/06/2023;23;0,245;R
ES0000000000004889CCPF;10/06/2023;0;0,224;R
ES0000000000004889CCPF;10/06/2023;1;0,088;R
ES0000000000004889CCPF;10/06/2023;2;0,133;R
ES0000000000004889CCPF;10/06/2023;3;0,108;R
ES0000000000004889CCPF;10/06/2023;4;0,093;R
ES0000000000004889CCPF;10/06/2023;5;0,139;R
ES0000000000004889CCPF;10/06/2023;6;0,097;R
ES0000000000004889CCPF;10/06/2023;7;0,097;R
ES0000000000004889CCPF;10/06/2023;8;0,207;R
ES0000000000004889CCPF;10/06/2023;9;0,501;R
ES0000000000004889CCPF;10/06/2023;10;0,349;R
ES0000000000004889CCPF;10/06/2023;11;0,838;R
ES0000000000004889CCPF;10/06/2023;12;0,153;R
ES0000000000004889CCPF;10/06/2023;13;0,103;R
ES0000000000004889CCPF;10/06/2023;14;0,13;R
ES0000000000004889CCPF;10/06/2023;15;0,081;R
ES0000000000004889CCPF;10/06/2023;16;0,115;R
ES0000000000004889CCPF;10/06/2023;17;0,128;R
ES0000000000004889CCPF;10/06/2023;18;0,085;R
ES0000000000004889CCPF;10/06/2023;19;0,404;R
ES0000000000004889CCPF;10/06/2023;20;0,12;R
ES0000000000004889CCPF;10/06/2023;21;0,103;R
ES0000000000004889CCPF;10/06/2023;22;0,262;R
ES0000000000004889CCPF;10/06/2023;23;0,253;R
ES0000000000004889CCPF;11/06/2023;0;0,134;R
ES0000000000004889CCPF;11/06/2023;1;0,191;R
ES0000000000004889CCPF;11/06/2023;2;0,169;R
ES0000000000004889CCPF;11/06/2023;3;0,149;R
ES0000000000004889CCPF;11/06/2023;4;0,137;R
ES0000000000004889CCPF;11/06/2023;5;0,13;R
ES0000000000004889CCPF;11/06/2023;6;0,128;R
ES0000000000004889CCPF;11/06/2023;7;0,123;R
ES0000000000004889CCPF;11/06/2023;8;0,121;R
ES0000000000004889CCPF;11/06/2023;9;0,14;R
ES0000000000004889CCPF;11/06/2023;10;0,171;R
ES0000000000004889CCPF;11/06/2023;11;0,196;R
ES0000000000004889CCPF;11/06/2023;12;0,211;R
ES0000000000004889CCPF;11/06/2023;13;0,219;R
ES0000000000004889CCPF;11/06/2023;14;0,232;R
ES0000000000004889CCPF;11/06/2023;15;0,232;R
ES0000000000004889CCPF;11/06/2023;16;0,207;R
ES0000000000004889CCPF;11/06/2023;17;0,192;R
ES0000000000004889CCPF;11/06/2023;18;0,187;R
ES0000000000004889CCPF;11/06/2023;19;0,192;R
ES0000000000004889CCPF;11/06/2023;20;0,2;R
ES0000000000004889CCPF;11/06/2023;21;0,215;R
ES0000000000004889CCPF;11/06/2023;22;0,241;R
ES0000000000004889CCPF;11/06/2023;23;0,254;R
ES0000000000004889CCPF;12/06/2023;0;0,224;R
ES0000000000004889CCPF;12/06/2023;1;0,184;R
ES0000000000004889CCPF;12/06/2023;2;0,155;R
ES0000000000004889CCPF;12/06/2023;3;0,138;R
ES0000000000004889CCPF;12/06/2023;4;0,13;R
ES0000000000004889CCPF;12/06/2023;5;0,126;R
ES0000000000004889CCPF;12/06/2023;6;0,127;R
ES0000000000004889CCPF;12/06/2023;7;0,135;R
ES0000000000004889CCPF;12/06/2023;8;0,15;R
ES0000000000004889CCPF;12/06/2023;9;0,216;R
ES0000000000004889CCPF;12/06/2023;10;0,234;R
ES0000000000004889CCPF;12/06/2023;11;0,156;R
ES0000000000004889CCPF;12/06/2023;12;0,161;R
ES0000000000004889CCPF;12/06/2023;13;0,168;R
ES0000000000004889CCPF;12/06/2023;14;0,181;R
ES0000000000004889CCPF;12/06/2023;15;0,291;R
ES0000000000004889CCPF;12/06/2023;16;0,27;R
ES0000000000004889CCPF;12/06/2023;17;0,259;R
ES0000000000004889CCPF;12/06/2023;18;0,26;R
ES0000000000004889CCPF;12/06/2023;19;0,165;R
ES0000000000004889CCPF;12/06/2023;20;0,17;R
ES0000000000004889CCPF;12/06/2023;21;0,182;R
ES0000000000004889CCPF;12/06/2023;22;0,2;R
ES0000000000004889CCPF;12/06/2023;23;0,329;R
ES0000000000004889CCPF;13/06/2023;0;0,282;R
ES0000000000004889CCPF;13/06/2023;1;0,167;R
ES0000000000004889CCPF;13/06/2023;2;0,14;R
ES0000000000004889CCPF;13/06/2023;3;0,124;R
ES0000000000004889CCPF;13/06/2023;4;0,117;R
ES0000000000004889CCPF;13/06/2023;5;0,113;R
ES0000000000004889CCPF;13/06/2023;6;0,114;R
ES0000000000004889CCPF;13/06/2023;7;0,12;R
ES0000000000004889CCPF;13/06/2023;8;0,137;R
ES0000000000004889CCPF;13/06/2023;9;0,143;R
ES0000000000004889CCPF;13/06/2023;10;0,154;R
ES0000000000004889CCPF;13/06/2023;11;0,14;R
ES0000000000004889CCPF;13/06/2023;12;0,144;R
ES0000000000004889CCPF;13/06/2023;13;0,151;R
ES0000000000004889CCPF;13/06/2023;14;0,163;R
ES0000000000004889CCPF;13/06/2023;15;0,189;R
ES0000000000004889CCPF;13/06/2023;16;0,176;R
ES0000000000004889CCPF;13/06/2023;17;0,169;R
ES0000000000004889CCPF;13/06/2023;18;0,17;R
ES0000000000004889CCPF;13/06/2023;19;0,148;R
ES0000000000004889CCPF;13/06/2023;20;0,151;R
ES0000000000004889CCPF;13/06/2023;21;0,162;R
ES0000000000004889CCPF;13/06/2023;22;0,177;R
ES0000000000004889CCPF;13/06/2023;23;0,213;R
ES0000000000004889CCPF;14/06/2023;0;0,184;R
ES0000000000004889CCPF;14/06/2023;1;0,168;R
ES0000000000004889CCPF;14/06/2023;2;0,141;R
ES0000000000004889CCPF;14/06/2023;3;0,125;R
ES0000000000004889CCPF;14/06/2023;4;0,118;R
ES0000000000004889CCPF;14/06/2023;5;0,114;R
ES0000000000004889CCPF;14/06/2023;6;0,115;R
ES0000000000004889CCPF;14/06/2023;7;0,121;R
ES0000000000004889CCPF;14/06/2023;8;0,138;R
ES0000000000004889CCPF;14/06/2023;9;0,146;R
ES0000000000004889CCPF;14/06/2023;10;0,156;R
ES0000000000004889CCPF;14/06/2023;11;0,141;R
ES0000000000004889CCPF;14/06/2023;12;0,145;R
ES0000000000004889CCPF;14/06/2023;13;0,152;R
ES0000000000004889CCPF;14/06/2023;14;0,164;R
ES0000000000004889CCPF;14/06/2023;15;0,191;R
ES0000000000004889CCPF;14/06/2023;16;0,178;R
ES0000000000004889CCPF;14/06/2023;17;0,171;R
ES0000000000004889CCPF;14/06/2023;18;0,172;R
ES0000000000004889CCPF;14/06/2023;19;0,15;R
ES0000000000004889CCPF;14/06/2023;20;0,153;R
ES0000000000004889CCPF;14/06/2023;21;0,162;R
ES0000000000004889CCPF;14/06/2023;22;0,178;R
ES0000000000004889CCPF;14/06/2023;23;0,213;R
ES0000000000004889CCPF;15/06/2023;0;0,185;R
ES0000000000004889CCPF;15/06/2023;1;0,169;R
ES0000000000004889CCPF;15/06/2023;2;0,142;R
ES0000000000004889CCPF;15/06/2023;3;0,126;R
ES0000000000004889CCPF;15/06/2023;4;0,118;R
ES0000000000004889CCPF;15/06/2023;5;0,115;R
ES0000000000004889CCPF;15/06/2023;6;0,115;R
ES0000000000004889CCPF;15/06/2023;7;0,12;R
ES0000000000004889CCPF;15/06/2023;8;0,137;R
ES0000000000004889CCPF;15/06/2023;9;0,145;R
ES0000000000004889CCPF;15/06/2023;10;0,156;R
ES0000000000004889CCPF;15/06/2023;11;0,14;R
ES0000000000004889CCPF;15/06/2023;12;0,145;R
ES0000000000004889CCPF;15/06/2023;13;0,152;R
ES0000000000004889CCPF;15/06/2023;14;0,164;R
ES0000000000004889CCPF;15/06/2023;15;0,19;R
ES0000000000004889CCPF;15/06/2023;16;0,177;R
ES0000000000004889CCPF;15/06/2023;17;0,171;R
ES0000000000004889CCPF;15/06/2023;18;0,172;R
ES0000000000004889CCPF;15/06/2023;19;0,149;R
ES0000000000004889CCPF;15/06/2023;20;0,152;R
ES0000000000004889CCPF;15/06/2023;21;0,162;R
ES0000000000004889CCPF;15/06/2023;22;0,177;R
ES0000000000004889CCPF;15/06/2023;23;0,213;R
ES0000000000004889CCPF;16/06/2023;0;0,185;R
ES0000000000004889CCPF;16/06/2023;1;0,171;R
ES0000000000004889CCPF;16/06/2023;2;0,144;R
ES0000000000004889CCPF;16/06/2023;3;0,127;R
ES0000000000004889CCPF;16/06/2023;4;0,119;R
ES0000000000004889CCPF;16/06/2023;5;0,116;R
ES0000000000004889CCPF;16/06/2023;6;0,116;R
ES0000000000004889CCPF;16/06/2023;7;0,122;R
ES0000000000004889CCPF;16/06/2023;8;0,139;R
ES0000000000004889CCPF;16/06/2023;9;0,147;R
ES0000000000004889CCPF;16/06/2023;10;0,159;R
ES0000000000004889CCPF;16/06/2023;11;0,145;R
ES0000000000004889CCPF;16/06/2023;12;0,15;R
ES0000000000004889CCPF;16/06/2023;13;0,157;R
ES0000000000004889CCPF;16/06/2023;14;0,169;R
ES0000000000004889CCPF;16/06/2023;15;0,198;R
ES0000000000004889CCPF;16/06/2023;16;0,186;R
ES0000000000004889CCPF;16/06/2023;17;0,179;R
ES0000000000004889CCPF;16/06/2023;18;0,179;R
ES0000000000004889CCPF;16/06/2023;19;0,153;R
ES0000000000004889CCPF;16/06/2023;20;0,153;R
ES0000000000004889CCPF;16/06/2023;21;0,157;R
ES0000000000004889CCPF;16/06/2023;22;0,169;R
ES0000000000004889CCPF;16/06/2023;23;0,208;R
ES0000000000004889CCPF;17/06/2023;0;0,188;R
ES0000000000004889CCPF;17/06/2023;1;0,176;R
ES0000000000004889CCPF;17/06/2023;2;0,151;R
ES0000000000004889CCPF;17/06/2023;3;0,133;R
ES0000000000004889CCPF;17/06/2023;4;0,123;R
ES0000000000004889CCPF;17/06/2023;5;0,117;R
ES0000000000004889CCPF;17/06/2023;6;0,116;R
ES0000000000004889CCPF;17/06/2023;7;0,113;R
ES0000000000004889CCPF;17/06/2023;8;0,116;R
ES0000000000004889CCPF;17/06/2023;9;0,139;R
ES0000000000004889CCPF;17/06/2023;10;0,169;R
ES0000000000004889CCPF;17/06/2023;11;0,19;R
ES0000000000004889CCPF;17/06/2023;12;0,198;R
ES0000000000004889CCPF;17/06/2023;13;0,204;R
ES0000000000004889CCPF;17/06/2023;14;0,218;R
ES0000000000004889CCPF;17/06/2023;15;0,218;R
ES0000000000004889CCPF;17/06/2023;16;0,196;R
ES0000000000004889CCPF;17/06/2023;17;0,182;R
ES0000000000004889CCPF;17/06/2023;18;0,176;R
ES0000000000004889CCPF;17/06/2023;19;0,177;R
ES0000000000004889CCPF;17/06/2023;20;0,18;R
ES0000000000004889CCPF;17/06/2023;21;0,187;R
ES0000000000004889CCPF;17/06/2023;22;0,205;R
ES0000000000004889CCPF;17/06/2023;23;0,219;R
ES0000000000004889CCPF;18/06/2023;0;0,2;R
ES0000000000004889CCPF;18/06/2023;1;0,175;R
ES0000000000004889CCPF;18/06/2023;2;0,155;R
ES0000000000004889CCPF;18/06/2023;3;0,137;R
ES0000000000004889CCPF;18/06/2023;4;0,125;R
ES0000000000004889CCPF;18/06/2023;5;0,12;R
ES0000000000004889CCPF;18/06/2023;6;0,117;R
ES0000000000004889CCPF;18/06/2023;7;0,112;R
ES0000000000004889CCPF;18/06/2023;8;0,11;R
ES0000000000004889CCPF;18/06/2023;9;0,127;R
ES0000000000004889CCPF;18/06/2023;10;0,155;R
ES0000000000004889CCPF;18/06/2023;11;0,178;R
ES0000000000004889CCPF;18/06/2023;12;0,191;R
ES0000000000004889CCPF;18/06/2023;13;0,198;R
ES0000000000004889CCPF;18/06/2023;14;0,21;R
ES0000000000004889CCPF;18/06/2023;15;0,211;R
ES0000000000004889CCPF;18/06/2023;16;0,189;R
ES0000000000004889CCPF;18/06/2023;17;0,176;R
ES0000000000004889CCPF;18/06/2023;18;0,171;R
ES0000000000004889CCPF;18/06/2023;19;0,175;R
ES0000000000004889CCPF;18/06/2023;20;0,182;R
ES0000000000004889CCPF;18/06/2023;21;0,196;R
ES0000000000004889CCPF;18/06/2023;22;0,218;R
ES0000000000004889CCPF;18/06/2023;23;0,231;R
ES0000000000004889CCPF;19/06/2023;0;0,204;R
ES0000000000004889CCPF;19/06/2023;1;0,169;R
ES0000000000004889CCPF;19/06/2023;2;0,141;R
ES0000000000004889CCPF;19/06/2023;3;0,126;R
ES0000000000004889CCPF;19/06/2023;4;0,118;R
ES0000000000004889CCPF;19/06/2023;5;0,115;R
ES0000000000004889CCPF;19/06/2023;6;0,115;R
ES0000000000004889CCPF;19/06/2023;7;0,121;R
ES0000000000004889CCPF;19/06/2023;8;0,134;R
ES0000000000004889CCPF;19/06/2023;9;0,14;R
ES0000000000004889CCPF;19/06/2023;10;0,153;R
ES0000000000004889CCPF;19/06/2023;11;0,14;R
ES0000000000004889CCPF;19/06/2023;12;0,145;R
ES0000000000004889CCPF;19/06/2023;13;0,152;R
ES0000000000004889CCPF;19/06/2023;14;0,163;R
ES0000000000004889CCPF;19/06/2023;15;0,192;R
ES0000000000004889CCPF;19/06/2023;16;0,177;R
ES0000000000004889CCPF;19/06/2023;17;0,17;R
ES0000000000004889CCPF;19/06/2023;18;0,17;R
ES0000000000004889CCPF;19/06/2023;19;0,148;R
ES0000000000004889CCPF;19/06/2023;20;0,152;R
ES0000000000004889CCPF;19/06/2023;21;0,163;R
ES0000000000004889CCPF;19/06/2023;22;0,178;R
ES0000000000004889CCPF;19/06/2023;23;0,214;R
ES0000000000004889CCPF;20/06/2023;0;0,184;R
ES0000000000004889CCPF;20/06/2023;1;0,168;R
ES0000000000004889CCPF;20/06/2023;2;0,142;R
ES0000000000004889CCPF;20/06/2023;3;0,126;R
ES0000000000004889CCPF;20/06/2023;4;0,118;R
ES0000000000004889CCPF;20/06/2023;5;0,114;R
ES0000000000004889CCPF;20/06/2023;6;0,115;R
ES0000000000004889CCPF;20/06/2023;7;0,121;R
ES0000000000004889CCPF;20/06/2023;8;0,137;R
ES0000000000004889CCPF;20/06/2023;9;0,143;R
ES0000000000004889CCPF;20/06/2023;10;0,155;R
ES0000000000004889CCPF;20/06/2023;11;0,141;R
ES0000000000004889CCPF;20/06/2023;12;0,145;R
ES0000000000004889CCPF;20/06/2023;13;0,153;R
ES0000000000004889CCPF;20/06/2023;14;0,164;R
ES0000000000004889CCPF;20/06/2023;15;0,192;R
ES0000000000004889CCPF;20/06/2023;16;0,178;R
ES0000000000004889CCPF;20/06/2023;17;0,171;R
ES0000000000004889CCPF;20/06/2023;18;0,171;R
ES0000000000004889CCPF;20/06/2023;19;0,149;R
ES0000000000004889CCPF;20/06/2023;20;0,152;R
ES0000000000004889CCPF;20/06/2023;21;0,162;R
ES0000000000004889CCPF;20/06/2023;22;0,176;R
ES0000000000004889CCPF;20/06/2023;23;0,212;R
ES0000000000004889CCPF;21/06/2023;0;0,184;R
ES0000000000004889CCPF;21/06/2023;1;0,169;R
ES0000000000004889CCPF;21/06/2023;2;0,142;R
ES0000000000004889CCPF;21/06/2023;3;0,126;R
ES0000000000004889CCPF;21/06/2023;4;0,118;R
ES0000000000004889CCPF;21/06/2023;5;0,115;R
ES0000000000004889CCPF;21/06/2023;6;0,115;R
ES0000000000004889CCPF;21/06/2023;7;0,12;R
ES0000000000004889CCPF;21/06/2023;8;0,137;R
ES0000000000004889CCPF;21/06/2023;9;0,145;R
ES0000000000004889CCPF;21/06/2023;10;0,155;R
ES0000000000004889CCPF;21/06/2023;11;0,14;R
ES0000000000004889CCPF;21/06/2023;12;0,144;R
ES0000000000004889CCPF;21/06/2023;13;0,151;R
ES0000000000004889CCPF;21/06/2023;14;0,163;R
ES0000000000004889CCPF;21/06/2023;15;0,19;R
ES0000000000004889CCPF;21/06/2023;16;0,175;R
ES0000000000004889CCPF;21/06/2023;17;0,169;R
ES0000000000004889CCPF;21/06/2023;18;0,17;R
ES0000000000004889CCPF;21/06/2023;19;0,148;R
ES0000000000004889CCPF;21/06/2023;20;0,151;R
ES0000000000004889CCPF;21/06/2023;21;0,16;R
ES0000000000004889CCPF;21/06/2023;22;0,175;R
ES0000000000004889CCPF;21/06/2023;23;0,211;R
ES0000000000004889CCPF;22/06/2023;0;0,184;R
ES0000000000004889CCPF;22/06/2023;1;0,169;R
ES0000000000004889CCPF;22/06/2023;2;0,142;R
ES0000000000004889CCPF;22/06/2023;3;0,126;R
ES0000000000004889CCPF;22/06/2023;4;0,118;R
ES0000000000004889CCPF;22/06/2023;5;0,114;R
ES0000000000004889CCPF;22/06/2023;6;0,15;R
ES0000000000004889CCPF;22/06/2023;7;0,124;R
ES0000000000004889CCPF;22/06/2023;8;0,126;R
ES0000000000004889CCPF;22/06/2023;9;0,128;R
ES0000000000004889CCPF;22/06/2023;10;0,216;R
ES0000000000004889CCPF;22/06/2023;11;0,157;R
ES0000000000004889CCPF;22/06/2023;12;0,176;R
ES0000000000004889CCPF;22/06/2023;13;0,136;R
ES0000000000004889CCPF;22/06/2023;14;0,205;R
ES0000000000004889CCPF;22/06/2023;15;0,241;R
ES0000000000004889CCPF;22/06/2023;16;0,246;R
ES0000000000004889CCPF;22/06/2023;17;0,55;R
ES0000000000004889CCPF;22/06/2023;18;0,253;R
ES0000000000004889CCPF;22/06/2023;19;0,33;R
ES0000000000004889CCPF;22/06/2023;20;0,237;R
ES0000000000004889CCPF;22/06/2023;21;0,445;R
ES0000000000004889CCPF;22/06/2023;22;0,232;R
ES0000000000004889CCPF;22/06/2023;23;0,214;R
ES0000000000004889CCPF;23/06/2023;0;0,655;R
ES0000000000004889CCPF;23/06/2023;1;0,237;R
ES0000000000004889CCPF;23/06/2023;2;0,168;R
ES0000000000004889CCPF;23/06/2023;3;0,112;R
ES0000000000004889CCPF;23/06/2023;4;0,188;R
ES0000000000004889CCPF;23/06/2023;5;0,116;R
ES0000000000004889CCPF;23/06/2023;6;0,153;R
ES0000000000004889CCPF;23/06/2023;7;0,135;R
ES0000000000004889CCPF;23/06/2023;8;0,137;R
ES0000000000004889CCPF;23/06/2023;9;0,141;R
ES0000000000004889CCPF;23/06/2023;10;0,214;R
ES0000000000004889CCPF;23/06/2023;11;0,191;R
ES0000000000004889CCPF;23/06/2023;12;0,386;R
ES0000000000004889CCPF;23/06/2023;13;0,185;R
ES0000000000004889CCPF;23/06/2023;14;0,155;R
ES0000000000004889CCPF;23/06/2023;15;0,416;R
ES0000000000004889CCPF;23/06/2023;16;0,126;R
ES0000000000004889CCPF;23/06/2023;17;0,165;R
ES0000000000004889CCPF;23/06/2023;18;0,166;R
ES0000000000004889CCPF;23/06/2023;19;0,173;R
ES0000000000004889CCPF;23/06/2023;20;0,291;R
ES0000000000004889CCPF;23/06/2023;21;0,43;R
ES0000000000004889CCPF;23/06/2023;22;0,221;R
ES0000000000004889CCPF;23/06/2023;23;0,227;R
ES0000000000004889CCPF;24/06/2023;0;0,169;R
ES0000000000004889CCPF;24/06/2023;1;0,333;R
ES0000000000004889CCPF;24/06/2023;2;0,513;R
ES0000000000004889CCPF;24/06/2023;3;0,393;R
ES0000000000004889CCPF;24/06/2023;4;0,599;R
ES0000000000004889CCPF;24/06/2023;5;0,215;R
ES0000000000004889CCPF;24/06/2023;6;0,08;R
ES0000000000004889CCPF;24/06/2023;7;0,17;R
ES0000000000004889CCPF;24/06/2023;8;0,129;R
ES0000000000004889CCPF;24/06/2023;9;0,129;R
ES0000000000004889CCPF;24/06/2023;10;0,268;R
ES0000000000004889CCPF;24/06/2023;11;0,29;R
ES0000000000004889CCPF;24/06/2023;12;0,723;R
ES0000000000004889CCPF;24/06/2023;13;0,771;R
ES0000000000004889CCPF;24/06/2023;14;0,214;R
ES0000000000004889CCPF;24/06/2023;15;0,84;R
ES0000000000004889CCPF;24/06/2023;16;0,619;R
ES0000000000004889CCPF;24/06/2023;17;0,516;R
ES0000000000004889CCPF;24/06/2023;18;0,216;R
ES0000000000004889CCPF;24/06/2023;19;0,31;R
ES0000000000004889CCPF;24/06/2023;20;0,483;R
ES0000000000004889CCPF;24/06/2023;21;0,983;R
ES0000000000004889CCPF;24/06/2023;22;0,367;R
ES0000000000004889CCPF;24/06/2023;23;0,3;R
ES0000000000004889CCPF;25/06/2023;0;0,443;R
ES0000000000004889CCPF;25/06/2023;1;0,385;R
ES0000000000004889CCPF;25/06/2023;2;0,341;R
ES0000000000004889CCPF;25/06/2023;3;0,32;R
ES0000000000004889CCPF;25/06/2023;4;0,174;R
ES0000000000004889CCPF;25/06/2023;5;0,176;R
ES0000000000004889CCPF;25/06/2023;6;0,186;R
ES0000000000004889CCPF;25/06/2023;7;0,085;R
ES0000000000004889CCPF;25/06/2023;8;0,191;R
ES0000000000004889CCPF;25/06/2023;9;0,331;R
ES0000000000004889CCPF;25/06/2023;10;0,306;R
ES0000000000004889CCPF;25/06/2023;11;0,764;R
ES0000000000004889CCPF;25/06/2023;12;0,29;R
ES0000000000004889CCPF;25/06/2023;13;0,788;R
ES0000000000004889CCPF;25/06/2023;14;0,174;R
ES0000000000004889CCPF;25/06/2023;15;0,563;R
ES0000000000004889CCPF;25/06/2023;16;0,386;R
ES0000000000004889CCPF;25/06/2023;17;0,216;R
ES0000000000004889CCPF;25/06/2023;18;0,328;R
ES0000000000004889CCPF;25/06/2023;19;0,732;R
ES0000000000004889CCPF;25/06/2023;20;0,282;R
ES0000000000004889CCPF;25/06/2023;21;0,117;R
ES0000000000004889CCPF;25/06/2023;22;0,249;R
ES0000000000004889CCPF;25/06/2023;23;0,972;R
ES0000000000004889CCPF;26/06/2023;0;0,719;R
ES0000000000004889CCPF;26/06/2023;1;0,351;R
ES0000000000004889CCPF;26/06/2023;2;0,304;R
ES0000000000004889CCPF;26/06/2023;3;0,334;R
ES0000000000004889CCPF;26/06/2023;4;0,342;R
ES0000000000004889CCPF;26/06/2023;5;0,313;R
ES0000000000004889CCPF;26/06/2023;6;0,224;R
ES0000000000004889CCPF;26/06/2023;7;0,29;R
ES0000000000004889CCPF;26/06/2023;8;0,246;R
ES0000000000004889CCPF;26/06/2023;9;0,198;R
ES0000000000004889CCPF;26/06/2023;10;0,201;R
ES0000000000004889CCPF;26/06/2023;11;0,207;R
ES0000000000004889CCPF;26/06/2023;12;0,153;R
ES0000000000004889CCPF;26/06/2023;13;0,164;R
ES0000000000004889CCPF;26/06/2023;14;0,265;R
ES0000000000004889CCPF;26/06/2023;15;0,235;R
ES0000000000004889CCPF;26/06/2023;16;0,268;R
ES0000000000004889CCPF;26/06/2023;17;0,28;R
ES0000000000004889CCPF;26/06/2023;18;0,35;R
ES0000000000004889CCPF;26/06/2023;19;0,469;R
ES0000000000004889CCPF;26/06/2023;20;0,225;R
ES0000000000004889CCPF;26/06/2023;21;0,223;R
ES0000000000004889CCPF;26/06/2023;22;0,444;R
ES0000000000004889CCPF;26/06/2023;23;0,677;R
ES0000000000004889CCPF;27/06/2023;0;0,782;R
ES0000000000004889CCPF;27/06/2023;1;0,537;R
ES0000000000004889CCPF;27/06/2023;2;0,532;R
ES0000000000004889CCPF;27/06/2023;3;0,482;R
ES0000000000004889CCPF;27/06/2023;4;0,43;R
ES0000000000004889CCPF;27/06/2023;5;0,384;R
ES0000000000004889CCPF;27/06/2023;6;0,184;R
ES0000000000004889CCPF;27/06/2023;7;0,191;R
ES0000000000004889CCPF;27/06/2023;8;0,154;R
ES0000000000004889CCPF;27/06/2023;9;0,212;R
ES0000000000004889CCPF;27/06/2023;10;0,282;R
ES0000000000004889CCPF;27/06/2023;11;0,5;R
ES0000000000004889CCPF;27/06/2023;12;0,137;R
ES0000000000004889CCPF;27/06/2023;13;0,184;R
ES0000000000004889CCPF;27/06/2023;14;0,234;R
ES0000000000004889CCPF;27/06/2023;15;0,251;R
ES0000000000004889CCPF;27/06/2023;16;0,299;R
ES0000000000004889CCPF;27/06/2023;17;0,349;R
ES0000000000004889CCPF;27/06/2023;18;0,268;R
ES0000000000004889CCPF;27/06/2023;19;0,213;R
ES0000000000004889CCPF;27/06/2023;20;0,22;R
ES0000000000004889CCPF;27/06/2023;21;1,034;R
ES0000000000004889CCPF;27/06/2023;22;1,058;R
ES0000000000004889CCPF;27/06/2023;23;0,648;R
ES0000000000004889CCPF;28/06/2023;0;0,578;R
ES0000000000004889CCPF;28/06/2023;1;0,541;R
ES0000000000004889CCPF;28/06/2023;2;0,549;R
ES0000000000004889CCPF;28/06/2023;3;0,662;R
ES0000000000004889CCPF;28/06/2023;4;0,446;R
ES0000000000004889CCPF;28/06/2023;5;0,461;R
ES0000000000004889CCPF;28/06/2023;6;0,301;R
ES0000000000004889CCPF;28/06/2023;7;0,492;R
ES0000000000004889CCPF;28/06/2023;8;0,496;R
ES0000000000004889CCPF;28/06/2023;9;0,24;R
ES0000000000004889CCPF;28/06/2023;10;0,196;R
ES0000000000004889CCPF;28/06/2023;11;0,194;R
ES0000000000004889CCPF;28/06/2023;12;0,481;R
ES0000000000004889CCPF;28/06/2023;13;0,201;R
ES0000000000004889CCPF;28/06/2023;14;0,7;R
ES0000000000004889CCPF;28/06/2023;15;1,085;R
ES0000000000004889CCPF;28/06/2023;16;0,505;R
ES0000000000004889CCPF;28/06/2023;17;0,19;R
ES0000000000004889CCPF;28/06/2023;18;0,207;R
ES0000000000004889CCPF;28/06/2023;19;0,203;R
ES0000000000004889CCPF;28/06/2023;20;0,204;R
ES0000000000004889CCPF;28/06/2023;21;0,299;R
ES0000000000004889CCPF;28/06/2023;22;0,405;R
ES0000000000004889CCPF;28/06/2023;23;0,248;R
ES0000000000004889CCPF;29/06/2023;0;0,962;R
ES0000000000004889CCPF;29/06/2023;1;0,173;R
ES0000000000004889CCPF;29/06/2023;2;0,145;R
ES0000000000004889CCPF;29/06/2023;3;0,128;R
ES0000000000004889CCPF;29/06/2023;4;0,12;R
ES0000000000004889CCPF;29/06/2023;5;0,116;R
ES0000000000004889CCPF;29/06/2023;6;0,117;R
ES0000000000004889CCPF;29/06/2023;7;0,122;R
ES0000000000004889CCPF;29/06/2023;8;0,138;R
ES0000000000004889CCPF;29/06/2023;9;0,145;R
ES0000000000004889CCPF;29/06/2023;10;0,158;R
ES0000000000004889CCPF;29/06/2023;11;0,142;R
ES0000000000004889CCPF;29/06/2023;12;0,147;R
ES0000000000004889CCPF;29/06/2023;13;0,155;R
ES0000000000004889CCPF;29/06/2023;14;0,168;R
ES0000000000004889CCPF;29/06/2023;15;0,196;R
ES0000000000004889CCPF;29/06/2023;16;0,182;R
ES0000000000004889CCPF;29/06/2023;17;0,175;R
ES0000000000004889CCPF;29/06/2023;18;0,177;R
ES0000000000004889CCPF;29/06/2023;19;0,153;R
ES0000000000004889CCPF;29/06/2023;20;0,156;R
ES0000000000004889CCPF;29/06/2023;21;0,165;R
ES0000000000004889CCPF;29/06/2023;22;0,179;R
ES0000000000004889CCPF;29/06/2023;23;0,217;R
ES0000000000004889CCPF;30/06/2023;0;0,19;R
ES0000000000004889CCPF;30/06/2023;1;0,174;R
ES0000000000004889CCPF;30/06/2023;2;0,146;R
ES0000000000004889CCPF;30/06/2023;3;0,129;R
ES0000000000004889CCPF;30/06/2023;4;0,12;R
ES0000000000004889CCPF;30/06/2023;5;0,116;R
ES0000000000004889CCPF;30/06/2023;6;0,117;R
ES0000000000004889CCPF;30/06/2023;7;0,122;R
ES0000000000004889CCPF;30/06/2023;8;0,137;R
ES0000000000004889CCPF;30/06/2023;9;0,144;R
ES0000000000004889CCPF;30/06/2023;10;0,158;R
ES0000000000004889CCPF;30/06/2023;11;0,144;R
ES0000000000004889CCPF;30/06/2023;12;0,149;R
ES0000000000004889CCPF;30/06/2023;13;0,156;R
ES0000000000004889CCPF;30/06/2023;14;0,168;R
ES0000000000004889CCPF;30/06/2023;15;0,197;R
ES0000000000004889CCPF;30/06/2023;16;0,185;R
ES0000000000004889CCPF;30/06/2023;17;0,178;R
ES0000000000004889CCPF;30/06/2023;18;0,178;R
ES0000000000004889CCPF;30/06/2023;19;0,153;R
ES0000000000004889CCPF;30/06/2023;20;0,154;R
ES0000000000004889CCPF;30/06/2023;21;0,158;R
ES0000000000004889CCPF;30/06/2023;22;0,168;R
ES0000000000004889CCPF;30/06/2023;23;0,209;R
ES0000000000004889CCPF;01/07/2023;0;0,189;R
ES0000000000004889CCPF;01/07/2023;1;0,193;R
ES0000000000004889CCPF;01/07/2023;2;0,167;R
ES0000000000004889CCPF;01/07/2023;3;0,148;R
ES0000000000004889CCPF;01/07/2023;4;0,137;R
ES0000000000004889CCPF;01/07/2023;5;0,13;R
ES0000000000004889CCPF;01/07/2023;6;0,128;R
ES0000000000004889CCPF;01/07/2023;7;0,125;R
ES0000000000004889CCPF;01/07/2023;8;0,125;R
ES0000000000004889CCPF;01/07/2023;9;0,145;R
ES0000000000004889CCPF;01/07/2023;10;0,173;R
ES0000000000004889CCPF;01/07/2023;11;0,193;R
ES0000000000004889CCPF;01/07/2023;12;0,199;R
ES0000000000004889CCPF;01/07/2023;13;0,206;R
ES0000000000004889CCPF;01/07/2023;14;0,218;R
ES0000000000004889CCPF;01/07/2023;15;0,222;R
ES0000000000004889CCPF;01/07/2023;16;0,209;R
ES0000000000004889CCPF;01/07/2023;17;0,203;R
ES0000000000004889CCPF;01/07/2023;18;0,202;R
ES0000000000004889CCPF;01/07/2023;19;0,204;R
ES0000000000004889CCPF;01/07/2023;20;0,204;R
ES0000000000004889CCPF;01/07/2023;21;0,207;R
ES0000000000004889CCPF;01/07/2023;22;0,221;R
ES0000000000004889CCPF;01/07/2023;23;0,235;R
ES0000000000004889CCPF;02/07/2023;0;0,217;R
ES0000000000004889CCPF;02/07/2023;1;0,193;R
ES0000000000004889CCPF;02/07/2023;2;0,171;R
ES0000000000004889CCPF;02/07/2023;3;0,153;R
ES0000000000004889CCPF;02/07/2023;4;0,14;R
ES0000000000004889CCPF;02/07/2023;5;0,133;R
ES0000000000004889CCPF;02/07/2023;6;0,13;R
ES0000000000004889CCPF;02/07/2023;7;0,126;R
ES0000000000004889CCPF;02/07/2023;8;0,122;R
ES0000000000004889CCPF;02/07/2023;9;0,138;R
ES0000000000004889CCPF;02/07/2023;10;0,163;R
ES0000000000004889CCPF;02/07/2023;11;0,185;R
ES0000000000004889CCPF;02/07/2023;12;0,194;R
ES0000000000004889CCPF;02/07/2023;13;0,2;R
ES0000000000004889CCPF;02/07/2023;14;0,212;R
ES0000000000004889CCPF;02/07/2023;15;0,219;R
ES0000000000004889CCPF;02/07/2023;16;0,207;R
ES0000000000004889CCPF;02/07/2023;17;0,203;R
ES0000000000004889CCPF;02/07/2023;18;0,202;R
ES0000000000004889CCPF;02/07/2023;19;0,206;R
ES0000000000004889CCPF;02/07/2023;20;0,21;R
ES0000000000004889CCPF;02/07/2023;21;0,22;R
ES0000000000004889CCPF;02/07/2023;22;0,24;R
ES0000000000004889CCPF;02/07/2023;23;0,254;R
ES0000000000004889CCPF;03/07/2023;0;0,229;R
ES0000000000004889CCPF;03/07/2023;1;0,192;R
ES0000000000004889CCPF;03/07/2023;2;0,162;R
ES0000000000004889CCPF;03/07/2023;3;0,144;R
ES0000000000004889CCPF;03/07/2023;4;0,134;R
ES0000000000004889CCPF;03/07/2023;5;0,129;R
ES0000000000004889CCPF;03/07/2023;6;0,129;R
ES0000000000004889CCPF;03/07/2023;7;0,132;R
ES0000000000004889CCPF;03/07/2023;8;0,141;R
ES0000000000004889CCPF;03/07/2023;9;0,145;R
ES0000000000004889CCPF;03/07/2023;10;0,166;R
ES0000000000004889CCPF;03/07/2023;11;0,156;R
ES0000000000004889CCPF;03/07/2023;12;0,162;R
ES0000000000004889CCPF;03/07/2023;13;0,169;R
ES0000000000004889CCPF;03/07/2023;14;0,182;R
ES0000000000004889CCPF;03/07/2023;15;0,217;R
ES0000000000004889CCPF;03/07/2023;16;0,209;R
ES0000000000004889CCPF;03/07/2023;17;0,204;R
ES0000000000004889CCPF;03/07/2023;18;0,207;R
ES0000000000004889CCPF;03/07/2023;19;0,179;R
ES0000000000004889CCPF;03/07/2023;20;0,179;R
ES0000000000004889CCPF;03/07/2023;21;0,183;R
ES0000000000004889CCPF;03/07/2023;22;0,198;R
ES0000000000004889CCPF;03/07/2023;23;0,242;R
ES0000000000004889CCPF;04/07/2023;0;0,213;R
ES0000000000004889CCPF;04/07/2023;1;0,194;R
ES0000000000004889CCPF;04/07/2023;2;0,163;R
ES0000000000004889CCPF;04/07/2023;3;0,145;R
ES0000000000004889CCPF;04/07/2023;4;0,136;R
ES0000000000004889CCPF;04/07/2023;5;0,13;R
ES0000000000004889CCPF;04/07/2023;6;0,13;R
ES0000000000004889CCPF;04/07/2023;7;0,134;R
ES0000000000004889CCPF;04/07/2023;8;0,143;R
ES0000000000004889CCPF;04/07/2023;9;0,148;R
ES0000000000004889CCPF;04/07/2023;10;0,168;R
ES0000000000004889CCPF;04/07/2023;11;0,158;R
ES0000000000004889CCPF;04/07/2023;12;0,163;R
ES0000000000004889CCPF;04/07/2023;13;0,171;R
ES0000000000004889CCPF;04/07/2023;14;0,183;R
ES0000000000004889CCPF;04/07/2023;15;0,218;R
ES0000000000004889CCPF;04/07/2023;16;0,211;R
ES0000000000004889CCPF;04/07/2023;17;0,207;R
ES0000000000004889CCPF;04/07/2023;18;0,209;R
ES0000000000004889CCPF;04/07/2023;19;0,18;R
ES0000000000004889CCPF;04/07/2023;20;0,18;R
ES0000000000004889CCPF;04/07/2023;21;0,184;R
ES0000000000004889CCPF;04/07/2023;22;0,197;R
ES0000000000004889CCPF;04/07/2023;23;0,24;R
ES0000000000004889CCPF;05/07/2023;0;0,214;R
ES0000000000004889CCPF;05/07/2023;1;0,196;R
ES0000000000004889CCPF;05/07/2023;2;0,165;R
ES0000000000004889CCPF;05/07/2023;3;0,146;R
ES0000000000004889CCPF;05/07/2023;4;0,137;R
ES0000000000004889CCPF;05/07/2023;5;0,131;R
ES0000000000004889CCPF;05/07/2023;6;0,131;R
ES0000000000004889CCPF;05/07/2023;7;0,134;R
ES0000000000004889CCPF;05/07/2023;8;0,144;R
ES0000000000004889CCPF;05/07/2023;9;0,152;R
ES0000000000004889CCPF;05/07/2023;10;0,171;R
ES0000000000004889CCPF;05/07/2023;11;0,156;R
ES0000000000004889CCPF;05/07/2023;12;0,159;R
ES0000000000004889CCPF;05/07/2023;13;0,167;R
ES0000000000004889CCPF;05/07/2023;14;0,179;R
ES0000000000004889CCPF;05/07/2023;15;0,213;R
ES0000000000004889CCPF;05/07/2023;16;0,204;R
ES0000000000004889CCPF;05/07/2023;17;0,204;R
ES0000000000004889CCPF;05/07/2023;18;0,207;R
ES0000000000004889CCPF;05/07/2023;19;0,179;R
ES0000000000004889CCPF;05/07/2023;20;0,178;R
ES0000000000004889CCPF;05/07/2023;21;0,182;R
ES0000000000004889CCPF;05/07/2023;22;0,196;R
ES0000000000004889CCPF;05/07/2023;23;0,238;R
ES0000000000004889CCPF;06/07/2023;0;0,212;R
ES0000000000004889CCPF;06/07/2023;1;0,195;R
ES0000000000004889CCPF;06/07/2023;2;0,164;R
ES0000000000004889CCPF;06/07/2023;3;0,146;R
ES0000000000004889CCPF;06/07/2023;4;0,136;R
ES0000000000004889CCPF;06/07/2023;5;0,131;R
ES0000000000004889CCPF;06/07/2023;6;0,13;R
ES0000000000004889CCPF;06/07/2023;7;0,134;R
ES0000000000004889CCPF;06/07/2023;8;0,143;R
ES0000000000004889CCPF;06/07/2023;9;0,151;R
ES0000000000004889CCPF;06/07/2023;10;0,17;R
ES0000000000004889CCPF;06/07/2023;11;0,156;R
ES0000000000004889CCPF;06/07/2023;12;0,158;R
ES0000000000004889CCPF;06/07/2023;13;0,166;R
ES0000000000004889CCPF;06/07/2023;14;0,178;R
ES0000000000004889CCPF;06/07/2023;15;0,211;R
ES0000000000004889CCPF;06/07/2023;16;0,203;R
ES0000000000004889CCPF;06/07/2023;17;0,201;R
ES0000000000004889CCPF;06/07/2023;18;0,205;R
ES0000000000004889CCPF;06/07/2023;19;0,178;R
ES0000000000004889CCPF;06/07/2023;20;0,177;R
ES0000000000004889CCPF;06/07/2023;21;0,181;R
ES0000000000004889CCPF;06/07/2023;22;0,195;R
ES0000000000004889CCPF;06/07/2023;23;0,237;R
ES0000000000004889CCPF;07/07/2023;0;0,212;R
ES0000000000004889CCPF;07/07/2023;1;0,195;R
ES0000000000004889CCPF;07/07/2023;2;0,165;R
ES0000000000004889CCPF;07/07/2023;3;0,146;R
ES0000000000004889CCPF;07/07/2023;4;0,136;R
ES0000000000004889CCPF;07/07/2023;5;0,13;R
ES0000000000004889CCPF;07/07/2023;6;0,13;R
ES0000000000004889CCPF;07/07/2023;7;0,133;R
ES0000000000004889CCPF;07/07/2023;8;0,142;R
ES0000000000004889CCPF;07/07/2023;9;0,146;R
ES0000000000004889CCPF;07/07/2023;10;0,167;R
ES0000000000004889CCPF;07/07/2023;11;0,156;R
ES0000000000004889CCPF;07/07/2023;12;0,162;R
ES0000000000004889CCPF;07/07/2023;13;0,169;R
ES0000000000004889CCPF;07/07/2023;14;0,181;R
ES0000000000004889CCPF;07/07/2023;15;0,215;R
ES0000000000004889CCPF;07/07/2023;16;0,209;R
ES0000000000004889CCPF;07/07/2023;17;0,205;R
ES0000000000004889CCPF;07/07/2023;18;0,207;R
ES0000000000004889CCPF;07/07/2023;19;0,178;R
ES0000000000004889CCPF;07/07/2023;20;0,176;R
ES0000000000004889CCPF;07/07/2023;21;0,176;R
ES0000000000004889CCPF;07/07/2023;22;0,185;R
ES0000000000004889CCPF;07/07/2023;23;0,225;R
ES0000000000004889CCPF;08/07/2023;0;0,206;R
ES0000000000004889CCPF;08/07/2023;1;0,198;R
ES0000000000004889CCPF;08/07/2023;2;0,172;R
ES0000000000004889CCPF;08/07/2023;3;0,152;R
ES0000000000004889CCPF;08/07/2023;4;0,14;R
ES0000000000004889CCPF;08/07/2023;5;0,133;R
ES0000000000004889CCPF;08/07/2023;6;0,131;R
ES0000000000004889CCPF;08/07/2023;7;0,128;R
ES0000000000004889CCPF;08/07/2023;8;0,128;R
ES0000000000004889CCPF;08/07/2023;9;0,148;R
ES0000000000004889CCPF;08/07/2023;10;0,177;R
ES0000000000004889CCPF;08/07/2023;11;0,198;R
ES0000000000004889CCPF;08/07/2023;12;0,204;R
ES0000000000004889CCPF;08/07/2023;13;0,21;R
ES0000000000004889CCPF;08/07/2023;14;0,223;R
ES0000000000004889CCPF;08/07/2023;15;0,228;R
ES0000000000004889CCPF;08/07/2023;16;0,215;R
ES0000000000004889CCPF;08/07/2023;17;0,209;R
ES0000000000004889CCPF;08/07/2023;18;0,207;R
ES0000000000004889CCPF;08/07/2023;19;0,208;R
ES0000000000004889CCPF;08/07/2023;20;0,209;R
ES0000000000004889CCPF;08/07/2023;21;0,213;R
ES0000000000004889CCPF;08/07/2023;22;0,227;R
ES0000000000004889CCPF;08/07/2023;23;0,24;R
ES0000000000004889CCPF;09/07/2023;0;0,221;R
ES0000000000004889CCPF;09/07/2023;1;0,195;R
ES0000000000004889CCPF;09/07/2023;2;0,173;R
ES0000000000004889CCPF;09/07/2023;3;0,154;R
ES0000000000004889CCPF;09/07/2023;4;0,141;R
ES0000000000004889CCPF;09/07/2023;5;0,134;R
ES0000000000004889CCPF;09/07/2023;6;0,131;R
ES0000000000004889CCPF;09/07/2023;7;0,127;R
ES0000000000004889CCPF;09/07/2023;8;0,122;R
ES0000000000004889CCPF;09/07/2023;9;0,137;R
ES0000000000004889CCPF;09/07/2023;10;0,161;R
ES0000000000004889CCPF;09/07/2023;11;0,18;R
ES0000000000004889CCPF;09/07/2023;12;0,19;R
ES0000000000004889CCPF;09/07/2023;13;0,199;R
ES0000000000004889CCPF;09/07/2023;14;0,212;R
ES0000000000004889CCPF;09/07/2023;15;0,219;R
ES0000000000004889CCPF;09/07/2023;16;0,207;R
ES0000000000004889CCPF;09/07/2023;17;0,2;R
ES0000000000004889CCPF;09/07/2023;18;0,2;R
ES0000000000004889CCPF;09/07/2023;19;0,204;R
ES0000000000004889CCPF;09/07/2023;20;0,209;R
ES0000000000004889CCPF;09/07/2023;21;0,22;R
ES0000000000004889CCPF;09/07/2023;22;0,242;R
ES0000000000004889CCPF;09/07/2023;23;0,257;R
ES0000000000004889CCPF;10/07/2023;0;0,232;R
ES0000000000004889CCPF;10/07/2023;1;0,196;R
ES0000000000004889CCPF;10/07/2023;2;0,165;R
ES0000000000004889CCPF;10/07/2023;3;0,146;R
ES0000000000004889CCPF;10/07/2023;4;0,136;R
ES0000000000004889CCPF;10/07/2023;5;0,131;R
ES0000000000004889CCPF;10/07/2023;6;0,13;R
ES0000000000004889CCPF;10/07/2023;7;0,134;R
ES0000000000004889CCPF;10/07/2023;8;0,142;R
ES0000000000004889CCPF;10/07/2023;9;0,147;R
ES0000000000004889CCPF;10/07/2023;10;0,168;R
ES0000000000004889CCPF;10/07/2023;11;0,158;R
ES0000000000004889CCPF;10/07/2023;12;0,165;R
ES0000000000004889CCPF;10/07/2023;13;0,172;R
ES0000000000004889CCPF;10/07/2023;14;0,185;R
ES0000000000004889CCPF;10/07/2023;15;0,221;R
ES0000000000004889CCPF;10/07/2023;16;0,214;R
ES0000000000004889CCPF;10/07/2023;17;0,209;R
ES0000000000004889CCPF;10/07/2023;18;0,211;R
ES0000000000004889CCPF;10/07/2023;19;0,182;R
ES0000000000004889CCPF;10/07/2023;20;0,182;R
ES0000000000004889CCPF;10/07/2023;21;0,187;R
ES0000000000004889CCPF;10/07/2023;22;0,202;R
ES0000000000004889CCPF;10/07/2023;23;0,246;R
ES0000000000004889CCPF;11/07/2023;0;0,217;R
ES0000000000004889CCPF;11/07/2023;1;0,307;R
ES0000000000004889CCPF;11/07/2023;2;0,258;R
ES0000000000004889CCPF;11/07/2023;3;0,229;R
ES0000000000004889CCPF;11/07/2023;4;0,213;R
ES0000000000004889CCPF;11/07/2023;5;0,205;R
ES0000000000004889CCPF;11/07/2023;6;0,204;R
ES0000000000004889CCPF;11/07/2023;7;0,21;R
ES0000000000004889CCPF;11/07/2023;8;0,225;R
ES0000000000004889CCPF;11/07/2023;9;0,267;R
ES0000000000004889CCPF;11/07/2023;10;0,304;R
ES0000000000004889CCPF;11/07/2023;11;0,262;R
ES0000000000004889CCPF;11/07/2023;12;0,272;R
ES0000000000004889CCPF;11/07/2023;13;0,283;R
ES0000000000004889CCPF;11/07/2023;14;0,304;R
ES0000000000004889CCPF;11/07/2023;15;0,394;R
ES0000000000004889CCPF;11/07/2023;16;0,38;R
ES0000000000004889CCPF;11/07/2023;17;0,373;R
ES0000000000004889CCPF;11/07/2023;18;0,376;R
ES0000000000004889CCPF;11/07/2023;19;0,299;R
ES0000000000004889CCPF;11/07/2023;20;0,299;R
ES0000000000004889CCPF;11/07/2023;21;0,305;R
ES0000000000004889CCPF;11/07/2023;22;0,328;R
ES0000000000004889CCPF;11/07/2023;23;0,435;R
ES0000000000004889CCPF;12/07/2023;0;0,387;R
ES0000000000004889CCPF;12/07/2023;1;0,31;R
ES0000000000004889CCPF;12/07/2023;2;0,26;R
ES0000000000004889CCPF;12/07/2023;3;0,231;R
ES0000000000004889CCPF;12/07/2023;4;0,215;R
ES0000000000004889CCPF;12/07/2023;5;0,207;R
ES0000000000004889CCPF;12/07/2023;6;0,205;R
ES0000000000004889CCPF;12/07/2023;7;0,212;R
ES0000000000004889CCPF;12/07/2023;8;0,226;R
ES0000000000004889CCPF;12/07/2023;9;0,275;R
ES0000000000004889CCPF;12/07/2023;10;0,31;R
ES0000000000004889CCPF;12/07/2023;11;0,263;R
ES0000000000004889CCPF;12/07/2023;12;0,269;R
ES0000000000004889CCPF;12/07/2023;13;0,28;R
ES0000000000004889CCPF;12/07/2023;14;0,301;R
ES0000000000004889CCPF;12/07/2023;15;0,389;R
ES0000000000004889CCPF;12/07/2023;16;0,377;R
ES0000000000004889CCPF;12/07/2023;17;0,375;R
ES0000000000004889CCPF;12/07/2023;18;0,38;R
ES0000000000004889CCPF;12/07/2023;19;0,301;R
ES0000000000004889CCPF;12/07/2023;20;0,301;R
ES0000000000004889CCPF;12/07/2023;21;0,307;R
ES0000000000004889CCPF;12/07/2023;22;0,33;R
ES0000000000004889CCPF;12/07/2023;23;0,437;R
ES0000000000004889CCPF;13/07/2023;0;0,389;R
ES0000000000004889CCPF;13/07/2023;1;0,31;R
ES0000000000004889CCPF;13/07/2023;2;0,26;R
ES0000000000004889CCPF;13/07/2023;3;0,231;R
ES0000000000004889CCPF;13/07/2023;4;0,216;R
ES0000000000004889CCPF;13/07/2023;5;0,207;R
ES0000000000004889CCPF;13/07/2023;6;0,206;R
ES0000000000004889CCPF;13/07/2023;7;0,212;R
ES0000000000004889CCPF;13/07/2023;8;0,226;R
ES0000000000004889CCPF;13/07/2023;9;0,274;R
ES0000000000004889CCPF;13/07/2023;10;0,307;R
ES0000000000004889CCPF;13/07/2023;11;0,26;R
ES0000000000004889CCPF;13/07/2023;12;0,266;R
ES0000000000004889CCPF;13/07/2023;13;0,281;R
ES0000000000004889CCPF;13/07/2023;14;0,302;R
ES0000000000004889CCPF;13/07/2023;15;0,391;R
ES0000000000004889CCPF;13/07/2023;16;0,377;R
ES0000000000004889CCPF;13/07/2023;17;0,376;R
ES0000000000004889CCPF;13/07/2023;18;0,38;R
ES0000000000004889CCPF;13/07/2023;19;0,303;R
ES0000000000004889CCPF;13/07/2023;20;0,302;R
ES0000000000004889CCPF;13/07/2023;21;0,307;R
ES0000000000004889CCPF;13/07/2023;22;0,33;R
ES0000000000004889CCPF;13/07/2023;23;0,438;R
ES0000000000004889CCPF;14/07/2023;0;0,391;R
ES0000000000004889CCPF;14/07/2023;1;0,312;R
ES0000000000004889CCPF;14/07/2023;2;0,264;R
ES0000000000004889CCPF;14/07/2023;3;0,233;R
ES0000000000004889CCPF;14/07/2023;4;0,217;R
ES0000000000004889CCPF;14/07/2023;5;0,208;R
ES0000000000004889CCPF;14/07/2023;6;0,206;R
ES0000000000004889CCPF;14/07/2023;7;0,212;R
ES0000000000004889CCPF;14/07/2023;8;0,226;R
ES0000000000004889CCPF;14/07/2023;9;0,269;R
ES0000000000004889CCPF;14/07/2023;10;0,308;R
ES0000000000004889CCPF;14/07/2023;11;0,265;R
ES0000000000004889CCPF;14/07/2023;12;0,275;R
ES0000000000004889CCPF;14/07/2023;13;0,287;R
ES0000000000004889CCPF;14/07/2023;14;0,308;R
ES0000000000004889CCPF;14/07/2023;15;0,4;R
ES0000000000004889CCPF;14/07/2023;16;0,388;R
ES0000000000004889CCPF;14/07/2023;17;0,38;R
ES0000000000004889CCPF;14/07/2023;18;0,384;R
ES0000000000004889CCPF;14/07/2023;19;0,303;R
ES0000000000004889CCPF;14/07/2023;20;0,3;R
ES0000000000004889CCPF;14/07/2023;21;0,3;R
ES0000000000004889CCPF;14/07/2023;22;0,315;R
ES0000000000004889CCPF;14/07/2023;23;0,417;R
ES0000000000004889CCPF;15/07/2023;0;0,38;R
ES0000000000004889CCPF;15/07/2023;1;0,314;R
ES0000000000004889CCPF;15/07/2023;2;0,272;R
ES0000000000004889CCPF;15/07/2023;3;0,241;R
ES0000000000004889CCPF;15/07/2023;4;0,222;R
ES0000000000004889CCPF;15/07/2023;5;0,211;R
ES0000000000004889CCPF;15/07/2023;6;0,206;R
ES0000000000004889CCPF;15/07/2023;7;0,202;R
ES0000000000004889CCPF;15/07/2023;8;0,201;R
ES0000000000004889CCPF;15/07/2023;9;0,233;R
ES0000000000004889CCPF;15/07/2023;10;0,277;R
ES0000000000004889CCPF;15/07/2023;11;0,308;R
ES0000000000004889CCPF;15/07/2023;12;0,318;R
ES0000000000004889CCPF;15/07/2023;13;0,331;R
ES0000000000004889CCPF;15/07/2023;14;0,353;R
ES0000000000004889CCPF;15/07/2023;15;0,36;R
ES0000000000004889CCPF;15/07/2023;16;0,34;R
ES0000000000004889CCPF;15/07/2023;17;0,327;R
ES0000000000004889CCPF;15/07/2023;18;0,326;R
ES0000000000004889CCPF;15/07/2023;19;0,328;R
ES0000000000004889CCPF;15/07/2023;20;0,33;R
ES0000000000004889CCPF;15/07/2023;21;0,336;R
ES0000000000004889CCPF;15/07/2023;22;0,359;R
ES0000000000004889CCPF;15/07/2023;23;0,378;R
ES0000000000004889CCPF;16/07/2023;0;0,348;R
ES0000000000004889CCPF;16/07/2023;1;0,306;R
ES0000000000004889CCPF;16/07/2023;2;0,273;R
ES0000000000004889CCPF;16/07/2023;3;0,243;R
ES0000000000004889CCPF;16/07/2023;4;0,223;R
ES0000000000004889CCPF;16/07/2023;5;0,212;R
ES0000000000004889CCPF;16/07/2023;6;0,206;R
ES0000000000004889CCPF;16/07/2023;7;0,2;R
ES0000000000004889CCPF;16/07/2023;8;0,193;R
ES0000000000004889CCPF;16/07/2023;9;0,216;R
ES0000000000004889CCPF;16/07/2023;10;0,253;R
ES0000000000004889CCPF;16/07/2023;11;0,283;R
ES0000000000004889CCPF;16/07/2023;12;0,297;R
ES0000000000004889CCPF;16/07/2023;13;0,311;R
ES0000000000004889CCPF;16/07/2023;14;0,332;R
ES0000000000004889CCPF;16/07/2023;15;0,344;R
ES0000000000004889CCPF;16/07/2023;16;0,325;R
ES0000000000004889CCPF;16/07/2023;17;0,315;R
ES0000000000004889CCPF;16/07/2023;18;0,316;R
ES0000000000004889CCPF;16/07/2023;19;0,323;R
ES0000000000004889CCPF;16/07/2023;20;0,33;R
ES0000000000004889CCPF;16/07/2023;21;0,346;R
ES0000000000004889CCPF;16/07/2023;22;0,382;R
ES0000000000004889CCPF;16/07/2023;23;0,405;R
ES0000000000004889CCPF;17/07/2023;0;0,365;R
ES0000000000004889CCPF;17/07/2023;1;0,309;R
ES0000000000004889CCPF;17/07/2023;2;0,26;R
ES0000000000004889CCPF;17/07/2023;3;0,231;R
ES0000000000004889CCPF;17/07/2023;4;0,215;R
ES0000000000004889CCPF;17/07/2023;5;0,207;R
ES0000000000004889CCPF;17/07/2023;6;0,205;R
ES0000000000004889CCPF;17/07/2023;7;0,211;R
ES0000000000004889CCPF;17/07/2023;8;0,223;R
ES0000000000004889CCPF;17/07/2023;9;0,266;R
ES0000000000004889CCPF;17/07/2023;10;0,305;R
ES0000000000004889CCPF;17/07/2023;11;0,264;R
ES0000000000004889CCPF;17/07/2023;12;0,274;R
ES0000000000004889CCPF;17/07/2023;13;0,286;R
ES0000000000004889CCPF;17/07/2023;14;0,308;R
ES0000000000004889CCPF;17/07/2023;15;0,402;R
ES0000000000004889CCPF;17/07/2023;16;0,387;R
ES0000000000004889CCPF;17/07/2023;17;0,38;R
ES0000000000004889CCPF;17/07/2023;18;0,384;R
ES0000000000004889CCPF;17/07/2023;19;0,305;R
ES0000000000004889CCPF;17/07/2023;20;0,305;R
ES0000000000004889CCPF;17/07/2023;21;0,312;R
ES0000000000004889CCPF;17/07/2023;22;0,338;R
ES0000000000004889CCPF;17/07/2023;23;0,447;R
ES0000000000004889CCPF;18/07/2023;0;0,394;R
ES0000000000004889CCPF;18/07/2023;1;0,309;R
ES0000000000004889CCPF;18/07/2023;2;0,26;R
ES0000000000004889CCPF;18/07/2023;3;0,231;R
ES0000000000004889CCPF;18/07/2023;4;0,215;R
ES0000000000004889CCPF;18/07/2023;5;0,207;R
ES0000000000004889CCPF;18/07/2023;6;0,205;R
ES0000000000004889CCPF;18/07/2023;7;0,212;R
ES0000000000004889CCPF;18/07/2023;8;0,226;R
ES0000000000004889CCPF;18/07/2023;9;0,268;R
ES0000000000004889CCPF;18/07/2023;10;0,306;R
ES0000000000004889CCPF;18/07/2023;11;0,264;R
ES0000000000004889CCPF;18/07/2023;12;0,275;R
ES0000000000004889CCPF;18/07/2023;13;0,287;R
ES0000000000004889CCPF;18/07/2023;14;0,308;R
ES0000000000004889CCPF;18/07/2023;15;0,399;R
ES0000000000004889CCPF;18/07/2023;16;0,385;R
ES0000000000004889CCPF;18/07/2023;17;0,378;R
ES0000000000004889CCPF;18/07/2023;18;0,383;R
ES0000000000004889CCPF;18/07/2023;19;0,303;R
ES0000000000004889CCPF;18/07/2023;20;0,302;R
ES0000000000004889CCPF;18/07/2023;21;0,309;R
ES0000000000004889CCPF;18/07/2023;22;0,332;R
ES0000000000004889CCPF;18/07/2023;23;0,438;R
ES0000000000004889CCPF;19/07/2023;0;0,39;R
ES0000000000004889CCPF;19/07/2023;1;0,31;R
ES0000000000004889CCPF;19/07/2023;2;0,261;R
ES0000000000004889CCPF;19/07/2023;3;0,231;R
ES0000000000004889CCPF;19/07/2023;4;0,216;R
ES0000000000004889CCPF;19/07/2023;5;0,207;R
ES0000000000004889CCPF;19/07/2023;6;0,206;R
ES0000000000004889CCPF;19/07/2023;7;0,213;R
ES0000000000004889CCPF;19/07/2023;8;0,227;R
ES0000000000004889CCPF;19/07/2023;9;0,275;R
ES0000000000004889CCPF;19/07/2023;10;0,31;R
ES0000000000004889CCPF;19/07/2023;11;0,262;R
ES0000000000004889CCPF;19/07/2023;12;0,268;R
ES0000000000004889CCPF;19/07/2023;13;0,282;R
ES0000000000004889CCPF;19/07/2023;14;0,304;R
ES0000000000004889CCPF;19/07/2023;15;0,394;R
ES0000000000004889CCPF;19/07/2023;16;0,38;R
ES0000000000004889CCPF;19/07/2023;17;0,379;R
ES0000000000004889CCPF;19/07/2023;18;0,382;R
ES0000000000004889CCPF;19/07/2023;19;0,304;R
ES0000000000004889CCPF;19/07/2023;20;0,304;R
ES0000000000004889CCPF;19/07/2023;21;0,309;R
ES0000000000004889CCPF;19/07/2023;22;0,332;R
ES0000000000004889CCPF;19/07/2023;23;0,439;R
ES0000000000004889CCPF;20/07/2023;0;0,39;R
ES0000000000004889CCPF;20/07/2023;1;0,311;R
ES0000000000004889CCPF;20/07/2023;2;0,262;R
ES0000000000004889CCPF;20/07/2023;3;0,232;R
ES0000000000004889CCPF;20/07/2023;4;0,216;R
ES0000000000004889CCPF;20/07/2023;5;0,207;R
ES0000000000004889CCPF;20/07/2023;6;0,206;R
ES0000000000004889CCPF;20/07/2023;7;0,213;R
ES0000000000004889CCPF;20/07/2023;8;0,226;R
ES0000000000004889CCPF;20/07/2023;9;0,275;R
ES0000000000004889CCPF;20/07/2023;10;0,31;R
ES0000000000004889CCPF;20/07/2023;11;0,263;R
ES0000000000004889CCPF;20/07/2023;12;0,269;R
ES0000000000004889CCPF;20/07/2023;13;0,284;R
ES0000000000004889CCPF;20/07/2023;14;0,305;R
ES0000000000004889CCPF;20/07/2023;15;0,396;R
ES0000000000004889CCPF;20/07/2023;16;0,383;R
ES0000000000004889CCPF;20/07/2023;17;0,381;R
ES0000000000004889CCPF;20/07/2023;18;0,384;R
ES0000000000004889CCPF;20/07/2023;19;0,306;R
ES0000000000004889CCPF;20/07/2023;20;0,305;R
ES0000000000004889CCPF;20/07/2023;21;0,31;R
ES0000000000004889CCPF;20/07/2023;22;0,333;R
ES0000000000004889CCPF;20/07/2023;23;0,441;R
ES0000000000004889CCPF;21/07/2023;0;0,393;R
ES0000000000004889CCPF;21/07/2023;1;0,312;R
ES0000000000004889CCPF;21/07/2023;2;0,264;R
ES0000000000004889CCPF;21/07/2023;3;0,233;R
ES0000000000004889CCPF;21/07/2023;4;0,216;R
ES0000000000004889CCPF;21/07/2023;5;0,208;R
ES0000000000004889CCPF;21/07/2023;6;0,206;R
ES0000000000004889CCPF;21/07/2023;7;0,212;R
ES0000000000004889CCPF;21/07/2023;8;0,225;R
ES0000000000004889CCPF;21/07/2023;9;0,269;R
ES0000000000004889CCPF;21/07/2023;10;0,306;R
ES0000000000004889CCPF;21/07/2023;11;0,264;R
ES0000000000004889CCPF;21/07/2023;12;0,274;R
ES0000000000004889CCPF;21/07/2023;13;0,286;R
ES0000000000004889CCPF;21/07/2023;14;0,306;R
ES0000000000004889CCPF;21/07/2023;15;0,398;R
ES0000000000004889CCPF;21/07/2023;16;0,386;R
ES0000000000004889CCPF;21/07/2023;17;0,379;R
ES0000000000004889CCPF;21/07/2023;18;0,382;R
ES0000000000004889CCPF;21/07/2023;19;0,301;R
ES0000000000004889CCPF;21/07/2023;20;0,298;R
ES0000000000004889CCPF;21/07/2023;21;0,298;R
ES0000000000004889CCPF;21/07/2023;22;0,313;R
ES0000000000004889CCPF;21/07/2023;23;0,414;R
ES0000000000004889CCPF;22/07/2023;0;0,377;R
ES0000000000004889CCPF;22/07/2023;1;0,316;R
ES0000000000004889CCPF;22/07/2023;2;0,274;R
ES0000000000004889CCPF;22/07/2023;3;0,243;R
ES0000000000004889CCPF;22/07/2023;4;0,224;R
ES0000000000004889CCPF;22/07/2023;5;0,212;R
ES0000000000004889CCPF;22/07/2023;6;0,208;R
ES0000000000004889CCPF;22/07/2023;7;0,204;R
ES0000000000004889CCPF;22/07/2023;8;0,202;R
ES0000000000004889CCPF;22/07/2023;9;0,233;R
ES0000000000004889CCPF;22/07/2023;10;0,276;R
ES0000000000004889CCPF;22/07/2023;11;0,307;R
ES0000000000004889CCPF;22/07/2023;12;0,316;R
ES0000000000004889CCPF;22/07/2023;13;0,33;R
ES0000000000004889CCPF;22/07/2023;14;0,351;R
ES0000000000004889CCPF;22/07/2023;15;0,359;R
ES0000000000004889CCPF;22/07/2023;16;0,339;R
ES0000000000004889CCPF;22/07/2023;17;0,332;R
ES0000000000004889CCPF;22/07/2023;18;0,33;R
ES0000000000004889CCPF;22/07/2023;19;0,332;R
ES0000000000004889CCPF;22/07/2023;20;0,331;R
ES0000000000004889CCPF;22/07/2023;21;0,337;R
ES0000000000004889CCPF;22/07/2023;22;0,361;R
ES0000000000004889CCPF;22/07/2023;23;0,381;R
ES0000000000004889CCPF;23/07/2023;0;0,35;R
ES0000000000004889CCPF;23/07/2023;1;0,311;R
ES0000000000004889CCPF;23/07/2023;2;0,272;R
ES0000000000004889CCPF;23/07/2023;3;0,242;R
ES0000000000004889CCPF;23/07/2023;4;0,222;R
ES0000000000004889CCPF;23/07/2023;5;0,211;R
ES0000000000004889CCPF;23/07/2023;6;0,205;R
ES0000000000004889CCPF;23/07/2023;7;0,2;R
ES0000000000004889CCPF;23/07/2023;8;0,192;R
ES0000000000004889CCPF;23/07/2023;9;0,215;R
ES0000000000004889CCPF;23/07/2023;10;0,252;R
ES0000000000004889CCPF;23/07/2023;11;0,281;R
ES0000000000004889CCPF;23/07/2023;12;0,294;R
ES0000000000004889CCPF;23/07/2023;13;0,307;R
ES0000000000004889CCPF;23/07/2023;14;0,328;R
ES0000000000004889CCPF;23/07/2023;15;0,339;R
ES0000000000004889CCPF;23/07/2023;16;0,322;R
ES0000000000004889CCPF;23/07/2023;17;0,318;R
ES0000000000004889CCPF;23/07/2023;18;0,317;R
ES0000000000004889CCPF;23/07/2023;19;0,323;R
ES0000000000004889CCPF;23/07/2023;20;0,329;R
ES0000000000004889CCPF;23/07/2023;21;0,344;R
ES0000000000004889CCPF;23/07/2023;22;0,381;R
ES0000000000004889CCPF;23/07/2023;23;0,403;R
ES0000000000004889CCPF;24/07/2023;0;0,363;R
ES0000000000004889CCPF;24/07/2023;1;0,306;R
ES0000000000004889CCPF;24/07/2023;2;0,258;R
ES0000000000004889CCPF;24/07/2023;3;0,228;R
ES0000000000004889CCPF;24/07/2023;4;0,212;R
ES0000000000004889CCPF;24/07/2023;5;0,204;R
ES0000000000004889CCPF;24/07/2023;6;0,202;R
ES0000000000004889CCPF;24/07/2023;7;0,207;R
ES0000000000004889CCPF;24/07/2023;8;0,217;R
ES0000000000004889CCPF;24/07/2023;9;0,258;R
ES0000000000004889CCPF;24/07/2023;10;0,296;R
ES0000000000004889CCPF;24/07/2023;11;0,257;R
ES0000000000004889CCPF;24/07/2023;12;0,267;R
ES0000000000004889CCPF;24/07/2023;13;0,28;R
ES0000000000004889CCPF;24/07/2023;14;0,301;R
ES0000000000004889CCPF;24/07/2023;15;0,392;R
ES0000000000004889CCPF;24/07/2023;16;0,377;R
ES0000000000004889CCPF;24/07/2023;17;0,369;R
ES0000000000004889CCPF;24/07/2023;18;0,373;R
ES0000000000004889CCPF;24/07/2023;19;0,297;R
ES0000000000004889CCPF;24/07/2023;20;0,297;R
ES0000000000004889CCPF;24/07/2023;21;0,304;R
ES0000000000004889CCPF;24/07/2023;22;0,331;R
ES0000000000004889CCPF;24/07/2023;23;0,438;R
ES0000000000004889CCPF;25/07/2023;0;0,386;R
ES0000000000004889CCPF;25/07/2023;1;0,307;R
ES0000000000004889CCPF;25/07/2023;2;0,258;R
ES0000000000004889CCPF;25/07/2023;3;0,229;R
ES0000000000004889CCPF;25/07/2023;4;0,213;R
ES0000000000004889CCPF;25/07/2023;5;0,205;R
ES0000000000004889CCPF;25/07/2023;6;0,203;R
ES0000000000004889CCPF;25/07/2023;7;0,21;R
ES0000000000004889CCPF;25/07/2023;8;0,224;R
ES0000000000004889CCPF;25/07/2023;9;0,266;R
ES0000000000004889CCPF;25/07/2023;10;0,304;R
ES0000000000004889CCPF;25/07/2023;11;0,263;R
ES0000000000004889CCPF;25/07/2023;12;0,274;R
ES0000000000004889CCPF;25/07/2023;13;0,287;R
ES0000000000004889CCPF;25/07/2023;14;0,308;R
ES0000000000004889CCPF;25/07/2023;15;0,399;R
ES0000000000004889CCPF;25/07/2023;16;0,386;R
ES0000000000004889CCPF;25/07/2023;17;0,378;R
ES0000000000004889CCPF;25/07/2023;18;0,381;R
ES0000000000004889CCPF;25/07/2023;19;0,303;R
ES0000000000004889CCPF;25/07/2023;20;0,302;R
ES0000000000004889CCPF;25/07/2023;21;0,307;R
ES0000000000004889CCPF;25/07/2023;22;0,332;R
ES0000000000004889CCPF;25/07/2023;23;0,438;R
ES0000000000004889CCPF;26/07/2023;0;0,389;R
ES0000000000004889CCPF;26/07/2023;1;0,31;R
ES0000000000004889CCPF;26/07/2023;2;0,261;R
ES0000000000004889CCPF;26/07/2023;3;0,231;R
ES0000000000004889CCPF;26/07/2023;4;0,215;R
ES0000000000004889CCPF;26/07/2023;5;0,206;R
ES0000000000004889CCPF;26/07/2023;6;0,204;R
ES0000000000004889CCPF;26/07/2023;7;0,212;R
ES0000000000004889CCPF;26/07/2023;8;0,225;R
ES0000000000004889CCPF;26/07/2023;9;0,272;R
ES0000000000004889CCPF;26/07/2023;10;0,307;R
ES0000000000004889CCPF;26/07/2023;11;0,262;R
ES0000000000004889CCPF;26/07/2023;12;0,267;R
ES0000000000004889CCPF;26/07/2023;13;0,28;R
ES0000000000004889CCPF;26/07/2023;14;0,302;R
ES0000000000004889CCPF;26/07/2023;15;0,392;R
ES0000000000004889CCPF;26/07/2023;16;0,378;R
ES0000000000004889CCPF;26/07/2023;17;0,375;R
ES0000000000004889CCPF;26/07/2023;18;0,38;R
ES0000000000004889CCPF;26/07/2023;19;0,303;R
ES0000000000004889CCPF;26/07/2023;20;0,302;R
ES0000000000004889CCPF;26/07/2023;21;0,307;R
ES0000000000004889CCPF;26/07/2023;22;0,331;R
ES0000000000004889CCPF;26/07/2023;23;0,437;R
ES0000000000004889CCPF;27/07/2023;0;0,389;R
ES0000000000004889CCPF;27/07/2023;1;0,31;R
ES0000000000004889CCPF;27/07/2023;2;0,261;R
ES0000000000004889CCPF;27/07/2023;3;0,231;R
ES0000000000004889CCPF;27/07/2023;4;0,215;R
ES0000000000004889CCPF;27/07/2023;5;0,207;R
ES0000000000004889CCPF;27/07/2023;6;0,205;R
ES0000000000004889CCPF;27/07/2023;7;0,212;R
ES0000000000004889CCPF;27/07/2023;8;0,224;R
ES0000000000004889CCPF;27/07/2023;9;0,272;R
ES0000000000004889CCPF;27/07/2023;10;0,308;R
ES0000000000004889CCPF;27/07/2023;11;0,263;R
ES0000000000004889CCPF;27/07/2023;12;0,27;R
ES0000000000004889CCPF;27/07/2023;13;0,283;R
ES0000000000004889CCPF;27/07/2023;14;0,306;R
ES0000000000004889CCPF;27/07/2023;15;0,397;R
ES0000000000004889CCPF;27/07/2023;16;0,383;R
ES0000000000004889CCPF;27/07/2023;17;0,379;R
ES0000000000004889CCPF;27/07/2023;18;0,384;R
ES0000000000004889CCPF;27/07/2023;19;0,306;R
ES0000000000004889CCPF;27/07/2023;20;0,305;R
ES0000000000004889CCPF;27/07/2023;21;0,309;R
ES0000000000004889CCPF;27/07/2023;22;0,333;R
ES0000000000004889CCPF;27/07/2023;23;0,438;R
ES0000000000004889CCPF;28/07/2023;0;0,39;R
ES0000000000004889CCPF;28/07/2023;1;0,313;R
ES0000000000004889CCPF;28/07/2023;2;0,265;R
ES0000000000004889CCPF;28/07/2023;3;0,233;R
ES0000000000004889CCPF;28/07/2023;4;0,216;R
ES0000000000004889CCPF;28/07/2023;5;0,207;R
ES0000000000004889CCPF;28/07/2023;6;0,206;R
ES0000000000004889CCPF;28/07/2023;7;0,212;R
ES0000000000004889CCPF;28/07/2023;8;0,224;R
ES0000000000004889CCPF;28/07/2023;9;0,267;R
ES0000000000004889CCPF;28/07/2023;10;0,305;R
ES0000000000004889CCPF;28/07/2023;11;0,263;R
ES0000000000004889CCPF;28/07/2023;12;0,274;R
ES0000000000004889CCPF;28/07/2023;13;0,287;R
ES0000000000004889CCPF;28/07/2023;14;0,307;R
ES0000000000004889CCPF;28/07/2023;15;0,399;R
ES0000000000004889CCPF;28/07/2023;16;0,387;R
ES0000000000004889CCPF;28/07/2023;17;0,38;R
ES0000000000004889CCPF;28/07/2023;18;0,382;R
ES0000000000004889CCPF;28/07/2023;19;0,301;R
ES0000000000004889CCPF;28/07/2023;20;0,298;R
ES0000000000004889CCPF;28/07/2023;21;0,297;R
ES0000000000004889CCPF;28/07/2023;22;0,313;R
ES0000000000004889CCPF;28/07/2023;23;0,412;R
ES0000000000004889CCPF;29/07/2023;0;0,375;R
ES0000000000004889CCPF;29/07/2023;1;0,316;R
ES0000000000004889CCPF;29/07/2023;2;0,274;R
ES0000000000004889CCPF;29/07/2023;3;0,242;R
ES0000000000004889CCPF;29/07/2023;4;0,223;R
ES0000000000004889CCPF;29/07/2023;5;0,211;R
ES0000000000004889CCPF;29/07/2023;6;0,206;R
ES0000000000004889CCPF;29/07/2023;7;0,203;R
ES0000000000004889CCPF;29/07/2023;8;0,201;R
ES0000000000004889CCPF;29/07/2023;9;0,232;R
ES0000000000004889CCPF;29/07/2023;10;0,275;R
ES0000000000004889CCPF;29/07/2023;11;0,306;R
ES0000000000004889CCPF;29/07/2023;12;0,317;R
ES0000000000004889CCPF;29/07/2023;13;0,33;R
ES0000000000004889CCPF;29/07/2023;14;0,352;R
ES0000000000004889CCPF;29/07/2023;15;0,361;R
ES0000000000004889CCPF;29/07/2023;16;0,342;R
ES0000000000004889CCPF;29/07/2023;17;0,331;R
ES0000000000004889CCPF;29/07/2023;18;0,328;R
ES0000000000004889CCPF;29/07/2023;19;0,33;R
ES0000000000004889CCPF;29/07/2023;20;0,33;R
ES0000000000004889CCPF;29/07/2023;21;0,336;R
ES0000000000004889CCPF;29/07/2023;22;0,361;R
ES0000000000004889CCPF;29/07/2023;23;0,381;R
ES0000000000004889CCPF;30/07/2023;0;0,349;R
ES0000000000004889CCPF;30/07/2023;1;0,309;R
ES0000000000004889CCPF;30/07/2023;2;0,27;R
ES0000000000004889CCPF;30/07/2023;3;0,241;R
ES0000000000004889CCPF;30/07/2023;4;0,221;R
ES0000000000004889CCPF;30/07/2023;5;0,21;R
ES0000000000004889CCPF;30/07/2023;6;0,204;R
ES0000000000004889CCPF;30/07/2023;7;0,199;R
ES0000000000004889CCPF;30/07/2023;8;0,191;R
ES0000000000004889CCPF;30/07/2023;9;0,213;R
ES0000000000004889CCPF;30/07/2023;10;0,25;R
ES0000000000004889CCPF;30/07/2023;11;0,28;R
ES0000000000004889CCPF;30/07/2023;12;0,295;R
ES0000000000004889CCPF;30/07/2023;13;0,307;R
ES0000000000004889CCPF;30/07/2023;14;0,329;R
ES0000000000004889CCPF;30/07/2023;15;0,341;R
ES0000000000004889CCPF;30/07/2023;16;0,324;R
ES0000000000004889CCPF;30/07/2023;17;0,318;R
ES0000000000004889CCPF;30/07/2023;18;0,316;R
ES0000000000004889CCPF;30/07/2023;19;0,321;R
ES0000000000004889CCPF;30/07/2023;20;0,327;R
ES0000000000004889CCPF;30/07/2023;21;0,341;R
ES0000000000004889CCPF;30/07/2023;22;0,38;R
ES0000000000004889CCPF;30/07/2023;23;0,397;R
ES0000000000004889CCPF;31/07/2023;0;0,356;R
ES0000000000004889CCPF;31/07/2023;1;0,3;R
ES0000000000004889CCPF;31/07/2023;2;0,252;R
ES0000000000004889CCPF;31/07/2023;3;0,223;R
ES0000000000004889CCPF;31/07/2023;4;0,207;R
ES0000000000004889CCPF;31/07/2023;5;0,199;R
ES0000000000004889CCPF;31/07/2023;6;0,197;R
ES0000000000004889CCPF;31/07/2023;7;0,201;R
ES0000000000004889CCPF;31/07/2023;8;0,211;R
ES0000000000004889CCPF;31/07/2023;9;0,253;R
ES0000000000004889CCPF;31/07/2023;10;0,291;R
ES0000000000004889CCPF;31/07/2023;11;0,252;R
ES0000000000004889CCPF;31/07/2023;12;0,264;R
ES0000000000004889CCPF;31/07/2023;13;0,277;R
ES0000000000004889CCPF;31/07/2023;14;0,3;R
ES0000000000004889CCPF;31/07/2023;15;0,392;R
ES0000000000004889CCPF;31/07/2023;16;0,375;R
ES0000000000004889CCPF;31/07/2023;17;0,364;R
ES0000000000004889CCPF;31/07/2023;18;0,368;R
ES0000000000004889CCPF;31/07/2023;19;0,292;R
ES0000000000004889CCPF;31/07/2023;20;0,291;R
ES0000000000004889CCPF;31/07/2023;21;0,298;R
ES0000000000004889CCPF;31/07/2023;22;0,327;R
ES0000000000004889CCPF;31/07/2023;23;0,431;R
ES0000000000004889CCPF;01/08/2023;0;0,379;R
ES0000000000004889CCPF;01/08/2023;1;0,314;R
ES0000000000004889CCPF;01/08/2023;2;0,268;R
ES0000000000004889CCPF;01/08/2023;3;0,24;R
ES0000000000004889CCPF;01/08/2023;4;0,224;R
ES0000000000004889CCPF;01/08/2023;5;0,215;R
ES0000000000004889CCPF;01/08/2023;6;0,212;R
ES0000000000004889CCPF;01/08/2023;7;0,219;R
ES0000000000004889CCPF;01/08/2023;8;0,224;R
ES0000000000004889CCPF;01/08/2023;9;0,26;R
ES0000000000004889CCPF;01/08/2023;10;0,297;R
ES0000000000004889CCPF;01/08/2023;11;0,256;R
ES0000000000004889CCPF;01/08/2023;12;0,265;R
ES0000000000004889CCPF;01/08/2023;13;0,278;R
ES0000000000004889CCPF;01/08/2023;14;0,3;R
ES0000000000004889CCPF;01/08/2023;15;0,39;R
ES0000000000004889CCPF;01/08/2023;16;0,377;R
ES0000000000004889CCPF;01/08/2023;17;0,372;R
ES0000000000004889CCPF;01/08/2023;18;0,376;R
ES0000000000004889CCPF;01/08/2023;19;0,299;R
ES0000000000004889CCPF;01/08/2023;20;0,297;R
ES0000000000004889CCPF;01/08/2023;21;0,303;R
ES0000000000004889CCPF;01/08/2023;22;0,338;R
ES0000000000004889CCPF;01/08/2023;23;0,433;R
ES0000000000004889CCPF;02/08/2023;0;0,384;R
ES0000000000004889CCPF;02/08/2023;1;0,319;R
ES0000000000004889CCPF;02/08/2023;2;0,273;R
ES0000000000004889CCPF;02/08/2023;3;0,244;R
ES0000000000004889CCPF;02/08/2023;4;0,227;R
ES0000000000004889CCPF;02/08/2023;5;0,218;R
ES0000000000004889CCPF;02/08/2023;6;0,215;R
ES0000000000004889CCPF;02/08/2023;7;0,221;R
ES0000000000004889CCPF;02/08/2023;8;0,226;R
ES0000000000004889CCPF;02/08/2023;9;0,262;R
ES0000000000004889CCPF;02/08/2023;10;0,299;R
ES0000000000004889CCPF;02/08/2023;11;0,258;R
ES0000000000004889CCPF;02/08/2023;12;0,268;R
ES0000000000004889CCPF;02/08/2023;13;0,282;R
ES0000000000004889CCPF;02/08/2023;14;0,304;R
ES0000000000004889CCPF;02/08/2023;15;0,396;R
ES0000000000004889CCPF;02/08/2023;16;0,385;R
ES0000000000004889CCPF;02/08/2023;17;0,379;R
ES0000000000004889CCPF;02/08/2023;18;0,383;R
ES0000000000004889CCPF;02/08/2023;19;0,304;R
ES0000000000004889CCPF;02/08/2023;20;0,302;R
ES0000000000004889CCPF;02/08/2023;21;0,308;R
ES0000000000004889CCPF;02/08/2023;22;0,342;R
ES0000000000004889CCPF;02/08/2023;23;0,438;R
ES0000000000004889CCPF;03/08/2023;0;0,389;R
ES0000000000004889CCPF;03/08/2023;1;0,322;R
ES0000000000004889CCPF;03/08/2023;2;0,276;R
ES0000000000004889CCPF;03/08/2023;3;0,246;R
ES0000000000004889CCPF;03/08/2023;4;0,229;R
ES0000000000004889CCPF;03/08/2023;5;0,22;R
ES0000000000004889CCPF;03/08/2023;6;0,217;R
ES0000000000004889CCPF;03/08/2023;7;0,223;R
ES0000000000004889CCPF;03/08/2023;8;0,227;R
ES0000000000004889CCPF;03/08/2023;9;0,264;R
ES0000000000004889CCPF;03/08/2023;10;0,301;R
ES0000000000004889CCPF;03/08/2023;11;0,26;R
ES0000000000004889CCPF;03/08/2023;12;0,272;R
ES0000000000004889CCPF;03/08/2023;13;0,286;R
ES0000000000004889CCPF;03/08/2023;14;0,31;R
ES0000000000004889CCPF;03/08/2023;15;0,403;R
ES0000000000004889CCPF;03/08/2023;16;0,39;R
ES0000000000004889CCPF;03/08/2023;17;0,383;R
ES0000000000004889CCPF;03/08/2023;18;0,388;R
ES0000000000004889CCPF;03/08/2023;19;0,308;R
ES0000000000004889CCPF;03/08/2023;20;0,306;R
ES0000000000004889CCPF;03/08/2023;21;0,311;R
ES0000000000004889CCPF;03/08/2023;22;0,344;R
ES0000000000004889CCPF;03/08/2023;23;0,441;R
ES0000000000004889CCPF;04/08/2023;0;0,393;R
ES0000000000004889CCPF;04/08/2023;1;0,328;R
ES0000000000004889CCPF;04/08/2023;2;0,282;R
ES0000000000004889CCPF;04/08/2023;3;0,251;R
ES0000000000004889CCPF;04/08/2023;4;0,233;R
ES0000000000004889CCPF;04/08/2023;5;0,223;R
ES0000000000004889CCPF;04/08/2023;6;0,22;R
ES0000000000004889CCPF;04/08/2023;7;0,226;R
ES0000000000004889CCPF;04/08/2023;8;0,231;R
ES0000000000004889CCPF;04/08/2023;9;0,269;R
ES0000000000004889CCPF;04/08/2023;10;0,306;R
ES0000000000004889CCPF;04/08/2023;11;0,267;R
ES0000000000004889CCPF;04/08/2023;12;0,279;R
ES0000000000004889CCPF;04/08/2023;13;0,294;R
ES0000000000004889CCPF;04/08/2023;14;0,316;R
ES0000000000004889CCPF;04/08/2023;15;0,413;R
ES0000000000004889CCPF;04/08/2023;16;0,401;R
ES0000000000004889CCPF;04/08/2023;17;0,392;R
ES0000000000004889CCPF;04/08/2023;18;0,393;R
ES0000000000004889CCPF;04/08/2023;19;0,312;R
ES0000000000004889CCPF;04/08/2023;20;0,309;R
ES0000000000004889CCPF;04/08/2023;21;0,309;R
ES0000000000004889CCPF;04/08/2023;22;0,336;R
ES0000000000004889CCPF;04/08/2023;23;0,429;R
ES0000000000004889CCPF;05/08/2023;0;0,389;R
ES0000000000004889CCPF;05/08/2023;1;0,333;R
ES0000000000004889CCPF;05/08/2023;2;0,292;R
ES0000000000004889CCPF;05/08/2023;3;0,26;R
ES0000000000004889CCPF;05/08/2023;4;0,24;R
ES0000000000004889CCPF;05/08/2023;5;0,228;R
ES0000000000004889CCPF;05/08/2023;6;0,222;R
ES0000000000004889CCPF;05/08/2023;7;0,219;R
ES0000000000004889CCPF;05/08/2023;8;0,211;R
ES0000000000004889CCPF;05/08/2023;9;0,231;R
ES0000000000004889CCPF;05/08/2023;10;0,268;R
ES0000000000004889CCPF;05/08/2023;11;0,301;R
ES0000000000004889CCPF;05/08/2023;12;0,317;R
ES0000000000004889CCPF;05/08/2023;13;0,331;R
ES0000000000004889CCPF;05/08/2023;14;0,355;R
ES0000000000004889CCPF;05/08/2023;15;0,369;R
ES0000000000004889CCPF;05/08/2023;16;0,356;R
ES0000000000004889CCPF;05/08/2023;17;0,345;R
ES0000000000004889CCPF;05/08/2023;18;0,345;R
ES0000000000004889CCPF;05/08/2023;19;0,347;R
ES0000000000004889CCPF;05/08/2023;20;0,348;R
ES0000000000004889CCPF;05/08/2023;21;0,353;R
ES0000000000004889CCPF;05/08/2023;22;0,389;R
ES0000000000004889CCPF;05/08/2023;23;0,396;R
ES0000000000004889CCPF;06/08/2023;0;0,362;R
ES0000000000004889CCPF;06/08/2023;1;0,321;R
ES0000000000004889CCPF;06/08/2023;2;0,281;R
ES0000000000004889CCPF;06/08/2023;3;0,251;R
ES0000000000004889CCPF;06/08/2023;4;0,232;R
ES0000000000004889CCPF;06/08/2023;5;0,22;R
ES0000000000004889CCPF;06/08/2023;6;0,214;R
ES0000000000004889CCPF;06/08/2023;7;0,21;R
ES0000000000004889CCPF;06/08/2023;8;0,197;R
ES0000000000004889CCPF;06/08/2023;9;0,208;R
ES0000000000004889CCPF;06/08/2023;10;0,24;R
ES0000000000004889CCPF;06/08/2023;11;0,27;R
ES0000000000004889CCPF;06/08/2023;12;0,287;R
ES0000000000004889CCPF;06/08/2023;13;0,3;R
ES0000000000004889CCPF;06/08/2023;14;0,323;R
ES0000000000004889CCPF;06/08/2023;15;0,337;R
ES0000000000004889CCPF;06/08/2023;16;0,325;R
ES0000000000004889CCPF;06/08/2023;17;0,317;R
ES0000000000004889CCPF;06/08/2023;18;0,319;R
ES0000000000004889CCPF;06/08/2023;19;0,325;R
ES0000000000004889CCPF;06/08/2023;20;0,331;R
ES0000000000004889CCPF;06/08/2023;21;0,344;R
ES0000000000004889CCPF;06/08/2023;22;0,392;R
ES0000000000004889CCPF;06/08/2023;23;0,399;R
ES0000000000004889CCPF;07/08/2023;0;0,36;R
ES0000000000004889CCPF;07/08/2023;1;0,314;R
ES0000000000004889CCPF;07/08/2023;2;0,269;R
ES0000000000004889CCPF;07/08/2023;3;0,24;R
ES0000000000004889CCPF;07/08/2023;4;0,223;R
ES0000000000004889CCPF;07/08/2023;5;0,214;R
ES0000000000004889CCPF;07/08/2023;6;0,21;R
ES0000000000004889CCPF;07/08/2023;7;0,214;R
ES0000000000004889CCPF;07/08/2023;8;0,215;R
ES0000000000004889CCPF;07/08/2023;9;0,248;R
ES0000000000004889CCPF;07/08/2023;10;0,284;R
ES0000000000004889CCPF;07/08/2023;11;0,245;R
ES0000000000004889CCPF;07/08/2023;12;0,254;R
ES0000000000004889CCPF;07/08/2023;13;0,267;R
ES0000000000004889CCPF;07/08/2023;14;0,29;R
ES0000000000004889CCPF;07/08/2023;15;0,383;R
ES0000000000004889CCPF;07/08/2023;16;0,371;R
ES0000000000004889CCPF;07/08/2023;17;0,365;R
ES0000000000004889CCPF;07/08/2023;18;0,368;R
ES0000000000004889CCPF;07/08/2023;19;0,293;R
ES0000000000004889CCPF;07/08/2023;20;0,291;R
ES0000000000004889CCPF;07/08/2023;21;0,298;R
ES0000000000004889CCPF;07/08/2023;22;0,337;R
ES0000000000004889CCPF;07/08/2023;23;0,429;R
ES0000000000004889CCPF;08/08/2023;0;0,379;R
ES0000000000004889CCPF;08/08/2023;1;0,31;R
ES0000000000004889CCPF;08/08/2023;2;0,265;R
ES0000000000004889CCPF;08/08/2023;3;0,237;R
ES0000000000004889CCPF;08/08/2023;4;0,22;R
ES0000000000004889CCPF;08/08/2023;5;0,211;R
ES0000000000004889CCPF;08/08/2023;6;0,208;R
ES0000000000004889CCPF;08/08/2023;7;0,213;R
ES0000000000004889CCPF;08/08/2023;8;0,216;R
ES0000000000004889CCPF;08/08/2023;9;0,251;R
ES0000000000004889CCPF;08/08/2023;10;0,286;R
ES0000000000004889CCPF;08/08/2023;11;0,247;R
ES0000000000004889CCPF;08/08/2023;12;0,257;R
ES0000000000004889CCPF;08/08/2023;13;0,269;R
ES0000000000004889CCPF;08/08/2023;14;0,291;R
ES0000000000004889CCPF;08/08/2023;15;0,381;R
ES0000000000004889CCPF;08/08/2023;16;0,369;R
ES0000000000004889CCPF;08/08/2023;17;0,363;R
ES0000000000004889CCPF;08/08/2023;18;0,366;R
ES0000000000004889CCPF;08/08/2023;19;0,291;R
ES0000000000004889CCPF;08/08/2023;20;0,29;R
ES0000000000004889CCPF;08/08/2023;21;0,297;R
ES0000000000004889CCPF;08/08/2023;22;0,334;R
ES0000000000004889CCPF;08/08/2023;23;0,424;R
ES0000000000004889CCPF;09/08/2023;0;0,376;R
ES0000000000004889CCPF;09/08/2023;1;0,311;R
ES0000000000004889CCPF;09/08/2023;2;0,266;R
ES0000000000004889CCPF;09/08/2023;3;0,238;R
ES0000000000004889CCPF;09/08/2023;4;0,222;R
ES0000000000004889CCPF;09/08/2023;5;0,212;R
ES0000000000004889CCPF;09/08/2023;6;0,209;R
ES0000000000004889CCPF;09/08/2023;7;0,214;R
ES0000000000004889CCPF;09/08/2023;8;0,218;R
ES0000000000004889CCPF;09/08/2023;9;0,253;R
ES0000000000004889CCPF;09/08/2023;10;0,288;R
ES0000000000004889CCPF;09/08/2023;11;0,248;R
ES0000000000004889CCPF;09/08/2023;12;0,257;R
ES0000000000004889CCPF;09/08/2023;13;0,27;R
ES0000000000004889CCPF;09/08/2023;14;0,292;R
ES0000000000004889CCPF;09/08/2023;15;0,381;R
ES0000000000004889CCPF;09/08/2023;16;0,37;R
ES0000000000004889CCPF;09/08/2023;17;0,364;R
ES0000000000004889CCPF;09/08/2023;18;0,368;R
ES0000000000004889CCPF;09/08/2023;19;0,293;R
ES0000000000004889CCPF;09/08/2023;20;0,292;R
ES0000000000004889CCPF;09/08/2023;21;0,298;R
ES0000000000004889CCPF;09/08/2023;22;0,335;R
ES0000000000004889CCPF;09/08/2023;23;0,426;R
ES0000000000004889CCPF;10/08/2023;0;0,379;R
ES0000000000004889CCPF;10/08/2023;1;0,313;R
ES0000000000004889CCPF;10/08/2023;2;0,268;R
ES0000000000004889CCPF;10/08/2023;3;0,239;R
ES0000000000004889CCPF;10/08/2023;4;0,223;R
ES0000000000004889CCPF;10/08/2023;5;0,213;R
ES0000000000004889CCPF;10/08/2023;6;0,21;R
ES0000000000004889CCPF;10/08/2023;7;0,215;R
ES0000000000004889CCPF;10/08/2023;8;0,218;R
ES0000000000004889CCPF;10/08/2023;9;0,252;R
ES0000000000004889CCPF;10/08/2023;10;0,288;R
ES0000000000004889CCPF;10/08/2023;11;0,248;R
ES0000000000004889CCPF;10/08/2023;12;0,258;R
ES0000000000004889CCPF;10/08/2023;13;0,272;R
ES0000000000004889CCPF;10/08/2023;14;0,294;R
ES0000000000004889CCPF;10/08/2023;15;0,385;R
ES0000000000004889CCPF;10/08/2023;16;0,372;R
ES0000000000004889CCPF;10/08/2023;17;0,365;R
ES0000000000004889CCPF;10/08/2023;18;0,369;R
ES0000000000004889CCPF;10/08/2023;19;0,295;R
ES0000000000004889CCPF;10/08/2023;20;0,294;R
ES0000000000004889CCPF;10/08/2023;21;0,3;R
ES0000000000004889CCPF;10/08/2023;22;0,337;R
ES0000000000004889CCPF;10/08/2023;23;0,429;R
ES0000000000004889CCPF;11/08/2023;0;0,382;R
ES0000000000004889CCPF;11/08/2023;1;0,427;R
ES0000000000004889CCPF;11/08/2023;2;0,366;R
ES0000000000004889CCPF;11/08/2023;3;0,326;R
ES0000000000004889CCPF;11/08/2023;4;0,303;R
ES0000000000004889CCPF;11/08/2023;5;0,29;R
ES0000000000004889CCPF;11/08/2023;6;0,286;R
ES0000000000004889CCPF;11/08/2023;7;0,293;R
ES0000000000004889CCPF;11/08/2023;8;0,297;R
ES0000000000004889CCPF;11/08/2023;9;0,32;R
ES0000000000004889CCPF;11/08/2023;10;0,364;R
ES0000000000004889CCPF;11/08/2023;11;0,347;R
ES0000000000004889CCPF;11/08/2023;12;0,363;R
ES0000000000004889CCPF;11/08/2023;13;0,382;R
ES0000000000004889CCPF;11/08/2023;14;0,413;R
ES0000000000004889CCPF;11/08/2023;15;0,492;R
ES0000000000004889CCPF;11/08/2023;16;0,478;R
ES0000000000004889CCPF;11/08/2023;17;0,467;R
ES0000000000004889CCPF;11/08/2023;18;0,471;R
ES0000000000004889CCPF;11/08/2023;19;0,411;R
ES0000000000004889CCPF;11/08/2023;20;0,408;R
ES0000000000004889CCPF;11/08/2023;21;0,411;R
ES0000000000004889CCPF;11/08/2023;22;0,453;R
ES0000000000004889CCPF;11/08/2023;23;0,525;R
ES0000000000004889CCPF;12/08/2023;0;0,475;R
ES0000000000004889CCPF;12/08/2023;1;0,433;R
ES0000000000004889CCPF;12/08/2023;2;0,379;R
ES0000000000004889CCPF;12/08/2023;3;0,339;R
ES0000000000004889CCPF;12/08/2023;4;0,313;R
ES0000000000004889CCPF;12/08/2023;5;0,298;R
ES0000000000004889CCPF;12/08/2023;6;0,29;R
ES0000000000004889CCPF;12/08/2023;7;0,289;R
ES0000000000004889CCPF;12/08/2023;8;0,278;R
ES0000000000004889CCPF;12/08/2023;9;0,303;R
ES0000000000004889CCPF;12/08/2023;10;0,353;R
ES0000000000004889CCPF;12/08/2023;11;0,395;R
ES0000000000004889CCPF;12/08/2023;12;0,416;R
ES0000000000004889CCPF;12/08/2023;13;0,434;R
ES0000000000004889CCPF;12/08/2023;14;0,466;R
ES0000000000004889CCPF;12/08/2023;15;0,485;R
ES0000000000004889CCPF;12/08/2023;16;0,467;R
ES0000000000004889CCPF;12/08/2023;17;0,455;R
ES0000000000004889CCPF;12/08/2023;18;0,454;R
ES0000000000004889CCPF;12/08/2023;19;0,458;R
ES0000000000004889CCPF;12/08/2023;20;0,459;R
ES0000000000004889CCPF;12/08/2023;21;0,465;R
ES0000000000004889CCPF;12/08/2023;22;0,52;R
ES0000000000004889CCPF;12/08/2023;23;0,524;R
ES0000000000004889CCPF;13/08/2023;0;0,478;R
ES0000000000004889CCPF;13/08/2023;1;0,427;R
ES0000000000004889CCPF;13/08/2023;2;0,374;R
ES0000000000004889CCPF;13/08/2023;3;0,335;R
ES0000000000004889CCPF;13/08/2023;4;0,31;R
ES0000000000004889CCPF;13/08/2023;5;0,295;R
ES0000000000004889CCPF;13/08/2023;6;0,286;R
ES0000000000004889CCPF;13/08/2023;7;0,284;R
ES0000000000004889CCPF;13/08/2023;8;0,269;R
ES0000000000004889CCPF;13/08/2023;9;0,284;R
ES0000000000004889CCPF;13/08/2023;10;0,327;R
ES0000000000004889CCPF;13/08/2023;11;0,367;R
ES0000000000004889CCPF;13/08/2023;12;0,391;R
ES0000000000004889CCPF;13/08/2023;13;0,408;R
ES0000000000004889CCPF;13/08/2023;14;0,437;R
ES0000000000004889CCPF;13/08/2023;15;0,455;R
ES0000000000004889CCPF;13/08/2023;16;0,436;R
ES0000000000004889CCPF;13/08/2023;17;0,426;R
ES0000000000004889CCPF;13/08/2023;18;0,429;R
ES0000000000004889CCPF;13/08/2023;19;0,437;R
ES0000000000004889CCPF;13/08/2023;20;0,444;R
ES0000000000004889CCPF;13/08/2023;21;0,461;R
ES0000000000004889CCPF;13/08/2023;22;0,53;R
ES0000000000004889CCPF;13/08/2023;23;0,531;R
ES0000000000004889CCPF;14/08/2023;0;0,477;R
ES0000000000004889CCPF;14/08/2023;1;0,411;R
ES0000000000004889CCPF;14/08/2023;2;0,354;R
ES0000000000004889CCPF;14/08/2023;3;0,316;R
ES0000000000004889CCPF;14/08/2023;4;0,293;R
ES0000000000004889CCPF;14/08/2023;5;0,28;R
ES0000000000004889CCPF;14/08/2023;6;0,274;R
ES0000000000004889CCPF;14/08/2023;7;0,274;R
ES0000000000004889CCPF;14/08/2023;8;0,27;R
ES0000000000004889CCPF;14/08/2023;9;0,283;R
ES0000000000004889CCPF;14/08/2023;10;0,323;R
ES0000000000004889CCPF;14/08/2023;11;0,306;R
ES0000000000004889CCPF;14/08/2023;12;0,317;R
ES0000000000004889CCPF;14/08/2023;13;0,333;R
ES0000000000004889CCPF;14/08/2023;14;0,365;R
ES0000000000004889CCPF;14/08/2023;15;0,441;R
ES0000000000004889CCPF;14/08/2023;16;0,427;R
ES0000000000004889CCPF;14/08/2023;17;0,419;R
ES0000000000004889CCPF;14/08/2023;18;0,424;R
ES0000000000004889CCPF;14/08/2023;19;0,373;R
ES0000000000004889CCPF;14/08/2023;20;0,374;R
ES0000000000004889CCPF;14/08/2023;21;0,386;R
ES0000000000004889CCPF;14/08/2023;22;0,442;R
ES0000000000004889CCPF;14/08/2023;23;0,507;R
ES0000000000004889CCPF;15/08/2023;0;0,45;R
ES0000000000004889CCPF;15/08/2023;1;0,421;R
ES0000000000004889CCPF;15/08/2023;2;0,373;R
ES0000000000004889CCPF;15/08/2023;3;0,335;R
ES0000000000004889CCPF;15/08/2023;4;0,31;R
ES0000000000004889CCPF;15/08/2023;5;0,295;R
ES0000000000004889CCPF;15/08/2023;6;0,286;R
ES0000000000004889CCPF;15/08/2023;7;0,284;R
ES0000000000004889CCPF;15/08/2023;8;0,269;R
ES0000000000004889CCPF;15/08/2023;9;0,284;R
ES0000000000004889CCPF;15/08/2023;10;0,327;R
ES0000000000004889CCPF;15/08/2023;11;0,37;R
ES0000000000004889CCPF;15/08/2023;12;0,396;R
ES0000000000004889CCPF;15/08/2023;13;0,415;R
ES0000000000004889CCPF;15/08/2023;14;0,445;R
ES0000000000004889CCPF;15/08/2023;15;0,46;R
ES0000000000004889CCPF;15/08/2023;16;0,441;R
ES0000000000004889CCPF;15/08/2023;17;0,427;R
ES0000000000004889CCPF;15/08/2023;18;0,43;R
ES0000000000004889CCPF;15/08/2023;19;0,438;R
ES0000000000004889CCPF;15/08/2023;20;0,445;R
ES0000000000004889CCPF;15/08/2023;21;0,461;R
ES0000000000004889CCPF;15/08/2023;22;0,53;R
ES0000000000004889CCPF;15/08/2023;23;0,531;R
ES0000000000004889CCPF;16/08/2023;0;0,477;R
ES0000000000004889CCPF;16/08/2023;1;0,386;R
ES0000000000004889CCPF;16/08/2023;2;0,331;R
ES0000000000004889CCPF;16/08/2023;3;0,296;R
ES0000000000004889CCPF;16/08/2023;4;0,276;R
ES0000000000004889CCPF;16/08/2023;5;0,265;R
ES0000000000004889CCPF;16/08/2023;6;0,262;R
ES0000000000004889CCPF;16/08/2023;7;0,271;R
ES0000000000004889CCPF;16/08/2023;8;0,276;R
ES0000000000004889CCPF;16/08/2023;9;0,296;R
ES0000000000004889CCPF;16/08/2023;10;0,337;R
ES0000000000004889CCPF;16/08/2023;11;0,319;R
ES0000000000004889CCPF;16/08/2023;12;0,331;R
ES0000000000004889CCPF;16/08/2023;13;0,347;R
ES0000000000004889CCPF;16/08/2023;14;0,377;R
ES0000000000004889CCPF;16/08/2023;15;0,451;R
ES0000000000004889CCPF;16/08/2023;16;0,436;R
ES0000000000004889CCPF;16/08/2023;17;0,429;R
ES0000000000004889CCPF;16/08/2023;18;0,433;R
ES0000000000004889CCPF;16/08/2023;19;0,38;R
ES0000000000004889CCPF;16/08/2023;20;0,38;R
ES0000000000004889CCPF;16/08/2023;21;0,39;R
ES0000000000004889CCPF;16/08/2023;22;0,447;R
ES0000000000004889CCPF;16/08/2023;23;0,513;R
ES0000000000004889CCPF;17/08/2023;0;0,455;R
ES0000000000004889CCPF;17/08/2023;1;0,409;R
ES0000000000004889CCPF;17/08/2023;2;0,351;R
ES0000000000004889CCPF;17/08/2023;3;0,314;R
ES0000000000004889CCPF;17/08/2023;4;0,292;R
ES0000000000004889CCPF;17/08/2023;5;0,281;R
ES0000000000004889CCPF;17/08/2023;6;0,276;R
ES0000000000004889CCPF;17/08/2023;7;0,283;R
ES0000000000004889CCPF;17/08/2023;8;0,287;R
ES0000000000004889CCPF;17/08/2023;9;0,304;R
ES0000000000004889CCPF;17/08/2023;10;0,344;R
ES0000000000004889CCPF;17/08/2023;11;0,325;R
ES0000000000004889CCPF;17/08/2023;12;0,338;R
ES0000000000004889CCPF;17/08/2023;13;0,355;R
ES0000000000004889CCPF;17/08/2023;14;0,384;R
ES0000000000004889CCPF;17/08/2023;15;0,458;R
ES0000000000004889CCPF;17/08/2023;16;0,44;R
ES0000000000004889CCPF;17/08/2023;17;0,431;R
ES0000000000004889CCPF;17/08/2023;18;0,436;R
ES0000000000004889CCPF;17/08/2023;19;0,383;R
ES0000000000004889CCPF;17/08/2023;20;0,383;R
ES0000000000004889CCPF;17/08/2023;21;0,393;R
ES0000000000004889CCPF;17/08/2023;22;0,448;R
ES0000000000004889CCPF;17/08/2023;23;0,515;R
ES0000000000004889CCPF;18/08/2023;0;0,457;R
ES0000000000004889CCPF;18/08/2023;1;0,408;R
ES0000000000004889CCPF;18/08/2023;2;0,352;R
ES0000000000004889CCPF;18/08/2023;3;0,313;R
ES0000000000004889CCPF;18/08/2023;4;0,291;R
ES0000000000004889CCPF;18/08/2023;5;0,279;R
ES0000000000004889CCPF;18/08/2023;6;0,275;R
ES0000000000004889CCPF;18/08/2023;7;0,281;R
ES0000000000004889CCPF;18/08/2023;8;0,284;R
ES0000000000004889CCPF;18/08/2023;9;0,301;R
ES0000000000004889CCPF;18/08/2023;10;0,342;R
ES0000000000004889CCPF;18/08/2023;11;0,326;R
ES0000000000004889CCPF;18/08/2023;12;0,34;R
ES0000000000004889CCPF;18/08/2023;13;0,357;R
ES0000000000004889CCPF;18/08/2023;14;0,386;R
ES0000000000004889CCPF;18/08/2023;15;0,462;R
ES0000000000004889CCPF;18/08/2023;16;0,448;R
ES0000000000004889CCPF;18/08/2023;17;0,44;R
ES0000000000004889CCPF;18/08/2023;18;0,445;R
ES0000000000004889CCPF;18/08/2023;19;0,389;R
ES0000000000004889CCPF;18/08/2023;20;0,389;R
ES0000000000004889CCPF;18/08/2023;21;0,394;R
ES0000000000004889CCPF;18/08/2023;22;0,441;R
ES0000000000004889CCPF;18/08/2023;23;0,506;R
ES0000000000004889CCPF;19/08/2023;0;0,458;R
ES0000000000004889CCPF;19/08/2023;1;0,421;R
ES0000000000004889CCPF;19/08/2023;2;0,369;R
ES0000000000004889CCPF;19/08/2023;3;0,33;R
ES0000000000004889CCPF;19/08/2023;4;0,305;R
ES0000000000004889CCPF;19/08/2023;5;0,291;R
ES0000000000004889CCPF;19/08/2023;6;0,284;R
ES0000000000004889CCPF;19/08/2023;7;0,282;R
ES0000000000004889CCPF;19/08/2023;8;0,273;R
ES0000000000004889CCPF;19/08/2023;9;0,294;R
ES0000000000004889CCPF;19/08/2023;10;0,342;R
ES0000000000004889CCPF;19/08/2023;11;0,384;R
ES0000000000004889CCPF;19/08/2023;12;0,403;R
ES0000000000004889CCPF;19/08/2023;13;0,42;R
ES0000000000004889CCPF;19/08/2023;14;0,452;R
ES0000000000004889CCPF;19/08/2023;15;0,471;R
ES0000000000004889CCPF;19/08/2023;16;0,454;R
ES0000000000004889CCPF;19/08/2023;17;0,442;R
ES0000000000004889CCPF;19/08/2023;18;0,442;R
ES0000000000004889CCPF;19/08/2023;19;0,447;R
ES0000000000004889CCPF;19/08/2023;20;0,449;R
ES0000000000004889CCPF;19/08/2023;21;0,457;R
ES0000000000004889CCPF;19/08/2023;22;0,517;R
ES0000000000004889CCPF;19/08/2023;23;0,518;R
ES0000000000004889CCPF;20/08/2023;0;0,471;R
ES0000000000004889CCPF;20/08/2023;1;0,421;R
ES0000000000004889CCPF;20/08/2023;2;0,37;R
ES0000000000004889CCPF;20/08/2023;3;0,332;R
ES0000000000004889CCPF;20/08/2023;4;0,307;R
ES0000000000004889CCPF;20/08/2023;5;0,292;R
ES0000000000004889CCPF;20/08/2023;6;0,283;R
ES0000000000004889CCPF;20/08/2023;7;0,28;R
ES0000000000004889CCPF;20/08/2023;8;0,266;R
ES0000000000004889CCPF;20/08/2023;9;0,277;R
ES0000000000004889CCPF;20/08/2023;10;0,319;R
ES0000000000004889CCPF;20/08/2023;11;0,357;R
ES0000000000004889CCPF;20/08/2023;12;0,382;R
ES0000000000004889CCPF;20/08/2023;13;0,399;R
ES0000000000004889CCPF;20/08/2023;14;0,43;R
ES0000000000004889CCPF;20/08/2023;15;0,448;R
ES0000000000004889CCPF;20/08/2023;16;0,431;R
ES0000000000004889CCPF;20/08/2023;17;0,421;R
ES0000000000004889CCPF;20/08/2023;18;0,423;R
ES0000000000004889CCPF;20/08/2023;19;0,432;R
ES0000000000004889CCPF;20/08/2023;20;0,44;R
ES0000000000004889CCPF;20/08/2023;21;0,461;R
ES0000000000004889CCPF;20/08/2023;22;0,537;R
ES0000000000004889CCPF;20/08/2023;23;0,535;R
ES0000000000004889CCPF;21/08/2023;0;0,482;R
ES0000000000004889CCPF;21/08/2023;1;0,417;R
ES0000000000004889CCPF;21/08/2023;2;0,358;R
ES0000000000004889CCPF;21/08/2023;3;0,32;R
ES0000000000004889CCPF;21/08/2023;4;0,299;R
ES0000000000004889CCPF;21/08/2023;5;0,287;R
ES0000000000004889CCPF;21/08/2023;6;0,282;R
ES0000000000004889CCPF;21/08/2023;7;0,291;R
ES0000000000004889CCPF;21/08/2023;8;0,296;R
ES0000000000004889CCPF;21/08/2023;9;0,314;R
ES0000000000004889CCPF;21/08/2023;10;0,358;R
ES0000000000004889CCPF;21/08/2023;11;0,339;R
ES0000000000004889CCPF;21/08/2023;12;0,353;R
ES0000000000004889CCPF;21/08/2023;13;0,371;R
ES0000000000004889CCPF;21/08/2023;14;0,402;R
ES0000000000004889CCPF;21/08/2023;15;0,481;R
ES0000000000004889CCPF;21/08/2023;16;0,466;R
ES0000000000004889CCPF;21/08/2023;17;0,457;R
ES0000000000004889CCPF;21/08/2023;18;0,461;R
ES0000000000004889CCPF;21/08/2023;19;0,403;R
ES0000000000004889CCPF;21/08/2023;20;0,401;R
ES0000000000004889CCPF;21/08/2023;21;0,414;R
ES0000000000004889CCPF;21/08/2023;22;0,476;R
ES0000000000004889CCPF;21/08/2023;23;0,538;R
ES0000000000004889CCPF;22/08/2023;0;0,475;R
ES0000000000004889CCPF;22/08/2023;1;0,418;R
ES0000000000004889CCPF;22/08/2023;2;0,359;R
ES0000000000004889CCPF;22/08/2023;3;0,321;R
ES0000000000004889CCPF;22/08/2023;4;0,3;R
ES0000000000004889CCPF;22/08/2023;5;0,287;R
ES0000000000004889CCPF;22/08/2023;6;0,283;R
ES0000000000004889CCPF;22/08/2023;7;0,291;R
ES0000000000004889CCPF;22/08/2023;8;0,299;R
ES0000000000004889CCPF;22/08/2023;9;0,318;R
ES0000000000004889CCPF;22/08/2023;10;0,362;R
ES0000000000004889CCPF;22/08/2023;11;0,342;R
ES0000000000004889CCPF;22/08/2023;12;0,355;R
ES0000000000004889CCPF;22/08/2023;13;0,373;R
ES0000000000004889CCPF;22/08/2023;14;0,404;R
ES0000000000004889CCPF;22/08/2023;15;0,48;R
ES0000000000004889CCPF;22/08/2023;16;0,464;R
ES0000000000004889CCPF;22/08/2023;17;0,457;R
ES0000000000004889CCPF;22/08/2023;18;0,462;R
ES0000000000004889CCPF;22/08/2023;19;0,405;R
ES0000000000004889CCPF;22/08/2023;20;0,403;R
ES0000000000004889CCPF;22/08/2023;21;0,413;R
ES0000000000004889CCPF;22/08/2023;22;0,473;R
ES0000000000004889CCPF;22/08/2023;23;0,535;R
ES0000000000004889CCPF;23/08/2023;0;0,475;R
ES0000000000004889CCPF;23/08/2023;1;0,417;R
ES0000000000004889CCPF;23/08/2023;2;0,358;R
ES0000000000004889CCPF;23/08/2023;3;0,32;R
ES0000000000004889CCPF;23/08/2023;4;0,299;R
ES0000000000004889CCPF;23/08/2023;5;0,287;R
ES0000000000004889CCPF;23/08/2023;6;0,283;R
ES0000000000004889CCPF;23/08/2023;7;0,291;R
ES0000000000004889CCPF;23/08/2023;8;0,298;R
ES0000000000004889CCPF;23/08/2023;9;0,316;R
ES0000000000004889CCPF;23/08/2023;10;0,36;R
ES0000000000004889CCPF;23/08/2023;11;0,341;R
ES0000000000004889CCPF;23/08/2023;12;0,353;R
ES0000000000004889CCPF;23/08/2023;13;0,371;R
ES0000000000004889CCPF;23/08/2023;14;0,402;R
ES0000000000004889CCPF;23/08/2023;15;0,478;R
ES0000000000004889CCPF;23/08/2023;16;0,462;R
ES0000000000004889CCPF;23/08/2023;17;0,454;R
ES0000000000004889CCPF;23/08/2023;18;0,459;R
ES0000000000004889CCPF;23/08/2023;19;0,402;R
ES0000000000004889CCPF;23/08/2023;20;0,401;R
ES0000000000004889CCPF;23/08/2023;21;0,412;R
ES0000000000004889CCPF;23/08/2023;22;0,47;R
ES0000000000004889CCPF;23/08/2023;23;0,531;R
ES0000000000004889CCPF;24/08/2023;0;0,471;R
ES0000000000004889CCPF;24/08/2023;1;0,418;R
ES0000000000004889CCPF;24/08/2023;2;0,358;R
ES0000000000004889CCPF;24/08/2023;3;0,32;R
ES0000000000004889CCPF;24/08/2023;4;0,298;R
ES0000000000004889CCPF;24/08/2023;5;0,286;R
ES0000000000004889CCPF;24/08/2023;6;0,282;R
ES0000000000004889CCPF;24/08/2023;7;0,29;R
ES0000000000004889CCPF;24/08/2023;8;0,296;R
ES0000000000004889CCPF;24/08/2023;9;0,314;R
ES0000000000004889CCPF;24/08/2023;10;0,357;R
ES0000000000004889CCPF;24/08/2023;11;0,338;R
ES0000000000004889CCPF;24/08/2023;12;0,353;R
ES0000000000004889CCPF;24/08/2023;13;0,371;R
ES0000000000004889CCPF;24/08/2023;14;0,402;R
ES0000000000004889CCPF;24/08/2023;15;0,479;R
ES0000000000004889CCPF;24/08/2023;16;0,461;R
ES0000000000004889CCPF;24/08/2023;17;0,452;R
ES0000000000004889CCPF;24/08/2023;18;0,458;R
ES0000000000004889CCPF;24/08/2023;19;0,401;R
ES0000000000004889CCPF;24/08/2023;20;0,4;R
ES0000000000004889CCPF;24/08/2023;21;0,411;R
ES0000000000004889CCPF;24/08/2023;22;0,469;R
ES0000000000004889CCPF;24/08/2023;23;0,531;R
ES0000000000004889CCPF;25/08/2023;0;0,471;R
ES0000000000004889CCPF;25/08/2023;1;0,418;R
ES0000000000004889CCPF;25/08/2023;2;0,36;R
ES0000000000004889CCPF;25/08/2023;3;0,322;R
ES0000000000004889CCPF;25/08/2023;4;0,299;R
ES0000000000004889CCPF;25/08/2023;5;0,286;R
ES0000000000004889CCPF;25/08/2023;6;0,282;R
ES0000000000004889CCPF;25/08/2023;7;0,29;R
ES0000000000004889CCPF;25/08/2023;8;0,296;R
ES0000000000004889CCPF;25/08/2023;9;0,315;R
ES0000000000004889CCPF;25/08/2023;10;0,357;R
ES0000000000004889CCPF;25/08/2023;11;0,341;R
ES0000000000004889CCPF;25/08/2023;12;0,356;R
ES0000000000004889CCPF;25/08/2023;13;0,375;R
ES0000000000004889CCPF;25/08/2023;14;0,405;R
ES0000000000004889CCPF;25/08/2023;15;0,482;R
ES0000000000004889CCPF;25/08/2023;16;0,468;R
ES0000000000004889CCPF;25/08/2023;17;0,457;R
ES0000000000004889CCPF;25/08/2023;18;0,461;R
ES0000000000004889CCPF;25/08/2023;19;0,403;R
ES0000000000004889CCPF;25/08/2023;20;0,4;R
ES0000000000004889CCPF;25/08/2023;21;0,406;R
ES0000000000004889CCPF;25/08/2023;22;0,455;R
ES0000000000004889CCPF;25/08/2023;23;0,516;R
ES0000000000004889CCPF;26/08/2023;0;0,467;R
ES0000000000004889CCPF;26/08/2023;1;0,425;R
ES0000000000004889CCPF;26/08/2023;2;0,373;R
ES0000000000004889CCPF;26/08/2023;3;0,334;R
ES0000000000004889CCPF;26/08/2023;4;0,309;R
ES0000000000004889CCPF;26/08/2023;5;0,294;R
ES0000000000004889CCPF;26/08/2023;6;0,287;R
ES0000000000004889CCPF;26/08/2023;7;0,285;R
ES0000000000004889CCPF;26/08/2023;8;0,277;R
ES0000000000004889CCPF;26/08/2023;9;0,299;R
ES0000000000004889CCPF;26/08/2023;10;0,346;R
ES0000000000004889CCPF;26/08/2023;11;0,388;R
ES0000000000004889CCPF;26/08/2023;12;0,408;R
ES0000000000004889CCPF;26/08/2023;13;0,425;R
ES0000000000004889CCPF;26/08/2023;14;0,458;R
ES0000000000004889CCPF;26/08/2023;15;0,475;R
ES0000000000004889CCPF;26/08/2023;16;0,458;R
ES0000000000004889CCPF;26/08/2023;17;0,445;R
ES0000000000004889CCPF;26/08/2023;18;0,445;R
ES0000000000004889CCPF;26/08/2023;19;0,451;R
ES0000000000004889CCPF;26/08/2023;20;0,451;R
ES0000000000004889CCPF;26/08/2023;21;0,461;R
ES0000000000004889CCPF;26/08/2023;22;0,523;R
ES0000000000004889CCPF;26/08/2023;23;0,516;R
ES0000000000004889CCPF;27/08/2023;0;0,469;R
ES0000000000004889CCPF;27/08/2023;1;0,418;R
ES0000000000004889CCPF;27/08/2023;2;0,37;R
ES0000000000004889CCPF;27/08/2023;3;0,332;R
ES0000000000004889CCPF;27/08/2023;4;0,307;R
ES0000000000004889CCPF;27/08/2023;5;0,292;R
ES0000000000004889CCPF;27/08/2023;6;0,284;R
ES0000000000004889CCPF;27/08/2023;7;0,282;R
ES0000000000004889CCPF;27/08/2023;8;0,269;R
ES0000000000004889CCPF;27/08/2023;9;0,28;R
ES0000000000004889CCPF;27/08/2023;10;0,322;R
ES0000000000004889CCPF;27/08/2023;11;0,362;R
ES0000000000004889CCPF;27/08/2023;12;0,387;R
ES0000000000004889CCPF;27/08/2023;13;0,406;R
ES0000000000004889CCPF;27/08/2023;14;0,437;R
ES0000000000004889CCPF;27/08/2023;15;0,454;R
ES0000000000004889CCPF;27/08/2023;16;0,436;R
ES0000000000004889CCPF;27/08/2023;17;0,425;R
ES0000000000004889CCPF;27/08/2023;18;0,428;R
ES0000000000004889CCPF;27/08/2023;19;0,437;R
ES0000000000004889CCPF;27/08/2023;20;0,444;R
ES0000000000004889CCPF;27/08/2023;21;0,468;R
ES0000000000004889CCPF;27/08/2023;22;0,544;R
ES0000000000004889CCPF;27/08/2023;23;0,536;R
ES0000000000004889CCPF;28/08/2023;0;0,481;R
ES0000000000004889CCPF;28/08/2023;1;0,417;R
ES0000000000004889CCPF;28/08/2023;2;0,359;R
ES0000000000004889CCPF;28/08/2023;3;0,322;R
ES0000000000004889CCPF;28/08/2023;4;0,301;R
ES0000000000004889CCPF;28/08/2023;5;0,289;R
ES0000000000004889CCPF;28/08/2023;6;0,286;R
ES0000000000004889CCPF;28/08/2023;7;0,298;R
ES0000000000004889CCPF;28/08/2023;8;0,309;R
ES0000000000004889CCPF;28/08/2023;9;0,328;R
ES0000000000004889CCPF;28/08/2023;10;0,373;R
ES0000000000004889CCPF;28/08/2023;11;0,353;R
ES0000000000004889CCPF;28/08/2023;12;0,367;R
ES0000000000004889CCPF;28/08/2023;13;0,385;R
ES0000000000004889CCPF;28/08/2023;14;0,417;R
ES0000000000004889CCPF;28/08/2023;15;0,496;R
ES0000000000004889CCPF;28/08/2023;16;0,481;R
ES0000000000004889CCPF;28/08/2023;17;0,472;R
ES0000000000004889CCPF;28/08/2023;18;0,477;R
ES0000000000004889CCPF;28/08/2023;19;0,415;R
ES0000000000004889CCPF;28/08/2023;20;0,412;R
ES0000000000004889CCPF;28/08/2023;21;0,425;R
ES0000000000004889CCPF;28/08/2023;22;0,488;R
ES0000000000004889CCPF;28/08/2023;23;0,544;R
ES0000000000004889CCPF;29/08/2023;0;0,479;R
ES0000000000004889CCPF;29/08/2023;1;0,419;R
ES0000000000004889CCPF;29/08/2023;2;0,36;R
ES0000000000004889CCPF;29/08/2023;3;0,323;R
ES0000000000004889CCPF;29/08/2023;4;0,302;R
ES0000000000004889CCPF;29/08/2023;5;0,29;R
ES0000000000004889CCPF;29/08/2023;6;0,104;R
ES0000000000004889CCPF;29/08/2023;7;0,207;R
ES0000000000004889CCPF;29/08/2023;8;0,189;R
ES0000000000004889CCPF;29/08/2023;9;0,233;R
ES0000000000004889CCPF;29/08/2023;10;0,208;R
ES0000000000004889CCPF;29/08/2023;11;0,233;R
ES0000000000004889CCPF;29/08/2023;12;0,112;R
ES0000000000004889CCPF;29/08/2023;13;0,206;R
ES0000000000004889CCPF;29/08/2023;14;0,212;R
ES0000000000004889CCPF;29/08/2023;15;0,242;R
ES0000000000004889CCPF;29/08/2023;16;0,588;R
ES0000000000004889CCPF;29/08/2023;17;0,284;R
ES0000000000004889CCPF;29/08/2023;18;0,196;R
ES0000000000004889CCPF;29/08/2023;19;0,226;R
ES0000000000004889CCPF;29/08/2023;20;0,272;R
ES0000000000004889CCPF;29/08/2023;21;0,239;R
ES0000000000004889CCPF;29/08/2023;22;0,45;R
ES0000000000004889CCPF;29/08/2023;23;0,242;R
ES0000000000004889CCPF;30/08/2023;0;0,116;R
ES0000000000004889CCPF;30/08/2023;1;0,167;R
ES0000000000004889CCPF;30/08/2023;2;0,119;R
ES0000000000004889CCPF;30/08/2023;3;0,173;R
ES0000000000004889CCPF;30/08/2023;4;0,108;R
ES0000000000004889CCPF;30/08/2023;5;0,404;R
ES0000000000004889CCPF;30/08/2023;6;0,129;R
ES0000000000004889CCPF;30/08/2023;7;0,148;R
ES0000000000004889CCPF;30/08/2023;8;0,559;R
ES0000000000004889CCPF;30/08/2023;9;0,551;R
ES0000000000004889CCPF;30/08/2023;10;0,148;R
ES0000000000004889CCPF;30/08/2023;11;0,231;R
ES0000000000004889CCPF;30/08/2023;12;0,11;R
ES0000000000004889CCPF;30/08/2023;13;0,209;R
ES0000000000004889CCPF;30/08/2023;14;0,283;R
ES0000000000004889CCPF;30/08/2023;15;0,358;R
ES0000000000004889CCPF;30/08/2023;16;0,531;R
ES0000000000004889CCPF;30/08/2023;17;0,237;R
ES0000000000004889CCPF;30/08/2023;18;0,235;R
ES0000000000004889CCPF;30/08/2023;19;0,149;R
ES0000000000004889CCPF;30/08/2023;20;0,254;R
ES0000000000004889CCPF;30/08/2023;21;0,203;R
ES0000000000004889CCPF;30/08/2023;22;0,616;R
ES0000000000004889CCPF;30/08/2023;23;0,194;R
ES0000000000004889CCPF;31/08/2023;0;0,166;R
ES0000000000004889CCPF;31/08/2023;1;0,158;R
ES0000000000004889CCPF;31/08/2023;2;0,111;R
ES0000000000004889CCPF;31/08/2023;3;0,179;R
ES0000000000004889CCPF;31/08/2023;4;0,106;R
ES0000000000004889CCPF;31/08/2023;5;0,163;R
ES0000000000004889CCPF;31/08/2023;6;0,097;R
ES0000000000004889CCPF;31/08/2023;7;0,347;R
ES0000000000004889CCPF;31/08/2023;8;1,14;R
ES0000000000004889CCPF;31/08/2023;9;0,224;R
ES0000000000004889CCPF;31/08/2023;10;0,139;R
ES0000000000004889CCPF;31/08/2023;11;0,228;R
ES0000000000004889CCPF;31/08/2023;12;0,133;R
ES0000000000004889CCPF;31/08/2023;13;0,205;R
ES0000000000004889CCPF;31/08/2023;14;0,216;R
ES0000000000004889CCPF;31/08/2023;15;0,172;R
ES0000000000004889CCPF;31/08/2023;16;0,31;R
ES0000000000004889CCPF;31/08/2023;17;0,592;R
ES0000000000004889CCPF;31/08/2023;18;0,336;R
ES0000000000004889CCPF;31/08/2023;19;0,182;R
ES0000000000004889CCPF;31/08/2023;20;0,232;R
ES0000000000004889CCPF;31/08/2023;21;0,218;R
ES0000000000004889CCPF;31/08/2023;22;0,401;R
ES0000000000004889CCPF;31/08/2023;23;0,192;R
ES0000000000004889CCPF;01/09/2023;0;0,137;R
ES0000000000004889CCPF;01/09/2023;1;0,174;R
ES0000000000004889CCPF;01/09/2023;2;0,085;R
ES0000000000004889CCPF;01/09/2023;3;0,173;R
ES0000000000004889CCPF;01/09/2023;4;0,103;R
ES0000000000004889CCPF;01/09/2023;5;0,17;R
ES0000000000004889CCPF;01/09/2023;6;0,103;R
ES0000000000004889CCPF;01/09/2023;7;0,169;R
ES0000000000004889CCPF;01/09/2023;8;0,228;R
ES0000000000004889CCPF;01/09/2023;9;0,48;R
ES0000000000004889CCPF;01/09/2023;10;0,199;R
ES0000000000004889CCPF;01/09/2023;11;0,166;R
ES0000000000004889CCPF;01/09/2023;12;0,181;R
ES0000000000004889CCPF;01/09/2023;13;0,116;R
ES0000000000004889CCPF;01/09/2023;14;0,209;R
ES0000000000004889CCPF;01/09/2023;15;0,24;R
ES0000000000004889CCPF;01/09/2023;16;0,493;R
ES0000000000004889CCPF;01/09/2023;17;0,334;R
ES0000000000004889CCPF;01/09/2023;18;0,52;R
ES0000000000004889CCPF;01/09/2023;19;0,191;R
ES0000000000004889CCPF;01/09/2023;20;0,177;R
ES0000000000004889CCPF;01/09/2023;21;0,159;R
ES0000000000004889CCPF;01/09/2023;22;0,394;R
ES0000000000004889CCPF;01/09/2023;23;0,317;R
ES0000000000004889CCPF;02/09/2023;0;0,191;R
ES0000000000004889CCPF;02/09/2023;1;0,189;R
ES0000000000004889CCPF;02/09/2023;2;0,159;R
ES0000000000004889CCPF;02/09/2023;3;0,129;R
ES0000000000004889CCPF;02/09/2023;4;0,164;R
ES0000000000004889CCPF;02/09/2023;5;0,128;R
ES0000000000004889CCPF;02/09/2023;6;0,165;R
ES0000000000004889CCPF;02/09/2023;7;0,144;R
ES0000000000004889CCPF;02/09/2023;8;0,437;R
ES0000000000004889CCPF;02/09/2023;9;0,358;R
ES0000000000004889CCPF;02/09/2023;10;0,732;R
ES0000000000004889CCPF;02/09/2023;11;0,878;R
ES0000000000004889CCPF;02/09/2023;12;0,609;R
ES0000000000004889CCPF;02/09/2023;13;0,147;R
ES0000000000004889CCPF;02/09/2023;14;0,83;R
ES0000000000004889CCPF;02/09/2023;15;1,747;R
ES0000000000004889CCPF;02/09/2023;16;0,359;R
ES0000000000004889CCPF;02/09/2023;17;0,239;R
ES0000000000004889CCPF;02/09/2023;18;0,144;R
ES0000000000004889CCPF;02/09/2023;19;0,334;R
ES0000000000004889CCPF;02/09/2023;20;0,321;R
ES0000000000004889CCPF;02/09/2023;21;0,203;R
ES0000000000004889CCPF;02/09/2023;22;0,295;R
ES0000000000004889CCPF;02/09/2023;23;0,25;R
ES0000000000004889CCPF;03/09/2023;0;0,26;R
ES0000000000004889CCPF;03/09/2023;1;0,127;R
ES0000000000004889CCPF;03/09/2023;2;0,161;R
ES0000000000004889CCPF;03/09/2023;3;0,412;R
ES0000000000004889CCPF;03/09/2023;4;0,112;R
ES0000000000004889CCPF;03/09/2023;5;0,177;R
ES0000000000004889CCPF;03/09/2023;6;0,107;R
ES0000000000004889CCPF;03/09/2023;7;0,186;R
ES0000000000004889CCPF;03/09/2023;8;0,082;R
ES0000000000004889CCPF;03/09/2023;9;0,365;R
ES0000000000004889CCPF;03/09/2023;10;0,252;R
ES0000000000004889CCPF;03/09/2023;11;0,335;R
ES0000000000004889CCPF;03/09/2023;12;0,53;R
ES0000000000004889CCPF;03/09/2023;13;0,223;R
ES0000000000004889CCPF;03/09/2023;14;0,343;R
ES0000000000004889CCPF;03/09/2023;15;0,689;R
ES0000000000004889CCPF;03/09/2023;16;0,302;R
ES0000000000004889CCPF;03/09/2023;17;0,115;R
ES0000000000004889CCPF;03/09/2023;18;0,262;R
ES0000000000004889CCPF;03/09/2023;19;0,333;R
ES0000000000004889CCPF;03/09/2023;20;0,591;R
ES0000000000004889CCPF;03/09/2023;21;0,379;R
ES0000000000004889CCPF;03/09/2023;22;0,366;R
ES0000000000004889CCPF;03/09/2023;23;0,246;R
ES0000000000004889CCPF;04/09/2023;0;0,282;R
ES0000000000004889CCPF;04/09/2023;1;0,112;R
ES0000000000004889CCPF;04/09/2023;2;0,157;R
ES0000000000004889CCPF;04/09/2023;3;0,131;R
ES0000000000004889CCPF;04/09/2023;4;0,144;R
ES0000000000004889CCPF;04/09/2023;5;0,115;R
ES0000000000004889CCPF;04/09/2023;6;0,161;R
ES0000000000004889CCPF;04/09/2023;7;0,119;R
ES0000000000004889CCPF;04/09/2023;8;0,403;R
ES0000000000004889CCPF;04/09/2023;9;0,209;R
ES0000000000004889CCPF;04/09/2023;10;0,228;R
ES0000000000004889CCPF;04/09/2023;11;0,128;R
ES0000000000004889CCPF;04/09/2023;12;0,223;R
ES0000000000004889CCPF;04/09/2023;13;0,171;R
ES0000000000004889CCPF;04/09/2023;14;0,247;R
ES0000000000004889CCPF;04/09/2023;15;0,329;R
ES0000000000004889CCPF;04/09/2023;16;0,583;R
ES0000000000004889CCPF;04/09/2023;17;0,14;R
ES0000000000004889CCPF;04/09/2023;18;0,223;R
ES0000000000004889CCPF;04/09/2023;19;0,115;R
ES0000000000004889CCPF;04/09/2023;20;0,191;R
ES0000000000004889CCPF;04/09/2023;21;0,26;R
ES0000000000004889CCPF;04/09/2023;22;0,254;R
ES0000000000004889CCPF;04/09/2023;23;0,249;R
ES0000000000004889CCPF;05/09/2023;0;0,247;R
ES0000000000004889CCPF;05/09/2023;1;0,356;R
ES0000000000004889CCPF;05/09/2023;2;0,302;R
ES0000000000004889CCPF;05/09/2023;3;0,272;R
ES0000000000004889CCPF;05/09/2023;4;0,256;R
ES0000000000004889CCPF;05/09/2023;5;0,248;R
ES0000000000004889CCPF;05/09/2023;6;0,25;R
ES0000000000004889CCPF;05/09/2023;7;0,271;R
ES0000000000004889CCPF;05/09/2023;8;0,316;R
ES0000000000004889CCPF;05/09/2023;9;0,328;R
ES0000000000004889CCPF;05/09/2023;10;0,35;R
ES0000000000004889CCPF;05/09/2023;11;0,323;R
ES0000000000004889CCPF;05/09/2023;12;0,332;R
ES0000000000004889CCPF;05/09/2023;13;0,347;R
ES0000000000004889CCPF;05/09/2023;14;0,373;R
ES0000000000004889CCPF;05/09/2023;15;0,432;R
ES0000000000004889CCPF;05/09/2023;16;0,407;R
ES0000000000004889CCPF;05/09/2023;17;0,399;R
ES0000000000004889CCPF;05/09/2023;18;0,409;R
ES0000000000004889CCPF;05/09/2023;19;0,363;R
ES0000000000004889CCPF;05/09/2023;20;0,372;R
ES0000000000004889CCPF;05/09/2023;21;0,421;R
ES0000000000004889CCPF;05/09/2023;22;0,471;R
ES0000000000004889CCPF;05/09/2023;23;0,49;R
ES0000000000004889CCPF;06/09/2023;0;0,416;R
ES0000000000004889CCPF;06/09/2023;1;0,36;R
ES0000000000004889CCPF;06/09/2023;2;0,305;R
ES0000000000004889CCPF;06/09/2023;3;0,274;R
ES0000000000004889CCPF;06/09/2023;4;0,258;R
ES0000000000004889CCPF;06/09/2023;5;0,25;R
ES0000000000004889CCPF;06/09/2023;6;0,252;R
ES0000000000004889CCPF;06/09/2023;7;0,274;R
ES0000000000004889CCPF;06/09/2023;8;0,318;R
ES0000000000004889CCPF;06/09/2023;9;0,33;R
ES0000000000004889CCPF;06/09/2023;10;0,352;R
ES0000000000004889CCPF;06/09/2023;11;0,325;R
ES0000000000004889CCPF;06/09/2023;12;0,334;R
ES0000000000004889CCPF;06/09/2023;13;0,348;R
ES0000000000004889CCPF;06/09/2023;14;0,373;R
ES0000000000004889CCPF;06/09/2023;15;0,432;R
ES0000000000004889CCPF;06/09/2023;16;0,407;R
ES0000000000004889CCPF;06/09/2023;17;0,399;R
ES0000000000004889CCPF;06/09/2023;18;0,41;R
ES0000000000004889CCPF;06/09/2023;19;0,363;R
ES0000000000004889CCPF;06/09/2023;20;0,371;R
ES0000000000004889CCPF;06/09/2023;21;0,421;R
ES0000000000004889CCPF;06/09/2023;22;0,471;R
ES0000000000004889CCPF;06/09/2023;23;0,49;R
ES0000000000004889CCPF;07/09/2023;0;0,416;R
ES0000000000004889CCPF;07/09/2023;1;0,36;R
ES0000000000004889CCPF;07/09/2023;2;0,306;R
ES0000000000004889CCPF;07/09/2023;3;0,275;R
ES0000000000004889CCPF;07/09/2023;4;0,259;R
ES0000000000004889CCPF;07/09/2023;5;0,251;R
ES0000000000004889CCPF;07/09/2023;6;0,252;R
ES0000000000004889CCPF;07/09/2023;7;0,273;R
ES0000000000004889CCPF;07/09/2023;8;0,318;R
ES0000000000004889CCPF;07/09/2023;9;0,33;R
ES0000000000004889CCPF;07/09/2023;10;0,352;R
ES0000000000004889CCPF;07/09/2023;11;0,324;R
ES0000000000004889CCPF;07/09/2023;12;0,332;R
ES0000000000004889CCPF;07/09/2023;13;0,347;R
ES0000000000004889CCPF;07/09/2023;14;0,372;R
ES0000000000004889CCPF;07/09/2023;15;0,431;R
ES0000000000004889CCPF;07/09/2023;16;0,405;R
ES0000000000004889CCPF;07/09/2023;17;0,396;R
ES0000000000004889CCPF;07/09/2023;18;0,406;R
ES0000000000004889CCPF;07/09/2023;19;0,36;R
ES0000000000004889CCPF;07/09/2023;20;0,369;R
ES0000000000004889CCPF;07/09/2023;21;0,418;R
ES0000000000004889CCPF;07/09/2023;22;0,467;R
ES0000000000004889CCPF;07/09/2023;23;0,487;R
ES0000000000004889CCPF;08/09/2023;0;0,413;R
ES0000000000004889CCPF;08/09/2023;1;0,354;R
ES0000000000004889CCPF;08/09/2023;2;0,302;R
ES0000000000004889CCPF;08/09/2023;3;0,272;R
ES0000000000004889CCPF;08/09/2023;4;0,255;R
ES0000000000004889CCPF;08/09/2023;5;0,248;R
ES0000000000004889CCPF;08/09/2023;6;0,25;R
ES0000000000004889CCPF;08/09/2023;7;0,271;R
ES0000000000004889CCPF;08/09/2023;8;0,315;R
ES0000000000004889CCPF;08/09/2023;9;0,329;R
ES0000000000004889CCPF;08/09/2023;10;0,352;R
ES0000000000004889CCPF;08/09/2023;11;0,326;R
ES0000000000004889CCPF;08/09/2023;12;0,334;R
ES0000000000004889CCPF;08/09/2023;13;0,348;R
ES0000000000004889CCPF;08/09/2023;14;0,373;R
ES0000000000004889CCPF;08/09/2023;15;0,431;R
ES0000000000004889CCPF;08/09/2023;16;0,405;R
ES0000000000004889CCPF;08/09/2023;17;0,395;R
ES0000000000004889CCPF;08/09/2023;18;0,403;R
ES0000000000004889CCPF;08/09/2023;19;0,356;R
ES0000000000004889CCPF;08/09/2023;20;0,358;R
ES0000000000004889CCPF;08/09/2023;21;0,392;R
ES0000000000004889CCPF;08/09/2023;22;0,438;R
ES0000000000004889CCPF;08/09/2023;23;0,466;R
ES0000000000004889CCPF;09/09/2023;0;0,411;R
ES0000000000004889CCPF;09/09/2023;1;0,37;R
ES0000000000004889CCPF;09/09/2023;2;0,32;R
ES0000000000004889CCPF;09/09/2023;3;0,286;R
ES0000000000004889CCPF;09/09/2023;4;0,265;R
ES0000000000004889CCPF;09/09/2023;5;0,255;R
ES0000000000004889CCPF;09/09/2023;6;0,251;R
ES0000000000004889CCPF;09/09/2023;7;0,256;R
ES0000000000004889CCPF;09/09/2023;8;0,264;R
ES0000000000004889CCPF;09/09/2023;9;0,288;R
ES0000000000004889CCPF;09/09/2023;10;0,347;R
ES0000000000004889CCPF;09/09/2023;11;0,39;R
ES0000000000004889CCPF;09/09/2023;12;0,403;R
ES0000000000004889CCPF;09/09/2023;13;0,414;R
ES0000000000004889CCPF;09/09/2023;14;0,441;R
ES0000000000004889CCPF;09/09/2023;15;0,444;R
ES0000000000004889CCPF;09/09/2023;16;0,405;R
ES0000000000004889CCPF;09/09/2023;17;0,383;R
ES0000000000004889CCPF;09/09/2023;18;0,382;R
ES0000000000004889CCPF;09/09/2023;19;0,388;R
ES0000000000004889CCPF;09/09/2023;20;0,395;R
ES0000000000004889CCPF;09/09/2023;21;0,439;R
ES0000000000004889CCPF;09/09/2023;22;0,499;R
ES0000000000004889CCPF;09/09/2023;23;0,464;R
ES0000000000004889CCPF;10/09/2023;0;0,415;R
ES0000000000004889CCPF;10/09/2023;1;0,368;R
ES0000000000004889CCPF;10/09/2023;2;0,319;R
ES0000000000004889CCPF;10/09/2023;3;0,286;R
ES0000000000004889CCPF;10/09/2023;4;0,264;R
ES0000000000004889CCPF;10/09/2023;5;0,253;R
ES0000000000004889CCPF;10/09/2023;6;0,248;R
ES0000000000004889CCPF;10/09/2023;7;0,249;R
ES0000000000004889CCPF;10/09/2023;8;0,251;R
ES0000000000004889CCPF;10/09/2023;9;0,26;R
ES0000000000004889CCPF;10/09/2023;10;0,313;R
ES0000000000004889CCPF;10/09/2023;11;0,359;R
ES0000000000004889CCPF;10/09/2023;12;0,38;R
ES0000000000004889CCPF;10/09/2023;13;0,394;R
ES0000000000004889CCPF;10/09/2023;14;0,421;R
ES0000000000004889CCPF;10/09/2023;15;0,427;R
ES0000000000004889CCPF;10/09/2023;16;0,39;R
ES0000000000004889CCPF;10/09/2023;17;0,371;R
ES0000000000004889CCPF;10/09/2023;18;0,374;R
ES0000000000004889CCPF;10/09/2023;19;0,385;R
ES0000000000004889CCPF;10/09/2023;20;0,402;R
ES0000000000004889CCPF;10/09/2023;21;0,47;R
ES0000000000004889CCPF;10/09/2023;22;0,534;R
ES0000000000004889CCPF;10/09/2023;23;0,485;R
ES0000000000004889CCPF;11/09/2023;0;0,417;R
ES0000000000004889CCPF;11/09/2023;1;0,35;R
ES0000000000004889CCPF;11/09/2023;2;0,298;R
ES0000000000004889CCPF;11/09/2023;3;0,269;R
ES0000000000004889CCPF;11/09/2023;4;0,253;R
ES0000000000004889CCPF;11/09/2023;5;0,245;R
ES0000000000004889CCPF;11/09/2023;6;0,246;R
ES0000000000004889CCPF;11/09/2023;7;0,269;R
ES0000000000004889CCPF;11/09/2023;8;0,313;R
ES0000000000004889CCPF;11/09/2023;9;0,326;R
ES0000000000004889CCPF;11/09/2023;10;0,346;R
ES0000000000004889CCPF;11/09/2023;11;0,318;R
ES0000000000004889CCPF;11/09/2023;12;0,326;R
ES0000000000004889CCPF;11/09/2023;13;0,339;R
ES0000000000004889CCPF;11/09/2023;14;0,364;R
ES0000000000004889CCPF;11/09/2023;15;0,423;R
ES0000000000004889CCPF;11/09/2023;16;0,399;R
ES0000000000004889CCPF;11/09/2023;17;0,39;R
ES0000000000004889CCPF;11/09/2023;18;0,401;R
ES0000000000004889CCPF;11/09/2023;19;0,355;R
ES0000000000004889CCPF;11/09/2023;20;0,366;R
ES0000000000004889CCPF;11/09/2023;21;0,425;R
ES0000000000004889CCPF;11/09/2023;22;0,471;R
ES0000000000004889CCPF;11/09/2023;23;0,483;R
ES0000000000004889CCPF;12/09/2023;0;0,408;R
ES0000000000004889CCPF;12/09/2023;1;0,146;R
ES0000000000004889CCPF;12/09/2023;2;0,124;R
ES0000000000004889CCPF;12/09/2023;3;0,112;R
ES0000000000004889CCPF;12/09/2023;4;0,106;R
ES0000000000004889CCPF;12/09/2023;5;0,103;R
ES0000000000004889CCPF;12/09/2023;6;0,103;R
ES0000000000004889CCPF;12/09/2023;7;0,113;R
ES0000000000004889CCPF;12/09/2023;8;0,133;R
ES0000000000004889CCPF;12/09/2023;9;0,155;R
ES0000000000004889CCPF;12/09/2023;10;0,164;R
ES0000000000004889CCPF;12/09/2023;11;0,141;R
ES0000000000004889CCPF;12/09/2023;12;0,144;R
ES0000000000004889CCPF;12/09/2023;13;0,15;R
ES0000000000004889CCPF;12/09/2023;14;0,16;R
ES0000000000004889CCPF;12/09/2023;15;0,196;R
ES0000000000004889CCPF;12/09/2023;16;0,184;R
ES0000000000004889CCPF;12/09/2023;17;0,18;R
ES0000000000004889CCPF;12/09/2023;18;0,185;R
ES0000000000004889CCPF;12/09/2023;19;0,154;R
ES0000000000004889CCPF;12/09/2023;20;0,159;R
ES0000000000004889CCPF;12/09/2023;21;0,185;R
ES0000000000004889CCPF;12/09/2023;22;0,204;R
ES0000000000004889CCPF;12/09/2023;23;0,223;R
ES0000000000004889CCPF;13/09/2023;0;0,188;R
ES0000000000004889CCPF;13/09/2023;1;0,145;R
ES0000000000004889CCPF;13/09/2023;2;0,123;R
ES0000000000004889CCPF;13/09/2023;3;0,111;R
ES0000000000004889CCPF;13/09/2023;4;0,105;R
ES0000000000004889CCPF;13/09/2023;5;0,102;R
ES0000000000004889CCPF;13/09/2023;6;0,103;R
ES0000000000004889CCPF;13/09/2023;7;0,112;R
ES0000000000004889CCPF;13/09/2023;8;0,133;R
ES0000000000004889CCPF;13/09/2023;9;0,154;R
ES0000000000004889CCPF;13/09/2023;10;0,163;R
ES0000000000004889CCPF;13/09/2023;11;0,14;R
ES0000000000004889CCPF;13/09/2023;12;0,143;R
ES0000000000004889CCPF;13/09/2023;13;0,148;R
ES0000000000004889CCPF;13/09/2023;14;0,159;R
ES0000000000004889CCPF;13/09/2023;15;0,195;R
ES0000000000004889CCPF;13/09/2023;16;0,183;R
ES0000000000004889CCPF;13/09/2023;17;0,18;R
ES0000000000004889CCPF;13/09/2023;18;0,185;R
ES0000000000004889CCPF;13/09/2023;19;0,154;R
ES0000000000004889CCPF;13/09/2023;20;0,159;R
ES0000000000004889CCPF;13/09/2023;21;0,184;R
ES0000000000004889CCPF;13/09/2023;22;0,203;R
ES0000000000004889CCPF;13/09/2023;23;0,222;R
ES0000000000004889CCPF;14/09/2023;0;0,188;R
ES0000000000004889CCPF;14/09/2023;1;0,145;R
ES0000000000004889CCPF;14/09/2023;2;0,124;R
ES0000000000004889CCPF;14/09/2023;3;0,112;R
ES0000000000004889CCPF;14/09/2023;4;0,105;R
ES0000000000004889CCPF;14/09/2023;5;0,102;R
ES0000000000004889CCPF;14/09/2023;6;0,103;R
ES0000000000004889CCPF;14/09/2023;7;0,112;R
ES0000000000004889CCPF;14/09/2023;8;0,133;R
ES0000000000004889CCPF;14/09/2023;9;0,154;R
ES0000000000004889CCPF;14/09/2023;10;0,163;R
ES0000000000004889CCPF;14/09/2023;11;0,14;R
ES0000000000004889CCPF;14/09/2023;12;0,143;R
ES0000000000004889CCPF;14/09/2023;13;0,149;R
ES0000000000004889CCPF;14/09/2023;14;0,16;R
ES0000000000004889CCPF;14/09/2023;15;0,196;R
ES0000000000004889CCPF;14/09/2023;16;0,184;R
ES0000000000004889CCPF;14/09/2023;17;0,18;R
ES0000000000004889CCPF;14/09/2023;18;0,185;R
ES0000000000004889CCPF;14/09/2023;19;0,155;R
ES0000000000004889CCPF;14/09/2023;20;0,159;R
ES0000000000004889CCPF;14/09/2023;21;0,184;R
ES0000000000004889CCPF;14/09/2023;22;0,203;R
ES0000000000004889CCPF;14/09/2023;23;0,222;R
ES0000000000004889CCPF;15/09/2023;0;0,188;R
ES0000000000004889CCPF;15/09/2023;1;0,146;R
ES0000000000004889CCPF;15/09/2023;2;0,124;R
ES0000000000004889CCPF;15/09/2023;3;0,112;R
ES0000000000004889CCPF;15/09/2023;4;0,105;R
ES0000000000004889CCPF;15/09/2023;5;0,102;R
ES0000000000004889CCPF;15/09/2023;6;0,103;R
ES0000000000004889CCPF;15/09/2023;7;0,112;R
ES0000000000004889CCPF;15/09/2023;8;0,132;R
ES0000000000004889CCPF;15/09/2023;9;0,154;R
ES0000000000004889CCPF;15/09/2023;10;0,164;R
ES0000000000004889CCPF;15/09/2023;11;0,142;R
ES0000000000004889CCPF;15/09/2023;12;0,145;R
ES0000000000004889CCPF;15/09/2023;13;0,151;R
ES0000000000004889CCPF;15/09/2023;14;0,161;R
ES0000000000004889CCPF;15/09/2023;15;0,197;R
ES0000000000004889CCPF;15/09/2023;16;0,185;R
ES0000000000004889CCPF;15/09/2023;17;0,181;R
ES0000000000004889CCPF;15/09/2023;18;0,185;R
ES0000000000004889CCPF;15/09/2023;19;0,153;R
ES0000000000004889CCPF;15/09/2023;20;0,154;R
ES0000000000004889CCPF;15/09/2023;21;0,172;R
ES0000000000004889CCPF;15/09/2023;22;0,19;R
ES0000000000004889CCPF;15/09/2023;23;0,214;R
ES0000000000004889CCPF;16/09/2023;0;0,189;R
ES0000000000004889CCPF;16/09/2023;1;0,152;R
ES0000000000004889CCPF;16/09/2023;2;0,131;R
ES0000000000004889CCPF;16/09/2023;3;0,117;R
ES0000000000004889CCPF;16/09/2023;4;0,109;R
ES0000000000004889CCPF;16/09/2023;5;0,105;R
ES0000000000004889CCPF;16/09/2023;6;0,104;R
ES0000000000004889CCPF;16/09/2023;7;0,106;R
ES0000000000004889CCPF;16/09/2023;8;0,11;R
ES0000000000004889CCPF;16/09/2023;9;0,12;R
ES0000000000004889CCPF;16/09/2023;10;0,145;R
ES0000000000004889CCPF;16/09/2023;11;0,163;R
ES0000000000004889CCPF;16/09/2023;12;0,168;R
ES0000000000004889CCPF;16/09/2023;13;0,173;R
ES0000000000004889CCPF;16/09/2023;14;0,184;R
ES0000000000004889CCPF;16/09/2023;15;0,185;R
ES0000000000004889CCPF;16/09/2023;16;0,169;R
ES0000000000004889CCPF;16/09/2023;17;0,16;R
ES0000000000004889CCPF;16/09/2023;18;0,159;R
ES0000000000004889CCPF;16/09/2023;19;0,162;R
ES0000000000004889CCPF;16/09/2023;20;0,164;R
ES0000000000004889CCPF;16/09/2023;21;0,185;R
ES0000000000004889CCPF;16/09/2023;22;0,208;R
ES0000000000004889CCPF;16/09/2023;23;0,193;R
ES0000000000004889CCPF;17/09/2023;0;0,172;R
ES0000000000004889CCPF;17/09/2023;1;0,153;R
ES0000000000004889CCPF;17/09/2023;2;0,13;R
ES0000000000004889CCPF;17/09/2023;3;0,117;R
ES0000000000004889CCPF;17/09/2023;4;0,108;R
ES0000000000004889CCPF;17/09/2023;5;0,104;R
ES0000000000004889CCPF;17/09/2023;6;0,102;R
ES0000000000004889CCPF;17/09/2023;7;0,102;R
ES0000000000004889CCPF;17/09/2023;8;0,104;R
ES0000000000004889CCPF;17/09/2023;9;0,108;R
ES0000000000004889CCPF;17/09/2023;10;0,13;R
ES0000000000004889CCPF;17/09/2023;11;0,149;R
ES0000000000004889CCPF;17/09/2023;12;0,157;R
ES0000000000004889CCPF;17/09/2023;13;0,162;R
ES0000000000004889CCPF;17/09/2023;14;0,173;R
ES0000000000004889CCPF;17/09/2023;15;0,174;R
ES0000000000004889CCPF;17/09/2023;16;0,157;R
ES0000000000004889CCPF;17/09/2023;17;0,15;R
ES0000000000004889CCPF;17/09/2023;18;0,151;R
ES0000000000004889CCPF;17/09/2023;19;0,156;R
ES0000000000004889CCPF;17/09/2023;20;0,163;R
ES0000000000004889CCPF;17/09/2023;21;0,195;R
ES0000000000004889CCPF;17/09/2023;22;0,218;R
ES0000000000004889CCPF;17/09/2023;23;0,197;R
ES0000000000004889CCPF;18/09/2023;0;0,169;R
ES0000000000004889CCPF;18/09/2023;1;0,142;R
ES0000000000004889CCPF;18/09/2023;2;0,121;R
ES0000000000004889CCPF;18/09/2023;3;0,109;R
ES0000000000004889CCPF;18/09/2023;4;0,103;R
ES0000000000004889CCPF;18/09/2023;5;0,1;R
ES0000000000004889CCPF;18/09/2023;6;0,101;R
ES0000000000004889CCPF;18/09/2023;7;0,111;R
ES0000000000004889CCPF;18/09/2023;8;0,132;R
ES0000000000004889CCPF;18/09/2023;9;0,153;R
ES0000000000004889CCPF;18/09/2023;10;0,161;R
ES0000000000004889CCPF;18/09/2023;11;0,138;R
ES0000000000004889CCPF;18/09/2023;12;0,141;R
ES0000000000004889CCPF;18/09/2023;13;0,145;R
ES0000000000004889CCPF;18/09/2023;14;0,155;R
ES0000000000004889CCPF;18/09/2023;15;0,191;R
ES0000000000004889CCPF;18/09/2023;16;0,181;R
ES0000000000004889CCPF;18/09/2023;17;0,177;R
ES0000000000004889CCPF;18/09/2023;18;0,182;R
ES0000000000004889CCPF;18/09/2023;19;0,152;R
ES0000000000004889CCPF;18/09/2023;20;0,157;R
ES0000000000004889CCPF;18/09/2023;21;0,186;R
ES0000000000004889CCPF;18/09/2023;22;0,204;R
ES0000000000004889CCPF;18/09/2023;23;0,221;R
ES0000000000004889CCPF;19/09/2023;0;0,186;R
ES0000000000004889CCPF;19/09/2023;1;0,141;R
ES0000000000004889CCPF;19/09/2023;2;0,12;R
ES0000000000004889CCPF;19/09/2023;3;0,109;R
ES0000000000004889CCPF;19/09/2023;4;0,103;R
ES0000000000004889CCPF;19/09/2023;5;0,1;R
ES0000000000004889CCPF;19/09/2023;6;0,101;R
ES0000000000004889CCPF;19/09/2023;7;0,111;R
ES0000000000004889CCPF;19/09/2023;8;0,133;R
ES0000000000004889CCPF;19/09/2023;9;0,154;R
ES0000000000004889CCPF;19/09/2023;10;0,161;R
ES0000000000004889CCPF;19/09/2023;11;0,138;R
ES0000000000004889CCPF;19/09/2023;12;0,14;R
ES0000000000004889CCPF;19/09/2023;13;0,146;R
ES0000000000004889CCPF;19/09/2023;14;0,155;R
ES0000000000004889CCPF;19/09/2023;15;0,19;R
ES0000000000004889CCPF;19/09/2023;16;0,18;R
ES0000000000004889CCPF;19/09/2023;17;0,176;R
ES0000000000004889CCPF;19/09/2023;18;0,182;R
ES0000000000004889CCPF;19/09/2023;19;0,152;R
ES0000000000004889CCPF;19/09/2023;20;0,157;R
ES0000000000004889CCPF;19/09/2023;21;0,185;R
ES0000000000004889CCPF;19/09/2023;22;0,202;R
ES0000000000004889CCPF;19/09/2023;23;0,219;R
ES0000000000004889CCPF;20/09/2023;0;0,184;R
ES0000000000004889CCPF;20/09/2023;1;0,143;R
ES0000000000004889CCPF;20/09/2023;2;0,122;R
ES0000000000004889CCPF;20/09/2023;3;0,11;R
ES0000000000004889CCPF;20/09/2023;4;0,104;R
ES0000000000004889CCPF;20/09/2023;5;0,101;R
ES0000000000004889CCPF;20/09/2023;6;0,102;R
ES0000000000004889CCPF;20/09/2023;7;0,112;R
ES0000000000004889CCPF;20/09/2023;8;0,135;R
ES0000000000004889CCPF;20/09/2023;9;0,156;R
ES0000000000004889CCPF;20/09/2023;10;0,163;R
ES0000000000004889CCPF;20/09/2023;11;0,14;R
ES0000000000004889CCPF;20/09/2023;12;0,142;R
ES0000000000004889CCPF;20/09/2023;13;0,148;R
ES0000000000004889CCPF;20/09/2023;14;0,157;R
ES0000000000004889CCPF;20/09/2023;15;0,193;R
ES0000000000004889CCPF;20/09/2023;16;0,183;R
ES0000000000004889CCPF;20/09/2023;17;0,179;R
ES0000000000004889CCPF;20/09/2023;18;0,184;R
ES0000000000004889CCPF;20/09/2023;19;0,154;R
ES0000000000004889CCPF;20/09/2023;20;0,158;R
ES0000000000004889CCPF;20/09/2023;21;0,186;R
ES0000000000004889CCPF;20/09/2023;22;0,203;R
ES0000000000004889CCPF;20/09/2023;23;0,22;R
ES0000000000004889CCPF;21/09/2023;0;0,186;R
ES0000000000004889CCPF;21/09/2023;1;0,143;R
ES0000000000004889CCPF;21/09/2023;2;0,122;R
ES0000000000004889CCPF;21/09/2023;3;0,11;R
ES0000000000004889CCPF;21/09/2023;4;0,104;R
ES0000000000004889CCPF;21/09/2023;5;0,101;R
ES0000000000004889CCPF;21/09/2023;6;0,102;R
ES0000000000004889CCPF;21/09/2023;7;0,112;R
ES0000000000004889CCPF;21/09/2023;8;0,134;R
ES0000000000004889CCPF;21/09/2023;9;0,156;R
ES0000000000004889CCPF;21/09/2023;10;0,163;R
ES0000000000004889CCPF;21/09/2023;11;0,139;R
ES0000000000004889CCPF;21/09/2023;12;0,142;R
ES0000000000004889CCPF;21/09/2023;13;0,148;R
ES0000000000004889CCPF;21/09/2023;14;0,158;R
ES0000000000004889CCPF;21/09/2023;15;0,193;R
ES0000000000004889CCPF;21/09/2023;16;0,182;R
ES0000000000004889CCPF;21/09/2023;17;0,178;R
ES0000000000004889CCPF;21/09/2023;18;0,184;R
ES0000000000004889CCPF;21/09/2023;19;0,154;R
ES0000000000004889CCPF;21/09/2023;20;0,159;R
ES0000000000004889CCPF;21/09/2023;21;0,186;R
ES0000000000004889CCPF;21/09/2023;22;0,203;R
ES0000000000004889CCPF;21/09/2023;23;0,22;R
ES0000000000004889CCPF;22/09/2023;0;0,186;R
ES0000000000004889CCPF;22/09/2023;1;0,142;R
ES0000000000004889CCPF;22/09/2023;2;0,122;R
ES0000000000004889CCPF;22/09/2023;3;0,11;R
ES0000000000004889CCPF;22/09/2023;4;0,104;R
ES0000000000004889CCPF;22/09/2023;5;0,101;R
ES0000000000004889CCPF;22/09/2023;6;0,102;R
ES0000000000004889CCPF;22/09/2023;7;0,112;R
ES0000000000004889CCPF;22/09/2023;8;0,134;R
ES0000000000004889CCPF;22/09/2023;9;0,156;R
ES0000000000004889CCPF;22/09/2023;10;0,164;R
ES0000000000004889CCPF;22/09/2023;11;0,141;R
ES0000000000004889CCPF;22/09/2023;12;0,144;R
ES0000000000004889CCPF;22/09/2023;13;0,149;R
ES0000000000004889CCPF;22/09/2023;14;0,159;R
ES0000000000004889CCPF;22/09/2023;15;0,194;R
ES0000000000004889CCPF;22/09/2023;16;0,182;R
ES0000000000004889CCPF;22/09/2023;17;0,178;R
ES0000000000004889CCPF;22/09/2023;18;0,183;R
ES0000000000004889CCPF;22/09/2023;19;0,151;R
ES0000000000004889CCPF;22/09/2023;20;0,153;R
ES0000000000004889CCPF;22/09/2023;21;0,173;R
ES0000000000004889CCPF;22/09/2023;22;0,189;R
ES0000000000004889CCPF;22/09/2023;23;0,211;R
ES0000000000004889CCPF;23/09/2023;0;0,186;R
ES0000000000004889CCPF;23/09/2023;1;0,15;R
ES0000000000004889CCPF;23/09/2023;2;0,13;R
ES0000000000004889CCPF;23/09/2023;3;0,116;R
ES0000000000004889CCPF;23/09/2023;4;0,108;R
ES0000000000004889CCPF;23/09/2023;5;0,104;R
ES0000000000004889CCPF;23/09/2023;6;0,103;R
ES0000000000004889CCPF;23/09/2023;7;0,105;R
ES0000000000004889CCPF;23/09/2023;8;0,11;R
ES0000000000004889CCPF;23/09/2023;9;0,121;R
ES0000000000004889CCPF;23/09/2023;10;0,146;R
ES0000000000004889CCPF;23/09/2023;11;0,163;R
ES0000000000004889CCPF;23/09/2023;12;0,168;R
ES0000000000004889CCPF;23/09/2023;13;0,171;R
ES0000000000004889CCPF;23/09/2023;14;0,182;R
ES0000000000004889CCPF;23/09/2023;15;0,181;R
ES0000000000004889CCPF;23/09/2023;16;0,164;R
ES0000000000004889CCPF;23/09/2023;17;0,155;R
ES0000000000004889CCPF;23/09/2023;18;0,155;R
ES0000000000004889CCPF;23/09/2023;19;0,158;R
ES0000000000004889CCPF;23/09/2023;20;0,161;R
ES0000000000004889CCPF;23/09/2023;21;0,185;R
ES0000000000004889CCPF;23/09/2023;22;0,205;R
ES0000000000004889CCPF;23/09/2023;23;0,189;R
ES0000000000004889CCPF;24/09/2023;0;0,168;R
ES0000000000004889CCPF;24/09/2023;1;0,149;R
ES0000000000004889CCPF;24/09/2023;2;0,127;R
ES0000000000004889CCPF;24/09/2023;3;0,114;R
ES0000000000004889CCPF;24/09/2023;4;0,106;R
ES0000000000004889CCPF;24/09/2023;5;0,102;R
ES0000000000004889CCPF;24/09/2023;6;0,1;R
ES0000000000004889CCPF;24/09/2023;7;0,101;R
ES0000000000004889CCPF;24/09/2023;8;0,103;R
ES0000000000004889CCPF;24/09/2023;9;0,107;R
ES0000000000004889CCPF;24/09/2023;10;0,128;R
ES0000000000004889CCPF;24/09/2023;11;0,147;R
ES0000000000004889CCPF;24/09/2023;12;0,155;R
ES0000000000004889CCPF;24/09/2023;13;0,159;R
ES0000000000004889CCPF;24/09/2023;14;0,169;R
ES0000000000004889CCPF;24/09/2023;15;0,17;R
ES0000000000004889CCPF;24/09/2023;16;0,153;R
ES0000000000004889CCPF;24/09/2023;17;0,146;R
ES0000000000004889CCPF;24/09/2023;18;0,146;R
ES0000000000004889CCPF;24/09/2023;19;0,152;R
ES0000000000004889CCPF;24/09/2023;20;0,161;R
ES0000000000004889CCPF;24/09/2023;21;0,195;R
ES0000000000004889CCPF;24/09/2023;22;0,215;R
ES0000000000004889CCPF;24/09/2023;23;0,193;R
ES0000000000004889CCPF;25/09/2023;0;0,165;R
ES0000000000004889CCPF;25/09/2023;1;0,139;R
ES0000000000004889CCPF;25/09/2023;2;0,119;R
ES0000000000004889CCPF;25/09/2023;3;0,108;R
ES0000000000004889CCPF;25/09/2023;4;0,102;R
ES0000000000004889CCPF;25/09/2023;5;0,099;R
ES0000000000004889CCPF;25/09/2023;6;0,1;R
ES0000000000004889CCPF;25/09/2023;7;0,11;R
ES0000000000004889CCPF;25/09/2023;8;0,131;R
ES0000000000004889CCPF;25/09/2023;9;0,152;R
ES0000000000004889CCPF;25/09/2023;10;0,159;R
ES0000000000004889CCPF;25/09/2023;11;0,136;R
ES0000000000004889CCPF;25/09/2023;12;0,138;R
ES0000000000004889CCPF;25/09/2023;13;0,143;R
ES0000000000004889CCPF;25/09/2023;14;0,152;R
ES0000000000004889CCPF;25/09/2023;15;0,187;R
ES0000000000004889CCPF;25/09/2023;16;0,178;R
ES0000000000004889CCPF;25/09/2023;17;0,174;R
ES0000000000004889CCPF;25/09/2023;18;0,179;R
ES0000000000004889CCPF;25/09/2023;19;0,15;R
ES0000000000004889CCPF;25/09/2023;20;0,156;R
ES0000000000004889CCPF;25/09/2023;21;0,187;R
ES0000000000004889CCPF;25/09/2023;22;0,202;R
ES0000000000004889CCPF;25/09/2023;23;0,219;R
ES0000000000004889CCPF;26/09/2023;0;0,184;R
ES0000000000004889CCPF;26/09/2023;1;0,101;R
ES0000000000004889CCPF;26/09/2023;2;0,097;R
ES0000000000004889CCPF;26/09/2023;3;0,072;R
ES0000000000004889CCPF;26/09/2023;4;0,137;R
ES0000000000004889CCPF;26/09/2023;5;0,072;R
ES0000000000004889CCPF;26/09/2023;6;0,117;R
ES0000000000004889CCPF;26/09/2023;7;0,089;R
ES0000000000004889CCPF;26/09/2023;8;0,079;R
ES0000000000004889CCPF;26/09/2023;9;0,128;R
ES0000000000004889CCPF;26/09/2023;10;0,063;R
ES0000000000004889CCPF;26/09/2023;11;0,129;R
ES0000000000004889CCPF;26/09/2023;12;0,079;R
ES0000000000004889CCPF;26/09/2023;13;0,332;R
ES0000000000004889CCPF;26/09/2023;14;0,118;R
ES0000000000004889CCPF;26/09/2023;15;0,069;R
ES0000000000004889CCPF;26/09/2023;16;0,137;R
ES0000000000004889CCPF;26/09/2023;17;0,077;R
ES0000000000004889CCPF;26/09/2023;18;0,106;R
ES0000000000004889CCPF;26/09/2023;19;0,093;R
ES0000000000004889CCPF;26/09/2023;20;0,087;R
ES0000000000004889CCPF;26/09/2023;21;0,128;R
ES0000000000004889CCPF;26/09/2023;22;0,065;R
ES0000000000004889CCPF;26/09/2023;23;0,374;R
ES0000000000004889CCPF;27/09/2023;0;0,235;R
ES0000000000004889CCPF;27/09/2023;1;0,154;R
ES0000000000004889CCPF;27/09/2023;2;0,09;R
ES0000000000004889CCPF;27/09/2023;3;0,167;R
ES0000000000004889CCPF;27/09/2023;4;0,085;R
ES0000000000004889CCPF;27/09/2023;5;0,17;R
ES0000000000004889CCPF;27/09/2023;6;0,091;R
ES0000000000004889CCPF;27/09/2023;7;0,388;R
ES0000000000004889CCPF;27/09/2023;8;0,092;R
ES0000000000004889CCPF;27/09/2023;9;0,307;R
ES0000000000004889CCPF;27/09/2023;10;0,275;R
ES0000000000004889CCPF;27/09/2023;11;0,211;R
ES0000000000004889CCPF;27/09/2023;12;0,183;R
ES0000000000004889CCPF;27/09/2023;13;0,202;R
ES0000000000004889CCPF;27/09/2023;14;0,538;R
ES0000000000004889CCPF;27/09/2023;15;0,755;R
ES0000000000004889CCPF;27/09/2023;16;0,304;R
ES0000000000004889CCPF;27/09/2023;17;0,153;R
ES0000000000004889CCPF;27/09/2023;18;0,218;R
ES0000000000004889CCPF;27/09/2023;19;0,09;R
ES0000000000004889CCPF;27/09/2023;20;0,38;R
ES0000000000004889CCPF;27/09/2023;21;0,21;R
ES0000000000004889CCPF;27/09/2023;22;0,28;R
ES0000000000004889CCPF;27/09/2023;23;0,378;R
ES0000000000004889CCPF;28/09/2023;0;0,203;R
ES0000000000004889CCPF;28/09/2023;1;0,098;R
ES0000000000004889CCPF;28/09/2023;2;0,185;R
ES0000000000004889CCPF;28/09/2023;3;0,084;R
ES0000000000004889CCPF;28/09/2023;4;0,424;R
ES0000000000004889CCPF;28/09/2023;5;0,085;R
ES0000000000004889CCPF;28/09/2023;6;0,179;R
ES0000000000004889CCPF;28/09/2023;7;0,166;R
ES0000000000004889CCPF;28/09/2023;8;0,353;R
ES0000000000004889CCPF;28/09/2023;9;0,219;R
ES0000000000004889CCPF;28/09/2023;10;0,093;R
ES0000000000004889CCPF;28/09/2023;11;0,153;R
ES0000000000004889CCPF;28/09/2023;12;0,11;R
ES0000000000004889CCPF;28/09/2023;13;0,152;R
ES0000000000004889CCPF;28/09/2023;14;0,121;R
ES0000000000004889CCPF;28/09/2023;15;0,14;R
ES0000000000004889CCPF;28/09/2023;16;0,168;R
ES0000000000004889CCPF;28/09/2023;17;0,544;R
ES0000000000004889CCPF;28/09/2023;18;0,158;R
ES0000000000004889CCPF;28/09/2023;19;0,133;R
ES0000000000004889CCPF;28/09/2023;20;0,189;R
ES0000000000004889CCPF;28/09/2023;21;0,256;R
ES0000000000004889CCPF;28/09/2023;22;0,493;R
ES0000000000004889CCPF;28/09/2023;23;0,235;R
ES0000000000004889CCPF;29/09/2023;0;0,189;R
ES0000000000004889CCPF;29/09/2023;1;0,165;R
ES0000000000004889CCPF;29/09/2023;2;0,104;R
ES0000000000004889CCPF;29/09/2023;3;0,178;R
ES0000000000004889CCPF;29/09/2023;4;0,132;R
ES0000000000004889CCPF;29/09/2023;5;0,124;R
ES0000000000004889CCPF;29/09/2023;6;0,161;R
ES0000000000004889CCPF;29/09/2023;7;0,146;R
ES0000000000004889CCPF;29/09/2023;8;0,408;R
ES0000000000004889CCPF;29/09/2023;9;0,12;R
ES0000000000004889CCPF;29/09/2023;10;0,437;R
ES0000000000004889CCPF;29/09/2023;11;0,109;R
ES0000000000004889CCPF;29/09/2023;12;0,195;R
ES0000000000004889CCPF;29/09/2023;13;0,15;R
ES0000000000004889CCPF;29/09/2023;14;0,236;R
ES0000000000004889CCPF;29/09/2023;15;0,143;R
ES0000000000004889CCPF;29/09/2023;16;0,291;R
ES0000000000004889CCPF;29/09/2023;17;0,295;R
ES0000000000004889CCPF;29/09/2023;18;0,279;R
ES0000000000004889CCPF;29/09/2023;19;0,108;R
ES0000000000004889CCPF;29/09/2023;20;0,171;R
ES0000000000004889CCPF;29/09/2023;21;0,087;R
ES0000000000004889CCPF;29/09/2023;22;0,295;R
ES0000000000004889CCPF;29/09/2023;23;0,164;R
ES0000000000004889CCPF;30/09/2023;0;0,17;R
ES0000000000004889CCPF;30/09/2023;1;0,104;R
ES0000000000004889CCPF;30/09/2023;2;0,406;R
ES0000000000004889CCPF;30/09/2023;3;0,12;R
ES0000000000004889CCPF;30/09/2023;4;0,153;R
ES0000000000004889CCPF;30/09/2023;5;0,131;R
ES0000000000004889CCPF;30/09/2023;6;0,142;R
ES0000000000004889CCPF;30/09/2023;7;0,135;R
ES0000000000004889CCPF;30/09/2023;8;0,12;R
ES0000000000004889CCPF;30/09/2023;9;0,331;R
ES0000000000004889CCPF;30/09/2023;10;0,807;R
ES0000000000004889CCPF;30/09/2023;11;0,401;R
ES0000000000004889CCPF;30/09/2023;12;0,146;R
ES0000000000004889CCPF;30/09/2023;13;0,618;R
ES0000000000004889CCPF;30/09/2023;14;0,167;R
ES0000000000004889CCPF;30/09/2023;15;0,252;R
ES0000000000004889CCPF;30/09/2023;16;0,144;R
ES0000000000004889CCPF;30/09/2023;17;0,129;R
ES0000000000004889CCPF;30/09/2023;18;0,188;R
ES0000000000004889CCPF;30/09/2023;19;0,092;R
ES0000000000004889CCPF;30/09/2023;20;0,311;R
ES0000000000004889CCPF;30/09/2023;21;0,25;R
ES0000000000004889CCPF;30/09/2023;22;0,3;R
ES0000000000004889CCPF;30/09/2023;23;0,275;R
ES0000000000004889CCPF;01/10/2023;0;0,106;R
ES0000000000004889CCPF;01/10/2023;1;0,187;R
ES0000000000004889CCPF;01/10/2023;2;0,282;R
ES0000000000004889CCPF;01/10/2023;3;0,227;R
ES0000000000004889CCPF;01/10/2023;4;0,106;R
ES0000000000004889CCPF;01/10/2023;5;0,162;R
ES0000000000004889CCPF;01/10/2023;6;0,116;R
ES0000000000004889CCPF;01/10/2023;7;0,155;R
ES0000000000004889CCPF;01/10/2023;8;0,11;R
ES0000000000004889CCPF;01/10/2023;9;0,305;R
ES0000000000004889CCPF;01/10/2023;10;0,589;R
ES0000000000004889CCPF;01/10/2023;11;1,011;R
ES0000000000004889CCPF;01/10/2023;12;0,349;R
ES0000000000004889CCPF;01/10/2023;13;0,472;R
ES0000000000004889CCPF;01/10/2023;14;0,2;R
ES0000000000004889CCPF;01/10/2023;15;0,527;R
ES0000000000004889CCPF;01/10/2023;16;0,195;R
ES0000000000004889CCPF;01/10/2023;17;0,145;R
ES0000000000004889CCPF;01/10/2023;18;0,13;R
ES0000000000004889CCPF;01/10/2023;19;0,223;R
ES0000000000004889CCPF;01/10/2023;20;0,648;R
ES0000000000004889CCPF;01/10/2023;21;0,648;R
ES0000000000004889CCPF;01/10/2023;22;0,258;R
ES0000000000004889CCPF;01/10/2023;23;0,214;R
ES0000000000004889CCPF;02/10/2023;0;0,197;R
