CUPS;Fecha;Hora;Consumo;Metodo_obtencion
ES0000000000001872CCPF;01/09/2022;1;0,062;R
ES0000000000001872CCPF;01/09/2022;2;0,044;R
ES0000000000001872CCPF;01/09/2022;3;0,05;R
ES0000000000001872CCPF;01/09/2022;4;0,06;R
ES0000000000001872CCPF;01/09/2022;5;0,048;R
ES0000000000001872CCPF;01/09/2022;6;0,045;R
ES0000000000001872CCPF;01/09/2022;7;0,06;R
ES0000000000001872CCPF;01/09/2022;8;0,049;R
ES0000000000001872CCPF;01/09/2022;9;0,041;R
ES0000000000001872CCPF;01/09/2022;10;0,062;R
ES0000000000001872CCPF;01/09/2022;11;0,049;R
ES0000000000001872CCPF;01/09/2022;12;0,043;R
ES0000000000001872CCPF;01/09/2022;13;0,06;R
ES0000000000001872CCPF;01/09/2022;14;0,052;R
ES0000000000001872CCPF;01/09/2022;15;0,048;R
ES0000000000001872CCPF;01/09/2022;16;0,062;R
ES0000000000001872CCPF;01/09/2022;17;0,051;R
ES0000000000001872CCPF;01/09/2022;18;0,058;R
ES0000000000001872CCPF;01/09/2022;19;0,057;R
ES0000000000001872CCPF;01/09/2022;20;0,051;R
ES0000000000001872CCPF;01/09/2022;21;0,063;R
ES0000000000001872CCPF;01/09/2022;22;0,045;R
ES0000000000001872CCPF;01/09/2022;23;0,072;R
ES0000000000001872CCPF;02/09/2022;0;0,045;R
ES0000000000001872CCPF;02/09/2022;1;0,047;R
ES0000000000001872CCPF;02/09/2022;2;0,052;R
ES0000000000001872CCPF;02/09/2022;3;0,052;R
ES0000000000001872CCPF;02/09/2022;4;0,051;R
ES0000000000001872CCPF;02/09/2022;5;0,046;R
ES0000000000001872CCPF;02/09/2022;6;0,057;R
ES0000000000001872CCPF;02/09/2022;7;0,061;R
ES0000000000001872CCPF;02/09/2022;8;0,151;R
ES0000000000001872CCPF;02/09/2022;9;0,089;R
ES0000000000001872CCPF;02/09/2022;10;0,145;R
ES0000000000001872CCPF;02/09/2022;11;0,097;R
ES0000000000001872CCPF;02/09/2022;12;0,065;R
ES0000000000001872CCPF;02/09/2022;13;0,045;R
ES0000000000001872CCPF;02/09/2022;14;0,064;R
ES0000000000001872CCPF;02/09/2022;15;0,051;R
ES0000000000001872CCPF;02/09/2022;16;0,046;R
ES0000000000001872CCPF;02/09/2022;17;0,061;R
ES0000000000001872CCPF;02/09/2022;18;0,049;R
ES0000000000001872CCPF;02/09/2022;19;0,06;R
ES0000000000001872CCPF;02/09/2022;20;0,043;R
ES0000000000001872CCPF;02/09/2022;21;0,063;R
ES0000000000001872CCPF;02/09/2022;22;0,073;R
ES0000000000001872CCPF;02/09/2022;23;0,208;R
ES0000000000001872CCPF;03/09/2022;0;0,098;R
ES0000000000001872CCPF;03/09/2022;1;0,071;R
ES0000000000001872CCPF;03/09/2022;2;0,051;R
ES0000000000001872CCPF;03/09/2022;3;0,068;R
ES0000000000001872CCPF;03/09/2022;4;0,064;R
ES0000000000001872CCPF;03/09/2022;5;0,05;R
ES0000000000001872CCPF;03/09/2022;6;0,069;R
ES0000000000001872CCPF;03/09/2022;7;0,053;R
ES0000000000001872CCPF;03/09/2022;8;0,122;R
ES0000000000001872CCPF;03/09/2022;9;0,097;R
ES0000000000001872CCPF;03/09/2022;10;0,116;R
ES0000000000001872CCPF;03/09/2022;11;0,085;R
ES0000000000001872CCPF;03/09/2022;12;0,044;R
ES0000000000001872CCPF;03/09/2022;13;0,047;R
ES0000000000001872CCPF;03/09/2022;14;0,06;R
ES0000000000001872CCPF;03/09/2022;15;0,048;R
ES0000000000001872CCPF;03/09/2022;16;0,086;R
ES0000000000001872CCPF;03/09/2022;17;0,121;R
ES0000000000001872CCPF;03/09/2022;18;0,136;R
ES0000000000001872CCPF;03/09/2022;19;0,703;R
ES0000000000001872CCPF;03/09/2022;20;0,121;R
ES0000000000001872CCPF;03/09/2022;21;0,059;R
ES0000000000001872CCPF;03/09/2022;22;0,159;R
ES0000000000001872CCPF;03/09/2022;23;0,157;R
ES0000000000001872CCPF;04/09/2022;0;0,096;R
ES0000000000001872CCPF;04/09/2022;1;0,078;R
ES0000000000001872CCPF;04/09/2022;2;0,065;R
ES0000000000001872CCPF;04/09/2022;3;0,092;R
ES0000000000001872CCPF;04/09/2022;4;0,11;R
ES0000000000001872CCPF;04/09/2022;5;0,07;R
ES0000000000001872CCPF;04/09/2022;6;0,066;R
ES0000000000001872CCPF;04/09/2022;7;0,066;R
ES0000000000001872CCPF;04/09/2022;8;0,044;R
ES0000000000001872CCPF;04/09/2022;9;0,067;R
ES0000000000001872CCPF;04/09/2022;10;0,057;R
ES0000000000001872CCPF;04/09/2022;11;0,096;R
ES0000000000001872CCPF;04/09/2022;12;0,083;R
ES0000000000001872CCPF;04/09/2022;13;0,143;R
ES0000000000001872CCPF;04/09/2022;14;0,26;R
ES0000000000001872CCPF;04/09/2022;15;0,214;R
ES0000000000001872CCPF;04/09/2022;16;0,165;R
ES0000000000001872CCPF;04/09/2022;17;0,083;R
ES0000000000001872CCPF;04/09/2022;18;0,103;R
ES0000000000001872CCPF;04/09/2022;19;0,096;R
ES0000000000001872CCPF;04/09/2022;20;0,089;R
ES0000000000001872CCPF;04/09/2022;21;0,096;R
ES0000000000001872CCPF;04/09/2022;22;0,064;R
ES0000000000001872CCPF;04/09/2022;23;0,055;R
ES0000000000001872CCPF;05/09/2022;0;0,128;R
ES0000000000001872CCPF;05/09/2022;1;0,072;R
ES0000000000001872CCPF;05/09/2022;2;0,054;R
ES0000000000001872CCPF;05/09/2022;3;0,05;R
ES0000000000001872CCPF;05/09/2022;4;0,061;R
ES0000000000001872CCPF;05/09/2022;5;0,039;R
ES0000000000001872CCPF;05/09/2022;6;0,056;R
ES0000000000001872CCPF;05/09/2022;7;0,051;R
ES0000000000001872CCPF;05/09/2022;8;0,042;R
ES0000000000001872CCPF;05/09/2022;9;0,048;R
ES0000000000001872CCPF;05/09/2022;10;0,052;R
ES0000000000001872CCPF;05/09/2022;11;0,044;R
ES0000000000001872CCPF;05/09/2022;12;0,058;R
ES0000000000001872CCPF;05/09/2022;13;0,045;R
ES0000000000001872CCPF;05/09/2022;14;0,038;R
ES0000000000001872CCPF;05/09/2022;15;0,057;R
ES0000000000001872CCPF;05/09/2022;16;0,055;R
ES0000000000001872CCPF;05/09/2022;17;0,04;R
ES0000000000001872CCPF;05/09/2022;18;0,06;R
ES0000000000001872CCPF;05/09/2022;19;0,041;R
ES0000000000001872CCPF;05/09/2022;20;0,059;R
ES0000000000001872CCPF;05/09/2022;21;0,05;R
ES0000000000001872CCPF;05/09/2022;22;0,048;R
ES0000000000001872CCPF;05/09/2022;23;0,051;R
ES0000000000001872CCPF;06/09/2022;0;0,048;R
ES0000000000001872CCPF;06/09/2022;1;0,05;R
ES0000000000001872CCPF;06/09/2022;2;0,04;R
ES0000000000001872CCPF;06/09/2022;3;0,049;R
ES0000000000001872CCPF;06/09/2022;4;0,049;R
ES0000000000001872CCPF;06/09/2022;5;0,043;R
ES0000000000001872CCPF;06/09/2022;6;0,057;R
ES0000000000001872CCPF;06/09/2022;7;0,042;R
ES0000000000001872CCPF;06/09/2022;8;0,056;R
ES0000000000001872CCPF;06/09/2022;9;0,043;R
ES0000000000001872CCPF;06/09/2022;10;0,045;R
ES0000000000001872CCPF;06/09/2022;11;0,035;R
ES0000000000001872CCPF;06/09/2022;12;0,045;R
ES0000000000001872CCPF;06/09/2022;13;0,05;R
ES0000000000001872CCPF;06/09/2022;14;0,043;R
ES0000000000001872CCPF;06/09/2022;15;0,054;R
ES0000000000001872CCPF;06/09/2022;16;0,042;R
ES0000000000001872CCPF;06/09/2022;17;0,051;R
ES0000000000001872CCPF;06/09/2022;18;0,054;R
ES0000000000001872CCPF;06/09/2022;19;0,039;R
ES0000000000001872CCPF;06/09/2022;20;0,056;R
ES0000000000001872CCPF;06/09/2022;21;0,048;R
ES0000000000001872CCPF;06/09/2022;22;0,164;R
ES0000000000001872CCPF;06/09/2022;23;0,148;R
ES0000000000001872CCPF;07/09/2022;0;0,122;R
ES0000000000001872CCPF;07/09/2022;1;0,065;R
ES0000000000001872CCPF;07/09/2022;2;0,07;R
ES0000000000001872CCPF;07/09/2022;3;0,056;R
ES0000000000001872CCPF;07/09/2022;4;0,055;R
ES0000000000001872CCPF;07/09/2022;5;0,066;R
ES0000000000001872CCPF;07/09/2022;6;0,046;R
ES0000000000001872CCPF;07/09/2022;7;0,082;R
ES0000000000001872CCPF;07/09/2022;8;0,084;R
ES0000000000001872CCPF;07/09/2022;9;0,137;R
ES0000000000001872CCPF;07/09/2022;10;0,066;R
ES0000000000001872CCPF;07/09/2022;11;0,062;R
ES0000000000001872CCPF;07/09/2022;12;0,072;R
ES0000000000001872CCPF;07/09/2022;13;0,256;R
ES0000000000001872CCPF;07/09/2022;14;0,069;R
ES0000000000001872CCPF;07/09/2022;15;0,33;R
ES0000000000001872CCPF;07/09/2022;16;0,129;R
ES0000000000001872CCPF;07/09/2022;17;0,105;R
ES0000000000001872CCPF;07/09/2022;18;0,192;R
ES0000000000001872CCPF;07/09/2022;19;0,131;R
ES0000000000001872CCPF;07/09/2022;20;0,079;R
ES0000000000001872CCPF;07/09/2022;21;0,081;R
ES0000000000001872CCPF;07/09/2022;22;0,286;R
ES0000000000001872CCPF;07/09/2022;23;0,097;R
ES0000000000001872CCPF;08/09/2022;0;0,082;R
ES0000000000001872CCPF;08/09/2022;1;0,077;R
ES0000000000001872CCPF;08/09/2022;2;0,135;R
ES0000000000001872CCPF;08/09/2022;3;0,098;R
ES0000000000001872CCPF;08/09/2022;4;0,068;R
ES0000000000001872CCPF;08/09/2022;5;0,06;R
ES0000000000001872CCPF;08/09/2022;6;0,069;R
ES0000000000001872CCPF;08/09/2022;7;0,069;R
ES0000000000001872CCPF;08/09/2022;8;0,047;R
ES0000000000001872CCPF;08/09/2022;9;0,069;R
ES0000000000001872CCPF;08/09/2022;10;0,057;R
ES0000000000001872CCPF;08/09/2022;11;0,074;R
ES0000000000001872CCPF;08/09/2022;12;0,159;R
ES0000000000001872CCPF;08/09/2022;13;0,132;R
ES0000000000001872CCPF;08/09/2022;14;0,065;R
ES0000000000001872CCPF;08/09/2022;15;0,088;R
ES0000000000001872CCPF;08/09/2022;16;0,076;R
ES0000000000001872CCPF;08/09/2022;17;0,069;R
ES0000000000001872CCPF;08/09/2022;18;0,098;R
ES0000000000001872CCPF;08/09/2022;19;0,097;R
ES0000000000001872CCPF;08/09/2022;20;0,06;R
ES0000000000001872CCPF;08/09/2022;21;0,072;R
ES0000000000001872CCPF;08/09/2022;22;0,271;R
ES0000000000001872CCPF;08/09/2022;23;0,145;R
ES0000000000001872CCPF;09/09/2022;0;0,126;R
ES0000000000001872CCPF;09/09/2022;1;0,111;R
ES0000000000001872CCPF;09/09/2022;2;0,069;R
ES0000000000001872CCPF;09/09/2022;3;0,054;R
ES0000000000001872CCPF;09/09/2022;4;0,07;R
ES0000000000001872CCPF;09/09/2022;5;0,048;R
ES0000000000001872CCPF;09/09/2022;6;0,062;R
ES0000000000001872CCPF;09/09/2022;7;0,09;R
ES0000000000001872CCPF;09/09/2022;8;0,171;R
ES0000000000001872CCPF;09/09/2022;9;0,123;R
ES0000000000001872CCPF;09/09/2022;10;0,084;R
ES0000000000001872CCPF;09/09/2022;11;0,146;R
ES0000000000001872CCPF;09/09/2022;12;0,143;R
ES0000000000001872CCPF;09/09/2022;13;0,123;R
ES0000000000001872CCPF;09/09/2022;14;0,107;R
ES0000000000001872CCPF;09/09/2022;15;0,38;R
ES0000000000001872CCPF;09/09/2022;16;0,16;R
ES0000000000001872CCPF;09/09/2022;17;0,166;R
ES0000000000001872CCPF;09/09/2022;18;0,841;R
ES0000000000001872CCPF;09/09/2022;19;0,155;R
ES0000000000001872CCPF;09/09/2022;20;0,144;R
ES0000000000001872CCPF;09/09/2022;21;0,152;R
ES0000000000001872CCPF;09/09/2022;22;0,2;R
ES0000000000001872CCPF;09/09/2022;23;0,143;R
ES0000000000001872CCPF;10/09/2022;0;0,227;R
ES0000000000001872CCPF;10/09/2022;1;0,145;R
ES0000000000001872CCPF;10/09/2022;2;0,095;R
ES0000000000001872CCPF;10/09/2022;3;0,052;R
ES0000000000001872CCPF;10/09/2022;4;0,08;R
ES0000000000001872CCPF;10/09/2022;5;0,062;R
ES0000000000001872CCPF;10/09/2022;6;0,053;R
ES0000000000001872CCPF;10/09/2022;7;0,057;R
ES0000000000001872CCPF;10/09/2022;8;0,073;R
ES0000000000001872CCPF;10/09/2022;9;0,09;R
ES0000000000001872CCPF;10/09/2022;10;0,097;R
ES0000000000001872CCPF;10/09/2022;11;0,166;R
ES0000000000001872CCPF;10/09/2022;12;0,126;R
ES0000000000001872CCPF;10/09/2022;13;0,091;R
ES0000000000001872CCPF;10/09/2022;14;0,127;R
ES0000000000001872CCPF;10/09/2022;15;0,118;R
ES0000000000001872CCPF;10/09/2022;16;0,136;R
ES0000000000001872CCPF;10/09/2022;17;0,056;R
ES0000000000001872CCPF;10/09/2022;18;0,043;R
ES0000000000001872CCPF;10/09/2022;19;0,144;R
ES0000000000001872CCPF;10/09/2022;20;0,098;R
ES0000000000001872CCPF;10/09/2022;21;0,08;R
ES0000000000001872CCPF;10/09/2022;22;0,066;R
ES0000000000001872CCPF;10/09/2022;23;0,131;R
ES0000000000001872CCPF;11/09/2022;0;0,161;R
ES0000000000001872CCPF;11/09/2022;1;0,137;R
ES0000000000001872CCPF;11/09/2022;2;0,093;R
ES0000000000001872CCPF;11/09/2022;3;0,071;R
ES0000000000001872CCPF;11/09/2022;4;0,055;R
ES0000000000001872CCPF;11/09/2022;5;0,127;R
ES0000000000001872CCPF;11/09/2022;6;0,1;R
ES0000000000001872CCPF;11/09/2022;7;0,069;R
ES0000000000001872CCPF;11/09/2022;8;0,054;R
ES0000000000001872CCPF;11/09/2022;9;0,063;R
ES0000000000001872CCPF;11/09/2022;10;0,063;R
ES0000000000001872CCPF;11/09/2022;11;0,091;R
ES0000000000001872CCPF;11/09/2022;12;0,152;R
ES0000000000001872CCPF;11/09/2022;13;0,235;R
ES0000000000001872CCPF;11/09/2022;14;0,151;R
ES0000000000001872CCPF;11/09/2022;15;0,2;R
ES0000000000001872CCPF;11/09/2022;16;0,117;R
ES0000000000001872CCPF;11/09/2022;17;0,124;R
ES0000000000001872CCPF;11/09/2022;18;0,051;R
ES0000000000001872CCPF;11/09/2022;19;0,081;R
ES0000000000001872CCPF;11/09/2022;20;0,135;R
ES0000000000001872CCPF;11/09/2022;21;0,085;R
ES0000000000001872CCPF;11/09/2022;22;0,135;R
ES0000000000001872CCPF;11/09/2022;23;0,255;R
ES0000000000001872CCPF;12/09/2022;0;0,123;R
ES0000000000001872CCPF;12/09/2022;1;0,116;R
ES0000000000001872CCPF;12/09/2022;2;0,136;R
ES0000000000001872CCPF;12/09/2022;3;0,059;R
ES0000000000001872CCPF;12/09/2022;4;0,056;R
ES0000000000001872CCPF;12/09/2022;5;0,063;R
ES0000000000001872CCPF;12/09/2022;6;0,07;R
ES0000000000001872CCPF;12/09/2022;7;0,133;R
ES0000000000001872CCPF;12/09/2022;8;0,12;R
ES0000000000001872CCPF;12/09/2022;9;0,118;R
ES0000000000001872CCPF;12/09/2022;10;0,078;R
ES0000000000001872CCPF;12/09/2022;11;0,127;R
ES0000000000001872CCPF;12/09/2022;12;0,07;R
ES0000000000001872CCPF;12/09/2022;13;0,173;R
ES0000000000001872CCPF;12/09/2022;14;0,123;R
ES0000000000001872CCPF;12/09/2022;15;0,097;R
ES0000000000001872CCPF;12/09/2022;16;0,212;R
ES0000000000001872CCPF;12/09/2022;17;0,13;R
ES0000000000001872CCPF;12/09/2022;18;0,067;R
ES0000000000001872CCPF;12/09/2022;19;0,063;R
ES0000000000001872CCPF;12/09/2022;20;0,058;R
ES0000000000001872CCPF;12/09/2022;21;0,103;R
ES0000000000001872CCPF;12/09/2022;22;0,115;R
ES0000000000001872CCPF;12/09/2022;23;0,071;R
ES0000000000001872CCPF;13/09/2022;0;0,055;R
ES0000000000001872CCPF;13/09/2022;1;0,072;R
ES0000000000001872CCPF;13/09/2022;2;0,142;R
ES0000000000001872CCPF;13/09/2022;3;0,095;R
ES0000000000001872CCPF;13/09/2022;4;0,059;R
ES0000000000001872CCPF;13/09/2022;5;0,055;R
ES0000000000001872CCPF;13/09/2022;6;0,079;R
ES0000000000001872CCPF;13/09/2022;7;0,093;R
ES0000000000001872CCPF;13/09/2022;8;0,112;R
ES0000000000001872CCPF;13/09/2022;9;0,085;R
ES0000000000001872CCPF;13/09/2022;10;0,069;R
ES0000000000001872CCPF;13/09/2022;11;0,085;R
ES0000000000001872CCPF;13/09/2022;12;0,127;R
ES0000000000001872CCPF;13/09/2022;13;0,073;R
ES0000000000001872CCPF;13/09/2022;14;0,068;R
ES0000000000001872CCPF;13/09/2022;15;0,06;R
ES0000000000001872CCPF;13/09/2022;16;0,062;R
ES0000000000001872CCPF;13/09/2022;17;0,13;R
ES0000000000001872CCPF;13/09/2022;18;0,128;R
ES0000000000001872CCPF;13/09/2022;19;0,117;R
ES0000000000001872CCPF;13/09/2022;20;0,072;R
ES0000000000001872CCPF;13/09/2022;21;0,142;R
ES0000000000001872CCPF;13/09/2022;22;0,239;R
ES0000000000001872CCPF;13/09/2022;23;0,165;R
ES0000000000001872CCPF;14/09/2022;0;0,078;R
ES0000000000001872CCPF;14/09/2022;1;0,059;R
ES0000000000001872CCPF;14/09/2022;2;0,054;R
ES0000000000001872CCPF;14/09/2022;3;0,067;R
ES0000000000001872CCPF;14/09/2022;4;0,057;R
ES0000000000001872CCPF;14/09/2022;5;0,071;R
ES0000000000001872CCPF;14/09/2022;6;0,138;R
ES0000000000001872CCPF;14/09/2022;7;0,138;R
ES0000000000001872CCPF;14/09/2022;8;0,099;R
ES0000000000001872CCPF;14/09/2022;9;0,101;R
ES0000000000001872CCPF;14/09/2022;10;0,06;R
ES0000000000001872CCPF;14/09/2022;11;0,066;R
ES0000000000001872CCPF;14/09/2022;12;0,057;R
ES0000000000001872CCPF;14/09/2022;13;0,058;R
ES0000000000001872CCPF;14/09/2022;14;0,06;R
ES0000000000001872CCPF;14/09/2022;15;0,05;R
ES0000000000001872CCPF;14/09/2022;16;0,092;R
ES0000000000001872CCPF;14/09/2022;17;0,182;R
ES0000000000001872CCPF;14/09/2022;18;0,117;R
ES0000000000001872CCPF;14/09/2022;19;0,237;R
ES0000000000001872CCPF;14/09/2022;20;0,613;R
ES0000000000001872CCPF;14/09/2022;21;0,095;R
ES0000000000001872CCPF;14/09/2022;22;0,149;R
ES0000000000001872CCPF;14/09/2022;23;0,149;R
ES0000000000001872CCPF;15/09/2022;0;0,158;R
ES0000000000001872CCPF;15/09/2022;1;0,093;R
ES0000000000001872CCPF;15/09/2022;2;0,095;R
ES0000000000001872CCPF;15/09/2022;3;0,092;R
ES0000000000001872CCPF;15/09/2022;4;0,091;R
ES0000000000001872CCPF;15/09/2022;5;0,091;R
ES0000000000001872CCPF;15/09/2022;6;0,117;R
ES0000000000001872CCPF;15/09/2022;7;0,171;R
ES0000000000001872CCPF;15/09/2022;8;0,144;R
ES0000000000001872CCPF;15/09/2022;9;0,114;R
ES0000000000001872CCPF;15/09/2022;10;0,062;R
ES0000000000001872CCPF;15/09/2022;11;0,06;R
ES0000000000001872CCPF;15/09/2022;12;0,063;R
ES0000000000001872CCPF;15/09/2022;13;0,069;R
ES0000000000001872CCPF;15/09/2022;14;0,067;R
ES0000000000001872CCPF;15/09/2022;15;0,049;R
ES0000000000001872CCPF;15/09/2022;16;0,143;R
ES0000000000001872CCPF;15/09/2022;17;0,146;R
ES0000000000001872CCPF;15/09/2022;18;0,131;R
ES0000000000001872CCPF;15/09/2022;19;0,079;R
ES0000000000001872CCPF;15/09/2022;20;0,064;R
ES0000000000001872CCPF;15/09/2022;21;0,067;R
ES0000000000001872CCPF;15/09/2022;22;0,11;R
ES0000000000001872CCPF;15/09/2022;23;0,122;R
ES0000000000001872CCPF;16/09/2022;0;0,112;R
ES0000000000001872CCPF;16/09/2022;1;0,105;R
ES0000000000001872CCPF;16/09/2022;2;0,137;R
ES0000000000001872CCPF;16/09/2022;3;0,098;R
ES0000000000001872CCPF;16/09/2022;4;0,068;R
ES0000000000001872CCPF;16/09/2022;5;0,059;R
ES0000000000001872CCPF;16/09/2022;6;0,063;R
ES0000000000001872CCPF;16/09/2022;7;0,135;R
ES0000000000001872CCPF;16/09/2022;8;0,136;R
ES0000000000001872CCPF;16/09/2022;9;0,071;R
ES0000000000001872CCPF;16/09/2022;10;0,064;R
ES0000000000001872CCPF;16/09/2022;11;0,047;R
ES0000000000001872CCPF;16/09/2022;12;0,087;R
ES0000000000001872CCPF;16/09/2022;13;0,165;R
ES0000000000001872CCPF;16/09/2022;14;0,164;R
ES0000000000001872CCPF;16/09/2022;15;0,063;R
ES0000000000001872CCPF;16/09/2022;16;0,094;R
ES0000000000001872CCPF;16/09/2022;17;0,113;R
ES0000000000001872CCPF;16/09/2022;18;0,161;R
ES0000000000001872CCPF;16/09/2022;19;0,055;R
ES0000000000001872CCPF;16/09/2022;20;0,054;R
ES0000000000001872CCPF;16/09/2022;21;0,048;R
ES0000000000001872CCPF;16/09/2022;22;0,163;R
ES0000000000001872CCPF;16/09/2022;23;0,191;R
ES0000000000001872CCPF;17/09/2022;0;0,166;R
ES0000000000001872CCPF;17/09/2022;1;0,108;R
ES0000000000001872CCPF;17/09/2022;2;0,054;R
ES0000000000001872CCPF;17/09/2022;3;0,056;R
ES0000000000001872CCPF;17/09/2022;4;0,062;R
ES0000000000001872CCPF;17/09/2022;5;0,058;R
ES0000000000001872CCPF;17/09/2022;6;0,05;R
ES0000000000001872CCPF;17/09/2022;7;0,061;R
ES0000000000001872CCPF;17/09/2022;8;0,052;R
ES0000000000001872CCPF;17/09/2022;9;0,051;R
ES0000000000001872CCPF;17/09/2022;10;0,086;R
ES0000000000001872CCPF;17/09/2022;11;0,152;R
ES0000000000001872CCPF;17/09/2022;12;0,105;R
ES0000000000001872CCPF;17/09/2022;13;0,065;R
ES0000000000001872CCPF;17/09/2022;14;0,234;R
ES0000000000001872CCPF;17/09/2022;15;0,171;R
ES0000000000001872CCPF;17/09/2022;16;0,053;R
ES0000000000001872CCPF;17/09/2022;17;0,19;R
ES0000000000001872CCPF;17/09/2022;18;0,156;R
ES0000000000001872CCPF;17/09/2022;19;0,108;R
ES0000000000001872CCPF;17/09/2022;20;0,114;R
ES0000000000001872CCPF;17/09/2022;21;0,059;R
ES0000000000001872CCPF;17/09/2022;22;0,088;R
ES0000000000001872CCPF;17/09/2022;23;0,126;R
ES0000000000001872CCPF;18/09/2022;0;0,086;R
ES0000000000001872CCPF;18/09/2022;1;0,053;R
ES0000000000001872CCPF;18/09/2022;2;0,048;R
ES0000000000001872CCPF;18/09/2022;3;0,06;R
ES0000000000001872CCPF;18/09/2022;4;0,132;R
ES0000000000001872CCPF;18/09/2022;5;0,093;R
ES0000000000001872CCPF;18/09/2022;6;0,053;R
ES0000000000001872CCPF;18/09/2022;7;0,063;R
ES0000000000001872CCPF;18/09/2022;8;0,038;R
ES0000000000001872CCPF;18/09/2022;9;0,102;R
ES0000000000001872CCPF;18/09/2022;10;0,104;R
ES0000000000001872CCPF;18/09/2022;11;0,07;R
ES0000000000001872CCPF;18/09/2022;12;0,094;R
ES0000000000001872CCPF;18/09/2022;13;0,093;R
ES0000000000001872CCPF;18/09/2022;14;0,115;R
ES0000000000001872CCPF;18/09/2022;15;0,236;R
ES0000000000001872CCPF;18/09/2022;16;0,189;R
ES0000000000001872CCPF;18/09/2022;17;0,178;R
ES0000000000001872CCPF;18/09/2022;18;0,066;R
ES0000000000001872CCPF;18/09/2022;19;0,078;R
ES0000000000001872CCPF;18/09/2022;20;0,101;R
ES0000000000001872CCPF;18/09/2022;21;0,099;R
ES0000000000001872CCPF;18/09/2022;22;0,121;R
ES0000000000001872CCPF;18/09/2022;23;0,111;R
ES0000000000001872CCPF;19/09/2022;0;0,047;R
ES0000000000001872CCPF;19/09/2022;1;0,13;R
ES0000000000001872CCPF;19/09/2022;2;0,098;R
ES0000000000001872CCPF;19/09/2022;3;0,068;R
ES0000000000001872CCPF;19/09/2022;4;0,049;R
ES0000000000001872CCPF;19/09/2022;5;0,065;R
ES0000000000001872CCPF;19/09/2022;6;0,074;R
ES0000000000001872CCPF;19/09/2022;7;0,067;R
ES0000000000001872CCPF;19/09/2022;8;0,093;R
ES0000000000001872CCPF;19/09/2022;9;0,077;R
ES0000000000001872CCPF;19/09/2022;10;0,061;R
ES0000000000001872CCPF;19/09/2022;11;0,094;R
ES0000000000001872CCPF;19/09/2022;12;0,113;R
ES0000000000001872CCPF;19/09/2022;13;0,07;R
ES0000000000001872CCPF;19/09/2022;14;0,069;R
ES0000000000001872CCPF;19/09/2022;15;0,049;R
ES0000000000001872CCPF;19/09/2022;16;0,217;R
ES0000000000001872CCPF;19/09/2022;17;0,105;R
ES0000000000001872CCPF;19/09/2022;18;0,073;R
ES0000000000001872CCPF;19/09/2022;19;0,056;R
ES0000000000001872CCPF;19/09/2022;20;0,07;R
ES0000000000001872CCPF;19/09/2022;21;0,123;R
ES0000000000001872CCPF;19/09/2022;22;0,182;R
ES0000000000001872CCPF;19/09/2022;23;0,136;R
ES0000000000001872CCPF;20/09/2022;0;0,075;R
ES0000000000001872CCPF;20/09/2022;1;0,069;R
ES0000000000001872CCPF;20/09/2022;2;0,048;R
ES0000000000001872CCPF;20/09/2022;3;0,067;R
ES0000000000001872CCPF;20/09/2022;4;0,054;R
ES0000000000001872CCPF;20/09/2022;5;0,062;R
ES0000000000001872CCPF;20/09/2022;6;0,087;R
ES0000000000001872CCPF;20/09/2022;7;0,097;R
ES0000000000001872CCPF;20/09/2022;8;0,146;R
ES0000000000001872CCPF;20/09/2022;9;0,111;R
ES0000000000001872CCPF;20/09/2022;10;0,062;R
ES0000000000001872CCPF;20/09/2022;11;0,07;R
ES0000000000001872CCPF;20/09/2022;12;0,057;R
ES0000000000001872CCPF;20/09/2022;13;0,058;R
ES0000000000001872CCPF;20/09/2022;14;0,057;R
ES0000000000001872CCPF;20/09/2022;15;0,073;R
ES0000000000001872CCPF;20/09/2022;16;0,103;R
ES0000000000001872CCPF;20/09/2022;17;0,484;R
ES0000000000001872CCPF;20/09/2022;18;0,437;R
ES0000000000001872CCPF;20/09/2022;19;0,141;R
ES0000000000001872CCPF;20/09/2022;20;0,097;R
ES0000000000001872CCPF;20/09/2022;21;0,062;R
ES0000000000001872CCPF;20/09/2022;22;0,18;R
ES0000000000001872CCPF;20/09/2022;23;0,125;R
ES0000000000001872CCPF;21/09/2022;0;0,062;R
ES0000000000001872CCPF;21/09/2022;1;0,062;R
ES0000000000001872CCPF;21/09/2022;2;0,065;R
ES0000000000001872CCPF;21/09/2022;3;0,049;R
ES0000000000001872CCPF;21/09/2022;4;0,061;R
ES0000000000001872CCPF;21/09/2022;5;0,132;R
ES0000000000001872CCPF;21/09/2022;6;0,089;R
ES0000000000001872CCPF;21/09/2022;7;0,052;R
ES0000000000001872CCPF;21/09/2022;8;0,107;R
ES0000000000001872CCPF;21/09/2022;9;0,144;R
ES0000000000001872CCPF;21/09/2022;10;0,136;R
ES0000000000001872CCPF;21/09/2022;11;0,088;R
ES0000000000001872CCPF;21/09/2022;12;0,108;R
ES0000000000001872CCPF;21/09/2022;13;0,078;R
ES0000000000001872CCPF;21/09/2022;14;0,099;R
ES0000000000001872CCPF;21/09/2022;15;0,141;R
ES0000000000001872CCPF;21/09/2022;16;0,194;R
ES0000000000001872CCPF;21/09/2022;17;0,14;R
ES0000000000001872CCPF;21/09/2022;18;0,089;R
ES0000000000001872CCPF;21/09/2022;19;0,09;R
ES0000000000001872CCPF;21/09/2022;20;0,114;R
ES0000000000001872CCPF;21/09/2022;21;0,243;R
ES0000000000001872CCPF;21/09/2022;22;0,074;R
ES0000000000001872CCPF;21/09/2022;23;0,071;R
ES0000000000001872CCPF;22/09/2022;0;0,097;R
ES0000000000001872CCPF;22/09/2022;1;0,114;R
ES0000000000001872CCPF;22/09/2022;2;0,071;R
ES0000000000001872CCPF;22/09/2022;3;0,065;R
ES0000000000001872CCPF;22/09/2022;4;0,065;R
ES0000000000001872CCPF;22/09/2022;5;0,046;R
ES0000000000001872CCPF;22/09/2022;6;0,068;R
ES0000000000001872CCPF;22/09/2022;7;0,085;R
ES0000000000001872CCPF;22/09/2022;8;0,11;R
ES0000000000001872CCPF;22/09/2022;9;0,09;R
ES0000000000001872CCPF;22/09/2022;10;0,06;R
ES0000000000001872CCPF;22/09/2022;11;0,087;R
ES0000000000001872CCPF;22/09/2022;12;0,112;R
ES0000000000001872CCPF;22/09/2022;13;0,069;R
ES0000000000001872CCPF;22/09/2022;14;0,066;R
ES0000000000001872CCPF;22/09/2022;15;0,064;R
ES0000000000001872CCPF;22/09/2022;16;0,07;R
ES0000000000001872CCPF;22/09/2022;17;0,067;R
ES0000000000001872CCPF;22/09/2022;18;0,064;R
ES0000000000001872CCPF;22/09/2022;19;0,056;R
ES0000000000001872CCPF;22/09/2022;20;0,064;R
ES0000000000001872CCPF;22/09/2022;21;0,094;R
ES0000000000001872CCPF;22/09/2022;22;0,179;R
ES0000000000001872CCPF;22/09/2022;23;0,091;R
ES0000000000001872CCPF;23/09/2022;0;0,075;R
ES0000000000001872CCPF;23/09/2022;1;0,054;R
ES0000000000001872CCPF;23/09/2022;2;0,059;R
ES0000000000001872CCPF;23/09/2022;3;0,064;R
ES0000000000001872CCPF;23/09/2022;4;0,047;R
ES0000000000001872CCPF;23/09/2022;5;0,065;R
ES0000000000001872CCPF;23/09/2022;6;0,058;R
ES0000000000001872CCPF;23/09/2022;7;0,086;R
ES0000000000001872CCPF;23/09/2022;8;0,085;R
ES0000000000001872CCPF;23/09/2022;9;0,15;R
ES0000000000001872CCPF;23/09/2022;10;0,089;R
ES0000000000001872CCPF;23/09/2022;11;0,064;R
ES0000000000001872CCPF;23/09/2022;12;0,056;R
ES0000000000001872CCPF;23/09/2022;13;0,047;R
ES0000000000001872CCPF;23/09/2022;14;0,057;R
ES0000000000001872CCPF;23/09/2022;15;0,044;R
ES0000000000001872CCPF;23/09/2022;16;0,097;R
ES0000000000001872CCPF;23/09/2022;17;0,098;R
ES0000000000001872CCPF;23/09/2022;18;0,101;R
ES0000000000001872CCPF;23/09/2022;19;0,105;R
ES0000000000001872CCPF;23/09/2022;20;0,116;R
ES0000000000001872CCPF;23/09/2022;21;0,23;R
ES0000000000001872CCPF;23/09/2022;22;0,121;R
ES0000000000001872CCPF;23/09/2022;23;0,079;R
ES0000000000001872CCPF;24/09/2022;0;0,06;R
ES0000000000001872CCPF;24/09/2022;1;0,065;R
ES0000000000001872CCPF;24/09/2022;2;0,063;R
ES0000000000001872CCPF;24/09/2022;3;0,046;R
ES0000000000001872CCPF;24/09/2022;4;0,067;R
ES0000000000001872CCPF;24/09/2022;5;0,048;R
ES0000000000001872CCPF;24/09/2022;6;0,123;R
ES0000000000001872CCPF;24/09/2022;7;0,13;R
ES0000000000001872CCPF;24/09/2022;8;0,108;R
ES0000000000001872CCPF;24/09/2022;9;0,147;R
ES0000000000001872CCPF;24/09/2022;10;0,205;R
ES0000000000001872CCPF;24/09/2022;11;0,083;R
ES0000000000001872CCPF;24/09/2022;12;0,15;R
ES0000000000001872CCPF;24/09/2022;13;0,188;R
ES0000000000001872CCPF;24/09/2022;14;0,171;R
ES0000000000001872CCPF;24/09/2022;15;0,062;R
ES0000000000001872CCPF;24/09/2022;16;0,83;R
ES0000000000001872CCPF;24/09/2022;17;0,138;R
ES0000000000001872CCPF;24/09/2022;18;0,093;R
ES0000000000001872CCPF;24/09/2022;19;0,074;R
ES0000000000001872CCPF;24/09/2022;20;0,059;R
ES0000000000001872CCPF;24/09/2022;21;0,047;R
ES0000000000001872CCPF;24/09/2022;22;0,109;R
ES0000000000001872CCPF;24/09/2022;23;0,129;R
ES0000000000001872CCPF;25/09/2022;0;0,103;R
ES0000000000001872CCPF;25/09/2022;1;0,077;R
ES0000000000001872CCPF;25/09/2022;2;0,041;R
ES0000000000001872CCPF;25/09/2022;3;0,129;R
ES0000000000001872CCPF;25/09/2022;4;0,093;R
ES0000000000001872CCPF;25/09/2022;5;0,05;R
ES0000000000001872CCPF;25/09/2022;6;0,047;R
ES0000000000001872CCPF;25/09/2022;7;0,06;R
ES0000000000001872CCPF;25/09/2022;8;0,083;R
ES0000000000001872CCPF;25/09/2022;9;0,099;R
ES0000000000001872CCPF;25/09/2022;10;0,153;R
ES0000000000001872CCPF;25/09/2022;11;0,092;R
ES0000000000001872CCPF;25/09/2022;12;0,078;R
ES0000000000001872CCPF;25/09/2022;13;0,073;R
ES0000000000001872CCPF;25/09/2022;14;0,16;R
ES0000000000001872CCPF;25/09/2022;15;0,167;R
ES0000000000001872CCPF;25/09/2022;16;0,134;R
ES0000000000001872CCPF;25/09/2022;17;0,121;R
ES0000000000001872CCPF;25/09/2022;18;0,064;R
ES0000000000001872CCPF;25/09/2022;19;0,059;R
ES0000000000001872CCPF;25/09/2022;20;0,047;R
ES0000000000001872CCPF;25/09/2022;21;0,099;R
ES0000000000001872CCPF;25/09/2022;22;0,161;R
ES0000000000001872CCPF;25/09/2022;23;0,071;R
ES0000000000001872CCPF;26/09/2022;0;0,133;R
ES0000000000001872CCPF;26/09/2022;1;0,094;R
ES0000000000001872CCPF;26/09/2022;2;0,062;R
ES0000000000001872CCPF;26/09/2022;3;0,049;R
ES0000000000001872CCPF;26/09/2022;4;0,053;R
ES0000000000001872CCPF;26/09/2022;5;0,058;R
ES0000000000001872CCPF;26/09/2022;6;0,073;R
ES0000000000001872CCPF;26/09/2022;7;0,096;R
ES0000000000001872CCPF;26/09/2022;8;0,102;R
ES0000000000001872CCPF;26/09/2022;9;0,087;R
ES0000000000001872CCPF;26/09/2022;10;0,046;R
ES0000000000001872CCPF;26/09/2022;11;0,128;R
ES0000000000001872CCPF;26/09/2022;12;0,093;R
ES0000000000001872CCPF;26/09/2022;13;0,046;R
ES0000000000001872CCPF;26/09/2022;14;0,058;R
ES0000000000001872CCPF;26/09/2022;15;0,057;R
ES0000000000001872CCPF;26/09/2022;16;0,098;R
ES0000000000001872CCPF;26/09/2022;17;0,091;R
ES0000000000001872CCPF;26/09/2022;18;0,104;R
ES0000000000001872CCPF;26/09/2022;19;0,055;R
ES0000000000001872CCPF;26/09/2022;20;0,041;R
ES0000000000001872CCPF;26/09/2022;21;0,101;R
ES0000000000001872CCPF;26/09/2022;22;0,316;R
ES0000000000001872CCPF;26/09/2022;23;0,161;R
ES0000000000001872CCPF;27/09/2022;0;0,091;R
ES0000000000001872CCPF;27/09/2022;1;0,063;R
ES0000000000001872CCPF;27/09/2022;2;0,049;R
ES0000000000001872CCPF;27/09/2022;3;0,051;R
ES0000000000001872CCPF;27/09/2022;4;0,058;R
ES0000000000001872CCPF;27/09/2022;5;0,047;R
ES0000000000001872CCPF;27/09/2022;6;0,079;R
ES0000000000001872CCPF;27/09/2022;7;0,098;R
ES0000000000001872CCPF;27/09/2022;8;0,085;R
ES0000000000001872CCPF;27/09/2022;9;0,139;R
ES0000000000001872CCPF;27/09/2022;10;0,1;R
ES0000000000001872CCPF;27/09/2022;11;0,064;R
ES0000000000001872CCPF;27/09/2022;12;0,054;R
ES0000000000001872CCPF;27/09/2022;13;0,048;R
ES0000000000001872CCPF;27/09/2022;14;0,054;R
ES0000000000001872CCPF;27/09/2022;15;0,057;R
ES0000000000001872CCPF;27/09/2022;16;0,09;R
ES0000000000001872CCPF;27/09/2022;17;0,08;R
ES0000000000001872CCPF;27/09/2022;18;0,079;R
ES0000000000001872CCPF;27/09/2022;19;0,062;R
ES0000000000001872CCPF;27/09/2022;20;0,052;R
ES0000000000001872CCPF;27/09/2022;21;0,139;R
ES0000000000001872CCPF;27/09/2022;22;0,163;R
ES0000000000001872CCPF;27/09/2022;23;0,102;R
ES0000000000001872CCPF;28/09/2022;0;0,047;R
ES0000000000001872CCPF;28/09/2022;1;0,062;R
ES0000000000001872CCPF;28/09/2022;2;0,052;R
ES0000000000001872CCPF;28/09/2022;3;0,056;R
ES0000000000001872CCPF;28/09/2022;4;0,047;R
ES0000000000001872CCPF;28/09/2022;5;0,059;R
ES0000000000001872CCPF;28/09/2022;6;0,067;R
ES0000000000001872CCPF;28/09/2022;7;0,09;R
ES0000000000001872CCPF;28/09/2022;8;0,093;R
ES0000000000001872CCPF;28/09/2022;9;0,145;R
ES0000000000001872CCPF;28/09/2022;10;0,093;R
ES0000000000001872CCPF;28/09/2022;11;0,055;R
ES0000000000001872CCPF;28/09/2022;12;0,045;R
ES0000000000001872CCPF;28/09/2022;13;0,057;R
ES0000000000001872CCPF;28/09/2022;14;0,045;R
ES0000000000001872CCPF;28/09/2022;15;0,06;R
ES0000000000001872CCPF;28/09/2022;16;0,099;R
ES0000000000001872CCPF;28/09/2022;17;0,113;R
ES0000000000001872CCPF;28/09/2022;18;0,085;R
ES0000000000001872CCPF;28/09/2022;19;0,086;R
ES0000000000001872CCPF;28/09/2022;20;0,132;R
ES0000000000001872CCPF;28/09/2022;21;0,348;R
ES0000000000001872CCPF;28/09/2022;22;0,449;R
ES0000000000001872CCPF;28/09/2022;23;0,569;R
ES0000000000001872CCPF;29/09/2022;0;0,062;R
ES0000000000001872CCPF;29/09/2022;1;0,073;R
ES0000000000001872CCPF;29/09/2022;2;0,076;R
ES0000000000001872CCPF;29/09/2022;3;0,057;R
ES0000000000001872CCPF;29/09/2022;4;0,059;R
ES0000000000001872CCPF;29/09/2022;5;0,07;R
ES0000000000001872CCPF;29/09/2022;6;0,047;R
ES0000000000001872CCPF;29/09/2022;7;0,166;R
ES0000000000001872CCPF;29/09/2022;8;0,089;R
ES0000000000001872CCPF;29/09/2022;9;0,081;R
ES0000000000001872CCPF;29/09/2022;10;0,075;R
ES0000000000001872CCPF;29/09/2022;11;0,093;R
ES0000000000001872CCPF;29/09/2022;12;0,088;R
ES0000000000001872CCPF;29/09/2022;13;0,051;R
ES0000000000001872CCPF;29/09/2022;14;0,056;R
ES0000000000001872CCPF;29/09/2022;15;0,041;R
ES0000000000001872CCPF;29/09/2022;16;0,137;R
ES0000000000001872CCPF;29/09/2022;17;0,09;R
ES0000000000001872CCPF;29/09/2022;18;0,103;R
ES0000000000001872CCPF;29/09/2022;19;0,155;R
ES0000000000001872CCPF;29/09/2022;20;0,059;R
ES0000000000001872CCPF;29/09/2022;21;0,125;R
ES0000000000001872CCPF;29/09/2022;22;0,181;R
ES0000000000001872CCPF;29/09/2022;23;0,078;R
ES0000000000001872CCPF;30/09/2022;0;0,059;R
ES0000000000001872CCPF;30/09/2022;1;0,043;R
ES0000000000001872CCPF;30/09/2022;2;0,057;R
ES0000000000001872CCPF;30/09/2022;3;0,044;R
ES0000000000001872CCPF;30/09/2022;4;0,04;R
ES0000000000001872CCPF;30/09/2022;5;0,057;R
ES0000000000001872CCPF;30/09/2022;6;0,041;R
ES0000000000001872CCPF;30/09/2022;7;0,151;R
ES0000000000001872CCPF;30/09/2022;8;0,106;R
ES0000000000001872CCPF;30/09/2022;9;0,099;R
ES0000000000001872CCPF;30/09/2022;10;0,104;R
ES0000000000001872CCPF;30/09/2022;11;0,073;R
ES0000000000001872CCPF;30/09/2022;12;0,081;R
ES0000000000001872CCPF;30/09/2022;13;0,112;R
ES0000000000001872CCPF;30/09/2022;14;0,094;R
ES0000000000001872CCPF;30/09/2022;15;0,102;R
ES0000000000001872CCPF;30/09/2022;16;0,096;R
ES0000000000001872CCPF;30/09/2022;17;0,097;R
ES0000000000001872CCPF;30/09/2022;18;0,078;R
ES0000000000001872CCPF;30/09/2022;19;0,142;R
ES0000000000001872CCPF;30/09/2022;20;0,121;R
ES0000000000001872CCPF;30/09/2022;21;0,1;R
ES0000000000001872CCPF;30/09/2022;22;0,153;R
ES0000000000001872CCPF;30/09/2022;23;0,1;R
ES0000000000001872CCPF;01/10/2022;0;0,094;R
ES0000000000001872CCPF;01/10/2022;1;0,097;R
ES0000000000001872CCPF;01/10/2022;2;0,073;R
ES0000000000001872CCPF;01/10/2022;3;0,063;R
ES0000000000001872CCPF;01/10/2022;4;0,039;R
ES0000000000001872CCPF;01/10/2022;5;0,04;R
ES0000000000001872CCPF;01/10/2022;6;0,057;R
ES0000000000001872CCPF;01/10/2022;7;0,085;R
ES0000000000001872CCPF;01/10/2022;8;0,1;R
ES0000000000001872CCPF;01/10/2022;9;0,057;R
ES0000000000001872CCPF;01/10/2022;10;0,166;R
ES0000000000001872CCPF;01/10/2022;11;0,175;R
ES0000000000001872CCPF;01/10/2022;12;0,092;R
ES0000000000001872CCPF;01/10/2022;13;0,038;R
ES0000000000001872CCPF;01/10/2022;14;0,043;R
ES0000000000001872CCPF;01/10/2022;15;0,037;R
ES0000000000001872CCPF;01/10/2022;16;0,053;R
ES0000000000001872CCPF;01/10/2022;17;0,037;R
ES0000000000001872CCPF;01/10/2022;18;0,041;R
ES0000000000001872CCPF;01/10/2022;19;0,114;R
ES0000000000001872CCPF;01/10/2022;20;0,084;R
ES0000000000001872CCPF;01/10/2022;21;0,05;R
ES0000000000001872CCPF;01/10/2022;22;0,052;R
ES0000000000001872CCPF;01/10/2022;23;0,131;R
ES0000000000001872CCPF;02/10/2022;0;0,089;R
ES0000000000001872CCPF;02/10/2022;1;0,054;R
ES0000000000001872CCPF;02/10/2022;2;0,08;R
ES0000000000001872CCPF;02/10/2022;3;0,043;R
ES0000000000001872CCPF;02/10/2022;4;0,058;R
ES0000000000001872CCPF;02/10/2022;5;0,041;R
ES0000000000001872CCPF;02/10/2022;6;0,06;R
ES0000000000001872CCPF;02/10/2022;7;0,068;R
ES0000000000001872CCPF;02/10/2022;8;0,114;R
ES0000000000001872CCPF;02/10/2022;9;0,058;R
ES0000000000001872CCPF;02/10/2022;10;0,094;R
ES0000000000001872CCPF;02/10/2022;11;0,084;R
ES0000000000001872CCPF;02/10/2022;12;0,117;R
ES0000000000001872CCPF;02/10/2022;13;0,391;R
ES0000000000001872CCPF;02/10/2022;14;0,408;R
ES0000000000001872CCPF;02/10/2022;15;0,108;R
ES0000000000001872CCPF;02/10/2022;16;0,075;R
ES0000000000001872CCPF;02/10/2022;17;0,069;R
ES0000000000001872CCPF;02/10/2022;18;0,071;R
ES0000000000001872CCPF;02/10/2022;19;0,124;R
ES0000000000001872CCPF;02/10/2022;20;0,093;R
ES0000000000001872CCPF;02/10/2022;21;0,074;R
ES0000000000001872CCPF;02/10/2022;22;0,249;R
ES0000000000001872CCPF;02/10/2022;23;0,096;R
ES0000000000001872CCPF;03/10/2022;0;0,064;R
ES0000000000001872CCPF;03/10/2022;1;0,056;R
ES0000000000001872CCPF;03/10/2022;2;0,046;R
ES0000000000001872CCPF;03/10/2022;3;0,06;R
ES0000000000001872CCPF;03/10/2022;4;0,043;R
ES0000000000001872CCPF;03/10/2022;5;0,053;R
ES0000000000001872CCPF;03/10/2022;6;0,145;R
ES0000000000001872CCPF;03/10/2022;7;0,083;R
ES0000000000001872CCPF;03/10/2022;8;0,097;R
ES0000000000001872CCPF;03/10/2022;9;0,068;R
ES0000000000001872CCPF;03/10/2022;10;0,06;R
ES0000000000001872CCPF;03/10/2022;11;0,045;R
ES0000000000001872CCPF;03/10/2022;12;0,052;R
ES0000000000001872CCPF;03/10/2022;13;0,052;R
ES0000000000001872CCPF;03/10/2022;14;0,059;R
ES0000000000001872CCPF;03/10/2022;15;0,074;R
ES0000000000001872CCPF;03/10/2022;16;0,058;R
ES0000000000001872CCPF;03/10/2022;17;0,16;R
ES0000000000001872CCPF;03/10/2022;18;0,101;R
ES0000000000001872CCPF;03/10/2022;19;0,454;R
ES0000000000001872CCPF;03/10/2022;20;0,467;R
ES0000000000001872CCPF;03/10/2022;21;0,221;R
ES0000000000001872CCPF;03/10/2022;22;0,107;R
ES0000000000001872CCPF;03/10/2022;23;0,094;R
ES0000000000001872CCPF;04/10/2022;0;0,067;R
ES0000000000001872CCPF;04/10/2022;1;0,061;R
ES0000000000001872CCPF;04/10/2022;2;0,047;R
ES0000000000001872CCPF;04/10/2022;3;0,058;R
ES0000000000001872CCPF;04/10/2022;4;0,129;R
ES0000000000001872CCPF;04/10/2022;5;0,084;R
ES0000000000001872CCPF;04/10/2022;6;0,089;R
ES0000000000001872CCPF;04/10/2022;7;0,056;R
ES0000000000001872CCPF;04/10/2022;8;0,056;R
ES0000000000001872CCPF;04/10/2022;9;0,061;R
ES0000000000001872CCPF;04/10/2022;10;0,087;R
ES0000000000001872CCPF;04/10/2022;11;0,04;R
ES0000000000001872CCPF;04/10/2022;12;0,272;R
ES0000000000001872CCPF;04/10/2022;13;0,288;R
ES0000000000001872CCPF;04/10/2022;14;0,491;R
ES0000000000001872CCPF;04/10/2022;15;0,463;R
ES0000000000001872CCPF;04/10/2022;16;0,112;R
ES0000000000001872CCPF;04/10/2022;17;0,108;R
ES0000000000001872CCPF;04/10/2022;18;0,089;R
ES0000000000001872CCPF;04/10/2022;19;0,052;R
ES0000000000001872CCPF;04/10/2022;20;0,056;R
ES0000000000001872CCPF;04/10/2022;21;0,301;R
ES0000000000001872CCPF;04/10/2022;22;0,128;R
ES0000000000001872CCPF;04/10/2022;23;0,09;R
ES0000000000001872CCPF;05/10/2022;0;0,152;R
ES0000000000001872CCPF;05/10/2022;1;0,085;R
ES0000000000001872CCPF;05/10/2022;2;0,06;R
ES0000000000001872CCPF;05/10/2022;3;0,062;R
ES0000000000001872CCPF;05/10/2022;4;0,044;R
ES0000000000001872CCPF;05/10/2022;5;0,062;R
ES0000000000001872CCPF;05/10/2022;6;0,085;R
ES0000000000001872CCPF;05/10/2022;7;0,048;R
ES0000000000001872CCPF;05/10/2022;8;0,074;R
ES0000000000001872CCPF;05/10/2022;9;0,074;R
ES0000000000001872CCPF;05/10/2022;10;0,05;R
ES0000000000001872CCPF;05/10/2022;11;0,094;R
ES0000000000001872CCPF;05/10/2022;12;0,107;R
ES0000000000001872CCPF;05/10/2022;13;0,075;R
ES0000000000001872CCPF;05/10/2022;14;0,06;R
ES0000000000001872CCPF;05/10/2022;15;1,076;R
ES0000000000001872CCPF;05/10/2022;16;0,334;R
ES0000000000001872CCPF;05/10/2022;17;0,103;R
ES0000000000001872CCPF;05/10/2022;18;0,07;R
ES0000000000001872CCPF;05/10/2022;19;0,055;R
ES0000000000001872CCPF;05/10/2022;20;0,064;R
ES0000000000001872CCPF;05/10/2022;21;0,093;R
ES0000000000001872CCPF;05/10/2022;22;0,182;R
ES0000000000001872CCPF;05/10/2022;23;0,124;R
ES0000000000001872CCPF;06/10/2022;0;0,12;R
ES0000000000001872CCPF;06/10/2022;1;0,069;R
ES0000000000001872CCPF;06/10/2022;2;0,057;R
ES0000000000001872CCPF;06/10/2022;3;0,047;R
ES0000000000001872CCPF;06/10/2022;4;0,067;R
ES0000000000001872CCPF;06/10/2022;5;0,047;R
ES0000000000001872CCPF;06/10/2022;6;0,061;R
ES0000000000001872CCPF;06/10/2022;7;0,051;R
ES0000000000001872CCPF;06/10/2022;8;0,095;R
ES0000000000001872CCPF;06/10/2022;9;0,191;R
ES0000000000001872CCPF;06/10/2022;10;0,127;R
ES0000000000001872CCPF;06/10/2022;11;0,118;R
ES0000000000001872CCPF;06/10/2022;12;0,107;R
ES0000000000001872CCPF;06/10/2022;13;0,111;R
ES0000000000001872CCPF;06/10/2022;14;0,422;R
ES0000000000001872CCPF;06/10/2022;15;0,237;R
ES0000000000001872CCPF;06/10/2022;16;0,392;R
ES0000000000001872CCPF;06/10/2022;17;0,06;R
ES0000000000001872CCPF;06/10/2022;18;0,118;R
ES0000000000001872CCPF;06/10/2022;19;0,109;R
ES0000000000001872CCPF;06/10/2022;20;0,071;R
ES0000000000001872CCPF;06/10/2022;21;0,057;R
ES0000000000001872CCPF;06/10/2022;22;0,074;R
ES0000000000001872CCPF;06/10/2022;23;0,111;R
ES0000000000001872CCPF;07/10/2022;0;0,054;R
ES0000000000001872CCPF;07/10/2022;1;0,049;R
ES0000000000001872CCPF;07/10/2022;2;0,065;R
ES0000000000001872CCPF;07/10/2022;3;0,047;R
ES0000000000001872CCPF;07/10/2022;4;0,061;R
ES0000000000001872CCPF;07/10/2022;5;0,13;R
ES0000000000001872CCPF;07/10/2022;6;0,086;R
ES0000000000001872CCPF;07/10/2022;7;0,054;R
ES0000000000001872CCPF;07/10/2022;8;0,103;R
ES0000000000001872CCPF;07/10/2022;9;0,108;R
ES0000000000001872CCPF;07/10/2022;10;0,078;R
ES0000000000001872CCPF;07/10/2022;11;0,075;R
ES0000000000001872CCPF;07/10/2022;12;0,135;R
ES0000000000001872CCPF;07/10/2022;13;0,122;R
ES0000000000001872CCPF;07/10/2022;14;0,111;R
ES0000000000001872CCPF;07/10/2022;15;0,13;R
ES0000000000001872CCPF;07/10/2022;16;0,114;R
ES0000000000001872CCPF;07/10/2022;17;0,125;R
ES0000000000001872CCPF;07/10/2022;18;0,088;R
ES0000000000001872CCPF;07/10/2022;19;0,068;R
ES0000000000001872CCPF;07/10/2022;20;0,068;R
ES0000000000001872CCPF;07/10/2022;21;0,086;R
ES0000000000001872CCPF;07/10/2022;22;0,156;R
ES0000000000001872CCPF;07/10/2022;23;0,103;R
ES0000000000001872CCPF;08/10/2022;0;0,114;R
ES0000000000001872CCPF;08/10/2022;1;0,059;R
ES0000000000001872CCPF;08/10/2022;2;0,048;R
ES0000000000001872CCPF;08/10/2022;3;0,133;R
ES0000000000001872CCPF;08/10/2022;4;0,089;R
ES0000000000001872CCPF;08/10/2022;5;0,05;R
ES0000000000001872CCPF;08/10/2022;6;0,055;R
ES0000000000001872CCPF;08/10/2022;7;0,051;R
ES0000000000001872CCPF;08/10/2022;8;0,063;R
ES0000000000001872CCPF;08/10/2022;9;0,073;R
ES0000000000001872CCPF;08/10/2022;10;0,064;R
ES0000000000001872CCPF;08/10/2022;11;0,504;R
ES0000000000001872CCPF;08/10/2022;12;0,364;R
ES0000000000001872CCPF;08/10/2022;13;0,131;R
ES0000000000001872CCPF;08/10/2022;14;0,05;R
ES0000000000001872CCPF;08/10/2022;15;0,132;R
ES0000000000001872CCPF;08/10/2022;16;0,086;R
ES0000000000001872CCPF;08/10/2022;17;0,052;R
ES0000000000001872CCPF;08/10/2022;18;0,058;R
ES0000000000001872CCPF;08/10/2022;19;0,064;R
ES0000000000001872CCPF;08/10/2022;20;0,054;R
ES0000000000001872CCPF;08/10/2022;21;0,053;R
ES0000000000001872CCPF;08/10/2022;22;0,094;R
ES0000000000001872CCPF;08/10/2022;23;0,174;R
ES0000000000001872CCPF;09/10/2022;0;0,092;R
ES0000000000001872CCPF;09/10/2022;1;0,111;R
ES0000000000001872CCPF;09/10/2022;2;0,18;R
ES0000000000001872CCPF;09/10/2022;3;0,084;R
ES0000000000001872CCPF;09/10/2022;4;0,063;R
ES0000000000001872CCPF;09/10/2022;5;0,057;R
ES0000000000001872CCPF;09/10/2022;6;0,061;R
ES0000000000001872CCPF;09/10/2022;7;0,047;R
ES0000000000001872CCPF;09/10/2022;8;0,062;R
ES0000000000001872CCPF;09/10/2022;9;0,054;R
ES0000000000001872CCPF;09/10/2022;10;0,072;R
ES0000000000001872CCPF;09/10/2022;11;0,056;R
ES0000000000001872CCPF;09/10/2022;12;0,086;R
ES0000000000001872CCPF;09/10/2022;13;0,159;R
ES0000000000001872CCPF;09/10/2022;14;0,071;R
ES0000000000001872CCPF;09/10/2022;15;0,131;R
ES0000000000001872CCPF;09/10/2022;16;0,099;R
ES0000000000001872CCPF;09/10/2022;17;0,061;R
ES0000000000001872CCPF;09/10/2022;18;0,079;R
ES0000000000001872CCPF;09/10/2022;19;0,116;R
ES0000000000001872CCPF;09/10/2022;20;0,061;R
ES0000000000001872CCPF;09/10/2022;21;0,045;R
ES0000000000001872CCPF;09/10/2022;22;0,108;R
ES0000000000001872CCPF;09/10/2022;23;0,205;R
ES0000000000001872CCPF;10/10/2022;0;0,098;R
ES0000000000001872CCPF;10/10/2022;1;0,062;R
ES0000000000001872CCPF;10/10/2022;2;0,067;R
ES0000000000001872CCPF;10/10/2022;3;0,049;R
ES0000000000001872CCPF;10/10/2022;4;0,047;R
ES0000000000001872CCPF;10/10/2022;5;0,062;R
ES0000000000001872CCPF;10/10/2022;6;0,078;R
ES0000000000001872CCPF;10/10/2022;7;0,048;R
ES0000000000001872CCPF;10/10/2022;8;0,077;R
ES0000000000001872CCPF;10/10/2022;9;0,102;R
ES0000000000001872CCPF;10/10/2022;10;0,056;R
ES0000000000001872CCPF;10/10/2022;11;0,136;R
ES0000000000001872CCPF;10/10/2022;12;0,092;R
ES0000000000001872CCPF;10/10/2022;13;0,212;R
ES0000000000001872CCPF;10/10/2022;14;0,058;R
ES0000000000001872CCPF;10/10/2022;15;0,062;R
ES0000000000001872CCPF;10/10/2022;16;0,068;R
ES0000000000001872CCPF;10/10/2022;17;0,096;R
ES0000000000001872CCPF;10/10/2022;18;0,056;R
ES0000000000001872CCPF;10/10/2022;19;0,047;R
ES0000000000001872CCPF;10/10/2022;20;0,093;R
ES0000000000001872CCPF;10/10/2022;21;0,188;R
ES0000000000001872CCPF;10/10/2022;22;0,155;R
ES0000000000001872CCPF;10/10/2022;23;0,138;R
ES0000000000001872CCPF;11/10/2022;0;0,062;R
ES0000000000001872CCPF;11/10/2022;1;0,068;R
ES0000000000001872CCPF;11/10/2022;2;0,046;R
ES0000000000001872CCPF;11/10/2022;3;0,043;R
ES0000000000001872CCPF;11/10/2022;4;0,059;R
ES0000000000001872CCPF;11/10/2022;5;0,053;R
ES0000000000001872CCPF;11/10/2022;6;0,052;R
ES0000000000001872CCPF;11/10/2022;7;0,046;R
ES0000000000001872CCPF;11/10/2022;8;0,072;R
ES0000000000001872CCPF;11/10/2022;9;0,099;R
ES0000000000001872CCPF;11/10/2022;10;0,16;R
ES0000000000001872CCPF;11/10/2022;11;0,088;R
ES0000000000001872CCPF;11/10/2022;12;0,052;R
ES0000000000001872CCPF;11/10/2022;13;0,055;R
ES0000000000001872CCPF;11/10/2022;14;0,057;R
ES0000000000001872CCPF;11/10/2022;15;1,009;R
ES0000000000001872CCPF;11/10/2022;16;0,159;R
ES0000000000001872CCPF;11/10/2022;17;0,093;R
ES0000000000001872CCPF;11/10/2022;18;0,078;R
ES0000000000001872CCPF;11/10/2022;19;0,054;R
ES0000000000001872CCPF;11/10/2022;20;0,072;R
ES0000000000001872CCPF;11/10/2022;21;0,147;R
ES0000000000001872CCPF;11/10/2022;22;0,166;R
ES0000000000001872CCPF;11/10/2022;23;0,092;R
ES0000000000001872CCPF;12/10/2022;0;0,075;R
ES0000000000001872CCPF;12/10/2022;1;0,074;R
ES0000000000001872CCPF;12/10/2022;2;0,042;R
ES0000000000001872CCPF;12/10/2022;3;0,054;R
ES0000000000001872CCPF;12/10/2022;4;0,053;R
ES0000000000001872CCPF;12/10/2022;5;0,039;R
ES0000000000001872CCPF;12/10/2022;6;0,061;R
ES0000000000001872CCPF;12/10/2022;7;0,046;R
ES0000000000001872CCPF;12/10/2022;8;0,161;R
ES0000000000001872CCPF;12/10/2022;9;0,13;R
ES0000000000001872CCPF;12/10/2022;10;0,101;R
ES0000000000001872CCPF;12/10/2022;11;0,725;R
ES0000000000001872CCPF;12/10/2022;12;0,094;R
ES0000000000001872CCPF;12/10/2022;13;0,8;R
ES0000000000001872CCPF;12/10/2022;14;0,544;R
ES0000000000001872CCPF;12/10/2022;15;0,115;R
ES0000000000001872CCPF;12/10/2022;16;0,077;R
ES0000000000001872CCPF;12/10/2022;17;0,065;R
ES0000000000001872CCPF;12/10/2022;18;0,08;R
ES0000000000001872CCPF;12/10/2022;19;0,125;R
ES0000000000001872CCPF;12/10/2022;20;0,127;R
ES0000000000001872CCPF;12/10/2022;21;0,082;R
ES0000000000001872CCPF;12/10/2022;22;0,322;R
ES0000000000001872CCPF;12/10/2022;23;0,114;R
ES0000000000001872CCPF;13/10/2022;0;0,122;R
ES0000000000001872CCPF;13/10/2022;1;0,046;R
ES0000000000001872CCPF;13/10/2022;2;0,066;R
ES0000000000001872CCPF;13/10/2022;3;0,044;R
ES0000000000001872CCPF;13/10/2022;4;0,056;R
ES0000000000001872CCPF;13/10/2022;5;0,055;R
ES0000000000001872CCPF;13/10/2022;6;0,044;R
ES0000000000001872CCPF;13/10/2022;7;0,163;R
ES0000000000001872CCPF;13/10/2022;8;0,151;R
ES0000000000001872CCPF;13/10/2022;9;0,099;R
ES0000000000001872CCPF;13/10/2022;10;0,106;R
ES0000000000001872CCPF;13/10/2022;11;0,074;R
ES0000000000001872CCPF;13/10/2022;12;0,086;R
ES0000000000001872CCPF;13/10/2022;13;0,122;R
ES0000000000001872CCPF;13/10/2022;14;0,141;R
ES0000000000001872CCPF;13/10/2022;15;0,102;R
ES0000000000001872CCPF;13/10/2022;16;0,065;R
ES0000000000001872CCPF;13/10/2022;17;0,036;R
ES0000000000001872CCPF;13/10/2022;18;0,06;R
ES0000000000001872CCPF;13/10/2022;19;0,125;R
ES0000000000001872CCPF;13/10/2022;20;0,084;R
ES0000000000001872CCPF;13/10/2022;21;0,041;R
ES0000000000001872CCPF;13/10/2022;22;0,119;R
ES0000000000001872CCPF;13/10/2022;23;0,112;R
ES0000000000001872CCPF;14/10/2022;0;0,073;R
ES0000000000001872CCPF;14/10/2022;1;0,052;R
ES0000000000001872CCPF;14/10/2022;2;0,058;R
ES0000000000001872CCPF;14/10/2022;3;0,047;R
ES0000000000001872CCPF;14/10/2022;4;0,06;R
ES0000000000001872CCPF;14/10/2022;5;0,044;R
ES0000000000001872CCPF;14/10/2022;6;0,115;R
ES0000000000001872CCPF;14/10/2022;7;0,092;R
ES0000000000001872CCPF;14/10/2022;8;0,077;R
ES0000000000001872CCPF;14/10/2022;9;0,091;R
ES0000000000001872CCPF;14/10/2022;10;0,088;R
ES0000000000001872CCPF;14/10/2022;11;0,128;R
ES0000000000001872CCPF;14/10/2022;12;0,122;R
ES0000000000001872CCPF;14/10/2022;13;0,125;R
ES0000000000001872CCPF;14/10/2022;14;0,093;R
ES0000000000001872CCPF;14/10/2022;15;0,23;R
ES0000000000001872CCPF;14/10/2022;16;0,098;R
ES0000000000001872CCPF;14/10/2022;17;0,095;R
ES0000000000001872CCPF;14/10/2022;18;0,17;R
ES0000000000001872CCPF;14/10/2022;19;0,102;R
ES0000000000001872CCPF;14/10/2022;20;0,052;R
ES0000000000001872CCPF;14/10/2022;21;0,062;R
ES0000000000001872CCPF;14/10/2022;22;0,21;R
ES0000000000001872CCPF;14/10/2022;23;0,103;R
ES0000000000001872CCPF;15/10/2022;0;0,1;R
ES0000000000001872CCPF;15/10/2022;1;0,111;R
ES0000000000001872CCPF;15/10/2022;2;0,075;R
ES0000000000001872CCPF;15/10/2022;3;0,042;R
ES0000000000001872CCPF;15/10/2022;4;0,059;R
ES0000000000001872CCPF;15/10/2022;5;0,13;R
ES0000000000001872CCPF;15/10/2022;6;0,08;R
ES0000000000001872CCPF;15/10/2022;7;0,052;R
ES0000000000001872CCPF;15/10/2022;8;0,052;R
ES0000000000001872CCPF;15/10/2022;9;0,083;R
ES0000000000001872CCPF;15/10/2022;10;0,106;R
ES0000000000001872CCPF;15/10/2022;11;0,201;R
ES0000000000001872CCPF;15/10/2022;12;0,074;R
ES0000000000001872CCPF;15/10/2022;13;0,06;R
ES0000000000001872CCPF;15/10/2022;14;0,06;R
ES0000000000001872CCPF;15/10/2022;15;0,051;R
ES0000000000001872CCPF;15/10/2022;16;0,121;R
ES0000000000001872CCPF;15/10/2022;17;0,093;R
ES0000000000001872CCPF;15/10/2022;18;0,065;R
ES0000000000001872CCPF;15/10/2022;19;0,061;R
ES0000000000001872CCPF;15/10/2022;20;0,051;R
ES0000000000001872CCPF;15/10/2022;21;0,069;R
ES0000000000001872CCPF;15/10/2022;22;0,143;R
ES0000000000001872CCPF;15/10/2022;23;0,123;R
ES0000000000001872CCPF;16/10/2022;0;0,101;R
ES0000000000001872CCPF;16/10/2022;1;0,055;R
ES0000000000001872CCPF;16/10/2022;2;0,045;R
ES0000000000001872CCPF;16/10/2022;3;0,129;R
ES0000000000001872CCPF;16/10/2022;4;0,095;R
ES0000000000001872CCPF;16/10/2022;5;0,06;R
ES0000000000001872CCPF;16/10/2022;6;0,048;R
ES0000000000001872CCPF;16/10/2022;7;0,07;R
ES0000000000001872CCPF;16/10/2022;8;0,046;R
ES0000000000001872CCPF;16/10/2022;9;0,076;R
ES0000000000001872CCPF;16/10/2022;10;0,089;R
ES0000000000001872CCPF;16/10/2022;11;0,104;R
ES0000000000001872CCPF;16/10/2022;12;0,104;R
ES0000000000001872CCPF;16/10/2022;13;0,474;R
ES0000000000001872CCPF;16/10/2022;14;0,112;R
ES0000000000001872CCPF;16/10/2022;15;0,152;R
ES0000000000001872CCPF;16/10/2022;16;0,274;R
ES0000000000001872CCPF;16/10/2022;17;0,08;R
ES0000000000001872CCPF;16/10/2022;18;0,083;R
ES0000000000001872CCPF;16/10/2022;19;0,07;R
ES0000000000001872CCPF;16/10/2022;20;0,068;R
ES0000000000001872CCPF;16/10/2022;21;0,098;R
ES0000000000001872CCPF;16/10/2022;22;0,116;R
ES0000000000001872CCPF;16/10/2022;23;0,107;R
ES0000000000001872CCPF;17/10/2022;0;0,058;R
ES0000000000001872CCPF;17/10/2022;1;0,063;R
ES0000000000001872CCPF;17/10/2022;2;0,117;R
ES0000000000001872CCPF;17/10/2022;3;0,092;R
ES0000000000001872CCPF;17/10/2022;4;0,065;R
ES0000000000001872CCPF;17/10/2022;5;0,046;R
ES0000000000001872CCPF;17/10/2022;6;0,09;R
ES0000000000001872CCPF;17/10/2022;7;0,043;R
ES0000000000001872CCPF;17/10/2022;8;0,065;R
ES0000000000001872CCPF;17/10/2022;9;0,072;R
ES0000000000001872CCPF;17/10/2022;10;0,065;R
ES0000000000001872CCPF;17/10/2022;11;0,047;R
ES0000000000001872CCPF;17/10/2022;12;0,055;R
ES0000000000001872CCPF;17/10/2022;13;0,049;R
ES0000000000001872CCPF;17/10/2022;14;0,129;R
ES0000000000001872CCPF;17/10/2022;15;0,094;R
ES0000000000001872CCPF;17/10/2022;16;0,053;R
ES0000000000001872CCPF;17/10/2022;17;0,397;R
ES0000000000001872CCPF;17/10/2022;18;0,448;R
ES0000000000001872CCPF;17/10/2022;19;0,06;R
ES0000000000001872CCPF;17/10/2022;20;0,066;R
ES0000000000001872CCPF;17/10/2022;21;0,105;R
ES0000000000001872CCPF;17/10/2022;22;0,2;R
ES0000000000001872CCPF;17/10/2022;23;0,089;R
ES0000000000001872CCPF;18/10/2022;0;0,056;R
ES0000000000001872CCPF;18/10/2022;1;0,134;R
ES0000000000001872CCPF;18/10/2022;2;0,094;R
ES0000000000001872CCPF;18/10/2022;3;0,052;R
ES0000000000001872CCPF;18/10/2022;4;0,059;R
ES0000000000001872CCPF;18/10/2022;5;0,045;R
ES0000000000001872CCPF;18/10/2022;6;0,074;R
ES0000000000001872CCPF;18/10/2022;7;0,101;R
ES0000000000001872CCPF;18/10/2022;8;0,07;R
ES0000000000001872CCPF;18/10/2022;9;0,079;R
ES0000000000001872CCPF;18/10/2022;10;0,048;R
ES0000000000001872CCPF;18/10/2022;11;0,061;R
ES0000000000001872CCPF;18/10/2022;12;0,107;R
ES0000000000001872CCPF;18/10/2022;13;0,09;R
ES0000000000001872CCPF;18/10/2022;14;0,064;R
ES0000000000001872CCPF;18/10/2022;15;0,082;R
ES0000000000001872CCPF;18/10/2022;16;0,056;R
ES0000000000001872CCPF;18/10/2022;17;0,088;R
ES0000000000001872CCPF;18/10/2022;18;0,097;R
ES0000000000001872CCPF;18/10/2022;19;0,059;R
ES0000000000001872CCPF;18/10/2022;20;0,089;R
ES0000000000001872CCPF;18/10/2022;21;0,113;R
ES0000000000001872CCPF;18/10/2022;22;0,12;R
ES0000000000001872CCPF;18/10/2022;23;0,083;R
ES0000000000001872CCPF;19/10/2022;0;0,129;R
ES0000000000001872CCPF;19/10/2022;1;0,094;R
ES0000000000001872CCPF;19/10/2022;2;0,053;R
ES0000000000001872CCPF;19/10/2022;3;0,047;R
ES0000000000001872CCPF;19/10/2022;4;0,066;R
ES0000000000001872CCPF;19/10/2022;5;0,045;R
ES0000000000001872CCPF;19/10/2022;6;0,074;R
ES0000000000001872CCPF;19/10/2022;7;0,046;R
ES0000000000001872CCPF;19/10/2022;8;0,062;R
ES0000000000001872CCPF;19/10/2022;9;0,042;R
ES0000000000001872CCPF;19/10/2022;10;0,057;R
ES0000000000001872CCPF;19/10/2022;11;0,191;R
ES0000000000001872CCPF;19/10/2022;12;0,233;R
ES0000000000001872CCPF;19/10/2022;13;0,086;R
ES0000000000001872CCPF;19/10/2022;14;0,063;R
ES0000000000001872CCPF;19/10/2022;15;0,12;R
ES0000000000001872CCPF;19/10/2022;16;0,081;R
ES0000000000001872CCPF;19/10/2022;17;0,122;R
ES0000000000001872CCPF;19/10/2022;18;0,134;R
ES0000000000001872CCPF;19/10/2022;19;0,095;R
ES0000000000001872CCPF;19/10/2022;20;0,076;R
ES0000000000001872CCPF;19/10/2022;21;0,16;R
ES0000000000001872CCPF;19/10/2022;22;0,276;R
ES0000000000001872CCPF;19/10/2022;23;0,167;R
ES0000000000001872CCPF;20/10/2022;0;0,079;R
ES0000000000001872CCPF;20/10/2022;1;0,065;R
ES0000000000001872CCPF;20/10/2022;2;0,047;R
ES0000000000001872CCPF;20/10/2022;3;0,053;R
ES0000000000001872CCPF;20/10/2022;4;0,06;R
ES0000000000001872CCPF;20/10/2022;5;0,049;R
ES0000000000001872CCPF;20/10/2022;6;0,076;R
ES0000000000001872CCPF;20/10/2022;7;0,054;R
ES0000000000001872CCPF;20/10/2022;8;0,042;R
ES0000000000001872CCPF;20/10/2022;9;0,096;R
ES0000000000001872CCPF;20/10/2022;10;0,092;R
ES0000000000001872CCPF;20/10/2022;11;0,124;R
ES0000000000001872CCPF;20/10/2022;12;0,073;R
ES0000000000001872CCPF;20/10/2022;13;0,048;R
ES0000000000001872CCPF;20/10/2022;14;0,332;R
ES0000000000001872CCPF;20/10/2022;15;0,222;R
ES0000000000001872CCPF;20/10/2022;16;0,062;R
ES0000000000001872CCPF;20/10/2022;17;0,045;R
ES0000000000001872CCPF;20/10/2022;18;0,059;R
ES0000000000001872CCPF;20/10/2022;19;0,04;R
ES0000000000001872CCPF;20/10/2022;20;0,064;R
ES0000000000001872CCPF;20/10/2022;21;0,148;R
ES0000000000001872CCPF;20/10/2022;22;0,136;R
ES0000000000001872CCPF;20/10/2022;23;0,108;R
ES0000000000001872CCPF;21/10/2022;0;0,076;R
ES0000000000001872CCPF;21/10/2022;1;0,045;R
ES0000000000001872CCPF;21/10/2022;2;0,058;R
ES0000000000001872CCPF;21/10/2022;3;0,04;R
ES0000000000001872CCPF;21/10/2022;4;0,046;R
ES0000000000001872CCPF;21/10/2022;5;0,056;R
ES0000000000001872CCPF;21/10/2022;6;0,039;R
ES0000000000001872CCPF;21/10/2022;7;0,058;R
ES0000000000001872CCPF;21/10/2022;8;0,122;R
ES0000000000001872CCPF;21/10/2022;9;0,097;R
ES0000000000001872CCPF;21/10/2022;10;0,149;R
ES0000000000001872CCPF;21/10/2022;11;0,132;R
ES0000000000001872CCPF;21/10/2022;12;0,132;R
ES0000000000001872CCPF;21/10/2022;13;0,741;R
ES0000000000001872CCPF;21/10/2022;14;0,093;R
ES0000000000001872CCPF;21/10/2022;15;0,126;R
ES0000000000001872CCPF;21/10/2022;16;0,087;R
ES0000000000001872CCPF;21/10/2022;17;0,088;R
ES0000000000001872CCPF;21/10/2022;18;0,085;R
ES0000000000001872CCPF;21/10/2022;19;0,097;R
ES0000000000001872CCPF;21/10/2022;20;0,172;R
ES0000000000001872CCPF;21/10/2022;21;0,107;R
ES0000000000001872CCPF;21/10/2022;22;0,129;R
ES0000000000001872CCPF;21/10/2022;23;0,158;R
ES0000000000001872CCPF;22/10/2022;0;0,132;R
ES0000000000001872CCPF;22/10/2022;1;0,082;R
ES0000000000001872CCPF;22/10/2022;2;0,047;R
ES0000000000001872CCPF;22/10/2022;3;0,05;R
ES0000000000001872CCPF;22/10/2022;4;0,054;R
ES0000000000001872CCPF;22/10/2022;5;0,037;R
ES0000000000001872CCPF;22/10/2022;6;0,054;R
ES0000000000001872CCPF;22/10/2022;7;0,047;R
ES0000000000001872CCPF;22/10/2022;8;0,07;R
ES0000000000001872CCPF;22/10/2022;9;0,094;R
ES0000000000001872CCPF;22/10/2022;10;0,054;R
ES0000000000001872CCPF;22/10/2022;11;0,147;R
ES0000000000001872CCPF;22/10/2022;12;0,098;R
ES0000000000001872CCPF;22/10/2022;13;0,06;R
ES0000000000001872CCPF;22/10/2022;14;0,046;R
ES0000000000001872CCPF;22/10/2022;15;0,052;R
ES0000000000001872CCPF;22/10/2022;16;0,044;R
ES0000000000001872CCPF;22/10/2022;17;0,047;R
ES0000000000001872CCPF;22/10/2022;18;0,058;R
ES0000000000001872CCPF;22/10/2022;19;0,046;R
ES0000000000001872CCPF;22/10/2022;20;0,042;R
ES0000000000001872CCPF;22/10/2022;21;0,059;R
ES0000000000001872CCPF;22/10/2022;22;0,038;R
ES0000000000001872CCPF;22/10/2022;23;0,048;R
ES0000000000001872CCPF;23/10/2022;0;0,051;R
ES0000000000001872CCPF;23/10/2022;1;0,037;R
ES0000000000001872CCPF;23/10/2022;2;0,05;R
ES0000000000001872CCPF;23/10/2022;3;0,047;R
ES0000000000001872CCPF;23/10/2022;4;0,041;R
ES0000000000001872CCPF;23/10/2022;5;0,054;R
ES0000000000001872CCPF;23/10/2022;6;0,038;R
ES0000000000001872CCPF;23/10/2022;7;0,051;R
ES0000000000001872CCPF;23/10/2022;8;0,044;R
ES0000000000001872CCPF;23/10/2022;9;0,038;R
ES0000000000001872CCPF;23/10/2022;10;0,055;R
ES0000000000001872CCPF;23/10/2022;11;0,036;R
ES0000000000001872CCPF;23/10/2022;12;0,05;R
ES0000000000001872CCPF;23/10/2022;13;0,043;R
ES0000000000001872CCPF;23/10/2022;14;0,167;R
ES0000000000001872CCPF;23/10/2022;15;0,315;R
ES0000000000001872CCPF;23/10/2022;16;0,293;R
ES0000000000001872CCPF;23/10/2022;17;0,148;R
ES0000000000001872CCPF;23/10/2022;18;0,073;R
ES0000000000001872CCPF;23/10/2022;19;0,055;R
ES0000000000001872CCPF;23/10/2022;20;0,102;R
ES0000000000001872CCPF;23/10/2022;21;0,181;R
ES0000000000001872CCPF;23/10/2022;22;0,076;R
ES0000000000001872CCPF;23/10/2022;23;0,079;R
ES0000000000001872CCPF;24/10/2022;0;0,061;R
ES0000000000001872CCPF;24/10/2022;1;0,072;R
ES0000000000001872CCPF;24/10/2022;2;0,129;R
ES0000000000001872CCPF;24/10/2022;3;0,056;R
ES0000000000001872CCPF;24/10/2022;4;0,059;R
ES0000000000001872CCPF;24/10/2022;5;0,043;R
ES0000000000001872CCPF;24/10/2022;6;0,05;R
ES0000000000001872CCPF;24/10/2022;7;0,055;R
ES0000000000001872CCPF;24/10/2022;8;0,037;R
ES0000000000001872CCPF;24/10/2022;9;0,054;R
ES0000000000001872CCPF;24/10/2022;10;0,084;R
ES0000000000001872CCPF;24/10/2022;11;0,033;R
ES0000000000001872CCPF;24/10/2022;12;0,075;R
ES0000000000001872CCPF;24/10/2022;13;0,05;R
ES0000000000001872CCPF;24/10/2022;14;0,128;R
ES0000000000001872CCPF;24/10/2022;15;0,128;R
ES0000000000001872CCPF;24/10/2022;16;0,172;R
ES0000000000001872CCPF;24/10/2022;17;0,111;R
ES0000000000001872CCPF;24/10/2022;18;0,05;R
ES0000000000001872CCPF;24/10/2022;19;0,054;R
ES0000000000001872CCPF;24/10/2022;20;0,059;R
ES0000000000001872CCPF;24/10/2022;21;0,154;R
ES0000000000001872CCPF;24/10/2022;22;0,105;R
ES0000000000001872CCPF;24/10/2022;23;0,073;R
ES0000000000001872CCPF;25/10/2022;0;0,059;R
ES0000000000001872CCPF;25/10/2022;1;0,052;R
ES0000000000001872CCPF;25/10/2022;2;0,035;R
ES0000000000001872CCPF;25/10/2022;3;0,041;R
ES0000000000001872CCPF;25/10/2022;4;0,051;R
ES0000000000001872CCPF;25/10/2022;5;0,083;R
ES0000000000001872CCPF;25/10/2022;6;0,119;R
ES0000000000001872CCPF;25/10/2022;7;0,051;R
ES0000000000001872CCPF;25/10/2022;8;0,077;R
ES0000000000001872CCPF;25/10/2022;9;0,056;R
ES0000000000001872CCPF;25/10/2022;10;0,043;R
ES0000000000001872CCPF;25/10/2022;11;0,049;R
ES0000000000001872CCPF;25/10/2022;12;0,045;R
ES0000000000001872CCPF;25/10/2022;13;0,036;R
ES0000000000001872CCPF;25/10/2022;14;0,045;R
ES0000000000001872CCPF;25/10/2022;15;0,575;R
ES0000000000001872CCPF;25/10/2022;16;0,189;R
ES0000000000001872CCPF;25/10/2022;17;0,071;R
ES0000000000001872CCPF;25/10/2022;18;0,074;R
ES0000000000001872CCPF;25/10/2022;19;0,126;R
ES0000000000001872CCPF;25/10/2022;20;0,081;R
ES0000000000001872CCPF;25/10/2022;21;0,057;R
ES0000000000001872CCPF;25/10/2022;22;0,454;R
ES0000000000001872CCPF;25/10/2022;23;0,499;R
ES0000000000001872CCPF;26/10/2022;0;0,055;R
ES0000000000001872CCPF;26/10/2022;1;0,04;R
ES0000000000001872CCPF;26/10/2022;2;0,048;R
ES0000000000001872CCPF;26/10/2022;3;0,051;R
ES0000000000001872CCPF;26/10/2022;4;0,038;R
ES0000000000001872CCPF;26/10/2022;5;0,054;R
ES0000000000001872CCPF;26/10/2022;6;0,083;R
ES0000000000001872CCPF;26/10/2022;7;0,076;R
ES0000000000001872CCPF;26/10/2022;8;0,158;R
ES0000000000001872CCPF;26/10/2022;9;0,119;R
ES0000000000001872CCPF;26/10/2022;10;0,047;R
ES0000000000001872CCPF;26/10/2022;11;0,05;R
ES0000000000001872CCPF;26/10/2022;12;0,036;R
ES0000000000001872CCPF;26/10/2022;13;0,055;R
ES0000000000001872CCPF;26/10/2022;14;0,035;R
ES0000000000001872CCPF;26/10/2022;15;0,254;R
ES0000000000001872CCPF;26/10/2022;16;0,189;R
ES0000000000001872CCPF;26/10/2022;17;0,068;R
ES0000000000001872CCPF;26/10/2022;18;0,054;R
ES0000000000001872CCPF;26/10/2022;19;0,051;R
ES0000000000001872CCPF;26/10/2022;20;0,057;R
ES0000000000001872CCPF;26/10/2022;21;0,305;R
ES0000000000001872CCPF;26/10/2022;22;0,187;R
ES0000000000001872CCPF;26/10/2022;23;0,155;R
ES0000000000001872CCPF;27/10/2022;0;0,065;R
ES0000000000001872CCPF;27/10/2022;1;0,044;R
ES0000000000001872CCPF;27/10/2022;2;0,045;R
ES0000000000001872CCPF;27/10/2022;3;0,047;R
ES0000000000001872CCPF;27/10/2022;4;0,053;R
ES0000000000001872CCPF;27/10/2022;5;0,037;R
ES0000000000001872CCPF;27/10/2022;6;0,073;R
ES0000000000001872CCPF;27/10/2022;7;0,054;R
ES0000000000001872CCPF;27/10/2022;8;0,036;R
ES0000000000001872CCPF;27/10/2022;9;0,061;R
ES0000000000001872CCPF;27/10/2022;10;0,071;R
ES0000000000001872CCPF;27/10/2022;11;0,112;R
ES0000000000001872CCPF;27/10/2022;12;0,081;R
ES0000000000001872CCPF;27/10/2022;13;0,054;R
ES0000000000001872CCPF;27/10/2022;14;0,169;R
ES0000000000001872CCPF;27/10/2022;15;0,069;R
ES0000000000001872CCPF;27/10/2022;16;0,059;R
ES0000000000001872CCPF;27/10/2022;17;0,041;R
ES0000000000001872CCPF;27/10/2022;18;0,047;R
ES0000000000001872CCPF;27/10/2022;19;0,046;R
ES0000000000001872CCPF;27/10/2022;20;0,072;R
ES0000000000001872CCPF;27/10/2022;21;0,12;R
ES0000000000001872CCPF;27/10/2022;22;0,104;R
ES0000000000001872CCPF;27/10/2022;23;0,144;R
ES0000000000001872CCPF;28/10/2022;0;0,1;R
ES0000000000001872CCPF;28/10/2022;1;0,056;R
ES0000000000001872CCPF;28/10/2022;2;0,039;R
ES0000000000001872CCPF;28/10/2022;3;0,06;R
ES0000000000001872CCPF;28/10/2022;4;0,042;R
ES0000000000001872CCPF;28/10/2022;5;0,039;R
ES0000000000001872CCPF;28/10/2022;6;0,059;R
ES0000000000001872CCPF;28/10/2022;7;0,039;R
ES0000000000001872CCPF;28/10/2022;8;0,088;R
ES0000000000001872CCPF;28/10/2022;9;0,157;R
ES0000000000001872CCPF;28/10/2022;10;0,103;R
ES0000000000001872CCPF;28/10/2022;11;0,096;R
ES0000000000001872CCPF;28/10/2022;12;0,175;R
ES0000000000001872CCPF;28/10/2022;13;0,129;R
ES0000000000001872CCPF;28/10/2022;14;0,078;R
ES0000000000001872CCPF;28/10/2022;15;0,172;R
ES0000000000001872CCPF;28/10/2022;16;0,179;R
ES0000000000001872CCPF;28/10/2022;17;0,095;R
ES0000000000001872CCPF;28/10/2022;18;0,054;R
ES0000000000001872CCPF;28/10/2022;19;0,051;R
ES0000000000001872CCPF;28/10/2022;20;0,054;R
ES0000000000001872CCPF;28/10/2022;21;0,103;R
ES0000000000001872CCPF;28/10/2022;22;0,137;R
ES0000000000001872CCPF;28/10/2022;23;0,24;R
ES0000000000001872CCPF;29/10/2022;0;0,192;R
ES0000000000001872CCPF;29/10/2022;1;0,093;R
ES0000000000001872CCPF;29/10/2022;2;0,047;R
ES0000000000001872CCPF;29/10/2022;3;0,061;R
ES0000000000001872CCPF;29/10/2022;4;0,05;R
ES0000000000001872CCPF;29/10/2022;5;0,044;R
ES0000000000001872CCPF;29/10/2022;6;0,042;R
ES0000000000001872CCPF;29/10/2022;7;0,056;R
ES0000000000001872CCPF;29/10/2022;8;0,054;R
ES0000000000001872CCPF;29/10/2022;9;0,049;R
ES0000000000001872CCPF;29/10/2022;10;0,041;R
ES0000000000001872CCPF;29/10/2022;11;0,079;R
ES0000000000001872CCPF;29/10/2022;12;0,176;R
ES0000000000001872CCPF;29/10/2022;13;0,203;R
ES0000000000001872CCPF;29/10/2022;14;0,076;R
ES0000000000001872CCPF;29/10/2022;15;0,058;R
ES0000000000001872CCPF;29/10/2022;16;0,056;R
ES0000000000001872CCPF;29/10/2022;17;0,045;R
ES0000000000001872CCPF;29/10/2022;18;0,048;R
ES0000000000001872CCPF;29/10/2022;19;0,059;R
ES0000000000001872CCPF;29/10/2022;20;0,042;R
ES0000000000001872CCPF;29/10/2022;21;0,055;R
ES0000000000001872CCPF;29/10/2022;22;0,069;R
ES0000000000001872CCPF;29/10/2022;23;0,176;R
ES0000000000001872CCPF;30/10/2022;0;0,292;R
ES0000000000001872CCPF;30/10/2022;1;0,131;R
ES0000000000001872CCPF;30/10/2022;2;0,131;R
ES0000000000001872CCPF;30/10/2022;2;0,104;R
ES0000000000001872CCPF;30/10/2022;3;0,038;R
ES0000000000001872CCPF;30/10/2022;4;0,049;R
ES0000000000001872CCPF;30/10/2022;5;0,053;R
ES0000000000001872CCPF;30/10/2022;6;0,039;R
ES0000000000001872CCPF;30/10/2022;7;0,044;R
ES0000000000001872CCPF;30/10/2022;8;0,055;R
ES0000000000001872CCPF;30/10/2022;9;0,04;R
ES0000000000001872CCPF;30/10/2022;10;0,039;R
ES0000000000001872CCPF;30/10/2022;11;0,332;R
ES0000000000001872CCPF;30/10/2022;12;0,183;R
ES0000000000001872CCPF;30/10/2022;13;0,074;R
ES0000000000001872CCPF;30/10/2022;14;0,048;R
ES0000000000001872CCPF;30/10/2022;15;0,037;R
ES0000000000001872CCPF;30/10/2022;16;0,032;R
ES0000000000001872CCPF;30/10/2022;17;0,051;R
ES0000000000001872CCPF;30/10/2022;18;0,036;R
ES0000000000001872CCPF;30/10/2022;19;0,033;R
ES0000000000001872CCPF;30/10/2022;20;0,045;R
ES0000000000001872CCPF;30/10/2022;21;0,042;R
ES0000000000001872CCPF;30/10/2022;22;0,123;R
ES0000000000001872CCPF;30/10/2022;23;0,121;R
ES0000000000001872CCPF;31/10/2022;0;0,176;R
ES0000000000001872CCPF;31/10/2022;1;0,104;R
ES0000000000001872CCPF;31/10/2022;2;0,048;R
ES0000000000001872CCPF;31/10/2022;3;0,051;R
ES0000000000001872CCPF;31/10/2022;4;0,038;R
ES0000000000001872CCPF;31/10/2022;5;0,046;R
ES0000000000001872CCPF;31/10/2022;6;0,055;R
ES0000000000001872CCPF;31/10/2022;7;0,039;R
ES0000000000001872CCPF;31/10/2022;8;0,041;R
ES0000000000001872CCPF;31/10/2022;9;0,047;R
ES0000000000001872CCPF;31/10/2022;10;0,102;R
ES0000000000001872CCPF;31/10/2022;11;0,091;R
ES0000000000001872CCPF;31/10/2022;12;0,102;R
ES0000000000001872CCPF;31/10/2022;13;0,166;R
ES0000000000001872CCPF;31/10/2022;14;0,148;R
ES0000000000001872CCPF;31/10/2022;15;0,882;R
ES0000000000001872CCPF;31/10/2022;16;0,16;R
ES0000000000001872CCPF;31/10/2022;17;0,071;R
ES0000000000001872CCPF;31/10/2022;18;0,042;R
ES0000000000001872CCPF;31/10/2022;19;0,053;R
ES0000000000001872CCPF;31/10/2022;20;0,056;R
ES0000000000001872CCPF;31/10/2022;21;0,094;R
ES0000000000001872CCPF;31/10/2022;22;0,107;R
ES0000000000001872CCPF;31/10/2022;23;0,089;R
ES0000000000001872CCPF;01/11/2022;0;0,054;R
ES0000000000001872CCPF;01/11/2022;1;0,058;R
ES0000000000001872CCPF;01/11/2022;2;0,131;R
ES0000000000001872CCPF;01/11/2022;3;0,073;R
ES0000000000001872CCPF;01/11/2022;4;0,04;R
ES0000000000001872CCPF;01/11/2022;5;0,049;R
ES0000000000001872CCPF;01/11/2022;6;0,053;R
ES0000000000001872CCPF;01/11/2022;7;0,037;R
ES0000000000001872CCPF;01/11/2022;8;0,044;R
ES0000000000001872CCPF;01/11/2022;9;0,083;R
ES0000000000001872CCPF;01/11/2022;10;0,062;R
ES0000000000001872CCPF;01/11/2022;11;0,076;R
ES0000000000001872CCPF;01/11/2022;12;0,052;R
ES0000000000001872CCPF;01/11/2022;13;0,051;R
ES0000000000001872CCPF;01/11/2022;14;0,043;R
ES0000000000001872CCPF;01/11/2022;15;0,177;R
ES0000000000001872CCPF;01/11/2022;16;0,125;R
ES0000000000001872CCPF;01/11/2022;17;0,094;R
ES0000000000001872CCPF;01/11/2022;18;0,063;R
ES0000000000001872CCPF;01/11/2022;19;0,137;R
ES0000000000001872CCPF;01/11/2022;20;0,101;R
ES0000000000001872CCPF;01/11/2022;21;0,085;R
ES0000000000001872CCPF;01/11/2022;22;0,078;R
ES0000000000001872CCPF;01/11/2022;23;0,115;R
ES0000000000001872CCPF;02/11/2022;0;0,078;R
ES0000000000001872CCPF;02/11/2022;1;0,056;R
ES0000000000001872CCPF;02/11/2022;2;0,036;R
ES0000000000001872CCPF;02/11/2022;3;0,122;R
ES0000000000001872CCPF;02/11/2022;4;0,089;R
ES0000000000001872CCPF;02/11/2022;5;0,053;R
ES0000000000001872CCPF;02/11/2022;6;0,038;R
ES0000000000001872CCPF;02/11/2022;7;0,069;R
ES0000000000001872CCPF;02/11/2022;8;0,125;R
ES0000000000001872CCPF;02/11/2022;9;0,075;R
ES0000000000001872CCPF;02/11/2022;10;0,147;R
ES0000000000001872CCPF;02/11/2022;11;0,07;R
ES0000000000001872CCPF;02/11/2022;12;0,163;R
ES0000000000001872CCPF;02/11/2022;13;0,151;R
ES0000000000001872CCPF;02/11/2022;14;0,111;R
ES0000000000001872CCPF;02/11/2022;15;0,209;R
ES0000000000001872CCPF;02/11/2022;16;0,209;R
ES0000000000001872CCPF;02/11/2022;17;0,119;R
ES0000000000001872CCPF;02/11/2022;18;0,079;R
ES0000000000001872CCPF;02/11/2022;19;0,072;R
ES0000000000001872CCPF;02/11/2022;20;0,098;R
ES0000000000001872CCPF;02/11/2022;21;0,06;R
ES0000000000001872CCPF;02/11/2022;22;0,274;R
ES0000000000001872CCPF;02/11/2022;23;0,111;R
ES0000000000001872CCPF;03/11/2022;0;0,065;R
ES0000000000001872CCPF;03/11/2022;1;0,052;R
ES0000000000001872CCPF;03/11/2022;2;0,043;R
ES0000000000001872CCPF;03/11/2022;3;0,053;R
ES0000000000001872CCPF;03/11/2022;4;0,039;R
ES0000000000001872CCPF;03/11/2022;5;0,126;R
ES0000000000001872CCPF;03/11/2022;6;0,085;R
ES0000000000001872CCPF;03/11/2022;7;0,047;R
ES0000000000001872CCPF;03/11/2022;8;0,105;R
ES0000000000001872CCPF;03/11/2022;9;0,258;R
ES0000000000001872CCPF;03/11/2022;10;0,612;R
ES0000000000001872CCPF;03/11/2022;11;0,089;R
ES0000000000001872CCPF;03/11/2022;12;0,123;R
ES0000000000001872CCPF;03/11/2022;13;0,082;R
ES0000000000001872CCPF;03/11/2022;14;0,06;R
ES0000000000001872CCPF;03/11/2022;15;0,559;R
ES0000000000001872CCPF;03/11/2022;16;0,487;R
ES0000000000001872CCPF;03/11/2022;17;0,111;R
ES0000000000001872CCPF;03/11/2022;18;0,131;R
ES0000000000001872CCPF;03/11/2022;19;0,075;R
ES0000000000001872CCPF;03/11/2022;20;0,075;R
ES0000000000001872CCPF;03/11/2022;21;0,08;R
ES0000000000001872CCPF;03/11/2022;22;0,149;R
ES0000000000001872CCPF;03/11/2022;23;0,102;R
ES0000000000001872CCPF;04/11/2022;0;0,088;R
ES0000000000001872CCPF;04/11/2022;1;0,09;R
ES0000000000001872CCPF;04/11/2022;2;0,035;R
ES0000000000001872CCPF;04/11/2022;3;0,052;R
ES0000000000001872CCPF;04/11/2022;4;0,041;R
ES0000000000001872CCPF;04/11/2022;5;0,044;R
ES0000000000001872CCPF;04/11/2022;6;0,056;R
ES0000000000001872CCPF;04/11/2022;7;0,124;R
ES0000000000001872CCPF;04/11/2022;8;0,08;R
ES0000000000001872CCPF;04/11/2022;9;0,092;R
ES0000000000001872CCPF;04/11/2022;10;0,128;R
ES0000000000001872CCPF;04/11/2022;11;0,073;R
ES0000000000001872CCPF;04/11/2022;12;0,103;R
ES0000000000001872CCPF;04/11/2022;13;0,115;R
ES0000000000001872CCPF;04/11/2022;14;0,058;R
ES0000000000001872CCPF;04/11/2022;15;0,259;R
ES0000000000001872CCPF;04/11/2022;16;0,079;R
ES0000000000001872CCPF;04/11/2022;17;0,052;R
ES0000000000001872CCPF;04/11/2022;18;0,448;R
ES0000000000001872CCPF;04/11/2022;19;0,587;R
ES0000000000001872CCPF;04/11/2022;20;0,129;R
ES0000000000001872CCPF;04/11/2022;21;0,166;R
ES0000000000001872CCPF;04/11/2022;22;0,077;R
ES0000000000001872CCPF;04/11/2022;23;0,075;R
ES0000000000001872CCPF;05/11/2022;0;0,043;R
ES0000000000001872CCPF;05/11/2022;1;0,055;R
ES0000000000001872CCPF;05/11/2022;2;0,044;R
ES0000000000001872CCPF;05/11/2022;3;0,037;R
ES0000000000001872CCPF;05/11/2022;4;0,052;R
ES0000000000001872CCPF;05/11/2022;5;0,04;R
ES0000000000001872CCPF;05/11/2022;6;0,04;R
ES0000000000001872CCPF;05/11/2022;7;0,04;R
ES0000000000001872CCPF;05/11/2022;8;0,051;R
ES0000000000001872CCPF;05/11/2022;9;0,125;R
ES0000000000001872CCPF;05/11/2022;10;0,096;R
ES0000000000001872CCPF;05/11/2022;11;0,067;R
ES0000000000001872CCPF;05/11/2022;12;0,417;R
ES0000000000001872CCPF;05/11/2022;13;0,497;R
ES0000000000001872CCPF;05/11/2022;14;0,042;R
ES0000000000001872CCPF;05/11/2022;15;0,044;R
ES0000000000001872CCPF;05/11/2022;16;0,045;R
ES0000000000001872CCPF;05/11/2022;17;0,045;R
ES0000000000001872CCPF;05/11/2022;18;0,03;R
ES0000000000001872CCPF;05/11/2022;19;0,026;R
ES0000000000001872CCPF;05/11/2022;20;0,038;R
ES0000000000001872CCPF;05/11/2022;21;0,043;R
ES0000000000001872CCPF;05/11/2022;22;0,207;R
ES0000000000001872CCPF;05/11/2022;23;0,152;R
ES0000000000001872CCPF;06/11/2022;0;0,065;R
ES0000000000001872CCPF;06/11/2022;1;0,052;R
ES0000000000001872CCPF;06/11/2022;2;0,036;R
ES0000000000001872CCPF;06/11/2022;3;0,047;R
ES0000000000001872CCPF;06/11/2022;4;0,043;R
ES0000000000001872CCPF;06/11/2022;5;0,048;R
ES0000000000001872CCPF;06/11/2022;6;0,038;R
ES0000000000001872CCPF;06/11/2022;7;0,038;R
ES0000000000001872CCPF;06/11/2022;8;0,045;R
ES0000000000001872CCPF;06/11/2022;9;0,046;R
ES0000000000001872CCPF;06/11/2022;10;0,029;R
ES0000000000001872CCPF;06/11/2022;11;0,05;R
ES0000000000001872CCPF;06/11/2022;12;0,171;R
ES0000000000001872CCPF;06/11/2022;13;0,094;R
ES0000000000001872CCPF;06/11/2022;14;0,047;R
ES0000000000001872CCPF;06/11/2022;15;0,041;R
ES0000000000001872CCPF;06/11/2022;16;0,103;R
ES0000000000001872CCPF;06/11/2022;17;0,074;R
ES0000000000001872CCPF;06/11/2022;18;0,068;R
ES0000000000001872CCPF;06/11/2022;19;0,747;R
ES0000000000001872CCPF;06/11/2022;20;0,402;R
ES0000000000001872CCPF;06/11/2022;21;0,23;R
ES0000000000001872CCPF;06/11/2022;22;0,133;R
ES0000000000001872CCPF;06/11/2022;23;0,07;R
ES0000000000001872CCPF;07/11/2022;0;0,06;R
ES0000000000001872CCPF;07/11/2022;1;0,136;R
ES0000000000001872CCPF;07/11/2022;2;0,107;R
ES0000000000001872CCPF;07/11/2022;3;0,065;R
ES0000000000001872CCPF;07/11/2022;4;0,051;R
ES0000000000001872CCPF;07/11/2022;5;0,056;R
ES0000000000001872CCPF;07/11/2022;6;0,06;R
ES0000000000001872CCPF;07/11/2022;7;0,036;R
ES0000000000001872CCPF;07/11/2022;8;0,047;R
ES0000000000001872CCPF;07/11/2022;9;0,042;R
ES0000000000001872CCPF;07/11/2022;10;0,076;R
ES0000000000001872CCPF;07/11/2022;11;0,04;R
ES0000000000001872CCPF;07/11/2022;12;0,049;R
ES0000000000001872CCPF;07/11/2022;13;0,036;R
ES0000000000001872CCPF;07/11/2022;14;0,046;R
ES0000000000001872CCPF;07/11/2022;15;0,358;R
ES0000000000001872CCPF;07/11/2022;16;0,266;R
ES0000000000001872CCPF;07/11/2022;17;0,06;R
ES0000000000001872CCPF;07/11/2022;18;0,342;R
ES0000000000001872CCPF;07/11/2022;19;0,07;R
ES0000000000001872CCPF;07/11/2022;20;0,065;R
ES0000000000001872CCPF;07/11/2022;21;0,07;R
ES0000000000001872CCPF;07/11/2022;22;0,156;R
ES0000000000001872CCPF;07/11/2022;23;0,099;R
ES0000000000001872CCPF;08/11/2022;0;0,074;R
ES0000000000001872CCPF;08/11/2022;1;0,043;R
ES0000000000001872CCPF;08/11/2022;2;0,054;R
ES0000000000001872CCPF;08/11/2022;3;0,126;R
ES0000000000001872CCPF;08/11/2022;4;0,08;R
ES0000000000001872CCPF;08/11/2022;5;0,048;R
ES0000000000001872CCPF;08/11/2022;6;0,058;R
ES0000000000001872CCPF;08/11/2022;7;0,062;R
ES0000000000001872CCPF;08/11/2022;8;0,048;R
ES0000000000001872CCPF;08/11/2022;9;0,036;R
ES0000000000001872CCPF;08/11/2022;10;0,084;R
ES0000000000001872CCPF;08/11/2022;11;0,044;R
ES0000000000001872CCPF;08/11/2022;12;0,044;R
ES0000000000001872CCPF;08/11/2022;13;0,043;R
ES0000000000001872CCPF;08/11/2022;14;0,038;R
ES0000000000001872CCPF;08/11/2022;15;0,883;R
ES0000000000001872CCPF;08/11/2022;16;0,123;R
ES0000000000001872CCPF;08/11/2022;17;0,122;R
ES0000000000001872CCPF;08/11/2022;18;0,047;R
ES0000000000001872CCPF;08/11/2022;19;0,049;R
ES0000000000001872CCPF;08/11/2022;20;0,05;R
ES0000000000001872CCPF;08/11/2022;21;0,092;R
ES0000000000001872CCPF;08/11/2022;22;0,169;R
ES0000000000001872CCPF;08/11/2022;23;0,065;R
ES0000000000001872CCPF;09/11/2022;0;0,06;R
ES0000000000001872CCPF;09/11/2022;1;0,052;R
ES0000000000001872CCPF;09/11/2022;2;0,037;R
ES0000000000001872CCPF;09/11/2022;3;0,045;R
ES0000000000001872CCPF;09/11/2022;4;0,047;R
ES0000000000001872CCPF;09/11/2022;5;0,039;R
ES0000000000001872CCPF;09/11/2022;6;0,069;R
ES0000000000001872CCPF;09/11/2022;7;0,124;R
ES0000000000001872CCPF;09/11/2022;8;0,056;R
ES0000000000001872CCPF;09/11/2022;9;0,057;R
ES0000000000001872CCPF;09/11/2022;10;0,088;R
ES0000000000001872CCPF;09/11/2022;11;0,04;R
ES0000000000001872CCPF;09/11/2022;12;0,049;R
ES0000000000001872CCPF;09/11/2022;13;0,035;R
ES0000000000001872CCPF;09/11/2022;14;0,044;R
ES0000000000001872CCPF;09/11/2022;15;0,078;R
ES0000000000001872CCPF;09/11/2022;16;0,058;R
ES0000000000001872CCPF;09/11/2022;17;0,096;R
ES0000000000001872CCPF;09/11/2022;18;0,114;R
ES0000000000001872CCPF;09/11/2022;19;0,074;R
ES0000000000001872CCPF;09/11/2022;20;0,064;R
ES0000000000001872CCPF;09/11/2022;21;0,216;R
ES0000000000001872CCPF;09/11/2022;22;0,169;R
ES0000000000001872CCPF;09/11/2022;23;0,094;R
ES0000000000001872CCPF;10/11/2022;0;0,072;R
ES0000000000001872CCPF;10/11/2022;1;0,05;R
ES0000000000001872CCPF;10/11/2022;2;0,043;R
ES0000000000001872CCPF;10/11/2022;3;0,038;R
ES0000000000001872CCPF;10/11/2022;4;0,047;R
ES0000000000001872CCPF;10/11/2022;5;0,051;R
ES0000000000001872CCPF;10/11/2022;6;0,065;R
ES0000000000001872CCPF;10/11/2022;7;0,041;R
ES0000000000001872CCPF;10/11/2022;8;0,049;R
ES0000000000001872CCPF;10/11/2022;9;0,033;R
ES0000000000001872CCPF;10/11/2022;10;0,078;R
ES0000000000001872CCPF;10/11/2022;11;0,123;R
ES0000000000001872CCPF;10/11/2022;12;0,06;R
ES0000000000001872CCPF;10/11/2022;13;0,049;R
ES0000000000001872CCPF;10/11/2022;14;0,051;R
ES0000000000001872CCPF;10/11/2022;15;0,189;R
ES0000000000001872CCPF;10/11/2022;16;0,04;R
ES0000000000001872CCPF;10/11/2022;17;0,056;R
ES0000000000001872CCPF;10/11/2022;18;0,037;R
ES0000000000001872CCPF;10/11/2022;19;0,053;R
ES0000000000001872CCPF;10/11/2022;20;0,035;R
ES0000000000001872CCPF;10/11/2022;21;0,045;R
ES0000000000001872CCPF;10/11/2022;22;0,186;R
ES0000000000001872CCPF;10/11/2022;23;0,082;R
ES0000000000001872CCPF;11/11/2022;0;0,056;R
ES0000000000001872CCPF;11/11/2022;1;0,125;R
ES0000000000001872CCPF;11/11/2022;2;0,054;R
ES0000000000001872CCPF;11/11/2022;3;0,056;R
ES0000000000001872CCPF;11/11/2022;4;0,047;R
ES0000000000001872CCPF;11/11/2022;5;0,036;R
ES0000000000001872CCPF;11/11/2022;6;0,076;R
ES0000000000001872CCPF;11/11/2022;7;0,046;R
ES0000000000001872CCPF;11/11/2022;8;0,077;R
ES0000000000001872CCPF;11/11/2022;9;0,068;R
ES0000000000001872CCPF;11/11/2022;10;0,052;R
ES0000000000001872CCPF;11/11/2022;11;0,048;R
ES0000000000001872CCPF;11/11/2022;12;0,062;R
ES0000000000001872CCPF;11/11/2022;13;0,042;R
ES0000000000001872CCPF;11/11/2022;14;0,128;R
ES0000000000001872CCPF;11/11/2022;15;0,115;R
ES0000000000001872CCPF;11/11/2022;16;0,119;R
ES0000000000001872CCPF;11/11/2022;17;0,24;R
ES0000000000001872CCPF;11/11/2022;18;0,268;R
ES0000000000001872CCPF;11/11/2022;19;0,134;R
ES0000000000001872CCPF;11/11/2022;20;0,123;R
ES0000000000001872CCPF;11/11/2022;21;0,158;R
ES0000000000001872CCPF;11/11/2022;22;0,113;R
ES0000000000001872CCPF;11/11/2022;23;0,162;R
ES0000000000001872CCPF;12/11/2022;0;0,116;R
ES0000000000001872CCPF;12/11/2022;1;0,075;R
ES0000000000001872CCPF;12/11/2022;2;0,046;R
ES0000000000001872CCPF;12/11/2022;3;0,064;R
ES0000000000001872CCPF;12/11/2022;4;0,044;R
ES0000000000001872CCPF;12/11/2022;5;0,059;R
ES0000000000001872CCPF;12/11/2022;6;0,046;R
ES0000000000001872CCPF;12/11/2022;7;0,055;R
ES0000000000001872CCPF;12/11/2022;8;0,044;R
ES0000000000001872CCPF;12/11/2022;9;0,053;R
ES0000000000001872CCPF;12/11/2022;10;0,051;R
ES0000000000001872CCPF;12/11/2022;11;0,905;R
ES0000000000001872CCPF;12/11/2022;12;0,109;R
ES0000000000001872CCPF;12/11/2022;13;0,104;R
ES0000000000001872CCPF;12/11/2022;14;0,048;R
ES0000000000001872CCPF;12/11/2022;15;0,04;R
ES0000000000001872CCPF;12/11/2022;16;0,035;R
ES0000000000001872CCPF;12/11/2022;17;0,047;R
ES0000000000001872CCPF;12/11/2022;18;0,035;R
ES0000000000001872CCPF;12/11/2022;19;0,03;R
ES0000000000001872CCPF;12/11/2022;20;0,045;R
ES0000000000001872CCPF;12/11/2022;21;0,034;R
ES0000000000001872CCPF;12/11/2022;22;0,077;R
ES0000000000001872CCPF;12/11/2022;23;0,105;R
ES0000000000001872CCPF;13/11/2022;0;0,193;R
ES0000000000001872CCPF;13/11/2022;1;0,152;R
ES0000000000001872CCPF;13/11/2022;2;0,099;R
ES0000000000001872CCPF;13/11/2022;3;0,082;R
ES0000000000001872CCPF;13/11/2022;4;0,051;R
ES0000000000001872CCPF;13/11/2022;5;0,037;R
ES0000000000001872CCPF;13/11/2022;6;0,037;R
ES0000000000001872CCPF;13/11/2022;7;0,052;R
ES0000000000001872CCPF;13/11/2022;8;0,032;R
ES0000000000001872CCPF;13/11/2022;9;0,046;R
ES0000000000001872CCPF;13/11/2022;10;0,084;R
ES0000000000001872CCPF;13/11/2022;11;0,072;R
ES0000000000001872CCPF;13/11/2022;12;0,05;R
ES0000000000001872CCPF;13/11/2022;13;0,15;R
ES0000000000001872CCPF;13/11/2022;14;0,191;R
ES0000000000001872CCPF;13/11/2022;15;0,193;R
ES0000000000001872CCPF;13/11/2022;16;0,509;R
ES0000000000001872CCPF;13/11/2022;17;0,877;R
ES0000000000001872CCPF;13/11/2022;18;0,515;R
ES0000000000001872CCPF;13/11/2022;19;0,099;R
ES0000000000001872CCPF;13/11/2022;20;0,065;R
ES0000000000001872CCPF;13/11/2022;21;0,589;R
ES0000000000001872CCPF;13/11/2022;22;0,19;R
ES0000000000001872CCPF;13/11/2022;23;0,162;R
ES0000000000001872CCPF;14/11/2022;0;0,096;R
ES0000000000001872CCPF;14/11/2022;1;0,132;R
ES0000000000001872CCPF;14/11/2022;2;0,089;R
ES0000000000001872CCPF;14/11/2022;3;0,055;R
ES0000000000001872CCPF;14/11/2022;4;0,046;R
ES0000000000001872CCPF;14/11/2022;5;0,04;R
ES0000000000001872CCPF;14/11/2022;6;0,052;R
ES0000000000001872CCPF;14/11/2022;7;0,049;R
ES0000000000001872CCPF;14/11/2022;8;0,051;R
ES0000000000001872CCPF;14/11/2022;9;0,049;R
ES0000000000001872CCPF;14/11/2022;10;0,134;R
ES0000000000001872CCPF;14/11/2022;11;0,109;R
ES0000000000001872CCPF;14/11/2022;12;0,085;R
ES0000000000001872CCPF;14/11/2022;13;0,073;R
ES0000000000001872CCPF;14/11/2022;14;0,158;R
ES0000000000001872CCPF;14/11/2022;15;1,051;R
ES0000000000001872CCPF;14/11/2022;16;0,122;R
ES0000000000001872CCPF;14/11/2022;17;0,071;R
ES0000000000001872CCPF;14/11/2022;18;0,045;R
ES0000000000001872CCPF;14/11/2022;19;0,052;R
ES0000000000001872CCPF;14/11/2022;20;0,089;R
ES0000000000001872CCPF;14/11/2022;21;0,098;R
ES0000000000001872CCPF;14/11/2022;22;0,227;R
ES0000000000001872CCPF;14/11/2022;23;0,104;R
ES0000000000001872CCPF;15/11/2022;0;0,054;R
ES0000000000001872CCPF;15/11/2022;1;0,039;R
ES0000000000001872CCPF;15/11/2022;2;0,042;R
ES0000000000001872CCPF;15/11/2022;3;0,118;R
ES0000000000001872CCPF;15/11/2022;4;0,082;R
ES0000000000001872CCPF;15/11/2022;5;0,05;R
ES0000000000001872CCPF;15/11/2022;6;0,05;R
ES0000000000001872CCPF;15/11/2022;7;0,044;R
ES0000000000001872CCPF;15/11/2022;8;0,038;R
ES0000000000001872CCPF;15/11/2022;9;0,046;R
ES0000000000001872CCPF;15/11/2022;10;0,067;R
ES0000000000001872CCPF;15/11/2022;11;0,038;R
ES0000000000001872CCPF;15/11/2022;12;0,046;R
ES0000000000001872CCPF;15/11/2022;13;0,049;R
ES0000000000001872CCPF;15/11/2022;14;0,028;R
ES0000000000001872CCPF;15/11/2022;15;0,475;R
ES0000000000001872CCPF;15/11/2022;16;0,306;R
ES0000000000001872CCPF;15/11/2022;17;0,05;R
ES0000000000001872CCPF;15/11/2022;18;0,149;R
ES0000000000001872CCPF;15/11/2022;19;0,128;R
ES0000000000001872CCPF;15/11/2022;20;0,265;R
ES0000000000001872CCPF;15/11/2022;21;0,163;R
ES0000000000001872CCPF;15/11/2022;22;0,096;R
ES0000000000001872CCPF;15/11/2022;23;0,078;R
ES0000000000001872CCPF;16/11/2022;0;0,057;R
ES0000000000001872CCPF;16/11/2022;1;0,045;R
ES0000000000001872CCPF;16/11/2022;2;0,052;R
ES0000000000001872CCPF;16/11/2022;3;0,028;R
ES0000000000001872CCPF;16/11/2022;4;0,05;R
ES0000000000001872CCPF;16/11/2022;5;0,037;R
ES0000000000001872CCPF;16/11/2022;6;0,071;R
ES0000000000001872CCPF;16/11/2022;7;0,03;R
ES0000000000001872CCPF;16/11/2022;8;0,035;R
ES0000000000001872CCPF;16/11/2022;9;1,009;R
ES0000000000001872CCPF;16/11/2022;10;0,125;R
ES0000000000001872CCPF;16/11/2022;11;0,031;R
ES0000000000001872CCPF;16/11/2022;12;0,049;R
ES0000000000001872CCPF;16/11/2022;13;0,032;R
ES0000000000001872CCPF;16/11/2022;14;0,061;R
ES0000000000001872CCPF;16/11/2022;15;0,468;R
ES0000000000001872CCPF;16/11/2022;16;0,145;R
ES0000000000001872CCPF;16/11/2022;17;0,075;R
ES0000000000001872CCPF;16/11/2022;18;0,086;R
ES0000000000001872CCPF;16/11/2022;19;0,088;R
ES0000000000001872CCPF;16/11/2022;20;0,09;R
ES0000000000001872CCPF;16/11/2022;21;0,062;R
ES0000000000001872CCPF;16/11/2022;22;0,189;R
ES0000000000001872CCPF;16/11/2022;23;0,109;R
ES0000000000001872CCPF;17/11/2022;0;0,151;R
ES0000000000001872CCPF;17/11/2022;1;0,061;R
ES0000000000001872CCPF;17/11/2022;2;0,042;R
ES0000000000001872CCPF;17/11/2022;3;0,049;R
ES0000000000001872CCPF;17/11/2022;4;0,045;R
ES0000000000001872CCPF;17/11/2022;5;0,039;R
ES0000000000001872CCPF;17/11/2022;6;0,07;R
ES0000000000001872CCPF;17/11/2022;7;0,036;R
ES0000000000001872CCPF;17/11/2022;8;0,039;R
ES0000000000001872CCPF;17/11/2022;9;0,05;R
ES0000000000001872CCPF;17/11/2022;10;0,07;R
ES0000000000001872CCPF;17/11/2022;11;0,036;R
ES0000000000001872CCPF;17/11/2022;12;0,035;R
ES0000000000001872CCPF;17/11/2022;13;0,049;R
ES0000000000001872CCPF;17/11/2022;14;0,042;R
ES0000000000001872CCPF;17/11/2022;15;0,27;R
ES0000000000001872CCPF;17/11/2022;16;0,07;R
ES0000000000001872CCPF;17/11/2022;17;0,045;R
ES0000000000001872CCPF;17/11/2022;18;0,041;R
ES0000000000001872CCPF;17/11/2022;19;0,043;R
ES0000000000001872CCPF;17/11/2022;20;0,037;R
ES0000000000001872CCPF;17/11/2022;21;0,076;R
ES0000000000001872CCPF;17/11/2022;22;0,165;R
ES0000000000001872CCPF;17/11/2022;23;0,079;R
ES0000000000001872CCPF;18/11/2022;0;0,1;R
ES0000000000001872CCPF;18/11/2022;1;0,063;R
ES0000000000001872CCPF;18/11/2022;2;0,034;R
ES0000000000001872CCPF;18/11/2022;3;0,043;R
ES0000000000001872CCPF;18/11/2022;4;0,039;R
ES0000000000001872CCPF;18/11/2022;5;0,044;R
ES0000000000001872CCPF;18/11/2022;6;0,104;R
ES0000000000001872CCPF;18/11/2022;7;0,076;R
ES0000000000001872CCPF;18/11/2022;8;0,085;R
ES0000000000001872CCPF;18/11/2022;9;0,086;R
ES0000000000001872CCPF;18/11/2022;10;0,154;R
ES0000000000001872CCPF;18/11/2022;11;0,065;R
ES0000000000001872CCPF;18/11/2022;12;0,056;R
ES0000000000001872CCPF;18/11/2022;13;0,127;R
ES0000000000001872CCPF;18/11/2022;14;0,108;R
ES0000000000001872CCPF;18/11/2022;15;0,361;R
ES0000000000001872CCPF;18/11/2022;16;0,215;R
ES0000000000001872CCPF;18/11/2022;17;0,083;R
ES0000000000001872CCPF;18/11/2022;18;1,286;R
ES0000000000001872CCPF;18/11/2022;19;0,459;R
ES0000000000001872CCPF;18/11/2022;20;0,162;R
ES0000000000001872CCPF;18/11/2022;21;0,08;R
ES0000000000001872CCPF;18/11/2022;22;0,277;R
ES0000000000001872CCPF;18/11/2022;23;0,103;R
ES0000000000001872CCPF;19/11/2022;0;0,11;R
ES0000000000001872CCPF;19/11/2022;1;0,054;R
ES0000000000001872CCPF;19/11/2022;2;0,049;R
ES0000000000001872CCPF;19/11/2022;3;0,038;R
ES0000000000001872CCPF;19/11/2022;4;0,037;R
ES0000000000001872CCPF;19/11/2022;5;0,05;R
ES0000000000001872CCPF;19/11/2022;6;0,046;R
ES0000000000001872CCPF;19/11/2022;7;0,035;R
ES0000000000001872CCPF;19/11/2022;8;0,037;R
ES0000000000001872CCPF;19/11/2022;9;0,164;R
ES0000000000001872CCPF;19/11/2022;10;0,087;R
ES0000000000001872CCPF;19/11/2022;11;0,786;R
ES0000000000001872CCPF;19/11/2022;12;0,222;R
ES0000000000001872CCPF;19/11/2022;13;0,03;R
ES0000000000001872CCPF;19/11/2022;14;0,041;R
ES0000000000001872CCPF;19/11/2022;15;0,036;R
ES0000000000001872CCPF;19/11/2022;16;0,027;R
ES0000000000001872CCPF;19/11/2022;17;0,029;R
ES0000000000001872CCPF;19/11/2022;18;0,039;R
ES0000000000001872CCPF;19/11/2022;19;0,036;R
ES0000000000001872CCPF;19/11/2022;20;0,026;R
ES0000000000001872CCPF;19/11/2022;21;0,032;R
ES0000000000001872CCPF;19/11/2022;22;0,084;R
ES0000000000001872CCPF;19/11/2022;23;0,091;R
ES0000000000001872CCPF;20/11/2022;0;0,248;R
ES0000000000001872CCPF;20/11/2022;1;0,124;R
ES0000000000001872CCPF;20/11/2022;2;0,044;R
ES0000000000001872CCPF;20/11/2022;3;0,036;R
ES0000000000001872CCPF;20/11/2022;4;0,037;R
ES0000000000001872CCPF;20/11/2022;5;0,035;R
ES0000000000001872CCPF;20/11/2022;6;0,051;R
ES0000000000001872CCPF;20/11/2022;7;0,035;R
ES0000000000001872CCPF;20/11/2022;8;0,035;R
ES0000000000001872CCPF;20/11/2022;9;0,049;R
ES0000000000001872CCPF;20/11/2022;10;0,341;R
ES0000000000001872CCPF;20/11/2022;11;0,144;R
ES0000000000001872CCPF;20/11/2022;12;0,066;R
ES0000000000001872CCPF;20/11/2022;13;0,125;R
ES0000000000001872CCPF;20/11/2022;14;0,038;R
ES0000000000001872CCPF;20/11/2022;15;0,026;R
ES0000000000001872CCPF;20/11/2022;16;0,103;R
ES0000000000001872CCPF;20/11/2022;17;0,077;R
ES0000000000001872CCPF;20/11/2022;18;0,037;R
ES0000000000001872CCPF;20/11/2022;19;0,03;R
ES0000000000001872CCPF;20/11/2022;20;0,03;R
ES0000000000001872CCPF;20/11/2022;21;0,074;R
ES0000000000001872CCPF;20/11/2022;22;0,106;R
ES0000000000001872CCPF;20/11/2022;23;0,08;R
ES0000000000001872CCPF;21/11/2022;0;0,068;R
ES0000000000001872CCPF;21/11/2022;1;0,051;R
ES0000000000001872CCPF;21/11/2022;2;0,052;R
ES0000000000001872CCPF;21/11/2022;3;0,039;R
ES0000000000001872CCPF;21/11/2022;4;0,048;R
ES0000000000001872CCPF;21/11/2022;5;0,038;R
ES0000000000001872CCPF;21/11/2022;6;0,034;R
ES0000000000001872CCPF;21/11/2022;7;0,037;R
ES0000000000001872CCPF;21/11/2022;8;0,164;R
ES0000000000001872CCPF;21/11/2022;9;0,177;R
ES0000000000001872CCPF;21/11/2022;10;0,063;R
ES0000000000001872CCPF;21/11/2022;11;0,036;R
ES0000000000001872CCPF;21/11/2022;12;0,041;R
ES0000000000001872CCPF;21/11/2022;13;0,063;R
ES0000000000001872CCPF;21/11/2022;14;0,076;R
ES0000000000001872CCPF;21/11/2022;15;0,087;R
ES0000000000001872CCPF;21/11/2022;16;0,066;R
ES0000000000001872CCPF;21/11/2022;17;0,081;R
ES0000000000001872CCPF;21/11/2022;18;0,04;R
ES0000000000001872CCPF;21/11/2022;19;0,064;R
ES0000000000001872CCPF;21/11/2022;20;0,083;R
ES0000000000001872CCPF;21/11/2022;21;0,183;R
ES0000000000001872CCPF;21/11/2022;22;0,131;R
ES0000000000001872CCPF;21/11/2022;23;0,129;R
ES0000000000001872CCPF;22/11/2022;0;0,099;R
ES0000000000001872CCPF;22/11/2022;1;0,048;R
ES0000000000001872CCPF;22/11/2022;2;0,044;R
ES0000000000001872CCPF;22/11/2022;3;0,041;R
ES0000000000001872CCPF;22/11/2022;4;0,039;R
ES0000000000001872CCPF;22/11/2022;5;0,041;R
ES0000000000001872CCPF;22/11/2022;6;0,069;R
ES0000000000001872CCPF;22/11/2022;7;0,03;R
ES0000000000001872CCPF;22/11/2022;8;0,049;R
ES0000000000001872CCPF;22/11/2022;9;0,054;R
ES0000000000001872CCPF;22/11/2022;10;0,076;R
ES0000000000001872CCPF;22/11/2022;11;0,043;R
ES0000000000001872CCPF;22/11/2022;12;0,048;R
ES0000000000001872CCPF;22/11/2022;13;0,035;R
ES0000000000001872CCPF;22/11/2022;14;0,311;R
ES0000000000001872CCPF;22/11/2022;15;0,232;R
ES0000000000001872CCPF;22/11/2022;16;0,305;R
ES0000000000001872CCPF;22/11/2022;17;0,221;R
ES0000000000001872CCPF;22/11/2022;18;0,104;R
ES0000000000001872CCPF;22/11/2022;19;0,037;R
ES0000000000001872CCPF;22/11/2022;20;0,04;R
ES0000000000001872CCPF;22/11/2022;21;0,211;R
ES0000000000001872CCPF;22/11/2022;22;0,118;R
ES0000000000001872CCPF;22/11/2022;23;0,077;R
ES0000000000001872CCPF;23/11/2022;0;0,057;R
ES0000000000001872CCPF;23/11/2022;1;0,06;R
ES0000000000001872CCPF;23/11/2022;2;0,035;R
ES0000000000001872CCPF;23/11/2022;3;0,044;R
ES0000000000001872CCPF;23/11/2022;4;0,043;R
ES0000000000001872CCPF;23/11/2022;5;0,039;R
ES0000000000001872CCPF;23/11/2022;6;0,071;R
ES0000000000001872CCPF;23/11/2022;7;0,104;R
ES0000000000001872CCPF;23/11/2022;8;0,073;R
ES0000000000001872CCPF;23/11/2022;9;0,06;R
ES0000000000001872CCPF;23/11/2022;10;0,045;R
ES0000000000001872CCPF;23/11/2022;11;0,093;R
ES0000000000001872CCPF;23/11/2022;12;0,048;R
ES0000000000001872CCPF;23/11/2022;13;0,049;R
ES0000000000001872CCPF;23/11/2022;14;0,046;R
ES0000000000001872CCPF;23/11/2022;15;0,308;R
ES0000000000001872CCPF;23/11/2022;16;1,024;R
ES0000000000001872CCPF;23/11/2022;17;0,909;R
ES0000000000001872CCPF;23/11/2022;18;0,804;R
ES0000000000001872CCPF;23/11/2022;19;0,093;R
ES0000000000001872CCPF;23/11/2022;20;0,102;R
ES0000000000001872CCPF;23/11/2022;21;0,102;R
ES0000000000001872CCPF;23/11/2022;22;0,186;R
ES0000000000001872CCPF;23/11/2022;23;0,102;R
ES0000000000001872CCPF;24/11/2022;0;0,046;R
ES0000000000001872CCPF;24/11/2022;1;0,041;R
ES0000000000001872CCPF;24/11/2022;2;0,045;R
ES0000000000001872CCPF;24/11/2022;3;0,038;R
ES0000000000001872CCPF;24/11/2022;4;0,034;R
ES0000000000001872CCPF;24/11/2022;5;0,051;R
ES0000000000001872CCPF;24/11/2022;6;0,063;R
ES0000000000001872CCPF;24/11/2022;7;0,037;R
ES0000000000001872CCPF;24/11/2022;8;0,036;R
ES0000000000001872CCPF;24/11/2022;9;0,043;R
ES0000000000001872CCPF;24/11/2022;10;0,086;R
ES0000000000001872CCPF;24/11/2022;11;0,04;R
ES0000000000001872CCPF;24/11/2022;12;0,035;R
ES0000000000001872CCPF;24/11/2022;13;0,118;R
ES0000000000001872CCPF;24/11/2022;14;0,083;R
ES0000000000001872CCPF;24/11/2022;15;0,071;R
ES0000000000001872CCPF;24/11/2022;16;0,038;R
ES0000000000001872CCPF;24/11/2022;17;0,036;R
ES0000000000001872CCPF;24/11/2022;18;0,05;R
ES0000000000001872CCPF;24/11/2022;19;0,039;R
ES0000000000001872CCPF;24/11/2022;20;0,037;R
ES0000000000001872CCPF;24/11/2022;21;0,059;R
ES0000000000001872CCPF;24/11/2022;22;0,153;R
ES0000000000001872CCPF;24/11/2022;23;0,115;R
ES0000000000001872CCPF;25/11/2022;0;0,07;R
ES0000000000001872CCPF;25/11/2022;1;0,039;R
ES0000000000001872CCPF;25/11/2022;2;0,044;R
ES0000000000001872CCPF;25/11/2022;3;0,037;R
ES0000000000001872CCPF;25/11/2022;4;0,121;R
ES0000000000001872CCPF;25/11/2022;5;0,078;R
ES0000000000001872CCPF;25/11/2022;6;0,041;R
ES0000000000001872CCPF;25/11/2022;7;0,032;R
ES0000000000001872CCPF;25/11/2022;8;0,091;R
ES0000000000001872CCPF;25/11/2022;9;0,117;R
ES0000000000001872CCPF;25/11/2022;10;0,075;R
ES0000000000001872CCPF;25/11/2022;11;0,096;R
ES0000000000001872CCPF;25/11/2022;12;0,088;R
ES0000000000001872CCPF;25/11/2022;13;0,055;R
ES0000000000001872CCPF;25/11/2022;14;0,036;R
ES0000000000001872CCPF;25/11/2022;15;0,163;R
ES0000000000001872CCPF;25/11/2022;16;0,214;R
ES0000000000001872CCPF;25/11/2022;17;0,078;R
ES0000000000001872CCPF;25/11/2022;18;0,189;R
ES0000000000001872CCPF;25/11/2022;19;0,172;R
ES0000000000001872CCPF;25/11/2022;20;0,27;R
ES0000000000001872CCPF;25/11/2022;21;0,109;R
ES0000000000001872CCPF;25/11/2022;22;0,077;R
ES0000000000001872CCPF;25/11/2022;23;0,094;R
ES0000000000001872CCPF;26/11/2022;0;0,056;R
ES0000000000001872CCPF;26/11/2022;1;0,043;R
ES0000000000001872CCPF;26/11/2022;2;0,035;R
ES0000000000001872CCPF;26/11/2022;3;0,041;R
ES0000000000001872CCPF;26/11/2022;4;0,044;R
ES0000000000001872CCPF;26/11/2022;5;0,045;R
ES0000000000001872CCPF;26/11/2022;6;0,033;R
ES0000000000001872CCPF;26/11/2022;7;0,04;R
ES0000000000001872CCPF;26/11/2022;8;0,034;R
ES0000000000001872CCPF;26/11/2022;9;0,047;R
ES0000000000001872CCPF;26/11/2022;10;0,079;R
ES0000000000001872CCPF;26/11/2022;11;0,14;R
ES0000000000001872CCPF;26/11/2022;12;0,142;R
ES0000000000001872CCPF;26/11/2022;13;0,044;R
ES0000000000001872CCPF;26/11/2022;14;0,037;R
ES0000000000001872CCPF;26/11/2022;15;0,044;R
ES0000000000001872CCPF;26/11/2022;16;0,041;R
ES0000000000001872CCPF;26/11/2022;17;0,039;R
ES0000000000001872CCPF;26/11/2022;18;0,052;R
ES0000000000001872CCPF;26/11/2022;19;0,034;R
ES0000000000001872CCPF;26/11/2022;20;0,041;R
ES0000000000001872CCPF;26/11/2022;21;0,039;R
ES0000000000001872CCPF;26/11/2022;22;0,044;R
ES0000000000001872CCPF;26/11/2022;23;0,108;R
ES0000000000001872CCPF;27/11/2022;0;0,086;R
ES0000000000001872CCPF;27/11/2022;1;0,041;R
ES0000000000001872CCPF;27/11/2022;2;0,119;R
ES0000000000001872CCPF;27/11/2022;3;0,062;R
ES0000000000001872CCPF;27/11/2022;4;0,043;R
ES0000000000001872CCPF;27/11/2022;5;0,038;R
ES0000000000001872CCPF;27/11/2022;6;0,039;R
ES0000000000001872CCPF;27/11/2022;7;0,046;R
ES0000000000001872CCPF;27/11/2022;8;0,029;R
ES0000000000001872CCPF;27/11/2022;9;0,05;R
ES0000000000001872CCPF;27/11/2022;10;0,041;R
ES0000000000001872CCPF;27/11/2022;11;0,037;R
ES0000000000001872CCPF;27/11/2022;12;0,097;R
ES0000000000001872CCPF;27/11/2022;13;0,055;R
ES0000000000001872CCPF;27/11/2022;14;0,029;R
ES0000000000001872CCPF;27/11/2022;15;0,042;R
ES0000000000001872CCPF;27/11/2022;16;0,03;R
ES0000000000001872CCPF;27/11/2022;17;0,067;R
ES0000000000001872CCPF;27/11/2022;18;0,088;R
ES0000000000001872CCPF;27/11/2022;19;0,042;R
ES0000000000001872CCPF;27/11/2022;20;0,043;R
ES0000000000001872CCPF;27/11/2022;21;0,037;R
ES0000000000001872CCPF;27/11/2022;22;0,185;R
ES0000000000001872CCPF;27/11/2022;23;0,102;R
ES0000000000001872CCPF;28/11/2022;0;0,045;R
ES0000000000001872CCPF;28/11/2022;1;0,039;R
ES0000000000001872CCPF;28/11/2022;2;0,038;R
ES0000000000001872CCPF;28/11/2022;3;0,04;R
ES0000000000001872CCPF;28/11/2022;4;0,045;R
ES0000000000001872CCPF;28/11/2022;5;0,047;R
ES0000000000001872CCPF;28/11/2022;6;0,058;R
ES0000000000001872CCPF;28/11/2022;7;0,048;R
ES0000000000001872CCPF;28/11/2022;8;0,041;R
ES0000000000001872CCPF;28/11/2022;9;0,118;R
ES0000000000001872CCPF;28/11/2022;10;0,075;R
ES0000000000001872CCPF;28/11/2022;11;0,085;R
ES0000000000001872CCPF;28/11/2022;12;0,057;R
ES0000000000001872CCPF;28/11/2022;13;0,046;R
ES0000000000001872CCPF;28/11/2022;14;0,175;R
ES0000000000001872CCPF;28/11/2022;15;0,18;R
ES0000000000001872CCPF;28/11/2022;16;0,147;R
ES0000000000001872CCPF;28/11/2022;17;0,991;R
ES0000000000001872CCPF;28/11/2022;18;0,053;R
ES0000000000001872CCPF;28/11/2022;19;0,036;R
ES0000000000001872CCPF;28/11/2022;20;0,077;R
ES0000000000001872CCPF;28/11/2022;21;0,219;R
ES0000000000001872CCPF;28/11/2022;22;0,097;R
ES0000000000001872CCPF;28/11/2022;23;0,103;R
ES0000000000001872CCPF;29/11/2022;0;0,078;R
ES0000000000001872CCPF;29/11/2022;1;0,05;R
ES0000000000001872CCPF;29/11/2022;2;0,038;R
ES0000000000001872CCPF;29/11/2022;3;0,041;R
ES0000000000001872CCPF;29/11/2022;4;0,043;R
ES0000000000001872CCPF;29/11/2022;5;0,039;R
ES0000000000001872CCPF;29/11/2022;6;0,068;R
ES0000000000001872CCPF;29/11/2022;7;0,036;R
ES0000000000001872CCPF;29/11/2022;8;0,085;R
ES0000000000001872CCPF;29/11/2022;9;0,048;R
ES0000000000001872CCPF;29/11/2022;10;0,029;R
ES0000000000001872CCPF;29/11/2022;11;0,045;R
ES0000000000001872CCPF;29/11/2022;12;0,048;R
ES0000000000001872CCPF;29/11/2022;13;0,047;R
ES0000000000001872CCPF;29/11/2022;14;0,039;R
ES0000000000001872CCPF;29/11/2022;15;0,413;R
ES0000000000001872CCPF;29/11/2022;16;0,545;R
ES0000000000001872CCPF;29/11/2022;17;0,534;R
ES0000000000001872CCPF;29/11/2022;18;0,107;R
ES0000000000001872CCPF;29/11/2022;19;0,044;R
ES0000000000001872CCPF;29/11/2022;20;0,026;R
ES0000000000001872CCPF;29/11/2022;21;0,086;R
ES0000000000001872CCPF;29/11/2022;22;0,204;R
ES0000000000001872CCPF;29/11/2022;23;0,076;R
ES0000000000001872CCPF;30/11/2022;0;0,032;R
ES0000000000001872CCPF;30/11/2022;1;0,043;R
ES0000000000001872CCPF;30/11/2022;2;0,044;R
ES0000000000001872CCPF;30/11/2022;3;0,035;R
ES0000000000001872CCPF;30/11/2022;4;0,04;R
ES0000000000001872CCPF;30/11/2022;5;0,048;R
ES0000000000001872CCPF;30/11/2022;6;0,063;R
ES0000000000001872CCPF;30/11/2022;7;0,112;R
ES0000000000001872CCPF;30/11/2022;8;0,074;R
ES0000000000001872CCPF;30/11/2022;9;0,058;R
ES0000000000001872CCPF;30/11/2022;10;0,053;R
ES0000000000001872CCPF;30/11/2022;11;0,104;R
ES0000000000001872CCPF;30/11/2022;12;0,044;R
ES0000000000001872CCPF;30/11/2022;13;0,04;R
ES0000000000001872CCPF;30/11/2022;14;0,165;R
ES0000000000001872CCPF;30/11/2022;15;0,343;R
ES0000000000001872CCPF;30/11/2022;16;0,058;R
ES0000000000001872CCPF;30/11/2022;17;0,073;R
ES0000000000001872CCPF;30/11/2022;18;0,079;R
ES0000000000001872CCPF;30/11/2022;19;0,102;R
ES0000000000001872CCPF;30/11/2022;20;0,086;R
ES0000000000001872CCPF;30/11/2022;21;0,062;R
ES0000000000001872CCPF;30/11/2022;22;0,159;R
ES0000000000001872CCPF;30/11/2022;23;0,117;R
ES0000000000001872CCPF;01/12/2022;0;0,041;R
ES0000000000001872CCPF;01/12/2022;1;0,039;R
ES0000000000001872CCPF;01/12/2022;2;0,042;R
ES0000000000001872CCPF;01/12/2022;3;0,04;R
ES0000000000001872CCPF;01/12/2022;4;0,044;R
ES0000000000001872CCPF;01/12/2022;5;0,036;R
ES0000000000001872CCPF;01/12/2022;6;0,083;R
ES0000000000001872CCPF;01/12/2022;7;0,039;R
ES0000000000001872CCPF;01/12/2022;8;0,044;R
ES0000000000001872CCPF;01/12/2022;9;0,047;R
ES0000000000001872CCPF;01/12/2022;10;0,074;R
ES0000000000001872CCPF;01/12/2022;11;0,044;R
ES0000000000001872CCPF;01/12/2022;12;0,037;R
ES0000000000001872CCPF;01/12/2022;13;0,055;R
ES0000000000001872CCPF;01/12/2022;14;0,133;R
ES0000000000001872CCPF;01/12/2022;15;0,197;R
ES0000000000001872CCPF;01/12/2022;16;0,05;R
ES0000000000001872CCPF;01/12/2022;17;0,035;R
ES0000000000001872CCPF;01/12/2022;18;0,044;R
ES0000000000001872CCPF;01/12/2022;19;0,05;R
ES0000000000001872CCPF;01/12/2022;20;0,035;R
ES0000000000001872CCPF;01/12/2022;21;0,066;R
ES0000000000001872CCPF;01/12/2022;22;0,095;R
ES0000000000001872CCPF;01/12/2022;23;0,077;R
ES0000000000001872CCPF;02/12/2022;0;0,058;R
ES0000000000001872CCPF;02/12/2022;1;0,04;R
ES0000000000001872CCPF;02/12/2022;2;0,033;R
ES0000000000001872CCPF;02/12/2022;3;0,048;R
ES0000000000001872CCPF;02/12/2022;4;0,042;R
ES0000000000001872CCPF;02/12/2022;5;0,106;R
ES0000000000001872CCPF;02/12/2022;6;0,079;R
ES0000000000001872CCPF;02/12/2022;7;0,048;R
ES0000000000001872CCPF;02/12/2022;8;0,06;R
ES0000000000001872CCPF;02/12/2022;9;0,07;R
ES0000000000001872CCPF;02/12/2022;10;0,091;R
ES0000000000001872CCPF;02/12/2022;11;0,162;R
ES0000000000001872CCPF;02/12/2022;12;0,378;R
ES0000000000001872CCPF;02/12/2022;13;0,067;R
ES0000000000001872CCPF;02/12/2022;14;0,049;R
ES0000000000001872CCPF;02/12/2022;15;0,344;R
ES0000000000001872CCPF;02/12/2022;16;0,146;R
ES0000000000001872CCPF;02/12/2022;17;0,088;R
ES0000000000001872CCPF;02/12/2022;18;0,152;R
ES0000000000001872CCPF;02/12/2022;19;0,223;R
ES0000000000001872CCPF;02/12/2022;20;0,164;R
ES0000000000001872CCPF;02/12/2022;21;0,114;R
ES0000000000001872CCPF;02/12/2022;22;0,08;R
ES0000000000001872CCPF;02/12/2022;23;0,079;R
ES0000000000001872CCPF;03/12/2022;0;0,071;R
ES0000000000001872CCPF;03/12/2022;1;0,042;R
ES0000000000001872CCPF;03/12/2022;2;0,038;R
ES0000000000001872CCPF;03/12/2022;3;0,049;R
ES0000000000001872CCPF;03/12/2022;4;0,034;R
ES0000000000001872CCPF;03/12/2022;5;0,04;R
ES0000000000001872CCPF;03/12/2022;6;0,05;R
ES0000000000001872CCPF;03/12/2022;7;0,028;R
ES0000000000001872CCPF;03/12/2022;8;0,049;R
ES0000000000001872CCPF;03/12/2022;9;0,039;R
ES0000000000001872CCPF;03/12/2022;10;0,109;R
ES0000000000001872CCPF;03/12/2022;11;0,137;R
ES0000000000001872CCPF;03/12/2022;12;1,004;R
ES0000000000001872CCPF;03/12/2022;13;0,121;R
ES0000000000001872CCPF;03/12/2022;14;0,037;R
ES0000000000001872CCPF;03/12/2022;15;0,043;R
ES0000000000001872CCPF;03/12/2022;16;0,045;R
ES0000000000001872CCPF;03/12/2022;17;0,039;R
ES0000000000001872CCPF;03/12/2022;18;0,044;R
ES0000000000001872CCPF;03/12/2022;19;0,034;R
ES0000000000001872CCPF;03/12/2022;20;0,042;R
ES0000000000001872CCPF;03/12/2022;21;0,047;R
ES0000000000001872CCPF;03/12/2022;22;0,067;R
ES0000000000001872CCPF;03/12/2022;23;0,125;R
ES0000000000001872CCPF;04/12/2022;0;0,043;R
ES0000000000001872CCPF;04/12/2022;1;0,039;R
ES0000000000001872CCPF;04/12/2022;2;0,118;R
ES0000000000001872CCPF;04/12/2022;3;0,08;R
ES0000000000001872CCPF;04/12/2022;4;0,041;R
ES0000000000001872CCPF;04/12/2022;5;0,036;R
ES0000000000001872CCPF;04/12/2022;6;0,036;R
ES0000000000001872CCPF;04/12/2022;7;0,044;R
ES0000000000001872CCPF;04/12/2022;8;0,04;R
ES0000000000001872CCPF;04/12/2022;9;0,029;R
ES0000000000001872CCPF;04/12/2022;10;0,046;R
ES0000000000001872CCPF;04/12/2022;11;0,202;R
ES0000000000001872CCPF;04/12/2022;12;0,506;R
ES0000000000001872CCPF;04/12/2022;13;0,049;R
ES0000000000001872CCPF;04/12/2022;14;0,034;R
ES0000000000001872CCPF;04/12/2022;15;0,032;R
ES0000000000001872CCPF;04/12/2022;16;0,033;R
ES0000000000001872CCPF;04/12/2022;17;0,022;R
ES0000000000001872CCPF;04/12/2022;18;0,04;R
ES0000000000001872CCPF;04/12/2022;19;0,113;R
ES0000000000001872CCPF;04/12/2022;20;0,057;R
ES0000000000001872CCPF;04/12/2022;21;0,071;R
ES0000000000001872CCPF;04/12/2022;22;0,084;R
ES0000000000001872CCPF;04/12/2022;23;0,083;R
ES0000000000001872CCPF;05/12/2022;0;0,028;R
ES0000000000001872CCPF;05/12/2022;1;0,04;R
ES0000000000001872CCPF;05/12/2022;2;0,037;R
ES0000000000001872CCPF;05/12/2022;3;0,045;R
ES0000000000001872CCPF;05/12/2022;4;0,038;R
ES0000000000001872CCPF;05/12/2022;5;0,03;R
ES0000000000001872CCPF;05/12/2022;6;0,047;R
ES0000000000001872CCPF;05/12/2022;7;0,039;R
ES0000000000001872CCPF;05/12/2022;8;0,07;R
ES0000000000001872CCPF;05/12/2022;9;0,085;R
ES0000000000001872CCPF;05/12/2022;10;0,16;R
ES0000000000001872CCPF;05/12/2022;11;0,118;R
ES0000000000001872CCPF;05/12/2022;12;0,109;R
ES0000000000001872CCPF;05/12/2022;13;0,072;R
ES0000000000001872CCPF;05/12/2022;14;0,051;R
ES0000000000001872CCPF;05/12/2022;15;0,091;R
ES0000000000001872CCPF;05/12/2022;16;0,097;R
ES0000000000001872CCPF;05/12/2022;17;0,083;R
ES0000000000001872CCPF;05/12/2022;18;0,089;R
ES0000000000001872CCPF;05/12/2022;19;0,088;R
ES0000000000001872CCPF;05/12/2022;20;0,076;R
ES0000000000001872CCPF;05/12/2022;21;0,105;R
ES0000000000001872CCPF;05/12/2022;22;0,202;R
ES0000000000001872CCPF;05/12/2022;23;0,059;R
ES0000000000001872CCPF;06/12/2022;0;0,037;R
ES0000000000001872CCPF;06/12/2022;1;0,048;R
ES0000000000001872CCPF;06/12/2022;2;0,032;R
ES0000000000001872CCPF;06/12/2022;3;0,127;R
ES0000000000001872CCPF;06/12/2022;4;0,082;R
ES0000000000001872CCPF;06/12/2022;5;0,042;R
ES0000000000001872CCPF;06/12/2022;6;0,029;R
ES0000000000001872CCPF;06/12/2022;7;0,044;R
ES0000000000001872CCPF;06/12/2022;8;0,048;R
ES0000000000001872CCPF;06/12/2022;9;0,032;R
ES0000000000001872CCPF;06/12/2022;10;0,048;R
ES0000000000001872CCPF;06/12/2022;11;0,04;R
ES0000000000001872CCPF;06/12/2022;12;0,156;R
ES0000000000001872CCPF;06/12/2022;13;0,082;R
ES0000000000001872CCPF;06/12/2022;14;0,107;R
ES0000000000001872CCPF;06/12/2022;15;0,262;R
ES0000000000001872CCPF;06/12/2022;16;0,161;R
ES0000000000001872CCPF;06/12/2022;17;0,073;R
ES0000000000001872CCPF;06/12/2022;18;0,083;R
ES0000000000001872CCPF;06/12/2022;19;0,138;R
ES0000000000001872CCPF;06/12/2022;20;0,11;R
ES0000000000001872CCPF;06/12/2022;21;0,199;R
ES0000000000001872CCPF;06/12/2022;22;0,097;R
ES0000000000001872CCPF;06/12/2022;23;0,14;R
ES0000000000001872CCPF;07/12/2022;0;0,046;R
ES0000000000001872CCPF;07/12/2022;1;0,04;R
ES0000000000001872CCPF;07/12/2022;2;0,045;R
ES0000000000001872CCPF;07/12/2022;3;0,045;R
ES0000000000001872CCPF;07/12/2022;4;0,034;R
ES0000000000001872CCPF;07/12/2022;5;0,042;R
ES0000000000001872CCPF;07/12/2022;6;0,066;R
ES0000000000001872CCPF;07/12/2022;7;0,037;R
ES0000000000001872CCPF;07/12/2022;8;0,036;R
ES0000000000001872CCPF;07/12/2022;9;0,068;R
ES0000000000001872CCPF;07/12/2022;10;0,052;R
ES0000000000001872CCPF;07/12/2022;11;0,167;R
ES0000000000001872CCPF;07/12/2022;12;0,055;R
ES0000000000001872CCPF;07/12/2022;13;0,048;R
ES0000000000001872CCPF;07/12/2022;14;0,047;R
ES0000000000001872CCPF;07/12/2022;15;0,886;R
ES0000000000001872CCPF;07/12/2022;16;0,405;R
ES0000000000001872CCPF;07/12/2022;17;0,08;R
ES0000000000001872CCPF;07/12/2022;18;0,082;R
ES0000000000001872CCPF;07/12/2022;19;0,053;R
ES0000000000001872CCPF;07/12/2022;20;0,027;R
ES0000000000001872CCPF;07/12/2022;21;0,127;R
ES0000000000001872CCPF;07/12/2022;22;0,181;R
ES0000000000001872CCPF;07/12/2022;23;0,081;R
ES0000000000001872CCPF;08/12/2022;0;0,076;R
ES0000000000001872CCPF;08/12/2022;1;0,052;R
ES0000000000001872CCPF;08/12/2022;2;0,118;R
ES0000000000001872CCPF;08/12/2022;3;0,059;R
ES0000000000001872CCPF;08/12/2022;4;0,047;R
ES0000000000001872CCPF;08/12/2022;5;0,045;R
ES0000000000001872CCPF;08/12/2022;6;0,041;R
ES0000000000001872CCPF;08/12/2022;7;0,034;R
ES0000000000001872CCPF;08/12/2022;8;0,041;R
ES0000000000001872CCPF;08/12/2022;9;0,049;R
ES0000000000001872CCPF;08/12/2022;10;0,125;R
ES0000000000001872CCPF;08/12/2022;11;0,067;R
ES0000000000001872CCPF;08/12/2022;12;0,05;R
ES0000000000001872CCPF;08/12/2022;13;0,048;R
ES0000000000001872CCPF;08/12/2022;14;0,034;R
ES0000000000001872CCPF;08/12/2022;15;0,037;R
ES0000000000001872CCPF;08/12/2022;16;0,049;R
ES0000000000001872CCPF;08/12/2022;17;0,08;R
ES0000000000001872CCPF;08/12/2022;18;0,097;R
ES0000000000001872CCPF;08/12/2022;19;0,063;R
ES0000000000001872CCPF;08/12/2022;20;0,056;R
ES0000000000001872CCPF;08/12/2022;21;0,036;R
ES0000000000001872CCPF;08/12/2022;22;0,06;R
ES0000000000001872CCPF;08/12/2022;23;0,158;R
ES0000000000001872CCPF;09/12/2022;0;0,074;R
ES0000000000001872CCPF;09/12/2022;1;0,042;R
ES0000000000001872CCPF;09/12/2022;2;0,037;R
ES0000000000001872CCPF;09/12/2022;3;0,039;R
ES0000000000001872CCPF;09/12/2022;4;0,042;R
ES0000000000001872CCPF;09/12/2022;5;0,049;R
ES0000000000001872CCPF;09/12/2022;6;0,036;R
ES0000000000001872CCPF;09/12/2022;7;0,036;R
ES0000000000001872CCPF;09/12/2022;8;0,083;R
ES0000000000001872CCPF;09/12/2022;9;0,169;R
ES0000000000001872CCPF;09/12/2022;10;0,088;R
ES0000000000001872CCPF;09/12/2022;11;0,12;R
ES0000000000001872CCPF;09/12/2022;12;0,046;R
ES0000000000001872CCPF;09/12/2022;13;0,09;R
ES0000000000001872CCPF;09/12/2022;14;0,132;R
ES0000000000001872CCPF;09/12/2022;15;0,802;R
ES0000000000001872CCPF;09/12/2022;16;0,041;R
ES0000000000001872CCPF;09/12/2022;17;0,079;R
ES0000000000001872CCPF;09/12/2022;18;0,162;R
ES0000000000001872CCPF;09/12/2022;19;0,147;R
ES0000000000001872CCPF;09/12/2022;20;1,17;R
ES0000000000001872CCPF;09/12/2022;21;0,229;R
ES0000000000001872CCPF;09/12/2022;22;0,085;R
ES0000000000001872CCPF;09/12/2022;23;0,092;R
ES0000000000001872CCPF;10/12/2022;0;0,17;R
ES0000000000001872CCPF;10/12/2022;1;0,102;R
ES0000000000001872CCPF;10/12/2022;2;0,045;R
ES0000000000001872CCPF;10/12/2022;3;0,042;R
ES0000000000001872CCPF;10/12/2022;4;0,045;R
ES0000000000001872CCPF;10/12/2022;5;0,035;R
ES0000000000001872CCPF;10/12/2022;6;0,036;R
ES0000000000001872CCPF;10/12/2022;7;0,05;R
ES0000000000001872CCPF;10/12/2022;8;0,037;R
ES0000000000001872CCPF;10/12/2022;9;0,035;R
ES0000000000001872CCPF;10/12/2022;10;0,059;R
ES0000000000001872CCPF;10/12/2022;11;0,041;R
ES0000000000001872CCPF;10/12/2022;12;0,123;R
ES0000000000001872CCPF;10/12/2022;13;0,085;R
ES0000000000001872CCPF;10/12/2022;14;0,04;R
ES0000000000001872CCPF;10/12/2022;15;0,029;R
ES0000000000001872CCPF;10/12/2022;16;0,105;R
ES0000000000001872CCPF;10/12/2022;17;0,07;R
ES0000000000001872CCPF;10/12/2022;18;0,033;R
ES0000000000001872CCPF;10/12/2022;19;0,04;R
ES0000000000001872CCPF;10/12/2022;20;0,031;R
ES0000000000001872CCPF;10/12/2022;21;0,032;R
ES0000000000001872CCPF;10/12/2022;22;0,147;R
ES0000000000001872CCPF;10/12/2022;23;0,09;R
ES0000000000001872CCPF;11/12/2022;0;0,042;R
ES0000000000001872CCPF;11/12/2022;1;0,036;R
ES0000000000001872CCPF;11/12/2022;2;0,051;R
ES0000000000001872CCPF;11/12/2022;3;0,037;R
ES0000000000001872CCPF;11/12/2022;4;0,036;R
ES0000000000001872CCPF;11/12/2022;5;0,044;R
ES0000000000001872CCPF;11/12/2022;6;0,038;R
ES0000000000001872CCPF;11/12/2022;7;0,041;R
ES0000000000001872CCPF;11/12/2022;8;0,091;R
ES0000000000001872CCPF;11/12/2022;9;0,083;R
ES0000000000001872CCPF;11/12/2022;10;0,049;R
ES0000000000001872CCPF;11/12/2022;11;0,047;R
ES0000000000001872CCPF;11/12/2022;12;0,037;R
ES0000000000001872CCPF;11/12/2022;13;0,087;R
ES0000000000001872CCPF;11/12/2022;14;0,039;R
ES0000000000001872CCPF;11/12/2022;15;0,098;R
ES0000000000001872CCPF;11/12/2022;16;0,257;R
ES0000000000001872CCPF;11/12/2022;17;0,994;R
ES0000000000001872CCPF;11/12/2022;18;0,075;R
ES0000000000001872CCPF;11/12/2022;19;0,067;R
ES0000000000001872CCPF;11/12/2022;20;0,373;R
ES0000000000001872CCPF;11/12/2022;21;0,295;R
ES0000000000001872CCPF;11/12/2022;22;0,082;R
ES0000000000001872CCPF;11/12/2022;23;0,154;R
ES0000000000001872CCPF;12/12/2022;0;0,122;R
ES0000000000001872CCPF;12/12/2022;1;0,068;R
ES0000000000001872CCPF;12/12/2022;2;0,046;R
ES0000000000001872CCPF;12/12/2022;3;0,036;R
ES0000000000001872CCPF;12/12/2022;4;0,038;R
ES0000000000001872CCPF;12/12/2022;5;0,049;R
ES0000000000001872CCPF;12/12/2022;6;0,037;R
ES0000000000001872CCPF;12/12/2022;7;0,036;R
ES0000000000001872CCPF;12/12/2022;8;0,056;R
ES0000000000001872CCPF;12/12/2022;9;0,129;R
ES0000000000001872CCPF;12/12/2022;10;0,089;R
ES0000000000001872CCPF;12/12/2022;11;0,094;R
ES0000000000001872CCPF;12/12/2022;12;0,083;R
ES0000000000001872CCPF;12/12/2022;13;0,071;R
ES0000000000001872CCPF;12/12/2022;14;0,071;R
ES0000000000001872CCPF;12/12/2022;15;0,133;R
ES0000000000001872CCPF;12/12/2022;16;0,122;R
ES0000000000001872CCPF;12/12/2022;17;0,082;R
ES0000000000001872CCPF;12/12/2022;18;0,1;R
ES0000000000001872CCPF;12/12/2022;19;0,079;R
ES0000000000001872CCPF;12/12/2022;20;0,987;R
ES0000000000001872CCPF;12/12/2022;21;1,184;R
ES0000000000001872CCPF;12/12/2022;22;0,094;R
ES0000000000001872CCPF;12/12/2022;23;0,075;R
ES0000000000001872CCPF;13/12/2022;0;0,068;R
ES0000000000001872CCPF;13/12/2022;1;0,045;R
ES0000000000001872CCPF;13/12/2022;2;0,039;R
ES0000000000001872CCPF;13/12/2022;3;0,05;R
ES0000000000001872CCPF;13/12/2022;4;0,032;R
ES0000000000001872CCPF;13/12/2022;5;0,047;R
ES0000000000001872CCPF;13/12/2022;6;0,072;R
ES0000000000001872CCPF;13/12/2022;7;0,125;R
ES0000000000001872CCPF;13/12/2022;8;0,055;R
ES0000000000001872CCPF;13/12/2022;9;0,068;R
ES0000000000001872CCPF;13/12/2022;10;0,086;R
ES0000000000001872CCPF;13/12/2022;11;0,046;R
ES0000000000001872CCPF;13/12/2022;12;0,039;R
ES0000000000001872CCPF;13/12/2022;13;0,036;R
ES0000000000001872CCPF;13/12/2022;14;0,045;R
ES0000000000001872CCPF;13/12/2022;15;0,457;R
ES0000000000001872CCPF;13/12/2022;16;0,069;R
ES0000000000001872CCPF;13/12/2022;17;0,069;R
ES0000000000001872CCPF;13/12/2022;18;0,101;R
ES0000000000001872CCPF;13/12/2022;19;0,051;R
ES0000000000001872CCPF;13/12/2022;20;0,037;R
ES0000000000001872CCPF;13/12/2022;21;0,194;R
ES0000000000001872CCPF;13/12/2022;22;0,201;R
ES0000000000001872CCPF;13/12/2022;23;0,103;R
ES0000000000001872CCPF;14/12/2022;0;0,047;R
ES0000000000001872CCPF;14/12/2022;1;0,031;R
ES0000000000001872CCPF;14/12/2022;2;0,047;R
ES0000000000001872CCPF;14/12/2022;3;0,04;R
ES0000000000001872CCPF;14/12/2022;4;0,036;R
ES0000000000001872CCPF;14/12/2022;5;0,041;R
ES0000000000001872CCPF;14/12/2022;6;0,07;R
ES0000000000001872CCPF;14/12/2022;7;0,033;R
ES0000000000001872CCPF;14/12/2022;8;0,043;R
ES0000000000001872CCPF;14/12/2022;9;0,066;R
ES0000000000001872CCPF;14/12/2022;10;0,068;R
ES0000000000001872CCPF;14/12/2022;11;0,041;R
ES0000000000001872CCPF;14/12/2022;12;0,046;R
ES0000000000001872CCPF;14/12/2022;13;0,052;R
ES0000000000001872CCPF;14/12/2022;14;0,12;R
ES0000000000001872CCPF;14/12/2022;15;0,091;R
ES0000000000001872CCPF;14/12/2022;16;0,073;R
ES0000000000001872CCPF;14/12/2022;17;0,117;R
ES0000000000001872CCPF;14/12/2022;18;0,091;R
ES0000000000001872CCPF;14/12/2022;19;0,051;R
ES0000000000001872CCPF;14/12/2022;20;0,141;R
ES0000000000001872CCPF;14/12/2022;21;0,132;R
ES0000000000001872CCPF;14/12/2022;22;1,023;R
ES0000000000001872CCPF;14/12/2022;23;0,073;R
ES0000000000001872CCPF;15/12/2022;0;0,041;R
ES0000000000001872CCPF;15/12/2022;1;0,046;R
ES0000000000001872CCPF;15/12/2022;2;0,035;R
ES0000000000001872CCPF;15/12/2022;3;0,043;R
ES0000000000001872CCPF;15/12/2022;4;0,055;R
ES0000000000001872CCPF;15/12/2022;5;0,125;R
ES0000000000001872CCPF;15/12/2022;6;0,068;R
ES0000000000001872CCPF;15/12/2022;7;0,049;R
ES0000000000001872CCPF;15/12/2022;8;0,048;R
ES0000000000001872CCPF;15/12/2022;9;0,099;R
ES0000000000001872CCPF;15/12/2022;10;0,041;R
ES0000000000001872CCPF;15/12/2022;11;0,042;R
ES0000000000001872CCPF;15/12/2022;12;0,04;R
ES0000000000001872CCPF;15/12/2022;13;0,045;R
ES0000000000001872CCPF;15/12/2022;14;0,049;R
ES0000000000001872CCPF;15/12/2022;15;0,099;R
ES0000000000001872CCPF;15/12/2022;16;0,047;R
ES0000000000001872CCPF;15/12/2022;17;0,051;R
ES0000000000001872CCPF;15/12/2022;18;0,051;R
ES0000000000001872CCPF;15/12/2022;19;0,123;R
ES0000000000001872CCPF;15/12/2022;20;0,07;R
ES0000000000001872CCPF;15/12/2022;21;0,068;R
ES0000000000001872CCPF;15/12/2022;22;0,213;R
ES0000000000001872CCPF;15/12/2022;23;0,071;R
ES0000000000001872CCPF;16/12/2022;0;0,047;R
ES0000000000001872CCPF;16/12/2022;1;0,052;R
ES0000000000001872CCPF;16/12/2022;2;0,038;R
ES0000000000001872CCPF;16/12/2022;3;0,039;R
ES0000000000001872CCPF;16/12/2022;4;0,046;R
ES0000000000001872CCPF;16/12/2022;5;0,051;R
ES0000000000001872CCPF;16/12/2022;6;0,038;R
ES0000000000001872CCPF;16/12/2022;7;0,043;R
ES0000000000001872CCPF;16/12/2022;8;0,163;R
ES0000000000001872CCPF;16/12/2022;9;0,107;R
ES0000000000001872CCPF;16/12/2022;10;0,044;R
ES0000000000001872CCPF;16/12/2022;11;0,038;R
ES0000000000001872CCPF;16/12/2022;12;0,067;R
ES0000000000001872CCPF;16/12/2022;13;0,101;R
ES0000000000001872CCPF;16/12/2022;14;0,103;R
ES0000000000001872CCPF;16/12/2022;15;0,069;R
ES0000000000001872CCPF;16/12/2022;16;0,12;R
ES0000000000001872CCPF;16/12/2022;17;0,075;R
ES0000000000001872CCPF;16/12/2022;18;0,1;R
ES0000000000001872CCPF;16/12/2022;19;0,108;R
ES0000000000001872CCPF;16/12/2022;20;0,074;R
ES0000000000001872CCPF;16/12/2022;21;0,147;R
ES0000000000001872CCPF;16/12/2022;22;0,301;R
ES0000000000001872CCPF;16/12/2022;23;0,144;R
ES0000000000001872CCPF;17/12/2022;0;0,062;R
ES0000000000001872CCPF;17/12/2022;1;0,047;R
ES0000000000001872CCPF;17/12/2022;2;0,036;R
ES0000000000001872CCPF;17/12/2022;3;0,046;R
ES0000000000001872CCPF;17/12/2022;4;0,042;R
ES0000000000001872CCPF;17/12/2022;5;0,038;R
ES0000000000001872CCPF;17/12/2022;6;0,05;R
ES0000000000001872CCPF;17/12/2022;7;0,032;R
ES0000000000001872CCPF;17/12/2022;8;0,069;R
ES0000000000001872CCPF;17/12/2022;9;0,104;R
ES0000000000001872CCPF;17/12/2022;10;0,075;R
ES0000000000001872CCPF;17/12/2022;11;0,103;R
ES0000000000001872CCPF;17/12/2022;12;0,064;R
ES0000000000001872CCPF;17/12/2022;13;0,191;R
ES0000000000001872CCPF;17/12/2022;14;0,13;R
ES0000000000001872CCPF;17/12/2022;15;0,073;R
ES0000000000001872CCPF;17/12/2022;16;0,036;R
ES0000000000001872CCPF;17/12/2022;17;0,027;R
ES0000000000001872CCPF;17/12/2022;18;0,044;R
ES0000000000001872CCPF;17/12/2022;19;0,029;R
ES0000000000001872CCPF;17/12/2022;20;0,028;R
ES0000000000001872CCPF;17/12/2022;21;0,036;R
ES0000000000001872CCPF;17/12/2022;22;0,047;R
ES0000000000001872CCPF;17/12/2022;23;0,092;R
ES0000000000001872CCPF;18/12/2022;0;0,098;R
ES0000000000001872CCPF;18/12/2022;1;0,083;R
ES0000000000001872CCPF;18/12/2022;2;0,079;R
ES0000000000001872CCPF;18/12/2022;3;0,063;R
ES0000000000001872CCPF;18/12/2022;4;0,04;R
ES0000000000001872CCPF;18/12/2022;5;0,11;R
ES0000000000001872CCPF;18/12/2022;6;0,075;R
ES0000000000001872CCPF;18/12/2022;7;0,065;R
ES0000000000001872CCPF;18/12/2022;8;0,065;R
ES0000000000001872CCPF;18/12/2022;9;0,067;R
ES0000000000001872CCPF;18/12/2022;10;0,057;R
ES0000000000001872CCPF;18/12/2022;11;0,083;R
ES0000000000001872CCPF;18/12/2022;12;0,031;R
ES0000000000001872CCPF;18/12/2022;13;0,031;R
ES0000000000001872CCPF;18/12/2022;14;0,03;R
ES0000000000001872CCPF;18/12/2022;15;0,037;R
ES0000000000001872CCPF;18/12/2022;16;0,039;R
ES0000000000001872CCPF;18/12/2022;17;0,027;R
ES0000000000001872CCPF;18/12/2022;18;0,037;R
ES0000000000001872CCPF;18/12/2022;19;0,039;R
ES0000000000001872CCPF;18/12/2022;20;0,037;R
ES0000000000001872CCPF;18/12/2022;21;0,113;R
ES0000000000001872CCPF;18/12/2022;22;0,117;R
ES0000000000001872CCPF;18/12/2022;23;0,098;R
ES0000000000001872CCPF;19/12/2022;0;0,089;R
ES0000000000001872CCPF;19/12/2022;1;0,088;R
ES0000000000001872CCPF;19/12/2022;2;0,043;R
ES0000000000001872CCPF;19/12/2022;3;0,039;R
ES0000000000001872CCPF;19/12/2022;4;0,039;R
ES0000000000001872CCPF;19/12/2022;5;0,05;R
ES0000000000001872CCPF;19/12/2022;6;0,041;R
ES0000000000001872CCPF;19/12/2022;7;0,07;R
ES0000000000001872CCPF;19/12/2022;8;0,086;R
ES0000000000001872CCPF;19/12/2022;9;0,07;R
ES0000000000001872CCPF;19/12/2022;10;0,102;R
ES0000000000001872CCPF;19/12/2022;11;0,074;R
ES0000000000001872CCPF;19/12/2022;12;0,092;R
ES0000000000001872CCPF;19/12/2022;13;0,118;R
ES0000000000001872CCPF;19/12/2022;14;0,071;R
ES0000000000001872CCPF;19/12/2022;15;0,2;R
ES0000000000001872CCPF;19/12/2022;16;0,213;R
ES0000000000001872CCPF;19/12/2022;17;0,072;R
ES0000000000001872CCPF;19/12/2022;18;0,959;R
ES0000000000001872CCPF;19/12/2022;19;0,061;R
ES0000000000001872CCPF;19/12/2022;20;0,058;R
ES0000000000001872CCPF;19/12/2022;21;0,089;R
ES0000000000001872CCPF;19/12/2022;22;0,071;R
ES0000000000001872CCPF;19/12/2022;23;0,125;R
ES0000000000001872CCPF;20/12/2022;0;0,071;R
ES0000000000001872CCPF;20/12/2022;1;0,04;R
ES0000000000001872CCPF;20/12/2022;2;0,05;R
ES0000000000001872CCPF;20/12/2022;3;0,039;R
ES0000000000001872CCPF;20/12/2022;4;0,092;R
ES0000000000001872CCPF;20/12/2022;5;0,085;R
ES0000000000001872CCPF;20/12/2022;6;0,049;R
ES0000000000001872CCPF;20/12/2022;7;0,053;R
ES0000000000001872CCPF;20/12/2022;8;0,036;R
ES0000000000001872CCPF;20/12/2022;9;0,079;R
ES0000000000001872CCPF;20/12/2022;10;0,039;R
ES0000000000001872CCPF;20/12/2022;11;0,044;R
ES0000000000001872CCPF;20/12/2022;12;0,04;R
ES0000000000001872CCPF;20/12/2022;13;0,046;R
ES0000000000001872CCPF;20/12/2022;14;0,035;R
ES0000000000001872CCPF;20/12/2022;15;0,107;R
ES0000000000001872CCPF;20/12/2022;16;0,078;R
ES0000000000001872CCPF;20/12/2022;17;0,085;R
ES0000000000001872CCPF;20/12/2022;18;0,064;R
ES0000000000001872CCPF;20/12/2022;19;0,05;R
ES0000000000001872CCPF;20/12/2022;20;0,139;R
ES0000000000001872CCPF;20/12/2022;21;0,227;R
ES0000000000001872CCPF;20/12/2022;22;0,094;R
ES0000000000001872CCPF;20/12/2022;23;0,085;R
ES0000000000001872CCPF;21/12/2022;0;0,084;R
ES0000000000001872CCPF;21/12/2022;1;0,056;R
ES0000000000001872CCPF;21/12/2022;2;0,045;R
ES0000000000001872CCPF;21/12/2022;3;0,035;R
ES0000000000001872CCPF;21/12/2022;4;0,036;R
ES0000000000001872CCPF;21/12/2022;5;0,045;R
ES0000000000001872CCPF;21/12/2022;6;0,044;R
ES0000000000001872CCPF;21/12/2022;7;0,035;R
ES0000000000001872CCPF;21/12/2022;8;0,033;R
ES0000000000001872CCPF;21/12/2022;9;0,099;R
ES0000000000001872CCPF;21/12/2022;10;0,059;R
ES0000000000001872CCPF;21/12/2022;11;0,047;R
ES0000000000001872CCPF;21/12/2022;12;0,138;R
ES0000000000001872CCPF;21/12/2022;13;0,09;R
ES0000000000001872CCPF;21/12/2022;14;0,461;R
ES0000000000001872CCPF;21/12/2022;15;1,679;R
ES0000000000001872CCPF;21/12/2022;16;0,2;R
ES0000000000001872CCPF;21/12/2022;17;0,04;R
ES0000000000001872CCPF;21/12/2022;18;0,036;R
ES0000000000001872CCPF;21/12/2022;19;0,044;R
ES0000000000001872CCPF;21/12/2022;20;0,045;R
ES0000000000001872CCPF;21/12/2022;21;0,035;R
ES0000000000001872CCPF;21/12/2022;22;0,037;R
ES0000000000001872CCPF;21/12/2022;23;0,182;R
ES0000000000001872CCPF;22/12/2022;0;0,059;R
ES0000000000001872CCPF;22/12/2022;1;0,037;R
ES0000000000001872CCPF;22/12/2022;2;0,037;R
ES0000000000001872CCPF;22/12/2022;3;0,119;R
ES0000000000001872CCPF;22/12/2022;4;0,081;R
ES0000000000001872CCPF;22/12/2022;5;0,046;R
ES0000000000001872CCPF;22/12/2022;6;0,034;R
ES0000000000001872CCPF;22/12/2022;7;0,04;R
ES0000000000001872CCPF;22/12/2022;8;0,049;R
ES0000000000001872CCPF;22/12/2022;9;0,088;R
ES0000000000001872CCPF;22/12/2022;10;0,038;R
ES0000000000001872CCPF;22/12/2022;11;0,031;R
ES0000000000001872CCPF;22/12/2022;12;0,038;R
ES0000000000001872CCPF;22/12/2022;13;0,038;R
ES0000000000001872CCPF;22/12/2022;14;0,064;R
ES0000000000001872CCPF;22/12/2022;15;0,235;R
ES0000000000001872CCPF;22/12/2022;16;0,478;R
ES0000000000001872CCPF;22/12/2022;17;0,082;R
ES0000000000001872CCPF;22/12/2022;18;0,095;R
ES0000000000001872CCPF;22/12/2022;19;0,15;R
ES0000000000001872CCPF;22/12/2022;20;0,064;R
ES0000000000001872CCPF;22/12/2022;21;0,123;R
ES0000000000001872CCPF;22/12/2022;22;0,107;R
ES0000000000001872CCPF;22/12/2022;23;0,103;R
ES0000000000001872CCPF;23/12/2022;0;0,094;R
ES0000000000001872CCPF;23/12/2022;1;0,058;R
ES0000000000001872CCPF;23/12/2022;2;0,039;R
ES0000000000001872CCPF;23/12/2022;3;0,041;R
ES0000000000001872CCPF;23/12/2022;4;0,048;R
ES0000000000001872CCPF;23/12/2022;5;0,038;R
ES0000000000001872CCPF;23/12/2022;6;0,036;R
ES0000000000001872CCPF;23/12/2022;7;0,048;R
ES0000000000001872CCPF;23/12/2022;8;0,035;R
ES0000000000001872CCPF;23/12/2022;9;0,267;R
ES0000000000001872CCPF;23/12/2022;10;0,174;R
ES0000000000001872CCPF;23/12/2022;11;0,157;R
ES0000000000001872CCPF;23/12/2022;12;0,041;R
ES0000000000001872CCPF;23/12/2022;13;0,045;R
ES0000000000001872CCPF;23/12/2022;14;0,098;R
ES0000000000001872CCPF;23/12/2022;15;0,974;R
ES0000000000001872CCPF;23/12/2022;16;0,072;R
ES0000000000001872CCPF;23/12/2022;17;0,04;R
ES0000000000001872CCPF;23/12/2022;18;0,036;R
ES0000000000001872CCPF;23/12/2022;19;0,036;R
ES0000000000001872CCPF;23/12/2022;20;0,068;R
ES0000000000001872CCPF;23/12/2022;21;0,152;R
ES0000000000001872CCPF;23/12/2022;22;0,082;R
ES0000000000001872CCPF;23/12/2022;23;0,064;R
ES0000000000001872CCPF;24/12/2022;0;0,039;R
ES0000000000001872CCPF;24/12/2022;1;0,11;R
ES0000000000001872CCPF;24/12/2022;2;0,081;R
ES0000000000001872CCPF;24/12/2022;3;0,041;R
ES0000000000001872CCPF;24/12/2022;4;0,036;R
ES0000000000001872CCPF;24/12/2022;5;0,037;R
ES0000000000001872CCPF;24/12/2022;6;0,048;R
ES0000000000001872CCPF;24/12/2022;7;0,043;R
ES0000000000001872CCPF;24/12/2022;8;0,04;R
ES0000000000001872CCPF;24/12/2022;9;0,035;R
ES0000000000001872CCPF;24/12/2022;10;0,04;R
ES0000000000001872CCPF;24/12/2022;11;0,117;R
ES0000000000001872CCPF;24/12/2022;12;0,182;R
ES0000000000001872CCPF;24/12/2022;13;0,136;R
ES0000000000001872CCPF;24/12/2022;14;0,031;R
ES0000000000001872CCPF;24/12/2022;15;0,04;R
ES0000000000001872CCPF;24/12/2022;16;0,039;R
ES0000000000001872CCPF;24/12/2022;17;0,117;R
ES0000000000001872CCPF;24/12/2022;18;0,043;R
ES0000000000001872CCPF;24/12/2022;19;0,043;R
ES0000000000001872CCPF;24/12/2022;20;0,035;R
ES0000000000001872CCPF;24/12/2022;21;0,03;R
ES0000000000001872CCPF;24/12/2022;22;0,036;R
ES0000000000001872CCPF;24/12/2022;23;0,032;R
ES0000000000001872CCPF;25/12/2022;0;0,027;R
ES0000000000001872CCPF;25/12/2022;1;0,038;R
ES0000000000001872CCPF;25/12/2022;2;0,035;R
ES0000000000001872CCPF;25/12/2022;3;0,026;R
ES0000000000001872CCPF;25/12/2022;4;0,036;R
ES0000000000001872CCPF;25/12/2022;5;0,035;R
ES0000000000001872CCPF;25/12/2022;6;0,029;R
ES0000000000001872CCPF;25/12/2022;7;0,028;R
ES0000000000001872CCPF;25/12/2022;8;0,035;R
ES0000000000001872CCPF;25/12/2022;9;0,03;R
ES0000000000001872CCPF;25/12/2022;10;0,03;R
ES0000000000001872CCPF;25/12/2022;11;0,032;R
ES0000000000001872CCPF;25/12/2022;12;0,037;R
ES0000000000001872CCPF;25/12/2022;13;0,027;R
ES0000000000001872CCPF;25/12/2022;14;0,037;R
ES0000000000001872CCPF;25/12/2022;15;0,026;R
ES0000000000001872CCPF;25/12/2022;16;0,05;R
ES0000000000001872CCPF;25/12/2022;17;0,113;R
ES0000000000001872CCPF;25/12/2022;18;0,041;R
ES0000000000001872CCPF;25/12/2022;19;0,046;R
ES0000000000001872CCPF;25/12/2022;20;0,033;R
ES0000000000001872CCPF;25/12/2022;21;0,028;R
ES0000000000001872CCPF;25/12/2022;22;0,027;R
ES0000000000001872CCPF;25/12/2022;23;0,041;R
ES0000000000001872CCPF;26/12/2022;0;0,034;R
ES0000000000001872CCPF;26/12/2022;1;0,026;R
ES0000000000001872CCPF;26/12/2022;2;0,029;R
ES0000000000001872CCPF;26/12/2022;3;0,039;R
ES0000000000001872CCPF;26/12/2022;4;0,036;R
ES0000000000001872CCPF;26/12/2022;5;0,027;R
ES0000000000001872CCPF;26/12/2022;6;0,029;R
ES0000000000001872CCPF;26/12/2022;7;0,028;R
ES0000000000001872CCPF;26/12/2022;8;0,039;R
ES0000000000001872CCPF;26/12/2022;9;0,031;R
ES0000000000001872CCPF;26/12/2022;10;0,026;R
ES0000000000001872CCPF;26/12/2022;11;0,033;R
ES0000000000001872CCPF;26/12/2022;12;0,036;R
ES0000000000001872CCPF;26/12/2022;13;0,027;R
ES0000000000001872CCPF;26/12/2022;14;0,029;R
ES0000000000001872CCPF;26/12/2022;15;0,04;R
ES0000000000001872CCPF;26/12/2022;16;0,04;R
ES0000000000001872CCPF;26/12/2022;17;0,117;R
ES0000000000001872CCPF;26/12/2022;18;0,041;R
ES0000000000001872CCPF;26/12/2022;19;0,044;R
ES0000000000001872CCPF;26/12/2022;20;0,035;R
ES0000000000001872CCPF;26/12/2022;21;0,025;R
ES0000000000001872CCPF;26/12/2022;22;0,083;R
ES0000000000001872CCPF;26/12/2022;23;0,173;R
ES0000000000001872CCPF;27/12/2022;0;0,086;R
ES0000000000001872CCPF;27/12/2022;1;0,039;R
ES0000000000001872CCPF;27/12/2022;2;0,049;R
ES0000000000001872CCPF;27/12/2022;3;0,04;R
ES0000000000001872CCPF;27/12/2022;4;0,033;R
ES0000000000001872CCPF;27/12/2022;5;0,043;R
ES0000000000001872CCPF;27/12/2022;6;0,048;R
ES0000000000001872CCPF;27/12/2022;7;0,067;R
ES0000000000001872CCPF;27/12/2022;8;0,102;R
ES0000000000001872CCPF;27/12/2022;9;0,049;R
ES0000000000001872CCPF;27/12/2022;10;0,112;R
ES0000000000001872CCPF;27/12/2022;11;0,036;R
ES0000000000001872CCPF;27/12/2022;12;0,033;R
ES0000000000001872CCPF;27/12/2022;13;0,034;R
ES0000000000001872CCPF;27/12/2022;14;0,044;R
ES0000000000001872CCPF;27/12/2022;15;0,198;R
ES0000000000001872CCPF;27/12/2022;16;0,075;R
ES0000000000001872CCPF;27/12/2022;17;0,064;R
ES0000000000001872CCPF;27/12/2022;18;0,044;R
ES0000000000001872CCPF;27/12/2022;19;0,058;R
ES0000000000001872CCPF;27/12/2022;20;0,061;R
ES0000000000001872CCPF;27/12/2022;21;0,191;R
ES0000000000001872CCPF;27/12/2022;22;0,179;R
ES0000000000001872CCPF;27/12/2022;23;0,127;R
ES0000000000001872CCPF;28/12/2022;0;0,071;R
ES0000000000001872CCPF;28/12/2022;1;0,05;R
ES0000000000001872CCPF;28/12/2022;2;0,034;R
ES0000000000001872CCPF;28/12/2022;3;0,046;R
ES0000000000001872CCPF;28/12/2022;4;0,045;R
ES0000000000001872CCPF;28/12/2022;5;0,036;R
ES0000000000001872CCPF;28/12/2022;6;0,034;R
ES0000000000001872CCPF;28/12/2022;7;0,044;R
ES0000000000001872CCPF;28/12/2022;8;0,043;R
ES0000000000001872CCPF;28/12/2022;9;0,044;R
ES0000000000001872CCPF;28/12/2022;10;0,082;R
ES0000000000001872CCPF;28/12/2022;11;0,042;R
ES0000000000001872CCPF;28/12/2022;12;0,092;R
ES0000000000001872CCPF;28/12/2022;13;0,764;R
ES0000000000001872CCPF;28/12/2022;14;0,271;R
ES0000000000001872CCPF;28/12/2022;15;0,106;R
ES0000000000001872CCPF;28/12/2022;16;0,07;R
ES0000000000001872CCPF;28/12/2022;17;0,053;R
ES0000000000001872CCPF;28/12/2022;18;0,043;R
ES0000000000001872CCPF;28/12/2022;19;0,05;R
ES0000000000001872CCPF;28/12/2022;20;0,105;R
ES0000000000001872CCPF;28/12/2022;21;0,162;R
ES0000000000001872CCPF;28/12/2022;22;0,124;R
ES0000000000001872CCPF;28/12/2022;23;0,098;R
ES0000000000001872CCPF;29/12/2022;0;0,08;R
ES0000000000001872CCPF;29/12/2022;1;0,092;R
ES0000000000001872CCPF;29/12/2022;2;0,056;R
ES0000000000001872CCPF;29/12/2022;3;0,034;R
ES0000000000001872CCPF;29/12/2022;4;0,117;R
ES0000000000001872CCPF;29/12/2022;5;0,078;R
ES0000000000001872CCPF;29/12/2022;6;0,04;R
ES0000000000001872CCPF;29/12/2022;7;0,034;R
ES0000000000001872CCPF;29/12/2022;8;0,049;R
ES0000000000001872CCPF;29/12/2022;9;0,036;R
ES0000000000001872CCPF;29/12/2022;10;0,034;R
ES0000000000001872CCPF;29/12/2022;11;0,091;R
ES0000000000001872CCPF;29/12/2022;12;0,957;R
ES0000000000001872CCPF;29/12/2022;13;0,055;R
ES0000000000001872CCPF;29/12/2022;14;0,338;R
ES0000000000001872CCPF;29/12/2022;15;0,132;R
ES0000000000001872CCPF;29/12/2022;16;0,047;R
ES0000000000001872CCPF;29/12/2022;17;0,043;R
ES0000000000001872CCPF;29/12/2022;18;0,064;R
ES0000000000001872CCPF;29/12/2022;19;0,082;R
ES0000000000001872CCPF;29/12/2022;20;0,155;R
ES0000000000001872CCPF;29/12/2022;21;0,146;R
ES0000000000001872CCPF;29/12/2022;22;0,093;R
ES0000000000001872CCPF;29/12/2022;23;0,092;R
ES0000000000001872CCPF;30/12/2022;0;0,072;R
ES0000000000001872CCPF;30/12/2022;1;0,038;R
ES0000000000001872CCPF;30/12/2022;2;0,038;R
ES0000000000001872CCPF;30/12/2022;3;0,049;R
ES0000000000001872CCPF;30/12/2022;4;0,04;R
ES0000000000001872CCPF;30/12/2022;5;0,036;R
ES0000000000001872CCPF;30/12/2022;6;0,037;R
ES0000000000001872CCPF;30/12/2022;7;0,048;R
ES0000000000001872CCPF;30/12/2022;8;0,038;R
ES0000000000001872CCPF;30/12/2022;9;0,036;R
ES0000000000001872CCPF;30/12/2022;10;0,046;R
ES0000000000001872CCPF;30/12/2022;11;0,085;R
ES0000000000001872CCPF;30/12/2022;12;0,179;R
ES0000000000001872CCPF;30/12/2022;13;0,363;R
ES0000000000001872CCPF;30/12/2022;14;0,441;R
ES0000000000001872CCPF;30/12/2022;15;0,141;R
ES0000000000001872CCPF;30/12/2022;16;0,077;R
ES0000000000001872CCPF;30/12/2022;17;0,076;R
ES0000000000001872CCPF;30/12/2022;18;0,073;R
ES0000000000001872CCPF;30/12/2022;19;0,067;R
ES0000000000001872CCPF;30/12/2022;20;0,062;R
ES0000000000001872CCPF;30/12/2022;21;0,244;R
ES0000000000001872CCPF;30/12/2022;22;0,094;R
ES0000000000001872CCPF;30/12/2022;23;0,079;R
ES0000000000001872CCPF;31/12/2022;0;0,065;R
ES0000000000001872CCPF;31/12/2022;1;0,054;R
ES0000000000001872CCPF;31/12/2022;2;0,105;R
ES0000000000001872CCPF;31/12/2022;3;0,079;R
ES0000000000001872CCPF;31/12/2022;4;0,056;R
ES0000000000001872CCPF;31/12/2022;5;0,045;R
ES0000000000001872CCPF;31/12/2022;6;0,036;R
ES0000000000001872CCPF;31/12/2022;7;0,041;R
ES0000000000001872CCPF;31/12/2022;8;0,035;R
ES0000000000001872CCPF;31/12/2022;9;0,048;R
ES0000000000001872CCPF;31/12/2022;10;0,051;R
ES0000000000001872CCPF;31/12/2022;11;0,044;R
ES0000000000001872CCPF;31/12/2022;12;0,217;R
ES0000000000001872CCPF;31/12/2022;13;0,039;R
ES0000000000001872CCPF;31/12/2022;14;0,065;R
ES0000000000001872CCPF;31/12/2022;15;0,028;R
ES0000000000001872CCPF;31/12/2022;16;0,035;R
ES0000000000001872CCPF;31/12/2022;17;0,041;R
ES0000000000001872CCPF;31/12/2022;18;0,055;R
ES0000000000001872CCPF;31/12/2022;19;0,1;R
ES0000000000001872CCPF;31/12/2022;20;0,045;R
ES0000000000001872CCPF;31/12/2022;21;0,044;R
ES0000000000001872CCPF;31/12/2022;22;0,025;R
ES0000000000001872CCPF;31/12/2022;23;0,029;R
ES0000000000001872CCPF;01/01/2023;0;0,04;R
ES0000000000001872CCPF;01/01/2023;1;0,025;R
ES0000000000001872CCPF;01/01/2023;2;0,031;R
ES0000000000001872CCPF;01/01/2023;3;0,033;R
ES0000000000001872CCPF;01/01/2023;4;0,031;R
ES0000000000001872CCPF;01/01/2023;5;0,038;R
ES0000000000001872CCPF;01/01/2023;6;0,039;R
ES0000000000001872CCPF;01/01/2023;7;0,033;R
ES0000000000001872CCPF;01/01/2023;8;0,032;R
ES0000000000001872CCPF;01/01/2023;9;0,031;R
ES0000000000001872CCPF;01/01/2023;10;0,028;R
ES0000000000001872CCPF;01/01/2023;11;0,032;R
ES0000000000001872CCPF;01/01/2023;12;0,035;R
ES0000000000001872CCPF;01/01/2023;13;0,039;R
ES0000000000001872CCPF;01/01/2023;14;0,033;R
ES0000000000001872CCPF;01/01/2023;15;0,031;R
ES0000000000001872CCPF;01/01/2023;16;0,03;R
ES0000000000001872CCPF;01/01/2023;17;0,043;R
ES0000000000001872CCPF;01/01/2023;18;0,046;R
ES0000000000001872CCPF;01/01/2023;19;0,102;R
ES0000000000001872CCPF;01/01/2023;20;0,043;R
ES0000000000001872CCPF;01/01/2023;21;0,046;R
ES0000000000001872CCPF;01/01/2023;22;0,071;R
ES0000000000001872CCPF;01/01/2023;23;0,115;R
ES0000000000001872CCPF;02/01/2023;0;0,077;R
ES0000000000001872CCPF;02/01/2023;1;0,039;R
ES0000000000001872CCPF;02/01/2023;2;0,034;R
ES0000000000001872CCPF;02/01/2023;3;0,043;R
ES0000000000001872CCPF;02/01/2023;4;0,046;R
ES0000000000001872CCPF;02/01/2023;5;0,035;R
ES0000000000001872CCPF;02/01/2023;6;0,035;R
ES0000000000001872CCPF;02/01/2023;7;0,05;R
ES0000000000001872CCPF;02/01/2023;8;0,037;R
ES0000000000001872CCPF;02/01/2023;9;0,037;R
ES0000000000001872CCPF;02/01/2023;10;0,164;R
ES0000000000001872CCPF;02/01/2023;11;0,101;R
ES0000000000001872CCPF;02/01/2023;12;0,044;R
ES0000000000001872CCPF;02/01/2023;13;0,045;R
ES0000000000001872CCPF;02/01/2023;14;0,076;R
ES0000000000001872CCPF;02/01/2023;15;0,152;R
ES0000000000001872CCPF;02/01/2023;16;0,053;R
ES0000000000001872CCPF;02/01/2023;17;0,038;R
ES0000000000001872CCPF;02/01/2023;18;0,048;R
ES0000000000001872CCPF;02/01/2023;19;0,698;R
ES0000000000001872CCPF;02/01/2023;20;0,423;R
ES0000000000001872CCPF;02/01/2023;21;0,411;R
ES0000000000001872CCPF;02/01/2023;22;0,255;R
ES0000000000001872CCPF;02/01/2023;23;0,082;R
ES0000000000001872CCPF;03/01/2023;0;0,143;R
ES0000000000001872CCPF;03/01/2023;1;0,087;R
ES0000000000001872CCPF;03/01/2023;2;0,043;R
ES0000000000001872CCPF;03/01/2023;3;0,036;R
ES0000000000001872CCPF;03/01/2023;4;0,038;R
ES0000000000001872CCPF;03/01/2023;5;0,047;R
ES0000000000001872CCPF;03/01/2023;6;0,04;R
ES0000000000001872CCPF;03/01/2023;7;0,036;R
ES0000000000001872CCPF;03/01/2023;8;0,035;R
ES0000000000001872CCPF;03/01/2023;9;0,053;R
ES0000000000001872CCPF;03/01/2023;10;0,046;R
ES0000000000001872CCPF;03/01/2023;11;0,12;R
ES0000000000001872CCPF;03/01/2023;12;0,236;R
ES0000000000001872CCPF;03/01/2023;13;0,076;R
ES0000000000001872CCPF;03/01/2023;14;0,103;R
ES0000000000001872CCPF;03/01/2023;15;0,263;R
ES0000000000001872CCPF;03/01/2023;16;0,159;R
ES0000000000001872CCPF;03/01/2023;17;0,065;R
ES0000000000001872CCPF;03/01/2023;18;0,05;R
ES0000000000001872CCPF;03/01/2023;19;0,05;R
ES0000000000001872CCPF;03/01/2023;20;0,035;R
ES0000000000001872CCPF;03/01/2023;21;0,036;R
ES0000000000001872CCPF;03/01/2023;22;0,053;R
ES0000000000001872CCPF;03/01/2023;23;0,099;R
ES0000000000001872CCPF;04/01/2023;0;0,09;R
ES0000000000001872CCPF;04/01/2023;1;0,09;R
ES0000000000001872CCPF;04/01/2023;2;0,054;R
ES0000000000001872CCPF;04/01/2023;3;0,047;R
ES0000000000001872CCPF;04/01/2023;4;0,039;R
ES0000000000001872CCPF;04/01/2023;5;0,037;R
ES0000000000001872CCPF;04/01/2023;6;0,04;R
ES0000000000001872CCPF;04/01/2023;7;0,109;R
ES0000000000001872CCPF;04/01/2023;8;0,081;R
ES0000000000001872CCPF;04/01/2023;9;0,041;R
ES0000000000001872CCPF;04/01/2023;10;0,038;R
ES0000000000001872CCPF;04/01/2023;11;0,107;R
ES0000000000001872CCPF;04/01/2023;12;0,045;R
ES0000000000001872CCPF;04/01/2023;13;0,056;R
ES0000000000001872CCPF;04/01/2023;14;0,227;R
ES0000000000001872CCPF;04/01/2023;15;0,377;R
ES0000000000001872CCPF;04/01/2023;16;0,069;R
ES0000000000001872CCPF;04/01/2023;17;0,072;R
ES0000000000001872CCPF;04/01/2023;18;0,051;R
ES0000000000001872CCPF;04/01/2023;19;0,074;R
ES0000000000001872CCPF;04/01/2023;20;0,123;R
ES0000000000001872CCPF;04/01/2023;21;0,14;R
ES0000000000001872CCPF;04/01/2023;22;0,241;R
ES0000000000001872CCPF;04/01/2023;23;0,174;R
ES0000000000001872CCPF;05/01/2023;0;0,104;R
ES0000000000001872CCPF;05/01/2023;1;0,093;R
ES0000000000001872CCPF;05/01/2023;2;0,052;R
ES0000000000001872CCPF;05/01/2023;3;0,039;R
ES0000000000001872CCPF;05/01/2023;4;0,034;R
ES0000000000001872CCPF;05/01/2023;5;0,04;R
ES0000000000001872CCPF;05/01/2023;6;0,047;R
ES0000000000001872CCPF;05/01/2023;7;0,039;R
ES0000000000001872CCPF;05/01/2023;8;0,038;R
ES0000000000001872CCPF;05/01/2023;9;0,043;R
ES0000000000001872CCPF;05/01/2023;10;0,854;R
ES0000000000001872CCPF;05/01/2023;11;0,049;R
ES0000000000001872CCPF;05/01/2023;12;0,139;R
ES0000000000001872CCPF;05/01/2023;13;0,785;R
ES0000000000001872CCPF;05/01/2023;14;0,859;R
ES0000000000001872CCPF;05/01/2023;15;0,272;R
ES0000000000001872CCPF;05/01/2023;16;0,089;R
ES0000000000001872CCPF;05/01/2023;17;0,083;R
ES0000000000001872CCPF;05/01/2023;18;0,083;R
ES0000000000001872CCPF;05/01/2023;19;0,031;R
ES0000000000001872CCPF;05/01/2023;20;0,04;R
ES0000000000001872CCPF;05/01/2023;21;0,038;R
ES0000000000001872CCPF;05/01/2023;22;0,024;R
ES0000000000001872CCPF;05/01/2023;23;0,035;R
ES0000000000001872CCPF;06/01/2023;0;0,036;R
ES0000000000001872CCPF;06/01/2023;1;0,025;R
ES0000000000001872CCPF;06/01/2023;2;0,036;R
ES0000000000001872CCPF;06/01/2023;3;0,117;R
ES0000000000001872CCPF;06/01/2023;4;0,052;R
ES0000000000001872CCPF;06/01/2023;5;0,032;R
ES0000000000001872CCPF;06/01/2023;6;0,038;R
ES0000000000001872CCPF;06/01/2023;7;0,031;R
ES0000000000001872CCPF;06/01/2023;8;0,035;R
ES0000000000001872CCPF;06/01/2023;9;0,029;R
ES0000000000001872CCPF;06/01/2023;10;0,036;R
ES0000000000001872CCPF;06/01/2023;11;0,035;R
ES0000000000001872CCPF;06/01/2023;12;0,029;R
ES0000000000001872CCPF;06/01/2023;13;0,027;R
ES0000000000001872CCPF;06/01/2023;14;0,043;R
ES0000000000001872CCPF;06/01/2023;15;0,031;R
ES0000000000001872CCPF;06/01/2023;16;0,027;R
ES0000000000001872CCPF;06/01/2023;17;0,032;R
ES0000000000001872CCPF;06/01/2023;18;0,041;R
ES0000000000001872CCPF;06/01/2023;19;0,025;R
ES0000000000001872CCPF;06/01/2023;20;0,027;R
ES0000000000001872CCPF;06/01/2023;21;0,038;R
ES0000000000001872CCPF;06/01/2023;22;0,037;R
ES0000000000001872CCPF;06/01/2023;23;0,031;R
ES0000000000001872CCPF;07/01/2023;0;0,03;R
ES0000000000001872CCPF;07/01/2023;1;0,027;R
ES0000000000001872CCPF;07/01/2023;2;0,031;R
ES0000000000001872CCPF;07/01/2023;3;0,113;R
ES0000000000001872CCPF;07/01/2023;4;0,064;R
ES0000000000001872CCPF;07/01/2023;5;0,033;R
ES0000000000001872CCPF;07/01/2023;6;0,029;R
ES0000000000001872CCPF;07/01/2023;7;0,03;R
ES0000000000001872CCPF;07/01/2023;8;0,041;R
ES0000000000001872CCPF;07/01/2023;9;0,032;R
ES0000000000001872CCPF;07/01/2023;10;0,027;R
ES0000000000001872CCPF;07/01/2023;11;0,032;R
ES0000000000001872CCPF;07/01/2023;12;0,027;R
ES0000000000001872CCPF;07/01/2023;13;0,03;R
ES0000000000001872CCPF;07/01/2023;14;0,035;R
ES0000000000001872CCPF;07/01/2023;15;0,03;R
ES0000000000001872CCPF;07/01/2023;16;0,037;R
ES0000000000001872CCPF;07/01/2023;17;0,029;R
ES0000000000001872CCPF;07/01/2023;18;0,029;R
ES0000000000001872CCPF;07/01/2023;19;0,029;R
ES0000000000001872CCPF;07/01/2023;20;0,036;R
ES0000000000001872CCPF;07/01/2023;21;0,108;R
ES0000000000001872CCPF;07/01/2023;22;0,18;R
ES0000000000001872CCPF;07/01/2023;23;0,083;R
ES0000000000001872CCPF;08/01/2023;0;0,046;R
ES0000000000001872CCPF;08/01/2023;1;0,049;R
ES0000000000001872CCPF;08/01/2023;2;0,04;R
ES0000000000001872CCPF;08/01/2023;3;0,041;R
ES0000000000001872CCPF;08/01/2023;4;0,036;R
ES0000000000001872CCPF;08/01/2023;5;0,039;R
ES0000000000001872CCPF;08/01/2023;6;0,038;R
ES0000000000001872CCPF;08/01/2023;7;0,043;R
ES0000000000001872CCPF;08/01/2023;8;0,034;R
ES0000000000001872CCPF;08/01/2023;9;0,042;R
ES0000000000001872CCPF;08/01/2023;10;0,044;R
ES0000000000001872CCPF;08/01/2023;11;0,037;R
ES0000000000001872CCPF;08/01/2023;12;0,093;R
ES0000000000001872CCPF;08/01/2023;13;0,12;R
ES0000000000001872CCPF;08/01/2023;14;0,086;R
ES0000000000001872CCPF;08/01/2023;15;0,677;R
ES0000000000001872CCPF;08/01/2023;16;0,074;R
ES0000000000001872CCPF;08/01/2023;17;0,071;R
ES0000000000001872CCPF;08/01/2023;18;0,068;R
ES0000000000001872CCPF;08/01/2023;19;0,112;R
ES0000000000001872CCPF;08/01/2023;20;0,15;R
ES0000000000001872CCPF;08/01/2023;21;0,478;R
ES0000000000001872CCPF;08/01/2023;22;0,089;R
ES0000000000001872CCPF;08/01/2023;23;0,056;R
ES0000000000001872CCPF;09/01/2023;0;0,048;R
ES0000000000001872CCPF;09/01/2023;1;0,046;R
ES0000000000001872CCPF;09/01/2023;2;0,039;R
ES0000000000001872CCPF;09/01/2023;3;0,092;R
ES0000000000001872CCPF;09/01/2023;4;0,086;R
ES0000000000001872CCPF;09/01/2023;5;0,062;R
ES0000000000001872CCPF;09/01/2023;6;0,072;R
ES0000000000001872CCPF;09/01/2023;7;0,036;R
ES0000000000001872CCPF;09/01/2023;8;0,037;R
ES0000000000001872CCPF;09/01/2023;9;0,056;R
ES0000000000001872CCPF;09/01/2023;10;0,046;R
ES0000000000001872CCPF;09/01/2023;11;0,095;R
ES0000000000001872CCPF;09/01/2023;12;0,041;R
ES0000000000001872CCPF;09/01/2023;13;0,039;R
ES0000000000001872CCPF;09/01/2023;14;0,043;R
ES0000000000001872CCPF;09/01/2023;15;0,048;R
ES0000000000001872CCPF;09/01/2023;16;0,066;R
ES0000000000001872CCPF;09/01/2023;17;0,035;R
ES0000000000001872CCPF;09/01/2023;18;0,113;R
ES0000000000001872CCPF;09/01/2023;19;0,077;R
ES0000000000001872CCPF;09/01/2023;20;0,068;R
ES0000000000001872CCPF;09/01/2023;21;0,124;R
ES0000000000001872CCPF;09/01/2023;22;0,103;R
ES0000000000001872CCPF;09/01/2023;23;0,045;R
ES0000000000001872CCPF;10/01/2023;0;0,044;R
ES0000000000001872CCPF;10/01/2023;1;0,035;R
ES0000000000001872CCPF;10/01/2023;2;0,037;R
ES0000000000001872CCPF;10/01/2023;3;0,043;R
ES0000000000001872CCPF;10/01/2023;4;0,048;R
ES0000000000001872CCPF;10/01/2023;5;0,04;R
ES0000000000001872CCPF;10/01/2023;6;0,059;R
ES0000000000001872CCPF;10/01/2023;7;0,036;R
ES0000000000001872CCPF;10/01/2023;8;0,046;R
ES0000000000001872CCPF;10/01/2023;9;0,05;R
ES0000000000001872CCPF;10/01/2023;10;0,155;R
ES0000000000001872CCPF;10/01/2023;11;0,083;R
ES0000000000001872CCPF;10/01/2023;12;0,046;R
ES0000000000001872CCPF;10/01/2023;13;0,034;R
ES0000000000001872CCPF;10/01/2023;14;0,041;R
ES0000000000001872CCPF;10/01/2023;15;0,181;R
ES0000000000001872CCPF;10/01/2023;16;0,225;R
ES0000000000001872CCPF;10/01/2023;17;0,065;R
ES0000000000001872CCPF;10/01/2023;18;0,083;R
ES0000000000001872CCPF;10/01/2023;19;0,046;R
ES0000000000001872CCPF;10/01/2023;20;0,264;R
ES0000000000001872CCPF;10/01/2023;21;0,28;R
ES0000000000001872CCPF;10/01/2023;22;0,207;R
ES0000000000001872CCPF;10/01/2023;23;0,046;R
ES0000000000001872CCPF;11/01/2023;0;0,052;R
ES0000000000001872CCPF;11/01/2023;1;0,123;R
ES0000000000001872CCPF;11/01/2023;2;0,056;R
ES0000000000001872CCPF;11/01/2023;3;0,046;R
ES0000000000001872CCPF;11/01/2023;4;0,047;R
ES0000000000001872CCPF;11/01/2023;5;0,041;R
ES0000000000001872CCPF;11/01/2023;6;0,06;R
ES0000000000001872CCPF;11/01/2023;7;0,048;R
ES0000000000001872CCPF;11/01/2023;8;0,04;R
ES0000000000001872CCPF;11/01/2023;9;0,05;R
ES0000000000001872CCPF;11/01/2023;10;0,068;R
ES0000000000001872CCPF;11/01/2023;11;0,077;R
ES0000000000001872CCPF;11/01/2023;12;0,033;R
ES0000000000001872CCPF;11/01/2023;13;0,038;R
ES0000000000001872CCPF;11/01/2023;14;0,336;R
ES0000000000001872CCPF;11/01/2023;15;0,934;R
ES0000000000001872CCPF;11/01/2023;16;0,102;R
ES0000000000001872CCPF;11/01/2023;17;0,119;R
ES0000000000001872CCPF;11/01/2023;18;0,08;R
ES0000000000001872CCPF;11/01/2023;19;0,081;R
ES0000000000001872CCPF;11/01/2023;20;0,053;R
ES0000000000001872CCPF;11/01/2023;21;0,217;R
ES0000000000001872CCPF;11/01/2023;22;0,082;R
ES0000000000001872CCPF;11/01/2023;23;0,084;R
ES0000000000001872CCPF;12/01/2023;0;0,036;R
ES0000000000001872CCPF;12/01/2023;1;0,037;R
ES0000000000001872CCPF;12/01/2023;2;0,039;R
ES0000000000001872CCPF;12/01/2023;3;0,049;R
ES0000000000001872CCPF;12/01/2023;4;0,04;R
ES0000000000001872CCPF;12/01/2023;5;0,035;R
ES0000000000001872CCPF;12/01/2023;6;0,036;R
ES0000000000001872CCPF;12/01/2023;7;0,047;R
ES0000000000001872CCPF;12/01/2023;8;0,163;R
ES0000000000001872CCPF;12/01/2023;9;0,144;R
ES0000000000001872CCPF;12/01/2023;10;0,065;R
ES0000000000001872CCPF;12/01/2023;11;0,06;R
ES0000000000001872CCPF;12/01/2023;12;0,048;R
ES0000000000001872CCPF;12/01/2023;13;0,043;R
ES0000000000001872CCPF;12/01/2023;14;0,054;R
ES0000000000001872CCPF;12/01/2023;15;0,095;R
ES0000000000001872CCPF;12/01/2023;16;0,096;R
ES0000000000001872CCPF;12/01/2023;17;0,042;R
ES0000000000001872CCPF;12/01/2023;18;0,036;R
ES0000000000001872CCPF;12/01/2023;19;0,035;R
ES0000000000001872CCPF;12/01/2023;20;0,048;R
ES0000000000001872CCPF;12/01/2023;21;0,047;R
ES0000000000001872CCPF;12/01/2023;22;0,112;R
ES0000000000001872CCPF;12/01/2023;23;0,177;R
ES0000000000001872CCPF;13/01/2023;0;0,082;R
ES0000000000001872CCPF;13/01/2023;1;0,043;R
ES0000000000001872CCPF;13/01/2023;2;0,034;R
ES0000000000001872CCPF;13/01/2023;3;0,038;R
ES0000000000001872CCPF;13/01/2023;4;0,047;R
ES0000000000001872CCPF;13/01/2023;5;0,043;R
ES0000000000001872CCPF;13/01/2023;6;0,037;R
ES0000000000001872CCPF;13/01/2023;7;0,035;R
ES0000000000001872CCPF;13/01/2023;8;0,087;R
ES0000000000001872CCPF;13/01/2023;9;0,1;R
ES0000000000001872CCPF;13/01/2023;10;0,106;R
ES0000000000001872CCPF;13/01/2023;11;0,071;R
ES0000000000001872CCPF;13/01/2023;12;0,046;R
ES0000000000001872CCPF;13/01/2023;13;0,048;R
ES0000000000001872CCPF;13/01/2023;14;0,037;R
ES0000000000001872CCPF;13/01/2023;15;0,193;R
ES0000000000001872CCPF;13/01/2023;16;0,153;R
ES0000000000001872CCPF;13/01/2023;17;0,083;R
ES0000000000001872CCPF;13/01/2023;18;0,082;R
ES0000000000001872CCPF;13/01/2023;19;0,052;R
ES0000000000001872CCPF;13/01/2023;20;0,229;R
ES0000000000001872CCPF;13/01/2023;21;0,133;R
ES0000000000001872CCPF;13/01/2023;22;0,094;R
ES0000000000001872CCPF;13/01/2023;23;0,049;R
ES0000000000001872CCPF;14/01/2023;0;0,04;R
ES0000000000001872CCPF;14/01/2023;1;0,039;R
ES0000000000001872CCPF;14/01/2023;2;0,046;R
ES0000000000001872CCPF;14/01/2023;3;0,05;R
ES0000000000001872CCPF;14/01/2023;4;0,125;R
ES0000000000001872CCPF;14/01/2023;5;0,073;R
ES0000000000001872CCPF;14/01/2023;6;0,042;R
ES0000000000001872CCPF;14/01/2023;7;0,041;R
ES0000000000001872CCPF;14/01/2023;8;0,053;R
ES0000000000001872CCPF;14/01/2023;9;0,036;R
ES0000000000001872CCPF;14/01/2023;10;0,041;R
ES0000000000001872CCPF;14/01/2023;11;0,096;R
ES0000000000001872CCPF;14/01/2023;12;0,048;R
ES0000000000001872CCPF;14/01/2023;13;0,037;R
ES0000000000001872CCPF;14/01/2023;14;0,06;R
ES0000000000001872CCPF;14/01/2023;15;0,081;R
ES0000000000001872CCPF;14/01/2023;16;0,068;R
ES0000000000001872CCPF;14/01/2023;17;0,075;R
ES0000000000001872CCPF;14/01/2023;18;0,121;R
ES0000000000001872CCPF;14/01/2023;19;0,12;R
ES0000000000001872CCPF;14/01/2023;20;0,063;R
ES0000000000001872CCPF;14/01/2023;21;0,072;R
ES0000000000001872CCPF;14/01/2023;22;0,764;R
ES0000000000001872CCPF;14/01/2023;23;0,331;R
ES0000000000001872CCPF;15/01/2023;0;0,069;R
ES0000000000001872CCPF;15/01/2023;1;0,038;R
ES0000000000001872CCPF;15/01/2023;2;0,042;R
ES0000000000001872CCPF;15/01/2023;3;0,044;R
ES0000000000001872CCPF;15/01/2023;4;0,036;R
ES0000000000001872CCPF;15/01/2023;5;0,04;R
ES0000000000001872CCPF;15/01/2023;6;0,045;R
ES0000000000001872CCPF;15/01/2023;7;0,032;R
ES0000000000001872CCPF;15/01/2023;8;0,041;R
ES0000000000001872CCPF;15/01/2023;9;0,046;R
ES0000000000001872CCPF;15/01/2023;10;0,065;R
ES0000000000001872CCPF;15/01/2023;11;0,162;R
ES0000000000001872CCPF;15/01/2023;12;0,05;R
ES0000000000001872CCPF;15/01/2023;13;0,051;R
ES0000000000001872CCPF;15/01/2023;14;0,033;R
ES0000000000001872CCPF;15/01/2023;15;0,031;R
ES0000000000001872CCPF;15/01/2023;16;0,041;R
ES0000000000001872CCPF;15/01/2023;17;0,035;R
ES0000000000001872CCPF;15/01/2023;18;0,031;R
ES0000000000001872CCPF;15/01/2023;19;0,031;R
ES0000000000001872CCPF;15/01/2023;20;0,035;R
ES0000000000001872CCPF;15/01/2023;21;0,037;R
ES0000000000001872CCPF;15/01/2023;22;0,291;R
ES0000000000001872CCPF;15/01/2023;23;0,098;R
ES0000000000001872CCPF;16/01/2023;0;0,054;R
ES0000000000001872CCPF;16/01/2023;1;0,041;R
ES0000000000001872CCPF;16/01/2023;2;0,123;R
ES0000000000001872CCPF;16/01/2023;3;0,062;R
ES0000000000001872CCPF;16/01/2023;4;0,043;R
ES0000000000001872CCPF;16/01/2023;5;0,039;R
ES0000000000001872CCPF;16/01/2023;6;0,065;R
ES0000000000001872CCPF;16/01/2023;7;0,04;R
ES0000000000001872CCPF;16/01/2023;8;0,029;R
ES0000000000001872CCPF;16/01/2023;9;0,051;R
ES0000000000001872CCPF;16/01/2023;10;0,042;R
ES0000000000001872CCPF;16/01/2023;11;0,083;R
ES0000000000001872CCPF;16/01/2023;12;0,042;R
ES0000000000001872CCPF;16/01/2023;13;0,046;R
ES0000000000001872CCPF;16/01/2023;14;0,033;R
ES0000000000001872CCPF;16/01/2023;15;0,266;R
ES0000000000001872CCPF;16/01/2023;16;0,221;R
ES0000000000001872CCPF;16/01/2023;17;0,082;R
ES0000000000001872CCPF;16/01/2023;18;0,107;R
ES0000000000001872CCPF;16/01/2023;19;0,145;R
ES0000000000001872CCPF;16/01/2023;20;0,109;R
ES0000000000001872CCPF;16/01/2023;21;0,163;R
ES0000000000001872CCPF;16/01/2023;22;0,09;R
ES0000000000001872CCPF;16/01/2023;23;0,081;R
ES0000000000001872CCPF;17/01/2023;0;0,05;R
ES0000000000001872CCPF;17/01/2023;1;0,039;R
ES0000000000001872CCPF;17/01/2023;2;0,04;R
ES0000000000001872CCPF;17/01/2023;3;0,035;R
ES0000000000001872CCPF;17/01/2023;4;0,044;R
ES0000000000001872CCPF;17/01/2023;5;0,038;R
ES0000000000001872CCPF;17/01/2023;6;0,051;R
ES0000000000001872CCPF;17/01/2023;7;0,042;R
ES0000000000001872CCPF;17/01/2023;8;0,036;R
ES0000000000001872CCPF;17/01/2023;9;0,046;R
ES0000000000001872CCPF;17/01/2023;10;0,104;R
ES0000000000001872CCPF;17/01/2023;11;0,07;R
ES0000000000001872CCPF;17/01/2023;12;0,106;R
ES0000000000001872CCPF;17/01/2023;13;0,051;R
ES0000000000001872CCPF;17/01/2023;14;0,481;R
ES0000000000001872CCPF;17/01/2023;15;0,837;R
ES0000000000001872CCPF;17/01/2023;16;0,41;R
ES0000000000001872CCPF;17/01/2023;17;0,083;R
ES0000000000001872CCPF;17/01/2023;18;0,088;R
ES0000000000001872CCPF;17/01/2023;19;0,065;R
ES0000000000001872CCPF;17/01/2023;20;0,229;R
ES0000000000001872CCPF;17/01/2023;21;0,335;R
ES0000000000001872CCPF;17/01/2023;22;0,092;R
ES0000000000001872CCPF;17/01/2023;23;0,093;R
ES0000000000001872CCPF;18/01/2023;0;0,038;R
ES0000000000001872CCPF;18/01/2023;1;0,042;R
ES0000000000001872CCPF;18/01/2023;2;0,035;R
ES0000000000001872CCPF;18/01/2023;3;0,113;R
ES0000000000001872CCPF;18/01/2023;4;0,071;R
ES0000000000001872CCPF;18/01/2023;5;0,049;R
ES0000000000001872CCPF;18/01/2023;6;0,029;R
ES0000000000001872CCPF;18/01/2023;7;0,035;R
ES0000000000001872CCPF;18/01/2023;8;0,065;R
ES0000000000001872CCPF;18/01/2023;9;0,096;R
ES0000000000001872CCPF;18/01/2023;10;0,285;R
ES0000000000001872CCPF;18/01/2023;11;0,261;R
ES0000000000001872CCPF;18/01/2023;12;1,139;R
ES0000000000001872CCPF;18/01/2023;13;0,039;R
ES0000000000001872CCPF;18/01/2023;14;0,037;R
ES0000000000001872CCPF;18/01/2023;15;0,043;R
ES0000000000001872CCPF;18/01/2023;16;0,2;R
ES0000000000001872CCPF;18/01/2023;17;0,071;R
ES0000000000001872CCPF;18/01/2023;18;0,075;R
ES0000000000001872CCPF;18/01/2023;19;0,094;R
ES0000000000001872CCPF;18/01/2023;20;0,882;R
ES0000000000001872CCPF;18/01/2023;21;0,72;R
ES0000000000001872CCPF;18/01/2023;22;0,113;R
ES0000000000001872CCPF;18/01/2023;23;0,044;R
ES0000000000001872CCPF;19/01/2023;0;0,04;R
ES0000000000001872CCPF;19/01/2023;1;0,042;R
ES0000000000001872CCPF;19/01/2023;2;0,038;R
ES0000000000001872CCPF;19/01/2023;3;0,042;R
ES0000000000001872CCPF;19/01/2023;4;0,038;R
ES0000000000001872CCPF;19/01/2023;5;0,038;R
ES0000000000001872CCPF;19/01/2023;6;0,051;R
ES0000000000001872CCPF;19/01/2023;7;0,04;R
ES0000000000001872CCPF;19/01/2023;8;0,068;R
ES0000000000001872CCPF;19/01/2023;9;0,056;R
ES0000000000001872CCPF;19/01/2023;10;0,046;R
ES0000000000001872CCPF;19/01/2023;11;0,037;R
ES0000000000001872CCPF;19/01/2023;12;0,076;R
ES0000000000001872CCPF;19/01/2023;13;0,088;R
ES0000000000001872CCPF;19/01/2023;14;0,058;R
ES0000000000001872CCPF;19/01/2023;15;0,07;R
ES0000000000001872CCPF;19/01/2023;16;0,045;R
ES0000000000001872CCPF;19/01/2023;17;0,041;R
ES0000000000001872CCPF;19/01/2023;18;0,029;R
ES0000000000001872CCPF;19/01/2023;19;0,046;R
ES0000000000001872CCPF;19/01/2023;20;0,035;R
ES0000000000001872CCPF;19/01/2023;21;0,085;R
ES0000000000001872CCPF;19/01/2023;22;0,155;R
ES0000000000001872CCPF;19/01/2023;23;0,055;R
ES0000000000001872CCPF;20/01/2023;0;0,032;R
ES0000000000001872CCPF;20/01/2023;1;0,033;R
ES0000000000001872CCPF;20/01/2023;2;0,035;R
ES0000000000001872CCPF;20/01/2023;3;0,039;R
ES0000000000001872CCPF;20/01/2023;4;0,031;R
ES0000000000001872CCPF;20/01/2023;5;0,048;R
ES0000000000001872CCPF;20/01/2023;6;0,137;R
ES0000000000001872CCPF;20/01/2023;7;0,079;R
ES0000000000001872CCPF;20/01/2023;8;0,037;R
ES0000000000001872CCPF;20/01/2023;9;0,052;R
ES0000000000001872CCPF;20/01/2023;10;0,046;R
ES0000000000001872CCPF;20/01/2023;11;0,085;R
ES0000000000001872CCPF;20/01/2023;12;0,043;R
ES0000000000001872CCPF;20/01/2023;13;0,036;R
ES0000000000001872CCPF;20/01/2023;14;0,085;R
ES0000000000001872CCPF;20/01/2023;15;0,335;R
ES0000000000001872CCPF;20/01/2023;16;0,596;R
ES0000000000001872CCPF;20/01/2023;17;0,092;R
ES0000000000001872CCPF;20/01/2023;18;0,08;R
ES0000000000001872CCPF;20/01/2023;19;0,067;R
ES0000000000001872CCPF;20/01/2023;20;0,334;R
ES0000000000001872CCPF;20/01/2023;21;0,249;R
ES0000000000001872CCPF;20/01/2023;22;0,13;R
ES0000000000001872CCPF;20/01/2023;23;0,096;R
ES0000000000001872CCPF;21/01/2023;0;0,065;R
ES0000000000001872CCPF;21/01/2023;1;0,041;R
ES0000000000001872CCPF;21/01/2023;2;0,048;R
ES0000000000001872CCPF;21/01/2023;3;0,029;R
ES0000000000001872CCPF;21/01/2023;4;0,051;R
ES0000000000001872CCPF;21/01/2023;5;0,037;R
ES0000000000001872CCPF;21/01/2023;6;0,04;R
ES0000000000001872CCPF;21/01/2023;7;0,04;R
ES0000000000001872CCPF;21/01/2023;8;0,042;R
ES0000000000001872CCPF;21/01/2023;9;0,051;R
ES0000000000001872CCPF;21/01/2023;10;0,063;R
ES0000000000001872CCPF;21/01/2023;11;0,075;R
ES0000000000001872CCPF;21/01/2023;12;0,101;R
ES0000000000001872CCPF;21/01/2023;13;0,068;R
ES0000000000001872CCPF;21/01/2023;14;0,042;R
ES0000000000001872CCPF;21/01/2023;15;0,043;R
ES0000000000001872CCPF;21/01/2023;16;0,034;R
ES0000000000001872CCPF;21/01/2023;17;0,027;R
ES0000000000001872CCPF;21/01/2023;18;0,04;R
ES0000000000001872CCPF;21/01/2023;19;0,034;R
ES0000000000001872CCPF;21/01/2023;20;0,022;R
ES0000000000001872CCPF;21/01/2023;21;0,044;R
ES0000000000001872CCPF;21/01/2023;22;0,1;R
ES0000000000001872CCPF;21/01/2023;23;0,097;R
ES0000000000001872CCPF;22/01/2023;0;0,078;R
ES0000000000001872CCPF;22/01/2023;1;0,039;R
ES0000000000001872CCPF;22/01/2023;2;0,044;R
ES0000000000001872CCPF;22/01/2023;3;0,04;R
ES0000000000001872CCPF;22/01/2023;4;0,064;R
ES0000000000001872CCPF;22/01/2023;5;0,11;R
ES0000000000001872CCPF;22/01/2023;6;0,054;R
ES0000000000001872CCPF;22/01/2023;7;0,046;R
ES0000000000001872CCPF;22/01/2023;8;0,072;R
ES0000000000001872CCPF;22/01/2023;9;0,096;R
ES0000000000001872CCPF;22/01/2023;10;0,085;R
ES0000000000001872CCPF;22/01/2023;11;0,082;R
ES0000000000001872CCPF;22/01/2023;12;0,367;R
ES0000000000001872CCPF;22/01/2023;13;0,046;R
ES0000000000001872CCPF;22/01/2023;14;0,028;R
ES0000000000001872CCPF;22/01/2023;15;0,032;R
ES0000000000001872CCPF;22/01/2023;16;0,041;R
ES0000000000001872CCPF;22/01/2023;17;0,029;R
ES0000000000001872CCPF;22/01/2023;18;0,034;R
ES0000000000001872CCPF;22/01/2023;19;0,039;R
ES0000000000001872CCPF;22/01/2023;20;0,026;R
ES0000000000001872CCPF;22/01/2023;21;0,129;R
ES0000000000001872CCPF;22/01/2023;22;0,129;R
ES0000000000001872CCPF;22/01/2023;23;0,153;R
ES0000000000001872CCPF;23/01/2023;0;0,046;R
ES0000000000001872CCPF;23/01/2023;1;0,039;R
ES0000000000001872CCPF;23/01/2023;2;0,05;R
ES0000000000001872CCPF;23/01/2023;3;0,031;R
ES0000000000001872CCPF;23/01/2023;4;0,041;R
ES0000000000001872CCPF;23/01/2023;5;0,041;R
ES0000000000001872CCPF;23/01/2023;6;0,051;R
ES0000000000001872CCPF;23/01/2023;7;0,041;R
ES0000000000001872CCPF;23/01/2023;8;0,038;R
ES0000000000001872CCPF;23/01/2023;9;0,103;R
ES0000000000001872CCPF;23/01/2023;10;0,031;R
ES0000000000001872CCPF;23/01/2023;11;0,041;R
ES0000000000001872CCPF;23/01/2023;12;0,043;R
ES0000000000001872CCPF;23/01/2023;13;0,075;R
ES0000000000001872CCPF;23/01/2023;14;0,098;R
ES0000000000001872CCPF;23/01/2023;15;1,116;R
ES0000000000001872CCPF;23/01/2023;16;0,064;R
ES0000000000001872CCPF;23/01/2023;17;0,108;R
ES0000000000001872CCPF;23/01/2023;18;0,032;R
ES0000000000001872CCPF;23/01/2023;19;0,051;R
ES0000000000001872CCPF;23/01/2023;20;0,075;R
ES0000000000001872CCPF;23/01/2023;21;0,244;R
ES0000000000001872CCPF;23/01/2023;22;0,079;R
ES0000000000001872CCPF;23/01/2023;23;0,07;R
ES0000000000001872CCPF;24/01/2023;0;0,03;R
ES0000000000001872CCPF;24/01/2023;1;0,05;R
ES0000000000001872CCPF;24/01/2023;2;0,032;R
ES0000000000001872CCPF;24/01/2023;3;0,046;R
ES0000000000001872CCPF;24/01/2023;4;0,039;R
ES0000000000001872CCPF;24/01/2023;5;0,115;R
ES0000000000001872CCPF;24/01/2023;6;0,109;R
ES0000000000001872CCPF;24/01/2023;7;0,031;R
ES0000000000001872CCPF;24/01/2023;8;0,042;R
ES0000000000001872CCPF;24/01/2023;9;0,059;R
ES0000000000001872CCPF;24/01/2023;10;0,082;R
ES0000000000001872CCPF;24/01/2023;11;0,029;R
ES0000000000001872CCPF;24/01/2023;12;0,04;R
ES0000000000001872CCPF;24/01/2023;13;0,043;R
ES0000000000001872CCPF;24/01/2023;14;0,036;R
ES0000000000001872CCPF;24/01/2023;15;0,044;R
ES0000000000001872CCPF;24/01/2023;16;0,176;R
ES0000000000001872CCPF;24/01/2023;17;0,122;R
ES0000000000001872CCPF;24/01/2023;18;0,076;R
ES0000000000001872CCPF;24/01/2023;19;0,075;R
ES0000000000001872CCPF;24/01/2023;20;0,088;R
ES0000000000001872CCPF;24/01/2023;21;0,229;R
ES0000000000001872CCPF;24/01/2023;22;0,219;R
ES0000000000001872CCPF;24/01/2023;23;0,103;R
ES0000000000001872CCPF;25/01/2023;0;0,049;R
ES0000000000001872CCPF;25/01/2023;1;0,039;R
ES0000000000001872CCPF;25/01/2023;2;0,033;R
ES0000000000001872CCPF;25/01/2023;3;0,046;R
ES0000000000001872CCPF;25/01/2023;4;0,028;R
ES0000000000001872CCPF;25/01/2023;5;0,044;R
ES0000000000001872CCPF;25/01/2023;6;0,057;R
ES0000000000001872CCPF;25/01/2023;7;0,045;R
ES0000000000001872CCPF;25/01/2023;8;0,032;R
ES0000000000001872CCPF;25/01/2023;9;0,08;R
ES0000000000001872CCPF;25/01/2023;10;0,048;R
ES0000000000001872CCPF;25/01/2023;11;0,035;R
ES0000000000001872CCPF;25/01/2023;12;0,031;R
ES0000000000001872CCPF;25/01/2023;13;0,05;R
ES0000000000001872CCPF;25/01/2023;14;0,028;R
ES0000000000001872CCPF;25/01/2023;15;0,119;R
ES0000000000001872CCPF;25/01/2023;16;0,08;R
ES0000000000001872CCPF;25/01/2023;17;0,127;R
ES0000000000001872CCPF;25/01/2023;18;0,077;R
ES0000000000001872CCPF;25/01/2023;19;0,077;R
ES0000000000001872CCPF;25/01/2023;20;0,08;R
ES0000000000001872CCPF;25/01/2023;21;0,291;R
ES0000000000001872CCPF;25/01/2023;22;0,138;R
ES0000000000001872CCPF;25/01/2023;23;0,087;R
ES0000000000001872CCPF;26/01/2023;0;0,035;R
ES0000000000001872CCPF;26/01/2023;1;0,037;R
ES0000000000001872CCPF;26/01/2023;2;0,049;R
ES0000000000001872CCPF;26/01/2023;3;0,033;R
ES0000000000001872CCPF;26/01/2023;4;0,044;R
ES0000000000001872CCPF;26/01/2023;5;0,042;R
ES0000000000001872CCPF;26/01/2023;6;0,065;R
ES0000000000001872CCPF;26/01/2023;7;0,105;R
ES0000000000001872CCPF;26/01/2023;8;0,08;R
ES0000000000001872CCPF;26/01/2023;9;0,9;R
ES0000000000001872CCPF;26/01/2023;10;0,043;R
ES0000000000001872CCPF;26/01/2023;11;0,034;R
ES0000000000001872CCPF;26/01/2023;12;0,048;R
ES0000000000001872CCPF;26/01/2023;13;0,03;R
ES0000000000001872CCPF;26/01/2023;14;0,043;R
ES0000000000001872CCPF;26/01/2023;15;0,049;R
ES0000000000001872CCPF;26/01/2023;16;0,049;R
ES0000000000001872CCPF;26/01/2023;17;0,029;R
ES0000000000001872CCPF;26/01/2023;18;0,153;R
ES0000000000001872CCPF;26/01/2023;19;0,098;R
ES0000000000001872CCPF;26/01/2023;20;0,15;R
ES0000000000001872CCPF;26/01/2023;21;0,32;R
ES0000000000001872CCPF;26/01/2023;22;0,13;R
ES0000000000001872CCPF;26/01/2023;23;0,096;R
ES0000000000001872CCPF;27/01/2023;0;0,056;R
ES0000000000001872CCPF;27/01/2023;1;0,045;R
ES0000000000001872CCPF;27/01/2023;2;0,043;R
ES0000000000001872CCPF;27/01/2023;3;0,044;R
ES0000000000001872CCPF;27/01/2023;4;0,039;R
ES0000000000001872CCPF;27/01/2023;5;0,046;R
ES0000000000001872CCPF;27/01/2023;6;0,051;R
ES0000000000001872CCPF;27/01/2023;7;0,041;R
ES0000000000001872CCPF;27/01/2023;8;0,046;R
ES0000000000001872CCPF;27/01/2023;9;0,087;R
ES0000000000001872CCPF;27/01/2023;10;0,029;R
ES0000000000001872CCPF;27/01/2023;11;0,047;R
ES0000000000001872CCPF;27/01/2023;12;0,06;R
ES0000000000001872CCPF;27/01/2023;13;0,254;R
ES0000000000001872CCPF;27/01/2023;14;0,304;R
ES0000000000001872CCPF;27/01/2023;15;0,081;R
ES0000000000001872CCPF;27/01/2023;16;0,586;R
ES0000000000001872CCPF;27/01/2023;17;0,986;R
ES0000000000001872CCPF;27/01/2023;18;0,778;R
ES0000000000001872CCPF;27/01/2023;19;0,759;R
ES0000000000001872CCPF;27/01/2023;20;0,378;R
ES0000000000001872CCPF;27/01/2023;21;0,09;R
ES0000000000001872CCPF;27/01/2023;22;0,078;R
ES0000000000001872CCPF;27/01/2023;23;0,065;R
ES0000000000001872CCPF;28/01/2023;0;0,043;R
ES0000000000001872CCPF;28/01/2023;1;0,037;R
ES0000000000001872CCPF;28/01/2023;2;0,048;R
ES0000000000001872CCPF;28/01/2023;3;0,042;R
ES0000000000001872CCPF;28/01/2023;4;0,029;R
ES0000000000001872CCPF;28/01/2023;5;0,121;R
ES0000000000001872CCPF;28/01/2023;6;0,104;R
ES0000000000001872CCPF;28/01/2023;7;0,113;R
ES0000000000001872CCPF;28/01/2023;8;0,095;R
ES0000000000001872CCPF;28/01/2023;9;0,111;R
ES0000000000001872CCPF;28/01/2023;10;0,073;R
ES0000000000001872CCPF;28/01/2023;11;0,047;R
ES0000000000001872CCPF;28/01/2023;12;0,085;R
ES0000000000001872CCPF;28/01/2023;13;0,046;R
ES0000000000001872CCPF;28/01/2023;14;0,034;R
ES0000000000001872CCPF;28/01/2023;15;0,022;R
ES0000000000001872CCPF;28/01/2023;16;0,044;R
ES0000000000001872CCPF;28/01/2023;17;0,036;R
ES0000000000001872CCPF;28/01/2023;18;0,032;R
ES0000000000001872CCPF;28/01/2023;19;0,028;R
ES0000000000001872CCPF;28/01/2023;20;0,038;R
ES0000000000001872CCPF;28/01/2023;21;0,102;R
ES0000000000001872CCPF;28/01/2023;22;0,141;R
ES0000000000001872CCPF;28/01/2023;23;0,182;R
ES0000000000001872CCPF;29/01/2023;0;0,131;R
ES0000000000001872CCPF;29/01/2023;1;0,107;R
ES0000000000001872CCPF;29/01/2023;2;0,082;R
ES0000000000001872CCPF;29/01/2023;3;0,04;R
ES0000000000001872CCPF;29/01/2023;4;0,048;R
ES0000000000001872CCPF;29/01/2023;5;0,047;R
ES0000000000001872CCPF;29/01/2023;6;0,041;R
ES0000000000001872CCPF;29/01/2023;7;0,047;R
ES0000000000001872CCPF;29/01/2023;8;0,031;R
ES0000000000001872CCPF;29/01/2023;9;0,047;R
ES0000000000001872CCPF;29/01/2023;10;0,091;R
ES0000000000001872CCPF;29/01/2023;11;0,284;R
ES0000000000001872CCPF;29/01/2023;12;0,291;R
ES0000000000001872CCPF;29/01/2023;13;0,18;R
ES0000000000001872CCPF;29/01/2023;14;0,079;R
ES0000000000001872CCPF;29/01/2023;15;0,049;R
ES0000000000001872CCPF;29/01/2023;16;0,043;R
ES0000000000001872CCPF;29/01/2023;17;0,036;R
ES0000000000001872CCPF;29/01/2023;18;0,045;R
ES0000000000001872CCPF;29/01/2023;19;0,044;R
ES0000000000001872CCPF;29/01/2023;20;0,034;R
ES0000000000001872CCPF;29/01/2023;21;0,058;R
ES0000000000001872CCPF;29/01/2023;22;0,161;R
ES0000000000001872CCPF;29/01/2023;23;0,111;R
ES0000000000001872CCPF;30/01/2023;0;0,149;R
ES0000000000001872CCPF;30/01/2023;1;0,097;R
ES0000000000001872CCPF;30/01/2023;2;0,097;R
ES0000000000001872CCPF;30/01/2023;3;0,053;R
ES0000000000001872CCPF;30/01/2023;4;0,041;R
ES0000000000001872CCPF;30/01/2023;5;0,043;R
ES0000000000001872CCPF;30/01/2023;6;0,053;R
ES0000000000001872CCPF;30/01/2023;7;0,043;R
ES0000000000001872CCPF;30/01/2023;8;0,04;R
ES0000000000001872CCPF;30/01/2023;9;0,104;R
ES0000000000001872CCPF;30/01/2023;10;0,037;R
ES0000000000001872CCPF;30/01/2023;11;0,043;R
ES0000000000001872CCPF;30/01/2023;12;0,032;R
ES0000000000001872CCPF;30/01/2023;13;0,046;R
ES0000000000001872CCPF;30/01/2023;14;0,043;R
ES0000000000001872CCPF;30/01/2023;15;0,035;R
ES0000000000001872CCPF;30/01/2023;16;0,078;R
ES0000000000001872CCPF;30/01/2023;17;0,922;R
ES0000000000001872CCPF;30/01/2023;18;0,115;R
ES0000000000001872CCPF;30/01/2023;19;0,058;R
ES0000000000001872CCPF;30/01/2023;20;0,046;R
ES0000000000001872CCPF;30/01/2023;21;0,162;R
ES0000000000001872CCPF;30/01/2023;22;0,088;R
ES0000000000001872CCPF;30/01/2023;23;0,102;R
ES0000000000001872CCPF;31/01/2023;0;0,041;R
ES0000000000001872CCPF;31/01/2023;1;0,039;R
ES0000000000001872CCPF;31/01/2023;2;0,039;R
ES0000000000001872CCPF;31/01/2023;3;0,048;R
ES0000000000001872CCPF;31/01/2023;4;0,038;R
ES0000000000001872CCPF;31/01/2023;5;0,037;R
ES0000000000001872CCPF;31/01/2023;6;0,058;R
ES0000000000001872CCPF;31/01/2023;7;0,046;R
ES0000000000001872CCPF;31/01/2023;8;0,034;R
ES0000000000001872CCPF;31/01/2023;9;0,086;R
ES0000000000001872CCPF;31/01/2023;10;0,113;R
ES0000000000001872CCPF;31/01/2023;11;0,079;R
ES0000000000001872CCPF;31/01/2023;12;0,037;R
ES0000000000001872CCPF;31/01/2023;13;0,043;R
ES0000000000001872CCPF;31/01/2023;14;0,041;R
ES0000000000001872CCPF;31/01/2023;15;0,075;R
ES0000000000001872CCPF;31/01/2023;16;0,042;R
ES0000000000001872CCPF;31/01/2023;17;0,075;R
ES0000000000001872CCPF;31/01/2023;18;0,067;R
ES0000000000001872CCPF;31/01/2023;19;0,064;R
ES0000000000001872CCPF;31/01/2023;20;0,034;R
ES0000000000001872CCPF;31/01/2023;21;0,31;R
ES0000000000001872CCPF;31/01/2023;22;0,13;R
ES0000000000001872CCPF;31/01/2023;23;0,07;R
ES0000000000001872CCPF;01/02/2023;0;0,036;R
ES0000000000001872CCPF;01/02/2023;1;0,125;R
ES0000000000001872CCPF;01/02/2023;2;0,068;R
ES0000000000001872CCPF;01/02/2023;3;0,041;R
ES0000000000001872CCPF;01/02/2023;4;0,042;R
ES0000000000001872CCPF;01/02/2023;5;0,05;R
ES0000000000001872CCPF;01/02/2023;6;0,063;R
ES0000000000001872CCPF;01/02/2023;7;0,036;R
ES0000000000001872CCPF;01/02/2023;8;0,034;R
ES0000000000001872CCPF;01/02/2023;9;0,06;R
ES0000000000001872CCPF;01/02/2023;10;0,071;R
ES0000000000001872CCPF;01/02/2023;11;0,036;R
ES0000000000001872CCPF;01/02/2023;12;0,041;R
ES0000000000001872CCPF;01/02/2023;13;0,046;R
ES0000000000001872CCPF;01/02/2023;14;0,061;R
ES0000000000001872CCPF;01/02/2023;15;0,187;R
ES0000000000001872CCPF;01/02/2023;16;0,09;R
ES0000000000001872CCPF;01/02/2023;17;0,15;R
ES0000000000001872CCPF;01/02/2023;18;0,081;R
ES0000000000001872CCPF;01/02/2023;19;0,032;R
ES0000000000001872CCPF;01/02/2023;20;0,036;R
ES0000000000001872CCPF;01/02/2023;21;0,189;R
ES0000000000001872CCPF;01/02/2023;22;0,086;R
ES0000000000001872CCPF;01/02/2023;23;0,061;R
ES0000000000001872CCPF;02/02/2023;0;0,048;R
ES0000000000001872CCPF;02/02/2023;1;0,043;R
ES0000000000001872CCPF;02/02/2023;2;0,038;R
ES0000000000001872CCPF;02/02/2023;3;0,038;R
ES0000000000001872CCPF;02/02/2023;4;0,038;R
ES0000000000001872CCPF;02/02/2023;5;0,048;R
ES0000000000001872CCPF;02/02/2023;6;0,039;R
ES0000000000001872CCPF;02/02/2023;7;0,037;R
ES0000000000001872CCPF;02/02/2023;8;0,077;R
ES0000000000001872CCPF;02/02/2023;9;0,207;R
ES0000000000001872CCPF;02/02/2023;10;0,1;R
ES0000000000001872CCPF;02/02/2023;11;0,047;R
ES0000000000001872CCPF;02/02/2023;12;0,062;R
ES0000000000001872CCPF;02/02/2023;13;0,095;R
ES0000000000001872CCPF;02/02/2023;14;0,06;R
ES0000000000001872CCPF;02/02/2023;15;0,061;R
ES0000000000001872CCPF;02/02/2023;16;0,124;R
ES0000000000001872CCPF;02/02/2023;17;0,052;R
ES0000000000001872CCPF;02/02/2023;18;0,039;R
ES0000000000001872CCPF;02/02/2023;19;0,036;R
ES0000000000001872CCPF;02/02/2023;20;0,039;R
ES0000000000001872CCPF;02/02/2023;21;0,05;R
ES0000000000001872CCPF;02/02/2023;22;0,064;R
ES0000000000001872CCPF;02/02/2023;23;0,119;R
ES0000000000001872CCPF;03/02/2023;0;0,12;R
ES0000000000001872CCPF;03/02/2023;1;0,081;R
ES0000000000001872CCPF;03/02/2023;2;0,038;R
ES0000000000001872CCPF;03/02/2023;3;0,034;R
ES0000000000001872CCPF;03/02/2023;4;0,049;R
ES0000000000001872CCPF;03/02/2023;5;0,043;R
ES0000000000001872CCPF;03/02/2023;6;0,06;R
ES0000000000001872CCPF;03/02/2023;7;0,037;R
ES0000000000001872CCPF;03/02/2023;8;0,048;R
ES0000000000001872CCPF;03/02/2023;9;0,045;R
ES0000000000001872CCPF;03/02/2023;10;0,546;R
ES0000000000001872CCPF;03/02/2023;11;0,36;R
ES0000000000001872CCPF;03/02/2023;12;0,048;R
ES0000000000001872CCPF;03/02/2023;13;0,043;R
ES0000000000001872CCPF;03/02/2023;14;0,038;R
ES0000000000001872CCPF;03/02/2023;15;0,18;R
ES0000000000001872CCPF;03/02/2023;16;0,157;R
ES0000000000001872CCPF;03/02/2023;17;0,237;R
ES0000000000001872CCPF;03/02/2023;18;0,168;R
ES0000000000001872CCPF;03/02/2023;19;0,075;R
ES0000000000001872CCPF;03/02/2023;20;0,057;R
ES0000000000001872CCPF;03/02/2023;21;0,295;R
ES0000000000001872CCPF;03/02/2023;22;0,098;R
ES0000000000001872CCPF;03/02/2023;23;0,094;R
ES0000000000001872CCPF;04/02/2023;0;0,085;R
ES0000000000001872CCPF;04/02/2023;1;0,078;R
ES0000000000001872CCPF;04/02/2023;2;0,051;R
ES0000000000001872CCPF;04/02/2023;3;0,044;R
ES0000000000001872CCPF;04/02/2023;4;0,034;R
ES0000000000001872CCPF;04/02/2023;5;0,041;R
ES0000000000001872CCPF;04/02/2023;6;0,046;R
ES0000000000001872CCPF;04/02/2023;7;0,082;R
ES0000000000001872CCPF;04/02/2023;8;0,089;R
ES0000000000001872CCPF;04/02/2023;9;0,049;R
ES0000000000001872CCPF;04/02/2023;10;0,137;R
ES0000000000001872CCPF;04/02/2023;11;0,067;R
ES0000000000001872CCPF;04/02/2023;12;0,094;R
ES0000000000001872CCPF;04/02/2023;13;0,107;R
ES0000000000001872CCPF;04/02/2023;14;0,034;R
ES0000000000001872CCPF;04/02/2023;15;0,04;R
ES0000000000001872CCPF;04/02/2023;16;0,028;R
ES0000000000001872CCPF;04/02/2023;17;0,027;R
ES0000000000001872CCPF;04/02/2023;18;0,044;R
ES0000000000001872CCPF;04/02/2023;19;0,03;R
ES0000000000001872CCPF;04/02/2023;20;0,025;R
ES0000000000001872CCPF;04/02/2023;21;0,041;R
ES0000000000001872CCPF;04/02/2023;22;0,065;R
ES0000000000001872CCPF;04/02/2023;23;0,155;R
ES0000000000001872CCPF;05/02/2023;0;0,079;R
ES0000000000001872CCPF;05/02/2023;1;0,049;R
ES0000000000001872CCPF;05/02/2023;2;0,033;R
ES0000000000001872CCPF;05/02/2023;3;0,04;R
ES0000000000001872CCPF;05/02/2023;4;0,046;R
ES0000000000001872CCPF;05/02/2023;5;0,039;R
ES0000000000001872CCPF;05/02/2023;6;0,035;R
ES0000000000001872CCPF;05/02/2023;7;0,043;R
ES0000000000001872CCPF;05/02/2023;8;0,053;R
ES0000000000001872CCPF;05/02/2023;9;0,076;R
ES0000000000001872CCPF;05/02/2023;10;0,058;R
ES0000000000001872CCPF;05/02/2023;11;0,128;R
ES0000000000001872CCPF;05/02/2023;12;0,049;R
ES0000000000001872CCPF;05/02/2023;13;0,047;R
ES0000000000001872CCPF;05/02/2023;14;0,051;R
ES0000000000001872CCPF;05/02/2023;15;0,062;R
ES0000000000001872CCPF;05/02/2023;16;0,098;R
ES0000000000001872CCPF;05/02/2023;17;0,057;R
ES0000000000001872CCPF;05/02/2023;18;0,036;R
ES0000000000001872CCPF;05/02/2023;19;0,031;R
ES0000000000001872CCPF;05/02/2023;20;0,041;R
ES0000000000001872CCPF;05/02/2023;21;0,036;R
ES0000000000001872CCPF;05/02/2023;22;0,096;R
ES0000000000001872CCPF;05/02/2023;23;0,105;R
ES0000000000001872CCPF;06/02/2023;0;0,055;R
ES0000000000001872CCPF;06/02/2023;1;0,035;R
ES0000000000001872CCPF;06/02/2023;2;0,046;R
ES0000000000001872CCPF;06/02/2023;3;0,04;R
ES0000000000001872CCPF;06/02/2023;4;0,034;R
ES0000000000001872CCPF;06/02/2023;5;0,042;R
ES0000000000001872CCPF;06/02/2023;6;0,05;R
ES0000000000001872CCPF;06/02/2023;7;0,118;R
ES0000000000001872CCPF;06/02/2023;8;0,172;R
ES0000000000001872CCPF;06/02/2023;9;0,129;R
ES0000000000001872CCPF;06/02/2023;10;0,051;R
ES0000000000001872CCPF;06/02/2023;11;0,034;R
ES0000000000001872CCPF;06/02/2023;12;0,053;R
ES0000000000001872CCPF;06/02/2023;13;0,048;R
ES0000000000001872CCPF;06/02/2023;14;0,036;R
ES0000000000001872CCPF;06/02/2023;15;0,118;R
ES0000000000001872CCPF;06/02/2023;16;0,055;R
ES0000000000001872CCPF;06/02/2023;17;0,041;R
ES0000000000001872CCPF;06/02/2023;18;0,029;R
ES0000000000001872CCPF;06/02/2023;19;0,036;R
ES0000000000001872CCPF;06/02/2023;20;0,035;R
ES0000000000001872CCPF;06/02/2023;21;0,049;R
ES0000000000001872CCPF;06/02/2023;22;0,178;R
ES0000000000001872CCPF;06/02/2023;23;0,108;R
ES0000000000001872CCPF;07/02/2023;0;0,038;R
ES0000000000001872CCPF;07/02/2023;1;0,04;R
ES0000000000001872CCPF;07/02/2023;2;0,044;R
ES0000000000001872CCPF;07/02/2023;3;0,043;R
ES0000000000001872CCPF;07/02/2023;4;0,033;R
ES0000000000001872CCPF;07/02/2023;5;0,042;R
ES0000000000001872CCPF;07/02/2023;6;0,055;R
ES0000000000001872CCPF;07/02/2023;7;0,037;R
ES0000000000001872CCPF;07/02/2023;8;0,035;R
ES0000000000001872CCPF;07/02/2023;9;0,054;R
ES0000000000001872CCPF;07/02/2023;10;0,107;R
ES0000000000001872CCPF;07/02/2023;11;0,042;R
ES0000000000001872CCPF;07/02/2023;12;0,036;R
ES0000000000001872CCPF;07/02/2023;13;0,05;R
ES0000000000001872CCPF;07/02/2023;14;0,334;R
ES0000000000001872CCPF;07/02/2023;15;0,194;R
ES0000000000001872CCPF;07/02/2023;16;0,05;R
ES0000000000001872CCPF;07/02/2023;17;0,08;R
ES0000000000001872CCPF;07/02/2023;18;0,079;R
ES0000000000001872CCPF;07/02/2023;19;0,066;R
ES0000000000001872CCPF;07/02/2023;20;0,032;R
ES0000000000001872CCPF;07/02/2023;21;0,615;R
ES0000000000001872CCPF;07/02/2023;22;0,525;R
ES0000000000001872CCPF;07/02/2023;23;0,064;R
ES0000000000001872CCPF;08/02/2023;0;0,038;R
ES0000000000001872CCPF;08/02/2023;1;0,042;R
ES0000000000001872CCPF;08/02/2023;2;0,04;R
ES0000000000001872CCPF;08/02/2023;3;0,051;R
ES0000000000001872CCPF;08/02/2023;4;0,124;R
ES0000000000001872CCPF;08/02/2023;5;0,055;R
ES0000000000001872CCPF;08/02/2023;6;0,068;R
ES0000000000001872CCPF;08/02/2023;7;0,05;R
ES0000000000001872CCPF;08/02/2023;8;0,063;R
ES0000000000001872CCPF;08/02/2023;9;0,054;R
ES0000000000001872CCPF;08/02/2023;10;0,039;R
ES0000000000001872CCPF;08/02/2023;11;0,041;R
ES0000000000001872CCPF;08/02/2023;12;0,037;R
ES0000000000001872CCPF;08/02/2023;13;0,05;R
ES0000000000001872CCPF;08/02/2023;14;0,039;R
ES0000000000001872CCPF;08/02/2023;15;0,096;R
ES0000000000001872CCPF;08/02/2023;16;0,043;R
ES0000000000001872CCPF;08/02/2023;17;0,105;R
ES0000000000001872CCPF;08/02/2023;18;0,071;R
ES0000000000001872CCPF;08/02/2023;19;0,137;R
ES0000000000001872CCPF;08/02/2023;20;0,092;R
ES0000000000001872CCPF;08/02/2023;21;0,15;R
ES0000000000001872CCPF;08/02/2023;22;0,087;R
ES0000000000001872CCPF;08/02/2023;23;0,056;R
ES0000000000001872CCPF;09/02/2023;0;0,04;R
ES0000000000001872CCPF;09/02/2023;1;0,037;R
ES0000000000001872CCPF;09/02/2023;2;0,038;R
ES0000000000001872CCPF;09/02/2023;3;0,052;R
ES0000000000001872CCPF;09/02/2023;4;0,038;R
ES0000000000001872CCPF;09/02/2023;5;0,043;R
ES0000000000001872CCPF;09/02/2023;6;0,034;R
ES0000000000001872CCPF;09/02/2023;7;0,056;R
ES0000000000001872CCPF;09/02/2023;8;0,084;R
ES0000000000001872CCPF;09/02/2023;9;0,101;R
ES0000000000001872CCPF;09/02/2023;10;0,134;R
ES0000000000001872CCPF;09/02/2023;11;0,337;R
ES0000000000001872CCPF;09/02/2023;12;0,168;R
ES0000000000001872CCPF;09/02/2023;13;0,138;R
ES0000000000001872CCPF;09/02/2023;14;0,051;R
ES0000000000001872CCPF;09/02/2023;15;0,093;R
ES0000000000001872CCPF;09/02/2023;16;0,097;R
ES0000000000001872CCPF;09/02/2023;17;0,069;R
ES0000000000001872CCPF;09/02/2023;18;0,041;R
ES0000000000001872CCPF;09/02/2023;19;0,05;R
ES0000000000001872CCPF;09/02/2023;20;0,042;R
ES0000000000001872CCPF;09/02/2023;21;0,034;R
ES0000000000001872CCPF;09/02/2023;22;0,088;R
ES0000000000001872CCPF;09/02/2023;23;0,066;R
ES0000000000001872CCPF;10/02/2023;0;0,04;R
ES0000000000001872CCPF;10/02/2023;1;0,039;R
ES0000000000001872CCPF;10/02/2023;2;0,123;R
ES0000000000001872CCPF;10/02/2023;3;0,077;R
ES0000000000001872CCPF;10/02/2023;4;0,04;R
ES0000000000001872CCPF;10/02/2023;5;0,038;R
ES0000000000001872CCPF;10/02/2023;6;0,064;R
ES0000000000001872CCPF;10/02/2023;7;0,047;R
ES0000000000001872CCPF;10/02/2023;8;0,077;R
ES0000000000001872CCPF;10/02/2023;9;0,058;R
ES0000000000001872CCPF;10/02/2023;10;0,04;R
ES0000000000001872CCPF;10/02/2023;11;0,034;R
ES0000000000001872CCPF;10/02/2023;12;0,043;R
ES0000000000001872CCPF;10/02/2023;13;0,04;R
ES0000000000001872CCPF;10/02/2023;14;0,043;R
ES0000000000001872CCPF;10/02/2023;15;0,037;R
ES0000000000001872CCPF;10/02/2023;16;0,101;R
ES0000000000001872CCPF;10/02/2023;17;0,151;R
ES0000000000001872CCPF;10/02/2023;18;0,259;R
ES0000000000001872CCPF;10/02/2023;19;0,081;R
ES0000000000001872CCPF;10/02/2023;20;0,072;R
ES0000000000001872CCPF;10/02/2023;21;0,08;R
ES0000000000001872CCPF;10/02/2023;22;0,187;R
ES0000000000001872CCPF;10/02/2023;23;0,08;R
ES0000000000001872CCPF;11/02/2023;0;0,042;R
ES0000000000001872CCPF;11/02/2023;1;0,038;R
ES0000000000001872CCPF;11/02/2023;2;0,038;R
ES0000000000001872CCPF;11/02/2023;3;0,044;R
ES0000000000001872CCPF;11/02/2023;4;0,04;R
ES0000000000001872CCPF;11/02/2023;5;0,038;R
ES0000000000001872CCPF;11/02/2023;6;0,043;R
ES0000000000001872CCPF;11/02/2023;7;0,04;R
ES0000000000001872CCPF;11/02/2023;8;0,042;R
ES0000000000001872CCPF;11/02/2023;9;0,113;R
ES0000000000001872CCPF;11/02/2023;10;0,12;R
ES0000000000001872CCPF;11/02/2023;11;0,283;R
ES0000000000001872CCPF;11/02/2023;12;0,049;R
ES0000000000001872CCPF;11/02/2023;13;0,051;R
ES0000000000001872CCPF;11/02/2023;14;0,086;R
ES0000000000001872CCPF;11/02/2023;15;0,182;R
ES0000000000001872CCPF;11/02/2023;16;0,08;R
ES0000000000001872CCPF;11/02/2023;17;0,202;R
ES0000000000001872CCPF;11/02/2023;18;0,396;R
ES0000000000001872CCPF;11/02/2023;19;0,735;R
ES0000000000001872CCPF;11/02/2023;20;1,759;R
ES0000000000001872CCPF;11/02/2023;21;0,448;R
ES0000000000001872CCPF;11/02/2023;22;0,114;R
ES0000000000001872CCPF;11/02/2023;23;0,1;R
ES0000000000001872CCPF;12/02/2023;0;0,131;R
ES0000000000001872CCPF;12/02/2023;1;0,062;R
ES0000000000001872CCPF;12/02/2023;2;0,043;R
ES0000000000001872CCPF;12/02/2023;3;0,047;R
ES0000000000001872CCPF;12/02/2023;4;0,043;R
ES0000000000001872CCPF;12/02/2023;5;0,031;R
ES0000000000001872CCPF;12/02/2023;6;0,044;R
ES0000000000001872CCPF;12/02/2023;7;0,047;R
ES0000000000001872CCPF;12/02/2023;8;0,036;R
ES0000000000001872CCPF;12/02/2023;9;0,04;R
ES0000000000001872CCPF;12/02/2023;10;0,074;R
ES0000000000001872CCPF;12/02/2023;11;0,105;R
ES0000000000001872CCPF;12/02/2023;12;0,346;R
ES0000000000001872CCPF;12/02/2023;13;0,052;R
ES0000000000001872CCPF;12/02/2023;14;0,073;R
ES0000000000001872CCPF;12/02/2023;15;0,233;R
ES0000000000001872CCPF;12/02/2023;16;0,177;R
ES0000000000001872CCPF;12/02/2023;17;0,204;R
ES0000000000001872CCPF;12/02/2023;18;0,17;R
ES0000000000001872CCPF;12/02/2023;19;0,105;R
ES0000000000001872CCPF;12/02/2023;20;0,1;R
ES0000000000001872CCPF;12/02/2023;21;0,108;R
ES0000000000001872CCPF;12/02/2023;22;0,14;R
ES0000000000001872CCPF;12/02/2023;23;0,082;R
ES0000000000001872CCPF;13/02/2023;0;0,045;R
ES0000000000001872CCPF;13/02/2023;1;0,035;R
ES0000000000001872CCPF;13/02/2023;2;0,043;R
ES0000000000001872CCPF;13/02/2023;3;0,042;R
ES0000000000001872CCPF;13/02/2023;4;0,035;R
ES0000000000001872CCPF;13/02/2023;5;0,05;R
ES0000000000001872CCPF;13/02/2023;6;0,149;R
ES0000000000001872CCPF;13/02/2023;7;0,059;R
ES0000000000001872CCPF;13/02/2023;8;0,054;R
ES0000000000001872CCPF;13/02/2023;9;0,09;R
ES0000000000001872CCPF;13/02/2023;10;0,038;R
ES0000000000001872CCPF;13/02/2023;11;0,049;R
ES0000000000001872CCPF;13/02/2023;12;0,036;R
ES0000000000001872CCPF;13/02/2023;13;0,039;R
ES0000000000001872CCPF;13/02/2023;14;0,077;R
ES0000000000001872CCPF;13/02/2023;15;0,185;R
ES0000000000001872CCPF;13/02/2023;16;0,135;R
ES0000000000001872CCPF;13/02/2023;17;0,094;R
ES0000000000001872CCPF;13/02/2023;18;0,046;R
ES0000000000001872CCPF;13/02/2023;19;0,032;R
ES0000000000001872CCPF;13/02/2023;20;0,142;R
ES0000000000001872CCPF;13/02/2023;21;0,449;R
ES0000000000001872CCPF;13/02/2023;22;0,13;R
ES0000000000001872CCPF;13/02/2023;23;0,061;R
ES0000000000001872CCPF;14/02/2023;0;0,047;R
ES0000000000001872CCPF;14/02/2023;1;0,041;R
ES0000000000001872CCPF;14/02/2023;2;0,045;R
ES0000000000001872CCPF;14/02/2023;3;0,034;R
ES0000000000001872CCPF;14/02/2023;4;0,035;R
ES0000000000001872CCPF;14/02/2023;5;0,049;R
ES0000000000001872CCPF;14/02/2023;6;0,076;R
ES0000000000001872CCPF;14/02/2023;7;0,035;R
ES0000000000001872CCPF;14/02/2023;8;0,085;R
ES0000000000001872CCPF;14/02/2023;9;0,049;R
ES0000000000001872CCPF;14/02/2023;10;0,043;R
ES0000000000001872CCPF;14/02/2023;11;0,04;R
ES0000000000001872CCPF;14/02/2023;12;0,121;R
ES0000000000001872CCPF;14/02/2023;13;0,068;R
ES0000000000001872CCPF;14/02/2023;14;0,042;R
ES0000000000001872CCPF;14/02/2023;15;0,064;R
ES0000000000001872CCPF;14/02/2023;16;1,033;R
ES0000000000001872CCPF;14/02/2023;17;0,078;R
ES0000000000001872CCPF;14/02/2023;18;0,05;R
ES0000000000001872CCPF;14/02/2023;19;0,04;R
ES0000000000001872CCPF;14/02/2023;20;0,091;R
ES0000000000001872CCPF;14/02/2023;21;0,141;R
ES0000000000001872CCPF;14/02/2023;22;0,111;R
ES0000000000001872CCPF;14/02/2023;23;0,091;R
ES0000000000001872CCPF;15/02/2023;0;0,053;R
ES0000000000001872CCPF;15/02/2023;1;0,036;R
ES0000000000001872CCPF;15/02/2023;2;0,035;R
ES0000000000001872CCPF;15/02/2023;3;0,121;R
ES0000000000001872CCPF;15/02/2023;4;0,078;R
ES0000000000001872CCPF;15/02/2023;5;0,041;R
ES0000000000001872CCPF;15/02/2023;6;0,062;R
ES0000000000001872CCPF;15/02/2023;7;0,048;R
ES0000000000001872CCPF;15/02/2023;8;0,036;R
ES0000000000001872CCPF;15/02/2023;9;0,047;R
ES0000000000001872CCPF;15/02/2023;10;0,074;R
ES0000000000001872CCPF;15/02/2023;11;0,047;R
ES0000000000001872CCPF;15/02/2023;12;0,038;R
ES0000000000001872CCPF;15/02/2023;13;0,035;R
ES0000000000001872CCPF;15/02/2023;14;0,25;R
ES0000000000001872CCPF;15/02/2023;15;0,244;R
ES0000000000001872CCPF;15/02/2023;16;0,069;R
ES0000000000001872CCPF;15/02/2023;17;0,066;R
ES0000000000001872CCPF;15/02/2023;18;0,067;R
ES0000000000001872CCPF;15/02/2023;19;0,115;R
ES0000000000001872CCPF;15/02/2023;20;0,07;R
ES0000000000001872CCPF;15/02/2023;21;0,04;R
ES0000000000001872CCPF;15/02/2023;22;0,206;R
ES0000000000001872CCPF;15/02/2023;23;0,113;R
ES0000000000001872CCPF;16/02/2023;0;0,081;R
ES0000000000001872CCPF;16/02/2023;1;0,097;R
ES0000000000001872CCPF;16/02/2023;2;0,064;R
ES0000000000001872CCPF;16/02/2023;3;0,038;R
ES0000000000001872CCPF;16/02/2023;4;0,038;R
ES0000000000001872CCPF;16/02/2023;5;0,04;R
ES0000000000001872CCPF;16/02/2023;6;0,035;R
ES0000000000001872CCPF;16/02/2023;7;0,058;R
ES0000000000001872CCPF;16/02/2023;8;0,188;R
ES0000000000001872CCPF;16/02/2023;9;0,144;R
ES0000000000001872CCPF;16/02/2023;10;0,114;R
ES0000000000001872CCPF;16/02/2023;11;0,124;R
ES0000000000001872CCPF;16/02/2023;12;0,066;R
ES0000000000001872CCPF;16/02/2023;13;0,079;R
ES0000000000001872CCPF;16/02/2023;14;0,074;R
ES0000000000001872CCPF;16/02/2023;15;0,159;R
ES0000000000001872CCPF;16/02/2023;16;0,055;R
ES0000000000001872CCPF;16/02/2023;17;0,049;R
ES0000000000001872CCPF;16/02/2023;18;0,04;R
ES0000000000001872CCPF;16/02/2023;19;0,039;R
ES0000000000001872CCPF;16/02/2023;20;0,061;R
ES0000000000001872CCPF;16/02/2023;21;0,068;R
ES0000000000001872CCPF;16/02/2023;22;0,113;R
ES0000000000001872CCPF;16/02/2023;23;0,046;R
ES0000000000001872CCPF;17/02/2023;0;0,047;R
ES0000000000001872CCPF;17/02/2023;1;0,107;R
ES0000000000001872CCPF;17/02/2023;2;0,077;R
ES0000000000001872CCPF;17/02/2023;3;0,048;R
ES0000000000001872CCPF;17/02/2023;4;0,036;R
ES0000000000001872CCPF;17/02/2023;5;0,052;R
ES0000000000001872CCPF;17/02/2023;6;0,055;R
ES0000000000001872CCPF;17/02/2023;7;0,036;R
ES0000000000001872CCPF;17/02/2023;8;0,075;R
ES0000000000001872CCPF;17/02/2023;9;0,062;R
ES0000000000001872CCPF;17/02/2023;10;0,035;R
ES0000000000001872CCPF;17/02/2023;11;0,042;R
ES0000000000001872CCPF;17/02/2023;12;0,051;R
ES0000000000001872CCPF;17/02/2023;13;0,046;R
ES0000000000001872CCPF;17/02/2023;14;0,052;R
ES0000000000001872CCPF;17/02/2023;15;1,08;R
ES0000000000001872CCPF;17/02/2023;16;1,209;R
ES0000000000001872CCPF;17/02/2023;17;0,56;R
ES0000000000001872CCPF;17/02/2023;18;0,864;R
ES0000000000001872CCPF;17/02/2023;19;0,039;R
ES0000000000001872CCPF;17/02/2023;20;0,052;R
ES0000000000001872CCPF;17/02/2023;21;0,245;R
ES0000000000001872CCPF;17/02/2023;22;0,098;R
ES0000000000001872CCPF;17/02/2023;23;0,091;R
ES0000000000001872CCPF;18/02/2023;0;0,097;R
ES0000000000001872CCPF;18/02/2023;1;0,084;R
ES0000000000001872CCPF;18/02/2023;2;0,065;R
ES0000000000001872CCPF;18/02/2023;3;0,047;R
ES0000000000001872CCPF;18/02/2023;4;0,05;R
ES0000000000001872CCPF;18/02/2023;5;0,125;R
ES0000000000001872CCPF;18/02/2023;6;0,077;R
ES0000000000001872CCPF;18/02/2023;7;0,04;R
ES0000000000001872CCPF;18/02/2023;8;0,037;R
ES0000000000001872CCPF;18/02/2023;9;0,05;R
ES0000000000001872CCPF;18/02/2023;10;0,212;R
ES0000000000001872CCPF;18/02/2023;11;0,164;R
ES0000000000001872CCPF;18/02/2023;12;0,04;R
ES0000000000001872CCPF;18/02/2023;13;0,086;R
ES0000000000001872CCPF;18/02/2023;14;0,031;R
ES0000000000001872CCPF;18/02/2023;15;0,033;R
ES0000000000001872CCPF;18/02/2023;16;0,028;R
ES0000000000001872CCPF;18/02/2023;17;0,041;R
ES0000000000001872CCPF;18/02/2023;18;0,027;R
ES0000000000001872CCPF;18/02/2023;19;0,028;R
ES0000000000001872CCPF;18/02/2023;20;0,114;R
ES0000000000001872CCPF;18/02/2023;21;0,067;R
ES0000000000001872CCPF;18/02/2023;22;0,072;R
ES0000000000001872CCPF;18/02/2023;23;0,114;R
ES0000000000001872CCPF;19/02/2023;0;0,064;R
ES0000000000001872CCPF;19/02/2023;1;0,053;R
ES0000000000001872CCPF;19/02/2023;2;0,042;R
ES0000000000001872CCPF;19/02/2023;3;0,041;R
ES0000000000001872CCPF;19/02/2023;4;0,047;R
ES0000000000001872CCPF;19/02/2023;5;0,035;R
ES0000000000001872CCPF;19/02/2023;6;0,036;R
ES0000000000001872CCPF;19/02/2023;7;0,049;R
ES0000000000001872CCPF;19/02/2023;8;0,035;R
ES0000000000001872CCPF;19/02/2023;9;0,047;R
ES0000000000001872CCPF;19/02/2023;10;0,11;R
ES0000000000001872CCPF;19/02/2023;11;0,183;R
ES0000000000001872CCPF;19/02/2023;12;0,133;R
ES0000000000001872CCPF;19/02/2023;13;0,06;R
ES0000000000001872CCPF;19/02/2023;14;0,037;R
ES0000000000001872CCPF;19/02/2023;15;0,145;R
ES0000000000001872CCPF;19/02/2023;16;0,052;R
ES0000000000001872CCPF;19/02/2023;17;0,051;R
ES0000000000001872CCPF;19/02/2023;18;0,034;R
ES0000000000001872CCPF;19/02/2023;19;0,073;R
ES0000000000001872CCPF;19/02/2023;20;0,112;R
ES0000000000001872CCPF;19/02/2023;21;0,133;R
ES0000000000001872CCPF;19/02/2023;22;0,1;R
ES0000000000001872CCPF;19/02/2023;23;0,091;R
ES0000000000001872CCPF;20/02/2023;0;0,046;R
ES0000000000001872CCPF;20/02/2023;1;0,046;R
ES0000000000001872CCPF;20/02/2023;2;0,091;R
ES0000000000001872CCPF;20/02/2023;3;0,091;R
ES0000000000001872CCPF;20/02/2023;4;0,046;R
ES0000000000001872CCPF;20/02/2023;5;0,051;R
ES0000000000001872CCPF;20/02/2023;6;0,063;R
ES0000000000001872CCPF;20/02/2023;7;0,036;R
ES0000000000001872CCPF;20/02/2023;8;0,045;R
ES0000000000001872CCPF;20/02/2023;9;0,059;R
ES0000000000001872CCPF;20/02/2023;10;0,097;R
ES0000000000001872CCPF;20/02/2023;11;0,045;R
ES0000000000001872CCPF;20/02/2023;12;0,054;R
ES0000000000001872CCPF;20/02/2023;13;0,052;R
ES0000000000001872CCPF;20/02/2023;14;0,047;R
ES0000000000001872CCPF;20/02/2023;15;0,593;R
ES0000000000001872CCPF;20/02/2023;16;0,077;R
ES0000000000001872CCPF;20/02/2023;17;0,129;R
ES0000000000001872CCPF;20/02/2023;18;0,086;R
ES0000000000001872CCPF;20/02/2023;19;0,041;R
ES0000000000001872CCPF;20/02/2023;20;0,05;R
ES0000000000001872CCPF;20/02/2023;21;0,076;R
ES0000000000001872CCPF;20/02/2023;22;0,263;R
ES0000000000001872CCPF;20/02/2023;23;1,007;R
ES0000000000001872CCPF;21/02/2023;0;0,088;R
ES0000000000001872CCPF;21/02/2023;1;0,063;R
ES0000000000001872CCPF;21/02/2023;2;0,04;R
ES0000000000001872CCPF;21/02/2023;3;0,05;R
ES0000000000001872CCPF;21/02/2023;4;0,037;R
ES0000000000001872CCPF;21/02/2023;5;0,035;R
ES0000000000001872CCPF;21/02/2023;6;0,048;R
ES0000000000001872CCPF;21/02/2023;7;0,037;R
ES0000000000001872CCPF;21/02/2023;8;0,158;R
ES0000000000001872CCPF;21/02/2023;9;0,153;R
ES0000000000001872CCPF;21/02/2023;10;0,076;R
ES0000000000001872CCPF;21/02/2023;11;0,053;R
ES0000000000001872CCPF;21/02/2023;12;0,08;R
ES0000000000001872CCPF;21/02/2023;13;0,101;R
ES0000000000001872CCPF;21/02/2023;14;0,076;R
ES0000000000001872CCPF;21/02/2023;15;0,608;R
ES0000000000001872CCPF;21/02/2023;16;0,958;R
ES0000000000001872CCPF;21/02/2023;17;0,176;R
ES0000000000001872CCPF;21/02/2023;18;0,061;R
ES0000000000001872CCPF;21/02/2023;19;0,032;R
ES0000000000001872CCPF;21/02/2023;20;0,042;R
ES0000000000001872CCPF;21/02/2023;21;0,448;R
ES0000000000001872CCPF;21/02/2023;22;0,35;R
ES0000000000001872CCPF;21/02/2023;23;0,115;R
ES0000000000001872CCPF;22/02/2023;0;0,085;R
ES0000000000001872CCPF;22/02/2023;1;0,045;R
ES0000000000001872CCPF;22/02/2023;2;0,052;R
ES0000000000001872CCPF;22/02/2023;3;0,036;R
ES0000000000001872CCPF;22/02/2023;4;0,036;R
ES0000000000001872CCPF;22/02/2023;5;0,046;R
ES0000000000001872CCPF;22/02/2023;6;0,045;R
ES0000000000001872CCPF;22/02/2023;7;0,034;R
ES0000000000001872CCPF;22/02/2023;8;0,044;R
ES0000000000001872CCPF;22/02/2023;9;0,089;R
ES0000000000001872CCPF;22/02/2023;10;0,12;R
ES0000000000001872CCPF;22/02/2023;11;0,043;R
ES0000000000001872CCPF;22/02/2023;12;0,041;R
ES0000000000001872CCPF;22/02/2023;13;0,118;R
ES0000000000001872CCPF;22/02/2023;14;0,047;R
ES0000000000001872CCPF;22/02/2023;15;0,042;R
ES0000000000001872CCPF;22/02/2023;16;0,043;R
ES0000000000001872CCPF;22/02/2023;17;0,048;R
ES0000000000001872CCPF;22/02/2023;18;0,073;R
ES0000000000001872CCPF;22/02/2023;19;0,085;R
ES0000000000001872CCPF;22/02/2023;20;0,086;R
ES0000000000001872CCPF;22/02/2023;21;0,114;R
ES0000000000001872CCPF;22/02/2023;22;0,106;R
ES0000000000001872CCPF;22/02/2023;23;0,068;R
ES0000000000001872CCPF;23/02/2023;0;0,058;R
ES0000000000001872CCPF;23/02/2023;1;0,036;R
ES0000000000001872CCPF;23/02/2023;2;0,042;R
ES0000000000001872CCPF;23/02/2023;3;0,125;R
ES0000000000001872CCPF;23/02/2023;4;0,069;R
ES0000000000001872CCPF;23/02/2023;5;0,041;R
ES0000000000001872CCPF;23/02/2023;6;0,051;R
ES0000000000001872CCPF;23/02/2023;7;0,034;R
ES0000000000001872CCPF;23/02/2023;8;0,063;R
ES0000000000001872CCPF;23/02/2023;9;0,129;R
ES0000000000001872CCPF;23/02/2023;10;0,074;R
ES0000000000001872CCPF;23/02/2023;11;0,106;R
ES0000000000001872CCPF;23/02/2023;12;0,059;R
ES0000000000001872CCPF;23/02/2023;13;0,066;R
ES0000000000001872CCPF;23/02/2023;14;0,059;R
ES0000000000001872CCPF;23/02/2023;15;1,49;R
ES0000000000001872CCPF;23/02/2023;16;0,342;R
ES0000000000001872CCPF;23/02/2023;17;0,07;R
ES0000000000001872CCPF;23/02/2023;18;0,112;R
ES0000000000001872CCPF;23/02/2023;19;0,05;R
ES0000000000001872CCPF;23/02/2023;20;0,067;R
ES0000000000001872CCPF;23/02/2023;21;0,089;R
ES0000000000001872CCPF;23/02/2023;22;0,198;R
ES0000000000001872CCPF;23/02/2023;23;0,042;R
ES0000000000001872CCPF;24/02/2023;0;0,044;R
ES0000000000001872CCPF;24/02/2023;1;0,038;R
ES0000000000001872CCPF;24/02/2023;2;0,036;R
ES0000000000001872CCPF;24/02/2023;3;0,051;R
ES0000000000001872CCPF;24/02/2023;4;0,029;R
ES0000000000001872CCPF;24/02/2023;5;0,043;R
ES0000000000001872CCPF;24/02/2023;6;0,071;R
ES0000000000001872CCPF;24/02/2023;7;0,029;R
ES0000000000001872CCPF;24/02/2023;8;0,047;R
ES0000000000001872CCPF;24/02/2023;9;0,059;R
ES0000000000001872CCPF;24/02/2023;10;0,196;R
ES0000000000001872CCPF;24/02/2023;11;0,054;R
ES0000000000001872CCPF;24/02/2023;12;0,047;R
ES0000000000001872CCPF;24/02/2023;13;0,046;R
ES0000000000001872CCPF;24/02/2023;14;0,108;R
ES0000000000001872CCPF;24/02/2023;15;1,539;R
ES0000000000001872CCPF;24/02/2023;16;0,769;R
ES0000000000001872CCPF;24/02/2023;17;0,759;R
ES0000000000001872CCPF;24/02/2023;18;0,228;R
ES0000000000001872CCPF;24/02/2023;19;0,054;R
ES0000000000001872CCPF;24/02/2023;20;0,082;R
ES0000000000001872CCPF;24/02/2023;21;0,376;R
ES0000000000001872CCPF;24/02/2023;22;0,273;R
ES0000000000001872CCPF;24/02/2023;23;0,09;R
ES0000000000001872CCPF;25/02/2023;0;0,117;R
ES0000000000001872CCPF;25/02/2023;1;0,083;R
ES0000000000001872CCPF;25/02/2023;2;0,041;R
ES0000000000001872CCPF;25/02/2023;3;0,027;R
ES0000000000001872CCPF;25/02/2023;4;0,05;R
ES0000000000001872CCPF;25/02/2023;5;0,037;R
ES0000000000001872CCPF;25/02/2023;6;0,03;R
ES0000000000001872CCPF;25/02/2023;7;0,047;R
ES0000000000001872CCPF;25/02/2023;8;0,044;R
ES0000000000001872CCPF;25/02/2023;9;0,03;R
ES0000000000001872CCPF;25/02/2023;10;0,076;R
ES0000000000001872CCPF;25/02/2023;11;0,232;R
ES0000000000001872CCPF;25/02/2023;12;0,208;R
ES0000000000001872CCPF;25/02/2023;13;0,073;R
ES0000000000001872CCPF;25/02/2023;14;0,09;R
ES0000000000001872CCPF;25/02/2023;15;0,05;R
ES0000000000001872CCPF;25/02/2023;16;0,122;R
ES0000000000001872CCPF;25/02/2023;17;0,055;R
ES0000000000001872CCPF;25/02/2023;18;0,052;R
ES0000000000001872CCPF;25/02/2023;19;0,039;R
ES0000000000001872CCPF;25/02/2023;20;0,037;R
ES0000000000001872CCPF;25/02/2023;21;0,04;R
ES0000000000001872CCPF;25/02/2023;22;0,057;R
ES0000000000001872CCPF;25/02/2023;23;0,105;R
ES0000000000001872CCPF;26/02/2023;0;0,065;R
ES0000000000001872CCPF;26/02/2023;1;0,081;R
ES0000000000001872CCPF;26/02/2023;2;0,033;R
ES0000000000001872CCPF;26/02/2023;3;0,042;R
ES0000000000001872CCPF;26/02/2023;4;0,041;R
ES0000000000001872CCPF;26/02/2023;5;0,04;R
ES0000000000001872CCPF;26/02/2023;6;0,04;R
ES0000000000001872CCPF;26/02/2023;7;0,042;R
ES0000000000001872CCPF;26/02/2023;8;0,104;R
ES0000000000001872CCPF;26/02/2023;9;0,081;R
ES0000000000001872CCPF;26/02/2023;10;0,041;R
ES0000000000001872CCPF;26/02/2023;11;0,144;R
ES0000000000001872CCPF;26/02/2023;12;0,048;R
ES0000000000001872CCPF;26/02/2023;13;0,028;R
ES0000000000001872CCPF;26/02/2023;14;0,037;R
ES0000000000001872CCPF;26/02/2023;15;0,205;R
ES0000000000001872CCPF;26/02/2023;16;0,076;R
ES0000000000001872CCPF;26/02/2023;17;0,052;R
ES0000000000001872CCPF;26/02/2023;18;0,037;R
ES0000000000001872CCPF;26/02/2023;19;0,054;R
ES0000000000001872CCPF;26/02/2023;20;0,427;R
ES0000000000001872CCPF;26/02/2023;21;0,121;R
ES0000000000001872CCPF;26/02/2023;22;0,214;R
ES0000000000001872CCPF;26/02/2023;23;0,174;R
ES0000000000001872CCPF;27/02/2023;0;0,087;R
ES0000000000001872CCPF;27/02/2023;1;0,042;R
ES0000000000001872CCPF;27/02/2023;2;0,028;R
ES0000000000001872CCPF;27/02/2023;3;0,048;R
ES0000000000001872CCPF;27/02/2023;4;0,042;R
ES0000000000001872CCPF;27/02/2023;5;0,03;R
ES0000000000001872CCPF;27/02/2023;6;0,07;R
ES0000000000001872CCPF;27/02/2023;7;0,038;R
ES0000000000001872CCPF;27/02/2023;8;0,03;R
ES0000000000001872CCPF;27/02/2023;9;0,055;R
ES0000000000001872CCPF;27/02/2023;10;0,108;R
ES0000000000001872CCPF;27/02/2023;11;0,031;R
ES0000000000001872CCPF;27/02/2023;12;0,046;R
ES0000000000001872CCPF;27/02/2023;13;0,041;R
ES0000000000001872CCPF;27/02/2023;14;0,036;R
ES0000000000001872CCPF;27/02/2023;15;0,257;R
ES0000000000001872CCPF;27/02/2023;16;0,299;R
ES0000000000001872CCPF;27/02/2023;17;0,162;R
ES0000000000001872CCPF;27/02/2023;18;0,042;R
ES0000000000001872CCPF;27/02/2023;19;0,029;R
ES0000000000001872CCPF;27/02/2023;20;0,051;R
ES0000000000001872CCPF;27/02/2023;21;0,294;R
ES0000000000001872CCPF;27/02/2023;22;0,149;R
ES0000000000001872CCPF;27/02/2023;23;0,053;R
ES0000000000001872CCPF;28/02/2023;0;0,041;R
ES0000000000001872CCPF;28/02/2023;1;0,038;R
ES0000000000001872CCPF;28/02/2023;2;0,041;R
ES0000000000001872CCPF;28/02/2023;3;0,045;R
ES0000000000001872CCPF;28/02/2023;4;0,037;R
ES0000000000001872CCPF;28/02/2023;5;0,035;R
ES0000000000001872CCPF;28/02/2023;6;0,057;R
ES0000000000001872CCPF;28/02/2023;7;0,042;R
ES0000000000001872CCPF;28/02/2023;8;0,059;R
ES0000000000001872CCPF;28/02/2023;9;0,118;R
ES0000000000001872CCPF;28/02/2023;10;0,089;R
ES0000000000001872CCPF;28/02/2023;11;0,049;R
ES0000000000001872CCPF;28/02/2023;12;0,163;R
ES0000000000001872CCPF;28/02/2023;13;0,101;R
ES0000000000001872CCPF;28/02/2023;14;0,088;R
ES0000000000001872CCPF;28/02/2023;15;0,042;R
ES0000000000001872CCPF;28/02/2023;16;0,105;R
ES0000000000001872CCPF;28/02/2023;17;0,996;R
ES0000000000001872CCPF;28/02/2023;18;0,06;R
ES0000000000001872CCPF;28/02/2023;19;0,079;R
ES0000000000001872CCPF;28/02/2023;20;0,074;R
ES0000000000001872CCPF;28/02/2023;21;0,105;R
ES0000000000001872CCPF;28/02/2023;22;0,105;R
ES0000000000001872CCPF;28/02/2023;23;0,066;R
ES0000000000001872CCPF;01/03/2023;0;0,111;R
ES0000000000001872CCPF;01/03/2023;1;0,053;R
ES0000000000001872CCPF;01/03/2023;2;0,047;R
ES0000000000001872CCPF;01/03/2023;3;0,045;R
ES0000000000001872CCPF;01/03/2023;4;0,039;R
ES0000000000001872CCPF;01/03/2023;5;0,039;R
ES0000000000001872CCPF;01/03/2023;6;0,085;R
ES0000000000001872CCPF;01/03/2023;7;0,044;R
ES0000000000001872CCPF;01/03/2023;8;0,029;R
ES0000000000001872CCPF;01/03/2023;9;0,079;R
ES0000000000001872CCPF;01/03/2023;10;0,041;R
ES0000000000001872CCPF;01/03/2023;11;0,038;R
ES0000000000001872CCPF;01/03/2023;12;0,037;R
ES0000000000001872CCPF;01/03/2023;13;0,035;R
ES0000000000001872CCPF;01/03/2023;14;0,043;R
ES0000000000001872CCPF;01/03/2023;15;0,046;R
ES0000000000001872CCPF;01/03/2023;16;0,215;R
ES0000000000001872CCPF;01/03/2023;17;0,156;R
ES0000000000001872CCPF;01/03/2023;18;0,079;R
ES0000000000001872CCPF;01/03/2023;19;0,088;R
ES0000000000001872CCPF;01/03/2023;20;0,071;R
ES0000000000001872CCPF;01/03/2023;21;0,214;R
ES0000000000001872CCPF;01/03/2023;22;0,109;R
ES0000000000001872CCPF;01/03/2023;23;0,096;R
ES0000000000001872CCPF;02/03/2023;0;0,071;R
ES0000000000001872CCPF;02/03/2023;1;0,043;R
ES0000000000001872CCPF;02/03/2023;2;0,039;R
ES0000000000001872CCPF;02/03/2023;3;0,028;R
ES0000000000001872CCPF;02/03/2023;4;0,047;R
ES0000000000001872CCPF;02/03/2023;5;0,043;R
ES0000000000001872CCPF;02/03/2023;6;0,03;R
ES0000000000001872CCPF;02/03/2023;7;0,073;R
ES0000000000001872CCPF;02/03/2023;8;0,185;R
ES0000000000001872CCPF;02/03/2023;9;0,128;R
ES0000000000001872CCPF;02/03/2023;10;0,054;R
ES0000000000001872CCPF;02/03/2023;11;0,045;R
ES0000000000001872CCPF;02/03/2023;12;0,068;R
ES0000000000001872CCPF;02/03/2023;13;0,066;R
ES0000000000001872CCPF;02/03/2023;14;0,042;R
ES0000000000001872CCPF;02/03/2023;15;0,1;R
ES0000000000001872CCPF;02/03/2023;16;0,063;R
ES0000000000001872CCPF;02/03/2023;17;0,041;R
ES0000000000001872CCPF;02/03/2023;18;0,043;R
ES0000000000001872CCPF;02/03/2023;19;0,041;R
ES0000000000001872CCPF;02/03/2023;20;0,247;R
ES0000000000001872CCPF;02/03/2023;21;0,159;R
ES0000000000001872CCPF;02/03/2023;22;0,124;R
ES0000000000001872CCPF;02/03/2023;23;0,146;R
ES0000000000001872CCPF;03/03/2023;0;0,074;R
ES0000000000001872CCPF;03/03/2023;1;0,048;R
ES0000000000001872CCPF;03/03/2023;2;0,053;R
ES0000000000001872CCPF;03/03/2023;3;0,038;R
ES0000000000001872CCPF;03/03/2023;4;0,036;R
ES0000000000001872CCPF;03/03/2023;5;0,036;R
ES0000000000001872CCPF;03/03/2023;6;0,068;R
ES0000000000001872CCPF;03/03/2023;7;0,044;R
ES0000000000001872CCPF;03/03/2023;8;0,034;R
ES0000000000001872CCPF;03/03/2023;9;0,044;R
ES0000000000001872CCPF;03/03/2023;10;0,088;R
ES0000000000001872CCPF;03/03/2023;11;0,048;R
ES0000000000001872CCPF;03/03/2023;12;0,046;R
ES0000000000001872CCPF;03/03/2023;13;0,094;R
ES0000000000001872CCPF;03/03/2023;14;0,121;R
ES0000000000001872CCPF;03/03/2023;15;0,177;R
ES0000000000001872CCPF;03/03/2023;16;0,294;R
ES0000000000001872CCPF;03/03/2023;17;0,082;R
ES0000000000001872CCPF;03/03/2023;18;0,09;R
ES0000000000001872CCPF;03/03/2023;19;0,072;R
ES0000000000001872CCPF;03/03/2023;20;0,054;R
ES0000000000001872CCPF;03/03/2023;21;0,21;R
ES0000000000001872CCPF;03/03/2023;22;0,139;R
ES0000000000001872CCPF;03/03/2023;23;0,079;R
ES0000000000001872CCPF;04/03/2023;0;0,093;R
ES0000000000001872CCPF;04/03/2023;1;0,042;R
ES0000000000001872CCPF;04/03/2023;2;0,036;R
ES0000000000001872CCPF;04/03/2023;3;0,042;R
ES0000000000001872CCPF;04/03/2023;4;0,041;R
ES0000000000001872CCPF;04/03/2023;5;0,04;R
ES0000000000001872CCPF;04/03/2023;6;0,055;R
ES0000000000001872CCPF;04/03/2023;7;0,113;R
ES0000000000001872CCPF;04/03/2023;8;0,062;R
ES0000000000001872CCPF;04/03/2023;9;0,07;R
ES0000000000001872CCPF;04/03/2023;10;0,048;R
ES0000000000001872CCPF;04/03/2023;11;0,205;R
ES0000000000001872CCPF;04/03/2023;12;0,767;R
ES0000000000001872CCPF;04/03/2023;13;0,167;R
ES0000000000001872CCPF;04/03/2023;14;0,091;R
ES0000000000001872CCPF;04/03/2023;15;0,048;R
ES0000000000001872CCPF;04/03/2023;16;0,048;R
ES0000000000001872CCPF;04/03/2023;17;0,038;R
ES0000000000001872CCPF;04/03/2023;18;0,046;R
ES0000000000001872CCPF;04/03/2023;19;0,036;R
ES0000000000001872CCPF;04/03/2023;20;0,035;R
ES0000000000001872CCPF;04/03/2023;21;0,051;R
ES0000000000001872CCPF;04/03/2023;22;0,19;R
ES0000000000001872CCPF;04/03/2023;23;0,148;R
ES0000000000001872CCPF;05/03/2023;0;0,113;R
ES0000000000001872CCPF;05/03/2023;1;0,058;R
ES0000000000001872CCPF;05/03/2023;2;0,041;R
ES0000000000001872CCPF;05/03/2023;3;0,038;R
ES0000000000001872CCPF;05/03/2023;4;0,047;R
ES0000000000001872CCPF;05/03/2023;5;0,042;R
ES0000000000001872CCPF;05/03/2023;6;0,037;R
ES0000000000001872CCPF;05/03/2023;7;0,035;R
ES0000000000001872CCPF;05/03/2023;8;0,061;R
ES0000000000001872CCPF;05/03/2023;9;0,093;R
ES0000000000001872CCPF;05/03/2023;10;0,129;R
ES0000000000001872CCPF;05/03/2023;11;0,1;R
ES0000000000001872CCPF;05/03/2023;12;0,091;R
ES0000000000001872CCPF;05/03/2023;13;0,159;R
ES0000000000001872CCPF;05/03/2023;14;0,205;R
ES0000000000001872CCPF;05/03/2023;15;0,126;R
ES0000000000001872CCPF;05/03/2023;16;0,077;R
ES0000000000001872CCPF;05/03/2023;17;0,039;R
ES0000000000001872CCPF;05/03/2023;18;0,04;R
ES0000000000001872CCPF;05/03/2023;19;0,092;R
ES0000000000001872CCPF;05/03/2023;20;0,346;R
ES0000000000001872CCPF;05/03/2023;21;0,093;R
ES0000000000001872CCPF;05/03/2023;22;0,079;R
ES0000000000001872CCPF;05/03/2023;23;0,084;R
ES0000000000001872CCPF;06/03/2023;0;0,047;R
ES0000000000001872CCPF;06/03/2023;1;0,043;R
ES0000000000001872CCPF;06/03/2023;2;0,037;R
ES0000000000001872CCPF;06/03/2023;3;0,034;R
ES0000000000001872CCPF;06/03/2023;4;0,037;R
ES0000000000001872CCPF;06/03/2023;5;0,123;R
ES0000000000001872CCPF;06/03/2023;6;0,078;R
ES0000000000001872CCPF;06/03/2023;7;0,045;R
ES0000000000001872CCPF;06/03/2023;8;0,037;R
ES0000000000001872CCPF;06/03/2023;9;0,056;R
ES0000000000001872CCPF;06/03/2023;10;0,081;R
ES0000000000001872CCPF;06/03/2023;11;0,043;R
ES0000000000001872CCPF;06/03/2023;12;0,043;R
ES0000000000001872CCPF;06/03/2023;13;0,032;R
ES0000000000001872CCPF;06/03/2023;14;0,046;R
ES0000000000001872CCPF;06/03/2023;15;0,149;R
ES0000000000001872CCPF;06/03/2023;16;0,216;R
ES0000000000001872CCPF;06/03/2023;17;0,051;R
ES0000000000001872CCPF;06/03/2023;18;0,047;R
ES0000000000001872CCPF;06/03/2023;19;0,034;R
ES0000000000001872CCPF;06/03/2023;20;0,245;R
ES0000000000001872CCPF;06/03/2023;21;0,108;R
ES0000000000001872CCPF;06/03/2023;22;0,097;R
ES0000000000001872CCPF;06/03/2023;23;0,058;R
ES0000000000001872CCPF;07/03/2023;0;0,042;R
ES0000000000001872CCPF;07/03/2023;1;0,039;R
ES0000000000001872CCPF;07/03/2023;2;0,042;R
ES0000000000001872CCPF;07/03/2023;3;0,039;R
ES0000000000001872CCPF;07/03/2023;4;0,041;R
ES0000000000001872CCPF;07/03/2023;5;0,038;R
ES0000000000001872CCPF;07/03/2023;6;0,08;R
ES0000000000001872CCPF;07/03/2023;7;0,03;R
ES0000000000001872CCPF;07/03/2023;8;0,05;R
ES0000000000001872CCPF;07/03/2023;9;0,049;R
ES0000000000001872CCPF;07/03/2023;10;0,098;R
ES0000000000001872CCPF;07/03/2023;11;0,043;R
ES0000000000001872CCPF;07/03/2023;12;0,123;R
ES0000000000001872CCPF;07/03/2023;13;0,073;R
ES0000000000001872CCPF;07/03/2023;14;0,046;R
ES0000000000001872CCPF;07/03/2023;15;0,244;R
ES0000000000001872CCPF;07/03/2023;16;0,657;R
ES0000000000001872CCPF;07/03/2023;17;0,115;R
ES0000000000001872CCPF;07/03/2023;18;0,046;R
ES0000000000001872CCPF;07/03/2023;19;0,034;R
ES0000000000001872CCPF;07/03/2023;20;0,041;R
ES0000000000001872CCPF;07/03/2023;21;0,138;R
ES0000000000001872CCPF;07/03/2023;22;0,223;R
ES0000000000001872CCPF;07/03/2023;23;0,053;R
ES0000000000001872CCPF;08/03/2023;0;0,036;R
ES0000000000001872CCPF;08/03/2023;1;0,047;R
ES0000000000001872CCPF;08/03/2023;2;0,122;R
ES0000000000001872CCPF;08/03/2023;3;0,07;R
ES0000000000001872CCPF;08/03/2023;4;0,042;R
ES0000000000001872CCPF;08/03/2023;5;0,036;R
ES0000000000001872CCPF;08/03/2023;6;0,071;R
ES0000000000001872CCPF;08/03/2023;7;0,043;R
ES0000000000001872CCPF;08/03/2023;8;0,03;R
ES0000000000001872CCPF;08/03/2023;9;0,06;R
ES0000000000001872CCPF;08/03/2023;10;0,1;R
ES0000000000001872CCPF;08/03/2023;11;0,038;R
ES0000000000001872CCPF;08/03/2023;12;0,036;R
ES0000000000001872CCPF;08/03/2023;13;0,046;R
ES0000000000001872CCPF;08/03/2023;14;0,051;R
ES0000000000001872CCPF;08/03/2023;15;1,028;R
ES0000000000001872CCPF;08/03/2023;16;0,27;R
ES0000000000001872CCPF;08/03/2023;17;0,172;R
ES0000000000001872CCPF;08/03/2023;18;0,114;R
ES0000000000001872CCPF;08/03/2023;19;0,077;R
ES0000000000001872CCPF;08/03/2023;20;0,626;R
ES0000000000001872CCPF;08/03/2023;21;0,753;R
ES0000000000001872CCPF;08/03/2023;22;0,386;R
ES0000000000001872CCPF;08/03/2023;23;0,091;R
ES0000000000001872CCPF;09/03/2023;0;0,093;R
ES0000000000001872CCPF;09/03/2023;1;0,042;R
ES0000000000001872CCPF;09/03/2023;2;0,047;R
ES0000000000001872CCPF;09/03/2023;3;0,044;R
ES0000000000001872CCPF;09/03/2023;4;0,036;R
ES0000000000001872CCPF;09/03/2023;5;0,047;R
ES0000000000001872CCPF;09/03/2023;6;0,043;R
ES0000000000001872CCPF;09/03/2023;7;0,098;R
ES0000000000001872CCPF;09/03/2023;8;0,128;R
ES0000000000001872CCPF;09/03/2023;9;0,092;R
ES0000000000001872CCPF;09/03/2023;10;0,14;R
ES0000000000001872CCPF;09/03/2023;11;0,068;R
ES0000000000001872CCPF;09/03/2023;12;0,094;R
ES0000000000001872CCPF;09/03/2023;13;0,124;R
ES0000000000001872CCPF;09/03/2023;14;0,097;R
ES0000000000001872CCPF;09/03/2023;15;0,052;R
ES0000000000001872CCPF;09/03/2023;16;0,132;R
ES0000000000001872CCPF;09/03/2023;17;0,086;R
ES0000000000001872CCPF;09/03/2023;18;0,087;R
ES0000000000001872CCPF;09/03/2023;19;0,048;R
ES0000000000001872CCPF;09/03/2023;20;0,034;R
ES0000000000001872CCPF;09/03/2023;21;0,041;R
ES0000000000001872CCPF;09/03/2023;22;0,17;R
ES0000000000001872CCPF;09/03/2023;23;0,148;R
ES0000000000001872CCPF;10/03/2023;0;0,093;R
ES0000000000001872CCPF;10/03/2023;1;0,048;R
ES0000000000001872CCPF;10/03/2023;2;0,048;R
ES0000000000001872CCPF;10/03/2023;3;0,037;R
ES0000000000001872CCPF;10/03/2023;4;0,034;R
ES0000000000001872CCPF;10/03/2023;5;0,04;R
ES0000000000001872CCPF;10/03/2023;6;0,048;R
ES0000000000001872CCPF;10/03/2023;7;0,035;R
ES0000000000001872CCPF;10/03/2023;8;0,118;R
ES0000000000001872CCPF;10/03/2023;9;0,107;R
ES0000000000001872CCPF;10/03/2023;10;0,112;R
ES0000000000001872CCPF;10/03/2023;11;0,11;R
ES0000000000001872CCPF;10/03/2023;12;0,069;R
ES0000000000001872CCPF;10/03/2023;13;0,155;R
ES0000000000001872CCPF;10/03/2023;14;0,113;R
ES0000000000001872CCPF;10/03/2023;15;0,138;R
ES0000000000001872CCPF;10/03/2023;16;0,121;R
ES0000000000001872CCPF;10/03/2023;17;0,078;R
ES0000000000001872CCPF;10/03/2023;18;0,563;R
ES0000000000001872CCPF;10/03/2023;19;0,787;R
ES0000000000001872CCPF;10/03/2023;20;0,15;R
ES0000000000001872CCPF;10/03/2023;21;0,172;R
ES0000000000001872CCPF;10/03/2023;22;0,101;R
ES0000000000001872CCPF;10/03/2023;23;0,093;R
ES0000000000001872CCPF;11/03/2023;0;0,073;R
ES0000000000001872CCPF;11/03/2023;1;0,059;R
ES0000000000001872CCPF;11/03/2023;2;0,04;R
ES0000000000001872CCPF;11/03/2023;3;0,119;R
ES0000000000001872CCPF;11/03/2023;4;0,084;R
ES0000000000001872CCPF;11/03/2023;5;0,041;R
ES0000000000001872CCPF;11/03/2023;6;0,034;R
ES0000000000001872CCPF;11/03/2023;7;0,05;R
ES0000000000001872CCPF;11/03/2023;8;0,038;R
ES0000000000001872CCPF;11/03/2023;9;0,07;R
ES0000000000001872CCPF;11/03/2023;10;0,054;R
ES0000000000001872CCPF;11/03/2023;11;0,117;R
ES0000000000001872CCPF;11/03/2023;12;0,102;R
ES0000000000001872CCPF;11/03/2023;13;0,077;R
ES0000000000001872CCPF;11/03/2023;14;0,042;R
ES0000000000001872CCPF;11/03/2023;15;0,035;R
ES0000000000001872CCPF;11/03/2023;16;0,046;R
ES0000000000001872CCPF;11/03/2023;17;0,043;R
ES0000000000001872CCPF;11/03/2023;18;0,113;R
ES0000000000001872CCPF;11/03/2023;19;0,082;R
ES0000000000001872CCPF;11/03/2023;20;0,05;R
ES0000000000001872CCPF;11/03/2023;21;0,037;R
ES0000000000001872CCPF;11/03/2023;22;0,075;R
ES0000000000001872CCPF;11/03/2023;23;0,093;R
ES0000000000001872CCPF;12/03/2023;0;0,041;R
ES0000000000001872CCPF;12/03/2023;1;0,04;R
ES0000000000001872CCPF;12/03/2023;2;0,045;R
ES0000000000001872CCPF;12/03/2023;3;0,049;R
ES0000000000001872CCPF;12/03/2023;4;0,039;R
ES0000000000001872CCPF;12/03/2023;5;0,035;R
ES0000000000001872CCPF;12/03/2023;6;0,041;R
ES0000000000001872CCPF;12/03/2023;7;0,046;R
ES0000000000001872CCPF;12/03/2023;8;0,064;R
ES0000000000001872CCPF;12/03/2023;9;0,467;R
ES0000000000001872CCPF;12/03/2023;10;0,072;R
ES0000000000001872CCPF;12/03/2023;11;0,094;R
ES0000000000001872CCPF;12/03/2023;12;0,047;R
ES0000000000001872CCPF;12/03/2023;13;0,049;R
ES0000000000001872CCPF;12/03/2023;14;0,045;R
ES0000000000001872CCPF;12/03/2023;15;0,039;R
ES0000000000001872CCPF;12/03/2023;16;0,035;R
ES0000000000001872CCPF;12/03/2023;17;0,052;R
ES0000000000001872CCPF;12/03/2023;18;0,043;R
ES0000000000001872CCPF;12/03/2023;19;0,038;R
ES0000000000001872CCPF;12/03/2023;20;0,036;R
ES0000000000001872CCPF;12/03/2023;21;0,078;R
ES0000000000001872CCPF;12/03/2023;22;0,134;R
ES0000000000001872CCPF;12/03/2023;23;0,191;R
ES0000000000001872CCPF;13/03/2023;0;0,095;R
ES0000000000001872CCPF;13/03/2023;1;0,066;R
ES0000000000001872CCPF;13/03/2023;2;0,067;R
ES0000000000001872CCPF;13/03/2023;3;0,049;R
ES0000000000001872CCPF;13/03/2023;4;0,059;R
ES0000000000001872CCPF;13/03/2023;5;0,056;R
ES0000000000001872CCPF;13/03/2023;6;0,064;R
ES0000000000001872CCPF;13/03/2023;7;0,049;R
ES0000000000001872CCPF;13/03/2023;8;0,108;R
ES0000000000001872CCPF;13/03/2023;9;0,068;R
ES0000000000001872CCPF;13/03/2023;10;0,045;R
ES0000000000001872CCPF;13/03/2023;11;0,048;R
ES0000000000001872CCPF;13/03/2023;12;0,046;R
ES0000000000001872CCPF;13/03/2023;13;0,127;R
ES0000000000001872CCPF;13/03/2023;14;0,059;R
ES0000000000001872CCPF;13/03/2023;15;0,239;R
ES0000000000001872CCPF;13/03/2023;16;0,097;R
ES0000000000001872CCPF;13/03/2023;17;0,855;R
ES0000000000001872CCPF;13/03/2023;18;0,034;R
ES0000000000001872CCPF;13/03/2023;19;0,041;R
ES0000000000001872CCPF;13/03/2023;20;0,04;R
ES0000000000001872CCPF;13/03/2023;21;0,179;R
ES0000000000001872CCPF;13/03/2023;22;0,106;R
ES0000000000001872CCPF;13/03/2023;23;0,04;R
ES0000000000001872CCPF;14/03/2023;0;0,04;R
ES0000000000001872CCPF;14/03/2023;1;0,05;R
ES0000000000001872CCPF;14/03/2023;2;0,128;R
ES0000000000001872CCPF;14/03/2023;3;0,064;R
ES0000000000001872CCPF;14/03/2023;4;0,047;R
ES0000000000001872CCPF;14/03/2023;5;0,052;R
ES0000000000001872CCPF;14/03/2023;6;0,062;R
ES0000000000001872CCPF;14/03/2023;7;0,036;R
ES0000000000001872CCPF;14/03/2023;8;0,047;R
ES0000000000001872CCPF;14/03/2023;9;0,104;R
ES0000000000001872CCPF;14/03/2023;10;0,034;R
ES0000000000001872CCPF;14/03/2023;11;0,047;R
ES0000000000001872CCPF;14/03/2023;12;0,035;R
ES0000000000001872CCPF;14/03/2023;13;0,043;R
ES0000000000001872CCPF;14/03/2023;14;0,042;R
ES0000000000001872CCPF;14/03/2023;15;0,04;R
ES0000000000001872CCPF;14/03/2023;16;0,148;R
ES0000000000001872CCPF;14/03/2023;17;0,114;R
ES0000000000001872CCPF;14/03/2023;18;0,064;R
ES0000000000001872CCPF;14/03/2023;19;0,034;R
ES0000000000001872CCPF;14/03/2023;20;0,044;R
ES0000000000001872CCPF;14/03/2023;21;0,11;R
ES0000000000001872CCPF;14/03/2023;22;0,153;R
ES0000000000001872CCPF;14/03/2023;23;0,061;R
ES0000000000001872CCPF;15/03/2023;0;0,043;R
ES0000000000001872CCPF;15/03/2023;1;0,046;R
ES0000000000001872CCPF;15/03/2023;2;0,041;R
ES0000000000001872CCPF;15/03/2023;3;0,038;R
ES0000000000001872CCPF;15/03/2023;4;0,037;R
ES0000000000001872CCPF;15/03/2023;5;0,049;R
ES0000000000001872CCPF;15/03/2023;6;0,152;R
ES0000000000001872CCPF;15/03/2023;7;0,084;R
ES0000000000001872CCPF;15/03/2023;8;0,038;R
ES0000000000001872CCPF;15/03/2023;9;0,044;R
ES0000000000001872CCPF;15/03/2023;10;0,135;R
ES0000000000001872CCPF;15/03/2023;11;0,035;R
ES0000000000001872CCPF;15/03/2023;12;0,097;R
ES0000000000001872CCPF;15/03/2023;13;0,035;R
ES0000000000001872CCPF;15/03/2023;14;0,039;R
ES0000000000001872CCPF;15/03/2023;15;0,26;R
ES0000000000001872CCPF;15/03/2023;16;0,052;R
ES0000000000001872CCPF;15/03/2023;17;0,097;R
ES0000000000001872CCPF;15/03/2023;18;0,084;R
ES0000000000001872CCPF;15/03/2023;19;0,07;R
ES0000000000001872CCPF;15/03/2023;20;0,109;R
ES0000000000001872CCPF;15/03/2023;21;0,088;R
ES0000000000001872CCPF;15/03/2023;22;0,13;R
ES0000000000001872CCPF;15/03/2023;23;0,101;R
ES0000000000001872CCPF;16/03/2023;0;0,085;R
ES0000000000001872CCPF;16/03/2023;1;0,049;R
ES0000000000001872CCPF;16/03/2023;2;0,045;R
ES0000000000001872CCPF;16/03/2023;3;0,049;R
ES0000000000001872CCPF;16/03/2023;4;0,034;R
ES0000000000001872CCPF;16/03/2023;5;0,041;R
ES0000000000001872CCPF;16/03/2023;6;0,05;R
ES0000000000001872CCPF;16/03/2023;7;0,037;R
ES0000000000001872CCPF;16/03/2023;8;0,121;R
ES0000000000001872CCPF;16/03/2023;9;0,07;R
ES0000000000001872CCPF;16/03/2023;10;0,066;R
ES0000000000001872CCPF;16/03/2023;11;0,123;R
ES0000000000001872CCPF;16/03/2023;12;0,087;R
ES0000000000001872CCPF;16/03/2023;13;0,108;R
ES0000000000001872CCPF;16/03/2023;14;0,067;R
ES0000000000001872CCPF;16/03/2023;15;0,266;R
ES0000000000001872CCPF;16/03/2023;16;0,099;R
ES0000000000001872CCPF;16/03/2023;17;0,063;R
ES0000000000001872CCPF;16/03/2023;18;0,063;R
ES0000000000001872CCPF;16/03/2023;19;0,04;R
ES0000000000001872CCPF;16/03/2023;20;0,039;R
ES0000000000001872CCPF;16/03/2023;21;0,062;R
ES0000000000001872CCPF;16/03/2023;22;0,152;R
ES0000000000001872CCPF;16/03/2023;23;0,143;R
ES0000000000001872CCPF;17/03/2023;0;0,14;R
ES0000000000001872CCPF;17/03/2023;1;0,047;R
ES0000000000001872CCPF;17/03/2023;2;0,05;R
ES0000000000001872CCPF;17/03/2023;3;0,051;R
ES0000000000001872CCPF;17/03/2023;4;0,037;R
ES0000000000001872CCPF;17/03/2023;5;0,038;R
ES0000000000001872CCPF;17/03/2023;6;0,053;R
ES0000000000001872CCPF;17/03/2023;7;0,04;R
ES0000000000001872CCPF;17/03/2023;8;0,068;R
ES0000000000001872CCPF;17/03/2023;9;0,785;R
ES0000000000001872CCPF;17/03/2023;10;0,172;R
ES0000000000001872CCPF;17/03/2023;11;0,334;R
ES0000000000001872CCPF;17/03/2023;12;0,135;R
ES0000000000001872CCPF;17/03/2023;13;0,062;R
ES0000000000001872CCPF;17/03/2023;14;0,142;R
ES0000000000001872CCPF;17/03/2023;15;0,124;R
ES0000000000001872CCPF;17/03/2023;16;0,116;R
ES0000000000001872CCPF;17/03/2023;17;0,081;R
ES0000000000001872CCPF;17/03/2023;18;0,058;R
ES0000000000001872CCPF;17/03/2023;19;0,056;R
ES0000000000001872CCPF;17/03/2023;20;0,042;R
ES0000000000001872CCPF;17/03/2023;21;0,1;R
ES0000000000001872CCPF;17/03/2023;22;0,145;R
ES0000000000001872CCPF;17/03/2023;23;0,095;R
ES0000000000001872CCPF;18/03/2023;0;0,084;R
ES0000000000001872CCPF;18/03/2023;1;0,106;R
ES0000000000001872CCPF;18/03/2023;2;0,143;R
ES0000000000001872CCPF;18/03/2023;3;0,065;R
ES0000000000001872CCPF;18/03/2023;4;0,043;R
ES0000000000001872CCPF;18/03/2023;5;0,052;R
ES0000000000001872CCPF;18/03/2023;6;0,039;R
ES0000000000001872CCPF;18/03/2023;7;0,038;R
ES0000000000001872CCPF;18/03/2023;8;0,044;R
ES0000000000001872CCPF;18/03/2023;9;0,042;R
ES0000000000001872CCPF;18/03/2023;10;0,112;R
ES0000000000001872CCPF;18/03/2023;11;0,046;R
ES0000000000001872CCPF;18/03/2023;12;0,115;R
ES0000000000001872CCPF;18/03/2023;13;0,156;R
ES0000000000001872CCPF;18/03/2023;14;0,036;R
ES0000000000001872CCPF;18/03/2023;15;0,036;R
ES0000000000001872CCPF;18/03/2023;16;0,083;R
ES0000000000001872CCPF;18/03/2023;17;0,086;R
ES0000000000001872CCPF;18/03/2023;18;0,043;R
ES0000000000001872CCPF;18/03/2023;19;0,042;R
ES0000000000001872CCPF;18/03/2023;20;0,074;R
ES0000000000001872CCPF;18/03/2023;21;0,059;R
ES0000000000001872CCPF;18/03/2023;22;0,068;R
ES0000000000001872CCPF;18/03/2023;23;0,057;R
ES0000000000001872CCPF;19/03/2023;0;0,117;R
ES0000000000001872CCPF;19/03/2023;1;0,099;R
ES0000000000001872CCPF;19/03/2023;2;0,07;R
ES0000000000001872CCPF;19/03/2023;3;0,042;R
ES0000000000001872CCPF;19/03/2023;4;0,035;R
ES0000000000001872CCPF;19/03/2023;5;0,046;R
ES0000000000001872CCPF;19/03/2023;6;0,073;R
ES0000000000001872CCPF;19/03/2023;7;0,107;R
ES0000000000001872CCPF;19/03/2023;8;0,051;R
ES0000000000001872CCPF;19/03/2023;9;0,048;R
ES0000000000001872CCPF;19/03/2023;10;0,04;R
ES0000000000001872CCPF;19/03/2023;11;0,038;R
ES0000000000001872CCPF;19/03/2023;12;0,083;R
ES0000000000001872CCPF;19/03/2023;13;0,049;R
ES0000000000001872CCPF;19/03/2023;14;0,073;R
ES0000000000001872CCPF;19/03/2023;15;0,104;R
ES0000000000001872CCPF;19/03/2023;16;0,235;R
ES0000000000001872CCPF;19/03/2023;17;0,107;R
ES0000000000001872CCPF;19/03/2023;18;0,101;R
ES0000000000001872CCPF;19/03/2023;19;0,047;R
ES0000000000001872CCPF;19/03/2023;20;0,058;R
ES0000000000001872CCPF;19/03/2023;21;0,156;R
ES0000000000001872CCPF;19/03/2023;22;0,171;R
ES0000000000001872CCPF;19/03/2023;23;0,116;R
ES0000000000001872CCPF;20/03/2023;0;0,08;R
ES0000000000001872CCPF;20/03/2023;1;0,047;R
ES0000000000001872CCPF;20/03/2023;2;0,036;R
ES0000000000001872CCPF;20/03/2023;3;0,045;R
ES0000000000001872CCPF;20/03/2023;4;0,048;R
ES0000000000001872CCPF;20/03/2023;5;0,036;R
ES0000000000001872CCPF;20/03/2023;6;0,04;R
ES0000000000001872CCPF;20/03/2023;7;0,058;R
ES0000000000001872CCPF;20/03/2023;8;0,048;R
ES0000000000001872CCPF;20/03/2023;9;0,07;R
ES0000000000001872CCPF;20/03/2023;10;0,089;R
ES0000000000001872CCPF;20/03/2023;11;0,102;R
ES0000000000001872CCPF;20/03/2023;12;0,085;R
ES0000000000001872CCPF;20/03/2023;13;0,052;R
ES0000000000001872CCPF;20/03/2023;14;0,042;R
ES0000000000001872CCPF;20/03/2023;15;0,075;R
ES0000000000001872CCPF;20/03/2023;16;0,098;R
ES0000000000001872CCPF;20/03/2023;17;0,087;R
ES0000000000001872CCPF;20/03/2023;18;0,2;R
ES0000000000001872CCPF;20/03/2023;19;0,126;R
ES0000000000001872CCPF;20/03/2023;20;0,065;R
ES0000000000001872CCPF;20/03/2023;21;0,125;R
ES0000000000001872CCPF;20/03/2023;22;0,11;R
ES0000000000001872CCPF;20/03/2023;23;0,116;R
ES0000000000001872CCPF;21/03/2023;0;0,105;R
ES0000000000001872CCPF;21/03/2023;1;0,126;R
ES0000000000001872CCPF;21/03/2023;2;0,06;R
ES0000000000001872CCPF;21/03/2023;3;0,045;R
ES0000000000001872CCPF;21/03/2023;4;0,05;R
ES0000000000001872CCPF;21/03/2023;5;0,047;R
ES0000000000001872CCPF;21/03/2023;6;0,037;R
ES0000000000001872CCPF;21/03/2023;7;0,037;R
ES0000000000001872CCPF;21/03/2023;8;0,149;R
ES0000000000001872CCPF;21/03/2023;9;0,12;R
ES0000000000001872CCPF;21/03/2023;10;0,18;R
ES0000000000001872CCPF;21/03/2023;11;0,173;R
ES0000000000001872CCPF;21/03/2023;12;0,048;R
ES0000000000001872CCPF;21/03/2023;13;0,036;R
ES0000000000001872CCPF;21/03/2023;14;0,074;R
ES0000000000001872CCPF;21/03/2023;15;0,06;R
ES0000000000001872CCPF;21/03/2023;16;0,438;R
ES0000000000001872CCPF;21/03/2023;17;1,143;R
ES0000000000001872CCPF;21/03/2023;18;0,226;R
ES0000000000001872CCPF;21/03/2023;19;0,066;R
ES0000000000001872CCPF;21/03/2023;20;0,078;R
ES0000000000001872CCPF;21/03/2023;21;0,082;R
ES0000000000001872CCPF;21/03/2023;22;0,071;R
ES0000000000001872CCPF;21/03/2023;23;0,085;R
ES0000000000001872CCPF;22/03/2023;0;0,133;R
ES0000000000001872CCPF;22/03/2023;1;0,063;R
ES0000000000001872CCPF;22/03/2023;2;0,042;R
ES0000000000001872CCPF;22/03/2023;3;0,057;R
ES0000000000001872CCPF;22/03/2023;4;0,129;R
ES0000000000001872CCPF;22/03/2023;5;0,063;R
ES0000000000001872CCPF;22/03/2023;6;0,056;R
ES0000000000001872CCPF;22/03/2023;7;0,048;R
ES0000000000001872CCPF;22/03/2023;8;0,088;R
ES0000000000001872CCPF;22/03/2023;9;0,104;R
ES0000000000001872CCPF;22/03/2023;10;0,094;R
ES0000000000001872CCPF;22/03/2023;11;0,043;R
ES0000000000001872CCPF;22/03/2023;12;0,134;R
ES0000000000001872CCPF;22/03/2023;13;0,192;R
ES0000000000001872CCPF;22/03/2023;14;0,047;R
ES0000000000001872CCPF;22/03/2023;15;0,066;R
ES0000000000001872CCPF;22/03/2023;16;0,106;R
ES0000000000001872CCPF;22/03/2023;17;0,128;R
ES0000000000001872CCPF;22/03/2023;18;0,077;R
ES0000000000001872CCPF;22/03/2023;19;0,043;R
ES0000000000001872CCPF;22/03/2023;20;0,039;R
ES0000000000001872CCPF;22/03/2023;21;0,049;R
ES0000000000001872CCPF;22/03/2023;22;0,049;R
ES0000000000001872CCPF;22/03/2023;23;0,063;R
ES0000000000001872CCPF;23/03/2023;0;0,093;R
ES0000000000001872CCPF;23/03/2023;1;0,088;R
ES0000000000001872CCPF;23/03/2023;2;0,067;R
ES0000000000001872CCPF;23/03/2023;3;0,036;R
ES0000000000001872CCPF;23/03/2023;4;0,043;R
ES0000000000001872CCPF;23/03/2023;5;0,049;R
ES0000000000001872CCPF;23/03/2023;6;0,035;R
ES0000000000001872CCPF;23/03/2023;7;0,11;R
ES0000000000001872CCPF;23/03/2023;8;0,083;R
ES0000000000001872CCPF;23/03/2023;9;0,06;R
ES0000000000001872CCPF;23/03/2023;10;0,051;R
ES0000000000001872CCPF;23/03/2023;11;0,029;R
ES0000000000001872CCPF;23/03/2023;12;0,029;R
ES0000000000001872CCPF;23/03/2023;13;0,041;R
ES0000000000001872CCPF;23/03/2023;14;0,04;R
ES0000000000001872CCPF;23/03/2023;15;0,028;R
ES0000000000001872CCPF;23/03/2023;16;0,034;R
ES0000000000001872CCPF;23/03/2023;17;0,043;R
ES0000000000001872CCPF;23/03/2023;18;0,039;R
ES0000000000001872CCPF;23/03/2023;19;0,03;R
ES0000000000001872CCPF;23/03/2023;20;0,033;R
ES0000000000001872CCPF;23/03/2023;21;0,051;R
ES0000000000001872CCPF;23/03/2023;22;0,118;R
ES0000000000001872CCPF;23/03/2023;23;0,102;R
ES0000000000001872CCPF;24/03/2023;0;0,055;R
ES0000000000001872CCPF;24/03/2023;1;0,052;R
ES0000000000001872CCPF;24/03/2023;2;0,032;R
ES0000000000001872CCPF;24/03/2023;3;0,048;R
ES0000000000001872CCPF;24/03/2023;4;0,045;R
ES0000000000001872CCPF;24/03/2023;5;0,034;R
ES0000000000001872CCPF;24/03/2023;6;0,042;R
ES0000000000001872CCPF;24/03/2023;7;0,047;R
ES0000000000001872CCPF;24/03/2023;8;0,041;R
ES0000000000001872CCPF;24/03/2023;9;0,068;R
ES0000000000001872CCPF;24/03/2023;10;0,03;R
ES0000000000001872CCPF;24/03/2023;11;0,032;R
ES0000000000001872CCPF;24/03/2023;12;0,119;R
ES0000000000001872CCPF;24/03/2023;13;0,094;R
ES0000000000001872CCPF;24/03/2023;14;0,215;R
ES0000000000001872CCPF;24/03/2023;15;0,044;R
ES0000000000001872CCPF;24/03/2023;16;0,035;R
ES0000000000001872CCPF;24/03/2023;17;0,034;R
ES0000000000001872CCPF;24/03/2023;18;0,045;R
ES0000000000001872CCPF;24/03/2023;19;0,04;R
ES0000000000001872CCPF;24/03/2023;20;0,034;R
ES0000000000001872CCPF;24/03/2023;21;0,038;R
ES0000000000001872CCPF;24/03/2023;22;0,033;R
ES0000000000001872CCPF;24/03/2023;23;0,069;R
ES0000000000001872CCPF;25/03/2023;0;0,095;R
ES0000000000001872CCPF;25/03/2023;1;0,116;R
ES0000000000001872CCPF;25/03/2023;2;0,08;R
ES0000000000001872CCPF;25/03/2023;3;0,04;R
ES0000000000001872CCPF;25/03/2023;4;0,048;R
ES0000000000001872CCPF;25/03/2023;5;0,05;R
ES0000000000001872CCPF;25/03/2023;6;0,035;R
ES0000000000001872CCPF;25/03/2023;7;0,035;R
ES0000000000001872CCPF;25/03/2023;8;0,055;R
ES0000000000001872CCPF;25/03/2023;9;0,04;R
ES0000000000001872CCPF;25/03/2023;10;0,032;R
ES0000000000001872CCPF;25/03/2023;11;0,037;R
ES0000000000001872CCPF;25/03/2023;12;0,039;R
ES0000000000001872CCPF;25/03/2023;13;0,029;R
ES0000000000001872CCPF;25/03/2023;14;0,03;R
ES0000000000001872CCPF;25/03/2023;15;0,041;R
ES0000000000001872CCPF;25/03/2023;16;0,026;R
ES0000000000001872CCPF;25/03/2023;17;0,043;R
ES0000000000001872CCPF;25/03/2023;18;0,038;R
ES0000000000001872CCPF;25/03/2023;19;0,033;R
ES0000000000001872CCPF;25/03/2023;20;0,039;R
ES0000000000001872CCPF;25/03/2023;21;0,03;R
ES0000000000001872CCPF;25/03/2023;22;0,06;R
ES0000000000001872CCPF;25/03/2023;23;0,089;R
ES0000000000001872CCPF;26/03/2023;0;0,048;R
ES0000000000001872CCPF;26/03/2023;1;0,045;R
ES0000000000001872CCPF;26/03/2023;3;0,034;R
ES0000000000001872CCPF;26/03/2023;4;0,038;R
ES0000000000001872CCPF;26/03/2023;5;0,049;R
ES0000000000001872CCPF;26/03/2023;6;0,038;R
ES0000000000001872CCPF;26/03/2023;7;0,034;R
ES0000000000001872CCPF;26/03/2023;8;0,042;R
ES0000000000001872CCPF;26/03/2023;9;0,059;R
ES0000000000001872CCPF;26/03/2023;10;0,12;R
ES0000000000001872CCPF;26/03/2023;11;0,063;R
ES0000000000001872CCPF;26/03/2023;12;0,032;R
ES0000000000001872CCPF;26/03/2023;13;0,033;R
ES0000000000001872CCPF;26/03/2023;14;0,036;R
ES0000000000001872CCPF;26/03/2023;15;0,157;R
ES0000000000001872CCPF;26/03/2023;16;0,067;R
ES0000000000001872CCPF;26/03/2023;17;0,053;R
ES0000000000001872CCPF;26/03/2023;18;0,059;R
ES0000000000001872CCPF;26/03/2023;19;0,051;R
ES0000000000001872CCPF;26/03/2023;20;0,073;R
ES0000000000001872CCPF;26/03/2023;21;0,121;R
ES0000000000001872CCPF;26/03/2023;22;0,129;R
ES0000000000001872CCPF;26/03/2023;23;0,235;R
ES0000000000001872CCPF;27/03/2023;0;0,096;R
ES0000000000001872CCPF;27/03/2023;1;0,06;R
ES0000000000001872CCPF;27/03/2023;2;0,054;R
ES0000000000001872CCPF;27/03/2023;3;0,049;R
ES0000000000001872CCPF;27/03/2023;4;0,039;R
ES0000000000001872CCPF;27/03/2023;5;0,04;R
ES0000000000001872CCPF;27/03/2023;6;0,052;R
ES0000000000001872CCPF;27/03/2023;7;0,039;R
ES0000000000001872CCPF;27/03/2023;8;0,046;R
ES0000000000001872CCPF;27/03/2023;9;0,064;R
ES0000000000001872CCPF;27/03/2023;10;0,141;R
ES0000000000001872CCPF;27/03/2023;11;0,438;R
ES0000000000001872CCPF;27/03/2023;12;0,746;R
ES0000000000001872CCPF;27/03/2023;13;0,125;R
ES0000000000001872CCPF;27/03/2023;14;0,065;R
ES0000000000001872CCPF;27/03/2023;15;0,045;R
ES0000000000001872CCPF;27/03/2023;16;0,037;R
ES0000000000001872CCPF;27/03/2023;17;0,05;R
ES0000000000001872CCPF;27/03/2023;18;0,048;R
ES0000000000001872CCPF;27/03/2023;19;0,052;R
ES0000000000001872CCPF;27/03/2023;20;0,04;R
ES0000000000001872CCPF;27/03/2023;21;0,041;R
ES0000000000001872CCPF;27/03/2023;22;0,138;R
ES0000000000001872CCPF;27/03/2023;23;0,206;R
ES0000000000001872CCPF;28/03/2023;0;0,134;R
ES0000000000001872CCPF;28/03/2023;1;0,046;R
ES0000000000001872CCPF;28/03/2023;2;0,051;R
ES0000000000001872CCPF;28/03/2023;3;0,043;R
ES0000000000001872CCPF;28/03/2023;4;0,052;R
ES0000000000001872CCPF;28/03/2023;5;0,043;R
ES0000000000001872CCPF;28/03/2023;6;0,048;R
ES0000000000001872CCPF;28/03/2023;7;0,04;R
ES0000000000001872CCPF;28/03/2023;8;0,05;R
ES0000000000001872CCPF;28/03/2023;9;0,047;R
ES0000000000001872CCPF;28/03/2023;10;0,112;R
ES0000000000001872CCPF;28/03/2023;11;0,156;R
ES0000000000001872CCPF;28/03/2023;12;0,241;R
ES0000000000001872CCPF;28/03/2023;13;0,162;R
ES0000000000001872CCPF;28/03/2023;14;0,076;R
ES0000000000001872CCPF;28/03/2023;15;0,046;R
ES0000000000001872CCPF;28/03/2023;16;0,03;R
ES0000000000001872CCPF;28/03/2023;17;0,057;R
ES0000000000001872CCPF;28/03/2023;18;0,047;R
ES0000000000001872CCPF;28/03/2023;19;0,049;R
ES0000000000001872CCPF;28/03/2023;20;0,054;R
ES0000000000001872CCPF;28/03/2023;21;0,04;R
ES0000000000001872CCPF;28/03/2023;22;0,13;R
ES0000000000001872CCPF;28/03/2023;23;0,095;R
ES0000000000001872CCPF;29/03/2023;0;0,153;R
ES0000000000001872CCPF;29/03/2023;1;0,068;R
ES0000000000001872CCPF;29/03/2023;2;0,056;R
ES0000000000001872CCPF;29/03/2023;3;0,043;R
ES0000000000001872CCPF;29/03/2023;4;0,051;R
ES0000000000001872CCPF;29/03/2023;5;0,05;R
ES0000000000001872CCPF;29/03/2023;6;0,027;R
ES0000000000001872CCPF;29/03/2023;7;0,057;R
ES0000000000001872CCPF;29/03/2023;8;0,112;R
ES0000000000001872CCPF;29/03/2023;9;0,062;R
ES0000000000001872CCPF;29/03/2023;10;0,035;R
ES0000000000001872CCPF;29/03/2023;11;0,04;R
ES0000000000001872CCPF;29/03/2023;12;0,039;R
ES0000000000001872CCPF;29/03/2023;13;0,032;R
ES0000000000001872CCPF;29/03/2023;14;0,055;R
ES0000000000001872CCPF;29/03/2023;15;0,116;R
ES0000000000001872CCPF;29/03/2023;16;0,046;R
ES0000000000001872CCPF;29/03/2023;17;0,055;R
ES0000000000001872CCPF;29/03/2023;18;0,034;R
ES0000000000001872CCPF;29/03/2023;19;0,05;R
ES0000000000001872CCPF;29/03/2023;20;0,039;R
ES0000000000001872CCPF;29/03/2023;21;0,045;R
ES0000000000001872CCPF;29/03/2023;22;0,091;R
ES0000000000001872CCPF;29/03/2023;23;0,142;R
ES0000000000001872CCPF;30/03/2023;0;0,108;R
ES0000000000001872CCPF;30/03/2023;1;0,069;R
ES0000000000001872CCPF;30/03/2023;2;0,049;R
ES0000000000001872CCPF;30/03/2023;3;0,083;R
ES0000000000001872CCPF;30/03/2023;4;0,103;R
ES0000000000001872CCPF;30/03/2023;5;0,056;R
ES0000000000001872CCPF;30/03/2023;6;0,038;R
ES0000000000001872CCPF;30/03/2023;7;0,055;R
ES0000000000001872CCPF;30/03/2023;8;0,047;R
ES0000000000001872CCPF;30/03/2023;9;0,074;R
ES0000000000001872CCPF;30/03/2023;10;0,1;R
ES0000000000001872CCPF;30/03/2023;11;0,048;R
ES0000000000001872CCPF;30/03/2023;12;0,061;R
ES0000000000001872CCPF;30/03/2023;13;0,037;R
ES0000000000001872CCPF;30/03/2023;14;0,041;R
ES0000000000001872CCPF;30/03/2023;15;0,04;R
ES0000000000001872CCPF;30/03/2023;16;0,043;R
ES0000000000001872CCPF;30/03/2023;17;0,121;R
ES0000000000001872CCPF;30/03/2023;18;0,063;R
ES0000000000001872CCPF;30/03/2023;19;0,051;R
ES0000000000001872CCPF;30/03/2023;20;0,031;R
ES0000000000001872CCPF;30/03/2023;21;0,119;R
ES0000000000001872CCPF;30/03/2023;22;0,087;R
ES0000000000001872CCPF;30/03/2023;23;0,092;R
ES0000000000001872CCPF;31/03/2023;0;0,079;R
ES0000000000001872CCPF;31/03/2023;1;0,037;R
ES0000000000001872CCPF;31/03/2023;2;0,037;R
ES0000000000001872CCPF;31/03/2023;3;0,051;R
ES0000000000001872CCPF;31/03/2023;4;0,047;R
ES0000000000001872CCPF;31/03/2023;5;0,037;R
ES0000000000001872CCPF;31/03/2023;6;0,114;R
ES0000000000001872CCPF;31/03/2023;7;0,085;R
ES0000000000001872CCPF;31/03/2023;8;0,045;R
ES0000000000001872CCPF;31/03/2023;9;0,039;R
ES0000000000001872CCPF;31/03/2023;10;0,162;R
ES0000000000001872CCPF;31/03/2023;11;0,075;R
ES0000000000001872CCPF;31/03/2023;12;0,083;R
ES0000000000001872CCPF;31/03/2023;13;0,045;R
ES0000000000001872CCPF;31/03/2023;14;0,048;R
ES0000000000001872CCPF;31/03/2023;15;0,039;R
ES0000000000001872CCPF;31/03/2023;16;0,042;R
ES0000000000001872CCPF;31/03/2023;17;0,056;R
ES0000000000001872CCPF;31/03/2023;18;0,039;R
ES0000000000001872CCPF;31/03/2023;19;0,051;R
ES0000000000001872CCPF;31/03/2023;20;0,142;R
ES0000000000001872CCPF;31/03/2023;21;0,092;R
ES0000000000001872CCPF;31/03/2023;22;0,145;R
ES0000000000001872CCPF;31/03/2023;23;0,092;R
ES0000000000001872CCPF;01/04/2023;0;0,104;R
ES0000000000001872CCPF;01/04/2023;1;0,083;R
ES0000000000001872CCPF;01/04/2023;2;0,095;R
ES0000000000001872CCPF;01/04/2023;3;0,04;R
ES0000000000001872CCPF;01/04/2023;4;0,037;R
ES0000000000001872CCPF;01/04/2023;5;0,049;R
ES0000000000001872CCPF;01/04/2023;6;0,046;R
ES0000000000001872CCPF;01/04/2023;7;0,036;R
ES0000000000001872CCPF;01/04/2023;8;0,043;R
ES0000000000001872CCPF;01/04/2023;9;0,044;R
ES0000000000001872CCPF;01/04/2023;10;0,128;R
ES0000000000001872CCPF;01/04/2023;11;0,158;R
ES0000000000001872CCPF;01/04/2023;12;0,079;R
ES0000000000001872CCPF;01/04/2023;13;0,064;R
ES0000000000001872CCPF;01/04/2023;14;0,055;R
ES0000000000001872CCPF;01/04/2023;15;0,318;R
ES0000000000001872CCPF;01/04/2023;16;0,205;R
ES0000000000001872CCPF;01/04/2023;17;0,056;R
ES0000000000001872CCPF;01/04/2023;18;0,043;R
ES0000000000001872CCPF;01/04/2023;19;0,037;R
ES0000000000001872CCPF;01/04/2023;20;0,051;R
ES0000000000001872CCPF;01/04/2023;21;0,102;R
ES0000000000001872CCPF;01/04/2023;22;0,09;R
ES0000000000001872CCPF;01/04/2023;23;0,104;R
ES0000000000001872CCPF;02/04/2023;0;0,173;R
ES0000000000001872CCPF;02/04/2023;1;0,088;R
ES0000000000001872CCPF;02/04/2023;2;0,047;R
ES0000000000001872CCPF;02/04/2023;3;0,047;R
ES0000000000001872CCPF;02/04/2023;4;0,046;R
ES0000000000001872CCPF;02/04/2023;5;0,053;R
ES0000000000001872CCPF;02/04/2023;6;0,039;R
ES0000000000001872CCPF;02/04/2023;7;0,042;R
ES0000000000001872CCPF;02/04/2023;8;0,042;R
ES0000000000001872CCPF;02/04/2023;9;0,05;R
ES0000000000001872CCPF;02/04/2023;10;0,042;R
ES0000000000001872CCPF;02/04/2023;11;0,046;R
ES0000000000001872CCPF;02/04/2023;12;1,015;R
ES0000000000001872CCPF;02/04/2023;13;0,105;R
ES0000000000001872CCPF;02/04/2023;14;0,106;R
ES0000000000001872CCPF;02/04/2023;15;0,168;R
ES0000000000001872CCPF;02/04/2023;16;0,092;R
ES0000000000001872CCPF;02/04/2023;17;0,143;R
ES0000000000001872CCPF;02/04/2023;18;0,107;R
ES0000000000001872CCPF;02/04/2023;19;0,757;R
ES0000000000001872CCPF;02/04/2023;20;0,679;R
ES0000000000001872CCPF;02/04/2023;21;0,113;R
ES0000000000001872CCPF;02/04/2023;22;0,218;R
ES0000000000001872CCPF;02/04/2023;23;0,113;R
ES0000000000001872CCPF;03/04/2023;0;0,081;R
ES0000000000001872CCPF;03/04/2023;1;0,111;R
ES0000000000001872CCPF;03/04/2023;2;0,09;R
ES0000000000001872CCPF;03/04/2023;3;0,054;R
ES0000000000001872CCPF;03/04/2023;4;0,047;R
ES0000000000001872CCPF;03/04/2023;5;0,036;R
ES0000000000001872CCPF;03/04/2023;6;0,053;R
ES0000000000001872CCPF;03/04/2023;7;0,039;R
ES0000000000001872CCPF;03/04/2023;8;0,035;R
ES0000000000001872CCPF;03/04/2023;9;0,038;R
ES0000000000001872CCPF;03/04/2023;10;0,054;R
ES0000000000001872CCPF;03/04/2023;11;0,072;R
ES0000000000001872CCPF;03/04/2023;12;0,128;R
ES0000000000001872CCPF;03/04/2023;13;0,566;R
ES0000000000001872CCPF;03/04/2023;14;0,042;R
ES0000000000001872CCPF;03/04/2023;15;0,043;R
ES0000000000001872CCPF;03/04/2023;16;0,128;R
ES0000000000001872CCPF;03/04/2023;17;0,081;R
ES0000000000001872CCPF;03/04/2023;18;0,047;R
ES0000000000001872CCPF;03/04/2023;19;0,05;R
ES0000000000001872CCPF;03/04/2023;20;0,054;R
ES0000000000001872CCPF;03/04/2023;21;0,042;R
ES0000000000001872CCPF;03/04/2023;22;0,144;R
ES0000000000001872CCPF;03/04/2023;23;0,098;R
ES0000000000001872CCPF;04/04/2023;0;0,081;R
ES0000000000001872CCPF;04/04/2023;1;0,061;R
ES0000000000001872CCPF;04/04/2023;2;0,048;R
ES0000000000001872CCPF;04/04/2023;3;0,048;R
ES0000000000001872CCPF;04/04/2023;4;0,036;R
ES0000000000001872CCPF;04/04/2023;5;0,117;R
ES0000000000001872CCPF;04/04/2023;6;0,086;R
ES0000000000001872CCPF;04/04/2023;7;0,05;R
ES0000000000001872CCPF;04/04/2023;8;0,048;R
ES0000000000001872CCPF;04/04/2023;9;0,062;R
ES0000000000001872CCPF;04/04/2023;10;0,087;R
ES0000000000001872CCPF;04/04/2023;11;0,128;R
ES0000000000001872CCPF;04/04/2023;12;0,057;R
ES0000000000001872CCPF;04/04/2023;13;0,055;R
ES0000000000001872CCPF;04/04/2023;14;0,04;R
ES0000000000001872CCPF;04/04/2023;15;0,049;R
ES0000000000001872CCPF;04/04/2023;16;0,043;R
ES0000000000001872CCPF;04/04/2023;17;0,041;R
ES0000000000001872CCPF;04/04/2023;18;0,055;R
ES0000000000001872CCPF;04/04/2023;19;0,13;R
ES0000000000001872CCPF;04/04/2023;20;0,055;R
ES0000000000001872CCPF;04/04/2023;21;0,059;R
ES0000000000001872CCPF;04/04/2023;22;0,049;R
ES0000000000001872CCPF;04/04/2023;23;0,041;R
ES0000000000001872CCPF;05/04/2023;0;0,046;R
ES0000000000001872CCPF;05/04/2023;1;0,038;R
ES0000000000001872CCPF;05/04/2023;2;0,053;R
ES0000000000001872CCPF;05/04/2023;3;0,038;R
ES0000000000001872CCPF;05/04/2023;4;0,036;R
ES0000000000001872CCPF;05/04/2023;5;0,048;R
ES0000000000001872CCPF;05/04/2023;6;0,045;R
ES0000000000001872CCPF;05/04/2023;7;0,035;R
ES0000000000001872CCPF;05/04/2023;8;0,04;R
ES0000000000001872CCPF;05/04/2023;9;0,045;R
ES0000000000001872CCPF;05/04/2023;10;0,038;R
ES0000000000001872CCPF;05/04/2023;11;0,041;R
ES0000000000001872CCPF;05/04/2023;12;0,045;R
ES0000000000001872CCPF;05/04/2023;13;0,038;R
ES0000000000001872CCPF;05/04/2023;14;0,039;R
ES0000000000001872CCPF;05/04/2023;15;0,037;R
ES0000000000001872CCPF;05/04/2023;16;0,047;R
ES0000000000001872CCPF;05/04/2023;17;0,046;R
ES0000000000001872CCPF;05/04/2023;18;0,037;R
ES0000000000001872CCPF;05/04/2023;19;0,037;R
ES0000000000001872CCPF;05/04/2023;20;0,053;R
ES0000000000001872CCPF;05/04/2023;21;0,039;R
ES0000000000001872CCPF;05/04/2023;22;0,043;R
ES0000000000001872CCPF;05/04/2023;23;0,037;R
ES0000000000001872CCPF;06/04/2023;0;0,046;R
ES0000000000001872CCPF;06/04/2023;1;0,044;R
ES0000000000001872CCPF;06/04/2023;2;0,036;R
ES0000000000001872CCPF;06/04/2023;3;0,04;R
ES0000000000001872CCPF;06/04/2023;4;0,048;R
ES0000000000001872CCPF;06/04/2023;5;0,035;R
ES0000000000001872CCPF;06/04/2023;6;0,039;R
ES0000000000001872CCPF;06/04/2023;7;0,048;R
ES0000000000001872CCPF;06/04/2023;8;0,032;R
ES0000000000001872CCPF;06/04/2023;9;0,045;R
ES0000000000001872CCPF;06/04/2023;10;0,038;R
ES0000000000001872CCPF;06/04/2023;11;0,032;R
ES0000000000001872CCPF;06/04/2023;12;0,044;R
ES0000000000001872CCPF;06/04/2023;13;0,041;R
ES0000000000001872CCPF;06/04/2023;14;0,047;R
ES0000000000001872CCPF;06/04/2023;15;0,036;R
ES0000000000001872CCPF;06/04/2023;16;0,04;R
ES0000000000001872CCPF;06/04/2023;17;0,049;R
ES0000000000001872CCPF;06/04/2023;18;0,037;R
ES0000000000001872CCPF;06/04/2023;19;0,05;R
ES0000000000001872CCPF;06/04/2023;20;0,038;R
ES0000000000001872CCPF;06/04/2023;21;0,041;R
ES0000000000001872CCPF;06/04/2023;22;0,052;R
ES0000000000001872CCPF;06/04/2023;23;0,035;R
ES0000000000001872CCPF;07/04/2023;0;0,042;R
ES0000000000001872CCPF;07/04/2023;1;0,051;R
ES0000000000001872CCPF;07/04/2023;2;0,035;R
ES0000000000001872CCPF;07/04/2023;3;0,041;R
ES0000000000001872CCPF;07/04/2023;4;0,046;R
ES0000000000001872CCPF;07/04/2023;5;0,036;R
ES0000000000001872CCPF;07/04/2023;6;0,039;R
ES0000000000001872CCPF;07/04/2023;7;0,048;R
ES0000000000001872CCPF;07/04/2023;8;0,041;R
ES0000000000001872CCPF;07/04/2023;9;0,033;R
ES0000000000001872CCPF;07/04/2023;10;0,042;R
ES0000000000001872CCPF;07/04/2023;11;0,043;R
ES0000000000001872CCPF;07/04/2023;12;0,039;R
ES0000000000001872CCPF;07/04/2023;13;0,045;R
ES0000000000001872CCPF;07/04/2023;14;0,035;R
ES0000000000001872CCPF;07/04/2023;15;0,045;R
ES0000000000001872CCPF;07/04/2023;16;0,043;R
ES0000000000001872CCPF;07/04/2023;17;0,035;R
ES0000000000001872CCPF;07/04/2023;18;0,048;R
ES0000000000001872CCPF;07/04/2023;19;0,051;R
ES0000000000001872CCPF;07/04/2023;20;0,131;R
ES0000000000001872CCPF;07/04/2023;21;0,055;R
ES0000000000001872CCPF;07/04/2023;22;0,057;R
ES0000000000001872CCPF;07/04/2023;23;0,046;R
ES0000000000001872CCPF;08/04/2023;0;0,036;R
ES0000000000001872CCPF;08/04/2023;1;0,047;R
ES0000000000001872CCPF;08/04/2023;2;0,049;R
ES0000000000001872CCPF;08/04/2023;3;0,036;R
ES0000000000001872CCPF;08/04/2023;4;0,038;R
ES0000000000001872CCPF;08/04/2023;5;0,051;R
ES0000000000001872CCPF;08/04/2023;6;0,039;R
ES0000000000001872CCPF;08/04/2023;7;0,038;R
ES0000000000001872CCPF;08/04/2023;8;0,049;R
ES0000000000001872CCPF;08/04/2023;9;0,033;R
ES0000000000001872CCPF;08/04/2023;10;0,034;R
ES0000000000001872CCPF;08/04/2023;11;0,047;R
ES0000000000001872CCPF;08/04/2023;12;0,044;R
ES0000000000001872CCPF;08/04/2023;13;0,042;R
ES0000000000001872CCPF;08/04/2023;14;0,034;R
ES0000000000001872CCPF;08/04/2023;15;0,056;R
ES0000000000001872CCPF;08/04/2023;16;0,043;R
ES0000000000001872CCPF;08/04/2023;17;0,155;R
ES0000000000001872CCPF;08/04/2023;18;0,31;R
ES0000000000001872CCPF;08/04/2023;19;0,684;R
ES0000000000001872CCPF;08/04/2023;20;0,449;R
ES0000000000001872CCPF;08/04/2023;21;0,037;R
ES0000000000001872CCPF;08/04/2023;22;0,178;R
ES0000000000001872CCPF;08/04/2023;23;0,172;R
ES0000000000001872CCPF;09/04/2023;0;0,097;R
ES0000000000001872CCPF;09/04/2023;1;0,088;R
ES0000000000001872CCPF;09/04/2023;2;0,049;R
ES0000000000001872CCPF;09/04/2023;3;0,056;R
ES0000000000001872CCPF;09/04/2023;4;0,044;R
ES0000000000001872CCPF;09/04/2023;5;0,114;R
ES0000000000001872CCPF;09/04/2023;6;0,082;R
ES0000000000001872CCPF;09/04/2023;7;0,055;R
ES0000000000001872CCPF;09/04/2023;8;0,038;R
ES0000000000001872CCPF;09/04/2023;9;0,044;R
ES0000000000001872CCPF;09/04/2023;10;0,065;R
ES0000000000001872CCPF;09/04/2023;11;0,047;R
ES0000000000001872CCPF;09/04/2023;12;0,092;R
ES0000000000001872CCPF;09/04/2023;13;0,071;R
ES0000000000001872CCPF;09/04/2023;14;0,094;R
ES0000000000001872CCPF;09/04/2023;15;0,031;R
ES0000000000001872CCPF;09/04/2023;16;0,043;R
ES0000000000001872CCPF;09/04/2023;17;0,045;R
ES0000000000001872CCPF;09/04/2023;18;0,075;R
ES0000000000001872CCPF;09/04/2023;19;0,097;R
ES0000000000001872CCPF;09/04/2023;20;0,048;R
ES0000000000001872CCPF;09/04/2023;21;0,066;R
ES0000000000001872CCPF;09/04/2023;22;0,157;R
ES0000000000001872CCPF;09/04/2023;23;0,104;R
ES0000000000001872CCPF;10/04/2023;0;0,08;R
ES0000000000001872CCPF;10/04/2023;1;0,059;R
ES0000000000001872CCPF;10/04/2023;2;0,041;R
ES0000000000001872CCPF;10/04/2023;3;0,041;R
ES0000000000001872CCPF;10/04/2023;4;0,055;R
ES0000000000001872CCPF;10/04/2023;5;0,045;R
ES0000000000001872CCPF;10/04/2023;6;0,061;R
ES0000000000001872CCPF;10/04/2023;7;0,143;R
ES0000000000001872CCPF;10/04/2023;8;0,148;R
ES0000000000001872CCPF;10/04/2023;9;0,047;R
ES0000000000001872CCPF;10/04/2023;10;0,039;R
ES0000000000001872CCPF;10/04/2023;11;0,095;R
ES0000000000001872CCPF;10/04/2023;12;0,098;R
ES0000000000001872CCPF;10/04/2023;13;0,152;R
ES0000000000001872CCPF;10/04/2023;14;0,204;R
ES0000000000001872CCPF;10/04/2023;15;0,117;R
ES0000000000001872CCPF;10/04/2023;16;0,085;R
ES0000000000001872CCPF;10/04/2023;17;0,087;R
ES0000000000001872CCPF;10/04/2023;18;0,077;R
ES0000000000001872CCPF;10/04/2023;19;0,065;R
ES0000000000001872CCPF;10/04/2023;20;0,138;R
ES0000000000001872CCPF;10/04/2023;21;0,118;R
ES0000000000001872CCPF;10/04/2023;22;0,153;R
ES0000000000001872CCPF;10/04/2023;23;0,109;R
ES0000000000001872CCPF;11/04/2023;0;0,073;R
ES0000000000001872CCPF;11/04/2023;1;0,06;R
ES0000000000001872CCPF;11/04/2023;2;0,047;R
ES0000000000001872CCPF;11/04/2023;3;0,05;R
ES0000000000001872CCPF;11/04/2023;4;0,04;R
ES0000000000001872CCPF;11/04/2023;5;0,047;R
ES0000000000001872CCPF;11/04/2023;6;0,079;R
ES0000000000001872CCPF;11/04/2023;7;0,042;R
ES0000000000001872CCPF;11/04/2023;8;0,112;R
ES0000000000001872CCPF;11/04/2023;9;0,117;R
ES0000000000001872CCPF;11/04/2023;10;0,056;R
ES0000000000001872CCPF;11/04/2023;11;0,085;R
ES0000000000001872CCPF;11/04/2023;12;0,047;R
ES0000000000001872CCPF;11/04/2023;13;0,061;R
ES0000000000001872CCPF;11/04/2023;14;0,06;R
ES0000000000001872CCPF;11/04/2023;15;1,22;R
ES0000000000001872CCPF;11/04/2023;16;0,223;R
ES0000000000001872CCPF;11/04/2023;17;0,104;R
ES0000000000001872CCPF;11/04/2023;18;0,06;R
ES0000000000001872CCPF;11/04/2023;19;0,058;R
ES0000000000001872CCPF;11/04/2023;20;0,125;R
ES0000000000001872CCPF;11/04/2023;21;0,198;R
ES0000000000001872CCPF;11/04/2023;22;0,272;R
ES0000000000001872CCPF;11/04/2023;23;0,124;R
ES0000000000001872CCPF;12/04/2023;0;0,052;R
ES0000000000001872CCPF;12/04/2023;1;0,048;R
ES0000000000001872CCPF;12/04/2023;2;0,044;R
ES0000000000001872CCPF;12/04/2023;3;0,05;R
ES0000000000001872CCPF;12/04/2023;4;0,055;R
ES0000000000001872CCPF;12/04/2023;5;0,041;R
ES0000000000001872CCPF;12/04/2023;6;0,066;R
ES0000000000001872CCPF;12/04/2023;7;0,057;R
ES0000000000001872CCPF;12/04/2023;8;0,126;R
ES0000000000001872CCPF;12/04/2023;9;0,073;R
ES0000000000001872CCPF;12/04/2023;10;0,12;R
ES0000000000001872CCPF;12/04/2023;11;0,048;R
ES0000000000001872CCPF;12/04/2023;12;0,049;R
ES0000000000001872CCPF;12/04/2023;13;0,048;R
ES0000000000001872CCPF;12/04/2023;14;0,057;R
ES0000000000001872CCPF;12/04/2023;15;0,166;R
ES0000000000001872CCPF;12/04/2023;16;0,071;R
ES0000000000001872CCPF;12/04/2023;17;0,074;R
ES0000000000001872CCPF;12/04/2023;18;0,047;R
ES0000000000001872CCPF;12/04/2023;19;0,04;R
ES0000000000001872CCPF;12/04/2023;20;0,128;R
ES0000000000001872CCPF;12/04/2023;21;0,369;R
ES0000000000001872CCPF;12/04/2023;22;0,284;R
ES0000000000001872CCPF;12/04/2023;23;0,115;R
ES0000000000001872CCPF;13/04/2023;0;0,094;R
ES0000000000001872CCPF;13/04/2023;1;0,068;R
ES0000000000001872CCPF;13/04/2023;2;0,055;R
ES0000000000001872CCPF;13/04/2023;3;0,049;R
ES0000000000001872CCPF;13/04/2023;4;0,048;R
ES0000000000001872CCPF;13/04/2023;5;0,047;R
ES0000000000001872CCPF;13/04/2023;6;0,054;R
ES0000000000001872CCPF;13/04/2023;7;0,13;R
ES0000000000001872CCPF;13/04/2023;8;0,126;R
ES0000000000001872CCPF;13/04/2023;9;0,114;R
ES0000000000001872CCPF;13/04/2023;10;0,151;R
ES0000000000001872CCPF;13/04/2023;11;0,121;R
ES0000000000001872CCPF;13/04/2023;12;0,044;R
ES0000000000001872CCPF;13/04/2023;13;0,041;R
ES0000000000001872CCPF;13/04/2023;14;0,054;R
ES0000000000001872CCPF;13/04/2023;15;0,216;R
ES0000000000001872CCPF;13/04/2023;16;0,082;R
ES0000000000001872CCPF;13/04/2023;17;0,045;R
ES0000000000001872CCPF;13/04/2023;18;0,04;R
ES0000000000001872CCPF;13/04/2023;19;0,603;R
ES0000000000001872CCPF;13/04/2023;20;0,364;R
ES0000000000001872CCPF;13/04/2023;21;0,077;R
ES0000000000001872CCPF;13/04/2023;22;0,097;R
ES0000000000001872CCPF;13/04/2023;23;0,11;R
ES0000000000001872CCPF;14/04/2023;0;0,064;R
ES0000000000001872CCPF;14/04/2023;1;0,041;R
ES0000000000001872CCPF;14/04/2023;2;0,039;R
ES0000000000001872CCPF;14/04/2023;3;0,048;R
ES0000000000001872CCPF;14/04/2023;4;0,05;R
ES0000000000001872CCPF;14/04/2023;5;0,038;R
ES0000000000001872CCPF;14/04/2023;6;0,04;R
ES0000000000001872CCPF;14/04/2023;7;0,041;R
ES0000000000001872CCPF;14/04/2023;8;0,131;R
ES0000000000001872CCPF;14/04/2023;9;0,185;R
ES0000000000001872CCPF;14/04/2023;10;0,098;R
ES0000000000001872CCPF;14/04/2023;11;0,045;R
ES0000000000001872CCPF;14/04/2023;12;0,056;R
ES0000000000001872CCPF;14/04/2023;13;0,103;R
ES0000000000001872CCPF;14/04/2023;14;0,088;R
ES0000000000001872CCPF;14/04/2023;15;0,257;R
ES0000000000001872CCPF;14/04/2023;16;0,148;R
ES0000000000001872CCPF;14/04/2023;17;0,083;R
ES0000000000001872CCPF;14/04/2023;18;0,077;R
ES0000000000001872CCPF;14/04/2023;19;0,066;R
ES0000000000001872CCPF;14/04/2023;20;0,077;R
ES0000000000001872CCPF;14/04/2023;21;0,081;R
ES0000000000001872CCPF;14/04/2023;22;0,173;R
ES0000000000001872CCPF;14/04/2023;23;0,136;R
ES0000000000001872CCPF;15/04/2023;0;0,095;R
ES0000000000001872CCPF;15/04/2023;1;0,046;R
ES0000000000001872CCPF;15/04/2023;2;0,055;R
ES0000000000001872CCPF;15/04/2023;3;0,042;R
ES0000000000001872CCPF;15/04/2023;4;0,037;R
ES0000000000001872CCPF;15/04/2023;5;0,043;R
ES0000000000001872CCPF;15/04/2023;6;0,052;R
ES0000000000001872CCPF;15/04/2023;7;0,036;R
ES0000000000001872CCPF;15/04/2023;8;0,037;R
ES0000000000001872CCPF;15/04/2023;9;0,147;R
ES0000000000001872CCPF;15/04/2023;10;0,055;R
ES0000000000001872CCPF;15/04/2023;11;0,064;R
ES0000000000001872CCPF;15/04/2023;12;0,108;R
ES0000000000001872CCPF;15/04/2023;13;0,129;R
ES0000000000001872CCPF;15/04/2023;14;0,077;R
ES0000000000001872CCPF;15/04/2023;15;0,042;R
ES0000000000001872CCPF;15/04/2023;16;0,039;R
ES0000000000001872CCPF;15/04/2023;17;0,049;R
ES0000000000001872CCPF;15/04/2023;18;0,04;R
ES0000000000001872CCPF;15/04/2023;19;0,059;R
ES0000000000001872CCPF;15/04/2023;20;0,039;R
ES0000000000001872CCPF;15/04/2023;21;0,042;R
ES0000000000001872CCPF;15/04/2023;22;0,069;R
ES0000000000001872CCPF;15/04/2023;23;0,113;R
ES0000000000001872CCPF;16/04/2023;0;0,079;R
ES0000000000001872CCPF;16/04/2023;1;0,055;R
ES0000000000001872CCPF;16/04/2023;2;0,127;R
ES0000000000001872CCPF;16/04/2023;3;0,089;R
ES0000000000001872CCPF;16/04/2023;4;0,045;R
ES0000000000001872CCPF;16/04/2023;5;0,04;R
ES0000000000001872CCPF;16/04/2023;6;0,037;R
ES0000000000001872CCPF;16/04/2023;7;0,056;R
ES0000000000001872CCPF;16/04/2023;8;0,038;R
ES0000000000001872CCPF;16/04/2023;9;0,043;R
ES0000000000001872CCPF;16/04/2023;10;0,125;R
ES0000000000001872CCPF;16/04/2023;11;0,06;R
ES0000000000001872CCPF;16/04/2023;12;0,038;R
ES0000000000001872CCPF;16/04/2023;13;0,044;R
ES0000000000001872CCPF;16/04/2023;14;0,053;R
ES0000000000001872CCPF;16/04/2023;15;0,081;R
ES0000000000001872CCPF;16/04/2023;16;0,161;R
ES0000000000001872CCPF;16/04/2023;17;0,115;R
ES0000000000001872CCPF;16/04/2023;18;0,081;R
ES0000000000001872CCPF;16/04/2023;19;0,041;R
ES0000000000001872CCPF;16/04/2023;20;0,116;R
ES0000000000001872CCPF;16/04/2023;21;0,127;R
ES0000000000001872CCPF;16/04/2023;22;0,129;R
ES0000000000001872CCPF;16/04/2023;23;0,086;R
ES0000000000001872CCPF;17/04/2023;0;0,109;R
ES0000000000001872CCPF;17/04/2023;1;0,069;R
ES0000000000001872CCPF;17/04/2023;2;0,044;R
ES0000000000001872CCPF;17/04/2023;3;0,056;R
ES0000000000001872CCPF;17/04/2023;4;0,06;R
ES0000000000001872CCPF;17/04/2023;5;0,114;R
ES0000000000001872CCPF;17/04/2023;6;0,086;R
ES0000000000001872CCPF;17/04/2023;7;0,052;R
ES0000000000001872CCPF;17/04/2023;8;0,037;R
ES0000000000001872CCPF;17/04/2023;9;0,066;R
ES0000000000001872CCPF;17/04/2023;10;0,118;R
ES0000000000001872CCPF;17/04/2023;11;0,103;R
ES0000000000001872CCPF;17/04/2023;12;0,086;R
ES0000000000001872CCPF;17/04/2023;13;0,091;R
ES0000000000001872CCPF;17/04/2023;14;0,199;R
ES0000000000001872CCPF;17/04/2023;15;0,209;R
ES0000000000001872CCPF;17/04/2023;16;0,035;R
ES0000000000001872CCPF;17/04/2023;17;0,045;R
ES0000000000001872CCPF;17/04/2023;18;0,123;R
ES0000000000001872CCPF;17/04/2023;19;0,083;R
ES0000000000001872CCPF;17/04/2023;20;0,138;R
ES0000000000001872CCPF;17/04/2023;21;0,15;R
ES0000000000001872CCPF;17/04/2023;22;0,111;R
ES0000000000001872CCPF;17/04/2023;23;0,098;R
ES0000000000001872CCPF;18/04/2023;0;0,052;R
ES0000000000001872CCPF;18/04/2023;1;0,053;R
ES0000000000001872CCPF;18/04/2023;2;0,038;R
ES0000000000001872CCPF;18/04/2023;3;0,049;R
ES0000000000001872CCPF;18/04/2023;4;0,053;R
ES0000000000001872CCPF;18/04/2023;5;0,037;R
ES0000000000001872CCPF;18/04/2023;6;0,046;R
ES0000000000001872CCPF;18/04/2023;7;0,128;R
ES0000000000001872CCPF;18/04/2023;8;0,11;R
ES0000000000001872CCPF;18/04/2023;9;0,065;R
ES0000000000001872CCPF;18/04/2023;10;0,126;R
ES0000000000001872CCPF;18/04/2023;11;0,047;R
ES0000000000001872CCPF;18/04/2023;12;0,043;R
ES0000000000001872CCPF;18/04/2023;13;0,049;R
ES0000000000001872CCPF;18/04/2023;14;0,402;R
ES0000000000001872CCPF;18/04/2023;15;0,724;R
ES0000000000001872CCPF;18/04/2023;16;0,06;R
ES0000000000001872CCPF;18/04/2023;17;0,042;R
ES0000000000001872CCPF;18/04/2023;18;0,057;R
ES0000000000001872CCPF;18/04/2023;19;0,163;R
ES0000000000001872CCPF;18/04/2023;20;0,152;R
ES0000000000001872CCPF;18/04/2023;21;0,209;R
ES0000000000001872CCPF;18/04/2023;22;0,081;R
ES0000000000001872CCPF;18/04/2023;23;0,094;R
ES0000000000001872CCPF;19/04/2023;0;0,058;R
ES0000000000001872CCPF;19/04/2023;1;0,04;R
ES0000000000001872CCPF;19/04/2023;2;0,054;R
ES0000000000001872CCPF;19/04/2023;3;0,049;R
ES0000000000001872CCPF;19/04/2023;4;0,038;R
ES0000000000001872CCPF;19/04/2023;5;0,048;R
ES0000000000001872CCPF;19/04/2023;6;0,081;R
ES0000000000001872CCPF;19/04/2023;7;0,038;R
ES0000000000001872CCPF;19/04/2023;8;0,123;R
ES0000000000001872CCPF;19/04/2023;9;0,08;R
ES0000000000001872CCPF;19/04/2023;10;0,08;R
ES0000000000001872CCPF;19/04/2023;11;0,047;R
ES0000000000001872CCPF;19/04/2023;12;0,055;R
ES0000000000001872CCPF;19/04/2023;13;0,038;R
ES0000000000001872CCPF;19/04/2023;14;0,049;R
ES0000000000001872CCPF;19/04/2023;15;0,164;R
ES0000000000001872CCPF;19/04/2023;16;0,252;R
ES0000000000001872CCPF;19/04/2023;17;0,069;R
ES0000000000001872CCPF;19/04/2023;18;0,104;R
ES0000000000001872CCPF;19/04/2023;19;0,071;R
ES0000000000001872CCPF;19/04/2023;20;0,188;R
ES0000000000001872CCPF;19/04/2023;21;0,115;R
ES0000000000001872CCPF;19/04/2023;22;0,105;R
ES0000000000001872CCPF;19/04/2023;23;0,09;R
ES0000000000001872CCPF;20/04/2023;0;0,063;R
ES0000000000001872CCPF;20/04/2023;1;0,054;R
ES0000000000001872CCPF;20/04/2023;2;0,034;R
ES0000000000001872CCPF;20/04/2023;3;0,054;R
ES0000000000001872CCPF;20/04/2023;4;0,05;R
ES0000000000001872CCPF;20/04/2023;5;0,04;R
ES0000000000001872CCPF;20/04/2023;6;0,066;R
ES0000000000001872CCPF;20/04/2023;7;0,064;R
ES0000000000001872CCPF;20/04/2023;8;0,066;R
ES0000000000001872CCPF;20/04/2023;9;0,075;R
ES0000000000001872CCPF;20/04/2023;10;0,11;R
ES0000000000001872CCPF;20/04/2023;11;0,055;R
ES0000000000001872CCPF;20/04/2023;12;0,055;R
ES0000000000001872CCPF;20/04/2023;13;0,04;R
ES0000000000001872CCPF;20/04/2023;14;0,051;R
ES0000000000001872CCPF;20/04/2023;15;0,063;R
ES0000000000001872CCPF;20/04/2023;16;0,057;R
ES0000000000001872CCPF;20/04/2023;17;0,049;R
ES0000000000001872CCPF;20/04/2023;18;0,061;R
ES0000000000001872CCPF;20/04/2023;19;0,044;R
ES0000000000001872CCPF;20/04/2023;20;0,047;R
ES0000000000001872CCPF;20/04/2023;21;0,129;R
ES0000000000001872CCPF;20/04/2023;22;0,118;R
ES0000000000001872CCPF;20/04/2023;23;0,094;R
ES0000000000001872CCPF;21/04/2023;0;0,056;R
ES0000000000001872CCPF;21/04/2023;1;0,067;R
ES0000000000001872CCPF;21/04/2023;2;0,047;R
ES0000000000001872CCPF;21/04/2023;3;0,043;R
ES0000000000001872CCPF;21/04/2023;4;0,045;R
ES0000000000001872CCPF;21/04/2023;5;0,055;R
ES0000000000001872CCPF;21/04/2023;6;0,045;R
ES0000000000001872CCPF;21/04/2023;7;0,04;R
ES0000000000001872CCPF;21/04/2023;8;0,128;R
ES0000000000001872CCPF;21/04/2023;9;0,159;R
ES0000000000001872CCPF;21/04/2023;10;0,095;R
ES0000000000001872CCPF;21/04/2023;11;0,066;R
ES0000000000001872CCPF;21/04/2023;12;0,091;R
ES0000000000001872CCPF;21/04/2023;13;0,099;R
ES0000000000001872CCPF;21/04/2023;14;0,045;R
ES0000000000001872CCPF;21/04/2023;15;0,286;R
ES0000000000001872CCPF;21/04/2023;16;0,106;R
ES0000000000001872CCPF;21/04/2023;17;0,077;R
ES0000000000001872CCPF;21/04/2023;18;0,081;R
ES0000000000001872CCPF;21/04/2023;19;0,069;R
ES0000000000001872CCPF;21/04/2023;20;0,042;R
ES0000000000001872CCPF;21/04/2023;21;0,084;R
ES0000000000001872CCPF;21/04/2023;22;0,174;R
ES0000000000001872CCPF;21/04/2023;23;0,126;R
ES0000000000001872CCPF;22/04/2023;0;0,075;R
ES0000000000001872CCPF;22/04/2023;1;0,038;R
ES0000000000001872CCPF;22/04/2023;2;0,056;R
ES0000000000001872CCPF;22/04/2023;3;0,048;R
ES0000000000001872CCPF;22/04/2023;4;0,044;R
ES0000000000001872CCPF;22/04/2023;5;0,053;R
ES0000000000001872CCPF;22/04/2023;6;0,038;R
ES0000000000001872CCPF;22/04/2023;7;0,05;R
ES0000000000001872CCPF;22/04/2023;8;0,049;R
ES0000000000001872CCPF;22/04/2023;9;0,036;R
ES0000000000001872CCPF;22/04/2023;10;0,057;R
ES0000000000001872CCPF;22/04/2023;11;0,201;R
ES0000000000001872CCPF;22/04/2023;12;0,067;R
ES0000000000001872CCPF;22/04/2023;13;0,057;R
ES0000000000001872CCPF;22/04/2023;14;0,036;R
ES0000000000001872CCPF;22/04/2023;15;0,047;R
ES0000000000001872CCPF;22/04/2023;16;0,031;R
ES0000000000001872CCPF;22/04/2023;17;0,044;R
ES0000000000001872CCPF;22/04/2023;18;0,039;R
ES0000000000001872CCPF;22/04/2023;19;0,038;R
ES0000000000001872CCPF;22/04/2023;20;0,05;R
ES0000000000001872CCPF;22/04/2023;21;0,033;R
ES0000000000001872CCPF;22/04/2023;22;0,059;R
ES0000000000001872CCPF;22/04/2023;23;0,093;R
ES0000000000001872CCPF;23/04/2023;0;0,191;R
ES0000000000001872CCPF;23/04/2023;1;0,104;R
ES0000000000001872CCPF;23/04/2023;2;0,048;R
ES0000000000001872CCPF;23/04/2023;3;0,051;R
ES0000000000001872CCPF;23/04/2023;4;0,056;R
ES0000000000001872CCPF;23/04/2023;5;0,04;R
ES0000000000001872CCPF;23/04/2023;6;0,04;R
ES0000000000001872CCPF;23/04/2023;7;0,052;R
ES0000000000001872CCPF;23/04/2023;8;0,051;R
ES0000000000001872CCPF;23/04/2023;9;0,038;R
ES0000000000001872CCPF;23/04/2023;10;0,121;R
ES0000000000001872CCPF;23/04/2023;11;0,13;R
ES0000000000001872CCPF;23/04/2023;12;0,298;R
ES0000000000001872CCPF;23/04/2023;13;0,166;R
ES0000000000001872CCPF;23/04/2023;14;0,078;R
ES0000000000001872CCPF;23/04/2023;15;0,041;R
ES0000000000001872CCPF;23/04/2023;16;0,038;R
ES0000000000001872CCPF;23/04/2023;17;0,053;R
ES0000000000001872CCPF;23/04/2023;18;0,037;R
ES0000000000001872CCPF;23/04/2023;19;0,033;R
ES0000000000001872CCPF;23/04/2023;20;0,049;R
ES0000000000001872CCPF;23/04/2023;21;0,04;R
ES0000000000001872CCPF;23/04/2023;22;0,045;R
ES0000000000001872CCPF;23/04/2023;23;0,591;R
ES0000000000001872CCPF;24/04/2023;0;0,313;R
ES0000000000001872CCPF;24/04/2023;1;0,087;R
ES0000000000001872CCPF;24/04/2023;2;0,101;R
ES0000000000001872CCPF;24/04/2023;3;0,059;R
ES0000000000001872CCPF;24/04/2023;4;0,05;R
ES0000000000001872CCPF;24/04/2023;5;0,047;R
ES0000000000001872CCPF;24/04/2023;6;0,082;R
ES0000000000001872CCPF;24/04/2023;7;0,038;R
ES0000000000001872CCPF;24/04/2023;8;0,061;R
ES0000000000001872CCPF;24/04/2023;9;0,041;R
ES0000000000001872CCPF;24/04/2023;10;0,09;R
ES0000000000001872CCPF;24/04/2023;11;0,051;R
ES0000000000001872CCPF;24/04/2023;12;0,048;R
ES0000000000001872CCPF;24/04/2023;13;0,039;R
ES0000000000001872CCPF;24/04/2023;14;0,142;R
ES0000000000001872CCPF;24/04/2023;15;0,09;R
ES0000000000001872CCPF;24/04/2023;16;0,046;R
ES0000000000001872CCPF;24/04/2023;17;0,079;R
ES0000000000001872CCPF;24/04/2023;18;0,048;R
ES0000000000001872CCPF;24/04/2023;19;0,042;R
ES0000000000001872CCPF;24/04/2023;20;0,16;R
ES0000000000001872CCPF;24/04/2023;21;0,117;R
ES0000000000001872CCPF;24/04/2023;22;0,149;R
ES0000000000001872CCPF;24/04/2023;23;0,102;R
ES0000000000001872CCPF;25/04/2023;0;0,103;R
ES0000000000001872CCPF;25/04/2023;1;0,052;R
ES0000000000001872CCPF;25/04/2023;2;0,05;R
ES0000000000001872CCPF;25/04/2023;3;0,13;R
ES0000000000001872CCPF;25/04/2023;4;0,089;R
ES0000000000001872CCPF;25/04/2023;5;0,045;R
ES0000000000001872CCPF;25/04/2023;6;0,064;R
ES0000000000001872CCPF;25/04/2023;7;0,042;R
ES0000000000001872CCPF;25/04/2023;8;0,059;R
ES0000000000001872CCPF;25/04/2023;9;0,048;R
ES0000000000001872CCPF;25/04/2023;10;0,081;R
ES0000000000001872CCPF;25/04/2023;11;0,059;R
ES0000000000001872CCPF;25/04/2023;12;0,043;R
ES0000000000001872CCPF;25/04/2023;13;0,045;R
ES0000000000001872CCPF;25/04/2023;14;0,056;R
ES0000000000001872CCPF;25/04/2023;15;0,084;R
ES0000000000001872CCPF;25/04/2023;16;0,151;R
ES0000000000001872CCPF;25/04/2023;17;0,109;R
ES0000000000001872CCPF;25/04/2023;18;0,07;R
ES0000000000001872CCPF;25/04/2023;19;0,051;R
ES0000000000001872CCPF;25/04/2023;20;0,036;R
ES0000000000001872CCPF;25/04/2023;21;0,057;R
ES0000000000001872CCPF;25/04/2023;22;0,216;R
ES0000000000001872CCPF;25/04/2023;23;0,101;R
ES0000000000001872CCPF;26/04/2023;0;0,098;R
ES0000000000001872CCPF;26/04/2023;1;0,041;R
ES0000000000001872CCPF;26/04/2023;2;0,066;R
ES0000000000001872CCPF;26/04/2023;3;0,128;R
ES0000000000001872CCPF;26/04/2023;4;0,062;R
ES0000000000001872CCPF;26/04/2023;5;0,069;R
ES0000000000001872CCPF;26/04/2023;6;0,071;R
ES0000000000001872CCPF;26/04/2023;7;0,041;R
ES0000000000001872CCPF;26/04/2023;8;0,061;R
ES0000000000001872CCPF;26/04/2023;9;0,076;R
ES0000000000001872CCPF;26/04/2023;10;0,049;R
ES0000000000001872CCPF;26/04/2023;11;0,053;R
ES0000000000001872CCPF;26/04/2023;12;0,046;R
ES0000000000001872CCPF;26/04/2023;13;0,043;R
ES0000000000001872CCPF;26/04/2023;14;0,086;R
ES0000000000001872CCPF;26/04/2023;15;0,78;R
ES0000000000001872CCPF;26/04/2023;16;0,099;R
ES0000000000001872CCPF;26/04/2023;17;0,099;R
ES0000000000001872CCPF;26/04/2023;18;0,079;R
ES0000000000001872CCPF;26/04/2023;19;0,072;R
ES0000000000001872CCPF;26/04/2023;20;0,046;R
ES0000000000001872CCPF;26/04/2023;21;0,173;R
ES0000000000001872CCPF;26/04/2023;22;0,143;R
ES0000000000001872CCPF;26/04/2023;23;0,094;R
ES0000000000001872CCPF;27/04/2023;0;0,087;R
ES0000000000001872CCPF;27/04/2023;1;0,136;R
ES0000000000001872CCPF;27/04/2023;2;0,063;R
ES0000000000001872CCPF;27/04/2023;3;0,064;R
ES0000000000001872CCPF;27/04/2023;4;0,062;R
ES0000000000001872CCPF;27/04/2023;5;0,042;R
ES0000000000001872CCPF;27/04/2023;6;0,062;R
ES0000000000001872CCPF;27/04/2023;7;0,04;R
ES0000000000001872CCPF;27/04/2023;8;0,139;R
ES0000000000001872CCPF;27/04/2023;9;0,084;R
ES0000000000001872CCPF;27/04/2023;10;0,26;R
ES0000000000001872CCPF;27/04/2023;11;0,274;R
ES0000000000001872CCPF;27/04/2023;12;0,574;R
ES0000000000001872CCPF;27/04/2023;13;0,179;R
ES0000000000001872CCPF;27/04/2023;14;0,145;R
ES0000000000001872CCPF;27/04/2023;15;0,082;R
ES0000000000001872CCPF;27/04/2023;16;0,095;R
ES0000000000001872CCPF;27/04/2023;17;0,046;R
ES0000000000001872CCPF;27/04/2023;18;0,063;R
ES0000000000001872CCPF;27/04/2023;19;0,051;R
ES0000000000001872CCPF;27/04/2023;20;0,061;R
ES0000000000001872CCPF;27/04/2023;21;0,061;R
ES0000000000001872CCPF;27/04/2023;22;0,157;R
ES0000000000001872CCPF;27/04/2023;23;0,126;R
ES0000000000001872CCPF;28/04/2023;0;0,205;R
ES0000000000001872CCPF;28/04/2023;1;0,175;R
ES0000000000001872CCPF;28/04/2023;2;0,077;R
ES0000000000001872CCPF;28/04/2023;3;0,052;R
ES0000000000001872CCPF;28/04/2023;4;0,051;R
ES0000000000001872CCPF;28/04/2023;5;0,063;R
ES0000000000001872CCPF;28/04/2023;6;0,051;R
ES0000000000001872CCPF;28/04/2023;7;0,046;R
ES0000000000001872CCPF;28/04/2023;8;0,154;R
ES0000000000001872CCPF;28/04/2023;9;0,08;R
ES0000000000001872CCPF;28/04/2023;10;0,07;R
ES0000000000001872CCPF;28/04/2023;11;0,149;R
ES0000000000001872CCPF;28/04/2023;12;0,111;R
ES0000000000001872CCPF;28/04/2023;13;0,069;R
ES0000000000001872CCPF;28/04/2023;14;0,099;R
ES0000000000001872CCPF;28/04/2023;15;0,126;R
ES0000000000001872CCPF;28/04/2023;16;0,172;R
ES0000000000001872CCPF;28/04/2023;17;0,091;R
ES0000000000001872CCPF;28/04/2023;18;0,105;R
ES0000000000001872CCPF;28/04/2023;19;0,174;R
ES0000000000001872CCPF;28/04/2023;20;0,227;R
ES0000000000001872CCPF;28/04/2023;21;0,168;R
ES0000000000001872CCPF;28/04/2023;22;0,093;R
ES0000000000001872CCPF;28/04/2023;23;0,126;R
ES0000000000001872CCPF;29/04/2023;0;0,115;R
ES0000000000001872CCPF;29/04/2023;1;0,067;R
ES0000000000001872CCPF;29/04/2023;2;0,055;R
ES0000000000001872CCPF;29/04/2023;3;0,057;R
ES0000000000001872CCPF;29/04/2023;4;0,133;R
ES0000000000001872CCPF;29/04/2023;5;0,098;R
ES0000000000001872CCPF;29/04/2023;6;0,065;R
ES0000000000001872CCPF;29/04/2023;7;0,066;R
ES0000000000001872CCPF;29/04/2023;8;0,067;R
ES0000000000001872CCPF;29/04/2023;9;0,053;R
ES0000000000001872CCPF;29/04/2023;10;0,087;R
ES0000000000001872CCPF;29/04/2023;11;0,067;R
ES0000000000001872CCPF;29/04/2023;12;0,05;R
ES0000000000001872CCPF;29/04/2023;13;0,218;R
ES0000000000001872CCPF;29/04/2023;14;0,178;R
ES0000000000001872CCPF;29/04/2023;15;0,135;R
ES0000000000001872CCPF;29/04/2023;16;0,093;R
ES0000000000001872CCPF;29/04/2023;17;0,054;R
ES0000000000001872CCPF;29/04/2023;18;0,05;R
ES0000000000001872CCPF;29/04/2023;19;0,066;R
ES0000000000001872CCPF;29/04/2023;20;0,049;R
ES0000000000001872CCPF;29/04/2023;21;0,054;R
ES0000000000001872CCPF;29/04/2023;22;0,064;R
ES0000000000001872CCPF;29/04/2023;23;0,12;R
ES0000000000001872CCPF;30/04/2023;0;0,095;R
ES0000000000001872CCPF;30/04/2023;1;0,173;R
ES0000000000001872CCPF;30/04/2023;2;0,141;R
ES0000000000001872CCPF;30/04/2023;3;0,1;R
ES0000000000001872CCPF;30/04/2023;4;0,076;R
ES0000000000001872CCPF;30/04/2023;5;0,064;R
ES0000000000001872CCPF;30/04/2023;6;0,048;R
ES0000000000001872CCPF;30/04/2023;7;0,049;R
ES0000000000001872CCPF;30/04/2023;8;0,061;R
ES0000000000001872CCPF;30/04/2023;9;0,053;R
ES0000000000001872CCPF;30/04/2023;10;0,051;R
ES0000000000001872CCPF;30/04/2023;11;0,12;R
ES0000000000001872CCPF;30/04/2023;12;0,46;R
ES0000000000001872CCPF;30/04/2023;13;0,401;R
ES0000000000001872CCPF;30/04/2023;14;0,137;R
ES0000000000001872CCPF;30/04/2023;15;0,189;R
ES0000000000001872CCPF;30/04/2023;16;0,11;R
ES0000000000001872CCPF;30/04/2023;17;0,079;R
ES0000000000001872CCPF;30/04/2023;18;0,073;R
ES0000000000001872CCPF;30/04/2023;19;0,108;R
ES0000000000001872CCPF;30/04/2023;20;0,084;R
ES0000000000001872CCPF;30/04/2023;21;0,047;R
ES0000000000001872CCPF;30/04/2023;22;0,15;R
ES0000000000001872CCPF;30/04/2023;23;0,306;R
ES0000000000001872CCPF;01/05/2023;0;0,486;R
ES0000000000001872CCPF;01/05/2023;1;0,568;R
ES0000000000001872CCPF;01/05/2023;2;0,087;R
ES0000000000001872CCPF;01/05/2023;3;0,066;R
ES0000000000001872CCPF;01/05/2023;4;0,045;R
ES0000000000001872CCPF;01/05/2023;5;0,056;R
ES0000000000001872CCPF;01/05/2023;6;0,062;R
ES0000000000001872CCPF;01/05/2023;7;0,046;R
ES0000000000001872CCPF;01/05/2023;8;0,047;R
ES0000000000001872CCPF;01/05/2023;9;0,06;R
ES0000000000001872CCPF;01/05/2023;10;0,134;R
ES0000000000001872CCPF;01/05/2023;11;0,099;R
ES0000000000001872CCPF;01/05/2023;12;0,543;R
ES0000000000001872CCPF;01/05/2023;13;0,16;R
ES0000000000001872CCPF;01/05/2023;14;0,28;R
ES0000000000001872CCPF;01/05/2023;15;0,138;R
ES0000000000001872CCPF;01/05/2023;16;0,128;R
ES0000000000001872CCPF;01/05/2023;17;0,841;R
ES0000000000001872CCPF;01/05/2023;18;0,878;R
ES0000000000001872CCPF;01/05/2023;19;0,318;R
ES0000000000001872CCPF;01/05/2023;20;0,135;R
ES0000000000001872CCPF;01/05/2023;21;0,376;R
ES0000000000001872CCPF;01/05/2023;22;0,136;R
ES0000000000001872CCPF;01/05/2023;23;0,132;R
ES0000000000001872CCPF;02/05/2023;0;0,081;R
ES0000000000001872CCPF;02/05/2023;1;0,107;R
ES0000000000001872CCPF;02/05/2023;2;0,098;R
ES0000000000001872CCPF;02/05/2023;3;0,055;R
ES0000000000001872CCPF;02/05/2023;4;0,063;R
ES0000000000001872CCPF;02/05/2023;5;0,054;R
ES0000000000001872CCPF;02/05/2023;6;0,044;R
ES0000000000001872CCPF;02/05/2023;7;0,064;R
ES0000000000001872CCPF;02/05/2023;8;0,134;R
ES0000000000001872CCPF;02/05/2023;9;0,08;R
ES0000000000001872CCPF;02/05/2023;10;0,048;R
ES0000000000001872CCPF;02/05/2023;11;0,12;R
ES0000000000001872CCPF;02/05/2023;12;0,155;R
ES0000000000001872CCPF;02/05/2023;13;0,136;R
ES0000000000001872CCPF;02/05/2023;14;0,07;R
ES0000000000001872CCPF;02/05/2023;15;0,155;R
ES0000000000001872CCPF;02/05/2023;16;0,069;R
ES0000000000001872CCPF;02/05/2023;17;0,081;R
ES0000000000001872CCPF;02/05/2023;18;0,166;R
ES0000000000001872CCPF;02/05/2023;19;0,131;R
ES0000000000001872CCPF;02/05/2023;20;0,466;R
ES0000000000001872CCPF;02/05/2023;21;0,243;R
ES0000000000001872CCPF;02/05/2023;22;0,146;R
ES0000000000001872CCPF;02/05/2023;23;0,119;R
ES0000000000001872CCPF;03/05/2023;0;0,084;R
ES0000000000001872CCPF;03/05/2023;1;0,053;R
ES0000000000001872CCPF;03/05/2023;2;0,053;R
ES0000000000001872CCPF;03/05/2023;3;0,066;R
ES0000000000001872CCPF;03/05/2023;4;0,08;R
ES0000000000001872CCPF;03/05/2023;5;0,12;R
ES0000000000001872CCPF;03/05/2023;6;0,086;R
ES0000000000001872CCPF;03/05/2023;7;0,066;R
ES0000000000001872CCPF;03/05/2023;8;0,059;R
ES0000000000001872CCPF;03/05/2023;9;0,046;R
ES0000000000001872CCPF;03/05/2023;10;0,101;R
ES0000000000001872CCPF;03/05/2023;11;0,069;R
ES0000000000001872CCPF;03/05/2023;12;0,051;R
ES0000000000001872CCPF;03/05/2023;13;0,06;R
ES0000000000001872CCPF;03/05/2023;14;0,046;R
ES0000000000001872CCPF;03/05/2023;15;0,065;R
ES0000000000001872CCPF;03/05/2023;16;0,192;R
ES0000000000001872CCPF;03/05/2023;17;0,143;R
ES0000000000001872CCPF;03/05/2023;18;0,09;R
ES0000000000001872CCPF;03/05/2023;19;0,088;R
ES0000000000001872CCPF;03/05/2023;20;0,186;R
ES0000000000001872CCPF;03/05/2023;21;0,143;R
ES0000000000001872CCPF;03/05/2023;22;0,476;R
ES0000000000001872CCPF;03/05/2023;23;0,16;R
ES0000000000001872CCPF;04/05/2023;0;0,55;R
ES0000000000001872CCPF;04/05/2023;1;0,071;R
ES0000000000001872CCPF;04/05/2023;2;0,054;R
ES0000000000001872CCPF;04/05/2023;3;0,137;R
ES0000000000001872CCPF;04/05/2023;4;0,068;R
ES0000000000001872CCPF;04/05/2023;5;0,063;R
ES0000000000001872CCPF;04/05/2023;6;0,061;R
ES0000000000001872CCPF;04/05/2023;7;0,055;R
ES0000000000001872CCPF;04/05/2023;8;0,111;R
ES0000000000001872CCPF;04/05/2023;9;0,064;R
ES0000000000001872CCPF;04/05/2023;10;0,065;R
ES0000000000001872CCPF;04/05/2023;11;0,047;R
ES0000000000001872CCPF;04/05/2023;12;0,06;R
ES0000000000001872CCPF;04/05/2023;13;0,139;R
ES0000000000001872CCPF;04/05/2023;14;0,216;R
ES0000000000001872CCPF;04/05/2023;15;0,292;R
ES0000000000001872CCPF;04/05/2023;16;0,094;R
ES0000000000001872CCPF;04/05/2023;17;0,053;R
ES0000000000001872CCPF;04/05/2023;18;0,055;R
ES0000000000001872CCPF;04/05/2023;19;0,065;R
ES0000000000001872CCPF;04/05/2023;20;0,062;R
ES0000000000001872CCPF;04/05/2023;21;0,089;R
ES0000000000001872CCPF;04/05/2023;22;0,118;R
ES0000000000001872CCPF;04/05/2023;23;0,084;R
ES0000000000001872CCPF;05/05/2023;0;0,166;R
ES0000000000001872CCPF;05/05/2023;1;0,127;R
ES0000000000001872CCPF;05/05/2023;2;0,065;R
ES0000000000001872CCPF;05/05/2023;3;0,069;R
ES0000000000001872CCPF;05/05/2023;4;0,049;R
ES0000000000001872CCPF;05/05/2023;5;0,047;R
ES0000000000001872CCPF;05/05/2023;6;0,053;R
ES0000000000001872CCPF;05/05/2023;7;0,047;R
ES0000000000001872CCPF;05/05/2023;8;0,106;R
ES0000000000001872CCPF;05/05/2023;9;0,084;R
ES0000000000001872CCPF;05/05/2023;10;0,119;R
ES0000000000001872CCPF;05/05/2023;11;0,119;R
ES0000000000001872CCPF;05/05/2023;12;0,21;R
ES0000000000001872CCPF;05/05/2023;13;0,208;R
ES0000000000001872CCPF;05/05/2023;14;0,272;R
ES0000000000001872CCPF;05/05/2023;15;0,538;R
ES0000000000001872CCPF;05/05/2023;16;0,22;R
ES0000000000001872CCPF;05/05/2023;17;0,091;R
ES0000000000001872CCPF;05/05/2023;18;0,095;R
ES0000000000001872CCPF;05/05/2023;19;0,1;R
ES0000000000001872CCPF;05/05/2023;20;0,057;R
ES0000000000001872CCPF;05/05/2023;21;0,05;R
ES0000000000001872CCPF;05/05/2023;22;0,281;R
ES0000000000001872CCPF;05/05/2023;23;0,144;R
ES0000000000001872CCPF;06/05/2023;0;0,109;R
ES0000000000001872CCPF;06/05/2023;1;0,097;R
ES0000000000001872CCPF;06/05/2023;2;0,051;R
ES0000000000001872CCPF;06/05/2023;3;0,063;R
ES0000000000001872CCPF;06/05/2023;4;0,05;R
ES0000000000001872CCPF;06/05/2023;5;0,059;R
ES0000000000001872CCPF;06/05/2023;6;0,048;R
ES0000000000001872CCPF;06/05/2023;7;0,066;R
ES0000000000001872CCPF;06/05/2023;8;0,081;R
ES0000000000001872CCPF;06/05/2023;9;0,176;R
ES0000000000001872CCPF;06/05/2023;10;0,135;R
ES0000000000001872CCPF;06/05/2023;11;0,055;R
ES0000000000001872CCPF;06/05/2023;12;0,064;R
ES0000000000001872CCPF;06/05/2023;13;0,05;R
ES0000000000001872CCPF;06/05/2023;14;0,059;R
ES0000000000001872CCPF;06/05/2023;15;0,051;R
ES0000000000001872CCPF;06/05/2023;16;0,053;R
ES0000000000001872CCPF;06/05/2023;17;0,064;R
ES0000000000001872CCPF;06/05/2023;18;0,055;R
ES0000000000001872CCPF;06/05/2023;19;0,049;R
ES0000000000001872CCPF;06/05/2023;20;0,132;R
ES0000000000001872CCPF;06/05/2023;21;0,096;R
ES0000000000001872CCPF;06/05/2023;22;0,051;R
ES0000000000001872CCPF;06/05/2023;23;0,132;R
ES0000000000001872CCPF;07/05/2023;0;0,099;R
ES0000000000001872CCPF;07/05/2023;1;0,098;R
ES0000000000001872CCPF;07/05/2023;2;0,068;R
ES0000000000001872CCPF;07/05/2023;3;0,063;R
ES0000000000001872CCPF;07/05/2023;4;0,043;R
ES0000000000001872CCPF;07/05/2023;5;0,057;R
ES0000000000001872CCPF;07/05/2023;6;0,059;R
ES0000000000001872CCPF;07/05/2023;7;0,133;R
ES0000000000001872CCPF;07/05/2023;8;0,07;R
ES0000000000001872CCPF;07/05/2023;9;0,064;R
ES0000000000001872CCPF;07/05/2023;10;0,081;R
ES0000000000001872CCPF;07/05/2023;11;0,12;R
ES0000000000001872CCPF;07/05/2023;12;0,086;R
ES0000000000001872CCPF;07/05/2023;13;0,161;R
ES0000000000001872CCPF;07/05/2023;14;1,028;R
ES0000000000001872CCPF;07/05/2023;15;0,551;R
ES0000000000001872CCPF;07/05/2023;16;0,482;R
ES0000000000001872CCPF;07/05/2023;17;0,284;R
ES0000000000001872CCPF;07/05/2023;18;0,479;R
ES0000000000001872CCPF;07/05/2023;19;0,106;R
ES0000000000001872CCPF;07/05/2023;20;0,077;R
ES0000000000001872CCPF;07/05/2023;21;0,056;R
ES0000000000001872CCPF;07/05/2023;22;0,242;R
ES0000000000001872CCPF;07/05/2023;23;0,119;R
ES0000000000001872CCPF;08/05/2023;0;0,105;R
ES0000000000001872CCPF;08/05/2023;1;0,05;R
ES0000000000001872CCPF;08/05/2023;2;0,064;R
ES0000000000001872CCPF;08/05/2023;3;0,06;R
ES0000000000001872CCPF;08/05/2023;4;0,138;R
ES0000000000001872CCPF;08/05/2023;5;0,064;R
ES0000000000001872CCPF;08/05/2023;6;0,099;R
ES0000000000001872CCPF;08/05/2023;7;0,054;R
ES0000000000001872CCPF;08/05/2023;8;0,078;R
ES0000000000001872CCPF;08/05/2023;9;0,066;R
ES0000000000001872CCPF;08/05/2023;10;0,065;R
ES0000000000001872CCPF;08/05/2023;11;0,055;R
ES0000000000001872CCPF;08/05/2023;12;0,042;R
ES0000000000001872CCPF;08/05/2023;13;0,056;R
ES0000000000001872CCPF;08/05/2023;14;0,066;R
ES0000000000001872CCPF;08/05/2023;15;0,206;R
ES0000000000001872CCPF;08/05/2023;16;0,07;R
ES0000000000001872CCPF;08/05/2023;17;0,102;R
ES0000000000001872CCPF;08/05/2023;18;0,05;R
ES0000000000001872CCPF;08/05/2023;19;0,06;R
ES0000000000001872CCPF;08/05/2023;20;0,055;R
ES0000000000001872CCPF;08/05/2023;21;0,349;R
ES0000000000001872CCPF;08/05/2023;22;0,106;R
ES0000000000001872CCPF;08/05/2023;23;0,11;R
ES0000000000001872CCPF;09/05/2023;0;0,072;R
ES0000000000001872CCPF;09/05/2023;1;0,109;R
ES0000000000001872CCPF;09/05/2023;2;0,099;R
ES0000000000001872CCPF;09/05/2023;3;0,061;R
ES0000000000001872CCPF;09/05/2023;4;0,071;R
ES0000000000001872CCPF;09/05/2023;5;0,054;R
ES0000000000001872CCPF;09/05/2023;6;0,07;R
ES0000000000001872CCPF;09/05/2023;7;0,064;R
ES0000000000001872CCPF;09/05/2023;8;0,048;R
ES0000000000001872CCPF;09/05/2023;9;0,068;R
ES0000000000001872CCPF;09/05/2023;10;0,054;R
ES0000000000001872CCPF;09/05/2023;11;0,045;R
ES0000000000001872CCPF;09/05/2023;12;0,053;R
ES0000000000001872CCPF;09/05/2023;13;0,132;R
ES0000000000001872CCPF;09/05/2023;14;0,089;R
ES0000000000001872CCPF;09/05/2023;15;0,067;R
ES0000000000001872CCPF;09/05/2023;16;0,09;R
ES0000000000001872CCPF;09/05/2023;17;0,128;R
ES0000000000001872CCPF;09/05/2023;18;0,077;R
ES0000000000001872CCPF;09/05/2023;19;0,087;R
ES0000000000001872CCPF;09/05/2023;20;0,098;R
ES0000000000001872CCPF;09/05/2023;21;0,215;R
ES0000000000001872CCPF;09/05/2023;22;0,102;R
ES0000000000001872CCPF;09/05/2023;23;0,107;R
ES0000000000001872CCPF;10/05/2023;0;0,139;R
ES0000000000001872CCPF;10/05/2023;1;0,066;R
ES0000000000001872CCPF;10/05/2023;2;0,068;R
ES0000000000001872CCPF;10/05/2023;3;0,059;R
ES0000000000001872CCPF;10/05/2023;4;0,062;R
ES0000000000001872CCPF;10/05/2023;5;0,045;R
ES0000000000001872CCPF;10/05/2023;6;0,079;R
ES0000000000001872CCPF;10/05/2023;7;0,062;R
ES0000000000001872CCPF;10/05/2023;8;0,045;R
ES0000000000001872CCPF;10/05/2023;9;0,055;R
ES0000000000001872CCPF;10/05/2023;10;0,071;R
ES0000000000001872CCPF;10/05/2023;11;0,127;R
ES0000000000001872CCPF;10/05/2023;12;0,102;R
ES0000000000001872CCPF;10/05/2023;13;0,066;R
ES0000000000001872CCPF;10/05/2023;14;0,085;R
ES0000000000001872CCPF;10/05/2023;15;0,572;R
ES0000000000001872CCPF;10/05/2023;16;0,081;R
ES0000000000001872CCPF;10/05/2023;17;0,093;R
ES0000000000001872CCPF;10/05/2023;18;0,08;R
ES0000000000001872CCPF;10/05/2023;19;0,086;R
ES0000000000001872CCPF;10/05/2023;20;0,049;R
ES0000000000001872CCPF;10/05/2023;21;0,205;R
ES0000000000001872CCPF;10/05/2023;22;0,225;R
ES0000000000001872CCPF;10/05/2023;23;0,552;R
ES0000000000001872CCPF;11/05/2023;0;0,526;R
ES0000000000001872CCPF;11/05/2023;1;0,049;R
ES0000000000001872CCPF;11/05/2023;2;0,071;R
ES0000000000001872CCPF;11/05/2023;3;0,057;R
ES0000000000001872CCPF;11/05/2023;4;0,047;R
ES0000000000001872CCPF;11/05/2023;5;0,059;R
ES0000000000001872CCPF;11/05/2023;6;0,059;R
ES0000000000001872CCPF;11/05/2023;7;0,045;R
ES0000000000001872CCPF;11/05/2023;8;0,087;R
ES0000000000001872CCPF;11/05/2023;9;0,153;R
ES0000000000001872CCPF;11/05/2023;10;0,183;R
ES0000000000001872CCPF;11/05/2023;11;0,11;R
ES0000000000001872CCPF;11/05/2023;12;0,101;R
ES0000000000001872CCPF;11/05/2023;13;0,153;R
ES0000000000001872CCPF;11/05/2023;14;0,123;R
ES0000000000001872CCPF;11/05/2023;15;0,206;R
ES0000000000001872CCPF;11/05/2023;16;0,17;R
ES0000000000001872CCPF;11/05/2023;17;0,087;R
ES0000000000001872CCPF;11/05/2023;18;0,091;R
ES0000000000001872CCPF;11/05/2023;19;0,061;R
ES0000000000001872CCPF;11/05/2023;20;0,136;R
ES0000000000001872CCPF;11/05/2023;21;0,064;R
ES0000000000001872CCPF;11/05/2023;22;0,16;R
ES0000000000001872CCPF;11/05/2023;23;0,098;R
ES0000000000001872CCPF;12/05/2023;0;0,115;R
ES0000000000001872CCPF;12/05/2023;1;0,057;R
ES0000000000001872CCPF;12/05/2023;2;0,062;R
ES0000000000001872CCPF;12/05/2023;3;0,046;R
ES0000000000001872CCPF;12/05/2023;4;0,05;R
ES0000000000001872CCPF;12/05/2023;5;0,057;R
ES0000000000001872CCPF;12/05/2023;6;0,04;R
ES0000000000001872CCPF;12/05/2023;7;0,122;R
ES0000000000001872CCPF;12/05/2023;8;0,122;R
ES0000000000001872CCPF;12/05/2023;9;0,081;R
ES0000000000001872CCPF;12/05/2023;10;0,082;R
ES0000000000001872CCPF;12/05/2023;11;0,068;R
ES0000000000001872CCPF;12/05/2023;12;0,104;R
ES0000000000001872CCPF;12/05/2023;13;0,107;R
ES0000000000001872CCPF;12/05/2023;14;0,747;R
ES0000000000001872CCPF;12/05/2023;15;1,364;R
ES0000000000001872CCPF;12/05/2023;16;0,145;R
ES0000000000001872CCPF;12/05/2023;17;0,087;R
ES0000000000001872CCPF;12/05/2023;18;0,075;R
ES0000000000001872CCPF;12/05/2023;19;0,147;R
ES0000000000001872CCPF;12/05/2023;20;0,094;R
ES0000000000001872CCPF;12/05/2023;21;0,286;R
ES0000000000001872CCPF;12/05/2023;22;0,118;R
ES0000000000001872CCPF;12/05/2023;23;0,112;R
ES0000000000001872CCPF;13/05/2023;0;0,105;R
ES0000000000001872CCPF;13/05/2023;1;0,099;R
ES0000000000001872CCPF;13/05/2023;2;0,105;R
ES0000000000001872CCPF;13/05/2023;3;0,069;R
ES0000000000001872CCPF;13/05/2023;4;0,07;R
ES0000000000001872CCPF;13/05/2023;5;0,125;R
ES0000000000001872CCPF;13/05/2023;6;0,079;R
ES0000000000001872CCPF;13/05/2023;7;0,045;R
ES0000000000001872CCPF;13/05/2023;8;0,046;R
ES0000000000001872CCPF;13/05/2023;9;0,06;R
ES0000000000001872CCPF;13/05/2023;10;0,082;R
ES0000000000001872CCPF;13/05/2023;11;0,061;R
ES0000000000001872CCPF;13/05/2023;12;0,052;R
ES0000000000001872CCPF;13/05/2023;13;0,041;R
ES0000000000001872CCPF;13/05/2023;14;0,055;R
ES0000000000001872CCPF;13/05/2023;15;0,031;R
ES0000000000001872CCPF;13/05/2023;16;0,109;R
ES0000000000001872CCPF;13/05/2023;17;0,084;R
ES0000000000001872CCPF;13/05/2023;18;0,046;R
ES0000000000001872CCPF;13/05/2023;19;0,032;R
ES0000000000001872CCPF;13/05/2023;20;0,051;R
ES0000000000001872CCPF;13/05/2023;21;0,044;R
ES0000000000001872CCPF;13/05/2023;22;0,072;R
ES0000000000001872CCPF;13/05/2023;23;0,14;R
ES0000000000001872CCPF;14/05/2023;0;0,099;R
ES0000000000001872CCPF;14/05/2023;1;0,089;R
ES0000000000001872CCPF;14/05/2023;2;0,099;R
ES0000000000001872CCPF;14/05/2023;3;0,074;R
ES0000000000001872CCPF;14/05/2023;4;0,129;R
ES0000000000001872CCPF;14/05/2023;5;0,056;R
ES0000000000001872CCPF;14/05/2023;6;0,063;R
ES0000000000001872CCPF;14/05/2023;7;0,05;R
ES0000000000001872CCPF;14/05/2023;8;0,038;R
ES0000000000001872CCPF;14/05/2023;9;0,108;R
ES0000000000001872CCPF;14/05/2023;10;0,325;R
ES0000000000001872CCPF;14/05/2023;11;0,273;R
ES0000000000001872CCPF;14/05/2023;12;0,67;R
ES0000000000001872CCPF;14/05/2023;13;0,174;R
ES0000000000001872CCPF;14/05/2023;14;0,071;R
ES0000000000001872CCPF;14/05/2023;15;0,184;R
ES0000000000001872CCPF;14/05/2023;16;0,129;R
ES0000000000001872CCPF;14/05/2023;17;0,155;R
ES0000000000001872CCPF;14/05/2023;18;0,097;R
ES0000000000001872CCPF;14/05/2023;19;0,1;R
ES0000000000001872CCPF;14/05/2023;20;0,064;R
ES0000000000001872CCPF;14/05/2023;21;0,067;R
ES0000000000001872CCPF;14/05/2023;22;0,096;R
ES0000000000001872CCPF;14/05/2023;23;0,098;R
ES0000000000001872CCPF;15/05/2023;0;0,076;R
ES0000000000001872CCPF;15/05/2023;1;0,068;R
ES0000000000001872CCPF;15/05/2023;2;0,064;R
ES0000000000001872CCPF;15/05/2023;3;0,039;R
ES0000000000001872CCPF;15/05/2023;4;0,048;R
ES0000000000001872CCPF;15/05/2023;5;0,13;R
ES0000000000001872CCPF;15/05/2023;6;0,073;R
ES0000000000001872CCPF;15/05/2023;7;0,049;R
ES0000000000001872CCPF;15/05/2023;8;0,047;R
ES0000000000001872CCPF;15/05/2023;9;0,051;R
ES0000000000001872CCPF;15/05/2023;10;0,098;R
ES0000000000001872CCPF;15/05/2023;11;0,055;R
ES0000000000001872CCPF;15/05/2023;12;0,137;R
ES0000000000001872CCPF;15/05/2023;13;0,098;R
ES0000000000001872CCPF;15/05/2023;14;0,085;R
ES0000000000001872CCPF;15/05/2023;15;0,104;R
ES0000000000001872CCPF;15/05/2023;16;0,218;R
ES0000000000001872CCPF;15/05/2023;17;0,353;R
ES0000000000001872CCPF;15/05/2023;18;0,086;R
ES0000000000001872CCPF;15/05/2023;19;0,049;R
ES0000000000001872CCPF;15/05/2023;20;0,126;R
ES0000000000001872CCPF;15/05/2023;21;0,077;R
ES0000000000001872CCPF;15/05/2023;22;0,09;R
ES0000000000001872CCPF;15/05/2023;23;0,102;R
ES0000000000001872CCPF;16/05/2023;0;0,055;R
ES0000000000001872CCPF;16/05/2023;1;0,055;R
ES0000000000001872CCPF;16/05/2023;2;0,044;R
ES0000000000001872CCPF;16/05/2023;3;0,045;R
ES0000000000001872CCPF;16/05/2023;4;0,048;R
ES0000000000001872CCPF;16/05/2023;5;0,046;R
ES0000000000001872CCPF;16/05/2023;6;0,155;R
ES0000000000001872CCPF;16/05/2023;7;0,074;R
ES0000000000001872CCPF;16/05/2023;8;0,045;R
ES0000000000001872CCPF;16/05/2023;9;0,055;R
ES0000000000001872CCPF;16/05/2023;10;0,101;R
ES0000000000001872CCPF;16/05/2023;11;0,052;R
ES0000000000001872CCPF;16/05/2023;12;0,046;R
ES0000000000001872CCPF;16/05/2023;13;0,049;R
ES0000000000001872CCPF;16/05/2023;14;0,512;R
ES0000000000001872CCPF;16/05/2023;15;0,95;R
ES0000000000001872CCPF;16/05/2023;16;0,158;R
ES0000000000001872CCPF;16/05/2023;17;0,478;R
ES0000000000001872CCPF;16/05/2023;18;0,115;R
ES0000000000001872CCPF;16/05/2023;19;0,614;R
ES0000000000001872CCPF;16/05/2023;20;0,124;R
ES0000000000001872CCPF;16/05/2023;21;0,273;R
ES0000000000001872CCPF;16/05/2023;22;0,121;R
ES0000000000001872CCPF;16/05/2023;23;0,095;R
ES0000000000001872CCPF;17/05/2023;0;0,052;R
ES0000000000001872CCPF;17/05/2023;1;0,057;R
ES0000000000001872CCPF;17/05/2023;2;0,04;R
ES0000000000001872CCPF;17/05/2023;3;0,044;R
ES0000000000001872CCPF;17/05/2023;4;0,056;R
ES0000000000001872CCPF;17/05/2023;5;0,038;R
ES0000000000001872CCPF;17/05/2023;6;0,069;R
ES0000000000001872CCPF;17/05/2023;7;0,053;R
ES0000000000001872CCPF;17/05/2023;8;0,18;R
ES0000000000001872CCPF;17/05/2023;9;0,067;R
ES0000000000001872CCPF;17/05/2023;10;0,056;R
ES0000000000001872CCPF;17/05/2023;11;0,048;R
ES0000000000001872CCPF;17/05/2023;12;0,036;R
ES0000000000001872CCPF;17/05/2023;13;0,056;R
ES0000000000001872CCPF;17/05/2023;14;0,039;R
ES0000000000001872CCPF;17/05/2023;15;0,569;R
ES0000000000001872CCPF;17/05/2023;16;0,18;R
ES0000000000001872CCPF;17/05/2023;17;0,085;R
ES0000000000001872CCPF;17/05/2023;18;0,075;R
ES0000000000001872CCPF;17/05/2023;19;0,084;R
ES0000000000001872CCPF;17/05/2023;20;0,166;R
ES0000000000001872CCPF;17/05/2023;21;0,134;R
ES0000000000001872CCPF;17/05/2023;22;0,101;R
ES0000000000001872CCPF;17/05/2023;23;0,116;R
ES0000000000001872CCPF;18/05/2023;0;0,061;R
ES0000000000001872CCPF;18/05/2023;1;0,048;R
ES0000000000001872CCPF;18/05/2023;2;0,051;R
ES0000000000001872CCPF;18/05/2023;3;0,038;R
ES0000000000001872CCPF;18/05/2023;4;0,045;R
ES0000000000001872CCPF;18/05/2023;5;0,053;R
ES0000000000001872CCPF;18/05/2023;6;0,038;R
ES0000000000001872CCPF;18/05/2023;7;0,039;R
ES0000000000001872CCPF;18/05/2023;8;0,197;R
ES0000000000001872CCPF;18/05/2023;9;0,162;R
ES0000000000001872CCPF;18/05/2023;10;0,126;R
ES0000000000001872CCPF;18/05/2023;11;0,062;R
ES0000000000001872CCPF;18/05/2023;12;0,071;R
ES0000000000001872CCPF;18/05/2023;13;0,073;R
ES0000000000001872CCPF;18/05/2023;14;0,07;R
ES0000000000001872CCPF;18/05/2023;15;0,107;R
ES0000000000001872CCPF;18/05/2023;16;0,077;R
ES0000000000001872CCPF;18/05/2023;17;0,076;R
ES0000000000001872CCPF;18/05/2023;18;0,038;R
ES0000000000001872CCPF;18/05/2023;19;0,051;R
ES0000000000001872CCPF;18/05/2023;20;0,055;R
ES0000000000001872CCPF;18/05/2023;21;0,04;R
ES0000000000001872CCPF;18/05/2023;22;0,058;R
ES0000000000001872CCPF;18/05/2023;23;0,185;R
ES0000000000001872CCPF;19/05/2023;0;0,125;R
ES0000000000001872CCPF;19/05/2023;1;0,093;R
ES0000000000001872CCPF;19/05/2023;2;0,077;R
ES0000000000001872CCPF;19/05/2023;3;0,038;R
ES0000000000001872CCPF;19/05/2023;4;0,048;R
ES0000000000001872CCPF;19/05/2023;5;0,051;R
ES0000000000001872CCPF;19/05/2023;6;0,038;R
ES0000000000001872CCPF;19/05/2023;7;0,043;R
ES0000000000001872CCPF;19/05/2023;8;0,11;R
ES0000000000001872CCPF;19/05/2023;9;0,092;R
ES0000000000001872CCPF;19/05/2023;10;0,167;R
ES0000000000001872CCPF;19/05/2023;11;0,094;R
ES0000000000001872CCPF;19/05/2023;12;0,126;R
ES0000000000001872CCPF;19/05/2023;13;0,341;R
ES0000000000001872CCPF;19/05/2023;14;0,989;R
ES0000000000001872CCPF;19/05/2023;15;1,308;R
ES0000000000001872CCPF;19/05/2023;16;0,476;R
ES0000000000001872CCPF;19/05/2023;17;0,076;R
ES0000000000001872CCPF;19/05/2023;18;0,098;R
ES0000000000001872CCPF;19/05/2023;19;0,047;R
ES0000000000001872CCPF;19/05/2023;20;0,058;R
ES0000000000001872CCPF;19/05/2023;21;0,052;R
ES0000000000001872CCPF;19/05/2023;22;0,113;R
ES0000000000001872CCPF;19/05/2023;23;0,115;R
ES0000000000001872CCPF;20/05/2023;0;0,149;R
ES0000000000001872CCPF;20/05/2023;1;0,064;R
ES0000000000001872CCPF;20/05/2023;2;0,054;R
ES0000000000001872CCPF;20/05/2023;3;0,053;R
ES0000000000001872CCPF;20/05/2023;4;0,038;R
ES0000000000001872CCPF;20/05/2023;5;0,046;R
ES0000000000001872CCPF;20/05/2023;6;0,052;R
ES0000000000001872CCPF;20/05/2023;7;0,038;R
ES0000000000001872CCPF;20/05/2023;8;0,043;R
ES0000000000001872CCPF;20/05/2023;9;0,038;R
ES0000000000001872CCPF;20/05/2023;10;0,125;R
ES0000000000001872CCPF;20/05/2023;11;0,052;R
ES0000000000001872CCPF;20/05/2023;12;0,089;R
ES0000000000001872CCPF;20/05/2023;13;0,111;R
ES0000000000001872CCPF;20/05/2023;14;0,081;R
ES0000000000001872CCPF;20/05/2023;15;0,038;R
ES0000000000001872CCPF;20/05/2023;16;0,031;R
ES0000000000001872CCPF;20/05/2023;17;0,048;R
ES0000000000001872CCPF;20/05/2023;18;0,032;R
ES0000000000001872CCPF;20/05/2023;19;0,052;R
ES0000000000001872CCPF;20/05/2023;20;0,035;R
ES0000000000001872CCPF;20/05/2023;21;0,032;R
ES0000000000001872CCPF;20/05/2023;22;0,064;R
ES0000000000001872CCPF;20/05/2023;23;0,105;R
ES0000000000001872CCPF;21/05/2023;0;0,057;R
ES0000000000001872CCPF;21/05/2023;1;0,053;R
ES0000000000001872CCPF;21/05/2023;2;0,114;R
ES0000000000001872CCPF;21/05/2023;3;0,081;R
ES0000000000001872CCPF;21/05/2023;4;0,054;R
ES0000000000001872CCPF;21/05/2023;5;0,039;R
ES0000000000001872CCPF;21/05/2023;6;0,039;R
ES0000000000001872CCPF;21/05/2023;7;0,056;R
ES0000000000001872CCPF;21/05/2023;8;0,042;R
ES0000000000001872CCPF;21/05/2023;9;0,038;R
ES0000000000001872CCPF;21/05/2023;10;0,081;R
ES0000000000001872CCPF;21/05/2023;11;0,047;R
ES0000000000001872CCPF;21/05/2023;12;0,044;R
ES0000000000001872CCPF;21/05/2023;13;0,118;R
ES0000000000001872CCPF;21/05/2023;14;0,278;R
ES0000000000001872CCPF;21/05/2023;15;0,168;R
ES0000000000001872CCPF;21/05/2023;16;0,307;R
ES0000000000001872CCPF;21/05/2023;17;0,553;R
ES0000000000001872CCPF;21/05/2023;18;0,159;R
ES0000000000001872CCPF;21/05/2023;19;0,498;R
ES0000000000001872CCPF;21/05/2023;20;0,058;R
ES0000000000001872CCPF;21/05/2023;21;0,337;R
ES0000000000001872CCPF;21/05/2023;22;0,172;R
ES0000000000001872CCPF;21/05/2023;23;0,119;R
ES0000000000001872CCPF;22/05/2023;0;0,06;R
ES0000000000001872CCPF;22/05/2023;1;0,047;R
ES0000000000001872CCPF;22/05/2023;2;0,056;R
ES0000000000001872CCPF;22/05/2023;3;0,039;R
ES0000000000001872CCPF;22/05/2023;4;0,118;R
ES0000000000001872CCPF;22/05/2023;5;0,091;R
ES0000000000001872CCPF;22/05/2023;6;0,09;R
ES0000000000001872CCPF;22/05/2023;7;0,04;R
ES0000000000001872CCPF;22/05/2023;8;0,078;R
ES0000000000001872CCPF;22/05/2023;9;0,053;R
ES0000000000001872CCPF;22/05/2023;10;0,93;R
ES0000000000001872CCPF;22/05/2023;11;0,829;R
ES0000000000001872CCPF;22/05/2023;12;0,238;R
ES0000000000001872CCPF;22/05/2023;13;0,053;R
ES0000000000001872CCPF;22/05/2023;14;0,056;R
ES0000000000001872CCPF;22/05/2023;15;0,047;R
ES0000000000001872CCPF;22/05/2023;16;0,251;R
ES0000000000001872CCPF;22/05/2023;17;0,155;R
ES0000000000001872CCPF;22/05/2023;18;0,09;R
ES0000000000001872CCPF;22/05/2023;19;0,055;R
ES0000000000001872CCPF;22/05/2023;20;0,053;R
ES0000000000001872CCPF;22/05/2023;21;0,064;R
ES0000000000001872CCPF;22/05/2023;22;0,177;R
ES0000000000001872CCPF;22/05/2023;23;0,099;R
ES0000000000001872CCPF;23/05/2023;0;0,053;R
ES0000000000001872CCPF;23/05/2023;1;0,042;R
ES0000000000001872CCPF;23/05/2023;2;0,039;R
ES0000000000001872CCPF;23/05/2023;3;0,055;R
ES0000000000001872CCPF;23/05/2023;4;0,047;R
ES0000000000001872CCPF;23/05/2023;5;0,037;R
ES0000000000001872CCPF;23/05/2023;6;0,121;R
ES0000000000001872CCPF;23/05/2023;7;0,087;R
ES0000000000001872CCPF;23/05/2023;8;0,065;R
ES0000000000001872CCPF;23/05/2023;9;0,156;R
ES0000000000001872CCPF;23/05/2023;10;0,116;R
ES0000000000001872CCPF;23/05/2023;11;0,102;R
ES0000000000001872CCPF;23/05/2023;12;0,096;R
ES0000000000001872CCPF;23/05/2023;13;0,358;R
ES0000000000001872CCPF;23/05/2023;14;0,233;R
ES0000000000001872CCPF;23/05/2023;15;0,099;R
ES0000000000001872CCPF;23/05/2023;16;0,072;R
ES0000000000001872CCPF;23/05/2023;17;0,058;R
ES0000000000001872CCPF;23/05/2023;18;0,14;R
ES0000000000001872CCPF;23/05/2023;19;0,106;R
ES0000000000001872CCPF;23/05/2023;20;0,059;R
ES0000000000001872CCPF;23/05/2023;21;0,261;R
ES0000000000001872CCPF;23/05/2023;22;0,105;R
ES0000000000001872CCPF;23/05/2023;23;0,073;R
ES0000000000001872CCPF;24/05/2023;0;0,056;R
ES0000000000001872CCPF;24/05/2023;1;0,042;R
ES0000000000001872CCPF;24/05/2023;2;0,038;R
ES0000000000001872CCPF;24/05/2023;3;0,055;R
ES0000000000001872CCPF;24/05/2023;4;0,044;R
ES0000000000001872CCPF;24/05/2023;5;0,037;R
ES0000000000001872CCPF;24/05/2023;6;0,076;R
ES0000000000001872CCPF;24/05/2023;7;0,054;R
ES0000000000001872CCPF;24/05/2023;8;0,127;R
ES0000000000001872CCPF;24/05/2023;9;0,058;R
ES0000000000001872CCPF;24/05/2023;10;0,094;R
ES0000000000001872CCPF;24/05/2023;11;0,046;R
ES0000000000001872CCPF;24/05/2023;12;0,068;R
ES0000000000001872CCPF;24/05/2023;13;0,044;R
ES0000000000001872CCPF;24/05/2023;14;0,22;R
ES0000000000001872CCPF;24/05/2023;15;0,81;R
ES0000000000001872CCPF;24/05/2023;16;0,06;R
ES0000000000001872CCPF;24/05/2023;17;0,478;R
ES0000000000001872CCPF;24/05/2023;18;0,134;R
ES0000000000001872CCPF;24/05/2023;19;0,567;R
ES0000000000001872CCPF;24/05/2023;20;0,169;R
ES0000000000001872CCPF;24/05/2023;21;0,183;R
ES0000000000001872CCPF;24/05/2023;22;0,122;R
ES0000000000001872CCPF;24/05/2023;23;0,105;R
ES0000000000001872CCPF;25/05/2023;0;0,046;R
ES0000000000001872CCPF;25/05/2023;1;0,055;R
ES0000000000001872CCPF;25/05/2023;2;0,049;R
ES0000000000001872CCPF;25/05/2023;3;0,043;R
ES0000000000001872CCPF;25/05/2023;4;0,047;R
ES0000000000001872CCPF;25/05/2023;5;0,051;R
ES0000000000001872CCPF;25/05/2023;6;0,068;R
ES0000000000001872CCPF;25/05/2023;7;0,056;R
ES0000000000001872CCPF;25/05/2023;8;0,1;R
ES0000000000001872CCPF;25/05/2023;9;0,118;R
ES0000000000001872CCPF;25/05/2023;10;0,085;R
ES0000000000001872CCPF;25/05/2023;11;0,051;R
ES0000000000001872CCPF;25/05/2023;12;0,053;R
ES0000000000001872CCPF;25/05/2023;13;0,047;R
ES0000000000001872CCPF;25/05/2023;14;0,078;R
ES0000000000001872CCPF;25/05/2023;15;0,067;R
ES0000000000001872CCPF;25/05/2023;16;0,046;R
ES0000000000001872CCPF;25/05/2023;17;0,041;R
ES0000000000001872CCPF;25/05/2023;18;0,048;R
ES0000000000001872CCPF;25/05/2023;19;0,05;R
ES0000000000001872CCPF;25/05/2023;20;0,059;R
ES0000000000001872CCPF;25/05/2023;21;0,1;R
ES0000000000001872CCPF;25/05/2023;22;0,111;R
ES0000000000001872CCPF;25/05/2023;23;0,117;R
ES0000000000001872CCPF;26/05/2023;0;0,074;R
ES0000000000001872CCPF;26/05/2023;1;0,051;R
ES0000000000001872CCPF;26/05/2023;2;0,043;R
ES0000000000001872CCPF;26/05/2023;3;0,049;R
ES0000000000001872CCPF;26/05/2023;4;0,056;R
ES0000000000001872CCPF;26/05/2023;5;0,035;R
ES0000000000001872CCPF;26/05/2023;6;0,059;R
ES0000000000001872CCPF;26/05/2023;7;0,041;R
ES0000000000001872CCPF;26/05/2023;8;0,079;R
ES0000000000001872CCPF;26/05/2023;9;0,106;R
ES0000000000001872CCPF;26/05/2023;10;0,217;R
ES0000000000001872CCPF;26/05/2023;11;0,146;R
ES0000000000001872CCPF;26/05/2023;12;0,16;R
ES0000000000001872CCPF;26/05/2023;13;0,123;R
ES0000000000001872CCPF;26/05/2023;14;0,085;R
ES0000000000001872CCPF;26/05/2023;15;0,103;R
ES0000000000001872CCPF;26/05/2023;16;0,134;R
ES0000000000001872CCPF;26/05/2023;17;0,096;R
ES0000000000001872CCPF;26/05/2023;18;0,125;R
ES0000000000001872CCPF;26/05/2023;19;0,179;R
ES0000000000001872CCPF;26/05/2023;20;0,194;R
ES0000000000001872CCPF;26/05/2023;21;0,163;R
ES0000000000001872CCPF;26/05/2023;22;0,081;R
ES0000000000001872CCPF;26/05/2023;23;0,094;R
ES0000000000001872CCPF;27/05/2023;0;0,098;R
ES0000000000001872CCPF;27/05/2023;1;0,099;R
ES0000000000001872CCPF;27/05/2023;2;0,107;R
ES0000000000001872CCPF;27/05/2023;3;0,077;R
ES0000000000001872CCPF;27/05/2023;4;0,052;R
ES0000000000001872CCPF;27/05/2023;5;0,127;R
ES0000000000001872CCPF;27/05/2023;6;0,091;R
ES0000000000001872CCPF;27/05/2023;7;0,055;R
ES0000000000001872CCPF;27/05/2023;8;0,043;R
ES0000000000001872CCPF;27/05/2023;9;0,053;R
ES0000000000001872CCPF;27/05/2023;10;0,055;R
ES0000000000001872CCPF;27/05/2023;11;0,109;R
ES0000000000001872CCPF;27/05/2023;12;0,061;R
ES0000000000001872CCPF;27/05/2023;13;0,066;R
ES0000000000001872CCPF;27/05/2023;14;0,063;R
ES0000000000001872CCPF;27/05/2023;15;0,089;R
ES0000000000001872CCPF;27/05/2023;16;0,074;R
ES0000000000001872CCPF;27/05/2023;17;0,159;R
ES0000000000001872CCPF;27/05/2023;18;0,117;R
ES0000000000001872CCPF;27/05/2023;19;0,08;R
ES0000000000001872CCPF;27/05/2023;20;0,07;R
ES0000000000001872CCPF;27/05/2023;21;0,085;R
ES0000000000001872CCPF;27/05/2023;22;0,148;R
ES0000000000001872CCPF;27/05/2023;23;0,119;R
ES0000000000001872CCPF;28/05/2023;0;0,115;R
ES0000000000001872CCPF;28/05/2023;1;0,096;R
ES0000000000001872CCPF;28/05/2023;2;0,085;R
ES0000000000001872CCPF;28/05/2023;3;0,049;R
ES0000000000001872CCPF;28/05/2023;4;0,04;R
ES0000000000001872CCPF;28/05/2023;5;0,045;R
ES0000000000001872CCPF;28/05/2023;6;0,129;R
ES0000000000001872CCPF;28/05/2023;7;0,075;R
ES0000000000001872CCPF;28/05/2023;8;0,045;R
ES0000000000001872CCPF;28/05/2023;9;0,049;R
ES0000000000001872CCPF;28/05/2023;10;0,049;R
ES0000000000001872CCPF;28/05/2023;11;0,086;R
ES0000000000001872CCPF;28/05/2023;12;0,497;R
ES0000000000001872CCPF;28/05/2023;13;0,59;R
ES0000000000001872CCPF;28/05/2023;14;0,042;R
ES0000000000001872CCPF;28/05/2023;15;0,1;R
ES0000000000001872CCPF;28/05/2023;16;0,077;R
ES0000000000001872CCPF;28/05/2023;17;0,054;R
ES0000000000001872CCPF;28/05/2023;18;0,054;R
ES0000000000001872CCPF;28/05/2023;19;0,15;R
ES0000000000001872CCPF;28/05/2023;20;0,714;R
ES0000000000001872CCPF;28/05/2023;21;0,144;R
ES0000000000001872CCPF;28/05/2023;22;0,278;R
ES0000000000001872CCPF;28/05/2023;23;0,134;R
ES0000000000001872CCPF;29/05/2023;0;0,096;R
ES0000000000001872CCPF;29/05/2023;1;0,096;R
ES0000000000001872CCPF;29/05/2023;2;0,094;R
ES0000000000001872CCPF;29/05/2023;3;0,042;R
ES0000000000001872CCPF;29/05/2023;4;0,043;R
ES0000000000001872CCPF;29/05/2023;5;0,131;R
ES0000000000001872CCPF;29/05/2023;6;0,08;R
ES0000000000001872CCPF;29/05/2023;7;0,046;R
ES0000000000001872CCPF;29/05/2023;8;0,039;R
ES0000000000001872CCPF;29/05/2023;9;0,054;R
ES0000000000001872CCPF;29/05/2023;10;0,127;R
ES0000000000001872CCPF;29/05/2023;11;0,102;R
ES0000000000001872CCPF;29/05/2023;12;0,099;R
ES0000000000001872CCPF;29/05/2023;13;0,108;R
ES0000000000001872CCPF;29/05/2023;14;0,418;R
ES0000000000001872CCPF;29/05/2023;15;0,929;R
ES0000000000001872CCPF;29/05/2023;16;0,806;R
ES0000000000001872CCPF;29/05/2023;17;0,311;R
ES0000000000001872CCPF;29/05/2023;18;0,135;R
ES0000000000001872CCPF;29/05/2023;19;0,077;R
ES0000000000001872CCPF;29/05/2023;20;0,104;R
ES0000000000001872CCPF;29/05/2023;21;0,119;R
ES0000000000001872CCPF;29/05/2023;22;0,129;R
ES0000000000001872CCPF;29/05/2023;23;0,108;R
ES0000000000001872CCPF;30/05/2023;0;0,116;R
ES0000000000001872CCPF;30/05/2023;1;0,119;R
ES0000000000001872CCPF;30/05/2023;2;0,071;R
ES0000000000001872CCPF;30/05/2023;3;0,059;R
ES0000000000001872CCPF;30/05/2023;4;0,06;R
ES0000000000001872CCPF;30/05/2023;5;0,14;R
ES0000000000001872CCPF;30/05/2023;6;0,081;R
ES0000000000001872CCPF;30/05/2023;7;0,048;R
ES0000000000001872CCPF;30/05/2023;8;1,004;R
ES0000000000001872CCPF;30/05/2023;9;0,798;R
ES0000000000001872CCPF;30/05/2023;10;0,154;R
ES0000000000001872CCPF;30/05/2023;11;0,09;R
ES0000000000001872CCPF;30/05/2023;12;0,424;R
ES0000000000001872CCPF;30/05/2023;13;0,219;R
ES0000000000001872CCPF;30/05/2023;14;0,184;R
ES0000000000001872CCPF;30/05/2023;15;0,144;R
ES0000000000001872CCPF;30/05/2023;16;0,153;R
ES0000000000001872CCPF;30/05/2023;17;0,593;R
ES0000000000001872CCPF;30/05/2023;18;0,633;R
ES0000000000001872CCPF;30/05/2023;19;0,052;R
ES0000000000001872CCPF;30/05/2023;20;0,057;R
ES0000000000001872CCPF;30/05/2023;21;0,038;R
ES0000000000001872CCPF;30/05/2023;22;0,049;R
ES0000000000001872CCPF;30/05/2023;23;0,102;R
ES0000000000001872CCPF;31/05/2023;0;0,115;R
ES0000000000001872CCPF;31/05/2023;1;0,096;R
ES0000000000001872CCPF;31/05/2023;2;0,053;R
ES0000000000001872CCPF;31/05/2023;3;0,05;R
ES0000000000001872CCPF;31/05/2023;4;0,054;R
ES0000000000001872CCPF;31/05/2023;5;0,076;R
ES0000000000001872CCPF;31/05/2023;6;0,11;R
ES0000000000001872CCPF;31/05/2023;7;0,053;R
ES0000000000001872CCPF;31/05/2023;8;0,121;R
ES0000000000001872CCPF;31/05/2023;9;0,046;R
ES0000000000001872CCPF;31/05/2023;10;0,076;R
ES0000000000001872CCPF;31/05/2023;11;0,081;R
ES0000000000001872CCPF;31/05/2023;12;0,099;R
ES0000000000001872CCPF;31/05/2023;13;0,089;R
ES0000000000001872CCPF;31/05/2023;14;0,101;R
ES0000000000001872CCPF;31/05/2023;15;0,164;R
ES0000000000001872CCPF;31/05/2023;16;0,09;R
ES0000000000001872CCPF;31/05/2023;17;0,091;R
ES0000000000001872CCPF;31/05/2023;18;0,154;R
ES0000000000001872CCPF;31/05/2023;19;0,104;R
ES0000000000001872CCPF;31/05/2023;20;0,057;R
ES0000000000001872CCPF;31/05/2023;21;0,095;R
ES0000000000001872CCPF;31/05/2023;22;0,1;R
ES0000000000001872CCPF;31/05/2023;23;0,106;R
ES0000000000001872CCPF;01/06/2023;0;0,111;R
ES0000000000001872CCPF;01/06/2023;1;0,091;R
ES0000000000001872CCPF;01/06/2023;2;0,04;R
ES0000000000001872CCPF;01/06/2023;3;0,053;R
ES0000000000001872CCPF;01/06/2023;4;0,051;R
ES0000000000001872CCPF;01/06/2023;5;0,041;R
ES0000000000001872CCPF;01/06/2023;6;0,046;R
ES0000000000001872CCPF;01/06/2023;7;0,13;R
ES0000000000001872CCPF;01/06/2023;8;0,075;R
ES0000000000001872CCPF;01/06/2023;9;0,046;R
ES0000000000001872CCPF;01/06/2023;10;0,109;R
ES0000000000001872CCPF;01/06/2023;11;0,063;R
ES0000000000001872CCPF;01/06/2023;12;0,032;R
ES0000000000001872CCPF;01/06/2023;13;0,038;R
ES0000000000001872CCPF;01/06/2023;14;0,05;R
ES0000000000001872CCPF;01/06/2023;15;0,076;R
ES0000000000001872CCPF;01/06/2023;16;0,131;R
ES0000000000001872CCPF;01/06/2023;17;0,068;R
ES0000000000001872CCPF;01/06/2023;18;0,049;R
ES0000000000001872CCPF;01/06/2023;19;0,063;R
ES0000000000001872CCPF;01/06/2023;20;0,131;R
ES0000000000001872CCPF;01/06/2023;21;0,07;R
ES0000000000001872CCPF;01/06/2023;22;0,097;R
ES0000000000001872CCPF;01/06/2023;23;0,102;R
ES0000000000001872CCPF;02/06/2023;0;0,097;R
ES0000000000001872CCPF;02/06/2023;1;0,087;R
ES0000000000001872CCPF;02/06/2023;2;0,085;R
ES0000000000001872CCPF;02/06/2023;3;0,057;R
ES0000000000001872CCPF;02/06/2023;4;0,044;R
ES0000000000001872CCPF;02/06/2023;5;0,039;R
ES0000000000001872CCPF;02/06/2023;6;0,054;R
ES0000000000001872CCPF;02/06/2023;7;0,046;R
ES0000000000001872CCPF;02/06/2023;8;0,078;R
ES0000000000001872CCPF;02/06/2023;9;0,126;R
ES0000000000001872CCPF;02/06/2023;10;0,115;R
ES0000000000001872CCPF;02/06/2023;11;0,08;R
ES0000000000001872CCPF;02/06/2023;12;0,071;R
ES0000000000001872CCPF;02/06/2023;13;0,085;R
ES0000000000001872CCPF;02/06/2023;14;0,227;R
ES0000000000001872CCPF;02/06/2023;15;0,109;R
ES0000000000001872CCPF;02/06/2023;16;0,078;R
ES0000000000001872CCPF;02/06/2023;17;0,1;R
ES0000000000001872CCPF;02/06/2023;18;0,104;R
ES0000000000001872CCPF;02/06/2023;19;0,053;R
ES0000000000001872CCPF;02/06/2023;20;0,069;R
ES0000000000001872CCPF;02/06/2023;21;0,28;R
ES0000000000001872CCPF;02/06/2023;22;0,126;R
ES0000000000001872CCPF;02/06/2023;23;0,103;R
ES0000000000001872CCPF;03/06/2023;0;0,101;R
ES0000000000001872CCPF;03/06/2023;1;0,093;R
ES0000000000001872CCPF;03/06/2023;2;0,065;R
ES0000000000001872CCPF;03/06/2023;3;0,05;R
ES0000000000001872CCPF;03/06/2023;4;0,053;R
ES0000000000001872CCPF;03/06/2023;5;0,041;R
ES0000000000001872CCPF;03/06/2023;6;0,047;R
ES0000000000001872CCPF;03/06/2023;7;0,053;R
ES0000000000001872CCPF;03/06/2023;8;0,038;R
ES0000000000001872CCPF;03/06/2023;9;0,122;R
ES0000000000001872CCPF;03/06/2023;10;0,125;R
ES0000000000001872CCPF;03/06/2023;11;0,06;R
ES0000000000001872CCPF;03/06/2023;12;0,074;R
ES0000000000001872CCPF;03/06/2023;13;0,061;R
ES0000000000001872CCPF;03/06/2023;14;0,083;R
ES0000000000001872CCPF;03/06/2023;15;0,039;R
ES0000000000001872CCPF;03/06/2023;16;0,053;R
ES0000000000001872CCPF;03/06/2023;17;0,047;R
ES0000000000001872CCPF;03/06/2023;18;0,042;R
ES0000000000001872CCPF;03/06/2023;19;0,051;R
ES0000000000001872CCPF;03/06/2023;20;0,05;R
ES0000000000001872CCPF;03/06/2023;21;0,039;R
ES0000000000001872CCPF;03/06/2023;22;0,113;R
ES0000000000001872CCPF;03/06/2023;23;0,125;R
ES0000000000001872CCPF;04/06/2023;0;0,102;R
ES0000000000001872CCPF;04/06/2023;1;0,085;R
ES0000000000001872CCPF;04/06/2023;2;0,043;R
ES0000000000001872CCPF;04/06/2023;3;0,041;R
ES0000000000001872CCPF;04/06/2023;4;0,054;R
ES0000000000001872CCPF;04/06/2023;5;0,054;R
ES0000000000001872CCPF;04/06/2023;6;0,041;R
ES0000000000001872CCPF;04/06/2023;7;0,044;R
ES0000000000001872CCPF;04/06/2023;8;0,056;R
ES0000000000001872CCPF;04/06/2023;9;0,042;R
ES0000000000001872CCPF;04/06/2023;10;0,105;R
ES0000000000001872CCPF;04/06/2023;11;0,131;R
ES0000000000001872CCPF;04/06/2023;12;0,094;R
ES0000000000001872CCPF;04/06/2023;13;0,058;R
ES0000000000001872CCPF;04/06/2023;14;0,208;R
ES0000000000001872CCPF;04/06/2023;15;0,345;R
ES0000000000001872CCPF;04/06/2023;16;0,279;R
ES0000000000001872CCPF;04/06/2023;17;1,073;R
ES0000000000001872CCPF;04/06/2023;18;0,611;R
ES0000000000001872CCPF;04/06/2023;19;0,514;R
ES0000000000001872CCPF;04/06/2023;20;0,057;R
ES0000000000001872CCPF;04/06/2023;21;0,049;R
ES0000000000001872CCPF;04/06/2023;22;0,253;R
ES0000000000001872CCPF;04/06/2023;23;0,164;R
ES0000000000001872CCPF;05/06/2023;0;0,131;R
ES0000000000001872CCPF;05/06/2023;1;0,055;R
ES0000000000001872CCPF;05/06/2023;2;0,045;R
ES0000000000001872CCPF;05/06/2023;3;0,06;R
ES0000000000001872CCPF;05/06/2023;4;0,059;R
ES0000000000001872CCPF;05/06/2023;5;0,042;R
ES0000000000001872CCPF;05/06/2023;6;0,065;R
ES0000000000001872CCPF;05/06/2023;7;0,057;R
ES0000000000001872CCPF;05/06/2023;8;0,083;R
ES0000000000001872CCPF;05/06/2023;9;0,05;R
ES0000000000001872CCPF;05/06/2023;10;0,052;R
ES0000000000001872CCPF;05/06/2023;11;0,064;R
ES0000000000001872CCPF;05/06/2023;12;0,127;R
ES0000000000001872CCPF;05/06/2023;13;0,06;R
ES0000000000001872CCPF;05/06/2023;14;0,06;R
ES0000000000001872CCPF;05/06/2023;15;0,05;R
ES0000000000001872CCPF;05/06/2023;16;0,093;R
ES0000000000001872CCPF;05/06/2023;17;0,095;R
ES0000000000001872CCPF;05/06/2023;18;0,056;R
ES0000000000001872CCPF;05/06/2023;19;0,042;R
ES0000000000001872CCPF;05/06/2023;20;0,095;R
ES0000000000001872CCPF;05/06/2023;21;0,232;R
ES0000000000001872CCPF;05/06/2023;22;0,059;R
ES0000000000001872CCPF;05/06/2023;23;0,082;R
ES0000000000001872CCPF;06/06/2023;0;0,136;R
ES0000000000001872CCPF;06/06/2023;1;0,087;R
ES0000000000001872CCPF;06/06/2023;2;0,05;R
ES0000000000001872CCPF;06/06/2023;3;0,045;R
ES0000000000001872CCPF;06/06/2023;4;0,059;R
ES0000000000001872CCPF;06/06/2023;5;0,049;R
ES0000000000001872CCPF;06/06/2023;6;0,04;R
ES0000000000001872CCPF;06/06/2023;7;0,1;R
ES0000000000001872CCPF;06/06/2023;8;0,067;R
ES0000000000001872CCPF;06/06/2023;9;0,075;R
ES0000000000001872CCPF;06/06/2023;10;0,061;R
ES0000000000001872CCPF;06/06/2023;11;0,043;R
ES0000000000001872CCPF;06/06/2023;12;0,121;R
ES0000000000001872CCPF;06/06/2023;13;0,082;R
ES0000000000001872CCPF;06/06/2023;14;0,054;R
ES0000000000001872CCPF;06/06/2023;15;0,05;R
ES0000000000001872CCPF;06/06/2023;16;0,069;R
ES0000000000001872CCPF;06/06/2023;17;0,1;R
ES0000000000001872CCPF;06/06/2023;18;0,077;R
ES0000000000001872CCPF;06/06/2023;19;0,133;R
ES0000000000001872CCPF;06/06/2023;20;0,17;R
ES0000000000001872CCPF;06/06/2023;21;0,063;R
ES0000000000001872CCPF;06/06/2023;22;0,233;R
ES0000000000001872CCPF;06/06/2023;23;0,099;R
ES0000000000001872CCPF;07/06/2023;0;0,181;R
ES0000000000001872CCPF;07/06/2023;1;0,099;R
ES0000000000001872CCPF;07/06/2023;2;0,056;R
ES0000000000001872CCPF;07/06/2023;3;0,044;R
ES0000000000001872CCPF;07/06/2023;4;0,067;R
ES0000000000001872CCPF;07/06/2023;5;0,052;R
ES0000000000001872CCPF;07/06/2023;6;0,068;R
ES0000000000001872CCPF;07/06/2023;7;0,065;R
ES0000000000001872CCPF;07/06/2023;8;0,046;R
ES0000000000001872CCPF;07/06/2023;9;0,052;R
ES0000000000001872CCPF;07/06/2023;10;0,061;R
ES0000000000001872CCPF;07/06/2023;11;0,043;R
ES0000000000001872CCPF;07/06/2023;12;0,043;R
ES0000000000001872CCPF;07/06/2023;13;0,076;R
ES0000000000001872CCPF;07/06/2023;14;0,091;R
ES0000000000001872CCPF;07/06/2023;15;0,697;R
ES0000000000001872CCPF;07/06/2023;16;0,063;R
ES0000000000001872CCPF;07/06/2023;17;0,094;R
ES0000000000001872CCPF;07/06/2023;18;0,091;R
ES0000000000001872CCPF;07/06/2023;19;0,078;R
ES0000000000001872CCPF;07/06/2023;20;0,048;R
ES0000000000001872CCPF;07/06/2023;21;0,078;R
ES0000000000001872CCPF;07/06/2023;22;0,141;R
ES0000000000001872CCPF;07/06/2023;23;0,132;R
ES0000000000001872CCPF;08/06/2023;0;0,097;R
ES0000000000001872CCPF;08/06/2023;1;0,063;R
ES0000000000001872CCPF;08/06/2023;2;0,123;R
ES0000000000001872CCPF;08/06/2023;3;0,093;R
ES0000000000001872CCPF;08/06/2023;4;0,057;R
ES0000000000001872CCPF;08/06/2023;5;0,044;R
ES0000000000001872CCPF;08/06/2023;6;0,049;R
ES0000000000001872CCPF;08/06/2023;7;0,059;R
ES0000000000001872CCPF;08/06/2023;8;0,121;R
ES0000000000001872CCPF;08/06/2023;9;0,146;R
ES0000000000001872CCPF;08/06/2023;10;0,084;R
ES0000000000001872CCPF;08/06/2023;11;0,094;R
ES0000000000001872CCPF;08/06/2023;12;0,091;R
ES0000000000001872CCPF;08/06/2023;13;0,124;R
ES0000000000001872CCPF;08/06/2023;14;0,186;R
ES0000000000001872CCPF;08/06/2023;15;0,183;R
ES0000000000001872CCPF;08/06/2023;16;0,35;R
ES0000000000001872CCPF;08/06/2023;17;0,344;R
ES0000000000001872CCPF;08/06/2023;18;0,563;R
ES0000000000001872CCPF;08/06/2023;19;0,047;R
ES0000000000001872CCPF;08/06/2023;20;0,13;R
ES0000000000001872CCPF;08/06/2023;21;0,085;R
ES0000000000001872CCPF;08/06/2023;22;0,164;R
ES0000000000001872CCPF;08/06/2023;23;0,122;R
ES0000000000001872CCPF;09/06/2023;0;0,112;R
ES0000000000001872CCPF;09/06/2023;1;0,041;R
ES0000000000001872CCPF;09/06/2023;2;0,129;R
ES0000000000001872CCPF;09/06/2023;3;0,093;R
ES0000000000001872CCPF;09/06/2023;4;0,05;R
ES0000000000001872CCPF;09/06/2023;5;0,05;R
ES0000000000001872CCPF;09/06/2023;6;0,043;R
ES0000000000001872CCPF;09/06/2023;7;0,07;R
ES0000000000001872CCPF;09/06/2023;8;0,063;R
ES0000000000001872CCPF;09/06/2023;9;0,075;R
ES0000000000001872CCPF;09/06/2023;10;0,082;R
ES0000000000001872CCPF;09/06/2023;11;0,081;R
ES0000000000001872CCPF;09/06/2023;12;0,083;R
ES0000000000001872CCPF;09/06/2023;13;0,089;R
ES0000000000001872CCPF;09/06/2023;14;0,169;R
ES0000000000001872CCPF;09/06/2023;15;0,405;R
ES0000000000001872CCPF;09/06/2023;16;0,27;R
ES0000000000001872CCPF;09/06/2023;17;0,232;R
ES0000000000001872CCPF;09/06/2023;18;0,158;R
ES0000000000001872CCPF;09/06/2023;19;0,097;R
ES0000000000001872CCPF;09/06/2023;20;0,078;R
ES0000000000001872CCPF;09/06/2023;21;0,05;R
ES0000000000001872CCPF;09/06/2023;22;0,173;R
ES0000000000001872CCPF;09/06/2023;23;0,114;R
ES0000000000001872CCPF;10/06/2023;0;0,126;R
ES0000000000001872CCPF;10/06/2023;1;0,116;R
ES0000000000001872CCPF;10/06/2023;2;0,074;R
ES0000000000001872CCPF;10/06/2023;3;0,072;R
ES0000000000001872CCPF;10/06/2023;4;0,052;R
ES0000000000001872CCPF;10/06/2023;5;0,041;R
ES0000000000001872CCPF;10/06/2023;6;0,058;R
ES0000000000001872CCPF;10/06/2023;7;0,051;R
ES0000000000001872CCPF;10/06/2023;8;0,042;R
ES0000000000001872CCPF;10/06/2023;9;0,048;R
ES0000000000001872CCPF;10/06/2023;10;0,084;R
ES0000000000001872CCPF;10/06/2023;11;0,119;R
ES0000000000001872CCPF;10/06/2023;12;0,148;R
ES0000000000001872CCPF;10/06/2023;13;0,118;R
ES0000000000001872CCPF;10/06/2023;14;0,089;R
ES0000000000001872CCPF;10/06/2023;15;0,053;R
ES0000000000001872CCPF;10/06/2023;16;0,036;R
ES0000000000001872CCPF;10/06/2023;17;0,052;R
ES0000000000001872CCPF;10/06/2023;18;0,041;R
ES0000000000001872CCPF;10/06/2023;19;0,034;R
ES0000000000001872CCPF;10/06/2023;20;0,05;R
ES0000000000001872CCPF;10/06/2023;21;0,049;R
ES0000000000001872CCPF;10/06/2023;22;0,035;R
ES0000000000001872CCPF;10/06/2023;23;0,097;R
ES0000000000001872CCPF;11/06/2023;0;0,176;R
ES0000000000001872CCPF;11/06/2023;1;0,132;R
ES0000000000001872CCPF;11/06/2023;2;0,065;R
ES0000000000001872CCPF;11/06/2023;3;0,066;R
ES0000000000001872CCPF;11/06/2023;4;0,049;R
ES0000000000001872CCPF;11/06/2023;5;0,053;R
ES0000000000001872CCPF;11/06/2023;6;0,061;R
ES0000000000001872CCPF;11/06/2023;7;0,044;R
ES0000000000001872CCPF;11/06/2023;8;0,05;R
ES0000000000001872CCPF;11/06/2023;9;0,056;R
ES0000000000001872CCPF;11/06/2023;10;0,042;R
ES0000000000001872CCPF;11/06/2023;11;0,218;R
ES0000000000001872CCPF;11/06/2023;12;0,137;R
ES0000000000001872CCPF;11/06/2023;13;0,073;R
ES0000000000001872CCPF;11/06/2023;14;0,045;R
ES0000000000001872CCPF;11/06/2023;15;0,09;R
ES0000000000001872CCPF;11/06/2023;16;0,143;R
ES0000000000001872CCPF;11/06/2023;17;0,085;R
ES0000000000001872CCPF;11/06/2023;18;0,062;R
ES0000000000001872CCPF;11/06/2023;19;0,048;R
ES0000000000001872CCPF;11/06/2023;20;0,062;R
ES0000000000001872CCPF;11/06/2023;21;0,063;R
ES0000000000001872CCPF;11/06/2023;22;0,191;R
ES0000000000001872CCPF;11/06/2023;23;0,25;R
ES0000000000001872CCPF;12/06/2023;0;0,12;R
ES0000000000001872CCPF;12/06/2023;1;0,08;R
ES0000000000001872CCPF;12/06/2023;2;0,049;R
ES0000000000001872CCPF;12/06/2023;3;0,052;R
ES0000000000001872CCPF;12/06/2023;4;0,064;R
ES0000000000001872CCPF;12/06/2023;5;0,048;R
ES0000000000001872CCPF;12/06/2023;6;0,072;R
ES0000000000001872CCPF;12/06/2023;7;0,06;R
ES0000000000001872CCPF;12/06/2023;8;0,081;R
ES0000000000001872CCPF;12/06/2023;9;0,05;R
ES0000000000001872CCPF;12/06/2023;10;0,132;R
ES0000000000001872CCPF;12/06/2023;11;0,088;R
ES0000000000001872CCPF;12/06/2023;12;0,054;R
ES0000000000001872CCPF;12/06/2023;13;0,048;R
ES0000000000001872CCPF;12/06/2023;14;0,064;R
ES0000000000001872CCPF;12/06/2023;15;0,153;R
ES0000000000001872CCPF;12/06/2023;16;0,242;R
ES0000000000001872CCPF;12/06/2023;17;0,476;R
ES0000000000001872CCPF;12/06/2023;18;0,116;R
ES0000000000001872CCPF;12/06/2023;19;0,512;R
ES0000000000001872CCPF;12/06/2023;20;0,055;R
ES0000000000001872CCPF;12/06/2023;21;0,161;R
ES0000000000001872CCPF;12/06/2023;22;0,164;R
ES0000000000001872CCPF;12/06/2023;23;0,138;R
ES0000000000001872CCPF;13/06/2023;0;0,07;R
ES0000000000001872CCPF;13/06/2023;1;0,051;R
ES0000000000001872CCPF;13/06/2023;2;0,058;R
ES0000000000001872CCPF;13/06/2023;3;0,063;R
ES0000000000001872CCPF;13/06/2023;4;0,048;R
ES0000000000001872CCPF;13/06/2023;5;0,052;R
ES0000000000001872CCPF;13/06/2023;6;0,085;R
ES0000000000001872CCPF;13/06/2023;7;0,047;R
ES0000000000001872CCPF;13/06/2023;8;0,166;R
ES0000000000001872CCPF;13/06/2023;9;0,105;R
ES0000000000001872CCPF;13/06/2023;10;0,06;R
ES0000000000001872CCPF;13/06/2023;11;0,052;R
ES0000000000001872CCPF;13/06/2023;12;0,056;R
ES0000000000001872CCPF;13/06/2023;13;0,065;R
ES0000000000001872CCPF;13/06/2023;14;0,489;R
ES0000000000001872CCPF;13/06/2023;15;0,28;R
ES0000000000001872CCPF;13/06/2023;16;0,156;R
ES0000000000001872CCPF;13/06/2023;17;0,085;R
ES0000000000001872CCPF;13/06/2023;18;0,067;R
ES0000000000001872CCPF;13/06/2023;19;0,131;R
ES0000000000001872CCPF;13/06/2023;20;0,096;R
ES0000000000001872CCPF;13/06/2023;21;0,064;R
ES0000000000001872CCPF;13/06/2023;22;0,124;R
ES0000000000001872CCPF;13/06/2023;23;0,112;R
ES0000000000001872CCPF;14/06/2023;0;0,104;R
ES0000000000001872CCPF;14/06/2023;1;0,088;R
ES0000000000001872CCPF;14/06/2023;2;0,047;R
ES0000000000001872CCPF;14/06/2023;3;0,054;R
ES0000000000001872CCPF;14/06/2023;4;0,061;R
ES0000000000001872CCPF;14/06/2023;5;0,046;R
ES0000000000001872CCPF;14/06/2023;6;0,05;R
ES0000000000001872CCPF;14/06/2023;7;0,133;R
ES0000000000001872CCPF;14/06/2023;8;0,113;R
ES0000000000001872CCPF;14/06/2023;9;0,092;R
ES0000000000001872CCPF;14/06/2023;10;0,155;R
ES0000000000001872CCPF;14/06/2023;11;0,094;R
ES0000000000001872CCPF;14/06/2023;12;0,101;R
ES0000000000001872CCPF;14/06/2023;13;0,14;R
ES0000000000001872CCPF;14/06/2023;14;0,2;R
ES0000000000001872CCPF;14/06/2023;15;0,142;R
ES0000000000001872CCPF;14/06/2023;16;0,224;R
ES0000000000001872CCPF;14/06/2023;17;0,228;R
ES0000000000001872CCPF;14/06/2023;18;0,159;R
ES0000000000001872CCPF;14/06/2023;19;0,098;R
ES0000000000001872CCPF;14/06/2023;20;0,193;R
ES0000000000001872CCPF;14/06/2023;21;0,072;R
ES0000000000001872CCPF;14/06/2023;22;0,064;R
ES0000000000001872CCPF;14/06/2023;23;0,097;R
ES0000000000001872CCPF;15/06/2023;0;0,11;R
ES0000000000001872CCPF;15/06/2023;1;0,094;R
ES0000000000001872CCPF;15/06/2023;2;0,096;R
ES0000000000001872CCPF;15/06/2023;3;0,066;R
ES0000000000001872CCPF;15/06/2023;4;0,052;R
ES0000000000001872CCPF;15/06/2023;5;0,11;R
ES0000000000001872CCPF;15/06/2023;6;0,097;R
ES0000000000001872CCPF;15/06/2023;7;0,061;R
ES0000000000001872CCPF;15/06/2023;8;0,132;R
ES0000000000001872CCPF;15/06/2023;9;0,152;R
ES0000000000001872CCPF;15/06/2023;10;0,121;R
ES0000000000001872CCPF;15/06/2023;11;0,111;R
ES0000000000001872CCPF;15/06/2023;12;0,106;R
ES0000000000001872CCPF;15/06/2023;13;0,103;R
ES0000000000001872CCPF;15/06/2023;14;0,105;R
ES0000000000001872CCPF;15/06/2023;15;0,11;R
ES0000000000001872CCPF;15/06/2023;16;0,092;R
ES0000000000001872CCPF;15/06/2023;17;0,115;R
ES0000000000001872CCPF;15/06/2023;18;0,301;R
ES0000000000001872CCPF;15/06/2023;19;0,142;R
ES0000000000001872CCPF;15/06/2023;20;0,08;R
ES0000000000001872CCPF;15/06/2023;21;0,07;R
ES0000000000001872CCPF;15/06/2023;22;0,057;R
ES0000000000001872CCPF;15/06/2023;23;0,115;R
ES0000000000001872CCPF;16/06/2023;0;0,065;R
ES0000000000001872CCPF;16/06/2023;1;0,054;R
ES0000000000001872CCPF;16/06/2023;2;0,049;R
ES0000000000001872CCPF;16/06/2023;3;0,064;R
ES0000000000001872CCPF;16/06/2023;4;0,071;R
ES0000000000001872CCPF;16/06/2023;5;0,129;R
ES0000000000001872CCPF;16/06/2023;6;0,09;R
ES0000000000001872CCPF;16/06/2023;7;0,071;R
ES0000000000001872CCPF;16/06/2023;8;0,063;R
ES0000000000001872CCPF;16/06/2023;9;0,087;R
ES0000000000001872CCPF;16/06/2023;10;0,18;R
ES0000000000001872CCPF;16/06/2023;11;0,144;R
ES0000000000001872CCPF;16/06/2023;12;0,102;R
ES0000000000001872CCPF;16/06/2023;13;0,069;R
ES0000000000001872CCPF;16/06/2023;14;0,064;R
ES0000000000001872CCPF;16/06/2023;15;0,22;R
ES0000000000001872CCPF;16/06/2023;16;0,213;R
ES0000000000001872CCPF;16/06/2023;17;0,489;R
ES0000000000001872CCPF;16/06/2023;18;0,144;R
ES0000000000001872CCPF;16/06/2023;19;0,53;R
ES0000000000001872CCPF;16/06/2023;20;0,095;R
ES0000000000001872CCPF;16/06/2023;21;0,069;R
ES0000000000001872CCPF;16/06/2023;22;0,088;R
ES0000000000001872CCPF;16/06/2023;23;0,141;R
ES0000000000001872CCPF;17/06/2023;0;0,127;R
ES0000000000001872CCPF;17/06/2023;1;0,18;R
ES0000000000001872CCPF;17/06/2023;2;0,102;R
ES0000000000001872CCPF;17/06/2023;3;0,057;R
ES0000000000001872CCPF;17/06/2023;4;0,061;R
ES0000000000001872CCPF;17/06/2023;5;0,069;R
ES0000000000001872CCPF;17/06/2023;6;0,065;R
ES0000000000001872CCPF;17/06/2023;7;0,05;R
ES0000000000001872CCPF;17/06/2023;8;0,065;R
ES0000000000001872CCPF;17/06/2023;9;0,065;R
ES0000000000001872CCPF;17/06/2023;10;0,121;R
ES0000000000001872CCPF;17/06/2023;11;0,142;R
ES0000000000001872CCPF;17/06/2023;12;0,09;R
ES0000000000001872CCPF;17/06/2023;13;0,068;R
ES0000000000001872CCPF;17/06/2023;14;0,081;R
ES0000000000001872CCPF;17/06/2023;15;0,062;R
ES0000000000001872CCPF;17/06/2023;16;0,056;R
ES0000000000001872CCPF;17/06/2023;17;0,047;R
ES0000000000001872CCPF;17/06/2023;18;0,061;R
ES0000000000001872CCPF;17/06/2023;19;0,056;R
ES0000000000001872CCPF;17/06/2023;20;0,105;R
ES0000000000001872CCPF;17/06/2023;21;0,118;R
ES0000000000001872CCPF;17/06/2023;22;0,936;R
ES0000000000001872CCPF;17/06/2023;23;0,323;R
ES0000000000001872CCPF;18/06/2023;0;0,131;R
ES0000000000001872CCPF;18/06/2023;1;0,129;R
ES0000000000001872CCPF;18/06/2023;2;0,064;R
ES0000000000001872CCPF;18/06/2023;3;0,056;R
ES0000000000001872CCPF;18/06/2023;4;0,07;R
ES0000000000001872CCPF;18/06/2023;5;0,069;R
ES0000000000001872CCPF;18/06/2023;6;0,143;R
ES0000000000001872CCPF;18/06/2023;7;0,083;R
ES0000000000001872CCPF;18/06/2023;8;0,06;R
ES0000000000001872CCPF;18/06/2023;9;0,07;R
ES0000000000001872CCPF;18/06/2023;10;0,118;R
ES0000000000001872CCPF;18/06/2023;11;0,064;R
ES0000000000001872CCPF;18/06/2023;12;0,351;R
ES0000000000001872CCPF;18/06/2023;13;0,296;R
ES0000000000001872CCPF;18/06/2023;14;0,104;R
ES0000000000001872CCPF;18/06/2023;15;0,281;R
ES0000000000001872CCPF;18/06/2023;16;0,194;R
ES0000000000001872CCPF;18/06/2023;17;0,102;R
ES0000000000001872CCPF;18/06/2023;18;0,076;R
ES0000000000001872CCPF;18/06/2023;19;0,104;R
ES0000000000001872CCPF;18/06/2023;20;0,104;R
ES0000000000001872CCPF;18/06/2023;21;0,114;R
ES0000000000001872CCPF;18/06/2023;22;0,282;R
ES0000000000001872CCPF;18/06/2023;23;0,131;R
ES0000000000001872CCPF;19/06/2023;0;0,12;R
ES0000000000001872CCPF;19/06/2023;1;0,186;R
ES0000000000001872CCPF;19/06/2023;2;0,084;R
ES0000000000001872CCPF;19/06/2023;3;0,064;R
ES0000000000001872CCPF;19/06/2023;4;0,067;R
ES0000000000001872CCPF;19/06/2023;5;0,073;R
ES0000000000001872CCPF;19/06/2023;6;0,052;R
ES0000000000001872CCPF;19/06/2023;7;0,058;R
ES0000000000001872CCPF;19/06/2023;8;0,13;R
ES0000000000001872CCPF;19/06/2023;9;0,165;R
ES0000000000001872CCPF;19/06/2023;10;0,056;R
ES0000000000001872CCPF;19/06/2023;11;0,128;R
ES0000000000001872CCPF;19/06/2023;12;0,091;R
ES0000000000001872CCPF;19/06/2023;13;0,053;R
ES0000000000001872CCPF;19/06/2023;14;0,083;R
ES0000000000001872CCPF;19/06/2023;15;0,122;R
ES0000000000001872CCPF;19/06/2023;16;0,453;R
ES0000000000001872CCPF;19/06/2023;17;0,144;R
ES0000000000001872CCPF;19/06/2023;18;0,51;R
ES0000000000001872CCPF;19/06/2023;19;0,077;R
ES0000000000001872CCPF;19/06/2023;20;0,148;R
ES0000000000001872CCPF;19/06/2023;21;0,199;R
ES0000000000001872CCPF;19/06/2023;22;0,123;R
ES0000000000001872CCPF;19/06/2023;23;0,116;R
ES0000000000001872CCPF;20/06/2023;0;0,087;R
ES0000000000001872CCPF;20/06/2023;1;0,068;R
ES0000000000001872CCPF;20/06/2023;2;0,053;R
ES0000000000001872CCPF;20/06/2023;3;0,069;R
ES0000000000001872CCPF;20/06/2023;4;0,058;R
ES0000000000001872CCPF;20/06/2023;5;0,127;R
ES0000000000001872CCPF;20/06/2023;6;0,119;R
ES0000000000001872CCPF;20/06/2023;7;0,065;R
ES0000000000001872CCPF;20/06/2023;8;0,098;R
ES0000000000001872CCPF;20/06/2023;9;0,085;R
ES0000000000001872CCPF;20/06/2023;10;0,05;R
ES0000000000001872CCPF;20/06/2023;11;0,073;R
ES0000000000001872CCPF;20/06/2023;12;0,062;R
ES0000000000001872CCPF;20/06/2023;13;0,054;R
ES0000000000001872CCPF;20/06/2023;14;0,058;R
ES0000000000001872CCPF;20/06/2023;15;0,07;R
ES0000000000001872CCPF;20/06/2023;16;0,155;R
ES0000000000001872CCPF;20/06/2023;17;0,143;R
ES0000000000001872CCPF;20/06/2023;18;0,118;R
ES0000000000001872CCPF;20/06/2023;19;0,096;R
ES0000000000001872CCPF;20/06/2023;20;0,064;R
ES0000000000001872CCPF;20/06/2023;21;0,078;R
ES0000000000001872CCPF;20/06/2023;22;0,31;R
ES0000000000001872CCPF;20/06/2023;23;0,156;R
ES0000000000001872CCPF;21/06/2023;0;0,088;R
ES0000000000001872CCPF;21/06/2023;1;0,127;R
ES0000000000001872CCPF;21/06/2023;2;0,098;R
ES0000000000001872CCPF;21/06/2023;3;0,065;R
ES0000000000001872CCPF;21/06/2023;4;0,068;R
ES0000000000001872CCPF;21/06/2023;5;0,054;R
ES0000000000001872CCPF;21/06/2023;6;0,059;R
ES0000000000001872CCPF;21/06/2023;7;0,063;R
ES0000000000001872CCPF;21/06/2023;8;0,084;R
ES0000000000001872CCPF;21/06/2023;9;0,1;R
ES0000000000001872CCPF;21/06/2023;10;0,065;R
ES0000000000001872CCPF;21/06/2023;11;0,061;R
ES0000000000001872CCPF;21/06/2023;12;0,15;R
ES0000000000001872CCPF;21/06/2023;13;0,117;R
ES0000000000001872CCPF;21/06/2023;14;0,084;R
ES0000000000001872CCPF;21/06/2023;15;0,048;R
ES0000000000001872CCPF;21/06/2023;16;0,06;R
ES0000000000001872CCPF;21/06/2023;17;0,059;R
ES0000000000001872CCPF;21/06/2023;18;0,059;R
ES0000000000001872CCPF;21/06/2023;19;0,041;R
ES0000000000001872CCPF;21/06/2023;20;0,057;R
ES0000000000001872CCPF;21/06/2023;21;0,055;R
ES0000000000001872CCPF;21/06/2023;22;0,13;R
ES0000000000001872CCPF;21/06/2023;23;0,064;R
ES0000000000001872CCPF;22/06/2023;0;0,061;R
ES0000000000001872CCPF;22/06/2023;1;0,049;R
ES0000000000001872CCPF;22/06/2023;2;0,056;R
ES0000000000001872CCPF;22/06/2023;3;0,047;R
ES0000000000001872CCPF;22/06/2023;4;0,044;R
ES0000000000001872CCPF;22/06/2023;5;0,057;R
ES0000000000001872CCPF;22/06/2023;6;0,046;R
ES0000000000001872CCPF;22/06/2023;7;0,044;R
ES0000000000001872CCPF;22/06/2023;8;0,055;R
ES0000000000001872CCPF;22/06/2023;9;0,043;R
ES0000000000001872CCPF;22/06/2023;10;0,049;R
ES0000000000001872CCPF;22/06/2023;11;0,054;R
ES0000000000001872CCPF;22/06/2023;12;0,04;R
ES0000000000001872CCPF;22/06/2023;13;0,053;R
ES0000000000001872CCPF;22/06/2023;14;0,045;R
ES0000000000001872CCPF;22/06/2023;15;0,056;R
ES0000000000001872CCPF;22/06/2023;16;0,041;R
ES0000000000001872CCPF;22/06/2023;17;0,05;R
ES0000000000001872CCPF;22/06/2023;18;0,05;R
ES0000000000001872CCPF;22/06/2023;19;0,041;R
ES0000000000001872CCPF;22/06/2023;20;0,046;R
ES0000000000001872CCPF;22/06/2023;21;0,058;R
ES0000000000001872CCPF;22/06/2023;22;0,053;R
ES0000000000001872CCPF;22/06/2023;23;0,036;R
ES0000000000001872CCPF;23/06/2023;0;0,057;R
ES0000000000001872CCPF;23/06/2023;1;0,045;R
ES0000000000001872CCPF;23/06/2023;2;0,056;R
ES0000000000001872CCPF;23/06/2023;3;0,04;R
ES0000000000001872CCPF;23/06/2023;4;0,045;R
ES0000000000001872CCPF;23/06/2023;5;0,051;R
ES0000000000001872CCPF;23/06/2023;6;0,056;R
ES0000000000001872CCPF;23/06/2023;7;0,038;R
ES0000000000001872CCPF;23/06/2023;8;0,047;R
ES0000000000001872CCPF;23/06/2023;9;0,057;R
ES0000000000001872CCPF;23/06/2023;10;0,041;R
ES0000000000001872CCPF;23/06/2023;11;0,041;R
ES0000000000001872CCPF;23/06/2023;12;0,058;R
ES0000000000001872CCPF;23/06/2023;13;0,041;R
ES0000000000001872CCPF;23/06/2023;14;0,045;R
ES0000000000001872CCPF;23/06/2023;15;0,057;R
ES0000000000001872CCPF;23/06/2023;16;0,04;R
ES0000000000001872CCPF;23/06/2023;17;0,046;R
ES0000000000001872CCPF;23/06/2023;18;0,055;R
ES0000000000001872CCPF;23/06/2023;19;0,057;R
ES0000000000001872CCPF;23/06/2023;20;0,041;R
ES0000000000001872CCPF;23/06/2023;21;0,048;R
ES0000000000001872CCPF;23/06/2023;22;0,062;R
ES0000000000001872CCPF;23/06/2023;23;0,049;R
ES0000000000001872CCPF;24/06/2023;0;0,058;R
ES0000000000001872CCPF;24/06/2023;1;0,043;R
ES0000000000001872CCPF;24/06/2023;2;0,04;R
ES0000000000001872CCPF;24/06/2023;3;0,061;R
ES0000000000001872CCPF;24/06/2023;4;0,047;R
ES0000000000001872CCPF;24/06/2023;5;0,049;R
ES0000000000001872CCPF;24/06/2023;6;0,042;R
ES0000000000001872CCPF;24/06/2023;7;0,055;R
ES0000000000001872CCPF;24/06/2023;8;0,056;R
ES0000000000001872CCPF;24/06/2023;9;0,04;R
ES0000000000001872CCPF;24/06/2023;10;0,045;R
ES0000000000001872CCPF;24/06/2023;11;0,067;R
ES0000000000001872CCPF;24/06/2023;12;0,042;R
ES0000000000001872CCPF;24/06/2023;13;0,044;R
ES0000000000001872CCPF;24/06/2023;14;0,052;R
ES0000000000001872CCPF;24/06/2023;15;0,047;R
ES0000000000001872CCPF;24/06/2023;16;0,057;R
ES0000000000001872CCPF;24/06/2023;17;0,041;R
ES0000000000001872CCPF;24/06/2023;18;0,048;R
ES0000000000001872CCPF;24/06/2023;19;0,061;R
ES0000000000001872CCPF;24/06/2023;20;0,047;R
ES0000000000001872CCPF;24/06/2023;21;0,043;R
ES0000000000001872CCPF;24/06/2023;22;0,062;R
ES0000000000001872CCPF;24/06/2023;23;0,138;R
ES0000000000001872CCPF;25/06/2023;0;0,089;R
ES0000000000001872CCPF;25/06/2023;1;0,05;R
ES0000000000001872CCPF;25/06/2023;2;0,045;R
ES0000000000001872CCPF;25/06/2023;3;0,064;R
ES0000000000001872CCPF;25/06/2023;4;0,049;R
ES0000000000001872CCPF;25/06/2023;5;0,04;R
ES0000000000001872CCPF;25/06/2023;6;0,063;R
ES0000000000001872CCPF;25/06/2023;7;0,051;R
ES0000000000001872CCPF;25/06/2023;8;0,05;R
ES0000000000001872CCPF;25/06/2023;9;0,039;R
ES0000000000001872CCPF;25/06/2023;10;0,063;R
ES0000000000001872CCPF;25/06/2023;11;0,042;R
ES0000000000001872CCPF;25/06/2023;12;0,047;R
ES0000000000001872CCPF;25/06/2023;13;0,062;R
ES0000000000001872CCPF;25/06/2023;14;0,043;R
ES0000000000001872CCPF;25/06/2023;15;0,046;R
ES0000000000001872CCPF;25/06/2023;16;0,062;R
ES0000000000001872CCPF;25/06/2023;17;0,051;R
ES0000000000001872CCPF;25/06/2023;18;0,049;R
ES0000000000001872CCPF;25/06/2023;19;0,058;R
ES0000000000001872CCPF;25/06/2023;20;0,057;R
ES0000000000001872CCPF;25/06/2023;21;0,05;R
ES0000000000001872CCPF;25/06/2023;22;0,051;R
ES0000000000001872CCPF;25/06/2023;23;0,055;R
ES0000000000001872CCPF;26/06/2023;0;0,064;R
ES0000000000001872CCPF;26/06/2023;1;0,046;R
ES0000000000001872CCPF;26/06/2023;2;0,045;R
ES0000000000001872CCPF;26/06/2023;3;0,062;R
ES0000000000001872CCPF;26/06/2023;4;0,056;R
ES0000000000001872CCPF;26/06/2023;5;0,037;R
ES0000000000001872CCPF;26/06/2023;6;0,06;R
ES0000000000001872CCPF;26/06/2023;7;0,056;R
ES0000000000001872CCPF;26/06/2023;8;0,041;R
ES0000000000001872CCPF;26/06/2023;9;0,058;R
ES0000000000001872CCPF;26/06/2023;10;0,056;R
ES0000000000001872CCPF;26/06/2023;11;0,037;R
ES0000000000001872CCPF;26/06/2023;12;0,063;R
ES0000000000001872CCPF;26/06/2023;13;0,052;R
ES0000000000001872CCPF;26/06/2023;14;0,053;R
ES0000000000001872CCPF;26/06/2023;15;0,048;R
ES0000000000001872CCPF;26/06/2023;16;0,061;R
ES0000000000001872CCPF;26/06/2023;17;0,049;R
ES0000000000001872CCPF;26/06/2023;18;0,053;R
ES0000000000001872CCPF;26/06/2023;19;0,059;R
ES0000000000001872CCPF;26/06/2023;20;0,057;R
ES0000000000001872CCPF;26/06/2023;21;0,048;R
ES0000000000001872CCPF;26/06/2023;22;0,059;R
ES0000000000001872CCPF;26/06/2023;23;0,056;R
ES0000000000001872CCPF;27/06/2023;0;0,05;R
ES0000000000001872CCPF;27/06/2023;1;0,052;R
ES0000000000001872CCPF;27/06/2023;2;0,064;R
ES0000000000001872CCPF;27/06/2023;3;0,058;R
ES0000000000001872CCPF;27/06/2023;4;0,039;R
ES0000000000001872CCPF;27/06/2023;5;0,06;R
ES0000000000001872CCPF;27/06/2023;6;0,058;R
ES0000000000001872CCPF;27/06/2023;7;0,042;R
ES0000000000001872CCPF;27/06/2023;8;0,064;R
ES0000000000001872CCPF;27/06/2023;9;0,054;R
ES0000000000001872CCPF;27/06/2023;10;0,041;R
ES0000000000001872CCPF;27/06/2023;11;0,064;R
ES0000000000001872CCPF;27/06/2023;12;0,055;R
ES0000000000001872CCPF;27/06/2023;13;0,044;R
ES0000000000001872CCPF;27/06/2023;14;0,065;R
ES0000000000001872CCPF;27/06/2023;15;0,044;R
ES0000000000001872CCPF;27/06/2023;16;0,057;R
ES0000000000001872CCPF;27/06/2023;17;0,064;R
ES0000000000001872CCPF;27/06/2023;18;0,05;R
ES0000000000001872CCPF;27/06/2023;19;0,049;R
ES0000000000001872CCPF;27/06/2023;20;0,15;R
ES0000000000001872CCPF;27/06/2023;21;0,155;R
ES0000000000001872CCPF;27/06/2023;22;0,151;R
ES0000000000001872CCPF;27/06/2023;23;0,115;R
ES0000000000001872CCPF;28/06/2023;0;0,075;R
ES0000000000001872CCPF;28/06/2023;1;0,075;R
ES0000000000001872CCPF;28/06/2023;2;0,069;R
ES0000000000001872CCPF;28/06/2023;3;0,064;R
ES0000000000001872CCPF;28/06/2023;4;0,073;R
ES0000000000001872CCPF;28/06/2023;5;0,141;R
ES0000000000001872CCPF;28/06/2023;6;0,086;R
ES0000000000001872CCPF;28/06/2023;7;0,065;R
ES0000000000001872CCPF;28/06/2023;8;0,063;R
ES0000000000001872CCPF;28/06/2023;9;0,076;R
ES0000000000001872CCPF;28/06/2023;10;0,115;R
ES0000000000001872CCPF;28/06/2023;11;0,069;R
ES0000000000001872CCPF;28/06/2023;12;0,095;R
ES0000000000001872CCPF;28/06/2023;13;0,123;R
ES0000000000001872CCPF;28/06/2023;14;0,132;R
ES0000000000001872CCPF;28/06/2023;15;0,195;R
ES0000000000001872CCPF;28/06/2023;16;0,131;R
ES0000000000001872CCPF;28/06/2023;17;0,154;R
ES0000000000001872CCPF;28/06/2023;18;0,102;R
ES0000000000001872CCPF;28/06/2023;19;0,088;R
ES0000000000001872CCPF;28/06/2023;20;0,097;R
ES0000000000001872CCPF;28/06/2023;21;0,216;R
ES0000000000001872CCPF;28/06/2023;22;0,21;R
ES0000000000001872CCPF;28/06/2023;23;0,166;R
ES0000000000001872CCPF;29/06/2023;0;0,136;R
ES0000000000001872CCPF;29/06/2023;1;0,088;R
ES0000000000001872CCPF;29/06/2023;2;0,066;R
ES0000000000001872CCPF;29/06/2023;3;0,078;R
ES0000000000001872CCPF;29/06/2023;4;0,065;R
ES0000000000001872CCPF;29/06/2023;5;0,053;R
ES0000000000001872CCPF;29/06/2023;6;0,066;R
ES0000000000001872CCPF;29/06/2023;7;0,07;R
ES0000000000001872CCPF;29/06/2023;8;0,137;R
ES0000000000001872CCPF;29/06/2023;9;0,086;R
ES0000000000001872CCPF;29/06/2023;10;0,064;R
ES0000000000001872CCPF;29/06/2023;11;0,082;R
ES0000000000001872CCPF;29/06/2023;12;0,131;R
ES0000000000001872CCPF;29/06/2023;13;0,077;R
ES0000000000001872CCPF;29/06/2023;14;0,066;R
ES0000000000001872CCPF;29/06/2023;15;0,152;R
ES0000000000001872CCPF;29/06/2023;16;0,122;R
ES0000000000001872CCPF;29/06/2023;17;0,076;R
ES0000000000001872CCPF;29/06/2023;18;0,133;R
ES0000000000001872CCPF;29/06/2023;19;0,092;R
ES0000000000001872CCPF;29/06/2023;20;0,065;R
ES0000000000001872CCPF;29/06/2023;21;0,064;R
ES0000000000001872CCPF;29/06/2023;22;0,081;R
ES0000000000001872CCPF;29/06/2023;23;0,118;R
ES0000000000001872CCPF;30/06/2023;0;0,14;R
ES0000000000001872CCPF;30/06/2023;1;0,082;R
ES0000000000001872CCPF;30/06/2023;2;0,052;R
ES0000000000001872CCPF;30/06/2023;3;0,128;R
ES0000000000001872CCPF;30/06/2023;4;0,099;R
ES0000000000001872CCPF;30/06/2023;5;0,067;R
ES0000000000001872CCPF;30/06/2023;6;0,073;R
ES0000000000001872CCPF;30/06/2023;7;0,063;R
ES0000000000001872CCPF;30/06/2023;8;0,048;R
ES0000000000001872CCPF;30/06/2023;9;0,105;R
ES0000000000001872CCPF;30/06/2023;10;0,053;R
ES0000000000001872CCPF;30/06/2023;11;0,046;R
ES0000000000001872CCPF;30/06/2023;12;0,056;R
ES0000000000001872CCPF;30/06/2023;13;0,072;R
ES0000000000001872CCPF;30/06/2023;14;0,12;R
ES0000000000001872CCPF;30/06/2023;15;0,103;R
ES0000000000001872CCPF;30/06/2023;16;0,113;R
ES0000000000001872CCPF;30/06/2023;17;0,091;R
ES0000000000001872CCPF;30/06/2023;18;0,099;R
ES0000000000001872CCPF;30/06/2023;19;0,114;R
ES0000000000001872CCPF;30/06/2023;20;0,093;R
ES0000000000001872CCPF;30/06/2023;21;0,057;R
ES0000000000001872CCPF;30/06/2023;22;0,276;R
ES0000000000001872CCPF;30/06/2023;23;0,141;R
ES0000000000001872CCPF;01/07/2023;0;0,123;R
ES0000000000001872CCPF;01/07/2023;1;0,103;R
ES0000000000001872CCPF;01/07/2023;2;0,085;R
ES0000000000001872CCPF;01/07/2023;3;0,08;R
ES0000000000001872CCPF;01/07/2023;4;0,059;R
ES0000000000001872CCPF;01/07/2023;5;0,048;R
ES0000000000001872CCPF;01/07/2023;6;0,07;R
ES0000000000001872CCPF;01/07/2023;7;0,048;R
ES0000000000001872CCPF;01/07/2023;8;0,128;R
ES0000000000001872CCPF;01/07/2023;9;0,097;R
ES0000000000001872CCPF;01/07/2023;10;0,067;R
ES0000000000001872CCPF;01/07/2023;11;0,106;R
ES0000000000001872CCPF;01/07/2023;12;0,067;R
ES0000000000001872CCPF;01/07/2023;13;0,07;R
ES0000000000001872CCPF;01/07/2023;14;0,057;R
ES0000000000001872CCPF;01/07/2023;15;0,083;R
ES0000000000001872CCPF;01/07/2023;16;0,326;R
ES0000000000001872CCPF;01/07/2023;17;0,115;R
ES0000000000001872CCPF;01/07/2023;18;0,439;R
ES0000000000001872CCPF;01/07/2023;19;0,201;R
ES0000000000001872CCPF;01/07/2023;20;0,546;R
ES0000000000001872CCPF;01/07/2023;21;0,071;R
ES0000000000001872CCPF;01/07/2023;22;0,051;R
ES0000000000001872CCPF;01/07/2023;23;0,065;R
ES0000000000001872CCPF;02/07/2023;0;0,088;R
ES0000000000001872CCPF;02/07/2023;1;0,118;R
ES0000000000001872CCPF;02/07/2023;2;0,085;R
ES0000000000001872CCPF;02/07/2023;3;0,073;R
ES0000000000001872CCPF;02/07/2023;4;0,141;R
ES0000000000001872CCPF;02/07/2023;5;0,085;R
ES0000000000001872CCPF;02/07/2023;6;0,062;R
ES0000000000001872CCPF;02/07/2023;7;0,063;R
ES0000000000001872CCPF;02/07/2023;8;0,065;R
ES0000000000001872CCPF;02/07/2023;9;0,052;R
ES0000000000001872CCPF;02/07/2023;10;0,061;R
ES0000000000001872CCPF;02/07/2023;11;0,107;R
ES0000000000001872CCPF;02/07/2023;12;0,109;R
ES0000000000001872CCPF;02/07/2023;13;0,191;R
ES0000000000001872CCPF;02/07/2023;14;0,766;R
ES0000000000001872CCPF;02/07/2023;15;0,167;R
ES0000000000001872CCPF;02/07/2023;16;0,113;R
ES0000000000001872CCPF;02/07/2023;17;0,132;R
ES0000000000001872CCPF;02/07/2023;18;0,198;R
ES0000000000001872CCPF;02/07/2023;19;0,093;R
ES0000000000001872CCPF;02/07/2023;20;0,089;R
ES0000000000001872CCPF;02/07/2023;21;0,104;R
ES0000000000001872CCPF;02/07/2023;22;0,233;R
ES0000000000001872CCPF;02/07/2023;23;0,195;R
ES0000000000001872CCPF;03/07/2023;0;0,152;R
ES0000000000001872CCPF;03/07/2023;1;0,112;R
ES0000000000001872CCPF;03/07/2023;2;0,071;R
ES0000000000001872CCPF;03/07/2023;3;0,056;R
ES0000000000001872CCPF;03/07/2023;4;0,072;R
ES0000000000001872CCPF;03/07/2023;5;0,066;R
ES0000000000001872CCPF;03/07/2023;6;0,078;R
ES0000000000001872CCPF;03/07/2023;7;0,069;R
ES0000000000001872CCPF;03/07/2023;8;0,109;R
ES0000000000001872CCPF;03/07/2023;9;0,137;R
ES0000000000001872CCPF;03/07/2023;10;0,795;R
ES0000000000001872CCPF;03/07/2023;11;0,465;R
ES0000000000001872CCPF;03/07/2023;12;0,072;R
ES0000000000001872CCPF;03/07/2023;13;0,066;R
ES0000000000001872CCPF;03/07/2023;14;0,073;R
ES0000000000001872CCPF;03/07/2023;15;0,228;R
ES0000000000001872CCPF;03/07/2023;16;0,42;R
ES0000000000001872CCPF;03/07/2023;17;0,151;R
ES0000000000001872CCPF;03/07/2023;18;0,135;R
ES0000000000001872CCPF;03/07/2023;19;0,096;R
ES0000000000001872CCPF;03/07/2023;20;0,089;R
ES0000000000001872CCPF;03/07/2023;21;0,059;R
ES0000000000001872CCPF;03/07/2023;22;0,14;R
ES0000000000001872CCPF;03/07/2023;23;0,146;R
ES0000000000001872CCPF;04/07/2023;0;0,106;R
ES0000000000001872CCPF;04/07/2023;1;0,083;R
ES0000000000001872CCPF;04/07/2023;2;0,14;R
ES0000000000001872CCPF;04/07/2023;3;0,1;R
ES0000000000001872CCPF;04/07/2023;4;0,069;R
ES0000000000001872CCPF;04/07/2023;5;0,07;R
ES0000000000001872CCPF;04/07/2023;6;0,081;R
ES0000000000001872CCPF;04/07/2023;7;0,071;R
ES0000000000001872CCPF;04/07/2023;8;0,069;R
ES0000000000001872CCPF;04/07/2023;9;0,056;R
ES0000000000001872CCPF;04/07/2023;10;0,075;R
ES0000000000001872CCPF;04/07/2023;11;0,133;R
ES0000000000001872CCPF;04/07/2023;12;0,102;R
ES0000000000001872CCPF;04/07/2023;13;0,068;R
ES0000000000001872CCPF;04/07/2023;14;0,07;R
ES0000000000001872CCPF;04/07/2023;15;0,098;R
ES0000000000001872CCPF;04/07/2023;16;0,074;R
ES0000000000001872CCPF;04/07/2023;17;0,129;R
ES0000000000001872CCPF;04/07/2023;18;0,107;R
ES0000000000001872CCPF;04/07/2023;19;0,085;R
ES0000000000001872CCPF;04/07/2023;20;0,154;R
ES0000000000001872CCPF;04/07/2023;21;0,101;R
ES0000000000001872CCPF;04/07/2023;22;0,151;R
ES0000000000001872CCPF;04/07/2023;23;0,159;R
ES0000000000001872CCPF;05/07/2023;0;0,103;R
ES0000000000001872CCPF;05/07/2023;1;0,108;R
ES0000000000001872CCPF;05/07/2023;2;0,085;R
ES0000000000001872CCPF;05/07/2023;3;0,071;R
ES0000000000001872CCPF;05/07/2023;4;0,133;R
ES0000000000001872CCPF;05/07/2023;5;0,106;R
ES0000000000001872CCPF;05/07/2023;6;0,1;R
ES0000000000001872CCPF;05/07/2023;7;0,062;R
ES0000000000001872CCPF;05/07/2023;8;0,068;R
ES0000000000001872CCPF;05/07/2023;9;0,073;R
ES0000000000001872CCPF;05/07/2023;10;0,061;R
ES0000000000001872CCPF;05/07/2023;11;0,057;R
ES0000000000001872CCPF;05/07/2023;12;0,296;R
ES0000000000001872CCPF;05/07/2023;13;0,205;R
ES0000000000001872CCPF;05/07/2023;14;0,533;R
ES0000000000001872CCPF;05/07/2023;15;1,035;R
ES0000000000001872CCPF;05/07/2023;16;0,472;R
ES0000000000001872CCPF;05/07/2023;17;0,128;R
ES0000000000001872CCPF;05/07/2023;18;0,113;R
ES0000000000001872CCPF;05/07/2023;19;0,084;R
ES0000000000001872CCPF;05/07/2023;20;0,098;R
ES0000000000001872CCPF;05/07/2023;21;0,214;R
ES0000000000001872CCPF;05/07/2023;22;0,162;R
ES0000000000001872CCPF;05/07/2023;23;0,136;R
ES0000000000001872CCPF;06/07/2023;0;0,084;R
ES0000000000001872CCPF;06/07/2023;1;0,085;R
ES0000000000001872CCPF;06/07/2023;2;0,093;R
ES0000000000001872CCPF;06/07/2023;3;0,074;R
ES0000000000001872CCPF;06/07/2023;4;0,06;R
ES0000000000001872CCPF;06/07/2023;5;0,058;R
ES0000000000001872CCPF;06/07/2023;6;0,072;R
ES0000000000001872CCPF;06/07/2023;7;0,138;R
ES0000000000001872CCPF;06/07/2023;8;0,113;R
ES0000000000001872CCPF;06/07/2023;9;0,06;R
ES0000000000001872CCPF;06/07/2023;10;0,079;R
ES0000000000001872CCPF;06/07/2023;11;0,08;R
ES0000000000001872CCPF;06/07/2023;12;0,069;R
ES0000000000001872CCPF;06/07/2023;13;0,049;R
ES0000000000001872CCPF;06/07/2023;14;0,103;R
ES0000000000001872CCPF;06/07/2023;15;0,128;R
ES0000000000001872CCPF;06/07/2023;16;0,155;R
ES0000000000001872CCPF;06/07/2023;17;0,09;R
ES0000000000001872CCPF;06/07/2023;18;0,07;R
ES0000000000001872CCPF;06/07/2023;19;0,066;R
ES0000000000001872CCPF;06/07/2023;20;0,068;R
ES0000000000001872CCPF;06/07/2023;21;0,052;R
ES0000000000001872CCPF;06/07/2023;22;0,143;R
ES0000000000001872CCPF;06/07/2023;23;0,166;R
ES0000000000001872CCPF;07/07/2023;0;0,114;R
ES0000000000001872CCPF;07/07/2023;1;0,138;R
ES0000000000001872CCPF;07/07/2023;2;0,099;R
ES0000000000001872CCPF;07/07/2023;3;0,068;R
ES0000000000001872CCPF;07/07/2023;4;0,056;R
ES0000000000001872CCPF;07/07/2023;5;0,075;R
ES0000000000001872CCPF;07/07/2023;6;0,091;R
ES0000000000001872CCPF;07/07/2023;7;0,053;R
ES0000000000001872CCPF;07/07/2023;8;0,063;R
ES0000000000001872CCPF;07/07/2023;9;0,06;R
ES0000000000001872CCPF;07/07/2023;10;0,072;R
ES0000000000001872CCPF;07/07/2023;11;0,135;R
ES0000000000001872CCPF;07/07/2023;12;0,093;R
ES0000000000001872CCPF;07/07/2023;13;0,072;R
ES0000000000001872CCPF;07/07/2023;14;0,07;R
ES0000000000001872CCPF;07/07/2023;15;0,096;R
ES0000000000001872CCPF;07/07/2023;16;0,121;R
ES0000000000001872CCPF;07/07/2023;17;0,121;R
ES0000000000001872CCPF;07/07/2023;18;0,267;R
ES0000000000001872CCPF;07/07/2023;19;0,134;R
ES0000000000001872CCPF;07/07/2023;20;0,098;R
ES0000000000001872CCPF;07/07/2023;21;0,091;R
ES0000000000001872CCPF;07/07/2023;22;0,144;R
ES0000000000001872CCPF;07/07/2023;23;0,187;R
ES0000000000001872CCPF;08/07/2023;0;0,129;R
ES0000000000001872CCPF;08/07/2023;1;0,096;R
ES0000000000001872CCPF;08/07/2023;2;0,142;R
ES0000000000001872CCPF;08/07/2023;3;0,1;R
ES0000000000001872CCPF;08/07/2023;4;0,076;R
ES0000000000001872CCPF;08/07/2023;5;0,075;R
ES0000000000001872CCPF;08/07/2023;6;0,07;R
ES0000000000001872CCPF;08/07/2023;7;0,065;R
ES0000000000001872CCPF;08/07/2023;8;0,051;R
ES0000000000001872CCPF;08/07/2023;9;0,064;R
ES0000000000001872CCPF;08/07/2023;10;0,102;R
ES0000000000001872CCPF;08/07/2023;11;0,254;R
ES0000000000001872CCPF;08/07/2023;12;0,608;R
ES0000000000001872CCPF;08/07/2023;13;0,594;R
ES0000000000001872CCPF;08/07/2023;14;0,097;R
ES0000000000001872CCPF;08/07/2023;15;0,067;R
ES0000000000001872CCPF;08/07/2023;16;0,065;R
ES0000000000001872CCPF;08/07/2023;17;0,049;R
ES0000000000001872CCPF;08/07/2023;18;0,065;R
ES0000000000001872CCPF;08/07/2023;19;0,063;R
ES0000000000001872CCPF;08/07/2023;20;0,137;R
ES0000000000001872CCPF;08/07/2023;21;0,093;R
ES0000000000001872CCPF;08/07/2023;22;0,061;R
ES0000000000001872CCPF;08/07/2023;23;0,106;R
ES0000000000001872CCPF;09/07/2023;0;0,115;R
ES0000000000001872CCPF;09/07/2023;1;0,098;R
ES0000000000001872CCPF;09/07/2023;2;0,059;R
ES0000000000001872CCPF;09/07/2023;3;0,067;R
ES0000000000001872CCPF;09/07/2023;4;0,067;R
ES0000000000001872CCPF;09/07/2023;5;0,139;R
ES0000000000001872CCPF;09/07/2023;6;0,101;R
ES0000000000001872CCPF;09/07/2023;7;0,066;R
ES0000000000001872CCPF;09/07/2023;8;0,064;R
ES0000000000001872CCPF;09/07/2023;9;0,061;R
ES0000000000001872CCPF;09/07/2023;10;0,263;R
ES0000000000001872CCPF;09/07/2023;11;0,286;R
ES0000000000001872CCPF;09/07/2023;12;0,068;R
ES0000000000001872CCPF;09/07/2023;13;0,071;R
ES0000000000001872CCPF;09/07/2023;14;0,126;R
ES0000000000001872CCPF;09/07/2023;15;0,331;R
ES0000000000001872CCPF;09/07/2023;16;0,226;R
ES0000000000001872CCPF;09/07/2023;17;0,157;R
ES0000000000001872CCPF;09/07/2023;18;0,11;R
ES0000000000001872CCPF;09/07/2023;19;0,093;R
ES0000000000001872CCPF;09/07/2023;20;0,105;R
ES0000000000001872CCPF;09/07/2023;21;0,095;R
ES0000000000001872CCPF;09/07/2023;22;0,102;R
ES0000000000001872CCPF;09/07/2023;23;0,248;R
ES0000000000001872CCPF;10/07/2023;0;0,147;R
ES0000000000001872CCPF;10/07/2023;1;0,067;R
ES0000000000001872CCPF;10/07/2023;2;0,071;R
ES0000000000001872CCPF;10/07/2023;3;0,07;R
ES0000000000001872CCPF;10/07/2023;4;0,06;R
ES0000000000001872CCPF;10/07/2023;5;0,055;R
ES0000000000001872CCPF;10/07/2023;6;0,108;R
ES0000000000001872CCPF;10/07/2023;7;0,059;R
ES0000000000001872CCPF;10/07/2023;8;0,138;R
ES0000000000001872CCPF;10/07/2023;9;0,102;R
ES0000000000001872CCPF;10/07/2023;10;0,072;R
ES0000000000001872CCPF;10/07/2023;11;0,07;R
ES0000000000001872CCPF;10/07/2023;12;0,074;R
ES0000000000001872CCPF;10/07/2023;13;0,069;R
ES0000000000001872CCPF;10/07/2023;14;0,075;R
ES0000000000001872CCPF;10/07/2023;15;0,069;R
ES0000000000001872CCPF;10/07/2023;16;0,117;R
ES0000000000001872CCPF;10/07/2023;17;0,132;R
ES0000000000001872CCPF;10/07/2023;18;0,096;R
ES0000000000001872CCPF;10/07/2023;19;0,06;R
ES0000000000001872CCPF;10/07/2023;20;0,059;R
ES0000000000001872CCPF;10/07/2023;21;0,061;R
ES0000000000001872CCPF;10/07/2023;22;0,062;R
ES0000000000001872CCPF;10/07/2023;23;0,119;R
ES0000000000001872CCPF;11/07/2023;0;0,101;R
ES0000000000001872CCPF;11/07/2023;1;0,082;R
ES0000000000001872CCPF;11/07/2023;2;0,075;R
ES0000000000001872CCPF;11/07/2023;3;0,144;R
ES0000000000001872CCPF;11/07/2023;4;0,099;R
ES0000000000001872CCPF;11/07/2023;5;0,07;R
ES0000000000001872CCPF;11/07/2023;6;0,091;R
ES0000000000001872CCPF;11/07/2023;7;0,058;R
ES0000000000001872CCPF;11/07/2023;8;0,058;R
ES0000000000001872CCPF;11/07/2023;9;0,071;R
ES0000000000001872CCPF;11/07/2023;10;0,068;R
ES0000000000001872CCPF;11/07/2023;11;0,069;R
ES0000000000001872CCPF;11/07/2023;12;0,14;R
ES0000000000001872CCPF;11/07/2023;13;0,101;R
ES0000000000001872CCPF;11/07/2023;14;0,098;R
ES0000000000001872CCPF;11/07/2023;15;0,076;R
ES0000000000001872CCPF;11/07/2023;16;0,087;R
ES0000000000001872CCPF;11/07/2023;17;0,103;R
ES0000000000001872CCPF;11/07/2023;18;0,07;R
ES0000000000001872CCPF;11/07/2023;19;0,066;R
ES0000000000001872CCPF;11/07/2023;20;0,064;R
ES0000000000001872CCPF;11/07/2023;21;0,105;R
ES0000000000001872CCPF;11/07/2023;22;0,133;R
ES0000000000001872CCPF;11/07/2023;23;0,152;R
ES0000000000001872CCPF;12/07/2023;0;0,095;R
ES0000000000001872CCPF;12/07/2023;1;0,075;R
ES0000000000001872CCPF;12/07/2023;2;0,072;R
ES0000000000001872CCPF;12/07/2023;3;0,068;R
ES0000000000001872CCPF;12/07/2023;4;0,063;R
ES0000000000001872CCPF;12/07/2023;5;0,064;R
ES0000000000001872CCPF;12/07/2023;6;0,137;R
ES0000000000001872CCPF;12/07/2023;7;0,127;R
ES0000000000001872CCPF;12/07/2023;8;0,096;R
ES0000000000001872CCPF;12/07/2023;9;0,064;R
ES0000000000001872CCPF;12/07/2023;10;0,057;R
ES0000000000001872CCPF;12/07/2023;11;0,068;R
ES0000000000001872CCPF;12/07/2023;12;0,072;R
ES0000000000001872CCPF;12/07/2023;13;0,054;R
ES0000000000001872CCPF;12/07/2023;14;0,098;R
ES0000000000001872CCPF;12/07/2023;15;0,345;R
ES0000000000001872CCPF;12/07/2023;16;0,147;R
ES0000000000001872CCPF;12/07/2023;17;0,124;R
ES0000000000001872CCPF;12/07/2023;18;0,09;R
ES0000000000001872CCPF;12/07/2023;19;0,066;R
ES0000000000001872CCPF;12/07/2023;20;0,052;R
ES0000000000001872CCPF;12/07/2023;21;0,066;R
ES0000000000001872CCPF;12/07/2023;22;0,1;R
ES0000000000001872CCPF;12/07/2023;23;0,462;R
ES0000000000001872CCPF;13/07/2023;0;0,585;R
ES0000000000001872CCPF;13/07/2023;1;0,143;R
ES0000000000001872CCPF;13/07/2023;2;0,103;R
ES0000000000001872CCPF;13/07/2023;3;0,071;R
ES0000000000001872CCPF;13/07/2023;4;0,074;R
ES0000000000001872CCPF;13/07/2023;5;0,06;R
ES0000000000001872CCPF;13/07/2023;6;0,089;R
ES0000000000001872CCPF;13/07/2023;7;0,067;R
ES0000000000001872CCPF;13/07/2023;8;0,071;R
ES0000000000001872CCPF;13/07/2023;9;0,077;R
ES0000000000001872CCPF;13/07/2023;10;0,145;R
ES0000000000001872CCPF;13/07/2023;11;0,096;R
ES0000000000001872CCPF;13/07/2023;12;0,081;R
ES0000000000001872CCPF;13/07/2023;13;0,073;R
ES0000000000001872CCPF;13/07/2023;14;0,07;R
ES0000000000001872CCPF;13/07/2023;15;0,105;R
ES0000000000001872CCPF;13/07/2023;16;0,1;R
ES0000000000001872CCPF;13/07/2023;17;0,093;R
ES0000000000001872CCPF;13/07/2023;18;0,054;R
ES0000000000001872CCPF;13/07/2023;19;0,137;R
ES0000000000001872CCPF;13/07/2023;20;0,09;R
ES0000000000001872CCPF;13/07/2023;21;0,081;R
ES0000000000001872CCPF;13/07/2023;22;0,126;R
ES0000000000001872CCPF;13/07/2023;23;0,155;R
ES0000000000001872CCPF;14/07/2023;0;0,098;R
ES0000000000001872CCPF;14/07/2023;1;0,064;R
ES0000000000001872CCPF;14/07/2023;2;0,066;R
ES0000000000001872CCPF;14/07/2023;3;0,066;R
ES0000000000001872CCPF;14/07/2023;4;0,139;R
ES0000000000001872CCPF;14/07/2023;5;0,102;R
ES0000000000001872CCPF;14/07/2023;6;0,098;R
ES0000000000001872CCPF;14/07/2023;7;0,065;R
ES0000000000001872CCPF;14/07/2023;8;0,068;R
ES0000000000001872CCPF;14/07/2023;9;0,066;R
ES0000000000001872CCPF;14/07/2023;10;0,07;R
ES0000000000001872CCPF;14/07/2023;11;0,062;R
ES0000000000001872CCPF;14/07/2023;12;0,075;R
ES0000000000001872CCPF;14/07/2023;13;0,135;R
ES0000000000001872CCPF;14/07/2023;14;0,104;R
ES0000000000001872CCPF;14/07/2023;15;0,1;R
ES0000000000001872CCPF;14/07/2023;16;0,102;R
ES0000000000001872CCPF;14/07/2023;17;0,103;R
ES0000000000001872CCPF;14/07/2023;18;0,067;R
ES0000000000001872CCPF;14/07/2023;19;0,069;R
ES0000000000001872CCPF;14/07/2023;20;0,054;R
ES0000000000001872CCPF;14/07/2023;21;0,121;R
ES0000000000001872CCPF;14/07/2023;22;0,095;R
ES0000000000001872CCPF;14/07/2023;23;0,069;R
ES0000000000001872CCPF;15/07/2023;0;0,051;R
ES0000000000001872CCPF;15/07/2023;1;0,068;R
ES0000000000001872CCPF;15/07/2023;2;0,059;R
ES0000000000001872CCPF;15/07/2023;3;0,054;R
ES0000000000001872CCPF;15/07/2023;4;0,044;R
ES0000000000001872CCPF;15/07/2023;5;0,063;R
ES0000000000001872CCPF;15/07/2023;6;0,058;R
ES0000000000001872CCPF;15/07/2023;7;0,041;R
ES0000000000001872CCPF;15/07/2023;8;0,082;R
ES0000000000001872CCPF;15/07/2023;9;0,047;R
ES0000000000001872CCPF;15/07/2023;10;0,059;R
ES0000000000001872CCPF;15/07/2023;11;0,045;R
ES0000000000001872CCPF;15/07/2023;12;0,057;R
ES0000000000001872CCPF;15/07/2023;13;0,059;R
ES0000000000001872CCPF;15/07/2023;14;0,041;R
ES0000000000001872CCPF;15/07/2023;15;0,062;R
ES0000000000001872CCPF;15/07/2023;16;0,057;R
ES0000000000001872CCPF;15/07/2023;17;0,04;R
ES0000000000001872CCPF;15/07/2023;18;0,064;R
ES0000000000001872CCPF;15/07/2023;19;0,053;R
ES0000000000001872CCPF;15/07/2023;20;0,06;R
ES0000000000001872CCPF;15/07/2023;21;0,047;R
ES0000000000001872CCPF;15/07/2023;22;0,053;R
ES0000000000001872CCPF;15/07/2023;23;0,064;R
ES0000000000001872CCPF;16/07/2023;0;0,053;R
ES0000000000001872CCPF;16/07/2023;1;0,051;R
ES0000000000001872CCPF;16/07/2023;2;0,05;R
ES0000000000001872CCPF;16/07/2023;3;0,063;R
ES0000000000001872CCPF;16/07/2023;4;0,051;R
ES0000000000001872CCPF;16/07/2023;5;0,05;R
ES0000000000001872CCPF;16/07/2023;6;0,043;R
ES0000000000001872CCPF;16/07/2023;7;0,05;R
ES0000000000001872CCPF;16/07/2023;8;0,064;R
ES0000000000001872CCPF;16/07/2023;9;0,053;R
ES0000000000001872CCPF;16/07/2023;10;0,04;R
ES0000000000001872CCPF;16/07/2023;11;0,053;R
ES0000000000001872CCPF;16/07/2023;12;0,057;R
ES0000000000001872CCPF;16/07/2023;13;0,056;R
ES0000000000001872CCPF;16/07/2023;14;0,043;R
ES0000000000001872CCPF;16/07/2023;15;0,049;R
ES0000000000001872CCPF;16/07/2023;16;0,063;R
ES0000000000001872CCPF;16/07/2023;17;0,046;R
ES0000000000001872CCPF;16/07/2023;18;0,196;R
ES0000000000001872CCPF;16/07/2023;19;0,196;R
ES0000000000001872CCPF;16/07/2023;20;0,175;R
ES0000000000001872CCPF;16/07/2023;21;0,085;R
ES0000000000001872CCPF;16/07/2023;22;0,131;R
ES0000000000001872CCPF;16/07/2023;23;0,114;R
ES0000000000001872CCPF;17/07/2023;0;0,068;R
ES0000000000001872CCPF;17/07/2023;1;0,061;R
ES0000000000001872CCPF;17/07/2023;2;0,136;R
ES0000000000001872CCPF;17/07/2023;3;0,101;R
ES0000000000001872CCPF;17/07/2023;4;0,067;R
ES0000000000001872CCPF;17/07/2023;5;0,073;R
ES0000000000001872CCPF;17/07/2023;6;0,081;R
ES0000000000001872CCPF;17/07/2023;7;0,065;R
ES0000000000001872CCPF;17/07/2023;8;0,058;R
ES0000000000001872CCPF;17/07/2023;9;0,064;R
ES0000000000001872CCPF;17/07/2023;10;0,086;R
ES0000000000001872CCPF;17/07/2023;11;0,078;R
ES0000000000001872CCPF;17/07/2023;12;0,138;R
ES0000000000001872CCPF;17/07/2023;13;0,094;R
ES0000000000001872CCPF;17/07/2023;14;0,123;R
ES0000000000001872CCPF;17/07/2023;15;0,119;R
ES0000000000001872CCPF;17/07/2023;16;0,092;R
ES0000000000001872CCPF;17/07/2023;17;0,1;R
ES0000000000001872CCPF;17/07/2023;18;0,115;R
ES0000000000001872CCPF;17/07/2023;19;0,095;R
ES0000000000001872CCPF;17/07/2023;20;0,124;R
ES0000000000001872CCPF;17/07/2023;21;0,106;R
ES0000000000001872CCPF;17/07/2023;22;0,117;R
ES0000000000001872CCPF;17/07/2023;23;0,148;R
ES0000000000001872CCPF;18/07/2023;0;0,117;R
ES0000000000001872CCPF;18/07/2023;1;0,068;R
ES0000000000001872CCPF;18/07/2023;2;0,072;R
ES0000000000001872CCPF;18/07/2023;3;0,067;R
ES0000000000001872CCPF;18/07/2023;4;0,077;R
ES0000000000001872CCPF;18/07/2023;5;0,135;R
ES0000000000001872CCPF;18/07/2023;6;0,101;R
ES0000000000001872CCPF;18/07/2023;7;0,069;R
ES0000000000001872CCPF;18/07/2023;8;0,119;R
ES0000000000001872CCPF;18/07/2023;9;0,116;R
ES0000000000001872CCPF;18/07/2023;10;0,12;R
ES0000000000001872CCPF;18/07/2023;11;0,1;R
ES0000000000001872CCPF;18/07/2023;12;0,065;R
ES0000000000001872CCPF;18/07/2023;13;0,075;R
ES0000000000001872CCPF;18/07/2023;14;0,081;R
ES0000000000001872CCPF;18/07/2023;15;0,466;R
ES0000000000001872CCPF;18/07/2023;16;0,486;R
ES0000000000001872CCPF;18/07/2023;17;0,264;R
ES0000000000001872CCPF;18/07/2023;18;0,577;R
ES0000000000001872CCPF;18/07/2023;19;0,114;R
ES0000000000001872CCPF;18/07/2023;20;0,103;R
ES0000000000001872CCPF;18/07/2023;21;0,08;R
ES0000000000001872CCPF;18/07/2023;22;0,258;R
ES0000000000001872CCPF;18/07/2023;23;0,157;R
ES0000000000001872CCPF;19/07/2023;0;0,128;R
ES0000000000001872CCPF;19/07/2023;1;0,081;R
ES0000000000001872CCPF;19/07/2023;2;0,08;R
ES0000000000001872CCPF;19/07/2023;3;0,07;R
ES0000000000001872CCPF;19/07/2023;4;0,071;R
ES0000000000001872CCPF;19/07/2023;5;0,06;R
ES0000000000001872CCPF;19/07/2023;6;0,09;R
ES0000000000001872CCPF;19/07/2023;7;0,135;R
ES0000000000001872CCPF;19/07/2023;8;0,151;R
ES0000000000001872CCPF;19/07/2023;9;0,151;R
ES0000000000001872CCPF;19/07/2023;10;0,078;R
ES0000000000001872CCPF;19/07/2023;11;0,071;R
ES0000000000001872CCPF;19/07/2023;12;0,074;R
ES0000000000001872CCPF;19/07/2023;13;0,269;R
ES0000000000001872CCPF;19/07/2023;14;0,491;R
ES0000000000001872CCPF;19/07/2023;15;0,724;R
ES0000000000001872CCPF;19/07/2023;16;0,705;R
ES0000000000001872CCPF;19/07/2023;17;0,136;R
ES0000000000001872CCPF;19/07/2023;18;0,131;R
ES0000000000001872CCPF;19/07/2023;19;0,143;R
ES0000000000001872CCPF;19/07/2023;20;0,131;R
ES0000000000001872CCPF;19/07/2023;21;0,235;R
ES0000000000001872CCPF;19/07/2023;22;0,201;R
ES0000000000001872CCPF;19/07/2023;23;0,161;R
ES0000000000001872CCPF;20/07/2023;0;0,148;R
ES0000000000001872CCPF;20/07/2023;1;0,097;R
ES0000000000001872CCPF;20/07/2023;2;0,096;R
ES0000000000001872CCPF;20/07/2023;3;0,069;R
ES0000000000001872CCPF;20/07/2023;4;0,069;R
ES0000000000001872CCPF;20/07/2023;5;0,075;R
ES0000000000001872CCPF;20/07/2023;6;0,125;R
ES0000000000001872CCPF;20/07/2023;7;0,116;R
ES0000000000001872CCPF;20/07/2023;8;0,097;R
ES0000000000001872CCPF;20/07/2023;9;0,086;R
ES0000000000001872CCPF;20/07/2023;10;0,092;R
ES0000000000001872CCPF;20/07/2023;11;0,057;R
ES0000000000001872CCPF;20/07/2023;12;0,065;R
ES0000000000001872CCPF;20/07/2023;13;0,068;R
ES0000000000001872CCPF;20/07/2023;14;0,072;R
ES0000000000001872CCPF;20/07/2023;15;0,17;R
ES0000000000001872CCPF;20/07/2023;16;0,099;R
ES0000000000001872CCPF;20/07/2023;17;0,097;R
ES0000000000001872CCPF;20/07/2023;18;0,071;R
ES0000000000001872CCPF;20/07/2023;19;0,06;R
ES0000000000001872CCPF;20/07/2023;20;0,073;R
ES0000000000001872CCPF;20/07/2023;21;0,075;R
ES0000000000001872CCPF;20/07/2023;22;0,064;R
ES0000000000001872CCPF;20/07/2023;23;0,126;R
ES0000000000001872CCPF;21/07/2023;0;0,154;R
ES0000000000001872CCPF;21/07/2023;1;0,102;R
ES0000000000001872CCPF;21/07/2023;2;0,067;R
ES0000000000001872CCPF;21/07/2023;3;0,067;R
ES0000000000001872CCPF;21/07/2023;4;0,056;R
ES0000000000001872CCPF;21/07/2023;5;0,063;R
ES0000000000001872CCPF;21/07/2023;6;0,098;R
ES0000000000001872CCPF;21/07/2023;7;0,055;R
ES0000000000001872CCPF;21/07/2023;8;0,06;R
ES0000000000001872CCPF;21/07/2023;9;0,068;R
ES0000000000001872CCPF;21/07/2023;10;0,143;R
ES0000000000001872CCPF;21/07/2023;11;0,098;R
ES0000000000001872CCPF;21/07/2023;12;0,127;R
ES0000000000001872CCPF;21/07/2023;13;0,06;R
ES0000000000001872CCPF;21/07/2023;14;0,119;R
ES0000000000001872CCPF;21/07/2023;15;0,147;R
ES0000000000001872CCPF;21/07/2023;16;0,093;R
ES0000000000001872CCPF;21/07/2023;17;0,404;R
ES0000000000001872CCPF;21/07/2023;18;0,258;R
ES0000000000001872CCPF;21/07/2023;19;0,652;R
ES0000000000001872CCPF;21/07/2023;20;0,134;R
ES0000000000001872CCPF;21/07/2023;21;0,223;R
ES0000000000001872CCPF;21/07/2023;22;0,109;R
ES0000000000001872CCPF;21/07/2023;23;0,11;R
ES0000000000001872CCPF;22/07/2023;0;0,095;R
ES0000000000001872CCPF;22/07/2023;1;0,081;R
ES0000000000001872CCPF;22/07/2023;2;0,068;R
ES0000000000001872CCPF;22/07/2023;3;0,057;R
ES0000000000001872CCPF;22/07/2023;4;0,131;R
ES0000000000001872CCPF;22/07/2023;5;0,095;R
ES0000000000001872CCPF;22/07/2023;6;0,065;R
ES0000000000001872CCPF;22/07/2023;7;0,075;R
ES0000000000001872CCPF;22/07/2023;8;0,064;R
ES0000000000001872CCPF;22/07/2023;9;0,058;R
ES0000000000001872CCPF;22/07/2023;10;0,059;R
ES0000000000001872CCPF;22/07/2023;11;0,12;R
ES0000000000001872CCPF;22/07/2023;12;0,095;R
ES0000000000001872CCPF;22/07/2023;13;0,068;R
ES0000000000001872CCPF;22/07/2023;14;0,148;R
ES0000000000001872CCPF;22/07/2023;15;0,101;R
ES0000000000001872CCPF;22/07/2023;16;0,117;R
ES0000000000001872CCPF;22/07/2023;17;0,213;R
ES0000000000001872CCPF;22/07/2023;18;0,066;R
ES0000000000001872CCPF;22/07/2023;19;0,077;R
ES0000000000001872CCPF;22/07/2023;20;0,071;R
ES0000000000001872CCPF;22/07/2023;21;0,072;R
ES0000000000001872CCPF;22/07/2023;22;0,099;R
ES0000000000001872CCPF;22/07/2023;23;0,188;R
ES0000000000001872CCPF;23/07/2023;0;0,152;R
ES0000000000001872CCPF;23/07/2023;1;0,125;R
ES0000000000001872CCPF;23/07/2023;2;0,113;R
ES0000000000001872CCPF;23/07/2023;3;0,074;R
ES0000000000001872CCPF;23/07/2023;4;0,074;R
ES0000000000001872CCPF;23/07/2023;5;0,062;R
ES0000000000001872CCPF;23/07/2023;6;0,058;R
ES0000000000001872CCPF;23/07/2023;7;0,094;R
ES0000000000001872CCPF;23/07/2023;8;0,125;R
ES0000000000001872CCPF;23/07/2023;9;0,134;R
ES0000000000001872CCPF;23/07/2023;10;0,115;R
ES0000000000001872CCPF;23/07/2023;11;0,089;R
ES0000000000001872CCPF;23/07/2023;12;0,071;R
ES0000000000001872CCPF;23/07/2023;13;0,144;R
ES0000000000001872CCPF;23/07/2023;14;0,265;R
ES0000000000001872CCPF;23/07/2023;15;0,25;R
ES0000000000001872CCPF;23/07/2023;16;0,123;R
ES0000000000001872CCPF;23/07/2023;17;0,135;R
ES0000000000001872CCPF;23/07/2023;18;0,106;R
ES0000000000001872CCPF;23/07/2023;19;0,084;R
ES0000000000001872CCPF;23/07/2023;20;0,084;R
ES0000000000001872CCPF;23/07/2023;21;0,123;R
ES0000000000001872CCPF;23/07/2023;22;0,105;R
ES0000000000001872CCPF;23/07/2023;23;0,16;R
ES0000000000001872CCPF;24/07/2023;0;0,112;R
ES0000000000001872CCPF;24/07/2023;1;0,122;R
ES0000000000001872CCPF;24/07/2023;2;0,178;R
ES0000000000001872CCPF;24/07/2023;3;0,098;R
ES0000000000001872CCPF;24/07/2023;4;0,072;R
ES0000000000001872CCPF;24/07/2023;5;0,057;R
ES0000000000001872CCPF;24/07/2023;6;0,098;R
ES0000000000001872CCPF;24/07/2023;7;0,064;R
ES0000000000001872CCPF;24/07/2023;8;0,049;R
ES0000000000001872CCPF;24/07/2023;9;0,063;R
ES0000000000001872CCPF;24/07/2023;10;0,282;R
ES0000000000001872CCPF;24/07/2023;11;0,105;R
ES0000000000001872CCPF;24/07/2023;12;0,134;R
ES0000000000001872CCPF;24/07/2023;13;0,068;R
ES0000000000001872CCPF;24/07/2023;14;0,069;R
ES0000000000001872CCPF;24/07/2023;15;0,221;R
ES0000000000001872CCPF;24/07/2023;16;0,104;R
ES0000000000001872CCPF;24/07/2023;17;0,129;R
ES0000000000001872CCPF;24/07/2023;18;0,097;R
ES0000000000001872CCPF;24/07/2023;19;0,066;R
ES0000000000001872CCPF;24/07/2023;20;0,181;R
ES0000000000001872CCPF;24/07/2023;21;0,218;R
ES0000000000001872CCPF;24/07/2023;22;0,354;R
ES0000000000001872CCPF;24/07/2023;23;0,131;R
ES0000000000001872CCPF;25/07/2023;0;0,059;R
ES0000000000001872CCPF;25/07/2023;1;0,065;R
ES0000000000001872CCPF;25/07/2023;2;0,069;R
ES0000000000001872CCPF;25/07/2023;3;0,052;R
ES0000000000001872CCPF;25/07/2023;4;0,061;R
ES0000000000001872CCPF;25/07/2023;5;0,075;R
ES0000000000001872CCPF;25/07/2023;6;0,159;R
ES0000000000001872CCPF;25/07/2023;7;0,068;R
ES0000000000001872CCPF;25/07/2023;8;0,092;R
ES0000000000001872CCPF;25/07/2023;9;0,064;R
ES0000000000001872CCPF;25/07/2023;10;0,062;R
ES0000000000001872CCPF;25/07/2023;11;0,051;R
ES0000000000001872CCPF;25/07/2023;12;0,069;R
ES0000000000001872CCPF;25/07/2023;13;0,052;R
ES0000000000001872CCPF;25/07/2023;14;0,065;R
ES0000000000001872CCPF;25/07/2023;15;0,244;R
ES0000000000001872CCPF;25/07/2023;16;0,173;R
ES0000000000001872CCPF;25/07/2023;17;0,149;R
ES0000000000001872CCPF;25/07/2023;18;0,091;R
ES0000000000001872CCPF;25/07/2023;19;0,076;R
ES0000000000001872CCPF;25/07/2023;20;0,054;R
ES0000000000001872CCPF;25/07/2023;21;0,072;R
ES0000000000001872CCPF;25/07/2023;22;0,061;R
ES0000000000001872CCPF;25/07/2023;23;0,47;R
ES0000000000001872CCPF;26/07/2023;0;0,129;R
ES0000000000001872CCPF;26/07/2023;1;0,567;R
ES0000000000001872CCPF;26/07/2023;2;0,142;R
ES0000000000001872CCPF;26/07/2023;3;0,073;R
ES0000000000001872CCPF;26/07/2023;4;0,071;R
ES0000000000001872CCPF;26/07/2023;5;0,072;R
ES0000000000001872CCPF;26/07/2023;6;0,09;R
ES0000000000001872CCPF;26/07/2023;7;0,059;R
ES0000000000001872CCPF;26/07/2023;8;0,066;R
ES0000000000001872CCPF;26/07/2023;9;0,071;R
ES0000000000001872CCPF;26/07/2023;10;0,099;R
ES0000000000001872CCPF;26/07/2023;11;0,057;R
ES0000000000001872CCPF;26/07/2023;12;0,124;R
ES0000000000001872CCPF;26/07/2023;13;0,092;R
ES0000000000001872CCPF;26/07/2023;14;0,097;R
ES0000000000001872CCPF;26/07/2023;15;0,098;R
ES0000000000001872CCPF;26/07/2023;16;0,205;R
ES0000000000001872CCPF;26/07/2023;17;0,14;R
ES0000000000001872CCPF;26/07/2023;18;0,128;R
ES0000000000001872CCPF;26/07/2023;19;0,161;R
ES0000000000001872CCPF;26/07/2023;20;0,112;R
ES0000000000001872CCPF;26/07/2023;21;0,1;R
ES0000000000001872CCPF;26/07/2023;22;0,099;R
ES0000000000001872CCPF;26/07/2023;23;0,138;R
ES0000000000001872CCPF;27/07/2023;0;0,076;R
ES0000000000001872CCPF;27/07/2023;1;0,081;R
ES0000000000001872CCPF;27/07/2023;2;0,072;R
ES0000000000001872CCPF;27/07/2023;3;0,132;R
ES0000000000001872CCPF;27/07/2023;4;0,106;R
ES0000000000001872CCPF;27/07/2023;5;0,076;R
ES0000000000001872CCPF;27/07/2023;6;0,123;R
ES0000000000001872CCPF;27/07/2023;7;0,072;R
ES0000000000001872CCPF;27/07/2023;8;0,072;R
ES0000000000001872CCPF;27/07/2023;9;0,071;R
ES0000000000001872CCPF;27/07/2023;10;0,098;R
ES0000000000001872CCPF;27/07/2023;11;0,123;R
ES0000000000001872CCPF;27/07/2023;12;0,113;R
ES0000000000001872CCPF;27/07/2023;13;0,087;R
ES0000000000001872CCPF;27/07/2023;14;0,085;R
ES0000000000001872CCPF;27/07/2023;15;0,124;R
ES0000000000001872CCPF;27/07/2023;16;0,266;R
ES0000000000001872CCPF;27/07/2023;17;0,112;R
ES0000000000001872CCPF;27/07/2023;18;0,111;R
ES0000000000001872CCPF;27/07/2023;19;0,127;R
ES0000000000001872CCPF;27/07/2023;20;0,135;R
ES0000000000001872CCPF;27/07/2023;21;0,092;R
ES0000000000001872CCPF;27/07/2023;22;0,078;R
ES0000000000001872CCPF;27/07/2023;23;0,138;R
ES0000000000001872CCPF;28/07/2023;0;0,07;R
ES0000000000001872CCPF;28/07/2023;1;0,066;R
ES0000000000001872CCPF;28/07/2023;2;0,065;R
ES0000000000001872CCPF;28/07/2023;3;0,073;R
ES0000000000001872CCPF;28/07/2023;4;0,071;R
ES0000000000001872CCPF;28/07/2023;5;0,138;R
ES0000000000001872CCPF;28/07/2023;6;0,122;R
ES0000000000001872CCPF;28/07/2023;7;0,067;R
ES0000000000001872CCPF;28/07/2023;8;0,086;R
ES0000000000001872CCPF;28/07/2023;9;0,069;R
ES0000000000001872CCPF;28/07/2023;10;0,154;R
ES0000000000001872CCPF;28/07/2023;11;0,229;R
ES0000000000001872CCPF;28/07/2023;12;0,067;R
ES0000000000001872CCPF;28/07/2023;13;0,156;R
ES0000000000001872CCPF;28/07/2023;14;0,2;R
ES0000000000001872CCPF;28/07/2023;15;0,104;R
ES0000000000001872CCPF;28/07/2023;16;0,11;R
ES0000000000001872CCPF;28/07/2023;17;0,12;R
ES0000000000001872CCPF;28/07/2023;18;0,087;R
ES0000000000001872CCPF;28/07/2023;19;0,065;R
ES0000000000001872CCPF;28/07/2023;20;0,064;R
ES0000000000001872CCPF;28/07/2023;21;0,067;R
ES0000000000001872CCPF;28/07/2023;22;0,081;R
ES0000000000001872CCPF;28/07/2023;23;0,29;R
ES0000000000001872CCPF;29/07/2023;0;0,124;R
ES0000000000001872CCPF;29/07/2023;1;0,067;R
ES0000000000001872CCPF;29/07/2023;2;0,072;R
ES0000000000001872CCPF;29/07/2023;3;0,072;R
ES0000000000001872CCPF;29/07/2023;4;0,066;R
ES0000000000001872CCPF;29/07/2023;5;0,056;R
ES0000000000001872CCPF;29/07/2023;6;0,06;R
ES0000000000001872CCPF;29/07/2023;7;0,071;R
ES0000000000001872CCPF;29/07/2023;8;0,085;R
ES0000000000001872CCPF;29/07/2023;9;0,126;R
ES0000000000001872CCPF;29/07/2023;10;0,091;R
ES0000000000001872CCPF;29/07/2023;11;0,537;R
ES0000000000001872CCPF;29/07/2023;12;0,515;R
ES0000000000001872CCPF;29/07/2023;13;0,136;R
ES0000000000001872CCPF;29/07/2023;14;0,075;R
ES0000000000001872CCPF;29/07/2023;15;0,059;R
ES0000000000001872CCPF;29/07/2023;16;0,05;R
ES0000000000001872CCPF;29/07/2023;17;0,062;R
ES0000000000001872CCPF;29/07/2023;18;0,132;R
ES0000000000001872CCPF;29/07/2023;19;0,095;R
ES0000000000001872CCPF;29/07/2023;20;0,066;R
ES0000000000001872CCPF;29/07/2023;21;0,06;R
ES0000000000001872CCPF;29/07/2023;22;0,048;R
ES0000000000001872CCPF;29/07/2023;23;0,096;R
ES0000000000001872CCPF;30/07/2023;0;0,122;R
ES0000000000001872CCPF;30/07/2023;1;0,114;R
ES0000000000001872CCPF;30/07/2023;2;0,101;R
ES0000000000001872CCPF;30/07/2023;3;0,178;R
ES0000000000001872CCPF;30/07/2023;4;0,096;R
ES0000000000001872CCPF;30/07/2023;5;0,077;R
ES0000000000001872CCPF;30/07/2023;6;0,058;R
ES0000000000001872CCPF;30/07/2023;7;0,063;R
ES0000000000001872CCPF;30/07/2023;8;0,068;R
ES0000000000001872CCPF;30/07/2023;9;0,06;R
ES0000000000001872CCPF;30/07/2023;10;0,081;R
ES0000000000001872CCPF;30/07/2023;11;0,1;R
ES0000000000001872CCPF;30/07/2023;12;0,178;R
ES0000000000001872CCPF;30/07/2023;13;0,196;R
ES0000000000001872CCPF;30/07/2023;14;0,194;R
ES0000000000001872CCPF;30/07/2023;15;0,108;R
ES0000000000001872CCPF;30/07/2023;16;0,13;R
ES0000000000001872CCPF;30/07/2023;17;0,104;R
ES0000000000001872CCPF;30/07/2023;18;0,079;R
ES0000000000001872CCPF;30/07/2023;19;0,075;R
ES0000000000001872CCPF;30/07/2023;20;0,08;R
ES0000000000001872CCPF;30/07/2023;21;0,078;R
ES0000000000001872CCPF;30/07/2023;22;0,158;R
ES0000000000001872CCPF;30/07/2023;23;0,289;R
ES0000000000001872CCPF;31/07/2023;0;0,141;R
ES0000000000001872CCPF;31/07/2023;1;0,077;R
ES0000000000001872CCPF;31/07/2023;2;0,075;R
ES0000000000001872CCPF;31/07/2023;3;0,073;R
ES0000000000001872CCPF;31/07/2023;4;0,062;R
ES0000000000001872CCPF;31/07/2023;5;0,055;R
ES0000000000001872CCPF;31/07/2023;6;0,153;R
ES0000000000001872CCPF;31/07/2023;7;0,112;R
ES0000000000001872CCPF;31/07/2023;8;0,073;R
ES0000000000001872CCPF;31/07/2023;9;0,068;R
ES0000000000001872CCPF;31/07/2023;10;0,073;R
ES0000000000001872CCPF;31/07/2023;11;0,933;R
ES0000000000001872CCPF;31/07/2023;12;0,09;R
ES0000000000001872CCPF;31/07/2023;13;0,057;R
ES0000000000001872CCPF;31/07/2023;14;0,38;R
ES0000000000001872CCPF;31/07/2023;15;0,406;R
ES0000000000001872CCPF;31/07/2023;16;0,193;R
ES0000000000001872CCPF;31/07/2023;17;0,183;R
ES0000000000001872CCPF;31/07/2023;18;0,136;R
ES0000000000001872CCPF;31/07/2023;19;0,124;R
ES0000000000001872CCPF;31/07/2023;20;0,135;R
ES0000000000001872CCPF;31/07/2023;21;0,099;R
ES0000000000001872CCPF;31/07/2023;22;0,109;R
ES0000000000001872CCPF;31/07/2023;23;0,179;R
ES0000000000001872CCPF;01/08/2023;0;0,106;R
ES0000000000001872CCPF;01/08/2023;1;0,089;R
ES0000000000001872CCPF;01/08/2023;2;0,076;R
ES0000000000001872CCPF;01/08/2023;3;0,063;R
ES0000000000001872CCPF;01/08/2023;4;0,066;R
ES0000000000001872CCPF;01/08/2023;5;0,07;R
ES0000000000001872CCPF;01/08/2023;6;0,074;R
ES0000000000001872CCPF;01/08/2023;7;0,072;R
ES0000000000001872CCPF;01/08/2023;8;0,067;R
ES0000000000001872CCPF;01/08/2023;9;0,134;R
ES0000000000001872CCPF;01/08/2023;10;0,09;R
ES0000000000001872CCPF;01/08/2023;11;0,086;R
ES0000000000001872CCPF;01/08/2023;12;0,087;R
ES0000000000001872CCPF;01/08/2023;13;0,068;R
ES0000000000001872CCPF;01/08/2023;14;0,097;R
ES0000000000001872CCPF;01/08/2023;15;0,074;R
ES0000000000001872CCPF;01/08/2023;16;0,088;R
ES0000000000001872CCPF;01/08/2023;17;0,074;R
ES0000000000001872CCPF;01/08/2023;18;0,157;R
ES0000000000001872CCPF;01/08/2023;19;0,131;R
ES0000000000001872CCPF;01/08/2023;20;0,106;R
ES0000000000001872CCPF;01/08/2023;21;0,074;R
ES0000000000001872CCPF;01/08/2023;22;0,073;R
ES0000000000001872CCPF;01/08/2023;23;0,266;R
ES0000000000001872CCPF;02/08/2023;0;0,08;R
ES0000000000001872CCPF;02/08/2023;1;0,065;R
ES0000000000001872CCPF;02/08/2023;2;0,074;R
ES0000000000001872CCPF;02/08/2023;3;0,138;R
ES0000000000001872CCPF;02/08/2023;4;0,1;R
ES0000000000001872CCPF;02/08/2023;5;0,065;R
ES0000000000001872CCPF;02/08/2023;6;0,098;R
ES0000000000001872CCPF;02/08/2023;7;0,064;R
ES0000000000001872CCPF;02/08/2023;8;0,074;R
ES0000000000001872CCPF;02/08/2023;9;0,387;R
ES0000000000001872CCPF;02/08/2023;10;0,555;R
ES0000000000001872CCPF;02/08/2023;11;0,07;R
ES0000000000001872CCPF;02/08/2023;12;0,141;R
ES0000000000001872CCPF;02/08/2023;13;0,108;R
ES0000000000001872CCPF;02/08/2023;14;0,1;R
ES0000000000001872CCPF;02/08/2023;15;0,112;R
ES0000000000001872CCPF;02/08/2023;16;0,072;R
ES0000000000001872CCPF;02/08/2023;17;0,104;R
ES0000000000001872CCPF;02/08/2023;18;0,096;R
ES0000000000001872CCPF;02/08/2023;19;0,068;R
ES0000000000001872CCPF;02/08/2023;20;0,057;R
ES0000000000001872CCPF;02/08/2023;21;0,121;R
ES0000000000001872CCPF;02/08/2023;22;0,105;R
ES0000000000001872CCPF;02/08/2023;23;0,071;R
ES0000000000001872CCPF;03/08/2023;0;0,074;R
ES0000000000001872CCPF;03/08/2023;1;0,069;R
ES0000000000001872CCPF;03/08/2023;2;0,066;R
ES0000000000001872CCPF;03/08/2023;3;0,055;R
ES0000000000001872CCPF;03/08/2023;4;0,061;R
ES0000000000001872CCPF;03/08/2023;5;0,069;R
ES0000000000001872CCPF;03/08/2023;6;0,067;R
ES0000000000001872CCPF;03/08/2023;7;0,051;R
ES0000000000001872CCPF;03/08/2023;8;0,065;R
ES0000000000001872CCPF;03/08/2023;9;0,082;R
ES0000000000001872CCPF;03/08/2023;10;0,064;R
ES0000000000001872CCPF;03/08/2023;11;0,05;R
ES0000000000001872CCPF;03/08/2023;12;0,065;R
ES0000000000001872CCPF;03/08/2023;13;0,069;R
ES0000000000001872CCPF;03/08/2023;14;0,133;R
ES0000000000001872CCPF;03/08/2023;15;0,076;R
ES0000000000001872CCPF;03/08/2023;16;0,06;R
ES0000000000001872CCPF;03/08/2023;17;0,054;R
ES0000000000001872CCPF;03/08/2023;18;0,067;R
ES0000000000001872CCPF;03/08/2023;19;0,06;R
ES0000000000001872CCPF;03/08/2023;20;0,044;R
ES0000000000001872CCPF;03/08/2023;21;0,065;R
ES0000000000001872CCPF;03/08/2023;22;0,06;R
ES0000000000001872CCPF;03/08/2023;23;0,045;R
ES0000000000001872CCPF;04/08/2023;0;0,058;R
ES0000000000001872CCPF;04/08/2023;1;0,059;R
ES0000000000001872CCPF;04/08/2023;2;0,045;R
ES0000000000001872CCPF;04/08/2023;3;0,055;R
ES0000000000001872CCPF;04/08/2023;4;0,057;R
ES0000000000001872CCPF;04/08/2023;5;0,048;R
ES0000000000001872CCPF;04/08/2023;6;0,051;R
ES0000000000001872CCPF;04/08/2023;7;0,055;R
ES0000000000001872CCPF;04/08/2023;8;0,045;R
ES0000000000001872CCPF;04/08/2023;9;0,051;R
ES0000000000001872CCPF;04/08/2023;10;0,049;R
ES0000000000001872CCPF;04/08/2023;11;0,058;R
ES0000000000001872CCPF;04/08/2023;12;0,045;R
ES0000000000001872CCPF;04/08/2023;13;0,117;R
ES0000000000001872CCPF;04/08/2023;14;0,087;R
ES0000000000001872CCPF;04/08/2023;15;0,062;R
ES0000000000001872CCPF;04/08/2023;16;0,06;R
ES0000000000001872CCPF;04/08/2023;17;0,048;R
ES0000000000001872CCPF;04/08/2023;18;0,062;R
ES0000000000001872CCPF;04/08/2023;19;0,041;R
ES0000000000001872CCPF;04/08/2023;20;0,071;R
ES0000000000001872CCPF;04/08/2023;21;0,053;R
ES0000000000001872CCPF;04/08/2023;22;0,047;R
ES0000000000001872CCPF;04/08/2023;23;0,125;R
ES0000000000001872CCPF;05/08/2023;0;0,092;R
ES0000000000001872CCPF;05/08/2023;1;0,058;R
ES0000000000001872CCPF;05/08/2023;2;0,04;R
ES0000000000001872CCPF;05/08/2023;3;0,057;R
ES0000000000001872CCPF;05/08/2023;4;0,051;R
ES0000000000001872CCPF;05/08/2023;5;0,06;R
ES0000000000001872CCPF;05/08/2023;6;0,044;R
ES0000000000001872CCPF;05/08/2023;7;0,047;R
ES0000000000001872CCPF;05/08/2023;8;0,058;R
ES0000000000001872CCPF;05/08/2023;9;0,042;R
ES0000000000001872CCPF;05/08/2023;10;0,052;R
ES0000000000001872CCPF;05/08/2023;11;0,049;R
ES0000000000001872CCPF;05/08/2023;12;0,054;R
ES0000000000001872CCPF;05/08/2023;13;0,048;R
ES0000000000001872CCPF;05/08/2023;14;0,047;R
ES0000000000001872CCPF;05/08/2023;15;0,056;R
ES0000000000001872CCPF;05/08/2023;16;0,057;R
ES0000000000001872CCPF;05/08/2023;17;0,048;R
ES0000000000001872CCPF;05/08/2023;18;0,06;R
ES0000000000001872CCPF;05/08/2023;19;0,042;R
ES0000000000001872CCPF;05/08/2023;20;0,063;R
ES0000000000001872CCPF;05/08/2023;21;0,054;R
ES0000000000001872CCPF;05/08/2023;22;0,046;R
ES0000000000001872CCPF;05/08/2023;23;0,062;R
ES0000000000001872CCPF;06/08/2023;0;0,044;R
ES0000000000001872CCPF;06/08/2023;1;0,057;R
ES0000000000001872CCPF;06/08/2023;2;0,058;R
ES0000000000001872CCPF;06/08/2023;3;0,039;R
ES0000000000001872CCPF;06/08/2023;4;0,059;R
ES0000000000001872CCPF;06/08/2023;5;0,05;R
ES0000000000001872CCPF;06/08/2023;6;0,061;R
ES0000000000001872CCPF;06/08/2023;7;0,047;R
ES0000000000001872CCPF;06/08/2023;8;0,058;R
ES0000000000001872CCPF;06/08/2023;9;0,04;R
ES0000000000001872CCPF;06/08/2023;10;0,051;R
ES0000000000001872CCPF;06/08/2023;11;0,043;R
ES0000000000001872CCPF;06/08/2023;12;0,053;R
ES0000000000001872CCPF;06/08/2023;13;0,052;R
ES0000000000001872CCPF;06/08/2023;14;0,06;R
ES0000000000001872CCPF;06/08/2023;15;0,042;R
ES0000000000001872CCPF;06/08/2023;16;0,058;R
ES0000000000001872CCPF;06/08/2023;17;0,056;R
ES0000000000001872CCPF;06/08/2023;18;0,044;R
ES0000000000001872CCPF;06/08/2023;19;0,064;R
ES0000000000001872CCPF;06/08/2023;20;0,058;R
ES0000000000001872CCPF;06/08/2023;21;0,052;R
ES0000000000001872CCPF;06/08/2023;22;0,051;R
ES0000000000001872CCPF;06/08/2023;23;0,062;R
ES0000000000001872CCPF;07/08/2023;0;0,059;R
ES0000000000001872CCPF;07/08/2023;1;0,046;R
ES0000000000001872CCPF;07/08/2023;2;0,045;R
ES0000000000001872CCPF;07/08/2023;3;0,062;R
ES0000000000001872CCPF;07/08/2023;4;0,05;R
ES0000000000001872CCPF;07/08/2023;5;0,039;R
ES0000000000001872CCPF;07/08/2023;6;0,071;R
ES0000000000001872CCPF;07/08/2023;7;0,039;R
ES0000000000001872CCPF;07/08/2023;8;0,059;R
ES0000000000001872CCPF;07/08/2023;9;0,049;R
ES0000000000001872CCPF;07/08/2023;10;0,058;R
ES0000000000001872CCPF;07/08/2023;11;0,048;R
ES0000000000001872CCPF;07/08/2023;12;0,054;R
ES0000000000001872CCPF;07/08/2023;13;0,043;R
ES0000000000001872CCPF;07/08/2023;14;0,053;R
ES0000000000001872CCPF;07/08/2023;15;0,047;R
ES0000000000001872CCPF;07/08/2023;16;0,053;R
ES0000000000001872CCPF;07/08/2023;17;0,056;R
ES0000000000001872CCPF;07/08/2023;18;0,053;R
ES0000000000001872CCPF;07/08/2023;19;0,062;R
ES0000000000001872CCPF;07/08/2023;20;0,045;R
ES0000000000001872CCPF;07/08/2023;21;0,059;R
ES0000000000001872CCPF;07/08/2023;22;0,056;R
ES0000000000001872CCPF;07/08/2023;23;0,057;R
ES0000000000001872CCPF;08/08/2023;0;0,123;R
ES0000000000001872CCPF;08/08/2023;1;0,093;R
ES0000000000001872CCPF;08/08/2023;2;0,059;R
ES0000000000001872CCPF;08/08/2023;3;0,056;R
ES0000000000001872CCPF;08/08/2023;4;0,045;R
ES0000000000001872CCPF;08/08/2023;5;0,06;R
ES0000000000001872CCPF;08/08/2023;6;0,057;R
ES0000000000001872CCPF;08/08/2023;7;0,048;R
ES0000000000001872CCPF;08/08/2023;8;0,053;R
ES0000000000001872CCPF;08/08/2023;9;0,068;R
ES0000000000001872CCPF;08/08/2023;10;0,045;R
ES0000000000001872CCPF;08/08/2023;11;0,053;R
ES0000000000001872CCPF;08/08/2023;12;0,052;R
ES0000000000001872CCPF;08/08/2023;13;0,047;R
ES0000000000001872CCPF;08/08/2023;14;0,056;R
ES0000000000001872CCPF;08/08/2023;15;0,063;R
ES0000000000001872CCPF;08/08/2023;16;0,046;R
ES0000000000001872CCPF;08/08/2023;17;0,064;R
ES0000000000001872CCPF;08/08/2023;18;0,049;R
ES0000000000001872CCPF;08/08/2023;19;0,062;R
ES0000000000001872CCPF;08/08/2023;20;0,065;R
ES0000000000001872CCPF;08/08/2023;21;0,063;R
ES0000000000001872CCPF;08/08/2023;22;0,051;R
ES0000000000001872CCPF;08/08/2023;23;0,067;R
ES0000000000001872CCPF;09/08/2023;0;0,048;R
ES0000000000001872CCPF;09/08/2023;1;0,064;R
ES0000000000001872CCPF;09/08/2023;2;0,058;R
ES0000000000001872CCPF;09/08/2023;3;0,048;R
ES0000000000001872CCPF;09/08/2023;4;0,06;R
ES0000000000001872CCPF;09/08/2023;5;0,064;R
ES0000000000001872CCPF;09/08/2023;6;0,046;R
ES0000000000001872CCPF;09/08/2023;7;0,055;R
ES0000000000001872CCPF;09/08/2023;8;0,063;R
ES0000000000001872CCPF;09/08/2023;9;0,054;R
ES0000000000001872CCPF;09/08/2023;10;0,043;R
ES0000000000001872CCPF;09/08/2023;11;0,064;R
ES0000000000001872CCPF;09/08/2023;12;0,059;R
ES0000000000001872CCPF;09/08/2023;13;0,048;R
ES0000000000001872CCPF;09/08/2023;14;0,053;R
ES0000000000001872CCPF;09/08/2023;15;0,063;R
ES0000000000001872CCPF;09/08/2023;16;0,065;R
ES0000000000001872CCPF;09/08/2023;17;0,086;R
ES0000000000001872CCPF;09/08/2023;18;0,113;R
ES0000000000001872CCPF;09/08/2023;19;0,088;R
ES0000000000001872CCPF;09/08/2023;20;0,058;R
ES0000000000001872CCPF;09/08/2023;21;0,064;R
ES0000000000001872CCPF;09/08/2023;22;0,051;R
ES0000000000001872CCPF;09/08/2023;23;0,057;R
ES0000000000001872CCPF;10/08/2023;0;0,065;R
ES0000000000001872CCPF;10/08/2023;1;0,064;R
ES0000000000001872CCPF;10/08/2023;2;0,056;R
ES0000000000001872CCPF;10/08/2023;3;0,047;R
ES0000000000001872CCPF;10/08/2023;4;0,063;R
ES0000000000001872CCPF;10/08/2023;5;0,061;R
ES0000000000001872CCPF;10/08/2023;6;0,063;R
ES0000000000001872CCPF;10/08/2023;7;0,045;R
ES0000000000001872CCPF;10/08/2023;8;0,056;R
ES0000000000001872CCPF;10/08/2023;9;0,064;R
ES0000000000001872CCPF;10/08/2023;10;0,053;R
ES0000000000001872CCPF;10/08/2023;11;0,045;R
ES0000000000001872CCPF;10/08/2023;12;0,064;R
ES0000000000001872CCPF;10/08/2023;13;0,065;R
ES0000000000001872CCPF;10/08/2023;14;0,062;R
ES0000000000001872CCPF;10/08/2023;15;0,051;R
ES0000000000001872CCPF;10/08/2023;16;0,059;R
ES0000000000001872CCPF;10/08/2023;17;0,066;R
ES0000000000001872CCPF;10/08/2023;18;0,061;R
ES0000000000001872CCPF;10/08/2023;19;0,065;R
ES0000000000001872CCPF;10/08/2023;20;0,05;R
ES0000000000001872CCPF;10/08/2023;21;0,063;R
ES0000000000001872CCPF;10/08/2023;22;0,051;R
ES0000000000001872CCPF;10/08/2023;23;0,056;R
ES0000000000001872CCPF;11/08/2023;0;0,059;R
ES0000000000001872CCPF;11/08/2023;1;0,064;R
ES0000000000001872CCPF;11/08/2023;2;0,053;R
ES0000000000001872CCPF;11/08/2023;3;0,046;R
ES0000000000001872CCPF;11/08/2023;4;0,065;R
ES0000000000001872CCPF;11/08/2023;5;0,059;R
ES0000000000001872CCPF;11/08/2023;6;0,048;R
ES0000000000001872CCPF;11/08/2023;7;0,055;R
ES0000000000001872CCPF;11/08/2023;8;0,059;R
ES0000000000001872CCPF;11/08/2023;9;0,065;R
ES0000000000001872CCPF;11/08/2023;10;0,054;R
ES0000000000001872CCPF;11/08/2023;11;0,058;R
ES0000000000001872CCPF;11/08/2023;12;0,054;R
ES0000000000001872CCPF;11/08/2023;13;0,05;R
ES0000000000001872CCPF;11/08/2023;14;0,064;R
ES0000000000001872CCPF;11/08/2023;15;0,065;R
ES0000000000001872CCPF;11/08/2023;16;0,055;R
ES0000000000001872CCPF;11/08/2023;17;0,052;R
ES0000000000001872CCPF;11/08/2023;18;0,065;R
ES0000000000001872CCPF;11/08/2023;19;0,06;R
ES0000000000001872CCPF;11/08/2023;20;0,051;R
ES0000000000001872CCPF;11/08/2023;21;0,06;R
ES0000000000001872CCPF;11/08/2023;22;0,062;R
ES0000000000001872CCPF;11/08/2023;23;0,064;R
ES0000000000001872CCPF;12/08/2023;0;0,063;R
ES0000000000001872CCPF;12/08/2023;1;0,06;R
ES0000000000001872CCPF;12/08/2023;2;0,055;R
ES0000000000001872CCPF;12/08/2023;3;0,052;R
ES0000000000001872CCPF;12/08/2023;4;0,06;R
ES0000000000001872CCPF;12/08/2023;5;0,063;R
ES0000000000001872CCPF;12/08/2023;6;0,062;R
ES0000000000001872CCPF;12/08/2023;7;0,059;R
ES0000000000001872CCPF;12/08/2023;8;0,053;R
ES0000000000001872CCPF;12/08/2023;9;0,098;R
ES0000000000001872CCPF;12/08/2023;10;0,102;R
ES0000000000001872CCPF;12/08/2023;11;0,064;R
ES0000000000001872CCPF;12/08/2023;12;0,072;R
ES0000000000001872CCPF;12/08/2023;13;0,06;R
ES0000000000001872CCPF;12/08/2023;14;0,063;R
ES0000000000001872CCPF;12/08/2023;15;0,067;R
ES0000000000001872CCPF;12/08/2023;16;0,055;R
ES0000000000001872CCPF;12/08/2023;17;0,054;R
ES0000000000001872CCPF;12/08/2023;18;0,063;R
ES0000000000001872CCPF;12/08/2023;19;0,072;R
ES0000000000001872CCPF;12/08/2023;20;0,062;R
ES0000000000001872CCPF;12/08/2023;21;0,066;R
ES0000000000001872CCPF;12/08/2023;22;0,06;R
ES0000000000001872CCPF;12/08/2023;23;0,063;R
ES0000000000001872CCPF;13/08/2023;0;0,054;R
ES0000000000001872CCPF;13/08/2023;1;0,066;R
ES0000000000001872CCPF;13/08/2023;2;0,065;R
ES0000000000001872CCPF;13/08/2023;3;0,063;R
ES0000000000001872CCPF;13/08/2023;4;0,055;R
ES0000000000001872CCPF;13/08/2023;5;0,054;R
ES0000000000001872CCPF;13/08/2023;6;0,069;R
ES0000000000001872CCPF;13/08/2023;7;0,059;R
ES0000000000001872CCPF;13/08/2023;8;0,061;R
ES0000000000001872CCPF;13/08/2023;9;0,054;R
ES0000000000001872CCPF;13/08/2023;10;0,053;R
ES0000000000001872CCPF;13/08/2023;11;0,068;R
ES0000000000001872CCPF;13/08/2023;12;0,051;R
ES0000000000001872CCPF;13/08/2023;13;0,059;R
ES0000000000001872CCPF;13/08/2023;14;0,066;R
ES0000000000001872CCPF;13/08/2023;15;0,059;R
ES0000000000001872CCPF;13/08/2023;16;0,054;R
ES0000000000001872CCPF;13/08/2023;17;0,053;R
ES0000000000001872CCPF;13/08/2023;18;0,069;R
ES0000000000001872CCPF;13/08/2023;19;0,061;R
ES0000000000001872CCPF;13/08/2023;20;0,07;R
ES0000000000001872CCPF;13/08/2023;21;0,058;R
ES0000000000001872CCPF;13/08/2023;22;0,053;R
ES0000000000001872CCPF;13/08/2023;23;0,059;R
ES0000000000001872CCPF;14/08/2023;0;0,064;R
ES0000000000001872CCPF;14/08/2023;1;0,065;R
ES0000000000001872CCPF;14/08/2023;2;0,061;R
ES0000000000001872CCPF;14/08/2023;3;0,051;R
ES0000000000001872CCPF;14/08/2023;4;0,051;R
ES0000000000001872CCPF;14/08/2023;5;0,063;R
ES0000000000001872CCPF;14/08/2023;6;0,062;R
ES0000000000001872CCPF;14/08/2023;7;0,054;R
ES0000000000001872CCPF;14/08/2023;8;0,047;R
ES0000000000001872CCPF;14/08/2023;9;0,07;R
ES0000000000001872CCPF;14/08/2023;10;0,056;R
ES0000000000001872CCPF;14/08/2023;11;0,049;R
ES0000000000001872CCPF;14/08/2023;12;0,05;R
ES0000000000001872CCPF;14/08/2023;13;0,064;R
ES0000000000001872CCPF;14/08/2023;14;0,06;R
ES0000000000001872CCPF;14/08/2023;15;0,049;R
ES0000000000001872CCPF;14/08/2023;16;0,053;R
ES0000000000001872CCPF;14/08/2023;17;0,061;R
ES0000000000001872CCPF;14/08/2023;18;0,065;R
ES0000000000001872CCPF;14/08/2023;19;0,062;R
ES0000000000001872CCPF;14/08/2023;20;0,053;R
ES0000000000001872CCPF;14/08/2023;21;0,061;R
ES0000000000001872CCPF;14/08/2023;22;0,06;R
ES0000000000001872CCPF;14/08/2023;23;0,061;R
ES0000000000001872CCPF;15/08/2023;0;0,064;R
ES0000000000001872CCPF;15/08/2023;1;0,06;R
ES0000000000001872CCPF;15/08/2023;2;0,05;R
ES0000000000001872CCPF;15/08/2023;3;0,051;R
ES0000000000001872CCPF;15/08/2023;4;0,062;R
ES0000000000001872CCPF;15/08/2023;5;0,061;R
ES0000000000001872CCPF;15/08/2023;6;0,057;R
ES0000000000001872CCPF;15/08/2023;7;0,048;R
ES0000000000001872CCPF;15/08/2023;8;0,054;R
ES0000000000001872CCPF;15/08/2023;9;0,062;R
ES0000000000001872CCPF;15/08/2023;10;0,062;R
ES0000000000001872CCPF;15/08/2023;11;0,13;R
ES0000000000001872CCPF;15/08/2023;12;0,067;R
ES0000000000001872CCPF;15/08/2023;13;0,062;R
ES0000000000001872CCPF;15/08/2023;14;0,059;R
ES0000000000001872CCPF;15/08/2023;15;0,06;R
ES0000000000001872CCPF;15/08/2023;16;0,064;R
ES0000000000001872CCPF;15/08/2023;17;0,062;R
ES0000000000001872CCPF;15/08/2023;18;0,048;R
ES0000000000001872CCPF;15/08/2023;19;0,067;R
ES0000000000001872CCPF;15/08/2023;20;0,059;R
ES0000000000001872CCPF;15/08/2023;21;0,068;R
ES0000000000001872CCPF;15/08/2023;22;0,06;R
ES0000000000001872CCPF;15/08/2023;23;0,06;R
ES0000000000001872CCPF;16/08/2023;0;0,05;R
ES0000000000001872CCPF;16/08/2023;1;0,059;R
ES0000000000001872CCPF;16/08/2023;2;0,062;R
ES0000000000001872CCPF;16/08/2023;3;0,054;R
ES0000000000001872CCPF;16/08/2023;4;0,052;R
ES0000000000001872CCPF;16/08/2023;5;0,058;R
ES0000000000001872CCPF;16/08/2023;6;0,06;R
ES0000000000001872CCPF;16/08/2023;7;0,068;R
ES0000000000001872CCPF;16/08/2023;8;0,053;R
ES0000000000001872CCPF;16/08/2023;9;0,052;R
ES0000000000001872CCPF;16/08/2023;10;0,043;R
ES0000000000001872CCPF;16/08/2023;11;0,083;R
ES0000000000001872CCPF;16/08/2023;12;0,049;R
ES0000000000001872CCPF;16/08/2023;13;0,059;R
ES0000000000001872CCPF;16/08/2023;14;0,057;R
ES0000000000001872CCPF;16/08/2023;15;0,048;R
ES0000000000001872CCPF;16/08/2023;16;0,066;R
ES0000000000001872CCPF;16/08/2023;17;0,063;R
ES0000000000001872CCPF;16/08/2023;18;0,065;R
ES0000000000001872CCPF;16/08/2023;19;0,048;R
ES0000000000001872CCPF;16/08/2023;20;0,068;R
ES0000000000001872CCPF;16/08/2023;21;0,053;R
ES0000000000001872CCPF;16/08/2023;22;0,06;R
ES0000000000001872CCPF;16/08/2023;23;0,063;R
ES0000000000001872CCPF;17/08/2023;0;0,058;R
ES0000000000001872CCPF;17/08/2023;1;0,047;R
ES0000000000001872CCPF;17/08/2023;2;0,06;R
ES0000000000001872CCPF;17/08/2023;3;0,062;R
ES0000000000001872CCPF;17/08/2023;4;0,061;R
ES0000000000001872CCPF;17/08/2023;5;0,049;R
ES0000000000001872CCPF;17/08/2023;6;0,051;R
ES0000000000001872CCPF;17/08/2023;7;0,061;R
ES0000000000001872CCPF;17/08/2023;8;0,062;R
ES0000000000001872CCPF;17/08/2023;9;0,049;R
ES0000000000001872CCPF;17/08/2023;10;0,051;R
ES0000000000001872CCPF;17/08/2023;11;0,067;R
ES0000000000001872CCPF;17/08/2023;12;0,054;R
ES0000000000001872CCPF;17/08/2023;13;0,059;R
ES0000000000001872CCPF;17/08/2023;14;0,05;R
ES0000000000001872CCPF;17/08/2023;15;0,05;R
ES0000000000001872CCPF;17/08/2023;16;0,061;R
ES0000000000001872CCPF;17/08/2023;17;0,061;R
ES0000000000001872CCPF;17/08/2023;18;0,063;R
ES0000000000001872CCPF;17/08/2023;19;0,065;R
ES0000000000001872CCPF;17/08/2023;20;0,057;R
ES0000000000001872CCPF;17/08/2023;21;0,059;R
ES0000000000001872CCPF;17/08/2023;22;0,069;R
ES0000000000001872CCPF;17/08/2023;23;0,064;R
ES0000000000001872CCPF;18/08/2023;0;0,056;R
ES0000000000001872CCPF;18/08/2023;1;0,05;R
ES0000000000001872CCPF;18/08/2023;2;0,056;R
ES0000000000001872CCPF;18/08/2023;3;0,063;R
ES0000000000001872CCPF;18/08/2023;4;0,061;R
ES0000000000001872CCPF;18/08/2023;5;0,05;R
ES0000000000001872CCPF;18/08/2023;6;0,049;R
ES0000000000001872CCPF;18/08/2023;7;0,062;R
ES0000000000001872CCPF;18/08/2023;8;0,06;R
ES0000000000001872CCPF;18/08/2023;9;0,058;R
ES0000000000001872CCPF;18/08/2023;10;0,058;R
ES0000000000001872CCPF;18/08/2023;11;0,065;R
ES0000000000001872CCPF;18/08/2023;12;0,118;R
ES0000000000001872CCPF;18/08/2023;13;0,075;R
ES0000000000001872CCPF;18/08/2023;14;0,06;R
ES0000000000001872CCPF;18/08/2023;15;0,051;R
ES0000000000001872CCPF;18/08/2023;16;0,065;R
ES0000000000001872CCPF;18/08/2023;17;0,061;R
ES0000000000001872CCPF;18/08/2023;18;0,069;R
ES0000000000001872CCPF;18/08/2023;19;0,064;R
ES0000000000001872CCPF;18/08/2023;20;0,089;R
ES0000000000001872CCPF;18/08/2023;21;0,11;R
ES0000000000001872CCPF;18/08/2023;22;0,065;R
ES0000000000001872CCPF;18/08/2023;23;0,07;R
ES0000000000001872CCPF;19/08/2023;0;0,057;R
ES0000000000001872CCPF;19/08/2023;1;0,058;R
ES0000000000001872CCPF;19/08/2023;2;0,051;R
ES0000000000001872CCPF;19/08/2023;3;0,064;R
ES0000000000001872CCPF;19/08/2023;4;0,062;R
ES0000000000001872CCPF;19/08/2023;5;0,056;R
ES0000000000001872CCPF;19/08/2023;6;0,049;R
ES0000000000001872CCPF;19/08/2023;7;0,055;R
ES0000000000001872CCPF;19/08/2023;8;0,063;R
ES0000000000001872CCPF;19/08/2023;9;0,057;R
ES0000000000001872CCPF;19/08/2023;10;0,047;R
ES0000000000001872CCPF;19/08/2023;11;0,057;R
ES0000000000001872CCPF;19/08/2023;12;0,061;R
ES0000000000001872CCPF;19/08/2023;13;0,057;R
ES0000000000001872CCPF;19/08/2023;14;0,052;R
ES0000000000001872CCPF;19/08/2023;15;0,059;R
ES0000000000001872CCPF;19/08/2023;16;0,056;R
ES0000000000001872CCPF;19/08/2023;17;0,062;R
ES0000000000001872CCPF;19/08/2023;18;0,065;R
ES0000000000001872CCPF;19/08/2023;19;0,073;R
ES0000000000001872CCPF;19/08/2023;20;0,056;R
ES0000000000001872CCPF;19/08/2023;21;0,05;R
ES0000000000001872CCPF;19/08/2023;22;0,062;R
ES0000000000001872CCPF;19/08/2023;23;0,059;R
ES0000000000001872CCPF;20/08/2023;0;0,065;R
ES0000000000001872CCPF;20/08/2023;1;0,06;R
ES0000000000001872CCPF;20/08/2023;2;0,046;R
ES0000000000001872CCPF;20/08/2023;3;0,06;R
ES0000000000001872CCPF;20/08/2023;4;0,062;R
ES0000000000001872CCPF;20/08/2023;5;0,058;R
ES0000000000001872CCPF;20/08/2023;6;0,046;R
ES0000000000001872CCPF;20/08/2023;7;0,058;R
ES0000000000001872CCPF;20/08/2023;8;0,061;R
ES0000000000001872CCPF;20/08/2023;9;0,054;R
ES0000000000001872CCPF;20/08/2023;10;0,056;R
ES0000000000001872CCPF;20/08/2023;11;0,065;R
ES0000000000001872CCPF;20/08/2023;12;0,048;R
ES0000000000001872CCPF;20/08/2023;13;0,062;R
ES0000000000001872CCPF;20/08/2023;14;0,067;R
ES0000000000001872CCPF;20/08/2023;15;0,061;R
ES0000000000001872CCPF;20/08/2023;16;0,056;R
ES0000000000001872CCPF;20/08/2023;17;0,055;R
ES0000000000001872CCPF;20/08/2023;18;0,063;R
ES0000000000001872CCPF;20/08/2023;19;0,064;R
ES0000000000001872CCPF;20/08/2023;20;0,05;R
ES0000000000001872CCPF;20/08/2023;21;0,061;R
ES0000000000001872CCPF;20/08/2023;22;0,058;R
ES0000000000001872CCPF;20/08/2023;23;0,068;R
ES0000000000001872CCPF;21/08/2023;0;0,061;R
ES0000000000001872CCPF;21/08/2023;1;0,063;R
ES0000000000001872CCPF;21/08/2023;2;0,058;R
ES0000000000001872CCPF;21/08/2023;3;0,052;R
ES0000000000001872CCPF;21/08/2023;4;0,052;R
ES0000000000001872CCPF;21/08/2023;5;0,062;R
ES0000000000001872CCPF;21/08/2023;6;0,062;R
ES0000000000001872CCPF;21/08/2023;7;0,06;R
ES0000000000001872CCPF;21/08/2023;8;0,057;R
ES0000000000001872CCPF;21/08/2023;9;0,053;R
ES0000000000001872CCPF;21/08/2023;10;0,054;R
ES0000000000001872CCPF;21/08/2023;11;0,058;R
ES0000000000001872CCPF;21/08/2023;12;0,062;R
ES0000000000001872CCPF;21/08/2023;13;0,062;R
ES0000000000001872CCPF;21/08/2023;14;0,058;R
ES0000000000001872CCPF;21/08/2023;15;0,053;R
ES0000000000001872CCPF;21/08/2023;16;0,055;R
ES0000000000001872CCPF;21/08/2023;17;0,063;R
ES0000000000001872CCPF;21/08/2023;18;0,068;R
ES0000000000001872CCPF;21/08/2023;19;0,062;R
ES0000000000001872CCPF;21/08/2023;20;0,066;R
ES0000000000001872CCPF;21/08/2023;21;0,129;R
ES0000000000001872CCPF;21/08/2023;22;0,095;R
ES0000000000001872CCPF;21/08/2023;23;0,066;R
ES0000000000001872CCPF;22/08/2023;0;0,071;R
ES0000000000001872CCPF;22/08/2023;1;0,059;R
ES0000000000001872CCPF;22/08/2023;2;0,067;R
ES0000000000001872CCPF;22/08/2023;3;0,066;R
ES0000000000001872CCPF;22/08/2023;4;0,061;R
ES0000000000001872CCPF;22/08/2023;5;0,054;R
ES0000000000001872CCPF;22/08/2023;6;0,063;R
ES0000000000001872CCPF;22/08/2023;7;0,065;R
ES0000000000001872CCPF;22/08/2023;8;0,069;R
ES0000000000001872CCPF;22/08/2023;9;0,052;R
ES0000000000001872CCPF;22/08/2023;10;0,057;R
ES0000000000001872CCPF;22/08/2023;11;0,062;R
ES0000000000001872CCPF;22/08/2023;12;0,065;R
ES0000000000001872CCPF;22/08/2023;13;0,054;R
ES0000000000001872CCPF;22/08/2023;14;0,052;R
ES0000000000001872CCPF;22/08/2023;15;0,067;R
ES0000000000001872CCPF;22/08/2023;16;0,063;R
ES0000000000001872CCPF;22/08/2023;17;0,071;R
ES0000000000001872CCPF;22/08/2023;18;0,063;R
ES0000000000001872CCPF;22/08/2023;19;0,054;R
ES0000000000001872CCPF;22/08/2023;20;0,068;R
ES0000000000001872CCPF;22/08/2023;21;0,064;R
ES0000000000001872CCPF;22/08/2023;22;0,071;R
ES0000000000001872CCPF;22/08/2023;23;0,065;R
ES0000000000001872CCPF;23/08/2023;0;0,065;R
ES0000000000001872CCPF;23/08/2023;1;0,066;R
ES0000000000001872CCPF;23/08/2023;2;0,059;R
ES0000000000001872CCPF;23/08/2023;3;0,05;R
ES0000000000001872CCPF;23/08/2023;4;0,064;R
ES0000000000001872CCPF;23/08/2023;5;0,064;R
ES0000000000001872CCPF;23/08/2023;6;0,065;R
ES0000000000001872CCPF;23/08/2023;7;0,06;R
ES0000000000001872CCPF;23/08/2023;8;0,049;R
ES0000000000001872CCPF;23/08/2023;9;0,06;R
ES0000000000001872CCPF;23/08/2023;10;0,063;R
ES0000000000001872CCPF;23/08/2023;11;0,06;R
ES0000000000001872CCPF;23/08/2023;12;0,05;R
ES0000000000001872CCPF;23/08/2023;13;0,065;R
ES0000000000001872CCPF;23/08/2023;14;0,066;R
ES0000000000001872CCPF;23/08/2023;15;0,063;R
ES0000000000001872CCPF;23/08/2023;16;0,061;R
ES0000000000001872CCPF;23/08/2023;17;0,061;R
ES0000000000001872CCPF;23/08/2023;18;0,059;R
ES0000000000001872CCPF;23/08/2023;19;0,137;R
ES0000000000001872CCPF;23/08/2023;20;0,138;R
ES0000000000001872CCPF;23/08/2023;21;0,135;R
ES0000000000001872CCPF;23/08/2023;22;0,141;R
ES0000000000001872CCPF;23/08/2023;23;0,111;R
ES0000000000001872CCPF;24/08/2023;0;0,066;R
ES0000000000001872CCPF;24/08/2023;1;0,071;R
ES0000000000001872CCPF;24/08/2023;2;0,068;R
ES0000000000001872CCPF;24/08/2023;3;0,125;R
ES0000000000001872CCPF;24/08/2023;4;0,094;R
ES0000000000001872CCPF;24/08/2023;5;0,063;R
ES0000000000001872CCPF;24/08/2023;6;0,069;R
ES0000000000001872CCPF;24/08/2023;7;0,09;R
ES0000000000001872CCPF;24/08/2023;8;0,063;R
ES0000000000001872CCPF;24/08/2023;9;0,061;R
ES0000000000001872CCPF;24/08/2023;10;0,059;R
ES0000000000001872CCPF;24/08/2023;11;0,064;R
ES0000000000001872CCPF;24/08/2023;12;0,125;R
ES0000000000001872CCPF;24/08/2023;13;0,093;R
ES0000000000001872CCPF;24/08/2023;14;0,064;R
ES0000000000001872CCPF;24/08/2023;15;0,072;R
ES0000000000001872CCPF;24/08/2023;16;0,052;R
ES0000000000001872CCPF;24/08/2023;17;0,069;R
ES0000000000001872CCPF;24/08/2023;18;0,063;R
ES0000000000001872CCPF;24/08/2023;19;0,076;R
ES0000000000001872CCPF;24/08/2023;20;0,106;R
ES0000000000001872CCPF;24/08/2023;21;0,165;R
ES0000000000001872CCPF;24/08/2023;22;0,139;R
ES0000000000001872CCPF;24/08/2023;23;0,092;R
ES0000000000001872CCPF;25/08/2023;0;0,075;R
ES0000000000001872CCPF;25/08/2023;1;0,07;R
ES0000000000001872CCPF;25/08/2023;2;0,067;R
ES0000000000001872CCPF;25/08/2023;3;0,066;R
ES0000000000001872CCPF;25/08/2023;4;0,066;R
ES0000000000001872CCPF;25/08/2023;5;0,093;R
ES0000000000001872CCPF;25/08/2023;6;0,1;R
ES0000000000001872CCPF;25/08/2023;7;0,11;R
ES0000000000001872CCPF;25/08/2023;8;0,058;R
ES0000000000001872CCPF;25/08/2023;9;0,067;R
ES0000000000001872CCPF;25/08/2023;10;0,066;R
ES0000000000001872CCPF;25/08/2023;11;0,068;R
ES0000000000001872CCPF;25/08/2023;12;0,063;R
ES0000000000001872CCPF;25/08/2023;13;0,048;R
ES0000000000001872CCPF;25/08/2023;14;0,123;R
ES0000000000001872CCPF;25/08/2023;15;0,089;R
ES0000000000001872CCPF;25/08/2023;16;0,089;R
ES0000000000001872CCPF;25/08/2023;17;0,063;R
ES0000000000001872CCPF;25/08/2023;18;0,065;R
ES0000000000001872CCPF;25/08/2023;19;0,081;R
ES0000000000001872CCPF;25/08/2023;20;0,147;R
ES0000000000001872CCPF;25/08/2023;21;0,133;R
ES0000000000001872CCPF;25/08/2023;22;0,195;R
ES0000000000001872CCPF;25/08/2023;23;0,146;R
ES0000000000001872CCPF;26/08/2023;0;0,091;R
ES0000000000001872CCPF;26/08/2023;1;0,083;R
ES0000000000001872CCPF;26/08/2023;2;0,065;R
ES0000000000001872CCPF;26/08/2023;3;0,071;R
ES0000000000001872CCPF;26/08/2023;4;0,072;R
ES0000000000001872CCPF;26/08/2023;5;0,075;R
ES0000000000001872CCPF;26/08/2023;6;0,07;R
ES0000000000001872CCPF;26/08/2023;7;0,133;R
ES0000000000001872CCPF;26/08/2023;8;0,097;R
ES0000000000001872CCPF;26/08/2023;9;0,071;R
ES0000000000001872CCPF;26/08/2023;10;0,102;R
ES0000000000001872CCPF;26/08/2023;11;0,109;R
ES0000000000001872CCPF;26/08/2023;12;0,116;R
ES0000000000001872CCPF;26/08/2023;13;0,118;R
ES0000000000001872CCPF;26/08/2023;14;0,253;R
ES0000000000001872CCPF;26/08/2023;15;0,175;R
ES0000000000001872CCPF;26/08/2023;16;0,157;R
ES0000000000001872CCPF;26/08/2023;17;0,125;R
ES0000000000001872CCPF;26/08/2023;18;0,098;R
ES0000000000001872CCPF;26/08/2023;19;0,072;R
ES0000000000001872CCPF;26/08/2023;20;0,119;R
ES0000000000001872CCPF;26/08/2023;21;0,119;R
ES0000000000001872CCPF;26/08/2023;22;0,118;R
ES0000000000001872CCPF;26/08/2023;23;0,105;R
ES0000000000001872CCPF;27/08/2023;0;0,169;R
ES0000000000001872CCPF;27/08/2023;1;0,101;R
ES0000000000001872CCPF;27/08/2023;2;0,06;R
ES0000000000001872CCPF;27/08/2023;3;0,067;R
ES0000000000001872CCPF;27/08/2023;4;0,059;R
ES0000000000001872CCPF;27/08/2023;5;0,059;R
ES0000000000001872CCPF;27/08/2023;6;0,049;R
ES0000000000001872CCPF;27/08/2023;7;0,057;R
ES0000000000001872CCPF;27/08/2023;8;0,05;R
ES0000000000001872CCPF;27/08/2023;9;0,059;R
ES0000000000001872CCPF;27/08/2023;10;0,13;R
ES0000000000001872CCPF;27/08/2023;11;0,115;R
ES0000000000001872CCPF;27/08/2023;12;0,076;R
ES0000000000001872CCPF;27/08/2023;13;0,07;R
ES0000000000001872CCPF;27/08/2023;14;0,099;R
ES0000000000001872CCPF;27/08/2023;15;0,072;R
ES0000000000001872CCPF;27/08/2023;16;0,062;R
ES0000000000001872CCPF;27/08/2023;17;0,073;R
ES0000000000001872CCPF;27/08/2023;18;0,1;R
ES0000000000001872CCPF;27/08/2023;19;0,127;R
ES0000000000001872CCPF;27/08/2023;20;0,186;R
ES0000000000001872CCPF;27/08/2023;21;0,137;R
ES0000000000001872CCPF;27/08/2023;22;0,131;R
ES0000000000001872CCPF;27/08/2023;23;0,134;R
ES0000000000001872CCPF;28/08/2023;0;0,108;R
ES0000000000001872CCPF;28/08/2023;1;0,071;R
ES0000000000001872CCPF;28/08/2023;2;0,05;R
ES0000000000001872CCPF;28/08/2023;3;0,054;R
ES0000000000001872CCPF;28/08/2023;4;0,061;R
ES0000000000001872CCPF;28/08/2023;5;0,086;R
ES0000000000001872CCPF;28/08/2023;6;0,099;R
ES0000000000001872CCPF;28/08/2023;7;0,084;R
ES0000000000001872CCPF;28/08/2023;8;0,064;R
ES0000000000001872CCPF;28/08/2023;9;0,053;R
ES0000000000001872CCPF;28/08/2023;10;0,043;R
ES0000000000001872CCPF;28/08/2023;11;0,061;R
ES0000000000001872CCPF;28/08/2023;12;0,05;R
ES0000000000001872CCPF;28/08/2023;13;0,05;R
ES0000000000001872CCPF;28/08/2023;14;0,052;R
ES0000000000001872CCPF;28/08/2023;15;0,058;R
ES0000000000001872CCPF;28/08/2023;16;0,123;R
ES0000000000001872CCPF;28/08/2023;17;0,07;R
ES0000000000001872CCPF;28/08/2023;18;0,062;R
ES0000000000001872CCPF;28/08/2023;19;0,061;R
ES0000000000001872CCPF;28/08/2023;20;0,045;R
ES0000000000001872CCPF;28/08/2023;21;0,058;R
ES0000000000001872CCPF;28/08/2023;22;0,059;R
ES0000000000001872CCPF;28/08/2023;23;0,046;R
ES0000000000001872CCPF;29/08/2023;0;0,058;R
ES0000000000001872CCPF;29/08/2023;1;0,055;R
ES0000000000001872CCPF;29/08/2023;2;0,054;R
ES0000000000001872CCPF;29/08/2023;3;0,049;R
ES0000000000001872CCPF;29/08/2023;4;0,059;R
ES0000000000001872CCPF;29/08/2023;5;0,046;R
ES0000000000001872CCPF;29/08/2023;6;0,05;R
ES0000000000001872CCPF;29/08/2023;7;0,048;R
ES0000000000001872CCPF;29/08/2023;8;0,058;R
ES0000000000001872CCPF;29/08/2023;9;0,055;R
ES0000000000001872CCPF;29/08/2023;10;0,045;R
ES0000000000001872CCPF;29/08/2023;11;0,05;R
ES0000000000001872CCPF;29/08/2023;12;0,047;R
ES0000000000001872CCPF;29/08/2023;13;0,048;R
ES0000000000001872CCPF;29/08/2023;14;0,055;R
ES0000000000001872CCPF;29/08/2023;15;0,054;R
ES0000000000001872CCPF;29/08/2023;16;0,046;R
ES0000000000001872CCPF;29/08/2023;17;0,048;R
ES0000000000001872CCPF;29/08/2023;18;0,055;R
ES0000000000001872CCPF;29/08/2023;19;0,053;R
ES0000000000001872CCPF;29/08/2023;20;0,044;R
ES0000000000001872CCPF;29/08/2023;21;0,057;R
ES0000000000001872CCPF;29/08/2023;22;0,052;R
ES0000000000001872CCPF;29/08/2023;23;0,048;R
ES0000000000001872CCPF;30/08/2023;0;0,056;R
ES0000000000001872CCPF;30/08/2023;1;0,056;R
ES0000000000001872CCPF;30/08/2023;2;0,055;R
ES0000000000001872CCPF;30/08/2023;3;0,043;R
ES0000000000001872CCPF;30/08/2023;4;0,047;R
ES0000000000001872CCPF;30/08/2023;5;0,063;R
ES0000000000001872CCPF;30/08/2023;6;0,045;R
ES0000000000001872CCPF;30/08/2023;7;0,044;R
ES0000000000001872CCPF;30/08/2023;8;0,048;R
ES0000000000001872CCPF;30/08/2023;9;0,048;R
ES0000000000001872CCPF;30/08/2023;10;0,057;R
ES0000000000001872CCPF;30/08/2023;11;0,041;R
ES0000000000001872CCPF;30/08/2023;12;0,058;R
ES0000000000001872CCPF;30/08/2023;13;0,037;R
ES0000000000001872CCPF;30/08/2023;14;0,055;R
ES0000000000001872CCPF;30/08/2023;15;0,054;R
ES0000000000001872CCPF;30/08/2023;16;0,047;R
ES0000000000001872CCPF;30/08/2023;17;0,044;R
ES0000000000001872CCPF;30/08/2023;18;0,057;R
ES0000000000001872CCPF;30/08/2023;19;0,048;R
ES0000000000001872CCPF;30/08/2023;20;0,056;R
ES0000000000001872CCPF;30/08/2023;21;0,053;R
ES0000000000001872CCPF;30/08/2023;22;0,049;R
ES0000000000001872CCPF;30/08/2023;23;0,045;R
ES0000000000001872CCPF;31/08/2023;0;0,058;R
ES0000000000001872CCPF;31/08/2023;1;0,046;R
ES0000000000001872CCPF;31/08/2023;2;0,045;R
ES0000000000001872CCPF;31/08/2023;3;0,054;R
ES0000000000001872CCPF;31/08/2023;4;0,06;R
ES0000000000001872CCPF;31/08/2023;5;0,048;R
ES0000000000001872CCPF;31/08/2023;6;0,037;R
ES0000000000001872CCPF;31/08/2023;7;0,058;R
ES0000000000001872CCPF;31/08/2023;8;0,05;R
ES0000000000001872CCPF;31/08/2023;9;0,048;R
ES0000000000001872CCPF;31/08/2023;10;0,041;R
ES0000000000001872CCPF;31/08/2023;11;0,048;R
ES0000000000001872CCPF;31/08/2023;12;0,058;R
ES0000000000001872CCPF;31/08/2023;13;0,044;R
ES0000000000001872CCPF;31/08/2023;14;0,044;R
ES0000000000001872CCPF;31/08/2023;15;0,06;R
ES0000000000001872CCPF;31/08/2023;16;0,043;R
ES0000000000001872CCPF;31/08/2023;17;0,123;R
ES0000000000001872CCPF;31/08/2023;18;0,064;R
ES0000000000001872CCPF;31/08/2023;19;0,061;R
ES0000000000001872CCPF;31/08/2023;20;0,057;R
ES0000000000001872CCPF;31/08/2023;21;0,05;R
ES0000000000001872CCPF;31/08/2023;22;0,051;R
ES0000000000001872CCPF;31/08/2023;23;0,048;R
ES0000000000001872CCPF;01/09/2023;0;0,064;R
ES0000000000001872CCPF;01/09/2023;1;0,05;R
ES0000000000001872CCPF;01/09/2023;2;0,05;R
ES0000000000001872CCPF;01/09/2023;3;0,049;R
ES0000000000001872CCPF;01/09/2023;4;0,056;R
ES0000000000001872CCPF;01/09/2023;5;0,043;R
ES0000000000001872CCPF;01/09/2023;6;0,051;R
ES0000000000001872CCPF;01/09/2023;7;0,047;R
ES0000000000001872CCPF;01/09/2023;8;0,059;R
ES0000000000001872CCPF;01/09/2023;9;0,049;R
ES0000000000001872CCPF;01/09/2023;10;0,046;R
ES0000000000001872CCPF;01/09/2023;11;0,047;R
ES0000000000001872CCPF;01/09/2023;12;0,053;R
ES0000000000001872CCPF;01/09/2023;13;0,05;R
ES0000000000001872CCPF;01/09/2023;14;0,044;R
ES0000000000001872CCPF;01/09/2023;15;0,056;R
ES0000000000001872CCPF;01/09/2023;16;0,05;R
ES0000000000001872CCPF;01/09/2023;17;0,046;R
ES0000000000001872CCPF;01/09/2023;18;0,05;R
ES0000000000001872CCPF;01/09/2023;19;0,059;R
ES0000000000001872CCPF;01/09/2023;20;0,056;R
ES0000000000001872CCPF;01/09/2023;21;0,047;R
ES0000000000001872CCPF;01/09/2023;22;0,054;R
ES0000000000001872CCPF;01/09/2023;23;0,049;R
ES0000000000001872CCPF;02/09/2023;0;0,062;R
ES0000000000001872CCPF;02/09/2023;1;0,039;R
ES0000000000001872CCPF;02/09/2023;2;0,057;R
ES0000000000001872CCPF;02/09/2023;3;0,052;R
ES0000000000001872CCPF;02/09/2023;4;0,046;R
ES0000000000001872CCPF;02/09/2023;5;0,055;R
ES0000000000001872CCPF;02/09/2023;6;0,048;R
ES0000000000001872CCPF;02/09/2023;7;0,045;R
ES0000000000001872CCPF;02/09/2023;8;0,057;R
ES0000000000001872CCPF;02/09/2023;9;0,063;R
ES0000000000001872CCPF;02/09/2023;10;0,043;R
ES0000000000001872CCPF;02/09/2023;11;0,049;R
ES0000000000001872CCPF;02/09/2023;12;0,045;R
ES0000000000001872CCPF;02/09/2023;13;0,048;R
ES0000000000001872CCPF;02/09/2023;14;0,053;R
ES0000000000001872CCPF;02/09/2023;15;0,046;R
ES0000000000001872CCPF;02/09/2023;16;0,059;R
ES0000000000001872CCPF;02/09/2023;17;0,061;R
ES0000000000001872CCPF;02/09/2023;18;0,138;R
ES0000000000001872CCPF;02/09/2023;19;0,089;R
ES0000000000001872CCPF;02/09/2023;20;0,065;R
ES0000000000001872CCPF;02/09/2023;21;0,067;R
ES0000000000001872CCPF;02/09/2023;22;0,123;R
ES0000000000001872CCPF;02/09/2023;23;0,13;R
ES0000000000001872CCPF;03/09/2023;0;0,109;R
ES0000000000001872CCPF;03/09/2023;1;0,056;R
ES0000000000001872CCPF;03/09/2023;2;0,137;R
ES0000000000001872CCPF;03/09/2023;3;0,097;R
ES0000000000001872CCPF;03/09/2023;4;0,065;R
ES0000000000001872CCPF;03/09/2023;5;0,067;R
ES0000000000001872CCPF;03/09/2023;6;0,054;R
ES0000000000001872CCPF;03/09/2023;7;0,052;R
ES0000000000001872CCPF;03/09/2023;8;0,065;R
ES0000000000001872CCPF;03/09/2023;9;0,061;R
ES0000000000001872CCPF;03/09/2023;10;0,097;R
ES0000000000001872CCPF;03/09/2023;11;0,074;R
ES0000000000001872CCPF;03/09/2023;12;0,075;R
ES0000000000001872CCPF;03/09/2023;13;0,175;R
ES0000000000001872CCPF;03/09/2023;14;0,127;R
ES0000000000001872CCPF;03/09/2023;15;0,106;R
ES0000000000001872CCPF;03/09/2023;16;0,154;R
ES0000000000001872CCPF;03/09/2023;17;0,466;R
ES0000000000001872CCPF;03/09/2023;18;0,174;R
ES0000000000001872CCPF;03/09/2023;19;0,783;R
ES0000000000001872CCPF;03/09/2023;20;0,571;R
ES0000000000001872CCPF;03/09/2023;21;0,114;R
ES0000000000001872CCPF;03/09/2023;22;0,151;R
ES0000000000001872CCPF;03/09/2023;23;0,154;R
ES0000000000001872CCPF;04/09/2023;0;0,125;R
ES0000000000001872CCPF;04/09/2023;1;0,088;R
ES0000000000001872CCPF;04/09/2023;2;0,066;R
ES0000000000001872CCPF;04/09/2023;3;0,073;R
ES0000000000001872CCPF;04/09/2023;4;0,059;R
ES0000000000001872CCPF;04/09/2023;5;0,048;R
ES0000000000001872CCPF;04/09/2023;6;0,052;R
ES0000000000001872CCPF;04/09/2023;7;0,06;R
ES0000000000001872CCPF;04/09/2023;8;0,058;R
ES0000000000001872CCPF;04/09/2023;9;0,049;R
ES0000000000001872CCPF;04/09/2023;10;0,057;R
ES0000000000001872CCPF;04/09/2023;11;0,055;R
ES0000000000001872CCPF;04/09/2023;12;0,163;R
ES0000000000001872CCPF;04/09/2023;13;0,089;R
ES0000000000001872CCPF;04/09/2023;14;0,081;R
ES0000000000001872CCPF;04/09/2023;15;0,058;R
ES0000000000001872CCPF;04/09/2023;16;0,064;R
ES0000000000001872CCPF;04/09/2023;17;0,057;R
ES0000000000001872CCPF;04/09/2023;18;0,048;R
ES0000000000001872CCPF;04/09/2023;19;0,063;R
ES0000000000001872CCPF;04/09/2023;20;0,06;R
ES0000000000001872CCPF;04/09/2023;21;0,048;R
ES0000000000001872CCPF;04/09/2023;22;0,125;R
ES0000000000001872CCPF;04/09/2023;23;0,135;R
ES0000000000001872CCPF;05/09/2023;0;0,067;R
ES0000000000001872CCPF;05/09/2023;1;0,056;R
ES0000000000001872CCPF;05/09/2023;2;0,063;R
ES0000000000001872CCPF;05/09/2023;3;0,057;R
ES0000000000001872CCPF;05/09/2023;4;0,046;R
ES0000000000001872CCPF;05/09/2023;5;0,057;R
ES0000000000001872CCPF;05/09/2023;6;0,09;R
ES0000000000001872CCPF;05/09/2023;7;0,063;R
ES0000000000001872CCPF;05/09/2023;8;0,054;R
ES0000000000001872CCPF;05/09/2023;9;0,12;R
ES0000000000001872CCPF;05/09/2023;10;0,094;R
ES0000000000001872CCPF;05/09/2023;11;0,087;R
ES0000000000001872CCPF;05/09/2023;12;0,049;R
ES0000000000001872CCPF;05/09/2023;13;0,063;R
ES0000000000001872CCPF;05/09/2023;14;0,185;R
ES0000000000001872CCPF;05/09/2023;15;0,126;R
ES0000000000001872CCPF;05/09/2023;16;0,058;R
ES0000000000001872CCPF;05/09/2023;17;0,055;R
ES0000000000001872CCPF;05/09/2023;18;0,067;R
ES0000000000001872CCPF;05/09/2023;19;0,045;R
ES0000000000001872CCPF;05/09/2023;20;0,161;R
ES0000000000001872CCPF;05/09/2023;21;0,143;R
ES0000000000001872CCPF;05/09/2023;22;0,174;R
ES0000000000001872CCPF;05/09/2023;23;0,106;R
ES0000000000001872CCPF;06/09/2023;0;0,073;R
ES0000000000001872CCPF;06/09/2023;1;0,049;R
ES0000000000001872CCPF;06/09/2023;2;0,055;R
ES0000000000001872CCPF;06/09/2023;3;0,062;R
ES0000000000001872CCPF;06/09/2023;4;0,048;R
ES0000000000001872CCPF;06/09/2023;5;0,049;R
ES0000000000001872CCPF;06/09/2023;6;0,06;R
ES0000000000001872CCPF;06/09/2023;7;0,142;R
ES0000000000001872CCPF;06/09/2023;8;0,134;R
ES0000000000001872CCPF;06/09/2023;9;0,131;R
ES0000000000001872CCPF;06/09/2023;10;0,478;R
ES0000000000001872CCPF;06/09/2023;11;0,547;R
ES0000000000001872CCPF;06/09/2023;12;0,053;R
ES0000000000001872CCPF;06/09/2023;13;0,069;R
ES0000000000001872CCPF;06/09/2023;14;0,15;R
ES0000000000001872CCPF;06/09/2023;15;0,264;R
ES0000000000001872CCPF;06/09/2023;16;0,207;R
ES0000000000001872CCPF;06/09/2023;17;0,136;R
ES0000000000001872CCPF;06/09/2023;18;0,126;R
ES0000000000001872CCPF;06/09/2023;19;0,116;R
ES0000000000001872CCPF;06/09/2023;20;0,092;R
ES0000000000001872CCPF;06/09/2023;21;0,058;R
ES0000000000001872CCPF;06/09/2023;22;0,246;R
ES0000000000001872CCPF;06/09/2023;23;0,114;R
ES0000000000001872CCPF;07/09/2023;0;0,157;R
ES0000000000001872CCPF;07/09/2023;1;0,098;R
ES0000000000001872CCPF;07/09/2023;2;0,07;R
ES0000000000001872CCPF;07/09/2023;3;0,054;R
ES0000000000001872CCPF;07/09/2023;4;0,052;R
ES0000000000001872CCPF;07/09/2023;5;0,068;R
ES0000000000001872CCPF;07/09/2023;6;0,056;R
ES0000000000001872CCPF;07/09/2023;7;0,054;R
ES0000000000001872CCPF;07/09/2023;8;0,103;R
ES0000000000001872CCPF;07/09/2023;9;0,119;R
ES0000000000001872CCPF;07/09/2023;10;0,128;R
ES0000000000001872CCPF;07/09/2023;11;0,151;R
ES0000000000001872CCPF;07/09/2023;12;0,109;R
ES0000000000001872CCPF;07/09/2023;13;0,477;R
ES0000000000001872CCPF;07/09/2023;14;0,114;R
ES0000000000001872CCPF;07/09/2023;15;0,08;R
ES0000000000001872CCPF;07/09/2023;16;0,072;R
ES0000000000001872CCPF;07/09/2023;17;0,076;R
ES0000000000001872CCPF;07/09/2023;18;0,091;R
ES0000000000001872CCPF;07/09/2023;19;0,094;R
ES0000000000001872CCPF;07/09/2023;20;0,134;R
ES0000000000001872CCPF;07/09/2023;21;0,092;R
ES0000000000001872CCPF;07/09/2023;22;0,21;R
ES0000000000001872CCPF;07/09/2023;23;0,126;R
ES0000000000001872CCPF;08/09/2023;0;0,1;R
ES0000000000001872CCPF;08/09/2023;1;0,092;R
ES0000000000001872CCPF;08/09/2023;2;0,052;R
ES0000000000001872CCPF;08/09/2023;3;0,062;R
ES0000000000001872CCPF;08/09/2023;4;0,091;R
ES0000000000001872CCPF;08/09/2023;5;0,126;R
ES0000000000001872CCPF;08/09/2023;6;0,098;R
ES0000000000001872CCPF;08/09/2023;7;0,066;R
ES0000000000001872CCPF;08/09/2023;8;0,065;R
ES0000000000001872CCPF;08/09/2023;9;0,046;R
ES0000000000001872CCPF;08/09/2023;10;0,067;R
ES0000000000001872CCPF;08/09/2023;11;0,086;R
ES0000000000001872CCPF;08/09/2023;12;0,094;R
ES0000000000001872CCPF;08/09/2023;13;0,129;R
ES0000000000001872CCPF;08/09/2023;14;0,06;R
ES0000000000001872CCPF;08/09/2023;15;0,129;R
ES0000000000001872CCPF;08/09/2023;16;0,124;R
ES0000000000001872CCPF;08/09/2023;17;0,13;R
ES0000000000001872CCPF;08/09/2023;18;0,112;R
ES0000000000001872CCPF;08/09/2023;19;0,105;R
ES0000000000001872CCPF;08/09/2023;20;0,071;R
ES0000000000001872CCPF;08/09/2023;21;0,067;R
ES0000000000001872CCPF;08/09/2023;22;0,054;R
ES0000000000001872CCPF;08/09/2023;23;0,111;R
ES0000000000001872CCPF;09/09/2023;0;0,204;R
ES0000000000001872CCPF;09/09/2023;1;0,111;R
ES0000000000001872CCPF;09/09/2023;2;0,068;R
ES0000000000001872CCPF;09/09/2023;3;0,069;R
ES0000000000001872CCPF;09/09/2023;4;0,061;R
ES0000000000001872CCPF;09/09/2023;5;0,05;R
ES0000000000001872CCPF;09/09/2023;6;0,064;R
ES0000000000001872CCPF;09/09/2023;7;0,081;R
ES0000000000001872CCPF;09/09/2023;8;0,083;R
ES0000000000001872CCPF;09/09/2023;9;0,068;R
ES0000000000001872CCPF;09/09/2023;10;0,069;R
ES0000000000001872CCPF;09/09/2023;11;0,138;R
ES0000000000001872CCPF;09/09/2023;12;0,135;R
ES0000000000001872CCPF;09/09/2023;13;0,531;R
ES0000000000001872CCPF;09/09/2023;14;0,608;R
ES0000000000001872CCPF;09/09/2023;15;0,104;R
ES0000000000001872CCPF;09/09/2023;16;0,099;R
ES0000000000001872CCPF;09/09/2023;17;0,066;R
ES0000000000001872CCPF;09/09/2023;18;0,067;R
ES0000000000001872CCPF;09/09/2023;19;0,07;R
ES0000000000001872CCPF;09/09/2023;20;0,122;R
ES0000000000001872CCPF;09/09/2023;21;0,101;R
ES0000000000001872CCPF;09/09/2023;22;0,077;R
ES0000000000001872CCPF;09/09/2023;23;0,147;R
ES0000000000001872CCPF;10/09/2023;0;0,116;R
ES0000000000001872CCPF;10/09/2023;1;0,101;R
ES0000000000001872CCPF;10/09/2023;2;0,061;R
ES0000000000001872CCPF;10/09/2023;3;0,056;R
ES0000000000001872CCPF;10/09/2023;4;0,071;R
ES0000000000001872CCPF;10/09/2023;5;0,052;R
ES0000000000001872CCPF;10/09/2023;6;0,133;R
ES0000000000001872CCPF;10/09/2023;7;0,094;R
ES0000000000001872CCPF;10/09/2023;8;0,072;R
ES0000000000001872CCPF;10/09/2023;9;0,068;R
ES0000000000001872CCPF;10/09/2023;10;0,05;R
ES0000000000001872CCPF;10/09/2023;11;0,057;R
ES0000000000001872CCPF;10/09/2023;12;0,118;R
ES0000000000001872CCPF;10/09/2023;13;0,074;R
ES0000000000001872CCPF;10/09/2023;14;0,072;R
ES0000000000001872CCPF;10/09/2023;15;0,055;R
ES0000000000001872CCPF;10/09/2023;16;0,325;R
ES0000000000001872CCPF;10/09/2023;17;0,175;R
ES0000000000001872CCPF;10/09/2023;18;0,13;R
ES0000000000001872CCPF;10/09/2023;19;0,093;R
ES0000000000001872CCPF;10/09/2023;20;0,074;R
ES0000000000001872CCPF;10/09/2023;21;0,057;R
ES0000000000001872CCPF;10/09/2023;22;0,072;R
ES0000000000001872CCPF;10/09/2023;23;0,17;R
ES0000000000001872CCPF;11/09/2023;0;0,181;R
ES0000000000001872CCPF;11/09/2023;1;0,128;R
ES0000000000001872CCPF;11/09/2023;2;0,097;R
ES0000000000001872CCPF;11/09/2023;3;0,069;R
ES0000000000001872CCPF;11/09/2023;4;0,065;R
ES0000000000001872CCPF;11/09/2023;5;0,07;R
ES0000000000001872CCPF;11/09/2023;6;0,057;R
ES0000000000001872CCPF;11/09/2023;7;0,053;R
ES0000000000001872CCPF;11/09/2023;8;0,119;R
ES0000000000001872CCPF;11/09/2023;9;0,1;R
ES0000000000001872CCPF;11/09/2023;10;0,173;R
ES0000000000001872CCPF;11/09/2023;11;0,112;R
ES0000000000001872CCPF;11/09/2023;12;0,074;R
ES0000000000001872CCPF;11/09/2023;13;0,067;R
ES0000000000001872CCPF;11/09/2023;14;0,268;R
ES0000000000001872CCPF;11/09/2023;15;0,115;R
ES0000000000001872CCPF;11/09/2023;16;0,12;R
ES0000000000001872CCPF;11/09/2023;17;0,316;R
ES0000000000001872CCPF;11/09/2023;18;0,103;R
ES0000000000001872CCPF;11/09/2023;19;0,168;R
ES0000000000001872CCPF;11/09/2023;20;0,223;R
ES0000000000001872CCPF;11/09/2023;21;0,084;R
ES0000000000001872CCPF;11/09/2023;22;0,259;R
ES0000000000001872CCPF;11/09/2023;23;0,109;R
ES0000000000001872CCPF;12/09/2023;0;0,104;R
ES0000000000001872CCPF;12/09/2023;1;0,062;R
ES0000000000001872CCPF;12/09/2023;2;0,052;R
ES0000000000001872CCPF;12/09/2023;3;0,057;R
ES0000000000001872CCPF;12/09/2023;4;0,065;R
ES0000000000001872CCPF;12/09/2023;5;0,141;R
ES0000000000001872CCPF;12/09/2023;6;0,091;R
ES0000000000001872CCPF;12/09/2023;7;0,075;R
ES0000000000001872CCPF;12/09/2023;8;0,126;R
ES0000000000001872CCPF;12/09/2023;9;0,118;R
ES0000000000001872CCPF;12/09/2023;10;0,107;R
ES0000000000001872CCPF;12/09/2023;11;0,105;R
ES0000000000001872CCPF;12/09/2023;12;0,102;R
ES0000000000001872CCPF;12/09/2023;13;0,119;R
ES0000000000001872CCPF;12/09/2023;14;0,383;R
ES0000000000001872CCPF;12/09/2023;15;0,355;R
ES0000000000001872CCPF;12/09/2023;16;0,134;R
ES0000000000001872CCPF;12/09/2023;17;0,108;R
ES0000000000001872CCPF;12/09/2023;18;0,216;R
ES0000000000001872CCPF;12/09/2023;19;0,2;R
ES0000000000001872CCPF;12/09/2023;20;0,139;R
ES0000000000001872CCPF;12/09/2023;21;0,12;R
ES0000000000001872CCPF;12/09/2023;22;0,269;R
ES0000000000001872CCPF;12/09/2023;23;0,5;R
ES0000000000001872CCPF;13/09/2023;0;0,574;R
ES0000000000001872CCPF;13/09/2023;1;0,165;R
ES0000000000001872CCPF;13/09/2023;2;0,077;R
ES0000000000001872CCPF;13/09/2023;3;0,056;R
ES0000000000001872CCPF;13/09/2023;4;0,071;R
ES0000000000001872CCPF;13/09/2023;5;0,057;R
ES0000000000001872CCPF;13/09/2023;6;0,05;R
ES0000000000001872CCPF;13/09/2023;7;0,071;R
ES0000000000001872CCPF;13/09/2023;8;0,13;R
ES0000000000001872CCPF;13/09/2023;9;0,096;R
ES0000000000001872CCPF;13/09/2023;10;0,138;R
ES0000000000001872CCPF;13/09/2023;11;0,193;R
ES0000000000001872CCPF;13/09/2023;12;0,121;R
ES0000000000001872CCPF;13/09/2023;13;0,07;R
ES0000000000001872CCPF;13/09/2023;14;0,108;R
ES0000000000001872CCPF;13/09/2023;15;0,772;R
ES0000000000001872CCPF;13/09/2023;16;0,1;R
ES0000000000001872CCPF;13/09/2023;17;0,096;R
ES0000000000001872CCPF;13/09/2023;18;0,181;R
ES0000000000001872CCPF;13/09/2023;19;0,121;R
ES0000000000001872CCPF;13/09/2023;20;0,127;R
ES0000000000001872CCPF;13/09/2023;21;0,113;R
ES0000000000001872CCPF;13/09/2023;22;0,112;R
ES0000000000001872CCPF;13/09/2023;23;0,099;R
ES0000000000001872CCPF;14/09/2023;0;0,059;R
ES0000000000001872CCPF;14/09/2023;1;0,064;R
ES0000000000001872CCPF;14/09/2023;2;0,062;R
ES0000000000001872CCPF;14/09/2023;3;0,055;R
ES0000000000001872CCPF;14/09/2023;4;0,06;R
ES0000000000001872CCPF;14/09/2023;5;0,134;R
ES0000000000001872CCPF;14/09/2023;6;0,126;R
ES0000000000001872CCPF;14/09/2023;7;0,062;R
ES0000000000001872CCPF;14/09/2023;8;0,101;R
ES0000000000001872CCPF;14/09/2023;9;0,071;R
ES0000000000001872CCPF;14/09/2023;10;0,052;R
ES0000000000001872CCPF;14/09/2023;11;0,066;R
ES0000000000001872CCPF;14/09/2023;12;0,061;R
ES0000000000001872CCPF;14/09/2023;13;0,06;R
ES0000000000001872CCPF;14/09/2023;14;0,181;R
ES0000000000001872CCPF;14/09/2023;15;0,25;R
ES0000000000001872CCPF;14/09/2023;16;0,103;R
ES0000000000001872CCPF;14/09/2023;17;0,079;R
ES0000000000001872CCPF;14/09/2023;18;0,065;R
ES0000000000001872CCPF;14/09/2023;19;0,061;R
ES0000000000001872CCPF;14/09/2023;20;0,064;R
ES0000000000001872CCPF;14/09/2023;21;0,116;R
ES0000000000001872CCPF;14/09/2023;22;0,141;R
ES0000000000001872CCPF;14/09/2023;23;0,089;R
ES0000000000001872CCPF;15/09/2023;0;0,055;R
ES0000000000001872CCPF;15/09/2023;1;0,138;R
ES0000000000001872CCPF;15/09/2023;2;0,099;R
ES0000000000001872CCPF;15/09/2023;3;0,07;R
ES0000000000001872CCPF;15/09/2023;4;0,052;R
ES0000000000001872CCPF;15/09/2023;5;0,066;R
ES0000000000001872CCPF;15/09/2023;6;0,093;R
ES0000000000001872CCPF;15/09/2023;7;0,048;R
ES0000000000001872CCPF;15/09/2023;8;0,103;R
ES0000000000001872CCPF;15/09/2023;9;0,071;R
ES0000000000001872CCPF;15/09/2023;10;0,051;R
ES0000000000001872CCPF;15/09/2023;11;0,125;R
ES0000000000001872CCPF;15/09/2023;12;0,522;R
ES0000000000001872CCPF;15/09/2023;13;0,819;R
ES0000000000001872CCPF;15/09/2023;14;0,514;R
ES0000000000001872CCPF;15/09/2023;15;0,203;R
ES0000000000001872CCPF;15/09/2023;16;0,136;R
ES0000000000001872CCPF;15/09/2023;17;0,435;R
ES0000000000001872CCPF;15/09/2023;18;0,195;R
ES0000000000001872CCPF;15/09/2023;19;0,169;R
ES0000000000001872CCPF;15/09/2023;20;0,226;R
ES0000000000001872CCPF;15/09/2023;21;0,122;R
ES0000000000001872CCPF;15/09/2023;22;0,12;R
ES0000000000001872CCPF;15/09/2023;23;0,113;R
ES0000000000001872CCPF;16/09/2023;0;0,079;R
ES0000000000001872CCPF;16/09/2023;1;0,066;R
ES0000000000001872CCPF;16/09/2023;2;0,055;R
ES0000000000001872CCPF;16/09/2023;3;0,051;R
ES0000000000001872CCPF;16/09/2023;4;0,055;R
ES0000000000001872CCPF;16/09/2023;5;0,14;R
ES0000000000001872CCPF;16/09/2023;6;0,098;R
ES0000000000001872CCPF;16/09/2023;7;0,062;R
ES0000000000001872CCPF;16/09/2023;8;0,061;R
ES0000000000001872CCPF;16/09/2023;9;0,049;R
ES0000000000001872CCPF;16/09/2023;10;0,066;R
ES0000000000001872CCPF;16/09/2023;11;0,08;R
ES0000000000001872CCPF;16/09/2023;12;0,459;R
ES0000000000001872CCPF;16/09/2023;13;0,137;R
ES0000000000001872CCPF;16/09/2023;14;0,502;R
ES0000000000001872CCPF;16/09/2023;15;0,046;R
ES0000000000001872CCPF;16/09/2023;16;0,121;R
ES0000000000001872CCPF;16/09/2023;17;0,082;R
ES0000000000001872CCPF;16/09/2023;18;0,061;R
ES0000000000001872CCPF;16/09/2023;19;0,046;R
ES0000000000001872CCPF;16/09/2023;20;0,056;R
ES0000000000001872CCPF;16/09/2023;21;0,057;R
ES0000000000001872CCPF;16/09/2023;22;0,063;R
ES0000000000001872CCPF;16/09/2023;23;0,108;R
ES0000000000001872CCPF;17/09/2023;0;0,119;R
ES0000000000001872CCPF;17/09/2023;1;0,106;R
ES0000000000001872CCPF;17/09/2023;2;0,07;R
ES0000000000001872CCPF;17/09/2023;3;0,128;R
ES0000000000001872CCPF;17/09/2023;4;0,094;R
ES0000000000001872CCPF;17/09/2023;5;0,062;R
ES0000000000001872CCPF;17/09/2023;6;0,064;R
ES0000000000001872CCPF;17/09/2023;7;0,057;R
ES0000000000001872CCPF;17/09/2023;8;0,047;R
ES0000000000001872CCPF;17/09/2023;9;0,054;R
ES0000000000001872CCPF;17/09/2023;10;0,066;R
ES0000000000001872CCPF;17/09/2023;11;0,175;R
ES0000000000001872CCPF;17/09/2023;12;0,129;R
ES0000000000001872CCPF;17/09/2023;13;0,072;R
ES0000000000001872CCPF;17/09/2023;14;0,108;R
ES0000000000001872CCPF;17/09/2023;15;0,228;R
ES0000000000001872CCPF;17/09/2023;16;0,119;R
ES0000000000001872CCPF;17/09/2023;17;0,093;R
ES0000000000001872CCPF;17/09/2023;18;0,091;R
ES0000000000001872CCPF;17/09/2023;19;0,074;R
ES0000000000001872CCPF;17/09/2023;20;0,05;R
ES0000000000001872CCPF;17/09/2023;21;0,12;R
ES0000000000001872CCPF;17/09/2023;22;0,138;R
ES0000000000001872CCPF;17/09/2023;23;0,108;R
ES0000000000001872CCPF;18/09/2023;0;0,072;R
ES0000000000001872CCPF;18/09/2023;1;0,061;R
ES0000000000001872CCPF;18/09/2023;2;0,141;R
ES0000000000001872CCPF;18/09/2023;3;0,088;R
ES0000000000001872CCPF;18/09/2023;4;0,052;R
ES0000000000001872CCPF;18/09/2023;5;0,05;R
ES0000000000001872CCPF;18/09/2023;6;0,086;R
ES0000000000001872CCPF;18/09/2023;7;0,059;R
ES0000000000001872CCPF;18/09/2023;8;0,082;R
ES0000000000001872CCPF;18/09/2023;9;0,054;R
ES0000000000001872CCPF;18/09/2023;10;0,053;R
ES0000000000001872CCPF;18/09/2023;11;0,06;R
ES0000000000001872CCPF;18/09/2023;12;0,049;R
ES0000000000001872CCPF;18/09/2023;13;0,042;R
ES0000000000001872CCPF;18/09/2023;14;0,255;R
ES0000000000001872CCPF;18/09/2023;15;0,13;R
ES0000000000001872CCPF;18/09/2023;16;0,061;R
ES0000000000001872CCPF;18/09/2023;17;0,085;R
ES0000000000001872CCPF;18/09/2023;18;0,061;R
ES0000000000001872CCPF;18/09/2023;19;0,063;R
ES0000000000001872CCPF;18/09/2023;20;0,075;R
ES0000000000001872CCPF;18/09/2023;21;0,183;R
ES0000000000001872CCPF;18/09/2023;22;0,116;R
ES0000000000001872CCPF;18/09/2023;23;0,12;R
ES0000000000001872CCPF;19/09/2023;0;0,057;R
ES0000000000001872CCPF;19/09/2023;1;0,142;R
ES0000000000001872CCPF;19/09/2023;2;0,079;R
ES0000000000001872CCPF;19/09/2023;3;0,053;R
ES0000000000001872CCPF;19/09/2023;4;0,055;R
ES0000000000001872CCPF;19/09/2023;5;0,056;R
ES0000000000001872CCPF;19/09/2023;6;0,081;R
ES0000000000001872CCPF;19/09/2023;7;0,044;R
ES0000000000001872CCPF;19/09/2023;8;0,085;R
ES0000000000001872CCPF;19/09/2023;9;0,047;R
ES0000000000001872CCPF;19/09/2023;10;0,049;R
ES0000000000001872CCPF;19/09/2023;11;0,054;R
ES0000000000001872CCPF;19/09/2023;12;0,058;R
ES0000000000001872CCPF;19/09/2023;13;0,134;R
ES0000000000001872CCPF;19/09/2023;14;0,086;R
ES0000000000001872CCPF;19/09/2023;15;0,136;R
ES0000000000001872CCPF;19/09/2023;16;0,077;R
ES0000000000001872CCPF;19/09/2023;17;0,083;R
ES0000000000001872CCPF;19/09/2023;18;0,049;R
ES0000000000001872CCPF;19/09/2023;19;0,044;R
ES0000000000001872CCPF;19/09/2023;20;0,16;R
ES0000000000001872CCPF;19/09/2023;21;0,178;R
ES0000000000001872CCPF;19/09/2023;22;0,111;R
ES0000000000001872CCPF;19/09/2023;23;0,108;R
ES0000000000001872CCPF;20/09/2023;0;0,138;R
ES0000000000001872CCPF;20/09/2023;1;0,094;R
ES0000000000001872CCPF;20/09/2023;2;0,055;R
ES0000000000001872CCPF;20/09/2023;3;0,052;R
ES0000000000001872CCPF;20/09/2023;4;0,046;R
ES0000000000001872CCPF;20/09/2023;5;0,049;R
ES0000000000001872CCPF;20/09/2023;6;0,056;R
ES0000000000001872CCPF;20/09/2023;7;0,041;R
ES0000000000001872CCPF;20/09/2023;8;0,127;R
ES0000000000001872CCPF;20/09/2023;9;0,064;R
ES0000000000001872CCPF;20/09/2023;10;0,078;R
ES0000000000001872CCPF;20/09/2023;11;0,148;R
ES0000000000001872CCPF;20/09/2023;12;0,193;R
ES0000000000001872CCPF;20/09/2023;13;0,147;R
ES0000000000001872CCPF;20/09/2023;14;0,117;R
ES0000000000001872CCPF;20/09/2023;15;0,531;R
ES0000000000001872CCPF;20/09/2023;16;0,116;R
ES0000000000001872CCPF;20/09/2023;17;0,524;R
ES0000000000001872CCPF;20/09/2023;18;0,073;R
ES0000000000001872CCPF;20/09/2023;19;0,089;R
ES0000000000001872CCPF;20/09/2023;20;0,231;R
ES0000000000001872CCPF;20/09/2023;21;0,125;R
ES0000000000001872CCPF;20/09/2023;22;0,182;R
ES0000000000001872CCPF;20/09/2023;23;0,11;R
ES0000000000001872CCPF;21/09/2023;0;0,063;R
ES0000000000001872CCPF;21/09/2023;1;0,057;R
ES0000000000001872CCPF;21/09/2023;2;0,05;R
ES0000000000001872CCPF;21/09/2023;3;0,056;R
ES0000000000001872CCPF;21/09/2023;4;0,054;R
ES0000000000001872CCPF;21/09/2023;5;0,047;R
ES0000000000001872CCPF;21/09/2023;6;0,083;R
ES0000000000001872CCPF;21/09/2023;7;0,049;R
ES0000000000001872CCPF;21/09/2023;8;0,101;R
ES0000000000001872CCPF;21/09/2023;9;0,045;R
ES0000000000001872CCPF;21/09/2023;10;0,131;R
ES0000000000001872CCPF;21/09/2023;11;0,071;R
ES0000000000001872CCPF;21/09/2023;12;0,047;R
ES0000000000001872CCPF;21/09/2023;13;0,299;R
ES0000000000001872CCPF;21/09/2023;14;0,282;R
ES0000000000001872CCPF;21/09/2023;15;0,057;R
ES0000000000001872CCPF;21/09/2023;16;0,06;R
ES0000000000001872CCPF;21/09/2023;17;0,112;R
ES0000000000001872CCPF;21/09/2023;18;0,484;R
ES0000000000001872CCPF;21/09/2023;19;0,086;R
ES0000000000001872CCPF;21/09/2023;20;0,225;R
ES0000000000001872CCPF;21/09/2023;21;0,132;R
ES0000000000001872CCPF;21/09/2023;22;0,116;R
ES0000000000001872CCPF;21/09/2023;23;0,096;R
ES0000000000001872CCPF;22/09/2023;0;0,052;R
ES0000000000001872CCPF;22/09/2023;1;0,046;R
ES0000000000001872CCPF;22/09/2023;2;0,048;R
ES0000000000001872CCPF;22/09/2023;3;0,052;R
ES0000000000001872CCPF;22/09/2023;4;0,051;R
ES0000000000001872CCPF;22/09/2023;5;0,048;R
ES0000000000001872CCPF;22/09/2023;6;0,049;R
ES0000000000001872CCPF;22/09/2023;7;0,061;R
ES0000000000001872CCPF;22/09/2023;8;0,147;R
ES0000000000001872CCPF;22/09/2023;9;0,138;R
ES0000000000001872CCPF;22/09/2023;10;0,089;R
ES0000000000001872CCPF;22/09/2023;11;0,088;R
ES0000000000001872CCPF;22/09/2023;12;0,11;R
ES0000000000001872CCPF;22/09/2023;13;0,147;R
ES0000000000001872CCPF;22/09/2023;14;0,132;R
ES0000000000001872CCPF;22/09/2023;15;0,122;R
ES0000000000001872CCPF;22/09/2023;16;0,053;R
ES0000000000001872CCPF;22/09/2023;17;0,038;R
ES0000000000001872CCPF;22/09/2023;18;0,082;R
ES0000000000001872CCPF;22/09/2023;19;0,086;R
ES0000000000001872CCPF;22/09/2023;20;0,176;R
ES0000000000001872CCPF;22/09/2023;21;0,17;R
ES0000000000001872CCPF;22/09/2023;22;0,269;R
ES0000000000001872CCPF;22/09/2023;23;0,106;R
ES0000000000001872CCPF;23/09/2023;0;0,074;R
ES0000000000001872CCPF;23/09/2023;1;0,044;R
ES0000000000001872CCPF;23/09/2023;2;0,055;R
ES0000000000001872CCPF;23/09/2023;3;0,049;R
ES0000000000001872CCPF;23/09/2023;4;0,039;R
ES0000000000001872CCPF;23/09/2023;5;0,044;R
ES0000000000001872CCPF;23/09/2023;6;0,049;R
ES0000000000001872CCPF;23/09/2023;7;0,055;R
ES0000000000001872CCPF;23/09/2023;8;0,028;R
ES0000000000001872CCPF;23/09/2023;9;0,057;R
ES0000000000001872CCPF;23/09/2023;10;0,168;R
ES0000000000001872CCPF;23/09/2023;11;0,151;R
ES0000000000001872CCPF;23/09/2023;12;0,07;R
ES0000000000001872CCPF;23/09/2023;13;0,045;R
ES0000000000001872CCPF;23/09/2023;14;0,053;R
ES0000000000001872CCPF;23/09/2023;15;0,055;R
ES0000000000001872CCPF;23/09/2023;16;0,086;R
ES0000000000001872CCPF;23/09/2023;17;0,087;R
ES0000000000001872CCPF;23/09/2023;18;0,083;R
ES0000000000001872CCPF;23/09/2023;19;0,064;R
ES0000000000001872CCPF;23/09/2023;20;0,057;R
ES0000000000001872CCPF;23/09/2023;21;0,041;R
ES0000000000001872CCPF;23/09/2023;22;0,044;R
ES0000000000001872CCPF;23/09/2023;23;0,074;R
ES0000000000001872CCPF;24/09/2023;0;0,129;R
ES0000000000001872CCPF;24/09/2023;1;0,078;R
ES0000000000001872CCPF;24/09/2023;2;0,041;R
ES0000000000001872CCPF;24/09/2023;3;0,056;R
ES0000000000001872CCPF;24/09/2023;4;0,051;R
ES0000000000001872CCPF;24/09/2023;5;0,038;R
ES0000000000001872CCPF;24/09/2023;6;0,044;R
ES0000000000001872CCPF;24/09/2023;7;0,056;R
ES0000000000001872CCPF;24/09/2023;8;0,043;R
ES0000000000001872CCPF;24/09/2023;9;0,047;R
ES0000000000001872CCPF;24/09/2023;10;0,041;R
ES0000000000001872CCPF;24/09/2023;11;0,046;R
ES0000000000001872CCPF;24/09/2023;12;0,116;R
ES0000000000001872CCPF;24/09/2023;13;0,096;R
ES0000000000001872CCPF;24/09/2023;14;0,071;R
ES0000000000001872CCPF;24/09/2023;15;0,165;R
ES0000000000001872CCPF;24/09/2023;16;0,08;R
ES0000000000001872CCPF;24/09/2023;17;0,079;R
ES0000000000001872CCPF;24/09/2023;18;0,085;R
ES0000000000001872CCPF;24/09/2023;19;0,14;R
ES0000000000001872CCPF;24/09/2023;20;0,484;R
ES0000000000001872CCPF;24/09/2023;21;0,582;R
ES0000000000001872CCPF;24/09/2023;22;0,105;R
ES0000000000001872CCPF;24/09/2023;23;0,149;R
ES0000000000001872CCPF;25/09/2023;0;0,122;R
ES0000000000001872CCPF;25/09/2023;1;0,074;R
ES0000000000001872CCPF;25/09/2023;2;0,052;R
ES0000000000001872CCPF;25/09/2023;3;0,063;R
ES0000000000001872CCPF;25/09/2023;4;0,05;R
ES0000000000001872CCPF;25/09/2023;5;0,044;R
ES0000000000001872CCPF;25/09/2023;6;0,081;R
ES0000000000001872CCPF;25/09/2023;7;0,053;R
ES0000000000001872CCPF;25/09/2023;8;0,073;R
ES0000000000001872CCPF;25/09/2023;9;0,044;R
ES0000000000001872CCPF;25/09/2023;10;0,052;R
ES0000000000001872CCPF;25/09/2023;11;0,13;R
ES0000000000001872CCPF;25/09/2023;12;0,088;R
ES0000000000001872CCPF;25/09/2023;13;0,054;R
ES0000000000001872CCPF;25/09/2023;14;0,08;R
ES0000000000001872CCPF;25/09/2023;15;0,067;R
ES0000000000001872CCPF;25/09/2023;16;0,056;R
ES0000000000001872CCPF;25/09/2023;17;0,104;R
ES0000000000001872CCPF;25/09/2023;18;0,158;R
ES0000000000001872CCPF;25/09/2023;19;0,15;R
ES0000000000001872CCPF;25/09/2023;20;0,197;R
ES0000000000001872CCPF;25/09/2023;21;0,124;R
ES0000000000001872CCPF;25/09/2023;22;0,175;R
ES0000000000001872CCPF;25/09/2023;23;0,111;R
ES0000000000001872CCPF;26/09/2023;0;0,073;R
ES0000000000001872CCPF;26/09/2023;1;0,056;R
ES0000000000001872CCPF;26/09/2023;2;0,061;R
ES0000000000001872CCPF;26/09/2023;3;0,046;R
ES0000000000001872CCPF;26/09/2023;4;0,046;R
ES0000000000001872CCPF;26/09/2023;5;0,06;R
ES0000000000001872CCPF;26/09/2023;6;0,085;R
ES0000000000001872CCPF;26/09/2023;7;0,044;R
ES0000000000001872CCPF;26/09/2023;8;0,092;R
ES0000000000001872CCPF;26/09/2023;9;0,128;R
ES0000000000001872CCPF;26/09/2023;10;0,093;R
ES0000000000001872CCPF;26/09/2023;11;0,055;R
ES0000000000001872CCPF;26/09/2023;12;0,053;R
ES0000000000001872CCPF;26/09/2023;13;0,058;R
ES0000000000001872CCPF;26/09/2023;14;0,043;R
ES0000000000001872CCPF;26/09/2023;15;0,07;R
ES0000000000001872CCPF;26/09/2023;16;0,096;R
ES0000000000001872CCPF;26/09/2023;17;0,18;R
ES0000000000001872CCPF;26/09/2023;18;0,052;R
ES0000000000001872CCPF;26/09/2023;19;0,071;R
ES0000000000001872CCPF;26/09/2023;20;0,152;R
ES0000000000001872CCPF;26/09/2023;21;0,296;R
ES0000000000001872CCPF;26/09/2023;22;0,106;R
ES0000000000001872CCPF;26/09/2023;23;0,108;R
ES0000000000001872CCPF;27/09/2023;0;0,067;R
ES0000000000001872CCPF;27/09/2023;1;0,066;R
ES0000000000001872CCPF;27/09/2023;2;0,063;R
ES0000000000001872CCPF;27/09/2023;3;0,047;R
ES0000000000001872CCPF;27/09/2023;4;0,056;R
ES0000000000001872CCPF;27/09/2023;5;0,063;R
ES0000000000001872CCPF;27/09/2023;6;0,076;R
ES0000000000001872CCPF;27/09/2023;7;0,122;R
ES0000000000001872CCPF;27/09/2023;8;0,172;R
ES0000000000001872CCPF;27/09/2023;9;0,14;R
ES0000000000001872CCPF;27/09/2023;10;0,104;R
ES0000000000001872CCPF;27/09/2023;11;0,488;R
ES0000000000001872CCPF;27/09/2023;12;0,336;R
ES0000000000001872CCPF;27/09/2023;13;0,466;R
ES0000000000001872CCPF;27/09/2023;14;0,14;R
ES0000000000001872CCPF;27/09/2023;15;0,101;R
ES0000000000001872CCPF;27/09/2023;16;0,109;R
ES0000000000001872CCPF;27/09/2023;17;0,104;R
ES0000000000001872CCPF;27/09/2023;18;0,107;R
ES0000000000001872CCPF;27/09/2023;19;0,098;R
ES0000000000001872CCPF;27/09/2023;20;0,23;R
ES0000000000001872CCPF;27/09/2023;21;0,198;R
ES0000000000001872CCPF;27/09/2023;22;0,116;R
ES0000000000001872CCPF;27/09/2023;23;0,193;R
ES0000000000001872CCPF;28/09/2023;0;0,125;R
ES0000000000001872CCPF;28/09/2023;1;0,068;R
ES0000000000001872CCPF;28/09/2023;2;0,069;R
ES0000000000001872CCPF;28/09/2023;3;0,068;R
ES0000000000001872CCPF;28/09/2023;4;0,058;R
ES0000000000001872CCPF;28/09/2023;5;0,057;R
ES0000000000001872CCPF;28/09/2023;6;0,09;R
ES0000000000001872CCPF;28/09/2023;7;0,067;R
ES0000000000001872CCPF;28/09/2023;8;0,543;R
ES0000000000001872CCPF;28/09/2023;9;0,143;R
ES0000000000001872CCPF;28/09/2023;10;0,526;R
ES0000000000001872CCPF;28/09/2023;11;0,071;R
ES0000000000001872CCPF;28/09/2023;12;0,063;R
ES0000000000001872CCPF;28/09/2023;13;0,346;R
ES0000000000001872CCPF;28/09/2023;14;0,127;R
ES0000000000001872CCPF;28/09/2023;15;0,056;R
ES0000000000001872CCPF;28/09/2023;16;0,066;R
ES0000000000001872CCPF;28/09/2023;17;0,069;R
ES0000000000001872CCPF;28/09/2023;18;0,143;R
ES0000000000001872CCPF;28/09/2023;19;0,144;R
ES0000000000001872CCPF;28/09/2023;20;0,177;R
ES0000000000001872CCPF;28/09/2023;21;0,272;R
ES0000000000001872CCPF;28/09/2023;22;0,119;R
ES0000000000001872CCPF;28/09/2023;23;0,108;R
ES0000000000001872CCPF;29/09/2023;0;0,071;R
ES0000000000001872CCPF;29/09/2023;1;0,067;R
ES0000000000001872CCPF;29/09/2023;2;0,061;R
ES0000000000001872CCPF;29/09/2023;3;0,099;R
ES0000000000001872CCPF;29/09/2023;4;0,109;R
ES0000000000001872CCPF;29/09/2023;5;0,063;R
ES0000000000001872CCPF;29/09/2023;6;0,07;R
ES0000000000001872CCPF;29/09/2023;7;0,064;R
ES0000000000001872CCPF;29/09/2023;8;0,139;R
ES0000000000001872CCPF;29/09/2023;9;0,092;R
ES0000000000001872CCPF;29/09/2023;10;0,079;R
ES0000000000001872CCPF;29/09/2023;11;0,116;R
ES0000000000001872CCPF;29/09/2023;12;0,085;R
ES0000000000001872CCPF;29/09/2023;13;0,133;R
ES0000000000001872CCPF;29/09/2023;14;0,729;R
ES0000000000001872CCPF;29/09/2023;15;0,138;R
ES0000000000001872CCPF;29/09/2023;16;0,102;R
ES0000000000001872CCPF;29/09/2023;17;0,092;R
ES0000000000001872CCPF;29/09/2023;18;0,091;R
ES0000000000001872CCPF;29/09/2023;19;0,168;R
ES0000000000001872CCPF;29/09/2023;20;0,217;R
ES0000000000001872CCPF;29/09/2023;21;0,108;R
ES0000000000001872CCPF;29/09/2023;22;0,135;R
ES0000000000001872CCPF;29/09/2023;23;0,187;R
ES0000000000001872CCPF;30/09/2023;0;0,147;R
ES0000000000001872CCPF;30/09/2023;1;0,062;R
ES0000000000001872CCPF;30/09/2023;2;0,062;R
ES0000000000001872CCPF;30/09/2023;3;0,069;R
ES0000000000001872CCPF;30/09/2023;4;0,057;R
ES0000000000001872CCPF;30/09/2023;5;0,06;R
ES0000000000001872CCPF;30/09/2023;6;0,045;R
ES0000000000001872CCPF;30/09/2023;7;0,063;R
ES0000000000001872CCPF;30/09/2023;8;0,101;R
ES0000000000001872CCPF;30/09/2023;9;0,134;R
ES0000000000001872CCPF;30/09/2023;10;0,141;R
ES0000000000001872CCPF;30/09/2023;11;0,059;R
ES0000000000001872CCPF;30/09/2023;12;0,067;R
ES0000000000001872CCPF;30/09/2023;13;0,045;R
ES0000000000001872CCPF;30/09/2023;14;0,045;R
ES0000000000001872CCPF;30/09/2023;15;0,06;R
ES0000000000001872CCPF;30/09/2023;16;0,052;R
ES0000000000001872CCPF;30/09/2023;17;0,045;R
ES0000000000001872CCPF;30/09/2023;18;0,059;R
ES0000000000001872CCPF;30/09/2023;19;0,057;R
ES0000000000001872CCPF;30/09/2023;20;0,077;R
ES0000000000001872CCPF;30/09/2023;21;0,121;R
ES0000000000001872CCPF;30/09/2023;22;0,117;R
ES0000000000001872CCPF;30/09/2023;23;0,142;R
ES0000000000001872CCPF;01/10/2023;0;0,105;R
ES0000000000001872CCPF;01/10/2023;1;0,101;R
ES0000000000001872CCPF;01/10/2023;2;0,066;R
ES0000000000001872CCPF;01/10/2023;3;0,053;R
ES0000000000001872CCPF;01/10/2023;4;0,059;R
ES0000000000001872CCPF;01/10/2023;5;0,065;R
ES0000000000001872CCPF;01/10/2023;6;0,077;R
ES0000000000001872CCPF;01/10/2023;7;0,128;R
ES0000000000001872CCPF;01/10/2023;8;0,064;R
ES0000000000001872CCPF;01/10/2023;9;0,073;R
ES0000000000001872CCPF;01/10/2023;10;0,112;R
ES0000000000001872CCPF;01/10/2023;11;0,08;R
ES0000000000001872CCPF;01/10/2023;12;0,143;R
ES0000000000001872CCPF;01/10/2023;13;0,146;R
ES0000000000001872CCPF;01/10/2023;14;0,1;R
ES0000000000001872CCPF;01/10/2023;15;0,263;R
ES0000000000001872CCPF;01/10/2023;16;0,162;R
ES0000000000001872CCPF;01/10/2023;17;0,512;R
ES0000000000001872CCPF;01/10/2023;18;0,563;R
ES0000000000001872CCPF;01/10/2023;19;0,084;R
ES0000000000001872CCPF;01/10/2023;20;0,076;R
ES0000000000001872CCPF;01/10/2023;21;0,16;R
ES0000000000001872CCPF;01/10/2023;22;0,106;R
ES0000000000001872CCPF;01/10/2023;23;0,089;R
ES0000000000001872CCPF;02/10/2023;0;0,07;R
