CUPS;Fecha;Hora;Consumo;Metodo_obtencion
ES0000000000003409CCPF;01/09/2022;1;0,081;R
ES0000000000003409CCPF;01/09/2022;2;0,032;R
ES0000000000003409CCPF;01/09/2022;3;0,053;R
ES0000000000003409CCPF;01/09/2022;4;0,051;R
ES0000000000003409CCPF;01/09/2022;5;0,03;R
ES0000000000003409CCPF;01/09/2022;6;0,05;R
ES0000000000003409CCPF;01/09/2022;7;0,048;R
ES0000000000003409CCPF;01/09/2022;8;0,031;R
ES0000000000003409CCPF;01/09/2022;9;0,064;R
ES0000000000003409CCPF;01/09/2022;10;0,065;R
ES0000000000003409CCPF;01/09/2022;11;0,988;R
ES0000000000003409CCPF;01/09/2022;12;0,734;R
ES0000000000003409CCPF;01/09/2022;13;0,058;R
ES0000000000003409CCPF;01/09/2022;14;0,054;R
ES0000000000003409CCPF;01/09/2022;15;0,032;R
ES0000000000003409CCPF;01/09/2022;16;0,106;R
ES0000000000003409CCPF;01/09/2022;17;0,073;R
ES0000000000003409CCPF;01/09/2022;18;0,766;R
ES0000000000003409CCPF;01/09/2022;19;0,039;R
ES0000000000003409CCPF;01/09/2022;20;0,05;R
ES0000000000003409CCPF;01/09/2022;21;0,046;R
ES0000000000003409CCPF;01/09/2022;22;0,039;R
ES0000000000003409CCPF;01/09/2022;23;0,037;R
ES0000000000003409CCPF;02/09/2022;0;0,041;R
ES0000000000003409CCPF;02/09/2022;1;0,051;R
ES0000000000003409CCPF;02/09/2022;2;0,037;R
ES0000000000003409CCPF;02/09/2022;3;0,042;R
ES0000000000003409CCPF;02/09/2022;4;0,045;R
ES0000000000003409CCPF;02/09/2022;5;0,034;R
ES0000000000003409CCPF;02/09/2022;6;0,042;R
ES0000000000003409CCPF;02/09/2022;7;0,08;R
ES0000000000003409CCPF;02/09/2022;8;0,071;R
ES0000000000003409CCPF;02/09/2022;9;0,057;R
ES0000000000003409CCPF;02/09/2022;10;0,537;R
ES0000000000003409CCPF;02/09/2022;11;1,573;R
ES0000000000003409CCPF;02/09/2022;12;0,409;R
ES0000000000003409CCPF;02/09/2022;13;0,049;R
ES0000000000003409CCPF;02/09/2022;14;0,061;R
ES0000000000003409CCPF;02/09/2022;15;0,076;R
ES0000000000003409CCPF;02/09/2022;16;0,034;R
ES0000000000003409CCPF;02/09/2022;17;0,042;R
ES0000000000003409CCPF;02/09/2022;18;0,032;R
ES0000000000003409CCPF;02/09/2022;19;0,043;R
ES0000000000003409CCPF;02/09/2022;20;0,041;R
ES0000000000003409CCPF;02/09/2022;21;0,097;R
ES0000000000003409CCPF;02/09/2022;22;0,361;R
ES0000000000003409CCPF;02/09/2022;23;0,303;R
ES0000000000003409CCPF;03/09/2022;0;0,348;R
ES0000000000003409CCPF;03/09/2022;1;0,04;R
ES0000000000003409CCPF;03/09/2022;2;0,127;R
ES0000000000003409CCPF;03/09/2022;3;0,051;R
ES0000000000003409CCPF;03/09/2022;4;0,056;R
ES0000000000003409CCPF;03/09/2022;5;0,048;R
ES0000000000003409CCPF;03/09/2022;6;0,028;R
ES0000000000003409CCPF;03/09/2022;7;0,045;R
ES0000000000003409CCPF;03/09/2022;8;0,035;R
ES0000000000003409CCPF;03/09/2022;9;0,046;R
ES0000000000003409CCPF;03/09/2022;10;0,142;R
ES0000000000003409CCPF;03/09/2022;11;0,536;R
ES0000000000003409CCPF;03/09/2022;12;1,094;R
ES0000000000003409CCPF;03/09/2022;13;0,178;R
ES0000000000003409CCPF;03/09/2022;14;0,338;R
ES0000000000003409CCPF;03/09/2022;15;0,339;R
ES0000000000003409CCPF;03/09/2022;16;0,225;R
ES0000000000003409CCPF;03/09/2022;17;0,139;R
ES0000000000003409CCPF;03/09/2022;18;0,922;R
ES0000000000003409CCPF;03/09/2022;19;0,314;R
ES0000000000003409CCPF;03/09/2022;20;0,038;R
ES0000000000003409CCPF;03/09/2022;21;0,057;R
ES0000000000003409CCPF;03/09/2022;22;0,043;R
ES0000000000003409CCPF;03/09/2022;23;0,043;R
ES0000000000003409CCPF;04/09/2022;0;0,026;R
ES0000000000003409CCPF;04/09/2022;1;0,1;R
ES0000000000003409CCPF;04/09/2022;2;0,059;R
ES0000000000003409CCPF;04/09/2022;3;0,05;R
ES0000000000003409CCPF;04/09/2022;4;0,044;R
ES0000000000003409CCPF;04/09/2022;5;0,046;R
ES0000000000003409CCPF;04/09/2022;6;0,039;R
ES0000000000003409CCPF;04/09/2022;7;0,036;R
ES0000000000003409CCPF;04/09/2022;8;0,034;R
ES0000000000003409CCPF;04/09/2022;9;0,039;R
ES0000000000003409CCPF;04/09/2022;10;0,042;R
ES0000000000003409CCPF;04/09/2022;11;0,03;R
ES0000000000003409CCPF;04/09/2022;12;0,946;R
ES0000000000003409CCPF;04/09/2022;13;0,528;R
ES0000000000003409CCPF;04/09/2022;14;0,301;R
ES0000000000003409CCPF;04/09/2022;15;0,062;R
ES0000000000003409CCPF;04/09/2022;16;0,05;R
ES0000000000003409CCPF;04/09/2022;17;0,033;R
ES0000000000003409CCPF;04/09/2022;18;0,045;R
ES0000000000003409CCPF;04/09/2022;19;0,03;R
ES0000000000003409CCPF;04/09/2022;20;0,322;R
ES0000000000003409CCPF;04/09/2022;21;0,702;R
ES0000000000003409CCPF;04/09/2022;22;0,638;R
ES0000000000003409CCPF;04/09/2022;23;0,105;R
ES0000000000003409CCPF;05/09/2022;0;0,061;R
ES0000000000003409CCPF;05/09/2022;1;0,079;R
ES0000000000003409CCPF;05/09/2022;2;0,05;R
ES0000000000003409CCPF;05/09/2022;3;0,047;R
ES0000000000003409CCPF;05/09/2022;4;0,048;R
ES0000000000003409CCPF;05/09/2022;5;0,03;R
ES0000000000003409CCPF;05/09/2022;6;0,048;R
ES0000000000003409CCPF;05/09/2022;7;0,041;R
ES0000000000003409CCPF;05/09/2022;8;0,036;R
ES0000000000003409CCPF;05/09/2022;9;0,039;R
ES0000000000003409CCPF;05/09/2022;10;0,046;R
ES0000000000003409CCPF;05/09/2022;11;0,153;R
ES0000000000003409CCPF;05/09/2022;12;0,073;R
ES0000000000003409CCPF;05/09/2022;13;0,031;R
ES0000000000003409CCPF;05/09/2022;14;0,063;R
ES0000000000003409CCPF;05/09/2022;15;1,215;R
ES0000000000003409CCPF;05/09/2022;16;0,113;R
ES0000000000003409CCPF;05/09/2022;17;0,112;R
ES0000000000003409CCPF;05/09/2022;18;0,051;R
ES0000000000003409CCPF;05/09/2022;19;1,923;R
ES0000000000003409CCPF;05/09/2022;20;0,492;R
ES0000000000003409CCPF;05/09/2022;21;1,124;R
ES0000000000003409CCPF;05/09/2022;22;0,405;R
ES0000000000003409CCPF;05/09/2022;23;0,12;R
ES0000000000003409CCPF;06/09/2022;0;0,173;R
ES0000000000003409CCPF;06/09/2022;1;0,118;R
ES0000000000003409CCPF;06/09/2022;2;0,05;R
ES0000000000003409CCPF;06/09/2022;3;0,037;R
ES0000000000003409CCPF;06/09/2022;4;0,048;R
ES0000000000003409CCPF;06/09/2022;5;0,037;R
ES0000000000003409CCPF;06/09/2022;6;0,039;R
ES0000000000003409CCPF;06/09/2022;7;0,035;R
ES0000000000003409CCPF;06/09/2022;8;0,037;R
ES0000000000003409CCPF;06/09/2022;9;0,114;R
ES0000000000003409CCPF;06/09/2022;10;0,134;R
ES0000000000003409CCPF;06/09/2022;11;0,729;R
ES0000000000003409CCPF;06/09/2022;12;0,044;R
ES0000000000003409CCPF;06/09/2022;13;0,034;R
ES0000000000003409CCPF;06/09/2022;14;0,029;R
ES0000000000003409CCPF;06/09/2022;15;0,03;R
ES0000000000003409CCPF;06/09/2022;16;0,081;R
ES0000000000003409CCPF;06/09/2022;17;0,029;R
ES0000000000003409CCPF;06/09/2022;18;0,029;R
ES0000000000003409CCPF;06/09/2022;19;0,081;R
ES0000000000003409CCPF;06/09/2022;20;1,095;R
ES0000000000003409CCPF;06/09/2022;21;1,513;R
ES0000000000003409CCPF;06/09/2022;22;0,419;R
ES0000000000003409CCPF;06/09/2022;23;0,079;R
ES0000000000003409CCPF;07/09/2022;0;0,047;R
ES0000000000003409CCPF;07/09/2022;1;0,043;R
ES0000000000003409CCPF;07/09/2022;2;0,039;R
ES0000000000003409CCPF;07/09/2022;3;0,03;R
ES0000000000003409CCPF;07/09/2022;4;0,03;R
ES0000000000003409CCPF;07/09/2022;5;0,031;R
ES0000000000003409CCPF;07/09/2022;6;0,03;R
ES0000000000003409CCPF;07/09/2022;7;0,03;R
ES0000000000003409CCPF;07/09/2022;8;0,119;R
ES0000000000003409CCPF;07/09/2022;9;0,489;R
ES0000000000003409CCPF;07/09/2022;10;0,32;R
ES0000000000003409CCPF;07/09/2022;11;0,242;R
ES0000000000003409CCPF;07/09/2022;12;0,032;R
ES0000000000003409CCPF;07/09/2022;13;0,028;R
ES0000000000003409CCPF;07/09/2022;14;0,548;R
ES0000000000003409CCPF;07/09/2022;15;0,151;R
ES0000000000003409CCPF;07/09/2022;16;0,202;R
ES0000000000003409CCPF;07/09/2022;17;0,088;R
ES0000000000003409CCPF;07/09/2022;18;0,033;R
ES0000000000003409CCPF;07/09/2022;19;0,038;R
ES0000000000003409CCPF;07/09/2022;20;0,469;R
ES0000000000003409CCPF;07/09/2022;21;2,245;R
ES0000000000003409CCPF;07/09/2022;22;1,119;R
ES0000000000003409CCPF;07/09/2022;23;0,084;R
ES0000000000003409CCPF;08/09/2022;0;0,037;R
ES0000000000003409CCPF;08/09/2022;1;0,037;R
ES0000000000003409CCPF;08/09/2022;2;0,041;R
ES0000000000003409CCPF;08/09/2022;3;0,038;R
ES0000000000003409CCPF;08/09/2022;4;0,053;R
ES0000000000003409CCPF;08/09/2022;5;0,082;R
ES0000000000003409CCPF;08/09/2022;6;0,053;R
ES0000000000003409CCPF;08/09/2022;7;0,035;R
ES0000000000003409CCPF;08/09/2022;8;0,049;R
ES0000000000003409CCPF;08/09/2022;9;0,117;R
ES0000000000003409CCPF;08/09/2022;10;0,029;R
ES0000000000003409CCPF;08/09/2022;11;0,102;R
ES0000000000003409CCPF;08/09/2022;12;0,026;R
ES0000000000003409CCPF;08/09/2022;13;0,031;R
ES0000000000003409CCPF;08/09/2022;14;0,045;R
ES0000000000003409CCPF;08/09/2022;15;0,07;R
ES0000000000003409CCPF;08/09/2022;16;0,026;R
ES0000000000003409CCPF;08/09/2022;17;0,035;R
ES0000000000003409CCPF;08/09/2022;18;0,032;R
ES0000000000003409CCPF;08/09/2022;19;0,031;R
ES0000000000003409CCPF;08/09/2022;20;0,032;R
ES0000000000003409CCPF;08/09/2022;21;1,051;R
ES0000000000003409CCPF;08/09/2022;22;1,568;R
ES0000000000003409CCPF;08/09/2022;23;1,76;R
ES0000000000003409CCPF;09/09/2022;0;1,18;R
ES0000000000003409CCPF;09/09/2022;1;0,05;R
ES0000000000003409CCPF;09/09/2022;2;0,04;R
ES0000000000003409CCPF;09/09/2022;3;0,032;R
ES0000000000003409CCPF;09/09/2022;4;0,032;R
ES0000000000003409CCPF;09/09/2022;5;0,032;R
ES0000000000003409CCPF;09/09/2022;6;0,031;R
ES0000000000003409CCPF;09/09/2022;7;0,032;R
ES0000000000003409CCPF;09/09/2022;8;0,054;R
ES0000000000003409CCPF;09/09/2022;9;0,141;R
ES0000000000003409CCPF;09/09/2022;10;0,035;R
ES0000000000003409CCPF;09/09/2022;11;0,031;R
ES0000000000003409CCPF;09/09/2022;12;0,031;R
ES0000000000003409CCPF;09/09/2022;13;0,03;R
ES0000000000003409CCPF;09/09/2022;14;0,036;R
ES0000000000003409CCPF;09/09/2022;15;0,763;R
ES0000000000003409CCPF;09/09/2022;16;0,031;R
ES0000000000003409CCPF;09/09/2022;17;0,03;R
ES0000000000003409CCPF;09/09/2022;18;0,039;R
ES0000000000003409CCPF;09/09/2022;19;0,082;R
ES0000000000003409CCPF;09/09/2022;20;0,052;R
ES0000000000003409CCPF;09/09/2022;21;0,032;R
ES0000000000003409CCPF;09/09/2022;22;0,064;R
ES0000000000003409CCPF;09/09/2022;23;0,688;R
ES0000000000003409CCPF;10/09/2022;0;0,044;R
ES0000000000003409CCPF;10/09/2022;1;0,049;R
ES0000000000003409CCPF;10/09/2022;2;0,036;R
ES0000000000003409CCPF;10/09/2022;3;0,043;R
ES0000000000003409CCPF;10/09/2022;4;0,027;R
ES0000000000003409CCPF;10/09/2022;5;0,031;R
ES0000000000003409CCPF;10/09/2022;6;0,03;R
ES0000000000003409CCPF;10/09/2022;7;0,03;R
ES0000000000003409CCPF;10/09/2022;8;0,03;R
ES0000000000003409CCPF;10/09/2022;9;0,03;R
ES0000000000003409CCPF;10/09/2022;10;0,622;R
ES0000000000003409CCPF;10/09/2022;11;0,745;R
ES0000000000003409CCPF;10/09/2022;12;0,86;R
ES0000000000003409CCPF;10/09/2022;13;0,198;R
ES0000000000003409CCPF;10/09/2022;14;0,133;R
ES0000000000003409CCPF;10/09/2022;15;0,048;R
ES0000000000003409CCPF;10/09/2022;16;0,046;R
ES0000000000003409CCPF;10/09/2022;17;0,033;R
ES0000000000003409CCPF;10/09/2022;18;0,031;R
ES0000000000003409CCPF;10/09/2022;19;0,033;R
ES0000000000003409CCPF;10/09/2022;20;0,037;R
ES0000000000003409CCPF;10/09/2022;21;0,937;R
ES0000000000003409CCPF;10/09/2022;22;1,55;R
ES0000000000003409CCPF;10/09/2022;23;1,042;R
ES0000000000003409CCPF;11/09/2022;0;0,068;R
ES0000000000003409CCPF;11/09/2022;1;0,05;R
ES0000000000003409CCPF;11/09/2022;2;0,029;R
ES0000000000003409CCPF;11/09/2022;3;0,049;R
ES0000000000003409CCPF;11/09/2022;4;0,035;R
ES0000000000003409CCPF;11/09/2022;5;0,042;R
ES0000000000003409CCPF;11/09/2022;6;0,029;R
ES0000000000003409CCPF;11/09/2022;7;0,046;R
ES0000000000003409CCPF;11/09/2022;8;0,046;R
ES0000000000003409CCPF;11/09/2022;9;0,72;R
ES0000000000003409CCPF;11/09/2022;10;0,733;R
ES0000000000003409CCPF;11/09/2022;11;0,17;R
ES0000000000003409CCPF;11/09/2022;12;0,127;R
ES0000000000003409CCPF;11/09/2022;13;1,003;R
ES0000000000003409CCPF;11/09/2022;14;1,231;R
ES0000000000003409CCPF;11/09/2022;15;0,836;R
ES0000000000003409CCPF;11/09/2022;16;0,091;R
ES0000000000003409CCPF;11/09/2022;17;0,132;R
ES0000000000003409CCPF;11/09/2022;18;0,088;R
ES0000000000003409CCPF;11/09/2022;19;0,085;R
ES0000000000003409CCPF;11/09/2022;20;0,386;R
ES0000000000003409CCPF;11/09/2022;21;0,353;R
ES0000000000003409CCPF;11/09/2022;22;0,126;R
ES0000000000003409CCPF;11/09/2022;23;0,129;R
ES0000000000003409CCPF;12/09/2022;0;0,083;R
ES0000000000003409CCPF;12/09/2022;1;0,039;R
ES0000000000003409CCPF;12/09/2022;2;0,047;R
ES0000000000003409CCPF;12/09/2022;3;0,05;R
ES0000000000003409CCPF;12/09/2022;4;0,029;R
ES0000000000003409CCPF;12/09/2022;5;0,047;R
ES0000000000003409CCPF;12/09/2022;6;0,044;R
ES0000000000003409CCPF;12/09/2022;7;0,033;R
ES0000000000003409CCPF;12/09/2022;8;0,042;R
ES0000000000003409CCPF;12/09/2022;9;0,036;R
ES0000000000003409CCPF;12/09/2022;10;0,395;R
ES0000000000003409CCPF;12/09/2022;11;1,527;R
ES0000000000003409CCPF;12/09/2022;12;0,361;R
ES0000000000003409CCPF;12/09/2022;13;0,08;R
ES0000000000003409CCPF;12/09/2022;14;0,398;R
ES0000000000003409CCPF;12/09/2022;15;0,109;R
ES0000000000003409CCPF;12/09/2022;16;0,06;R
ES0000000000003409CCPF;12/09/2022;17;0,037;R
ES0000000000003409CCPF;12/09/2022;18;0,042;R
ES0000000000003409CCPF;12/09/2022;19;0,038;R
ES0000000000003409CCPF;12/09/2022;20;0,146;R
ES0000000000003409CCPF;12/09/2022;21;0,102;R
ES0000000000003409CCPF;12/09/2022;22;0,068;R
ES0000000000003409CCPF;12/09/2022;23;0,049;R
ES0000000000003409CCPF;13/09/2022;0;0,061;R
ES0000000000003409CCPF;13/09/2022;1;0,046;R
ES0000000000003409CCPF;13/09/2022;2;0,035;R
ES0000000000003409CCPF;13/09/2022;3;0,038;R
ES0000000000003409CCPF;13/09/2022;4;0,036;R
ES0000000000003409CCPF;13/09/2022;5;0,046;R
ES0000000000003409CCPF;13/09/2022;6;0,027;R
ES0000000000003409CCPF;13/09/2022;7;0,047;R
ES0000000000003409CCPF;13/09/2022;8;0,026;R
ES0000000000003409CCPF;13/09/2022;9;0,045;R
ES0000000000003409CCPF;13/09/2022;10;0,034;R
ES0000000000003409CCPF;13/09/2022;11;0,09;R
ES0000000000003409CCPF;13/09/2022;12;0,054;R
ES0000000000003409CCPF;13/09/2022;13;0,04;R
ES0000000000003409CCPF;13/09/2022;14;0,11;R
ES0000000000003409CCPF;13/09/2022;15;0,029;R
ES0000000000003409CCPF;13/09/2022;16;0,036;R
ES0000000000003409CCPF;13/09/2022;17;0,737;R
ES0000000000003409CCPF;13/09/2022;18;0,444;R
ES0000000000003409CCPF;13/09/2022;19;0,031;R
ES0000000000003409CCPF;13/09/2022;20;0,03;R
ES0000000000003409CCPF;13/09/2022;21;0,033;R
ES0000000000003409CCPF;13/09/2022;22;0,034;R
ES0000000000003409CCPF;13/09/2022;23;0,082;R
ES0000000000003409CCPF;14/09/2022;0;0,057;R
ES0000000000003409CCPF;14/09/2022;1;0,056;R
ES0000000000003409CCPF;14/09/2022;2;0,042;R
ES0000000000003409CCPF;14/09/2022;3;0,032;R
ES0000000000003409CCPF;14/09/2022;4;0,036;R
ES0000000000003409CCPF;14/09/2022;5;0,036;R
ES0000000000003409CCPF;14/09/2022;6;0,033;R
ES0000000000003409CCPF;14/09/2022;7;0,03;R
ES0000000000003409CCPF;14/09/2022;8;0,03;R
ES0000000000003409CCPF;14/09/2022;9;0,031;R
ES0000000000003409CCPF;14/09/2022;10;0,101;R
ES0000000000003409CCPF;14/09/2022;11;1,22;R
ES0000000000003409CCPF;14/09/2022;12;0,031;R
ES0000000000003409CCPF;14/09/2022;13;0,03;R
ES0000000000003409CCPF;14/09/2022;14;0,028;R
ES0000000000003409CCPF;14/09/2022;15;0,034;R
ES0000000000003409CCPF;14/09/2022;16;0,034;R
ES0000000000003409CCPF;14/09/2022;17;0,034;R
ES0000000000003409CCPF;14/09/2022;18;0,03;R
ES0000000000003409CCPF;14/09/2022;19;0,03;R
ES0000000000003409CCPF;14/09/2022;20;0,026;R
ES0000000000003409CCPF;14/09/2022;21;0,031;R
ES0000000000003409CCPF;14/09/2022;22;0,029;R
ES0000000000003409CCPF;14/09/2022;23;0,03;R
ES0000000000003409CCPF;15/09/2022;0;0,028;R
ES0000000000003409CCPF;15/09/2022;1;0,029;R
ES0000000000003409CCPF;15/09/2022;2;0,053;R
ES0000000000003409CCPF;15/09/2022;3;0,034;R
ES0000000000003409CCPF;15/09/2022;4;0,034;R
ES0000000000003409CCPF;15/09/2022;5;0,021;R
ES0000000000003409CCPF;15/09/2022;6;0,036;R
ES0000000000003409CCPF;15/09/2022;7;0,023;R
ES0000000000003409CCPF;15/09/2022;8;0,034;R
ES0000000000003409CCPF;15/09/2022;9;0,031;R
ES0000000000003409CCPF;15/09/2022;10;0,026;R
ES0000000000003409CCPF;15/09/2022;11;0,065;R
ES0000000000003409CCPF;15/09/2022;12;0,039;R
ES0000000000003409CCPF;15/09/2022;13;0,15;R
ES0000000000003409CCPF;15/09/2022;14;1,172;R
ES0000000000003409CCPF;15/09/2022;15;0,029;R
ES0000000000003409CCPF;15/09/2022;16;0,027;R
ES0000000000003409CCPF;15/09/2022;17;0,028;R
ES0000000000003409CCPF;15/09/2022;18;0,028;R
ES0000000000003409CCPF;15/09/2022;19;0,029;R
ES0000000000003409CCPF;15/09/2022;20;0,028;R
ES0000000000003409CCPF;15/09/2022;21;0,028;R
ES0000000000003409CCPF;15/09/2022;22;0,029;R
ES0000000000003409CCPF;15/09/2022;23;0,091;R
ES0000000000003409CCPF;16/09/2022;0;0,06;R
ES0000000000003409CCPF;16/09/2022;1;0,1;R
ES0000000000003409CCPF;16/09/2022;2;0,048;R
ES0000000000003409CCPF;16/09/2022;3;0,032;R
ES0000000000003409CCPF;16/09/2022;4;0,03;R
ES0000000000003409CCPF;16/09/2022;5;0,029;R
ES0000000000003409CCPF;16/09/2022;6;0,03;R
ES0000000000003409CCPF;16/09/2022;7;0,029;R
ES0000000000003409CCPF;16/09/2022;8;0,029;R
ES0000000000003409CCPF;16/09/2022;9;0,027;R
ES0000000000003409CCPF;16/09/2022;10;0,1;R
ES0000000000003409CCPF;16/09/2022;11;0,047;R
ES0000000000003409CCPF;16/09/2022;12;0,146;R
ES0000000000003409CCPF;16/09/2022;13;0,042;R
ES0000000000003409CCPF;16/09/2022;14;0,048;R
ES0000000000003409CCPF;16/09/2022;15;0,037;R
ES0000000000003409CCPF;16/09/2022;16;0,029;R
ES0000000000003409CCPF;16/09/2022;17;0,029;R
ES0000000000003409CCPF;16/09/2022;18;0,029;R
ES0000000000003409CCPF;16/09/2022;19;0,029;R
ES0000000000003409CCPF;16/09/2022;20;0,029;R
ES0000000000003409CCPF;16/09/2022;21;0,081;R
ES0000000000003409CCPF;16/09/2022;22;0,154;R
ES0000000000003409CCPF;16/09/2022;23;0,547;R
ES0000000000003409CCPF;17/09/2022;0;0,04;R
ES0000000000003409CCPF;17/09/2022;1;0,031;R
ES0000000000003409CCPF;17/09/2022;2;0,051;R
ES0000000000003409CCPF;17/09/2022;3;0,023;R
ES0000000000003409CCPF;17/09/2022;4;0,03;R
ES0000000000003409CCPF;17/09/2022;5;0,028;R
ES0000000000003409CCPF;17/09/2022;6;0,029;R
ES0000000000003409CCPF;17/09/2022;7;0,03;R
ES0000000000003409CCPF;17/09/2022;8;0,029;R
ES0000000000003409CCPF;17/09/2022;9;0,029;R
ES0000000000003409CCPF;17/09/2022;10;0,029;R
ES0000000000003409CCPF;17/09/2022;11;0,028;R
ES0000000000003409CCPF;17/09/2022;12;0,029;R
ES0000000000003409CCPF;17/09/2022;13;0,39;R
ES0000000000003409CCPF;17/09/2022;14;1,095;R
ES0000000000003409CCPF;17/09/2022;15;1,081;R
ES0000000000003409CCPF;17/09/2022;16;0,139;R
ES0000000000003409CCPF;17/09/2022;17;0,143;R
ES0000000000003409CCPF;17/09/2022;18;1,036;R
ES0000000000003409CCPF;17/09/2022;19;0,037;R
ES0000000000003409CCPF;17/09/2022;20;0,766;R
ES0000000000003409CCPF;17/09/2022;21;0,031;R
ES0000000000003409CCPF;17/09/2022;22;0,029;R
ES0000000000003409CCPF;17/09/2022;23;0,029;R
ES0000000000003409CCPF;18/09/2022;0;0,029;R
ES0000000000003409CCPF;18/09/2022;1;0,029;R
ES0000000000003409CCPF;18/09/2022;2;0,038;R
ES0000000000003409CCPF;18/09/2022;3;0,032;R
ES0000000000003409CCPF;18/09/2022;4;0,032;R
ES0000000000003409CCPF;18/09/2022;5;0,02;R
ES0000000000003409CCPF;18/09/2022;6;0,038;R
ES0000000000003409CCPF;18/09/2022;7;0,02;R
ES0000000000003409CCPF;18/09/2022;8;0,037;R
ES0000000000003409CCPF;18/09/2022;9;0,032;R
ES0000000000003409CCPF;18/09/2022;10;0,029;R
ES0000000000003409CCPF;18/09/2022;11;0,059;R
ES0000000000003409CCPF;18/09/2022;12;1,305;R
ES0000000000003409CCPF;18/09/2022;13;0,662;R
ES0000000000003409CCPF;18/09/2022;14;0,624;R
ES0000000000003409CCPF;18/09/2022;15;0,887;R
ES0000000000003409CCPF;18/09/2022;16;1,392;R
ES0000000000003409CCPF;18/09/2022;17;0,192;R
ES0000000000003409CCPF;18/09/2022;18;0,109;R
ES0000000000003409CCPF;18/09/2022;19;0,07;R
ES0000000000003409CCPF;18/09/2022;20;0,042;R
ES0000000000003409CCPF;18/09/2022;21;0,041;R
ES0000000000003409CCPF;18/09/2022;22;0,03;R
ES0000000000003409CCPF;18/09/2022;23;0,043;R
ES0000000000003409CCPF;19/09/2022;0;0,045;R
ES0000000000003409CCPF;19/09/2022;1;0,056;R
ES0000000000003409CCPF;19/09/2022;2;0,022;R
ES0000000000003409CCPF;19/09/2022;3;0,03;R
ES0000000000003409CCPF;19/09/2022;4;0,028;R
ES0000000000003409CCPF;19/09/2022;5;0,029;R
ES0000000000003409CCPF;19/09/2022;6;0,03;R
ES0000000000003409CCPF;19/09/2022;7;0,029;R
ES0000000000003409CCPF;19/09/2022;8;0,03;R
ES0000000000003409CCPF;19/09/2022;9;0,029;R
ES0000000000003409CCPF;19/09/2022;10;0,129;R
ES0000000000003409CCPF;19/09/2022;11;0,567;R
ES0000000000003409CCPF;19/09/2022;12;0,978;R
ES0000000000003409CCPF;19/09/2022;13;0,354;R
ES0000000000003409CCPF;19/09/2022;14;0,055;R
ES0000000000003409CCPF;19/09/2022;15;0,059;R
ES0000000000003409CCPF;19/09/2022;16;0,069;R
ES0000000000003409CCPF;19/09/2022;17;0,106;R
ES0000000000003409CCPF;19/09/2022;18;0,075;R
ES0000000000003409CCPF;19/09/2022;19;0,066;R
ES0000000000003409CCPF;19/09/2022;20;1,263;R
ES0000000000003409CCPF;19/09/2022;21;1,551;R
ES0000000000003409CCPF;19/09/2022;22;0,56;R
ES0000000000003409CCPF;19/09/2022;23;0,112;R
ES0000000000003409CCPF;20/09/2022;0;0,096;R
ES0000000000003409CCPF;20/09/2022;1;0,105;R
ES0000000000003409CCPF;20/09/2022;2;0,078;R
ES0000000000003409CCPF;20/09/2022;3;0,056;R
ES0000000000003409CCPF;20/09/2022;4;0,039;R
ES0000000000003409CCPF;20/09/2022;5;0,035;R
ES0000000000003409CCPF;20/09/2022;6;0,034;R
ES0000000000003409CCPF;20/09/2022;7;0,033;R
ES0000000000003409CCPF;20/09/2022;8;0,034;R
ES0000000000003409CCPF;20/09/2022;9;0,16;R
ES0000000000003409CCPF;20/09/2022;10;0,044;R
ES0000000000003409CCPF;20/09/2022;11;0,03;R
ES0000000000003409CCPF;20/09/2022;12;0,029;R
ES0000000000003409CCPF;20/09/2022;13;0,029;R
ES0000000000003409CCPF;20/09/2022;14;0,045;R
ES0000000000003409CCPF;20/09/2022;15;0,027;R
ES0000000000003409CCPF;20/09/2022;16;0,029;R
ES0000000000003409CCPF;20/09/2022;17;0,03;R
ES0000000000003409CCPF;20/09/2022;18;0,029;R
ES0000000000003409CCPF;20/09/2022;19;0,029;R
ES0000000000003409CCPF;20/09/2022;20;0,171;R
ES0000000000003409CCPF;20/09/2022;21;1,601;R
ES0000000000003409CCPF;20/09/2022;22;0,88;R
ES0000000000003409CCPF;20/09/2022;23;0,029;R
ES0000000000003409CCPF;21/09/2022;0;0,089;R
ES0000000000003409CCPF;21/09/2022;1;0,054;R
ES0000000000003409CCPF;21/09/2022;2;0,031;R
ES0000000000003409CCPF;21/09/2022;3;0,03;R
ES0000000000003409CCPF;21/09/2022;4;0,034;R
ES0000000000003409CCPF;21/09/2022;5;0,034;R
ES0000000000003409CCPF;21/09/2022;6;0,033;R
ES0000000000003409CCPF;21/09/2022;7;0,032;R
ES0000000000003409CCPF;21/09/2022;8;0,029;R
ES0000000000003409CCPF;21/09/2022;9;1,417;R
ES0000000000003409CCPF;21/09/2022;10;0,326;R
ES0000000000003409CCPF;21/09/2022;11;0,188;R
ES0000000000003409CCPF;21/09/2022;12;0,023;R
ES0000000000003409CCPF;21/09/2022;13;0,118;R
ES0000000000003409CCPF;21/09/2022;14;0,062;R
ES0000000000003409CCPF;21/09/2022;15;0,046;R
ES0000000000003409CCPF;21/09/2022;16;0,034;R
ES0000000000003409CCPF;21/09/2022;17;0,032;R
ES0000000000003409CCPF;21/09/2022;18;0,031;R
ES0000000000003409CCPF;21/09/2022;19;0,032;R
ES0000000000003409CCPF;21/09/2022;20;0,07;R
ES0000000000003409CCPF;21/09/2022;21;1,479;R
ES0000000000003409CCPF;21/09/2022;22;1,318;R
ES0000000000003409CCPF;21/09/2022;23;0,213;R
ES0000000000003409CCPF;22/09/2022;0;0,071;R
ES0000000000003409CCPF;22/09/2022;1;0,099;R
ES0000000000003409CCPF;22/09/2022;2;0,062;R
ES0000000000003409CCPF;22/09/2022;3;0,032;R
ES0000000000003409CCPF;22/09/2022;4;0,035;R
ES0000000000003409CCPF;22/09/2022;5;0,038;R
ES0000000000003409CCPF;22/09/2022;6;0,031;R
ES0000000000003409CCPF;22/09/2022;7;0,03;R
ES0000000000003409CCPF;22/09/2022;8;0,03;R
ES0000000000003409CCPF;22/09/2022;9;0,593;R
ES0000000000003409CCPF;22/09/2022;10;0,134;R
ES0000000000003409CCPF;22/09/2022;11;0,043;R
ES0000000000003409CCPF;22/09/2022;12;1,242;R
ES0000000000003409CCPF;22/09/2022;13;0,861;R
ES0000000000003409CCPF;22/09/2022;14;0,028;R
ES0000000000003409CCPF;22/09/2022;15;0,62;R
ES0000000000003409CCPF;22/09/2022;16;0,546;R
ES0000000000003409CCPF;22/09/2022;17;0,03;R
ES0000000000003409CCPF;22/09/2022;18;0,028;R
ES0000000000003409CCPF;22/09/2022;19;0,04;R
ES0000000000003409CCPF;22/09/2022;20;1,419;R
ES0000000000003409CCPF;22/09/2022;21;1,739;R
ES0000000000003409CCPF;22/09/2022;22;0,39;R
ES0000000000003409CCPF;22/09/2022;23;0,084;R
ES0000000000003409CCPF;23/09/2022;0;0,037;R
ES0000000000003409CCPF;23/09/2022;1;0,022;R
ES0000000000003409CCPF;23/09/2022;2;0,038;R
ES0000000000003409CCPF;23/09/2022;3;0,031;R
ES0000000000003409CCPF;23/09/2022;4;0,02;R
ES0000000000003409CCPF;23/09/2022;5;0,036;R
ES0000000000003409CCPF;23/09/2022;6;0,02;R
ES0000000000003409CCPF;23/09/2022;7;0,039;R
ES0000000000003409CCPF;23/09/2022;8;0,033;R
ES0000000000003409CCPF;23/09/2022;9;0,177;R
ES0000000000003409CCPF;23/09/2022;10;0,145;R
ES0000000000003409CCPF;23/09/2022;11;0,679;R
ES0000000000003409CCPF;23/09/2022;12;0,514;R
ES0000000000003409CCPF;23/09/2022;13;0,046;R
ES0000000000003409CCPF;23/09/2022;14;0,505;R
ES0000000000003409CCPF;23/09/2022;15;1,457;R
ES0000000000003409CCPF;23/09/2022;16;0,333;R
ES0000000000003409CCPF;23/09/2022;17;0,021;R
ES0000000000003409CCPF;23/09/2022;18;0,031;R
ES0000000000003409CCPF;23/09/2022;19;0,103;R
ES0000000000003409CCPF;23/09/2022;20;1,221;R
ES0000000000003409CCPF;23/09/2022;21;0,118;R
ES0000000000003409CCPF;23/09/2022;22;0,691;R
ES0000000000003409CCPF;23/09/2022;23;1,356;R
ES0000000000003409CCPF;24/09/2022;0;0,039;R
ES0000000000003409CCPF;24/09/2022;1;0,041;R
ES0000000000003409CCPF;24/09/2022;2;0,02;R
ES0000000000003409CCPF;24/09/2022;3;0,039;R
ES0000000000003409CCPF;24/09/2022;4;0,033;R
ES0000000000003409CCPF;24/09/2022;5;0,03;R
ES0000000000003409CCPF;24/09/2022;6;0,059;R
ES0000000000003409CCPF;24/09/2022;7;0,064;R
ES0000000000003409CCPF;24/09/2022;8;0,031;R
ES0000000000003409CCPF;24/09/2022;9;0,149;R
ES0000000000003409CCPF;24/09/2022;10;1,77;R
ES0000000000003409CCPF;24/09/2022;11;0,632;R
ES0000000000003409CCPF;24/09/2022;12;0,737;R
ES0000000000003409CCPF;24/09/2022;13;1,239;R
ES0000000000003409CCPF;24/09/2022;14;0,155;R
ES0000000000003409CCPF;24/09/2022;15;0,032;R
ES0000000000003409CCPF;24/09/2022;16;0,027;R
ES0000000000003409CCPF;24/09/2022;17;0,03;R
ES0000000000003409CCPF;24/09/2022;18;0,029;R
ES0000000000003409CCPF;24/09/2022;19;0,091;R
ES0000000000003409CCPF;24/09/2022;20;0,041;R
ES0000000000003409CCPF;24/09/2022;21;1,773;R
ES0000000000003409CCPF;24/09/2022;22;0,884;R
ES0000000000003409CCPF;24/09/2022;23;0,736;R
ES0000000000003409CCPF;25/09/2022;0;1,28;R
ES0000000000003409CCPF;25/09/2022;1;0,031;R
ES0000000000003409CCPF;25/09/2022;2;0,029;R
ES0000000000003409CCPF;25/09/2022;3;0,03;R
ES0000000000003409CCPF;25/09/2022;4;0,029;R
ES0000000000003409CCPF;25/09/2022;5;0,03;R
ES0000000000003409CCPF;25/09/2022;6;0,029;R
ES0000000000003409CCPF;25/09/2022;7;0,028;R
ES0000000000003409CCPF;25/09/2022;8;0,029;R
ES0000000000003409CCPF;25/09/2022;9;0,163;R
ES0000000000003409CCPF;25/09/2022;10;0,077;R
ES0000000000003409CCPF;25/09/2022;11;0,358;R
ES0000000000003409CCPF;25/09/2022;12;0,645;R
ES0000000000003409CCPF;25/09/2022;13;0,942;R
ES0000000000003409CCPF;25/09/2022;14;0,062;R
ES0000000000003409CCPF;25/09/2022;15;0,159;R
ES0000000000003409CCPF;25/09/2022;16;0,922;R
ES0000000000003409CCPF;25/09/2022;17;0,395;R
ES0000000000003409CCPF;25/09/2022;18;0,15;R
ES0000000000003409CCPF;25/09/2022;19;0,035;R
ES0000000000003409CCPF;25/09/2022;20;0,045;R
ES0000000000003409CCPF;25/09/2022;21;0,114;R
ES0000000000003409CCPF;25/09/2022;22;1,206;R
ES0000000000003409CCPF;25/09/2022;23;0,212;R
ES0000000000003409CCPF;26/09/2022;0;0,077;R
ES0000000000003409CCPF;26/09/2022;1;0,028;R
ES0000000000003409CCPF;26/09/2022;2;0,055;R
ES0000000000003409CCPF;26/09/2022;3;0,626;R
ES0000000000003409CCPF;26/09/2022;4;0,7;R
ES0000000000003409CCPF;26/09/2022;5;0,07;R
ES0000000000003409CCPF;26/09/2022;6;0,058;R
ES0000000000003409CCPF;26/09/2022;7;0,045;R
ES0000000000003409CCPF;26/09/2022;8;0,055;R
ES0000000000003409CCPF;26/09/2022;9;0,111;R
ES0000000000003409CCPF;26/09/2022;10;0,11;R
ES0000000000003409CCPF;26/09/2022;11;0,094;R
ES0000000000003409CCPF;26/09/2022;12;0,028;R
ES0000000000003409CCPF;26/09/2022;13;0,494;R
ES0000000000003409CCPF;26/09/2022;14;0,419;R
ES0000000000003409CCPF;26/09/2022;15;0,031;R
ES0000000000003409CCPF;26/09/2022;16;0,079;R
ES0000000000003409CCPF;26/09/2022;17;0,097;R
ES0000000000003409CCPF;26/09/2022;18;0,053;R
ES0000000000003409CCPF;26/09/2022;19;0,027;R
ES0000000000003409CCPF;26/09/2022;20;0,04;R
ES0000000000003409CCPF;26/09/2022;21;0,08;R
ES0000000000003409CCPF;26/09/2022;22;0,192;R
ES0000000000003409CCPF;26/09/2022;23;0,849;R
ES0000000000003409CCPF;27/09/2022;0;0,166;R
ES0000000000003409CCPF;27/09/2022;1;0,053;R
ES0000000000003409CCPF;27/09/2022;2;0,092;R
ES0000000000003409CCPF;27/09/2022;3;0,054;R
ES0000000000003409CCPF;27/09/2022;4;0,03;R
ES0000000000003409CCPF;27/09/2022;5;0,03;R
ES0000000000003409CCPF;27/09/2022;6;0,029;R
ES0000000000003409CCPF;27/09/2022;7;0,029;R
ES0000000000003409CCPF;27/09/2022;8;0,028;R
ES0000000000003409CCPF;27/09/2022;9;0,027;R
ES0000000000003409CCPF;27/09/2022;10;0,028;R
ES0000000000003409CCPF;27/09/2022;11;0,095;R
ES0000000000003409CCPF;27/09/2022;12;0,042;R
ES0000000000003409CCPF;27/09/2022;13;0,243;R
ES0000000000003409CCPF;27/09/2022;14;0,523;R
ES0000000000003409CCPF;27/09/2022;15;0,224;R
ES0000000000003409CCPF;27/09/2022;16;0,962;R
ES0000000000003409CCPF;27/09/2022;17;0,054;R
ES0000000000003409CCPF;27/09/2022;18;0,049;R
ES0000000000003409CCPF;27/09/2022;19;0,203;R
ES0000000000003409CCPF;27/09/2022;20;0,132;R
ES0000000000003409CCPF;27/09/2022;21;0,524;R
ES0000000000003409CCPF;27/09/2022;22;1,577;R
ES0000000000003409CCPF;27/09/2022;23;0,95;R
ES0000000000003409CCPF;28/09/2022;0;0,038;R
ES0000000000003409CCPF;28/09/2022;1;0,03;R
ES0000000000003409CCPF;28/09/2022;2;0,029;R
ES0000000000003409CCPF;28/09/2022;3;0,027;R
ES0000000000003409CCPF;28/09/2022;4;0,029;R
ES0000000000003409CCPF;28/09/2022;5;0,023;R
ES0000000000003409CCPF;28/09/2022;6;0,031;R
ES0000000000003409CCPF;28/09/2022;7;0,02;R
ES0000000000003409CCPF;28/09/2022;8;0,03;R
ES0000000000003409CCPF;28/09/2022;9;0,259;R
ES0000000000003409CCPF;28/09/2022;10;0,111;R
ES0000000000003409CCPF;28/09/2022;11;0,074;R
ES0000000000003409CCPF;28/09/2022;12;0,037;R
ES0000000000003409CCPF;28/09/2022;13;0,029;R
ES0000000000003409CCPF;28/09/2022;14;0,029;R
ES0000000000003409CCPF;28/09/2022;15;0,028;R
ES0000000000003409CCPF;28/09/2022;16;0,035;R
ES0000000000003409CCPF;28/09/2022;17;0,072;R
ES0000000000003409CCPF;28/09/2022;18;0,042;R
ES0000000000003409CCPF;28/09/2022;19;0,038;R
ES0000000000003409CCPF;28/09/2022;20;0,031;R
ES0000000000003409CCPF;28/09/2022;21;0,029;R
ES0000000000003409CCPF;28/09/2022;22;0,046;R
ES0000000000003409CCPF;28/09/2022;23;0,581;R
ES0000000000003409CCPF;29/09/2022;0;0,434;R
ES0000000000003409CCPF;29/09/2022;1;0,038;R
ES0000000000003409CCPF;29/09/2022;2;0,048;R
ES0000000000003409CCPF;29/09/2022;3;0,045;R
ES0000000000003409CCPF;29/09/2022;4;0,036;R
ES0000000000003409CCPF;29/09/2022;5;0,042;R
ES0000000000003409CCPF;29/09/2022;6;0,086;R
ES0000000000003409CCPF;29/09/2022;7;0,036;R
ES0000000000003409CCPF;29/09/2022;8;0,041;R
ES0000000000003409CCPF;29/09/2022;9;0,024;R
ES0000000000003409CCPF;29/09/2022;10;0,029;R
ES0000000000003409CCPF;29/09/2022;11;0,153;R
ES0000000000003409CCPF;29/09/2022;12;0,259;R
ES0000000000003409CCPF;29/09/2022;13;1,098;R
ES0000000000003409CCPF;29/09/2022;14;0,026;R
ES0000000000003409CCPF;29/09/2022;15;0,036;R
ES0000000000003409CCPF;29/09/2022;16;0,122;R
ES0000000000003409CCPF;29/09/2022;17;0,058;R
ES0000000000003409CCPF;29/09/2022;18;0,038;R
ES0000000000003409CCPF;29/09/2022;19;0,095;R
ES0000000000003409CCPF;29/09/2022;20;0,061;R
ES0000000000003409CCPF;29/09/2022;21;0,064;R
ES0000000000003409CCPF;29/09/2022;22;0,078;R
ES0000000000003409CCPF;29/09/2022;23;0,158;R
ES0000000000003409CCPF;30/09/2022;0;0,035;R
ES0000000000003409CCPF;30/09/2022;1;0,034;R
ES0000000000003409CCPF;30/09/2022;2;0,04;R
ES0000000000003409CCPF;30/09/2022;3;0,039;R
ES0000000000003409CCPF;30/09/2022;4;0,038;R
ES0000000000003409CCPF;30/09/2022;5;0,04;R
ES0000000000003409CCPF;30/09/2022;6;0,037;R
ES0000000000003409CCPF;30/09/2022;7;0,039;R
ES0000000000003409CCPF;30/09/2022;8;0,031;R
ES0000000000003409CCPF;30/09/2022;9;0,076;R
ES0000000000003409CCPF;30/09/2022;10;1,062;R
ES0000000000003409CCPF;30/09/2022;11;0,034;R
ES0000000000003409CCPF;30/09/2022;12;0,021;R
ES0000000000003409CCPF;30/09/2022;13;0,034;R
ES0000000000003409CCPF;30/09/2022;14;1,094;R
ES0000000000003409CCPF;30/09/2022;15;0,041;R
ES0000000000003409CCPF;30/09/2022;16;0,117;R
ES0000000000003409CCPF;30/09/2022;17;0,137;R
ES0000000000003409CCPF;30/09/2022;18;0,039;R
ES0000000000003409CCPF;30/09/2022;19;0,056;R
ES0000000000003409CCPF;30/09/2022;20;0,048;R
ES0000000000003409CCPF;30/09/2022;21;0,087;R
ES0000000000003409CCPF;30/09/2022;22;0,091;R
ES0000000000003409CCPF;30/09/2022;23;0,977;R
ES0000000000003409CCPF;01/10/2022;0;0,067;R
ES0000000000003409CCPF;01/10/2022;1;0,05;R
ES0000000000003409CCPF;01/10/2022;2;0,046;R
ES0000000000003409CCPF;01/10/2022;3;0,047;R
ES0000000000003409CCPF;01/10/2022;4;0,046;R
ES0000000000003409CCPF;01/10/2022;5;0,047;R
ES0000000000003409CCPF;01/10/2022;6;0,039;R
ES0000000000003409CCPF;01/10/2022;7;0,047;R
ES0000000000003409CCPF;01/10/2022;8;0,039;R
ES0000000000003409CCPF;01/10/2022;9;0,047;R
ES0000000000003409CCPF;01/10/2022;10;0,046;R
ES0000000000003409CCPF;01/10/2022;11;0,045;R
ES0000000000003409CCPF;01/10/2022;12;0,046;R
ES0000000000003409CCPF;01/10/2022;13;0,04;R
ES0000000000003409CCPF;01/10/2022;14;0,087;R
ES0000000000003409CCPF;01/10/2022;15;0,608;R
ES0000000000003409CCPF;01/10/2022;16;0,096;R
ES0000000000003409CCPF;01/10/2022;17;0,112;R
ES0000000000003409CCPF;01/10/2022;18;1,344;R
ES0000000000003409CCPF;01/10/2022;19;1,48;R
ES0000000000003409CCPF;01/10/2022;20;0,433;R
ES0000000000003409CCPF;01/10/2022;21;0,438;R
ES0000000000003409CCPF;01/10/2022;22;0,053;R
ES0000000000003409CCPF;01/10/2022;23;0,085;R
ES0000000000003409CCPF;02/10/2022;0;0,113;R
ES0000000000003409CCPF;02/10/2022;1;0,09;R
ES0000000000003409CCPF;02/10/2022;2;0,077;R
ES0000000000003409CCPF;02/10/2022;3;0,039;R
ES0000000000003409CCPF;02/10/2022;4;0,1;R
ES0000000000003409CCPF;02/10/2022;5;0,039;R
ES0000000000003409CCPF;02/10/2022;6;0,041;R
ES0000000000003409CCPF;02/10/2022;7;0,034;R
ES0000000000003409CCPF;02/10/2022;8;0,037;R
ES0000000000003409CCPF;02/10/2022;9;0,056;R
ES0000000000003409CCPF;02/10/2022;10;0,042;R
ES0000000000003409CCPF;02/10/2022;11;0,047;R
ES0000000000003409CCPF;02/10/2022;12;0,048;R
ES0000000000003409CCPF;02/10/2022;13;0,455;R
ES0000000000003409CCPF;02/10/2022;14;0,671;R
ES0000000000003409CCPF;02/10/2022;15;0,049;R
ES0000000000003409CCPF;02/10/2022;16;0,049;R
ES0000000000003409CCPF;02/10/2022;17;0,066;R
ES0000000000003409CCPF;02/10/2022;18;0,096;R
ES0000000000003409CCPF;02/10/2022;19;0,062;R
ES0000000000003409CCPF;02/10/2022;20;0,048;R
ES0000000000003409CCPF;02/10/2022;21;0,067;R
ES0000000000003409CCPF;02/10/2022;22;1,225;R
ES0000000000003409CCPF;02/10/2022;23;1,383;R
ES0000000000003409CCPF;03/10/2022;0;0,391;R
ES0000000000003409CCPF;03/10/2022;1;0,093;R
ES0000000000003409CCPF;03/10/2022;2;0,064;R
ES0000000000003409CCPF;03/10/2022;3;0,045;R
ES0000000000003409CCPF;03/10/2022;4;0,043;R
ES0000000000003409CCPF;03/10/2022;5;0,038;R
ES0000000000003409CCPF;03/10/2022;6;0,035;R
ES0000000000003409CCPF;03/10/2022;7;0,037;R
ES0000000000003409CCPF;03/10/2022;8;0,038;R
ES0000000000003409CCPF;03/10/2022;9;0,566;R
ES0000000000003409CCPF;03/10/2022;10;0,523;R
ES0000000000003409CCPF;03/10/2022;11;0,094;R
ES0000000000003409CCPF;03/10/2022;12;0,033;R
ES0000000000003409CCPF;03/10/2022;13;1,244;R
ES0000000000003409CCPF;03/10/2022;14;0,715;R
ES0000000000003409CCPF;03/10/2022;15;0,036;R
ES0000000000003409CCPF;03/10/2022;16;0,04;R
ES0000000000003409CCPF;03/10/2022;17;0,047;R
ES0000000000003409CCPF;03/10/2022;18;0,058;R
ES0000000000003409CCPF;03/10/2022;19;0,056;R
ES0000000000003409CCPF;03/10/2022;20;0,186;R
ES0000000000003409CCPF;03/10/2022;21;0,7;R
ES0000000000003409CCPF;03/10/2022;22;1,486;R
ES0000000000003409CCPF;03/10/2022;23;1,485;R
ES0000000000003409CCPF;04/10/2022;0;0,955;R
ES0000000000003409CCPF;04/10/2022;1;0,045;R
ES0000000000003409CCPF;04/10/2022;2;0,03;R
ES0000000000003409CCPF;04/10/2022;3;0,037;R
ES0000000000003409CCPF;04/10/2022;4;0,034;R
ES0000000000003409CCPF;04/10/2022;5;0,035;R
ES0000000000003409CCPF;04/10/2022;6;0,036;R
ES0000000000003409CCPF;04/10/2022;7;0,037;R
ES0000000000003409CCPF;04/10/2022;8;0,04;R
ES0000000000003409CCPF;04/10/2022;9;0,317;R
ES0000000000003409CCPF;04/10/2022;10;0,117;R
ES0000000000003409CCPF;04/10/2022;11;0,156;R
ES0000000000003409CCPF;04/10/2022;12;0,273;R
ES0000000000003409CCPF;04/10/2022;13;1,147;R
ES0000000000003409CCPF;04/10/2022;14;0,036;R
ES0000000000003409CCPF;04/10/2022;15;0,037;R
ES0000000000003409CCPF;04/10/2022;16;0,026;R
ES0000000000003409CCPF;04/10/2022;17;0,034;R
ES0000000000003409CCPF;04/10/2022;18;0,033;R
ES0000000000003409CCPF;04/10/2022;19;0,04;R
ES0000000000003409CCPF;04/10/2022;20;0,08;R
ES0000000000003409CCPF;04/10/2022;21;1,337;R
ES0000000000003409CCPF;04/10/2022;22;1,008;R
ES0000000000003409CCPF;04/10/2022;23;0,508;R
ES0000000000003409CCPF;05/10/2022;0;0,037;R
ES0000000000003409CCPF;05/10/2022;1;0,097;R
ES0000000000003409CCPF;05/10/2022;2;0,06;R
ES0000000000003409CCPF;05/10/2022;3;0,037;R
ES0000000000003409CCPF;05/10/2022;4;0,034;R
ES0000000000003409CCPF;05/10/2022;5;0,038;R
ES0000000000003409CCPF;05/10/2022;6;0,028;R
ES0000000000003409CCPF;05/10/2022;7;0,038;R
ES0000000000003409CCPF;05/10/2022;8;0,028;R
ES0000000000003409CCPF;05/10/2022;9;0,381;R
ES0000000000003409CCPF;05/10/2022;10;0,082;R
ES0000000000003409CCPF;05/10/2022;11;0,031;R
ES0000000000003409CCPF;05/10/2022;12;0,037;R
ES0000000000003409CCPF;05/10/2022;13;0,118;R
ES0000000000003409CCPF;05/10/2022;14;0,037;R
ES0000000000003409CCPF;05/10/2022;15;0,037;R
ES0000000000003409CCPF;05/10/2022;16;0,031;R
ES0000000000003409CCPF;05/10/2022;17;0,038;R
ES0000000000003409CCPF;05/10/2022;18;0,026;R
ES0000000000003409CCPF;05/10/2022;19;0,042;R
ES0000000000003409CCPF;05/10/2022;20;0,078;R
ES0000000000003409CCPF;05/10/2022;21;2,621;R
ES0000000000003409CCPF;05/10/2022;22;1,224;R
ES0000000000003409CCPF;05/10/2022;23;0,099;R
ES0000000000003409CCPF;06/10/2022;0;0,053;R
ES0000000000003409CCPF;06/10/2022;1;0,043;R
ES0000000000003409CCPF;06/10/2022;2;0,037;R
ES0000000000003409CCPF;06/10/2022;3;0,037;R
ES0000000000003409CCPF;06/10/2022;4;0,034;R
ES0000000000003409CCPF;06/10/2022;5;0,039;R
ES0000000000003409CCPF;06/10/2022;6;0,027;R
ES0000000000003409CCPF;06/10/2022;7;0,041;R
ES0000000000003409CCPF;06/10/2022;8;0,027;R
ES0000000000003409CCPF;06/10/2022;9;0,095;R
ES0000000000003409CCPF;06/10/2022;10;0,11;R
ES0000000000003409CCPF;06/10/2022;11;0,984;R
ES0000000000003409CCPF;06/10/2022;12;0,402;R
ES0000000000003409CCPF;06/10/2022;13;0,034;R
ES0000000000003409CCPF;06/10/2022;14;0,037;R
ES0000000000003409CCPF;06/10/2022;15;0,078;R
ES0000000000003409CCPF;06/10/2022;16;0,045;R
ES0000000000003409CCPF;06/10/2022;17;0,036;R
ES0000000000003409CCPF;06/10/2022;18;0,11;R
ES0000000000003409CCPF;06/10/2022;19;0,062;R
ES0000000000003409CCPF;06/10/2022;20;1,087;R
ES0000000000003409CCPF;06/10/2022;21;2,039;R
ES0000000000003409CCPF;06/10/2022;22;1,384;R
ES0000000000003409CCPF;06/10/2022;23;0,112;R
ES0000000000003409CCPF;07/10/2022;0;0,04;R
ES0000000000003409CCPF;07/10/2022;1;0,037;R
ES0000000000003409CCPF;07/10/2022;2;0,035;R
ES0000000000003409CCPF;07/10/2022;3;0,037;R
ES0000000000003409CCPF;07/10/2022;4;0,032;R
ES0000000000003409CCPF;07/10/2022;5;0,039;R
ES0000000000003409CCPF;07/10/2022;6;0,027;R
ES0000000000003409CCPF;07/10/2022;7;0,038;R
ES0000000000003409CCPF;07/10/2022;8;0,078;R
ES0000000000003409CCPF;07/10/2022;9;0,183;R
ES0000000000003409CCPF;07/10/2022;10;0,21;R
ES0000000000003409CCPF;07/10/2022;11;0,114;R
ES0000000000003409CCPF;07/10/2022;12;0,06;R
ES0000000000003409CCPF;07/10/2022;13;0,727;R
ES0000000000003409CCPF;07/10/2022;14;1,335;R
ES0000000000003409CCPF;07/10/2022;15;0,039;R
ES0000000000003409CCPF;07/10/2022;16;0,034;R
ES0000000000003409CCPF;07/10/2022;17;0,04;R
ES0000000000003409CCPF;07/10/2022;18;0,032;R
ES0000000000003409CCPF;07/10/2022;19;0,04;R
ES0000000000003409CCPF;07/10/2022;20;0,642;R
ES0000000000003409CCPF;07/10/2022;21;2,414;R
ES0000000000003409CCPF;07/10/2022;22;1,246;R
ES0000000000003409CCPF;07/10/2022;23;0,167;R
ES0000000000003409CCPF;08/10/2022;0;0,948;R
ES0000000000003409CCPF;08/10/2022;1;0,061;R
ES0000000000003409CCPF;08/10/2022;2;0,04;R
ES0000000000003409CCPF;08/10/2022;3;0,037;R
ES0000000000003409CCPF;08/10/2022;4;0,038;R
ES0000000000003409CCPF;08/10/2022;5;0,03;R
ES0000000000003409CCPF;08/10/2022;6;0,037;R
ES0000000000003409CCPF;08/10/2022;7;0,03;R
ES0000000000003409CCPF;08/10/2022;8;0,036;R
ES0000000000003409CCPF;08/10/2022;9;0,038;R
ES0000000000003409CCPF;08/10/2022;10;1,405;R
ES0000000000003409CCPF;08/10/2022;11;0,988;R
ES0000000000003409CCPF;08/10/2022;12;1,205;R
ES0000000000003409CCPF;08/10/2022;13;1,26;R
ES0000000000003409CCPF;08/10/2022;14;0,064;R
ES0000000000003409CCPF;08/10/2022;15;0,076;R
ES0000000000003409CCPF;08/10/2022;16;0,502;R
ES0000000000003409CCPF;08/10/2022;17;0,437;R
ES0000000000003409CCPF;08/10/2022;18;0,04;R
ES0000000000003409CCPF;08/10/2022;19;0,409;R
ES0000000000003409CCPF;08/10/2022;20;0,688;R
ES0000000000003409CCPF;08/10/2022;21;0,182;R
ES0000000000003409CCPF;08/10/2022;22;0,94;R
ES0000000000003409CCPF;08/10/2022;23;0,113;R
ES0000000000003409CCPF;09/10/2022;0;0,063;R
ES0000000000003409CCPF;09/10/2022;1;0,171;R
ES0000000000003409CCPF;09/10/2022;2;0,354;R
ES0000000000003409CCPF;09/10/2022;3;0,048;R
ES0000000000003409CCPF;09/10/2022;4;0,048;R
ES0000000000003409CCPF;09/10/2022;5;0,04;R
ES0000000000003409CCPF;09/10/2022;6;0,035;R
ES0000000000003409CCPF;09/10/2022;7;0,027;R
ES0000000000003409CCPF;09/10/2022;8;0,037;R
ES0000000000003409CCPF;09/10/2022;9;0,483;R
ES0000000000003409CCPF;09/10/2022;10;0,451;R
ES0000000000003409CCPF;09/10/2022;11;0,109;R
ES0000000000003409CCPF;09/10/2022;12;1,001;R
ES0000000000003409CCPF;09/10/2022;13;0,54;R
ES0000000000003409CCPF;09/10/2022;14;0,277;R
ES0000000000003409CCPF;09/10/2022;15;0,07;R
ES0000000000003409CCPF;09/10/2022;16;0,047;R
ES0000000000003409CCPF;09/10/2022;17;0,046;R
ES0000000000003409CCPF;09/10/2022;18;0,045;R
ES0000000000003409CCPF;09/10/2022;19;1,209;R
ES0000000000003409CCPF;09/10/2022;20;0,254;R
ES0000000000003409CCPF;09/10/2022;21;0,047;R
ES0000000000003409CCPF;09/10/2022;22;0,2;R
ES0000000000003409CCPF;09/10/2022;23;0,051;R
ES0000000000003409CCPF;10/10/2022;0;0,071;R
ES0000000000003409CCPF;10/10/2022;1;0,037;R
ES0000000000003409CCPF;10/10/2022;2;0,033;R
ES0000000000003409CCPF;10/10/2022;3;0,036;R
ES0000000000003409CCPF;10/10/2022;4;0,029;R
ES0000000000003409CCPF;10/10/2022;5;0,037;R
ES0000000000003409CCPF;10/10/2022;6;0,026;R
ES0000000000003409CCPF;10/10/2022;7;0,037;R
ES0000000000003409CCPF;10/10/2022;8;0,033;R
ES0000000000003409CCPF;10/10/2022;9;0,035;R
ES0000000000003409CCPF;10/10/2022;10;0,053;R
ES0000000000003409CCPF;10/10/2022;11;0,141;R
ES0000000000003409CCPF;10/10/2022;12;1,384;R
ES0000000000003409CCPF;10/10/2022;13;0,058;R
ES0000000000003409CCPF;10/10/2022;14;0,067;R
ES0000000000003409CCPF;10/10/2022;15;0,032;R
ES0000000000003409CCPF;10/10/2022;16;0,053;R
ES0000000000003409CCPF;10/10/2022;17;0,04;R
ES0000000000003409CCPF;10/10/2022;18;0,073;R
ES0000000000003409CCPF;10/10/2022;19;0,082;R
ES0000000000003409CCPF;10/10/2022;20;0,059;R
ES0000000000003409CCPF;10/10/2022;21;0,05;R
ES0000000000003409CCPF;10/10/2022;22;0,067;R
ES0000000000003409CCPF;10/10/2022;23;0,446;R
ES0000000000003409CCPF;11/10/2022;0;0,122;R
ES0000000000003409CCPF;11/10/2022;1;0,055;R
ES0000000000003409CCPF;11/10/2022;2;0,048;R
ES0000000000003409CCPF;11/10/2022;3;0,034;R
ES0000000000003409CCPF;11/10/2022;4;0,042;R
ES0000000000003409CCPF;11/10/2022;5;0,028;R
ES0000000000003409CCPF;11/10/2022;6;0,039;R
ES0000000000003409CCPF;11/10/2022;7;0,038;R
ES0000000000003409CCPF;11/10/2022;8;0,036;R
ES0000000000003409CCPF;11/10/2022;9;0,057;R
ES0000000000003409CCPF;11/10/2022;10;0,992;R
ES0000000000003409CCPF;11/10/2022;11;1,164;R
ES0000000000003409CCPF;11/10/2022;12;0,698;R
ES0000000000003409CCPF;11/10/2022;13;0,057;R
ES0000000000003409CCPF;11/10/2022;14;0,115;R
ES0000000000003409CCPF;11/10/2022;15;0,067;R
ES0000000000003409CCPF;11/10/2022;16;0,078;R
ES0000000000003409CCPF;11/10/2022;17;0,082;R
ES0000000000003409CCPF;11/10/2022;18;0,088;R
ES0000000000003409CCPF;11/10/2022;19;0,07;R
ES0000000000003409CCPF;11/10/2022;20;0,221;R
ES0000000000003409CCPF;11/10/2022;21;0,116;R
ES0000000000003409CCPF;11/10/2022;22;0,15;R
ES0000000000003409CCPF;11/10/2022;23;0,056;R
ES0000000000003409CCPF;12/10/2022;0;0,036;R
ES0000000000003409CCPF;12/10/2022;1;0,043;R
ES0000000000003409CCPF;12/10/2022;2;0,027;R
ES0000000000003409CCPF;12/10/2022;3;0,039;R
ES0000000000003409CCPF;12/10/2022;4;0,027;R
ES0000000000003409CCPF;12/10/2022;5;0,04;R
ES0000000000003409CCPF;12/10/2022;6;0,03;R
ES0000000000003409CCPF;12/10/2022;7;0,036;R
ES0000000000003409CCPF;12/10/2022;8;0,034;R
ES0000000000003409CCPF;12/10/2022;9;0,101;R
ES0000000000003409CCPF;12/10/2022;10;0,133;R
ES0000000000003409CCPF;12/10/2022;11;1,091;R
ES0000000000003409CCPF;12/10/2022;12;0,099;R
ES0000000000003409CCPF;12/10/2022;13;0,081;R
ES0000000000003409CCPF;12/10/2022;14;0,033;R
ES0000000000003409CCPF;12/10/2022;15;0,042;R
ES0000000000003409CCPF;12/10/2022;16;0,029;R
ES0000000000003409CCPF;12/10/2022;17;0,04;R
ES0000000000003409CCPF;12/10/2022;18;0,031;R
ES0000000000003409CCPF;12/10/2022;19;0,038;R
ES0000000000003409CCPF;12/10/2022;20;1,266;R
ES0000000000003409CCPF;12/10/2022;21;2,009;R
ES0000000000003409CCPF;12/10/2022;22;1,218;R
ES0000000000003409CCPF;12/10/2022;23;0,118;R
ES0000000000003409CCPF;13/10/2022;0;0,625;R
ES0000000000003409CCPF;13/10/2022;1;1,423;R
ES0000000000003409CCPF;13/10/2022;2;0,405;R
ES0000000000003409CCPF;13/10/2022;3;0,035;R
ES0000000000003409CCPF;13/10/2022;4;0,036;R
ES0000000000003409CCPF;13/10/2022;5;0,034;R
ES0000000000003409CCPF;13/10/2022;6;0,036;R
ES0000000000003409CCPF;13/10/2022;7;0,034;R
ES0000000000003409CCPF;13/10/2022;8;0,035;R
ES0000000000003409CCPF;13/10/2022;9;0,15;R
ES0000000000003409CCPF;13/10/2022;10;0,045;R
ES0000000000003409CCPF;13/10/2022;11;0,038;R
ES0000000000003409CCPF;13/10/2022;12;0,043;R
ES0000000000003409CCPF;13/10/2022;13;0,766;R
ES0000000000003409CCPF;13/10/2022;14;0,128;R
ES0000000000003409CCPF;13/10/2022;15;0,028;R
ES0000000000003409CCPF;13/10/2022;16;0,035;R
ES0000000000003409CCPF;13/10/2022;17;0,034;R
ES0000000000003409CCPF;13/10/2022;18;0,034;R
ES0000000000003409CCPF;13/10/2022;19;0,086;R
ES0000000000003409CCPF;13/10/2022;20;0,061;R
ES0000000000003409CCPF;13/10/2022;21;0,068;R
ES0000000000003409CCPF;13/10/2022;22;0,653;R
ES0000000000003409CCPF;13/10/2022;23;0,101;R
ES0000000000003409CCPF;14/10/2022;0;0,08;R
ES0000000000003409CCPF;14/10/2022;1;0,032;R
ES0000000000003409CCPF;14/10/2022;2;0,04;R
ES0000000000003409CCPF;14/10/2022;3;0,027;R
ES0000000000003409CCPF;14/10/2022;4;0,038;R
ES0000000000003409CCPF;14/10/2022;5;0,027;R
ES0000000000003409CCPF;14/10/2022;6;0,038;R
ES0000000000003409CCPF;14/10/2022;7;0,032;R
ES0000000000003409CCPF;14/10/2022;8;0,035;R
ES0000000000003409CCPF;14/10/2022;9;0,52;R
ES0000000000003409CCPF;14/10/2022;10;0,656;R
ES0000000000003409CCPF;14/10/2022;11;0,081;R
ES0000000000003409CCPF;14/10/2022;12;0,051;R
ES0000000000003409CCPF;14/10/2022;13;0,156;R
ES0000000000003409CCPF;14/10/2022;14;0,058;R
ES0000000000003409CCPF;14/10/2022;15;0,495;R
ES0000000000003409CCPF;14/10/2022;16;0,1;R
ES0000000000003409CCPF;14/10/2022;17;0,035;R
ES0000000000003409CCPF;14/10/2022;18;0,034;R
ES0000000000003409CCPF;14/10/2022;19;0,035;R
ES0000000000003409CCPF;14/10/2022;20;0,032;R
ES0000000000003409CCPF;14/10/2022;21;0,036;R
ES0000000000003409CCPF;14/10/2022;22;0,028;R
ES0000000000003409CCPF;14/10/2022;23;0,782;R
ES0000000000003409CCPF;15/10/2022;0;1,46;R
ES0000000000003409CCPF;15/10/2022;1;0,965;R
ES0000000000003409CCPF;15/10/2022;2;0,036;R
ES0000000000003409CCPF;15/10/2022;3;0,035;R
ES0000000000003409CCPF;15/10/2022;4;0,034;R
ES0000000000003409CCPF;15/10/2022;5;0,036;R
ES0000000000003409CCPF;15/10/2022;6;0,078;R
ES0000000000003409CCPF;15/10/2022;7;0,06;R
ES0000000000003409CCPF;15/10/2022;8;0,038;R
ES0000000000003409CCPF;15/10/2022;9;0,037;R
ES0000000000003409CCPF;15/10/2022;10;0,036;R
ES0000000000003409CCPF;15/10/2022;11;0,089;R
ES0000000000003409CCPF;15/10/2022;12;0,5;R
ES0000000000003409CCPF;15/10/2022;13;0,278;R
ES0000000000003409CCPF;15/10/2022;14;0,857;R
ES0000000000003409CCPF;15/10/2022;15;1,958;R
ES0000000000003409CCPF;15/10/2022;16;0,696;R
ES0000000000003409CCPF;15/10/2022;17;0,119;R
ES0000000000003409CCPF;15/10/2022;18;0,032;R
ES0000000000003409CCPF;15/10/2022;19;0,135;R
ES0000000000003409CCPF;15/10/2022;20;0,611;R
ES0000000000003409CCPF;15/10/2022;21;0,503;R
ES0000000000003409CCPF;15/10/2022;22;1,338;R
ES0000000000003409CCPF;15/10/2022;23;1,892;R
ES0000000000003409CCPF;16/10/2022;0;0,227;R
ES0000000000003409CCPF;16/10/2022;1;0,137;R
ES0000000000003409CCPF;16/10/2022;2;0,078;R
ES0000000000003409CCPF;16/10/2022;3;0,056;R
ES0000000000003409CCPF;16/10/2022;4;0,034;R
ES0000000000003409CCPF;16/10/2022;5;0,035;R
ES0000000000003409CCPF;16/10/2022;6;0,031;R
ES0000000000003409CCPF;16/10/2022;7;0,036;R
ES0000000000003409CCPF;16/10/2022;8;0,027;R
ES0000000000003409CCPF;16/10/2022;9;0,038;R
ES0000000000003409CCPF;16/10/2022;10;0,026;R
ES0000000000003409CCPF;16/10/2022;11;0,038;R
ES0000000000003409CCPF;16/10/2022;12;1,24;R
ES0000000000003409CCPF;16/10/2022;13;0,572;R
ES0000000000003409CCPF;16/10/2022;14;0,211;R
ES0000000000003409CCPF;16/10/2022;15;1,942;R
ES0000000000003409CCPF;16/10/2022;16;1,191;R
ES0000000000003409CCPF;16/10/2022;17;0,056;R
ES0000000000003409CCPF;16/10/2022;18;0,081;R
ES0000000000003409CCPF;16/10/2022;19;0,77;R
ES0000000000003409CCPF;16/10/2022;20;0,233;R
ES0000000000003409CCPF;16/10/2022;21;0,079;R
ES0000000000003409CCPF;16/10/2022;22;0,034;R
ES0000000000003409CCPF;16/10/2022;23;0,19;R
ES0000000000003409CCPF;17/10/2022;0;0,058;R
ES0000000000003409CCPF;17/10/2022;1;0,046;R
ES0000000000003409CCPF;17/10/2022;2;0,035;R
ES0000000000003409CCPF;17/10/2022;3;0,035;R
ES0000000000003409CCPF;17/10/2022;4;0,036;R
ES0000000000003409CCPF;17/10/2022;5;0,031;R
ES0000000000003409CCPF;17/10/2022;6;0,1;R
ES0000000000003409CCPF;17/10/2022;7;0,06;R
ES0000000000003409CCPF;17/10/2022;8;0,04;R
ES0000000000003409CCPF;17/10/2022;9;0,097;R
ES0000000000003409CCPF;17/10/2022;10;0,696;R
ES0000000000003409CCPF;17/10/2022;11;0,927;R
ES0000000000003409CCPF;17/10/2022;12;1,225;R
ES0000000000003409CCPF;17/10/2022;13;0,806;R
ES0000000000003409CCPF;17/10/2022;14;0,121;R
ES0000000000003409CCPF;17/10/2022;15;0,076;R
ES0000000000003409CCPF;17/10/2022;16;0,15;R
ES0000000000003409CCPF;17/10/2022;17;0,044;R
ES0000000000003409CCPF;17/10/2022;18;0,028;R
ES0000000000003409CCPF;17/10/2022;19;0,035;R
ES0000000000003409CCPF;17/10/2022;20;0,082;R
ES0000000000003409CCPF;17/10/2022;21;0,066;R
ES0000000000003409CCPF;17/10/2022;22;0,128;R
ES0000000000003409CCPF;17/10/2022;23;0,072;R
ES0000000000003409CCPF;18/10/2022;0;0,048;R
ES0000000000003409CCPF;18/10/2022;1;0,036;R
ES0000000000003409CCPF;18/10/2022;2;0,035;R
ES0000000000003409CCPF;18/10/2022;3;0,033;R
ES0000000000003409CCPF;18/10/2022;4;0,035;R
ES0000000000003409CCPF;18/10/2022;5;0,033;R
ES0000000000003409CCPF;18/10/2022;6;0,035;R
ES0000000000003409CCPF;18/10/2022;7;0,03;R
ES0000000000003409CCPF;18/10/2022;8;0,038;R
ES0000000000003409CCPF;18/10/2022;9;0,051;R
ES0000000000003409CCPF;18/10/2022;10;0,406;R
ES0000000000003409CCPF;18/10/2022;11;0,443;R
ES0000000000003409CCPF;18/10/2022;12;0,052;R
ES0000000000003409CCPF;18/10/2022;13;1,314;R
ES0000000000003409CCPF;18/10/2022;14;0,792;R
ES0000000000003409CCPF;18/10/2022;15;0,082;R
ES0000000000003409CCPF;18/10/2022;16;0,031;R
ES0000000000003409CCPF;18/10/2022;17;0,037;R
ES0000000000003409CCPF;18/10/2022;18;0,035;R
ES0000000000003409CCPF;18/10/2022;19;0,037;R
ES0000000000003409CCPF;18/10/2022;20;0,622;R
ES0000000000003409CCPF;18/10/2022;21;1,742;R
ES0000000000003409CCPF;18/10/2022;22;1,48;R
ES0000000000003409CCPF;18/10/2022;23;0,073;R
ES0000000000003409CCPF;19/10/2022;0;0,038;R
ES0000000000003409CCPF;19/10/2022;1;0,038;R
ES0000000000003409CCPF;19/10/2022;2;0,036;R
ES0000000000003409CCPF;19/10/2022;3;0,035;R
ES0000000000003409CCPF;19/10/2022;4;0,035;R
ES0000000000003409CCPF;19/10/2022;5;0,034;R
ES0000000000003409CCPF;19/10/2022;6;0,036;R
ES0000000000003409CCPF;19/10/2022;7;0,027;R
ES0000000000003409CCPF;19/10/2022;8;0,038;R
ES0000000000003409CCPF;19/10/2022;9;0,214;R
ES0000000000003409CCPF;19/10/2022;10;0,051;R
ES0000000000003409CCPF;19/10/2022;11;0,035;R
ES0000000000003409CCPF;19/10/2022;12;0,033;R
ES0000000000003409CCPF;19/10/2022;13;0,11;R
ES0000000000003409CCPF;19/10/2022;14;0,035;R
ES0000000000003409CCPF;19/10/2022;15;0,035;R
ES0000000000003409CCPF;19/10/2022;16;0,035;R
ES0000000000003409CCPF;19/10/2022;17;0,034;R
ES0000000000003409CCPF;19/10/2022;18;0,035;R
ES0000000000003409CCPF;19/10/2022;19;0,065;R
ES0000000000003409CCPF;19/10/2022;20;0,072;R
ES0000000000003409CCPF;19/10/2022;21;0,04;R
ES0000000000003409CCPF;19/10/2022;22;0,042;R
ES0000000000003409CCPF;19/10/2022;23;0,027;R
ES0000000000003409CCPF;20/10/2022;0;0,036;R
ES0000000000003409CCPF;20/10/2022;1;0,041;R
ES0000000000003409CCPF;20/10/2022;2;0,581;R
ES0000000000003409CCPF;20/10/2022;3;0,239;R
ES0000000000003409CCPF;20/10/2022;4;0,033;R
ES0000000000003409CCPF;20/10/2022;5;0,034;R
ES0000000000003409CCPF;20/10/2022;6;0,031;R
ES0000000000003409CCPF;20/10/2022;7;0,036;R
ES0000000000003409CCPF;20/10/2022;8;0,028;R
ES0000000000003409CCPF;20/10/2022;9;0,037;R
ES0000000000003409CCPF;20/10/2022;10;0,026;R
ES0000000000003409CCPF;20/10/2022;11;0,078;R
ES0000000000003409CCPF;20/10/2022;12;0,779;R
ES0000000000003409CCPF;20/10/2022;13;1,371;R
ES0000000000003409CCPF;20/10/2022;14;0,137;R
ES0000000000003409CCPF;20/10/2022;15;0,105;R
ES0000000000003409CCPF;20/10/2022;16;0,05;R
ES0000000000003409CCPF;20/10/2022;17;0,035;R
ES0000000000003409CCPF;20/10/2022;18;0,035;R
ES0000000000003409CCPF;20/10/2022;19;0,033;R
ES0000000000003409CCPF;20/10/2022;20;0,035;R
ES0000000000003409CCPF;20/10/2022;21;0,029;R
ES0000000000003409CCPF;20/10/2022;22;0,037;R
ES0000000000003409CCPF;20/10/2022;23;0,053;R
ES0000000000003409CCPF;21/10/2022;0;0,068;R
ES0000000000003409CCPF;21/10/2022;1;0,566;R
ES0000000000003409CCPF;21/10/2022;2;0,101;R
ES0000000000003409CCPF;21/10/2022;3;0,059;R
ES0000000000003409CCPF;21/10/2022;4;0,037;R
ES0000000000003409CCPF;21/10/2022;5;0,035;R
ES0000000000003409CCPF;21/10/2022;6;0,036;R
ES0000000000003409CCPF;21/10/2022;7;0,034;R
ES0000000000003409CCPF;21/10/2022;8;0,037;R
ES0000000000003409CCPF;21/10/2022;9;0,027;R
ES0000000000003409CCPF;21/10/2022;10;0,089;R
ES0000000000003409CCPF;21/10/2022;11;1,624;R
ES0000000000003409CCPF;21/10/2022;12;0,925;R
ES0000000000003409CCPF;21/10/2022;13;0,06;R
ES0000000000003409CCPF;21/10/2022;14;0,026;R
ES0000000000003409CCPF;21/10/2022;15;0,038;R
ES0000000000003409CCPF;21/10/2022;16;0,031;R
ES0000000000003409CCPF;21/10/2022;17;0,035;R
ES0000000000003409CCPF;21/10/2022;18;0,035;R
ES0000000000003409CCPF;21/10/2022;19;0,034;R
ES0000000000003409CCPF;21/10/2022;20;0,034;R
ES0000000000003409CCPF;21/10/2022;21;0,028;R
ES0000000000003409CCPF;21/10/2022;22;0,066;R
ES0000000000003409CCPF;21/10/2022;23;0,074;R
ES0000000000003409CCPF;22/10/2022;0;0,038;R
ES0000000000003409CCPF;22/10/2022;1;0,036;R
ES0000000000003409CCPF;22/10/2022;2;0,095;R
ES0000000000003409CCPF;22/10/2022;3;0,032;R
ES0000000000003409CCPF;22/10/2022;4;0,036;R
ES0000000000003409CCPF;22/10/2022;5;0,026;R
ES0000000000003409CCPF;22/10/2022;6;0,035;R
ES0000000000003409CCPF;22/10/2022;7;0,027;R
ES0000000000003409CCPF;22/10/2022;8;0,038;R
ES0000000000003409CCPF;22/10/2022;9;0,03;R
ES0000000000003409CCPF;22/10/2022;10;0,092;R
ES0000000000003409CCPF;22/10/2022;11;0,069;R
ES0000000000003409CCPF;22/10/2022;12;0,143;R
ES0000000000003409CCPF;22/10/2022;13;0,417;R
ES0000000000003409CCPF;22/10/2022;14;1,0;R
ES0000000000003409CCPF;22/10/2022;15;1,502;R
ES0000000000003409CCPF;22/10/2022;16;0,503;R
ES0000000000003409CCPF;22/10/2022;17;0,095;R
ES0000000000003409CCPF;22/10/2022;18;0,075;R
ES0000000000003409CCPF;22/10/2022;19;0,075;R
ES0000000000003409CCPF;22/10/2022;20;0,11;R
ES0000000000003409CCPF;22/10/2022;21;0,4;R
ES0000000000003409CCPF;22/10/2022;22;1,419;R
ES0000000000003409CCPF;22/10/2022;23;0,927;R
ES0000000000003409CCPF;23/10/2022;0;0,221;R
ES0000000000003409CCPF;23/10/2022;1;0,752;R
ES0000000000003409CCPF;23/10/2022;2;0,049;R
ES0000000000003409CCPF;23/10/2022;3;0,049;R
ES0000000000003409CCPF;23/10/2022;4;0,035;R
ES0000000000003409CCPF;23/10/2022;5;0,033;R
ES0000000000003409CCPF;23/10/2022;6;0,036;R
ES0000000000003409CCPF;23/10/2022;7;0,027;R
ES0000000000003409CCPF;23/10/2022;8;0,037;R
ES0000000000003409CCPF;23/10/2022;9;0,026;R
ES0000000000003409CCPF;23/10/2022;10;0,039;R
ES0000000000003409CCPF;23/10/2022;11;0,073;R
ES0000000000003409CCPF;23/10/2022;12;0,936;R
ES0000000000003409CCPF;23/10/2022;13;0,764;R
ES0000000000003409CCPF;23/10/2022;14;0,512;R
ES0000000000003409CCPF;23/10/2022;15;0,072;R
ES0000000000003409CCPF;23/10/2022;16;0,15;R
ES0000000000003409CCPF;23/10/2022;17;0,129;R
ES0000000000003409CCPF;23/10/2022;18;0,058;R
ES0000000000003409CCPF;23/10/2022;19;0,54;R
ES0000000000003409CCPF;23/10/2022;20;2,383;R
ES0000000000003409CCPF;23/10/2022;21;0,233;R
ES0000000000003409CCPF;23/10/2022;22;0,093;R
ES0000000000003409CCPF;23/10/2022;23;1,327;R
ES0000000000003409CCPF;24/10/2022;0;1,172;R
ES0000000000003409CCPF;24/10/2022;1;0,041;R
ES0000000000003409CCPF;24/10/2022;2;0,033;R
ES0000000000003409CCPF;24/10/2022;3;0,036;R
ES0000000000003409CCPF;24/10/2022;4;0,036;R
ES0000000000003409CCPF;24/10/2022;5;0,035;R
ES0000000000003409CCPF;24/10/2022;6;0,037;R
ES0000000000003409CCPF;24/10/2022;7;0,09;R
ES0000000000003409CCPF;24/10/2022;8;0,061;R
ES0000000000003409CCPF;24/10/2022;9;0,171;R
ES0000000000003409CCPF;24/10/2022;10;0,097;R
ES0000000000003409CCPF;24/10/2022;11;0,096;R
ES0000000000003409CCPF;24/10/2022;12;0,614;R
ES0000000000003409CCPF;24/10/2022;13;0,681;R
ES0000000000003409CCPF;24/10/2022;14;0,033;R
ES0000000000003409CCPF;24/10/2022;15;0,033;R
ES0000000000003409CCPF;24/10/2022;16;0,033;R
ES0000000000003409CCPF;24/10/2022;17;0,028;R
ES0000000000003409CCPF;24/10/2022;18;0,033;R
ES0000000000003409CCPF;24/10/2022;19;0,025;R
ES0000000000003409CCPF;24/10/2022;20;0,033;R
ES0000000000003409CCPF;24/10/2022;21;0,049;R
ES0000000000003409CCPF;24/10/2022;22;0,236;R
ES0000000000003409CCPF;24/10/2022;23;0,101;R
ES0000000000003409CCPF;25/10/2022;0;0,086;R
ES0000000000003409CCPF;25/10/2022;1;0,08;R
ES0000000000003409CCPF;25/10/2022;2;0,044;R
ES0000000000003409CCPF;25/10/2022;3;0,038;R
ES0000000000003409CCPF;25/10/2022;4;0,034;R
ES0000000000003409CCPF;25/10/2022;5;0,095;R
ES0000000000003409CCPF;25/10/2022;6;0,054;R
ES0000000000003409CCPF;25/10/2022;7;0,037;R
ES0000000000003409CCPF;25/10/2022;8;0,026;R
ES0000000000003409CCPF;25/10/2022;9;0,164;R
ES0000000000003409CCPF;25/10/2022;10;0,097;R
ES0000000000003409CCPF;25/10/2022;11;0,036;R
ES0000000000003409CCPF;25/10/2022;12;0,074;R
ES0000000000003409CCPF;25/10/2022;13;0,666;R
ES0000000000003409CCPF;25/10/2022;14;0,885;R
ES0000000000003409CCPF;25/10/2022;15;0,369;R
ES0000000000003409CCPF;25/10/2022;16;0,036;R
ES0000000000003409CCPF;25/10/2022;17;0,029;R
ES0000000000003409CCPF;25/10/2022;18;0,035;R
ES0000000000003409CCPF;25/10/2022;19;0,034;R
ES0000000000003409CCPF;25/10/2022;20;0,953;R
ES0000000000003409CCPF;25/10/2022;21;1,488;R
ES0000000000003409CCPF;25/10/2022;22;0,941;R
ES0000000000003409CCPF;25/10/2022;23;0,358;R
ES0000000000003409CCPF;26/10/2022;0;0,038;R
ES0000000000003409CCPF;26/10/2022;1;0,039;R
ES0000000000003409CCPF;26/10/2022;2;0,03;R
ES0000000000003409CCPF;26/10/2022;3;0,035;R
ES0000000000003409CCPF;26/10/2022;4;0,034;R
ES0000000000003409CCPF;26/10/2022;5;0,034;R
ES0000000000003409CCPF;26/10/2022;6;0,035;R
ES0000000000003409CCPF;26/10/2022;7;0,144;R
ES0000000000003409CCPF;26/10/2022;8;0,627;R
ES0000000000003409CCPF;26/10/2022;9;0,778;R
ES0000000000003409CCPF;26/10/2022;10;0,101;R
ES0000000000003409CCPF;26/10/2022;11;0,037;R
ES0000000000003409CCPF;26/10/2022;12;0,027;R
ES0000000000003409CCPF;26/10/2022;13;0,052;R
ES0000000000003409CCPF;26/10/2022;14;0,032;R
ES0000000000003409CCPF;26/10/2022;15;0,036;R
ES0000000000003409CCPF;26/10/2022;16;0,033;R
ES0000000000003409CCPF;26/10/2022;17;0,032;R
ES0000000000003409CCPF;26/10/2022;18;0,033;R
ES0000000000003409CCPF;26/10/2022;19;0,025;R
ES0000000000003409CCPF;26/10/2022;20;0,034;R
ES0000000000003409CCPF;26/10/2022;21;0,095;R
ES0000000000003409CCPF;26/10/2022;22;0,057;R
ES0000000000003409CCPF;26/10/2022;23;0,045;R
ES0000000000003409CCPF;27/10/2022;0;0,041;R
ES0000000000003409CCPF;27/10/2022;1;0,038;R
ES0000000000003409CCPF;27/10/2022;2;0,046;R
ES0000000000003409CCPF;27/10/2022;3;0,033;R
ES0000000000003409CCPF;27/10/2022;4;0,033;R
ES0000000000003409CCPF;27/10/2022;5;0,033;R
ES0000000000003409CCPF;27/10/2022;6;0,031;R
ES0000000000003409CCPF;27/10/2022;7;0,034;R
ES0000000000003409CCPF;27/10/2022;8;0,026;R
ES0000000000003409CCPF;27/10/2022;9;0,035;R
ES0000000000003409CCPF;27/10/2022;10;0,192;R
ES0000000000003409CCPF;27/10/2022;11;1,379;R
ES0000000000003409CCPF;27/10/2022;12;1,465;R
ES0000000000003409CCPF;27/10/2022;13;0,481;R
ES0000000000003409CCPF;27/10/2022;14;0,259;R
ES0000000000003409CCPF;27/10/2022;15;0,225;R
ES0000000000003409CCPF;27/10/2022;16;0,302;R
ES0000000000003409CCPF;27/10/2022;17;0,351;R
ES0000000000003409CCPF;27/10/2022;18;0,033;R
ES0000000000003409CCPF;27/10/2022;19;0,035;R
ES0000000000003409CCPF;27/10/2022;20;0,032;R
ES0000000000003409CCPF;27/10/2022;21;0,035;R
ES0000000000003409CCPF;27/10/2022;22;0,148;R
ES0000000000003409CCPF;27/10/2022;23;0,083;R
ES0000000000003409CCPF;28/10/2022;0;0,061;R
ES0000000000003409CCPF;28/10/2022;1;0,036;R
ES0000000000003409CCPF;28/10/2022;2;0,035;R
ES0000000000003409CCPF;28/10/2022;3;0,033;R
ES0000000000003409CCPF;28/10/2022;4;0,035;R
ES0000000000003409CCPF;28/10/2022;5;0,031;R
ES0000000000003409CCPF;28/10/2022;6;0,035;R
ES0000000000003409CCPF;28/10/2022;7;0,026;R
ES0000000000003409CCPF;28/10/2022;8;0,039;R
ES0000000000003409CCPF;28/10/2022;9;0,035;R
ES0000000000003409CCPF;28/10/2022;10;0,137;R
ES0000000000003409CCPF;28/10/2022;11;0,944;R
ES0000000000003409CCPF;28/10/2022;12;0,508;R
ES0000000000003409CCPF;28/10/2022;13;0,167;R
ES0000000000003409CCPF;28/10/2022;14;0,569;R
ES0000000000003409CCPF;28/10/2022;15;1,214;R
ES0000000000003409CCPF;28/10/2022;16;0,034;R
ES0000000000003409CCPF;28/10/2022;17;0,034;R
ES0000000000003409CCPF;28/10/2022;18;0,026;R
ES0000000000003409CCPF;28/10/2022;19;0,035;R
ES0000000000003409CCPF;28/10/2022;20;0,025;R
ES0000000000003409CCPF;28/10/2022;21;0,035;R
ES0000000000003409CCPF;28/10/2022;22;0,031;R
ES0000000000003409CCPF;28/10/2022;23;0,4;R
ES0000000000003409CCPF;29/10/2022;0;0,078;R
ES0000000000003409CCPF;29/10/2022;1;0,109;R
ES0000000000003409CCPF;29/10/2022;2;0,059;R
ES0000000000003409CCPF;29/10/2022;3;0,035;R
ES0000000000003409CCPF;29/10/2022;4;0,029;R
ES0000000000003409CCPF;29/10/2022;5;0,037;R
ES0000000000003409CCPF;29/10/2022;6;0,025;R
ES0000000000003409CCPF;29/10/2022;7;0,035;R
ES0000000000003409CCPF;29/10/2022;8;0,03;R
ES0000000000003409CCPF;29/10/2022;9;0,532;R
ES0000000000003409CCPF;29/10/2022;10;0,263;R
ES0000000000003409CCPF;29/10/2022;11;1,753;R
ES0000000000003409CCPF;29/10/2022;12;0,69;R
ES0000000000003409CCPF;29/10/2022;13;0,029;R
ES0000000000003409CCPF;29/10/2022;14;0,279;R
ES0000000000003409CCPF;29/10/2022;15;0,128;R
ES0000000000003409CCPF;29/10/2022;16;0,154;R
ES0000000000003409CCPF;29/10/2022;17;0,098;R
ES0000000000003409CCPF;29/10/2022;18;0,063;R
ES0000000000003409CCPF;29/10/2022;19;0,055;R
ES0000000000003409CCPF;29/10/2022;20;0,051;R
ES0000000000003409CCPF;29/10/2022;21;0,057;R
ES0000000000003409CCPF;29/10/2022;22;0,069;R
ES0000000000003409CCPF;29/10/2022;23;0,039;R
ES0000000000003409CCPF;30/10/2022;0;0,033;R
ES0000000000003409CCPF;30/10/2022;1;0,028;R
ES0000000000003409CCPF;30/10/2022;2;0,034;R
ES0000000000003409CCPF;30/10/2022;2;0,095;R
ES0000000000003409CCPF;30/10/2022;3;0,071;R
ES0000000000003409CCPF;30/10/2022;4;0,043;R
ES0000000000003409CCPF;30/10/2022;5;0,038;R
ES0000000000003409CCPF;30/10/2022;6;0,027;R
ES0000000000003409CCPF;30/10/2022;7;0,036;R
ES0000000000003409CCPF;30/10/2022;8;0,033;R
ES0000000000003409CCPF;30/10/2022;9;0,034;R
ES0000000000003409CCPF;30/10/2022;10;0,15;R
ES0000000000003409CCPF;30/10/2022;11;0,612;R
ES0000000000003409CCPF;30/10/2022;12;1,41;R
ES0000000000003409CCPF;30/10/2022;13;1,165;R
ES0000000000003409CCPF;30/10/2022;14;0,033;R
ES0000000000003409CCPF;30/10/2022;15;0,025;R
ES0000000000003409CCPF;30/10/2022;16;0,034;R
ES0000000000003409CCPF;30/10/2022;17;0,025;R
ES0000000000003409CCPF;30/10/2022;18;0,034;R
ES0000000000003409CCPF;30/10/2022;19;0,033;R
ES0000000000003409CCPF;30/10/2022;20;0,032;R
ES0000000000003409CCPF;30/10/2022;21;0,033;R
ES0000000000003409CCPF;30/10/2022;22;0,028;R
ES0000000000003409CCPF;30/10/2022;23;0,033;R
ES0000000000003409CCPF;31/10/2022;0;0,089;R
ES0000000000003409CCPF;31/10/2022;1;0,057;R
ES0000000000003409CCPF;31/10/2022;2;0,035;R
ES0000000000003409CCPF;31/10/2022;3;0,032;R
ES0000000000003409CCPF;31/10/2022;4;0,033;R
ES0000000000003409CCPF;31/10/2022;5;0,025;R
ES0000000000003409CCPF;31/10/2022;6;0,033;R
ES0000000000003409CCPF;31/10/2022;7;0,031;R
ES0000000000003409CCPF;31/10/2022;8;0,032;R
ES0000000000003409CCPF;31/10/2022;9;0,032;R
ES0000000000003409CCPF;31/10/2022;10;0,032;R
ES0000000000003409CCPF;31/10/2022;11;0,033;R
ES0000000000003409CCPF;31/10/2022;12;0,029;R
ES0000000000003409CCPF;31/10/2022;13;0,033;R
ES0000000000003409CCPF;31/10/2022;14;0,024;R
ES0000000000003409CCPF;31/10/2022;15;0,568;R
ES0000000000003409CCPF;31/10/2022;16;0,024;R
ES0000000000003409CCPF;31/10/2022;17;0,033;R
ES0000000000003409CCPF;31/10/2022;18;0,032;R
ES0000000000003409CCPF;31/10/2022;19;0,032;R
ES0000000000003409CCPF;31/10/2022;20;0,031;R
ES0000000000003409CCPF;31/10/2022;21;0,032;R
ES0000000000003409CCPF;31/10/2022;22;0,026;R
ES0000000000003409CCPF;31/10/2022;23;0,033;R
ES0000000000003409CCPF;01/11/2022;0;0,024;R
ES0000000000003409CCPF;01/11/2022;1;0,028;R
ES0000000000003409CCPF;01/11/2022;2;0,032;R
ES0000000000003409CCPF;01/11/2022;3;0,031;R
ES0000000000003409CCPF;01/11/2022;4;0,033;R
ES0000000000003409CCPF;01/11/2022;5;0,031;R
ES0000000000003409CCPF;01/11/2022;6;0,025;R
ES0000000000003409CCPF;01/11/2022;7;0,033;R
ES0000000000003409CCPF;01/11/2022;8;0,025;R
ES0000000000003409CCPF;01/11/2022;9;0,026;R
ES0000000000003409CCPF;01/11/2022;10;0,033;R
ES0000000000003409CCPF;01/11/2022;11;0,031;R
ES0000000000003409CCPF;01/11/2022;12;0,573;R
ES0000000000003409CCPF;01/11/2022;13;0,031;R
ES0000000000003409CCPF;01/11/2022;14;0,026;R
ES0000000000003409CCPF;01/11/2022;15;0,035;R
ES0000000000003409CCPF;01/11/2022;16;0,024;R
ES0000000000003409CCPF;01/11/2022;17;0,032;R
ES0000000000003409CCPF;01/11/2022;18;0,024;R
ES0000000000003409CCPF;01/11/2022;19;0,032;R
ES0000000000003409CCPF;01/11/2022;20;0,032;R
ES0000000000003409CCPF;01/11/2022;21;0,031;R
ES0000000000003409CCPF;01/11/2022;22;0,029;R
ES0000000000003409CCPF;01/11/2022;23;0,032;R
ES0000000000003409CCPF;02/11/2022;0;0,024;R
ES0000000000003409CCPF;02/11/2022;1;0,032;R
ES0000000000003409CCPF;02/11/2022;2;0,024;R
ES0000000000003409CCPF;02/11/2022;3;0,032;R
ES0000000000003409CCPF;02/11/2022;4;0,031;R
ES0000000000003409CCPF;02/11/2022;5;0,032;R
ES0000000000003409CCPF;02/11/2022;6;0,03;R
ES0000000000003409CCPF;02/11/2022;7;0,025;R
ES0000000000003409CCPF;02/11/2022;8;0,034;R
ES0000000000003409CCPF;02/11/2022;9;0,595;R
ES0000000000003409CCPF;02/11/2022;10;0,024;R
ES0000000000003409CCPF;02/11/2022;11;0,033;R
ES0000000000003409CCPF;02/11/2022;12;0,03;R
ES0000000000003409CCPF;02/11/2022;13;0,032;R
ES0000000000003409CCPF;02/11/2022;14;0,03;R
ES0000000000003409CCPF;02/11/2022;15;0,699;R
ES0000000000003409CCPF;02/11/2022;16;0,609;R
ES0000000000003409CCPF;02/11/2022;17;0,026;R
ES0000000000003409CCPF;02/11/2022;18;0,032;R
ES0000000000003409CCPF;02/11/2022;19;0,032;R
ES0000000000003409CCPF;02/11/2022;20;0,031;R
ES0000000000003409CCPF;02/11/2022;21;0,032;R
ES0000000000003409CCPF;02/11/2022;22;0,032;R
ES0000000000003409CCPF;02/11/2022;23;0,153;R
ES0000000000003409CCPF;03/11/2022;0;0,059;R
ES0000000000003409CCPF;03/11/2022;1;0,04;R
ES0000000000003409CCPF;03/11/2022;2;0,031;R
ES0000000000003409CCPF;03/11/2022;3;0,024;R
ES0000000000003409CCPF;03/11/2022;4;0,033;R
ES0000000000003409CCPF;03/11/2022;5;0,024;R
ES0000000000003409CCPF;03/11/2022;6;0,032;R
ES0000000000003409CCPF;03/11/2022;7;0,032;R
ES0000000000003409CCPF;03/11/2022;8;0,048;R
ES0000000000003409CCPF;03/11/2022;9;1,435;R
ES0000000000003409CCPF;03/11/2022;10;0,284;R
ES0000000000003409CCPF;03/11/2022;11;0,061;R
ES0000000000003409CCPF;03/11/2022;12;0,075;R
ES0000000000003409CCPF;03/11/2022;13;0,042;R
ES0000000000003409CCPF;03/11/2022;14;1,061;R
ES0000000000003409CCPF;03/11/2022;15;0,118;R
ES0000000000003409CCPF;03/11/2022;16;0,032;R
ES0000000000003409CCPF;03/11/2022;17;0,028;R
ES0000000000003409CCPF;03/11/2022;18;0,033;R
ES0000000000003409CCPF;03/11/2022;19;0,023;R
ES0000000000003409CCPF;03/11/2022;20;0,025;R
ES0000000000003409CCPF;03/11/2022;21;0,031;R
ES0000000000003409CCPF;03/11/2022;22;0,033;R
ES0000000000003409CCPF;03/11/2022;23;0,41;R
ES0000000000003409CCPF;04/11/2022;0;1,428;R
ES0000000000003409CCPF;04/11/2022;1;0,824;R
ES0000000000003409CCPF;04/11/2022;2;0,032;R
ES0000000000003409CCPF;04/11/2022;3;0,026;R
ES0000000000003409CCPF;04/11/2022;4;0,033;R
ES0000000000003409CCPF;04/11/2022;5;0,031;R
ES0000000000003409CCPF;04/11/2022;6;0,031;R
ES0000000000003409CCPF;04/11/2022;7;0,023;R
ES0000000000003409CCPF;04/11/2022;8;0,069;R
ES0000000000003409CCPF;04/11/2022;9;0,175;R
ES0000000000003409CCPF;04/11/2022;10;0,081;R
ES0000000000003409CCPF;04/11/2022;11;0,03;R
ES0000000000003409CCPF;04/11/2022;12;0,033;R
ES0000000000003409CCPF;04/11/2022;13;0,988;R
ES0000000000003409CCPF;04/11/2022;14;0,068;R
ES0000000000003409CCPF;04/11/2022;15;0,031;R
ES0000000000003409CCPF;04/11/2022;16;0,037;R
ES0000000000003409CCPF;04/11/2022;17;0,031;R
ES0000000000003409CCPF;04/11/2022;18;0,032;R
ES0000000000003409CCPF;04/11/2022;19;0,024;R
ES0000000000003409CCPF;04/11/2022;20;0,025;R
ES0000000000003409CCPF;04/11/2022;21;0,033;R
ES0000000000003409CCPF;04/11/2022;22;0,03;R
ES0000000000003409CCPF;04/11/2022;23;0,03;R
ES0000000000003409CCPF;05/11/2022;0;0,024;R
ES0000000000003409CCPF;05/11/2022;1;0,026;R
ES0000000000003409CCPF;05/11/2022;2;0,714;R
ES0000000000003409CCPF;05/11/2022;3;0,028;R
ES0000000000003409CCPF;05/11/2022;4;0,03;R
ES0000000000003409CCPF;05/11/2022;5;0,023;R
ES0000000000003409CCPF;05/11/2022;6;0,03;R
ES0000000000003409CCPF;05/11/2022;7;0,031;R
ES0000000000003409CCPF;05/11/2022;8;0,026;R
ES0000000000003409CCPF;05/11/2022;9;0,029;R
ES0000000000003409CCPF;05/11/2022;10;0,047;R
ES0000000000003409CCPF;05/11/2022;11;0,12;R
ES0000000000003409CCPF;05/11/2022;12;0,065;R
ES0000000000003409CCPF;05/11/2022;13;1,161;R
ES0000000000003409CCPF;05/11/2022;14;0,677;R
ES0000000000003409CCPF;05/11/2022;15;0,163;R
ES0000000000003409CCPF;05/11/2022;16;0,24;R
ES0000000000003409CCPF;05/11/2022;17;0,517;R
ES0000000000003409CCPF;05/11/2022;18;1,116;R
ES0000000000003409CCPF;05/11/2022;19;0,029;R
ES0000000000003409CCPF;05/11/2022;20;0,031;R
ES0000000000003409CCPF;05/11/2022;21;0,03;R
ES0000000000003409CCPF;05/11/2022;22;0,143;R
ES0000000000003409CCPF;05/11/2022;23;0,874;R
ES0000000000003409CCPF;06/11/2022;0;1,391;R
ES0000000000003409CCPF;06/11/2022;1;1,067;R
ES0000000000003409CCPF;06/11/2022;2;0,03;R
ES0000000000003409CCPF;06/11/2022;3;0,032;R
ES0000000000003409CCPF;06/11/2022;4;0,027;R
ES0000000000003409CCPF;06/11/2022;5;0,023;R
ES0000000000003409CCPF;06/11/2022;6;0,094;R
ES0000000000003409CCPF;06/11/2022;7;0,045;R
ES0000000000003409CCPF;06/11/2022;8;0,039;R
ES0000000000003409CCPF;06/11/2022;9;0,024;R
ES0000000000003409CCPF;06/11/2022;10;0,051;R
ES0000000000003409CCPF;06/11/2022;11;0,282;R
ES0000000000003409CCPF;06/11/2022;12;0,068;R
ES0000000000003409CCPF;06/11/2022;13;0,122;R
ES0000000000003409CCPF;06/11/2022;14;2,166;R
ES0000000000003409CCPF;06/11/2022;15;0,902;R
ES0000000000003409CCPF;06/11/2022;16;0,233;R
ES0000000000003409CCPF;06/11/2022;17;1,172;R
ES0000000000003409CCPF;06/11/2022;18;1,654;R
ES0000000000003409CCPF;06/11/2022;19;0,902;R
ES0000000000003409CCPF;06/11/2022;20;0,516;R
ES0000000000003409CCPF;06/11/2022;21;0,109;R
ES0000000000003409CCPF;06/11/2022;22;0,649;R
ES0000000000003409CCPF;06/11/2022;23;1,5;R
ES0000000000003409CCPF;07/11/2022;0;0,038;R
ES0000000000003409CCPF;07/11/2022;1;0,038;R
ES0000000000003409CCPF;07/11/2022;2;0,032;R
ES0000000000003409CCPF;07/11/2022;3;0,034;R
ES0000000000003409CCPF;07/11/2022;4;0,033;R
ES0000000000003409CCPF;07/11/2022;5;0,032;R
ES0000000000003409CCPF;07/11/2022;6;0,031;R
ES0000000000003409CCPF;07/11/2022;7;0,025;R
ES0000000000003409CCPF;07/11/2022;8;0,031;R
ES0000000000003409CCPF;07/11/2022;9;0,258;R
ES0000000000003409CCPF;07/11/2022;10;0,58;R
ES0000000000003409CCPF;07/11/2022;11;0,131;R
ES0000000000003409CCPF;07/11/2022;12;0,123;R
ES0000000000003409CCPF;07/11/2022;13;0,127;R
ES0000000000003409CCPF;07/11/2022;14;0,031;R
ES0000000000003409CCPF;07/11/2022;15;0,047;R
ES0000000000003409CCPF;07/11/2022;16;0,101;R
ES0000000000003409CCPF;07/11/2022;17;0,033;R
ES0000000000003409CCPF;07/11/2022;18;0,033;R
ES0000000000003409CCPF;07/11/2022;19;0,032;R
ES0000000000003409CCPF;07/11/2022;20;0,05;R
ES0000000000003409CCPF;07/11/2022;21;1,632;R
ES0000000000003409CCPF;07/11/2022;22;1,438;R
ES0000000000003409CCPF;07/11/2022;23;0,083;R
ES0000000000003409CCPF;08/11/2022;0;0,039;R
ES0000000000003409CCPF;08/11/2022;1;0,035;R
ES0000000000003409CCPF;08/11/2022;2;0,032;R
ES0000000000003409CCPF;08/11/2022;3;0,025;R
ES0000000000003409CCPF;08/11/2022;4;0,031;R
ES0000000000003409CCPF;08/11/2022;5;0,025;R
ES0000000000003409CCPF;08/11/2022;6;0,031;R
ES0000000000003409CCPF;08/11/2022;7;0,031;R
ES0000000000003409CCPF;08/11/2022;8;0,024;R
ES0000000000003409CCPF;08/11/2022;9;0,113;R
ES0000000000003409CCPF;08/11/2022;10;0,081;R
ES0000000000003409CCPF;08/11/2022;11;0,103;R
ES0000000000003409CCPF;08/11/2022;12;0,674;R
ES0000000000003409CCPF;08/11/2022;13;1,384;R
ES0000000000003409CCPF;08/11/2022;14;1,044;R
ES0000000000003409CCPF;08/11/2022;15;0,024;R
ES0000000000003409CCPF;08/11/2022;16;0,026;R
ES0000000000003409CCPF;08/11/2022;17;0,032;R
ES0000000000003409CCPF;08/11/2022;18;0,268;R
ES0000000000003409CCPF;08/11/2022;19;0,727;R
ES0000000000003409CCPF;08/11/2022;20;0,077;R
ES0000000000003409CCPF;08/11/2022;21;0,854;R
ES0000000000003409CCPF;08/11/2022;22;0,09;R
ES0000000000003409CCPF;08/11/2022;23;0,151;R
ES0000000000003409CCPF;09/11/2022;0;0,062;R
ES0000000000003409CCPF;09/11/2022;1;0,036;R
ES0000000000003409CCPF;09/11/2022;2;0,032;R
ES0000000000003409CCPF;09/11/2022;3;0,033;R
ES0000000000003409CCPF;09/11/2022;4;0,027;R
ES0000000000003409CCPF;09/11/2022;5;0,024;R
ES0000000000003409CCPF;09/11/2022;6;0,03;R
ES0000000000003409CCPF;09/11/2022;7;0,03;R
ES0000000000003409CCPF;09/11/2022;8;0,031;R
ES0000000000003409CCPF;09/11/2022;9;1,155;R
ES0000000000003409CCPF;09/11/2022;10;0,645;R
ES0000000000003409CCPF;09/11/2022;11;0,093;R
ES0000000000003409CCPF;09/11/2022;12;0,153;R
ES0000000000003409CCPF;09/11/2022;13;0,096;R
ES0000000000003409CCPF;09/11/2022;14;1,043;R
ES0000000000003409CCPF;09/11/2022;15;0,447;R
ES0000000000003409CCPF;09/11/2022;16;0,223;R
ES0000000000003409CCPF;09/11/2022;17;0,058;R
ES0000000000003409CCPF;09/11/2022;18;0,049;R
ES0000000000003409CCPF;09/11/2022;19;0,209;R
ES0000000000003409CCPF;09/11/2022;20;0,195;R
ES0000000000003409CCPF;09/11/2022;21;0,568;R
ES0000000000003409CCPF;09/11/2022;22;1,482;R
ES0000000000003409CCPF;09/11/2022;23;0,589;R
ES0000000000003409CCPF;10/11/2022;0;0,041;R
ES0000000000003409CCPF;10/11/2022;1;0,033;R
ES0000000000003409CCPF;10/11/2022;2;0,025;R
ES0000000000003409CCPF;10/11/2022;3;0,033;R
ES0000000000003409CCPF;10/11/2022;4;0,029;R
ES0000000000003409CCPF;10/11/2022;5;0,033;R
ES0000000000003409CCPF;10/11/2022;6;0,032;R
ES0000000000003409CCPF;10/11/2022;7;0,085;R
ES0000000000003409CCPF;10/11/2022;8;0,219;R
ES0000000000003409CCPF;10/11/2022;9;0,173;R
ES0000000000003409CCPF;10/11/2022;10;0,075;R
ES0000000000003409CCPF;10/11/2022;11;0,113;R
ES0000000000003409CCPF;10/11/2022;12;0,095;R
ES0000000000003409CCPF;10/11/2022;13;0,054;R
ES0000000000003409CCPF;10/11/2022;14;0,035;R
ES0000000000003409CCPF;10/11/2022;15;0,028;R
ES0000000000003409CCPF;10/11/2022;16;0,487;R
ES0000000000003409CCPF;10/11/2022;17;0,036;R
ES0000000000003409CCPF;10/11/2022;18;0,703;R
ES0000000000003409CCPF;10/11/2022;19;0,77;R
ES0000000000003409CCPF;10/11/2022;20;0,124;R
ES0000000000003409CCPF;10/11/2022;21;0,342;R
ES0000000000003409CCPF;10/11/2022;22;0,386;R
ES0000000000003409CCPF;10/11/2022;23;0,191;R
ES0000000000003409CCPF;11/11/2022;0;0,064;R
ES0000000000003409CCPF;11/11/2022;1;0,045;R
ES0000000000003409CCPF;11/11/2022;2;0,026;R
ES0000000000003409CCPF;11/11/2022;3;0,031;R
ES0000000000003409CCPF;11/11/2022;4;0,033;R
ES0000000000003409CCPF;11/11/2022;5;0,028;R
ES0000000000003409CCPF;11/11/2022;6;0,024;R
ES0000000000003409CCPF;11/11/2022;7;0,034;R
ES0000000000003409CCPF;11/11/2022;8;0,025;R
ES0000000000003409CCPF;11/11/2022;9;0,118;R
ES0000000000003409CCPF;11/11/2022;10;0,099;R
ES0000000000003409CCPF;11/11/2022;11;0,051;R
ES0000000000003409CCPF;11/11/2022;12;0,04;R
ES0000000000003409CCPF;11/11/2022;13;0,079;R
ES0000000000003409CCPF;11/11/2022;14;0,026;R
ES0000000000003409CCPF;11/11/2022;15;0,034;R
ES0000000000003409CCPF;11/11/2022;16;0,414;R
ES0000000000003409CCPF;11/11/2022;17;0,028;R
ES0000000000003409CCPF;11/11/2022;18;0,032;R
ES0000000000003409CCPF;11/11/2022;19;0,546;R
ES0000000000003409CCPF;11/11/2022;20;0,6;R
ES0000000000003409CCPF;11/11/2022;21;0,79;R
ES0000000000003409CCPF;11/11/2022;22;0,492;R
ES0000000000003409CCPF;11/11/2022;23;0,806;R
ES0000000000003409CCPF;12/11/2022;0;0,126;R
ES0000000000003409CCPF;12/11/2022;1;0,461;R
ES0000000000003409CCPF;12/11/2022;2;0,041;R
ES0000000000003409CCPF;12/11/2022;3;0,038;R
ES0000000000003409CCPF;12/11/2022;4;0,028;R
ES0000000000003409CCPF;12/11/2022;5;0,034;R
ES0000000000003409CCPF;12/11/2022;6;0,034;R
ES0000000000003409CCPF;12/11/2022;7;0,028;R
ES0000000000003409CCPF;12/11/2022;8;0,033;R
ES0000000000003409CCPF;12/11/2022;9;0,052;R
ES0000000000003409CCPF;12/11/2022;10;0,233;R
ES0000000000003409CCPF;12/11/2022;11;0,106;R
ES0000000000003409CCPF;12/11/2022;12;1,827;R
ES0000000000003409CCPF;12/11/2022;13;0,965;R
ES0000000000003409CCPF;12/11/2022;14;0,094;R
ES0000000000003409CCPF;12/11/2022;15;0,388;R
ES0000000000003409CCPF;12/11/2022;16;1,121;R
ES0000000000003409CCPF;12/11/2022;17;0,333;R
ES0000000000003409CCPF;12/11/2022;18;0,183;R
ES0000000000003409CCPF;12/11/2022;19;0,267;R
ES0000000000003409CCPF;12/11/2022;20;0,725;R
ES0000000000003409CCPF;12/11/2022;21;0,108;R
ES0000000000003409CCPF;12/11/2022;22;0,04;R
ES0000000000003409CCPF;12/11/2022;23;0,769;R
ES0000000000003409CCPF;13/11/2022;0;1,301;R
ES0000000000003409CCPF;13/11/2022;1;1,417;R
ES0000000000003409CCPF;13/11/2022;2;0,608;R
ES0000000000003409CCPF;13/11/2022;3;0,032;R
ES0000000000003409CCPF;13/11/2022;4;0,033;R
ES0000000000003409CCPF;13/11/2022;5;0,028;R
ES0000000000003409CCPF;13/11/2022;6;0,033;R
ES0000000000003409CCPF;13/11/2022;7;0,065;R
ES0000000000003409CCPF;13/11/2022;8;0,09;R
ES0000000000003409CCPF;13/11/2022;9;0,039;R
ES0000000000003409CCPF;13/11/2022;10;0,037;R
ES0000000000003409CCPF;13/11/2022;11;0,391;R
ES0000000000003409CCPF;13/11/2022;12;0,666;R
ES0000000000003409CCPF;13/11/2022;13;1,252;R
ES0000000000003409CCPF;13/11/2022;14;1,753;R
ES0000000000003409CCPF;13/11/2022;15;1,448;R
ES0000000000003409CCPF;13/11/2022;16;0,614;R
ES0000000000003409CCPF;13/11/2022;17;0,029;R
ES0000000000003409CCPF;13/11/2022;18;0,064;R
ES0000000000003409CCPF;13/11/2022;19;0,09;R
ES0000000000003409CCPF;13/11/2022;20;0,204;R
ES0000000000003409CCPF;13/11/2022;21;0,218;R
ES0000000000003409CCPF;13/11/2022;22;0,045;R
ES0000000000003409CCPF;13/11/2022;23;0,107;R
ES0000000000003409CCPF;14/11/2022;0;0,051;R
ES0000000000003409CCPF;14/11/2022;1;0,05;R
ES0000000000003409CCPF;14/11/2022;2;0,029;R
ES0000000000003409CCPF;14/11/2022;3;0,037;R
ES0000000000003409CCPF;14/11/2022;4;0,043;R
ES0000000000003409CCPF;14/11/2022;5;0,034;R
ES0000000000003409CCPF;14/11/2022;6;0,025;R
ES0000000000003409CCPF;14/11/2022;7;0,033;R
ES0000000000003409CCPF;14/11/2022;8;0,092;R
ES0000000000003409CCPF;14/11/2022;9;0,379;R
ES0000000000003409CCPF;14/11/2022;10;1,78;R
ES0000000000003409CCPF;14/11/2022;11;0,2;R
ES0000000000003409CCPF;14/11/2022;12;0,378;R
ES0000000000003409CCPF;14/11/2022;13;0,513;R
ES0000000000003409CCPF;14/11/2022;14;0,275;R
ES0000000000003409CCPF;14/11/2022;15;0,04;R
ES0000000000003409CCPF;14/11/2022;16;1,514;R
ES0000000000003409CCPF;14/11/2022;17;0,882;R
ES0000000000003409CCPF;14/11/2022;18;0,136;R
ES0000000000003409CCPF;14/11/2022;19;0,894;R
ES0000000000003409CCPF;14/11/2022;20;0,107;R
ES0000000000003409CCPF;14/11/2022;21;0,092;R
ES0000000000003409CCPF;14/11/2022;22;0,209;R
ES0000000000003409CCPF;14/11/2022;23;0,108;R
ES0000000000003409CCPF;15/11/2022;0;0,083;R
ES0000000000003409CCPF;15/11/2022;1;0,038;R
ES0000000000003409CCPF;15/11/2022;2;0,03;R
ES0000000000003409CCPF;15/11/2022;3;0,034;R
ES0000000000003409CCPF;15/11/2022;4;0,03;R
ES0000000000003409CCPF;15/11/2022;5;0,025;R
ES0000000000003409CCPF;15/11/2022;6;0,028;R
ES0000000000003409CCPF;15/11/2022;7;0,034;R
ES0000000000003409CCPF;15/11/2022;8;0,031;R
ES0000000000003409CCPF;15/11/2022;9;0,031;R
ES0000000000003409CCPF;15/11/2022;10;1,295;R
ES0000000000003409CCPF;15/11/2022;11;0,544;R
ES0000000000003409CCPF;15/11/2022;12;0,143;R
ES0000000000003409CCPF;15/11/2022;13;0,07;R
ES0000000000003409CCPF;15/11/2022;14;0,071;R
ES0000000000003409CCPF;15/11/2022;15;0,056;R
ES0000000000003409CCPF;15/11/2022;16;0,036;R
ES0000000000003409CCPF;15/11/2022;17;0,045;R
ES0000000000003409CCPF;15/11/2022;18;0,855;R
ES0000000000003409CCPF;15/11/2022;19;0,136;R
ES0000000000003409CCPF;15/11/2022;20;0,531;R
ES0000000000003409CCPF;15/11/2022;21;0,645;R
ES0000000000003409CCPF;15/11/2022;22;0,602;R
ES0000000000003409CCPF;15/11/2022;23;0,217;R
ES0000000000003409CCPF;16/11/2022;0;1,376;R
ES0000000000003409CCPF;16/11/2022;1;0,048;R
ES0000000000003409CCPF;16/11/2022;2;0,028;R
ES0000000000003409CCPF;16/11/2022;3;0,033;R
ES0000000000003409CCPF;16/11/2022;4;0,098;R
ES0000000000003409CCPF;16/11/2022;5;0,046;R
ES0000000000003409CCPF;16/11/2022;6;0,043;R
ES0000000000003409CCPF;16/11/2022;7;0,026;R
ES0000000000003409CCPF;16/11/2022;8;0,029;R
ES0000000000003409CCPF;16/11/2022;9;0,276;R
ES0000000000003409CCPF;16/11/2022;10;0,184;R
ES0000000000003409CCPF;16/11/2022;11;0,782;R
ES0000000000003409CCPF;16/11/2022;12;0,509;R
ES0000000000003409CCPF;16/11/2022;13;0,546;R
ES0000000000003409CCPF;16/11/2022;14;1,735;R
ES0000000000003409CCPF;16/11/2022;15;1,404;R
ES0000000000003409CCPF;16/11/2022;16;0,085;R
ES0000000000003409CCPF;16/11/2022;17;0,431;R
ES0000000000003409CCPF;16/11/2022;18;0,616;R
ES0000000000003409CCPF;16/11/2022;19;0,115;R
ES0000000000003409CCPF;16/11/2022;20;0,102;R
ES0000000000003409CCPF;16/11/2022;21;0,098;R
ES0000000000003409CCPF;16/11/2022;22;0,229;R
ES0000000000003409CCPF;16/11/2022;23;0,135;R
ES0000000000003409CCPF;17/11/2022;0;0,545;R
ES0000000000003409CCPF;17/11/2022;1;0,032;R
ES0000000000003409CCPF;17/11/2022;2;0,029;R
ES0000000000003409CCPF;17/11/2022;3;0,025;R
ES0000000000003409CCPF;17/11/2022;4;0,031;R
ES0000000000003409CCPF;17/11/2022;5;0,032;R
ES0000000000003409CCPF;17/11/2022;6;0,03;R
ES0000000000003409CCPF;17/11/2022;7;0,03;R
ES0000000000003409CCPF;17/11/2022;8;0,121;R
ES0000000000003409CCPF;17/11/2022;9;0,055;R
ES0000000000003409CCPF;17/11/2022;10;0,046;R
ES0000000000003409CCPF;17/11/2022;11;1,13;R
ES0000000000003409CCPF;17/11/2022;12;1,173;R
ES0000000000003409CCPF;17/11/2022;13;0,933;R
ES0000000000003409CCPF;17/11/2022;14;1,183;R
ES0000000000003409CCPF;17/11/2022;15;1,125;R
ES0000000000003409CCPF;17/11/2022;16;0,393;R
ES0000000000003409CCPF;17/11/2022;17;0,036;R
ES0000000000003409CCPF;17/11/2022;18;0,027;R
ES0000000000003409CCPF;17/11/2022;19;0,031;R
ES0000000000003409CCPF;17/11/2022;20;0,079;R
ES0000000000003409CCPF;17/11/2022;21;0,076;R
ES0000000000003409CCPF;17/11/2022;22;0,06;R
ES0000000000003409CCPF;17/11/2022;23;0,04;R
ES0000000000003409CCPF;18/11/2022;0;0,026;R
ES0000000000003409CCPF;18/11/2022;1;0,029;R
ES0000000000003409CCPF;18/11/2022;2;0,048;R
ES0000000000003409CCPF;18/11/2022;3;0,032;R
ES0000000000003409CCPF;18/11/2022;4;0,031;R
ES0000000000003409CCPF;18/11/2022;5;0,027;R
ES0000000000003409CCPF;18/11/2022;6;0,025;R
ES0000000000003409CCPF;18/11/2022;7;0,025;R
ES0000000000003409CCPF;18/11/2022;8;0,032;R
ES0000000000003409CCPF;18/11/2022;9;0,582;R
ES0000000000003409CCPF;18/11/2022;10;0,159;R
ES0000000000003409CCPF;18/11/2022;11;1,334;R
ES0000000000003409CCPF;18/11/2022;12;0,735;R
ES0000000000003409CCPF;18/11/2022;13;2,175;R
ES0000000000003409CCPF;18/11/2022;14;0,907;R
ES0000000000003409CCPF;18/11/2022;15;0,374;R
ES0000000000003409CCPF;18/11/2022;16;0,031;R
ES0000000000003409CCPF;18/11/2022;17;0,033;R
ES0000000000003409CCPF;18/11/2022;18;0,03;R
ES0000000000003409CCPF;18/11/2022;19;0,033;R
ES0000000000003409CCPF;18/11/2022;20;0,031;R
ES0000000000003409CCPF;18/11/2022;21;0,025;R
ES0000000000003409CCPF;18/11/2022;22;0,031;R
ES0000000000003409CCPF;18/11/2022;23;0,029;R
ES0000000000003409CCPF;19/11/2022;0;0,039;R
ES0000000000003409CCPF;19/11/2022;1;0,093;R
ES0000000000003409CCPF;19/11/2022;2;0,546;R
ES0000000000003409CCPF;19/11/2022;3;0,773;R
ES0000000000003409CCPF;19/11/2022;4;0,033;R
ES0000000000003409CCPF;19/11/2022;5;0,026;R
ES0000000000003409CCPF;19/11/2022;6;0,031;R
ES0000000000003409CCPF;19/11/2022;7;0,024;R
ES0000000000003409CCPF;19/11/2022;8;0,03;R
ES0000000000003409CCPF;19/11/2022;9;0,031;R
ES0000000000003409CCPF;19/11/2022;10;0,599;R
ES0000000000003409CCPF;19/11/2022;11;1,24;R
ES0000000000003409CCPF;19/11/2022;12;0,545;R
ES0000000000003409CCPF;19/11/2022;13;0,03;R
ES0000000000003409CCPF;19/11/2022;14;0,03;R
ES0000000000003409CCPF;19/11/2022;15;0,03;R
ES0000000000003409CCPF;19/11/2022;16;0,028;R
ES0000000000003409CCPF;19/11/2022;17;0,024;R
ES0000000000003409CCPF;19/11/2022;18;0,024;R
ES0000000000003409CCPF;19/11/2022;19;0,029;R
ES0000000000003409CCPF;19/11/2022;20;0,025;R
ES0000000000003409CCPF;19/11/2022;21;0,03;R
ES0000000000003409CCPF;19/11/2022;22;0,028;R
ES0000000000003409CCPF;19/11/2022;23;0,029;R
ES0000000000003409CCPF;20/11/2022;0;0,025;R
ES0000000000003409CCPF;20/11/2022;1;0,023;R
ES0000000000003409CCPF;20/11/2022;2;0,025;R
ES0000000000003409CCPF;20/11/2022;3;0,027;R
ES0000000000003409CCPF;20/11/2022;4;0,03;R
ES0000000000003409CCPF;20/11/2022;5;0,029;R
ES0000000000003409CCPF;20/11/2022;6;0,025;R
ES0000000000003409CCPF;20/11/2022;7;0,024;R
ES0000000000003409CCPF;20/11/2022;8;0,024;R
ES0000000000003409CCPF;20/11/2022;9;0,024;R
ES0000000000003409CCPF;20/11/2022;10;0,03;R
ES0000000000003409CCPF;20/11/2022;11;0,029;R
ES0000000000003409CCPF;20/11/2022;12;0,027;R
ES0000000000003409CCPF;20/11/2022;13;0,023;R
ES0000000000003409CCPF;20/11/2022;14;0,487;R
ES0000000000003409CCPF;20/11/2022;15;0,023;R
ES0000000000003409CCPF;20/11/2022;16;0,03;R
ES0000000000003409CCPF;20/11/2022;17;0,029;R
ES0000000000003409CCPF;20/11/2022;18;0,028;R
ES0000000000003409CCPF;20/11/2022;19;0,024;R
ES0000000000003409CCPF;20/11/2022;20;0,024;R
ES0000000000003409CCPF;20/11/2022;21;0,027;R
ES0000000000003409CCPF;20/11/2022;22;0,024;R
ES0000000000003409CCPF;20/11/2022;23;0,028;R
ES0000000000003409CCPF;21/11/2022;0;0,028;R
ES0000000000003409CCPF;21/11/2022;1;0,025;R
ES0000000000003409CCPF;21/11/2022;2;0,024;R
ES0000000000003409CCPF;21/11/2022;3;0,029;R
ES0000000000003409CCPF;21/11/2022;4;0,023;R
ES0000000000003409CCPF;21/11/2022;5;0,386;R
ES0000000000003409CCPF;21/11/2022;6;0,149;R
ES0000000000003409CCPF;21/11/2022;7;0,027;R
ES0000000000003409CCPF;21/11/2022;8;0,024;R
ES0000000000003409CCPF;21/11/2022;9;0,027;R
ES0000000000003409CCPF;21/11/2022;10;0,024;R
ES0000000000003409CCPF;21/11/2022;11;0,023;R
ES0000000000003409CCPF;21/11/2022;12;0,028;R
ES0000000000003409CCPF;21/11/2022;13;0,028;R
ES0000000000003409CCPF;21/11/2022;14;0,025;R
ES0000000000003409CCPF;21/11/2022;15;0,029;R
ES0000000000003409CCPF;21/11/2022;16;0,029;R
ES0000000000003409CCPF;21/11/2022;17;0,142;R
ES0000000000003409CCPF;21/11/2022;18;0,047;R
ES0000000000003409CCPF;21/11/2022;19;1,155;R
ES0000000000003409CCPF;21/11/2022;20;0,81;R
ES0000000000003409CCPF;21/11/2022;21;0,504;R
ES0000000000003409CCPF;21/11/2022;22;0,938;R
ES0000000000003409CCPF;21/11/2022;23;0,66;R
ES0000000000003409CCPF;22/11/2022;0;0,025;R
ES0000000000003409CCPF;22/11/2022;1;0,034;R
ES0000000000003409CCPF;22/11/2022;2;0,03;R
ES0000000000003409CCPF;22/11/2022;3;0,032;R
ES0000000000003409CCPF;22/11/2022;4;0,029;R
ES0000000000003409CCPF;22/11/2022;5;0,024;R
ES0000000000003409CCPF;22/11/2022;6;0,026;R
ES0000000000003409CCPF;22/11/2022;7;0,033;R
ES0000000000003409CCPF;22/11/2022;8;0,081;R
ES0000000000003409CCPF;22/11/2022;9;0,171;R
ES0000000000003409CCPF;22/11/2022;10;0,161;R
ES0000000000003409CCPF;22/11/2022;11;0,065;R
ES0000000000003409CCPF;22/11/2022;12;0,452;R
ES0000000000003409CCPF;22/11/2022;13;0,131;R
ES0000000000003409CCPF;22/11/2022;14;0,429;R
ES0000000000003409CCPF;22/11/2022;15;0,519;R
ES0000000000003409CCPF;22/11/2022;16;0,132;R
ES0000000000003409CCPF;22/11/2022;17;0,031;R
ES0000000000003409CCPF;22/11/2022;18;0,025;R
ES0000000000003409CCPF;22/11/2022;19;0,82;R
ES0000000000003409CCPF;22/11/2022;20;0,523;R
ES0000000000003409CCPF;22/11/2022;21;0,715;R
ES0000000000003409CCPF;22/11/2022;22;0,516;R
ES0000000000003409CCPF;22/11/2022;23;0,047;R
ES0000000000003409CCPF;23/11/2022;0;0,04;R
ES0000000000003409CCPF;23/11/2022;1;0,065;R
ES0000000000003409CCPF;23/11/2022;2;0,037;R
ES0000000000003409CCPF;23/11/2022;3;0,024;R
ES0000000000003409CCPF;23/11/2022;4;0,031;R
ES0000000000003409CCPF;23/11/2022;5;0,025;R
ES0000000000003409CCPF;23/11/2022;6;0,03;R
ES0000000000003409CCPF;23/11/2022;7;0,029;R
ES0000000000003409CCPF;23/11/2022;8;0,767;R
ES0000000000003409CCPF;23/11/2022;9;0,29;R
ES0000000000003409CCPF;23/11/2022;10;0,957;R
ES0000000000003409CCPF;23/11/2022;11;0,102;R
ES0000000000003409CCPF;23/11/2022;12;0,028;R
ES0000000000003409CCPF;23/11/2022;13;0,04;R
ES0000000000003409CCPF;23/11/2022;14;0,053;R
ES0000000000003409CCPF;23/11/2022;15;0,029;R
ES0000000000003409CCPF;23/11/2022;16;0,03;R
ES0000000000003409CCPF;23/11/2022;17;0,108;R
ES0000000000003409CCPF;23/11/2022;18;0,522;R
ES0000000000003409CCPF;23/11/2022;19;1,288;R
ES0000000000003409CCPF;23/11/2022;20;0,668;R
ES0000000000003409CCPF;23/11/2022;21;1,557;R
ES0000000000003409CCPF;23/11/2022;22;0,634;R
ES0000000000003409CCPF;23/11/2022;23;0,573;R
ES0000000000003409CCPF;24/11/2022;0;0,098;R
ES0000000000003409CCPF;24/11/2022;1;0,707;R
ES0000000000003409CCPF;24/11/2022;2;0,065;R
ES0000000000003409CCPF;24/11/2022;3;0,037;R
ES0000000000003409CCPF;24/11/2022;4;0,026;R
ES0000000000003409CCPF;24/11/2022;5;0,025;R
ES0000000000003409CCPF;24/11/2022;6;0,034;R
ES0000000000003409CCPF;24/11/2022;7;0,374;R
ES0000000000003409CCPF;24/11/2022;8;0,639;R
ES0000000000003409CCPF;24/11/2022;9;0,663;R
ES0000000000003409CCPF;24/11/2022;10;2,013;R
ES0000000000003409CCPF;24/11/2022;11;1,274;R
ES0000000000003409CCPF;24/11/2022;12;0,2;R
ES0000000000003409CCPF;24/11/2022;13;0,121;R
ES0000000000003409CCPF;24/11/2022;14;1,559;R
ES0000000000003409CCPF;24/11/2022;15;0,687;R
ES0000000000003409CCPF;24/11/2022;16;1,182;R
ES0000000000003409CCPF;24/11/2022;17;1,838;R
ES0000000000003409CCPF;24/11/2022;18;0,387;R
ES0000000000003409CCPF;24/11/2022;19;0,7;R
ES0000000000003409CCPF;24/11/2022;20;0,487;R
ES0000000000003409CCPF;24/11/2022;21;0,876;R
ES0000000000003409CCPF;24/11/2022;22;0,433;R
ES0000000000003409CCPF;24/11/2022;23;0,839;R
ES0000000000003409CCPF;25/11/2022;0;0,386;R
ES0000000000003409CCPF;25/11/2022;1;0,279;R
ES0000000000003409CCPF;25/11/2022;2;0,066;R
ES0000000000003409CCPF;25/11/2022;3;0,072;R
ES0000000000003409CCPF;25/11/2022;4;0,071;R
ES0000000000003409CCPF;25/11/2022;5;0,064;R
ES0000000000003409CCPF;25/11/2022;6;0,065;R
ES0000000000003409CCPF;25/11/2022;7;0,351;R
ES0000000000003409CCPF;25/11/2022;8;0,393;R
ES0000000000003409CCPF;25/11/2022;9;0,915;R
ES0000000000003409CCPF;25/11/2022;10;0,964;R
ES0000000000003409CCPF;25/11/2022;11;0,074;R
ES0000000000003409CCPF;25/11/2022;12;0,072;R
ES0000000000003409CCPF;25/11/2022;13;0,068;R
ES0000000000003409CCPF;25/11/2022;14;0,069;R
ES0000000000003409CCPF;25/11/2022;15;0,864;R
ES0000000000003409CCPF;25/11/2022;16;0,077;R
ES0000000000003409CCPF;25/11/2022;17;0,069;R
ES0000000000003409CCPF;25/11/2022;18;0,063;R
ES0000000000003409CCPF;25/11/2022;19;1,541;R
ES0000000000003409CCPF;25/11/2022;20;0,896;R
ES0000000000003409CCPF;25/11/2022;21;0,347;R
ES0000000000003409CCPF;25/11/2022;22;0,948;R
ES0000000000003409CCPF;25/11/2022;23;1,032;R
ES0000000000003409CCPF;26/11/2022;0;1,444;R
ES0000000000003409CCPF;26/11/2022;1;0,611;R
ES0000000000003409CCPF;26/11/2022;2;0,074;R
ES0000000000003409CCPF;26/11/2022;3;0,066;R
ES0000000000003409CCPF;26/11/2022;4;0,069;R
ES0000000000003409CCPF;26/11/2022;5;0,063;R
ES0000000000003409CCPF;26/11/2022;6;0,07;R
ES0000000000003409CCPF;26/11/2022;7;0,07;R
ES0000000000003409CCPF;26/11/2022;8;0,842;R
ES0000000000003409CCPF;26/11/2022;9;0,609;R
ES0000000000003409CCPF;26/11/2022;10;0,639;R
ES0000000000003409CCPF;26/11/2022;11;1,164;R
ES0000000000003409CCPF;26/11/2022;12;0,203;R
ES0000000000003409CCPF;26/11/2022;13;0,067;R
ES0000000000003409CCPF;26/11/2022;14;0,07;R
ES0000000000003409CCPF;26/11/2022;15;0,071;R
ES0000000000003409CCPF;26/11/2022;16;0,25;R
ES0000000000003409CCPF;26/11/2022;17;1,572;R
ES0000000000003409CCPF;26/11/2022;18;0,584;R
ES0000000000003409CCPF;26/11/2022;19;0,719;R
ES0000000000003409CCPF;26/11/2022;20;0,851;R
ES0000000000003409CCPF;26/11/2022;21;0,507;R
ES0000000000003409CCPF;26/11/2022;22;1,836;R
ES0000000000003409CCPF;26/11/2022;23;0,808;R
ES0000000000003409CCPF;27/11/2022;0;0,161;R
ES0000000000003409CCPF;27/11/2022;1;0,197;R
ES0000000000003409CCPF;27/11/2022;2;0,785;R
ES0000000000003409CCPF;27/11/2022;3;0,645;R
ES0000000000003409CCPF;27/11/2022;4;0,072;R
ES0000000000003409CCPF;27/11/2022;5;0,074;R
ES0000000000003409CCPF;27/11/2022;6;0,068;R
ES0000000000003409CCPF;27/11/2022;7;0,071;R
ES0000000000003409CCPF;27/11/2022;8;0,713;R
ES0000000000003409CCPF;27/11/2022;9;0,379;R
ES0000000000003409CCPF;27/11/2022;10;0,429;R
ES0000000000003409CCPF;27/11/2022;11;1,13;R
ES0000000000003409CCPF;27/11/2022;12;0,297;R
ES0000000000003409CCPF;27/11/2022;13;0,163;R
ES0000000000003409CCPF;27/11/2022;14;0,53;R
ES0000000000003409CCPF;27/11/2022;15;1,291;R
ES0000000000003409CCPF;27/11/2022;16;1,251;R
ES0000000000003409CCPF;27/11/2022;17;0,462;R
ES0000000000003409CCPF;27/11/2022;18;1,527;R
ES0000000000003409CCPF;27/11/2022;19;1,784;R
ES0000000000003409CCPF;27/11/2022;20;0,97;R
ES0000000000003409CCPF;27/11/2022;21;1,048;R
ES0000000000003409CCPF;27/11/2022;22;0,406;R
ES0000000000003409CCPF;27/11/2022;23;0,5;R
ES0000000000003409CCPF;28/11/2022;0;0,105;R
ES0000000000003409CCPF;28/11/2022;1;0,078;R
ES0000000000003409CCPF;28/11/2022;2;0,089;R
ES0000000000003409CCPF;28/11/2022;3;0,079;R
ES0000000000003409CCPF;28/11/2022;4;0,062;R
ES0000000000003409CCPF;28/11/2022;5;0,127;R
ES0000000000003409CCPF;28/11/2022;6;0,083;R
ES0000000000003409CCPF;28/11/2022;7;0,415;R
ES0000000000003409CCPF;28/11/2022;8;0,691;R
ES0000000000003409CCPF;28/11/2022;9;0,533;R
ES0000000000003409CCPF;28/11/2022;10;0,654;R
ES0000000000003409CCPF;28/11/2022;11;0,07;R
ES0000000000003409CCPF;28/11/2022;12;0,109;R
ES0000000000003409CCPF;28/11/2022;13;0,067;R
ES0000000000003409CCPF;28/11/2022;14;0,066;R
ES0000000000003409CCPF;28/11/2022;15;1,296;R
ES0000000000003409CCPF;28/11/2022;16;0,645;R
ES0000000000003409CCPF;28/11/2022;17;1,017;R
ES0000000000003409CCPF;28/11/2022;18;1,224;R
ES0000000000003409CCPF;28/11/2022;19;1,13;R
ES0000000000003409CCPF;28/11/2022;20;0,739;R
ES0000000000003409CCPF;28/11/2022;21;0,628;R
ES0000000000003409CCPF;28/11/2022;22;0,622;R
ES0000000000003409CCPF;28/11/2022;23;0,662;R
ES0000000000003409CCPF;29/11/2022;0;0,108;R
ES0000000000003409CCPF;29/11/2022;1;0,089;R
ES0000000000003409CCPF;29/11/2022;2;0,08;R
ES0000000000003409CCPF;29/11/2022;3;0,072;R
ES0000000000003409CCPF;29/11/2022;4;0,069;R
ES0000000000003409CCPF;29/11/2022;5;0,062;R
ES0000000000003409CCPF;29/11/2022;6;0,094;R
ES0000000000003409CCPF;29/11/2022;7;0,469;R
ES0000000000003409CCPF;29/11/2022;8;0,628;R
ES0000000000003409CCPF;29/11/2022;9;0,992;R
ES0000000000003409CCPF;29/11/2022;10;0,679;R
ES0000000000003409CCPF;29/11/2022;11;0,077;R
ES0000000000003409CCPF;29/11/2022;12;1,457;R
ES0000000000003409CCPF;29/11/2022;13;1,311;R
ES0000000000003409CCPF;29/11/2022;14;0,497;R
ES0000000000003409CCPF;29/11/2022;15;0,064;R
ES0000000000003409CCPF;29/11/2022;16;0,07;R
ES0000000000003409CCPF;29/11/2022;17;0,068;R
ES0000000000003409CCPF;29/11/2022;18;0,085;R
ES0000000000003409CCPF;29/11/2022;19;0,872;R
ES0000000000003409CCPF;29/11/2022;20;1,463;R
ES0000000000003409CCPF;29/11/2022;21;2,159;R
ES0000000000003409CCPF;29/11/2022;22;1,502;R
ES0000000000003409CCPF;29/11/2022;23;0,68;R
ES0000000000003409CCPF;30/11/2022;0;0,051;R
ES0000000000003409CCPF;30/11/2022;1;0,031;R
ES0000000000003409CCPF;30/11/2022;2;0,033;R
ES0000000000003409CCPF;30/11/2022;3;0,033;R
ES0000000000003409CCPF;30/11/2022;4;0,028;R
ES0000000000003409CCPF;30/11/2022;5;0,026;R
ES0000000000003409CCPF;30/11/2022;6;0,031;R
ES0000000000003409CCPF;30/11/2022;7;0,435;R
ES0000000000003409CCPF;30/11/2022;8;1,079;R
ES0000000000003409CCPF;30/11/2022;9;0,764;R
ES0000000000003409CCPF;30/11/2022;10;0,983;R
ES0000000000003409CCPF;30/11/2022;11;0,064;R
ES0000000000003409CCPF;30/11/2022;12;0,033;R
ES0000000000003409CCPF;30/11/2022;13;1,337;R
ES0000000000003409CCPF;30/11/2022;14;0,873;R
ES0000000000003409CCPF;30/11/2022;15;0,027;R
ES0000000000003409CCPF;30/11/2022;16;0,025;R
ES0000000000003409CCPF;30/11/2022;17;0,032;R
ES0000000000003409CCPF;30/11/2022;18;0,032;R
ES0000000000003409CCPF;30/11/2022;19;1,252;R
ES0000000000003409CCPF;30/11/2022;20;0,892;R
ES0000000000003409CCPF;30/11/2022;21;0,875;R
ES0000000000003409CCPF;30/11/2022;22;0,871;R
ES0000000000003409CCPF;30/11/2022;23;0,819;R
ES0000000000003409CCPF;01/12/2022;0;0,543;R
ES0000000000003409CCPF;01/12/2022;1;0,137;R
ES0000000000003409CCPF;01/12/2022;2;0,029;R
ES0000000000003409CCPF;01/12/2022;3;0,033;R
ES0000000000003409CCPF;01/12/2022;4;0,031;R
ES0000000000003409CCPF;01/12/2022;5;0,024;R
ES0000000000003409CCPF;01/12/2022;6;0,031;R
ES0000000000003409CCPF;01/12/2022;7;0,432;R
ES0000000000003409CCPF;01/12/2022;8;0,949;R
ES0000000000003409CCPF;01/12/2022;9;0,777;R
ES0000000000003409CCPF;01/12/2022;10;1,539;R
ES0000000000003409CCPF;01/12/2022;11;0,23;R
ES0000000000003409CCPF;01/12/2022;12;0,118;R
ES0000000000003409CCPF;01/12/2022;13;0,646;R
ES0000000000003409CCPF;01/12/2022;14;0,85;R
ES0000000000003409CCPF;01/12/2022;15;0,027;R
ES0000000000003409CCPF;01/12/2022;16;0,028;R
ES0000000000003409CCPF;01/12/2022;17;0,034;R
ES0000000000003409CCPF;01/12/2022;18;0,031;R
ES0000000000003409CCPF;01/12/2022;19;1,169;R
ES0000000000003409CCPF;01/12/2022;20;0,866;R
ES0000000000003409CCPF;01/12/2022;21;0,859;R
ES0000000000003409CCPF;01/12/2022;22;0,874;R
ES0000000000003409CCPF;01/12/2022;23;0,881;R
ES0000000000003409CCPF;02/12/2022;0;0,138;R
ES0000000000003409CCPF;02/12/2022;1;0,112;R
ES0000000000003409CCPF;02/12/2022;2;0,799;R
ES0000000000003409CCPF;02/12/2022;3;0,034;R
ES0000000000003409CCPF;02/12/2022;4;0,032;R
ES0000000000003409CCPF;02/12/2022;5;0,026;R
ES0000000000003409CCPF;02/12/2022;6;0,033;R
ES0000000000003409CCPF;02/12/2022;7;0,46;R
ES0000000000003409CCPF;02/12/2022;8;1,073;R
ES0000000000003409CCPF;02/12/2022;9;0,895;R
ES0000000000003409CCPF;02/12/2022;10;0,937;R
ES0000000000003409CCPF;02/12/2022;11;0,103;R
ES0000000000003409CCPF;02/12/2022;12;0,145;R
ES0000000000003409CCPF;02/12/2022;13;0,391;R
ES0000000000003409CCPF;02/12/2022;14;1,045;R
ES0000000000003409CCPF;02/12/2022;15;1,605;R
ES0000000000003409CCPF;02/12/2022;16;0,716;R
ES0000000000003409CCPF;02/12/2022;17;0,026;R
ES0000000000003409CCPF;02/12/2022;18;0,028;R
ES0000000000003409CCPF;02/12/2022;19;1,249;R
ES0000000000003409CCPF;02/12/2022;20;0,882;R
ES0000000000003409CCPF;02/12/2022;21;0,894;R
ES0000000000003409CCPF;02/12/2022;22;0,871;R
ES0000000000003409CCPF;02/12/2022;23;0,89;R
ES0000000000003409CCPF;03/12/2022;0;0,034;R
ES0000000000003409CCPF;03/12/2022;1;0,033;R
ES0000000000003409CCPF;03/12/2022;2;0,026;R
ES0000000000003409CCPF;03/12/2022;3;0,073;R
ES0000000000003409CCPF;03/12/2022;4;0,079;R
ES0000000000003409CCPF;03/12/2022;5;0,054;R
ES0000000000003409CCPF;03/12/2022;6;0,056;R
ES0000000000003409CCPF;03/12/2022;7;0,045;R
ES0000000000003409CCPF;03/12/2022;8;1,27;R
ES0000000000003409CCPF;03/12/2022;9;0,877;R
ES0000000000003409CCPF;03/12/2022;10;0,884;R
ES0000000000003409CCPF;03/12/2022;11;0,957;R
ES0000000000003409CCPF;03/12/2022;12;2,131;R
ES0000000000003409CCPF;03/12/2022;13;1,64;R
ES0000000000003409CCPF;03/12/2022;14;0,541;R
ES0000000000003409CCPF;03/12/2022;15;0,027;R
ES0000000000003409CCPF;03/12/2022;16;0,213;R
ES0000000000003409CCPF;03/12/2022;17;1,902;R
ES0000000000003409CCPF;03/12/2022;18;1,596;R
ES0000000000003409CCPF;03/12/2022;19;1,443;R
ES0000000000003409CCPF;03/12/2022;20;0,824;R
ES0000000000003409CCPF;03/12/2022;21;1,736;R
ES0000000000003409CCPF;03/12/2022;22;2,06;R
ES0000000000003409CCPF;03/12/2022;23;0,785;R
ES0000000000003409CCPF;04/12/2022;0;0,064;R
ES0000000000003409CCPF;04/12/2022;1;0,037;R
ES0000000000003409CCPF;04/12/2022;2;0,036;R
ES0000000000003409CCPF;04/12/2022;3;0,039;R
ES0000000000003409CCPF;04/12/2022;4;0,063;R
ES0000000000003409CCPF;04/12/2022;5;0,026;R
ES0000000000003409CCPF;04/12/2022;6;0,029;R
ES0000000000003409CCPF;04/12/2022;7;0,033;R
ES0000000000003409CCPF;04/12/2022;8;0,989;R
ES0000000000003409CCPF;04/12/2022;9;0,722;R
ES0000000000003409CCPF;04/12/2022;10;0,789;R
ES0000000000003409CCPF;04/12/2022;11;0,73;R
ES0000000000003409CCPF;04/12/2022;12;0,036;R
ES0000000000003409CCPF;04/12/2022;13;0,034;R
ES0000000000003409CCPF;04/12/2022;14;0,025;R
ES0000000000003409CCPF;04/12/2022;15;0,028;R
ES0000000000003409CCPF;04/12/2022;16;0,048;R
ES0000000000003409CCPF;04/12/2022;17;0,857;R
ES0000000000003409CCPF;04/12/2022;18;0,716;R
ES0000000000003409CCPF;04/12/2022;19;0,739;R
ES0000000000003409CCPF;04/12/2022;20;0,751;R
ES0000000000003409CCPF;04/12/2022;21;0,72;R
ES0000000000003409CCPF;04/12/2022;22;0,725;R
ES0000000000003409CCPF;04/12/2022;23;0,704;R
ES0000000000003409CCPF;05/12/2022;0;0,026;R
ES0000000000003409CCPF;05/12/2022;1;0,484;R
ES0000000000003409CCPF;05/12/2022;2;0,031;R
ES0000000000003409CCPF;05/12/2022;3;0,027;R
ES0000000000003409CCPF;05/12/2022;4;0,031;R
ES0000000000003409CCPF;05/12/2022;5;0,03;R
ES0000000000003409CCPF;05/12/2022;6;0,025;R
ES0000000000003409CCPF;05/12/2022;7;0,474;R
ES0000000000003409CCPF;05/12/2022;8;1,119;R
ES0000000000003409CCPF;05/12/2022;9;0,845;R
ES0000000000003409CCPF;05/12/2022;10;0,824;R
ES0000000000003409CCPF;05/12/2022;11;0,05;R
ES0000000000003409CCPF;05/12/2022;12;0,027;R
ES0000000000003409CCPF;05/12/2022;13;0,045;R
ES0000000000003409CCPF;05/12/2022;14;0,028;R
ES0000000000003409CCPF;05/12/2022;15;0,026;R
ES0000000000003409CCPF;05/12/2022;16;0,035;R
ES0000000000003409CCPF;05/12/2022;17;0,03;R
ES0000000000003409CCPF;05/12/2022;18;0,542;R
ES0000000000003409CCPF;05/12/2022;19;1,622;R
ES0000000000003409CCPF;05/12/2022;20;0,241;R
ES0000000000003409CCPF;05/12/2022;21;0,594;R
ES0000000000003409CCPF;05/12/2022;22;0,62;R
ES0000000000003409CCPF;05/12/2022;23;0,79;R
ES0000000000003409CCPF;06/12/2022;0;0,416;R
ES0000000000003409CCPF;06/12/2022;1;0,042;R
ES0000000000003409CCPF;06/12/2022;2;0,031;R
ES0000000000003409CCPF;06/12/2022;3;0,031;R
ES0000000000003409CCPF;06/12/2022;4;0,031;R
ES0000000000003409CCPF;06/12/2022;5;0,03;R
ES0000000000003409CCPF;06/12/2022;6;0,026;R
ES0000000000003409CCPF;06/12/2022;7;0,026;R
ES0000000000003409CCPF;06/12/2022;8;0,77;R
ES0000000000003409CCPF;06/12/2022;9;1,455;R
ES0000000000003409CCPF;06/12/2022;10;0,906;R
ES0000000000003409CCPF;06/12/2022;11;1,666;R
ES0000000000003409CCPF;06/12/2022;12;2,724;R
ES0000000000003409CCPF;06/12/2022;13;1,253;R
ES0000000000003409CCPF;06/12/2022;14;0,312;R
ES0000000000003409CCPF;06/12/2022;15;0,34;R
ES0000000000003409CCPF;06/12/2022;16;1,471;R
ES0000000000003409CCPF;06/12/2022;17;1,259;R
ES0000000000003409CCPF;06/12/2022;18;0,633;R
ES0000000000003409CCPF;06/12/2022;19;0,037;R
ES0000000000003409CCPF;06/12/2022;20;0,033;R
ES0000000000003409CCPF;06/12/2022;21;0,028;R
ES0000000000003409CCPF;06/12/2022;22;0,106;R
ES0000000000003409CCPF;06/12/2022;23;0,111;R
ES0000000000003409CCPF;07/12/2022;0;0,098;R
ES0000000000003409CCPF;07/12/2022;1;0,48;R
ES0000000000003409CCPF;07/12/2022;2;0,327;R
ES0000000000003409CCPF;07/12/2022;3;0,391;R
ES0000000000003409CCPF;07/12/2022;4;0,375;R
ES0000000000003409CCPF;07/12/2022;5;0,399;R
ES0000000000003409CCPF;07/12/2022;6;0,348;R
ES0000000000003409CCPF;07/12/2022;7;0,373;R
ES0000000000003409CCPF;07/12/2022;8;0,436;R
ES0000000000003409CCPF;07/12/2022;9;1,288;R
ES0000000000003409CCPF;07/12/2022;10;1,082;R
ES0000000000003409CCPF;07/12/2022;11;2,202;R
ES0000000000003409CCPF;07/12/2022;12;1,737;R
ES0000000000003409CCPF;07/12/2022;13;0,04;R
ES0000000000003409CCPF;07/12/2022;14;0,037;R
ES0000000000003409CCPF;07/12/2022;15;0,026;R
ES0000000000003409CCPF;07/12/2022;16;0,031;R
ES0000000000003409CCPF;07/12/2022;17;0,027;R
ES0000000000003409CCPF;07/12/2022;18;0,032;R
ES0000000000003409CCPF;07/12/2022;19;0,843;R
ES0000000000003409CCPF;07/12/2022;20;1,546;R
ES0000000000003409CCPF;07/12/2022;21;2,121;R
ES0000000000003409CCPF;07/12/2022;22;2,144;R
ES0000000000003409CCPF;07/12/2022;23;0,866;R
ES0000000000003409CCPF;08/12/2022;0;0,107;R
ES0000000000003409CCPF;08/12/2022;1;0,031;R
ES0000000000003409CCPF;08/12/2022;2;0,035;R
ES0000000000003409CCPF;08/12/2022;3;0,031;R
ES0000000000003409CCPF;08/12/2022;4;0,025;R
ES0000000000003409CCPF;08/12/2022;5;0,033;R
ES0000000000003409CCPF;08/12/2022;6;0,028;R
ES0000000000003409CCPF;08/12/2022;7;0,381;R
ES0000000000003409CCPF;08/12/2022;8;0,422;R
ES0000000000003409CCPF;08/12/2022;9;0,492;R
ES0000000000003409CCPF;08/12/2022;10;0,506;R
ES0000000000003409CCPF;08/12/2022;11;0,09;R
ES0000000000003409CCPF;08/12/2022;12;0,034;R
ES0000000000003409CCPF;08/12/2022;13;0,025;R
ES0000000000003409CCPF;08/12/2022;14;0,03;R
ES0000000000003409CCPF;08/12/2022;15;0,031;R
ES0000000000003409CCPF;08/12/2022;16;0,03;R
ES0000000000003409CCPF;08/12/2022;17;0,031;R
ES0000000000003409CCPF;08/12/2022;18;0,025;R
ES0000000000003409CCPF;08/12/2022;19;0,854;R
ES0000000000003409CCPF;08/12/2022;20;0,958;R
ES0000000000003409CCPF;08/12/2022;21;0,5;R
ES0000000000003409CCPF;08/12/2022;22;1,784;R
ES0000000000003409CCPF;08/12/2022;23;1,798;R
ES0000000000003409CCPF;09/12/2022;0;0,545;R
ES0000000000003409CCPF;09/12/2022;1;0,062;R
ES0000000000003409CCPF;09/12/2022;2;0,073;R
ES0000000000003409CCPF;09/12/2022;3;0,038;R
ES0000000000003409CCPF;09/12/2022;4;0,036;R
ES0000000000003409CCPF;09/12/2022;5;0,033;R
ES0000000000003409CCPF;09/12/2022;6;0,034;R
ES0000000000003409CCPF;09/12/2022;7;0,426;R
ES0000000000003409CCPF;09/12/2022;8;0,388;R
ES0000000000003409CCPF;09/12/2022;9;0,43;R
ES0000000000003409CCPF;09/12/2022;10;0,641;R
ES0000000000003409CCPF;09/12/2022;11;0,038;R
ES0000000000003409CCPF;09/12/2022;12;0,033;R
ES0000000000003409CCPF;09/12/2022;13;0,033;R
ES0000000000003409CCPF;09/12/2022;14;1,185;R
ES0000000000003409CCPF;09/12/2022;15;0,578;R
ES0000000000003409CCPF;09/12/2022;16;0,405;R
ES0000000000003409CCPF;09/12/2022;17;0,033;R
ES0000000000003409CCPF;09/12/2022;18;0,027;R
ES0000000000003409CCPF;09/12/2022;19;0,838;R
ES0000000000003409CCPF;09/12/2022;20;0,444;R
ES0000000000003409CCPF;09/12/2022;21;0,469;R
ES0000000000003409CCPF;09/12/2022;22;1,385;R
ES0000000000003409CCPF;09/12/2022;23;1,038;R
ES0000000000003409CCPF;10/12/2022;0;0,784;R
ES0000000000003409CCPF;10/12/2022;1;0,084;R
ES0000000000003409CCPF;10/12/2022;2;0,055;R
ES0000000000003409CCPF;10/12/2022;3;0,048;R
ES0000000000003409CCPF;10/12/2022;4;0,025;R
ES0000000000003409CCPF;10/12/2022;5;0,031;R
ES0000000000003409CCPF;10/12/2022;6;0,026;R
ES0000000000003409CCPF;10/12/2022;7;0,031;R
ES0000000000003409CCPF;10/12/2022;8;0,61;R
ES0000000000003409CCPF;10/12/2022;9;0,291;R
ES0000000000003409CCPF;10/12/2022;10;0,383;R
ES0000000000003409CCPF;10/12/2022;11;0,688;R
ES0000000000003409CCPF;10/12/2022;12;0,14;R
ES0000000000003409CCPF;10/12/2022;13;0,046;R
ES0000000000003409CCPF;10/12/2022;14;0,683;R
ES0000000000003409CCPF;10/12/2022;15;0,459;R
ES0000000000003409CCPF;10/12/2022;16;0,384;R
ES0000000000003409CCPF;10/12/2022;17;1,159;R
ES0000000000003409CCPF;10/12/2022;18;1,662;R
ES0000000000003409CCPF;10/12/2022;19;1,332;R
ES0000000000003409CCPF;10/12/2022;20;0,67;R
ES0000000000003409CCPF;10/12/2022;21;0,63;R
ES0000000000003409CCPF;10/12/2022;22;0,643;R
ES0000000000003409CCPF;10/12/2022;23;0,414;R
ES0000000000003409CCPF;11/12/2022;0;0,089;R
ES0000000000003409CCPF;11/12/2022;1;0,05;R
ES0000000000003409CCPF;11/12/2022;2;0,033;R
ES0000000000003409CCPF;11/12/2022;3;0,031;R
ES0000000000003409CCPF;11/12/2022;4;0,023;R
ES0000000000003409CCPF;11/12/2022;5;0,032;R
ES0000000000003409CCPF;11/12/2022;6;0,024;R
ES0000000000003409CCPF;11/12/2022;7;0,028;R
ES0000000000003409CCPF;11/12/2022;8;0,03;R
ES0000000000003409CCPF;11/12/2022;9;0,029;R
ES0000000000003409CCPF;11/12/2022;10;0,053;R
ES0000000000003409CCPF;11/12/2022;11;1,445;R
ES0000000000003409CCPF;11/12/2022;12;1,053;R
ES0000000000003409CCPF;11/12/2022;13;0,031;R
ES0000000000003409CCPF;11/12/2022;14;0,024;R
ES0000000000003409CCPF;11/12/2022;15;0,033;R
ES0000000000003409CCPF;11/12/2022;16;0,7;R
ES0000000000003409CCPF;11/12/2022;17;0,114;R
ES0000000000003409CCPF;11/12/2022;18;0,1;R
ES0000000000003409CCPF;11/12/2022;19;0,843;R
ES0000000000003409CCPF;11/12/2022;20;0,975;R
ES0000000000003409CCPF;11/12/2022;21;0,192;R
ES0000000000003409CCPF;11/12/2022;22;0,035;R
ES0000000000003409CCPF;11/12/2022;23;0,067;R
ES0000000000003409CCPF;12/12/2022;0;0,038;R
ES0000000000003409CCPF;12/12/2022;1;0,034;R
ES0000000000003409CCPF;12/12/2022;2;0,024;R
ES0000000000003409CCPF;12/12/2022;3;0,03;R
ES0000000000003409CCPF;12/12/2022;4;0,024;R
ES0000000000003409CCPF;12/12/2022;5;0,094;R
ES0000000000003409CCPF;12/12/2022;6;0,057;R
ES0000000000003409CCPF;12/12/2022;7;0,031;R
ES0000000000003409CCPF;12/12/2022;8;0,024;R
ES0000000000003409CCPF;12/12/2022;9;0,03;R
ES0000000000003409CCPF;12/12/2022;10;0,029;R
ES0000000000003409CCPF;12/12/2022;11;0,092;R
ES0000000000003409CCPF;12/12/2022;12;0,035;R
ES0000000000003409CCPF;12/12/2022;13;0,826;R
ES0000000000003409CCPF;12/12/2022;14;0,955;R
ES0000000000003409CCPF;12/12/2022;15;0,414;R
ES0000000000003409CCPF;12/12/2022;16;0,4;R
ES0000000000003409CCPF;12/12/2022;17;0,024;R
ES0000000000003409CCPF;12/12/2022;18;0,032;R
ES0000000000003409CCPF;12/12/2022;19;0,028;R
ES0000000000003409CCPF;12/12/2022;20;0,03;R
ES0000000000003409CCPF;12/12/2022;21;0,032;R
ES0000000000003409CCPF;12/12/2022;22;0,98;R
ES0000000000003409CCPF;12/12/2022;23;0,555;R
ES0000000000003409CCPF;13/12/2022;0;0,103;R
ES0000000000003409CCPF;13/12/2022;1;0,036;R
ES0000000000003409CCPF;13/12/2022;2;0,03;R
ES0000000000003409CCPF;13/12/2022;3;0,024;R
ES0000000000003409CCPF;13/12/2022;4;0,03;R
ES0000000000003409CCPF;13/12/2022;5;0,031;R
ES0000000000003409CCPF;13/12/2022;6;0,037;R
ES0000000000003409CCPF;13/12/2022;7;0,092;R
ES0000000000003409CCPF;13/12/2022;8;0,036;R
ES0000000000003409CCPF;13/12/2022;9;0,034;R
ES0000000000003409CCPF;13/12/2022;10;0,031;R
ES0000000000003409CCPF;13/12/2022;11;0,346;R
ES0000000000003409CCPF;13/12/2022;12;0,715;R
ES0000000000003409CCPF;13/12/2022;13;1,003;R
ES0000000000003409CCPF;13/12/2022;14;0,032;R
ES0000000000003409CCPF;13/12/2022;15;0,031;R
ES0000000000003409CCPF;13/12/2022;16;0,073;R
ES0000000000003409CCPF;13/12/2022;17;0,075;R
ES0000000000003409CCPF;13/12/2022;18;1,286;R
ES0000000000003409CCPF;13/12/2022;19;1,0;R
ES0000000000003409CCPF;13/12/2022;20;1,159;R
ES0000000000003409CCPF;13/12/2022;21;0,854;R
ES0000000000003409CCPF;13/12/2022;22;0,901;R
ES0000000000003409CCPF;13/12/2022;23;1,004;R
ES0000000000003409CCPF;14/12/2022;0;1,005;R
ES0000000000003409CCPF;14/12/2022;1;0,983;R
ES0000000000003409CCPF;14/12/2022;2;0,98;R
ES0000000000003409CCPF;14/12/2022;3;0,906;R
ES0000000000003409CCPF;14/12/2022;4;0,925;R
ES0000000000003409CCPF;14/12/2022;5;0,865;R
ES0000000000003409CCPF;14/12/2022;6;0,848;R
ES0000000000003409CCPF;14/12/2022;7;0,843;R
ES0000000000003409CCPF;14/12/2022;8;0,861;R
ES0000000000003409CCPF;14/12/2022;9;0,761;R
ES0000000000003409CCPF;14/12/2022;10;1,404;R
ES0000000000003409CCPF;14/12/2022;11;0,714;R
ES0000000000003409CCPF;14/12/2022;12;1,416;R
ES0000000000003409CCPF;14/12/2022;13;2,01;R
ES0000000000003409CCPF;14/12/2022;14;0,988;R
ES0000000000003409CCPF;14/12/2022;15;0,53;R
ES0000000000003409CCPF;14/12/2022;16;0,575;R
ES0000000000003409CCPF;14/12/2022;17;0,58;R
ES0000000000003409CCPF;14/12/2022;18;0,577;R
ES0000000000003409CCPF;14/12/2022;19;0,575;R
ES0000000000003409CCPF;14/12/2022;20;0,582;R
ES0000000000003409CCPF;14/12/2022;21;0,607;R
ES0000000000003409CCPF;14/12/2022;22;0,582;R
ES0000000000003409CCPF;14/12/2022;23;0,585;R
ES0000000000003409CCPF;15/12/2022;0;0,555;R
ES0000000000003409CCPF;15/12/2022;1;0,396;R
ES0000000000003409CCPF;15/12/2022;2;1,026;R
ES0000000000003409CCPF;15/12/2022;3;0,334;R
ES0000000000003409CCPF;15/12/2022;4;0,403;R
ES0000000000003409CCPF;15/12/2022;5;0,413;R
ES0000000000003409CCPF;15/12/2022;6;0,376;R
ES0000000000003409CCPF;15/12/2022;7;0,389;R
ES0000000000003409CCPF;15/12/2022;8;0,509;R
ES0000000000003409CCPF;15/12/2022;9;0,464;R
ES0000000000003409CCPF;15/12/2022;10;0,433;R
ES0000000000003409CCPF;15/12/2022;11;0,453;R
ES0000000000003409CCPF;15/12/2022;12;1,486;R
ES0000000000003409CCPF;15/12/2022;13;1,682;R
ES0000000000003409CCPF;15/12/2022;14;0,462;R
ES0000000000003409CCPF;15/12/2022;15;0,498;R
ES0000000000003409CCPF;15/12/2022;16;0,39;R
ES0000000000003409CCPF;15/12/2022;17;0,425;R
ES0000000000003409CCPF;15/12/2022;18;0,475;R
ES0000000000003409CCPF;15/12/2022;19;0,446;R
ES0000000000003409CCPF;15/12/2022;20;0,478;R
ES0000000000003409CCPF;15/12/2022;21;0,519;R
ES0000000000003409CCPF;15/12/2022;22;0,508;R
ES0000000000003409CCPF;15/12/2022;23;0,54;R
ES0000000000003409CCPF;16/12/2022;0;0,545;R
ES0000000000003409CCPF;16/12/2022;1;0,691;R
ES0000000000003409CCPF;16/12/2022;2;0,817;R
ES0000000000003409CCPF;16/12/2022;3;0,466;R
ES0000000000003409CCPF;16/12/2022;4;0,468;R
ES0000000000003409CCPF;16/12/2022;5;0,457;R
ES0000000000003409CCPF;16/12/2022;6;0,471;R
ES0000000000003409CCPF;16/12/2022;7;0,54;R
ES0000000000003409CCPF;16/12/2022;8;0,494;R
ES0000000000003409CCPF;16/12/2022;9;0,498;R
ES0000000000003409CCPF;16/12/2022;10;0,506;R
ES0000000000003409CCPF;16/12/2022;11;0,525;R
ES0000000000003409CCPF;16/12/2022;12;1,592;R
ES0000000000003409CCPF;16/12/2022;13;1,743;R
ES0000000000003409CCPF;16/12/2022;14;0,553;R
ES0000000000003409CCPF;16/12/2022;15;1,363;R
ES0000000000003409CCPF;16/12/2022;16;0,459;R
ES0000000000003409CCPF;16/12/2022;17;0,45;R
ES0000000000003409CCPF;16/12/2022;18;0,481;R
ES0000000000003409CCPF;16/12/2022;19;0,455;R
ES0000000000003409CCPF;16/12/2022;20;0,524;R
ES0000000000003409CCPF;16/12/2022;21;0,529;R
ES0000000000003409CCPF;16/12/2022;22;0,484;R
ES0000000000003409CCPF;16/12/2022;23;0,532;R
ES0000000000003409CCPF;17/12/2022;0;0,53;R
ES0000000000003409CCPF;17/12/2022;1;0,533;R
ES0000000000003409CCPF;17/12/2022;2;0,584;R
ES0000000000003409CCPF;17/12/2022;3;0,475;R
ES0000000000003409CCPF;17/12/2022;4;0,464;R
ES0000000000003409CCPF;17/12/2022;5;0,461;R
ES0000000000003409CCPF;17/12/2022;6;0,477;R
ES0000000000003409CCPF;17/12/2022;7;0,473;R
ES0000000000003409CCPF;17/12/2022;8;0,491;R
ES0000000000003409CCPF;17/12/2022;9;0,469;R
ES0000000000003409CCPF;17/12/2022;10;0,441;R
ES0000000000003409CCPF;17/12/2022;11;0,946;R
ES0000000000003409CCPF;17/12/2022;12;0,392;R
ES0000000000003409CCPF;17/12/2022;13;0,482;R
ES0000000000003409CCPF;17/12/2022;14;1,157;R
ES0000000000003409CCPF;17/12/2022;15;1,363;R
ES0000000000003409CCPF;17/12/2022;16;1,576;R
ES0000000000003409CCPF;17/12/2022;17;2,053;R
ES0000000000003409CCPF;17/12/2022;18;0,483;R
ES0000000000003409CCPF;17/12/2022;19;0,728;R
ES0000000000003409CCPF;17/12/2022;20;0,362;R
ES0000000000003409CCPF;17/12/2022;21;1,753;R
ES0000000000003409CCPF;17/12/2022;22;2,237;R
ES0000000000003409CCPF;17/12/2022;23;0,745;R
ES0000000000003409CCPF;18/12/2022;0;0,524;R
ES0000000000003409CCPF;18/12/2022;1;0,626;R
ES0000000000003409CCPF;18/12/2022;2;0,994;R
ES0000000000003409CCPF;18/12/2022;3;0,779;R
ES0000000000003409CCPF;18/12/2022;4;0,496;R
ES0000000000003409CCPF;18/12/2022;5;0,455;R
ES0000000000003409CCPF;18/12/2022;6;0,452;R
ES0000000000003409CCPF;18/12/2022;7;0,525;R
ES0000000000003409CCPF;18/12/2022;8;0,508;R
ES0000000000003409CCPF;18/12/2022;9;0,494;R
ES0000000000003409CCPF;18/12/2022;10;0,476;R
ES0000000000003409CCPF;18/12/2022;11;0,639;R
ES0000000000003409CCPF;18/12/2022;12;1,385;R
ES0000000000003409CCPF;18/12/2022;13;0,762;R
ES0000000000003409CCPF;18/12/2022;14;1,071;R
ES0000000000003409CCPF;18/12/2022;15;0,864;R
ES0000000000003409CCPF;18/12/2022;16;3,726;R
ES0000000000003409CCPF;18/12/2022;17;3,255;R
ES0000000000003409CCPF;18/12/2022;18;1,52;R
ES0000000000003409CCPF;18/12/2022;19;0,979;R
ES0000000000003409CCPF;18/12/2022;20;1,492;R
ES0000000000003409CCPF;18/12/2022;21;0,716;R
ES0000000000003409CCPF;18/12/2022;22;2,096;R
ES0000000000003409CCPF;18/12/2022;23;1,413;R
ES0000000000003409CCPF;19/12/2022;0;1,202;R
ES0000000000003409CCPF;19/12/2022;1;1,066;R
ES0000000000003409CCPF;19/12/2022;2;0,962;R
ES0000000000003409CCPF;19/12/2022;3;0,926;R
ES0000000000003409CCPF;19/12/2022;4;0,954;R
ES0000000000003409CCPF;19/12/2022;5;0,866;R
ES0000000000003409CCPF;19/12/2022;6;0,901;R
ES0000000000003409CCPF;19/12/2022;7;0,858;R
ES0000000000003409CCPF;19/12/2022;8;0,836;R
ES0000000000003409CCPF;19/12/2022;9;0,884;R
ES0000000000003409CCPF;19/12/2022;10;1,168;R
ES0000000000003409CCPF;19/12/2022;11;1,66;R
ES0000000000003409CCPF;19/12/2022;12;1,403;R
ES0000000000003409CCPF;19/12/2022;13;1,654;R
ES0000000000003409CCPF;19/12/2022;14;1,401;R
ES0000000000003409CCPF;19/12/2022;15;0,867;R
ES0000000000003409CCPF;19/12/2022;16;1,709;R
ES0000000000003409CCPF;19/12/2022;17;1,891;R
ES0000000000003409CCPF;19/12/2022;18;1,047;R
ES0000000000003409CCPF;19/12/2022;19;1,163;R
ES0000000000003409CCPF;19/12/2022;20;0,71;R
ES0000000000003409CCPF;19/12/2022;21;0,593;R
ES0000000000003409CCPF;19/12/2022;22;1,171;R
ES0000000000003409CCPF;19/12/2022;23;0,92;R
ES0000000000003409CCPF;20/12/2022;0;0,719;R
ES0000000000003409CCPF;20/12/2022;1;0,655;R
ES0000000000003409CCPF;20/12/2022;2;0,689;R
ES0000000000003409CCPF;20/12/2022;3;0,686;R
ES0000000000003409CCPF;20/12/2022;4;0,702;R
ES0000000000003409CCPF;20/12/2022;5;0,731;R
ES0000000000003409CCPF;20/12/2022;6;0,734;R
ES0000000000003409CCPF;20/12/2022;7;0,712;R
ES0000000000003409CCPF;20/12/2022;8;0,949;R
ES0000000000003409CCPF;20/12/2022;9;0,843;R
ES0000000000003409CCPF;20/12/2022;10;0,908;R
ES0000000000003409CCPF;20/12/2022;11;0,876;R
ES0000000000003409CCPF;20/12/2022;12;0,881;R
ES0000000000003409CCPF;20/12/2022;13;0,914;R
ES0000000000003409CCPF;20/12/2022;14;0,663;R
ES0000000000003409CCPF;20/12/2022;15;0,808;R
ES0000000000003409CCPF;20/12/2022;16;0,938;R
ES0000000000003409CCPF;20/12/2022;17;0,86;R
ES0000000000003409CCPF;20/12/2022;18;0,869;R
ES0000000000003409CCPF;20/12/2022;19;0,823;R
ES0000000000003409CCPF;20/12/2022;20;0,818;R
ES0000000000003409CCPF;20/12/2022;21;1,294;R
ES0000000000003409CCPF;20/12/2022;22;1,841;R
ES0000000000003409CCPF;20/12/2022;23;1,967;R
ES0000000000003409CCPF;21/12/2022;0;0,739;R
ES0000000000003409CCPF;21/12/2022;1;0,703;R
ES0000000000003409CCPF;21/12/2022;2;0,698;R
ES0000000000003409CCPF;21/12/2022;3;0,728;R
ES0000000000003409CCPF;21/12/2022;4;0,657;R
ES0000000000003409CCPF;21/12/2022;5;0,68;R
ES0000000000003409CCPF;21/12/2022;6;0,697;R
ES0000000000003409CCPF;21/12/2022;7;0,762;R
ES0000000000003409CCPF;21/12/2022;8;0,768;R
ES0000000000003409CCPF;21/12/2022;9;0,798;R
ES0000000000003409CCPF;21/12/2022;10;1,336;R
ES0000000000003409CCPF;21/12/2022;11;1,063;R
ES0000000000003409CCPF;21/12/2022;12;0,988;R
ES0000000000003409CCPF;21/12/2022;13;2,37;R
ES0000000000003409CCPF;21/12/2022;14;1,177;R
ES0000000000003409CCPF;21/12/2022;15;0,807;R
ES0000000000003409CCPF;21/12/2022;16;0,814;R
ES0000000000003409CCPF;21/12/2022;17;0,736;R
ES0000000000003409CCPF;21/12/2022;18;0,608;R
ES0000000000003409CCPF;21/12/2022;19;0,882;R
ES0000000000003409CCPF;21/12/2022;20;1,193;R
ES0000000000003409CCPF;21/12/2022;21;1,512;R
ES0000000000003409CCPF;21/12/2022;22;0,702;R
ES0000000000003409CCPF;21/12/2022;23;0,697;R
ES0000000000003409CCPF;22/12/2022;0;0,55;R
ES0000000000003409CCPF;22/12/2022;1;0,534;R
ES0000000000003409CCPF;22/12/2022;2;0,612;R
ES0000000000003409CCPF;22/12/2022;3;0,538;R
ES0000000000003409CCPF;22/12/2022;4;0,505;R
ES0000000000003409CCPF;22/12/2022;5;0,579;R
ES0000000000003409CCPF;22/12/2022;6;0,492;R
ES0000000000003409CCPF;22/12/2022;7;0,635;R
ES0000000000003409CCPF;22/12/2022;8;0,638;R
ES0000000000003409CCPF;22/12/2022;9;0,635;R
ES0000000000003409CCPF;22/12/2022;10;0,765;R
ES0000000000003409CCPF;22/12/2022;11;0,648;R
ES0000000000003409CCPF;22/12/2022;12;1,942;R
ES0000000000003409CCPF;22/12/2022;13;0,89;R
ES0000000000003409CCPF;22/12/2022;14;0,645;R
ES0000000000003409CCPF;22/12/2022;15;0,547;R
ES0000000000003409CCPF;22/12/2022;16;0,458;R
ES0000000000003409CCPF;22/12/2022;17;0,511;R
ES0000000000003409CCPF;22/12/2022;18;0,637;R
ES0000000000003409CCPF;22/12/2022;19;0,629;R
ES0000000000003409CCPF;22/12/2022;20;0,65;R
ES0000000000003409CCPF;22/12/2022;21;0,625;R
ES0000000000003409CCPF;22/12/2022;22;0,602;R
ES0000000000003409CCPF;22/12/2022;23;0,396;R
ES0000000000003409CCPF;23/12/2022;0;0,47;R
ES0000000000003409CCPF;23/12/2022;1;0,927;R
ES0000000000003409CCPF;23/12/2022;2;0,469;R
ES0000000000003409CCPF;23/12/2022;3;0,53;R
ES0000000000003409CCPF;23/12/2022;4;0,427;R
ES0000000000003409CCPF;23/12/2022;5;0,454;R
ES0000000000003409CCPF;23/12/2022;6;0,475;R
ES0000000000003409CCPF;23/12/2022;7;0,456;R
ES0000000000003409CCPF;23/12/2022;8;0,432;R
ES0000000000003409CCPF;23/12/2022;9;0,464;R
ES0000000000003409CCPF;23/12/2022;10;1,289;R
ES0000000000003409CCPF;23/12/2022;11;1,485;R
ES0000000000003409CCPF;23/12/2022;12;0,871;R
ES0000000000003409CCPF;23/12/2022;13;0,641;R
ES0000000000003409CCPF;23/12/2022;14;0,627;R
ES0000000000003409CCPF;23/12/2022;15;0,631;R
ES0000000000003409CCPF;23/12/2022;16;0,646;R
ES0000000000003409CCPF;23/12/2022;17;0,619;R
ES0000000000003409CCPF;23/12/2022;18;0,874;R
ES0000000000003409CCPF;23/12/2022;19;2,138;R
ES0000000000003409CCPF;23/12/2022;20;0,837;R
ES0000000000003409CCPF;23/12/2022;21;0,808;R
ES0000000000003409CCPF;23/12/2022;22;1,56;R
ES0000000000003409CCPF;23/12/2022;23;2,481;R
ES0000000000003409CCPF;24/12/2022;0;1,148;R
ES0000000000003409CCPF;24/12/2022;1;0,654;R
ES0000000000003409CCPF;24/12/2022;2;0,74;R
ES0000000000003409CCPF;24/12/2022;3;0,756;R
ES0000000000003409CCPF;24/12/2022;4;1,283;R
ES0000000000003409CCPF;24/12/2022;5;0,747;R
ES0000000000003409CCPF;24/12/2022;6;0,746;R
ES0000000000003409CCPF;24/12/2022;7;0,703;R
ES0000000000003409CCPF;24/12/2022;8;0,702;R
ES0000000000003409CCPF;24/12/2022;9;0,711;R
ES0000000000003409CCPF;24/12/2022;10;0,71;R
ES0000000000003409CCPF;24/12/2022;11;0,687;R
ES0000000000003409CCPF;24/12/2022;12;2,016;R
ES0000000000003409CCPF;24/12/2022;13;2,181;R
ES0000000000003409CCPF;24/12/2022;14;0,904;R
ES0000000000003409CCPF;24/12/2022;15;0,935;R
ES0000000000003409CCPF;24/12/2022;16;0,862;R
ES0000000000003409CCPF;24/12/2022;17;0,862;R
ES0000000000003409CCPF;24/12/2022;18;0,86;R
ES0000000000003409CCPF;24/12/2022;19;0,825;R
ES0000000000003409CCPF;24/12/2022;20;0,786;R
ES0000000000003409CCPF;24/12/2022;21;0,806;R
ES0000000000003409CCPF;24/12/2022;22;0,799;R
ES0000000000003409CCPF;24/12/2022;23;0,818;R
ES0000000000003409CCPF;25/12/2022;0;0,818;R
ES0000000000003409CCPF;25/12/2022;1;0,796;R
ES0000000000003409CCPF;25/12/2022;2;0,868;R
ES0000000000003409CCPF;25/12/2022;3;0,818;R
ES0000000000003409CCPF;25/12/2022;4;0,829;R
ES0000000000003409CCPF;25/12/2022;5;0,807;R
ES0000000000003409CCPF;25/12/2022;6;0,828;R
ES0000000000003409CCPF;25/12/2022;7;0,817;R
ES0000000000003409CCPF;25/12/2022;8;0,829;R
ES0000000000003409CCPF;25/12/2022;9;0,838;R
ES0000000000003409CCPF;25/12/2022;10;0,837;R
ES0000000000003409CCPF;25/12/2022;11;0,865;R
ES0000000000003409CCPF;25/12/2022;12;0,847;R
ES0000000000003409CCPF;25/12/2022;13;0,975;R
ES0000000000003409CCPF;25/12/2022;14;1,207;R
ES0000000000003409CCPF;25/12/2022;15;0,719;R
ES0000000000003409CCPF;25/12/2022;16;0,587;R
ES0000000000003409CCPF;25/12/2022;17;0,554;R
ES0000000000003409CCPF;25/12/2022;18;0,67;R
ES0000000000003409CCPF;25/12/2022;19;0,69;R
ES0000000000003409CCPF;25/12/2022;20;0,705;R
ES0000000000003409CCPF;25/12/2022;21;0,674;R
ES0000000000003409CCPF;25/12/2022;22;0,709;R
ES0000000000003409CCPF;25/12/2022;23;0,717;R
ES0000000000003409CCPF;26/12/2022;0;0,722;R
ES0000000000003409CCPF;26/12/2022;1;0,727;R
ES0000000000003409CCPF;26/12/2022;2;0,763;R
ES0000000000003409CCPF;26/12/2022;3;0,732;R
ES0000000000003409CCPF;26/12/2022;4;0,8;R
ES0000000000003409CCPF;26/12/2022;5;0,78;R
ES0000000000003409CCPF;26/12/2022;6;0,759;R
ES0000000000003409CCPF;26/12/2022;7;0,806;R
ES0000000000003409CCPF;26/12/2022;8;0,801;R
ES0000000000003409CCPF;26/12/2022;9;0,806;R
ES0000000000003409CCPF;26/12/2022;10;1,349;R
ES0000000000003409CCPF;26/12/2022;11;0,781;R
ES0000000000003409CCPF;26/12/2022;12;0,808;R
ES0000000000003409CCPF;26/12/2022;13;0,806;R
ES0000000000003409CCPF;26/12/2022;14;0,713;R
ES0000000000003409CCPF;26/12/2022;15;0,74;R
ES0000000000003409CCPF;26/12/2022;16;0,635;R
ES0000000000003409CCPF;26/12/2022;17;1,326;R
ES0000000000003409CCPF;26/12/2022;18;0,687;R
ES0000000000003409CCPF;26/12/2022;19;0,819;R
ES0000000000003409CCPF;26/12/2022;20;0,721;R
ES0000000000003409CCPF;26/12/2022;21;1,325;R
ES0000000000003409CCPF;26/12/2022;22;0,741;R
ES0000000000003409CCPF;26/12/2022;23;0,844;R
ES0000000000003409CCPF;27/12/2022;0;1,268;R
ES0000000000003409CCPF;27/12/2022;1;0,789;R
ES0000000000003409CCPF;27/12/2022;2;0,793;R
ES0000000000003409CCPF;27/12/2022;3;0,791;R
ES0000000000003409CCPF;27/12/2022;4;0,804;R
ES0000000000003409CCPF;27/12/2022;5;0,791;R
ES0000000000003409CCPF;27/12/2022;6;0,783;R
ES0000000000003409CCPF;27/12/2022;7;0,784;R
ES0000000000003409CCPF;27/12/2022;8;0,792;R
ES0000000000003409CCPF;27/12/2022;9;1,068;R
ES0000000000003409CCPF;27/12/2022;10;1,873;R
ES0000000000003409CCPF;27/12/2022;11;2,707;R
ES0000000000003409CCPF;27/12/2022;12;1,271;R
ES0000000000003409CCPF;27/12/2022;13;0,923;R
ES0000000000003409CCPF;27/12/2022;14;0,916;R
ES0000000000003409CCPF;27/12/2022;15;0,949;R
ES0000000000003409CCPF;27/12/2022;16;0,856;R
ES0000000000003409CCPF;27/12/2022;17;0,805;R
ES0000000000003409CCPF;27/12/2022;18;1,56;R
ES0000000000003409CCPF;27/12/2022;19;0,883;R
ES0000000000003409CCPF;27/12/2022;20;1,366;R
ES0000000000003409CCPF;27/12/2022;21;0,857;R
ES0000000000003409CCPF;27/12/2022;22;0,782;R
ES0000000000003409CCPF;27/12/2022;23;0,822;R
ES0000000000003409CCPF;28/12/2022;0;0,809;R
ES0000000000003409CCPF;28/12/2022;1;0,814;R
ES0000000000003409CCPF;28/12/2022;2;0,671;R
ES0000000000003409CCPF;28/12/2022;3;0,567;R
ES0000000000003409CCPF;28/12/2022;4;0,515;R
ES0000000000003409CCPF;28/12/2022;5;0,43;R
ES0000000000003409CCPF;28/12/2022;6;0,442;R
ES0000000000003409CCPF;28/12/2022;7;0,478;R
ES0000000000003409CCPF;28/12/2022;8;0,502;R
ES0000000000003409CCPF;28/12/2022;9;0,463;R
ES0000000000003409CCPF;28/12/2022;10;0,535;R
ES0000000000003409CCPF;28/12/2022;11;0,632;R
ES0000000000003409CCPF;28/12/2022;12;1,18;R
ES0000000000003409CCPF;28/12/2022;13;1,678;R
ES0000000000003409CCPF;28/12/2022;14;3,4;R
ES0000000000003409CCPF;28/12/2022;15;2,232;R
ES0000000000003409CCPF;28/12/2022;16;1,528;R
ES0000000000003409CCPF;28/12/2022;17;0,734;R
ES0000000000003409CCPF;28/12/2022;18;0,495;R
ES0000000000003409CCPF;28/12/2022;19;0,56;R
ES0000000000003409CCPF;28/12/2022;20;1,139;R
ES0000000000003409CCPF;28/12/2022;21;0,568;R
ES0000000000003409CCPF;28/12/2022;22;0,567;R
ES0000000000003409CCPF;28/12/2022;23;0,52;R
ES0000000000003409CCPF;29/12/2022;0;0,887;R
ES0000000000003409CCPF;29/12/2022;1;1,588;R
ES0000000000003409CCPF;29/12/2022;2;1,22;R
ES0000000000003409CCPF;29/12/2022;3;0,467;R
ES0000000000003409CCPF;29/12/2022;4;0,535;R
ES0000000000003409CCPF;29/12/2022;5;0,494;R
ES0000000000003409CCPF;29/12/2022;6;0,507;R
ES0000000000003409CCPF;29/12/2022;7;0,474;R
ES0000000000003409CCPF;29/12/2022;8;1,104;R
ES0000000000003409CCPF;29/12/2022;9;0,849;R
ES0000000000003409CCPF;29/12/2022;10;1,097;R
ES0000000000003409CCPF;29/12/2022;11;2,021;R
ES0000000000003409CCPF;29/12/2022;12;0,515;R
ES0000000000003409CCPF;29/12/2022;13;1,062;R
ES0000000000003409CCPF;29/12/2022;14;0,702;R
ES0000000000003409CCPF;29/12/2022;15;1,062;R
ES0000000000003409CCPF;29/12/2022;16;2,153;R
ES0000000000003409CCPF;29/12/2022;17;1,474;R
ES0000000000003409CCPF;29/12/2022;18;0,711;R
ES0000000000003409CCPF;29/12/2022;19;0,784;R
ES0000000000003409CCPF;29/12/2022;20;0,969;R
ES0000000000003409CCPF;29/12/2022;21;1,049;R
ES0000000000003409CCPF;29/12/2022;22;1,654;R
ES0000000000003409CCPF;29/12/2022;23;1,39;R
ES0000000000003409CCPF;30/12/2022;0;0,604;R
ES0000000000003409CCPF;30/12/2022;1;0,426;R
ES0000000000003409CCPF;30/12/2022;2;0,516;R
ES0000000000003409CCPF;30/12/2022;3;0,431;R
ES0000000000003409CCPF;30/12/2022;4;0,437;R
ES0000000000003409CCPF;30/12/2022;5;0,523;R
ES0000000000003409CCPF;30/12/2022;6;0,49;R
ES0000000000003409CCPF;30/12/2022;7;0,489;R
ES0000000000003409CCPF;30/12/2022;8;0,491;R
ES0000000000003409CCPF;30/12/2022;9;0,79;R
ES0000000000003409CCPF;30/12/2022;10;1,634;R
ES0000000000003409CCPF;30/12/2022;11;1,77;R
ES0000000000003409CCPF;30/12/2022;12;2,051;R
ES0000000000003409CCPF;30/12/2022;13;1,368;R
ES0000000000003409CCPF;30/12/2022;14;0,731;R
ES0000000000003409CCPF;30/12/2022;15;0,735;R
ES0000000000003409CCPF;30/12/2022;16;0,734;R
ES0000000000003409CCPF;30/12/2022;17;0,735;R
ES0000000000003409CCPF;30/12/2022;18;0,738;R
ES0000000000003409CCPF;30/12/2022;19;0,793;R
ES0000000000003409CCPF;30/12/2022;20;0,769;R
ES0000000000003409CCPF;30/12/2022;21;0,809;R
ES0000000000003409CCPF;30/12/2022;22;0,834;R
ES0000000000003409CCPF;30/12/2022;23;0,794;R
ES0000000000003409CCPF;31/12/2022;0;0,798;R
ES0000000000003409CCPF;31/12/2022;1;0,786;R
ES0000000000003409CCPF;31/12/2022;2;0,756;R
ES0000000000003409CCPF;31/12/2022;3;0,748;R
ES0000000000003409CCPF;31/12/2022;4;0,765;R
ES0000000000003409CCPF;31/12/2022;5;0,782;R
ES0000000000003409CCPF;31/12/2022;6;0,776;R
ES0000000000003409CCPF;31/12/2022;7;0,797;R
ES0000000000003409CCPF;31/12/2022;8;0,816;R
ES0000000000003409CCPF;31/12/2022;9;0,799;R
ES0000000000003409CCPF;31/12/2022;10;0,829;R
ES0000000000003409CCPF;31/12/2022;11;0,812;R
ES0000000000003409CCPF;31/12/2022;12;0,875;R
ES0000000000003409CCPF;31/12/2022;13;0,888;R
ES0000000000003409CCPF;31/12/2022;14;0,901;R
ES0000000000003409CCPF;31/12/2022;15;0,85;R
ES0000000000003409CCPF;31/12/2022;16;0,766;R
ES0000000000003409CCPF;31/12/2022;17;0,758;R
ES0000000000003409CCPF;31/12/2022;18;0,799;R
ES0000000000003409CCPF;31/12/2022;19;1,369;R
ES0000000000003409CCPF;31/12/2022;20;1,185;R
ES0000000000003409CCPF;31/12/2022;21;1,466;R
ES0000000000003409CCPF;31/12/2022;22;1,542;R
ES0000000000003409CCPF;31/12/2022;23;1,448;R
ES0000000000003409CCPF;01/01/2023;0;0,266;R
ES0000000000003409CCPF;01/01/2023;1;0,079;R
ES0000000000003409CCPF;01/01/2023;2;0,097;R
ES0000000000003409CCPF;01/01/2023;3;0,155;R
ES0000000000003409CCPF;01/01/2023;4;0,098;R
ES0000000000003409CCPF;01/01/2023;5;0,097;R
ES0000000000003409CCPF;01/01/2023;6;0,087;R
ES0000000000003409CCPF;01/01/2023;7;0,088;R
ES0000000000003409CCPF;01/01/2023;8;0,101;R
ES0000000000003409CCPF;01/01/2023;9;0,095;R
ES0000000000003409CCPF;01/01/2023;10;0,348;R
ES0000000000003409CCPF;01/01/2023;11;1,439;R
ES0000000000003409CCPF;01/01/2023;12;0,05;R
ES0000000000003409CCPF;01/01/2023;13;0,033;R
ES0000000000003409CCPF;01/01/2023;14;0,058;R
ES0000000000003409CCPF;01/01/2023;15;0,038;R
ES0000000000003409CCPF;01/01/2023;16;0,061;R
ES0000000000003409CCPF;01/01/2023;17;0,027;R
ES0000000000003409CCPF;01/01/2023;18;0,036;R
ES0000000000003409CCPF;01/01/2023;19;1,964;R
ES0000000000003409CCPF;01/01/2023;20;0,721;R
ES0000000000003409CCPF;01/01/2023;21;0,063;R
ES0000000000003409CCPF;01/01/2023;22;0,058;R
ES0000000000003409CCPF;01/01/2023;23;0,075;R
ES0000000000003409CCPF;02/01/2023;0;0,482;R
ES0000000000003409CCPF;02/01/2023;1;0,627;R
ES0000000000003409CCPF;02/01/2023;2;0,813;R
ES0000000000003409CCPF;02/01/2023;3;0,1;R
ES0000000000003409CCPF;02/01/2023;4;0,073;R
ES0000000000003409CCPF;02/01/2023;5;0,083;R
ES0000000000003409CCPF;02/01/2023;6;0,075;R
ES0000000000003409CCPF;02/01/2023;7;0,077;R
ES0000000000003409CCPF;02/01/2023;8;0,074;R
ES0000000000003409CCPF;02/01/2023;9;0,086;R
ES0000000000003409CCPF;02/01/2023;10;0,075;R
ES0000000000003409CCPF;02/01/2023;11;0,099;R
ES0000000000003409CCPF;02/01/2023;12;2,314;R
ES0000000000003409CCPF;02/01/2023;13;0,933;R
ES0000000000003409CCPF;02/01/2023;14;0,762;R
ES0000000000003409CCPF;02/01/2023;15;0,845;R
ES0000000000003409CCPF;02/01/2023;16;0,769;R
ES0000000000003409CCPF;02/01/2023;17;0,787;R
ES0000000000003409CCPF;02/01/2023;18;0,904;R
ES0000000000003409CCPF;02/01/2023;19;0,878;R
ES0000000000003409CCPF;02/01/2023;20;0,893;R
ES0000000000003409CCPF;02/01/2023;21;1,428;R
ES0000000000003409CCPF;02/01/2023;22;2,12;R
ES0000000000003409CCPF;02/01/2023;23;1,509;R
ES0000000000003409CCPF;03/01/2023;0;1,757;R
ES0000000000003409CCPF;03/01/2023;1;0,654;R
ES0000000000003409CCPF;03/01/2023;2;0,591;R
ES0000000000003409CCPF;03/01/2023;3;1,391;R
ES0000000000003409CCPF;03/01/2023;4;0,511;R
ES0000000000003409CCPF;03/01/2023;5;0,039;R
ES0000000000003409CCPF;03/01/2023;6;0,034;R
ES0000000000003409CCPF;03/01/2023;7;0,036;R
ES0000000000003409CCPF;03/01/2023;8;0,082;R
ES0000000000003409CCPF;03/01/2023;9;0,183;R
ES0000000000003409CCPF;03/01/2023;10;0,089;R
ES0000000000003409CCPF;03/01/2023;11;0,053;R
ES0000000000003409CCPF;03/01/2023;12;0,052;R
ES0000000000003409CCPF;03/01/2023;13;0,059;R
ES0000000000003409CCPF;03/01/2023;14;0,057;R
ES0000000000003409CCPF;03/01/2023;15;0,056;R
ES0000000000003409CCPF;03/01/2023;16;0,05;R
ES0000000000003409CCPF;03/01/2023;17;0,05;R
ES0000000000003409CCPF;03/01/2023;18;0,059;R
ES0000000000003409CCPF;03/01/2023;19;0,564;R
ES0000000000003409CCPF;03/01/2023;20;1,47;R
ES0000000000003409CCPF;03/01/2023;21;0,336;R
ES0000000000003409CCPF;03/01/2023;22;0,113;R
ES0000000000003409CCPF;03/01/2023;23;0,129;R
ES0000000000003409CCPF;04/01/2023;0;0,063;R
ES0000000000003409CCPF;04/01/2023;1;0,038;R
ES0000000000003409CCPF;04/01/2023;2;0,028;R
ES0000000000003409CCPF;04/01/2023;3;0,028;R
ES0000000000003409CCPF;04/01/2023;4;0,036;R
ES0000000000003409CCPF;04/01/2023;5;0,035;R
ES0000000000003409CCPF;04/01/2023;6;0,029;R
ES0000000000003409CCPF;04/01/2023;7;0,027;R
ES0000000000003409CCPF;04/01/2023;8;0,035;R
ES0000000000003409CCPF;04/01/2023;9;0,037;R
ES0000000000003409CCPF;04/01/2023;10;0,625;R
ES0000000000003409CCPF;04/01/2023;11;1,819;R
ES0000000000003409CCPF;04/01/2023;12;1,446;R
ES0000000000003409CCPF;04/01/2023;13;0,17;R
ES0000000000003409CCPF;04/01/2023;14;0,104;R
ES0000000000003409CCPF;04/01/2023;15;0,05;R
ES0000000000003409CCPF;04/01/2023;16;0,559;R
ES0000000000003409CCPF;04/01/2023;17;0,597;R
ES0000000000003409CCPF;04/01/2023;18;0,464;R
ES0000000000003409CCPF;04/01/2023;19;0,654;R
ES0000000000003409CCPF;04/01/2023;20;0,031;R
ES0000000000003409CCPF;04/01/2023;21;0,035;R
ES0000000000003409CCPF;04/01/2023;22;0,055;R
ES0000000000003409CCPF;04/01/2023;23;0,046;R
ES0000000000003409CCPF;05/01/2023;0;0,042;R
ES0000000000003409CCPF;05/01/2023;1;0,038;R
ES0000000000003409CCPF;05/01/2023;2;0,038;R
ES0000000000003409CCPF;05/01/2023;3;0,088;R
ES0000000000003409CCPF;05/01/2023;4;0,057;R
ES0000000000003409CCPF;05/01/2023;5;0,04;R
ES0000000000003409CCPF;05/01/2023;6;0,033;R
ES0000000000003409CCPF;05/01/2023;7;0,028;R
ES0000000000003409CCPF;05/01/2023;8;0,037;R
ES0000000000003409CCPF;05/01/2023;9;0,044;R
ES0000000000003409CCPF;05/01/2023;10;0,07;R
ES0000000000003409CCPF;05/01/2023;11;0,14;R
ES0000000000003409CCPF;05/01/2023;12;0,078;R
ES0000000000003409CCPF;05/01/2023;13;0,164;R
ES0000000000003409CCPF;05/01/2023;14;0,063;R
ES0000000000003409CCPF;05/01/2023;15;0,404;R
ES0000000000003409CCPF;05/01/2023;16;0,23;R
ES0000000000003409CCPF;05/01/2023;17;0,043;R
ES0000000000003409CCPF;05/01/2023;18;0,052;R
ES0000000000003409CCPF;05/01/2023;19;0,093;R
ES0000000000003409CCPF;05/01/2023;20;2,359;R
ES0000000000003409CCPF;05/01/2023;21;0,717;R
ES0000000000003409CCPF;05/01/2023;22;1,271;R
ES0000000000003409CCPF;05/01/2023;23;1,399;R
ES0000000000003409CCPF;06/01/2023;0;0,366;R
ES0000000000003409CCPF;06/01/2023;1;0,035;R
ES0000000000003409CCPF;06/01/2023;2;0,03;R
ES0000000000003409CCPF;06/01/2023;3;0,034;R
ES0000000000003409CCPF;06/01/2023;4;0,033;R
ES0000000000003409CCPF;06/01/2023;5;0,026;R
ES0000000000003409CCPF;06/01/2023;6;0,032;R
ES0000000000003409CCPF;06/01/2023;7;0,034;R
ES0000000000003409CCPF;06/01/2023;8;0,029;R
ES0000000000003409CCPF;06/01/2023;9;0,028;R
ES0000000000003409CCPF;06/01/2023;10;0,453;R
ES0000000000003409CCPF;06/01/2023;11;1,077;R
ES0000000000003409CCPF;06/01/2023;12;0,402;R
ES0000000000003409CCPF;06/01/2023;13;0,75;R
ES0000000000003409CCPF;06/01/2023;14;1,411;R
ES0000000000003409CCPF;06/01/2023;15;0,217;R
ES0000000000003409CCPF;06/01/2023;16;0,09;R
ES0000000000003409CCPF;06/01/2023;17;0,13;R
ES0000000000003409CCPF;06/01/2023;18;0,912;R
ES0000000000003409CCPF;06/01/2023;19;2,183;R
ES0000000000003409CCPF;06/01/2023;20;0,603;R
ES0000000000003409CCPF;06/01/2023;21;0,132;R
ES0000000000003409CCPF;06/01/2023;22;0,155;R
ES0000000000003409CCPF;06/01/2023;23;0,423;R
ES0000000000003409CCPF;07/01/2023;0;0,524;R
ES0000000000003409CCPF;07/01/2023;1;0,328;R
ES0000000000003409CCPF;07/01/2023;2;0,031;R
ES0000000000003409CCPF;07/01/2023;3;0,035;R
ES0000000000003409CCPF;07/01/2023;4;0,032;R
ES0000000000003409CCPF;07/01/2023;5;0,026;R
ES0000000000003409CCPF;07/01/2023;6;0,025;R
ES0000000000003409CCPF;07/01/2023;7;0,033;R
ES0000000000003409CCPF;07/01/2023;8;0,032;R
ES0000000000003409CCPF;07/01/2023;9;0,027;R
ES0000000000003409CCPF;07/01/2023;10;0,09;R
ES0000000000003409CCPF;07/01/2023;11;0,113;R
ES0000000000003409CCPF;07/01/2023;12;0,792;R
ES0000000000003409CCPF;07/01/2023;13;1,314;R
ES0000000000003409CCPF;07/01/2023;14;1,82;R
ES0000000000003409CCPF;07/01/2023;15;1,091;R
ES0000000000003409CCPF;07/01/2023;16;0,407;R
ES0000000000003409CCPF;07/01/2023;17;0,397;R
ES0000000000003409CCPF;07/01/2023;18;1,54;R
ES0000000000003409CCPF;07/01/2023;19;0,851;R
ES0000000000003409CCPF;07/01/2023;20;0,423;R
ES0000000000003409CCPF;07/01/2023;21;0,925;R
ES0000000000003409CCPF;07/01/2023;22;0,796;R
ES0000000000003409CCPF;07/01/2023;23;0,668;R
ES0000000000003409CCPF;08/01/2023;0;0,408;R
ES0000000000003409CCPF;08/01/2023;1;0,557;R
ES0000000000003409CCPF;08/01/2023;2;0,551;R
ES0000000000003409CCPF;08/01/2023;3;0,394;R
ES0000000000003409CCPF;08/01/2023;4;0,505;R
ES0000000000003409CCPF;08/01/2023;5;0,608;R
ES0000000000003409CCPF;08/01/2023;6;0,386;R
ES0000000000003409CCPF;08/01/2023;7;0,381;R
ES0000000000003409CCPF;08/01/2023;8;0,685;R
ES0000000000003409CCPF;08/01/2023;9;0,655;R
ES0000000000003409CCPF;08/01/2023;10;1,573;R
ES0000000000003409CCPF;08/01/2023;11;0,656;R
ES0000000000003409CCPF;08/01/2023;12;0,334;R
ES0000000000003409CCPF;08/01/2023;13;0,234;R
ES0000000000003409CCPF;08/01/2023;14;1,693;R
ES0000000000003409CCPF;08/01/2023;15;1,082;R
ES0000000000003409CCPF;08/01/2023;16;0,653;R
ES0000000000003409CCPF;08/01/2023;17;0,148;R
ES0000000000003409CCPF;08/01/2023;18;1,455;R
ES0000000000003409CCPF;08/01/2023;19;0,917;R
ES0000000000003409CCPF;08/01/2023;20;0,107;R
ES0000000000003409CCPF;08/01/2023;21;0,639;R
ES0000000000003409CCPF;08/01/2023;22;0,157;R
ES0000000000003409CCPF;08/01/2023;23;0,075;R
ES0000000000003409CCPF;09/01/2023;0;0,034;R
ES0000000000003409CCPF;09/01/2023;1;0,141;R
ES0000000000003409CCPF;09/01/2023;2;0,095;R
ES0000000000003409CCPF;09/01/2023;3;0,113;R
ES0000000000003409CCPF;09/01/2023;4;0,12;R
ES0000000000003409CCPF;09/01/2023;5;0,122;R
ES0000000000003409CCPF;09/01/2023;6;0,123;R
ES0000000000003409CCPF;09/01/2023;7;0,133;R
ES0000000000003409CCPF;09/01/2023;8;0,155;R
ES0000000000003409CCPF;09/01/2023;9;0,14;R
ES0000000000003409CCPF;09/01/2023;10;0,195;R
ES0000000000003409CCPF;09/01/2023;11;0,105;R
ES0000000000003409CCPF;09/01/2023;12;1,144;R
ES0000000000003409CCPF;09/01/2023;13;0,318;R
ES0000000000003409CCPF;09/01/2023;14;0,177;R
ES0000000000003409CCPF;09/01/2023;15;0,087;R
ES0000000000003409CCPF;09/01/2023;16;0,188;R
ES0000000000003409CCPF;09/01/2023;17;1,354;R
ES0000000000003409CCPF;09/01/2023;18;1,903;R
ES0000000000003409CCPF;09/01/2023;19;0,961;R
ES0000000000003409CCPF;09/01/2023;20;0,126;R
ES0000000000003409CCPF;09/01/2023;21;0,13;R
ES0000000000003409CCPF;09/01/2023;22;0,199;R
ES0000000000003409CCPF;09/01/2023;23;0,137;R
ES0000000000003409CCPF;10/01/2023;0;0,672;R
ES0000000000003409CCPF;10/01/2023;1;0,137;R
ES0000000000003409CCPF;10/01/2023;2;0,13;R
ES0000000000003409CCPF;10/01/2023;3;0,128;R
ES0000000000003409CCPF;10/01/2023;4;0,134;R
ES0000000000003409CCPF;10/01/2023;5;0,141;R
ES0000000000003409CCPF;10/01/2023;6;0,145;R
ES0000000000003409CCPF;10/01/2023;7;0,163;R
ES0000000000003409CCPF;10/01/2023;8;0,161;R
ES0000000000003409CCPF;10/01/2023;9;0,3;R
ES0000000000003409CCPF;10/01/2023;10;0,211;R
ES0000000000003409CCPF;10/01/2023;11;0,207;R
ES0000000000003409CCPF;10/01/2023;12;1,25;R
ES0000000000003409CCPF;10/01/2023;13;1,305;R
ES0000000000003409CCPF;10/01/2023;14;0,285;R
ES0000000000003409CCPF;10/01/2023;15;0,262;R
ES0000000000003409CCPF;10/01/2023;16;0,163;R
ES0000000000003409CCPF;10/01/2023;17;0,181;R
ES0000000000003409CCPF;10/01/2023;18;0,178;R
ES0000000000003409CCPF;10/01/2023;19;0,207;R
ES0000000000003409CCPF;10/01/2023;20;0,179;R
ES0000000000003409CCPF;10/01/2023;21;0,159;R
ES0000000000003409CCPF;10/01/2023;22;0,287;R
ES0000000000003409CCPF;10/01/2023;23;0,506;R
ES0000000000003409CCPF;11/01/2023;0;1,508;R
ES0000000000003409CCPF;11/01/2023;1;1,193;R
ES0000000000003409CCPF;11/01/2023;2;0,144;R
ES0000000000003409CCPF;11/01/2023;3;0,179;R
ES0000000000003409CCPF;11/01/2023;4;0,161;R
ES0000000000003409CCPF;11/01/2023;5;0,185;R
ES0000000000003409CCPF;11/01/2023;6;0,185;R
ES0000000000003409CCPF;11/01/2023;7;0,184;R
ES0000000000003409CCPF;11/01/2023;8;0,185;R
ES0000000000003409CCPF;11/01/2023;9;0,194;R
ES0000000000003409CCPF;11/01/2023;10;0,208;R
ES0000000000003409CCPF;11/01/2023;11;0,729;R
ES0000000000003409CCPF;11/01/2023;12;1,217;R
ES0000000000003409CCPF;11/01/2023;13;1,509;R
ES0000000000003409CCPF;11/01/2023;14;0,669;R
ES0000000000003409CCPF;11/01/2023;15;0,149;R
ES0000000000003409CCPF;11/01/2023;16;0,196;R
ES0000000000003409CCPF;11/01/2023;17;0,184;R
ES0000000000003409CCPF;11/01/2023;18;0,277;R
ES0000000000003409CCPF;11/01/2023;19;0,218;R
ES0000000000003409CCPF;11/01/2023;20;0,228;R
ES0000000000003409CCPF;11/01/2023;21;0,169;R
ES0000000000003409CCPF;11/01/2023;22;0,248;R
ES0000000000003409CCPF;11/01/2023;23;0,226;R
ES0000000000003409CCPF;12/01/2023;0;0,261;R
ES0000000000003409CCPF;12/01/2023;1;0,249;R
ES0000000000003409CCPF;12/01/2023;2;0,758;R
ES0000000000003409CCPF;12/01/2023;3;0,227;R
ES0000000000003409CCPF;12/01/2023;4;0,202;R
ES0000000000003409CCPF;12/01/2023;5;0,244;R
ES0000000000003409CCPF;12/01/2023;6;0,178;R
ES0000000000003409CCPF;12/01/2023;7;0,229;R
ES0000000000003409CCPF;12/01/2023;8;0,223;R
ES0000000000003409CCPF;12/01/2023;9;0,243;R
ES0000000000003409CCPF;12/01/2023;10;0,717;R
ES0000000000003409CCPF;12/01/2023;11;0,333;R
ES0000000000003409CCPF;12/01/2023;12;0,181;R
ES0000000000003409CCPF;12/01/2023;13;0,256;R
ES0000000000003409CCPF;12/01/2023;14;0,731;R
ES0000000000003409CCPF;12/01/2023;15;1,733;R
ES0000000000003409CCPF;12/01/2023;16;0,248;R
ES0000000000003409CCPF;12/01/2023;17;0,21;R
ES0000000000003409CCPF;12/01/2023;18;0,225;R
ES0000000000003409CCPF;12/01/2023;19;0,242;R
ES0000000000003409CCPF;12/01/2023;20;0,246;R
ES0000000000003409CCPF;12/01/2023;21;0,242;R
ES0000000000003409CCPF;12/01/2023;22;0,252;R
ES0000000000003409CCPF;12/01/2023;23;0,265;R
ES0000000000003409CCPF;13/01/2023;0;0,271;R
ES0000000000003409CCPF;13/01/2023;1;0,234;R
ES0000000000003409CCPF;13/01/2023;2;0,801;R
ES0000000000003409CCPF;13/01/2023;3;0,33;R
ES0000000000003409CCPF;13/01/2023;4;0,202;R
ES0000000000003409CCPF;13/01/2023;5;0,255;R
ES0000000000003409CCPF;13/01/2023;6;0,213;R
ES0000000000003409CCPF;13/01/2023;7;0,26;R
ES0000000000003409CCPF;13/01/2023;8;0,205;R
ES0000000000003409CCPF;13/01/2023;9;0,258;R
ES0000000000003409CCPF;13/01/2023;10;0,222;R
ES0000000000003409CCPF;13/01/2023;11;0,243;R
ES0000000000003409CCPF;13/01/2023;12;0,292;R
ES0000000000003409CCPF;13/01/2023;13;1,163;R
ES0000000000003409CCPF;13/01/2023;14;0,615;R
ES0000000000003409CCPF;13/01/2023;15;0,743;R
ES0000000000003409CCPF;13/01/2023;16;0,592;R
ES0000000000003409CCPF;13/01/2023;17;0,242;R
ES0000000000003409CCPF;13/01/2023;18;0,224;R
ES0000000000003409CCPF;13/01/2023;19;0,256;R
ES0000000000003409CCPF;13/01/2023;20;0,242;R
ES0000000000003409CCPF;13/01/2023;21;0,237;R
ES0000000000003409CCPF;13/01/2023;22;0,243;R
ES0000000000003409CCPF;13/01/2023;23;0,26;R
ES0000000000003409CCPF;14/01/2023;0;0,26;R
ES0000000000003409CCPF;14/01/2023;1;0,253;R
ES0000000000003409CCPF;14/01/2023;2;0,318;R
ES0000000000003409CCPF;14/01/2023;3;0,175;R
ES0000000000003409CCPF;14/01/2023;4;0,615;R
ES0000000000003409CCPF;14/01/2023;5;0,258;R
ES0000000000003409CCPF;14/01/2023;6;0,244;R
ES0000000000003409CCPF;14/01/2023;7;0,232;R
ES0000000000003409CCPF;14/01/2023;8;0,198;R
ES0000000000003409CCPF;14/01/2023;9;0,24;R
ES0000000000003409CCPF;14/01/2023;10;0,239;R
ES0000000000003409CCPF;14/01/2023;11;0,279;R
ES0000000000003409CCPF;14/01/2023;12;1,173;R
ES0000000000003409CCPF;14/01/2023;13;1,104;R
ES0000000000003409CCPF;14/01/2023;14;0,253;R
ES0000000000003409CCPF;14/01/2023;15;1,246;R
ES0000000000003409CCPF;14/01/2023;16;0,339;R
ES0000000000003409CCPF;14/01/2023;17;0,433;R
ES0000000000003409CCPF;14/01/2023;18;0,659;R
ES0000000000003409CCPF;14/01/2023;19;0,434;R
ES0000000000003409CCPF;14/01/2023;20;0,259;R
ES0000000000003409CCPF;14/01/2023;21;0,197;R
ES0000000000003409CCPF;14/01/2023;22;0,257;R
ES0000000000003409CCPF;14/01/2023;23;1,478;R
ES0000000000003409CCPF;15/01/2023;0;1,597;R
ES0000000000003409CCPF;15/01/2023;1;1,093;R
ES0000000000003409CCPF;15/01/2023;2;0,234;R
ES0000000000003409CCPF;15/01/2023;3;0,231;R
ES0000000000003409CCPF;15/01/2023;4;0,192;R
ES0000000000003409CCPF;15/01/2023;5;0,265;R
ES0000000000003409CCPF;15/01/2023;6;0,248;R
ES0000000000003409CCPF;15/01/2023;7;0,228;R
ES0000000000003409CCPF;15/01/2023;8;0,443;R
ES0000000000003409CCPF;15/01/2023;9;0,567;R
ES0000000000003409CCPF;15/01/2023;10;0,401;R
ES0000000000003409CCPF;15/01/2023;11;0,567;R
ES0000000000003409CCPF;15/01/2023;12;0,563;R
ES0000000000003409CCPF;15/01/2023;13;0,627;R
ES0000000000003409CCPF;15/01/2023;14;0,87;R
ES0000000000003409CCPF;15/01/2023;15;1,426;R
ES0000000000003409CCPF;15/01/2023;16;0,954;R
ES0000000000003409CCPF;15/01/2023;17;0,342;R
ES0000000000003409CCPF;15/01/2023;18;0,336;R
ES0000000000003409CCPF;15/01/2023;19;0,531;R
ES0000000000003409CCPF;15/01/2023;20;0,916;R
ES0000000000003409CCPF;15/01/2023;21;0,628;R
ES0000000000003409CCPF;15/01/2023;22;0,781;R
ES0000000000003409CCPF;15/01/2023;23;0,285;R
ES0000000000003409CCPF;16/01/2023;0;0,241;R
ES0000000000003409CCPF;16/01/2023;1;0,243;R
ES0000000000003409CCPF;16/01/2023;2;0,575;R
ES0000000000003409CCPF;16/01/2023;3;0,308;R
ES0000000000003409CCPF;16/01/2023;4;0,35;R
ES0000000000003409CCPF;16/01/2023;5;0,333;R
ES0000000000003409CCPF;16/01/2023;6;0,343;R
ES0000000000003409CCPF;16/01/2023;7;0,35;R
ES0000000000003409CCPF;16/01/2023;8;0,349;R
ES0000000000003409CCPF;16/01/2023;9;0,433;R
ES0000000000003409CCPF;16/01/2023;10;0,423;R
ES0000000000003409CCPF;16/01/2023;11;0,462;R
ES0000000000003409CCPF;16/01/2023;12;0,424;R
ES0000000000003409CCPF;16/01/2023;13;0,357;R
ES0000000000003409CCPF;16/01/2023;14;1,245;R
ES0000000000003409CCPF;16/01/2023;15;0,916;R
ES0000000000003409CCPF;16/01/2023;16;1,731;R
ES0000000000003409CCPF;16/01/2023;17;0,803;R
ES0000000000003409CCPF;16/01/2023;18;0,398;R
ES0000000000003409CCPF;16/01/2023;19;0,671;R
ES0000000000003409CCPF;16/01/2023;20;0,713;R
ES0000000000003409CCPF;16/01/2023;21;1,783;R
ES0000000000003409CCPF;16/01/2023;22;1,854;R
ES0000000000003409CCPF;16/01/2023;23;1,946;R
ES0000000000003409CCPF;17/01/2023;0;0,152;R
ES0000000000003409CCPF;17/01/2023;1;0,032;R
ES0000000000003409CCPF;17/01/2023;2;0,026;R
ES0000000000003409CCPF;17/01/2023;3;0,03;R
ES0000000000003409CCPF;17/01/2023;4;0,032;R
ES0000000000003409CCPF;17/01/2023;5;0,031;R
ES0000000000003409CCPF;17/01/2023;6;0,026;R
ES0000000000003409CCPF;17/01/2023;7;0,46;R
ES0000000000003409CCPF;17/01/2023;8;0,788;R
ES0000000000003409CCPF;17/01/2023;9;0,758;R
ES0000000000003409CCPF;17/01/2023;10;0,725;R
ES0000000000003409CCPF;17/01/2023;11;0,031;R
ES0000000000003409CCPF;17/01/2023;12;0,031;R
ES0000000000003409CCPF;17/01/2023;13;0,524;R
ES0000000000003409CCPF;17/01/2023;14;0,123;R
ES0000000000003409CCPF;17/01/2023;15;0,038;R
ES0000000000003409CCPF;17/01/2023;16;0,037;R
ES0000000000003409CCPF;17/01/2023;17;0,034;R
ES0000000000003409CCPF;17/01/2023;18;0,045;R
ES0000000000003409CCPF;17/01/2023;19;2,516;R
ES0000000000003409CCPF;17/01/2023;20;1,628;R
ES0000000000003409CCPF;17/01/2023;21;1,601;R
ES0000000000003409CCPF;17/01/2023;22;1,851;R
ES0000000000003409CCPF;17/01/2023;23;1,967;R
ES0000000000003409CCPF;18/01/2023;0;0,614;R
ES0000000000003409CCPF;18/01/2023;1;0,036;R
ES0000000000003409CCPF;18/01/2023;2;0,028;R
ES0000000000003409CCPF;18/01/2023;3;0,031;R
ES0000000000003409CCPF;18/01/2023;4;0,03;R
ES0000000000003409CCPF;18/01/2023;5;0,037;R
ES0000000000003409CCPF;18/01/2023;6;0,025;R
ES0000000000003409CCPF;18/01/2023;7;1,626;R
ES0000000000003409CCPF;18/01/2023;8;2,193;R
ES0000000000003409CCPF;18/01/2023;9;1,287;R
ES0000000000003409CCPF;18/01/2023;10;0,937;R
ES0000000000003409CCPF;18/01/2023;11;0,031;R
ES0000000000003409CCPF;18/01/2023;12;0,026;R
ES0000000000003409CCPF;18/01/2023;13;0,027;R
ES0000000000003409CCPF;18/01/2023;14;0,035;R
ES0000000000003409CCPF;18/01/2023;15;0,449;R
ES0000000000003409CCPF;18/01/2023;16;0,89;R
ES0000000000003409CCPF;18/01/2023;17;0,062;R
ES0000000000003409CCPF;18/01/2023;18;0,063;R
ES0000000000003409CCPF;18/01/2023;19;1,439;R
ES0000000000003409CCPF;18/01/2023;20;0,936;R
ES0000000000003409CCPF;18/01/2023;21;1,334;R
ES0000000000003409CCPF;18/01/2023;22;1,82;R
ES0000000000003409CCPF;18/01/2023;23;1,142;R
ES0000000000003409CCPF;19/01/2023;0;0,057;R
ES0000000000003409CCPF;19/01/2023;1;0,447;R
ES0000000000003409CCPF;19/01/2023;2;0,078;R
ES0000000000003409CCPF;19/01/2023;3;0,028;R
ES0000000000003409CCPF;19/01/2023;4;0,025;R
ES0000000000003409CCPF;19/01/2023;5;0,032;R
ES0000000000003409CCPF;19/01/2023;6;0,032;R
ES0000000000003409CCPF;19/01/2023;7;0,517;R
ES0000000000003409CCPF;19/01/2023;8;1,17;R
ES0000000000003409CCPF;19/01/2023;9;1,203;R
ES0000000000003409CCPF;19/01/2023;10;1,041;R
ES0000000000003409CCPF;19/01/2023;11;0,323;R
ES0000000000003409CCPF;19/01/2023;12;1,316;R
ES0000000000003409CCPF;19/01/2023;13;0,044;R
ES0000000000003409CCPF;19/01/2023;14;0,163;R
ES0000000000003409CCPF;19/01/2023;15;0,124;R
ES0000000000003409CCPF;19/01/2023;16;1,273;R
ES0000000000003409CCPF;19/01/2023;17;0,034;R
ES0000000000003409CCPF;19/01/2023;18;0,027;R
ES0000000000003409CCPF;19/01/2023;19;1,444;R
ES0000000000003409CCPF;19/01/2023;20;1,074;R
ES0000000000003409CCPF;19/01/2023;21;1,1;R
ES0000000000003409CCPF;19/01/2023;22;1,09;R
ES0000000000003409CCPF;19/01/2023;23;0,916;R
ES0000000000003409CCPF;20/01/2023;0;0,046;R
ES0000000000003409CCPF;20/01/2023;1;0,035;R
ES0000000000003409CCPF;20/01/2023;2;0,027;R
ES0000000000003409CCPF;20/01/2023;3;0,032;R
ES0000000000003409CCPF;20/01/2023;4;0,033;R
ES0000000000003409CCPF;20/01/2023;5;0,026;R
ES0000000000003409CCPF;20/01/2023;6;0,025;R
ES0000000000003409CCPF;20/01/2023;7;0,525;R
ES0000000000003409CCPF;20/01/2023;8;0,698;R
ES0000000000003409CCPF;20/01/2023;9;1,445;R
ES0000000000003409CCPF;20/01/2023;10;2,119;R
ES0000000000003409CCPF;20/01/2023;11;1,148;R
ES0000000000003409CCPF;20/01/2023;12;0,209;R
ES0000000000003409CCPF;20/01/2023;13;0,159;R
ES0000000000003409CCPF;20/01/2023;14;1,059;R
ES0000000000003409CCPF;20/01/2023;15;0,481;R
ES0000000000003409CCPF;20/01/2023;16;0,037;R
ES0000000000003409CCPF;20/01/2023;17;0,028;R
ES0000000000003409CCPF;20/01/2023;18;0,028;R
ES0000000000003409CCPF;20/01/2023;19;1,334;R
ES0000000000003409CCPF;20/01/2023;20;0,979;R
ES0000000000003409CCPF;20/01/2023;21;0,967;R
ES0000000000003409CCPF;20/01/2023;22;1,015;R
ES0000000000003409CCPF;20/01/2023;23;1,056;R
ES0000000000003409CCPF;21/01/2023;0;0,033;R
ES0000000000003409CCPF;21/01/2023;1;0,031;R
ES0000000000003409CCPF;21/01/2023;2;0,028;R
ES0000000000003409CCPF;21/01/2023;3;0,033;R
ES0000000000003409CCPF;21/01/2023;4;0,025;R
ES0000000000003409CCPF;21/01/2023;5;0,025;R
ES0000000000003409CCPF;21/01/2023;6;0,034;R
ES0000000000003409CCPF;21/01/2023;7;0,064;R
ES0000000000003409CCPF;21/01/2023;8;1,152;R
ES0000000000003409CCPF;21/01/2023;9;0,741;R
ES0000000000003409CCPF;21/01/2023;10;2,783;R
ES0000000000003409CCPF;21/01/2023;11;2,583;R
ES0000000000003409CCPF;21/01/2023;12;1,799;R
ES0000000000003409CCPF;21/01/2023;13;1,035;R
ES0000000000003409CCPF;21/01/2023;14;1,307;R
ES0000000000003409CCPF;21/01/2023;15;0,039;R
ES0000000000003409CCPF;21/01/2023;16;0,028;R
ES0000000000003409CCPF;21/01/2023;17;0,76;R
ES0000000000003409CCPF;21/01/2023;18;1,309;R
ES0000000000003409CCPF;21/01/2023;19;1,261;R
ES0000000000003409CCPF;21/01/2023;20;1,121;R
ES0000000000003409CCPF;21/01/2023;21;1,172;R
ES0000000000003409CCPF;21/01/2023;22;0,976;R
ES0000000000003409CCPF;21/01/2023;23;1,604;R
ES0000000000003409CCPF;22/01/2023;0;0,211;R
ES0000000000003409CCPF;22/01/2023;1;0,035;R
ES0000000000003409CCPF;22/01/2023;2;0,032;R
ES0000000000003409CCPF;22/01/2023;3;0,026;R
ES0000000000003409CCPF;22/01/2023;4;0,034;R
ES0000000000003409CCPF;22/01/2023;5;0,027;R
ES0000000000003409CCPF;22/01/2023;6;0,025;R
ES0000000000003409CCPF;22/01/2023;7;0,066;R
ES0000000000003409CCPF;22/01/2023;8;1,334;R
ES0000000000003409CCPF;22/01/2023;9;0,908;R
ES0000000000003409CCPF;22/01/2023;10;1,011;R
ES0000000000003409CCPF;22/01/2023;11;1,186;R
ES0000000000003409CCPF;22/01/2023;12;0,352;R
ES0000000000003409CCPF;22/01/2023;13;0,088;R
ES0000000000003409CCPF;22/01/2023;14;2,441;R
ES0000000000003409CCPF;22/01/2023;15;0,223;R
ES0000000000003409CCPF;22/01/2023;16;0,872;R
ES0000000000003409CCPF;22/01/2023;17;2,667;R
ES0000000000003409CCPF;22/01/2023;18;2,117;R
ES0000000000003409CCPF;22/01/2023;19;0,912;R
ES0000000000003409CCPF;22/01/2023;20;1,305;R
ES0000000000003409CCPF;22/01/2023;21;1,904;R
ES0000000000003409CCPF;22/01/2023;22;0,889;R
ES0000000000003409CCPF;22/01/2023;23;0,67;R
ES0000000000003409CCPF;23/01/2023;0;0,635;R
ES0000000000003409CCPF;23/01/2023;1;0,421;R
ES0000000000003409CCPF;23/01/2023;2;0,027;R
ES0000000000003409CCPF;23/01/2023;3;0,034;R
ES0000000000003409CCPF;23/01/2023;4;0,035;R
ES0000000000003409CCPF;23/01/2023;5;0,028;R
ES0000000000003409CCPF;23/01/2023;6;0,032;R
ES0000000000003409CCPF;23/01/2023;7;0,527;R
ES0000000000003409CCPF;23/01/2023;8;1,007;R
ES0000000000003409CCPF;23/01/2023;9;0,851;R
ES0000000000003409CCPF;23/01/2023;10;0,837;R
ES0000000000003409CCPF;23/01/2023;11;0,088;R
ES0000000000003409CCPF;23/01/2023;12;0,073;R
ES0000000000003409CCPF;23/01/2023;13;0,039;R
ES0000000000003409CCPF;23/01/2023;14;0,028;R
ES0000000000003409CCPF;23/01/2023;15;0,817;R
ES0000000000003409CCPF;23/01/2023;16;1,419;R
ES0000000000003409CCPF;23/01/2023;17;0,788;R
ES0000000000003409CCPF;23/01/2023;18;0,026;R
ES0000000000003409CCPF;23/01/2023;19;1,307;R
ES0000000000003409CCPF;23/01/2023;20;0,888;R
ES0000000000003409CCPF;23/01/2023;21;0,907;R
ES0000000000003409CCPF;23/01/2023;22;0,965;R
ES0000000000003409CCPF;23/01/2023;23;0,821;R
ES0000000000003409CCPF;24/01/2023;0;0,054;R
ES0000000000003409CCPF;24/01/2023;1;0,03;R
ES0000000000003409CCPF;24/01/2023;2;0,028;R
ES0000000000003409CCPF;24/01/2023;3;0,032;R
ES0000000000003409CCPF;24/01/2023;4;0,461;R
ES0000000000003409CCPF;24/01/2023;5;0,029;R
ES0000000000003409CCPF;24/01/2023;6;0,028;R
ES0000000000003409CCPF;24/01/2023;7;0,519;R
ES0000000000003409CCPF;24/01/2023;8;1,129;R
ES0000000000003409CCPF;24/01/2023;9;0,932;R
ES0000000000003409CCPF;24/01/2023;10;0,993;R
ES0000000000003409CCPF;24/01/2023;11;0,049;R
ES0000000000003409CCPF;24/01/2023;12;0,399;R
ES0000000000003409CCPF;24/01/2023;13;1,12;R
ES0000000000003409CCPF;24/01/2023;14;0,028;R
ES0000000000003409CCPF;24/01/2023;15;0,192;R
ES0000000000003409CCPF;24/01/2023;16;0,042;R
ES0000000000003409CCPF;24/01/2023;17;0,057;R
ES0000000000003409CCPF;24/01/2023;18;0,078;R
ES0000000000003409CCPF;24/01/2023;19;1,919;R
ES0000000000003409CCPF;24/01/2023;20;2,703;R
ES0000000000003409CCPF;24/01/2023;21;2,598;R
ES0000000000003409CCPF;24/01/2023;22;2,503;R
ES0000000000003409CCPF;24/01/2023;23;1,272;R
ES0000000000003409CCPF;25/01/2023;0;0,029;R
ES0000000000003409CCPF;25/01/2023;1;0,025;R
ES0000000000003409CCPF;25/01/2023;2;0,033;R
ES0000000000003409CCPF;25/01/2023;3;0,033;R
ES0000000000003409CCPF;25/01/2023;4;0,026;R
ES0000000000003409CCPF;25/01/2023;5;0,026;R
ES0000000000003409CCPF;25/01/2023;6;0,026;R
ES0000000000003409CCPF;25/01/2023;7;0,526;R
ES0000000000003409CCPF;25/01/2023;8;1,533;R
ES0000000000003409CCPF;25/01/2023;9;1,346;R
ES0000000000003409CCPF;25/01/2023;10;1,469;R
ES0000000000003409CCPF;25/01/2023;11;0,095;R
ES0000000000003409CCPF;25/01/2023;12;0,035;R
ES0000000000003409CCPF;25/01/2023;13;0,614;R
ES0000000000003409CCPF;25/01/2023;14;0,519;R
ES0000000000003409CCPF;25/01/2023;15;0,891;R
ES0000000000003409CCPF;25/01/2023;16;0,026;R
ES0000000000003409CCPF;25/01/2023;17;0,028;R
ES0000000000003409CCPF;25/01/2023;18;0,032;R
ES0000000000003409CCPF;25/01/2023;19;1,451;R
ES0000000000003409CCPF;25/01/2023;20;1,142;R
ES0000000000003409CCPF;25/01/2023;21;1,2;R
ES0000000000003409CCPF;25/01/2023;22;1,174;R
ES0000000000003409CCPF;25/01/2023;23;1,22;R
ES0000000000003409CCPF;26/01/2023;0;0,053;R
ES0000000000003409CCPF;26/01/2023;1;0,208;R
ES0000000000003409CCPF;26/01/2023;2;0,42;R
ES0000000000003409CCPF;26/01/2023;3;0,078;R
ES0000000000003409CCPF;26/01/2023;4;0,039;R
ES0000000000003409CCPF;26/01/2023;5;0,035;R
ES0000000000003409CCPF;26/01/2023;6;0,025;R
ES0000000000003409CCPF;26/01/2023;7;0,526;R
ES0000000000003409CCPF;26/01/2023;8;1,179;R
ES0000000000003409CCPF;26/01/2023;9;0,957;R
ES0000000000003409CCPF;26/01/2023;10;1,448;R
ES0000000000003409CCPF;26/01/2023;11;0,08;R
ES0000000000003409CCPF;26/01/2023;12;0,095;R
ES0000000000003409CCPF;26/01/2023;13;1,435;R
ES0000000000003409CCPF;26/01/2023;14;1,343;R
ES0000000000003409CCPF;26/01/2023;15;1,138;R
ES0000000000003409CCPF;26/01/2023;16;0,119;R
ES0000000000003409CCPF;26/01/2023;17;0,034;R
ES0000000000003409CCPF;26/01/2023;18;0,031;R
ES0000000000003409CCPF;26/01/2023;19;1,324;R
ES0000000000003409CCPF;26/01/2023;20;0,979;R
ES0000000000003409CCPF;26/01/2023;21;0,966;R
ES0000000000003409CCPF;26/01/2023;22;0,993;R
ES0000000000003409CCPF;26/01/2023;23;0,962;R
ES0000000000003409CCPF;27/01/2023;0;0,025;R
ES0000000000003409CCPF;27/01/2023;1;0,625;R
ES0000000000003409CCPF;27/01/2023;2;0,437;R
ES0000000000003409CCPF;27/01/2023;3;0,025;R
ES0000000000003409CCPF;27/01/2023;4;0,029;R
ES0000000000003409CCPF;27/01/2023;5;0,033;R
ES0000000000003409CCPF;27/01/2023;6;0,029;R
ES0000000000003409CCPF;27/01/2023;7;0,585;R
ES0000000000003409CCPF;27/01/2023;8;1,376;R
ES0000000000003409CCPF;27/01/2023;9;1,097;R
ES0000000000003409CCPF;27/01/2023;10;1,439;R
ES0000000000003409CCPF;27/01/2023;11;0,846;R
ES0000000000003409CCPF;27/01/2023;12;1,387;R
ES0000000000003409CCPF;27/01/2023;13;0,572;R
ES0000000000003409CCPF;27/01/2023;14;0,578;R
ES0000000000003409CCPF;27/01/2023;15;0,101;R
ES0000000000003409CCPF;27/01/2023;16;0,027;R
ES0000000000003409CCPF;27/01/2023;17;0,027;R
ES0000000000003409CCPF;27/01/2023;18;0,029;R
ES0000000000003409CCPF;27/01/2023;19;1,482;R
ES0000000000003409CCPF;27/01/2023;20;1,05;R
ES0000000000003409CCPF;27/01/2023;21;1,026;R
ES0000000000003409CCPF;27/01/2023;22;1,063;R
ES0000000000003409CCPF;27/01/2023;23;1,127;R
ES0000000000003409CCPF;28/01/2023;0;0,103;R
ES0000000000003409CCPF;28/01/2023;1;0,077;R
ES0000000000003409CCPF;28/01/2023;2;0,9;R
ES0000000000003409CCPF;28/01/2023;3;0,071;R
ES0000000000003409CCPF;28/01/2023;4;0,027;R
ES0000000000003409CCPF;28/01/2023;5;0,025;R
ES0000000000003409CCPF;28/01/2023;6;0,031;R
ES0000000000003409CCPF;28/01/2023;7;0,073;R
ES0000000000003409CCPF;28/01/2023;8;1,554;R
ES0000000000003409CCPF;28/01/2023;9;1,51;R
ES0000000000003409CCPF;28/01/2023;10;1,482;R
ES0000000000003409CCPF;28/01/2023;11;1,468;R
ES0000000000003409CCPF;28/01/2023;12;0,026;R
ES0000000000003409CCPF;28/01/2023;13;0,18;R
ES0000000000003409CCPF;28/01/2023;14;0,881;R
ES0000000000003409CCPF;28/01/2023;15;0,232;R
ES0000000000003409CCPF;28/01/2023;16;1,154;R
ES0000000000003409CCPF;28/01/2023;17;1,855;R
ES0000000000003409CCPF;28/01/2023;18;1,327;R
ES0000000000003409CCPF;28/01/2023;19;2,52;R
ES0000000000003409CCPF;28/01/2023;20;2,044;R
ES0000000000003409CCPF;28/01/2023;21;1,129;R
ES0000000000003409CCPF;28/01/2023;22;1,909;R
ES0000000000003409CCPF;28/01/2023;23;2,605;R
ES0000000000003409CCPF;29/01/2023;0;0,439;R
ES0000000000003409CCPF;29/01/2023;1;0,214;R
ES0000000000003409CCPF;29/01/2023;2;0,87;R
ES0000000000003409CCPF;29/01/2023;3;0,471;R
ES0000000000003409CCPF;29/01/2023;4;0,032;R
ES0000000000003409CCPF;29/01/2023;5;0,028;R
ES0000000000003409CCPF;29/01/2023;6;0,024;R
ES0000000000003409CCPF;29/01/2023;7;0,072;R
ES0000000000003409CCPF;29/01/2023;8;1,452;R
ES0000000000003409CCPF;29/01/2023;9;1,069;R
ES0000000000003409CCPF;29/01/2023;10;1,043;R
ES0000000000003409CCPF;29/01/2023;11;1,838;R
ES0000000000003409CCPF;29/01/2023;12;1,701;R
ES0000000000003409CCPF;29/01/2023;13;2,885;R
ES0000000000003409CCPF;29/01/2023;14;1,147;R
ES0000000000003409CCPF;29/01/2023;15;0,367;R
ES0000000000003409CCPF;29/01/2023;16;0,147;R
ES0000000000003409CCPF;29/01/2023;17;2,307;R
ES0000000000003409CCPF;29/01/2023;18;1,256;R
ES0000000000003409CCPF;29/01/2023;19;1,56;R
ES0000000000003409CCPF;29/01/2023;20;2,785;R
ES0000000000003409CCPF;29/01/2023;21;2,329;R
ES0000000000003409CCPF;29/01/2023;22;2,148;R
ES0000000000003409CCPF;29/01/2023;23;1,49;R
ES0000000000003409CCPF;30/01/2023;0;0,035;R
ES0000000000003409CCPF;30/01/2023;1;0,026;R
ES0000000000003409CCPF;30/01/2023;2;0,029;R
ES0000000000003409CCPF;30/01/2023;3;0,033;R
ES0000000000003409CCPF;30/01/2023;4;0,025;R
ES0000000000003409CCPF;30/01/2023;5;0,026;R
ES0000000000003409CCPF;30/01/2023;6;0,035;R
ES0000000000003409CCPF;30/01/2023;7;0,604;R
ES0000000000003409CCPF;30/01/2023;8;1,45;R
ES0000000000003409CCPF;30/01/2023;9;1,646;R
ES0000000000003409CCPF;30/01/2023;10;1,261;R
ES0000000000003409CCPF;30/01/2023;11;0,083;R
ES0000000000003409CCPF;30/01/2023;12;0,037;R
ES0000000000003409CCPF;30/01/2023;13;0,033;R
ES0000000000003409CCPF;30/01/2023;14;0,492;R
ES0000000000003409CCPF;30/01/2023;15;0,443;R
ES0000000000003409CCPF;30/01/2023;16;0,146;R
ES0000000000003409CCPF;30/01/2023;17;0,027;R
ES0000000000003409CCPF;30/01/2023;18;0,025;R
ES0000000000003409CCPF;30/01/2023;19;1,152;R
ES0000000000003409CCPF;30/01/2023;20;0,643;R
ES0000000000003409CCPF;30/01/2023;21;0,855;R
ES0000000000003409CCPF;30/01/2023;22;2,018;R
ES0000000000003409CCPF;30/01/2023;23;1,996;R
ES0000000000003409CCPF;31/01/2023;0;0,343;R
ES0000000000003409CCPF;31/01/2023;1;0,345;R
ES0000000000003409CCPF;31/01/2023;2;0,507;R
ES0000000000003409CCPF;31/01/2023;3;0,325;R
ES0000000000003409CCPF;31/01/2023;4;0,406;R
ES0000000000003409CCPF;31/01/2023;5;0,392;R
ES0000000000003409CCPF;31/01/2023;6;0,371;R
ES0000000000003409CCPF;31/01/2023;7;0,791;R
ES0000000000003409CCPF;31/01/2023;8;1,113;R
ES0000000000003409CCPF;31/01/2023;9;0,931;R
ES0000000000003409CCPF;31/01/2023;10;1,394;R
ES0000000000003409CCPF;31/01/2023;11;0,079;R
ES0000000000003409CCPF;31/01/2023;12;0,391;R
ES0000000000003409CCPF;31/01/2023;13;1,446;R
ES0000000000003409CCPF;31/01/2023;14;0,72;R
ES0000000000003409CCPF;31/01/2023;15;0,03;R
ES0000000000003409CCPF;31/01/2023;16;0,026;R
ES0000000000003409CCPF;31/01/2023;17;0,028;R
ES0000000000003409CCPF;31/01/2023;18;0,856;R
ES0000000000003409CCPF;31/01/2023;19;1,846;R
ES0000000000003409CCPF;31/01/2023;20;1,387;R
ES0000000000003409CCPF;31/01/2023;21;2,004;R
ES0000000000003409CCPF;31/01/2023;22;2,244;R
ES0000000000003409CCPF;31/01/2023;23;1,562;R
ES0000000000003409CCPF;01/02/2023;0;0,034;R
ES0000000000003409CCPF;01/02/2023;1;0,026;R
ES0000000000003409CCPF;01/02/2023;2;0,031;R
ES0000000000003409CCPF;01/02/2023;3;0,032;R
ES0000000000003409CCPF;01/02/2023;4;0,028;R
ES0000000000003409CCPF;01/02/2023;5;0,025;R
ES0000000000003409CCPF;01/02/2023;6;0,03;R
ES0000000000003409CCPF;01/02/2023;7;0,512;R
ES0000000000003409CCPF;01/02/2023;8;1,019;R
ES0000000000003409CCPF;01/02/2023;9;0,987;R
ES0000000000003409CCPF;01/02/2023;10;0,964;R
ES0000000000003409CCPF;01/02/2023;11;0,027;R
ES0000000000003409CCPF;01/02/2023;12;0,035;R
ES0000000000003409CCPF;01/02/2023;13;0,603;R
ES0000000000003409CCPF;01/02/2023;14;1,779;R
ES0000000000003409CCPF;01/02/2023;15;0,606;R
ES0000000000003409CCPF;01/02/2023;16;0,034;R
ES0000000000003409CCPF;01/02/2023;17;0,035;R
ES0000000000003409CCPF;01/02/2023;18;0,401;R
ES0000000000003409CCPF;01/02/2023;19;1,484;R
ES0000000000003409CCPF;01/02/2023;20;1,48;R
ES0000000000003409CCPF;01/02/2023;21;0,939;R
ES0000000000003409CCPF;01/02/2023;22;1,107;R
ES0000000000003409CCPF;01/02/2023;23;0,684;R
ES0000000000003409CCPF;02/02/2023;0;0,037;R
ES0000000000003409CCPF;02/02/2023;1;0,026;R
ES0000000000003409CCPF;02/02/2023;2;0,03;R
ES0000000000003409CCPF;02/02/2023;3;0,03;R
ES0000000000003409CCPF;02/02/2023;4;0,031;R
ES0000000000003409CCPF;02/02/2023;5;0,025;R
ES0000000000003409CCPF;02/02/2023;6;0,027;R
ES0000000000003409CCPF;02/02/2023;7;0,528;R
ES0000000000003409CCPF;02/02/2023;8;1,031;R
ES0000000000003409CCPF;02/02/2023;9;0,668;R
ES0000000000003409CCPF;02/02/2023;10;0,801;R
ES0000000000003409CCPF;02/02/2023;11;0,083;R
ES0000000000003409CCPF;02/02/2023;12;0,488;R
ES0000000000003409CCPF;02/02/2023;13;0,08;R
ES0000000000003409CCPF;02/02/2023;14;0,954;R
ES0000000000003409CCPF;02/02/2023;15;1,434;R
ES0000000000003409CCPF;02/02/2023;16;0,887;R
ES0000000000003409CCPF;02/02/2023;17;0,031;R
ES0000000000003409CCPF;02/02/2023;18;0,045;R
ES0000000000003409CCPF;02/02/2023;19;1,01;R
ES0000000000003409CCPF;02/02/2023;20;0,743;R
ES0000000000003409CCPF;02/02/2023;21;1,848;R
ES0000000000003409CCPF;02/02/2023;22;2,006;R
ES0000000000003409CCPF;02/02/2023;23;1,826;R
ES0000000000003409CCPF;03/02/2023;0;0,357;R
ES0000000000003409CCPF;03/02/2023;1;0,032;R
ES0000000000003409CCPF;03/02/2023;2;0,034;R
ES0000000000003409CCPF;03/02/2023;3;0,03;R
ES0000000000003409CCPF;03/02/2023;4;0,031;R
ES0000000000003409CCPF;03/02/2023;5;0,025;R
ES0000000000003409CCPF;03/02/2023;6;0,027;R
ES0000000000003409CCPF;03/02/2023;7;0,457;R
ES0000000000003409CCPF;03/02/2023;8;1,145;R
ES0000000000003409CCPF;03/02/2023;9;1,483;R
ES0000000000003409CCPF;03/02/2023;10;1,648;R
ES0000000000003409CCPF;03/02/2023;11;0,471;R
ES0000000000003409CCPF;03/02/2023;12;0,032;R
ES0000000000003409CCPF;03/02/2023;13;0,035;R
ES0000000000003409CCPF;03/02/2023;14;0,108;R
ES0000000000003409CCPF;03/02/2023;15;0,029;R
ES0000000000003409CCPF;03/02/2023;16;0,031;R
ES0000000000003409CCPF;03/02/2023;17;0,032;R
ES0000000000003409CCPF;03/02/2023;18;0,04;R
ES0000000000003409CCPF;03/02/2023;19;0,785;R
ES0000000000003409CCPF;03/02/2023;20;0,473;R
ES0000000000003409CCPF;03/02/2023;21;0,535;R
ES0000000000003409CCPF;03/02/2023;22;0,66;R
ES0000000000003409CCPF;03/02/2023;23;1,17;R
ES0000000000003409CCPF;04/02/2023;0;0,039;R
ES0000000000003409CCPF;04/02/2023;1;0,034;R
ES0000000000003409CCPF;04/02/2023;2;0,029;R
ES0000000000003409CCPF;04/02/2023;3;0,028;R
ES0000000000003409CCPF;04/02/2023;4;0,033;R
ES0000000000003409CCPF;04/02/2023;5;0,035;R
ES0000000000003409CCPF;04/02/2023;6;0,028;R
ES0000000000003409CCPF;04/02/2023;7;0,067;R
ES0000000000003409CCPF;04/02/2023;8;0,915;R
ES0000000000003409CCPF;04/02/2023;9;0,654;R
ES0000000000003409CCPF;04/02/2023;10;1,796;R
ES0000000000003409CCPF;04/02/2023;11;1,911;R
ES0000000000003409CCPF;04/02/2023;12;0,506;R
ES0000000000003409CCPF;04/02/2023;13;0,039;R
ES0000000000003409CCPF;04/02/2023;14;0,036;R
ES0000000000003409CCPF;04/02/2023;15;0,032;R
ES0000000000003409CCPF;04/02/2023;16;0,026;R
ES0000000000003409CCPF;04/02/2023;17;0,679;R
ES0000000000003409CCPF;04/02/2023;18;0,463;R
ES0000000000003409CCPF;04/02/2023;19;0,548;R
ES0000000000003409CCPF;04/02/2023;20;0,538;R
ES0000000000003409CCPF;04/02/2023;21;2,084;R
ES0000000000003409CCPF;04/02/2023;22;1,576;R
ES0000000000003409CCPF;04/02/2023;23;0,459;R
ES0000000000003409CCPF;05/02/2023;0;0,031;R
ES0000000000003409CCPF;05/02/2023;1;0,033;R
ES0000000000003409CCPF;05/02/2023;2;0,03;R
ES0000000000003409CCPF;05/02/2023;3;0,026;R
ES0000000000003409CCPF;05/02/2023;4;0,03;R
ES0000000000003409CCPF;05/02/2023;5;0,031;R
ES0000000000003409CCPF;05/02/2023;6;0,029;R
ES0000000000003409CCPF;05/02/2023;7;0,074;R
ES0000000000003409CCPF;05/02/2023;8;0,873;R
ES0000000000003409CCPF;05/02/2023;9;0,613;R
ES0000000000003409CCPF;05/02/2023;10;1,211;R
ES0000000000003409CCPF;05/02/2023;11;1,064;R
ES0000000000003409CCPF;05/02/2023;12;0,172;R
ES0000000000003409CCPF;05/02/2023;13;0,744;R
ES0000000000003409CCPF;05/02/2023;14;0,943;R
ES0000000000003409CCPF;05/02/2023;15;0,069;R
ES0000000000003409CCPF;05/02/2023;16;0,1;R
ES0000000000003409CCPF;05/02/2023;17;0,487;R
ES0000000000003409CCPF;05/02/2023;18;0,372;R
ES0000000000003409CCPF;05/02/2023;19;1,63;R
ES0000000000003409CCPF;05/02/2023;20;1,75;R
ES0000000000003409CCPF;05/02/2023;21;0,744;R
ES0000000000003409CCPF;05/02/2023;22;0,331;R
ES0000000000003409CCPF;05/02/2023;23;0,406;R
ES0000000000003409CCPF;06/02/2023;0;0,032;R
ES0000000000003409CCPF;06/02/2023;1;0,625;R
ES0000000000003409CCPF;06/02/2023;2;0,032;R
ES0000000000003409CCPF;06/02/2023;3;0,026;R
ES0000000000003409CCPF;06/02/2023;4;0,028;R
ES0000000000003409CCPF;06/02/2023;5;0,032;R
ES0000000000003409CCPF;06/02/2023;6;0,032;R
ES0000000000003409CCPF;06/02/2023;7;0,411;R
ES0000000000003409CCPF;06/02/2023;8;0,551;R
ES0000000000003409CCPF;06/02/2023;9;0,53;R
ES0000000000003409CCPF;06/02/2023;10;0,482;R
ES0000000000003409CCPF;06/02/2023;11;0,077;R
ES0000000000003409CCPF;06/02/2023;12;0,033;R
ES0000000000003409CCPF;06/02/2023;13;0,435;R
ES0000000000003409CCPF;06/02/2023;14;1,339;R
ES0000000000003409CCPF;06/02/2023;15;0,244;R
ES0000000000003409CCPF;06/02/2023;16;0,728;R
ES0000000000003409CCPF;06/02/2023;17;1,395;R
ES0000000000003409CCPF;06/02/2023;18;0,042;R
ES0000000000003409CCPF;06/02/2023;19;0,79;R
ES0000000000003409CCPF;06/02/2023;20;0,5;R
ES0000000000003409CCPF;06/02/2023;21;0,532;R
ES0000000000003409CCPF;06/02/2023;22;0,614;R
ES0000000000003409CCPF;06/02/2023;23;0,814;R
ES0000000000003409CCPF;07/02/2023;0;0,712;R
ES0000000000003409CCPF;07/02/2023;1;0,038;R
ES0000000000003409CCPF;07/02/2023;2;0,031;R
ES0000000000003409CCPF;07/02/2023;3;0,026;R
ES0000000000003409CCPF;07/02/2023;4;0,029;R
ES0000000000003409CCPF;07/02/2023;5;0,026;R
ES0000000000003409CCPF;07/02/2023;6;0,03;R
ES0000000000003409CCPF;07/02/2023;7;0,492;R
ES0000000000003409CCPF;07/02/2023;8;0,809;R
ES0000000000003409CCPF;07/02/2023;9;0,705;R
ES0000000000003409CCPF;07/02/2023;10;0,766;R
ES0000000000003409CCPF;07/02/2023;11;0,143;R
ES0000000000003409CCPF;07/02/2023;12;1,426;R
ES0000000000003409CCPF;07/02/2023;13;0,182;R
ES0000000000003409CCPF;07/02/2023;14;0,026;R
ES0000000000003409CCPF;07/02/2023;15;0,032;R
ES0000000000003409CCPF;07/02/2023;16;0,026;R
ES0000000000003409CCPF;07/02/2023;17;0,03;R
ES0000000000003409CCPF;07/02/2023;18;0,029;R
ES0000000000003409CCPF;07/02/2023;19;0,982;R
ES0000000000003409CCPF;07/02/2023;20;0,671;R
ES0000000000003409CCPF;07/02/2023;21;1,813;R
ES0000000000003409CCPF;07/02/2023;22;1,239;R
ES0000000000003409CCPF;07/02/2023;23;0,405;R
ES0000000000003409CCPF;08/02/2023;0;0,307;R
ES0000000000003409CCPF;08/02/2023;1;0,149;R
ES0000000000003409CCPF;08/02/2023;2;0,068;R
ES0000000000003409CCPF;08/02/2023;3;0,038;R
ES0000000000003409CCPF;08/02/2023;4;0,035;R
ES0000000000003409CCPF;08/02/2023;5;0,029;R
ES0000000000003409CCPF;08/02/2023;6;0,026;R
ES0000000000003409CCPF;08/02/2023;7;0,382;R
ES0000000000003409CCPF;08/02/2023;8;0,474;R
ES0000000000003409CCPF;08/02/2023;9;0,583;R
ES0000000000003409CCPF;08/02/2023;10;1,739;R
ES0000000000003409CCPF;08/02/2023;11;0,436;R
ES0000000000003409CCPF;08/02/2023;12;1,186;R
ES0000000000003409CCPF;08/02/2023;13;0,122;R
ES0000000000003409CCPF;08/02/2023;14;0,032;R
ES0000000000003409CCPF;08/02/2023;15;0,078;R
ES0000000000003409CCPF;08/02/2023;16;0,033;R
ES0000000000003409CCPF;08/02/2023;17;0,026;R
ES0000000000003409CCPF;08/02/2023;18;0,026;R
ES0000000000003409CCPF;08/02/2023;19;1,045;R
ES0000000000003409CCPF;08/02/2023;20;0,712;R
ES0000000000003409CCPF;08/02/2023;21;0,718;R
ES0000000000003409CCPF;08/02/2023;22;0,737;R
ES0000000000003409CCPF;08/02/2023;23;0,559;R
ES0000000000003409CCPF;09/02/2023;0;0,048;R
ES0000000000003409CCPF;09/02/2023;1;0,035;R
ES0000000000003409CCPF;09/02/2023;2;0,029;R
ES0000000000003409CCPF;09/02/2023;3;0,033;R
ES0000000000003409CCPF;09/02/2023;4;0,027;R
ES0000000000003409CCPF;09/02/2023;5;0,034;R
ES0000000000003409CCPF;09/02/2023;6;0,033;R
ES0000000000003409CCPF;09/02/2023;7;0,421;R
ES0000000000003409CCPF;09/02/2023;8;0,58;R
ES0000000000003409CCPF;09/02/2023;9;0,561;R
ES0000000000003409CCPF;09/02/2023;10;0,506;R
ES0000000000003409CCPF;09/02/2023;11;0,644;R
ES0000000000003409CCPF;09/02/2023;12;1,109;R
ES0000000000003409CCPF;09/02/2023;13;0,737;R
ES0000000000003409CCPF;09/02/2023;14;0,034;R
ES0000000000003409CCPF;09/02/2023;15;0,026;R
ES0000000000003409CCPF;09/02/2023;16;0,036;R
ES0000000000003409CCPF;09/02/2023;17;0,032;R
ES0000000000003409CCPF;09/02/2023;18;0,027;R
ES0000000000003409CCPF;09/02/2023;19;0,871;R
ES0000000000003409CCPF;09/02/2023;20;0,598;R
ES0000000000003409CCPF;09/02/2023;21;0,617;R
ES0000000000003409CCPF;09/02/2023;22;0,63;R
ES0000000000003409CCPF;09/02/2023;23;0,631;R
ES0000000000003409CCPF;10/02/2023;0;0,273;R
ES0000000000003409CCPF;10/02/2023;1;0,208;R
ES0000000000003409CCPF;10/02/2023;2;0,305;R
ES0000000000003409CCPF;10/02/2023;3;0,036;R
ES0000000000003409CCPF;10/02/2023;4;0,031;R
ES0000000000003409CCPF;10/02/2023;5;0,026;R
ES0000000000003409CCPF;10/02/2023;6;0,031;R
ES0000000000003409CCPF;10/02/2023;7;0,431;R
ES0000000000003409CCPF;10/02/2023;8;0,621;R
ES0000000000003409CCPF;10/02/2023;9;0,544;R
ES0000000000003409CCPF;10/02/2023;10;0,544;R
ES0000000000003409CCPF;10/02/2023;11;0,275;R
ES0000000000003409CCPF;10/02/2023;12;1,257;R
ES0000000000003409CCPF;10/02/2023;13;0,962;R
ES0000000000003409CCPF;10/02/2023;14;0,451;R
ES0000000000003409CCPF;10/02/2023;15;0,031;R
ES0000000000003409CCPF;10/02/2023;16;0,026;R
ES0000000000003409CCPF;10/02/2023;17;0,03;R
ES0000000000003409CCPF;10/02/2023;18;0,034;R
ES0000000000003409CCPF;10/02/2023;19;0,796;R
ES0000000000003409CCPF;10/02/2023;20;0,473;R
ES0000000000003409CCPF;10/02/2023;21;0,538;R
ES0000000000003409CCPF;10/02/2023;22;0,525;R
ES0000000000003409CCPF;10/02/2023;23;0,54;R
ES0000000000003409CCPF;11/02/2023;0;0,027;R
ES0000000000003409CCPF;11/02/2023;1;0,034;R
ES0000000000003409CCPF;11/02/2023;2;0,213;R
ES0000000000003409CCPF;11/02/2023;3;0,266;R
ES0000000000003409CCPF;11/02/2023;4;0,078;R
ES0000000000003409CCPF;11/02/2023;5;0,039;R
ES0000000000003409CCPF;11/02/2023;6;0,033;R
ES0000000000003409CCPF;11/02/2023;7;0,075;R
ES0000000000003409CCPF;11/02/2023;8;1,001;R
ES0000000000003409CCPF;11/02/2023;9;0,59;R
ES0000000000003409CCPF;11/02/2023;10;0,625;R
ES0000000000003409CCPF;11/02/2023;11;0,473;R
ES0000000000003409CCPF;11/02/2023;12;0,803;R
ES0000000000003409CCPF;11/02/2023;13;1,27;R
ES0000000000003409CCPF;11/02/2023;14;0,877;R
ES0000000000003409CCPF;11/02/2023;15;1,932;R
ES0000000000003409CCPF;11/02/2023;16;0,662;R
ES0000000000003409CCPF;11/02/2023;17;0,703;R
ES0000000000003409CCPF;11/02/2023;18;0,481;R
ES0000000000003409CCPF;11/02/2023;19;0,585;R
ES0000000000003409CCPF;11/02/2023;20;0,62;R
ES0000000000003409CCPF;11/02/2023;21;0,637;R
ES0000000000003409CCPF;11/02/2023;22;0,7;R
ES0000000000003409CCPF;11/02/2023;23;0,687;R
ES0000000000003409CCPF;12/02/2023;0;0,027;R
ES0000000000003409CCPF;12/02/2023;1;0,043;R
ES0000000000003409CCPF;12/02/2023;2;0,461;R
ES0000000000003409CCPF;12/02/2023;3;0,025;R
ES0000000000003409CCPF;12/02/2023;4;0,029;R
ES0000000000003409CCPF;12/02/2023;5;0,031;R
ES0000000000003409CCPF;12/02/2023;6;0,031;R
ES0000000000003409CCPF;12/02/2023;7;0,077;R
ES0000000000003409CCPF;12/02/2023;8;1,08;R
ES0000000000003409CCPF;12/02/2023;9;0,66;R
ES0000000000003409CCPF;12/02/2023;10;1,097;R
ES0000000000003409CCPF;12/02/2023;11;1,399;R
ES0000000000003409CCPF;12/02/2023;12;1,108;R
ES0000000000003409CCPF;12/02/2023;13;0,196;R
ES0000000000003409CCPF;12/02/2023;14;2,646;R
ES0000000000003409CCPF;12/02/2023;15;0,608;R
ES0000000000003409CCPF;12/02/2023;16;0,702;R
ES0000000000003409CCPF;12/02/2023;17;0,938;R
ES0000000000003409CCPF;12/02/2023;18;0,778;R
ES0000000000003409CCPF;12/02/2023;19;1,807;R
ES0000000000003409CCPF;12/02/2023;20;1,185;R
ES0000000000003409CCPF;12/02/2023;21;0,646;R
ES0000000000003409CCPF;12/02/2023;22;1,628;R
ES0000000000003409CCPF;12/02/2023;23;1,522;R
ES0000000000003409CCPF;13/02/2023;0;0,051;R
ES0000000000003409CCPF;13/02/2023;1;0,029;R
ES0000000000003409CCPF;13/02/2023;2;0,085;R
ES0000000000003409CCPF;13/02/2023;3;0,068;R
ES0000000000003409CCPF;13/02/2023;4;0,041;R
ES0000000000003409CCPF;13/02/2023;5;0,037;R
ES0000000000003409CCPF;13/02/2023;6;0,028;R
ES0000000000003409CCPF;13/02/2023;7;0,442;R
ES0000000000003409CCPF;13/02/2023;8;0,675;R
ES0000000000003409CCPF;13/02/2023;9;0,661;R
ES0000000000003409CCPF;13/02/2023;10;0,857;R
ES0000000000003409CCPF;13/02/2023;11;0,055;R
ES0000000000003409CCPF;13/02/2023;12;0,117;R
ES0000000000003409CCPF;13/02/2023;13;0,041;R
ES0000000000003409CCPF;13/02/2023;14;0,35;R
ES0000000000003409CCPF;13/02/2023;15;2,298;R
ES0000000000003409CCPF;13/02/2023;16;1,113;R
ES0000000000003409CCPF;13/02/2023;17;1,246;R
ES0000000000003409CCPF;13/02/2023;18;0,026;R
ES0000000000003409CCPF;13/02/2023;19;1,248;R
ES0000000000003409CCPF;13/02/2023;20;0,993;R
ES0000000000003409CCPF;13/02/2023;21;0,808;R
ES0000000000003409CCPF;13/02/2023;22;1,421;R
ES0000000000003409CCPF;13/02/2023;23;1,727;R
ES0000000000003409CCPF;14/02/2023;0;0,585;R
ES0000000000003409CCPF;14/02/2023;1;0,033;R
ES0000000000003409CCPF;14/02/2023;2;0,028;R
ES0000000000003409CCPF;14/02/2023;3;0,035;R
ES0000000000003409CCPF;14/02/2023;4;0,035;R
ES0000000000003409CCPF;14/02/2023;5;0,031;R
ES0000000000003409CCPF;14/02/2023;6;0,032;R
ES0000000000003409CCPF;14/02/2023;7;0,337;R
ES0000000000003409CCPF;14/02/2023;8;0,542;R
ES0000000000003409CCPF;14/02/2023;9;0,552;R
ES0000000000003409CCPF;14/02/2023;10;0,726;R
ES0000000000003409CCPF;14/02/2023;11;0,096;R
ES0000000000003409CCPF;14/02/2023;12;0,957;R
ES0000000000003409CCPF;14/02/2023;13;0,221;R
ES0000000000003409CCPF;14/02/2023;14;0,067;R
ES0000000000003409CCPF;14/02/2023;15;0,043;R
ES0000000000003409CCPF;14/02/2023;16;0,029;R
ES0000000000003409CCPF;14/02/2023;17;0,026;R
ES0000000000003409CCPF;14/02/2023;18;0,662;R
ES0000000000003409CCPF;14/02/2023;19;1,074;R
ES0000000000003409CCPF;14/02/2023;20;0,482;R
ES0000000000003409CCPF;14/02/2023;21;0,734;R
ES0000000000003409CCPF;14/02/2023;22;1,323;R
ES0000000000003409CCPF;14/02/2023;23;1,707;R
ES0000000000003409CCPF;15/02/2023;0;0,871;R
ES0000000000003409CCPF;15/02/2023;1;0,044;R
ES0000000000003409CCPF;15/02/2023;2;0,028;R
ES0000000000003409CCPF;15/02/2023;3;0,028;R
ES0000000000003409CCPF;15/02/2023;4;0,033;R
ES0000000000003409CCPF;15/02/2023;5;0,034;R
ES0000000000003409CCPF;15/02/2023;6;0,026;R
ES0000000000003409CCPF;15/02/2023;7;0,375;R
ES0000000000003409CCPF;15/02/2023;8;0,313;R
ES0000000000003409CCPF;15/02/2023;9;1,895;R
ES0000000000003409CCPF;15/02/2023;10;1,075;R
ES0000000000003409CCPF;15/02/2023;11;0,036;R
ES0000000000003409CCPF;15/02/2023;12;0,041;R
ES0000000000003409CCPF;15/02/2023;13;0,203;R
ES0000000000003409CCPF;15/02/2023;14;0,027;R
ES0000000000003409CCPF;15/02/2023;15;0,028;R
ES0000000000003409CCPF;15/02/2023;16;0,097;R
ES0000000000003409CCPF;15/02/2023;17;0,059;R
ES0000000000003409CCPF;15/02/2023;18;0,042;R
ES0000000000003409CCPF;15/02/2023;19;1,052;R
ES0000000000003409CCPF;15/02/2023;20;0,43;R
ES0000000000003409CCPF;15/02/2023;21;0,532;R
ES0000000000003409CCPF;15/02/2023;22;0,904;R
ES0000000000003409CCPF;15/02/2023;23;0,916;R
ES0000000000003409CCPF;16/02/2023;0;0,056;R
ES0000000000003409CCPF;16/02/2023;1;0,037;R
ES0000000000003409CCPF;16/02/2023;2;0,043;R
ES0000000000003409CCPF;16/02/2023;3;0,04;R
ES0000000000003409CCPF;16/02/2023;4;0,029;R
ES0000000000003409CCPF;16/02/2023;5;0,027;R
ES0000000000003409CCPF;16/02/2023;6;0,034;R
ES0000000000003409CCPF;16/02/2023;7;0,369;R
ES0000000000003409CCPF;16/02/2023;8;0,46;R
ES0000000000003409CCPF;16/02/2023;9;0,467;R
ES0000000000003409CCPF;16/02/2023;10;0,517;R
ES0000000000003409CCPF;16/02/2023;11;0,684;R
ES0000000000003409CCPF;16/02/2023;12;1,523;R
ES0000000000003409CCPF;16/02/2023;13;1,93;R
ES0000000000003409CCPF;16/02/2023;14;1,579;R
ES0000000000003409CCPF;16/02/2023;15;0,189;R
ES0000000000003409CCPF;16/02/2023;16;0,039;R
ES0000000000003409CCPF;16/02/2023;17;0,034;R
ES0000000000003409CCPF;16/02/2023;18;0,111;R
ES0000000000003409CCPF;16/02/2023;19;0,498;R
ES0000000000003409CCPF;16/02/2023;20;0,297;R
ES0000000000003409CCPF;16/02/2023;21;1,304;R
ES0000000000003409CCPF;16/02/2023;22;1,586;R
ES0000000000003409CCPF;16/02/2023;23;1,042;R
ES0000000000003409CCPF;17/02/2023;0;0,066;R
ES0000000000003409CCPF;17/02/2023;1;0,028;R
ES0000000000003409CCPF;17/02/2023;2;0,033;R
ES0000000000003409CCPF;17/02/2023;3;0,029;R
ES0000000000003409CCPF;17/02/2023;4;0,092;R
ES0000000000003409CCPF;17/02/2023;5;0,057;R
ES0000000000003409CCPF;17/02/2023;6;0,037;R
ES0000000000003409CCPF;17/02/2023;7;0,291;R
ES0000000000003409CCPF;17/02/2023;8;0,282;R
ES0000000000003409CCPF;17/02/2023;9;0,392;R
ES0000000000003409CCPF;17/02/2023;10;0,373;R
ES0000000000003409CCPF;17/02/2023;11;0,039;R
ES0000000000003409CCPF;17/02/2023;12;0,88;R
ES0000000000003409CCPF;17/02/2023;13;0,643;R
ES0000000000003409CCPF;17/02/2023;14;0,852;R
ES0000000000003409CCPF;17/02/2023;15;0,376;R
ES0000000000003409CCPF;17/02/2023;16;0,032;R
ES0000000000003409CCPF;17/02/2023;17;0,032;R
ES0000000000003409CCPF;17/02/2023;18;0,033;R
ES0000000000003409CCPF;17/02/2023;19;0,387;R
ES0000000000003409CCPF;17/02/2023;20;0,243;R
ES0000000000003409CCPF;17/02/2023;21;1,028;R
ES0000000000003409CCPF;17/02/2023;22;0,827;R
ES0000000000003409CCPF;17/02/2023;23;1,772;R
ES0000000000003409CCPF;18/02/2023;0;1,011;R
ES0000000000003409CCPF;18/02/2023;1;0,808;R
ES0000000000003409CCPF;18/02/2023;2;0,035;R
ES0000000000003409CCPF;18/02/2023;3;0,034;R
ES0000000000003409CCPF;18/02/2023;4;0,027;R
ES0000000000003409CCPF;18/02/2023;5;0,029;R
ES0000000000003409CCPF;18/02/2023;6;0,034;R
ES0000000000003409CCPF;18/02/2023;7;0,091;R
ES0000000000003409CCPF;18/02/2023;8;0,302;R
ES0000000000003409CCPF;18/02/2023;9;0,139;R
ES0000000000003409CCPF;18/02/2023;10;0,195;R
ES0000000000003409CCPF;18/02/2023;11;0,473;R
ES0000000000003409CCPF;18/02/2023;12;1,055;R
ES0000000000003409CCPF;18/02/2023;13;0,701;R
ES0000000000003409CCPF;18/02/2023;14;0,569;R
ES0000000000003409CCPF;18/02/2023;15;0,321;R
ES0000000000003409CCPF;18/02/2023;16;0,042;R
ES0000000000003409CCPF;18/02/2023;17;0,283;R
ES0000000000003409CCPF;18/02/2023;18;0,121;R
ES0000000000003409CCPF;18/02/2023;19;0,2;R
ES0000000000003409CCPF;18/02/2023;20;0,201;R
ES0000000000003409CCPF;18/02/2023;21;0,217;R
ES0000000000003409CCPF;18/02/2023;22;0,23;R
ES0000000000003409CCPF;18/02/2023;23;0,193;R
ES0000000000003409CCPF;19/02/2023;0;0,026;R
ES0000000000003409CCPF;19/02/2023;1;0,027;R
ES0000000000003409CCPF;19/02/2023;2;0,033;R
ES0000000000003409CCPF;19/02/2023;3;0,031;R
ES0000000000003409CCPF;19/02/2023;4;0,029;R
ES0000000000003409CCPF;19/02/2023;5;0,026;R
ES0000000000003409CCPF;19/02/2023;6;0,026;R
ES0000000000003409CCPF;19/02/2023;7;0,094;R
ES0000000000003409CCPF;19/02/2023;8;0,63;R
ES0000000000003409CCPF;19/02/2023;9;0,361;R
ES0000000000003409CCPF;19/02/2023;10;0,308;R
ES0000000000003409CCPF;19/02/2023;11;0,308;R
ES0000000000003409CCPF;19/02/2023;12;0,032;R
ES0000000000003409CCPF;19/02/2023;13;0,026;R
ES0000000000003409CCPF;19/02/2023;14;0,028;R
ES0000000000003409CCPF;19/02/2023;15;0,031;R
ES0000000000003409CCPF;19/02/2023;16;0,03;R
ES0000000000003409CCPF;19/02/2023;17;0,314;R
ES0000000000003409CCPF;19/02/2023;18;0,128;R
ES0000000000003409CCPF;19/02/2023;19;0,197;R
ES0000000000003409CCPF;19/02/2023;20;0,183;R
ES0000000000003409CCPF;19/02/2023;21;1,788;R
ES0000000000003409CCPF;19/02/2023;22;0,817;R
ES0000000000003409CCPF;19/02/2023;23;0,17;R
ES0000000000003409CCPF;20/02/2023;0;0,048;R
ES0000000000003409CCPF;20/02/2023;1;0,501;R
ES0000000000003409CCPF;20/02/2023;2;0,149;R
ES0000000000003409CCPF;20/02/2023;3;0,035;R
ES0000000000003409CCPF;20/02/2023;4;0,033;R
ES0000000000003409CCPF;20/02/2023;5;0,026;R
ES0000000000003409CCPF;20/02/2023;6;0,026;R
ES0000000000003409CCPF;20/02/2023;7;0,246;R
ES0000000000003409CCPF;20/02/2023;8;0,212;R
ES0000000000003409CCPF;20/02/2023;9;0,16;R
ES0000000000003409CCPF;20/02/2023;10;0,188;R
ES0000000000003409CCPF;20/02/2023;11;0,032;R
ES0000000000003409CCPF;20/02/2023;12;1,1;R
ES0000000000003409CCPF;20/02/2023;13;1,619;R
ES0000000000003409CCPF;20/02/2023;14;0,455;R
ES0000000000003409CCPF;20/02/2023;15;0,085;R
ES0000000000003409CCPF;20/02/2023;16;1,047;R
ES0000000000003409CCPF;20/02/2023;17;0,965;R
ES0000000000003409CCPF;20/02/2023;18;0,033;R
ES0000000000003409CCPF;20/02/2023;19;0,149;R
ES0000000000003409CCPF;20/02/2023;20;0,076;R
ES0000000000003409CCPF;20/02/2023;21;0,119;R
ES0000000000003409CCPF;20/02/2023;22;0,162;R
ES0000000000003409CCPF;20/02/2023;23;0,173;R
ES0000000000003409CCPF;21/02/2023;0;0,042;R
ES0000000000003409CCPF;21/02/2023;1;0,044;R
ES0000000000003409CCPF;21/02/2023;2;0,118;R
ES0000000000003409CCPF;21/02/2023;3;0,069;R
ES0000000000003409CCPF;21/02/2023;4;0,03;R
ES0000000000003409CCPF;21/02/2023;5;0,032;R
ES0000000000003409CCPF;21/02/2023;6;0,035;R
ES0000000000003409CCPF;21/02/2023;7;0,25;R
ES0000000000003409CCPF;21/02/2023;8;1,172;R
ES0000000000003409CCPF;21/02/2023;9;1,108;R
ES0000000000003409CCPF;21/02/2023;10;0,13;R
ES0000000000003409CCPF;21/02/2023;11;0,594;R
ES0000000000003409CCPF;21/02/2023;12;0,068;R
ES0000000000003409CCPF;21/02/2023;13;0,074;R
ES0000000000003409CCPF;21/02/2023;14;0,497;R
ES0000000000003409CCPF;21/02/2023;15;0,46;R
ES0000000000003409CCPF;21/02/2023;16;0,034;R
ES0000000000003409CCPF;21/02/2023;17;0,027;R
ES0000000000003409CCPF;21/02/2023;18;0,027;R
ES0000000000003409CCPF;21/02/2023;19;0,187;R
ES0000000000003409CCPF;21/02/2023;20;0,239;R
ES0000000000003409CCPF;21/02/2023;21;0,086;R
ES0000000000003409CCPF;21/02/2023;22;0,113;R
ES0000000000003409CCPF;21/02/2023;23;0,165;R
ES0000000000003409CCPF;22/02/2023;0;0,286;R
ES0000000000003409CCPF;22/02/2023;1;0,247;R
ES0000000000003409CCPF;22/02/2023;2;0,037;R
ES0000000000003409CCPF;22/02/2023;3;0,031;R
ES0000000000003409CCPF;22/02/2023;4;0,026;R
ES0000000000003409CCPF;22/02/2023;5;0,033;R
ES0000000000003409CCPF;22/02/2023;6;0,034;R
ES0000000000003409CCPF;22/02/2023;7;0,153;R
ES0000000000003409CCPF;22/02/2023;8;0,16;R
ES0000000000003409CCPF;22/02/2023;9;0,141;R
ES0000000000003409CCPF;22/02/2023;10;0,172;R
ES0000000000003409CCPF;22/02/2023;11;1,006;R
ES0000000000003409CCPF;22/02/2023;12;1,352;R
ES0000000000003409CCPF;22/02/2023;13;0,343;R
ES0000000000003409CCPF;22/02/2023;14;0,034;R
ES0000000000003409CCPF;22/02/2023;15;0,025;R
ES0000000000003409CCPF;22/02/2023;16;0,027;R
ES0000000000003409CCPF;22/02/2023;17;0,035;R
ES0000000000003409CCPF;22/02/2023;18;0,035;R
ES0000000000003409CCPF;22/02/2023;19;0,179;R
ES0000000000003409CCPF;22/02/2023;20;0,096;R
ES0000000000003409CCPF;22/02/2023;21;0,091;R
ES0000000000003409CCPF;22/02/2023;22;0,13;R
ES0000000000003409CCPF;22/02/2023;23;0,126;R
ES0000000000003409CCPF;23/02/2023;0;0,026;R
ES0000000000003409CCPF;23/02/2023;1;0,052;R
ES0000000000003409CCPF;23/02/2023;2;0,099;R
ES0000000000003409CCPF;23/02/2023;3;0,044;R
ES0000000000003409CCPF;23/02/2023;4;0,042;R
ES0000000000003409CCPF;23/02/2023;5;0,027;R
ES0000000000003409CCPF;23/02/2023;6;0,034;R
ES0000000000003409CCPF;23/02/2023;7;0,211;R
ES0000000000003409CCPF;23/02/2023;8;0,128;R
ES0000000000003409CCPF;23/02/2023;9;0,159;R
ES0000000000003409CCPF;23/02/2023;10;0,138;R
ES0000000000003409CCPF;23/02/2023;11;0,619;R
ES0000000000003409CCPF;23/02/2023;12;0,11;R
ES0000000000003409CCPF;23/02/2023;13;1,421;R
ES0000000000003409CCPF;23/02/2023;14;1,134;R
ES0000000000003409CCPF;23/02/2023;15;0,037;R
ES0000000000003409CCPF;23/02/2023;16;0,028;R
ES0000000000003409CCPF;23/02/2023;17;0,035;R
ES0000000000003409CCPF;23/02/2023;18;0,033;R
ES0000000000003409CCPF;23/02/2023;19;0,62;R
ES0000000000003409CCPF;23/02/2023;20;0,271;R
ES0000000000003409CCPF;23/02/2023;21;0,405;R
ES0000000000003409CCPF;23/02/2023;22;0,226;R
ES0000000000003409CCPF;23/02/2023;23;0,267;R
ES0000000000003409CCPF;24/02/2023;0;0,026;R
ES0000000000003409CCPF;24/02/2023;1;0,047;R
ES0000000000003409CCPF;24/02/2023;2;0,656;R
ES0000000000003409CCPF;24/02/2023;3;0,087;R
ES0000000000003409CCPF;24/02/2023;4;0,046;R
ES0000000000003409CCPF;24/02/2023;5;0,036;R
ES0000000000003409CCPF;24/02/2023;6;0,03;R
ES0000000000003409CCPF;24/02/2023;7;0,315;R
ES0000000000003409CCPF;24/02/2023;8;0,327;R
ES0000000000003409CCPF;24/02/2023;9;0,311;R
ES0000000000003409CCPF;24/02/2023;10;0,325;R
ES0000000000003409CCPF;24/02/2023;11;0,33;R
ES0000000000003409CCPF;24/02/2023;12;0,498;R
ES0000000000003409CCPF;24/02/2023;13;1,121;R
ES0000000000003409CCPF;24/02/2023;14;0,157;R
ES0000000000003409CCPF;24/02/2023;15;0,082;R
ES0000000000003409CCPF;24/02/2023;16;0,04;R
ES0000000000003409CCPF;24/02/2023;17;0,133;R
ES0000000000003409CCPF;24/02/2023;18;1,358;R
ES0000000000003409CCPF;24/02/2023;19;2,047;R
ES0000000000003409CCPF;24/02/2023;20;1,727;R
ES0000000000003409CCPF;24/02/2023;21;0,864;R
ES0000000000003409CCPF;24/02/2023;22;0,633;R
ES0000000000003409CCPF;24/02/2023;23;0,208;R
ES0000000000003409CCPF;25/02/2023;0;0,035;R
ES0000000000003409CCPF;25/02/2023;1;0,03;R
ES0000000000003409CCPF;25/02/2023;2;0,289;R
ES0000000000003409CCPF;25/02/2023;3;1,047;R
ES0000000000003409CCPF;25/02/2023;4;0,518;R
ES0000000000003409CCPF;25/02/2023;5;0,113;R
ES0000000000003409CCPF;25/02/2023;6;0,054;R
ES0000000000003409CCPF;25/02/2023;7;0,112;R
ES0000000000003409CCPF;25/02/2023;8;0,446;R
ES0000000000003409CCPF;25/02/2023;9;0,279;R
ES0000000000003409CCPF;25/02/2023;10;0,243;R
ES0000000000003409CCPF;25/02/2023;11;0,288;R
ES0000000000003409CCPF;25/02/2023;12;0,068;R
ES0000000000003409CCPF;25/02/2023;13;0,033;R
ES0000000000003409CCPF;25/02/2023;14;0,39;R
ES0000000000003409CCPF;25/02/2023;15;1,527;R
ES0000000000003409CCPF;25/02/2023;16;0,5;R
ES0000000000003409CCPF;25/02/2023;17;0,453;R
ES0000000000003409CCPF;25/02/2023;18;0,297;R
ES0000000000003409CCPF;25/02/2023;19;0,303;R
ES0000000000003409CCPF;25/02/2023;20;0,519;R
ES0000000000003409CCPF;25/02/2023;21;0,633;R
ES0000000000003409CCPF;25/02/2023;22;0,288;R
ES0000000000003409CCPF;25/02/2023;23;0,243;R
ES0000000000003409CCPF;26/02/2023;0;0,047;R
ES0000000000003409CCPF;26/02/2023;1;0,043;R
ES0000000000003409CCPF;26/02/2023;2;0,611;R
ES0000000000003409CCPF;26/02/2023;3;0,035;R
ES0000000000003409CCPF;26/02/2023;4;0,031;R
ES0000000000003409CCPF;26/02/2023;5;0,033;R
ES0000000000003409CCPF;26/02/2023;6;0,028;R
ES0000000000003409CCPF;26/02/2023;7;0,105;R
ES0000000000003409CCPF;26/02/2023;8;0,777;R
ES0000000000003409CCPF;26/02/2023;9;0,388;R
ES0000000000003409CCPF;26/02/2023;10;0,422;R
ES0000000000003409CCPF;26/02/2023;11;0,512;R
ES0000000000003409CCPF;26/02/2023;12;0,301;R
ES0000000000003409CCPF;26/02/2023;13;1,791;R
ES0000000000003409CCPF;26/02/2023;14;0,555;R
ES0000000000003409CCPF;26/02/2023;15;1,67;R
ES0000000000003409CCPF;26/02/2023;16;0,282;R
ES0000000000003409CCPF;26/02/2023;17;0,884;R
ES0000000000003409CCPF;26/02/2023;18;1,29;R
ES0000000000003409CCPF;26/02/2023;19;0,741;R
ES0000000000003409CCPF;26/02/2023;20;2,516;R
ES0000000000003409CCPF;26/02/2023;21;0,614;R
ES0000000000003409CCPF;26/02/2023;22;0,645;R
ES0000000000003409CCPF;26/02/2023;23;1,311;R
ES0000000000003409CCPF;27/02/2023;0;0,48;R
ES0000000000003409CCPF;27/02/2023;1;0,031;R
ES0000000000003409CCPF;27/02/2023;2;0,092;R
ES0000000000003409CCPF;27/02/2023;3;0,058;R
ES0000000000003409CCPF;27/02/2023;4;0,039;R
ES0000000000003409CCPF;27/02/2023;5;0,028;R
ES0000000000003409CCPF;27/02/2023;6;0,035;R
ES0000000000003409CCPF;27/02/2023;7;0,464;R
ES0000000000003409CCPF;27/02/2023;8;0,713;R
ES0000000000003409CCPF;27/02/2023;9;0,637;R
ES0000000000003409CCPF;27/02/2023;10;0,7;R
ES0000000000003409CCPF;27/02/2023;11;0,09;R
ES0000000000003409CCPF;27/02/2023;12;0,75;R
ES0000000000003409CCPF;27/02/2023;13;1,978;R
ES0000000000003409CCPF;27/02/2023;14;0,367;R
ES0000000000003409CCPF;27/02/2023;15;0,089;R
ES0000000000003409CCPF;27/02/2023;16;0,877;R
ES0000000000003409CCPF;27/02/2023;17;1,672;R
ES0000000000003409CCPF;27/02/2023;18;0,321;R
ES0000000000003409CCPF;27/02/2023;19;0,785;R
ES0000000000003409CCPF;27/02/2023;20;0,35;R
ES0000000000003409CCPF;27/02/2023;21;0,83;R
ES0000000000003409CCPF;27/02/2023;22;1,479;R
ES0000000000003409CCPF;27/02/2023;23;1,714;R
ES0000000000003409CCPF;28/02/2023;0;0,173;R
ES0000000000003409CCPF;28/02/2023;1;0,033;R
ES0000000000003409CCPF;28/02/2023;2;0,03;R
ES0000000000003409CCPF;28/02/2023;3;0,031;R
ES0000000000003409CCPF;28/02/2023;4;0,026;R
ES0000000000003409CCPF;28/02/2023;5;0,031;R
ES0000000000003409CCPF;28/02/2023;6;0,033;R
ES0000000000003409CCPF;28/02/2023;7;0,44;R
ES0000000000003409CCPF;28/02/2023;8;0,681;R
ES0000000000003409CCPF;28/02/2023;9;0,997;R
ES0000000000003409CCPF;28/02/2023;10;1,115;R
ES0000000000003409CCPF;28/02/2023;11;0,709;R
ES0000000000003409CCPF;28/02/2023;12;1,881;R
ES0000000000003409CCPF;28/02/2023;13;2,362;R
ES0000000000003409CCPF;28/02/2023;14;0,174;R
ES0000000000003409CCPF;28/02/2023;15;0,031;R
ES0000000000003409CCPF;28/02/2023;16;0,026;R
ES0000000000003409CCPF;28/02/2023;17;0,031;R
ES0000000000003409CCPF;28/02/2023;18;0,09;R
ES0000000000003409CCPF;28/02/2023;19;0,869;R
ES0000000000003409CCPF;28/02/2023;20;1,229;R
ES0000000000003409CCPF;28/02/2023;21;0,648;R
ES0000000000003409CCPF;28/02/2023;22;1,401;R
ES0000000000003409CCPF;28/02/2023;23;0,889;R
ES0000000000003409CCPF;01/03/2023;0;0,032;R
ES0000000000003409CCPF;01/03/2023;1;0,033;R
ES0000000000003409CCPF;01/03/2023;2;0,024;R
ES0000000000003409CCPF;01/03/2023;3;0,027;R
ES0000000000003409CCPF;01/03/2023;4;0,032;R
ES0000000000003409CCPF;01/03/2023;5;0,024;R
ES0000000000003409CCPF;01/03/2023;6;0,029;R
ES0000000000003409CCPF;01/03/2023;7;0,5;R
ES0000000000003409CCPF;01/03/2023;8;0,699;R
ES0000000000003409CCPF;01/03/2023;9;0,975;R
ES0000000000003409CCPF;01/03/2023;10;1,379;R
ES0000000000003409CCPF;01/03/2023;11;0,694;R
ES0000000000003409CCPF;01/03/2023;12;0,155;R
ES0000000000003409CCPF;01/03/2023;13;0,749;R
ES0000000000003409CCPF;01/03/2023;14;2,496;R
ES0000000000003409CCPF;01/03/2023;15;0,657;R
ES0000000000003409CCPF;01/03/2023;16;0,045;R
ES0000000000003409CCPF;01/03/2023;17;0,036;R
ES0000000000003409CCPF;01/03/2023;18;0,084;R
ES0000000000003409CCPF;01/03/2023;19;0,811;R
ES0000000000003409CCPF;01/03/2023;20;0,565;R
ES0000000000003409CCPF;01/03/2023;21;0,913;R
ES0000000000003409CCPF;01/03/2023;22;0,66;R
ES0000000000003409CCPF;01/03/2023;23;1,798;R
ES0000000000003409CCPF;02/03/2023;0;1,373;R
ES0000000000003409CCPF;02/03/2023;1;0,366;R
ES0000000000003409CCPF;02/03/2023;2;0,027;R
ES0000000000003409CCPF;02/03/2023;3;0,033;R
ES0000000000003409CCPF;02/03/2023;4;0,031;R
ES0000000000003409CCPF;02/03/2023;5;0,027;R
ES0000000000003409CCPF;02/03/2023;6;0,028;R
ES0000000000003409CCPF;02/03/2023;7;0,458;R
ES0000000000003409CCPF;02/03/2023;8;0,718;R
ES0000000000003409CCPF;02/03/2023;9;1,272;R
ES0000000000003409CCPF;02/03/2023;10;1,184;R
ES0000000000003409CCPF;02/03/2023;11;0,059;R
ES0000000000003409CCPF;02/03/2023;12;0,051;R
ES0000000000003409CCPF;02/03/2023;13;0,031;R
ES0000000000003409CCPF;02/03/2023;14;1,143;R
ES0000000000003409CCPF;02/03/2023;15;1,433;R
ES0000000000003409CCPF;02/03/2023;16;0,296;R
ES0000000000003409CCPF;02/03/2023;17;0,032;R
ES0000000000003409CCPF;02/03/2023;18;0,062;R
ES0000000000003409CCPF;02/03/2023;19;0,966;R
ES0000000000003409CCPF;02/03/2023;20;0,782;R
ES0000000000003409CCPF;02/03/2023;21;2,145;R
ES0000000000003409CCPF;02/03/2023;22;2,055;R
ES0000000000003409CCPF;02/03/2023;23;1,702;R
ES0000000000003409CCPF;03/03/2023;0;0,029;R
ES0000000000003409CCPF;03/03/2023;1;0,025;R
ES0000000000003409CCPF;03/03/2023;2;0,033;R
ES0000000000003409CCPF;03/03/2023;3;0,093;R
ES0000000000003409CCPF;03/03/2023;4;0,049;R
ES0000000000003409CCPF;03/03/2023;5;0,039;R
ES0000000000003409CCPF;03/03/2023;6;0,026;R
ES0000000000003409CCPF;03/03/2023;7;0,555;R
ES0000000000003409CCPF;03/03/2023;8;0,834;R
ES0000000000003409CCPF;03/03/2023;9;1,244;R
ES0000000000003409CCPF;03/03/2023;10;1,881;R
ES0000000000003409CCPF;03/03/2023;11;0,051;R
ES0000000000003409CCPF;03/03/2023;12;0,086;R
ES0000000000003409CCPF;03/03/2023;13;0,349;R
ES0000000000003409CCPF;03/03/2023;14;0,326;R
ES0000000000003409CCPF;03/03/2023;15;0,248;R
ES0000000000003409CCPF;03/03/2023;16;1,205;R
ES0000000000003409CCPF;03/03/2023;17;0,133;R
ES0000000000003409CCPF;03/03/2023;18;0,23;R
ES0000000000003409CCPF;03/03/2023;19;1,516;R
ES0000000000003409CCPF;03/03/2023;20;0,699;R
ES0000000000003409CCPF;03/03/2023;21;1,364;R
ES0000000000003409CCPF;03/03/2023;22;1,25;R
ES0000000000003409CCPF;03/03/2023;23;1,193;R
ES0000000000003409CCPF;04/03/2023;0;0,042;R
ES0000000000003409CCPF;04/03/2023;1;0,025;R
ES0000000000003409CCPF;04/03/2023;2;0,03;R
ES0000000000003409CCPF;04/03/2023;3;0,029;R
ES0000000000003409CCPF;04/03/2023;4;0,028;R
ES0000000000003409CCPF;04/03/2023;5;0,026;R
ES0000000000003409CCPF;04/03/2023;6;0,032;R
ES0000000000003409CCPF;04/03/2023;7;0,176;R
ES0000000000003409CCPF;04/03/2023;8;1,565;R
ES0000000000003409CCPF;04/03/2023;9;1,242;R
ES0000000000003409CCPF;04/03/2023;10;0,721;R
ES0000000000003409CCPF;04/03/2023;11;0,65;R
ES0000000000003409CCPF;04/03/2023;12;1,633;R
ES0000000000003409CCPF;04/03/2023;13;1,213;R
ES0000000000003409CCPF;04/03/2023;14;1,918;R
ES0000000000003409CCPF;04/03/2023;15;1,107;R
ES0000000000003409CCPF;04/03/2023;16;0,044;R
ES0000000000003409CCPF;04/03/2023;17;0,63;R
ES0000000000003409CCPF;04/03/2023;18;0,667;R
ES0000000000003409CCPF;04/03/2023;19;0,46;R
ES0000000000003409CCPF;04/03/2023;20;0,486;R
ES0000000000003409CCPF;04/03/2023;21;0,369;R
ES0000000000003409CCPF;04/03/2023;22;0,449;R
ES0000000000003409CCPF;04/03/2023;23;0,353;R
ES0000000000003409CCPF;05/03/2023;0;0,04;R
ES0000000000003409CCPF;05/03/2023;1;0,034;R
ES0000000000003409CCPF;05/03/2023;2;0,027;R
ES0000000000003409CCPF;05/03/2023;3;0,026;R
ES0000000000003409CCPF;05/03/2023;4;0,034;R
ES0000000000003409CCPF;05/03/2023;5;0,031;R
ES0000000000003409CCPF;05/03/2023;6;0,025;R
ES0000000000003409CCPF;05/03/2023;7;0,111;R
ES0000000000003409CCPF;05/03/2023;8;1,047;R
ES0000000000003409CCPF;05/03/2023;9;0,603;R
ES0000000000003409CCPF;05/03/2023;10;0,659;R
ES0000000000003409CCPF;05/03/2023;11;1,346;R
ES0000000000003409CCPF;05/03/2023;12;1,608;R
ES0000000000003409CCPF;05/03/2023;13;1,332;R
ES0000000000003409CCPF;05/03/2023;14;0,281;R
ES0000000000003409CCPF;05/03/2023;15;0,195;R
ES0000000000003409CCPF;05/03/2023;16;1,166;R
ES0000000000003409CCPF;05/03/2023;17;0,893;R
ES0000000000003409CCPF;05/03/2023;18;0,538;R
ES0000000000003409CCPF;05/03/2023;19;0,551;R
ES0000000000003409CCPF;05/03/2023;20;0,409;R
ES0000000000003409CCPF;05/03/2023;21;0,484;R
ES0000000000003409CCPF;05/03/2023;22;1,373;R
ES0000000000003409CCPF;05/03/2023;23;1,685;R
ES0000000000003409CCPF;06/03/2023;0;0,383;R
ES0000000000003409CCPF;06/03/2023;1;0,027;R
ES0000000000003409CCPF;06/03/2023;2;0,027;R
ES0000000000003409CCPF;06/03/2023;3;0,03;R
ES0000000000003409CCPF;06/03/2023;4;0,033;R
ES0000000000003409CCPF;06/03/2023;5;0,066;R
ES0000000000003409CCPF;06/03/2023;6;0,077;R
ES0000000000003409CCPF;06/03/2023;7;0,442;R
ES0000000000003409CCPF;06/03/2023;8;0,545;R
ES0000000000003409CCPF;06/03/2023;9;0,504;R
ES0000000000003409CCPF;06/03/2023;10;1,473;R
ES0000000000003409CCPF;06/03/2023;11;0,428;R
ES0000000000003409CCPF;06/03/2023;12;0,033;R
ES0000000000003409CCPF;06/03/2023;13;0,118;R
ES0000000000003409CCPF;06/03/2023;14;0,087;R
ES0000000000003409CCPF;06/03/2023;15;0,093;R
ES0000000000003409CCPF;06/03/2023;16;0,079;R
ES0000000000003409CCPF;06/03/2023;17;0,029;R
ES0000000000003409CCPF;06/03/2023;18;0,05;R
ES0000000000003409CCPF;06/03/2023;19;0,649;R
ES0000000000003409CCPF;06/03/2023;20;0,329;R
ES0000000000003409CCPF;06/03/2023;21;0,346;R
ES0000000000003409CCPF;06/03/2023;22;0,33;R
ES0000000000003409CCPF;06/03/2023;23;0,34;R
ES0000000000003409CCPF;07/03/2023;0;0,038;R
ES0000000000003409CCPF;07/03/2023;1;0,035;R
ES0000000000003409CCPF;07/03/2023;2;0,033;R
ES0000000000003409CCPF;07/03/2023;3;0,031;R
ES0000000000003409CCPF;07/03/2023;4;0,031;R
ES0000000000003409CCPF;07/03/2023;5;0,026;R
ES0000000000003409CCPF;07/03/2023;6;0,031;R
ES0000000000003409CCPF;07/03/2023;7;0,368;R
ES0000000000003409CCPF;07/03/2023;8;0,462;R
ES0000000000003409CCPF;07/03/2023;9;0,895;R
ES0000000000003409CCPF;07/03/2023;10;0,415;R
ES0000000000003409CCPF;07/03/2023;11;0,088;R
ES0000000000003409CCPF;07/03/2023;12;0,049;R
ES0000000000003409CCPF;07/03/2023;13;0,033;R
ES0000000000003409CCPF;07/03/2023;14;0,029;R
ES0000000000003409CCPF;07/03/2023;15;0,126;R
ES0000000000003409CCPF;07/03/2023;16;0,032;R
ES0000000000003409CCPF;07/03/2023;17;0,026;R
ES0000000000003409CCPF;07/03/2023;18;0,045;R
ES0000000000003409CCPF;07/03/2023;19;0,606;R
ES0000000000003409CCPF;07/03/2023;20;0,305;R
ES0000000000003409CCPF;07/03/2023;21;0,406;R
ES0000000000003409CCPF;07/03/2023;22;2,61;R
ES0000000000003409CCPF;07/03/2023;23;1,699;R
ES0000000000003409CCPF;08/03/2023;0;1,342;R
ES0000000000003409CCPF;08/03/2023;1;0,106;R
ES0000000000003409CCPF;08/03/2023;2;0,034;R
ES0000000000003409CCPF;08/03/2023;3;0,032;R
ES0000000000003409CCPF;08/03/2023;4;0,032;R
ES0000000000003409CCPF;08/03/2023;5;0,026;R
ES0000000000003409CCPF;08/03/2023;6;0,028;R
ES0000000000003409CCPF;08/03/2023;7;0,255;R
ES0000000000003409CCPF;08/03/2023;8;0,213;R
ES0000000000003409CCPF;08/03/2023;9;0,17;R
ES0000000000003409CCPF;08/03/2023;10;0,62;R
ES0000000000003409CCPF;08/03/2023;11;0,161;R
ES0000000000003409CCPF;08/03/2023;12;0,13;R
ES0000000000003409CCPF;08/03/2023;13;0,093;R
ES0000000000003409CCPF;08/03/2023;14;0,046;R
ES0000000000003409CCPF;08/03/2023;15;0,032;R
ES0000000000003409CCPF;08/03/2023;16;0,036;R
ES0000000000003409CCPF;08/03/2023;17;0,029;R
ES0000000000003409CCPF;08/03/2023;18;0,047;R
ES0000000000003409CCPF;08/03/2023;19;0,358;R
ES0000000000003409CCPF;08/03/2023;20;0,168;R
ES0000000000003409CCPF;08/03/2023;21;0,204;R
ES0000000000003409CCPF;08/03/2023;22;0,186;R
ES0000000000003409CCPF;08/03/2023;23;0,152;R
ES0000000000003409CCPF;09/03/2023;0;0,099;R
ES0000000000003409CCPF;09/03/2023;1;1,17;R
ES0000000000003409CCPF;09/03/2023;2;0,049;R
ES0000000000003409CCPF;09/03/2023;3;0,04;R
ES0000000000003409CCPF;09/03/2023;4;0,034;R
ES0000000000003409CCPF;09/03/2023;5;0,026;R
ES0000000000003409CCPF;09/03/2023;6;0,029;R
ES0000000000003409CCPF;09/03/2023;7;0,225;R
ES0000000000003409CCPF;09/03/2023;8;0,121;R
ES0000000000003409CCPF;09/03/2023;9;0,174;R
ES0000000000003409CCPF;09/03/2023;10;1,087;R
ES0000000000003409CCPF;09/03/2023;11;0,029;R
ES0000000000003409CCPF;09/03/2023;12;0,026;R
ES0000000000003409CCPF;09/03/2023;13;0,031;R
ES0000000000003409CCPF;09/03/2023;14;0,033;R
ES0000000000003409CCPF;09/03/2023;15;0,09;R
ES0000000000003409CCPF;09/03/2023;16;0,059;R
ES0000000000003409CCPF;09/03/2023;17;0,038;R
ES0000000000003409CCPF;09/03/2023;18;0,051;R
ES0000000000003409CCPF;09/03/2023;19;0,229;R
ES0000000000003409CCPF;09/03/2023;20;0,093;R
ES0000000000003409CCPF;09/03/2023;21;0,14;R
ES0000000000003409CCPF;09/03/2023;22;0,126;R
ES0000000000003409CCPF;09/03/2023;23;0,171;R
ES0000000000003409CCPF;10/03/2023;0;0,241;R
ES0000000000003409CCPF;10/03/2023;1;0,265;R
ES0000000000003409CCPF;10/03/2023;2;0,029;R
ES0000000000003409CCPF;10/03/2023;3;0,026;R
ES0000000000003409CCPF;10/03/2023;4;0,034;R
ES0000000000003409CCPF;10/03/2023;5;0,033;R
ES0000000000003409CCPF;10/03/2023;6;0,027;R
ES0000000000003409CCPF;10/03/2023;7;0,175;R
ES0000000000003409CCPF;10/03/2023;8;0,122;R
ES0000000000003409CCPF;10/03/2023;9;0,133;R
ES0000000000003409CCPF;10/03/2023;10;0,193;R
ES0000000000003409CCPF;10/03/2023;11;1,056;R
ES0000000000003409CCPF;10/03/2023;12;1,877;R
ES0000000000003409CCPF;10/03/2023;13;0,237;R
ES0000000000003409CCPF;10/03/2023;14;0,396;R
ES0000000000003409CCPF;10/03/2023;15;0,05;R
ES0000000000003409CCPF;10/03/2023;16;0,034;R
ES0000000000003409CCPF;10/03/2023;17;0,027;R
ES0000000000003409CCPF;10/03/2023;18;0,033;R
ES0000000000003409CCPF;10/03/2023;19;0,032;R
ES0000000000003409CCPF;10/03/2023;20;0,034;R
ES0000000000003409CCPF;10/03/2023;21;0,044;R
ES0000000000003409CCPF;10/03/2023;22;0,042;R
ES0000000000003409CCPF;10/03/2023;23;0,067;R
ES0000000000003409CCPF;11/03/2023;0;0,034;R
ES0000000000003409CCPF;11/03/2023;1;0,027;R
ES0000000000003409CCPF;11/03/2023;2;0,028;R
ES0000000000003409CCPF;11/03/2023;3;0,24;R
ES0000000000003409CCPF;11/03/2023;4;0,027;R
ES0000000000003409CCPF;11/03/2023;5;0,032;R
ES0000000000003409CCPF;11/03/2023;6;0,027;R
ES0000000000003409CCPF;11/03/2023;7;0,054;R
ES0000000000003409CCPF;11/03/2023;8;0,08;R
ES0000000000003409CCPF;11/03/2023;9;0,074;R
ES0000000000003409CCPF;11/03/2023;10;0,045;R
ES0000000000003409CCPF;11/03/2023;11;1,662;R
ES0000000000003409CCPF;11/03/2023;12;0,99;R
ES0000000000003409CCPF;11/03/2023;13;0,108;R
ES0000000000003409CCPF;11/03/2023;14;0,054;R
ES0000000000003409CCPF;11/03/2023;15;0,088;R
ES0000000000003409CCPF;11/03/2023;16;0,04;R
ES0000000000003409CCPF;11/03/2023;17;0,039;R
ES0000000000003409CCPF;11/03/2023;18;0,138;R
ES0000000000003409CCPF;11/03/2023;19;0,098;R
ES0000000000003409CCPF;11/03/2023;20;0,527;R
ES0000000000003409CCPF;11/03/2023;21;0,474;R
ES0000000000003409CCPF;11/03/2023;22;0,062;R
ES0000000000003409CCPF;11/03/2023;23;0,043;R
ES0000000000003409CCPF;12/03/2023;0;0,033;R
ES0000000000003409CCPF;12/03/2023;1;0,034;R
ES0000000000003409CCPF;12/03/2023;2;0,027;R
ES0000000000003409CCPF;12/03/2023;3;0,049;R
ES0000000000003409CCPF;12/03/2023;4;0,03;R
ES0000000000003409CCPF;12/03/2023;5;0,033;R
ES0000000000003409CCPF;12/03/2023;6;0,026;R
ES0000000000003409CCPF;12/03/2023;7;0,029;R
ES0000000000003409CCPF;12/03/2023;8;0,037;R
ES0000000000003409CCPF;12/03/2023;9;0,031;R
ES0000000000003409CCPF;12/03/2023;10;0,027;R
ES0000000000003409CCPF;12/03/2023;11;0,826;R
ES0000000000003409CCPF;12/03/2023;12;1,37;R
ES0000000000003409CCPF;12/03/2023;13;1,416;R
ES0000000000003409CCPF;12/03/2023;14;0,058;R
ES0000000000003409CCPF;12/03/2023;15;0,032;R
ES0000000000003409CCPF;12/03/2023;16;1,152;R
ES0000000000003409CCPF;12/03/2023;17;1,408;R
ES0000000000003409CCPF;12/03/2023;18;0,072;R
ES0000000000003409CCPF;12/03/2023;19;1,78;R
ES0000000000003409CCPF;12/03/2023;20;1,622;R
ES0000000000003409CCPF;12/03/2023;21;1,807;R
ES0000000000003409CCPF;12/03/2023;22;1,548;R
ES0000000000003409CCPF;12/03/2023;23;1,439;R
ES0000000000003409CCPF;13/03/2023;0;0,073;R
ES0000000000003409CCPF;13/03/2023;1;0,039;R
ES0000000000003409CCPF;13/03/2023;2;0,03;R
ES0000000000003409CCPF;13/03/2023;3;0,028;R
ES0000000000003409CCPF;13/03/2023;4;0,036;R
ES0000000000003409CCPF;13/03/2023;5;0,037;R
ES0000000000003409CCPF;13/03/2023;6;0,109;R
ES0000000000003409CCPF;13/03/2023;7;0,058;R
ES0000000000003409CCPF;13/03/2023;8;0,08;R
ES0000000000003409CCPF;13/03/2023;9;0,112;R
ES0000000000003409CCPF;13/03/2023;10;0,235;R
ES0000000000003409CCPF;13/03/2023;11;1,193;R
ES0000000000003409CCPF;13/03/2023;12;0,251;R
ES0000000000003409CCPF;13/03/2023;13;0,036;R
ES0000000000003409CCPF;13/03/2023;14;0,156;R
ES0000000000003409CCPF;13/03/2023;15;0,6;R
ES0000000000003409CCPF;13/03/2023;16;1,168;R
ES0000000000003409CCPF;13/03/2023;17;1,188;R
ES0000000000003409CCPF;13/03/2023;18;0,034;R
ES0000000000003409CCPF;13/03/2023;19;0,209;R
ES0000000000003409CCPF;13/03/2023;20;0,899;R
ES0000000000003409CCPF;13/03/2023;21;2,054;R
ES0000000000003409CCPF;13/03/2023;22;1,523;R
ES0000000000003409CCPF;13/03/2023;23;0,937;R
ES0000000000003409CCPF;14/03/2023;0;0,181;R
ES0000000000003409CCPF;14/03/2023;1;0,039;R
ES0000000000003409CCPF;14/03/2023;2;0,035;R
ES0000000000003409CCPF;14/03/2023;3;0,035;R
ES0000000000003409CCPF;14/03/2023;4;0,028;R
ES0000000000003409CCPF;14/03/2023;5;0,036;R
ES0000000000003409CCPF;14/03/2023;6;0,035;R
ES0000000000003409CCPF;14/03/2023;7;0,028;R
ES0000000000003409CCPF;14/03/2023;8;0,035;R
ES0000000000003409CCPF;14/03/2023;9;0,501;R
ES0000000000003409CCPF;14/03/2023;10;0,203;R
ES0000000000003409CCPF;14/03/2023;11;0,062;R
ES0000000000003409CCPF;14/03/2023;12;0,535;R
ES0000000000003409CCPF;14/03/2023;13;1,339;R
ES0000000000003409CCPF;14/03/2023;14;1,453;R
ES0000000000003409CCPF;14/03/2023;15;0,857;R
ES0000000000003409CCPF;14/03/2023;16;0,033;R
ES0000000000003409CCPF;14/03/2023;17;0,05;R
ES0000000000003409CCPF;14/03/2023;18;0,034;R
ES0000000000003409CCPF;14/03/2023;19;0,088;R
ES0000000000003409CCPF;14/03/2023;20;0,566;R
ES0000000000003409CCPF;14/03/2023;21;1,965;R
ES0000000000003409CCPF;14/03/2023;22;1,395;R
ES0000000000003409CCPF;14/03/2023;23;0,65;R
ES0000000000003409CCPF;15/03/2023;0;0,041;R
ES0000000000003409CCPF;15/03/2023;1;0,044;R
ES0000000000003409CCPF;15/03/2023;2;0,049;R
ES0000000000003409CCPF;15/03/2023;3;0,032;R
ES0000000000003409CCPF;15/03/2023;4;0,036;R
ES0000000000003409CCPF;15/03/2023;5;0,037;R
ES0000000000003409CCPF;15/03/2023;6;0,033;R
ES0000000000003409CCPF;15/03/2023;7;0,036;R
ES0000000000003409CCPF;15/03/2023;8;0,124;R
ES0000000000003409CCPF;15/03/2023;9;0,794;R
ES0000000000003409CCPF;15/03/2023;10;0,964;R
ES0000000000003409CCPF;15/03/2023;11;0,117;R
ES0000000000003409CCPF;15/03/2023;12;0,115;R
ES0000000000003409CCPF;15/03/2023;13;0,047;R
ES0000000000003409CCPF;15/03/2023;14;0,325;R
ES0000000000003409CCPF;15/03/2023;15;0,949;R
ES0000000000003409CCPF;15/03/2023;16;0,045;R
ES0000000000003409CCPF;15/03/2023;17;0,042;R
ES0000000000003409CCPF;15/03/2023;18;0,215;R
ES0000000000003409CCPF;15/03/2023;19;0,153;R
ES0000000000003409CCPF;15/03/2023;20;1,151;R
ES0000000000003409CCPF;15/03/2023;21;1,194;R
ES0000000000003409CCPF;15/03/2023;22;2,874;R
ES0000000000003409CCPF;15/03/2023;23;0,226;R
ES0000000000003409CCPF;16/03/2023;0;0,052;R
ES0000000000003409CCPF;16/03/2023;1;0,054;R
ES0000000000003409CCPF;16/03/2023;2;0,1;R
ES0000000000003409CCPF;16/03/2023;3;0,062;R
ES0000000000003409CCPF;16/03/2023;4;0,04;R
ES0000000000003409CCPF;16/03/2023;5;0,039;R
ES0000000000003409CCPF;16/03/2023;6;0,03;R
ES0000000000003409CCPF;16/03/2023;7;0,033;R
ES0000000000003409CCPF;16/03/2023;8;0,282;R
ES0000000000003409CCPF;16/03/2023;9;1,722;R
ES0000000000003409CCPF;16/03/2023;10;0,827;R
ES0000000000003409CCPF;16/03/2023;11;0,286;R
ES0000000000003409CCPF;16/03/2023;12;1,576;R
ES0000000000003409CCPF;16/03/2023;13;1,974;R
ES0000000000003409CCPF;16/03/2023;14;0,682;R
ES0000000000003409CCPF;16/03/2023;15;0,721;R
ES0000000000003409CCPF;16/03/2023;16;1,687;R
ES0000000000003409CCPF;16/03/2023;17;1,285;R
ES0000000000003409CCPF;16/03/2023;18;0,106;R
ES0000000000003409CCPF;16/03/2023;19;0,634;R
ES0000000000003409CCPF;16/03/2023;20;0,192;R
ES0000000000003409CCPF;16/03/2023;21;1,357;R
ES0000000000003409CCPF;16/03/2023;22;0,608;R
ES0000000000003409CCPF;16/03/2023;23;0,187;R
ES0000000000003409CCPF;17/03/2023;0;0,139;R
ES0000000000003409CCPF;17/03/2023;1;0,057;R
ES0000000000003409CCPF;17/03/2023;2;0,04;R
ES0000000000003409CCPF;17/03/2023;3;0,028;R
ES0000000000003409CCPF;17/03/2023;4;0,034;R
ES0000000000003409CCPF;17/03/2023;5;0,036;R
ES0000000000003409CCPF;17/03/2023;6;0,028;R
ES0000000000003409CCPF;17/03/2023;7;0,033;R
ES0000000000003409CCPF;17/03/2023;8;0,076;R
ES0000000000003409CCPF;17/03/2023;9;0,197;R
ES0000000000003409CCPF;17/03/2023;10;0,581;R
ES0000000000003409CCPF;17/03/2023;11;0,079;R
ES0000000000003409CCPF;17/03/2023;12;0,432;R
ES0000000000003409CCPF;17/03/2023;13;0,615;R
ES0000000000003409CCPF;17/03/2023;14;0,04;R
ES0000000000003409CCPF;17/03/2023;15;0,441;R
ES0000000000003409CCPF;17/03/2023;16;0,197;R
ES0000000000003409CCPF;17/03/2023;17;1,406;R
ES0000000000003409CCPF;17/03/2023;18;0,29;R
ES0000000000003409CCPF;17/03/2023;19;1,05;R
ES0000000000003409CCPF;17/03/2023;20;1,234;R
ES0000000000003409CCPF;17/03/2023;21;0,547;R
ES0000000000003409CCPF;17/03/2023;22;0,102;R
ES0000000000003409CCPF;17/03/2023;23;0,089;R
ES0000000000003409CCPF;18/03/2023;0;0,038;R
ES0000000000003409CCPF;18/03/2023;1;0,033;R
ES0000000000003409CCPF;18/03/2023;2;0,037;R
ES0000000000003409CCPF;18/03/2023;3;0,03;R
ES0000000000003409CCPF;18/03/2023;4;0,036;R
ES0000000000003409CCPF;18/03/2023;5;0,031;R
ES0000000000003409CCPF;18/03/2023;6;0,029;R
ES0000000000003409CCPF;18/03/2023;7;0,037;R
ES0000000000003409CCPF;18/03/2023;8;0,102;R
ES0000000000003409CCPF;18/03/2023;9;1,164;R
ES0000000000003409CCPF;18/03/2023;10;0,31;R
ES0000000000003409CCPF;18/03/2023;11;1,854;R
ES0000000000003409CCPF;18/03/2023;12;0,53;R
ES0000000000003409CCPF;18/03/2023;13;0,32;R
ES0000000000003409CCPF;18/03/2023;14;1,04;R
ES0000000000003409CCPF;18/03/2023;15;1,148;R
ES0000000000003409CCPF;18/03/2023;16;1,858;R
ES0000000000003409CCPF;18/03/2023;17;0,731;R
ES0000000000003409CCPF;18/03/2023;18;0,159;R
ES0000000000003409CCPF;18/03/2023;19;0,085;R
ES0000000000003409CCPF;18/03/2023;20;1,288;R
ES0000000000003409CCPF;18/03/2023;21;0,459;R
ES0000000000003409CCPF;18/03/2023;22;0,696;R
ES0000000000003409CCPF;18/03/2023;23;0,92;R
ES0000000000003409CCPF;19/03/2023;0;0,159;R
ES0000000000003409CCPF;19/03/2023;1;0,048;R
ES0000000000003409CCPF;19/03/2023;2;0,036;R
ES0000000000003409CCPF;19/03/2023;3;0,038;R
ES0000000000003409CCPF;19/03/2023;4;0,035;R
ES0000000000003409CCPF;19/03/2023;5;0,027;R
ES0000000000003409CCPF;19/03/2023;6;0,038;R
ES0000000000003409CCPF;19/03/2023;7;0,242;R
ES0000000000003409CCPF;19/03/2023;8;0,533;R
ES0000000000003409CCPF;19/03/2023;9;0,4;R
ES0000000000003409CCPF;19/03/2023;10;1,409;R
ES0000000000003409CCPF;19/03/2023;11;0,91;R
ES0000000000003409CCPF;19/03/2023;12;0,571;R
ES0000000000003409CCPF;19/03/2023;13;0,122;R
ES0000000000003409CCPF;19/03/2023;14;0,115;R
ES0000000000003409CCPF;19/03/2023;15;0,429;R
ES0000000000003409CCPF;19/03/2023;16;0,037;R
ES0000000000003409CCPF;19/03/2023;17;0,031;R
ES0000000000003409CCPF;19/03/2023;18;0,134;R
ES0000000000003409CCPF;19/03/2023;19;1,06;R
ES0000000000003409CCPF;19/03/2023;20;0,676;R
ES0000000000003409CCPF;19/03/2023;21;0,493;R
ES0000000000003409CCPF;19/03/2023;22;1,175;R
ES0000000000003409CCPF;19/03/2023;23;0,645;R
ES0000000000003409CCPF;20/03/2023;0;0,208;R
ES0000000000003409CCPF;20/03/2023;1;0,043;R
ES0000000000003409CCPF;20/03/2023;2;0,037;R
ES0000000000003409CCPF;20/03/2023;3;0,038;R
ES0000000000003409CCPF;20/03/2023;4;0,029;R
ES0000000000003409CCPF;20/03/2023;5;0,032;R
ES0000000000003409CCPF;20/03/2023;6;0,026;R
ES0000000000003409CCPF;20/03/2023;7;0,032;R
ES0000000000003409CCPF;20/03/2023;8;0,03;R
ES0000000000003409CCPF;20/03/2023;9;0,065;R
ES0000000000003409CCPF;20/03/2023;10;0,077;R
ES0000000000003409CCPF;20/03/2023;11;0,037;R
ES0000000000003409CCPF;20/03/2023;12;0,771;R
ES0000000000003409CCPF;20/03/2023;13;0,35;R
ES0000000000003409CCPF;20/03/2023;14;0,282;R
ES0000000000003409CCPF;20/03/2023;15;1,399;R
ES0000000000003409CCPF;20/03/2023;16;0,249;R
ES0000000000003409CCPF;20/03/2023;17;0,057;R
ES0000000000003409CCPF;20/03/2023;18;0,038;R
ES0000000000003409CCPF;20/03/2023;19;0,034;R
ES0000000000003409CCPF;20/03/2023;20;0,034;R
ES0000000000003409CCPF;20/03/2023;21;0,056;R
ES0000000000003409CCPF;20/03/2023;22;0,342;R
ES0000000000003409CCPF;20/03/2023;23;0,173;R
ES0000000000003409CCPF;21/03/2023;0;0,037;R
ES0000000000003409CCPF;21/03/2023;1;0,032;R
ES0000000000003409CCPF;21/03/2023;2;0,032;R
ES0000000000003409CCPF;21/03/2023;3;0,027;R
ES0000000000003409CCPF;21/03/2023;4;0,025;R
ES0000000000003409CCPF;21/03/2023;5;0,033;R
ES0000000000003409CCPF;21/03/2023;6;0,028;R
ES0000000000003409CCPF;21/03/2023;7;0,032;R
ES0000000000003409CCPF;21/03/2023;8;0,424;R
ES0000000000003409CCPF;21/03/2023;9;1,119;R
ES0000000000003409CCPF;21/03/2023;10;1,078;R
ES0000000000003409CCPF;21/03/2023;11;0,611;R
ES0000000000003409CCPF;21/03/2023;12;0,031;R
ES0000000000003409CCPF;21/03/2023;13;0,029;R
ES0000000000003409CCPF;21/03/2023;14;0,023;R
ES0000000000003409CCPF;21/03/2023;15;0,095;R
ES0000000000003409CCPF;21/03/2023;16;0,054;R
ES0000000000003409CCPF;21/03/2023;17;0,035;R
ES0000000000003409CCPF;21/03/2023;18;0,034;R
ES0000000000003409CCPF;21/03/2023;19;0,033;R
ES0000000000003409CCPF;21/03/2023;20;0,076;R
ES0000000000003409CCPF;21/03/2023;21;0,074;R
ES0000000000003409CCPF;21/03/2023;22;0,056;R
ES0000000000003409CCPF;21/03/2023;23;0,041;R
ES0000000000003409CCPF;22/03/2023;0;0,045;R
ES0000000000003409CCPF;22/03/2023;1;0,039;R
ES0000000000003409CCPF;22/03/2023;2;0,03;R
ES0000000000003409CCPF;22/03/2023;3;0,037;R
ES0000000000003409CCPF;22/03/2023;4;0,028;R
ES0000000000003409CCPF;22/03/2023;5;0,028;R
ES0000000000003409CCPF;22/03/2023;6;0,034;R
ES0000000000003409CCPF;22/03/2023;7;0,028;R
ES0000000000003409CCPF;22/03/2023;8;0,796;R
ES0000000000003409CCPF;22/03/2023;9;0,599;R
ES0000000000003409CCPF;22/03/2023;10;0,028;R
ES0000000000003409CCPF;22/03/2023;11;0,024;R
ES0000000000003409CCPF;22/03/2023;12;0,023;R
ES0000000000003409CCPF;22/03/2023;13;0,091;R
ES0000000000003409CCPF;22/03/2023;14;0,029;R
ES0000000000003409CCPF;22/03/2023;15;0,031;R
ES0000000000003409CCPF;22/03/2023;16;0,024;R
ES0000000000003409CCPF;22/03/2023;17;0,023;R
ES0000000000003409CCPF;22/03/2023;18;0,027;R
ES0000000000003409CCPF;22/03/2023;19;0,031;R
ES0000000000003409CCPF;22/03/2023;20;0,03;R
ES0000000000003409CCPF;22/03/2023;21;0,027;R
ES0000000000003409CCPF;22/03/2023;22;0,031;R
ES0000000000003409CCPF;22/03/2023;23;0,192;R
ES0000000000003409CCPF;23/03/2023;0;1,393;R
ES0000000000003409CCPF;23/03/2023;1;0,035;R
ES0000000000003409CCPF;23/03/2023;2;0,031;R
ES0000000000003409CCPF;23/03/2023;3;0,023;R
ES0000000000003409CCPF;23/03/2023;4;0,033;R
ES0000000000003409CCPF;23/03/2023;5;0,031;R
ES0000000000003409CCPF;23/03/2023;6;0,023;R
ES0000000000003409CCPF;23/03/2023;7;0,03;R
ES0000000000003409CCPF;23/03/2023;8;0,03;R
ES0000000000003409CCPF;23/03/2023;9;0,032;R
ES0000000000003409CCPF;23/03/2023;10;0,592;R
ES0000000000003409CCPF;23/03/2023;11;0,026;R
ES0000000000003409CCPF;23/03/2023;12;0,033;R
ES0000000000003409CCPF;23/03/2023;13;0,102;R
ES0000000000003409CCPF;23/03/2023;14;0,038;R
ES0000000000003409CCPF;23/03/2023;15;0,311;R
ES0000000000003409CCPF;23/03/2023;16;0,219;R
ES0000000000003409CCPF;23/03/2023;17;0,034;R
ES0000000000003409CCPF;23/03/2023;18;0,032;R
ES0000000000003409CCPF;23/03/2023;19;0,033;R
ES0000000000003409CCPF;23/03/2023;20;0,024;R
ES0000000000003409CCPF;23/03/2023;21;0,025;R
ES0000000000003409CCPF;23/03/2023;22;0,034;R
ES0000000000003409CCPF;23/03/2023;23;0,03;R
ES0000000000003409CCPF;24/03/2023;0;0,69;R
ES0000000000003409CCPF;24/03/2023;1;0,236;R
ES0000000000003409CCPF;24/03/2023;2;0,045;R
ES0000000000003409CCPF;24/03/2023;3;0,037;R
ES0000000000003409CCPF;24/03/2023;4;0,029;R
ES0000000000003409CCPF;24/03/2023;5;0,037;R
ES0000000000003409CCPF;24/03/2023;6;0,034;R
ES0000000000003409CCPF;24/03/2023;7;0,023;R
ES0000000000003409CCPF;24/03/2023;8;0,03;R
ES0000000000003409CCPF;24/03/2023;9;0,797;R
ES0000000000003409CCPF;24/03/2023;10;1,192;R
ES0000000000003409CCPF;24/03/2023;11;0,5;R
ES0000000000003409CCPF;24/03/2023;12;0,803;R
ES0000000000003409CCPF;24/03/2023;13;0,476;R
ES0000000000003409CCPF;24/03/2023;14;0,051;R
ES0000000000003409CCPF;24/03/2023;15;0,546;R
ES0000000000003409CCPF;24/03/2023;16;1,403;R
ES0000000000003409CCPF;24/03/2023;17;0,368;R
ES0000000000003409CCPF;24/03/2023;18;0,032;R
ES0000000000003409CCPF;24/03/2023;19;0,03;R
ES0000000000003409CCPF;24/03/2023;20;0,034;R
ES0000000000003409CCPF;24/03/2023;21;0,032;R
ES0000000000003409CCPF;24/03/2023;22;0,024;R
ES0000000000003409CCPF;24/03/2023;23;0,03;R
ES0000000000003409CCPF;25/03/2023;0;0,034;R
ES0000000000003409CCPF;25/03/2023;1;0,051;R
ES0000000000003409CCPF;25/03/2023;2;1,079;R
ES0000000000003409CCPF;25/03/2023;3;0,03;R
ES0000000000003409CCPF;25/03/2023;4;0,033;R
ES0000000000003409CCPF;25/03/2023;5;0,025;R
ES0000000000003409CCPF;25/03/2023;6;0,027;R
ES0000000000003409CCPF;25/03/2023;7;0,033;R
ES0000000000003409CCPF;25/03/2023;8;0,029;R
ES0000000000003409CCPF;25/03/2023;9;0,03;R
ES0000000000003409CCPF;25/03/2023;10;0,027;R
ES0000000000003409CCPF;25/03/2023;11;0,1;R
ES0000000000003409CCPF;25/03/2023;12;0,363;R
ES0000000000003409CCPF;25/03/2023;13;1,395;R
ES0000000000003409CCPF;25/03/2023;14;0,399;R
ES0000000000003409CCPF;25/03/2023;15;0,668;R
ES0000000000003409CCPF;25/03/2023;16;0,178;R
ES0000000000003409CCPF;25/03/2023;17;0,883;R
ES0000000000003409CCPF;25/03/2023;18;1,128;R
ES0000000000003409CCPF;25/03/2023;19;0,466;R
ES0000000000003409CCPF;25/03/2023;20;0,18;R
ES0000000000003409CCPF;25/03/2023;21;0,337;R
ES0000000000003409CCPF;25/03/2023;22;0,334;R
ES0000000000003409CCPF;25/03/2023;23;1,67;R
ES0000000000003409CCPF;26/03/2023;0;1,574;R
ES0000000000003409CCPF;26/03/2023;1;0,134;R
ES0000000000003409CCPF;26/03/2023;3;0,041;R
ES0000000000003409CCPF;26/03/2023;4;0,454;R
ES0000000000003409CCPF;26/03/2023;5;0,085;R
ES0000000000003409CCPF;26/03/2023;6;0,053;R
ES0000000000003409CCPF;26/03/2023;7;0,04;R
ES0000000000003409CCPF;26/03/2023;8;0,027;R
ES0000000000003409CCPF;26/03/2023;9;0,034;R
ES0000000000003409CCPF;26/03/2023;10;0,036;R
ES0000000000003409CCPF;26/03/2023;11;0,034;R
ES0000000000003409CCPF;26/03/2023;12;0,54;R
ES0000000000003409CCPF;26/03/2023;13;0,286;R
ES0000000000003409CCPF;26/03/2023;14;0,146;R
ES0000000000003409CCPF;26/03/2023;15;1,036;R
ES0000000000003409CCPF;26/03/2023;16;0,074;R
ES0000000000003409CCPF;26/03/2023;17;0,767;R
ES0000000000003409CCPF;26/03/2023;18;0,984;R
ES0000000000003409CCPF;26/03/2023;19;0,162;R
ES0000000000003409CCPF;26/03/2023;20;0,072;R
ES0000000000003409CCPF;26/03/2023;21;0,338;R
ES0000000000003409CCPF;26/03/2023;22;0,173;R
ES0000000000003409CCPF;26/03/2023;23;0,542;R
ES0000000000003409CCPF;27/03/2023;0;0,969;R
ES0000000000003409CCPF;27/03/2023;1;0,043;R
ES0000000000003409CCPF;27/03/2023;2;0,044;R
ES0000000000003409CCPF;27/03/2023;3;0,028;R
ES0000000000003409CCPF;27/03/2023;4;0,035;R
ES0000000000003409CCPF;27/03/2023;5;0,033;R
ES0000000000003409CCPF;27/03/2023;6;0,033;R
ES0000000000003409CCPF;27/03/2023;7;0,032;R
ES0000000000003409CCPF;27/03/2023;8;0,027;R
ES0000000000003409CCPF;27/03/2023;9;0,175;R
ES0000000000003409CCPF;27/03/2023;10;0,1;R
ES0000000000003409CCPF;27/03/2023;11;0,051;R
ES0000000000003409CCPF;27/03/2023;12;0,039;R
ES0000000000003409CCPF;27/03/2023;13;0,047;R
ES0000000000003409CCPF;27/03/2023;14;0,109;R
ES0000000000003409CCPF;27/03/2023;15;0,331;R
ES0000000000003409CCPF;27/03/2023;16;0,702;R
ES0000000000003409CCPF;27/03/2023;17;0,031;R
ES0000000000003409CCPF;27/03/2023;18;0,033;R
ES0000000000003409CCPF;27/03/2023;19;0,057;R
ES0000000000003409CCPF;27/03/2023;20;0,717;R
ES0000000000003409CCPF;27/03/2023;21;0,904;R
ES0000000000003409CCPF;27/03/2023;22;1,401;R
ES0000000000003409CCPF;27/03/2023;23;1,293;R
ES0000000000003409CCPF;28/03/2023;0;0,024;R
ES0000000000003409CCPF;28/03/2023;1;0,033;R
ES0000000000003409CCPF;28/03/2023;2;0,027;R
ES0000000000003409CCPF;28/03/2023;3;0,033;R
ES0000000000003409CCPF;28/03/2023;4;0,032;R
ES0000000000003409CCPF;28/03/2023;5;0,083;R
ES0000000000003409CCPF;28/03/2023;6;0,056;R
ES0000000000003409CCPF;28/03/2023;7;0,035;R
ES0000000000003409CCPF;28/03/2023;8;0,074;R
ES0000000000003409CCPF;28/03/2023;9;1,42;R
ES0000000000003409CCPF;28/03/2023;10;0,078;R
ES0000000000003409CCPF;28/03/2023;11;0,067;R
ES0000000000003409CCPF;28/03/2023;12;0,034;R
ES0000000000003409CCPF;28/03/2023;13;0,339;R
ES0000000000003409CCPF;28/03/2023;14;1,023;R
ES0000000000003409CCPF;28/03/2023;15;0,184;R
ES0000000000003409CCPF;28/03/2023;16;0,031;R
ES0000000000003409CCPF;28/03/2023;17;0,032;R
ES0000000000003409CCPF;28/03/2023;18;0,053;R
ES0000000000003409CCPF;28/03/2023;19;0,058;R
ES0000000000003409CCPF;28/03/2023;20;0,055;R
ES0000000000003409CCPF;28/03/2023;21;0,227;R
ES0000000000003409CCPF;28/03/2023;22;1,561;R
ES0000000000003409CCPF;28/03/2023;23;1,413;R
ES0000000000003409CCPF;29/03/2023;0;0,068;R
ES0000000000003409CCPF;29/03/2023;1;0,047;R
ES0000000000003409CCPF;29/03/2023;2;0,038;R
ES0000000000003409CCPF;29/03/2023;3;0,026;R
ES0000000000003409CCPF;29/03/2023;4;0,032;R
ES0000000000003409CCPF;29/03/2023;5;0,028;R
ES0000000000003409CCPF;29/03/2023;6;0,032;R
ES0000000000003409CCPF;29/03/2023;7;0,031;R
ES0000000000003409CCPF;29/03/2023;8;0,073;R
ES0000000000003409CCPF;29/03/2023;9;0,108;R
ES0000000000003409CCPF;29/03/2023;10;0,294;R
ES0000000000003409CCPF;29/03/2023;11;1,711;R
ES0000000000003409CCPF;29/03/2023;12;0,137;R
ES0000000000003409CCPF;29/03/2023;13;0,579;R
ES0000000000003409CCPF;29/03/2023;14;0,033;R
ES0000000000003409CCPF;29/03/2023;15;0,025;R
ES0000000000003409CCPF;29/03/2023;16;0,033;R
ES0000000000003409CCPF;29/03/2023;17;0,031;R
ES0000000000003409CCPF;29/03/2023;18;0,033;R
ES0000000000003409CCPF;29/03/2023;19;0,048;R
ES0000000000003409CCPF;29/03/2023;20;0,686;R
ES0000000000003409CCPF;29/03/2023;21;0,904;R
ES0000000000003409CCPF;29/03/2023;22;1,021;R
ES0000000000003409CCPF;29/03/2023;23;0,3;R
ES0000000000003409CCPF;30/03/2023;0;0,093;R
ES0000000000003409CCPF;30/03/2023;1;0,071;R
ES0000000000003409CCPF;30/03/2023;2;0,032;R
ES0000000000003409CCPF;30/03/2023;3;0,033;R
ES0000000000003409CCPF;30/03/2023;4;0,033;R
ES0000000000003409CCPF;30/03/2023;5;0,032;R
ES0000000000003409CCPF;30/03/2023;6;0,028;R
ES0000000000003409CCPF;30/03/2023;7;0,03;R
ES0000000000003409CCPF;30/03/2023;8;0,117;R
ES0000000000003409CCPF;30/03/2023;9;0,899;R
ES0000000000003409CCPF;30/03/2023;10;0,476;R
ES0000000000003409CCPF;30/03/2023;11;0,04;R
ES0000000000003409CCPF;30/03/2023;12;0,025;R
ES0000000000003409CCPF;30/03/2023;13;0,079;R
ES0000000000003409CCPF;30/03/2023;14;0,033;R
ES0000000000003409CCPF;30/03/2023;15;1,391;R
ES0000000000003409CCPF;30/03/2023;16;0,053;R
ES0000000000003409CCPF;30/03/2023;17;0,031;R
ES0000000000003409CCPF;30/03/2023;18;0,024;R
ES0000000000003409CCPF;30/03/2023;19;0,06;R
ES0000000000003409CCPF;30/03/2023;20;0,591;R
ES0000000000003409CCPF;30/03/2023;21;0,131;R
ES0000000000003409CCPF;30/03/2023;22;1,426;R
ES0000000000003409CCPF;30/03/2023;23;1,631;R
ES0000000000003409CCPF;31/03/2023;0;0,196;R
ES0000000000003409CCPF;31/03/2023;1;0,036;R
ES0000000000003409CCPF;31/03/2023;2;0,032;R
ES0000000000003409CCPF;31/03/2023;3;0,038;R
ES0000000000003409CCPF;31/03/2023;4;0,035;R
ES0000000000003409CCPF;31/03/2023;5;0,036;R
ES0000000000003409CCPF;31/03/2023;6;0,031;R
ES0000000000003409CCPF;31/03/2023;7;0,027;R
ES0000000000003409CCPF;31/03/2023;8;0,099;R
ES0000000000003409CCPF;31/03/2023;9;0,393;R
ES0000000000003409CCPF;31/03/2023;10;0,684;R
ES0000000000003409CCPF;31/03/2023;11;0,165;R
ES0000000000003409CCPF;31/03/2023;12;1,561;R
ES0000000000003409CCPF;31/03/2023;13;1,418;R
ES0000000000003409CCPF;31/03/2023;14;0,441;R
ES0000000000003409CCPF;31/03/2023;15;0,024;R
ES0000000000003409CCPF;31/03/2023;16;0,032;R
ES0000000000003409CCPF;31/03/2023;17;0,029;R
ES0000000000003409CCPF;31/03/2023;18;0,033;R
ES0000000000003409CCPF;31/03/2023;19;0,032;R
ES0000000000003409CCPF;31/03/2023;20;0,029;R
ES0000000000003409CCPF;31/03/2023;21;0,031;R
ES0000000000003409CCPF;31/03/2023;22;0,024;R
ES0000000000003409CCPF;31/03/2023;23;0,033;R
ES0000000000003409CCPF;01/04/2023;0;0,032;R
ES0000000000003409CCPF;01/04/2023;1;0,032;R
ES0000000000003409CCPF;01/04/2023;2;0,032;R
ES0000000000003409CCPF;01/04/2023;3;0,025;R
ES0000000000003409CCPF;01/04/2023;4;0,031;R
ES0000000000003409CCPF;01/04/2023;5;0,028;R
ES0000000000003409CCPF;01/04/2023;6;0,053;R
ES0000000000003409CCPF;01/04/2023;7;0,078;R
ES0000000000003409CCPF;01/04/2023;8;0,035;R
ES0000000000003409CCPF;01/04/2023;9;0,037;R
ES0000000000003409CCPF;01/04/2023;10;0,031;R
ES0000000000003409CCPF;01/04/2023;11;0,033;R
ES0000000000003409CCPF;01/04/2023;12;0,029;R
ES0000000000003409CCPF;01/04/2023;13;0,034;R
ES0000000000003409CCPF;01/04/2023;14;0,024;R
ES0000000000003409CCPF;01/04/2023;15;0,033;R
ES0000000000003409CCPF;01/04/2023;16;0,025;R
ES0000000000003409CCPF;01/04/2023;17;0,033;R
ES0000000000003409CCPF;01/04/2023;18;0,027;R
ES0000000000003409CCPF;01/04/2023;19;0,032;R
ES0000000000003409CCPF;01/04/2023;20;0,031;R
ES0000000000003409CCPF;01/04/2023;21;0,031;R
ES0000000000003409CCPF;01/04/2023;22;0,031;R
ES0000000000003409CCPF;01/04/2023;23;0,03;R
ES0000000000003409CCPF;02/04/2023;0;0,025;R
ES0000000000003409CCPF;02/04/2023;1;0,032;R
ES0000000000003409CCPF;02/04/2023;2;0,46;R
ES0000000000003409CCPF;02/04/2023;3;0,215;R
ES0000000000003409CCPF;02/04/2023;4;0,027;R
ES0000000000003409CCPF;02/04/2023;5;0,031;R
ES0000000000003409CCPF;02/04/2023;6;0,031;R
ES0000000000003409CCPF;02/04/2023;7;0,03;R
ES0000000000003409CCPF;02/04/2023;8;0,031;R
ES0000000000003409CCPF;02/04/2023;9;0,029;R
ES0000000000003409CCPF;02/04/2023;10;0,031;R
ES0000000000003409CCPF;02/04/2023;11;0,024;R
ES0000000000003409CCPF;02/04/2023;12;0,024;R
ES0000000000003409CCPF;02/04/2023;13;0,034;R
ES0000000000003409CCPF;02/04/2023;14;0,024;R
ES0000000000003409CCPF;02/04/2023;15;0,029;R
ES0000000000003409CCPF;02/04/2023;16;0,031;R
ES0000000000003409CCPF;02/04/2023;17;0,03;R
ES0000000000003409CCPF;02/04/2023;18;0,031;R
ES0000000000003409CCPF;02/04/2023;19;0,031;R
ES0000000000003409CCPF;02/04/2023;20;0,031;R
ES0000000000003409CCPF;02/04/2023;21;0,024;R
ES0000000000003409CCPF;02/04/2023;22;0,032;R
ES0000000000003409CCPF;02/04/2023;23;0,025;R
ES0000000000003409CCPF;03/04/2023;0;0,024;R
ES0000000000003409CCPF;03/04/2023;1;0,033;R
ES0000000000003409CCPF;03/04/2023;2;0,029;R
ES0000000000003409CCPF;03/04/2023;3;0,03;R
ES0000000000003409CCPF;03/04/2023;4;0,03;R
ES0000000000003409CCPF;03/04/2023;5;0,028;R
ES0000000000003409CCPF;03/04/2023;6;0,032;R
ES0000000000003409CCPF;03/04/2023;7;0,026;R
ES0000000000003409CCPF;03/04/2023;8;0,024;R
ES0000000000003409CCPF;03/04/2023;9;0,033;R
ES0000000000003409CCPF;03/04/2023;10;0,272;R
ES0000000000003409CCPF;03/04/2023;11;0,452;R
ES0000000000003409CCPF;03/04/2023;12;0,031;R
ES0000000000003409CCPF;03/04/2023;13;0,03;R
ES0000000000003409CCPF;03/04/2023;14;0,03;R
ES0000000000003409CCPF;03/04/2023;15;0,03;R
ES0000000000003409CCPF;03/04/2023;16;0,027;R
ES0000000000003409CCPF;03/04/2023;17;0,032;R
ES0000000000003409CCPF;03/04/2023;18;0,025;R
ES0000000000003409CCPF;03/04/2023;19;0,024;R
ES0000000000003409CCPF;03/04/2023;20;0,034;R
ES0000000000003409CCPF;03/04/2023;21;0,024;R
ES0000000000003409CCPF;03/04/2023;22;0,026;R
ES0000000000003409CCPF;03/04/2023;23;0,032;R
ES0000000000003409CCPF;04/04/2023;0;0,029;R
ES0000000000003409CCPF;04/04/2023;1;0,031;R
ES0000000000003409CCPF;04/04/2023;2;0,029;R
ES0000000000003409CCPF;04/04/2023;3;0,03;R
ES0000000000003409CCPF;04/04/2023;4;0,027;R
ES0000000000003409CCPF;04/04/2023;5;0,024;R
ES0000000000003409CCPF;04/04/2023;6;0,033;R
ES0000000000003409CCPF;04/04/2023;7;0,024;R
ES0000000000003409CCPF;04/04/2023;8;0,024;R
ES0000000000003409CCPF;04/04/2023;9;0,033;R
ES0000000000003409CCPF;04/04/2023;10;0,095;R
ES0000000000003409CCPF;04/04/2023;11;0,054;R
ES0000000000003409CCPF;04/04/2023;12;0,036;R
ES0000000000003409CCPF;04/04/2023;13;0,034;R
ES0000000000003409CCPF;04/04/2023;14;0,029;R
ES0000000000003409CCPF;04/04/2023;15;0,032;R
ES0000000000003409CCPF;04/04/2023;16;0,023;R
ES0000000000003409CCPF;04/04/2023;17;0,029;R
ES0000000000003409CCPF;04/04/2023;18;0,031;R
ES0000000000003409CCPF;04/04/2023;19;0,031;R
ES0000000000003409CCPF;04/04/2023;20;0,621;R
ES0000000000003409CCPF;04/04/2023;21;0,031;R
ES0000000000003409CCPF;04/04/2023;22;0,028;R
ES0000000000003409CCPF;04/04/2023;23;0,031;R
ES0000000000003409CCPF;05/04/2023;0;0,024;R
ES0000000000003409CCPF;05/04/2023;1;0,024;R
ES0000000000003409CCPF;05/04/2023;2;0,033;R
ES0000000000003409CCPF;05/04/2023;3;0,026;R
ES0000000000003409CCPF;05/04/2023;4;0,03;R
ES0000000000003409CCPF;05/04/2023;5;0,031;R
ES0000000000003409CCPF;05/04/2023;6;0,029;R
ES0000000000003409CCPF;05/04/2023;7;0,03;R
ES0000000000003409CCPF;05/04/2023;8;0,027;R
ES0000000000003409CCPF;05/04/2023;9;0,024;R
ES0000000000003409CCPF;05/04/2023;10;0,032;R
ES0000000000003409CCPF;05/04/2023;11;0,024;R
ES0000000000003409CCPF;05/04/2023;12;0,027;R
ES0000000000003409CCPF;05/04/2023;13;0,03;R
ES0000000000003409CCPF;05/04/2023;14;0,03;R
ES0000000000003409CCPF;05/04/2023;15;0,03;R
ES0000000000003409CCPF;05/04/2023;16;0,027;R
ES0000000000003409CCPF;05/04/2023;17;0,032;R
ES0000000000003409CCPF;05/04/2023;18;0,025;R
ES0000000000003409CCPF;05/04/2023;19;0,024;R
ES0000000000003409CCPF;05/04/2023;20;0,033;R
ES0000000000003409CCPF;05/04/2023;21;0,025;R
ES0000000000003409CCPF;05/04/2023;22;0,03;R
ES0000000000003409CCPF;05/04/2023;23;0,028;R
ES0000000000003409CCPF;06/04/2023;0;0,03;R
ES0000000000003409CCPF;06/04/2023;1;0,03;R
ES0000000000003409CCPF;06/04/2023;2;0,63;R
ES0000000000003409CCPF;06/04/2023;3;0,03;R
ES0000000000003409CCPF;06/04/2023;4;0,027;R
ES0000000000003409CCPF;06/04/2023;5;0,024;R
ES0000000000003409CCPF;06/04/2023;6;0,032;R
ES0000000000003409CCPF;06/04/2023;7;0,024;R
ES0000000000003409CCPF;06/04/2023;8;0,026;R
ES0000000000003409CCPF;06/04/2023;9;0,031;R
ES0000000000003409CCPF;06/04/2023;10;0,029;R
ES0000000000003409CCPF;06/04/2023;11;0,03;R
ES0000000000003409CCPF;06/04/2023;12;0,03;R
ES0000000000003409CCPF;06/04/2023;13;0,024;R
ES0000000000003409CCPF;06/04/2023;14;0,029;R
ES0000000000003409CCPF;06/04/2023;15;0,024;R
ES0000000000003409CCPF;06/04/2023;16;0,026;R
ES0000000000003409CCPF;06/04/2023;17;0,031;R
ES0000000000003409CCPF;06/04/2023;18;0,029;R
ES0000000000003409CCPF;06/04/2023;19;0,03;R
ES0000000000003409CCPF;06/04/2023;20;0,028;R
ES0000000000003409CCPF;06/04/2023;21;0,023;R
ES0000000000003409CCPF;06/04/2023;22;0,032;R
ES0000000000003409CCPF;06/04/2023;23;0,023;R
ES0000000000003409CCPF;07/04/2023;0;0,029;R
ES0000000000003409CCPF;07/04/2023;1;0,03;R
ES0000000000003409CCPF;07/04/2023;2;0,029;R
ES0000000000003409CCPF;07/04/2023;3;0,031;R
ES0000000000003409CCPF;07/04/2023;4;0,025;R
ES0000000000003409CCPF;07/04/2023;5;0,024;R
ES0000000000003409CCPF;07/04/2023;6;0,03;R
ES0000000000003409CCPF;07/04/2023;7;0,024;R
ES0000000000003409CCPF;07/04/2023;8;0,619;R
ES0000000000003409CCPF;07/04/2023;9;0,03;R
ES0000000000003409CCPF;07/04/2023;10;0,029;R
ES0000000000003409CCPF;07/04/2023;11;0,03;R
ES0000000000003409CCPF;07/04/2023;12;0,023;R
ES0000000000003409CCPF;07/04/2023;13;0,024;R
ES0000000000003409CCPF;07/04/2023;14;0,077;R
ES0000000000003409CCPF;07/04/2023;15;0,072;R
ES0000000000003409CCPF;07/04/2023;16;0,035;R
ES0000000000003409CCPF;07/04/2023;17;0,035;R
ES0000000000003409CCPF;07/04/2023;18;0,033;R
ES0000000000003409CCPF;07/04/2023;19;0,032;R
ES0000000000003409CCPF;07/04/2023;20;0,031;R
ES0000000000003409CCPF;07/04/2023;21;0,025;R
ES0000000000003409CCPF;07/04/2023;22;0,029;R
ES0000000000003409CCPF;07/04/2023;23;0,025;R
ES0000000000003409CCPF;08/04/2023;0;0,032;R
ES0000000000003409CCPF;08/04/2023;1;0,03;R
ES0000000000003409CCPF;08/04/2023;2;0,031;R
ES0000000000003409CCPF;08/04/2023;3;0,031;R
ES0000000000003409CCPF;08/04/2023;4;0,029;R
ES0000000000003409CCPF;08/04/2023;5;0,031;R
ES0000000000003409CCPF;08/04/2023;6;0,027;R
ES0000000000003409CCPF;08/04/2023;7;0,03;R
ES0000000000003409CCPF;08/04/2023;8;0,024;R
ES0000000000003409CCPF;08/04/2023;9;0,031;R
ES0000000000003409CCPF;08/04/2023;10;0,024;R
ES0000000000003409CCPF;08/04/2023;11;0,031;R
ES0000000000003409CCPF;08/04/2023;12;0,028;R
ES0000000000003409CCPF;08/04/2023;13;0,031;R
ES0000000000003409CCPF;08/04/2023;14;0,03;R
ES0000000000003409CCPF;08/04/2023;15;0,626;R
ES0000000000003409CCPF;08/04/2023;16;0,029;R
ES0000000000003409CCPF;08/04/2023;17;0,03;R
ES0000000000003409CCPF;08/04/2023;18;0,024;R
ES0000000000003409CCPF;08/04/2023;19;0,032;R
ES0000000000003409CCPF;08/04/2023;20;0,024;R
ES0000000000003409CCPF;08/04/2023;21;0,033;R
ES0000000000003409CCPF;08/04/2023;22;0,027;R
ES0000000000003409CCPF;08/04/2023;23;0,032;R
ES0000000000003409CCPF;09/04/2023;0;0,031;R
ES0000000000003409CCPF;09/04/2023;1;0,03;R
ES0000000000003409CCPF;09/04/2023;2;0,031;R
ES0000000000003409CCPF;09/04/2023;3;0,03;R
ES0000000000003409CCPF;09/04/2023;4;0,031;R
ES0000000000003409CCPF;09/04/2023;5;0,026;R
ES0000000000003409CCPF;09/04/2023;6;0,032;R
ES0000000000003409CCPF;09/04/2023;7;0,025;R
ES0000000000003409CCPF;09/04/2023;8;0,031;R
ES0000000000003409CCPF;09/04/2023;9;0,024;R
ES0000000000003409CCPF;09/04/2023;10;0,031;R
ES0000000000003409CCPF;09/04/2023;11;0,03;R
ES0000000000003409CCPF;09/04/2023;12;0,031;R
ES0000000000003409CCPF;09/04/2023;13;0,031;R
ES0000000000003409CCPF;09/04/2023;14;0,03;R
ES0000000000003409CCPF;09/04/2023;15;0,031;R
ES0000000000003409CCPF;09/04/2023;16;0,028;R
ES0000000000003409CCPF;09/04/2023;17;0,032;R
ES0000000000003409CCPF;09/04/2023;18;0,024;R
ES0000000000003409CCPF;09/04/2023;19;0,033;R
ES0000000000003409CCPF;09/04/2023;20;0,67;R
ES0000000000003409CCPF;09/04/2023;21;1,216;R
ES0000000000003409CCPF;09/04/2023;22;0,092;R
ES0000000000003409CCPF;09/04/2023;23;0,566;R
ES0000000000003409CCPF;10/04/2023;0;1,047;R
ES0000000000003409CCPF;10/04/2023;1;0,025;R
ES0000000000003409CCPF;10/04/2023;2;0,039;R
ES0000000000003409CCPF;10/04/2023;3;0,026;R
ES0000000000003409CCPF;10/04/2023;4;0,033;R
ES0000000000003409CCPF;10/04/2023;5;0,034;R
ES0000000000003409CCPF;10/04/2023;6;0,045;R
ES0000000000003409CCPF;10/04/2023;7;0,04;R
ES0000000000003409CCPF;10/04/2023;8;0,094;R
ES0000000000003409CCPF;10/04/2023;9;0,341;R
ES0000000000003409CCPF;10/04/2023;10;0,932;R
ES0000000000003409CCPF;10/04/2023;11;0,31;R
ES0000000000003409CCPF;10/04/2023;12;0,954;R
ES0000000000003409CCPF;10/04/2023;13;0,678;R
ES0000000000003409CCPF;10/04/2023;14;0,915;R
ES0000000000003409CCPF;10/04/2023;15;0,64;R
ES0000000000003409CCPF;10/04/2023;16;0,058;R
ES0000000000003409CCPF;10/04/2023;17;0,047;R
ES0000000000003409CCPF;10/04/2023;18;0,041;R
ES0000000000003409CCPF;10/04/2023;19;0,147;R
ES0000000000003409CCPF;10/04/2023;20;0,04;R
ES0000000000003409CCPF;10/04/2023;21;0,973;R
ES0000000000003409CCPF;10/04/2023;22;0,786;R
ES0000000000003409CCPF;10/04/2023;23;0,054;R
ES0000000000003409CCPF;11/04/2023;0;0,034;R
ES0000000000003409CCPF;11/04/2023;1;0,035;R
ES0000000000003409CCPF;11/04/2023;2;0,025;R
ES0000000000003409CCPF;11/04/2023;3;0,033;R
ES0000000000003409CCPF;11/04/2023;4;0,033;R
ES0000000000003409CCPF;11/04/2023;5;0,044;R
ES0000000000003409CCPF;11/04/2023;6;0,089;R
ES0000000000003409CCPF;11/04/2023;7;0,116;R
ES0000000000003409CCPF;11/04/2023;8;0,059;R
ES0000000000003409CCPF;11/04/2023;9;0,083;R
ES0000000000003409CCPF;11/04/2023;10;0,045;R
ES0000000000003409CCPF;11/04/2023;11;0,203;R
ES0000000000003409CCPF;11/04/2023;12;0,061;R
ES0000000000003409CCPF;11/04/2023;13;0,025;R
ES0000000000003409CCPF;11/04/2023;14;0,035;R
ES0000000000003409CCPF;11/04/2023;15;0,029;R
ES0000000000003409CCPF;11/04/2023;16;0,033;R
ES0000000000003409CCPF;11/04/2023;17;0,034;R
ES0000000000003409CCPF;11/04/2023;18;0,03;R
ES0000000000003409CCPF;11/04/2023;19;0,033;R
ES0000000000003409CCPF;11/04/2023;20;0,025;R
ES0000000000003409CCPF;11/04/2023;21;0,034;R
ES0000000000003409CCPF;11/04/2023;22;0,148;R
ES0000000000003409CCPF;11/04/2023;23;0,033;R
ES0000000000003409CCPF;12/04/2023;0;0,032;R
ES0000000000003409CCPF;12/04/2023;1;0,027;R
ES0000000000003409CCPF;12/04/2023;2;0,034;R
ES0000000000003409CCPF;12/04/2023;3;0,091;R
ES0000000000003409CCPF;12/04/2023;4;0,059;R
ES0000000000003409CCPF;12/04/2023;5;0,036;R
ES0000000000003409CCPF;12/04/2023;6;0,035;R
ES0000000000003409CCPF;12/04/2023;7;0,035;R
ES0000000000003409CCPF;12/04/2023;8;0,033;R
ES0000000000003409CCPF;12/04/2023;9;0,107;R
ES0000000000003409CCPF;12/04/2023;10;0,255;R
ES0000000000003409CCPF;12/04/2023;11;2,081;R
ES0000000000003409CCPF;12/04/2023;12;1,068;R
ES0000000000003409CCPF;12/04/2023;13;0,828;R
ES0000000000003409CCPF;12/04/2023;14;0,025;R
ES0000000000003409CCPF;12/04/2023;15;0,035;R
ES0000000000003409CCPF;12/04/2023;16;0,027;R
ES0000000000003409CCPF;12/04/2023;17;0,035;R
ES0000000000003409CCPF;12/04/2023;18;0,033;R
ES0000000000003409CCPF;12/04/2023;19;0,033;R
ES0000000000003409CCPF;12/04/2023;20;0,034;R
ES0000000000003409CCPF;12/04/2023;21;0,025;R
ES0000000000003409CCPF;12/04/2023;22;0,04;R
ES0000000000003409CCPF;12/04/2023;23;0,05;R
ES0000000000003409CCPF;13/04/2023;0;0,092;R
ES0000000000003409CCPF;13/04/2023;1;0,065;R
ES0000000000003409CCPF;13/04/2023;2;0,478;R
ES0000000000003409CCPF;13/04/2023;3;0,058;R
ES0000000000003409CCPF;13/04/2023;4;0,036;R
ES0000000000003409CCPF;13/04/2023;5;0,034;R
ES0000000000003409CCPF;13/04/2023;6;0,035;R
ES0000000000003409CCPF;13/04/2023;7;0,032;R
ES0000000000003409CCPF;13/04/2023;8;0,035;R
ES0000000000003409CCPF;13/04/2023;9;0,025;R
ES0000000000003409CCPF;13/04/2023;10;0,08;R
ES0000000000003409CCPF;13/04/2023;11;0,135;R
ES0000000000003409CCPF;13/04/2023;12;0,044;R
ES0000000000003409CCPF;13/04/2023;13;0,091;R
ES0000000000003409CCPF;13/04/2023;14;0,034;R
ES0000000000003409CCPF;13/04/2023;15;0,216;R
ES0000000000003409CCPF;13/04/2023;16;1,903;R
ES0000000000003409CCPF;13/04/2023;17;1,409;R
ES0000000000003409CCPF;13/04/2023;18;0,179;R
ES0000000000003409CCPF;13/04/2023;19;0,034;R
ES0000000000003409CCPF;13/04/2023;20;0,034;R
ES0000000000003409CCPF;13/04/2023;21;0,119;R
ES0000000000003409CCPF;13/04/2023;22;0,797;R
ES0000000000003409CCPF;13/04/2023;23;0,104;R
ES0000000000003409CCPF;14/04/2023;0;0,068;R
ES0000000000003409CCPF;14/04/2023;1;0,073;R
ES0000000000003409CCPF;14/04/2023;2;0,053;R
ES0000000000003409CCPF;14/04/2023;3;0,024;R
ES0000000000003409CCPF;14/04/2023;4;0,033;R
ES0000000000003409CCPF;14/04/2023;5;0,028;R
ES0000000000003409CCPF;14/04/2023;6;0,033;R
ES0000000000003409CCPF;14/04/2023;7;0,031;R
ES0000000000003409CCPF;14/04/2023;8;0,024;R
ES0000000000003409CCPF;14/04/2023;9;0,034;R
ES0000000000003409CCPF;14/04/2023;10;0,067;R
ES0000000000003409CCPF;14/04/2023;11;0,77;R
ES0000000000003409CCPF;14/04/2023;12;0,346;R
ES0000000000003409CCPF;14/04/2023;13;0,775;R
ES0000000000003409CCPF;14/04/2023;14;0,034;R
ES0000000000003409CCPF;14/04/2023;15;0,033;R
ES0000000000003409CCPF;14/04/2023;16;0,031;R
ES0000000000003409CCPF;14/04/2023;17;0,031;R
ES0000000000003409CCPF;14/04/2023;18;0,024;R
ES0000000000003409CCPF;14/04/2023;19;0,033;R
ES0000000000003409CCPF;14/04/2023;20;0,032;R
ES0000000000003409CCPF;14/04/2023;21;0,033;R
ES0000000000003409CCPF;14/04/2023;22;0,036;R
ES0000000000003409CCPF;14/04/2023;23;0,102;R
ES0000000000003409CCPF;15/04/2023;0;0,061;R
ES0000000000003409CCPF;15/04/2023;1;0,876;R
ES0000000000003409CCPF;15/04/2023;2;0,103;R
ES0000000000003409CCPF;15/04/2023;3;0,049;R
ES0000000000003409CCPF;15/04/2023;4;0,032;R
ES0000000000003409CCPF;15/04/2023;5;0,032;R
ES0000000000003409CCPF;15/04/2023;6;0,024;R
ES0000000000003409CCPF;15/04/2023;7;0,033;R
ES0000000000003409CCPF;15/04/2023;8;0,034;R
ES0000000000003409CCPF;15/04/2023;9;0,032;R
ES0000000000003409CCPF;15/04/2023;10;0,079;R
ES0000000000003409CCPF;15/04/2023;11;0,878;R
ES0000000000003409CCPF;15/04/2023;12;0,118;R
ES0000000000003409CCPF;15/04/2023;13;0,054;R
ES0000000000003409CCPF;15/04/2023;14;0,162;R
ES0000000000003409CCPF;15/04/2023;15;0,051;R
ES0000000000003409CCPF;15/04/2023;16;0,145;R
ES0000000000003409CCPF;15/04/2023;17;0,171;R
ES0000000000003409CCPF;15/04/2023;18;0,12;R
ES0000000000003409CCPF;15/04/2023;19;0,106;R
ES0000000000003409CCPF;15/04/2023;20;0,039;R
ES0000000000003409CCPF;15/04/2023;21;0,035;R
ES0000000000003409CCPF;15/04/2023;22;0,799;R
ES0000000000003409CCPF;15/04/2023;23;0,64;R
ES0000000000003409CCPF;16/04/2023;0;0,055;R
ES0000000000003409CCPF;16/04/2023;1;0,036;R
ES0000000000003409CCPF;16/04/2023;2;0,035;R
ES0000000000003409CCPF;16/04/2023;3;0,052;R
ES0000000000003409CCPF;16/04/2023;4;0,027;R
ES0000000000003409CCPF;16/04/2023;5;0,031;R
ES0000000000003409CCPF;16/04/2023;6;0,031;R
ES0000000000003409CCPF;16/04/2023;7;0,032;R
ES0000000000003409CCPF;16/04/2023;8;0,033;R
ES0000000000003409CCPF;16/04/2023;9;0,032;R
ES0000000000003409CCPF;16/04/2023;10;0,033;R
ES0000000000003409CCPF;16/04/2023;11;1,284;R
ES0000000000003409CCPF;16/04/2023;12;0,243;R
ES0000000000003409CCPF;16/04/2023;13;0,072;R
ES0000000000003409CCPF;16/04/2023;14;0,076;R
ES0000000000003409CCPF;16/04/2023;15;1,724;R
ES0000000000003409CCPF;16/04/2023;16;0,151;R
ES0000000000003409CCPF;16/04/2023;17;0,078;R
ES0000000000003409CCPF;16/04/2023;18;1,309;R
ES0000000000003409CCPF;16/04/2023;19;0,609;R
ES0000000000003409CCPF;16/04/2023;20;0,132;R
ES0000000000003409CCPF;16/04/2023;21;0,996;R
ES0000000000003409CCPF;16/04/2023;22;1,052;R
ES0000000000003409CCPF;16/04/2023;23;0,062;R
ES0000000000003409CCPF;17/04/2023;0;0,03;R
ES0000000000003409CCPF;17/04/2023;1;0,036;R
ES0000000000003409CCPF;17/04/2023;2;0,036;R
ES0000000000003409CCPF;17/04/2023;3;0,032;R
ES0000000000003409CCPF;17/04/2023;4;0,034;R
ES0000000000003409CCPF;17/04/2023;5;0,034;R
ES0000000000003409CCPF;17/04/2023;6;0,033;R
ES0000000000003409CCPF;17/04/2023;7;0,034;R
ES0000000000003409CCPF;17/04/2023;8;0,029;R
ES0000000000003409CCPF;17/04/2023;9;0,114;R
ES0000000000003409CCPF;17/04/2023;10;0,084;R
ES0000000000003409CCPF;17/04/2023;11;0,081;R
ES0000000000003409CCPF;17/04/2023;12;0,045;R
ES0000000000003409CCPF;17/04/2023;13;0,034;R
ES0000000000003409CCPF;17/04/2023;14;0,035;R
ES0000000000003409CCPF;17/04/2023;15;0,035;R
ES0000000000003409CCPF;17/04/2023;16;0,035;R
ES0000000000003409CCPF;17/04/2023;17;0,032;R
ES0000000000003409CCPF;17/04/2023;18;0,035;R
ES0000000000003409CCPF;17/04/2023;19;0,119;R
ES0000000000003409CCPF;17/04/2023;20;0,926;R
ES0000000000003409CCPF;17/04/2023;21;1,313;R
ES0000000000003409CCPF;17/04/2023;22;1,3;R
ES0000000000003409CCPF;17/04/2023;23;1,564;R
ES0000000000003409CCPF;18/04/2023;0;0,592;R
ES0000000000003409CCPF;18/04/2023;1;0,035;R
ES0000000000003409CCPF;18/04/2023;2;0,034;R
ES0000000000003409CCPF;18/04/2023;3;0,035;R
ES0000000000003409CCPF;18/04/2023;4;0,034;R
ES0000000000003409CCPF;18/04/2023;5;0,033;R
ES0000000000003409CCPF;18/04/2023;6;0,034;R
ES0000000000003409CCPF;18/04/2023;7;0,033;R
ES0000000000003409CCPF;18/04/2023;8;0,034;R
ES0000000000003409CCPF;18/04/2023;9;0,167;R
ES0000000000003409CCPF;18/04/2023;10;0,094;R
ES0000000000003409CCPF;18/04/2023;11;0,031;R
ES0000000000003409CCPF;18/04/2023;12;0,492;R
ES0000000000003409CCPF;18/04/2023;13;0,03;R
ES0000000000003409CCPF;18/04/2023;14;0,963;R
ES0000000000003409CCPF;18/04/2023;15;0,906;R
ES0000000000003409CCPF;18/04/2023;16;0,04;R
ES0000000000003409CCPF;18/04/2023;17;0,037;R
ES0000000000003409CCPF;18/04/2023;18;0,031;R
ES0000000000003409CCPF;18/04/2023;19;0,054;R
ES0000000000003409CCPF;18/04/2023;20;0,497;R
ES0000000000003409CCPF;18/04/2023;21;0,193;R
ES0000000000003409CCPF;18/04/2023;22;0,16;R
ES0000000000003409CCPF;18/04/2023;23;1,342;R
ES0000000000003409CCPF;19/04/2023;0;0,921;R
ES0000000000003409CCPF;19/04/2023;1;0,031;R
ES0000000000003409CCPF;19/04/2023;2;0,036;R
ES0000000000003409CCPF;19/04/2023;3;0,028;R
ES0000000000003409CCPF;19/04/2023;4;0,035;R
ES0000000000003409CCPF;19/04/2023;5;0,034;R
ES0000000000003409CCPF;19/04/2023;6;0,066;R
ES0000000000003409CCPF;19/04/2023;7;0,071;R
ES0000000000003409CCPF;19/04/2023;8;0,102;R
ES0000000000003409CCPF;19/04/2023;9;0,848;R
ES0000000000003409CCPF;19/04/2023;10;0,14;R
ES0000000000003409CCPF;19/04/2023;11;0,977;R
ES0000000000003409CCPF;19/04/2023;12;0,92;R
ES0000000000003409CCPF;19/04/2023;13;0,738;R
ES0000000000003409CCPF;19/04/2023;14;1,878;R
ES0000000000003409CCPF;19/04/2023;15;1,054;R
ES0000000000003409CCPF;19/04/2023;16;0,042;R
ES0000000000003409CCPF;19/04/2023;17;0,031;R
ES0000000000003409CCPF;19/04/2023;18;0,044;R
ES0000000000003409CCPF;19/04/2023;19;0,036;R
ES0000000000003409CCPF;19/04/2023;20;0,139;R
ES0000000000003409CCPF;19/04/2023;21;0,608;R
ES0000000000003409CCPF;19/04/2023;22;0,906;R
ES0000000000003409CCPF;19/04/2023;23;0,143;R
ES0000000000003409CCPF;20/04/2023;0;0,061;R
ES0000000000003409CCPF;20/04/2023;1;0,058;R
ES0000000000003409CCPF;20/04/2023;2;0,036;R
ES0000000000003409CCPF;20/04/2023;3;0,035;R
ES0000000000003409CCPF;20/04/2023;4;0,031;R
ES0000000000003409CCPF;20/04/2023;5;0,037;R
ES0000000000003409CCPF;20/04/2023;6;0,026;R
ES0000000000003409CCPF;20/04/2023;7;0,036;R
ES0000000000003409CCPF;20/04/2023;8;0,107;R
ES0000000000003409CCPF;20/04/2023;9;0,238;R
ES0000000000003409CCPF;20/04/2023;10;0,036;R
ES0000000000003409CCPF;20/04/2023;11;0,033;R
ES0000000000003409CCPF;20/04/2023;12;0,039;R
ES0000000000003409CCPF;20/04/2023;13;0,351;R
ES0000000000003409CCPF;20/04/2023;14;0,098;R
ES0000000000003409CCPF;20/04/2023;15;1,467;R
ES0000000000003409CCPF;20/04/2023;16;0,709;R
ES0000000000003409CCPF;20/04/2023;17;0,035;R
ES0000000000003409CCPF;20/04/2023;18;0,045;R
ES0000000000003409CCPF;20/04/2023;19;0,061;R
ES0000000000003409CCPF;20/04/2023;20;0,055;R
ES0000000000003409CCPF;20/04/2023;21;0,604;R
ES0000000000003409CCPF;20/04/2023;22;0,942;R
ES0000000000003409CCPF;20/04/2023;23;1,478;R
ES0000000000003409CCPF;21/04/2023;0;0,784;R
ES0000000000003409CCPF;21/04/2023;1;0,06;R
ES0000000000003409CCPF;21/04/2023;2;0,037;R
ES0000000000003409CCPF;21/04/2023;3;0,038;R
ES0000000000003409CCPF;21/04/2023;4;0,038;R
ES0000000000003409CCPF;21/04/2023;5;0,03;R
ES0000000000003409CCPF;21/04/2023;6;0,034;R
ES0000000000003409CCPF;21/04/2023;7;0,037;R
ES0000000000003409CCPF;21/04/2023;8;0,118;R
ES0000000000003409CCPF;21/04/2023;9;0,182;R
ES0000000000003409CCPF;21/04/2023;10;0,04;R
ES0000000000003409CCPF;21/04/2023;11;0,034;R
ES0000000000003409CCPF;21/04/2023;12;0,16;R
ES0000000000003409CCPF;21/04/2023;13;0,066;R
ES0000000000003409CCPF;21/04/2023;14;0,042;R
ES0000000000003409CCPF;21/04/2023;15;0,035;R
ES0000000000003409CCPF;21/04/2023;16;0,11;R
ES0000000000003409CCPF;21/04/2023;17;0,035;R
ES0000000000003409CCPF;21/04/2023;18;0,034;R
ES0000000000003409CCPF;21/04/2023;19;0,03;R
ES0000000000003409CCPF;21/04/2023;20;0,033;R
ES0000000000003409CCPF;21/04/2023;21;0,195;R
ES0000000000003409CCPF;21/04/2023;22;0,108;R
ES0000000000003409CCPF;21/04/2023;23;1,485;R
ES0000000000003409CCPF;22/04/2023;0;1,011;R
ES0000000000003409CCPF;22/04/2023;1;0,036;R
ES0000000000003409CCPF;22/04/2023;2;0,036;R
ES0000000000003409CCPF;22/04/2023;3;0,029;R
ES0000000000003409CCPF;22/04/2023;4;0,034;R
ES0000000000003409CCPF;22/04/2023;5;0,029;R
ES0000000000003409CCPF;22/04/2023;6;0,035;R
ES0000000000003409CCPF;22/04/2023;7;0,035;R
ES0000000000003409CCPF;22/04/2023;8;0,046;R
ES0000000000003409CCPF;22/04/2023;9;0,579;R
ES0000000000003409CCPF;22/04/2023;10;1,29;R
ES0000000000003409CCPF;22/04/2023;11;0,455;R
ES0000000000003409CCPF;22/04/2023;12;1,735;R
ES0000000000003409CCPF;22/04/2023;13;0,417;R
ES0000000000003409CCPF;22/04/2023;14;0,044;R
ES0000000000003409CCPF;22/04/2023;15;0,037;R
ES0000000000003409CCPF;22/04/2023;16;0,027;R
ES0000000000003409CCPF;22/04/2023;17;0,034;R
ES0000000000003409CCPF;22/04/2023;18;0,096;R
ES0000000000003409CCPF;22/04/2023;19;1,852;R
ES0000000000003409CCPF;22/04/2023;20;0,53;R
ES0000000000003409CCPF;22/04/2023;21;0,368;R
ES0000000000003409CCPF;22/04/2023;22;0,476;R
ES0000000000003409CCPF;22/04/2023;23;0,397;R
ES0000000000003409CCPF;23/04/2023;0;0,682;R
ES0000000000003409CCPF;23/04/2023;1;0,038;R
ES0000000000003409CCPF;23/04/2023;2;0,038;R
ES0000000000003409CCPF;23/04/2023;3;0,035;R
ES0000000000003409CCPF;23/04/2023;4;0,035;R
ES0000000000003409CCPF;23/04/2023;5;0,035;R
ES0000000000003409CCPF;23/04/2023;6;0,026;R
ES0000000000003409CCPF;23/04/2023;7;0,032;R
ES0000000000003409CCPF;23/04/2023;8;0,032;R
ES0000000000003409CCPF;23/04/2023;9;0,035;R
ES0000000000003409CCPF;23/04/2023;10;0,047;R
ES0000000000003409CCPF;23/04/2023;11;0,336;R
ES0000000000003409CCPF;23/04/2023;12;0,193;R
ES0000000000003409CCPF;23/04/2023;13;0,502;R
ES0000000000003409CCPF;23/04/2023;14;0,975;R
ES0000000000003409CCPF;23/04/2023;15;1,236;R
ES0000000000003409CCPF;23/04/2023;16;2,098;R
ES0000000000003409CCPF;23/04/2023;17;1,237;R
ES0000000000003409CCPF;23/04/2023;18;1,128;R
ES0000000000003409CCPF;23/04/2023;19;0,625;R
ES0000000000003409CCPF;23/04/2023;20;0,038;R
ES0000000000003409CCPF;23/04/2023;21;0,812;R
ES0000000000003409CCPF;23/04/2023;22;1,296;R
ES0000000000003409CCPF;23/04/2023;23;0,054;R
ES0000000000003409CCPF;24/04/2023;0;0,119;R
ES0000000000003409CCPF;24/04/2023;1;0,081;R
ES0000000000003409CCPF;24/04/2023;2;0,332;R
ES0000000000003409CCPF;24/04/2023;3;0,476;R
ES0000000000003409CCPF;24/04/2023;4;0,082;R
ES0000000000003409CCPF;24/04/2023;5;0,039;R
ES0000000000003409CCPF;24/04/2023;6;0,039;R
ES0000000000003409CCPF;24/04/2023;7;0,039;R
ES0000000000003409CCPF;24/04/2023;8;0,034;R
ES0000000000003409CCPF;24/04/2023;9;0,039;R
ES0000000000003409CCPF;24/04/2023;10;0,028;R
ES0000000000003409CCPF;24/04/2023;11;0,081;R
ES0000000000003409CCPF;24/04/2023;12;0,768;R
ES0000000000003409CCPF;24/04/2023;13;0,524;R
ES0000000000003409CCPF;24/04/2023;14;0,042;R
ES0000000000003409CCPF;24/04/2023;15;0,173;R
ES0000000000003409CCPF;24/04/2023;16;0,402;R
ES0000000000003409CCPF;24/04/2023;17;0,032;R
ES0000000000003409CCPF;24/04/2023;18;0,036;R
ES0000000000003409CCPF;24/04/2023;19;0,025;R
ES0000000000003409CCPF;24/04/2023;20;0,033;R
ES0000000000003409CCPF;24/04/2023;21;0,035;R
ES0000000000003409CCPF;24/04/2023;22;0,06;R
ES0000000000003409CCPF;24/04/2023;23;0,123;R
ES0000000000003409CCPF;25/04/2023;0;0,061;R
ES0000000000003409CCPF;25/04/2023;1;0,042;R
ES0000000000003409CCPF;25/04/2023;2;0,089;R
ES0000000000003409CCPF;25/04/2023;3;0,06;R
ES0000000000003409CCPF;25/04/2023;4;0,038;R
ES0000000000003409CCPF;25/04/2023;5;0,038;R
ES0000000000003409CCPF;25/04/2023;6;0,038;R
ES0000000000003409CCPF;25/04/2023;7;0,039;R
ES0000000000003409CCPF;25/04/2023;8;0,264;R
ES0000000000003409CCPF;25/04/2023;9;1,13;R
ES0000000000003409CCPF;25/04/2023;10;0,075;R
ES0000000000003409CCPF;25/04/2023;11;0,033;R
ES0000000000003409CCPF;25/04/2023;12;0,081;R
ES0000000000003409CCPF;25/04/2023;13;0,029;R
ES0000000000003409CCPF;25/04/2023;14;0,408;R
ES0000000000003409CCPF;25/04/2023;15;0,807;R
ES0000000000003409CCPF;25/04/2023;16;0,038;R
ES0000000000003409CCPF;25/04/2023;17;0,036;R
ES0000000000003409CCPF;25/04/2023;18;0,027;R
ES0000000000003409CCPF;25/04/2023;19;0,035;R
ES0000000000003409CCPF;25/04/2023;20;0,03;R
ES0000000000003409CCPF;25/04/2023;21;0,035;R
ES0000000000003409CCPF;25/04/2023;22;0,035;R
ES0000000000003409CCPF;25/04/2023;23;0,032;R
ES0000000000003409CCPF;26/04/2023;0;0,111;R
ES0000000000003409CCPF;26/04/2023;1;0,057;R
ES0000000000003409CCPF;26/04/2023;2;0,122;R
ES0000000000003409CCPF;26/04/2023;3;0,054;R
ES0000000000003409CCPF;26/04/2023;4;0,05;R
ES0000000000003409CCPF;26/04/2023;5;0,036;R
ES0000000000003409CCPF;26/04/2023;6;0,032;R
ES0000000000003409CCPF;26/04/2023;7;0,038;R
ES0000000000003409CCPF;26/04/2023;8;0,026;R
ES0000000000003409CCPF;26/04/2023;9;0,037;R
ES0000000000003409CCPF;26/04/2023;10;0,026;R
ES0000000000003409CCPF;26/04/2023;11;0,123;R
ES0000000000003409CCPF;26/04/2023;12;1,44;R
ES0000000000003409CCPF;26/04/2023;13;0,74;R
ES0000000000003409CCPF;26/04/2023;14;0,025;R
ES0000000000003409CCPF;26/04/2023;15;0,038;R
ES0000000000003409CCPF;26/04/2023;16;0,026;R
ES0000000000003409CCPF;26/04/2023;17;0,036;R
ES0000000000003409CCPF;26/04/2023;18;0,032;R
ES0000000000003409CCPF;26/04/2023;19;0,035;R
ES0000000000003409CCPF;26/04/2023;20;0,034;R
ES0000000000003409CCPF;26/04/2023;21;0,034;R
ES0000000000003409CCPF;26/04/2023;22;0,035;R
ES0000000000003409CCPF;26/04/2023;23;0,079;R
ES0000000000003409CCPF;27/04/2023;0;0,091;R
ES0000000000003409CCPF;27/04/2023;1;0,063;R
ES0000000000003409CCPF;27/04/2023;2;0,035;R
ES0000000000003409CCPF;27/04/2023;3;0,029;R
ES0000000000003409CCPF;27/04/2023;4;0,04;R
ES0000000000003409CCPF;27/04/2023;5;0,026;R
ES0000000000003409CCPF;27/04/2023;6;0,037;R
ES0000000000003409CCPF;27/04/2023;7;0,029;R
ES0000000000003409CCPF;27/04/2023;8;0,035;R
ES0000000000003409CCPF;27/04/2023;9;0,087;R
ES0000000000003409CCPF;27/04/2023;10;0,519;R
ES0000000000003409CCPF;27/04/2023;11;0,035;R
ES0000000000003409CCPF;27/04/2023;12;0,027;R
ES0000000000003409CCPF;27/04/2023;13;0,037;R
ES0000000000003409CCPF;27/04/2023;14;0,063;R
ES0000000000003409CCPF;27/04/2023;15;0,648;R
ES0000000000003409CCPF;27/04/2023;16;1,02;R
ES0000000000003409CCPF;27/04/2023;17;0,035;R
ES0000000000003409CCPF;27/04/2023;18;0,035;R
ES0000000000003409CCPF;27/04/2023;19;0,035;R
ES0000000000003409CCPF;27/04/2023;20;0,099;R
ES0000000000003409CCPF;27/04/2023;21;0,06;R
ES0000000000003409CCPF;27/04/2023;22;0,037;R
ES0000000000003409CCPF;27/04/2023;23;0,871;R
ES0000000000003409CCPF;28/04/2023;0;0,087;R
ES0000000000003409CCPF;28/04/2023;1;0,903;R
ES0000000000003409CCPF;28/04/2023;2;0,04;R
ES0000000000003409CCPF;28/04/2023;3;0,047;R
ES0000000000003409CCPF;28/04/2023;4;0,041;R
ES0000000000003409CCPF;28/04/2023;5;0,037;R
ES0000000000003409CCPF;28/04/2023;6;0,036;R
ES0000000000003409CCPF;28/04/2023;7;0,036;R
ES0000000000003409CCPF;28/04/2023;8;0,076;R
ES0000000000003409CCPF;28/04/2023;9;0,066;R
ES0000000000003409CCPF;28/04/2023;10;0,047;R
ES0000000000003409CCPF;28/04/2023;11;0,739;R
ES0000000000003409CCPF;28/04/2023;12;0,737;R
ES0000000000003409CCPF;28/04/2023;13;0,071;R
ES0000000000003409CCPF;28/04/2023;14;0,105;R
ES0000000000003409CCPF;28/04/2023;15;0,884;R
ES0000000000003409CCPF;28/04/2023;16;0,887;R
ES0000000000003409CCPF;28/04/2023;17;0,034;R
ES0000000000003409CCPF;28/04/2023;18;0,036;R
ES0000000000003409CCPF;28/04/2023;19;0,034;R
ES0000000000003409CCPF;28/04/2023;20;0,036;R
ES0000000000003409CCPF;28/04/2023;21;0,033;R
ES0000000000003409CCPF;28/04/2023;22;0,038;R
ES0000000000003409CCPF;28/04/2023;23;0,029;R
ES0000000000003409CCPF;29/04/2023;0;0,04;R
ES0000000000003409CCPF;29/04/2023;1;0,028;R
ES0000000000003409CCPF;29/04/2023;2;0,063;R
ES0000000000003409CCPF;29/04/2023;3;0,038;R
ES0000000000003409CCPF;29/04/2023;4;0,095;R
ES0000000000003409CCPF;29/04/2023;5;0,06;R
ES0000000000003409CCPF;29/04/2023;6;0,036;R
ES0000000000003409CCPF;29/04/2023;7;0,036;R
ES0000000000003409CCPF;29/04/2023;8;0,036;R
ES0000000000003409CCPF;29/04/2023;9;0,035;R
ES0000000000003409CCPF;29/04/2023;10;0,036;R
ES0000000000003409CCPF;29/04/2023;11;0,081;R
ES0000000000003409CCPF;29/04/2023;12;0,686;R
ES0000000000003409CCPF;29/04/2023;13;0,783;R
ES0000000000003409CCPF;29/04/2023;14;0,162;R
ES0000000000003409CCPF;29/04/2023;15;0,356;R
ES0000000000003409CCPF;29/04/2023;16;0,145;R
ES0000000000003409CCPF;29/04/2023;17;0,404;R
ES0000000000003409CCPF;29/04/2023;18;0,96;R
ES0000000000003409CCPF;29/04/2023;19;0,3;R
ES0000000000003409CCPF;29/04/2023;20;0,155;R
ES0000000000003409CCPF;29/04/2023;21;0,746;R
ES0000000000003409CCPF;29/04/2023;22;1,049;R
ES0000000000003409CCPF;29/04/2023;23;0,109;R
ES0000000000003409CCPF;30/04/2023;0;0,125;R
ES0000000000003409CCPF;30/04/2023;1;0,107;R
ES0000000000003409CCPF;30/04/2023;2;0,121;R
ES0000000000003409CCPF;30/04/2023;3;0,123;R
ES0000000000003409CCPF;30/04/2023;4;0,124;R
ES0000000000003409CCPF;30/04/2023;5;0,115;R
ES0000000000003409CCPF;30/04/2023;6;0,102;R
ES0000000000003409CCPF;30/04/2023;7;0,11;R
ES0000000000003409CCPF;30/04/2023;8;0,074;R
ES0000000000003409CCPF;30/04/2023;9;0,108;R
ES0000000000003409CCPF;30/04/2023;10;0,087;R
ES0000000000003409CCPF;30/04/2023;11;0,114;R
ES0000000000003409CCPF;30/04/2023;12;1,116;R
ES0000000000003409CCPF;30/04/2023;13;0,083;R
ES0000000000003409CCPF;30/04/2023;14;1,216;R
ES0000000000003409CCPF;30/04/2023;15;0,283;R
ES0000000000003409CCPF;30/04/2023;16;0,083;R
ES0000000000003409CCPF;30/04/2023;17;0,086;R
ES0000000000003409CCPF;30/04/2023;18;0,106;R
ES0000000000003409CCPF;30/04/2023;19;0,068;R
ES0000000000003409CCPF;30/04/2023;20;0,144;R
ES0000000000003409CCPF;30/04/2023;21;0,121;R
ES0000000000003409CCPF;30/04/2023;22;0,081;R
ES0000000000003409CCPF;30/04/2023;23;0,078;R
ES0000000000003409CCPF;01/05/2023;0;0,164;R
ES0000000000003409CCPF;01/05/2023;1;0,125;R
ES0000000000003409CCPF;01/05/2023;2;0,077;R
ES0000000000003409CCPF;01/05/2023;3;0,075;R
ES0000000000003409CCPF;01/05/2023;4;0,048;R
ES0000000000003409CCPF;01/05/2023;5;0,039;R
ES0000000000003409CCPF;01/05/2023;6;0,048;R
ES0000000000003409CCPF;01/05/2023;7;0,04;R
ES0000000000003409CCPF;01/05/2023;8;0,036;R
ES0000000000003409CCPF;01/05/2023;9;0,571;R
ES0000000000003409CCPF;01/05/2023;10;0,739;R
ES0000000000003409CCPF;01/05/2023;11;0,118;R
ES0000000000003409CCPF;01/05/2023;12;0,628;R
ES0000000000003409CCPF;01/05/2023;13;0,229;R
ES0000000000003409CCPF;01/05/2023;14;0,982;R
ES0000000000003409CCPF;01/05/2023;15;0,619;R
ES0000000000003409CCPF;01/05/2023;16;0,049;R
ES0000000000003409CCPF;01/05/2023;17;0,035;R
ES0000000000003409CCPF;01/05/2023;18;0,045;R
ES0000000000003409CCPF;01/05/2023;19;0,041;R
ES0000000000003409CCPF;01/05/2023;20;0,131;R
ES0000000000003409CCPF;01/05/2023;21;0,687;R
ES0000000000003409CCPF;01/05/2023;22;2,02;R
ES0000000000003409CCPF;01/05/2023;23;0,061;R
ES0000000000003409CCPF;02/05/2023;0;0,04;R
ES0000000000003409CCPF;02/05/2023;1;0,104;R
ES0000000000003409CCPF;02/05/2023;2;0,06;R
ES0000000000003409CCPF;02/05/2023;3;0,044;R
ES0000000000003409CCPF;02/05/2023;4;0,045;R
ES0000000000003409CCPF;02/05/2023;5;0,036;R
ES0000000000003409CCPF;02/05/2023;6;0,03;R
ES0000000000003409CCPF;02/05/2023;7;0,04;R
ES0000000000003409CCPF;02/05/2023;8;0,027;R
ES0000000000003409CCPF;02/05/2023;9;0,054;R
ES0000000000003409CCPF;02/05/2023;10;0,229;R
ES0000000000003409CCPF;02/05/2023;11;0,688;R
ES0000000000003409CCPF;02/05/2023;12;0,205;R
ES0000000000003409CCPF;02/05/2023;13;0,067;R
ES0000000000003409CCPF;02/05/2023;14;0,06;R
ES0000000000003409CCPF;02/05/2023;15;0,036;R
ES0000000000003409CCPF;02/05/2023;16;0,034;R
ES0000000000003409CCPF;02/05/2023;17;0,034;R
ES0000000000003409CCPF;02/05/2023;18;0,034;R
ES0000000000003409CCPF;02/05/2023;19;0,781;R
ES0000000000003409CCPF;02/05/2023;20;1,677;R
ES0000000000003409CCPF;02/05/2023;21;1,508;R
ES0000000000003409CCPF;02/05/2023;22;1,435;R
ES0000000000003409CCPF;02/05/2023;23;0,347;R
ES0000000000003409CCPF;03/05/2023;0;0,047;R
ES0000000000003409CCPF;03/05/2023;1;0,038;R
ES0000000000003409CCPF;03/05/2023;2;0,036;R
ES0000000000003409CCPF;03/05/2023;3;0,035;R
ES0000000000003409CCPF;03/05/2023;4;0,037;R
ES0000000000003409CCPF;03/05/2023;5;0,034;R
ES0000000000003409CCPF;03/05/2023;6;0,037;R
ES0000000000003409CCPF;03/05/2023;7;0,031;R
ES0000000000003409CCPF;03/05/2023;8;0,038;R
ES0000000000003409CCPF;03/05/2023;9;0,119;R
ES0000000000003409CCPF;03/05/2023;10;0,077;R
ES0000000000003409CCPF;03/05/2023;11;0,466;R
ES0000000000003409CCPF;03/05/2023;12;1,403;R
ES0000000000003409CCPF;03/05/2023;13;0,32;R
ES0000000000003409CCPF;03/05/2023;14;1,031;R
ES0000000000003409CCPF;03/05/2023;15;0,355;R
ES0000000000003409CCPF;03/05/2023;16;0,493;R
ES0000000000003409CCPF;03/05/2023;17;0,201;R
ES0000000000003409CCPF;03/05/2023;18;0,056;R
ES0000000000003409CCPF;03/05/2023;19;0,078;R
ES0000000000003409CCPF;03/05/2023;20;0,101;R
ES0000000000003409CCPF;03/05/2023;21;0,2;R
ES0000000000003409CCPF;03/05/2023;22;0,107;R
ES0000000000003409CCPF;03/05/2023;23;0,082;R
ES0000000000003409CCPF;04/05/2023;0;0,049;R
ES0000000000003409CCPF;04/05/2023;1;0,048;R
ES0000000000003409CCPF;04/05/2023;2;0,04;R
ES0000000000003409CCPF;04/05/2023;3;0,029;R
ES0000000000003409CCPF;04/05/2023;4;0,098;R
ES0000000000003409CCPF;04/05/2023;5;0,063;R
ES0000000000003409CCPF;04/05/2023;6;0,045;R
ES0000000000003409CCPF;04/05/2023;7;0,037;R
ES0000000000003409CCPF;04/05/2023;8;0,082;R
ES0000000000003409CCPF;04/05/2023;9;0,083;R
ES0000000000003409CCPF;04/05/2023;10;0,045;R
ES0000000000003409CCPF;04/05/2023;11;0,036;R
ES0000000000003409CCPF;04/05/2023;12;0,036;R
ES0000000000003409CCPF;04/05/2023;13;0,035;R
ES0000000000003409CCPF;04/05/2023;14;0,09;R
ES0000000000003409CCPF;04/05/2023;15;0,882;R
ES0000000000003409CCPF;04/05/2023;16;0,483;R
ES0000000000003409CCPF;04/05/2023;17;0,081;R
ES0000000000003409CCPF;04/05/2023;18;0,058;R
ES0000000000003409CCPF;04/05/2023;19;0,381;R
ES0000000000003409CCPF;04/05/2023;20;0,543;R
ES0000000000003409CCPF;04/05/2023;21;0,156;R
ES0000000000003409CCPF;04/05/2023;22;0,359;R
ES0000000000003409CCPF;04/05/2023;23;0,08;R
ES0000000000003409CCPF;05/05/2023;0;0,055;R
ES0000000000003409CCPF;05/05/2023;1;0,04;R
ES0000000000003409CCPF;05/05/2023;2;0,045;R
ES0000000000003409CCPF;05/05/2023;3;0,029;R
ES0000000000003409CCPF;05/05/2023;4;0,042;R
ES0000000000003409CCPF;05/05/2023;5;0,027;R
ES0000000000003409CCPF;05/05/2023;6;0,041;R
ES0000000000003409CCPF;05/05/2023;7;0,027;R
ES0000000000003409CCPF;05/05/2023;8;0,106;R
ES0000000000003409CCPF;05/05/2023;9;0,127;R
ES0000000000003409CCPF;05/05/2023;10;0,08;R
ES0000000000003409CCPF;05/05/2023;11;0,21;R
ES0000000000003409CCPF;05/05/2023;12;0,679;R
ES0000000000003409CCPF;05/05/2023;13;0,065;R
ES0000000000003409CCPF;05/05/2023;14;0,039;R
ES0000000000003409CCPF;05/05/2023;15;0,043;R
ES0000000000003409CCPF;05/05/2023;16;0,039;R
ES0000000000003409CCPF;05/05/2023;17;0,027;R
ES0000000000003409CCPF;05/05/2023;18;0,042;R
ES0000000000003409CCPF;05/05/2023;19;0,059;R
ES0000000000003409CCPF;05/05/2023;20;0,081;R
ES0000000000003409CCPF;05/05/2023;21;0,037;R
ES0000000000003409CCPF;05/05/2023;22;0,035;R
ES0000000000003409CCPF;05/05/2023;23;0,089;R
ES0000000000003409CCPF;06/05/2023;0;0,049;R
ES0000000000003409CCPF;06/05/2023;1;0,041;R
ES0000000000003409CCPF;06/05/2023;2;0,034;R
ES0000000000003409CCPF;06/05/2023;3;0,041;R
ES0000000000003409CCPF;06/05/2023;4;0,031;R
ES0000000000003409CCPF;06/05/2023;5;0,042;R
ES0000000000003409CCPF;06/05/2023;6;0,03;R
ES0000000000003409CCPF;06/05/2023;7;0,057;R
ES0000000000003409CCPF;06/05/2023;8;0,343;R
ES0000000000003409CCPF;06/05/2023;9;0,068;R
ES0000000000003409CCPF;06/05/2023;10;0,042;R
ES0000000000003409CCPF;06/05/2023;11;0,034;R
ES0000000000003409CCPF;06/05/2023;12;0,13;R
ES0000000000003409CCPF;06/05/2023;13;0,387;R
ES0000000000003409CCPF;06/05/2023;14;2,042;R
ES0000000000003409CCPF;06/05/2023;15;0,71;R
ES0000000000003409CCPF;06/05/2023;16;0,169;R
ES0000000000003409CCPF;06/05/2023;17;0,086;R
ES0000000000003409CCPF;06/05/2023;18;0,816;R
ES0000000000003409CCPF;06/05/2023;19;0,627;R
ES0000000000003409CCPF;06/05/2023;20;0,393;R
ES0000000000003409CCPF;06/05/2023;21;0,074;R
ES0000000000003409CCPF;06/05/2023;22;1,249;R
ES0000000000003409CCPF;06/05/2023;23;0,671;R
ES0000000000003409CCPF;07/05/2023;0;0,293;R
ES0000000000003409CCPF;07/05/2023;1;0,066;R
ES0000000000003409CCPF;07/05/2023;2;0,065;R
ES0000000000003409CCPF;07/05/2023;3;0,06;R
ES0000000000003409CCPF;07/05/2023;4;0,058;R
ES0000000000003409CCPF;07/05/2023;5;0,059;R
ES0000000000003409CCPF;07/05/2023;6;0,059;R
ES0000000000003409CCPF;07/05/2023;7;0,059;R
ES0000000000003409CCPF;07/05/2023;8;0,059;R
ES0000000000003409CCPF;07/05/2023;9;0,117;R
ES0000000000003409CCPF;07/05/2023;10;0,433;R
ES0000000000003409CCPF;07/05/2023;11;0,201;R
ES0000000000003409CCPF;07/05/2023;12;0,099;R
ES0000000000003409CCPF;07/05/2023;13;0,043;R
ES0000000000003409CCPF;07/05/2023;14;0,04;R
ES0000000000003409CCPF;07/05/2023;15;0,038;R
ES0000000000003409CCPF;07/05/2023;16;0,037;R
ES0000000000003409CCPF;07/05/2023;17;0,036;R
ES0000000000003409CCPF;07/05/2023;18;0,038;R
ES0000000000003409CCPF;07/05/2023;19;0,036;R
ES0000000000003409CCPF;07/05/2023;20;0,037;R
ES0000000000003409CCPF;07/05/2023;21;0,036;R
ES0000000000003409CCPF;07/05/2023;22;0,09;R
ES0000000000003409CCPF;07/05/2023;23;0,166;R
ES0000000000003409CCPF;08/05/2023;0;0,054;R
ES0000000000003409CCPF;08/05/2023;1;0,028;R
ES0000000000003409CCPF;08/05/2023;2;0,041;R
ES0000000000003409CCPF;08/05/2023;3;0,086;R
ES0000000000003409CCPF;08/05/2023;4;0,061;R
ES0000000000003409CCPF;08/05/2023;5;0,042;R
ES0000000000003409CCPF;08/05/2023;6;0,046;R
ES0000000000003409CCPF;08/05/2023;7;0,037;R
ES0000000000003409CCPF;08/05/2023;8;0,028;R
ES0000000000003409CCPF;08/05/2023;9;0,53;R
ES0000000000003409CCPF;08/05/2023;10;1,103;R
ES0000000000003409CCPF;08/05/2023;11;0,057;R
ES0000000000003409CCPF;08/05/2023;12;0,039;R
ES0000000000003409CCPF;08/05/2023;13;0,096;R
ES0000000000003409CCPF;08/05/2023;14;0,097;R
ES0000000000003409CCPF;08/05/2023;15;0,033;R
ES0000000000003409CCPF;08/05/2023;16;0,04;R
ES0000000000003409CCPF;08/05/2023;17;0,026;R
ES0000000000003409CCPF;08/05/2023;18;0,041;R
ES0000000000003409CCPF;08/05/2023;19;0,03;R
ES0000000000003409CCPF;08/05/2023;20;0,038;R
ES0000000000003409CCPF;08/05/2023;21;0,033;R
ES0000000000003409CCPF;08/05/2023;22;0,051;R
ES0000000000003409CCPF;08/05/2023;23;0,107;R
ES0000000000003409CCPF;09/05/2023;0;0,11;R
ES0000000000003409CCPF;09/05/2023;1;0,059;R
ES0000000000003409CCPF;09/05/2023;2;0,038;R
ES0000000000003409CCPF;09/05/2023;3;0,036;R
ES0000000000003409CCPF;09/05/2023;4;0,037;R
ES0000000000003409CCPF;09/05/2023;5;0,034;R
ES0000000000003409CCPF;09/05/2023;6;0,037;R
ES0000000000003409CCPF;09/05/2023;7;0,034;R
ES0000000000003409CCPF;09/05/2023;8;0,037;R
ES0000000000003409CCPF;09/05/2023;9;0,078;R
ES0000000000003409CCPF;09/05/2023;10;0,044;R
ES0000000000003409CCPF;09/05/2023;11;1,083;R
ES0000000000003409CCPF;09/05/2023;12;2,288;R
ES0000000000003409CCPF;09/05/2023;13;0,493;R
ES0000000000003409CCPF;09/05/2023;14;0,122;R
ES0000000000003409CCPF;09/05/2023;15;0,028;R
ES0000000000003409CCPF;09/05/2023;16;0,043;R
ES0000000000003409CCPF;09/05/2023;17;0,029;R
ES0000000000003409CCPF;09/05/2023;18;0,043;R
ES0000000000003409CCPF;09/05/2023;19;0,031;R
ES0000000000003409CCPF;09/05/2023;20;0,041;R
ES0000000000003409CCPF;09/05/2023;21;0,032;R
ES0000000000003409CCPF;09/05/2023;22;0,049;R
ES0000000000003409CCPF;09/05/2023;23;0,054;R
ES0000000000003409CCPF;10/05/2023;0;0,145;R
ES0000000000003409CCPF;10/05/2023;1;0,06;R
ES0000000000003409CCPF;10/05/2023;2;0,048;R
ES0000000000003409CCPF;10/05/2023;3;0,052;R
ES0000000000003409CCPF;10/05/2023;4;0,037;R
ES0000000000003409CCPF;10/05/2023;5;0,04;R
ES0000000000003409CCPF;10/05/2023;6;0,033;R
ES0000000000003409CCPF;10/05/2023;7;0,036;R
ES0000000000003409CCPF;10/05/2023;8;0,037;R
ES0000000000003409CCPF;10/05/2023;9;0,035;R
ES0000000000003409CCPF;10/05/2023;10;0,076;R
ES0000000000003409CCPF;10/05/2023;11;0,103;R
ES0000000000003409CCPF;10/05/2023;12;0,117;R
ES0000000000003409CCPF;10/05/2023;13;1,272;R
ES0000000000003409CCPF;10/05/2023;14;0,825;R
ES0000000000003409CCPF;10/05/2023;15;0,039;R
ES0000000000003409CCPF;10/05/2023;16;0,038;R
ES0000000000003409CCPF;10/05/2023;17;0,028;R
ES0000000000003409CCPF;10/05/2023;18;0,042;R
ES0000000000003409CCPF;10/05/2023;19;0,027;R
ES0000000000003409CCPF;10/05/2023;20;0,044;R
ES0000000000003409CCPF;10/05/2023;21;0,027;R
ES0000000000003409CCPF;10/05/2023;22;0,044;R
ES0000000000003409CCPF;10/05/2023;23;0,138;R
ES0000000000003409CCPF;11/05/2023;0;0,721;R
ES0000000000003409CCPF;11/05/2023;1;0,056;R
ES0000000000003409CCPF;11/05/2023;2;0,043;R
ES0000000000003409CCPF;11/05/2023;3;0,035;R
ES0000000000003409CCPF;11/05/2023;4;0,041;R
ES0000000000003409CCPF;11/05/2023;5;0,026;R
ES0000000000003409CCPF;11/05/2023;6;0,04;R
ES0000000000003409CCPF;11/05/2023;7;0,027;R
ES0000000000003409CCPF;11/05/2023;8;0,039;R
ES0000000000003409CCPF;11/05/2023;9;0,135;R
ES0000000000003409CCPF;11/05/2023;10;0,095;R
ES0000000000003409CCPF;11/05/2023;11;0,065;R
ES0000000000003409CCPF;11/05/2023;12;0,033;R
ES0000000000003409CCPF;11/05/2023;13;0,04;R
ES0000000000003409CCPF;11/05/2023;14;1,114;R
ES0000000000003409CCPF;11/05/2023;15;0,789;R
ES0000000000003409CCPF;11/05/2023;16;0,142;R
ES0000000000003409CCPF;11/05/2023;17;0,042;R
ES0000000000003409CCPF;11/05/2023;18;0,043;R
ES0000000000003409CCPF;11/05/2023;19;0,04;R
ES0000000000003409CCPF;11/05/2023;20;0,04;R
ES0000000000003409CCPF;11/05/2023;21;0,03;R
ES0000000000003409CCPF;11/05/2023;22;0,056;R
ES0000000000003409CCPF;11/05/2023;23;0,055;R
ES0000000000003409CCPF;12/05/2023;0;0,048;R
ES0000000000003409CCPF;12/05/2023;1;0,039;R
ES0000000000003409CCPF;12/05/2023;2;0,044;R
ES0000000000003409CCPF;12/05/2023;3;0,073;R
ES0000000000003409CCPF;12/05/2023;4;0,066;R
ES0000000000003409CCPF;12/05/2023;5;0,04;R
ES0000000000003409CCPF;12/05/2023;6;0,043;R
ES0000000000003409CCPF;12/05/2023;7;0,042;R
ES0000000000003409CCPF;12/05/2023;8;0,03;R
ES0000000000003409CCPF;12/05/2023;9;0,044;R
ES0000000000003409CCPF;12/05/2023;10;0,072;R
ES0000000000003409CCPF;12/05/2023;11;0,462;R
ES0000000000003409CCPF;12/05/2023;12;1,364;R
ES0000000000003409CCPF;12/05/2023;13;0,444;R
ES0000000000003409CCPF;12/05/2023;14;0,035;R
ES0000000000003409CCPF;12/05/2023;15;0,032;R
ES0000000000003409CCPF;12/05/2023;16;0,038;R
ES0000000000003409CCPF;12/05/2023;17;0,029;R
ES0000000000003409CCPF;12/05/2023;18;0,039;R
ES0000000000003409CCPF;12/05/2023;19;0,027;R
ES0000000000003409CCPF;12/05/2023;20;0,039;R
ES0000000000003409CCPF;12/05/2023;21;0,026;R
ES0000000000003409CCPF;12/05/2023;22;0,039;R
ES0000000000003409CCPF;12/05/2023;23;0,57;R
ES0000000000003409CCPF;13/05/2023;0;1,327;R
ES0000000000003409CCPF;13/05/2023;1;0,724;R
ES0000000000003409CCPF;13/05/2023;2;0,042;R
ES0000000000003409CCPF;13/05/2023;3;0,037;R
ES0000000000003409CCPF;13/05/2023;4;0,035;R
ES0000000000003409CCPF;13/05/2023;5;0,036;R
ES0000000000003409CCPF;13/05/2023;6;0,034;R
ES0000000000003409CCPF;13/05/2023;7;0,035;R
ES0000000000003409CCPF;13/05/2023;8;0,033;R
ES0000000000003409CCPF;13/05/2023;9;0,058;R
ES0000000000003409CCPF;13/05/2023;10;0,164;R
ES0000000000003409CCPF;13/05/2023;11;0,079;R
ES0000000000003409CCPF;13/05/2023;12;0,099;R
ES0000000000003409CCPF;13/05/2023;13;0,356;R
ES0000000000003409CCPF;13/05/2023;14;1,23;R
ES0000000000003409CCPF;13/05/2023;15;0,025;R
ES0000000000003409CCPF;13/05/2023;16;0,039;R
ES0000000000003409CCPF;13/05/2023;17;0,025;R
ES0000000000003409CCPF;13/05/2023;18;0,038;R
ES0000000000003409CCPF;13/05/2023;19;0,03;R
ES0000000000003409CCPF;13/05/2023;20;0,079;R
ES0000000000003409CCPF;13/05/2023;21;0,07;R
ES0000000000003409CCPF;13/05/2023;22;0,042;R
ES0000000000003409CCPF;13/05/2023;23;0,041;R
ES0000000000003409CCPF;14/05/2023;0;0,027;R
ES0000000000003409CCPF;14/05/2023;1;0,037;R
ES0000000000003409CCPF;14/05/2023;2;0,03;R
ES0000000000003409CCPF;14/05/2023;3;0,035;R
ES0000000000003409CCPF;14/05/2023;4;0,034;R
ES0000000000003409CCPF;14/05/2023;5;0,032;R
ES0000000000003409CCPF;14/05/2023;6;0,034;R
ES0000000000003409CCPF;14/05/2023;7;0,033;R
ES0000000000003409CCPF;14/05/2023;8;0,034;R
ES0000000000003409CCPF;14/05/2023;9;0,031;R
ES0000000000003409CCPF;14/05/2023;10;0,035;R
ES0000000000003409CCPF;14/05/2023;11;0,03;R
ES0000000000003409CCPF;14/05/2023;12;0,035;R
ES0000000000003409CCPF;14/05/2023;13;0,028;R
ES0000000000003409CCPF;14/05/2023;14;0,037;R
ES0000000000003409CCPF;14/05/2023;15;0,026;R
ES0000000000003409CCPF;14/05/2023;16;0,036;R
ES0000000000003409CCPF;14/05/2023;17;0,025;R
ES0000000000003409CCPF;14/05/2023;18;0,037;R
ES0000000000003409CCPF;14/05/2023;19;0,025;R
ES0000000000003409CCPF;14/05/2023;20;0,036;R
ES0000000000003409CCPF;14/05/2023;21;0,028;R
ES0000000000003409CCPF;14/05/2023;22;0,033;R
ES0000000000003409CCPF;14/05/2023;23;0,032;R
ES0000000000003409CCPF;15/05/2023;0;0,033;R
ES0000000000003409CCPF;15/05/2023;1;0,033;R
ES0000000000003409CCPF;15/05/2023;2;0,031;R
ES0000000000003409CCPF;15/05/2023;3;0,033;R
ES0000000000003409CCPF;15/05/2023;4;0,032;R
ES0000000000003409CCPF;15/05/2023;5;0,032;R
ES0000000000003409CCPF;15/05/2023;6;0,027;R
ES0000000000003409CCPF;15/05/2023;7;0,034;R
ES0000000000003409CCPF;15/05/2023;8;0,025;R
ES0000000000003409CCPF;15/05/2023;9;0,034;R
ES0000000000003409CCPF;15/05/2023;10;0,025;R
ES0000000000003409CCPF;15/05/2023;11;0,033;R
ES0000000000003409CCPF;15/05/2023;12;0,62;R
ES0000000000003409CCPF;15/05/2023;13;0,032;R
ES0000000000003409CCPF;15/05/2023;14;0,033;R
ES0000000000003409CCPF;15/05/2023;15;0,031;R
ES0000000000003409CCPF;15/05/2023;16;0,032;R
ES0000000000003409CCPF;15/05/2023;17;0,03;R
ES0000000000003409CCPF;15/05/2023;18;0,034;R
ES0000000000003409CCPF;15/05/2023;19;0,025;R
ES0000000000003409CCPF;15/05/2023;20;0,034;R
ES0000000000003409CCPF;15/05/2023;21;0,025;R
ES0000000000003409CCPF;15/05/2023;22;0,033;R
ES0000000000003409CCPF;15/05/2023;23;0,027;R
ES0000000000003409CCPF;16/05/2023;0;0,101;R
ES0000000000003409CCPF;16/05/2023;1;0,035;R
ES0000000000003409CCPF;16/05/2023;2;0,031;R
ES0000000000003409CCPF;16/05/2023;3;0,034;R
ES0000000000003409CCPF;16/05/2023;4;0,025;R
ES0000000000003409CCPF;16/05/2023;5;0,032;R
ES0000000000003409CCPF;16/05/2023;6;0,027;R
ES0000000000003409CCPF;16/05/2023;7;0,034;R
ES0000000000003409CCPF;16/05/2023;8;0,21;R
ES0000000000003409CCPF;16/05/2023;9;1,342;R
ES0000000000003409CCPF;16/05/2023;10;0,025;R
ES0000000000003409CCPF;16/05/2023;11;0,077;R
ES0000000000003409CCPF;16/05/2023;12;0,16;R
ES0000000000003409CCPF;16/05/2023;13;0,072;R
ES0000000000003409CCPF;16/05/2023;14;0,04;R
ES0000000000003409CCPF;16/05/2023;15;0,117;R
ES0000000000003409CCPF;16/05/2023;16;0,03;R
ES0000000000003409CCPF;16/05/2023;17;0,035;R
ES0000000000003409CCPF;16/05/2023;18;0,035;R
ES0000000000003409CCPF;16/05/2023;19;0,264;R
ES0000000000003409CCPF;16/05/2023;20;0,791;R
ES0000000000003409CCPF;16/05/2023;21;0,244;R
ES0000000000003409CCPF;16/05/2023;22;0,842;R
ES0000000000003409CCPF;16/05/2023;23;0,26;R
ES0000000000003409CCPF;17/05/2023;0;0,138;R
ES0000000000003409CCPF;17/05/2023;1;0,072;R
ES0000000000003409CCPF;17/05/2023;2;0,083;R
ES0000000000003409CCPF;17/05/2023;3;0,038;R
ES0000000000003409CCPF;17/05/2023;4;0,049;R
ES0000000000003409CCPF;17/05/2023;5;0,037;R
ES0000000000003409CCPF;17/05/2023;6;0,029;R
ES0000000000003409CCPF;17/05/2023;7;0,089;R
ES0000000000003409CCPF;17/05/2023;8;0,151;R
ES0000000000003409CCPF;17/05/2023;9;0,09;R
ES0000000000003409CCPF;17/05/2023;10;0,115;R
ES0000000000003409CCPF;17/05/2023;11;1,747;R
ES0000000000003409CCPF;17/05/2023;12;0,472;R
ES0000000000003409CCPF;17/05/2023;13;0,757;R
ES0000000000003409CCPF;17/05/2023;14;1,213;R
ES0000000000003409CCPF;17/05/2023;15;0,093;R
ES0000000000003409CCPF;17/05/2023;16;0,06;R
ES0000000000003409CCPF;17/05/2023;17;0,037;R
ES0000000000003409CCPF;17/05/2023;18;0,036;R
ES0000000000003409CCPF;17/05/2023;19;0,042;R
ES0000000000003409CCPF;17/05/2023;20;0,057;R
ES0000000000003409CCPF;17/05/2023;21;1,348;R
ES0000000000003409CCPF;17/05/2023;22;1,041;R
ES0000000000003409CCPF;17/05/2023;23;0,064;R
ES0000000000003409CCPF;18/05/2023;0;0,029;R
ES0000000000003409CCPF;18/05/2023;1;0,037;R
ES0000000000003409CCPF;18/05/2023;2;0,025;R
ES0000000000003409CCPF;18/05/2023;3;0,036;R
ES0000000000003409CCPF;18/05/2023;4;0,029;R
ES0000000000003409CCPF;18/05/2023;5;0,034;R
ES0000000000003409CCPF;18/05/2023;6;0,033;R
ES0000000000003409CCPF;18/05/2023;7;0,032;R
ES0000000000003409CCPF;18/05/2023;8;0,088;R
ES0000000000003409CCPF;18/05/2023;9;0,127;R
ES0000000000003409CCPF;18/05/2023;10;0,09;R
ES0000000000003409CCPF;18/05/2023;11;0,074;R
ES0000000000003409CCPF;18/05/2023;12;0,045;R
ES0000000000003409CCPF;18/05/2023;13;0,219;R
ES0000000000003409CCPF;18/05/2023;14;0,15;R
ES0000000000003409CCPF;18/05/2023;15;0,419;R
ES0000000000003409CCPF;18/05/2023;16;1,298;R
ES0000000000003409CCPF;18/05/2023;17;0,03;R
ES0000000000003409CCPF;18/05/2023;18;0,035;R
ES0000000000003409CCPF;18/05/2023;19;0,518;R
ES0000000000003409CCPF;18/05/2023;20;0,057;R
ES0000000000003409CCPF;18/05/2023;21;1,008;R
ES0000000000003409CCPF;18/05/2023;22;0,293;R
ES0000000000003409CCPF;18/05/2023;23;0,197;R
ES0000000000003409CCPF;19/05/2023;0;0,242;R
ES0000000000003409CCPF;19/05/2023;1;0,945;R
ES0000000000003409CCPF;19/05/2023;2;0,444;R
ES0000000000003409CCPF;19/05/2023;3;0,094;R
ES0000000000003409CCPF;19/05/2023;4;0,061;R
ES0000000000003409CCPF;19/05/2023;5;0,042;R
ES0000000000003409CCPF;19/05/2023;6;0,039;R
ES0000000000003409CCPF;19/05/2023;7;0,038;R
ES0000000000003409CCPF;19/05/2023;8;0,038;R
ES0000000000003409CCPF;19/05/2023;9;0,124;R
ES0000000000003409CCPF;19/05/2023;10;0,079;R
ES0000000000003409CCPF;19/05/2023;11;0,043;R
ES0000000000003409CCPF;19/05/2023;12;1,125;R
ES0000000000003409CCPF;19/05/2023;13;0,069;R
ES0000000000003409CCPF;19/05/2023;14;0,026;R
ES0000000000003409CCPF;19/05/2023;15;0,034;R
ES0000000000003409CCPF;19/05/2023;16;0,026;R
ES0000000000003409CCPF;19/05/2023;17;0,034;R
ES0000000000003409CCPF;19/05/2023;18;0,033;R
ES0000000000003409CCPF;19/05/2023;19;0,067;R
ES0000000000003409CCPF;19/05/2023;20;0,049;R
ES0000000000003409CCPF;19/05/2023;21;0,117;R
ES0000000000003409CCPF;19/05/2023;22;0,06;R
ES0000000000003409CCPF;19/05/2023;23;0,27;R
ES0000000000003409CCPF;20/05/2023;0;0,033;R
ES0000000000003409CCPF;20/05/2023;1;0,039;R
ES0000000000003409CCPF;20/05/2023;2;0,033;R
ES0000000000003409CCPF;20/05/2023;3;0,034;R
ES0000000000003409CCPF;20/05/2023;4;0,033;R
ES0000000000003409CCPF;20/05/2023;5;0,034;R
ES0000000000003409CCPF;20/05/2023;6;0,03;R
ES0000000000003409CCPF;20/05/2023;7;0,035;R
ES0000000000003409CCPF;20/05/2023;8;0,025;R
ES0000000000003409CCPF;20/05/2023;9;0,053;R
ES0000000000003409CCPF;20/05/2023;10;0,099;R
ES0000000000003409CCPF;20/05/2023;11;0,328;R
ES0000000000003409CCPF;20/05/2023;12;0,072;R
ES0000000000003409CCPF;20/05/2023;13;0,071;R
ES0000000000003409CCPF;20/05/2023;14;0,101;R
ES0000000000003409CCPF;20/05/2023;15;1,416;R
ES0000000000003409CCPF;20/05/2023;16;1,591;R
ES0000000000003409CCPF;20/05/2023;17;0,136;R
ES0000000000003409CCPF;20/05/2023;18;0,089;R
ES0000000000003409CCPF;20/05/2023;19;0,788;R
ES0000000000003409CCPF;20/05/2023;20;0,142;R
ES0000000000003409CCPF;20/05/2023;21;0,077;R
ES0000000000003409CCPF;20/05/2023;22;2,196;R
ES0000000000003409CCPF;20/05/2023;23;0,562;R
ES0000000000003409CCPF;21/05/2023;0;0,105;R
ES0000000000003409CCPF;21/05/2023;1;0,101;R
ES0000000000003409CCPF;21/05/2023;2;0,065;R
ES0000000000003409CCPF;21/05/2023;3;0,041;R
ES0000000000003409CCPF;21/05/2023;4;0,052;R
ES0000000000003409CCPF;21/05/2023;5;0,041;R
ES0000000000003409CCPF;21/05/2023;6;0,032;R
ES0000000000003409CCPF;21/05/2023;7;0,044;R
ES0000000000003409CCPF;21/05/2023;8;0,029;R
ES0000000000003409CCPF;21/05/2023;9;0,041;R
ES0000000000003409CCPF;21/05/2023;10;0,03;R
ES0000000000003409CCPF;21/05/2023;11;0,834;R
ES0000000000003409CCPF;21/05/2023;12;0,377;R
ES0000000000003409CCPF;21/05/2023;13;0,144;R
ES0000000000003409CCPF;21/05/2023;14;0,504;R
ES0000000000003409CCPF;21/05/2023;15;2,234;R
ES0000000000003409CCPF;21/05/2023;16;0,765;R
ES0000000000003409CCPF;21/05/2023;17;0,036;R
ES0000000000003409CCPF;21/05/2023;18;0,036;R
ES0000000000003409CCPF;21/05/2023;19;0,386;R
ES0000000000003409CCPF;21/05/2023;20;0,646;R
ES0000000000003409CCPF;21/05/2023;21;0,036;R
ES0000000000003409CCPF;21/05/2023;22;0,118;R
ES0000000000003409CCPF;21/05/2023;23;0,068;R
ES0000000000003409CCPF;22/05/2023;0;0,046;R
ES0000000000003409CCPF;22/05/2023;1;0,034;R
ES0000000000003409CCPF;22/05/2023;2;0,043;R
ES0000000000003409CCPF;22/05/2023;3;0,035;R
ES0000000000003409CCPF;22/05/2023;4;0,035;R
ES0000000000003409CCPF;22/05/2023;5;0,033;R
ES0000000000003409CCPF;22/05/2023;6;0,033;R
ES0000000000003409CCPF;22/05/2023;7;0,033;R
ES0000000000003409CCPF;22/05/2023;8;0,026;R
ES0000000000003409CCPF;22/05/2023;9;0,081;R
ES0000000000003409CCPF;22/05/2023;10;0,151;R
ES0000000000003409CCPF;22/05/2023;11;0,081;R
ES0000000000003409CCPF;22/05/2023;12;0,135;R
ES0000000000003409CCPF;22/05/2023;13;1,379;R
ES0000000000003409CCPF;22/05/2023;14;0,439;R
ES0000000000003409CCPF;22/05/2023;15;0,037;R
ES0000000000003409CCPF;22/05/2023;16;0,025;R
ES0000000000003409CCPF;22/05/2023;17;0,035;R
ES0000000000003409CCPF;22/05/2023;18;0,025;R
ES0000000000003409CCPF;22/05/2023;19;0,037;R
ES0000000000003409CCPF;22/05/2023;20;0,029;R
ES0000000000003409CCPF;22/05/2023;21;0,033;R
ES0000000000003409CCPF;22/05/2023;22;0,057;R
ES0000000000003409CCPF;22/05/2023;23;0,86;R
ES0000000000003409CCPF;23/05/2023;0;0,292;R
ES0000000000003409CCPF;23/05/2023;1;0,041;R
ES0000000000003409CCPF;23/05/2023;2;0,033;R
ES0000000000003409CCPF;23/05/2023;3;0,025;R
ES0000000000003409CCPF;23/05/2023;4;0,036;R
ES0000000000003409CCPF;23/05/2023;5;0,025;R
ES0000000000003409CCPF;23/05/2023;6;0,035;R
ES0000000000003409CCPF;23/05/2023;7;0,027;R
ES0000000000003409CCPF;23/05/2023;8;0,034;R
ES0000000000003409CCPF;23/05/2023;9;0,033;R
ES0000000000003409CCPF;23/05/2023;10;0,032;R
ES0000000000003409CCPF;23/05/2023;11;0,075;R
ES0000000000003409CCPF;23/05/2023;12;0,292;R
ES0000000000003409CCPF;23/05/2023;13;1,313;R
ES0000000000003409CCPF;23/05/2023;14;0,036;R
ES0000000000003409CCPF;23/05/2023;15;0,071;R
ES0000000000003409CCPF;23/05/2023;16;0,055;R
ES0000000000003409CCPF;23/05/2023;17;0,034;R
ES0000000000003409CCPF;23/05/2023;18;0,033;R
ES0000000000003409CCPF;23/05/2023;19;0,027;R
ES0000000000003409CCPF;23/05/2023;20;0,07;R
ES0000000000003409CCPF;23/05/2023;21;0,038;R
ES0000000000003409CCPF;23/05/2023;22;0,129;R
ES0000000000003409CCPF;23/05/2023;23;0,163;R
ES0000000000003409CCPF;24/05/2023;0;0,042;R
ES0000000000003409CCPF;24/05/2023;1;0,041;R
ES0000000000003409CCPF;24/05/2023;2;0,032;R
ES0000000000003409CCPF;24/05/2023;3;0,032;R
ES0000000000003409CCPF;24/05/2023;4;0,033;R
ES0000000000003409CCPF;24/05/2023;5;0,029;R
ES0000000000003409CCPF;24/05/2023;6;0,04;R
ES0000000000003409CCPF;24/05/2023;7;0,025;R
ES0000000000003409CCPF;24/05/2023;8;0,033;R
ES0000000000003409CCPF;24/05/2023;9;0,027;R
ES0000000000003409CCPF;24/05/2023;10;0,096;R
ES0000000000003409CCPF;24/05/2023;11;0,151;R
ES0000000000003409CCPF;24/05/2023;12;0,073;R
ES0000000000003409CCPF;24/05/2023;13;0,066;R
ES0000000000003409CCPF;24/05/2023;14;1,453;R
ES0000000000003409CCPF;24/05/2023;15;0,536;R
ES0000000000003409CCPF;24/05/2023;16;0,036;R
ES0000000000003409CCPF;24/05/2023;17;0,034;R
ES0000000000003409CCPF;24/05/2023;18;0,033;R
ES0000000000003409CCPF;24/05/2023;19;0,034;R
ES0000000000003409CCPF;24/05/2023;20;0,028;R
ES0000000000003409CCPF;24/05/2023;21;0,035;R
ES0000000000003409CCPF;24/05/2023;22;0,026;R
ES0000000000003409CCPF;24/05/2023;23;0,07;R
ES0000000000003409CCPF;25/05/2023;0;0,19;R
ES0000000000003409CCPF;25/05/2023;1;0,069;R
ES0000000000003409CCPF;25/05/2023;2;0,035;R
ES0000000000003409CCPF;25/05/2023;3;0,038;R
ES0000000000003409CCPF;25/05/2023;4;0,035;R
ES0000000000003409CCPF;25/05/2023;5;0,034;R
ES0000000000003409CCPF;25/05/2023;6;0,032;R
ES0000000000003409CCPF;25/05/2023;7;0,034;R
ES0000000000003409CCPF;25/05/2023;8;0,03;R
ES0000000000003409CCPF;25/05/2023;9;0,046;R
ES0000000000003409CCPF;25/05/2023;10;0,609;R
ES0000000000003409CCPF;25/05/2023;11;0,117;R
ES0000000000003409CCPF;25/05/2023;12;0,108;R
ES0000000000003409CCPF;25/05/2023;13;1,376;R
ES0000000000003409CCPF;25/05/2023;14;0,228;R
ES0000000000003409CCPF;25/05/2023;15;0,034;R
ES0000000000003409CCPF;25/05/2023;16;0,034;R
ES0000000000003409CCPF;25/05/2023;17;0,034;R
ES0000000000003409CCPF;25/05/2023;18;0,032;R
ES0000000000003409CCPF;25/05/2023;19;0,034;R
ES0000000000003409CCPF;25/05/2023;20;0,032;R
ES0000000000003409CCPF;25/05/2023;21;0,034;R
ES0000000000003409CCPF;25/05/2023;22;0,157;R
ES0000000000003409CCPF;25/05/2023;23;0,104;R
ES0000000000003409CCPF;26/05/2023;0;1,085;R
ES0000000000003409CCPF;26/05/2023;1;0,17;R
ES0000000000003409CCPF;26/05/2023;2;0,501;R
ES0000000000003409CCPF;26/05/2023;3;0,386;R
ES0000000000003409CCPF;26/05/2023;4;0,039;R
ES0000000000003409CCPF;26/05/2023;5;0,038;R
ES0000000000003409CCPF;26/05/2023;6;0,035;R
ES0000000000003409CCPF;26/05/2023;7;0,039;R
ES0000000000003409CCPF;26/05/2023;8;0,03;R
ES0000000000003409CCPF;26/05/2023;9;0,091;R
ES0000000000003409CCPF;26/05/2023;10;0,104;R
ES0000000000003409CCPF;26/05/2023;11;0,941;R
ES0000000000003409CCPF;26/05/2023;12;1,096;R
ES0000000000003409CCPF;26/05/2023;13;0,157;R
ES0000000000003409CCPF;26/05/2023;14;0,044;R
ES0000000000003409CCPF;26/05/2023;15;0,031;R
ES0000000000003409CCPF;26/05/2023;16;0,031;R
ES0000000000003409CCPF;26/05/2023;17;0,035;R
ES0000000000003409CCPF;26/05/2023;18;0,033;R
ES0000000000003409CCPF;26/05/2023;19;0,033;R
ES0000000000003409CCPF;26/05/2023;20;0,034;R
ES0000000000003409CCPF;26/05/2023;21;0,031;R
ES0000000000003409CCPF;26/05/2023;22;0,034;R
ES0000000000003409CCPF;26/05/2023;23;0,026;R
ES0000000000003409CCPF;27/05/2023;0;0,038;R
ES0000000000003409CCPF;27/05/2023;1;0,026;R
ES0000000000003409CCPF;27/05/2023;2;0,057;R
ES0000000000003409CCPF;27/05/2023;3;0,033;R
ES0000000000003409CCPF;27/05/2023;4;0,034;R
ES0000000000003409CCPF;27/05/2023;5;0,056;R
ES0000000000003409CCPF;27/05/2023;6;0,076;R
ES0000000000003409CCPF;27/05/2023;7;0,047;R
ES0000000000003409CCPF;27/05/2023;8;0,04;R
ES0000000000003409CCPF;27/05/2023;9;0,026;R
ES0000000000003409CCPF;27/05/2023;10;0,036;R
ES0000000000003409CCPF;27/05/2023;11;0,027;R
ES0000000000003409CCPF;27/05/2023;12;1,242;R
ES0000000000003409CCPF;27/05/2023;13;0,392;R
ES0000000000003409CCPF;27/05/2023;14;0,041;R
ES0000000000003409CCPF;27/05/2023;15;0,034;R
ES0000000000003409CCPF;27/05/2023;16;0,032;R
ES0000000000003409CCPF;27/05/2023;17;0,034;R
ES0000000000003409CCPF;27/05/2023;18;0,031;R
ES0000000000003409CCPF;27/05/2023;19;0,035;R
ES0000000000003409CCPF;27/05/2023;20;0,029;R
ES0000000000003409CCPF;27/05/2023;21;0,036;R
ES0000000000003409CCPF;27/05/2023;22;0,026;R
ES0000000000003409CCPF;27/05/2023;23;0,036;R
ES0000000000003409CCPF;28/05/2023;0;0,026;R
ES0000000000003409CCPF;28/05/2023;1;0,035;R
ES0000000000003409CCPF;28/05/2023;2;0,026;R
ES0000000000003409CCPF;28/05/2023;3;0,036;R
ES0000000000003409CCPF;28/05/2023;4;0,029;R
ES0000000000003409CCPF;28/05/2023;5;0,034;R
ES0000000000003409CCPF;28/05/2023;6;0,032;R
ES0000000000003409CCPF;28/05/2023;7;0,033;R
ES0000000000003409CCPF;28/05/2023;8;0,032;R
ES0000000000003409CCPF;28/05/2023;9;0,032;R
ES0000000000003409CCPF;28/05/2023;10;0,033;R
ES0000000000003409CCPF;28/05/2023;11;0,03;R
ES0000000000003409CCPF;28/05/2023;12;0,034;R
ES0000000000003409CCPF;28/05/2023;13;0,026;R
ES0000000000003409CCPF;28/05/2023;14;0,035;R
ES0000000000003409CCPF;28/05/2023;15;0,025;R
ES0000000000003409CCPF;28/05/2023;16;0,035;R
ES0000000000003409CCPF;28/05/2023;17;0,025;R
ES0000000000003409CCPF;28/05/2023;18;0,035;R
ES0000000000003409CCPF;28/05/2023;19;0,028;R
ES0000000000003409CCPF;28/05/2023;20;0,034;R
ES0000000000003409CCPF;28/05/2023;21;0,701;R
ES0000000000003409CCPF;28/05/2023;22;1,758;R
ES0000000000003409CCPF;28/05/2023;23;1,391;R
ES0000000000003409CCPF;29/05/2023;0;0,283;R
ES0000000000003409CCPF;29/05/2023;1;0,033;R
ES0000000000003409CCPF;29/05/2023;2;0,034;R
ES0000000000003409CCPF;29/05/2023;3;0,032;R
ES0000000000003409CCPF;29/05/2023;4;0,034;R
ES0000000000003409CCPF;29/05/2023;5;0,032;R
ES0000000000003409CCPF;29/05/2023;6;0,033;R
ES0000000000003409CCPF;29/05/2023;7;0,026;R
ES0000000000003409CCPF;29/05/2023;8;0,584;R
ES0000000000003409CCPF;29/05/2023;9;1,301;R
ES0000000000003409CCPF;29/05/2023;10;0,267;R
ES0000000000003409CCPF;29/05/2023;11;0,977;R
ES0000000000003409CCPF;29/05/2023;12;0,029;R
ES0000000000003409CCPF;29/05/2023;13;0,039;R
ES0000000000003409CCPF;29/05/2023;14;0,142;R
ES0000000000003409CCPF;29/05/2023;15;0,041;R
ES0000000000003409CCPF;29/05/2023;16;0,037;R
ES0000000000003409CCPF;29/05/2023;17;0,13;R
ES0000000000003409CCPF;29/05/2023;18;0,657;R
ES0000000000003409CCPF;29/05/2023;19;0,635;R
ES0000000000003409CCPF;29/05/2023;20;0,157;R
ES0000000000003409CCPF;29/05/2023;21;0,336;R
ES0000000000003409CCPF;29/05/2023;22;0,97;R
ES0000000000003409CCPF;29/05/2023;23;0,146;R
ES0000000000003409CCPF;30/05/2023;0;0,057;R
ES0000000000003409CCPF;30/05/2023;1;0,039;R
ES0000000000003409CCPF;30/05/2023;2;0,027;R
ES0000000000003409CCPF;30/05/2023;3;0,038;R
ES0000000000003409CCPF;30/05/2023;4;0,031;R
ES0000000000003409CCPF;30/05/2023;5;0,034;R
ES0000000000003409CCPF;30/05/2023;6;0,035;R
ES0000000000003409CCPF;30/05/2023;7;0,033;R
ES0000000000003409CCPF;30/05/2023;8;0,034;R
ES0000000000003409CCPF;30/05/2023;9;0,097;R
ES0000000000003409CCPF;30/05/2023;10;0,078;R
ES0000000000003409CCPF;30/05/2023;11;0,482;R
ES0000000000003409CCPF;30/05/2023;12;1,929;R
ES0000000000003409CCPF;30/05/2023;13;1,515;R
ES0000000000003409CCPF;30/05/2023;14;0,173;R
ES0000000000003409CCPF;30/05/2023;15;0,166;R
ES0000000000003409CCPF;30/05/2023;16;0,187;R
ES0000000000003409CCPF;30/05/2023;17;0,506;R
ES0000000000003409CCPF;30/05/2023;18;0,324;R
ES0000000000003409CCPF;30/05/2023;19;0,067;R
ES0000000000003409CCPF;30/05/2023;20;0,405;R
ES0000000000003409CCPF;30/05/2023;21;1,003;R
ES0000000000003409CCPF;30/05/2023;22;0,398;R
ES0000000000003409CCPF;30/05/2023;23;0,27;R
ES0000000000003409CCPF;31/05/2023;0;0,057;R
ES0000000000003409CCPF;31/05/2023;1;0,032;R
ES0000000000003409CCPF;31/05/2023;2;0,035;R
ES0000000000003409CCPF;31/05/2023;3;0,035;R
ES0000000000003409CCPF;31/05/2023;4;0,035;R
ES0000000000003409CCPF;31/05/2023;5;0,035;R
ES0000000000003409CCPF;31/05/2023;6;0,034;R
ES0000000000003409CCPF;31/05/2023;7;0,035;R
ES0000000000003409CCPF;31/05/2023;8;0,033;R
ES0000000000003409CCPF;31/05/2023;9;0,126;R
ES0000000000003409CCPF;31/05/2023;10;0,028;R
ES0000000000003409CCPF;31/05/2023;11;0,029;R
ES0000000000003409CCPF;31/05/2023;12;0,076;R
ES0000000000003409CCPF;31/05/2023;13;0,79;R
ES0000000000003409CCPF;31/05/2023;14;0,724;R
ES0000000000003409CCPF;31/05/2023;15;0,049;R
ES0000000000003409CCPF;31/05/2023;16;0,036;R
ES0000000000003409CCPF;31/05/2023;17;0,033;R
ES0000000000003409CCPF;31/05/2023;18;0,053;R
ES0000000000003409CCPF;31/05/2023;19;0,56;R
ES0000000000003409CCPF;31/05/2023;20;1,288;R
ES0000000000003409CCPF;31/05/2023;21;1,005;R
ES0000000000003409CCPF;31/05/2023;22;0,887;R
ES0000000000003409CCPF;31/05/2023;23;1,476;R
ES0000000000003409CCPF;01/06/2023;0;0,552;R
ES0000000000003409CCPF;01/06/2023;1;0,154;R
ES0000000000003409CCPF;01/06/2023;2;1,458;R
ES0000000000003409CCPF;01/06/2023;3;0,356;R
ES0000000000003409CCPF;01/06/2023;4;0,033;R
ES0000000000003409CCPF;01/06/2023;5;0,034;R
ES0000000000003409CCPF;01/06/2023;6;0,033;R
ES0000000000003409CCPF;01/06/2023;7;0,034;R
ES0000000000003409CCPF;01/06/2023;8;0,096;R
ES0000000000003409CCPF;01/06/2023;9;0,241;R
ES0000000000003409CCPF;01/06/2023;10;0,071;R
ES0000000000003409CCPF;01/06/2023;11;0,041;R
ES0000000000003409CCPF;01/06/2023;12;0,035;R
ES0000000000003409CCPF;01/06/2023;13;0,038;R
ES0000000000003409CCPF;01/06/2023;14;0,032;R
ES0000000000003409CCPF;01/06/2023;15;0,076;R
ES0000000000003409CCPF;01/06/2023;16;0,039;R
ES0000000000003409CCPF;01/06/2023;17;0,064;R
ES0000000000003409CCPF;01/06/2023;18;0,046;R
ES0000000000003409CCPF;01/06/2023;19;0,071;R
ES0000000000003409CCPF;01/06/2023;20;0,08;R
ES0000000000003409CCPF;01/06/2023;21;0,289;R
ES0000000000003409CCPF;01/06/2023;22;0,808;R
ES0000000000003409CCPF;01/06/2023;23;1,311;R
ES0000000000003409CCPF;02/06/2023;0;0,153;R
ES0000000000003409CCPF;02/06/2023;1;0,078;R
ES0000000000003409CCPF;02/06/2023;2;0,041;R
ES0000000000003409CCPF;02/06/2023;3;0,038;R
ES0000000000003409CCPF;02/06/2023;4;0,037;R
ES0000000000003409CCPF;02/06/2023;5;0,036;R
ES0000000000003409CCPF;02/06/2023;6;0,036;R
ES0000000000003409CCPF;02/06/2023;7;0,035;R
ES0000000000003409CCPF;02/06/2023;8;0,088;R
ES0000000000003409CCPF;02/06/2023;9;0,115;R
ES0000000000003409CCPF;02/06/2023;10;0,069;R
ES0000000000003409CCPF;02/06/2023;11;0,055;R
ES0000000000003409CCPF;02/06/2023;12;0,705;R
ES0000000000003409CCPF;02/06/2023;13;1,505;R
ES0000000000003409CCPF;02/06/2023;14;0,546;R
ES0000000000003409CCPF;02/06/2023;15;0,037;R
ES0000000000003409CCPF;02/06/2023;16;0,034;R
ES0000000000003409CCPF;02/06/2023;17;0,034;R
ES0000000000003409CCPF;02/06/2023;18;0,034;R
ES0000000000003409CCPF;02/06/2023;19;0,035;R
ES0000000000003409CCPF;02/06/2023;20;0,032;R
ES0000000000003409CCPF;02/06/2023;21;0,036;R
ES0000000000003409CCPF;02/06/2023;22;0,027;R
ES0000000000003409CCPF;02/06/2023;23;0,036;R
ES0000000000003409CCPF;03/06/2023;0;0,026;R
ES0000000000003409CCPF;03/06/2023;1;0,036;R
ES0000000000003409CCPF;03/06/2023;2;0,031;R
ES0000000000003409CCPF;03/06/2023;3;0,034;R
ES0000000000003409CCPF;03/06/2023;4;0,035;R
ES0000000000003409CCPF;03/06/2023;5;0,033;R
ES0000000000003409CCPF;03/06/2023;6;0,034;R
ES0000000000003409CCPF;03/06/2023;7;0,03;R
ES0000000000003409CCPF;03/06/2023;8;0,035;R
ES0000000000003409CCPF;03/06/2023;9;0,094;R
ES0000000000003409CCPF;03/06/2023;10;0,059;R
ES0000000000003409CCPF;03/06/2023;11;0,036;R
ES0000000000003409CCPF;03/06/2023;12;0,034;R
ES0000000000003409CCPF;03/06/2023;13;0,035;R
ES0000000000003409CCPF;03/06/2023;14;0,031;R
ES0000000000003409CCPF;03/06/2023;15;0,035;R
ES0000000000003409CCPF;03/06/2023;16;0,026;R
ES0000000000003409CCPF;03/06/2023;17;0,036;R
ES0000000000003409CCPF;03/06/2023;18;0,026;R
ES0000000000003409CCPF;03/06/2023;19;0,038;R
ES0000000000003409CCPF;03/06/2023;20;0,031;R
ES0000000000003409CCPF;03/06/2023;21;0,034;R
ES0000000000003409CCPF;03/06/2023;22;0,034;R
ES0000000000003409CCPF;03/06/2023;23;0,034;R
ES0000000000003409CCPF;04/06/2023;0;0,034;R
ES0000000000003409CCPF;04/06/2023;1;0,033;R
ES0000000000003409CCPF;04/06/2023;2;0,035;R
ES0000000000003409CCPF;04/06/2023;3;0,031;R
ES0000000000003409CCPF;04/06/2023;4;0,035;R
ES0000000000003409CCPF;04/06/2023;5;0,027;R
ES0000000000003409CCPF;04/06/2023;6;0,036;R
ES0000000000003409CCPF;04/06/2023;7;0,025;R
ES0000000000003409CCPF;04/06/2023;8;0,036;R
ES0000000000003409CCPF;04/06/2023;9;0,029;R
ES0000000000003409CCPF;04/06/2023;10;0,034;R
ES0000000000003409CCPF;04/06/2023;11;0,034;R
ES0000000000003409CCPF;04/06/2023;12;0,033;R
ES0000000000003409CCPF;04/06/2023;13;0,034;R
ES0000000000003409CCPF;04/06/2023;14;0,032;R
ES0000000000003409CCPF;04/06/2023;15;0,034;R
ES0000000000003409CCPF;04/06/2023;16;0,519;R
ES0000000000003409CCPF;04/06/2023;17;0,129;R
ES0000000000003409CCPF;04/06/2023;18;0,026;R
ES0000000000003409CCPF;04/06/2023;19;0,034;R
ES0000000000003409CCPF;04/06/2023;20;0,029;R
ES0000000000003409CCPF;04/06/2023;21;0,034;R
ES0000000000003409CCPF;04/06/2023;22;0,034;R
ES0000000000003409CCPF;04/06/2023;23;0,034;R
ES0000000000003409CCPF;05/06/2023;0;1,205;R
ES0000000000003409CCPF;05/06/2023;1;0,942;R
ES0000000000003409CCPF;05/06/2023;2;0,044;R
ES0000000000003409CCPF;05/06/2023;3;0,027;R
ES0000000000003409CCPF;05/06/2023;4;0,037;R
ES0000000000003409CCPF;05/06/2023;5;0,026;R
ES0000000000003409CCPF;05/06/2023;6;0,037;R
ES0000000000003409CCPF;05/06/2023;7;0,031;R
ES0000000000003409CCPF;05/06/2023;8;0,035;R
ES0000000000003409CCPF;05/06/2023;9;0,034;R
ES0000000000003409CCPF;05/06/2023;10;0,075;R
ES0000000000003409CCPF;05/06/2023;11;0,111;R
ES0000000000003409CCPF;05/06/2023;12;0,811;R
ES0000000000003409CCPF;05/06/2023;13;0,06;R
ES0000000000003409CCPF;05/06/2023;14;0,112;R
ES0000000000003409CCPF;05/06/2023;15;0,87;R
ES0000000000003409CCPF;05/06/2023;16;0,553;R
ES0000000000003409CCPF;05/06/2023;17;0,446;R
ES0000000000003409CCPF;05/06/2023;18;0,03;R
ES0000000000003409CCPF;05/06/2023;19;0,039;R
ES0000000000003409CCPF;05/06/2023;20;0,032;R
ES0000000000003409CCPF;05/06/2023;21;0,074;R
ES0000000000003409CCPF;05/06/2023;22;0,099;R
ES0000000000003409CCPF;05/06/2023;23;0,085;R
ES0000000000003409CCPF;06/06/2023;0;0,067;R
ES0000000000003409CCPF;06/06/2023;1;0,033;R
ES0000000000003409CCPF;06/06/2023;2;0,04;R
ES0000000000003409CCPF;06/06/2023;3;0,026;R
ES0000000000003409CCPF;06/06/2023;4;0,04;R
ES0000000000003409CCPF;06/06/2023;5;0,031;R
ES0000000000003409CCPF;06/06/2023;6;0,036;R
ES0000000000003409CCPF;06/06/2023;7;0,035;R
ES0000000000003409CCPF;06/06/2023;8;0,096;R
ES0000000000003409CCPF;06/06/2023;9;0,707;R
ES0000000000003409CCPF;06/06/2023;10;0,673;R
ES0000000000003409CCPF;06/06/2023;11;0,18;R
ES0000000000003409CCPF;06/06/2023;12;0,615;R
ES0000000000003409CCPF;06/06/2023;13;0,04;R
ES0000000000003409CCPF;06/06/2023;14;0,036;R
ES0000000000003409CCPF;06/06/2023;15;0,157;R
ES0000000000003409CCPF;06/06/2023;16;0,053;R
ES0000000000003409CCPF;06/06/2023;17;0,04;R
ES0000000000003409CCPF;06/06/2023;18;0,036;R
ES0000000000003409CCPF;06/06/2023;19;0,035;R
ES0000000000003409CCPF;06/06/2023;20;0,035;R
ES0000000000003409CCPF;06/06/2023;21;0,036;R
ES0000000000003409CCPF;06/06/2023;22;0,09;R
ES0000000000003409CCPF;06/06/2023;23;0,061;R
ES0000000000003409CCPF;07/06/2023;0;0,037;R
ES0000000000003409CCPF;07/06/2023;1;0,074;R
ES0000000000003409CCPF;07/06/2023;2;0,101;R
ES0000000000003409CCPF;07/06/2023;3;0,066;R
ES0000000000003409CCPF;07/06/2023;4;0,042;R
ES0000000000003409CCPF;07/06/2023;5;0,055;R
ES0000000000003409CCPF;07/06/2023;6;0,042;R
ES0000000000003409CCPF;07/06/2023;7;0,043;R
ES0000000000003409CCPF;07/06/2023;8;0,034;R
ES0000000000003409CCPF;07/06/2023;9;0,111;R
ES0000000000003409CCPF;07/06/2023;10;0,045;R
ES0000000000003409CCPF;07/06/2023;11;0,04;R
ES0000000000003409CCPF;07/06/2023;12;0,235;R
ES0000000000003409CCPF;07/06/2023;13;1,303;R
ES0000000000003409CCPF;07/06/2023;14;0,035;R
ES0000000000003409CCPF;07/06/2023;15;0,034;R
ES0000000000003409CCPF;07/06/2023;16;0,046;R
ES0000000000003409CCPF;07/06/2023;17;0,066;R
ES0000000000003409CCPF;07/06/2023;18;0,089;R
ES0000000000003409CCPF;07/06/2023;19;0,038;R
ES0000000000003409CCPF;07/06/2023;20;0,051;R
ES0000000000003409CCPF;07/06/2023;21;0,037;R
ES0000000000003409CCPF;07/06/2023;22;0,053;R
ES0000000000003409CCPF;07/06/2023;23;0,088;R
ES0000000000003409CCPF;08/06/2023;0;0,045;R
ES0000000000003409CCPF;08/06/2023;1;0,034;R
ES0000000000003409CCPF;08/06/2023;2;0,035;R
ES0000000000003409CCPF;08/06/2023;3;0,034;R
ES0000000000003409CCPF;08/06/2023;4;0,036;R
ES0000000000003409CCPF;08/06/2023;5;0,032;R
ES0000000000003409CCPF;08/06/2023;6;0,037;R
ES0000000000003409CCPF;08/06/2023;7;0,029;R
ES0000000000003409CCPF;08/06/2023;8;0,039;R
ES0000000000003409CCPF;08/06/2023;9;0,093;R
ES0000000000003409CCPF;08/06/2023;10;0,077;R
ES0000000000003409CCPF;08/06/2023;11;0,082;R
ES0000000000003409CCPF;08/06/2023;12;0,122;R
ES0000000000003409CCPF;08/06/2023;13;0,92;R
ES0000000000003409CCPF;08/06/2023;14;0,425;R
ES0000000000003409CCPF;08/06/2023;15;0,038;R
ES0000000000003409CCPF;08/06/2023;16;0,765;R
ES0000000000003409CCPF;08/06/2023;17;0,031;R
ES0000000000003409CCPF;08/06/2023;18;0,036;R
ES0000000000003409CCPF;08/06/2023;19;0,034;R
ES0000000000003409CCPF;08/06/2023;20;0,034;R
ES0000000000003409CCPF;08/06/2023;21;0,035;R
ES0000000000003409CCPF;08/06/2023;22;0,033;R
ES0000000000003409CCPF;08/06/2023;23;0,1;R
ES0000000000003409CCPF;09/06/2023;0;0,092;R
ES0000000000003409CCPF;09/06/2023;1;0,056;R
ES0000000000003409CCPF;09/06/2023;2;0,04;R
ES0000000000003409CCPF;09/06/2023;3;0,036;R
ES0000000000003409CCPF;09/06/2023;4;0,037;R
ES0000000000003409CCPF;09/06/2023;5;0,035;R
ES0000000000003409CCPF;09/06/2023;6;0,038;R
ES0000000000003409CCPF;09/06/2023;7;0,035;R
ES0000000000003409CCPF;09/06/2023;8;0,038;R
ES0000000000003409CCPF;09/06/2023;9;0,029;R
ES0000000000003409CCPF;09/06/2023;10;0,046;R
ES0000000000003409CCPF;09/06/2023;11;0,352;R
ES0000000000003409CCPF;09/06/2023;12;1,207;R
ES0000000000003409CCPF;09/06/2023;13;0,947;R
ES0000000000003409CCPF;09/06/2023;14;0,454;R
ES0000000000003409CCPF;09/06/2023;15;0,097;R
ES0000000000003409CCPF;09/06/2023;16;0,043;R
ES0000000000003409CCPF;09/06/2023;17;1,446;R
ES0000000000003409CCPF;09/06/2023;18;0,799;R
ES0000000000003409CCPF;09/06/2023;19;0,038;R
ES0000000000003409CCPF;09/06/2023;20;0,037;R
ES0000000000003409CCPF;09/06/2023;21;0,026;R
ES0000000000003409CCPF;09/06/2023;22;0,038;R
ES0000000000003409CCPF;09/06/2023;23;0,026;R
ES0000000000003409CCPF;10/06/2023;0;0,038;R
ES0000000000003409CCPF;10/06/2023;1;0,033;R
ES0000000000003409CCPF;10/06/2023;2;0,06;R
ES0000000000003409CCPF;10/06/2023;3;0,045;R
ES0000000000003409CCPF;10/06/2023;4;0,036;R
ES0000000000003409CCPF;10/06/2023;5;0,035;R
ES0000000000003409CCPF;10/06/2023;6;0,087;R
ES0000000000003409CCPF;10/06/2023;7;0,061;R
ES0000000000003409CCPF;10/06/2023;8;0,037;R
ES0000000000003409CCPF;10/06/2023;9;0,039;R
ES0000000000003409CCPF;10/06/2023;10;0,077;R
ES0000000000003409CCPF;10/06/2023;11;0,04;R
ES0000000000003409CCPF;10/06/2023;12;0,892;R
ES0000000000003409CCPF;10/06/2023;13;0,719;R
ES0000000000003409CCPF;10/06/2023;14;0,148;R
ES0000000000003409CCPF;10/06/2023;15;0,058;R
ES0000000000003409CCPF;10/06/2023;16;0,043;R
ES0000000000003409CCPF;10/06/2023;17;0,159;R
ES0000000000003409CCPF;10/06/2023;18;0,135;R
ES0000000000003409CCPF;10/06/2023;19;0,106;R
ES0000000000003409CCPF;10/06/2023;20;0,185;R
ES0000000000003409CCPF;10/06/2023;21;0,102;R
ES0000000000003409CCPF;10/06/2023;22;0,105;R
ES0000000000003409CCPF;10/06/2023;23;0,298;R
ES0000000000003409CCPF;11/06/2023;0;0,468;R
ES0000000000003409CCPF;11/06/2023;1;0,148;R
ES0000000000003409CCPF;11/06/2023;2;0,077;R
ES0000000000003409CCPF;11/06/2023;3;0,03;R
ES0000000000003409CCPF;11/06/2023;4;0,098;R
ES0000000000003409CCPF;11/06/2023;5;0,061;R
ES0000000000003409CCPF;11/06/2023;6;0,037;R
ES0000000000003409CCPF;11/06/2023;7;0,036;R
ES0000000000003409CCPF;11/06/2023;8;0,036;R
ES0000000000003409CCPF;11/06/2023;9;0,037;R
ES0000000000003409CCPF;11/06/2023;10;0,136;R
ES0000000000003409CCPF;11/06/2023;11;0,042;R
ES0000000000003409CCPF;11/06/2023;12;0,141;R
ES0000000000003409CCPF;11/06/2023;13;0,033;R
ES0000000000003409CCPF;11/06/2023;14;0,036;R
ES0000000000003409CCPF;11/06/2023;15;0,034;R
ES0000000000003409CCPF;11/06/2023;16;0,035;R
ES0000000000003409CCPF;11/06/2023;17;0,084;R
ES0000000000003409CCPF;11/06/2023;18;0,125;R
ES0000000000003409CCPF;11/06/2023;19;0,102;R
ES0000000000003409CCPF;11/06/2023;20;1,505;R
ES0000000000003409CCPF;11/06/2023;21;1,655;R
ES0000000000003409CCPF;11/06/2023;22;0,788;R
ES0000000000003409CCPF;11/06/2023;23;0,268;R
ES0000000000003409CCPF;12/06/2023;0;0,477;R
ES0000000000003409CCPF;12/06/2023;1;0,064;R
ES0000000000003409CCPF;12/06/2023;2;0,04;R
ES0000000000003409CCPF;12/06/2023;3;0,041;R
ES0000000000003409CCPF;12/06/2023;4;0,039;R
ES0000000000003409CCPF;12/06/2023;5;0,042;R
ES0000000000003409CCPF;12/06/2023;6;0,037;R
ES0000000000003409CCPF;12/06/2023;7;0,041;R
ES0000000000003409CCPF;12/06/2023;8;0,096;R
ES0000000000003409CCPF;12/06/2023;9;0,272;R
ES0000000000003409CCPF;12/06/2023;10;0,108;R
ES0000000000003409CCPF;12/06/2023;11;0,041;R
ES0000000000003409CCPF;12/06/2023;12;0,059;R
ES0000000000003409CCPF;12/06/2023;13;0,094;R
ES0000000000003409CCPF;12/06/2023;14;0,345;R
ES0000000000003409CCPF;12/06/2023;15;0,264;R
ES0000000000003409CCPF;12/06/2023;16;0,783;R
ES0000000000003409CCPF;12/06/2023;17;1,172;R
ES0000000000003409CCPF;12/06/2023;18;0,071;R
ES0000000000003409CCPF;12/06/2023;19;0,039;R
ES0000000000003409CCPF;12/06/2023;20;0,066;R
ES0000000000003409CCPF;12/06/2023;21;0,061;R
ES0000000000003409CCPF;12/06/2023;22;1,241;R
ES0000000000003409CCPF;12/06/2023;23;1,349;R
ES0000000000003409CCPF;13/06/2023;0;0,033;R
ES0000000000003409CCPF;13/06/2023;1;0,042;R
ES0000000000003409CCPF;13/06/2023;2;0,036;R
ES0000000000003409CCPF;13/06/2023;3;0,036;R
ES0000000000003409CCPF;13/06/2023;4;0,038;R
ES0000000000003409CCPF;13/06/2023;5;0,039;R
ES0000000000003409CCPF;13/06/2023;6;0,037;R
ES0000000000003409CCPF;13/06/2023;7;0,028;R
ES0000000000003409CCPF;13/06/2023;8;0,233;R
ES0000000000003409CCPF;13/06/2023;9;0,502;R
ES0000000000003409CCPF;13/06/2023;10;0,102;R
ES0000000000003409CCPF;13/06/2023;11;0,119;R
ES0000000000003409CCPF;13/06/2023;12;0,063;R
ES0000000000003409CCPF;13/06/2023;13;0,046;R
ES0000000000003409CCPF;13/06/2023;14;0,037;R
ES0000000000003409CCPF;13/06/2023;15;0,076;R
ES0000000000003409CCPF;13/06/2023;16;0,473;R
ES0000000000003409CCPF;13/06/2023;17;0,253;R
ES0000000000003409CCPF;13/06/2023;18;0,037;R
ES0000000000003409CCPF;13/06/2023;19;0,057;R
ES0000000000003409CCPF;13/06/2023;20;0,075;R
ES0000000000003409CCPF;13/06/2023;21;0,07;R
ES0000000000003409CCPF;13/06/2023;22;0,358;R
ES0000000000003409CCPF;13/06/2023;23;0,769;R
ES0000000000003409CCPF;14/06/2023;0;0,063;R
ES0000000000003409CCPF;14/06/2023;1;0,047;R
ES0000000000003409CCPF;14/06/2023;2;0,034;R
ES0000000000003409CCPF;14/06/2023;3;0,042;R
ES0000000000003409CCPF;14/06/2023;4;0,032;R
ES0000000000003409CCPF;14/06/2023;5;0,038;R
ES0000000000003409CCPF;14/06/2023;6;0,035;R
ES0000000000003409CCPF;14/06/2023;7;0,057;R
ES0000000000003409CCPF;14/06/2023;8;1,518;R
ES0000000000003409CCPF;14/06/2023;9;0,155;R
ES0000000000003409CCPF;14/06/2023;10;0,068;R
ES0000000000003409CCPF;14/06/2023;11;0,031;R
ES0000000000003409CCPF;14/06/2023;12;0,081;R
ES0000000000003409CCPF;14/06/2023;13;0,058;R
ES0000000000003409CCPF;14/06/2023;14;0,487;R
ES0000000000003409CCPF;14/06/2023;15;0,622;R
ES0000000000003409CCPF;14/06/2023;16;0,082;R
ES0000000000003409CCPF;14/06/2023;17;0,034;R
ES0000000000003409CCPF;14/06/2023;18;0,059;R
ES0000000000003409CCPF;14/06/2023;19;0,087;R
ES0000000000003409CCPF;14/06/2023;20;1,063;R
ES0000000000003409CCPF;14/06/2023;21;0,383;R
ES0000000000003409CCPF;14/06/2023;22;0,117;R
ES0000000000003409CCPF;14/06/2023;23;0,116;R
ES0000000000003409CCPF;15/06/2023;0;0,653;R
ES0000000000003409CCPF;15/06/2023;1;0,048;R
ES0000000000003409CCPF;15/06/2023;2;0,044;R
ES0000000000003409CCPF;15/06/2023;3;0,038;R
ES0000000000003409CCPF;15/06/2023;4;0,037;R
ES0000000000003409CCPF;15/06/2023;5;0,036;R
ES0000000000003409CCPF;15/06/2023;6;0,037;R
ES0000000000003409CCPF;15/06/2023;7;0,035;R
ES0000000000003409CCPF;15/06/2023;8;0,076;R
ES0000000000003409CCPF;15/06/2023;9;0,101;R
ES0000000000003409CCPF;15/06/2023;10;0,084;R
ES0000000000003409CCPF;15/06/2023;11;0,101;R
ES0000000000003409CCPF;15/06/2023;12;0,066;R
ES0000000000003409CCPF;15/06/2023;13;0,142;R
ES0000000000003409CCPF;15/06/2023;14;0,084;R
ES0000000000003409CCPF;15/06/2023;15;0,967;R
ES0000000000003409CCPF;15/06/2023;16;0,607;R
ES0000000000003409CCPF;15/06/2023;17;0,102;R
ES0000000000003409CCPF;15/06/2023;18;0,063;R
ES0000000000003409CCPF;15/06/2023;19;0,041;R
ES0000000000003409CCPF;15/06/2023;20;0,039;R
ES0000000000003409CCPF;15/06/2023;21;0,216;R
ES0000000000003409CCPF;15/06/2023;22;1,531;R
ES0000000000003409CCPF;15/06/2023;23;0,377;R
ES0000000000003409CCPF;16/06/2023;0;0,039;R
ES0000000000003409CCPF;16/06/2023;1;0,038;R
ES0000000000003409CCPF;16/06/2023;2;0,037;R
ES0000000000003409CCPF;16/06/2023;3;0,038;R
ES0000000000003409CCPF;16/06/2023;4;0,037;R
ES0000000000003409CCPF;16/06/2023;5;0,037;R
ES0000000000003409CCPF;16/06/2023;6;0,039;R
ES0000000000003409CCPF;16/06/2023;7;0,036;R
ES0000000000003409CCPF;16/06/2023;8;0,061;R
ES0000000000003409CCPF;16/06/2023;9;0,565;R
ES0000000000003409CCPF;16/06/2023;10;0,356;R
ES0000000000003409CCPF;16/06/2023;11;0,071;R
ES0000000000003409CCPF;16/06/2023;12;0,16;R
ES0000000000003409CCPF;16/06/2023;13;0,084;R
ES0000000000003409CCPF;16/06/2023;14;0,067;R
ES0000000000003409CCPF;16/06/2023;15;0,049;R
ES0000000000003409CCPF;16/06/2023;16;0,105;R
ES0000000000003409CCPF;16/06/2023;17;0,072;R
ES0000000000003409CCPF;16/06/2023;18;0,049;R
ES0000000000003409CCPF;16/06/2023;19;0,042;R
ES0000000000003409CCPF;16/06/2023;20;0,04;R
ES0000000000003409CCPF;16/06/2023;21;0,039;R
ES0000000000003409CCPF;16/06/2023;22;0,04;R
ES0000000000003409CCPF;16/06/2023;23;0,073;R
ES0000000000003409CCPF;17/06/2023;0;0,05;R
ES0000000000003409CCPF;17/06/2023;1;0,167;R
ES0000000000003409CCPF;17/06/2023;2;0,143;R
ES0000000000003409CCPF;17/06/2023;3;0,126;R
ES0000000000003409CCPF;17/06/2023;4;0,116;R
ES0000000000003409CCPF;17/06/2023;5;0,111;R
ES0000000000003409CCPF;17/06/2023;6;0,109;R
ES0000000000003409CCPF;17/06/2023;7;0,107;R
ES0000000000003409CCPF;17/06/2023;8;0,109;R
ES0000000000003409CCPF;17/06/2023;9;0,132;R
ES0000000000003409CCPF;17/06/2023;10;0,16;R
ES0000000000003409CCPF;17/06/2023;11;0,179;R
ES0000000000003409CCPF;17/06/2023;12;0,187;R
ES0000000000003409CCPF;17/06/2023;13;0,193;R
ES0000000000003409CCPF;17/06/2023;14;0,206;R
ES0000000000003409CCPF;17/06/2023;15;0,206;R
ES0000000000003409CCPF;17/06/2023;16;0,185;R
ES0000000000003409CCPF;17/06/2023;17;0,172;R
ES0000000000003409CCPF;17/06/2023;18;0,167;R
ES0000000000003409CCPF;17/06/2023;19;0,168;R
ES0000000000003409CCPF;17/06/2023;20;0,17;R
ES0000000000003409CCPF;17/06/2023;21;0,177;R
ES0000000000003409CCPF;17/06/2023;22;0,194;R
ES0000000000003409CCPF;17/06/2023;23;0,208;R
ES0000000000003409CCPF;18/06/2023;0;0,189;R
ES0000000000003409CCPF;18/06/2023;1;0,062;R
ES0000000000003409CCPF;18/06/2023;2;0,042;R
ES0000000000003409CCPF;18/06/2023;3;0,041;R
ES0000000000003409CCPF;18/06/2023;4;0,041;R
ES0000000000003409CCPF;18/06/2023;5;0,047;R
ES0000000000003409CCPF;18/06/2023;6;0,046;R
ES0000000000003409CCPF;18/06/2023;7;0,041;R
ES0000000000003409CCPF;18/06/2023;8;0,041;R
ES0000000000003409CCPF;18/06/2023;9;0,576;R
ES0000000000003409CCPF;18/06/2023;10;0,58;R
ES0000000000003409CCPF;18/06/2023;11;0,845;R
ES0000000000003409CCPF;18/06/2023;12;1,016;R
ES0000000000003409CCPF;18/06/2023;13;0,578;R
ES0000000000003409CCPF;18/06/2023;14;0,902;R
ES0000000000003409CCPF;18/06/2023;15;1,367;R
ES0000000000003409CCPF;18/06/2023;16;0,327;R
ES0000000000003409CCPF;18/06/2023;17;0,033;R
ES0000000000003409CCPF;18/06/2023;18;0,044;R
ES0000000000003409CCPF;18/06/2023;19;0,04;R
ES0000000000003409CCPF;18/06/2023;20;0,04;R
ES0000000000003409CCPF;18/06/2023;21;0,05;R
ES0000000000003409CCPF;18/06/2023;22;1,323;R
ES0000000000003409CCPF;18/06/2023;23;0,138;R
ES0000000000003409CCPF;19/06/2023;0;0,078;R
ES0000000000003409CCPF;19/06/2023;1;0,071;R
ES0000000000003409CCPF;19/06/2023;2;0,058;R
ES0000000000003409CCPF;19/06/2023;3;0,035;R
ES0000000000003409CCPF;19/06/2023;4;0,06;R
ES0000000000003409CCPF;19/06/2023;5;0,047;R
ES0000000000003409CCPF;19/06/2023;6;0,044;R
ES0000000000003409CCPF;19/06/2023;7;0,041;R
ES0000000000003409CCPF;19/06/2023;8;0,05;R
ES0000000000003409CCPF;19/06/2023;9;0,044;R
ES0000000000003409CCPF;19/06/2023;10;0,078;R
ES0000000000003409CCPF;19/06/2023;11;0,079;R
ES0000000000003409CCPF;19/06/2023;12;0,07;R
ES0000000000003409CCPF;19/06/2023;13;0,145;R
ES0000000000003409CCPF;19/06/2023;14;1,076;R
ES0000000000003409CCPF;19/06/2023;15;0,218;R
ES0000000000003409CCPF;19/06/2023;16;0,031;R
ES0000000000003409CCPF;19/06/2023;17;0,085;R
ES0000000000003409CCPF;19/06/2023;18;0,074;R
ES0000000000003409CCPF;19/06/2023;19;0,055;R
ES0000000000003409CCPF;19/06/2023;20;0,042;R
ES0000000000003409CCPF;19/06/2023;21;0,04;R
ES0000000000003409CCPF;19/06/2023;22;0,037;R
ES0000000000003409CCPF;19/06/2023;23;0,11;R
ES0000000000003409CCPF;20/06/2023;0;0,054;R
ES0000000000003409CCPF;20/06/2023;1;0,046;R
ES0000000000003409CCPF;20/06/2023;2;0,043;R
ES0000000000003409CCPF;20/06/2023;3;0,033;R
ES0000000000003409CCPF;20/06/2023;4;0,043;R
ES0000000000003409CCPF;20/06/2023;5;0,046;R
ES0000000000003409CCPF;20/06/2023;6;0,04;R
ES0000000000003409CCPF;20/06/2023;7;0,039;R
ES0000000000003409CCPF;20/06/2023;8;0,038;R
ES0000000000003409CCPF;20/06/2023;9;0,075;R
ES0000000000003409CCPF;20/06/2023;10;0,073;R
ES0000000000003409CCPF;20/06/2023;11;0,411;R
ES0000000000003409CCPF;20/06/2023;12;0,471;R
ES0000000000003409CCPF;20/06/2023;13;0,039;R
ES0000000000003409CCPF;20/06/2023;14;0,048;R
ES0000000000003409CCPF;20/06/2023;15;0,043;R
ES0000000000003409CCPF;20/06/2023;16;0,044;R
ES0000000000003409CCPF;20/06/2023;17;0,038;R
ES0000000000003409CCPF;20/06/2023;18;0,063;R
ES0000000000003409CCPF;20/06/2023;19;0,154;R
ES0000000000003409CCPF;20/06/2023;20;0,921;R
ES0000000000003409CCPF;20/06/2023;21;0,284;R
ES0000000000003409CCPF;20/06/2023;22;0,046;R
ES0000000000003409CCPF;20/06/2023;23;0,039;R
ES0000000000003409CCPF;21/06/2023;0;0,042;R
ES0000000000003409CCPF;21/06/2023;1;0,191;R
ES0000000000003409CCPF;21/06/2023;2;0,597;R
ES0000000000003409CCPF;21/06/2023;3;0,038;R
ES0000000000003409CCPF;21/06/2023;4;0,073;R
ES0000000000003409CCPF;21/06/2023;5;0,078;R
ES0000000000003409CCPF;21/06/2023;6;0,065;R
ES0000000000003409CCPF;21/06/2023;7;0,041;R
ES0000000000003409CCPF;21/06/2023;8;0,038;R
ES0000000000003409CCPF;21/06/2023;9;0,201;R
ES0000000000003409CCPF;21/06/2023;10;0,547;R
ES0000000000003409CCPF;21/06/2023;11;0,042;R
ES0000000000003409CCPF;21/06/2023;12;0,871;R
ES0000000000003409CCPF;21/06/2023;13;0,268;R
ES0000000000003409CCPF;21/06/2023;14;0,038;R
ES0000000000003409CCPF;21/06/2023;15;0,038;R
ES0000000000003409CCPF;21/06/2023;16;0,057;R
ES0000000000003409CCPF;21/06/2023;17;0,093;R
ES0000000000003409CCPF;21/06/2023;18;0,106;R
ES0000000000003409CCPF;21/06/2023;19;0,062;R
ES0000000000003409CCPF;21/06/2023;20;0,042;R
ES0000000000003409CCPF;21/06/2023;21;0,394;R
ES0000000000003409CCPF;21/06/2023;22;0,709;R
ES0000000000003409CCPF;21/06/2023;23;0,068;R
ES0000000000003409CCPF;22/06/2023;0;0,083;R
ES0000000000003409CCPF;22/06/2023;1;0,057;R
ES0000000000003409CCPF;22/06/2023;2;0,044;R
ES0000000000003409CCPF;22/06/2023;3;0,038;R
ES0000000000003409CCPF;22/06/2023;4;0,036;R
ES0000000000003409CCPF;22/06/2023;5;0,045;R
ES0000000000003409CCPF;22/06/2023;6;0,043;R
ES0000000000003409CCPF;22/06/2023;7;0,039;R
ES0000000000003409CCPF;22/06/2023;8;0,039;R
ES0000000000003409CCPF;22/06/2023;9;0,038;R
ES0000000000003409CCPF;22/06/2023;10;0,865;R
ES0000000000003409CCPF;22/06/2023;11;0,034;R
ES0000000000003409CCPF;22/06/2023;12;0,039;R
ES0000000000003409CCPF;22/06/2023;13;0,038;R
ES0000000000003409CCPF;22/06/2023;14;0,062;R
ES0000000000003409CCPF;22/06/2023;15;0,085;R
ES0000000000003409CCPF;22/06/2023;16;0,065;R
ES0000000000003409CCPF;22/06/2023;17;0,051;R
ES0000000000003409CCPF;22/06/2023;18;0,069;R
ES0000000000003409CCPF;22/06/2023;19;0,126;R
ES0000000000003409CCPF;22/06/2023;20;0,133;R
ES0000000000003409CCPF;22/06/2023;21;1,618;R
ES0000000000003409CCPF;22/06/2023;22;1,301;R
ES0000000000003409CCPF;22/06/2023;23;0,109;R
ES0000000000003409CCPF;23/06/2023;0;0,047;R
ES0000000000003409CCPF;23/06/2023;1;0,04;R
ES0000000000003409CCPF;23/06/2023;2;0,039;R
ES0000000000003409CCPF;23/06/2023;3;0,039;R
ES0000000000003409CCPF;23/06/2023;4;0,039;R
ES0000000000003409CCPF;23/06/2023;5;0,042;R
ES0000000000003409CCPF;23/06/2023;6;0,042;R
ES0000000000003409CCPF;23/06/2023;7;0,043;R
ES0000000000003409CCPF;23/06/2023;8;0,042;R
ES0000000000003409CCPF;23/06/2023;9;0,1;R
ES0000000000003409CCPF;23/06/2023;10;0,101;R
ES0000000000003409CCPF;23/06/2023;11;0,029;R
ES0000000000003409CCPF;23/06/2023;12;0,044;R
ES0000000000003409CCPF;23/06/2023;13;0,088;R
ES0000000000003409CCPF;23/06/2023;14;0,059;R
ES0000000000003409CCPF;23/06/2023;15;0,05;R
ES0000000000003409CCPF;23/06/2023;16;0,047;R
ES0000000000003409CCPF;23/06/2023;17;0,037;R
ES0000000000003409CCPF;23/06/2023;18;0,041;R
ES0000000000003409CCPF;23/06/2023;19;0,043;R
ES0000000000003409CCPF;23/06/2023;20;0,042;R
ES0000000000003409CCPF;23/06/2023;21;0,038;R
ES0000000000003409CCPF;23/06/2023;22;0,038;R
ES0000000000003409CCPF;23/06/2023;23;0,037;R
ES0000000000003409CCPF;24/06/2023;0;0,037;R
ES0000000000003409CCPF;24/06/2023;1;0,038;R
ES0000000000003409CCPF;24/06/2023;2;0,187;R
ES0000000000003409CCPF;24/06/2023;3;0,045;R
ES0000000000003409CCPF;24/06/2023;4;0,041;R
ES0000000000003409CCPF;24/06/2023;5;0,038;R
ES0000000000003409CCPF;24/06/2023;6;0,037;R
ES0000000000003409CCPF;24/06/2023;7;0,037;R
ES0000000000003409CCPF;24/06/2023;8;0,037;R
ES0000000000003409CCPF;24/06/2023;9;0,036;R
ES0000000000003409CCPF;24/06/2023;10;0,036;R
ES0000000000003409CCPF;24/06/2023;11;0,068;R
ES0000000000003409CCPF;24/06/2023;12;0,838;R
ES0000000000003409CCPF;24/06/2023;13;1,42;R
ES0000000000003409CCPF;24/06/2023;14;0,175;R
ES0000000000003409CCPF;24/06/2023;15;0,206;R
ES0000000000003409CCPF;24/06/2023;16;0,124;R
ES0000000000003409CCPF;24/06/2023;17;0,37;R
ES0000000000003409CCPF;24/06/2023;18;0,079;R
ES0000000000003409CCPF;24/06/2023;19;0,05;R
ES0000000000003409CCPF;24/06/2023;20;0,046;R
ES0000000000003409CCPF;24/06/2023;21;0,046;R
ES0000000000003409CCPF;24/06/2023;22;0,046;R
ES0000000000003409CCPF;24/06/2023;23;1,266;R
ES0000000000003409CCPF;25/06/2023;0;0,757;R
ES0000000000003409CCPF;25/06/2023;1;1,332;R
ES0000000000003409CCPF;25/06/2023;2;0,231;R
ES0000000000003409CCPF;25/06/2023;3;0,522;R
ES0000000000003409CCPF;25/06/2023;4;0,114;R
ES0000000000003409CCPF;25/06/2023;5;0,05;R
ES0000000000003409CCPF;25/06/2023;6;0,053;R
ES0000000000003409CCPF;25/06/2023;7;0,059;R
ES0000000000003409CCPF;25/06/2023;8;0,041;R
ES0000000000003409CCPF;25/06/2023;9;0,086;R
ES0000000000003409CCPF;25/06/2023;10;0,087;R
ES0000000000003409CCPF;25/06/2023;11;0,08;R
ES0000000000003409CCPF;25/06/2023;12;0,046;R
ES0000000000003409CCPF;25/06/2023;13;0,046;R
ES0000000000003409CCPF;25/06/2023;14;0,039;R
ES0000000000003409CCPF;25/06/2023;15;0,05;R
ES0000000000003409CCPF;25/06/2023;16;0,033;R
ES0000000000003409CCPF;25/06/2023;17;0,056;R
ES0000000000003409CCPF;25/06/2023;18;0,034;R
ES0000000000003409CCPF;25/06/2023;19;0,055;R
ES0000000000003409CCPF;25/06/2023;20;0,047;R
ES0000000000003409CCPF;25/06/2023;21;0,095;R
ES0000000000003409CCPF;25/06/2023;22;0,112;R
ES0000000000003409CCPF;25/06/2023;23;0,036;R
ES0000000000003409CCPF;26/06/2023;0;0,058;R
ES0000000000003409CCPF;26/06/2023;1;0,043;R
ES0000000000003409CCPF;26/06/2023;2;0,05;R
ES0000000000003409CCPF;26/06/2023;3;0,035;R
ES0000000000003409CCPF;26/06/2023;4;0,056;R
ES0000000000003409CCPF;26/06/2023;5;0,035;R
ES0000000000003409CCPF;26/06/2023;6;0,056;R
ES0000000000003409CCPF;26/06/2023;7;0,035;R
ES0000000000003409CCPF;26/06/2023;8;0,055;R
ES0000000000003409CCPF;26/06/2023;9;0,035;R
ES0000000000003409CCPF;26/06/2023;10;0,056;R
ES0000000000003409CCPF;26/06/2023;11;0,036;R
ES0000000000003409CCPF;26/06/2023;12;0,048;R
ES0000000000003409CCPF;26/06/2023;13;0,044;R
ES0000000000003409CCPF;26/06/2023;14;0,053;R
ES0000000000003409CCPF;26/06/2023;15;0,038;R
ES0000000000003409CCPF;26/06/2023;16;0,046;R
ES0000000000003409CCPF;26/06/2023;17;0,045;R
ES0000000000003409CCPF;26/06/2023;18;0,054;R
ES0000000000003409CCPF;26/06/2023;19;0,036;R
ES0000000000003409CCPF;26/06/2023;20;0,05;R
ES0000000000003409CCPF;26/06/2023;21;0,043;R
ES0000000000003409CCPF;26/06/2023;22;0,054;R
ES0000000000003409CCPF;26/06/2023;23;0,036;R
ES0000000000003409CCPF;27/06/2023;0;0,051;R
ES0000000000003409CCPF;27/06/2023;1;0,042;R
ES0000000000003409CCPF;27/06/2023;2;0,054;R
ES0000000000003409CCPF;27/06/2023;3;0,035;R
ES0000000000003409CCPF;27/06/2023;4;0,054;R
ES0000000000003409CCPF;27/06/2023;5;0,041;R
ES0000000000003409CCPF;27/06/2023;6;0,054;R
ES0000000000003409CCPF;27/06/2023;7;0,034;R
ES0000000000003409CCPF;27/06/2023;8;0,055;R
ES0000000000003409CCPF;27/06/2023;9;0,041;R
ES0000000000003409CCPF;27/06/2023;10;0,053;R
ES0000000000003409CCPF;27/06/2023;11;0,035;R
ES0000000000003409CCPF;27/06/2023;12;0,055;R
ES0000000000003409CCPF;27/06/2023;13;0,041;R
ES0000000000003409CCPF;27/06/2023;14;0,053;R
ES0000000000003409CCPF;27/06/2023;15;0,036;R
ES0000000000003409CCPF;27/06/2023;16;0,055;R
ES0000000000003409CCPF;27/06/2023;17;0,755;R
ES0000000000003409CCPF;27/06/2023;18;0,118;R
ES0000000000003409CCPF;27/06/2023;19;0,088;R
ES0000000000003409CCPF;27/06/2023;20;0,06;R
ES0000000000003409CCPF;27/06/2023;21;0,238;R
ES0000000000003409CCPF;27/06/2023;22;0,078;R
ES0000000000003409CCPF;27/06/2023;23;0,136;R
ES0000000000003409CCPF;28/06/2023;0;0,116;R
ES0000000000003409CCPF;28/06/2023;1;0,341;R
ES0000000000003409CCPF;28/06/2023;2;0,521;R
ES0000000000003409CCPF;28/06/2023;3;0,055;R
ES0000000000003409CCPF;28/06/2023;4;0,052;R
ES0000000000003409CCPF;28/06/2023;5;0,051;R
ES0000000000003409CCPF;28/06/2023;6;0,058;R
ES0000000000003409CCPF;28/06/2023;7;0,128;R
ES0000000000003409CCPF;28/06/2023;8;0,069;R
ES0000000000003409CCPF;28/06/2023;9;0,156;R
ES0000000000003409CCPF;28/06/2023;10;0,06;R
ES0000000000003409CCPF;28/06/2023;11;0,035;R
ES0000000000003409CCPF;28/06/2023;12;0,058;R
ES0000000000003409CCPF;28/06/2023;13;0,044;R
ES0000000000003409CCPF;28/06/2023;14;0,096;R
ES0000000000003409CCPF;28/06/2023;15;0,108;R
ES0000000000003409CCPF;28/06/2023;16;0,075;R
ES0000000000003409CCPF;28/06/2023;17;1,182;R
ES0000000000003409CCPF;28/06/2023;18;0,356;R
ES0000000000003409CCPF;28/06/2023;19;0,043;R
ES0000000000003409CCPF;28/06/2023;20;0,165;R
ES0000000000003409CCPF;28/06/2023;21;1,134;R
ES0000000000003409CCPF;28/06/2023;22;0,062;R
ES0000000000003409CCPF;28/06/2023;23;0,528;R
ES0000000000003409CCPF;29/06/2023;0;0,819;R
ES0000000000003409CCPF;29/06/2023;1;0,049;R
ES0000000000003409CCPF;29/06/2023;2;0,046;R
ES0000000000003409CCPF;29/06/2023;3;0,043;R
ES0000000000003409CCPF;29/06/2023;4;0,05;R
ES0000000000003409CCPF;29/06/2023;5;0,053;R
ES0000000000003409CCPF;29/06/2023;6;0,039;R
ES0000000000003409CCPF;29/06/2023;7;0,051;R
ES0000000000003409CCPF;29/06/2023;8;0,08;R
ES0000000000003409CCPF;29/06/2023;9;0,092;R
ES0000000000003409CCPF;29/06/2023;10;0,042;R
ES0000000000003409CCPF;29/06/2023;11;0,058;R
ES0000000000003409CCPF;29/06/2023;12;0,115;R
ES0000000000003409CCPF;29/06/2023;13;0,094;R
ES0000000000003409CCPF;29/06/2023;14;0,052;R
ES0000000000003409CCPF;29/06/2023;15;0,049;R
ES0000000000003409CCPF;29/06/2023;16;0,047;R
ES0000000000003409CCPF;29/06/2023;17;0,056;R
ES0000000000003409CCPF;29/06/2023;18;0,036;R
ES0000000000003409CCPF;29/06/2023;19;0,056;R
ES0000000000003409CCPF;29/06/2023;20;0,047;R
ES0000000000003409CCPF;29/06/2023;21;0,048;R
ES0000000000003409CCPF;29/06/2023;22;0,042;R
ES0000000000003409CCPF;29/06/2023;23;0,051;R
ES0000000000003409CCPF;30/06/2023;0;0,054;R
ES0000000000003409CCPF;30/06/2023;1;0,237;R
ES0000000000003409CCPF;30/06/2023;2;0,062;R
ES0000000000003409CCPF;30/06/2023;3;0,038;R
ES0000000000003409CCPF;30/06/2023;4;0,053;R
ES0000000000003409CCPF;30/06/2023;5;0,042;R
ES0000000000003409CCPF;30/06/2023;6;0,054;R
ES0000000000003409CCPF;30/06/2023;7;0,035;R
ES0000000000003409CCPF;30/06/2023;8;0,056;R
ES0000000000003409CCPF;30/06/2023;9;0,041;R
ES0000000000003409CCPF;30/06/2023;10;0,537;R
ES0000000000003409CCPF;30/06/2023;11;0,518;R
ES0000000000003409CCPF;30/06/2023;12;1,057;R
ES0000000000003409CCPF;30/06/2023;13;0,053;R
ES0000000000003409CCPF;30/06/2023;14;0,049;R
ES0000000000003409CCPF;30/06/2023;15;0,096;R
ES0000000000003409CCPF;30/06/2023;16;0,121;R
ES0000000000003409CCPF;30/06/2023;17;0,059;R
ES0000000000003409CCPF;30/06/2023;18;0,326;R
ES0000000000003409CCPF;30/06/2023;19;0,258;R
ES0000000000003409CCPF;30/06/2023;20;0,645;R
ES0000000000003409CCPF;30/06/2023;21;0,17;R
ES0000000000003409CCPF;30/06/2023;22;0,064;R
ES0000000000003409CCPF;30/06/2023;23;0,067;R
ES0000000000003409CCPF;01/07/2023;0;0,05;R
ES0000000000003409CCPF;01/07/2023;1;0,344;R
ES0000000000003409CCPF;01/07/2023;2;0,266;R
ES0000000000003409CCPF;01/07/2023;3;0,07;R
ES0000000000003409CCPF;01/07/2023;4;0,039;R
ES0000000000003409CCPF;01/07/2023;5;0,056;R
ES0000000000003409CCPF;01/07/2023;6;0,033;R
ES0000000000003409CCPF;01/07/2023;7;0,067;R
ES0000000000003409CCPF;01/07/2023;8;0,06;R
ES0000000000003409CCPF;01/07/2023;9;0,066;R
ES0000000000003409CCPF;01/07/2023;10;0,113;R
ES0000000000003409CCPF;01/07/2023;11;0,472;R
ES0000000000003409CCPF;01/07/2023;12;0,841;R
ES0000000000003409CCPF;01/07/2023;13;0,719;R
ES0000000000003409CCPF;01/07/2023;14;0,577;R
ES0000000000003409CCPF;01/07/2023;15;0,246;R
ES0000000000003409CCPF;01/07/2023;16;0,062;R
ES0000000000003409CCPF;01/07/2023;17;0,079;R
ES0000000000003409CCPF;01/07/2023;18;0,042;R
ES0000000000003409CCPF;01/07/2023;19;0,051;R
ES0000000000003409CCPF;01/07/2023;20;0,047;R
ES0000000000003409CCPF;01/07/2023;21;0,986;R
ES0000000000003409CCPF;01/07/2023;22;0,038;R
ES0000000000003409CCPF;01/07/2023;23;0,05;R
ES0000000000003409CCPF;02/07/2023;0;0,058;R
ES0000000000003409CCPF;02/07/2023;1;0,07;R
ES0000000000003409CCPF;02/07/2023;2;0,076;R
ES0000000000003409CCPF;02/07/2023;3;0,061;R
ES0000000000003409CCPF;02/07/2023;4;0,052;R
ES0000000000003409CCPF;02/07/2023;5;0,051;R
ES0000000000003409CCPF;02/07/2023;6;0,045;R
ES0000000000003409CCPF;02/07/2023;7;0,053;R
ES0000000000003409CCPF;02/07/2023;8;0,038;R
ES0000000000003409CCPF;02/07/2023;9;0,051;R
ES0000000000003409CCPF;02/07/2023;10;0,054;R
ES0000000000003409CCPF;02/07/2023;11;0,142;R
ES0000000000003409CCPF;02/07/2023;12;0,241;R
ES0000000000003409CCPF;02/07/2023;13;0,082;R
ES0000000000003409CCPF;02/07/2023;14;0,057;R
ES0000000000003409CCPF;02/07/2023;15;0,05;R
ES0000000000003409CCPF;02/07/2023;16;0,042;R
ES0000000000003409CCPF;02/07/2023;17;0,048;R
ES0000000000003409CCPF;02/07/2023;18;0,043;R
ES0000000000003409CCPF;02/07/2023;19;0,052;R
ES0000000000003409CCPF;02/07/2023;20;0,037;R
ES0000000000003409CCPF;02/07/2023;21;0,05;R
ES0000000000003409CCPF;02/07/2023;22;0,052;R
ES0000000000003409CCPF;02/07/2023;23;0,033;R
ES0000000000003409CCPF;03/07/2023;0;0,055;R
ES0000000000003409CCPF;03/07/2023;1;0,042;R
ES0000000000003409CCPF;03/07/2023;2;0,047;R
ES0000000000003409CCPF;03/07/2023;3;0,04;R
ES0000000000003409CCPF;03/07/2023;4;0,047;R
ES0000000000003409CCPF;03/07/2023;5;0,053;R
ES0000000000003409CCPF;03/07/2023;6;0,032;R
ES0000000000003409CCPF;03/07/2023;7;0,054;R
ES0000000000003409CCPF;03/07/2023;8;0,045;R
ES0000000000003409CCPF;03/07/2023;9;0,043;R
ES0000000000003409CCPF;03/07/2023;10;0,044;R
ES0000000000003409CCPF;03/07/2023;11;0,042;R
ES0000000000003409CCPF;03/07/2023;12;0,053;R
ES0000000000003409CCPF;03/07/2023;13;0,035;R
ES0000000000003409CCPF;03/07/2023;14;0,051;R
ES0000000000003409CCPF;03/07/2023;15;0,05;R
ES0000000000003409CCPF;03/07/2023;16;0,037;R
ES0000000000003409CCPF;03/07/2023;17;0,051;R
ES0000000000003409CCPF;03/07/2023;18;0,043;R
ES0000000000003409CCPF;03/07/2023;19;0,047;R
ES0000000000003409CCPF;03/07/2023;20;0,042;R
ES0000000000003409CCPF;03/07/2023;21;0,045;R
ES0000000000003409CCPF;03/07/2023;22;0,054;R
ES0000000000003409CCPF;03/07/2023;23;0,033;R
ES0000000000003409CCPF;04/07/2023;0;0,055;R
ES0000000000003409CCPF;04/07/2023;1;0,047;R
ES0000000000003409CCPF;04/07/2023;2;0,04;R
ES0000000000003409CCPF;04/07/2023;3;0,048;R
ES0000000000003409CCPF;04/07/2023;4;0,042;R
ES0000000000003409CCPF;04/07/2023;5;0,053;R
ES0000000000003409CCPF;04/07/2023;6;0,035;R
ES0000000000003409CCPF;04/07/2023;7;0,051;R
ES0000000000003409CCPF;04/07/2023;8;0,052;R
ES0000000000003409CCPF;04/07/2023;9;0,034;R
ES0000000000003409CCPF;04/07/2023;10;0,054;R
ES0000000000003409CCPF;04/07/2023;11;0,042;R
ES0000000000003409CCPF;04/07/2023;12;0,047;R
ES0000000000003409CCPF;04/07/2023;13;0,042;R
ES0000000000003409CCPF;04/07/2023;14;0,044;R
ES0000000000003409CCPF;04/07/2023;15;0,054;R
ES0000000000003409CCPF;04/07/2023;16;0,034;R
ES0000000000003409CCPF;04/07/2023;17;0,053;R
ES0000000000003409CCPF;04/07/2023;18;0,05;R
ES0000000000003409CCPF;04/07/2023;19;0,038;R
ES0000000000003409CCPF;04/07/2023;20;0,05;R
ES0000000000003409CCPF;04/07/2023;21;0,044;R
ES0000000000003409CCPF;04/07/2023;22;0,049;R
ES0000000000003409CCPF;04/07/2023;23;0,04;R
ES0000000000003409CCPF;05/07/2023;0;0,048;R
ES0000000000003409CCPF;05/07/2023;1;0,054;R
ES0000000000003409CCPF;05/07/2023;2;0,032;R
ES0000000000003409CCPF;05/07/2023;3;0,056;R
ES0000000000003409CCPF;05/07/2023;4;0,047;R
ES0000000000003409CCPF;05/07/2023;5;0,041;R
ES0000000000003409CCPF;05/07/2023;6;0,047;R
ES0000000000003409CCPF;05/07/2023;7;0,044;R
ES0000000000003409CCPF;05/07/2023;8;0,051;R
ES0000000000003409CCPF;05/07/2023;9;0,038;R
ES0000000000003409CCPF;05/07/2023;10;0,049;R
ES0000000000003409CCPF;05/07/2023;11;0,054;R
ES0000000000003409CCPF;05/07/2023;12;0,032;R
ES0000000000003409CCPF;05/07/2023;13;0,055;R
ES0000000000003409CCPF;05/07/2023;14;0,045;R
ES0000000000003409CCPF;05/07/2023;15;0,097;R
ES0000000000003409CCPF;05/07/2023;16;0,107;R
ES0000000000003409CCPF;05/07/2023;17;0,053;R
ES0000000000003409CCPF;05/07/2023;18;0,049;R
ES0000000000003409CCPF;05/07/2023;19;0,055;R
ES0000000000003409CCPF;05/07/2023;20;0,036;R
ES0000000000003409CCPF;05/07/2023;21;0,057;R
ES0000000000003409CCPF;05/07/2023;22;0,043;R
ES0000000000003409CCPF;05/07/2023;23;0,566;R
ES0000000000003409CCPF;06/07/2023;0;0,247;R
ES0000000000003409CCPF;06/07/2023;1;0,054;R
ES0000000000003409CCPF;06/07/2023;2;0,047;R
ES0000000000003409CCPF;06/07/2023;3;0,047;R
ES0000000000003409CCPF;06/07/2023;4;0,04;R
ES0000000000003409CCPF;06/07/2023;5;0,051;R
ES0000000000003409CCPF;06/07/2023;6;0,05;R
ES0000000000003409CCPF;06/07/2023;7;0,042;R
ES0000000000003409CCPF;06/07/2023;8;0,044;R
ES0000000000003409CCPF;06/07/2023;9;0,047;R
ES0000000000003409CCPF;06/07/2023;10;0,053;R
ES0000000000003409CCPF;06/07/2023;11;0,037;R
ES0000000000003409CCPF;06/07/2023;12;0,049;R
ES0000000000003409CCPF;06/07/2023;13;0,043;R
ES0000000000003409CCPF;06/07/2023;14;0,054;R
ES0000000000003409CCPF;06/07/2023;15;0,034;R
ES0000000000003409CCPF;06/07/2023;16;0,057;R
ES0000000000003409CCPF;06/07/2023;17;0,042;R
ES0000000000003409CCPF;06/07/2023;18;0,05;R
ES0000000000003409CCPF;06/07/2023;19;0,036;R
ES0000000000003409CCPF;06/07/2023;20;0,054;R
ES0000000000003409CCPF;06/07/2023;21;0,047;R
ES0000000000003409CCPF;06/07/2023;22;0,045;R
ES0000000000003409CCPF;06/07/2023;23;0,043;R
ES0000000000003409CCPF;07/07/2023;0;0,058;R
ES0000000000003409CCPF;07/07/2023;1;0,416;R
ES0000000000003409CCPF;07/07/2023;2;0,58;R
ES0000000000003409CCPF;07/07/2023;3;0,08;R
ES0000000000003409CCPF;07/07/2023;4;0,046;R
ES0000000000003409CCPF;07/07/2023;5;0,053;R
ES0000000000003409CCPF;07/07/2023;6;0,045;R
ES0000000000003409CCPF;07/07/2023;7;0,056;R
ES0000000000003409CCPF;07/07/2023;8;0,036;R
ES0000000000003409CCPF;07/07/2023;9;0,054;R
ES0000000000003409CCPF;07/07/2023;10;0,042;R
ES0000000000003409CCPF;07/07/2023;11;0,072;R
ES0000000000003409CCPF;07/07/2023;12;1,114;R
ES0000000000003409CCPF;07/07/2023;13;0,936;R
ES0000000000003409CCPF;07/07/2023;14;0,112;R
ES0000000000003409CCPF;07/07/2023;15;0,061;R
ES0000000000003409CCPF;07/07/2023;16;0,053;R
ES0000000000003409CCPF;07/07/2023;17;0,05;R
ES0000000000003409CCPF;07/07/2023;18;0,041;R
ES0000000000003409CCPF;07/07/2023;19;0,053;R
ES0000000000003409CCPF;07/07/2023;20;0,048;R
ES0000000000003409CCPF;07/07/2023;21;0,047;R
ES0000000000003409CCPF;07/07/2023;22;0,04;R
ES0000000000003409CCPF;07/07/2023;23;0,053;R
ES0000000000003409CCPF;08/07/2023;0;0,046;R
ES0000000000003409CCPF;08/07/2023;1;0,048;R
ES0000000000003409CCPF;08/07/2023;2;0,038;R
ES0000000000003409CCPF;08/07/2023;3;0,054;R
ES0000000000003409CCPF;08/07/2023;4;0,044;R
ES0000000000003409CCPF;08/07/2023;5;0,049;R
ES0000000000003409CCPF;08/07/2023;6;0,036;R
ES0000000000003409CCPF;08/07/2023;7;0,054;R
ES0000000000003409CCPF;08/07/2023;8;0,043;R
ES0000000000003409CCPF;08/07/2023;9;0,049;R
ES0000000000003409CCPF;08/07/2023;10;0,036;R
ES0000000000003409CCPF;08/07/2023;11;0,055;R
ES0000000000003409CCPF;08/07/2023;12;0,033;R
ES0000000000003409CCPF;08/07/2023;13;0,057;R
ES0000000000003409CCPF;08/07/2023;14;0,043;R
ES0000000000003409CCPF;08/07/2023;15;0,049;R
ES0000000000003409CCPF;08/07/2023;16;0,036;R
ES0000000000003409CCPF;08/07/2023;17;0,059;R
ES0000000000003409CCPF;08/07/2023;18;0,108;R
ES0000000000003409CCPF;08/07/2023;19;0,141;R
ES0000000000003409CCPF;08/07/2023;20;0,209;R
ES0000000000003409CCPF;08/07/2023;21;0,07;R
ES0000000000003409CCPF;08/07/2023;22;0,05;R
ES0000000000003409CCPF;08/07/2023;23;0,046;R
ES0000000000003409CCPF;09/07/2023;0;0,056;R
ES0000000000003409CCPF;09/07/2023;1;0,037;R
ES0000000000003409CCPF;09/07/2023;2;0,053;R
ES0000000000003409CCPF;09/07/2023;3;0,042;R
ES0000000000003409CCPF;09/07/2023;4;0,055;R
ES0000000000003409CCPF;09/07/2023;5;0,035;R
ES0000000000003409CCPF;09/07/2023;6;0,053;R
ES0000000000003409CCPF;09/07/2023;7;0,041;R
ES0000000000003409CCPF;09/07/2023;8;0,053;R
ES0000000000003409CCPF;09/07/2023;9;0,035;R
ES0000000000003409CCPF;09/07/2023;10;0,055;R
ES0000000000003409CCPF;09/07/2023;11;0,041;R
ES0000000000003409CCPF;09/07/2023;12;0,051;R
ES0000000000003409CCPF;09/07/2023;13;0,035;R
ES0000000000003409CCPF;09/07/2023;14;0,055;R
ES0000000000003409CCPF;09/07/2023;15;0,042;R
ES0000000000003409CCPF;09/07/2023;16;0,05;R
ES0000000000003409CCPF;09/07/2023;17;0,036;R
ES0000000000003409CCPF;09/07/2023;18;0,054;R
ES0000000000003409CCPF;09/07/2023;19;0,044;R
ES0000000000003409CCPF;09/07/2023;20;0,048;R
ES0000000000003409CCPF;09/07/2023;21;0,039;R
ES0000000000003409CCPF;09/07/2023;22;0,052;R
ES0000000000003409CCPF;09/07/2023;23;0,047;R
ES0000000000003409CCPF;10/07/2023;0;0,045;R
ES0000000000003409CCPF;10/07/2023;1;0,042;R
ES0000000000003409CCPF;10/07/2023;2;0,048;R
ES0000000000003409CCPF;10/07/2023;3;0,051;R
ES0000000000003409CCPF;10/07/2023;4;0,04;R
ES0000000000003409CCPF;10/07/2023;5;0,046;R
ES0000000000003409CCPF;10/07/2023;6;0,045;R
ES0000000000003409CCPF;10/07/2023;7;0,054;R
ES0000000000003409CCPF;10/07/2023;8;0,036;R
ES0000000000003409CCPF;10/07/2023;9;0,05;R
ES0000000000003409CCPF;10/07/2023;10;0,042;R
ES0000000000003409CCPF;10/07/2023;11;0,054;R
ES0000000000003409CCPF;10/07/2023;12;0,034;R
ES0000000000003409CCPF;10/07/2023;13;0,055;R
ES0000000000003409CCPF;10/07/2023;14;0,042;R
ES0000000000003409CCPF;10/07/2023;15;0,051;R
ES0000000000003409CCPF;10/07/2023;16;0,035;R
ES0000000000003409CCPF;10/07/2023;17;0,056;R
ES0000000000003409CCPF;10/07/2023;18;0,043;R
ES0000000000003409CCPF;10/07/2023;19;0,049;R
ES0000000000003409CCPF;10/07/2023;20;0,038;R
ES0000000000003409CCPF;10/07/2023;21;0,053;R
ES0000000000003409CCPF;10/07/2023;22;0,048;R
ES0000000000003409CCPF;10/07/2023;23;0,044;R
ES0000000000003409CCPF;11/07/2023;0;0,043;R
ES0000000000003409CCPF;11/07/2023;1;0,048;R
ES0000000000003409CCPF;11/07/2023;2;0,053;R
ES0000000000003409CCPF;11/07/2023;3;0,038;R
ES0000000000003409CCPF;11/07/2023;4;0,049;R
ES0000000000003409CCPF;11/07/2023;5;0,043;R
ES0000000000003409CCPF;11/07/2023;6;0,056;R
ES0000000000003409CCPF;11/07/2023;7;0,035;R
ES0000000000003409CCPF;11/07/2023;8;0,053;R
ES0000000000003409CCPF;11/07/2023;9;0,042;R
ES0000000000003409CCPF;11/07/2023;10;0,053;R
ES0000000000003409CCPF;11/07/2023;11;0,034;R
ES0000000000003409CCPF;11/07/2023;12;0,056;R
ES0000000000003409CCPF;11/07/2023;13;0,045;R
ES0000000000003409CCPF;11/07/2023;14;0,048;R
ES0000000000003409CCPF;11/07/2023;15;0,04;R
ES0000000000003409CCPF;11/07/2023;16;0,051;R
ES0000000000003409CCPF;11/07/2023;17;0,052;R
ES0000000000003409CCPF;11/07/2023;18;0,04;R
ES0000000000003409CCPF;11/07/2023;19;0,048;R
ES0000000000003409CCPF;11/07/2023;20;0,044;R
ES0000000000003409CCPF;11/07/2023;21;0,056;R
ES0000000000003409CCPF;11/07/2023;22;0,114;R
ES0000000000003409CCPF;11/07/2023;23;0,09;R
ES0000000000003409CCPF;12/07/2023;0;0,054;R
ES0000000000003409CCPF;12/07/2023;1;0,043;R
ES0000000000003409CCPF;12/07/2023;2;0,053;R
ES0000000000003409CCPF;12/07/2023;3;0,053;R
ES0000000000003409CCPF;12/07/2023;4;0,042;R
ES0000000000003409CCPF;12/07/2023;5;0,047;R
ES0000000000003409CCPF;12/07/2023;6;0,046;R
ES0000000000003409CCPF;12/07/2023;7;0,056;R
ES0000000000003409CCPF;12/07/2023;8;0,037;R
ES0000000000003409CCPF;12/07/2023;9;0,103;R
ES0000000000003409CCPF;12/07/2023;10;0,758;R
ES0000000000003409CCPF;12/07/2023;11;0,055;R
ES0000000000003409CCPF;12/07/2023;12;0,035;R
ES0000000000003409CCPF;12/07/2023;13;0,056;R
ES0000000000003409CCPF;12/07/2023;14;0,046;R
ES0000000000003409CCPF;12/07/2023;15;0,048;R
ES0000000000003409CCPF;12/07/2023;16;0,04;R
ES0000000000003409CCPF;12/07/2023;17;0,052;R
ES0000000000003409CCPF;12/07/2023;18;0,052;R
ES0000000000003409CCPF;12/07/2023;19;0,04;R
ES0000000000003409CCPF;12/07/2023;20;0,049;R
ES0000000000003409CCPF;12/07/2023;21;0,044;R
ES0000000000003409CCPF;12/07/2023;22;0,056;R
ES0000000000003409CCPF;12/07/2023;23;0,036;R
ES0000000000003409CCPF;13/07/2023;0;0,056;R
ES0000000000003409CCPF;13/07/2023;1;0,044;R
ES0000000000003409CCPF;13/07/2023;2;0,05;R
ES0000000000003409CCPF;13/07/2023;3;0,039;R
ES0000000000003409CCPF;13/07/2023;4;0,053;R
ES0000000000003409CCPF;13/07/2023;5;0,05;R
ES0000000000003409CCPF;13/07/2023;6;0,043;R
ES0000000000003409CCPF;13/07/2023;7;0,046;R
ES0000000000003409CCPF;13/07/2023;8;0,046;R
ES0000000000003409CCPF;13/07/2023;9;0,055;R
ES0000000000003409CCPF;13/07/2023;10;0,036;R
ES0000000000003409CCPF;13/07/2023;11;0,054;R
ES0000000000003409CCPF;13/07/2023;12;0,043;R
ES0000000000003409CCPF;13/07/2023;13;0,053;R
ES0000000000003409CCPF;13/07/2023;14;0,036;R
ES0000000000003409CCPF;13/07/2023;15;0,056;R
ES0000000000003409CCPF;13/07/2023;16;0,048;R
ES0000000000003409CCPF;13/07/2023;17;0,046;R
ES0000000000003409CCPF;13/07/2023;18;0,043;R
ES0000000000003409CCPF;13/07/2023;19;0,05;R
ES0000000000003409CCPF;13/07/2023;20;0,054;R
ES0000000000003409CCPF;13/07/2023;21;0,052;R
ES0000000000003409CCPF;13/07/2023;22;0,193;R
ES0000000000003409CCPF;13/07/2023;23;0,153;R
ES0000000000003409CCPF;14/07/2023;0;0,145;R
ES0000000000003409CCPF;14/07/2023;1;0,163;R
ES0000000000003409CCPF;14/07/2023;2;0,138;R
ES0000000000003409CCPF;14/07/2023;3;0,054;R
ES0000000000003409CCPF;14/07/2023;4;0,038;R
ES0000000000003409CCPF;14/07/2023;5;0,058;R
ES0000000000003409CCPF;14/07/2023;6;0,047;R
ES0000000000003409CCPF;14/07/2023;7;0,05;R
ES0000000000003409CCPF;14/07/2023;8;0,039;R
ES0000000000003409CCPF;14/07/2023;9;0,062;R
ES0000000000003409CCPF;14/07/2023;10;0,055;R
ES0000000000003409CCPF;14/07/2023;11;0,371;R
ES0000000000003409CCPF;14/07/2023;12;0,128;R
ES0000000000003409CCPF;14/07/2023;13;0,122;R
ES0000000000003409CCPF;14/07/2023;14;0,066;R
ES0000000000003409CCPF;14/07/2023;15;0,041;R
ES0000000000003409CCPF;14/07/2023;16;0,061;R
ES0000000000003409CCPF;14/07/2023;17;0,054;R
ES0000000000003409CCPF;14/07/2023;18;0,046;R
ES0000000000003409CCPF;14/07/2023;19;0,046;R
ES0000000000003409CCPF;14/07/2023;20;0,051;R
ES0000000000003409CCPF;14/07/2023;21;0,055;R
ES0000000000003409CCPF;14/07/2023;22;0,043;R
ES0000000000003409CCPF;14/07/2023;23;0,047;R
ES0000000000003409CCPF;15/07/2023;0;0,049;R
ES0000000000003409CCPF;15/07/2023;1;0,057;R
ES0000000000003409CCPF;15/07/2023;2;0,038;R
ES0000000000003409CCPF;15/07/2023;3;0,052;R
ES0000000000003409CCPF;15/07/2023;4;0,044;R
ES0000000000003409CCPF;15/07/2023;5;0,056;R
ES0000000000003409CCPF;15/07/2023;6;0,037;R
ES0000000000003409CCPF;15/07/2023;7;0,055;R
ES0000000000003409CCPF;15/07/2023;8;0,043;R
ES0000000000003409CCPF;15/07/2023;9;0,054;R
ES0000000000003409CCPF;15/07/2023;10;0,036;R
ES0000000000003409CCPF;15/07/2023;11;0,057;R
ES0000000000003409CCPF;15/07/2023;12;0,044;R
ES0000000000003409CCPF;15/07/2023;13;0,051;R
ES0000000000003409CCPF;15/07/2023;14;0,038;R
ES0000000000003409CCPF;15/07/2023;15;0,056;R
ES0000000000003409CCPF;15/07/2023;16;0,051;R
ES0000000000003409CCPF;15/07/2023;17;0,187;R
ES0000000000003409CCPF;15/07/2023;18;0,155;R
ES0000000000003409CCPF;15/07/2023;19;0,069;R
ES0000000000003409CCPF;15/07/2023;20;0,042;R
ES0000000000003409CCPF;15/07/2023;21;0,058;R
ES0000000000003409CCPF;15/07/2023;22;0,045;R
ES0000000000003409CCPF;15/07/2023;23;0,054;R
ES0000000000003409CCPF;16/07/2023;0;0,037;R
ES0000000000003409CCPF;16/07/2023;1;0,058;R
ES0000000000003409CCPF;16/07/2023;2;0,043;R
ES0000000000003409CCPF;16/07/2023;3;0,054;R
ES0000000000003409CCPF;16/07/2023;4;0,038;R
ES0000000000003409CCPF;16/07/2023;5;0,052;R
ES0000000000003409CCPF;16/07/2023;6;0,043;R
ES0000000000003409CCPF;16/07/2023;7;0,056;R
ES0000000000003409CCPF;16/07/2023;8;0,037;R
ES0000000000003409CCPF;16/07/2023;9;0,05;R
ES0000000000003409CCPF;16/07/2023;10;0,044;R
ES0000000000003409CCPF;16/07/2023;11;0,056;R
ES0000000000003409CCPF;16/07/2023;12;0,038;R
ES0000000000003409CCPF;16/07/2023;13;0,047;R
ES0000000000003409CCPF;16/07/2023;14;0,047;R
ES0000000000003409CCPF;16/07/2023;15;0,054;R
ES0000000000003409CCPF;16/07/2023;16;0,04;R
ES0000000000003409CCPF;16/07/2023;17;0,045;R
ES0000000000003409CCPF;16/07/2023;18;0,048;R
ES0000000000003409CCPF;16/07/2023;19;0,052;R
ES0000000000003409CCPF;16/07/2023;20;0,042;R
ES0000000000003409CCPF;16/07/2023;21;0,045;R
ES0000000000003409CCPF;16/07/2023;22;0,049;R
ES0000000000003409CCPF;16/07/2023;23;0,051;R
ES0000000000003409CCPF;17/07/2023;0;0,042;R
ES0000000000003409CCPF;17/07/2023;1;0,045;R
ES0000000000003409CCPF;17/07/2023;2;0,048;R
ES0000000000003409CCPF;17/07/2023;3;0,053;R
ES0000000000003409CCPF;17/07/2023;4;0,04;R
ES0000000000003409CCPF;17/07/2023;5;0,047;R
ES0000000000003409CCPF;17/07/2023;6;0,047;R
ES0000000000003409CCPF;17/07/2023;7;0,053;R
ES0000000000003409CCPF;17/07/2023;8;0,041;R
ES0000000000003409CCPF;17/07/2023;9;0,044;R
ES0000000000003409CCPF;17/07/2023;10;0,049;R
ES0000000000003409CCPF;17/07/2023;11;0,051;R
ES0000000000003409CCPF;17/07/2023;12;0,042;R
ES0000000000003409CCPF;17/07/2023;13;0,044;R
ES0000000000003409CCPF;17/07/2023;14;0,049;R
ES0000000000003409CCPF;17/07/2023;15;0,051;R
ES0000000000003409CCPF;17/07/2023;16;0,044;R
ES0000000000003409CCPF;17/07/2023;17;0,042;R
ES0000000000003409CCPF;17/07/2023;18;0,05;R
ES0000000000003409CCPF;17/07/2023;19;0,051;R
ES0000000000003409CCPF;17/07/2023;20;0,044;R
ES0000000000003409CCPF;17/07/2023;21;0,044;R
ES0000000000003409CCPF;17/07/2023;22;0,05;R
ES0000000000003409CCPF;17/07/2023;23;0,052;R
ES0000000000003409CCPF;18/07/2023;0;0,042;R
ES0000000000003409CCPF;18/07/2023;1;0,045;R
ES0000000000003409CCPF;18/07/2023;2;0,048;R
ES0000000000003409CCPF;18/07/2023;3;0,054;R
ES0000000000003409CCPF;18/07/2023;4;0,04;R
ES0000000000003409CCPF;18/07/2023;5;0,048;R
ES0000000000003409CCPF;18/07/2023;6;0,047;R
ES0000000000003409CCPF;18/07/2023;7;0,054;R
ES0000000000003409CCPF;18/07/2023;8;0,039;R
ES0000000000003409CCPF;18/07/2023;9;0,048;R
ES0000000000003409CCPF;18/07/2023;10;0,046;R
ES0000000000003409CCPF;18/07/2023;11;0,056;R
ES0000000000003409CCPF;18/07/2023;12;0,038;R
ES0000000000003409CCPF;18/07/2023;13;0,049;R
ES0000000000003409CCPF;18/07/2023;14;0,045;R
ES0000000000003409CCPF;18/07/2023;15;0,057;R
ES0000000000003409CCPF;18/07/2023;16;0,037;R
ES0000000000003409CCPF;18/07/2023;17;0,052;R
ES0000000000003409CCPF;18/07/2023;18;0,082;R
ES0000000000003409CCPF;18/07/2023;19;0,128;R
ES0000000000003409CCPF;18/07/2023;20;0,116;R
ES0000000000003409CCPF;18/07/2023;21;0,042;R
ES0000000000003409CCPF;18/07/2023;22;0,062;R
ES0000000000003409CCPF;18/07/2023;23;0,055;R
ES0000000000003409CCPF;19/07/2023;0;0,046;R
ES0000000000003409CCPF;19/07/2023;1;0,046;R
ES0000000000003409CCPF;19/07/2023;2;0,052;R
ES0000000000003409CCPF;19/07/2023;3;0,054;R
ES0000000000003409CCPF;19/07/2023;4;0,043;R
ES0000000000003409CCPF;19/07/2023;5;0,047;R
ES0000000000003409CCPF;19/07/2023;6;0,05;R
ES0000000000003409CCPF;19/07/2023;7;0,055;R
ES0000000000003409CCPF;19/07/2023;8;0,042;R
ES0000000000003409CCPF;19/07/2023;9;0,047;R
ES0000000000003409CCPF;19/07/2023;10;0,049;R
ES0000000000003409CCPF;19/07/2023;11;0,056;R
ES0000000000003409CCPF;19/07/2023;12;0,039;R
ES0000000000003409CCPF;19/07/2023;13;0,051;R
ES0000000000003409CCPF;19/07/2023;14;0,045;R
ES0000000000003409CCPF;19/07/2023;15;0,673;R
ES0000000000003409CCPF;19/07/2023;16;0,321;R
ES0000000000003409CCPF;19/07/2023;17;0,646;R
ES0000000000003409CCPF;19/07/2023;18;0,168;R
ES0000000000003409CCPF;19/07/2023;19;0,13;R
ES0000000000003409CCPF;19/07/2023;20;0,094;R
ES0000000000003409CCPF;19/07/2023;21;0,092;R
ES0000000000003409CCPF;19/07/2023;22;0,709;R
ES0000000000003409CCPF;19/07/2023;23;0,143;R
ES0000000000003409CCPF;20/07/2023;0;0,911;R
ES0000000000003409CCPF;20/07/2023;1;0,292;R
ES0000000000003409CCPF;20/07/2023;2;0,127;R
ES0000000000003409CCPF;20/07/2023;3;0,114;R
ES0000000000003409CCPF;20/07/2023;4;0,07;R
ES0000000000003409CCPF;20/07/2023;5;0,065;R
ES0000000000003409CCPF;20/07/2023;6;0,062;R
ES0000000000003409CCPF;20/07/2023;7;0,054;R
ES0000000000003409CCPF;20/07/2023;8;0,052;R
ES0000000000003409CCPF;20/07/2023;9;0,146;R
ES0000000000003409CCPF;20/07/2023;10;0,084;R
ES0000000000003409CCPF;20/07/2023;11;0,072;R
ES0000000000003409CCPF;20/07/2023;12;0,097;R
ES0000000000003409CCPF;20/07/2023;13;0,11;R
ES0000000000003409CCPF;20/07/2023;14;0,375;R
ES0000000000003409CCPF;20/07/2023;15;0,701;R
ES0000000000003409CCPF;20/07/2023;16;0,121;R
ES0000000000003409CCPF;20/07/2023;17;1,419;R
ES0000000000003409CCPF;20/07/2023;18;1,28;R
ES0000000000003409CCPF;20/07/2023;19;0,105;R
ES0000000000003409CCPF;20/07/2023;20;0,053;R
ES0000000000003409CCPF;20/07/2023;21;0,071;R
ES0000000000003409CCPF;20/07/2023;22;0,712;R
ES0000000000003409CCPF;20/07/2023;23;0,177;R
ES0000000000003409CCPF;21/07/2023;0;0,152;R
ES0000000000003409CCPF;21/07/2023;1;0,088;R
ES0000000000003409CCPF;21/07/2023;2;0,067;R
ES0000000000003409CCPF;21/07/2023;3;0,042;R
ES0000000000003409CCPF;21/07/2023;4;0,062;R
ES0000000000003409CCPF;21/07/2023;5;0,061;R
ES0000000000003409CCPF;21/07/2023;6;0,041;R
ES0000000000003409CCPF;21/07/2023;7;0,061;R
ES0000000000003409CCPF;21/07/2023;8;0,088;R
ES0000000000003409CCPF;21/07/2023;9;0,083;R
ES0000000000003409CCPF;21/07/2023;10;0,049;R
ES0000000000003409CCPF;21/07/2023;11;0,163;R
ES0000000000003409CCPF;21/07/2023;12;0,149;R
ES0000000000003409CCPF;21/07/2023;13;0,095;R
ES0000000000003409CCPF;21/07/2023;14;0,112;R
ES0000000000003409CCPF;21/07/2023;15;0,184;R
ES0000000000003409CCPF;21/07/2023;16;0,1;R
ES0000000000003409CCPF;21/07/2023;17;0,095;R
ES0000000000003409CCPF;21/07/2023;18;0,482;R
ES0000000000003409CCPF;21/07/2023;19;1,163;R
ES0000000000003409CCPF;21/07/2023;20;0,09;R
ES0000000000003409CCPF;21/07/2023;21;0,058;R
ES0000000000003409CCPF;21/07/2023;22;0,07;R
ES0000000000003409CCPF;21/07/2023;23;0,212;R
ES0000000000003409CCPF;22/07/2023;0;0,17;R
ES0000000000003409CCPF;22/07/2023;1;0,067;R
ES0000000000003409CCPF;22/07/2023;2;0,07;R
ES0000000000003409CCPF;22/07/2023;3;0,058;R
ES0000000000003409CCPF;22/07/2023;4;0,064;R
ES0000000000003409CCPF;22/07/2023;5;0,059;R
ES0000000000003409CCPF;22/07/2023;6;0,053;R
ES0000000000003409CCPF;22/07/2023;7;0,053;R
ES0000000000003409CCPF;22/07/2023;8;0,054;R
ES0000000000003409CCPF;22/07/2023;9;0,083;R
ES0000000000003409CCPF;22/07/2023;10;0,086;R
ES0000000000003409CCPF;22/07/2023;11;0,436;R
ES0000000000003409CCPF;22/07/2023;12;0,192;R
ES0000000000003409CCPF;22/07/2023;13;0,757;R
ES0000000000003409CCPF;22/07/2023;14;0,566;R
ES0000000000003409CCPF;22/07/2023;15;0,358;R
ES0000000000003409CCPF;22/07/2023;16;0,369;R
ES0000000000003409CCPF;22/07/2023;17;0,85;R
ES0000000000003409CCPF;22/07/2023;18;0,238;R
ES0000000000003409CCPF;22/07/2023;19;0,168;R
ES0000000000003409CCPF;22/07/2023;20;0,057;R
ES0000000000003409CCPF;22/07/2023;21;0,098;R
ES0000000000003409CCPF;22/07/2023;22;0,068;R
ES0000000000003409CCPF;22/07/2023;23;0,065;R
ES0000000000003409CCPF;23/07/2023;0;0,067;R
ES0000000000003409CCPF;23/07/2023;1;0,052;R
ES0000000000003409CCPF;23/07/2023;2;0,073;R
ES0000000000003409CCPF;23/07/2023;3;0,056;R
ES0000000000003409CCPF;23/07/2023;4;0,051;R
ES0000000000003409CCPF;23/07/2023;5;0,047;R
ES0000000000003409CCPF;23/07/2023;6;0,056;R
ES0000000000003409CCPF;23/07/2023;7;0,053;R
ES0000000000003409CCPF;23/07/2023;8;0,047;R
ES0000000000003409CCPF;23/07/2023;9;0,045;R
ES0000000000003409CCPF;23/07/2023;10;0,054;R
ES0000000000003409CCPF;23/07/2023;11;0,087;R
ES0000000000003409CCPF;23/07/2023;12;0,089;R
ES0000000000003409CCPF;23/07/2023;13;0,118;R
ES0000000000003409CCPF;23/07/2023;14;0,695;R
ES0000000000003409CCPF;23/07/2023;15;0,095;R
ES0000000000003409CCPF;23/07/2023;16;0,099;R
ES0000000000003409CCPF;23/07/2023;17;0,084;R
ES0000000000003409CCPF;23/07/2023;18;0,043;R
ES0000000000003409CCPF;23/07/2023;19;0,668;R
ES0000000000003409CCPF;23/07/2023;20;0,112;R
ES0000000000003409CCPF;23/07/2023;21;0,154;R
ES0000000000003409CCPF;23/07/2023;22;0,287;R
ES0000000000003409CCPF;23/07/2023;23;0,338;R
ES0000000000003409CCPF;24/07/2023;0;0,045;R
ES0000000000003409CCPF;24/07/2023;1;0,06;R
ES0000000000003409CCPF;24/07/2023;2;0,055;R
ES0000000000003409CCPF;24/07/2023;3;0,041;R
ES0000000000003409CCPF;24/07/2023;4;0,051;R
ES0000000000003409CCPF;24/07/2023;5;0,046;R
ES0000000000003409CCPF;24/07/2023;6;0,058;R
ES0000000000003409CCPF;24/07/2023;7;0,036;R
ES0000000000003409CCPF;24/07/2023;8;0,054;R
ES0000000000003409CCPF;24/07/2023;9;0,091;R
ES0000000000003409CCPF;24/07/2023;10;0,077;R
ES0000000000003409CCPF;24/07/2023;11;0,12;R
ES0000000000003409CCPF;24/07/2023;12;0,311;R
ES0000000000003409CCPF;24/07/2023;13;0,099;R
ES0000000000003409CCPF;24/07/2023;14;0,126;R
ES0000000000003409CCPF;24/07/2023;15;0,684;R
ES0000000000003409CCPF;24/07/2023;16;1,832;R
ES0000000000003409CCPF;24/07/2023;17;2,043;R
ES0000000000003409CCPF;24/07/2023;18;0,143;R
ES0000000000003409CCPF;24/07/2023;19;0,275;R
ES0000000000003409CCPF;24/07/2023;20;0,825;R
ES0000000000003409CCPF;24/07/2023;21;0,053;R
ES0000000000003409CCPF;24/07/2023;22;0,084;R
ES0000000000003409CCPF;24/07/2023;23;0,125;R
ES0000000000003409CCPF;25/07/2023;0;0,1;R
ES0000000000003409CCPF;25/07/2023;1;0,154;R
ES0000000000003409CCPF;25/07/2023;2;0,08;R
ES0000000000003409CCPF;25/07/2023;3;0,065;R
ES0000000000003409CCPF;25/07/2023;4;0,063;R
ES0000000000003409CCPF;25/07/2023;5;0,04;R
ES0000000000003409CCPF;25/07/2023;6;0,057;R
ES0000000000003409CCPF;25/07/2023;7;0,045;R
ES0000000000003409CCPF;25/07/2023;8;0,052;R
ES0000000000003409CCPF;25/07/2023;9;0,037;R
ES0000000000003409CCPF;25/07/2023;10;0,057;R
ES0000000000003409CCPF;25/07/2023;11;0,043;R
ES0000000000003409CCPF;25/07/2023;12;0,09;R
ES0000000000003409CCPF;25/07/2023;13;0,067;R
ES0000000000003409CCPF;25/07/2023;14;0,065;R
ES0000000000003409CCPF;25/07/2023;15;0,495;R
ES0000000000003409CCPF;25/07/2023;16;0,304;R
ES0000000000003409CCPF;25/07/2023;17;0,234;R
ES0000000000003409CCPF;25/07/2023;18;0,545;R
ES0000000000003409CCPF;25/07/2023;19;0,166;R
ES0000000000003409CCPF;25/07/2023;20;0,055;R
ES0000000000003409CCPF;25/07/2023;21;0,039;R
ES0000000000003409CCPF;25/07/2023;22;0,647;R
ES0000000000003409CCPF;25/07/2023;23;0,847;R
ES0000000000003409CCPF;26/07/2023;0;0,237;R
ES0000000000003409CCPF;26/07/2023;1;0,418;R
ES0000000000003409CCPF;26/07/2023;2;0,038;R
ES0000000000003409CCPF;26/07/2023;3;0,058;R
ES0000000000003409CCPF;26/07/2023;4;0,054;R
ES0000000000003409CCPF;26/07/2023;5;0,042;R
ES0000000000003409CCPF;26/07/2023;6;0,048;R
ES0000000000003409CCPF;26/07/2023;7;0,046;R
ES0000000000003409CCPF;26/07/2023;8;0,056;R
ES0000000000003409CCPF;26/07/2023;9;0,09;R
ES0000000000003409CCPF;26/07/2023;10;0,079;R
ES0000000000003409CCPF;26/07/2023;11;0,093;R
ES0000000000003409CCPF;26/07/2023;12;0,064;R
ES0000000000003409CCPF;26/07/2023;13;0,11;R
ES0000000000003409CCPF;26/07/2023;14;0,268;R
ES0000000000003409CCPF;26/07/2023;15;0,083;R
ES0000000000003409CCPF;26/07/2023;16;0,055;R
ES0000000000003409CCPF;26/07/2023;17;0,048;R
ES0000000000003409CCPF;26/07/2023;18;0,117;R
ES0000000000003409CCPF;26/07/2023;19;0,118;R
ES0000000000003409CCPF;26/07/2023;20;0,066;R
ES0000000000003409CCPF;26/07/2023;21;0,073;R
ES0000000000003409CCPF;26/07/2023;22;0,288;R
ES0000000000003409CCPF;26/07/2023;23;1,537;R
ES0000000000003409CCPF;27/07/2023;0;0,319;R
ES0000000000003409CCPF;27/07/2023;1;0,065;R
ES0000000000003409CCPF;27/07/2023;2;0,093;R
ES0000000000003409CCPF;27/07/2023;3;0,115;R
ES0000000000003409CCPF;27/07/2023;4;0,068;R
ES0000000000003409CCPF;27/07/2023;5;0,052;R
ES0000000000003409CCPF;27/07/2023;6;0,048;R
ES0000000000003409CCPF;27/07/2023;7;0,043;R
ES0000000000003409CCPF;27/07/2023;8;0,053;R
ES0000000000003409CCPF;27/07/2023;9;0,048;R
ES0000000000003409CCPF;27/07/2023;10;0,045;R
ES0000000000003409CCPF;27/07/2023;11;0,086;R
ES0000000000003409CCPF;27/07/2023;12;0,691;R
ES0000000000003409CCPF;27/07/2023;13;0,036;R
ES0000000000003409CCPF;27/07/2023;14;0,056;R
ES0000000000003409CCPF;27/07/2023;15;0,129;R
ES0000000000003409CCPF;27/07/2023;16;0,296;R
ES0000000000003409CCPF;27/07/2023;17;0,135;R
ES0000000000003409CCPF;27/07/2023;18;0,091;R
ES0000000000003409CCPF;27/07/2023;19;0,351;R
ES0000000000003409CCPF;27/07/2023;20;0,043;R
ES0000000000003409CCPF;27/07/2023;21;0,681;R
ES0000000000003409CCPF;27/07/2023;22;0,113;R
ES0000000000003409CCPF;27/07/2023;23;0,13;R
ES0000000000003409CCPF;28/07/2023;0;0,094;R
ES0000000000003409CCPF;28/07/2023;1;0,04;R
ES0000000000003409CCPF;28/07/2023;2;0,06;R
ES0000000000003409CCPF;28/07/2023;3;0,057;R
ES0000000000003409CCPF;28/07/2023;4;0,036;R
ES0000000000003409CCPF;28/07/2023;5;0,056;R
ES0000000000003409CCPF;28/07/2023;6;0,042;R
ES0000000000003409CCPF;28/07/2023;7;0,052;R
ES0000000000003409CCPF;28/07/2023;8;0,035;R
ES0000000000003409CCPF;28/07/2023;9;0,058;R
ES0000000000003409CCPF;28/07/2023;10;0,695;R
ES0000000000003409CCPF;28/07/2023;11;0,07;R
ES0000000000003409CCPF;28/07/2023;12;1,09;R
ES0000000000003409CCPF;28/07/2023;13;0,271;R
ES0000000000003409CCPF;28/07/2023;14;0,063;R
ES0000000000003409CCPF;28/07/2023;15;0,035;R
ES0000000000003409CCPF;28/07/2023;16;0,062;R
ES0000000000003409CCPF;28/07/2023;17;0,056;R
ES0000000000003409CCPF;28/07/2023;18;0,061;R
ES0000000000003409CCPF;28/07/2023;19;0,148;R
ES0000000000003409CCPF;28/07/2023;20;0,127;R
ES0000000000003409CCPF;28/07/2023;21;0,073;R
ES0000000000003409CCPF;28/07/2023;22;0,713;R
ES0000000000003409CCPF;28/07/2023;23;1,124;R
ES0000000000003409CCPF;29/07/2023;0;0,243;R
ES0000000000003409CCPF;29/07/2023;1;0,062;R
ES0000000000003409CCPF;29/07/2023;2;0,07;R
ES0000000000003409CCPF;29/07/2023;3;0,051;R
ES0000000000003409CCPF;29/07/2023;4;0,062;R
ES0000000000003409CCPF;29/07/2023;5;0,051;R
ES0000000000003409CCPF;29/07/2023;6;0,046;R
ES0000000000003409CCPF;29/07/2023;7;0,044;R
ES0000000000003409CCPF;29/07/2023;8;0,052;R
ES0000000000003409CCPF;29/07/2023;9;0,054;R
ES0000000000003409CCPF;29/07/2023;10;0,042;R
ES0000000000003409CCPF;29/07/2023;11;0,407;R
ES0000000000003409CCPF;29/07/2023;12;0,707;R
ES0000000000003409CCPF;29/07/2023;13;0,13;R
ES0000000000003409CCPF;29/07/2023;14;0,039;R
ES0000000000003409CCPF;29/07/2023;15;0,06;R
ES0000000000003409CCPF;29/07/2023;16;0,372;R
ES0000000000003409CCPF;29/07/2023;17;0,043;R
ES0000000000003409CCPF;29/07/2023;18;0,403;R
ES0000000000003409CCPF;29/07/2023;19;0,345;R
ES0000000000003409CCPF;29/07/2023;20;0,062;R
ES0000000000003409CCPF;29/07/2023;21;0,554;R
ES0000000000003409CCPF;29/07/2023;22;0,034;R
ES0000000000003409CCPF;29/07/2023;23;0,057;R
ES0000000000003409CCPF;30/07/2023;0;0,052;R
ES0000000000003409CCPF;30/07/2023;1;0,036;R
ES0000000000003409CCPF;30/07/2023;2;0,055;R
ES0000000000003409CCPF;30/07/2023;3;0,189;R
ES0000000000003409CCPF;30/07/2023;4;0,063;R
ES0000000000003409CCPF;30/07/2023;5;0,056;R
ES0000000000003409CCPF;30/07/2023;6;0,055;R
ES0000000000003409CCPF;30/07/2023;7;0,032;R
ES0000000000003409CCPF;30/07/2023;8;0,067;R
ES0000000000003409CCPF;30/07/2023;9;0,117;R
ES0000000000003409CCPF;30/07/2023;10;0,077;R
ES0000000000003409CCPF;30/07/2023;11;0,06;R
ES0000000000003409CCPF;30/07/2023;12;0,046;R
ES0000000000003409CCPF;30/07/2023;13;0,1;R
ES0000000000003409CCPF;30/07/2023;14;0,277;R
ES0000000000003409CCPF;30/07/2023;15;0,592;R
ES0000000000003409CCPF;30/07/2023;16;0,895;R
ES0000000000003409CCPF;30/07/2023;17;0,995;R
ES0000000000003409CCPF;30/07/2023;18;0,104;R
ES0000000000003409CCPF;30/07/2023;19;0,063;R
ES0000000000003409CCPF;30/07/2023;20;0,1;R
ES0000000000003409CCPF;30/07/2023;21;0,486;R
ES0000000000003409CCPF;30/07/2023;22;0,1;R
ES0000000000003409CCPF;30/07/2023;23;0,187;R
ES0000000000003409CCPF;31/07/2023;0;0,224;R
ES0000000000003409CCPF;31/07/2023;1;0,081;R
ES0000000000003409CCPF;31/07/2023;2;0,068;R
ES0000000000003409CCPF;31/07/2023;3;0,037;R
ES0000000000003409CCPF;31/07/2023;4;0,061;R
ES0000000000003409CCPF;31/07/2023;5;0,057;R
ES0000000000003409CCPF;31/07/2023;6;0,037;R
ES0000000000003409CCPF;31/07/2023;7;0,056;R
ES0000000000003409CCPF;31/07/2023;8;0,057;R
ES0000000000003409CCPF;31/07/2023;9;0,037;R
ES0000000000003409CCPF;31/07/2023;10;0,39;R
ES0000000000003409CCPF;31/07/2023;11;0,798;R
ES0000000000003409CCPF;31/07/2023;12;0,049;R
ES0000000000003409CCPF;31/07/2023;13;0,05;R
ES0000000000003409CCPF;31/07/2023;14;0,051;R
ES0000000000003409CCPF;31/07/2023;15;0,045;R
ES0000000000003409CCPF;31/07/2023;16;0,049;R
ES0000000000003409CCPF;31/07/2023;17;0,051;R
ES0000000000003409CCPF;31/07/2023;18;0,121;R
ES0000000000003409CCPF;31/07/2023;19;0,069;R
ES0000000000003409CCPF;31/07/2023;20;0,058;R
ES0000000000003409CCPF;31/07/2023;21;0,058;R
ES0000000000003409CCPF;31/07/2023;22;0,034;R
ES0000000000003409CCPF;31/07/2023;23;0,057;R
ES0000000000003409CCPF;01/08/2023;0;0,056;R
ES0000000000003409CCPF;01/08/2023;1;0,033;R
ES0000000000003409CCPF;01/08/2023;2;0,057;R
ES0000000000003409CCPF;01/08/2023;3;0,055;R
ES0000000000003409CCPF;01/08/2023;4;0,033;R
ES0000000000003409CCPF;01/08/2023;5;0,057;R
ES0000000000003409CCPF;01/08/2023;6;0,054;R
ES0000000000003409CCPF;01/08/2023;7;0,034;R
ES0000000000003409CCPF;01/08/2023;8;0,055;R
ES0000000000003409CCPF;01/08/2023;9;0,053;R
ES0000000000003409CCPF;01/08/2023;10;0,035;R
ES0000000000003409CCPF;01/08/2023;11;0,056;R
ES0000000000003409CCPF;01/08/2023;12;0,052;R
ES0000000000003409CCPF;01/08/2023;13;0,035;R
ES0000000000003409CCPF;01/08/2023;14;0,056;R
ES0000000000003409CCPF;01/08/2023;15;0,053;R
ES0000000000003409CCPF;01/08/2023;16;0,034;R
ES0000000000003409CCPF;01/08/2023;17;0,056;R
ES0000000000003409CCPF;01/08/2023;18;0,054;R
ES0000000000003409CCPF;01/08/2023;19;0,034;R
ES0000000000003409CCPF;01/08/2023;20;0,056;R
ES0000000000003409CCPF;01/08/2023;21;0,055;R
ES0000000000003409CCPF;01/08/2023;22;0,033;R
ES0000000000003409CCPF;01/08/2023;23;0,057;R
ES0000000000003409CCPF;02/08/2023;0;0,055;R
ES0000000000003409CCPF;02/08/2023;1;0,032;R
ES0000000000003409CCPF;02/08/2023;2;0,056;R
ES0000000000003409CCPF;02/08/2023;3;0,056;R
ES0000000000003409CCPF;02/08/2023;4;0,032;R
ES0000000000003409CCPF;02/08/2023;5;0,057;R
ES0000000000003409CCPF;02/08/2023;6;0,055;R
ES0000000000003409CCPF;02/08/2023;7;0,033;R
ES0000000000003409CCPF;02/08/2023;8;0,056;R
ES0000000000003409CCPF;02/08/2023;9;0,055;R
ES0000000000003409CCPF;02/08/2023;10;0,033;R
ES0000000000003409CCPF;02/08/2023;11;0,057;R
ES0000000000003409CCPF;02/08/2023;12;0,055;R
ES0000000000003409CCPF;02/08/2023;13;0,033;R
ES0000000000003409CCPF;02/08/2023;14;0,056;R
ES0000000000003409CCPF;02/08/2023;15;0,055;R
ES0000000000003409CCPF;02/08/2023;16;0,034;R
ES0000000000003409CCPF;02/08/2023;17;0,056;R
ES0000000000003409CCPF;02/08/2023;18;0,056;R
ES0000000000003409CCPF;02/08/2023;19;0,033;R
ES0000000000003409CCPF;02/08/2023;20;0,056;R
ES0000000000003409CCPF;02/08/2023;21;0,055;R
ES0000000000003409CCPF;02/08/2023;22;0,036;R
ES0000000000003409CCPF;02/08/2023;23;0,054;R
ES0000000000003409CCPF;03/08/2023;0;0,055;R
ES0000000000003409CCPF;03/08/2023;1;0,038;R
ES0000000000003409CCPF;03/08/2023;2;0,051;R
ES0000000000003409CCPF;03/08/2023;3;0,056;R
ES0000000000003409CCPF;03/08/2023;4;0,04;R
ES0000000000003409CCPF;03/08/2023;5;0,05;R
ES0000000000003409CCPF;03/08/2023;6;0,056;R
ES0000000000003409CCPF;03/08/2023;7;0,041;R
ES0000000000003409CCPF;03/08/2023;8;0,049;R
ES0000000000003409CCPF;03/08/2023;9;0,056;R
ES0000000000003409CCPF;03/08/2023;10;0,04;R
ES0000000000003409CCPF;03/08/2023;11;0,05;R
ES0000000000003409CCPF;03/08/2023;12;0,055;R
ES0000000000003409CCPF;03/08/2023;13;0,041;R
ES0000000000003409CCPF;03/08/2023;14;0,049;R
ES0000000000003409CCPF;03/08/2023;15;0,056;R
ES0000000000003409CCPF;03/08/2023;16;0,042;R
ES0000000000003409CCPF;03/08/2023;17;0,049;R
ES0000000000003409CCPF;03/08/2023;18;0,054;R
ES0000000000003409CCPF;03/08/2023;19;0,044;R
ES0000000000003409CCPF;03/08/2023;20;0,05;R
ES0000000000003409CCPF;03/08/2023;21;0,052;R
ES0000000000003409CCPF;03/08/2023;22;0,108;R
ES0000000000003409CCPF;03/08/2023;23;0,115;R
ES0000000000003409CCPF;04/08/2023;0;0,041;R
ES0000000000003409CCPF;04/08/2023;1;0,058;R
ES0000000000003409CCPF;04/08/2023;2;0,056;R
ES0000000000003409CCPF;04/08/2023;3;0,043;R
ES0000000000003409CCPF;04/08/2023;4;0,05;R
ES0000000000003409CCPF;04/08/2023;5;0,056;R
ES0000000000003409CCPF;04/08/2023;6;0,039;R
ES0000000000003409CCPF;04/08/2023;7;0,053;R
ES0000000000003409CCPF;04/08/2023;8;0,057;R
ES0000000000003409CCPF;04/08/2023;9;0,034;R
ES0000000000003409CCPF;04/08/2023;10;0,057;R
ES0000000000003409CCPF;04/08/2023;11;0,055;R
ES0000000000003409CCPF;04/08/2023;12;0,036;R
ES0000000000003409CCPF;04/08/2023;13;0,056;R
ES0000000000003409CCPF;04/08/2023;14;0,051;R
ES0000000000003409CCPF;04/08/2023;15;0,04;R
ES0000000000003409CCPF;04/08/2023;16;0,055;R
ES0000000000003409CCPF;04/08/2023;17;0,048;R
ES0000000000003409CCPF;04/08/2023;18;0,044;R
ES0000000000003409CCPF;04/08/2023;19;0,051;R
ES0000000000003409CCPF;04/08/2023;20;0,047;R
ES0000000000003409CCPF;04/08/2023;21;0,049;R
ES0000000000003409CCPF;04/08/2023;22;0,045;R
ES0000000000003409CCPF;04/08/2023;23;0,047;R
ES0000000000003409CCPF;05/08/2023;0;0,054;R
ES0000000000003409CCPF;05/08/2023;1;0,04;R
ES0000000000003409CCPF;05/08/2023;2;0,051;R
ES0000000000003409CCPF;05/08/2023;3;0,055;R
ES0000000000003409CCPF;05/08/2023;4;0,035;R
ES0000000000003409CCPF;05/08/2023;5;0,054;R
ES0000000000003409CCPF;05/08/2023;6;0,055;R
ES0000000000003409CCPF;05/08/2023;7;0,034;R
ES0000000000003409CCPF;05/08/2023;8;0,056;R
ES0000000000003409CCPF;05/08/2023;9;0,049;R
ES0000000000003409CCPF;05/08/2023;10;0,041;R
ES0000000000003409CCPF;05/08/2023;11;0,051;R
ES0000000000003409CCPF;05/08/2023;12;0,046;R
ES0000000000003409CCPF;05/08/2023;13;0,048;R
ES0000000000003409CCPF;05/08/2023;14;0,045;R
ES0000000000003409CCPF;05/08/2023;15;0,046;R
ES0000000000003409CCPF;05/08/2023;16;0,053;R
ES0000000000003409CCPF;05/08/2023;17;0,039;R
ES0000000000003409CCPF;05/08/2023;18;0,05;R
ES0000000000003409CCPF;05/08/2023;19;0,054;R
ES0000000000003409CCPF;05/08/2023;20;0,035;R
ES0000000000003409CCPF;05/08/2023;21;0,054;R
ES0000000000003409CCPF;05/08/2023;22;0,054;R
ES0000000000003409CCPF;05/08/2023;23;0,034;R
ES0000000000003409CCPF;06/08/2023;0;0,055;R
ES0000000000003409CCPF;06/08/2023;1;0,048;R
ES0000000000003409CCPF;06/08/2023;2;0,042;R
ES0000000000003409CCPF;06/08/2023;3;0,05;R
ES0000000000003409CCPF;06/08/2023;4;0,046;R
ES0000000000003409CCPF;06/08/2023;5;0,048;R
ES0000000000003409CCPF;06/08/2023;6;0,045;R
ES0000000000003409CCPF;06/08/2023;7;0,044;R
ES0000000000003409CCPF;06/08/2023;8;0,054;R
ES0000000000003409CCPF;06/08/2023;9;0,038;R
ES0000000000003409CCPF;06/08/2023;10;0,051;R
ES0000000000003409CCPF;06/08/2023;11;0,054;R
ES0000000000003409CCPF;06/08/2023;12;0,033;R
ES0000000000003409CCPF;06/08/2023;13;0,056;R
ES0000000000003409CCPF;06/08/2023;14;0,047;R
ES0000000000003409CCPF;06/08/2023;15;0,041;R
ES0000000000003409CCPF;06/08/2023;16;0,051;R
ES0000000000003409CCPF;06/08/2023;17;0,045;R
ES0000000000003409CCPF;06/08/2023;18;0,049;R
ES0000000000003409CCPF;06/08/2023;19;0,043;R
ES0000000000003409CCPF;06/08/2023;20;0,045;R
ES0000000000003409CCPF;06/08/2023;21;0,055;R
ES0000000000003409CCPF;06/08/2023;22;0,037;R
ES0000000000003409CCPF;06/08/2023;23;0,051;R
ES0000000000003409CCPF;07/08/2023;0;0,055;R
ES0000000000003409CCPF;07/08/2023;1;0,032;R
ES0000000000003409CCPF;07/08/2023;2;0,104;R
ES0000000000003409CCPF;07/08/2023;3;0,111;R
ES0000000000003409CCPF;07/08/2023;4;0,06;R
ES0000000000003409CCPF;07/08/2023;5;0,053;R
ES0000000000003409CCPF;07/08/2023;6;0,042;R
ES0000000000003409CCPF;07/08/2023;7;0,053;R
ES0000000000003409CCPF;07/08/2023;8;0,045;R
ES0000000000003409CCPF;07/08/2023;9;0,048;R
ES0000000000003409CCPF;07/08/2023;10;0,044;R
ES0000000000003409CCPF;07/08/2023;11;0,045;R
ES0000000000003409CCPF;07/08/2023;12;0,055;R
ES0000000000003409CCPF;07/08/2023;13;0,036;R
ES0000000000003409CCPF;07/08/2023;14;0,054;R
ES0000000000003409CCPF;07/08/2023;15;0,053;R
ES0000000000003409CCPF;07/08/2023;16;0,034;R
ES0000000000003409CCPF;07/08/2023;17;0,056;R
ES0000000000003409CCPF;07/08/2023;18;0,047;R
ES0000000000003409CCPF;07/08/2023;19;0,041;R
ES0000000000003409CCPF;07/08/2023;20;0,051;R
ES0000000000003409CCPF;07/08/2023;21;0,046;R
ES0000000000003409CCPF;07/08/2023;22;0,064;R
ES0000000000003409CCPF;07/08/2023;23;0,055;R
ES0000000000003409CCPF;08/08/2023;0;1,034;R
ES0000000000003409CCPF;08/08/2023;1;0,642;R
ES0000000000003409CCPF;08/08/2023;2;0,261;R
ES0000000000003409CCPF;08/08/2023;3;0,115;R
ES0000000000003409CCPF;08/08/2023;4;0,046;R
ES0000000000003409CCPF;08/08/2023;5;0,058;R
ES0000000000003409CCPF;08/08/2023;6;0,05;R
ES0000000000003409CCPF;08/08/2023;7;0,048;R
ES0000000000003409CCPF;08/08/2023;8;0,051;R
ES0000000000003409CCPF;08/08/2023;9;0,056;R
ES0000000000003409CCPF;08/08/2023;10;0,079;R
ES0000000000003409CCPF;08/08/2023;11;0,082;R
ES0000000000003409CCPF;08/08/2023;12;0,084;R
ES0000000000003409CCPF;08/08/2023;13;0,051;R
ES0000000000003409CCPF;08/08/2023;14;0,046;R
ES0000000000003409CCPF;08/08/2023;15;0,043;R
ES0000000000003409CCPF;08/08/2023;16;0,05;R
ES0000000000003409CCPF;08/08/2023;17;0,043;R
ES0000000000003409CCPF;08/08/2023;18;0,049;R
ES0000000000003409CCPF;08/08/2023;19;0,052;R
ES0000000000003409CCPF;08/08/2023;20;0,04;R
ES0000000000003409CCPF;08/08/2023;21;0,047;R
ES0000000000003409CCPF;08/08/2023;22;0,046;R
ES0000000000003409CCPF;08/08/2023;23;0,076;R
ES0000000000003409CCPF;09/08/2023;0;0,107;R
ES0000000000003409CCPF;09/08/2023;1;0,065;R
ES0000000000003409CCPF;09/08/2023;2;0,04;R
ES0000000000003409CCPF;09/08/2023;3;0,058;R
ES0000000000003409CCPF;09/08/2023;4;0,042;R
ES0000000000003409CCPF;09/08/2023;5;0,054;R
ES0000000000003409CCPF;09/08/2023;6;0,037;R
ES0000000000003409CCPF;09/08/2023;7;0,057;R
ES0000000000003409CCPF;09/08/2023;8;0,042;R
ES0000000000003409CCPF;09/08/2023;9;0,053;R
ES0000000000003409CCPF;09/08/2023;10;0,036;R
ES0000000000003409CCPF;09/08/2023;11;0,057;R
ES0000000000003409CCPF;09/08/2023;12;0,043;R
ES0000000000003409CCPF;09/08/2023;13;0,051;R
ES0000000000003409CCPF;09/08/2023;14;0,037;R
ES0000000000003409CCPF;09/08/2023;15;0,056;R
ES0000000000003409CCPF;09/08/2023;16;0,045;R
ES0000000000003409CCPF;09/08/2023;17;0,049;R
ES0000000000003409CCPF;09/08/2023;18;0,039;R
ES0000000000003409CCPF;09/08/2023;19;0,054;R
ES0000000000003409CCPF;09/08/2023;20;0,048;R
ES0000000000003409CCPF;09/08/2023;21;0,047;R
ES0000000000003409CCPF;09/08/2023;22;0,041;R
ES0000000000003409CCPF;09/08/2023;23;0,052;R
ES0000000000003409CCPF;10/08/2023;0;0,05;R
ES0000000000003409CCPF;10/08/2023;1;0,044;R
ES0000000000003409CCPF;10/08/2023;2;0,044;R
ES0000000000003409CCPF;10/08/2023;3;0,049;R
ES0000000000003409CCPF;10/08/2023;4;0,054;R
ES0000000000003409CCPF;10/08/2023;5;0,039;R
ES0000000000003409CCPF;10/08/2023;6;0,05;R
ES0000000000003409CCPF;10/08/2023;7;0,045;R
ES0000000000003409CCPF;10/08/2023;8;0,056;R
ES0000000000003409CCPF;10/08/2023;9;0,036;R
ES0000000000003409CCPF;10/08/2023;10;0,056;R
ES0000000000003409CCPF;10/08/2023;11;0,043;R
ES0000000000003409CCPF;10/08/2023;12;0,053;R
ES0000000000003409CCPF;10/08/2023;13;0,036;R
ES0000000000003409CCPF;10/08/2023;14;0,057;R
ES0000000000003409CCPF;10/08/2023;15;0,047;R
ES0000000000003409CCPF;10/08/2023;16;0,048;R
ES0000000000003409CCPF;10/08/2023;17;0,042;R
ES0000000000003409CCPF;10/08/2023;18;0,052;R
ES0000000000003409CCPF;10/08/2023;19;0,051;R
ES0000000000003409CCPF;10/08/2023;20;0,044;R
ES0000000000003409CCPF;10/08/2023;21;0,046;R
ES0000000000003409CCPF;10/08/2023;22;0,048;R
ES0000000000003409CCPF;10/08/2023;23;0,057;R
ES0000000000003409CCPF;11/08/2023;0;0,037;R
ES0000000000003409CCPF;11/08/2023;1;0,054;R
ES0000000000003409CCPF;11/08/2023;2;0,044;R
ES0000000000003409CCPF;11/08/2023;3;0,055;R
ES0000000000003409CCPF;11/08/2023;4;0,036;R
ES0000000000003409CCPF;11/08/2023;5;0,058;R
ES0000000000003409CCPF;11/08/2023;6;0,046;R
ES0000000000003409CCPF;11/08/2023;7;0,05;R
ES0000000000003409CCPF;11/08/2023;8;0,04;R
ES0000000000003409CCPF;11/08/2023;9;0,053;R
ES0000000000003409CCPF;11/08/2023;10;0,051;R
ES0000000000003409CCPF;11/08/2023;11;0,044;R
ES0000000000003409CCPF;11/08/2023;12;0,046;R
ES0000000000003409CCPF;11/08/2023;13;0,048;R
ES0000000000003409CCPF;11/08/2023;14;0,057;R
ES0000000000003409CCPF;11/08/2023;15;0,036;R
ES0000000000003409CCPF;11/08/2023;16;0,055;R
ES0000000000003409CCPF;11/08/2023;17;0,045;R
ES0000000000003409CCPF;11/08/2023;18;0,054;R
ES0000000000003409CCPF;11/08/2023;19;0,037;R
ES0000000000003409CCPF;11/08/2023;20;0,057;R
ES0000000000003409CCPF;11/08/2023;21;0,049;R
ES0000000000003409CCPF;11/08/2023;22;0,047;R
ES0000000000003409CCPF;11/08/2023;23;0,045;R
ES0000000000003409CCPF;12/08/2023;0;0,049;R
ES0000000000003409CCPF;12/08/2023;1;0,057;R
ES0000000000003409CCPF;12/08/2023;2;0,038;R
ES0000000000003409CCPF;12/08/2023;3;0,107;R
ES0000000000003409CCPF;12/08/2023;4;0,112;R
ES0000000000003409CCPF;12/08/2023;5;0,044;R
ES0000000000003409CCPF;12/08/2023;6;0,059;R
ES0000000000003409CCPF;12/08/2023;7;0,058;R
ES0000000000003409CCPF;12/08/2023;8;0,039;R
ES0000000000003409CCPF;12/08/2023;9;0,054;R
ES0000000000003409CCPF;12/08/2023;10;0,045;R
ES0000000000003409CCPF;12/08/2023;11;0,056;R
ES0000000000003409CCPF;12/08/2023;12;0,037;R
ES0000000000003409CCPF;12/08/2023;13;0,058;R
ES0000000000003409CCPF;12/08/2023;14;0,049;R
ES0000000000003409CCPF;12/08/2023;15;0,049;R
ES0000000000003409CCPF;12/08/2023;16;0,044;R
ES0000000000003409CCPF;12/08/2023;17;0,052;R
ES0000000000003409CCPF;12/08/2023;18;0,057;R
ES0000000000003409CCPF;12/08/2023;19;0,037;R
ES0000000000003409CCPF;12/08/2023;20;0,056;R
ES0000000000003409CCPF;12/08/2023;21;0,046;R
ES0000000000003409CCPF;12/08/2023;22;0,053;R
ES0000000000003409CCPF;12/08/2023;23;0,039;R
ES0000000000003409CCPF;13/08/2023;0;0,055;R
ES0000000000003409CCPF;13/08/2023;1;0,055;R
ES0000000000003409CCPF;13/08/2023;2;0,041;R
ES0000000000003409CCPF;13/08/2023;3;0,05;R
ES0000000000003409CCPF;13/08/2023;4;0,047;R
ES0000000000003409CCPF;13/08/2023;5;0,055;R
ES0000000000003409CCPF;13/08/2023;6;0,037;R
ES0000000000003409CCPF;13/08/2023;7;0,058;R
ES0000000000003409CCPF;13/08/2023;8;0,051;R
ES0000000000003409CCPF;13/08/2023;9;0,045;R
ES0000000000003409CCPF;13/08/2023;10;0,047;R
ES0000000000003409CCPF;13/08/2023;11;0,047;R
ES0000000000003409CCPF;13/08/2023;12;0,058;R
ES0000000000003409CCPF;13/08/2023;13;0,036;R
ES0000000000003409CCPF;13/08/2023;14;0,058;R
ES0000000000003409CCPF;13/08/2023;15;0,048;R
ES0000000000003409CCPF;13/08/2023;16;0,049;R
ES0000000000003409CCPF;13/08/2023;17;0,044;R
ES0000000000003409CCPF;13/08/2023;18;0,051;R
ES0000000000003409CCPF;13/08/2023;19;0,057;R
ES0000000000003409CCPF;13/08/2023;20;0,037;R
ES0000000000003409CCPF;13/08/2023;21;0,058;R
ES0000000000003409CCPF;13/08/2023;22;0,048;R
ES0000000000003409CCPF;13/08/2023;23;0,049;R
ES0000000000003409CCPF;14/08/2023;0;0,043;R
ES0000000000003409CCPF;14/08/2023;1;0,052;R
ES0000000000003409CCPF;14/08/2023;2;0,058;R
ES0000000000003409CCPF;14/08/2023;3;0,037;R
ES0000000000003409CCPF;14/08/2023;4;0,057;R
ES0000000000003409CCPF;14/08/2023;5;0,046;R
ES0000000000003409CCPF;14/08/2023;6;0,051;R
ES0000000000003409CCPF;14/08/2023;7;0,042;R
ES0000000000003409CCPF;14/08/2023;8;0,053;R
ES0000000000003409CCPF;14/08/2023;9;0,056;R
ES0000000000003409CCPF;14/08/2023;10;0,037;R
ES0000000000003409CCPF;14/08/2023;11;0,055;R
ES0000000000003409CCPF;14/08/2023;12;0,046;R
ES0000000000003409CCPF;14/08/2023;13;0,052;R
ES0000000000003409CCPF;14/08/2023;14;0,041;R
ES0000000000003409CCPF;14/08/2023;15;0,054;R
ES0000000000003409CCPF;14/08/2023;16;0,055;R
ES0000000000003409CCPF;14/08/2023;17;0,039;R
ES0000000000003409CCPF;14/08/2023;18;0,054;R
ES0000000000003409CCPF;14/08/2023;19;0,046;R
ES0000000000003409CCPF;14/08/2023;20;0,054;R
ES0000000000003409CCPF;14/08/2023;21;0,039;R
ES0000000000003409CCPF;14/08/2023;22;0,056;R
ES0000000000003409CCPF;14/08/2023;23;0,052;R
ES0000000000003409CCPF;15/08/2023;0;0,043;R
ES0000000000003409CCPF;15/08/2023;1;0,05;R
ES0000000000003409CCPF;15/08/2023;2;0,046;R
ES0000000000003409CCPF;15/08/2023;3;0,057;R
ES0000000000003409CCPF;15/08/2023;4;0,036;R
ES0000000000003409CCPF;15/08/2023;5;0,058;R
ES0000000000003409CCPF;15/08/2023;6;0,049;R
ES0000000000003409CCPF;15/08/2023;7;0,094;R
ES0000000000003409CCPF;15/08/2023;8;0,113;R
ES0000000000003409CCPF;15/08/2023;9;0,065;R
ES0000000000003409CCPF;15/08/2023;10;0,054;R
ES0000000000003409CCPF;15/08/2023;11;0,051;R
ES0000000000003409CCPF;15/08/2023;12;0,043;R
ES0000000000003409CCPF;15/08/2023;13;0,054;R
ES0000000000003409CCPF;15/08/2023;14;0,054;R
ES0000000000003409CCPF;15/08/2023;15;0,043;R
ES0000000000003409CCPF;15/08/2023;16;0,048;R
ES0000000000003409CCPF;15/08/2023;17;0,878;R
ES0000000000003409CCPF;15/08/2023;18;1,259;R
ES0000000000003409CCPF;15/08/2023;19;0,127;R
ES0000000000003409CCPF;15/08/2023;20;0,1;R
ES0000000000003409CCPF;15/08/2023;21;0,096;R
ES0000000000003409CCPF;15/08/2023;22;0,087;R
ES0000000000003409CCPF;15/08/2023;23;0,094;R
ES0000000000003409CCPF;16/08/2023;0;0,048;R
ES0000000000003409CCPF;16/08/2023;1;0,069;R
ES0000000000003409CCPF;16/08/2023;2;0,064;R
ES0000000000003409CCPF;16/08/2023;3;0,117;R
ES0000000000003409CCPF;16/08/2023;4;0,103;R
ES0000000000003409CCPF;16/08/2023;5;0,052;R
ES0000000000003409CCPF;16/08/2023;6;0,058;R
ES0000000000003409CCPF;16/08/2023;7;0,044;R
ES0000000000003409CCPF;16/08/2023;8;0,053;R
ES0000000000003409CCPF;16/08/2023;9;0,057;R
ES0000000000003409CCPF;16/08/2023;10;0,079;R
ES0000000000003409CCPF;16/08/2023;11;0,071;R
ES0000000000003409CCPF;16/08/2023;12;0,048;R
ES0000000000003409CCPF;16/08/2023;13;0,047;R
ES0000000000003409CCPF;16/08/2023;14;0,044;R
ES0000000000003409CCPF;16/08/2023;15;0,05;R
ES0000000000003409CCPF;16/08/2023;16;0,057;R
ES0000000000003409CCPF;16/08/2023;17;0,037;R
ES0000000000003409CCPF;16/08/2023;18;0,054;R
ES0000000000003409CCPF;16/08/2023;19;0,048;R
ES0000000000003409CCPF;16/08/2023;20;0,063;R
ES0000000000003409CCPF;16/08/2023;21;0,039;R
ES0000000000003409CCPF;16/08/2023;22;0,073;R
ES0000000000003409CCPF;16/08/2023;23;0,142;R
ES0000000000003409CCPF;17/08/2023;0;0,146;R
ES0000000000003409CCPF;17/08/2023;1;0,115;R
ES0000000000003409CCPF;17/08/2023;2;0,096;R
ES0000000000003409CCPF;17/08/2023;3;0,066;R
ES0000000000003409CCPF;17/08/2023;4;0,038;R
ES0000000000003409CCPF;17/08/2023;5;0,06;R
ES0000000000003409CCPF;17/08/2023;6;0,054;R
ES0000000000003409CCPF;17/08/2023;7;0,043;R
ES0000000000003409CCPF;17/08/2023;8;0,05;R
ES0000000000003409CCPF;17/08/2023;9;0,049;R
ES0000000000003409CCPF;17/08/2023;10;0,056;R
ES0000000000003409CCPF;17/08/2023;11;0,86;R
ES0000000000003409CCPF;17/08/2023;12;0,117;R
ES0000000000003409CCPF;17/08/2023;13;0,112;R
ES0000000000003409CCPF;17/08/2023;14;0,114;R
ES0000000000003409CCPF;17/08/2023;15;0,036;R
ES0000000000003409CCPF;17/08/2023;16;0,06;R
ES0000000000003409CCPF;17/08/2023;17;0,054;R
ES0000000000003409CCPF;17/08/2023;18;0,04;R
ES0000000000003409CCPF;17/08/2023;19;0,053;R
ES0000000000003409CCPF;17/08/2023;20;0,046;R
ES0000000000003409CCPF;17/08/2023;21;0,051;R
ES0000000000003409CCPF;17/08/2023;22;0,041;R
ES0000000000003409CCPF;17/08/2023;23;0,052;R
ES0000000000003409CCPF;18/08/2023;0;0,056;R
ES0000000000003409CCPF;18/08/2023;1;0,036;R
ES0000000000003409CCPF;18/08/2023;2;0,054;R
ES0000000000003409CCPF;18/08/2023;3;0,045;R
ES0000000000003409CCPF;18/08/2023;4;0,051;R
ES0000000000003409CCPF;18/08/2023;5;0,04;R
ES0000000000003409CCPF;18/08/2023;6;0,051;R
ES0000000000003409CCPF;18/08/2023;7;0,055;R
ES0000000000003409CCPF;18/08/2023;8;0,035;R
ES0000000000003409CCPF;18/08/2023;9;0,055;R
ES0000000000003409CCPF;18/08/2023;10;0,045;R
ES0000000000003409CCPF;18/08/2023;11;0,049;R
ES0000000000003409CCPF;18/08/2023;12;0,041;R
ES0000000000003409CCPF;18/08/2023;13;0,05;R
ES0000000000003409CCPF;18/08/2023;14;0,054;R
ES0000000000003409CCPF;18/08/2023;15;0,035;R
ES0000000000003409CCPF;18/08/2023;16;0,056;R
ES0000000000003409CCPF;18/08/2023;17;0,045;R
ES0000000000003409CCPF;18/08/2023;18;0,048;R
ES0000000000003409CCPF;18/08/2023;19;0,043;R
ES0000000000003409CCPF;18/08/2023;20;0,048;R
ES0000000000003409CCPF;18/08/2023;21;0,056;R
ES0000000000003409CCPF;18/08/2023;22;0,034;R
ES0000000000003409CCPF;18/08/2023;23;0,056;R
ES0000000000003409CCPF;19/08/2023;0;0,048;R
ES0000000000003409CCPF;19/08/2023;1;0,045;R
ES0000000000003409CCPF;19/08/2023;2;0,046;R
ES0000000000003409CCPF;19/08/2023;3;0,046;R
ES0000000000003409CCPF;19/08/2023;4;0,055;R
ES0000000000003409CCPF;19/08/2023;5;0,035;R
ES0000000000003409CCPF;19/08/2023;6;0,056;R
ES0000000000003409CCPF;19/08/2023;7;0,047;R
ES0000000000003409CCPF;19/08/2023;8;0,046;R
ES0000000000003409CCPF;19/08/2023;9;0,044;R
ES0000000000003409CCPF;19/08/2023;10;0,048;R
ES0000000000003409CCPF;19/08/2023;11;0,055;R
ES0000000000003409CCPF;19/08/2023;12;0,034;R
ES0000000000003409CCPF;19/08/2023;13;0,056;R
ES0000000000003409CCPF;19/08/2023;14;0,044;R
ES0000000000003409CCPF;19/08/2023;15;0,049;R
ES0000000000003409CCPF;19/08/2023;16;0,042;R
ES0000000000003409CCPF;19/08/2023;17;0,049;R
ES0000000000003409CCPF;19/08/2023;18;0,055;R
ES0000000000003409CCPF;19/08/2023;19;0,035;R
ES0000000000003409CCPF;19/08/2023;20;0,056;R
ES0000000000003409CCPF;19/08/2023;21;0,044;R
ES0000000000003409CCPF;19/08/2023;22;0,05;R
ES0000000000003409CCPF;19/08/2023;23;0,042;R
ES0000000000003409CCPF;20/08/2023;0;0,049;R
ES0000000000003409CCPF;20/08/2023;1;0,056;R
ES0000000000003409CCPF;20/08/2023;2;0,035;R
ES0000000000003409CCPF;20/08/2023;3;0,056;R
ES0000000000003409CCPF;20/08/2023;4;0,046;R
ES0000000000003409CCPF;20/08/2023;5;0,047;R
ES0000000000003409CCPF;20/08/2023;6;0,044;R
ES0000000000003409CCPF;20/08/2023;7;0,047;R
ES0000000000003409CCPF;20/08/2023;8;0,056;R
ES0000000000003409CCPF;20/08/2023;9;0,034;R
ES0000000000003409CCPF;20/08/2023;10;0,056;R
ES0000000000003409CCPF;20/08/2023;11;0,047;R
ES0000000000003409CCPF;20/08/2023;12;0,045;R
ES0000000000003409CCPF;20/08/2023;13;0,045;R
ES0000000000003409CCPF;20/08/2023;14;0,047;R
ES0000000000003409CCPF;20/08/2023;15;0,056;R
ES0000000000003409CCPF;20/08/2023;16;0,034;R
ES0000000000003409CCPF;20/08/2023;17;0,107;R
ES0000000000003409CCPF;20/08/2023;18;0,109;R
ES0000000000003409CCPF;20/08/2023;19;0,055;R
ES0000000000003409CCPF;20/08/2023;20;0,053;R
ES0000000000003409CCPF;20/08/2023;21;0,053;R
ES0000000000003409CCPF;20/08/2023;22;0,039;R
ES0000000000003409CCPF;20/08/2023;23;0,054;R
ES0000000000003409CCPF;21/08/2023;0;0,054;R
ES0000000000003409CCPF;21/08/2023;1;0,039;R
ES0000000000003409CCPF;21/08/2023;2;0,052;R
ES0000000000003409CCPF;21/08/2023;3;0,045;R
ES0000000000003409CCPF;21/08/2023;4;0,053;R
ES0000000000003409CCPF;21/08/2023;5;0,037;R
ES0000000000003409CCPF;21/08/2023;6;0,056;R
ES0000000000003409CCPF;21/08/2023;7;0,052;R
ES0000000000003409CCPF;21/08/2023;8;0,043;R
ES0000000000003409CCPF;21/08/2023;9;0,048;R
ES0000000000003409CCPF;21/08/2023;10;0,046;R
ES0000000000003409CCPF;21/08/2023;11;0,057;R
ES0000000000003409CCPF;21/08/2023;12;0,037;R
ES0000000000003409CCPF;21/08/2023;13;0,057;R
ES0000000000003409CCPF;21/08/2023;14;0,046;R
ES0000000000003409CCPF;21/08/2023;15;0,051;R
ES0000000000003409CCPF;21/08/2023;16;0,041;R
ES0000000000003409CCPF;21/08/2023;17;0,054;R
ES0000000000003409CCPF;21/08/2023;18;0,053;R
ES0000000000003409CCPF;21/08/2023;19;0,041;R
ES0000000000003409CCPF;21/08/2023;20;0,052;R
ES0000000000003409CCPF;21/08/2023;21;0,046;R
ES0000000000003409CCPF;21/08/2023;22;0,054;R
ES0000000000003409CCPF;21/08/2023;23;0,186;R
ES0000000000003409CCPF;22/08/2023;0;0,409;R
ES0000000000003409CCPF;22/08/2023;1;0,688;R
ES0000000000003409CCPF;22/08/2023;2;0,054;R
ES0000000000003409CCPF;22/08/2023;3;0,07;R
ES0000000000003409CCPF;22/08/2023;4;0,061;R
ES0000000000003409CCPF;22/08/2023;5;0,045;R
ES0000000000003409CCPF;22/08/2023;6;0,06;R
ES0000000000003409CCPF;22/08/2023;7;0,052;R
ES0000000000003409CCPF;22/08/2023;8;0,054;R
ES0000000000003409CCPF;22/08/2023;9;0,049;R
ES0000000000003409CCPF;22/08/2023;10;1,048;R
ES0000000000003409CCPF;22/08/2023;11;0,082;R
ES0000000000003409CCPF;22/08/2023;12;0,14;R
ES0000000000003409CCPF;22/08/2023;13;0,063;R
ES0000000000003409CCPF;22/08/2023;14;0,23;R
ES0000000000003409CCPF;22/08/2023;15;0,056;R
ES0000000000003409CCPF;22/08/2023;16;0,085;R
ES0000000000003409CCPF;22/08/2023;17;0,059;R
ES0000000000003409CCPF;22/08/2023;18;0,036;R
ES0000000000003409CCPF;22/08/2023;19;0,094;R
ES0000000000003409CCPF;22/08/2023;20;0,115;R
ES0000000000003409CCPF;22/08/2023;21;0,075;R
ES0000000000003409CCPF;22/08/2023;22;0,055;R
ES0000000000003409CCPF;22/08/2023;23;0,053;R
ES0000000000003409CCPF;23/08/2023;0;0,05;R
ES0000000000003409CCPF;23/08/2023;1;0,048;R
ES0000000000003409CCPF;23/08/2023;2;0,049;R
ES0000000000003409CCPF;23/08/2023;3;0,058;R
ES0000000000003409CCPF;23/08/2023;4;0,038;R
ES0000000000003409CCPF;23/08/2023;5;0,057;R
ES0000000000003409CCPF;23/08/2023;6;0,058;R
ES0000000000003409CCPF;23/08/2023;7;0,037;R
ES0000000000003409CCPF;23/08/2023;8;0,058;R
ES0000000000003409CCPF;23/08/2023;9;0,048;R
ES0000000000003409CCPF;23/08/2023;10;0,048;R
ES0000000000003409CCPF;23/08/2023;11;0,048;R
ES0000000000003409CCPF;23/08/2023;12;0,048;R
ES0000000000003409CCPF;23/08/2023;13;0,056;R
ES0000000000003409CCPF;23/08/2023;14;0,04;R
ES0000000000003409CCPF;23/08/2023;15;0,055;R
ES0000000000003409CCPF;23/08/2023;16;0,058;R
ES0000000000003409CCPF;23/08/2023;17;0,037;R
ES0000000000003409CCPF;23/08/2023;18;0,058;R
ES0000000000003409CCPF;23/08/2023;19;0,05;R
ES0000000000003409CCPF;23/08/2023;20;0,046;R
ES0000000000003409CCPF;23/08/2023;21;0,051;R
ES0000000000003409CCPF;23/08/2023;22;0,05;R
ES0000000000003409CCPF;23/08/2023;23;0,054;R
ES0000000000003409CCPF;24/08/2023;0;0,043;R
ES0000000000003409CCPF;24/08/2023;1;0,051;R
ES0000000000003409CCPF;24/08/2023;2;0,058;R
ES0000000000003409CCPF;24/08/2023;3;0,037;R
ES0000000000003409CCPF;24/08/2023;4;0,059;R
ES0000000000003409CCPF;24/08/2023;5;0,056;R
ES0000000000003409CCPF;24/08/2023;6;0,039;R
ES0000000000003409CCPF;24/08/2023;7;0,057;R
ES0000000000003409CCPF;24/08/2023;8;0,048;R
ES0000000000003409CCPF;24/08/2023;9;0,05;R
ES0000000000003409CCPF;24/08/2023;10;0,046;R
ES0000000000003409CCPF;24/08/2023;11;0,05;R
ES0000000000003409CCPF;24/08/2023;12;0,057;R
ES0000000000003409CCPF;24/08/2023;13;0,038;R
ES0000000000003409CCPF;24/08/2023;14;0,058;R
ES0000000000003409CCPF;24/08/2023;15;0,057;R
ES0000000000003409CCPF;24/08/2023;16;0,037;R
ES0000000000003409CCPF;24/08/2023;17;0,058;R
ES0000000000003409CCPF;24/08/2023;18;0,051;R
ES0000000000003409CCPF;24/08/2023;19;0,047;R
ES0000000000003409CCPF;24/08/2023;20;0,051;R
ES0000000000003409CCPF;24/08/2023;21;0,05;R
ES0000000000003409CCPF;24/08/2023;22;0,053;R
ES0000000000003409CCPF;24/08/2023;23;0,045;R
ES0000000000003409CCPF;25/08/2023;0;0,051;R
ES0000000000003409CCPF;25/08/2023;1;0,059;R
ES0000000000003409CCPF;25/08/2023;2;0,038;R
ES0000000000003409CCPF;25/08/2023;3;0,057;R
ES0000000000003409CCPF;25/08/2023;4;0,058;R
ES0000000000003409CCPF;25/08/2023;5;0,037;R
ES0000000000003409CCPF;25/08/2023;6;0,059;R
ES0000000000003409CCPF;25/08/2023;7;0,053;R
ES0000000000003409CCPF;25/08/2023;8;0,043;R
ES0000000000003409CCPF;25/08/2023;9;0,054;R
ES0000000000003409CCPF;25/08/2023;10;0,05;R
ES0000000000003409CCPF;25/08/2023;11;0,05;R
ES0000000000003409CCPF;25/08/2023;12;0,047;R
ES0000000000003409CCPF;25/08/2023;13;0,05;R
ES0000000000003409CCPF;25/08/2023;14;0,056;R
ES0000000000003409CCPF;25/08/2023;15;0,042;R
ES0000000000003409CCPF;25/08/2023;16;0,054;R
ES0000000000003409CCPF;25/08/2023;17;0,058;R
ES0000000000003409CCPF;25/08/2023;18;0,037;R
ES0000000000003409CCPF;25/08/2023;19;0,059;R
ES0000000000003409CCPF;25/08/2023;20;0,058;R
ES0000000000003409CCPF;25/08/2023;21;0,039;R
ES0000000000003409CCPF;25/08/2023;22;0,058;R
ES0000000000003409CCPF;25/08/2023;23;0,059;R
ES0000000000003409CCPF;26/08/2023;0;0,122;R
ES0000000000003409CCPF;26/08/2023;1;0,093;R
ES0000000000003409CCPF;26/08/2023;2;0,058;R
ES0000000000003409CCPF;26/08/2023;3;0,051;R
ES0000000000003409CCPF;26/08/2023;4;0,051;R
ES0000000000003409CCPF;26/08/2023;5;0,057;R
ES0000000000003409CCPF;26/08/2023;6;0,042;R
ES0000000000003409CCPF;26/08/2023;7;0,056;R
ES0000000000003409CCPF;26/08/2023;8;0,058;R
ES0000000000003409CCPF;26/08/2023;9;0,039;R
ES0000000000003409CCPF;26/08/2023;10;0,059;R
ES0000000000003409CCPF;26/08/2023;11;0,05;R
ES0000000000003409CCPF;26/08/2023;12;0,049;R
ES0000000000003409CCPF;26/08/2023;13;0,048;R
ES0000000000003409CCPF;26/08/2023;14;0,049;R
ES0000000000003409CCPF;26/08/2023;15;0,058;R
ES0000000000003409CCPF;26/08/2023;16;0,037;R
ES0000000000003409CCPF;26/08/2023;17;0,059;R
ES0000000000003409CCPF;26/08/2023;18;0,057;R
ES0000000000003409CCPF;26/08/2023;19;0,04;R
ES0000000000003409CCPF;26/08/2023;20;0,058;R
ES0000000000003409CCPF;26/08/2023;21;0,049;R
ES0000000000003409CCPF;26/08/2023;22;0,049;R
ES0000000000003409CCPF;26/08/2023;23;0,047;R
ES0000000000003409CCPF;27/08/2023;0;0,05;R
ES0000000000003409CCPF;27/08/2023;1;0,074;R
ES0000000000003409CCPF;27/08/2023;2;0,052;R
ES0000000000003409CCPF;27/08/2023;3;0,062;R
ES0000000000003409CCPF;27/08/2023;4;0,048;R
ES0000000000003409CCPF;27/08/2023;5;0,05;R
ES0000000000003409CCPF;27/08/2023;6;0,047;R
ES0000000000003409CCPF;27/08/2023;7;0,049;R
ES0000000000003409CCPF;27/08/2023;8;0,06;R
ES0000000000003409CCPF;27/08/2023;9;0,038;R
ES0000000000003409CCPF;27/08/2023;10;0,229;R
ES0000000000003409CCPF;27/08/2023;11;0,738;R
ES0000000000003409CCPF;27/08/2023;12;0,043;R
ES0000000000003409CCPF;27/08/2023;13;0,221;R
ES0000000000003409CCPF;27/08/2023;14;0,218;R
ES0000000000003409CCPF;27/08/2023;15;0,189;R
ES0000000000003409CCPF;27/08/2023;16;0,711;R
ES0000000000003409CCPF;27/08/2023;17;0,327;R
ES0000000000003409CCPF;27/08/2023;18;0,064;R
ES0000000000003409CCPF;27/08/2023;19;0,079;R
ES0000000000003409CCPF;27/08/2023;20;0,112;R
ES0000000000003409CCPF;27/08/2023;21;0,121;R
ES0000000000003409CCPF;27/08/2023;22;0,101;R
ES0000000000003409CCPF;27/08/2023;23;0,187;R
ES0000000000003409CCPF;28/08/2023;0;0,118;R
ES0000000000003409CCPF;28/08/2023;1;0,103;R
ES0000000000003409CCPF;28/08/2023;2;0,048;R
ES0000000000003409CCPF;28/08/2023;3;0,054;R
ES0000000000003409CCPF;28/08/2023;4;0,035;R
ES0000000000003409CCPF;28/08/2023;5;0,056;R
ES0000000000003409CCPF;28/08/2023;6;0,047;R
ES0000000000003409CCPF;28/08/2023;7;0,045;R
ES0000000000003409CCPF;28/08/2023;8;0,043;R
ES0000000000003409CCPF;28/08/2023;9;0,048;R
ES0000000000003409CCPF;28/08/2023;10;1,043;R
ES0000000000003409CCPF;28/08/2023;11;0,332;R
ES0000000000003409CCPF;28/08/2023;12;0,056;R
ES0000000000003409CCPF;28/08/2023;13;0,055;R
ES0000000000003409CCPF;28/08/2023;14;0,034;R
ES0000000000003409CCPF;28/08/2023;15;0,056;R
ES0000000000003409CCPF;28/08/2023;16;0,042;R
ES0000000000003409CCPF;28/08/2023;17;0,049;R
ES0000000000003409CCPF;28/08/2023;18;0,038;R
ES0000000000003409CCPF;28/08/2023;19;0,052;R
ES0000000000003409CCPF;28/08/2023;20;0,049;R
ES0000000000003409CCPF;28/08/2023;21;0,042;R
ES0000000000003409CCPF;28/08/2023;22;0,044;R
ES0000000000003409CCPF;28/08/2023;23;0,046;R
ES0000000000003409CCPF;29/08/2023;0;0,053;R
ES0000000000003409CCPF;29/08/2023;1;0,036;R
ES0000000000003409CCPF;29/08/2023;2;0,052;R
ES0000000000003409CCPF;29/08/2023;3;0,042;R
ES0000000000003409CCPF;29/08/2023;4;0,051;R
ES0000000000003409CCPF;29/08/2023;5;0,035;R
ES0000000000003409CCPF;29/08/2023;6;0,053;R
ES0000000000003409CCPF;29/08/2023;7;0,075;R
ES0000000000003409CCPF;29/08/2023;8;0,106;R
ES0000000000003409CCPF;29/08/2023;9;0,061;R
ES0000000000003409CCPF;29/08/2023;10;0,037;R
ES0000000000003409CCPF;29/08/2023;11;0,056;R
ES0000000000003409CCPF;29/08/2023;12;0,045;R
ES0000000000003409CCPF;29/08/2023;13;0,046;R
ES0000000000003409CCPF;29/08/2023;14;0,041;R
ES0000000000003409CCPF;29/08/2023;15;0,047;R
ES0000000000003409CCPF;29/08/2023;16;0,052;R
ES0000000000003409CCPF;29/08/2023;17;0,036;R
ES0000000000003409CCPF;29/08/2023;18;0,05;R
ES0000000000003409CCPF;29/08/2023;19;0,042;R
ES0000000000003409CCPF;29/08/2023;20;0,053;R
ES0000000000003409CCPF;29/08/2023;21;0,034;R
ES0000000000003409CCPF;29/08/2023;22;0,055;R
ES0000000000003409CCPF;29/08/2023;23;0,063;R
ES0000000000003409CCPF;30/08/2023;0;0,059;R
ES0000000000003409CCPF;30/08/2023;1;0,068;R
ES0000000000003409CCPF;30/08/2023;2;0,048;R
ES0000000000003409CCPF;30/08/2023;3;0,038;R
ES0000000000003409CCPF;30/08/2023;4;0,037;R
ES0000000000003409CCPF;30/08/2023;5;0,037;R
ES0000000000003409CCPF;30/08/2023;6;0,042;R
ES0000000000003409CCPF;30/08/2023;7;0,036;R
ES0000000000003409CCPF;30/08/2023;8;0,039;R
ES0000000000003409CCPF;30/08/2023;9;0,041;R
ES0000000000003409CCPF;30/08/2023;10;0,041;R
ES0000000000003409CCPF;30/08/2023;11;0,039;R
ES0000000000003409CCPF;30/08/2023;12;0,03;R
ES0000000000003409CCPF;30/08/2023;13;0,685;R
ES0000000000003409CCPF;30/08/2023;14;0,037;R
ES0000000000003409CCPF;30/08/2023;15;0,037;R
ES0000000000003409CCPF;30/08/2023;16;0,036;R
ES0000000000003409CCPF;30/08/2023;17;0,036;R
ES0000000000003409CCPF;30/08/2023;18;0,039;R
ES0000000000003409CCPF;30/08/2023;19;0,042;R
ES0000000000003409CCPF;30/08/2023;20;0,042;R
ES0000000000003409CCPF;30/08/2023;21;0,038;R
ES0000000000003409CCPF;30/08/2023;22;0,037;R
ES0000000000003409CCPF;30/08/2023;23;0,037;R
ES0000000000003409CCPF;31/08/2023;0;0,037;R
ES0000000000003409CCPF;31/08/2023;1;0,035;R
ES0000000000003409CCPF;31/08/2023;2;0,039;R
ES0000000000003409CCPF;31/08/2023;3;0,041;R
ES0000000000003409CCPF;31/08/2023;4;0,028;R
ES0000000000003409CCPF;31/08/2023;5;0,048;R
ES0000000000003409CCPF;31/08/2023;6;0,04;R
ES0000000000003409CCPF;31/08/2023;7;0,038;R
ES0000000000003409CCPF;31/08/2023;8;0,037;R
ES0000000000003409CCPF;31/08/2023;9;0,036;R
ES0000000000003409CCPF;31/08/2023;10;0,036;R
ES0000000000003409CCPF;31/08/2023;11;0,036;R
ES0000000000003409CCPF;31/08/2023;12;0,036;R
ES0000000000003409CCPF;31/08/2023;13;0,036;R
ES0000000000003409CCPF;31/08/2023;14;0,042;R
ES0000000000003409CCPF;31/08/2023;15;0,042;R
ES0000000000003409CCPF;31/08/2023;16;0,085;R
ES0000000000003409CCPF;31/08/2023;17;1,371;R
ES0000000000003409CCPF;31/08/2023;18;1,179;R
ES0000000000003409CCPF;31/08/2023;19;0,67;R
ES0000000000003409CCPF;31/08/2023;20;0,167;R
ES0000000000003409CCPF;31/08/2023;21;1,819;R
ES0000000000003409CCPF;31/08/2023;22;0,307;R
ES0000000000003409CCPF;31/08/2023;23;0,842;R
ES0000000000003409CCPF;01/09/2023;0;0,345;R
ES0000000000003409CCPF;01/09/2023;1;0,049;R
ES0000000000003409CCPF;01/09/2023;2;0,059;R
ES0000000000003409CCPF;01/09/2023;3;0,058;R
ES0000000000003409CCPF;01/09/2023;4;0,037;R
ES0000000000003409CCPF;01/09/2023;5;0,056;R
ES0000000000003409CCPF;01/09/2023;6;0,046;R
ES0000000000003409CCPF;01/09/2023;7;0,045;R
ES0000000000003409CCPF;01/09/2023;8;0,121;R
ES0000000000003409CCPF;01/09/2023;9;0,128;R
ES0000000000003409CCPF;01/09/2023;10;0,626;R
ES0000000000003409CCPF;01/09/2023;11;0,563;R
ES0000000000003409CCPF;01/09/2023;12;0,506;R
ES0000000000003409CCPF;01/09/2023;13;0,468;R
ES0000000000003409CCPF;01/09/2023;14;0,837;R
ES0000000000003409CCPF;01/09/2023;15;0,649;R
ES0000000000003409CCPF;01/09/2023;16;0,098;R
ES0000000000003409CCPF;01/09/2023;17;0,129;R
ES0000000000003409CCPF;01/09/2023;18;0,122;R
ES0000000000003409CCPF;01/09/2023;19;0,1;R
ES0000000000003409CCPF;01/09/2023;20;0,084;R
ES0000000000003409CCPF;01/09/2023;21;0,067;R
ES0000000000003409CCPF;01/09/2023;22;0,057;R
ES0000000000003409CCPF;01/09/2023;23;0,035;R
ES0000000000003409CCPF;02/09/2023;0;0,063;R
ES0000000000003409CCPF;02/09/2023;1;0,046;R
ES0000000000003409CCPF;02/09/2023;2;0,102;R
ES0000000000003409CCPF;02/09/2023;3;0,115;R
ES0000000000003409CCPF;02/09/2023;4;0,043;R
ES0000000000003409CCPF;02/09/2023;5;0,055;R
ES0000000000003409CCPF;02/09/2023;6;0,055;R
ES0000000000003409CCPF;02/09/2023;7;0,036;R
ES0000000000003409CCPF;02/09/2023;8;0,051;R
ES0000000000003409CCPF;02/09/2023;9;0,041;R
ES0000000000003409CCPF;02/09/2023;10;0,098;R
ES0000000000003409CCPF;02/09/2023;11;0,559;R
ES0000000000003409CCPF;02/09/2023;12;1,038;R
ES0000000000003409CCPF;02/09/2023;13;0,647;R
ES0000000000003409CCPF;02/09/2023;14;1,344;R
ES0000000000003409CCPF;02/09/2023;15;0,107;R
ES0000000000003409CCPF;02/09/2023;16;0,036;R
ES0000000000003409CCPF;02/09/2023;17;0,133;R
ES0000000000003409CCPF;02/09/2023;18;0,053;R
ES0000000000003409CCPF;02/09/2023;19;0,049;R
ES0000000000003409CCPF;02/09/2023;20;0,518;R
ES0000000000003409CCPF;02/09/2023;21;0,718;R
ES0000000000003409CCPF;02/09/2023;22;0,668;R
ES0000000000003409CCPF;02/09/2023;23;0,519;R
ES0000000000003409CCPF;03/09/2023;0;0,141;R
ES0000000000003409CCPF;03/09/2023;1;0,066;R
ES0000000000003409CCPF;03/09/2023;2;0,056;R
ES0000000000003409CCPF;03/09/2023;3;0,043;R
ES0000000000003409CCPF;03/09/2023;4;0,042;R
ES0000000000003409CCPF;03/09/2023;5;0,042;R
ES0000000000003409CCPF;03/09/2023;6;0,038;R
ES0000000000003409CCPF;03/09/2023;7;0,038;R
ES0000000000003409CCPF;03/09/2023;8;0,037;R
ES0000000000003409CCPF;03/09/2023;9;0,036;R
ES0000000000003409CCPF;03/09/2023;10;0,533;R
ES0000000000003409CCPF;03/09/2023;11;0,515;R
ES0000000000003409CCPF;03/09/2023;12;0,059;R
ES0000000000003409CCPF;03/09/2023;13;0,095;R
ES0000000000003409CCPF;03/09/2023;14;0,868;R
ES0000000000003409CCPF;03/09/2023;15;1,069;R
ES0000000000003409CCPF;03/09/2023;16;0,45;R
ES0000000000003409CCPF;03/09/2023;17;0,103;R
ES0000000000003409CCPF;03/09/2023;18;0,103;R
ES0000000000003409CCPF;03/09/2023;19;0,152;R
ES0000000000003409CCPF;03/09/2023;20;1,627;R
ES0000000000003409CCPF;03/09/2023;21;0,464;R
ES0000000000003409CCPF;03/09/2023;22;0,183;R
ES0000000000003409CCPF;03/09/2023;23;0,137;R
ES0000000000003409CCPF;04/09/2023;0;0,101;R
ES0000000000003409CCPF;04/09/2023;1;0,487;R
ES0000000000003409CCPF;04/09/2023;2;0,046;R
ES0000000000003409CCPF;04/09/2023;3;0,098;R
ES0000000000003409CCPF;04/09/2023;4;0,046;R
ES0000000000003409CCPF;04/09/2023;5;0,05;R
ES0000000000003409CCPF;04/09/2023;6;0,039;R
ES0000000000003409CCPF;04/09/2023;7;0,038;R
ES0000000000003409CCPF;04/09/2023;8;0,043;R
ES0000000000003409CCPF;04/09/2023;9;0,738;R
ES0000000000003409CCPF;04/09/2023;10;1,142;R
ES0000000000003409CCPF;04/09/2023;11;1,162;R
ES0000000000003409CCPF;04/09/2023;12;0,07;R
ES0000000000003409CCPF;04/09/2023;13;1,16;R
ES0000000000003409CCPF;04/09/2023;14;0,124;R
ES0000000000003409CCPF;04/09/2023;15;0,071;R
ES0000000000003409CCPF;04/09/2023;16;0,18;R
ES0000000000003409CCPF;04/09/2023;17;0,114;R
ES0000000000003409CCPF;04/09/2023;18;1,232;R
ES0000000000003409CCPF;04/09/2023;19;0,59;R
ES0000000000003409CCPF;04/09/2023;20;0,112;R
ES0000000000003409CCPF;04/09/2023;21;0,044;R
ES0000000000003409CCPF;04/09/2023;22;0,131;R
ES0000000000003409CCPF;04/09/2023;23;0,798;R
ES0000000000003409CCPF;05/09/2023;0;0,124;R
ES0000000000003409CCPF;05/09/2023;1;0,047;R
ES0000000000003409CCPF;05/09/2023;2;0,06;R
ES0000000000003409CCPF;05/09/2023;3;0,041;R
ES0000000000003409CCPF;05/09/2023;4;0,039;R
ES0000000000003409CCPF;05/09/2023;5;0,038;R
ES0000000000003409CCPF;05/09/2023;6;0,036;R
ES0000000000003409CCPF;05/09/2023;7;0,037;R
ES0000000000003409CCPF;05/09/2023;8;0,041;R
ES0000000000003409CCPF;05/09/2023;9;0,04;R
ES0000000000003409CCPF;05/09/2023;10;0,268;R
ES0000000000003409CCPF;05/09/2023;11;0,079;R
ES0000000000003409CCPF;05/09/2023;12;0,051;R
ES0000000000003409CCPF;05/09/2023;13;0,051;R
ES0000000000003409CCPF;05/09/2023;14;1,577;R
ES0000000000003409CCPF;05/09/2023;15;1,111;R
ES0000000000003409CCPF;05/09/2023;16;0,387;R
ES0000000000003409CCPF;05/09/2023;17;0,522;R
ES0000000000003409CCPF;05/09/2023;18;0,134;R
ES0000000000003409CCPF;05/09/2023;19;0,484;R
ES0000000000003409CCPF;05/09/2023;20;0,118;R
ES0000000000003409CCPF;05/09/2023;21;0,226;R
ES0000000000003409CCPF;05/09/2023;22;0,476;R
ES0000000000003409CCPF;05/09/2023;23;0,2;R
ES0000000000003409CCPF;06/09/2023;0;0,134;R
ES0000000000003409CCPF;06/09/2023;1;0,041;R
ES0000000000003409CCPF;06/09/2023;2;0,036;R
ES0000000000003409CCPF;06/09/2023;3;0,044;R
ES0000000000003409CCPF;06/09/2023;4;0,043;R
ES0000000000003409CCPF;06/09/2023;5;0,037;R
ES0000000000003409CCPF;06/09/2023;6;0,037;R
ES0000000000003409CCPF;06/09/2023;7;0,036;R
ES0000000000003409CCPF;06/09/2023;8;0,503;R
ES0000000000003409CCPF;06/09/2023;9;0,774;R
ES0000000000003409CCPF;06/09/2023;10;0,053;R
ES0000000000003409CCPF;06/09/2023;11;0,036;R
ES0000000000003409CCPF;06/09/2023;12;0,035;R
ES0000000000003409CCPF;06/09/2023;13;0,041;R
ES0000000000003409CCPF;06/09/2023;14;0,042;R
ES0000000000003409CCPF;06/09/2023;15;0,039;R
ES0000000000003409CCPF;06/09/2023;16;0,114;R
ES0000000000003409CCPF;06/09/2023;17;0,045;R
ES0000000000003409CCPF;06/09/2023;18;0,041;R
ES0000000000003409CCPF;06/09/2023;19;0,097;R
ES0000000000003409CCPF;06/09/2023;20;0,062;R
ES0000000000003409CCPF;06/09/2023;21;0,043;R
ES0000000000003409CCPF;06/09/2023;22;2,344;R
ES0000000000003409CCPF;06/09/2023;23;1,393;R
ES0000000000003409CCPF;07/09/2023;0;0,138;R
ES0000000000003409CCPF;07/09/2023;1;0,039;R
ES0000000000003409CCPF;07/09/2023;2;0,046;R
ES0000000000003409CCPF;07/09/2023;3;0,042;R
ES0000000000003409CCPF;07/09/2023;4;0,037;R
ES0000000000003409CCPF;07/09/2023;5;0,038;R
ES0000000000003409CCPF;07/09/2023;6;0,037;R
ES0000000000003409CCPF;07/09/2023;7;0,037;R
ES0000000000003409CCPF;07/09/2023;8;0,103;R
ES0000000000003409CCPF;07/09/2023;9;0,234;R
ES0000000000003409CCPF;07/09/2023;10;0,042;R
ES0000000000003409CCPF;07/09/2023;11;0,038;R
ES0000000000003409CCPF;07/09/2023;12;0,074;R
ES0000000000003409CCPF;07/09/2023;13;0,095;R
ES0000000000003409CCPF;07/09/2023;14;0,058;R
ES0000000000003409CCPF;07/09/2023;15;1,07;R
ES0000000000003409CCPF;07/09/2023;16;0,13;R
ES0000000000003409CCPF;07/09/2023;17;0,085;R
ES0000000000003409CCPF;07/09/2023;18;0,078;R
ES0000000000003409CCPF;07/09/2023;19;0,068;R
ES0000000000003409CCPF;07/09/2023;20;0,057;R
ES0000000000003409CCPF;07/09/2023;21;0,812;R
ES0000000000003409CCPF;07/09/2023;22;1,822;R
ES0000000000003409CCPF;07/09/2023;23;0,923;R
ES0000000000003409CCPF;08/09/2023;0;0,138;R
ES0000000000003409CCPF;08/09/2023;1;0,109;R
ES0000000000003409CCPF;08/09/2023;2;0,077;R
ES0000000000003409CCPF;08/09/2023;3;0,05;R
ES0000000000003409CCPF;08/09/2023;4;0,083;R
ES0000000000003409CCPF;08/09/2023;5;0,04;R
ES0000000000003409CCPF;08/09/2023;6;0,037;R
ES0000000000003409CCPF;08/09/2023;7;0,043;R
ES0000000000003409CCPF;08/09/2023;8;0,043;R
ES0000000000003409CCPF;08/09/2023;9;0,209;R
ES0000000000003409CCPF;08/09/2023;10;0,071;R
ES0000000000003409CCPF;08/09/2023;11;0,074;R
ES0000000000003409CCPF;08/09/2023;12;0,075;R
ES0000000000003409CCPF;08/09/2023;13;0,071;R
ES0000000000003409CCPF;08/09/2023;14;0,07;R
ES0000000000003409CCPF;08/09/2023;15;0,069;R
ES0000000000003409CCPF;08/09/2023;16;0,604;R
ES0000000000003409CCPF;08/09/2023;17;0,659;R
ES0000000000003409CCPF;08/09/2023;18;0,117;R
ES0000000000003409CCPF;08/09/2023;19;0,711;R
ES0000000000003409CCPF;08/09/2023;20;0,066;R
ES0000000000003409CCPF;08/09/2023;21;0,053;R
ES0000000000003409CCPF;08/09/2023;22;0,04;R
ES0000000000003409CCPF;08/09/2023;23;0,097;R
ES0000000000003409CCPF;09/09/2023;0;0,15;R
ES0000000000003409CCPF;09/09/2023;1;0,06;R
ES0000000000003409CCPF;09/09/2023;2;0,048;R
ES0000000000003409CCPF;09/09/2023;3;0,04;R
ES0000000000003409CCPF;09/09/2023;4;0,038;R
ES0000000000003409CCPF;09/09/2023;5;0,038;R
ES0000000000003409CCPF;09/09/2023;6;0,038;R
ES0000000000003409CCPF;09/09/2023;7;0,037;R
ES0000000000003409CCPF;09/09/2023;8;0,039;R
ES0000000000003409CCPF;09/09/2023;9;0,044;R
ES0000000000003409CCPF;09/09/2023;10;0,107;R
ES0000000000003409CCPF;09/09/2023;11;0,294;R
ES0000000000003409CCPF;09/09/2023;12;0,568;R
ES0000000000003409CCPF;09/09/2023;13;1,136;R
ES0000000000003409CCPF;09/09/2023;14;1,07;R
ES0000000000003409CCPF;09/09/2023;15;0,1;R
ES0000000000003409CCPF;09/09/2023;16;0,06;R
ES0000000000003409CCPF;09/09/2023;17;0,035;R
ES0000000000003409CCPF;09/09/2023;18;0,059;R
ES0000000000003409CCPF;09/09/2023;19;0,042;R
ES0000000000003409CCPF;09/09/2023;20;0,04;R
ES0000000000003409CCPF;09/09/2023;21;0,04;R
ES0000000000003409CCPF;09/09/2023;22;0,79;R
ES0000000000003409CCPF;09/09/2023;23;0,494;R
ES0000000000003409CCPF;10/09/2023;0;0,169;R
ES0000000000003409CCPF;10/09/2023;1;0,077;R
ES0000000000003409CCPF;10/09/2023;2;0,037;R
ES0000000000003409CCPF;10/09/2023;3;0,036;R
ES0000000000003409CCPF;10/09/2023;4;0,086;R
ES0000000000003409CCPF;10/09/2023;5;0,071;R
ES0000000000003409CCPF;10/09/2023;6;0,051;R
ES0000000000003409CCPF;10/09/2023;7;0,043;R
ES0000000000003409CCPF;10/09/2023;8;0,038;R
ES0000000000003409CCPF;10/09/2023;9;0,049;R
ES0000000000003409CCPF;10/09/2023;10;0,658;R
ES0000000000003409CCPF;10/09/2023;11;1,335;R
ES0000000000003409CCPF;10/09/2023;12;0,969;R
ES0000000000003409CCPF;10/09/2023;13;0,064;R
ES0000000000003409CCPF;10/09/2023;14;0,377;R
ES0000000000003409CCPF;10/09/2023;15;0,932;R
ES0000000000003409CCPF;10/09/2023;16;0,569;R
ES0000000000003409CCPF;10/09/2023;17;0,34;R
ES0000000000003409CCPF;10/09/2023;18;0,096;R
ES0000000000003409CCPF;10/09/2023;19;0,08;R
ES0000000000003409CCPF;10/09/2023;20;0,056;R
ES0000000000003409CCPF;10/09/2023;21;0,05;R
ES0000000000003409CCPF;10/09/2023;22;0,057;R
ES0000000000003409CCPF;10/09/2023;23;0,037;R
ES0000000000003409CCPF;11/09/2023;0;0,053;R
ES0000000000003409CCPF;11/09/2023;1;0,037;R
ES0000000000003409CCPF;11/09/2023;2;0,04;R
ES0000000000003409CCPF;11/09/2023;3;0,038;R
ES0000000000003409CCPF;11/09/2023;4;0,037;R
ES0000000000003409CCPF;11/09/2023;5;0,037;R
ES0000000000003409CCPF;11/09/2023;6;0,036;R
ES0000000000003409CCPF;11/09/2023;7;0,036;R
ES0000000000003409CCPF;11/09/2023;8;0,04;R
ES0000000000003409CCPF;11/09/2023;9;0,04;R
ES0000000000003409CCPF;11/09/2023;10;0,074;R
ES0000000000003409CCPF;11/09/2023;11;0,07;R
ES0000000000003409CCPF;11/09/2023;12;0,058;R
ES0000000000003409CCPF;11/09/2023;13;0,037;R
ES0000000000003409CCPF;11/09/2023;14;0,037;R
ES0000000000003409CCPF;11/09/2023;15;0,036;R
ES0000000000003409CCPF;11/09/2023;16;0,042;R
ES0000000000003409CCPF;11/09/2023;17;0,042;R
ES0000000000003409CCPF;11/09/2023;18;0,04;R
ES0000000000003409CCPF;11/09/2023;19;0,037;R
ES0000000000003409CCPF;11/09/2023;20;0,038;R
ES0000000000003409CCPF;11/09/2023;21;0,037;R
ES0000000000003409CCPF;11/09/2023;22;0,036;R
ES0000000000003409CCPF;11/09/2023;23;0,035;R
ES0000000000003409CCPF;12/09/2023;0;0,042;R
ES0000000000003409CCPF;12/09/2023;1;0,042;R
ES0000000000003409CCPF;12/09/2023;2;0,04;R
ES0000000000003409CCPF;12/09/2023;3;0,037;R
ES0000000000003409CCPF;12/09/2023;4;0,037;R
ES0000000000003409CCPF;12/09/2023;5;0,036;R
ES0000000000003409CCPF;12/09/2023;6;0,036;R
ES0000000000003409CCPF;12/09/2023;7;0,034;R
ES0000000000003409CCPF;12/09/2023;8;0,038;R
ES0000000000003409CCPF;12/09/2023;9;0,038;R
ES0000000000003409CCPF;12/09/2023;10;0,04;R
ES0000000000003409CCPF;12/09/2023;11;0,04;R
ES0000000000003409CCPF;12/09/2023;12;0,038;R
ES0000000000003409CCPF;12/09/2023;13;0,036;R
ES0000000000003409CCPF;12/09/2023;14;0,036;R
ES0000000000003409CCPF;12/09/2023;15;0,036;R
ES0000000000003409CCPF;12/09/2023;16;0,035;R
ES0000000000003409CCPF;12/09/2023;17;0,035;R
ES0000000000003409CCPF;12/09/2023;18;0,035;R
ES0000000000003409CCPF;12/09/2023;19;0,039;R
ES0000000000003409CCPF;12/09/2023;20;0,039;R
ES0000000000003409CCPF;12/09/2023;21;0,041;R
ES0000000000003409CCPF;12/09/2023;22;0,038;R
ES0000000000003409CCPF;12/09/2023;23;0,044;R
ES0000000000003409CCPF;13/09/2023;0;0,05;R
ES0000000000003409CCPF;13/09/2023;1;0,676;R
ES0000000000003409CCPF;13/09/2023;2;0,054;R
ES0000000000003409CCPF;13/09/2023;3;0,04;R
ES0000000000003409CCPF;13/09/2023;4;0,037;R
ES0000000000003409CCPF;13/09/2023;5;0,036;R
ES0000000000003409CCPF;13/09/2023;6;0,035;R
ES0000000000003409CCPF;13/09/2023;7;0,042;R
ES0000000000003409CCPF;13/09/2023;8;0,041;R
ES0000000000003409CCPF;13/09/2023;9;0,212;R
ES0000000000003409CCPF;13/09/2023;10;0,99;R
ES0000000000003409CCPF;13/09/2023;11;0,238;R
ES0000000000003409CCPF;13/09/2023;12;1,24;R
ES0000000000003409CCPF;13/09/2023;13;0,028;R
ES0000000000003409CCPF;13/09/2023;14;0,055;R
ES0000000000003409CCPF;13/09/2023;15;0,035;R
ES0000000000003409CCPF;13/09/2023;16;0,047;R
ES0000000000003409CCPF;13/09/2023;17;0,047;R
ES0000000000003409CCPF;13/09/2023;18;0,038;R
ES0000000000003409CCPF;13/09/2023;19;0,036;R
ES0000000000003409CCPF;13/09/2023;20;0,051;R
ES0000000000003409CCPF;13/09/2023;21;0,977;R
ES0000000000003409CCPF;13/09/2023;22;0,637;R
ES0000000000003409CCPF;13/09/2023;23;0,186;R
ES0000000000003409CCPF;14/09/2023;0;0,138;R
ES0000000000003409CCPF;14/09/2023;1;0,043;R
ES0000000000003409CCPF;14/09/2023;2;0,043;R
ES0000000000003409CCPF;14/09/2023;3;0,046;R
ES0000000000003409CCPF;14/09/2023;4;0,043;R
ES0000000000003409CCPF;14/09/2023;5;0,039;R
ES0000000000003409CCPF;14/09/2023;6;0,04;R
ES0000000000003409CCPF;14/09/2023;7;0,039;R
ES0000000000003409CCPF;14/09/2023;8;0,038;R
ES0000000000003409CCPF;14/09/2023;9;0,097;R
ES0000000000003409CCPF;14/09/2023;10;0,032;R
ES0000000000003409CCPF;14/09/2023;11;0,041;R
ES0000000000003409CCPF;14/09/2023;12;0,039;R
ES0000000000003409CCPF;14/09/2023;13;0,061;R
ES0000000000003409CCPF;14/09/2023;14;0,039;R
ES0000000000003409CCPF;14/09/2023;15;0,632;R
ES0000000000003409CCPF;14/09/2023;16;0,614;R
ES0000000000003409CCPF;14/09/2023;17;0,071;R
ES0000000000003409CCPF;14/09/2023;18;0,16;R
ES0000000000003409CCPF;14/09/2023;19;0,188;R
ES0000000000003409CCPF;14/09/2023;20;0,128;R
ES0000000000003409CCPF;14/09/2023;21;0,051;R
ES0000000000003409CCPF;14/09/2023;22;0,135;R
ES0000000000003409CCPF;14/09/2023;23;0,441;R
ES0000000000003409CCPF;15/09/2023;0;0,161;R
ES0000000000003409CCPF;15/09/2023;1;0,065;R
ES0000000000003409CCPF;15/09/2023;2;0,085;R
ES0000000000003409CCPF;15/09/2023;3;0,051;R
ES0000000000003409CCPF;15/09/2023;4;0,041;R
ES0000000000003409CCPF;15/09/2023;5;0,038;R
ES0000000000003409CCPF;15/09/2023;6;0,036;R
ES0000000000003409CCPF;15/09/2023;7;0,037;R
ES0000000000003409CCPF;15/09/2023;8;0,041;R
ES0000000000003409CCPF;15/09/2023;9;0,044;R
ES0000000000003409CCPF;15/09/2023;10;0,051;R
ES0000000000003409CCPF;15/09/2023;11;0,499;R
ES0000000000003409CCPF;15/09/2023;12;1,248;R
ES0000000000003409CCPF;15/09/2023;13;0,028;R
ES0000000000003409CCPF;15/09/2023;14;0,038;R
ES0000000000003409CCPF;15/09/2023;15;0,054;R
ES0000000000003409CCPF;15/09/2023;16;0,118;R
ES0000000000003409CCPF;15/09/2023;17;0,066;R
ES0000000000003409CCPF;15/09/2023;18;0,044;R
ES0000000000003409CCPF;15/09/2023;19;0,179;R
ES0000000000003409CCPF;15/09/2023;20;0,494;R
ES0000000000003409CCPF;15/09/2023;21;0,079;R
ES0000000000003409CCPF;15/09/2023;22;0,045;R
ES0000000000003409CCPF;15/09/2023;23;0,05;R
ES0000000000003409CCPF;16/09/2023;0;0,048;R
ES0000000000003409CCPF;16/09/2023;1;0,039;R
ES0000000000003409CCPF;16/09/2023;2;0,103;R
ES0000000000003409CCPF;16/09/2023;3;0,05;R
ES0000000000003409CCPF;16/09/2023;4;0,044;R
ES0000000000003409CCPF;16/09/2023;5;0,038;R
ES0000000000003409CCPF;16/09/2023;6;0,036;R
ES0000000000003409CCPF;16/09/2023;7;0,037;R
ES0000000000003409CCPF;16/09/2023;8;0,037;R
ES0000000000003409CCPF;16/09/2023;9;0,036;R
ES0000000000003409CCPF;16/09/2023;10;0,399;R
ES0000000000003409CCPF;16/09/2023;11;0,763;R
ES0000000000003409CCPF;16/09/2023;12;0,156;R
ES0000000000003409CCPF;16/09/2023;13;1,152;R
ES0000000000003409CCPF;16/09/2023;14;0,044;R
ES0000000000003409CCPF;16/09/2023;15;0,04;R
ES0000000000003409CCPF;16/09/2023;16;0,091;R
ES0000000000003409CCPF;16/09/2023;17;0,065;R
ES0000000000003409CCPF;16/09/2023;18;0,066;R
ES0000000000003409CCPF;16/09/2023;19;0,063;R
ES0000000000003409CCPF;16/09/2023;20;0,097;R
ES0000000000003409CCPF;16/09/2023;21;0,053;R
ES0000000000003409CCPF;16/09/2023;22;0,078;R
ES0000000000003409CCPF;16/09/2023;23;0,099;R
ES0000000000003409CCPF;17/09/2023;0;0,13;R
ES0000000000003409CCPF;17/09/2023;1;0,09;R
ES0000000000003409CCPF;17/09/2023;2;0,044;R
ES0000000000003409CCPF;17/09/2023;3;0,041;R
ES0000000000003409CCPF;17/09/2023;4;0,037;R
ES0000000000003409CCPF;17/09/2023;5;0,091;R
ES0000000000003409CCPF;17/09/2023;6;0,063;R
ES0000000000003409CCPF;17/09/2023;7;0,038;R
ES0000000000003409CCPF;17/09/2023;8;0,049;R
ES0000000000003409CCPF;17/09/2023;9;0,04;R
ES0000000000003409CCPF;17/09/2023;10;0,037;R
ES0000000000003409CCPF;17/09/2023;11;0,112;R
ES0000000000003409CCPF;17/09/2023;12;0,034;R
ES0000000000003409CCPF;17/09/2023;13;1,266;R
ES0000000000003409CCPF;17/09/2023;14;0,473;R
ES0000000000003409CCPF;17/09/2023;15;0,881;R
ES0000000000003409CCPF;17/09/2023;16;0,26;R
ES0000000000003409CCPF;17/09/2023;17;0,047;R
ES0000000000003409CCPF;17/09/2023;18;0,042;R
ES0000000000003409CCPF;17/09/2023;19;0,069;R
ES0000000000003409CCPF;17/09/2023;20;0,034;R
ES0000000000003409CCPF;17/09/2023;21;0,116;R
ES0000000000003409CCPF;17/09/2023;22;0,84;R
ES0000000000003409CCPF;17/09/2023;23;1,06;R
ES0000000000003409CCPF;18/09/2023;0;0,232;R
ES0000000000003409CCPF;18/09/2023;1;0,048;R
ES0000000000003409CCPF;18/09/2023;2;0,06;R
ES0000000000003409CCPF;18/09/2023;3;0,052;R
ES0000000000003409CCPF;18/09/2023;4;0,04;R
ES0000000000003409CCPF;18/09/2023;5;0,037;R
ES0000000000003409CCPF;18/09/2023;6;0,036;R
ES0000000000003409CCPF;18/09/2023;7;0,04;R
ES0000000000003409CCPF;18/09/2023;8;0,04;R
ES0000000000003409CCPF;18/09/2023;9;0,204;R
ES0000000000003409CCPF;18/09/2023;10;0,047;R
ES0000000000003409CCPF;18/09/2023;11;0,05;R
ES0000000000003409CCPF;18/09/2023;12;0,113;R
ES0000000000003409CCPF;18/09/2023;13;0,152;R
ES0000000000003409CCPF;18/09/2023;14;0,118;R
ES0000000000003409CCPF;18/09/2023;15;0,113;R
ES0000000000003409CCPF;18/09/2023;16;0,109;R
ES0000000000003409CCPF;18/09/2023;17;0,114;R
ES0000000000003409CCPF;18/09/2023;18;0,109;R
ES0000000000003409CCPF;18/09/2023;19;0,115;R
ES0000000000003409CCPF;18/09/2023;20;0,625;R
ES0000000000003409CCPF;18/09/2023;21;1,072;R
ES0000000000003409CCPF;18/09/2023;22;1,073;R
ES0000000000003409CCPF;18/09/2023;23;0,078;R
ES0000000000003409CCPF;19/09/2023;0;0,074;R
ES0000000000003409CCPF;19/09/2023;1;0,07;R
ES0000000000003409CCPF;19/09/2023;2;0,065;R
ES0000000000003409CCPF;19/09/2023;3;0,057;R
ES0000000000003409CCPF;19/09/2023;4;0,093;R
ES0000000000003409CCPF;19/09/2023;5;0,058;R
ES0000000000003409CCPF;19/09/2023;6;0,035;R
ES0000000000003409CCPF;19/09/2023;7;0,028;R
ES0000000000003409CCPF;19/09/2023;8;0,029;R
ES0000000000003409CCPF;19/09/2023;9;0,809;R
ES0000000000003409CCPF;19/09/2023;10;0,092;R
ES0000000000003409CCPF;19/09/2023;11;0,047;R
ES0000000000003409CCPF;19/09/2023;12;0,477;R
ES0000000000003409CCPF;19/09/2023;13;0,58;R
ES0000000000003409CCPF;19/09/2023;14;0,036;R
ES0000000000003409CCPF;19/09/2023;15;0,034;R
ES0000000000003409CCPF;19/09/2023;16;0,246;R
ES0000000000003409CCPF;19/09/2023;17;0,088;R
ES0000000000003409CCPF;19/09/2023;18;0,541;R
ES0000000000003409CCPF;19/09/2023;19;0,115;R
ES0000000000003409CCPF;19/09/2023;20;0,621;R
ES0000000000003409CCPF;19/09/2023;21;0,677;R
ES0000000000003409CCPF;19/09/2023;22;1,463;R
ES0000000000003409CCPF;19/09/2023;23;0,23;R
ES0000000000003409CCPF;20/09/2023;0;0,041;R
ES0000000000003409CCPF;20/09/2023;1;0,039;R
ES0000000000003409CCPF;20/09/2023;2;0,037;R
ES0000000000003409CCPF;20/09/2023;3;0,037;R
ES0000000000003409CCPF;20/09/2023;4;0,036;R
ES0000000000003409CCPF;20/09/2023;5;0,034;R
ES0000000000003409CCPF;20/09/2023;6;0,036;R
ES0000000000003409CCPF;20/09/2023;7;0,034;R
ES0000000000003409CCPF;20/09/2023;8;0,925;R
ES0000000000003409CCPF;20/09/2023;9;0,542;R
ES0000000000003409CCPF;20/09/2023;10;0,034;R
ES0000000000003409CCPF;20/09/2023;11;0,035;R
ES0000000000003409CCPF;20/09/2023;12;0,036;R
ES0000000000003409CCPF;20/09/2023;13;0,034;R
ES0000000000003409CCPF;20/09/2023;14;0,035;R
ES0000000000003409CCPF;20/09/2023;15;0,035;R
ES0000000000003409CCPF;20/09/2023;16;0,106;R
ES0000000000003409CCPF;20/09/2023;17;0,101;R
ES0000000000003409CCPF;20/09/2023;18;0,067;R
ES0000000000003409CCPF;20/09/2023;19;0,089;R
ES0000000000003409CCPF;20/09/2023;20;0,963;R
ES0000000000003409CCPF;20/09/2023;21;0,931;R
ES0000000000003409CCPF;20/09/2023;22;1,465;R
ES0000000000003409CCPF;20/09/2023;23;0,641;R
ES0000000000003409CCPF;21/09/2023;0;0,044;R
ES0000000000003409CCPF;21/09/2023;1;0,033;R
ES0000000000003409CCPF;21/09/2023;2;0,038;R
ES0000000000003409CCPF;21/09/2023;3;0,034;R
ES0000000000003409CCPF;21/09/2023;4;0,036;R
ES0000000000003409CCPF;21/09/2023;5;0,036;R
ES0000000000003409CCPF;21/09/2023;6;0,035;R
ES0000000000003409CCPF;21/09/2023;7;0,036;R
ES0000000000003409CCPF;21/09/2023;8;0,036;R
ES0000000000003409CCPF;21/09/2023;9;0,154;R
ES0000000000003409CCPF;21/09/2023;10;0,026;R
ES0000000000003409CCPF;21/09/2023;11;0,199;R
ES0000000000003409CCPF;21/09/2023;12;0,125;R
ES0000000000003409CCPF;21/09/2023;13;0,08;R
ES0000000000003409CCPF;21/09/2023;14;0,13;R
ES0000000000003409CCPF;21/09/2023;15;1,362;R
ES0000000000003409CCPF;21/09/2023;16;0,06;R
ES0000000000003409CCPF;21/09/2023;17;0,098;R
ES0000000000003409CCPF;21/09/2023;18;1,175;R
ES0000000000003409CCPF;21/09/2023;19;0,118;R
ES0000000000003409CCPF;21/09/2023;20;0,083;R
ES0000000000003409CCPF;21/09/2023;21;0,031;R
ES0000000000003409CCPF;21/09/2023;22;0,037;R
ES0000000000003409CCPF;21/09/2023;23;0,029;R
ES0000000000003409CCPF;22/09/2023;0;0,038;R
ES0000000000003409CCPF;22/09/2023;1;0,044;R
ES0000000000003409CCPF;22/09/2023;2;0,051;R
ES0000000000003409CCPF;22/09/2023;3;0,033;R
ES0000000000003409CCPF;22/09/2023;4;0,034;R
ES0000000000003409CCPF;22/09/2023;5;0,034;R
ES0000000000003409CCPF;22/09/2023;6;0,033;R
ES0000000000003409CCPF;22/09/2023;7;0,037;R
ES0000000000003409CCPF;22/09/2023;8;0,028;R
ES0000000000003409CCPF;22/09/2023;9;0,037;R
ES0000000000003409CCPF;22/09/2023;10;0,07;R
ES0000000000003409CCPF;22/09/2023;11;0,142;R
ES0000000000003409CCPF;22/09/2023;12;1,195;R
ES0000000000003409CCPF;22/09/2023;13;0,311;R
ES0000000000003409CCPF;22/09/2023;14;0,025;R
ES0000000000003409CCPF;22/09/2023;15;0,041;R
ES0000000000003409CCPF;22/09/2023;16;0,066;R
ES0000000000003409CCPF;22/09/2023;17;0,28;R
ES0000000000003409CCPF;22/09/2023;18;0,418;R
ES0000000000003409CCPF;22/09/2023;19;0,692;R
ES0000000000003409CCPF;22/09/2023;20;0,193;R
ES0000000000003409CCPF;22/09/2023;21;0,038;R
ES0000000000003409CCPF;22/09/2023;22;0,039;R
ES0000000000003409CCPF;22/09/2023;23;0,061;R
ES0000000000003409CCPF;23/09/2023;0;0,142;R
ES0000000000003409CCPF;23/09/2023;1;0,071;R
ES0000000000003409CCPF;23/09/2023;2;0,037;R
ES0000000000003409CCPF;23/09/2023;3;0,036;R
ES0000000000003409CCPF;23/09/2023;4;0,035;R
ES0000000000003409CCPF;23/09/2023;5;0,034;R
ES0000000000003409CCPF;23/09/2023;6;0,035;R
ES0000000000003409CCPF;23/09/2023;7;0,031;R
ES0000000000003409CCPF;23/09/2023;8;0,036;R
ES0000000000003409CCPF;23/09/2023;9;0,031;R
ES0000000000003409CCPF;23/09/2023;10;0,098;R
ES0000000000003409CCPF;23/09/2023;11;1,564;R
ES0000000000003409CCPF;23/09/2023;12;0,492;R
ES0000000000003409CCPF;23/09/2023;13;0,055;R
ES0000000000003409CCPF;23/09/2023;14;0,037;R
ES0000000000003409CCPF;23/09/2023;15;0,035;R
ES0000000000003409CCPF;23/09/2023;16;0,032;R
ES0000000000003409CCPF;23/09/2023;17;0,034;R
ES0000000000003409CCPF;23/09/2023;18;0,028;R
ES0000000000003409CCPF;23/09/2023;19;0,037;R
ES0000000000003409CCPF;23/09/2023;20;0,036;R
ES0000000000003409CCPF;23/09/2023;21;0,032;R
ES0000000000003409CCPF;23/09/2023;22;0,064;R
ES0000000000003409CCPF;23/09/2023;23;0,077;R
ES0000000000003409CCPF;24/09/2023;0;0,039;R
ES0000000000003409CCPF;24/09/2023;1;0,039;R
ES0000000000003409CCPF;24/09/2023;2;0,036;R
ES0000000000003409CCPF;24/09/2023;3;0,036;R
ES0000000000003409CCPF;24/09/2023;4;0,037;R
ES0000000000003409CCPF;24/09/2023;5;0,028;R
ES0000000000003409CCPF;24/09/2023;6;0,035;R
ES0000000000003409CCPF;24/09/2023;7;0,03;R
ES0000000000003409CCPF;24/09/2023;8;0,037;R
ES0000000000003409CCPF;24/09/2023;9;0,034;R
ES0000000000003409CCPF;24/09/2023;10;0,035;R
ES0000000000003409CCPF;24/09/2023;11;0,036;R
ES0000000000003409CCPF;24/09/2023;12;0,034;R
ES0000000000003409CCPF;24/09/2023;13;0,035;R
ES0000000000003409CCPF;24/09/2023;14;0,03;R
ES0000000000003409CCPF;24/09/2023;15;0,037;R
ES0000000000003409CCPF;24/09/2023;16;0,026;R
ES0000000000003409CCPF;24/09/2023;17;0,037;R
ES0000000000003409CCPF;24/09/2023;18;0,028;R
ES0000000000003409CCPF;24/09/2023;19;0,036;R
ES0000000000003409CCPF;24/09/2023;20;0,347;R
ES0000000000003409CCPF;24/09/2023;21;1,352;R
ES0000000000003409CCPF;24/09/2023;22;0,147;R
ES0000000000003409CCPF;24/09/2023;23;0,243;R
ES0000000000003409CCPF;25/09/2023;0;0,538;R
ES0000000000003409CCPF;25/09/2023;1;0,155;R
ES0000000000003409CCPF;25/09/2023;2;0,035;R
ES0000000000003409CCPF;25/09/2023;3;0,033;R
ES0000000000003409CCPF;25/09/2023;4;0,036;R
ES0000000000003409CCPF;25/09/2023;5;0,025;R
ES0000000000003409CCPF;25/09/2023;6;0,034;R
ES0000000000003409CCPF;25/09/2023;7;0,035;R
ES0000000000003409CCPF;25/09/2023;8;0,098;R
ES0000000000003409CCPF;25/09/2023;9;0,052;R
ES0000000000003409CCPF;25/09/2023;10;0,088;R
ES0000000000003409CCPF;25/09/2023;11;0,083;R
ES0000000000003409CCPF;25/09/2023;12;0,032;R
ES0000000000003409CCPF;25/09/2023;13;0,661;R
ES0000000000003409CCPF;25/09/2023;14;0,818;R
ES0000000000003409CCPF;25/09/2023;15;0,036;R
ES0000000000003409CCPF;25/09/2023;16;0,249;R
ES0000000000003409CCPF;25/09/2023;17;0,042;R
ES0000000000003409CCPF;25/09/2023;18;0,041;R
ES0000000000003409CCPF;25/09/2023;19;0,286;R
ES0000000000003409CCPF;25/09/2023;20;0,557;R
ES0000000000003409CCPF;25/09/2023;21;0,452;R
ES0000000000003409CCPF;25/09/2023;22;0,6;R
ES0000000000003409CCPF;25/09/2023;23;0,073;R
ES0000000000003409CCPF;26/09/2023;0;0,064;R
ES0000000000003409CCPF;26/09/2023;1;0,042;R
ES0000000000003409CCPF;26/09/2023;2;0,047;R
ES0000000000003409CCPF;26/09/2023;3;0,031;R
ES0000000000003409CCPF;26/09/2023;4;0,037;R
ES0000000000003409CCPF;26/09/2023;5;0,035;R
ES0000000000003409CCPF;26/09/2023;6;0,034;R
ES0000000000003409CCPF;26/09/2023;7;0,035;R
ES0000000000003409CCPF;26/09/2023;8;0,034;R
ES0000000000003409CCPF;26/09/2023;9;0,081;R
ES0000000000003409CCPF;26/09/2023;10;0,1;R
ES0000000000003409CCPF;26/09/2023;11;0,327;R
ES0000000000003409CCPF;26/09/2023;12;0,442;R
ES0000000000003409CCPF;26/09/2023;13;1,644;R
ES0000000000003409CCPF;26/09/2023;14;1,565;R
ES0000000000003409CCPF;26/09/2023;15;1,399;R
ES0000000000003409CCPF;26/09/2023;16;0,065;R
ES0000000000003409CCPF;26/09/2023;17;0,044;R
ES0000000000003409CCPF;26/09/2023;18;0,047;R
ES0000000000003409CCPF;26/09/2023;19;0,038;R
ES0000000000003409CCPF;26/09/2023;20;0,037;R
ES0000000000003409CCPF;26/09/2023;21;0,035;R
ES0000000000003409CCPF;26/09/2023;22;0,522;R
ES0000000000003409CCPF;26/09/2023;23;0,202;R
ES0000000000003409CCPF;27/09/2023;0;0,056;R
ES0000000000003409CCPF;27/09/2023;1;0,047;R
ES0000000000003409CCPF;27/09/2023;2;0,033;R
ES0000000000003409CCPF;27/09/2023;3;0,038;R
ES0000000000003409CCPF;27/09/2023;4;0,031;R
ES0000000000003409CCPF;27/09/2023;5;0,04;R
ES0000000000003409CCPF;27/09/2023;6;0,028;R
ES0000000000003409CCPF;27/09/2023;7;0,043;R
ES0000000000003409CCPF;27/09/2023;8;0,027;R
ES0000000000003409CCPF;27/09/2023;9;0,045;R
ES0000000000003409CCPF;27/09/2023;10;0,152;R
ES0000000000003409CCPF;27/09/2023;11;0,123;R
ES0000000000003409CCPF;27/09/2023;12;1,036;R
ES0000000000003409CCPF;27/09/2023;13;1,283;R
ES0000000000003409CCPF;27/09/2023;14;0,109;R
ES0000000000003409CCPF;27/09/2023;15;0,037;R
ES0000000000003409CCPF;27/09/2023;16;0,027;R
ES0000000000003409CCPF;27/09/2023;17;0,04;R
ES0000000000003409CCPF;27/09/2023;18;0,646;R
ES0000000000003409CCPF;27/09/2023;19;0,564;R
ES0000000000003409CCPF;27/09/2023;20;0,041;R
ES0000000000003409CCPF;27/09/2023;21;0,027;R
ES0000000000003409CCPF;27/09/2023;22;0,041;R
ES0000000000003409CCPF;27/09/2023;23;0,03;R
ES0000000000003409CCPF;28/09/2023;0;0,038;R
ES0000000000003409CCPF;28/09/2023;1;0,041;R
ES0000000000003409CCPF;28/09/2023;2;0,044;R
ES0000000000003409CCPF;28/09/2023;3;0,059;R
ES0000000000003409CCPF;28/09/2023;4;0,027;R
ES0000000000003409CCPF;28/09/2023;5;0,039;R
ES0000000000003409CCPF;28/09/2023;6;0,093;R
ES0000000000003409CCPF;28/09/2023;7;0,063;R
ES0000000000003409CCPF;28/09/2023;8;0,04;R
ES0000000000003409CCPF;28/09/2023;9;0,041;R
ES0000000000003409CCPF;28/09/2023;10;0,035;R
ES0000000000003409CCPF;28/09/2023;11;0,038;R
ES0000000000003409CCPF;28/09/2023;12;1,268;R
ES0000000000003409CCPF;28/09/2023;13;0,583;R
ES0000000000003409CCPF;28/09/2023;14;0,76;R
ES0000000000003409CCPF;28/09/2023;15;0,358;R
ES0000000000003409CCPF;28/09/2023;16;0,49;R
ES0000000000003409CCPF;28/09/2023;17;0,048;R
ES0000000000003409CCPF;28/09/2023;18;1,139;R
ES0000000000003409CCPF;28/09/2023;19;0,303;R
ES0000000000003409CCPF;28/09/2023;20;0,036;R
ES0000000000003409CCPF;28/09/2023;21;0,037;R
ES0000000000003409CCPF;28/09/2023;22;0,035;R
ES0000000000003409CCPF;28/09/2023;23;0,037;R
ES0000000000003409CCPF;29/09/2023;0;0,056;R
ES0000000000003409CCPF;29/09/2023;1;0,045;R
ES0000000000003409CCPF;29/09/2023;2;0,099;R
ES0000000000003409CCPF;29/09/2023;3;0,06;R
ES0000000000003409CCPF;29/09/2023;4;0,038;R
ES0000000000003409CCPF;29/09/2023;5;0,037;R
ES0000000000003409CCPF;29/09/2023;6;0,037;R
ES0000000000003409CCPF;29/09/2023;7;0,033;R
ES0000000000003409CCPF;29/09/2023;8;0,04;R
ES0000000000003409CCPF;29/09/2023;9;0,026;R
ES0000000000003409CCPF;29/09/2023;10;0,04;R
ES0000000000003409CCPF;29/09/2023;11;0,027;R
ES0000000000003409CCPF;29/09/2023;12;1,075;R
ES0000000000003409CCPF;29/09/2023;13;0,618;R
ES0000000000003409CCPF;29/09/2023;14;0,039;R
ES0000000000003409CCPF;29/09/2023;15;0,033;R
ES0000000000003409CCPF;29/09/2023;16;0,048;R
ES0000000000003409CCPF;29/09/2023;17;0,044;R
ES0000000000003409CCPF;29/09/2023;18;0,871;R
ES0000000000003409CCPF;29/09/2023;19;0,871;R
ES0000000000003409CCPF;29/09/2023;20;0,029;R
ES0000000000003409CCPF;29/09/2023;21;0,041;R
ES0000000000003409CCPF;29/09/2023;22;0,027;R
ES0000000000003409CCPF;29/09/2023;23;0,04;R
ES0000000000003409CCPF;30/09/2023;0;0,031;R
ES0000000000003409CCPF;30/09/2023;1;0,037;R
ES0000000000003409CCPF;30/09/2023;2;0,049;R
ES0000000000003409CCPF;30/09/2023;3;0,038;R
ES0000000000003409CCPF;30/09/2023;4;0,041;R
ES0000000000003409CCPF;30/09/2023;5;0,085;R
ES0000000000003409CCPF;30/09/2023;6;0,06;R
ES0000000000003409CCPF;30/09/2023;7;0,04;R
ES0000000000003409CCPF;30/09/2023;8;0,048;R
ES0000000000003409CCPF;30/09/2023;9;0,039;R
ES0000000000003409CCPF;30/09/2023;10;0,027;R
ES0000000000003409CCPF;30/09/2023;11;0,104;R
ES0000000000003409CCPF;30/09/2023;12;0,571;R
ES0000000000003409CCPF;30/09/2023;13;1,351;R
ES0000000000003409CCPF;30/09/2023;14;0,038;R
ES0000000000003409CCPF;30/09/2023;15;0,037;R
ES0000000000003409CCPF;30/09/2023;16;0,037;R
ES0000000000003409CCPF;30/09/2023;17;0,038;R
ES0000000000003409CCPF;30/09/2023;18;0,036;R
ES0000000000003409CCPF;30/09/2023;19;0,036;R
ES0000000000003409CCPF;30/09/2023;20;0,037;R
ES0000000000003409CCPF;30/09/2023;21;0,036;R
ES0000000000003409CCPF;30/09/2023;22;0,155;R
ES0000000000003409CCPF;30/09/2023;23;0,054;R
ES0000000000003409CCPF;01/10/2023;0;0,044;R
ES0000000000003409CCPF;01/10/2023;1;0,038;R
ES0000000000003409CCPF;01/10/2023;2;0,059;R
ES0000000000003409CCPF;01/10/2023;3;0,064;R
ES0000000000003409CCPF;01/10/2023;4;0,033;R
ES0000000000003409CCPF;01/10/2023;5;0,039;R
ES0000000000003409CCPF;01/10/2023;6;0,038;R
ES0000000000003409CCPF;01/10/2023;7;0,037;R
ES0000000000003409CCPF;01/10/2023;8;0,032;R
ES0000000000003409CCPF;01/10/2023;9;0,04;R
ES0000000000003409CCPF;01/10/2023;10;0,029;R
ES0000000000003409CCPF;01/10/2023;11;0,099;R
ES0000000000003409CCPF;01/10/2023;12;0,101;R
ES0000000000003409CCPF;01/10/2023;13;1,514;R
ES0000000000003409CCPF;01/10/2023;14;0,381;R
ES0000000000003409CCPF;01/10/2023;15;0,048;R
ES0000000000003409CCPF;01/10/2023;16;0,1;R
ES0000000000003409CCPF;01/10/2023;17;0,112;R
ES0000000000003409CCPF;01/10/2023;18;0,039;R
ES0000000000003409CCPF;01/10/2023;19;0,73;R
ES0000000000003409CCPF;01/10/2023;20;0,919;R
ES0000000000003409CCPF;01/10/2023;21;0,102;R
ES0000000000003409CCPF;01/10/2023;22;0,553;R
ES0000000000003409CCPF;01/10/2023;23;0,135;R
ES0000000000003409CCPF;02/10/2023;0;0,061;R
