CUPS;Fecha;Hora;Consumo;Metodo_obtencion
ES0000000000003960CCPF;01/09/2022;1;0,738;R
ES0000000000003960CCPF;01/09/2022;2;0,443;R
ES0000000000003960CCPF;01/09/2022;3;0,354;R
ES0000000000003960CCPF;01/09/2022;4;0,382;R
ES0000000000003960CCPF;01/09/2022;5;0,383;R
ES0000000000003960CCPF;01/09/2022;6;0,331;R
ES0000000000003960CCPF;01/09/2022;7;0,328;R
ES0000000000003960CCPF;01/09/2022;8;0,33;R
ES0000000000003960CCPF;01/09/2022;9;0,271;R
ES0000000000003960CCPF;01/09/2022;10;0,302;R
ES0000000000003960CCPF;01/09/2022;11;0,286;R
ES0000000000003960CCPF;01/09/2022;12;0,275;R
ES0000000000003960CCPF;01/09/2022;13;0,348;R
ES0000000000003960CCPF;01/09/2022;14;0,355;R
ES0000000000003960CCPF;01/09/2022;15;0,886;R
ES0000000000003960CCPF;01/09/2022;16;0,428;R
ES0000000000003960CCPF;01/09/2022;17;0,336;R
ES0000000000003960CCPF;01/09/2022;18;0,274;R
ES0000000000003960CCPF;01/09/2022;19;0,319;R
ES0000000000003960CCPF;01/09/2022;20;0,334;R
ES0000000000003960CCPF;01/09/2022;21;0,298;R
ES0000000000003960CCPF;01/09/2022;22;0,715;R
ES0000000000003960CCPF;01/09/2022;23;0,426;R
ES0000000000003960CCPF;02/09/2022;0;0,397;R
ES0000000000003960CCPF;02/09/2022;1;0,416;R
ES0000000000003960CCPF;02/09/2022;2;1,016;R
ES0000000000003960CCPF;02/09/2022;3;0,761;R
ES0000000000003960CCPF;02/09/2022;4;0,433;R
ES0000000000003960CCPF;02/09/2022;5;0,423;R
ES0000000000003960CCPF;02/09/2022;6;0,386;R
ES0000000000003960CCPF;02/09/2022;7;0,299;R
ES0000000000003960CCPF;02/09/2022;8;0,321;R
ES0000000000003960CCPF;02/09/2022;9;0,393;R
ES0000000000003960CCPF;02/09/2022;10;0,399;R
ES0000000000003960CCPF;02/09/2022;11;0,605;R
ES0000000000003960CCPF;02/09/2022;12;0,545;R
ES0000000000003960CCPF;02/09/2022;13;0,373;R
ES0000000000003960CCPF;02/09/2022;14;0,363;R
ES0000000000003960CCPF;02/09/2022;15;0,34;R
ES0000000000003960CCPF;02/09/2022;16;0,356;R
ES0000000000003960CCPF;02/09/2022;17;0,381;R
ES0000000000003960CCPF;02/09/2022;18;0,344;R
ES0000000000003960CCPF;02/09/2022;19;0,328;R
ES0000000000003960CCPF;02/09/2022;20;0,398;R
ES0000000000003960CCPF;02/09/2022;21;0,318;R
ES0000000000003960CCPF;02/09/2022;22;0,31;R
ES0000000000003960CCPF;02/09/2022;23;0,727;R
ES0000000000003960CCPF;03/09/2022;0;0,397;R
ES0000000000003960CCPF;03/09/2022;1;0,315;R
ES0000000000003960CCPF;03/09/2022;2;0,335;R
ES0000000000003960CCPF;03/09/2022;3;0,339;R
ES0000000000003960CCPF;03/09/2022;4;0,327;R
ES0000000000003960CCPF;03/09/2022;5;0,318;R
ES0000000000003960CCPF;03/09/2022;6;0,285;R
ES0000000000003960CCPF;03/09/2022;7;0,242;R
ES0000000000003960CCPF;03/09/2022;8;0,273;R
ES0000000000003960CCPF;03/09/2022;9;0,266;R
ES0000000000003960CCPF;03/09/2022;10;0,21;R
ES0000000000003960CCPF;03/09/2022;11;0,219;R
ES0000000000003960CCPF;03/09/2022;12;0,248;R
ES0000000000003960CCPF;03/09/2022;13;0,28;R
ES0000000000003960CCPF;03/09/2022;14;0,479;R
ES0000000000003960CCPF;03/09/2022;15;0,346;R
ES0000000000003960CCPF;03/09/2022;16;0,281;R
ES0000000000003960CCPF;03/09/2022;17;0,324;R
ES0000000000003960CCPF;03/09/2022;18;0,354;R
ES0000000000003960CCPF;03/09/2022;19;0,415;R
ES0000000000003960CCPF;03/09/2022;20;0,388;R
ES0000000000003960CCPF;03/09/2022;21;0,406;R
ES0000000000003960CCPF;03/09/2022;22;0,698;R
ES0000000000003960CCPF;03/09/2022;23;0,435;R
ES0000000000003960CCPF;04/09/2022;0;0,433;R
ES0000000000003960CCPF;04/09/2022;1;0,378;R
ES0000000000003960CCPF;04/09/2022;2;0,356;R
ES0000000000003960CCPF;04/09/2022;3;0,355;R
ES0000000000003960CCPF;04/09/2022;4;0,343;R
ES0000000000003960CCPF;04/09/2022;5;0,263;R
ES0000000000003960CCPF;04/09/2022;6;0,264;R
ES0000000000003960CCPF;04/09/2022;7;0,252;R
ES0000000000003960CCPF;04/09/2022;8;0,232;R
ES0000000000003960CCPF;04/09/2022;9;0,258;R
ES0000000000003960CCPF;04/09/2022;10;0,305;R
ES0000000000003960CCPF;04/09/2022;11;0,21;R
ES0000000000003960CCPF;04/09/2022;12;0,234;R
ES0000000000003960CCPF;04/09/2022;13;0,238;R
ES0000000000003960CCPF;04/09/2022;14;0,219;R
ES0000000000003960CCPF;04/09/2022;15;0,397;R
ES0000000000003960CCPF;04/09/2022;16;0,43;R
ES0000000000003960CCPF;04/09/2022;17;0,352;R
ES0000000000003960CCPF;04/09/2022;18;0,304;R
ES0000000000003960CCPF;04/09/2022;19;0,653;R
ES0000000000003960CCPF;04/09/2022;20;0,353;R
ES0000000000003960CCPF;04/09/2022;21;0,405;R
ES0000000000003960CCPF;04/09/2022;22;0,335;R
ES0000000000003960CCPF;04/09/2022;23;0,345;R
ES0000000000003960CCPF;05/09/2022;0;0,344;R
ES0000000000003960CCPF;05/09/2022;1;0,43;R
ES0000000000003960CCPF;05/09/2022;2;1,047;R
ES0000000000003960CCPF;05/09/2022;3;0,751;R
ES0000000000003960CCPF;05/09/2022;4;0,338;R
ES0000000000003960CCPF;05/09/2022;5;0,332;R
ES0000000000003960CCPF;05/09/2022;6;0,32;R
ES0000000000003960CCPF;05/09/2022;7;0,284;R
ES0000000000003960CCPF;05/09/2022;8;0,247;R
ES0000000000003960CCPF;05/09/2022;9;0,212;R
ES0000000000003960CCPF;05/09/2022;10;0,255;R
ES0000000000003960CCPF;05/09/2022;11;0,309;R
ES0000000000003960CCPF;05/09/2022;12;0,536;R
ES0000000000003960CCPF;05/09/2022;13;0,742;R
ES0000000000003960CCPF;05/09/2022;14;0,386;R
ES0000000000003960CCPF;05/09/2022;15;0,398;R
ES0000000000003960CCPF;05/09/2022;16;0,233;R
ES0000000000003960CCPF;05/09/2022;17;0,288;R
ES0000000000003960CCPF;05/09/2022;18;0,279;R
ES0000000000003960CCPF;05/09/2022;19;0,274;R
ES0000000000003960CCPF;05/09/2022;20;0,315;R
ES0000000000003960CCPF;05/09/2022;21;0,291;R
ES0000000000003960CCPF;05/09/2022;22;0,401;R
ES0000000000003960CCPF;05/09/2022;23;0,304;R
ES0000000000003960CCPF;06/09/2022;0;0,298;R
ES0000000000003960CCPF;06/09/2022;1;0,283;R
ES0000000000003960CCPF;06/09/2022;2;0,295;R
ES0000000000003960CCPF;06/09/2022;3;0,276;R
ES0000000000003960CCPF;06/09/2022;4;0,215;R
ES0000000000003960CCPF;06/09/2022;5;0,234;R
ES0000000000003960CCPF;06/09/2022;6;0,241;R
ES0000000000003960CCPF;06/09/2022;7;0,205;R
ES0000000000003960CCPF;06/09/2022;8;0,187;R
ES0000000000003960CCPF;06/09/2022;9;0,334;R
ES0000000000003960CCPF;06/09/2022;10;0,216;R
ES0000000000003960CCPF;06/09/2022;11;0,256;R
ES0000000000003960CCPF;06/09/2022;12;0,292;R
ES0000000000003960CCPF;06/09/2022;13;0,181;R
ES0000000000003960CCPF;06/09/2022;14;0,465;R
ES0000000000003960CCPF;06/09/2022;15;0,36;R
ES0000000000003960CCPF;06/09/2022;16;0,239;R
ES0000000000003960CCPF;06/09/2022;17;0,243;R
ES0000000000003960CCPF;06/09/2022;18;0,245;R
ES0000000000003960CCPF;06/09/2022;19;0,242;R
ES0000000000003960CCPF;06/09/2022;20;0,232;R
ES0000000000003960CCPF;06/09/2022;21;0,299;R
ES0000000000003960CCPF;06/09/2022;22;0,343;R
ES0000000000003960CCPF;06/09/2022;23;0,287;R
ES0000000000003960CCPF;07/09/2022;0;0,362;R
ES0000000000003960CCPF;07/09/2022;1;0,303;R
ES0000000000003960CCPF;07/09/2022;2;0,218;R
ES0000000000003960CCPF;07/09/2022;3;0,285;R
ES0000000000003960CCPF;07/09/2022;4;0,316;R
ES0000000000003960CCPF;07/09/2022;5;0,255;R
ES0000000000003960CCPF;07/09/2022;6;0,239;R
ES0000000000003960CCPF;07/09/2022;7;0,347;R
ES0000000000003960CCPF;07/09/2022;8;0,247;R
ES0000000000003960CCPF;07/09/2022;9;0,212;R
ES0000000000003960CCPF;07/09/2022;10;0,294;R
ES0000000000003960CCPF;07/09/2022;11;0,285;R
ES0000000000003960CCPF;07/09/2022;12;0,285;R
ES0000000000003960CCPF;07/09/2022;13;0,231;R
ES0000000000003960CCPF;07/09/2022;14;0,351;R
ES0000000000003960CCPF;07/09/2022;15;0,228;R
ES0000000000003960CCPF;07/09/2022;16;0,403;R
ES0000000000003960CCPF;07/09/2022;17;0,268;R
ES0000000000003960CCPF;07/09/2022;18;0,201;R
ES0000000000003960CCPF;07/09/2022;19;0,224;R
ES0000000000003960CCPF;07/09/2022;20;0,252;R
ES0000000000003960CCPF;07/09/2022;21;0,239;R
ES0000000000003960CCPF;07/09/2022;22;0,326;R
ES0000000000003960CCPF;07/09/2022;23;0,334;R
ES0000000000003960CCPF;08/09/2022;0;0,312;R
ES0000000000003960CCPF;08/09/2022;1;0,229;R
ES0000000000003960CCPF;08/09/2022;2;0,247;R
ES0000000000003960CCPF;08/09/2022;3;0,903;R
ES0000000000003960CCPF;08/09/2022;4;0,501;R
ES0000000000003960CCPF;08/09/2022;5;0,477;R
ES0000000000003960CCPF;08/09/2022;6;0,218;R
ES0000000000003960CCPF;08/09/2022;7;0,213;R
ES0000000000003960CCPF;08/09/2022;8;0,239;R
ES0000000000003960CCPF;08/09/2022;9;0,246;R
ES0000000000003960CCPF;08/09/2022;10;0,248;R
ES0000000000003960CCPF;08/09/2022;11;0,254;R
ES0000000000003960CCPF;08/09/2022;12;0,292;R
ES0000000000003960CCPF;08/09/2022;13;0,237;R
ES0000000000003960CCPF;08/09/2022;14;0,249;R
ES0000000000003960CCPF;08/09/2022;15;0,335;R
ES0000000000003960CCPF;08/09/2022;16;0,26;R
ES0000000000003960CCPF;08/09/2022;17;0,339;R
ES0000000000003960CCPF;08/09/2022;18;0,271;R
ES0000000000003960CCPF;08/09/2022;19;0,244;R
ES0000000000003960CCPF;08/09/2022;20;0,273;R
ES0000000000003960CCPF;08/09/2022;21;0,311;R
ES0000000000003960CCPF;08/09/2022;22;0,405;R
ES0000000000003960CCPF;08/09/2022;23;0,338;R
ES0000000000003960CCPF;09/09/2022;0;0,3;R
ES0000000000003960CCPF;09/09/2022;1;0,264;R
ES0000000000003960CCPF;09/09/2022;2;0,26;R
ES0000000000003960CCPF;09/09/2022;3;0,225;R
ES0000000000003960CCPF;09/09/2022;4;0,247;R
ES0000000000003960CCPF;09/09/2022;5;0,256;R
ES0000000000003960CCPF;09/09/2022;6;0,243;R
ES0000000000003960CCPF;09/09/2022;7;0,234;R
ES0000000000003960CCPF;09/09/2022;8;0,31;R
ES0000000000003960CCPF;09/09/2022;9;0,264;R
ES0000000000003960CCPF;09/09/2022;10;0,245;R
ES0000000000003960CCPF;09/09/2022;11;0,367;R
ES0000000000003960CCPF;09/09/2022;12;0,196;R
ES0000000000003960CCPF;09/09/2022;13;0,448;R
ES0000000000003960CCPF;09/09/2022;14;0,379;R
ES0000000000003960CCPF;09/09/2022;15;0,93;R
ES0000000000003960CCPF;09/09/2022;16;0,341;R
ES0000000000003960CCPF;09/09/2022;17;0,295;R
ES0000000000003960CCPF;09/09/2022;18;0,29;R
ES0000000000003960CCPF;09/09/2022;19;0,327;R
ES0000000000003960CCPF;09/09/2022;20;0,353;R
ES0000000000003960CCPF;09/09/2022;21;0,315;R
ES0000000000003960CCPF;09/09/2022;22;0,375;R
ES0000000000003960CCPF;09/09/2022;23;0,443;R
ES0000000000003960CCPF;10/09/2022;0;0,32;R
ES0000000000003960CCPF;10/09/2022;1;0,332;R
ES0000000000003960CCPF;10/09/2022;2;0,289;R
ES0000000000003960CCPF;10/09/2022;3;0,268;R
ES0000000000003960CCPF;10/09/2022;4;0,281;R
ES0000000000003960CCPF;10/09/2022;5;0,293;R
ES0000000000003960CCPF;10/09/2022;6;0,269;R
ES0000000000003960CCPF;10/09/2022;7;0,29;R
ES0000000000003960CCPF;10/09/2022;8;0,302;R
ES0000000000003960CCPF;10/09/2022;9;0,242;R
ES0000000000003960CCPF;10/09/2022;10;0,389;R
ES0000000000003960CCPF;10/09/2022;11;0,344;R
ES0000000000003960CCPF;10/09/2022;12;0,544;R
ES0000000000003960CCPF;10/09/2022;13;0,316;R
ES0000000000003960CCPF;10/09/2022;14;0,748;R
ES0000000000003960CCPF;10/09/2022;15;0,303;R
ES0000000000003960CCPF;10/09/2022;16;0,516;R
ES0000000000003960CCPF;10/09/2022;17;0,354;R
ES0000000000003960CCPF;10/09/2022;18;0,444;R
ES0000000000003960CCPF;10/09/2022;19;0,291;R
ES0000000000003960CCPF;10/09/2022;20;0,342;R
ES0000000000003960CCPF;10/09/2022;21;0,356;R
ES0000000000003960CCPF;10/09/2022;22;0,358;R
ES0000000000003960CCPF;10/09/2022;23;0,383;R
ES0000000000003960CCPF;11/09/2022;0;0,447;R
ES0000000000003960CCPF;11/09/2022;1;0,338;R
ES0000000000003960CCPF;11/09/2022;2;0,261;R
ES0000000000003960CCPF;11/09/2022;3;0,285;R
ES0000000000003960CCPF;11/09/2022;4;0,303;R
ES0000000000003960CCPF;11/09/2022;5;0,269;R
ES0000000000003960CCPF;11/09/2022;6;0,311;R
ES0000000000003960CCPF;11/09/2022;7;0,313;R
ES0000000000003960CCPF;11/09/2022;8;0,341;R
ES0000000000003960CCPF;11/09/2022;9;0,317;R
ES0000000000003960CCPF;11/09/2022;10;0,4;R
ES0000000000003960CCPF;11/09/2022;11;0,299;R
ES0000000000003960CCPF;11/09/2022;12;0,27;R
ES0000000000003960CCPF;11/09/2022;13;0,624;R
ES0000000000003960CCPF;11/09/2022;14;0,486;R
ES0000000000003960CCPF;11/09/2022;15;0,905;R
ES0000000000003960CCPF;11/09/2022;16;1,056;R
ES0000000000003960CCPF;11/09/2022;17;0,758;R
ES0000000000003960CCPF;11/09/2022;18;0,808;R
ES0000000000003960CCPF;11/09/2022;19;0,48;R
ES0000000000003960CCPF;11/09/2022;20;0,503;R
ES0000000000003960CCPF;11/09/2022;21;0,9;R
ES0000000000003960CCPF;11/09/2022;22;0,634;R
ES0000000000003960CCPF;11/09/2022;23;0,604;R
ES0000000000003960CCPF;12/09/2022;0;0,586;R
ES0000000000003960CCPF;12/09/2022;1;0,554;R
ES0000000000003960CCPF;12/09/2022;2;0,367;R
ES0000000000003960CCPF;12/09/2022;3;0,811;R
ES0000000000003960CCPF;12/09/2022;4;0,286;R
ES0000000000003960CCPF;12/09/2022;5;0,285;R
ES0000000000003960CCPF;12/09/2022;6;0,308;R
ES0000000000003960CCPF;12/09/2022;7;0,255;R
ES0000000000003960CCPF;12/09/2022;8;0,255;R
ES0000000000003960CCPF;12/09/2022;9;0,509;R
ES0000000000003960CCPF;12/09/2022;10;0,28;R
ES0000000000003960CCPF;12/09/2022;11;0,406;R
ES0000000000003960CCPF;12/09/2022;12;0,284;R
ES0000000000003960CCPF;12/09/2022;13;0,262;R
ES0000000000003960CCPF;12/09/2022;14;0,362;R
ES0000000000003960CCPF;12/09/2022;15;0,642;R
ES0000000000003960CCPF;12/09/2022;16;0,445;R
ES0000000000003960CCPF;12/09/2022;17;0,427;R
ES0000000000003960CCPF;12/09/2022;18;0,286;R
ES0000000000003960CCPF;12/09/2022;19;0,258;R
ES0000000000003960CCPF;12/09/2022;20;0,289;R
ES0000000000003960CCPF;12/09/2022;21;0,304;R
ES0000000000003960CCPF;12/09/2022;22;0,344;R
ES0000000000003960CCPF;12/09/2022;23;0,416;R
ES0000000000003960CCPF;13/09/2022;0;0,407;R
ES0000000000003960CCPF;13/09/2022;1;0,333;R
ES0000000000003960CCPF;13/09/2022;2;0,286;R
ES0000000000003960CCPF;13/09/2022;3;0,315;R
ES0000000000003960CCPF;13/09/2022;4;0,281;R
ES0000000000003960CCPF;13/09/2022;5;0,293;R
ES0000000000003960CCPF;13/09/2022;6;0,301;R
ES0000000000003960CCPF;13/09/2022;7;0,256;R
ES0000000000003960CCPF;13/09/2022;8;0,287;R
ES0000000000003960CCPF;13/09/2022;9;0,316;R
ES0000000000003960CCPF;13/09/2022;10;0,315;R
ES0000000000003960CCPF;13/09/2022;11;0,338;R
ES0000000000003960CCPF;13/09/2022;12;0,235;R
ES0000000000003960CCPF;13/09/2022;13;0,221;R
ES0000000000003960CCPF;13/09/2022;14;0,268;R
ES0000000000003960CCPF;13/09/2022;15;0,326;R
ES0000000000003960CCPF;13/09/2022;16;0,459;R
ES0000000000003960CCPF;13/09/2022;17;0,354;R
ES0000000000003960CCPF;13/09/2022;18;0,265;R
ES0000000000003960CCPF;13/09/2022;19;0,259;R
ES0000000000003960CCPF;13/09/2022;20;0,286;R
ES0000000000003960CCPF;13/09/2022;21;0,292;R
ES0000000000003960CCPF;13/09/2022;22;0,375;R
ES0000000000003960CCPF;13/09/2022;23;0,35;R
ES0000000000003960CCPF;14/09/2022;0;0,308;R
ES0000000000003960CCPF;14/09/2022;1;0,299;R
ES0000000000003960CCPF;14/09/2022;2;0,239;R
ES0000000000003960CCPF;14/09/2022;3;0,202;R
ES0000000000003960CCPF;14/09/2022;4;0,251;R
ES0000000000003960CCPF;14/09/2022;5;0,228;R
ES0000000000003960CCPF;14/09/2022;6;0,257;R
ES0000000000003960CCPF;14/09/2022;7;0,227;R
ES0000000000003960CCPF;14/09/2022;8;0,182;R
ES0000000000003960CCPF;14/09/2022;9;0,383;R
ES0000000000003960CCPF;14/09/2022;10;0,275;R
ES0000000000003960CCPF;14/09/2022;11;0,212;R
ES0000000000003960CCPF;14/09/2022;12;0,245;R
ES0000000000003960CCPF;14/09/2022;13;0,187;R
ES0000000000003960CCPF;14/09/2022;14;0,382;R
ES0000000000003960CCPF;14/09/2022;15;0,241;R
ES0000000000003960CCPF;14/09/2022;16;0,36;R
ES0000000000003960CCPF;14/09/2022;17;0,376;R
ES0000000000003960CCPF;14/09/2022;18;0,189;R
ES0000000000003960CCPF;14/09/2022;19;0,279;R
ES0000000000003960CCPF;14/09/2022;20;0,218;R
ES0000000000003960CCPF;14/09/2022;21;0,254;R
ES0000000000003960CCPF;14/09/2022;22;0,301;R
ES0000000000003960CCPF;14/09/2022;23;0,309;R
ES0000000000003960CCPF;15/09/2022;0;0,302;R
ES0000000000003960CCPF;15/09/2022;1;0,26;R
ES0000000000003960CCPF;15/09/2022;2;0,247;R
ES0000000000003960CCPF;15/09/2022;3;0,263;R
ES0000000000003960CCPF;15/09/2022;4;0,421;R
ES0000000000003960CCPF;15/09/2022;5;0,302;R
ES0000000000003960CCPF;15/09/2022;6;0,712;R
ES0000000000003960CCPF;15/09/2022;7;0,22;R
ES0000000000003960CCPF;15/09/2022;8;0,222;R
ES0000000000003960CCPF;15/09/2022;9;0,23;R
ES0000000000003960CCPF;15/09/2022;10;0,195;R
ES0000000000003960CCPF;15/09/2022;11;0,426;R
ES0000000000003960CCPF;15/09/2022;12;0,218;R
ES0000000000003960CCPF;15/09/2022;13;0,21;R
ES0000000000003960CCPF;15/09/2022;14;0,416;R
ES0000000000003960CCPF;15/09/2022;15;0,355;R
ES0000000000003960CCPF;15/09/2022;16;0,303;R
ES0000000000003960CCPF;15/09/2022;17;0,25;R
ES0000000000003960CCPF;15/09/2022;18;0,378;R
ES0000000000003960CCPF;15/09/2022;19;0,26;R
ES0000000000003960CCPF;15/09/2022;20;0,239;R
ES0000000000003960CCPF;15/09/2022;21;0,214;R
ES0000000000003960CCPF;15/09/2022;22;0,316;R
ES0000000000003960CCPF;15/09/2022;23;0,334;R
ES0000000000003960CCPF;16/09/2022;0;0,26;R
ES0000000000003960CCPF;16/09/2022;1;0,261;R
ES0000000000003960CCPF;16/09/2022;2;0,237;R
ES0000000000003960CCPF;16/09/2022;3;0,221;R
ES0000000000003960CCPF;16/09/2022;4;0,249;R
ES0000000000003960CCPF;16/09/2022;5;0,199;R
ES0000000000003960CCPF;16/09/2022;6;0,217;R
ES0000000000003960CCPF;16/09/2022;7;0,215;R
ES0000000000003960CCPF;16/09/2022;8;0,195;R
ES0000000000003960CCPF;16/09/2022;9;0,312;R
ES0000000000003960CCPF;16/09/2022;10;0,2;R
ES0000000000003960CCPF;16/09/2022;11;0,33;R
ES0000000000003960CCPF;16/09/2022;12;0,295;R
ES0000000000003960CCPF;16/09/2022;13;0,593;R
ES0000000000003960CCPF;16/09/2022;14;0,442;R
ES0000000000003960CCPF;16/09/2022;15;0,425;R
ES0000000000003960CCPF;16/09/2022;16;0,204;R
ES0000000000003960CCPF;16/09/2022;17;0,232;R
ES0000000000003960CCPF;16/09/2022;18;0,262;R
ES0000000000003960CCPF;16/09/2022;19;0,283;R
ES0000000000003960CCPF;16/09/2022;20;0,288;R
ES0000000000003960CCPF;16/09/2022;21;0,281;R
ES0000000000003960CCPF;16/09/2022;22;0,244;R
ES0000000000003960CCPF;16/09/2022;23;0,431;R
ES0000000000003960CCPF;17/09/2022;0;0,281;R
ES0000000000003960CCPF;17/09/2022;1;0,321;R
ES0000000000003960CCPF;17/09/2022;2;0,227;R
ES0000000000003960CCPF;17/09/2022;3;0,197;R
ES0000000000003960CCPF;17/09/2022;4;0,227;R
ES0000000000003960CCPF;17/09/2022;5;0,192;R
ES0000000000003960CCPF;17/09/2022;6;0,217;R
ES0000000000003960CCPF;17/09/2022;7;0,223;R
ES0000000000003960CCPF;17/09/2022;8;0,182;R
ES0000000000003960CCPF;17/09/2022;9;0,334;R
ES0000000000003960CCPF;17/09/2022;10;0,226;R
ES0000000000003960CCPF;17/09/2022;11;0,36;R
ES0000000000003960CCPF;17/09/2022;12;1,84;R
ES0000000000003960CCPF;17/09/2022;13;0,357;R
ES0000000000003960CCPF;17/09/2022;14;0,221;R
ES0000000000003960CCPF;17/09/2022;15;0,809;R
ES0000000000003960CCPF;17/09/2022;16;0,455;R
ES0000000000003960CCPF;17/09/2022;17;0,376;R
ES0000000000003960CCPF;17/09/2022;18;0,827;R
ES0000000000003960CCPF;17/09/2022;19;0,296;R
ES0000000000003960CCPF;17/09/2022;20;0,297;R
ES0000000000003960CCPF;17/09/2022;21;0,249;R
ES0000000000003960CCPF;17/09/2022;22;0,299;R
ES0000000000003960CCPF;17/09/2022;23;0,347;R
ES0000000000003960CCPF;18/09/2022;0;0,346;R
ES0000000000003960CCPF;18/09/2022;1;0,246;R
ES0000000000003960CCPF;18/09/2022;2;0,261;R
ES0000000000003960CCPF;18/09/2022;3;0,218;R
ES0000000000003960CCPF;18/09/2022;4;0,215;R
ES0000000000003960CCPF;18/09/2022;5;0,214;R
ES0000000000003960CCPF;18/09/2022;6;0,227;R
ES0000000000003960CCPF;18/09/2022;7;0,271;R
ES0000000000003960CCPF;18/09/2022;8;0,25;R
ES0000000000003960CCPF;18/09/2022;9;0,243;R
ES0000000000003960CCPF;18/09/2022;10;0,173;R
ES0000000000003960CCPF;18/09/2022;11;0,278;R
ES0000000000003960CCPF;18/09/2022;12;0,365;R
ES0000000000003960CCPF;18/09/2022;13;0,205;R
ES0000000000003960CCPF;18/09/2022;14;0,227;R
ES0000000000003960CCPF;18/09/2022;15;0,236;R
ES0000000000003960CCPF;18/09/2022;16;0,387;R
ES0000000000003960CCPF;18/09/2022;17;0,525;R
ES0000000000003960CCPF;18/09/2022;18;0,617;R
ES0000000000003960CCPF;18/09/2022;19;0,341;R
ES0000000000003960CCPF;18/09/2022;20;0,307;R
ES0000000000003960CCPF;18/09/2022;21;0,411;R
ES0000000000003960CCPF;18/09/2022;22;0,338;R
ES0000000000003960CCPF;18/09/2022;23;0,302;R
ES0000000000003960CCPF;19/09/2022;0;0,3;R
ES0000000000003960CCPF;19/09/2022;1;0,245;R
ES0000000000003960CCPF;19/09/2022;2;0,218;R
ES0000000000003960CCPF;19/09/2022;3;0,256;R
ES0000000000003960CCPF;19/09/2022;4;0,211;R
ES0000000000003960CCPF;19/09/2022;5;0,208;R
ES0000000000003960CCPF;19/09/2022;6;0,235;R
ES0000000000003960CCPF;19/09/2022;7;0,206;R
ES0000000000003960CCPF;19/09/2022;8;0,226;R
ES0000000000003960CCPF;19/09/2022;9;0,324;R
ES0000000000003960CCPF;19/09/2022;10;0,352;R
ES0000000000003960CCPF;19/09/2022;11;0,262;R
ES0000000000003960CCPF;19/09/2022;12;0,277;R
ES0000000000003960CCPF;19/09/2022;13;0,249;R
ES0000000000003960CCPF;19/09/2022;14;0,338;R
ES0000000000003960CCPF;19/09/2022;15;0,301;R
ES0000000000003960CCPF;19/09/2022;16;0,65;R
ES0000000000003960CCPF;19/09/2022;17;0,325;R
ES0000000000003960CCPF;19/09/2022;18;0,342;R
ES0000000000003960CCPF;19/09/2022;19;0,275;R
ES0000000000003960CCPF;19/09/2022;20;0,244;R
ES0000000000003960CCPF;19/09/2022;21;0,25;R
ES0000000000003960CCPF;19/09/2022;22;0,77;R
ES0000000000003960CCPF;19/09/2022;23;0,584;R
ES0000000000003960CCPF;20/09/2022;0;0,338;R
ES0000000000003960CCPF;20/09/2022;1;0,305;R
ES0000000000003960CCPF;20/09/2022;2;0,296;R
ES0000000000003960CCPF;20/09/2022;3;0,492;R
ES0000000000003960CCPF;20/09/2022;4;0,246;R
ES0000000000003960CCPF;20/09/2022;5;0,736;R
ES0000000000003960CCPF;20/09/2022;6;0,195;R
ES0000000000003960CCPF;20/09/2022;7;0,229;R
ES0000000000003960CCPF;20/09/2022;8;0,25;R
ES0000000000003960CCPF;20/09/2022;9;0,173;R
ES0000000000003960CCPF;20/09/2022;10;0,412;R
ES0000000000003960CCPF;20/09/2022;11;0,335;R
ES0000000000003960CCPF;20/09/2022;12;0,195;R
ES0000000000003960CCPF;20/09/2022;13;0,232;R
ES0000000000003960CCPF;20/09/2022;14;0,473;R
ES0000000000003960CCPF;20/09/2022;15;0,266;R
ES0000000000003960CCPF;20/09/2022;16;0,416;R
ES0000000000003960CCPF;20/09/2022;17;0,351;R
ES0000000000003960CCPF;20/09/2022;18;0,275;R
ES0000000000003960CCPF;20/09/2022;19;0,217;R
ES0000000000003960CCPF;20/09/2022;20;0,248;R
ES0000000000003960CCPF;20/09/2022;21;0,322;R
ES0000000000003960CCPF;20/09/2022;22;0,344;R
ES0000000000003960CCPF;20/09/2022;23;0,552;R
ES0000000000003960CCPF;21/09/2022;0;0,281;R
ES0000000000003960CCPF;21/09/2022;1;0,311;R
ES0000000000003960CCPF;21/09/2022;2;0,279;R
ES0000000000003960CCPF;21/09/2022;3;0,266;R
ES0000000000003960CCPF;21/09/2022;4;0,242;R
ES0000000000003960CCPF;21/09/2022;5;0,259;R
ES0000000000003960CCPF;21/09/2022;6;0,52;R
ES0000000000003960CCPF;21/09/2022;7;0,28;R
ES0000000000003960CCPF;21/09/2022;8;0,728;R
ES0000000000003960CCPF;21/09/2022;9;0,232;R
ES0000000000003960CCPF;21/09/2022;10;0,361;R
ES0000000000003960CCPF;21/09/2022;11;0,226;R
ES0000000000003960CCPF;21/09/2022;12;0,284;R
ES0000000000003960CCPF;21/09/2022;13;0,284;R
ES0000000000003960CCPF;21/09/2022;14;0,379;R
ES0000000000003960CCPF;21/09/2022;15;0,488;R
ES0000000000003960CCPF;21/09/2022;16;0,282;R
ES0000000000003960CCPF;21/09/2022;17;0,239;R
ES0000000000003960CCPF;21/09/2022;18;0,258;R
ES0000000000003960CCPF;21/09/2022;19;0,283;R
ES0000000000003960CCPF;21/09/2022;20;0,24;R
ES0000000000003960CCPF;21/09/2022;21;0,353;R
ES0000000000003960CCPF;21/09/2022;22;0,336;R
ES0000000000003960CCPF;21/09/2022;23;0,615;R
ES0000000000003960CCPF;22/09/2022;0;0,277;R
ES0000000000003960CCPF;22/09/2022;1;0,289;R
ES0000000000003960CCPF;22/09/2022;2;0,299;R
ES0000000000003960CCPF;22/09/2022;3;0,245;R
ES0000000000003960CCPF;22/09/2022;4;0,246;R
ES0000000000003960CCPF;22/09/2022;5;0,179;R
ES0000000000003960CCPF;22/09/2022;6;0,272;R
ES0000000000003960CCPF;22/09/2022;7;0,194;R
ES0000000000003960CCPF;22/09/2022;8;0,317;R
ES0000000000003960CCPF;22/09/2022;9;0,331;R
ES0000000000003960CCPF;22/09/2022;10;0,199;R
ES0000000000003960CCPF;22/09/2022;11;0,325;R
ES0000000000003960CCPF;22/09/2022;12;0,322;R
ES0000000000003960CCPF;22/09/2022;13;0,582;R
ES0000000000003960CCPF;22/09/2022;14;0,592;R
ES0000000000003960CCPF;22/09/2022;15;0,302;R
ES0000000000003960CCPF;22/09/2022;16;0,428;R
ES0000000000003960CCPF;22/09/2022;17;0,239;R
ES0000000000003960CCPF;22/09/2022;18;0,267;R
ES0000000000003960CCPF;22/09/2022;19;0,281;R
ES0000000000003960CCPF;22/09/2022;20;0,257;R
ES0000000000003960CCPF;22/09/2022;21;0,263;R
ES0000000000003960CCPF;22/09/2022;22;0,304;R
ES0000000000003960CCPF;22/09/2022;23;0,556;R
ES0000000000003960CCPF;23/09/2022;0;0,351;R
ES0000000000003960CCPF;23/09/2022;1;0,301;R
ES0000000000003960CCPF;23/09/2022;2;0,306;R
ES0000000000003960CCPF;23/09/2022;3;0,552;R
ES0000000000003960CCPF;23/09/2022;4;0,244;R
ES0000000000003960CCPF;23/09/2022;5;0,762;R
ES0000000000003960CCPF;23/09/2022;6;0,231;R
ES0000000000003960CCPF;23/09/2022;7;0,232;R
ES0000000000003960CCPF;23/09/2022;8;0,219;R
ES0000000000003960CCPF;23/09/2022;9;0,286;R
ES0000000000003960CCPF;23/09/2022;10;0,318;R
ES0000000000003960CCPF;23/09/2022;11;0,281;R
ES0000000000003960CCPF;23/09/2022;12;0,188;R
ES0000000000003960CCPF;23/09/2022;13;0,238;R
ES0000000000003960CCPF;23/09/2022;14;0,288;R
ES0000000000003960CCPF;23/09/2022;15;0,346;R
ES0000000000003960CCPF;23/09/2022;16;0,227;R
ES0000000000003960CCPF;23/09/2022;17;0,23;R
ES0000000000003960CCPF;23/09/2022;18;0,242;R
ES0000000000003960CCPF;23/09/2022;19;0,219;R
ES0000000000003960CCPF;23/09/2022;20;0,262;R
ES0000000000003960CCPF;23/09/2022;21;0,318;R
ES0000000000003960CCPF;23/09/2022;22;0,441;R
ES0000000000003960CCPF;23/09/2022;23;0,409;R
ES0000000000003960CCPF;24/09/2022;0;0,359;R
ES0000000000003960CCPF;24/09/2022;1;0,205;R
ES0000000000003960CCPF;24/09/2022;2;0,264;R
ES0000000000003960CCPF;24/09/2022;3;0,238;R
ES0000000000003960CCPF;24/09/2022;4;0,203;R
ES0000000000003960CCPF;24/09/2022;5;0,257;R
ES0000000000003960CCPF;24/09/2022;6;0,203;R
ES0000000000003960CCPF;24/09/2022;7;0,281;R
ES0000000000003960CCPF;24/09/2022;8;0,291;R
ES0000000000003960CCPF;24/09/2022;9;0,227;R
ES0000000000003960CCPF;24/09/2022;10;0,356;R
ES0000000000003960CCPF;24/09/2022;11;0,199;R
ES0000000000003960CCPF;24/09/2022;12;0,23;R
ES0000000000003960CCPF;24/09/2022;13;0,364;R
ES0000000000003960CCPF;24/09/2022;14;0,165;R
ES0000000000003960CCPF;24/09/2022;15;0,324;R
ES0000000000003960CCPF;24/09/2022;16;0,459;R
ES0000000000003960CCPF;24/09/2022;17;0,247;R
ES0000000000003960CCPF;24/09/2022;18;0,295;R
ES0000000000003960CCPF;24/09/2022;19;0,227;R
ES0000000000003960CCPF;24/09/2022;20;0,29;R
ES0000000000003960CCPF;24/09/2022;21;0,35;R
ES0000000000003960CCPF;24/09/2022;22;0,335;R
ES0000000000003960CCPF;24/09/2022;23;0,484;R
ES0000000000003960CCPF;25/09/2022;0;0,416;R
ES0000000000003960CCPF;25/09/2022;1;0,26;R
ES0000000000003960CCPF;25/09/2022;2;0,217;R
ES0000000000003960CCPF;25/09/2022;3;0,171;R
ES0000000000003960CCPF;25/09/2022;4;0,227;R
ES0000000000003960CCPF;25/09/2022;5;0,186;R
ES0000000000003960CCPF;25/09/2022;6;0,199;R
ES0000000000003960CCPF;25/09/2022;7;0,216;R
ES0000000000003960CCPF;25/09/2022;8;0,192;R
ES0000000000003960CCPF;25/09/2022;9;0,43;R
ES0000000000003960CCPF;25/09/2022;10;0,491;R
ES0000000000003960CCPF;25/09/2022;11;0,617;R
ES0000000000003960CCPF;25/09/2022;12;0,684;R
ES0000000000003960CCPF;25/09/2022;13;0,494;R
ES0000000000003960CCPF;25/09/2022;14;0,296;R
ES0000000000003960CCPF;25/09/2022;15;0,58;R
ES0000000000003960CCPF;25/09/2022;16;0,834;R
ES0000000000003960CCPF;25/09/2022;17;0,366;R
ES0000000000003960CCPF;25/09/2022;18;0,172;R
ES0000000000003960CCPF;25/09/2022;19;0,289;R
ES0000000000003960CCPF;25/09/2022;20;0,25;R
ES0000000000003960CCPF;25/09/2022;21;0,241;R
ES0000000000003960CCPF;25/09/2022;22;0,3;R
ES0000000000003960CCPF;25/09/2022;23;0,257;R
ES0000000000003960CCPF;26/09/2022;0;0,277;R
ES0000000000003960CCPF;26/09/2022;1;0,533;R
ES0000000000003960CCPF;26/09/2022;2;0,254;R
ES0000000000003960CCPF;26/09/2022;3;0,747;R
ES0000000000003960CCPF;26/09/2022;4;0,183;R
ES0000000000003960CCPF;26/09/2022;5;0,208;R
ES0000000000003960CCPF;26/09/2022;6;0,232;R
ES0000000000003960CCPF;26/09/2022;7;0,171;R
ES0000000000003960CCPF;26/09/2022;8;0,195;R
ES0000000000003960CCPF;26/09/2022;9;0,285;R
ES0000000000003960CCPF;26/09/2022;10;0,26;R
ES0000000000003960CCPF;26/09/2022;11;0,269;R
ES0000000000003960CCPF;26/09/2022;12;0,166;R
ES0000000000003960CCPF;26/09/2022;13;0,214;R
ES0000000000003960CCPF;26/09/2022;14;0,332;R
ES0000000000003960CCPF;26/09/2022;15;0,383;R
ES0000000000003960CCPF;26/09/2022;16;0,675;R
ES0000000000003960CCPF;26/09/2022;17;0,414;R
ES0000000000003960CCPF;26/09/2022;18;0,26;R
ES0000000000003960CCPF;26/09/2022;19;0,194;R
ES0000000000003960CCPF;26/09/2022;20;0,181;R
ES0000000000003960CCPF;26/09/2022;21;0,291;R
ES0000000000003960CCPF;26/09/2022;22;0,392;R
ES0000000000003960CCPF;26/09/2022;23;0,433;R
ES0000000000003960CCPF;27/09/2022;0;0,34;R
ES0000000000003960CCPF;27/09/2022;1;0,298;R
ES0000000000003960CCPF;27/09/2022;2;0,209;R
ES0000000000003960CCPF;27/09/2022;3;0,263;R
ES0000000000003960CCPF;27/09/2022;4;0,228;R
ES0000000000003960CCPF;27/09/2022;5;0,209;R
ES0000000000003960CCPF;27/09/2022;6;0,218;R
ES0000000000003960CCPF;27/09/2022;7;0,209;R
ES0000000000003960CCPF;27/09/2022;8;0,241;R
ES0000000000003960CCPF;27/09/2022;9;0,328;R
ES0000000000003960CCPF;27/09/2022;10;0,273;R
ES0000000000003960CCPF;27/09/2022;11;0,263;R
ES0000000000003960CCPF;27/09/2022;12;0,25;R
ES0000000000003960CCPF;27/09/2022;13;0,274;R
ES0000000000003960CCPF;27/09/2022;14;0,36;R
ES0000000000003960CCPF;27/09/2022;15;0,328;R
ES0000000000003960CCPF;27/09/2022;16;0,324;R
ES0000000000003960CCPF;27/09/2022;17;0,303;R
ES0000000000003960CCPF;27/09/2022;18;0,274;R
ES0000000000003960CCPF;27/09/2022;19;0,281;R
ES0000000000003960CCPF;27/09/2022;20;0,155;R
ES0000000000003960CCPF;27/09/2022;21;0,253;R
ES0000000000003960CCPF;27/09/2022;22;0,318;R
ES0000000000003960CCPF;27/09/2022;23;0,415;R
ES0000000000003960CCPF;28/09/2022;0;0,256;R
ES0000000000003960CCPF;28/09/2022;1;0,24;R
ES0000000000003960CCPF;28/09/2022;2;0,219;R
ES0000000000003960CCPF;28/09/2022;3;0,537;R
ES0000000000003960CCPF;28/09/2022;4;0,212;R
ES0000000000003960CCPF;28/09/2022;5;0,763;R
ES0000000000003960CCPF;28/09/2022;6;0,23;R
ES0000000000003960CCPF;28/09/2022;7;0,163;R
ES0000000000003960CCPF;28/09/2022;8;0,21;R
ES0000000000003960CCPF;28/09/2022;9;0,38;R
ES0000000000003960CCPF;28/09/2022;10;0,287;R
ES0000000000003960CCPF;28/09/2022;11;0,208;R
ES0000000000003960CCPF;28/09/2022;12;0,201;R
ES0000000000003960CCPF;28/09/2022;13;0,304;R
ES0000000000003960CCPF;28/09/2022;14;0,279;R
ES0000000000003960CCPF;28/09/2022;15;0,233;R
ES0000000000003960CCPF;28/09/2022;16;0,554;R
ES0000000000003960CCPF;28/09/2022;17;0,24;R
ES0000000000003960CCPF;28/09/2022;18;0,269;R
ES0000000000003960CCPF;28/09/2022;19;0,188;R
ES0000000000003960CCPF;28/09/2022;20;0,235;R
ES0000000000003960CCPF;28/09/2022;21;0,209;R
ES0000000000003960CCPF;28/09/2022;22;0,256;R
ES0000000000003960CCPF;28/09/2022;23;0,397;R
ES0000000000003960CCPF;29/09/2022;0;0,253;R
ES0000000000003960CCPF;29/09/2022;1;0,266;R
ES0000000000003960CCPF;29/09/2022;2;0,175;R
ES0000000000003960CCPF;29/09/2022;3;0,199;R
ES0000000000003960CCPF;29/09/2022;4;0,22;R
ES0000000000003960CCPF;29/09/2022;5;0,286;R
ES0000000000003960CCPF;29/09/2022;6;0,249;R
ES0000000000003960CCPF;29/09/2022;7;0,18;R
ES0000000000003960CCPF;29/09/2022;8;0,188;R
ES0000000000003960CCPF;29/09/2022;9;0,269;R
ES0000000000003960CCPF;29/09/2022;10;0,214;R
ES0000000000003960CCPF;29/09/2022;11;0,273;R
ES0000000000003960CCPF;29/09/2022;12;0,299;R
ES0000000000003960CCPF;29/09/2022;13;0,59;R
ES0000000000003960CCPF;29/09/2022;14;1,267;R
ES0000000000003960CCPF;29/09/2022;15;0,93;R
ES0000000000003960CCPF;29/09/2022;16;0,251;R
ES0000000000003960CCPF;29/09/2022;17;0,17;R
ES0000000000003960CCPF;29/09/2022;18;0,22;R
ES0000000000003960CCPF;29/09/2022;19;0,259;R
ES0000000000003960CCPF;29/09/2022;20;0,178;R
ES0000000000003960CCPF;29/09/2022;21;0,289;R
ES0000000000003960CCPF;29/09/2022;22;0,274;R
ES0000000000003960CCPF;29/09/2022;23;0,282;R
ES0000000000003960CCPF;30/09/2022;0;0,218;R
ES0000000000003960CCPF;30/09/2022;1;0,169;R
ES0000000000003960CCPF;30/09/2022;2;0,201;R
ES0000000000003960CCPF;30/09/2022;3;0,511;R
ES0000000000003960CCPF;30/09/2022;4;0,218;R
ES0000000000003960CCPF;30/09/2022;5;0,712;R
ES0000000000003960CCPF;30/09/2022;6;0,168;R
ES0000000000003960CCPF;30/09/2022;7;0,196;R
ES0000000000003960CCPF;30/09/2022;8;0,315;R
ES0000000000003960CCPF;30/09/2022;9;0,215;R
ES0000000000003960CCPF;30/09/2022;10;0,29;R
ES0000000000003960CCPF;30/09/2022;11;0,178;R
ES0000000000003960CCPF;30/09/2022;12;0,206;R
ES0000000000003960CCPF;30/09/2022;13;0,332;R
ES0000000000003960CCPF;30/09/2022;14;0,327;R
ES0000000000003960CCPF;30/09/2022;15;0,227;R
ES0000000000003960CCPF;30/09/2022;16;0,248;R
ES0000000000003960CCPF;30/09/2022;17;0,329;R
ES0000000000003960CCPF;30/09/2022;18;0,164;R
ES0000000000003960CCPF;30/09/2022;19;0,234;R
ES0000000000003960CCPF;30/09/2022;20;0,222;R
ES0000000000003960CCPF;30/09/2022;21;0,206;R
ES0000000000003960CCPF;30/09/2022;22;0,271;R
ES0000000000003960CCPF;30/09/2022;23;0,27;R
ES0000000000003960CCPF;01/10/2022;0;0,226;R
ES0000000000003960CCPF;01/10/2022;1;0,221;R
ES0000000000003960CCPF;01/10/2022;2;0,18;R
ES0000000000003960CCPF;01/10/2022;3;0,192;R
ES0000000000003960CCPF;01/10/2022;4;0,203;R
ES0000000000003960CCPF;01/10/2022;5;0,154;R
ES0000000000003960CCPF;01/10/2022;6;0,177;R
ES0000000000003960CCPF;01/10/2022;7;0,174;R
ES0000000000003960CCPF;01/10/2022;8;0,351;R
ES0000000000003960CCPF;01/10/2022;9;0,201;R
ES0000000000003960CCPF;01/10/2022;10;0,286;R
ES0000000000003960CCPF;01/10/2022;11;0,382;R
ES0000000000003960CCPF;01/10/2022;12;0,568;R
ES0000000000003960CCPF;01/10/2022;13;1,969;R
ES0000000000003960CCPF;01/10/2022;14;0,201;R
ES0000000000003960CCPF;01/10/2022;15;1,272;R
ES0000000000003960CCPF;01/10/2022;16;0,248;R
ES0000000000003960CCPF;01/10/2022;17;0,243;R
ES0000000000003960CCPF;01/10/2022;18;0,679;R
ES0000000000003960CCPF;01/10/2022;19;0,26;R
ES0000000000003960CCPF;01/10/2022;20;0,819;R
ES0000000000003960CCPF;01/10/2022;21;0,306;R
ES0000000000003960CCPF;01/10/2022;22;0,204;R
ES0000000000003960CCPF;01/10/2022;23;0,336;R
ES0000000000003960CCPF;02/10/2022;0;0,36;R
ES0000000000003960CCPF;02/10/2022;1;0,209;R
ES0000000000003960CCPF;02/10/2022;2;0,194;R
ES0000000000003960CCPF;02/10/2022;3;0,178;R
ES0000000000003960CCPF;02/10/2022;4;0,19;R
ES0000000000003960CCPF;02/10/2022;5;0,218;R
ES0000000000003960CCPF;02/10/2022;6;0,149;R
ES0000000000003960CCPF;02/10/2022;7;0,18;R
ES0000000000003960CCPF;02/10/2022;8;0,295;R
ES0000000000003960CCPF;02/10/2022;9;0,236;R
ES0000000000003960CCPF;02/10/2022;10;0,188;R
ES0000000000003960CCPF;02/10/2022;11;0,28;R
ES0000000000003960CCPF;02/10/2022;12;0,269;R
ES0000000000003960CCPF;02/10/2022;13;0,213;R
ES0000000000003960CCPF;02/10/2022;14;0,166;R
ES0000000000003960CCPF;02/10/2022;15;0,308;R
ES0000000000003960CCPF;02/10/2022;16;0,352;R
ES0000000000003960CCPF;02/10/2022;17;0,258;R
ES0000000000003960CCPF;02/10/2022;18;0,361;R
ES0000000000003960CCPF;02/10/2022;19;0,288;R
ES0000000000003960CCPF;02/10/2022;20;0,22;R
ES0000000000003960CCPF;02/10/2022;21;0,352;R
ES0000000000003960CCPF;02/10/2022;22;0,439;R
ES0000000000003960CCPF;02/10/2022;23;0,402;R
ES0000000000003960CCPF;03/10/2022;0;0,291;R
ES0000000000003960CCPF;03/10/2022;1;0,268;R
ES0000000000003960CCPF;03/10/2022;2;0,19;R
ES0000000000003960CCPF;03/10/2022;3;0,201;R
ES0000000000003960CCPF;03/10/2022;4;0,492;R
ES0000000000003960CCPF;03/10/2022;5;0,528;R
ES0000000000003960CCPF;03/10/2022;6;1,087;R
ES0000000000003960CCPF;03/10/2022;7;0,268;R
ES0000000000003960CCPF;03/10/2022;8;0,187;R
ES0000000000003960CCPF;03/10/2022;9;0,319;R
ES0000000000003960CCPF;03/10/2022;10;0,265;R
ES0000000000003960CCPF;03/10/2022;11;0,197;R
ES0000000000003960CCPF;03/10/2022;12;0,398;R
ES0000000000003960CCPF;03/10/2022;13;0,307;R
ES0000000000003960CCPF;03/10/2022;14;0,237;R
ES0000000000003960CCPF;03/10/2022;15;0,45;R
ES0000000000003960CCPF;03/10/2022;16;0,372;R
ES0000000000003960CCPF;03/10/2022;17;0,544;R
ES0000000000003960CCPF;03/10/2022;18;0,485;R
ES0000000000003960CCPF;03/10/2022;19;0,279;R
ES0000000000003960CCPF;03/10/2022;20;0,289;R
ES0000000000003960CCPF;03/10/2022;21;0,351;R
ES0000000000003960CCPF;03/10/2022;22;0,382;R
ES0000000000003960CCPF;03/10/2022;23;0,303;R
ES0000000000003960CCPF;04/10/2022;0;0,283;R
ES0000000000003960CCPF;04/10/2022;1;0,231;R
ES0000000000003960CCPF;04/10/2022;2;0,229;R
ES0000000000003960CCPF;04/10/2022;3;0,201;R
ES0000000000003960CCPF;04/10/2022;4;0,185;R
ES0000000000003960CCPF;04/10/2022;5;0,551;R
ES0000000000003960CCPF;04/10/2022;6;0,272;R
ES0000000000003960CCPF;04/10/2022;7;0,788;R
ES0000000000003960CCPF;04/10/2022;8;0,204;R
ES0000000000003960CCPF;04/10/2022;9;0,412;R
ES0000000000003960CCPF;04/10/2022;10;0,196;R
ES0000000000003960CCPF;04/10/2022;11;0,312;R
ES0000000000003960CCPF;04/10/2022;12;0,244;R
ES0000000000003960CCPF;04/10/2022;13;0,253;R
ES0000000000003960CCPF;04/10/2022;14;0,924;R
ES0000000000003960CCPF;04/10/2022;15;1,162;R
ES0000000000003960CCPF;04/10/2022;16;0,307;R
ES0000000000003960CCPF;04/10/2022;17;0,234;R
ES0000000000003960CCPF;04/10/2022;18;0,312;R
ES0000000000003960CCPF;04/10/2022;19;0,354;R
ES0000000000003960CCPF;04/10/2022;20;0,293;R
ES0000000000003960CCPF;04/10/2022;21;0,247;R
ES0000000000003960CCPF;04/10/2022;22;0,51;R
ES0000000000003960CCPF;04/10/2022;23;0,353;R
ES0000000000003960CCPF;05/10/2022;0;0,335;R
ES0000000000003960CCPF;05/10/2022;1;0,305;R
ES0000000000003960CCPF;05/10/2022;2;0,19;R
ES0000000000003960CCPF;05/10/2022;3;0,197;R
ES0000000000003960CCPF;05/10/2022;4;0,532;R
ES0000000000003960CCPF;05/10/2022;5;0,234;R
ES0000000000003960CCPF;05/10/2022;6;0,722;R
ES0000000000003960CCPF;05/10/2022;7;0,203;R
ES0000000000003960CCPF;05/10/2022;8;0,295;R
ES0000000000003960CCPF;05/10/2022;9;0,218;R
ES0000000000003960CCPF;05/10/2022;10;0,309;R
ES0000000000003960CCPF;05/10/2022;11;0,196;R
ES0000000000003960CCPF;05/10/2022;12;0,362;R
ES0000000000003960CCPF;05/10/2022;13;0,269;R
ES0000000000003960CCPF;05/10/2022;14;0,786;R
ES0000000000003960CCPF;05/10/2022;15;0,323;R
ES0000000000003960CCPF;05/10/2022;16;0,607;R
ES0000000000003960CCPF;05/10/2022;17;0,287;R
ES0000000000003960CCPF;05/10/2022;18;0,353;R
ES0000000000003960CCPF;05/10/2022;19;0,228;R
ES0000000000003960CCPF;05/10/2022;20;0,216;R
ES0000000000003960CCPF;05/10/2022;21;0,341;R
ES0000000000003960CCPF;05/10/2022;22;0,375;R
ES0000000000003960CCPF;05/10/2022;23;0,261;R
ES0000000000003960CCPF;06/10/2022;0;0,261;R
ES0000000000003960CCPF;06/10/2022;1;0,225;R
ES0000000000003960CCPF;06/10/2022;2;0,238;R
ES0000000000003960CCPF;06/10/2022;3;0,519;R
ES0000000000003960CCPF;06/10/2022;4;0,235;R
ES0000000000003960CCPF;06/10/2022;5;0,73;R
ES0000000000003960CCPF;06/10/2022;6;0,223;R
ES0000000000003960CCPF;06/10/2022;7;0,274;R
ES0000000000003960CCPF;06/10/2022;8;0,248;R
ES0000000000003960CCPF;06/10/2022;9;0,289;R
ES0000000000003960CCPF;06/10/2022;10;0,291;R
ES0000000000003960CCPF;06/10/2022;11;0,187;R
ES0000000000003960CCPF;06/10/2022;12;0,48;R
ES0000000000003960CCPF;06/10/2022;13;0,678;R
ES0000000000003960CCPF;06/10/2022;14;0,41;R
ES0000000000003960CCPF;06/10/2022;15;1,22;R
ES0000000000003960CCPF;06/10/2022;16;0,374;R
ES0000000000003960CCPF;06/10/2022;17;0,264;R
ES0000000000003960CCPF;06/10/2022;18;0,33;R
ES0000000000003960CCPF;06/10/2022;19;0,308;R
ES0000000000003960CCPF;06/10/2022;20;0,274;R
ES0000000000003960CCPF;06/10/2022;21;0,287;R
ES0000000000003960CCPF;06/10/2022;22;0,33;R
ES0000000000003960CCPF;06/10/2022;23;0,3;R
ES0000000000003960CCPF;07/10/2022;0;0,406;R
ES0000000000003960CCPF;07/10/2022;1;0,267;R
ES0000000000003960CCPF;07/10/2022;2;0,227;R
ES0000000000003960CCPF;07/10/2022;3;0,225;R
ES0000000000003960CCPF;07/10/2022;4;0,511;R
ES0000000000003960CCPF;07/10/2022;5;0,238;R
ES0000000000003960CCPF;07/10/2022;6;0,658;R
ES0000000000003960CCPF;07/10/2022;7;0,218;R
ES0000000000003960CCPF;07/10/2022;8;0,33;R
ES0000000000003960CCPF;07/10/2022;9;0,225;R
ES0000000000003960CCPF;07/10/2022;10;0,673;R
ES0000000000003960CCPF;07/10/2022;11;0,862;R
ES0000000000003960CCPF;07/10/2022;12;0,403;R
ES0000000000003960CCPF;07/10/2022;13;0,338;R
ES0000000000003960CCPF;07/10/2022;14;0,45;R
ES0000000000003960CCPF;07/10/2022;15;0,506;R
ES0000000000003960CCPF;07/10/2022;16;0,423;R
ES0000000000003960CCPF;07/10/2022;17;0,307;R
ES0000000000003960CCPF;07/10/2022;18;0,321;R
ES0000000000003960CCPF;07/10/2022;19;0,389;R
ES0000000000003960CCPF;07/10/2022;20;0,255;R
ES0000000000003960CCPF;07/10/2022;21;0,37;R
ES0000000000003960CCPF;07/10/2022;22;0,262;R
ES0000000000003960CCPF;07/10/2022;23;0,338;R
ES0000000000003960CCPF;08/10/2022;0;0,252;R
ES0000000000003960CCPF;08/10/2022;1;0,584;R
ES0000000000003960CCPF;08/10/2022;2;0,235;R
ES0000000000003960CCPF;08/10/2022;3;0,764;R
ES0000000000003960CCPF;08/10/2022;4;0,253;R
ES0000000000003960CCPF;08/10/2022;5;0,262;R
ES0000000000003960CCPF;08/10/2022;6;0,217;R
ES0000000000003960CCPF;08/10/2022;7;0,193;R
ES0000000000003960CCPF;08/10/2022;8;0,202;R
ES0000000000003960CCPF;08/10/2022;9;0,275;R
ES0000000000003960CCPF;08/10/2022;10;0,26;R
ES0000000000003960CCPF;08/10/2022;11;0,172;R
ES0000000000003960CCPF;08/10/2022;12;0,287;R
ES0000000000003960CCPF;08/10/2022;13;0,187;R
ES0000000000003960CCPF;08/10/2022;14;0,275;R
ES0000000000003960CCPF;08/10/2022;15;0,204;R
ES0000000000003960CCPF;08/10/2022;16;0,326;R
ES0000000000003960CCPF;08/10/2022;17;0,229;R
ES0000000000003960CCPF;08/10/2022;18;0,228;R
ES0000000000003960CCPF;08/10/2022;19;0,236;R
ES0000000000003960CCPF;08/10/2022;20;0,421;R
ES0000000000003960CCPF;08/10/2022;21;0,513;R
ES0000000000003960CCPF;08/10/2022;22;0,367;R
ES0000000000003960CCPF;08/10/2022;23;0,627;R
ES0000000000003960CCPF;09/10/2022;0;0,543;R
ES0000000000003960CCPF;09/10/2022;1;0,19;R
ES0000000000003960CCPF;09/10/2022;2;0,226;R
ES0000000000003960CCPF;09/10/2022;3;0,201;R
ES0000000000003960CCPF;09/10/2022;4;0,208;R
ES0000000000003960CCPF;09/10/2022;5;0,217;R
ES0000000000003960CCPF;09/10/2022;6;0,202;R
ES0000000000003960CCPF;09/10/2022;7;0,226;R
ES0000000000003960CCPF;09/10/2022;8;0,278;R
ES0000000000003960CCPF;09/10/2022;9;0,234;R
ES0000000000003960CCPF;09/10/2022;10;0,244;R
ES0000000000003960CCPF;09/10/2022;11;0,219;R
ES0000000000003960CCPF;09/10/2022;12;0,174;R
ES0000000000003960CCPF;09/10/2022;13;0,187;R
ES0000000000003960CCPF;09/10/2022;14;0,217;R
ES0000000000003960CCPF;09/10/2022;15;0,227;R
ES0000000000003960CCPF;09/10/2022;16;0,455;R
ES0000000000003960CCPF;09/10/2022;17;0,302;R
ES0000000000003960CCPF;09/10/2022;18;0,219;R
ES0000000000003960CCPF;09/10/2022;19;0,624;R
ES0000000000003960CCPF;09/10/2022;20;0,389;R
ES0000000000003960CCPF;09/10/2022;21;0,691;R
ES0000000000003960CCPF;09/10/2022;22;0,458;R
ES0000000000003960CCPF;09/10/2022;23;0,345;R
ES0000000000003960CCPF;10/10/2022;0;0,291;R
ES0000000000003960CCPF;10/10/2022;1;0,289;R
ES0000000000003960CCPF;10/10/2022;2;0,264;R
ES0000000000003960CCPF;10/10/2022;3;0,597;R
ES0000000000003960CCPF;10/10/2022;4;0,221;R
ES0000000000003960CCPF;10/10/2022;5;0,793;R
ES0000000000003960CCPF;10/10/2022;6;0,201;R
ES0000000000003960CCPF;10/10/2022;7;0,197;R
ES0000000000003960CCPF;10/10/2022;8;0,378;R
ES0000000000003960CCPF;10/10/2022;9;0,199;R
ES0000000000003960CCPF;10/10/2022;10;0,23;R
ES0000000000003960CCPF;10/10/2022;11;0,353;R
ES0000000000003960CCPF;10/10/2022;12;0,321;R
ES0000000000003960CCPF;10/10/2022;13;0,32;R
ES0000000000003960CCPF;10/10/2022;14;0,317;R
ES0000000000003960CCPF;10/10/2022;15;0,217;R
ES0000000000003960CCPF;10/10/2022;16;0,274;R
ES0000000000003960CCPF;10/10/2022;17;0,774;R
ES0000000000003960CCPF;10/10/2022;18;0,306;R
ES0000000000003960CCPF;10/10/2022;19;0,273;R
ES0000000000003960CCPF;10/10/2022;20;0,256;R
ES0000000000003960CCPF;10/10/2022;21;0,353;R
ES0000000000003960CCPF;10/10/2022;22;0,746;R
ES0000000000003960CCPF;10/10/2022;23;0,264;R
ES0000000000003960CCPF;11/10/2022;0;0,288;R
ES0000000000003960CCPF;11/10/2022;1;0,236;R
ES0000000000003960CCPF;11/10/2022;2;0,206;R
ES0000000000003960CCPF;11/10/2022;3;0,196;R
ES0000000000003960CCPF;11/10/2022;4;0,201;R
ES0000000000003960CCPF;11/10/2022;5;0,214;R
ES0000000000003960CCPF;11/10/2022;6;0,221;R
ES0000000000003960CCPF;11/10/2022;7;0,18;R
ES0000000000003960CCPF;11/10/2022;8;0,352;R
ES0000000000003960CCPF;11/10/2022;9;0,256;R
ES0000000000003960CCPF;11/10/2022;10;0,255;R
ES0000000000003960CCPF;11/10/2022;11;0,299;R
ES0000000000003960CCPF;11/10/2022;12;0,395;R
ES0000000000003960CCPF;11/10/2022;13;0,329;R
ES0000000000003960CCPF;11/10/2022;14;0,274;R
ES0000000000003960CCPF;11/10/2022;15;0,377;R
ES0000000000003960CCPF;11/10/2022;16;0,483;R
ES0000000000003960CCPF;11/10/2022;17;0,275;R
ES0000000000003960CCPF;11/10/2022;18;0,316;R
ES0000000000003960CCPF;11/10/2022;19;0,257;R
ES0000000000003960CCPF;11/10/2022;20;0,303;R
ES0000000000003960CCPF;11/10/2022;21;0,312;R
ES0000000000003960CCPF;11/10/2022;22;0,287;R
ES0000000000003960CCPF;11/10/2022;23;0,322;R
ES0000000000003960CCPF;12/10/2022;0;0,363;R
ES0000000000003960CCPF;12/10/2022;1;0,336;R
ES0000000000003960CCPF;12/10/2022;2;0,269;R
ES0000000000003960CCPF;12/10/2022;3;0,212;R
ES0000000000003960CCPF;12/10/2022;4;0,521;R
ES0000000000003960CCPF;12/10/2022;5;0,257;R
ES0000000000003960CCPF;12/10/2022;6;0,738;R
ES0000000000003960CCPF;12/10/2022;7;0,2;R
ES0000000000003960CCPF;12/10/2022;8;0,205;R
ES0000000000003960CCPF;12/10/2022;9;0,306;R
ES0000000000003960CCPF;12/10/2022;10;0,217;R
ES0000000000003960CCPF;12/10/2022;11;0,264;R
ES0000000000003960CCPF;12/10/2022;12;0,723;R
ES0000000000003960CCPF;12/10/2022;13;1,096;R
ES0000000000003960CCPF;12/10/2022;14;1,259;R
ES0000000000003960CCPF;12/10/2022;15;0,707;R
ES0000000000003960CCPF;12/10/2022;16;0,501;R
ES0000000000003960CCPF;12/10/2022;17;0,331;R
ES0000000000003960CCPF;12/10/2022;18;0,514;R
ES0000000000003960CCPF;12/10/2022;19;0,31;R
ES0000000000003960CCPF;12/10/2022;20;0,342;R
ES0000000000003960CCPF;12/10/2022;21;0,288;R
ES0000000000003960CCPF;12/10/2022;22;0,163;R
ES0000000000003960CCPF;12/10/2022;23;0,222;R
ES0000000000003960CCPF;13/10/2022;0;0,343;R
ES0000000000003960CCPF;13/10/2022;1;0,242;R
ES0000000000003960CCPF;13/10/2022;2;0,21;R
ES0000000000003960CCPF;13/10/2022;3;0,188;R
ES0000000000003960CCPF;13/10/2022;4;0,542;R
ES0000000000003960CCPF;13/10/2022;5;0,276;R
ES0000000000003960CCPF;13/10/2022;6;0,7;R
ES0000000000003960CCPF;13/10/2022;7;0,204;R
ES0000000000003960CCPF;13/10/2022;8;0,173;R
ES0000000000003960CCPF;13/10/2022;9;0,329;R
ES0000000000003960CCPF;13/10/2022;10;0,267;R
ES0000000000003960CCPF;13/10/2022;11;0,279;R
ES0000000000003960CCPF;13/10/2022;12;0,339;R
ES0000000000003960CCPF;13/10/2022;13;0,249;R
ES0000000000003960CCPF;13/10/2022;14;0,301;R
ES0000000000003960CCPF;13/10/2022;15;0,25;R
ES0000000000003960CCPF;13/10/2022;16;0,496;R
ES0000000000003960CCPF;13/10/2022;17;0,283;R
ES0000000000003960CCPF;13/10/2022;18;0,252;R
ES0000000000003960CCPF;13/10/2022;19;0,317;R
ES0000000000003960CCPF;13/10/2022;20;0,394;R
ES0000000000003960CCPF;13/10/2022;21;0,37;R
ES0000000000003960CCPF;13/10/2022;22;0,362;R
ES0000000000003960CCPF;13/10/2022;23;0,382;R
ES0000000000003960CCPF;14/10/2022;0;0,39;R
ES0000000000003960CCPF;14/10/2022;1;0,299;R
ES0000000000003960CCPF;14/10/2022;2;0,207;R
ES0000000000003960CCPF;14/10/2022;3;0,237;R
ES0000000000003960CCPF;14/10/2022;4;0,546;R
ES0000000000003960CCPF;14/10/2022;5;0,253;R
ES0000000000003960CCPF;14/10/2022;6;0,759;R
ES0000000000003960CCPF;14/10/2022;7;0,226;R
ES0000000000003960CCPF;14/10/2022;8;0,431;R
ES0000000000003960CCPF;14/10/2022;9;0,29;R
ES0000000000003960CCPF;14/10/2022;10;0,268;R
ES0000000000003960CCPF;14/10/2022;11;0,265;R
ES0000000000003960CCPF;14/10/2022;12;0,206;R
ES0000000000003960CCPF;14/10/2022;13;0,17;R
ES0000000000003960CCPF;14/10/2022;14;0,213;R
ES0000000000003960CCPF;14/10/2022;15;0,173;R
ES0000000000003960CCPF;14/10/2022;16;0,611;R
ES0000000000003960CCPF;14/10/2022;17;0,351;R
ES0000000000003960CCPF;14/10/2022;18;0,531;R
ES0000000000003960CCPF;14/10/2022;19;0,383;R
ES0000000000003960CCPF;14/10/2022;20;0,323;R
ES0000000000003960CCPF;14/10/2022;21;0,305;R
ES0000000000003960CCPF;14/10/2022;22;0,187;R
ES0000000000003960CCPF;14/10/2022;23;0,238;R
ES0000000000003960CCPF;15/10/2022;0;0,971;R
ES0000000000003960CCPF;15/10/2022;1;0,801;R
ES0000000000003960CCPF;15/10/2022;2;0,275;R
ES0000000000003960CCPF;15/10/2022;3;0,264;R
ES0000000000003960CCPF;15/10/2022;4;0,298;R
ES0000000000003960CCPF;15/10/2022;5;0,236;R
ES0000000000003960CCPF;15/10/2022;6;0,233;R
ES0000000000003960CCPF;15/10/2022;7;0,215;R
ES0000000000003960CCPF;15/10/2022;8;0,184;R
ES0000000000003960CCPF;15/10/2022;9;0,201;R
ES0000000000003960CCPF;15/10/2022;10;0,179;R
ES0000000000003960CCPF;15/10/2022;11;0,277;R
ES0000000000003960CCPF;15/10/2022;12;0,169;R
ES0000000000003960CCPF;15/10/2022;13;0,222;R
ES0000000000003960CCPF;15/10/2022;14;0,582;R
ES0000000000003960CCPF;15/10/2022;15;0,614;R
ES0000000000003960CCPF;15/10/2022;16;1,013;R
ES0000000000003960CCPF;15/10/2022;17;0,975;R
ES0000000000003960CCPF;15/10/2022;18;0,772;R
ES0000000000003960CCPF;15/10/2022;19;1,084;R
ES0000000000003960CCPF;15/10/2022;20;0,847;R
ES0000000000003960CCPF;15/10/2022;21;0,694;R
ES0000000000003960CCPF;15/10/2022;22;0,972;R
ES0000000000003960CCPF;15/10/2022;23;0,502;R
ES0000000000003960CCPF;16/10/2022;0;0,234;R
ES0000000000003960CCPF;16/10/2022;1;0,894;R
ES0000000000003960CCPF;16/10/2022;2;0,959;R
ES0000000000003960CCPF;16/10/2022;3;1,456;R
ES0000000000003960CCPF;16/10/2022;4;1,348;R
ES0000000000003960CCPF;16/10/2022;5;0,678;R
ES0000000000003960CCPF;16/10/2022;6;0,456;R
ES0000000000003960CCPF;16/10/2022;7;0,459;R
ES0000000000003960CCPF;16/10/2022;8;0,191;R
ES0000000000003960CCPF;16/10/2022;9;0,19;R
ES0000000000003960CCPF;16/10/2022;10;0,176;R
ES0000000000003960CCPF;16/10/2022;11;0,267;R
ES0000000000003960CCPF;16/10/2022;12;0,251;R
ES0000000000003960CCPF;16/10/2022;13;0,169;R
ES0000000000003960CCPF;16/10/2022;14;0,186;R
ES0000000000003960CCPF;16/10/2022;15;0,259;R
ES0000000000003960CCPF;16/10/2022;16;0,559;R
ES0000000000003960CCPF;16/10/2022;17;0,263;R
ES0000000000003960CCPF;16/10/2022;18;0,164;R
ES0000000000003960CCPF;16/10/2022;19;0,202;R
ES0000000000003960CCPF;16/10/2022;20;0,184;R
ES0000000000003960CCPF;16/10/2022;21;0,338;R
ES0000000000003960CCPF;16/10/2022;22;0,302;R
ES0000000000003960CCPF;16/10/2022;23;0,265;R
ES0000000000003960CCPF;17/10/2022;0;0,225;R
ES0000000000003960CCPF;17/10/2022;1;0,304;R
ES0000000000003960CCPF;17/10/2022;2;0,194;R
ES0000000000003960CCPF;17/10/2022;3;0,208;R
ES0000000000003960CCPF;17/10/2022;4;0,17;R
ES0000000000003960CCPF;17/10/2022;5;0,199;R
ES0000000000003960CCPF;17/10/2022;6;0,171;R
ES0000000000003960CCPF;17/10/2022;7;0,215;R
ES0000000000003960CCPF;17/10/2022;8;0,179;R
ES0000000000003960CCPF;17/10/2022;9;0,315;R
ES0000000000003960CCPF;17/10/2022;10;0,29;R
ES0000000000003960CCPF;17/10/2022;11;0,334;R
ES0000000000003960CCPF;17/10/2022;12;0,414;R
ES0000000000003960CCPF;17/10/2022;13;0,529;R
ES0000000000003960CCPF;17/10/2022;14;0,725;R
ES0000000000003960CCPF;17/10/2022;15;1,322;R
ES0000000000003960CCPF;17/10/2022;16;0,565;R
ES0000000000003960CCPF;17/10/2022;17;0,262;R
ES0000000000003960CCPF;17/10/2022;18;0,191;R
ES0000000000003960CCPF;17/10/2022;19;0,367;R
ES0000000000003960CCPF;17/10/2022;20;0,308;R
ES0000000000003960CCPF;17/10/2022;21;0,286;R
ES0000000000003960CCPF;17/10/2022;22;0,264;R
ES0000000000003960CCPF;17/10/2022;23;0,301;R
ES0000000000003960CCPF;18/10/2022;0;0,287;R
ES0000000000003960CCPF;18/10/2022;1;0,623;R
ES0000000000003960CCPF;18/10/2022;2;0,228;R
ES0000000000003960CCPF;18/10/2022;3;0,764;R
ES0000000000003960CCPF;18/10/2022;4;0,169;R
ES0000000000003960CCPF;18/10/2022;5;0,204;R
ES0000000000003960CCPF;18/10/2022;6;0,216;R
ES0000000000003960CCPF;18/10/2022;7;0,189;R
ES0000000000003960CCPF;18/10/2022;8;0,188;R
ES0000000000003960CCPF;18/10/2022;9;0,163;R
ES0000000000003960CCPF;18/10/2022;10;0,359;R
ES0000000000003960CCPF;18/10/2022;11;0,255;R
ES0000000000003960CCPF;18/10/2022;12;0,235;R
ES0000000000003960CCPF;18/10/2022;13;0,179;R
ES0000000000003960CCPF;18/10/2022;14;0,185;R
ES0000000000003960CCPF;18/10/2022;15;0,279;R
ES0000000000003960CCPF;18/10/2022;16;0,289;R
ES0000000000003960CCPF;18/10/2022;17;0,185;R
ES0000000000003960CCPF;18/10/2022;18;0,204;R
ES0000000000003960CCPF;18/10/2022;19;0,202;R
ES0000000000003960CCPF;18/10/2022;20;0,252;R
ES0000000000003960CCPF;18/10/2022;21;0,299;R
ES0000000000003960CCPF;18/10/2022;22;0,255;R
ES0000000000003960CCPF;18/10/2022;23;0,349;R
ES0000000000003960CCPF;19/10/2022;0;0,34;R
ES0000000000003960CCPF;19/10/2022;1;0,253;R
ES0000000000003960CCPF;19/10/2022;2;0,201;R
ES0000000000003960CCPF;19/10/2022;3;0,199;R
ES0000000000003960CCPF;19/10/2022;4;0,196;R
ES0000000000003960CCPF;19/10/2022;5;0,207;R
ES0000000000003960CCPF;19/10/2022;6;0,162;R
ES0000000000003960CCPF;19/10/2022;7;0,185;R
ES0000000000003960CCPF;19/10/2022;8;0,352;R
ES0000000000003960CCPF;19/10/2022;9;0,213;R
ES0000000000003960CCPF;19/10/2022;10;0,295;R
ES0000000000003960CCPF;19/10/2022;11;0,218;R
ES0000000000003960CCPF;19/10/2022;12;0,253;R
ES0000000000003960CCPF;19/10/2022;13;0,21;R
ES0000000000003960CCPF;19/10/2022;14;0,183;R
ES0000000000003960CCPF;19/10/2022;15;0,285;R
ES0000000000003960CCPF;19/10/2022;16;0,193;R
ES0000000000003960CCPF;19/10/2022;17;0,385;R
ES0000000000003960CCPF;19/10/2022;18;0,301;R
ES0000000000003960CCPF;19/10/2022;19;0,468;R
ES0000000000003960CCPF;19/10/2022;20;0,248;R
ES0000000000003960CCPF;19/10/2022;21;0,284;R
ES0000000000003960CCPF;19/10/2022;22;0,302;R
ES0000000000003960CCPF;19/10/2022;23;0,276;R
ES0000000000003960CCPF;20/10/2022;0;0,228;R
ES0000000000003960CCPF;20/10/2022;1;0,229;R
ES0000000000003960CCPF;20/10/2022;2;0,237;R
ES0000000000003960CCPF;20/10/2022;3;0,198;R
ES0000000000003960CCPF;20/10/2022;4;0,226;R
ES0000000000003960CCPF;20/10/2022;5;0,171;R
ES0000000000003960CCPF;20/10/2022;6;0,218;R
ES0000000000003960CCPF;20/10/2022;7;0,186;R
ES0000000000003960CCPF;20/10/2022;8;0,188;R
ES0000000000003960CCPF;20/10/2022;9;0,212;R
ES0000000000003960CCPF;20/10/2022;10;0,333;R
ES0000000000003960CCPF;20/10/2022;11;0,309;R
ES0000000000003960CCPF;20/10/2022;12;0,477;R
ES0000000000003960CCPF;20/10/2022;13;0,464;R
ES0000000000003960CCPF;20/10/2022;14;0,381;R
ES0000000000003960CCPF;20/10/2022;15;0,352;R
ES0000000000003960CCPF;20/10/2022;16;0,289;R
ES0000000000003960CCPF;20/10/2022;17;0,329;R
ES0000000000003960CCPF;20/10/2022;18;0,305;R
ES0000000000003960CCPF;20/10/2022;19;0,232;R
ES0000000000003960CCPF;20/10/2022;20;0,208;R
ES0000000000003960CCPF;20/10/2022;21;0,224;R
ES0000000000003960CCPF;20/10/2022;22;0,252;R
ES0000000000003960CCPF;20/10/2022;23;0,284;R
ES0000000000003960CCPF;21/10/2022;0;0,305;R
ES0000000000003960CCPF;21/10/2022;1;0,248;R
ES0000000000003960CCPF;21/10/2022;2;0,2;R
ES0000000000003960CCPF;21/10/2022;3;0,167;R
ES0000000000003960CCPF;21/10/2022;4;0,183;R
ES0000000000003960CCPF;21/10/2022;5;0,209;R
ES0000000000003960CCPF;21/10/2022;6;0,171;R
ES0000000000003960CCPF;21/10/2022;7;0,203;R
ES0000000000003960CCPF;21/10/2022;8;0,294;R
ES0000000000003960CCPF;21/10/2022;9;0,202;R
ES0000000000003960CCPF;21/10/2022;10;0,168;R
ES0000000000003960CCPF;21/10/2022;11;0,285;R
ES0000000000003960CCPF;21/10/2022;12;0,234;R
ES0000000000003960CCPF;21/10/2022;13;0,178;R
ES0000000000003960CCPF;21/10/2022;14;0,256;R
ES0000000000003960CCPF;21/10/2022;15;0,212;R
ES0000000000003960CCPF;21/10/2022;16;0,641;R
ES0000000000003960CCPF;21/10/2022;17;0,466;R
ES0000000000003960CCPF;21/10/2022;18;0,238;R
ES0000000000003960CCPF;21/10/2022;19;0,33;R
ES0000000000003960CCPF;21/10/2022;20;0,318;R
ES0000000000003960CCPF;21/10/2022;21;0,298;R
ES0000000000003960CCPF;21/10/2022;22;0,258;R
ES0000000000003960CCPF;21/10/2022;23;0,302;R
ES0000000000003960CCPF;22/10/2022;0;0,277;R
ES0000000000003960CCPF;22/10/2022;1;0,4;R
ES0000000000003960CCPF;22/10/2022;2;0,248;R
ES0000000000003960CCPF;22/10/2022;3;0,544;R
ES0000000000003960CCPF;22/10/2022;4;0,223;R
ES0000000000003960CCPF;22/10/2022;5;0,723;R
ES0000000000003960CCPF;22/10/2022;6;0,193;R
ES0000000000003960CCPF;22/10/2022;7;0,206;R
ES0000000000003960CCPF;22/10/2022;8;0,163;R
ES0000000000003960CCPF;22/10/2022;9;0,189;R
ES0000000000003960CCPF;22/10/2022;10;0,383;R
ES0000000000003960CCPF;22/10/2022;11;0,395;R
ES0000000000003960CCPF;22/10/2022;12;0,29;R
ES0000000000003960CCPF;22/10/2022;13;0,295;R
ES0000000000003960CCPF;22/10/2022;14;0,735;R
ES0000000000003960CCPF;22/10/2022;15;0,448;R
ES0000000000003960CCPF;22/10/2022;16;0,87;R
ES0000000000003960CCPF;22/10/2022;17;0,433;R
ES0000000000003960CCPF;22/10/2022;18;0,725;R
ES0000000000003960CCPF;22/10/2022;19;0,464;R
ES0000000000003960CCPF;22/10/2022;20;0,714;R
ES0000000000003960CCPF;22/10/2022;21;0,316;R
ES0000000000003960CCPF;22/10/2022;22;0,469;R
ES0000000000003960CCPF;22/10/2022;23;0,346;R
ES0000000000003960CCPF;23/10/2022;0;0,199;R
ES0000000000003960CCPF;23/10/2022;1;0,241;R
ES0000000000003960CCPF;23/10/2022;2;0,202;R
ES0000000000003960CCPF;23/10/2022;3;0,209;R
ES0000000000003960CCPF;23/10/2022;4;0,169;R
ES0000000000003960CCPF;23/10/2022;5;0,184;R
ES0000000000003960CCPF;23/10/2022;6;0,193;R
ES0000000000003960CCPF;23/10/2022;7;0,163;R
ES0000000000003960CCPF;23/10/2022;8;0,196;R
ES0000000000003960CCPF;23/10/2022;9;0,174;R
ES0000000000003960CCPF;23/10/2022;10;0,32;R
ES0000000000003960CCPF;23/10/2022;11;0,198;R
ES0000000000003960CCPF;23/10/2022;12;0,379;R
ES0000000000003960CCPF;23/10/2022;13;0,23;R
ES0000000000003960CCPF;23/10/2022;14;0,347;R
ES0000000000003960CCPF;23/10/2022;15;0,264;R
ES0000000000003960CCPF;23/10/2022;16;0,175;R
ES0000000000003960CCPF;23/10/2022;17;0,183;R
ES0000000000003960CCPF;23/10/2022;18;0,249;R
ES0000000000003960CCPF;23/10/2022;19;0,392;R
ES0000000000003960CCPF;23/10/2022;20;0,365;R
ES0000000000003960CCPF;23/10/2022;21;0,654;R
ES0000000000003960CCPF;23/10/2022;22;0,384;R
ES0000000000003960CCPF;23/10/2022;23;0,269;R
ES0000000000003960CCPF;24/10/2022;0;0,253;R
ES0000000000003960CCPF;24/10/2022;1;0,191;R
ES0000000000003960CCPF;24/10/2022;2;0,187;R
ES0000000000003960CCPF;24/10/2022;3;0,224;R
ES0000000000003960CCPF;24/10/2022;4;0,525;R
ES0000000000003960CCPF;24/10/2022;5;0,375;R
ES0000000000003960CCPF;24/10/2022;6;0,57;R
ES0000000000003960CCPF;24/10/2022;7;0,177;R
ES0000000000003960CCPF;24/10/2022;8;0,335;R
ES0000000000003960CCPF;24/10/2022;9;0,242;R
ES0000000000003960CCPF;24/10/2022;10;0,282;R
ES0000000000003960CCPF;24/10/2022;11;0,381;R
ES0000000000003960CCPF;24/10/2022;12;0,361;R
ES0000000000003960CCPF;24/10/2022;13;0,604;R
ES0000000000003960CCPF;24/10/2022;14;0,275;R
ES0000000000003960CCPF;24/10/2022;15;0,196;R
ES0000000000003960CCPF;24/10/2022;16;0,282;R
ES0000000000003960CCPF;24/10/2022;17;0,3;R
ES0000000000003960CCPF;24/10/2022;18;0,248;R
ES0000000000003960CCPF;24/10/2022;19;0,275;R
ES0000000000003960CCPF;24/10/2022;20;0,294;R
ES0000000000003960CCPF;24/10/2022;21;0,31;R
ES0000000000003960CCPF;24/10/2022;22;0,284;R
ES0000000000003960CCPF;24/10/2022;23;0,262;R
ES0000000000003960CCPF;25/10/2022;0;0,271;R
ES0000000000003960CCPF;25/10/2022;1;0,201;R
ES0000000000003960CCPF;25/10/2022;2;0,216;R
ES0000000000003960CCPF;25/10/2022;3;0,177;R
ES0000000000003960CCPF;25/10/2022;4;0,202;R
ES0000000000003960CCPF;25/10/2022;5;0,196;R
ES0000000000003960CCPF;25/10/2022;6;0,182;R
ES0000000000003960CCPF;25/10/2022;7;0,197;R
ES0000000000003960CCPF;25/10/2022;8;0,24;R
ES0000000000003960CCPF;25/10/2022;9;0,365;R
ES0000000000003960CCPF;25/10/2022;10;0,261;R
ES0000000000003960CCPF;25/10/2022;11;0,182;R
ES0000000000003960CCPF;25/10/2022;12;0,171;R
ES0000000000003960CCPF;25/10/2022;13;0,266;R
ES0000000000003960CCPF;25/10/2022;14;0,194;R
ES0000000000003960CCPF;25/10/2022;15;0,427;R
ES0000000000003960CCPF;25/10/2022;16;0,277;R
ES0000000000003960CCPF;25/10/2022;17;0,26;R
ES0000000000003960CCPF;25/10/2022;18;0,185;R
ES0000000000003960CCPF;25/10/2022;19;0,219;R
ES0000000000003960CCPF;25/10/2022;20;0,2;R
ES0000000000003960CCPF;25/10/2022;21;0,308;R
ES0000000000003960CCPF;25/10/2022;22;0,28;R
ES0000000000003960CCPF;25/10/2022;23;0,292;R
ES0000000000003960CCPF;26/10/2022;0;0,271;R
ES0000000000003960CCPF;26/10/2022;1;0,178;R
ES0000000000003960CCPF;26/10/2022;2;0,209;R
ES0000000000003960CCPF;26/10/2022;3;0,187;R
ES0000000000003960CCPF;26/10/2022;4;0,222;R
ES0000000000003960CCPF;26/10/2022;5;0,186;R
ES0000000000003960CCPF;26/10/2022;6;0,186;R
ES0000000000003960CCPF;26/10/2022;7;0,154;R
ES0000000000003960CCPF;26/10/2022;8;0,233;R
ES0000000000003960CCPF;26/10/2022;9;0,35;R
ES0000000000003960CCPF;26/10/2022;10;0,255;R
ES0000000000003960CCPF;26/10/2022;11;0,25;R
ES0000000000003960CCPF;26/10/2022;12;0,261;R
ES0000000000003960CCPF;26/10/2022;13;0,206;R
ES0000000000003960CCPF;26/10/2022;14;0,172;R
ES0000000000003960CCPF;26/10/2022;15;0,301;R
ES0000000000003960CCPF;26/10/2022;16;0,324;R
ES0000000000003960CCPF;26/10/2022;17;0,221;R
ES0000000000003960CCPF;26/10/2022;18;0,298;R
ES0000000000003960CCPF;26/10/2022;19;0,198;R
ES0000000000003960CCPF;26/10/2022;20;0,376;R
ES0000000000003960CCPF;26/10/2022;21;0,364;R
ES0000000000003960CCPF;26/10/2022;22;0,324;R
ES0000000000003960CCPF;26/10/2022;23;0,29;R
ES0000000000003960CCPF;27/10/2022;0;0,319;R
ES0000000000003960CCPF;27/10/2022;1;0,464;R
ES0000000000003960CCPF;27/10/2022;2;0,42;R
ES0000000000003960CCPF;27/10/2022;3;0,607;R
ES0000000000003960CCPF;27/10/2022;4;0,332;R
ES0000000000003960CCPF;27/10/2022;5;0,18;R
ES0000000000003960CCPF;27/10/2022;6;0,183;R
ES0000000000003960CCPF;27/10/2022;7;0,212;R
ES0000000000003960CCPF;27/10/2022;8;0,173;R
ES0000000000003960CCPF;27/10/2022;9;0,184;R
ES0000000000003960CCPF;27/10/2022;10;0,351;R
ES0000000000003960CCPF;27/10/2022;11;0,288;R
ES0000000000003960CCPF;27/10/2022;12;0,306;R
ES0000000000003960CCPF;27/10/2022;13;0,578;R
ES0000000000003960CCPF;27/10/2022;14;0,393;R
ES0000000000003960CCPF;27/10/2022;15;0,241;R
ES0000000000003960CCPF;27/10/2022;16;0,442;R
ES0000000000003960CCPF;27/10/2022;17;0,191;R
ES0000000000003960CCPF;27/10/2022;18;0,174;R
ES0000000000003960CCPF;27/10/2022;19;0,418;R
ES0000000000003960CCPF;27/10/2022;20;0,307;R
ES0000000000003960CCPF;27/10/2022;21;0,256;R
ES0000000000003960CCPF;27/10/2022;22;0,238;R
ES0000000000003960CCPF;27/10/2022;23;0,32;R
ES0000000000003960CCPF;28/10/2022;0;0,323;R
ES0000000000003960CCPF;28/10/2022;1;0,221;R
ES0000000000003960CCPF;28/10/2022;2;0,225;R
ES0000000000003960CCPF;28/10/2022;3;0,193;R
ES0000000000003960CCPF;28/10/2022;4;0,218;R
ES0000000000003960CCPF;28/10/2022;5;0,195;R
ES0000000000003960CCPF;28/10/2022;6;0,173;R
ES0000000000003960CCPF;28/10/2022;7;0,191;R
ES0000000000003960CCPF;28/10/2022;8;0,349;R
ES0000000000003960CCPF;28/10/2022;9;0,415;R
ES0000000000003960CCPF;28/10/2022;10;0,229;R
ES0000000000003960CCPF;28/10/2022;11;0,208;R
ES0000000000003960CCPF;28/10/2022;12;0,18;R
ES0000000000003960CCPF;28/10/2022;13;0,302;R
ES0000000000003960CCPF;28/10/2022;14;0,179;R
ES0000000000003960CCPF;28/10/2022;15;0,215;R
ES0000000000003960CCPF;28/10/2022;16;0,362;R
ES0000000000003960CCPF;28/10/2022;17;0,183;R
ES0000000000003960CCPF;28/10/2022;18;0,264;R
ES0000000000003960CCPF;28/10/2022;19;0,218;R
ES0000000000003960CCPF;28/10/2022;20;0,372;R
ES0000000000003960CCPF;28/10/2022;21;0,495;R
ES0000000000003960CCPF;28/10/2022;22;0,373;R
ES0000000000003960CCPF;28/10/2022;23;0,35;R
ES0000000000003960CCPF;29/10/2022;0;0,236;R
ES0000000000003960CCPF;29/10/2022;1;0,262;R
ES0000000000003960CCPF;29/10/2022;2;0,214;R
ES0000000000003960CCPF;29/10/2022;3;0,267;R
ES0000000000003960CCPF;29/10/2022;4;0,47;R
ES0000000000003960CCPF;29/10/2022;5;0,41;R
ES0000000000003960CCPF;29/10/2022;6;0,535;R
ES0000000000003960CCPF;29/10/2022;7;0,233;R
ES0000000000003960CCPF;29/10/2022;8;0,294;R
ES0000000000003960CCPF;29/10/2022;9;0,534;R
ES0000000000003960CCPF;29/10/2022;10;0,586;R
ES0000000000003960CCPF;29/10/2022;11;0,264;R
ES0000000000003960CCPF;29/10/2022;12;0,172;R
ES0000000000003960CCPF;29/10/2022;13;0,23;R
ES0000000000003960CCPF;29/10/2022;14;0,197;R
ES0000000000003960CCPF;29/10/2022;15;0,208;R
ES0000000000003960CCPF;29/10/2022;16;0,196;R
ES0000000000003960CCPF;29/10/2022;17;0,164;R
ES0000000000003960CCPF;29/10/2022;18;0,215;R
ES0000000000003960CCPF;29/10/2022;19;0,196;R
ES0000000000003960CCPF;29/10/2022;20;0,396;R
ES0000000000003960CCPF;29/10/2022;21;0,27;R
ES0000000000003960CCPF;29/10/2022;22;0,26;R
ES0000000000003960CCPF;29/10/2022;23;0,297;R
ES0000000000003960CCPF;30/10/2022;0;0,232;R
ES0000000000003960CCPF;30/10/2022;1;0,246;R
ES0000000000003960CCPF;30/10/2022;2;0,182;R
ES0000000000003960CCPF;30/10/2022;2;0,224;R
ES0000000000003960CCPF;30/10/2022;3;0,197;R
ES0000000000003960CCPF;30/10/2022;4;0,204;R
ES0000000000003960CCPF;30/10/2022;5;0,201;R
ES0000000000003960CCPF;30/10/2022;6;0,182;R
ES0000000000003960CCPF;30/10/2022;7;0,207;R
ES0000000000003960CCPF;30/10/2022;8;0,163;R
ES0000000000003960CCPF;30/10/2022;9;0,308;R
ES0000000000003960CCPF;30/10/2022;10;0,468;R
ES0000000000003960CCPF;30/10/2022;11;0,311;R
ES0000000000003960CCPF;30/10/2022;12;0,748;R
ES0000000000003960CCPF;30/10/2022;13;0,473;R
ES0000000000003960CCPF;30/10/2022;14;0,466;R
ES0000000000003960CCPF;30/10/2022;15;0,503;R
ES0000000000003960CCPF;30/10/2022;16;0,724;R
ES0000000000003960CCPF;30/10/2022;17;0,868;R
ES0000000000003960CCPF;30/10/2022;18;0,583;R
ES0000000000003960CCPF;30/10/2022;19;0,723;R
ES0000000000003960CCPF;30/10/2022;20;0,406;R
ES0000000000003960CCPF;30/10/2022;21;0,314;R
ES0000000000003960CCPF;30/10/2022;22;0,361;R
ES0000000000003960CCPF;30/10/2022;23;0,393;R
ES0000000000003960CCPF;31/10/2022;0;0,292;R
ES0000000000003960CCPF;31/10/2022;1;0,18;R
ES0000000000003960CCPF;31/10/2022;2;0,218;R
ES0000000000003960CCPF;31/10/2022;3;0,184;R
ES0000000000003960CCPF;31/10/2022;4;0,526;R
ES0000000000003960CCPF;31/10/2022;5;0,207;R
ES0000000000003960CCPF;31/10/2022;6;0,711;R
ES0000000000003960CCPF;31/10/2022;7;0,336;R
ES0000000000003960CCPF;31/10/2022;8;0,298;R
ES0000000000003960CCPF;31/10/2022;9;0,218;R
ES0000000000003960CCPF;31/10/2022;10;0,286;R
ES0000000000003960CCPF;31/10/2022;11;0,277;R
ES0000000000003960CCPF;31/10/2022;12;0,218;R
ES0000000000003960CCPF;31/10/2022;13;0,282;R
ES0000000000003960CCPF;31/10/2022;14;0,276;R
ES0000000000003960CCPF;31/10/2022;15;0,22;R
ES0000000000003960CCPF;31/10/2022;16;0,202;R
ES0000000000003960CCPF;31/10/2022;17;0,302;R
ES0000000000003960CCPF;31/10/2022;18;0,271;R
ES0000000000003960CCPF;31/10/2022;19;0,535;R
ES0000000000003960CCPF;31/10/2022;20;0,388;R
ES0000000000003960CCPF;31/10/2022;21;0,314;R
ES0000000000003960CCPF;31/10/2022;22;0,267;R
ES0000000000003960CCPF;31/10/2022;23;0,272;R
ES0000000000003960CCPF;01/11/2022;0;0,209;R
ES0000000000003960CCPF;01/11/2022;1;0,231;R
ES0000000000003960CCPF;01/11/2022;2;0,18;R
ES0000000000003960CCPF;01/11/2022;3;0,206;R
ES0000000000003960CCPF;01/11/2022;4;0,16;R
ES0000000000003960CCPF;01/11/2022;5;0,198;R
ES0000000000003960CCPF;01/11/2022;6;0,174;R
ES0000000000003960CCPF;01/11/2022;7;0,194;R
ES0000000000003960CCPF;01/11/2022;8;0,186;R
ES0000000000003960CCPF;01/11/2022;9;0,314;R
ES0000000000003960CCPF;01/11/2022;10;0,242;R
ES0000000000003960CCPF;01/11/2022;11;0,27;R
ES0000000000003960CCPF;01/11/2022;12;0,25;R
ES0000000000003960CCPF;01/11/2022;13;0,165;R
ES0000000000003960CCPF;01/11/2022;14;1,18;R
ES0000000000003960CCPF;01/11/2022;15;0,394;R
ES0000000000003960CCPF;01/11/2022;16;1,396;R
ES0000000000003960CCPF;01/11/2022;17;1,057;R
ES0000000000003960CCPF;01/11/2022;18;0,308;R
ES0000000000003960CCPF;01/11/2022;19;0,252;R
ES0000000000003960CCPF;01/11/2022;20;0,315;R
ES0000000000003960CCPF;01/11/2022;21;0,372;R
ES0000000000003960CCPF;01/11/2022;22;0,316;R
ES0000000000003960CCPF;01/11/2022;23;0,299;R
ES0000000000003960CCPF;02/11/2022;0;0,338;R
ES0000000000003960CCPF;02/11/2022;1;0,259;R
ES0000000000003960CCPF;02/11/2022;2;0,499;R
ES0000000000003960CCPF;02/11/2022;3;0,244;R
ES0000000000003960CCPF;02/11/2022;4;0,704;R
ES0000000000003960CCPF;02/11/2022;5;0,208;R
ES0000000000003960CCPF;02/11/2022;6;0,175;R
ES0000000000003960CCPF;02/11/2022;7;0,187;R
ES0000000000003960CCPF;02/11/2022;8;0,182;R
ES0000000000003960CCPF;02/11/2022;9;0,295;R
ES0000000000003960CCPF;02/11/2022;10;0,254;R
ES0000000000003960CCPF;02/11/2022;11;0,248;R
ES0000000000003960CCPF;02/11/2022;12;0,254;R
ES0000000000003960CCPF;02/11/2022;13;0,173;R
ES0000000000003960CCPF;02/11/2022;14;0,475;R
ES0000000000003960CCPF;02/11/2022;15;0,482;R
ES0000000000003960CCPF;02/11/2022;16;0,354;R
ES0000000000003960CCPF;02/11/2022;17;0,201;R
ES0000000000003960CCPF;02/11/2022;18;0,23;R
ES0000000000003960CCPF;02/11/2022;19;0,336;R
ES0000000000003960CCPF;02/11/2022;20;0,258;R
ES0000000000003960CCPF;02/11/2022;21;0,29;R
ES0000000000003960CCPF;02/11/2022;22;0,29;R
ES0000000000003960CCPF;02/11/2022;23;0,472;R
ES0000000000003960CCPF;03/11/2022;0;0,22;R
ES0000000000003960CCPF;03/11/2022;1;0,209;R
ES0000000000003960CCPF;03/11/2022;2;0,175;R
ES0000000000003960CCPF;03/11/2022;3;0,185;R
ES0000000000003960CCPF;03/11/2022;4;0,202;R
ES0000000000003960CCPF;03/11/2022;5;0,163;R
ES0000000000003960CCPF;03/11/2022;6;0,188;R
ES0000000000003960CCPF;03/11/2022;7;0,154;R
ES0000000000003960CCPF;03/11/2022;8;0,185;R
ES0000000000003960CCPF;03/11/2022;9;0,304;R
ES0000000000003960CCPF;03/11/2022;10;0,242;R
ES0000000000003960CCPF;03/11/2022;11;0,321;R
ES0000000000003960CCPF;03/11/2022;12;0,169;R
ES0000000000003960CCPF;03/11/2022;13;0,195;R
ES0000000000003960CCPF;03/11/2022;14;0,208;R
ES0000000000003960CCPF;03/11/2022;15;0,625;R
ES0000000000003960CCPF;03/11/2022;16;0,522;R
ES0000000000003960CCPF;03/11/2022;17;1,126;R
ES0000000000003960CCPF;03/11/2022;18;0,744;R
ES0000000000003960CCPF;03/11/2022;19;0,632;R
ES0000000000003960CCPF;03/11/2022;20;0,628;R
ES0000000000003960CCPF;03/11/2022;21;0,618;R
ES0000000000003960CCPF;03/11/2022;22;0,269;R
ES0000000000003960CCPF;03/11/2022;23;0,452;R
ES0000000000003960CCPF;04/11/2022;0;0,295;R
ES0000000000003960CCPF;04/11/2022;1;0,32;R
ES0000000000003960CCPF;04/11/2022;2;0,23;R
ES0000000000003960CCPF;04/11/2022;3;0,577;R
ES0000000000003960CCPF;04/11/2022;4;0,292;R
ES0000000000003960CCPF;04/11/2022;5;0,721;R
ES0000000000003960CCPF;04/11/2022;6;0,191;R
ES0000000000003960CCPF;04/11/2022;7;0,185;R
ES0000000000003960CCPF;04/11/2022;8;0,32;R
ES0000000000003960CCPF;04/11/2022;9;0,365;R
ES0000000000003960CCPF;04/11/2022;10;0,281;R
ES0000000000003960CCPF;04/11/2022;11;0,235;R
ES0000000000003960CCPF;04/11/2022;12;0,172;R
ES0000000000003960CCPF;04/11/2022;13;0,237;R
ES0000000000003960CCPF;04/11/2022;14;0,524;R
ES0000000000003960CCPF;04/11/2022;15;0,206;R
ES0000000000003960CCPF;04/11/2022;16;0,558;R
ES0000000000003960CCPF;04/11/2022;17;0,215;R
ES0000000000003960CCPF;04/11/2022;18;0,377;R
ES0000000000003960CCPF;04/11/2022;19;0,364;R
ES0000000000003960CCPF;04/11/2022;20;0,222;R
ES0000000000003960CCPF;04/11/2022;21;0,178;R
ES0000000000003960CCPF;04/11/2022;22;0,264;R
ES0000000000003960CCPF;04/11/2022;23;0,255;R
ES0000000000003960CCPF;05/11/2022;0;0,287;R
ES0000000000003960CCPF;05/11/2022;1;0,235;R
ES0000000000003960CCPF;05/11/2022;2;0,255;R
ES0000000000003960CCPF;05/11/2022;3;0,244;R
ES0000000000003960CCPF;05/11/2022;4;0,219;R
ES0000000000003960CCPF;05/11/2022;5;0,191;R
ES0000000000003960CCPF;05/11/2022;6;0,16;R
ES0000000000003960CCPF;05/11/2022;7;0,188;R
ES0000000000003960CCPF;05/11/2022;8;0,159;R
ES0000000000003960CCPF;05/11/2022;9;0,191;R
ES0000000000003960CCPF;05/11/2022;10;0,152;R
ES0000000000003960CCPF;05/11/2022;11;0,176;R
ES0000000000003960CCPF;05/11/2022;12;0,147;R
ES0000000000003960CCPF;05/11/2022;13;0,178;R
ES0000000000003960CCPF;05/11/2022;14;0,155;R
ES0000000000003960CCPF;05/11/2022;15;0,186;R
ES0000000000003960CCPF;05/11/2022;16;0,226;R
ES0000000000003960CCPF;05/11/2022;17;0,233;R
ES0000000000003960CCPF;05/11/2022;18;0,248;R
ES0000000000003960CCPF;05/11/2022;19;0,809;R
ES0000000000003960CCPF;05/11/2022;20;0,858;R
ES0000000000003960CCPF;05/11/2022;21;0,423;R
ES0000000000003960CCPF;05/11/2022;22;0,968;R
ES0000000000003960CCPF;05/11/2022;23;0,391;R
ES0000000000003960CCPF;06/11/2022;0;0,222;R
ES0000000000003960CCPF;06/11/2022;1;0,429;R
ES0000000000003960CCPF;06/11/2022;2;1,113;R
ES0000000000003960CCPF;06/11/2022;3;0,953;R
ES0000000000003960CCPF;06/11/2022;4;0,821;R
ES0000000000003960CCPF;06/11/2022;5;0,796;R
ES0000000000003960CCPF;06/11/2022;6;0,187;R
ES0000000000003960CCPF;06/11/2022;7;0,189;R
ES0000000000003960CCPF;06/11/2022;8;0,178;R
ES0000000000003960CCPF;06/11/2022;9;0,253;R
ES0000000000003960CCPF;06/11/2022;10;0,175;R
ES0000000000003960CCPF;06/11/2022;11;0,166;R
ES0000000000003960CCPF;06/11/2022;12;0,171;R
ES0000000000003960CCPF;06/11/2022;13;0,168;R
ES0000000000003960CCPF;06/11/2022;14;0,171;R
ES0000000000003960CCPF;06/11/2022;15;0,143;R
ES0000000000003960CCPF;06/11/2022;16;0,191;R
ES0000000000003960CCPF;06/11/2022;17;0,291;R
ES0000000000003960CCPF;06/11/2022;18;0,428;R
ES0000000000003960CCPF;06/11/2022;19;0,219;R
ES0000000000003960CCPF;06/11/2022;20;0,365;R
ES0000000000003960CCPF;06/11/2022;21;0,245;R
ES0000000000003960CCPF;06/11/2022;22;0,282;R
ES0000000000003960CCPF;06/11/2022;23;0,355;R
ES0000000000003960CCPF;07/11/2022;0;0,234;R
ES0000000000003960CCPF;07/11/2022;1;0,264;R
ES0000000000003960CCPF;07/11/2022;2;0,21;R
ES0000000000003960CCPF;07/11/2022;3;0,189;R
ES0000000000003960CCPF;07/11/2022;4;0,172;R
ES0000000000003960CCPF;07/11/2022;5;0,2;R
ES0000000000003960CCPF;07/11/2022;6;0,151;R
ES0000000000003960CCPF;07/11/2022;7;0,167;R
ES0000000000003960CCPF;07/11/2022;8;0,164;R
ES0000000000003960CCPF;07/11/2022;9;0,318;R
ES0000000000003960CCPF;07/11/2022;10;0,228;R
ES0000000000003960CCPF;07/11/2022;11;0,221;R
ES0000000000003960CCPF;07/11/2022;12;0,176;R
ES0000000000003960CCPF;07/11/2022;13;0,471;R
ES0000000000003960CCPF;07/11/2022;14;0,15;R
ES0000000000003960CCPF;07/11/2022;15;0,368;R
ES0000000000003960CCPF;07/11/2022;16;0,218;R
ES0000000000003960CCPF;07/11/2022;17;0,602;R
ES0000000000003960CCPF;07/11/2022;18;0,331;R
ES0000000000003960CCPF;07/11/2022;19;0,308;R
ES0000000000003960CCPF;07/11/2022;20;0,28;R
ES0000000000003960CCPF;07/11/2022;21;0,575;R
ES0000000000003960CCPF;07/11/2022;22;0,262;R
ES0000000000003960CCPF;07/11/2022;23;0,367;R
ES0000000000003960CCPF;08/11/2022;0;0,214;R
ES0000000000003960CCPF;08/11/2022;1;0,193;R
ES0000000000003960CCPF;08/11/2022;2;0,171;R
ES0000000000003960CCPF;08/11/2022;3;0,202;R
ES0000000000003960CCPF;08/11/2022;4;0,158;R
ES0000000000003960CCPF;08/11/2022;5;0,175;R
ES0000000000003960CCPF;08/11/2022;6;0,155;R
ES0000000000003960CCPF;08/11/2022;7;0,196;R
ES0000000000003960CCPF;08/11/2022;8;0,165;R
ES0000000000003960CCPF;08/11/2022;9;0,285;R
ES0000000000003960CCPF;08/11/2022;10;0,235;R
ES0000000000003960CCPF;08/11/2022;11;0,238;R
ES0000000000003960CCPF;08/11/2022;12;0,25;R
ES0000000000003960CCPF;08/11/2022;13;0,175;R
ES0000000000003960CCPF;08/11/2022;14;0,266;R
ES0000000000003960CCPF;08/11/2022;15;0,35;R
ES0000000000003960CCPF;08/11/2022;16;0,423;R
ES0000000000003960CCPF;08/11/2022;17;0,363;R
ES0000000000003960CCPF;08/11/2022;18;0,267;R
ES0000000000003960CCPF;08/11/2022;19;0,273;R
ES0000000000003960CCPF;08/11/2022;20;0,249;R
ES0000000000003960CCPF;08/11/2022;21;0,265;R
ES0000000000003960CCPF;08/11/2022;22;0,239;R
ES0000000000003960CCPF;08/11/2022;23;0,281;R
ES0000000000003960CCPF;09/11/2022;0;0,206;R
ES0000000000003960CCPF;09/11/2022;1;0,23;R
ES0000000000003960CCPF;09/11/2022;2;0,155;R
ES0000000000003960CCPF;09/11/2022;3;0,56;R
ES0000000000003960CCPF;09/11/2022;4;0,308;R
ES0000000000003960CCPF;09/11/2022;5;0,647;R
ES0000000000003960CCPF;09/11/2022;6;0,181;R
ES0000000000003960CCPF;09/11/2022;7;0,167;R
ES0000000000003960CCPF;09/11/2022;8;0,169;R
ES0000000000003960CCPF;09/11/2022;9;0,268;R
ES0000000000003960CCPF;09/11/2022;10;0,239;R
ES0000000000003960CCPF;09/11/2022;11;0,286;R
ES0000000000003960CCPF;09/11/2022;12;0,32;R
ES0000000000003960CCPF;09/11/2022;13;0,154;R
ES0000000000003960CCPF;09/11/2022;14;0,897;R
ES0000000000003960CCPF;09/11/2022;15;0,893;R
ES0000000000003960CCPF;09/11/2022;16;0,271;R
ES0000000000003960CCPF;09/11/2022;17;0,269;R
ES0000000000003960CCPF;09/11/2022;18;0,517;R
ES0000000000003960CCPF;09/11/2022;19;0,248;R
ES0000000000003960CCPF;09/11/2022;20;0,304;R
ES0000000000003960CCPF;09/11/2022;21;0,261;R
ES0000000000003960CCPF;09/11/2022;22;0,317;R
ES0000000000003960CCPF;09/11/2022;23;0,205;R
ES0000000000003960CCPF;10/11/2022;0;0,222;R
ES0000000000003960CCPF;10/11/2022;1;0,177;R
ES0000000000003960CCPF;10/11/2022;2;0,531;R
ES0000000000003960CCPF;10/11/2022;3;0,207;R
ES0000000000003960CCPF;10/11/2022;4;0,729;R
ES0000000000003960CCPF;10/11/2022;5;0,174;R
ES0000000000003960CCPF;10/11/2022;6;0,189;R
ES0000000000003960CCPF;10/11/2022;7;0,16;R
ES0000000000003960CCPF;10/11/2022;8;0,31;R
ES0000000000003960CCPF;10/11/2022;9;0,227;R
ES0000000000003960CCPF;10/11/2022;10;0,285;R
ES0000000000003960CCPF;10/11/2022;11;0,258;R
ES0000000000003960CCPF;10/11/2022;12;0,312;R
ES0000000000003960CCPF;10/11/2022;13;0,581;R
ES0000000000003960CCPF;10/11/2022;14;0,182;R
ES0000000000003960CCPF;10/11/2022;15;0,837;R
ES0000000000003960CCPF;10/11/2022;16;0,246;R
ES0000000000003960CCPF;10/11/2022;17;0,265;R
ES0000000000003960CCPF;10/11/2022;18;0,289;R
ES0000000000003960CCPF;10/11/2022;19;0,364;R
ES0000000000003960CCPF;10/11/2022;20;0,268;R
ES0000000000003960CCPF;10/11/2022;21;0,221;R
ES0000000000003960CCPF;10/11/2022;22;0,292;R
ES0000000000003960CCPF;10/11/2022;23;0,316;R
ES0000000000003960CCPF;11/11/2022;0;0,198;R
ES0000000000003960CCPF;11/11/2022;1;0,205;R
ES0000000000003960CCPF;11/11/2022;2;0,19;R
ES0000000000003960CCPF;11/11/2022;3;0,206;R
ES0000000000003960CCPF;11/11/2022;4;0,155;R
ES0000000000003960CCPF;11/11/2022;5;0,187;R
ES0000000000003960CCPF;11/11/2022;6;0,16;R
ES0000000000003960CCPF;11/11/2022;7;0,189;R
ES0000000000003960CCPF;11/11/2022;8;0,158;R
ES0000000000003960CCPF;11/11/2022;9;0,313;R
ES0000000000003960CCPF;11/11/2022;10;0,259;R
ES0000000000003960CCPF;11/11/2022;11;0,233;R
ES0000000000003960CCPF;11/11/2022;12;0,187;R
ES0000000000003960CCPF;11/11/2022;13;0,207;R
ES0000000000003960CCPF;11/11/2022;14;0,175;R
ES0000000000003960CCPF;11/11/2022;15;0,192;R
ES0000000000003960CCPF;11/11/2022;16;0,198;R
ES0000000000003960CCPF;11/11/2022;17;0,351;R
ES0000000000003960CCPF;11/11/2022;18;0,44;R
ES0000000000003960CCPF;11/11/2022;19;0,207;R
ES0000000000003960CCPF;11/11/2022;20;0,168;R
ES0000000000003960CCPF;11/11/2022;21;0,231;R
ES0000000000003960CCPF;11/11/2022;22;0,262;R
ES0000000000003960CCPF;11/11/2022;23;0,277;R
ES0000000000003960CCPF;12/11/2022;0;0,244;R
ES0000000000003960CCPF;12/11/2022;1;0,288;R
ES0000000000003960CCPF;12/11/2022;2;0,929;R
ES0000000000003960CCPF;12/11/2022;3;0,682;R
ES0000000000003960CCPF;12/11/2022;4;0,625;R
ES0000000000003960CCPF;12/11/2022;5;0,27;R
ES0000000000003960CCPF;12/11/2022;6;0,235;R
ES0000000000003960CCPF;12/11/2022;7;0,192;R
ES0000000000003960CCPF;12/11/2022;8;0,19;R
ES0000000000003960CCPF;12/11/2022;9;0,633;R
ES0000000000003960CCPF;12/11/2022;10;0,387;R
ES0000000000003960CCPF;12/11/2022;11;0,186;R
ES0000000000003960CCPF;12/11/2022;12;0,257;R
ES0000000000003960CCPF;12/11/2022;13;0,285;R
ES0000000000003960CCPF;12/11/2022;14;0,187;R
ES0000000000003960CCPF;12/11/2022;15;0,793;R
ES0000000000003960CCPF;12/11/2022;16;0,633;R
ES0000000000003960CCPF;12/11/2022;17;0,211;R
ES0000000000003960CCPF;12/11/2022;18;0,868;R
ES0000000000003960CCPF;12/11/2022;19;0,822;R
ES0000000000003960CCPF;12/11/2022;20;0,626;R
ES0000000000003960CCPF;12/11/2022;21;0,198;R
ES0000000000003960CCPF;12/11/2022;22;0,777;R
ES0000000000003960CCPF;12/11/2022;23;0,345;R
ES0000000000003960CCPF;13/11/2022;0;0,226;R
ES0000000000003960CCPF;13/11/2022;1;0,783;R
ES0000000000003960CCPF;13/11/2022;2;0,629;R
ES0000000000003960CCPF;13/11/2022;3;0,597;R
ES0000000000003960CCPF;13/11/2022;4;0,34;R
ES0000000000003960CCPF;13/11/2022;5;0,322;R
ES0000000000003960CCPF;13/11/2022;6;0,198;R
ES0000000000003960CCPF;13/11/2022;7;0,201;R
ES0000000000003960CCPF;13/11/2022;8;0,184;R
ES0000000000003960CCPF;13/11/2022;9;0,173;R
ES0000000000003960CCPF;13/11/2022;10;0,19;R
ES0000000000003960CCPF;13/11/2022;11;0,15;R
ES0000000000003960CCPF;13/11/2022;12;0,181;R
ES0000000000003960CCPF;13/11/2022;13;0,313;R
ES0000000000003960CCPF;13/11/2022;14;0,195;R
ES0000000000003960CCPF;13/11/2022;15;0,178;R
ES0000000000003960CCPF;13/11/2022;16;0,463;R
ES0000000000003960CCPF;13/11/2022;17;0,195;R
ES0000000000003960CCPF;13/11/2022;18;0,249;R
ES0000000000003960CCPF;13/11/2022;19;0,197;R
ES0000000000003960CCPF;13/11/2022;20;0,188;R
ES0000000000003960CCPF;13/11/2022;21;0,253;R
ES0000000000003960CCPF;13/11/2022;22;0,272;R
ES0000000000003960CCPF;13/11/2022;23;0,294;R
ES0000000000003960CCPF;14/11/2022;0;0,198;R
ES0000000000003960CCPF;14/11/2022;1;0,22;R
ES0000000000003960CCPF;14/11/2022;2;0,191;R
ES0000000000003960CCPF;14/11/2022;3;0,22;R
ES0000000000003960CCPF;14/11/2022;4;0,185;R
ES0000000000003960CCPF;14/11/2022;5;0,213;R
ES0000000000003960CCPF;14/11/2022;6;0,196;R
ES0000000000003960CCPF;14/11/2022;7;0,196;R
ES0000000000003960CCPF;14/11/2022;8;0,179;R
ES0000000000003960CCPF;14/11/2022;9;0,286;R
ES0000000000003960CCPF;14/11/2022;10;0,244;R
ES0000000000003960CCPF;14/11/2022;11;0,324;R
ES0000000000003960CCPF;14/11/2022;12;0,296;R
ES0000000000003960CCPF;14/11/2022;13;0,775;R
ES0000000000003960CCPF;14/11/2022;14;0,359;R
ES0000000000003960CCPF;14/11/2022;15;0,615;R
ES0000000000003960CCPF;14/11/2022;16;0,207;R
ES0000000000003960CCPF;14/11/2022;17;0,437;R
ES0000000000003960CCPF;14/11/2022;18;0,18;R
ES0000000000003960CCPF;14/11/2022;19;0,25;R
ES0000000000003960CCPF;14/11/2022;20;0,236;R
ES0000000000003960CCPF;14/11/2022;21;0,21;R
ES0000000000003960CCPF;14/11/2022;22;0,298;R
ES0000000000003960CCPF;14/11/2022;23;0,336;R
ES0000000000003960CCPF;15/11/2022;0;0,307;R
ES0000000000003960CCPF;15/11/2022;1;0,597;R
ES0000000000003960CCPF;15/11/2022;2;0,208;R
ES0000000000003960CCPF;15/11/2022;3;0,731;R
ES0000000000003960CCPF;15/11/2022;4;0,163;R
ES0000000000003960CCPF;15/11/2022;5;0,275;R
ES0000000000003960CCPF;15/11/2022;6;0,206;R
ES0000000000003960CCPF;15/11/2022;7;0,185;R
ES0000000000003960CCPF;15/11/2022;8;0,3;R
ES0000000000003960CCPF;15/11/2022;9;0,322;R
ES0000000000003960CCPF;15/11/2022;10;0,258;R
ES0000000000003960CCPF;15/11/2022;11;0,192;R
ES0000000000003960CCPF;15/11/2022;12;0,162;R
ES0000000000003960CCPF;15/11/2022;13;0,187;R
ES0000000000003960CCPF;15/11/2022;14;0,259;R
ES0000000000003960CCPF;15/11/2022;15;0,691;R
ES0000000000003960CCPF;15/11/2022;16;0,327;R
ES0000000000003960CCPF;15/11/2022;17;0,273;R
ES0000000000003960CCPF;15/11/2022;18;0,328;R
ES0000000000003960CCPF;15/11/2022;19;0,407;R
ES0000000000003960CCPF;15/11/2022;20;0,275;R
ES0000000000003960CCPF;15/11/2022;21;0,26;R
ES0000000000003960CCPF;15/11/2022;22;0,3;R
ES0000000000003960CCPF;15/11/2022;23;0,302;R
ES0000000000003960CCPF;16/11/2022;0;0,269;R
ES0000000000003960CCPF;16/11/2022;1;0,18;R
ES0000000000003960CCPF;16/11/2022;2;0,209;R
ES0000000000003960CCPF;16/11/2022;3;0,166;R
ES0000000000003960CCPF;16/11/2022;4;0,208;R
ES0000000000003960CCPF;16/11/2022;5;0,173;R
ES0000000000003960CCPF;16/11/2022;6;0,209;R
ES0000000000003960CCPF;16/11/2022;7;0,167;R
ES0000000000003960CCPF;16/11/2022;8;0,189;R
ES0000000000003960CCPF;16/11/2022;9;0,384;R
ES0000000000003960CCPF;16/11/2022;10;0,252;R
ES0000000000003960CCPF;16/11/2022;11;0,16;R
ES0000000000003960CCPF;16/11/2022;12;0,189;R
ES0000000000003960CCPF;16/11/2022;13;0,296;R
ES0000000000003960CCPF;16/11/2022;14;0,19;R
ES0000000000003960CCPF;16/11/2022;15;0,176;R
ES0000000000003960CCPF;16/11/2022;16;0,493;R
ES0000000000003960CCPF;16/11/2022;17;0,212;R
ES0000000000003960CCPF;16/11/2022;18;0,272;R
ES0000000000003960CCPF;16/11/2022;19;0,219;R
ES0000000000003960CCPF;16/11/2022;20;0,487;R
ES0000000000003960CCPF;16/11/2022;21;0,274;R
ES0000000000003960CCPF;16/11/2022;22;0,302;R
ES0000000000003960CCPF;16/11/2022;23;0,264;R
ES0000000000003960CCPF;17/11/2022;0;0,236;R
ES0000000000003960CCPF;17/11/2022;1;0,5;R
ES0000000000003960CCPF;17/11/2022;2;0,23;R
ES0000000000003960CCPF;17/11/2022;3;0,729;R
ES0000000000003960CCPF;17/11/2022;4;0,193;R
ES0000000000003960CCPF;17/11/2022;5;0,163;R
ES0000000000003960CCPF;17/11/2022;6;0,196;R
ES0000000000003960CCPF;17/11/2022;7;0,229;R
ES0000000000003960CCPF;17/11/2022;8;0,364;R
ES0000000000003960CCPF;17/11/2022;9;0,177;R
ES0000000000003960CCPF;17/11/2022;10;0,312;R
ES0000000000003960CCPF;17/11/2022;11;0,294;R
ES0000000000003960CCPF;17/11/2022;12;0,273;R
ES0000000000003960CCPF;17/11/2022;13;0,691;R
ES0000000000003960CCPF;17/11/2022;14;0,306;R
ES0000000000003960CCPF;17/11/2022;15;0,426;R
ES0000000000003960CCPF;17/11/2022;16;0,183;R
ES0000000000003960CCPF;17/11/2022;17;0,299;R
ES0000000000003960CCPF;17/11/2022;18;0,204;R
ES0000000000003960CCPF;17/11/2022;19;0,4;R
ES0000000000003960CCPF;17/11/2022;20;0,264;R
ES0000000000003960CCPF;17/11/2022;21;0,281;R
ES0000000000003960CCPF;17/11/2022;22;0,198;R
ES0000000000003960CCPF;17/11/2022;23;0,349;R
ES0000000000003960CCPF;18/11/2022;0;0,24;R
ES0000000000003960CCPF;18/11/2022;1;0,203;R
ES0000000000003960CCPF;18/11/2022;2;0,173;R
ES0000000000003960CCPF;18/11/2022;3;0,205;R
ES0000000000003960CCPF;18/11/2022;4;0,185;R
ES0000000000003960CCPF;18/11/2022;5;0,21;R
ES0000000000003960CCPF;18/11/2022;6;0,175;R
ES0000000000003960CCPF;18/11/2022;7;0,19;R
ES0000000000003960CCPF;18/11/2022;8;0,267;R
ES0000000000003960CCPF;18/11/2022;9;0,319;R
ES0000000000003960CCPF;18/11/2022;10;0,229;R
ES0000000000003960CCPF;18/11/2022;11;0,189;R
ES0000000000003960CCPF;18/11/2022;12;0,161;R
ES0000000000003960CCPF;18/11/2022;13;0,276;R
ES0000000000003960CCPF;18/11/2022;14;0,254;R
ES0000000000003960CCPF;18/11/2022;15;0,358;R
ES0000000000003960CCPF;18/11/2022;16;0,301;R
ES0000000000003960CCPF;18/11/2022;17;0,3;R
ES0000000000003960CCPF;18/11/2022;18;0,249;R
ES0000000000003960CCPF;18/11/2022;19;0,501;R
ES0000000000003960CCPF;18/11/2022;20;0,312;R
ES0000000000003960CCPF;18/11/2022;21;0,272;R
ES0000000000003960CCPF;18/11/2022;22;0,299;R
ES0000000000003960CCPF;18/11/2022;23;0,355;R
ES0000000000003960CCPF;19/11/2022;0;0,258;R
ES0000000000003960CCPF;19/11/2022;1;0,2;R
ES0000000000003960CCPF;19/11/2022;2;0,171;R
ES0000000000003960CCPF;19/11/2022;3;0,189;R
ES0000000000003960CCPF;19/11/2022;4;0,156;R
ES0000000000003960CCPF;19/11/2022;5;0,184;R
ES0000000000003960CCPF;19/11/2022;6;0,152;R
ES0000000000003960CCPF;19/11/2022;7;0,179;R
ES0000000000003960CCPF;19/11/2022;8;0,153;R
ES0000000000003960CCPF;19/11/2022;9;0,313;R
ES0000000000003960CCPF;19/11/2022;10;0,44;R
ES0000000000003960CCPF;19/11/2022;11;0,363;R
ES0000000000003960CCPF;19/11/2022;12;0,348;R
ES0000000000003960CCPF;19/11/2022;13;0,535;R
ES0000000000003960CCPF;19/11/2022;14;0,169;R
ES0000000000003960CCPF;19/11/2022;15;0,648;R
ES0000000000003960CCPF;19/11/2022;16;0,242;R
ES0000000000003960CCPF;19/11/2022;17;0,685;R
ES0000000000003960CCPF;19/11/2022;18;0,292;R
ES0000000000003960CCPF;19/11/2022;19;1,074;R
ES0000000000003960CCPF;19/11/2022;20;0,264;R
ES0000000000003960CCPF;19/11/2022;21;0,236;R
ES0000000000003960CCPF;19/11/2022;22;0,191;R
ES0000000000003960CCPF;19/11/2022;23;0,29;R
ES0000000000003960CCPF;20/11/2022;0;0,191;R
ES0000000000003960CCPF;20/11/2022;1;0,199;R
ES0000000000003960CCPF;20/11/2022;2;0,189;R
ES0000000000003960CCPF;20/11/2022;3;0,159;R
ES0000000000003960CCPF;20/11/2022;4;0,188;R
ES0000000000003960CCPF;20/11/2022;5;0,157;R
ES0000000000003960CCPF;20/11/2022;6;0,182;R
ES0000000000003960CCPF;20/11/2022;7;0,151;R
ES0000000000003960CCPF;20/11/2022;8;0,18;R
ES0000000000003960CCPF;20/11/2022;9;0,149;R
ES0000000000003960CCPF;20/11/2022;10;0,354;R
ES0000000000003960CCPF;20/11/2022;11;0,426;R
ES0000000000003960CCPF;20/11/2022;12;0,411;R
ES0000000000003960CCPF;20/11/2022;13;0,892;R
ES0000000000003960CCPF;20/11/2022;14;1,026;R
ES0000000000003960CCPF;20/11/2022;15;1,483;R
ES0000000000003960CCPF;20/11/2022;16;1,02;R
ES0000000000003960CCPF;20/11/2022;17;0,452;R
ES0000000000003960CCPF;20/11/2022;18;0,369;R
ES0000000000003960CCPF;20/11/2022;19;0,382;R
ES0000000000003960CCPF;20/11/2022;20;0,696;R
ES0000000000003960CCPF;20/11/2022;21;0,602;R
ES0000000000003960CCPF;20/11/2022;22;1,329;R
ES0000000000003960CCPF;20/11/2022;23;0,766;R
ES0000000000003960CCPF;21/11/2022;0;0,407;R
ES0000000000003960CCPF;21/11/2022;1;0,179;R
ES0000000000003960CCPF;21/11/2022;2;0,56;R
ES0000000000003960CCPF;21/11/2022;3;0,222;R
ES0000000000003960CCPF;21/11/2022;4;0,764;R
ES0000000000003960CCPF;21/11/2022;5;0,156;R
ES0000000000003960CCPF;21/11/2022;6;0,187;R
ES0000000000003960CCPF;21/11/2022;7;0,165;R
ES0000000000003960CCPF;21/11/2022;8;0,198;R
ES0000000000003960CCPF;21/11/2022;9;0,146;R
ES0000000000003960CCPF;21/11/2022;10;0,47;R
ES0000000000003960CCPF;21/11/2022;11;0,283;R
ES0000000000003960CCPF;21/11/2022;12;0,497;R
ES0000000000003960CCPF;21/11/2022;13;0,664;R
ES0000000000003960CCPF;21/11/2022;14;0,466;R
ES0000000000003960CCPF;21/11/2022;15;0,755;R
ES0000000000003960CCPF;21/11/2022;16;0,201;R
ES0000000000003960CCPF;21/11/2022;17;0,521;R
ES0000000000003960CCPF;21/11/2022;18;0,287;R
ES0000000000003960CCPF;21/11/2022;19;0,311;R
ES0000000000003960CCPF;21/11/2022;20;0,328;R
ES0000000000003960CCPF;21/11/2022;21;0,324;R
ES0000000000003960CCPF;21/11/2022;22;0,3;R
ES0000000000003960CCPF;21/11/2022;23;0,421;R
ES0000000000003960CCPF;22/11/2022;0;0,257;R
ES0000000000003960CCPF;22/11/2022;1;0,18;R
ES0000000000003960CCPF;22/11/2022;2;0,188;R
ES0000000000003960CCPF;22/11/2022;3;0,176;R
ES0000000000003960CCPF;22/11/2022;4;0,115;R
ES0000000000003960CCPF;22/11/2022;5;0,217;R
ES0000000000003960CCPF;22/11/2022;6;0,171;R
ES0000000000003960CCPF;22/11/2022;7;0,191;R
ES0000000000003960CCPF;22/11/2022;8;0,311;R
ES0000000000003960CCPF;22/11/2022;9;0,186;R
ES0000000000003960CCPF;22/11/2022;10;0,393;R
ES0000000000003960CCPF;22/11/2022;11;0,177;R
ES0000000000003960CCPF;22/11/2022;12;0,263;R
ES0000000000003960CCPF;22/11/2022;13;0,216;R
ES0000000000003960CCPF;22/11/2022;14;0,488;R
ES0000000000003960CCPF;22/11/2022;15;0,355;R
ES0000000000003960CCPF;22/11/2022;16;0,297;R
ES0000000000003960CCPF;22/11/2022;17;0,367;R
ES0000000000003960CCPF;22/11/2022;18;0,297;R
ES0000000000003960CCPF;22/11/2022;19;0,201;R
ES0000000000003960CCPF;22/11/2022;20;0,294;R
ES0000000000003960CCPF;22/11/2022;21;0,274;R
ES0000000000003960CCPF;22/11/2022;22;0,267;R
ES0000000000003960CCPF;22/11/2022;23;0,261;R
ES0000000000003960CCPF;23/11/2022;0;0,259;R
ES0000000000003960CCPF;23/11/2022;1;0,173;R
ES0000000000003960CCPF;23/11/2022;2;0,188;R
ES0000000000003960CCPF;23/11/2022;3;0,507;R
ES0000000000003960CCPF;23/11/2022;4;0,223;R
ES0000000000003960CCPF;23/11/2022;5;0,728;R
ES0000000000003960CCPF;23/11/2022;6;0,179;R
ES0000000000003960CCPF;23/11/2022;7;0,148;R
ES0000000000003960CCPF;23/11/2022;8;0,185;R
ES0000000000003960CCPF;23/11/2022;9;0,308;R
ES0000000000003960CCPF;23/11/2022;10;0,328;R
ES0000000000003960CCPF;23/11/2022;11;0,201;R
ES0000000000003960CCPF;23/11/2022;12;0,213;R
ES0000000000003960CCPF;23/11/2022;13;0,287;R
ES0000000000003960CCPF;23/11/2022;14;0,327;R
ES0000000000003960CCPF;23/11/2022;15;0,522;R
ES0000000000003960CCPF;23/11/2022;16;0,264;R
ES0000000000003960CCPF;23/11/2022;17;0,313;R
ES0000000000003960CCPF;23/11/2022;18;0,457;R
ES0000000000003960CCPF;23/11/2022;19;0,353;R
ES0000000000003960CCPF;23/11/2022;20;0,285;R
ES0000000000003960CCPF;23/11/2022;21;0,283;R
ES0000000000003960CCPF;23/11/2022;22;0,322;R
ES0000000000003960CCPF;23/11/2022;23;0,311;R
ES0000000000003960CCPF;24/11/2022;0;0,265;R
ES0000000000003960CCPF;24/11/2022;1;0,525;R
ES0000000000003960CCPF;24/11/2022;2;0,241;R
ES0000000000003960CCPF;24/11/2022;3;0,697;R
ES0000000000003960CCPF;24/11/2022;4;0,215;R
ES0000000000003960CCPF;24/11/2022;5;0,171;R
ES0000000000003960CCPF;24/11/2022;6;0,198;R
ES0000000000003960CCPF;24/11/2022;7;0,173;R
ES0000000000003960CCPF;24/11/2022;8;0,181;R
ES0000000000003960CCPF;24/11/2022;9;0,281;R
ES0000000000003960CCPF;24/11/2022;10;0,303;R
ES0000000000003960CCPF;24/11/2022;11;0,331;R
ES0000000000003960CCPF;24/11/2022;12;0,41;R
ES0000000000003960CCPF;24/11/2022;13;0,9;R
ES0000000000003960CCPF;24/11/2022;14;0,557;R
ES0000000000003960CCPF;24/11/2022;15;0,833;R
ES0000000000003960CCPF;24/11/2022;16;0,368;R
ES0000000000003960CCPF;24/11/2022;17;0,256;R
ES0000000000003960CCPF;24/11/2022;18;0,216;R
ES0000000000003960CCPF;24/11/2022;19;0,196;R
ES0000000000003960CCPF;24/11/2022;20;0,218;R
ES0000000000003960CCPF;24/11/2022;21;0,162;R
ES0000000000003960CCPF;24/11/2022;22;0,277;R
ES0000000000003960CCPF;24/11/2022;23;0,314;R
ES0000000000003960CCPF;25/11/2022;0;0,546;R
ES0000000000003960CCPF;25/11/2022;1;0,247;R
ES0000000000003960CCPF;25/11/2022;2;0,212;R
ES0000000000003960CCPF;25/11/2022;3;0,177;R
ES0000000000003960CCPF;25/11/2022;4;0,209;R
ES0000000000003960CCPF;25/11/2022;5;0,176;R
ES0000000000003960CCPF;25/11/2022;6;0,192;R
ES0000000000003960CCPF;25/11/2022;7;0,156;R
ES0000000000003960CCPF;25/11/2022;8;0,303;R
ES0000000000003960CCPF;25/11/2022;9;0,187;R
ES0000000000003960CCPF;25/11/2022;10;0,295;R
ES0000000000003960CCPF;25/11/2022;11;0,158;R
ES0000000000003960CCPF;25/11/2022;12;0,318;R
ES0000000000003960CCPF;25/11/2022;13;0,163;R
ES0000000000003960CCPF;25/11/2022;14;0,205;R
ES0000000000003960CCPF;25/11/2022;15;0,273;R
ES0000000000003960CCPF;25/11/2022;16;0,245;R
ES0000000000003960CCPF;25/11/2022;17;0,246;R
ES0000000000003960CCPF;25/11/2022;18;0,177;R
ES0000000000003960CCPF;25/11/2022;19;0,367;R
ES0000000000003960CCPF;25/11/2022;20;0,175;R
ES0000000000003960CCPF;25/11/2022;21;0,214;R
ES0000000000003960CCPF;25/11/2022;22;0,237;R
ES0000000000003960CCPF;25/11/2022;23;0,277;R
ES0000000000003960CCPF;26/11/2022;0;0,205;R
ES0000000000003960CCPF;26/11/2022;1;0,206;R
ES0000000000003960CCPF;26/11/2022;2;0,2;R
ES0000000000003960CCPF;26/11/2022;3;0,169;R
ES0000000000003960CCPF;26/11/2022;4;0,189;R
ES0000000000003960CCPF;26/11/2022;5;0,158;R
ES0000000000003960CCPF;26/11/2022;6;0,187;R
ES0000000000003960CCPF;26/11/2022;7;0,157;R
ES0000000000003960CCPF;26/11/2022;8;0,184;R
ES0000000000003960CCPF;26/11/2022;9;0,326;R
ES0000000000003960CCPF;26/11/2022;10;0,36;R
ES0000000000003960CCPF;26/11/2022;11;0,178;R
ES0000000000003960CCPF;26/11/2022;12;0,219;R
ES0000000000003960CCPF;26/11/2022;13;0,693;R
ES0000000000003960CCPF;26/11/2022;14;0,207;R
ES0000000000003960CCPF;26/11/2022;15;0,634;R
ES0000000000003960CCPF;26/11/2022;16;0,237;R
ES0000000000003960CCPF;26/11/2022;17;0,19;R
ES0000000000003960CCPF;26/11/2022;18;0,159;R
ES0000000000003960CCPF;26/11/2022;19;0,32;R
ES0000000000003960CCPF;26/11/2022;20;0,227;R
ES0000000000003960CCPF;26/11/2022;21;0,189;R
ES0000000000003960CCPF;26/11/2022;22;0,223;R
ES0000000000003960CCPF;26/11/2022;23;0,241;R
ES0000000000003960CCPF;27/11/2022;0;0,271;R
ES0000000000003960CCPF;27/11/2022;1;0,204;R
ES0000000000003960CCPF;27/11/2022;2;0,187;R
ES0000000000003960CCPF;27/11/2022;3;0,153;R
ES0000000000003960CCPF;27/11/2022;4;0,178;R
ES0000000000003960CCPF;27/11/2022;5;0,223;R
ES0000000000003960CCPF;27/11/2022;6;0,196;R
ES0000000000003960CCPF;27/11/2022;7;0,146;R
ES0000000000003960CCPF;27/11/2022;8;0,181;R
ES0000000000003960CCPF;27/11/2022;9;0,346;R
ES0000000000003960CCPF;27/11/2022;10;0,178;R
ES0000000000003960CCPF;27/11/2022;11;0,608;R
ES0000000000003960CCPF;27/11/2022;12;0,269;R
ES0000000000003960CCPF;27/11/2022;13;0,289;R
ES0000000000003960CCPF;27/11/2022;14;0,279;R
ES0000000000003960CCPF;27/11/2022;15;0,197;R
ES0000000000003960CCPF;27/11/2022;16;0,277;R
ES0000000000003960CCPF;27/11/2022;17;0,167;R
ES0000000000003960CCPF;27/11/2022;18;0,163;R
ES0000000000003960CCPF;27/11/2022;19;0,177;R
ES0000000000003960CCPF;27/11/2022;20;0,263;R
ES0000000000003960CCPF;27/11/2022;21;0,306;R
ES0000000000003960CCPF;27/11/2022;22;0,266;R
ES0000000000003960CCPF;27/11/2022;23;0,211;R
ES0000000000003960CCPF;28/11/2022;0;0,25;R
ES0000000000003960CCPF;28/11/2022;1;0,332;R
ES0000000000003960CCPF;28/11/2022;2;0,507;R
ES0000000000003960CCPF;28/11/2022;3;0,588;R
ES0000000000003960CCPF;28/11/2022;4;0,196;R
ES0000000000003960CCPF;28/11/2022;5;0,776;R
ES0000000000003960CCPF;28/11/2022;6;0,146;R
ES0000000000003960CCPF;28/11/2022;7;0,17;R
ES0000000000003960CCPF;28/11/2022;8;0,139;R
ES0000000000003960CCPF;28/11/2022;9;0,305;R
ES0000000000003960CCPF;28/11/2022;10;0,209;R
ES0000000000003960CCPF;28/11/2022;11;0,219;R
ES0000000000003960CCPF;28/11/2022;12;0,286;R
ES0000000000003960CCPF;28/11/2022;13;0,556;R
ES0000000000003960CCPF;28/11/2022;14;0,353;R
ES0000000000003960CCPF;28/11/2022;15;0,996;R
ES0000000000003960CCPF;28/11/2022;16;0,435;R
ES0000000000003960CCPF;28/11/2022;17;0,24;R
ES0000000000003960CCPF;28/11/2022;18;0,212;R
ES0000000000003960CCPF;28/11/2022;19;0,291;R
ES0000000000003960CCPF;28/11/2022;20;0,184;R
ES0000000000003960CCPF;28/11/2022;21;0,201;R
ES0000000000003960CCPF;28/11/2022;22;0,399;R
ES0000000000003960CCPF;28/11/2022;23;0,245;R
ES0000000000003960CCPF;29/11/2022;0;0,301;R
ES0000000000003960CCPF;29/11/2022;1;0,362;R
ES0000000000003960CCPF;29/11/2022;2;0,199;R
ES0000000000003960CCPF;29/11/2022;3;0,155;R
ES0000000000003960CCPF;29/11/2022;4;0,185;R
ES0000000000003960CCPF;29/11/2022;5;0,168;R
ES0000000000003960CCPF;29/11/2022;6;0,174;R
ES0000000000003960CCPF;29/11/2022;7;0,169;R
ES0000000000003960CCPF;29/11/2022;8;0,278;R
ES0000000000003960CCPF;29/11/2022;9;0,272;R
ES0000000000003960CCPF;29/11/2022;10;0,203;R
ES0000000000003960CCPF;29/11/2022;11;0,411;R
ES0000000000003960CCPF;29/11/2022;12;0,209;R
ES0000000000003960CCPF;29/11/2022;13;0,227;R
ES0000000000003960CCPF;29/11/2022;14;0,276;R
ES0000000000003960CCPF;29/11/2022;15;0,225;R
ES0000000000003960CCPF;29/11/2022;16;0,322;R
ES0000000000003960CCPF;29/11/2022;17;0,192;R
ES0000000000003960CCPF;29/11/2022;18;0,178;R
ES0000000000003960CCPF;29/11/2022;19;0,145;R
ES0000000000003960CCPF;29/11/2022;20;0,262;R
ES0000000000003960CCPF;29/11/2022;21;0,257;R
ES0000000000003960CCPF;29/11/2022;22;0,24;R
ES0000000000003960CCPF;29/11/2022;23;0,208;R
ES0000000000003960CCPF;30/11/2022;0;0,233;R
ES0000000000003960CCPF;30/11/2022;1;0,256;R
ES0000000000003960CCPF;30/11/2022;2;0,153;R
ES0000000000003960CCPF;30/11/2022;3;0,19;R
ES0000000000003960CCPF;30/11/2022;4;0,519;R
ES0000000000003960CCPF;30/11/2022;5;0,487;R
ES0000000000003960CCPF;30/11/2022;6;0,423;R
ES0000000000003960CCPF;30/11/2022;7;0,16;R
ES0000000000003960CCPF;30/11/2022;8;0,175;R
ES0000000000003960CCPF;30/11/2022;9;0,285;R
ES0000000000003960CCPF;30/11/2022;10;0,272;R
ES0000000000003960CCPF;30/11/2022;11;0,267;R
ES0000000000003960CCPF;30/11/2022;12;0,296;R
ES0000000000003960CCPF;30/11/2022;13;0,148;R
ES0000000000003960CCPF;30/11/2022;14;0,179;R
ES0000000000003960CCPF;30/11/2022;15;0,206;R
ES0000000000003960CCPF;30/11/2022;16;0,368;R
ES0000000000003960CCPF;30/11/2022;17;0,221;R
ES0000000000003960CCPF;30/11/2022;18;0,221;R
ES0000000000003960CCPF;30/11/2022;19;0,363;R
ES0000000000003960CCPF;30/11/2022;20;0,194;R
ES0000000000003960CCPF;30/11/2022;21;0,195;R
ES0000000000003960CCPF;30/11/2022;22;0,245;R
ES0000000000003960CCPF;30/11/2022;23;0,4;R
ES0000000000003960CCPF;01/12/2022;0;0,274;R
ES0000000000003960CCPF;01/12/2022;1;0,178;R
ES0000000000003960CCPF;01/12/2022;2;0,207;R
ES0000000000003960CCPF;01/12/2022;3;0,165;R
ES0000000000003960CCPF;01/12/2022;4;0,183;R
ES0000000000003960CCPF;01/12/2022;5;0,16;R
ES0000000000003960CCPF;01/12/2022;6;0,174;R
ES0000000000003960CCPF;01/12/2022;7;0,171;R
ES0000000000003960CCPF;01/12/2022;8;0,263;R
ES0000000000003960CCPF;01/12/2022;9;0,267;R
ES0000000000003960CCPF;01/12/2022;10;0,234;R
ES0000000000003960CCPF;01/12/2022;11;0,176;R
ES0000000000003960CCPF;01/12/2022;12;0,248;R
ES0000000000003960CCPF;01/12/2022;13;0,319;R
ES0000000000003960CCPF;01/12/2022;14;0,646;R
ES0000000000003960CCPF;01/12/2022;15;0,213;R
ES0000000000003960CCPF;01/12/2022;16;0,371;R
ES0000000000003960CCPF;01/12/2022;17;0,219;R
ES0000000000003960CCPF;01/12/2022;18;0,228;R
ES0000000000003960CCPF;01/12/2022;19;0,223;R
ES0000000000003960CCPF;01/12/2022;20;0,181;R
ES0000000000003960CCPF;01/12/2022;21;0,275;R
ES0000000000003960CCPF;01/12/2022;22;0,326;R
ES0000000000003960CCPF;01/12/2022;23;0,252;R
ES0000000000003960CCPF;02/12/2022;0;0,207;R
ES0000000000003960CCPF;02/12/2022;1;0,199;R
ES0000000000003960CCPF;02/12/2022;2;0,15;R
ES0000000000003960CCPF;02/12/2022;3;0,177;R
ES0000000000003960CCPF;02/12/2022;4;0,163;R
ES0000000000003960CCPF;02/12/2022;5;0,157;R
ES0000000000003960CCPF;02/12/2022;6;0,175;R
ES0000000000003960CCPF;02/12/2022;7;0,14;R
ES0000000000003960CCPF;02/12/2022;8;0,373;R
ES0000000000003960CCPF;02/12/2022;9;0,313;R
ES0000000000003960CCPF;02/12/2022;10;0,289;R
ES0000000000003960CCPF;02/12/2022;11;0,189;R
ES0000000000003960CCPF;02/12/2022;12;0,244;R
ES0000000000003960CCPF;02/12/2022;13;0,284;R
ES0000000000003960CCPF;02/12/2022;14;0,187;R
ES0000000000003960CCPF;02/12/2022;15;0,151;R
ES0000000000003960CCPF;02/12/2022;16;0,181;R
ES0000000000003960CCPF;02/12/2022;17;0,152;R
ES0000000000003960CCPF;02/12/2022;18;0,175;R
ES0000000000003960CCPF;02/12/2022;19;0,148;R
ES0000000000003960CCPF;02/12/2022;20;0,167;R
ES0000000000003960CCPF;02/12/2022;21;0,142;R
ES0000000000003960CCPF;02/12/2022;22;0,163;R
ES0000000000003960CCPF;02/12/2022;23;0,174;R
ES0000000000003960CCPF;03/12/2022;0;0,247;R
ES0000000000003960CCPF;03/12/2022;1;0,388;R
ES0000000000003960CCPF;03/12/2022;2;0,24;R
ES0000000000003960CCPF;03/12/2022;3;0,427;R
ES0000000000003960CCPF;03/12/2022;4;0,267;R
ES0000000000003960CCPF;03/12/2022;5;0,244;R
ES0000000000003960CCPF;03/12/2022;6;0,169;R
ES0000000000003960CCPF;03/12/2022;7;0,172;R
ES0000000000003960CCPF;03/12/2022;8;0,155;R
ES0000000000003960CCPF;03/12/2022;9;0,159;R
ES0000000000003960CCPF;03/12/2022;10;0,142;R
ES0000000000003960CCPF;03/12/2022;11;0,155;R
ES0000000000003960CCPF;03/12/2022;12;0,188;R
ES0000000000003960CCPF;03/12/2022;13;0,3;R
ES0000000000003960CCPF;03/12/2022;14;0,176;R
ES0000000000003960CCPF;03/12/2022;15;0,166;R
ES0000000000003960CCPF;03/12/2022;16;0,153;R
ES0000000000003960CCPF;03/12/2022;17;0,164;R
ES0000000000003960CCPF;03/12/2022;18;0,157;R
ES0000000000003960CCPF;03/12/2022;19;0,159;R
ES0000000000003960CCPF;03/12/2022;20;0,158;R
ES0000000000003960CCPF;03/12/2022;21;0,148;R
ES0000000000003960CCPF;03/12/2022;22;0,358;R
ES0000000000003960CCPF;03/12/2022;23;0,451;R
ES0000000000003960CCPF;04/12/2022;0;0,679;R
ES0000000000003960CCPF;04/12/2022;1;0,473;R
ES0000000000003960CCPF;04/12/2022;2;0,399;R
ES0000000000003960CCPF;04/12/2022;3;0,312;R
ES0000000000003960CCPF;04/12/2022;4;0,232;R
ES0000000000003960CCPF;04/12/2022;5;0,268;R
ES0000000000003960CCPF;04/12/2022;6;0,254;R
ES0000000000003960CCPF;04/12/2022;7;0,222;R
ES0000000000003960CCPF;04/12/2022;8;0,135;R
ES0000000000003960CCPF;04/12/2022;9;0,545;R
ES0000000000003960CCPF;04/12/2022;10;0,196;R
ES0000000000003960CCPF;04/12/2022;11;0,716;R
ES0000000000003960CCPF;04/12/2022;12;0,139;R
ES0000000000003960CCPF;04/12/2022;13;0,308;R
ES0000000000003960CCPF;04/12/2022;14;0,161;R
ES0000000000003960CCPF;04/12/2022;15;0,14;R
ES0000000000003960CCPF;04/12/2022;16;0,145;R
ES0000000000003960CCPF;04/12/2022;17;0,166;R
ES0000000000003960CCPF;04/12/2022;18;0,156;R
ES0000000000003960CCPF;04/12/2022;19;0,144;R
ES0000000000003960CCPF;04/12/2022;20;0,348;R
ES0000000000003960CCPF;04/12/2022;21;0,636;R
ES0000000000003960CCPF;04/12/2022;22;0,287;R
ES0000000000003960CCPF;04/12/2022;23;0,158;R
ES0000000000003960CCPF;05/12/2022;0;0,193;R
ES0000000000003960CCPF;05/12/2022;1;0,239;R
ES0000000000003960CCPF;05/12/2022;2;0,457;R
ES0000000000003960CCPF;05/12/2022;3;0,465;R
ES0000000000003960CCPF;05/12/2022;4;0,628;R
ES0000000000003960CCPF;05/12/2022;5;0,361;R
ES0000000000003960CCPF;05/12/2022;6;0,199;R
ES0000000000003960CCPF;05/12/2022;7;0,162;R
ES0000000000003960CCPF;05/12/2022;8;0,131;R
ES0000000000003960CCPF;05/12/2022;9;0,196;R
ES0000000000003960CCPF;05/12/2022;10;0,518;R
ES0000000000003960CCPF;05/12/2022;11;0,582;R
ES0000000000003960CCPF;05/12/2022;12;0,651;R
ES0000000000003960CCPF;05/12/2022;13;0,166;R
ES0000000000003960CCPF;05/12/2022;14;0,148;R
ES0000000000003960CCPF;05/12/2022;15;0,161;R
ES0000000000003960CCPF;05/12/2022;16;0,135;R
ES0000000000003960CCPF;05/12/2022;17;0,303;R
ES0000000000003960CCPF;05/12/2022;18;0,249;R
ES0000000000003960CCPF;05/12/2022;19;0,245;R
ES0000000000003960CCPF;05/12/2022;20;0,244;R
ES0000000000003960CCPF;05/12/2022;21;0,272;R
ES0000000000003960CCPF;05/12/2022;22;0,244;R
ES0000000000003960CCPF;05/12/2022;23;0,255;R
ES0000000000003960CCPF;06/12/2022;0;0,234;R
ES0000000000003960CCPF;06/12/2022;1;0,256;R
ES0000000000003960CCPF;06/12/2022;2;0,947;R
ES0000000000003960CCPF;06/12/2022;3;0,322;R
ES0000000000003960CCPF;06/12/2022;4;0,247;R
ES0000000000003960CCPF;06/12/2022;5;0,202;R
ES0000000000003960CCPF;06/12/2022;6;0,183;R
ES0000000000003960CCPF;06/12/2022;7;0,153;R
ES0000000000003960CCPF;06/12/2022;8;0,154;R
ES0000000000003960CCPF;06/12/2022;9;0,141;R
ES0000000000003960CCPF;06/12/2022;10;0,184;R
ES0000000000003960CCPF;06/12/2022;11;0,147;R
ES0000000000003960CCPF;06/12/2022;12;0,157;R
ES0000000000003960CCPF;06/12/2022;13;0,165;R
ES0000000000003960CCPF;06/12/2022;14;0,338;R
ES0000000000003960CCPF;06/12/2022;15;0,154;R
ES0000000000003960CCPF;06/12/2022;16;0,159;R
ES0000000000003960CCPF;06/12/2022;17;0,14;R
ES0000000000003960CCPF;06/12/2022;18;0,172;R
ES0000000000003960CCPF;06/12/2022;19;0,169;R
ES0000000000003960CCPF;06/12/2022;20;0,136;R
ES0000000000003960CCPF;06/12/2022;21;0,17;R
ES0000000000003960CCPF;06/12/2022;22;0,159;R
ES0000000000003960CCPF;06/12/2022;23;0,19;R
ES0000000000003960CCPF;07/12/2022;0;0,698;R
ES0000000000003960CCPF;07/12/2022;1;0,601;R
ES0000000000003960CCPF;07/12/2022;2;1,139;R
ES0000000000003960CCPF;07/12/2022;3;0,347;R
ES0000000000003960CCPF;07/12/2022;4;0,238;R
ES0000000000003960CCPF;07/12/2022;5;0,262;R
ES0000000000003960CCPF;07/12/2022;6;0,249;R
ES0000000000003960CCPF;07/12/2022;7;0,228;R
ES0000000000003960CCPF;07/12/2022;8;0,676;R
ES0000000000003960CCPF;07/12/2022;9;1,077;R
ES0000000000003960CCPF;07/12/2022;10;0,158;R
ES0000000000003960CCPF;07/12/2022;11;0,18;R
ES0000000000003960CCPF;07/12/2022;12;0,144;R
ES0000000000003960CCPF;07/12/2022;13;0,163;R
ES0000000000003960CCPF;07/12/2022;14;0,17;R
ES0000000000003960CCPF;07/12/2022;15;0,371;R
ES0000000000003960CCPF;07/12/2022;16;0,305;R
ES0000000000003960CCPF;07/12/2022;17;0,202;R
ES0000000000003960CCPF;07/12/2022;18;0,234;R
ES0000000000003960CCPF;07/12/2022;19;0,234;R
ES0000000000003960CCPF;07/12/2022;20;0,213;R
ES0000000000003960CCPF;07/12/2022;21;0,254;R
ES0000000000003960CCPF;07/12/2022;22;0,235;R
ES0000000000003960CCPF;07/12/2022;23;0,228;R
ES0000000000003960CCPF;08/12/2022;0;0,26;R
ES0000000000003960CCPF;08/12/2022;1;0,195;R
ES0000000000003960CCPF;08/12/2022;2;0,166;R
ES0000000000003960CCPF;08/12/2022;3;0,169;R
ES0000000000003960CCPF;08/12/2022;4;0,18;R
ES0000000000003960CCPF;08/12/2022;5;0,133;R
ES0000000000003960CCPF;08/12/2022;6;0,169;R
ES0000000000003960CCPF;08/12/2022;7;0,154;R
ES0000000000003960CCPF;08/12/2022;8;0,186;R
ES0000000000003960CCPF;08/12/2022;9;0,331;R
ES0000000000003960CCPF;08/12/2022;10;0,244;R
ES0000000000003960CCPF;08/12/2022;11;0,312;R
ES0000000000003960CCPF;08/12/2022;12;0,241;R
ES0000000000003960CCPF;08/12/2022;13;0,208;R
ES0000000000003960CCPF;08/12/2022;14;0,382;R
ES0000000000003960CCPF;08/12/2022;15;0,199;R
ES0000000000003960CCPF;08/12/2022;16;0,346;R
ES0000000000003960CCPF;08/12/2022;17;0,214;R
ES0000000000003960CCPF;08/12/2022;18;0,245;R
ES0000000000003960CCPF;08/12/2022;19;0,278;R
ES0000000000003960CCPF;08/12/2022;20;0,258;R
ES0000000000003960CCPF;08/12/2022;21;0,195;R
ES0000000000003960CCPF;08/12/2022;22;0,251;R
ES0000000000003960CCPF;08/12/2022;23;0,268;R
ES0000000000003960CCPF;09/12/2022;0;0,256;R
ES0000000000003960CCPF;09/12/2022;1;0,226;R
ES0000000000003960CCPF;09/12/2022;2;0,134;R
ES0000000000003960CCPF;09/12/2022;3;0,189;R
ES0000000000003960CCPF;09/12/2022;4;0,155;R
ES0000000000003960CCPF;09/12/2022;5;0,159;R
ES0000000000003960CCPF;09/12/2022;6;0,14;R
ES0000000000003960CCPF;09/12/2022;7;0,174;R
ES0000000000003960CCPF;09/12/2022;8;0,334;R
ES0000000000003960CCPF;09/12/2022;9;0,21;R
ES0000000000003960CCPF;09/12/2022;10;0,244;R
ES0000000000003960CCPF;09/12/2022;11;0,197;R
ES0000000000003960CCPF;09/12/2022;12;0,181;R
ES0000000000003960CCPF;09/12/2022;13;0,155;R
ES0000000000003960CCPF;09/12/2022;14;0,234;R
ES0000000000003960CCPF;09/12/2022;15;0,35;R
ES0000000000003960CCPF;09/12/2022;16;0,468;R
ES0000000000003960CCPF;09/12/2022;17;0,753;R
ES0000000000003960CCPF;09/12/2022;18;0,225;R
ES0000000000003960CCPF;09/12/2022;19;0,186;R
ES0000000000003960CCPF;09/12/2022;20;0,218;R
ES0000000000003960CCPF;09/12/2022;21;0,255;R
ES0000000000003960CCPF;09/12/2022;22;0,357;R
ES0000000000003960CCPF;09/12/2022;23;0,26;R
ES0000000000003960CCPF;10/12/2022;0;0,25;R
ES0000000000003960CCPF;10/12/2022;1;0,229;R
ES0000000000003960CCPF;10/12/2022;2;0,178;R
ES0000000000003960CCPF;10/12/2022;3;0,156;R
ES0000000000003960CCPF;10/12/2022;4;0,171;R
ES0000000000003960CCPF;10/12/2022;5;0,182;R
ES0000000000003960CCPF;10/12/2022;6;0,138;R
ES0000000000003960CCPF;10/12/2022;7;0,177;R
ES0000000000003960CCPF;10/12/2022;8;0,301;R
ES0000000000003960CCPF;10/12/2022;9;0,196;R
ES0000000000003960CCPF;10/12/2022;10;0,192;R
ES0000000000003960CCPF;10/12/2022;11;0,177;R
ES0000000000003960CCPF;10/12/2022;12;0,146;R
ES0000000000003960CCPF;10/12/2022;13;0,287;R
ES0000000000003960CCPF;10/12/2022;14;0,18;R
ES0000000000003960CCPF;10/12/2022;15;0,18;R
ES0000000000003960CCPF;10/12/2022;16;0,357;R
ES0000000000003960CCPF;10/12/2022;17;0,258;R
ES0000000000003960CCPF;10/12/2022;18;0,226;R
ES0000000000003960CCPF;10/12/2022;19;0,186;R
ES0000000000003960CCPF;10/12/2022;20;0,251;R
ES0000000000003960CCPF;10/12/2022;21;0,244;R
ES0000000000003960CCPF;10/12/2022;22;0,265;R
ES0000000000003960CCPF;10/12/2022;23;0,274;R
ES0000000000003960CCPF;11/12/2022;0;0,204;R
ES0000000000003960CCPF;11/12/2022;1;0,239;R
ES0000000000003960CCPF;11/12/2022;2;0,169;R
ES0000000000003960CCPF;11/12/2022;3;0,169;R
ES0000000000003960CCPF;11/12/2022;4;0,164;R
ES0000000000003960CCPF;11/12/2022;5;0,201;R
ES0000000000003960CCPF;11/12/2022;6;0,134;R
ES0000000000003960CCPF;11/12/2022;7;0,181;R
ES0000000000003960CCPF;11/12/2022;8;0,167;R
ES0000000000003960CCPF;11/12/2022;9;0,31;R
ES0000000000003960CCPF;11/12/2022;10;0,166;R
ES0000000000003960CCPF;11/12/2022;11;0,506;R
ES0000000000003960CCPF;11/12/2022;12;1,159;R
ES0000000000003960CCPF;11/12/2022;13;1,236;R
ES0000000000003960CCPF;11/12/2022;14;0,69;R
ES0000000000003960CCPF;11/12/2022;15;1,225;R
ES0000000000003960CCPF;11/12/2022;16;0,702;R
ES0000000000003960CCPF;11/12/2022;17;0,276;R
ES0000000000003960CCPF;11/12/2022;18;0,16;R
ES0000000000003960CCPF;11/12/2022;19;0,393;R
ES0000000000003960CCPF;11/12/2022;20;1,461;R
ES0000000000003960CCPF;11/12/2022;21;1,174;R
ES0000000000003960CCPF;11/12/2022;22;0,719;R
ES0000000000003960CCPF;11/12/2022;23;0,315;R
ES0000000000003960CCPF;12/12/2022;0;0,252;R
ES0000000000003960CCPF;12/12/2022;1;0,382;R
ES0000000000003960CCPF;12/12/2022;2;0,612;R
ES0000000000003960CCPF;12/12/2022;3;0,271;R
ES0000000000003960CCPF;12/12/2022;4;0,137;R
ES0000000000003960CCPF;12/12/2022;5;0,189;R
ES0000000000003960CCPF;12/12/2022;6;0,151;R
ES0000000000003960CCPF;12/12/2022;7;0,148;R
ES0000000000003960CCPF;12/12/2022;8;0,166;R
ES0000000000003960CCPF;12/12/2022;9;0,411;R
ES0000000000003960CCPF;12/12/2022;10;0,195;R
ES0000000000003960CCPF;12/12/2022;11;0,256;R
ES0000000000003960CCPF;12/12/2022;12;0,406;R
ES0000000000003960CCPF;12/12/2022;13;0,617;R
ES0000000000003960CCPF;12/12/2022;14;0,384;R
ES0000000000003960CCPF;12/12/2022;15;0,591;R
ES0000000000003960CCPF;12/12/2022;16;0,208;R
ES0000000000003960CCPF;12/12/2022;17;0,222;R
ES0000000000003960CCPF;12/12/2022;18;0,201;R
ES0000000000003960CCPF;12/12/2022;19;0,318;R
ES0000000000003960CCPF;12/12/2022;20;0,214;R
ES0000000000003960CCPF;12/12/2022;21;0,275;R
ES0000000000003960CCPF;12/12/2022;22;0,336;R
ES0000000000003960CCPF;12/12/2022;23;0,22;R
ES0000000000003960CCPF;13/12/2022;0;0,216;R
ES0000000000003960CCPF;13/12/2022;1;0,194;R
ES0000000000003960CCPF;13/12/2022;2;0,17;R
ES0000000000003960CCPF;13/12/2022;3;0,165;R
ES0000000000003960CCPF;13/12/2022;4;0,204;R
ES0000000000003960CCPF;13/12/2022;5;0,151;R
ES0000000000003960CCPF;13/12/2022;6;0,197;R
ES0000000000003960CCPF;13/12/2022;7;0,171;R
ES0000000000003960CCPF;13/12/2022;8;0,141;R
ES0000000000003960CCPF;13/12/2022;9;0,351;R
ES0000000000003960CCPF;13/12/2022;10;0,286;R
ES0000000000003960CCPF;13/12/2022;11;0,221;R
ES0000000000003960CCPF;13/12/2022;12;0,265;R
ES0000000000003960CCPF;13/12/2022;13;0,207;R
ES0000000000003960CCPF;13/12/2022;14;0,24;R
ES0000000000003960CCPF;13/12/2022;15;0,167;R
ES0000000000003960CCPF;13/12/2022;16;0,392;R
ES0000000000003960CCPF;13/12/2022;17;0,225;R
ES0000000000003960CCPF;13/12/2022;18;0,268;R
ES0000000000003960CCPF;13/12/2022;19;0,173;R
ES0000000000003960CCPF;13/12/2022;20;0,21;R
ES0000000000003960CCPF;13/12/2022;21;0,2;R
ES0000000000003960CCPF;13/12/2022;22;0,204;R
ES0000000000003960CCPF;13/12/2022;23;0,24;R
ES0000000000003960CCPF;14/12/2022;0;0,288;R
ES0000000000003960CCPF;14/12/2022;1;0,368;R
ES0000000000003960CCPF;14/12/2022;2;0,189;R
ES0000000000003960CCPF;14/12/2022;3;0,191;R
ES0000000000003960CCPF;14/12/2022;4;0,149;R
ES0000000000003960CCPF;14/12/2022;5;0,242;R
ES0000000000003960CCPF;14/12/2022;6;0,219;R
ES0000000000003960CCPF;14/12/2022;7;0,203;R
ES0000000000003960CCPF;14/12/2022;8;0,156;R
ES0000000000003960CCPF;14/12/2022;9;0,351;R
ES0000000000003960CCPF;14/12/2022;10;0,282;R
ES0000000000003960CCPF;14/12/2022;11;0,337;R
ES0000000000003960CCPF;14/12/2022;12;0,226;R
ES0000000000003960CCPF;14/12/2022;13;0,183;R
ES0000000000003960CCPF;14/12/2022;14;0,179;R
ES0000000000003960CCPF;14/12/2022;15;0,164;R
ES0000000000003960CCPF;14/12/2022;16;0,314;R
ES0000000000003960CCPF;14/12/2022;17;0,21;R
ES0000000000003960CCPF;14/12/2022;18;0,267;R
ES0000000000003960CCPF;14/12/2022;19;0,357;R
ES0000000000003960CCPF;14/12/2022;20;0,238;R
ES0000000000003960CCPF;14/12/2022;21;1,103;R
ES0000000000003960CCPF;14/12/2022;22;0,266;R
ES0000000000003960CCPF;14/12/2022;23;0,25;R
ES0000000000003960CCPF;15/12/2022;0;0,192;R
ES0000000000003960CCPF;15/12/2022;1;0,213;R
ES0000000000003960CCPF;15/12/2022;2;0,17;R
ES0000000000003960CCPF;15/12/2022;3;0,561;R
ES0000000000003960CCPF;15/12/2022;4;0,207;R
ES0000000000003960CCPF;15/12/2022;5;0,729;R
ES0000000000003960CCPF;15/12/2022;6;0,158;R
ES0000000000003960CCPF;15/12/2022;7;0,177;R
ES0000000000003960CCPF;15/12/2022;8;0,302;R
ES0000000000003960CCPF;15/12/2022;9;0,22;R
ES0000000000003960CCPF;15/12/2022;10;0,299;R
ES0000000000003960CCPF;15/12/2022;11;0,151;R
ES0000000000003960CCPF;15/12/2022;12;0,218;R
ES0000000000003960CCPF;15/12/2022;13;0,46;R
ES0000000000003960CCPF;15/12/2022;14;0,304;R
ES0000000000003960CCPF;15/12/2022;15;0,407;R
ES0000000000003960CCPF;15/12/2022;16;0,53;R
ES0000000000003960CCPF;15/12/2022;17;0,497;R
ES0000000000003960CCPF;15/12/2022;18;0,512;R
ES0000000000003960CCPF;15/12/2022;19;0,217;R
ES0000000000003960CCPF;15/12/2022;20;0,327;R
ES0000000000003960CCPF;15/12/2022;21;0,267;R
ES0000000000003960CCPF;15/12/2022;22;0,269;R
ES0000000000003960CCPF;15/12/2022;23;0,194;R
ES0000000000003960CCPF;16/12/2022;0;0,214;R
ES0000000000003960CCPF;16/12/2022;1;0,189;R
ES0000000000003960CCPF;16/12/2022;2;0,199;R
ES0000000000003960CCPF;16/12/2022;3;0,159;R
ES0000000000003960CCPF;16/12/2022;4;0,19;R
ES0000000000003960CCPF;16/12/2022;5;0,169;R
ES0000000000003960CCPF;16/12/2022;6;0,171;R
ES0000000000003960CCPF;16/12/2022;7;0,165;R
ES0000000000003960CCPF;16/12/2022;8;0,165;R
ES0000000000003960CCPF;16/12/2022;9;0,344;R
ES0000000000003960CCPF;16/12/2022;10;0,312;R
ES0000000000003960CCPF;16/12/2022;11;0,381;R
ES0000000000003960CCPF;16/12/2022;12;0,213;R
ES0000000000003960CCPF;16/12/2022;13;0,372;R
ES0000000000003960CCPF;16/12/2022;14;0,15;R
ES0000000000003960CCPF;16/12/2022;15;0,179;R
ES0000000000003960CCPF;16/12/2022;16;0,456;R
ES0000000000003960CCPF;16/12/2022;17;0,228;R
ES0000000000003960CCPF;16/12/2022;18;0,187;R
ES0000000000003960CCPF;16/12/2022;19;0,309;R
ES0000000000003960CCPF;16/12/2022;20;0,229;R
ES0000000000003960CCPF;16/12/2022;21;0,479;R
ES0000000000003960CCPF;16/12/2022;22;0,31;R
ES0000000000003960CCPF;16/12/2022;23;0,286;R
ES0000000000003960CCPF;17/12/2022;0;0,263;R
ES0000000000003960CCPF;17/12/2022;1;0,199;R
ES0000000000003960CCPF;17/12/2022;2;0,175;R
ES0000000000003960CCPF;17/12/2022;3;0,161;R
ES0000000000003960CCPF;17/12/2022;4;0,18;R
ES0000000000003960CCPF;17/12/2022;5;0,166;R
ES0000000000003960CCPF;17/12/2022;6;0,18;R
ES0000000000003960CCPF;17/12/2022;7;0,306;R
ES0000000000003960CCPF;17/12/2022;8;0,346;R
ES0000000000003960CCPF;17/12/2022;9;0,629;R
ES0000000000003960CCPF;17/12/2022;10;1,11;R
ES0000000000003960CCPF;17/12/2022;11;0,975;R
ES0000000000003960CCPF;17/12/2022;12;0,2;R
ES0000000000003960CCPF;17/12/2022;13;0,193;R
ES0000000000003960CCPF;17/12/2022;14;2,465;R
ES0000000000003960CCPF;17/12/2022;15;2,197;R
ES0000000000003960CCPF;17/12/2022;16;1,143;R
ES0000000000003960CCPF;17/12/2022;17;1,609;R
ES0000000000003960CCPF;17/12/2022;18;1,33;R
ES0000000000003960CCPF;17/12/2022;19;0,887;R
ES0000000000003960CCPF;17/12/2022;20;0,761;R
ES0000000000003960CCPF;17/12/2022;21;0,209;R
ES0000000000003960CCPF;17/12/2022;22;0,217;R
ES0000000000003960CCPF;17/12/2022;23;0,194;R
ES0000000000003960CCPF;18/12/2022;0;0,332;R
ES0000000000003960CCPF;18/12/2022;1;0,301;R
ES0000000000003960CCPF;18/12/2022;2;0,218;R
ES0000000000003960CCPF;18/12/2022;3;0,204;R
ES0000000000003960CCPF;18/12/2022;4;0,175;R
ES0000000000003960CCPF;18/12/2022;5;0,187;R
ES0000000000003960CCPF;18/12/2022;6;0,155;R
ES0000000000003960CCPF;18/12/2022;7;0,173;R
ES0000000000003960CCPF;18/12/2022;8;0,155;R
ES0000000000003960CCPF;18/12/2022;9;0,341;R
ES0000000000003960CCPF;18/12/2022;10;0,336;R
ES0000000000003960CCPF;18/12/2022;11;0,847;R
ES0000000000003960CCPF;18/12/2022;12;0,648;R
ES0000000000003960CCPF;18/12/2022;13;2,055;R
ES0000000000003960CCPF;18/12/2022;14;2,103;R
ES0000000000003960CCPF;18/12/2022;15;2,141;R
ES0000000000003960CCPF;18/12/2022;16;1,331;R
ES0000000000003960CCPF;18/12/2022;17;1,315;R
ES0000000000003960CCPF;18/12/2022;18;1,278;R
ES0000000000003960CCPF;18/12/2022;19;0,506;R
ES0000000000003960CCPF;18/12/2022;20;0,574;R
ES0000000000003960CCPF;18/12/2022;21;1,431;R
ES0000000000003960CCPF;18/12/2022;22;1,631;R
ES0000000000003960CCPF;18/12/2022;23;1,311;R
ES0000000000003960CCPF;19/12/2022;0;1,043;R
ES0000000000003960CCPF;19/12/2022;1;0,628;R
ES0000000000003960CCPF;19/12/2022;2;0,786;R
ES0000000000003960CCPF;19/12/2022;3;0,161;R
ES0000000000003960CCPF;19/12/2022;4;0,184;R
ES0000000000003960CCPF;19/12/2022;5;0,152;R
ES0000000000003960CCPF;19/12/2022;6;0,184;R
ES0000000000003960CCPF;19/12/2022;7;0,155;R
ES0000000000003960CCPF;19/12/2022;8;0,186;R
ES0000000000003960CCPF;19/12/2022;9;0,489;R
ES0000000000003960CCPF;19/12/2022;10;0,266;R
ES0000000000003960CCPF;19/12/2022;11;0,325;R
ES0000000000003960CCPF;19/12/2022;12;0,17;R
ES0000000000003960CCPF;19/12/2022;13;0,238;R
ES0000000000003960CCPF;19/12/2022;14;0,375;R
ES0000000000003960CCPF;19/12/2022;15;0,177;R
ES0000000000003960CCPF;19/12/2022;16;0,23;R
ES0000000000003960CCPF;19/12/2022;17;0,277;R
ES0000000000003960CCPF;19/12/2022;18;0,185;R
ES0000000000003960CCPF;19/12/2022;19;0,306;R
ES0000000000003960CCPF;19/12/2022;20;0,358;R
ES0000000000003960CCPF;19/12/2022;21;0,31;R
ES0000000000003960CCPF;19/12/2022;22;0,284;R
ES0000000000003960CCPF;19/12/2022;23;0,286;R
ES0000000000003960CCPF;20/12/2022;0;0,279;R
ES0000000000003960CCPF;20/12/2022;1;0,317;R
ES0000000000003960CCPF;20/12/2022;2;0,217;R
ES0000000000003960CCPF;20/12/2022;3;0,189;R
ES0000000000003960CCPF;20/12/2022;4;0,18;R
ES0000000000003960CCPF;20/12/2022;5;0,162;R
ES0000000000003960CCPF;20/12/2022;6;0,178;R
ES0000000000003960CCPF;20/12/2022;7;0,15;R
ES0000000000003960CCPF;20/12/2022;8;0,173;R
ES0000000000003960CCPF;20/12/2022;9;0,387;R
ES0000000000003960CCPF;20/12/2022;10;0,351;R
ES0000000000003960CCPF;20/12/2022;11;0,27;R
ES0000000000003960CCPF;20/12/2022;12;0,286;R
ES0000000000003960CCPF;20/12/2022;13;0,257;R
ES0000000000003960CCPF;20/12/2022;14;0,171;R
ES0000000000003960CCPF;20/12/2022;15;0,268;R
ES0000000000003960CCPF;20/12/2022;16;0,258;R
ES0000000000003960CCPF;20/12/2022;17;0,188;R
ES0000000000003960CCPF;20/12/2022;18;0,175;R
ES0000000000003960CCPF;20/12/2022;19;0,423;R
ES0000000000003960CCPF;20/12/2022;20;0,276;R
ES0000000000003960CCPF;20/12/2022;21;0,317;R
ES0000000000003960CCPF;20/12/2022;22;0,291;R
ES0000000000003960CCPF;20/12/2022;23;0,392;R
ES0000000000003960CCPF;21/12/2022;0;0,308;R
ES0000000000003960CCPF;21/12/2022;1;0,303;R
ES0000000000003960CCPF;21/12/2022;2;0,34;R
ES0000000000003960CCPF;21/12/2022;3;0,651;R
ES0000000000003960CCPF;21/12/2022;4;0,406;R
ES0000000000003960CCPF;21/12/2022;5;0,575;R
ES0000000000003960CCPF;21/12/2022;6;0,195;R
ES0000000000003960CCPF;21/12/2022;7;0,157;R
ES0000000000003960CCPF;21/12/2022;8;0,422;R
ES0000000000003960CCPF;21/12/2022;9;0,219;R
ES0000000000003960CCPF;21/12/2022;10;0,454;R
ES0000000000003960CCPF;21/12/2022;11;0,285;R
ES0000000000003960CCPF;21/12/2022;12;0,213;R
ES0000000000003960CCPF;21/12/2022;13;0,155;R
ES0000000000003960CCPF;21/12/2022;14;0,183;R
ES0000000000003960CCPF;21/12/2022;15;0,261;R
ES0000000000003960CCPF;21/12/2022;16;0,607;R
ES0000000000003960CCPF;21/12/2022;17;0,63;R
ES0000000000003960CCPF;21/12/2022;18;0,325;R
ES0000000000003960CCPF;21/12/2022;19;1,764;R
ES0000000000003960CCPF;21/12/2022;20;0,909;R
ES0000000000003960CCPF;21/12/2022;21;0,739;R
ES0000000000003960CCPF;21/12/2022;22;0,591;R
ES0000000000003960CCPF;21/12/2022;23;0,483;R
ES0000000000003960CCPF;22/12/2022;0;0,357;R
ES0000000000003960CCPF;22/12/2022;1;0,306;R
ES0000000000003960CCPF;22/12/2022;2;0,257;R
ES0000000000003960CCPF;22/12/2022;3;0,617;R
ES0000000000003960CCPF;22/12/2022;4;0,262;R
ES0000000000003960CCPF;22/12/2022;5;1,027;R
ES0000000000003960CCPF;22/12/2022;6;0,257;R
ES0000000000003960CCPF;22/12/2022;7;0,343;R
ES0000000000003960CCPF;22/12/2022;8;0,294;R
ES0000000000003960CCPF;22/12/2022;9;0,313;R
ES0000000000003960CCPF;22/12/2022;10;0,383;R
ES0000000000003960CCPF;22/12/2022;11;1,243;R
ES0000000000003960CCPF;22/12/2022;12;1,509;R
ES0000000000003960CCPF;22/12/2022;13;1,426;R
ES0000000000003960CCPF;22/12/2022;14;0,887;R
ES0000000000003960CCPF;22/12/2022;15;0,806;R
ES0000000000003960CCPF;22/12/2022;16;0,346;R
ES0000000000003960CCPF;22/12/2022;17;0,28;R
ES0000000000003960CCPF;22/12/2022;18;0,471;R
ES0000000000003960CCPF;22/12/2022;19;0,406;R
ES0000000000003960CCPF;22/12/2022;20;0,284;R
ES0000000000003960CCPF;22/12/2022;21;0,344;R
ES0000000000003960CCPF;22/12/2022;22;0,378;R
ES0000000000003960CCPF;22/12/2022;23;0,293;R
ES0000000000003960CCPF;23/12/2022;0;0,347;R
ES0000000000003960CCPF;23/12/2022;1;0,234;R
ES0000000000003960CCPF;23/12/2022;2;0,208;R
ES0000000000003960CCPF;23/12/2022;3;0,574;R
ES0000000000003960CCPF;23/12/2022;4;0,234;R
ES0000000000003960CCPF;23/12/2022;5;0,743;R
ES0000000000003960CCPF;23/12/2022;6;0,291;R
ES0000000000003960CCPF;23/12/2022;7;0,23;R
ES0000000000003960CCPF;23/12/2022;8;0,469;R
ES0000000000003960CCPF;23/12/2022;9;0,405;R
ES0000000000003960CCPF;23/12/2022;10;0,345;R
ES0000000000003960CCPF;23/12/2022;11;0,761;R
ES0000000000003960CCPF;23/12/2022;12;1,025;R
ES0000000000003960CCPF;23/12/2022;13;1,005;R
ES0000000000003960CCPF;23/12/2022;14;0,281;R
ES0000000000003960CCPF;23/12/2022;15;1,36;R
ES0000000000003960CCPF;23/12/2022;16;0,469;R
ES0000000000003960CCPF;23/12/2022;17;1,164;R
ES0000000000003960CCPF;23/12/2022;18;1,166;R
ES0000000000003960CCPF;23/12/2022;19;0,975;R
ES0000000000003960CCPF;23/12/2022;20;0,301;R
ES0000000000003960CCPF;23/12/2022;21;0,389;R
ES0000000000003960CCPF;23/12/2022;22;0,422;R
ES0000000000003960CCPF;23/12/2022;23;0,292;R
ES0000000000003960CCPF;24/12/2022;0;0,335;R
ES0000000000003960CCPF;24/12/2022;1;0,231;R
ES0000000000003960CCPF;24/12/2022;2;0,258;R
ES0000000000003960CCPF;24/12/2022;3;0,228;R
ES0000000000003960CCPF;24/12/2022;4;0,567;R
ES0000000000003960CCPF;24/12/2022;5;0,301;R
ES0000000000003960CCPF;24/12/2022;6;0,797;R
ES0000000000003960CCPF;24/12/2022;7;0,201;R
ES0000000000003960CCPF;24/12/2022;8;0,245;R
ES0000000000003960CCPF;24/12/2022;9;0,557;R
ES0000000000003960CCPF;24/12/2022;10;0,589;R
ES0000000000003960CCPF;24/12/2022;11;0,946;R
ES0000000000003960CCPF;24/12/2022;12;0,901;R
ES0000000000003960CCPF;24/12/2022;13;0,515;R
ES0000000000003960CCPF;24/12/2022;14;1,589;R
ES0000000000003960CCPF;24/12/2022;15;1,771;R
ES0000000000003960CCPF;24/12/2022;16;1,458;R
ES0000000000003960CCPF;24/12/2022;17;1,458;R
ES0000000000003960CCPF;24/12/2022;18;2,322;R
ES0000000000003960CCPF;24/12/2022;19;1,463;R
ES0000000000003960CCPF;24/12/2022;20;0,711;R
ES0000000000003960CCPF;24/12/2022;21;1,502;R
ES0000000000003960CCPF;24/12/2022;22;0,77;R
ES0000000000003960CCPF;24/12/2022;23;0,514;R
ES0000000000003960CCPF;25/12/2022;0;0,428;R
ES0000000000003960CCPF;25/12/2022;1;1,259;R
ES0000000000003960CCPF;25/12/2022;2;0,595;R
ES0000000000003960CCPF;25/12/2022;3;0,811;R
ES0000000000003960CCPF;25/12/2022;4;0,241;R
ES0000000000003960CCPF;25/12/2022;5;0,28;R
ES0000000000003960CCPF;25/12/2022;6;0,281;R
ES0000000000003960CCPF;25/12/2022;7;0,281;R
ES0000000000003960CCPF;25/12/2022;8;0,234;R
ES0000000000003960CCPF;25/12/2022;9;0,359;R
ES0000000000003960CCPF;25/12/2022;10;1,757;R
ES0000000000003960CCPF;25/12/2022;11;0,502;R
ES0000000000003960CCPF;25/12/2022;12;0,357;R
ES0000000000003960CCPF;25/12/2022;13;1,528;R
ES0000000000003960CCPF;25/12/2022;14;2,506;R
ES0000000000003960CCPF;25/12/2022;15;1,076;R
ES0000000000003960CCPF;25/12/2022;16;1,825;R
ES0000000000003960CCPF;25/12/2022;17;1,549;R
ES0000000000003960CCPF;25/12/2022;18;0,58;R
ES0000000000003960CCPF;25/12/2022;19;0,871;R
ES0000000000003960CCPF;25/12/2022;20;0,651;R
ES0000000000003960CCPF;25/12/2022;21;1,228;R
ES0000000000003960CCPF;25/12/2022;22;0,9;R
ES0000000000003960CCPF;25/12/2022;23;0,292;R
ES0000000000003960CCPF;26/12/2022;0;0,505;R
ES0000000000003960CCPF;26/12/2022;1;0,453;R
ES0000000000003960CCPF;26/12/2022;2;0,73;R
ES0000000000003960CCPF;26/12/2022;3;0,28;R
ES0000000000003960CCPF;26/12/2022;4;0,224;R
ES0000000000003960CCPF;26/12/2022;5;0,213;R
ES0000000000003960CCPF;26/12/2022;6;0,202;R
ES0000000000003960CCPF;26/12/2022;7;0,245;R
ES0000000000003960CCPF;26/12/2022;8;0,189;R
ES0000000000003960CCPF;26/12/2022;9;0,543;R
ES0000000000003960CCPF;26/12/2022;10;0,478;R
ES0000000000003960CCPF;26/12/2022;11;1,081;R
ES0000000000003960CCPF;26/12/2022;12;1,11;R
ES0000000000003960CCPF;26/12/2022;13;1,097;R
ES0000000000003960CCPF;26/12/2022;14;0,282;R
ES0000000000003960CCPF;26/12/2022;15;0,566;R
ES0000000000003960CCPF;26/12/2022;16;0,357;R
ES0000000000003960CCPF;26/12/2022;17;0,924;R
ES0000000000003960CCPF;26/12/2022;18;1,024;R
ES0000000000003960CCPF;26/12/2022;19;0,4;R
ES0000000000003960CCPF;26/12/2022;20;0,351;R
ES0000000000003960CCPF;26/12/2022;21;0,246;R
ES0000000000003960CCPF;26/12/2022;22;0,48;R
ES0000000000003960CCPF;26/12/2022;23;0,279;R
ES0000000000003960CCPF;27/12/2022;0;0,308;R
ES0000000000003960CCPF;27/12/2022;1;0,667;R
ES0000000000003960CCPF;27/12/2022;2;0,359;R
ES0000000000003960CCPF;27/12/2022;3;0,804;R
ES0000000000003960CCPF;27/12/2022;4;0,238;R
ES0000000000003960CCPF;27/12/2022;5;0,184;R
ES0000000000003960CCPF;27/12/2022;6;0,232;R
ES0000000000003960CCPF;27/12/2022;7;0,208;R
ES0000000000003960CCPF;27/12/2022;8;0,235;R
ES0000000000003960CCPF;27/12/2022;9;0,492;R
ES0000000000003960CCPF;27/12/2022;10;0,252;R
ES0000000000003960CCPF;27/12/2022;11;1,449;R
ES0000000000003960CCPF;27/12/2022;12;1,278;R
ES0000000000003960CCPF;27/12/2022;13;2,208;R
ES0000000000003960CCPF;27/12/2022;14;1,091;R
ES0000000000003960CCPF;27/12/2022;15;1,916;R
ES0000000000003960CCPF;27/12/2022;16;0,523;R
ES0000000000003960CCPF;27/12/2022;17;0,715;R
ES0000000000003960CCPF;27/12/2022;18;1,804;R
ES0000000000003960CCPF;27/12/2022;19;1,504;R
ES0000000000003960CCPF;27/12/2022;20;0,576;R
ES0000000000003960CCPF;27/12/2022;21;0,289;R
ES0000000000003960CCPF;27/12/2022;22;0,307;R
ES0000000000003960CCPF;27/12/2022;23;0,32;R
ES0000000000003960CCPF;28/12/2022;0;0,281;R
ES0000000000003960CCPF;28/12/2022;1;0,242;R
ES0000000000003960CCPF;28/12/2022;2;0,507;R
ES0000000000003960CCPF;28/12/2022;3;0,29;R
ES0000000000003960CCPF;28/12/2022;4;0,746;R
ES0000000000003960CCPF;28/12/2022;5;0,235;R
ES0000000000003960CCPF;28/12/2022;6;0,187;R
ES0000000000003960CCPF;28/12/2022;7;0,233;R
ES0000000000003960CCPF;28/12/2022;8;0,198;R
ES0000000000003960CCPF;28/12/2022;9;0,402;R
ES0000000000003960CCPF;28/12/2022;10;0,407;R
ES0000000000003960CCPF;28/12/2022;11;0,785;R
ES0000000000003960CCPF;28/12/2022;12;1,084;R
ES0000000000003960CCPF;28/12/2022;13;1,278;R
ES0000000000003960CCPF;28/12/2022;14;2,152;R
ES0000000000003960CCPF;28/12/2022;15;0,982;R
ES0000000000003960CCPF;28/12/2022;16;0,38;R
ES0000000000003960CCPF;28/12/2022;17;0,212;R
ES0000000000003960CCPF;28/12/2022;18;0,526;R
ES0000000000003960CCPF;28/12/2022;19;1,11;R
ES0000000000003960CCPF;28/12/2022;20;0,842;R
ES0000000000003960CCPF;28/12/2022;21;0,292;R
ES0000000000003960CCPF;28/12/2022;22;0,396;R
ES0000000000003960CCPF;28/12/2022;23;0,32;R
ES0000000000003960CCPF;29/12/2022;0;0,354;R
ES0000000000003960CCPF;29/12/2022;1;0,285;R
ES0000000000003960CCPF;29/12/2022;2;0,249;R
ES0000000000003960CCPF;29/12/2022;3;0,291;R
ES0000000000003960CCPF;29/12/2022;4;0,686;R
ES0000000000003960CCPF;29/12/2022;5;0,578;R
ES0000000000003960CCPF;29/12/2022;6;0,662;R
ES0000000000003960CCPF;29/12/2022;7;0,23;R
ES0000000000003960CCPF;29/12/2022;8;0,218;R
ES0000000000003960CCPF;29/12/2022;9;0,444;R
ES0000000000003960CCPF;29/12/2022;10;0,419;R
ES0000000000003960CCPF;29/12/2022;11;0,778;R
ES0000000000003960CCPF;29/12/2022;12;1,187;R
ES0000000000003960CCPF;29/12/2022;13;1,312;R
ES0000000000003960CCPF;29/12/2022;14;1,712;R
ES0000000000003960CCPF;29/12/2022;15;2,07;R
ES0000000000003960CCPF;29/12/2022;16;0,792;R
ES0000000000003960CCPF;29/12/2022;17;0,961;R
ES0000000000003960CCPF;29/12/2022;18;1,256;R
ES0000000000003960CCPF;29/12/2022;19;0,714;R
ES0000000000003960CCPF;29/12/2022;20;0,277;R
ES0000000000003960CCPF;29/12/2022;21;0,367;R
ES0000000000003960CCPF;29/12/2022;22;0,297;R
ES0000000000003960CCPF;29/12/2022;23;0,212;R
ES0000000000003960CCPF;30/12/2022;0;0,354;R
ES0000000000003960CCPF;30/12/2022;1;0,453;R
ES0000000000003960CCPF;30/12/2022;2;1,097;R
ES0000000000003960CCPF;30/12/2022;3;0,474;R
ES0000000000003960CCPF;30/12/2022;4;0,792;R
ES0000000000003960CCPF;30/12/2022;5;0,271;R
ES0000000000003960CCPF;30/12/2022;6;0,236;R
ES0000000000003960CCPF;30/12/2022;7;0,242;R
ES0000000000003960CCPF;30/12/2022;8;0,41;R
ES0000000000003960CCPF;30/12/2022;9;0,445;R
ES0000000000003960CCPF;30/12/2022;10;0,527;R
ES0000000000003960CCPF;30/12/2022;11;1,086;R
ES0000000000003960CCPF;30/12/2022;12;1,07;R
ES0000000000003960CCPF;30/12/2022;13;0,415;R
ES0000000000003960CCPF;30/12/2022;14;0,907;R
ES0000000000003960CCPF;30/12/2022;15;1,256;R
ES0000000000003960CCPF;30/12/2022;16;0,509;R
ES0000000000003960CCPF;30/12/2022;17;0,558;R
ES0000000000003960CCPF;30/12/2022;18;0,85;R
ES0000000000003960CCPF;30/12/2022;19;0,621;R
ES0000000000003960CCPF;30/12/2022;20;0,272;R
ES0000000000003960CCPF;30/12/2022;21;0,26;R
ES0000000000003960CCPF;30/12/2022;22;0,251;R
ES0000000000003960CCPF;30/12/2022;23;0,355;R
ES0000000000003960CCPF;31/12/2022;0;0,34;R
ES0000000000003960CCPF;31/12/2022;1;0,264;R
ES0000000000003960CCPF;31/12/2022;2;0,575;R
ES0000000000003960CCPF;31/12/2022;3;0,299;R
ES0000000000003960CCPF;31/12/2022;4;0,829;R
ES0000000000003960CCPF;31/12/2022;5;0,306;R
ES0000000000003960CCPF;31/12/2022;6;0,314;R
ES0000000000003960CCPF;31/12/2022;7;0,228;R
ES0000000000003960CCPF;31/12/2022;8;0,274;R
ES0000000000003960CCPF;31/12/2022;9;0,715;R
ES0000000000003960CCPF;31/12/2022;10;0,252;R
ES0000000000003960CCPF;31/12/2022;11;0,264;R
ES0000000000003960CCPF;31/12/2022;12;0,28;R
ES0000000000003960CCPF;31/12/2022;13;0,432;R
ES0000000000003960CCPF;31/12/2022;14;0,656;R
ES0000000000003960CCPF;31/12/2022;15;0,841;R
ES0000000000003960CCPF;31/12/2022;16;0,502;R
ES0000000000003960CCPF;31/12/2022;17;0,374;R
ES0000000000003960CCPF;31/12/2022;18;0,729;R
ES0000000000003960CCPF;31/12/2022;19;0,936;R
ES0000000000003960CCPF;31/12/2022;20;0,322;R
ES0000000000003960CCPF;31/12/2022;21;0,361;R
ES0000000000003960CCPF;31/12/2022;22;0,237;R
ES0000000000003960CCPF;31/12/2022;23;0,266;R
ES0000000000003960CCPF;01/01/2023;0;0,249;R
ES0000000000003960CCPF;01/01/2023;1;0,256;R
ES0000000000003960CCPF;01/01/2023;2;0,317;R
ES0000000000003960CCPF;01/01/2023;3;0,247;R
ES0000000000003960CCPF;01/01/2023;4;0,265;R
ES0000000000003960CCPF;01/01/2023;5;0,223;R
ES0000000000003960CCPF;01/01/2023;6;0,25;R
ES0000000000003960CCPF;01/01/2023;7;0,227;R
ES0000000000003960CCPF;01/01/2023;8;0,322;R
ES0000000000003960CCPF;01/01/2023;9;0,332;R
ES0000000000003960CCPF;01/01/2023;10;0,562;R
ES0000000000003960CCPF;01/01/2023;11;0,826;R
ES0000000000003960CCPF;01/01/2023;12;0,422;R
ES0000000000003960CCPF;01/01/2023;13;0,287;R
ES0000000000003960CCPF;01/01/2023;14;0,316;R
ES0000000000003960CCPF;01/01/2023;15;0,219;R
ES0000000000003960CCPF;01/01/2023;16;0,909;R
ES0000000000003960CCPF;01/01/2023;17;0,658;R
ES0000000000003960CCPF;01/01/2023;18;0,373;R
ES0000000000003960CCPF;01/01/2023;19;0,903;R
ES0000000000003960CCPF;01/01/2023;20;1,138;R
ES0000000000003960CCPF;01/01/2023;21;0,808;R
ES0000000000003960CCPF;01/01/2023;22;0,881;R
ES0000000000003960CCPF;01/01/2023;23;0,356;R
ES0000000000003960CCPF;02/01/2023;0;0,302;R
ES0000000000003960CCPF;02/01/2023;1;0,226;R
ES0000000000003960CCPF;02/01/2023;2;0,258;R
ES0000000000003960CCPF;02/01/2023;3;0,218;R
ES0000000000003960CCPF;02/01/2023;4;0,237;R
ES0000000000003960CCPF;02/01/2023;5;0,239;R
ES0000000000003960CCPF;02/01/2023;6;0,22;R
ES0000000000003960CCPF;02/01/2023;7;0,241;R
ES0000000000003960CCPF;02/01/2023;8;0,271;R
ES0000000000003960CCPF;02/01/2023;9;0,466;R
ES0000000000003960CCPF;02/01/2023;10;0,433;R
ES0000000000003960CCPF;02/01/2023;11;0,26;R
ES0000000000003960CCPF;02/01/2023;12;0,392;R
ES0000000000003960CCPF;02/01/2023;13;0,411;R
ES0000000000003960CCPF;02/01/2023;14;0,222;R
ES0000000000003960CCPF;02/01/2023;15;0,226;R
ES0000000000003960CCPF;02/01/2023;16;0,245;R
ES0000000000003960CCPF;02/01/2023;17;0,499;R
ES0000000000003960CCPF;02/01/2023;18;1,017;R
ES0000000000003960CCPF;02/01/2023;19;0,658;R
ES0000000000003960CCPF;02/01/2023;20;0,275;R
ES0000000000003960CCPF;02/01/2023;21;0,284;R
ES0000000000003960CCPF;02/01/2023;22;0,772;R
ES0000000000003960CCPF;02/01/2023;23;0,278;R
ES0000000000003960CCPF;03/01/2023;0;0,55;R
ES0000000000003960CCPF;03/01/2023;1;0,472;R
ES0000000000003960CCPF;03/01/2023;2;0,479;R
ES0000000000003960CCPF;03/01/2023;3;0,381;R
ES0000000000003960CCPF;03/01/2023;4;0,277;R
ES0000000000003960CCPF;03/01/2023;5;0,307;R
ES0000000000003960CCPF;03/01/2023;6;0,295;R
ES0000000000003960CCPF;03/01/2023;7;0,266;R
ES0000000000003960CCPF;03/01/2023;8;0,277;R
ES0000000000003960CCPF;03/01/2023;9;0,275;R
ES0000000000003960CCPF;03/01/2023;10;0,303;R
ES0000000000003960CCPF;03/01/2023;11;0,271;R
ES0000000000003960CCPF;03/01/2023;12;0,242;R
ES0000000000003960CCPF;03/01/2023;13;0,265;R
ES0000000000003960CCPF;03/01/2023;14;0,423;R
ES0000000000003960CCPF;03/01/2023;15;0,851;R
ES0000000000003960CCPF;03/01/2023;16;0,644;R
ES0000000000003960CCPF;03/01/2023;17;0,4;R
ES0000000000003960CCPF;03/01/2023;18;0,304;R
ES0000000000003960CCPF;03/01/2023;19;0,315;R
ES0000000000003960CCPF;03/01/2023;20;0,435;R
ES0000000000003960CCPF;03/01/2023;21;0,317;R
ES0000000000003960CCPF;03/01/2023;22;0,339;R
ES0000000000003960CCPF;03/01/2023;23;0,327;R
ES0000000000003960CCPF;04/01/2023;0;0,333;R
ES0000000000003960CCPF;04/01/2023;1;0,249;R
ES0000000000003960CCPF;04/01/2023;2;0,268;R
ES0000000000003960CCPF;04/01/2023;3;0,228;R
ES0000000000003960CCPF;04/01/2023;4;0,453;R
ES0000000000003960CCPF;04/01/2023;5;0,386;R
ES0000000000003960CCPF;04/01/2023;6;0,774;R
ES0000000000003960CCPF;04/01/2023;7;0,365;R
ES0000000000003960CCPF;04/01/2023;8;0,217;R
ES0000000000003960CCPF;04/01/2023;9;0,195;R
ES0000000000003960CCPF;04/01/2023;10;0,212;R
ES0000000000003960CCPF;04/01/2023;11;0,351;R
ES0000000000003960CCPF;04/01/2023;12;0,192;R
ES0000000000003960CCPF;04/01/2023;13;0,401;R
ES0000000000003960CCPF;04/01/2023;14;1,292;R
ES0000000000003960CCPF;04/01/2023;15;0,698;R
ES0000000000003960CCPF;04/01/2023;16;0,236;R
ES0000000000003960CCPF;04/01/2023;17;1,002;R
ES0000000000003960CCPF;04/01/2023;18;1,465;R
ES0000000000003960CCPF;04/01/2023;19;1,207;R
ES0000000000003960CCPF;04/01/2023;20;0,27;R
ES0000000000003960CCPF;04/01/2023;21;0,262;R
ES0000000000003960CCPF;04/01/2023;22;0,271;R
ES0000000000003960CCPF;04/01/2023;23;0,284;R
ES0000000000003960CCPF;05/01/2023;0;0,267;R
ES0000000000003960CCPF;05/01/2023;1;0,247;R
ES0000000000003960CCPF;05/01/2023;2;0,366;R
ES0000000000003960CCPF;05/01/2023;3;0,234;R
ES0000000000003960CCPF;05/01/2023;4;0,192;R
ES0000000000003960CCPF;05/01/2023;5;0,228;R
ES0000000000003960CCPF;05/01/2023;6;0,204;R
ES0000000000003960CCPF;05/01/2023;7;0,211;R
ES0000000000003960CCPF;05/01/2023;8;0,182;R
ES0000000000003960CCPF;05/01/2023;9;0,204;R
ES0000000000003960CCPF;05/01/2023;10;0,876;R
ES0000000000003960CCPF;05/01/2023;11;0,908;R
ES0000000000003960CCPF;05/01/2023;12;1,037;R
ES0000000000003960CCPF;05/01/2023;13;0,911;R
ES0000000000003960CCPF;05/01/2023;14;0,508;R
ES0000000000003960CCPF;05/01/2023;15;0,218;R
ES0000000000003960CCPF;05/01/2023;16;0,243;R
ES0000000000003960CCPF;05/01/2023;17;0,226;R
ES0000000000003960CCPF;05/01/2023;18;0,224;R
ES0000000000003960CCPF;05/01/2023;19;0,285;R
ES0000000000003960CCPF;05/01/2023;20;0,309;R
ES0000000000003960CCPF;05/01/2023;21;0,447;R
ES0000000000003960CCPF;05/01/2023;22;0,26;R
ES0000000000003960CCPF;05/01/2023;23;0,285;R
ES0000000000003960CCPF;06/01/2023;0;0,274;R
ES0000000000003960CCPF;06/01/2023;1;0,266;R
ES0000000000003960CCPF;06/01/2023;2;0,208;R
ES0000000000003960CCPF;06/01/2023;3;0,259;R
ES0000000000003960CCPF;06/01/2023;4;0,211;R
ES0000000000003960CCPF;06/01/2023;5;0,232;R
ES0000000000003960CCPF;06/01/2023;6;0,177;R
ES0000000000003960CCPF;06/01/2023;7;0,216;R
ES0000000000003960CCPF;06/01/2023;8;0,186;R
ES0000000000003960CCPF;06/01/2023;9;0,211;R
ES0000000000003960CCPF;06/01/2023;10;0,158;R
ES0000000000003960CCPF;06/01/2023;11;1,135;R
ES0000000000003960CCPF;06/01/2023;12;0,255;R
ES0000000000003960CCPF;06/01/2023;13;0,726;R
ES0000000000003960CCPF;06/01/2023;14;0,651;R
ES0000000000003960CCPF;06/01/2023;15;0,254;R
ES0000000000003960CCPF;06/01/2023;16;0,172;R
ES0000000000003960CCPF;06/01/2023;17;0,199;R
ES0000000000003960CCPF;06/01/2023;18;0,21;R
ES0000000000003960CCPF;06/01/2023;19;0,187;R
ES0000000000003960CCPF;06/01/2023;20;0,257;R
ES0000000000003960CCPF;06/01/2023;21;0,21;R
ES0000000000003960CCPF;06/01/2023;22;0,237;R
ES0000000000003960CCPF;06/01/2023;23;0,236;R
ES0000000000003960CCPF;07/01/2023;0;0,298;R
ES0000000000003960CCPF;07/01/2023;1;0,266;R
ES0000000000003960CCPF;07/01/2023;2;0,256;R
ES0000000000003960CCPF;07/01/2023;3;0,306;R
ES0000000000003960CCPF;07/01/2023;4;0,583;R
ES0000000000003960CCPF;07/01/2023;5;0,277;R
ES0000000000003960CCPF;07/01/2023;6;1,03;R
ES0000000000003960CCPF;07/01/2023;7;0,661;R
ES0000000000003960CCPF;07/01/2023;8;0,525;R
ES0000000000003960CCPF;07/01/2023;9;0,223;R
ES0000000000003960CCPF;07/01/2023;10;0,173;R
ES0000000000003960CCPF;07/01/2023;11;0,354;R
ES0000000000003960CCPF;07/01/2023;12;0,24;R
ES0000000000003960CCPF;07/01/2023;13;0,272;R
ES0000000000003960CCPF;07/01/2023;14;0,328;R
ES0000000000003960CCPF;07/01/2023;15;0,243;R
ES0000000000003960CCPF;07/01/2023;16;0,202;R
ES0000000000003960CCPF;07/01/2023;17;0,277;R
ES0000000000003960CCPF;07/01/2023;18;0,212;R
ES0000000000003960CCPF;07/01/2023;19;0,213;R
ES0000000000003960CCPF;07/01/2023;20;0,2;R
ES0000000000003960CCPF;07/01/2023;21;0,235;R
ES0000000000003960CCPF;07/01/2023;22;0,206;R
ES0000000000003960CCPF;07/01/2023;23;0,206;R
ES0000000000003960CCPF;08/01/2023;0;0,348;R
ES0000000000003960CCPF;08/01/2023;1;0,238;R
ES0000000000003960CCPF;08/01/2023;2;0,496;R
ES0000000000003960CCPF;08/01/2023;3;0,215;R
ES0000000000003960CCPF;08/01/2023;4;0,214;R
ES0000000000003960CCPF;08/01/2023;5;0,179;R
ES0000000000003960CCPF;08/01/2023;6;0,207;R
ES0000000000003960CCPF;08/01/2023;7;0,182;R
ES0000000000003960CCPF;08/01/2023;8;0,202;R
ES0000000000003960CCPF;08/01/2023;9;0,182;R
ES0000000000003960CCPF;08/01/2023;10;0,192;R
ES0000000000003960CCPF;08/01/2023;11;0,366;R
ES0000000000003960CCPF;08/01/2023;12;0,814;R
ES0000000000003960CCPF;08/01/2023;13;0,528;R
ES0000000000003960CCPF;08/01/2023;14;0,372;R
ES0000000000003960CCPF;08/01/2023;15;0,282;R
ES0000000000003960CCPF;08/01/2023;16;0,174;R
ES0000000000003960CCPF;08/01/2023;17;0,197;R
ES0000000000003960CCPF;08/01/2023;18;0,351;R
ES0000000000003960CCPF;08/01/2023;19;0,934;R
ES0000000000003960CCPF;08/01/2023;20;0,486;R
ES0000000000003960CCPF;08/01/2023;21;0,795;R
ES0000000000003960CCPF;08/01/2023;22;0,303;R
ES0000000000003960CCPF;08/01/2023;23;0,299;R
ES0000000000003960CCPF;09/01/2023;0;0,304;R
ES0000000000003960CCPF;09/01/2023;1;0,354;R
ES0000000000003960CCPF;09/01/2023;2;0,39;R
ES0000000000003960CCPF;09/01/2023;3;0,264;R
ES0000000000003960CCPF;09/01/2023;4;0,217;R
ES0000000000003960CCPF;09/01/2023;5;0,179;R
ES0000000000003960CCPF;09/01/2023;6;0,203;R
ES0000000000003960CCPF;09/01/2023;7;0,351;R
ES0000000000003960CCPF;09/01/2023;8;0,213;R
ES0000000000003960CCPF;09/01/2023;9;0,554;R
ES0000000000003960CCPF;09/01/2023;10;0,674;R
ES0000000000003960CCPF;09/01/2023;11;0,274;R
ES0000000000003960CCPF;09/01/2023;12;0,75;R
ES0000000000003960CCPF;09/01/2023;13;0,473;R
ES0000000000003960CCPF;09/01/2023;14;1,129;R
ES0000000000003960CCPF;09/01/2023;15;0,215;R
ES0000000000003960CCPF;09/01/2023;16;0,162;R
ES0000000000003960CCPF;09/01/2023;17;0,224;R
ES0000000000003960CCPF;09/01/2023;18;0,211;R
ES0000000000003960CCPF;09/01/2023;19;0,241;R
ES0000000000003960CCPF;09/01/2023;20;0,273;R
ES0000000000003960CCPF;09/01/2023;21;0,283;R
ES0000000000003960CCPF;09/01/2023;22;0,28;R
ES0000000000003960CCPF;09/01/2023;23;0,249;R
ES0000000000003960CCPF;10/01/2023;0;0,382;R
ES0000000000003960CCPF;10/01/2023;1;0,801;R
ES0000000000003960CCPF;10/01/2023;2;0,361;R
ES0000000000003960CCPF;10/01/2023;3;0,401;R
ES0000000000003960CCPF;10/01/2023;4;0,527;R
ES0000000000003960CCPF;10/01/2023;5;0,578;R
ES0000000000003960CCPF;10/01/2023;6;0,242;R
ES0000000000003960CCPF;10/01/2023;7;0,271;R
ES0000000000003960CCPF;10/01/2023;8;0,352;R
ES0000000000003960CCPF;10/01/2023;9;0,709;R
ES0000000000003960CCPF;10/01/2023;10;0,564;R
ES0000000000003960CCPF;10/01/2023;11;0,508;R
ES0000000000003960CCPF;10/01/2023;12;0,934;R
ES0000000000003960CCPF;10/01/2023;13;0,683;R
ES0000000000003960CCPF;10/01/2023;14;0,229;R
ES0000000000003960CCPF;10/01/2023;15;0,159;R
ES0000000000003960CCPF;10/01/2023;16;0,181;R
ES0000000000003960CCPF;10/01/2023;17;0,167;R
ES0000000000003960CCPF;10/01/2023;18;0,166;R
ES0000000000003960CCPF;10/01/2023;19;0,201;R
ES0000000000003960CCPF;10/01/2023;20;0,229;R
ES0000000000003960CCPF;10/01/2023;21;0,234;R
ES0000000000003960CCPF;10/01/2023;22;0,2;R
ES0000000000003960CCPF;10/01/2023;23;0,221;R
ES0000000000003960CCPF;11/01/2023;0;0,46;R
ES0000000000003960CCPF;11/01/2023;1;0,348;R
ES0000000000003960CCPF;11/01/2023;2;0,729;R
ES0000000000003960CCPF;11/01/2023;3;0,281;R
ES0000000000003960CCPF;11/01/2023;4;0,232;R
ES0000000000003960CCPF;11/01/2023;5;0,176;R
ES0000000000003960CCPF;11/01/2023;6;0,175;R
ES0000000000003960CCPF;11/01/2023;7;0,186;R
ES0000000000003960CCPF;11/01/2023;8;0,191;R
ES0000000000003960CCPF;11/01/2023;9;0,184;R
ES0000000000003960CCPF;11/01/2023;10;0,162;R
ES0000000000003960CCPF;11/01/2023;11;0,372;R
ES0000000000003960CCPF;11/01/2023;12;0,673;R
ES0000000000003960CCPF;11/01/2023;13;0,44;R
ES0000000000003960CCPF;11/01/2023;14;0,195;R
ES0000000000003960CCPF;11/01/2023;15;0,178;R
ES0000000000003960CCPF;11/01/2023;16;0,213;R
ES0000000000003960CCPF;11/01/2023;17;0,158;R
ES0000000000003960CCPF;11/01/2023;18;0,197;R
ES0000000000003960CCPF;11/01/2023;19;0,289;R
ES0000000000003960CCPF;11/01/2023;20;0,375;R
ES0000000000003960CCPF;11/01/2023;21;0,313;R
ES0000000000003960CCPF;11/01/2023;22;0,376;R
ES0000000000003960CCPF;11/01/2023;23;0,355;R
ES0000000000003960CCPF;12/01/2023;0;0,382;R
ES0000000000003960CCPF;12/01/2023;1;0,591;R
ES0000000000003960CCPF;12/01/2023;2;0,998;R
ES0000000000003960CCPF;12/01/2023;3;1,196;R
ES0000000000003960CCPF;12/01/2023;4;0,315;R
ES0000000000003960CCPF;12/01/2023;5;0,5;R
ES0000000000003960CCPF;12/01/2023;6;0,251;R
ES0000000000003960CCPF;12/01/2023;7;0,203;R
ES0000000000003960CCPF;12/01/2023;8;0,405;R
ES0000000000003960CCPF;12/01/2023;9;0,673;R
ES0000000000003960CCPF;12/01/2023;10;0,366;R
ES0000000000003960CCPF;12/01/2023;11;0,201;R
ES0000000000003960CCPF;12/01/2023;12;0,345;R
ES0000000000003960CCPF;12/01/2023;13;0,358;R
ES0000000000003960CCPF;12/01/2023;14;0,251;R
ES0000000000003960CCPF;12/01/2023;15;0,142;R
ES0000000000003960CCPF;12/01/2023;16;0,19;R
ES0000000000003960CCPF;12/01/2023;17;0,166;R
ES0000000000003960CCPF;12/01/2023;18;0,193;R
ES0000000000003960CCPF;12/01/2023;19;0,293;R
ES0000000000003960CCPF;12/01/2023;20;0,366;R
ES0000000000003960CCPF;12/01/2023;21;0,345;R
ES0000000000003960CCPF;12/01/2023;22;0,368;R
ES0000000000003960CCPF;12/01/2023;23;0,337;R
ES0000000000003960CCPF;13/01/2023;0;0,404;R
ES0000000000003960CCPF;13/01/2023;1;0,386;R
ES0000000000003960CCPF;13/01/2023;2;0,398;R
ES0000000000003960CCPF;13/01/2023;3;0,38;R
ES0000000000003960CCPF;13/01/2023;4;0,285;R
ES0000000000003960CCPF;13/01/2023;5;0,208;R
ES0000000000003960CCPF;13/01/2023;6;0,188;R
ES0000000000003960CCPF;13/01/2023;7;0,178;R
ES0000000000003960CCPF;13/01/2023;8;0,449;R
ES0000000000003960CCPF;13/01/2023;9;0,615;R
ES0000000000003960CCPF;13/01/2023;10;0,41;R
ES0000000000003960CCPF;13/01/2023;11;0,187;R
ES0000000000003960CCPF;13/01/2023;12;0,202;R
ES0000000000003960CCPF;13/01/2023;13;0,159;R
ES0000000000003960CCPF;13/01/2023;14;0,206;R
ES0000000000003960CCPF;13/01/2023;15;0,175;R
ES0000000000003960CCPF;13/01/2023;16;0,192;R
ES0000000000003960CCPF;13/01/2023;17;0,152;R
ES0000000000003960CCPF;13/01/2023;18;0,207;R
ES0000000000003960CCPF;13/01/2023;19;0,175;R
ES0000000000003960CCPF;13/01/2023;20;0,235;R
ES0000000000003960CCPF;13/01/2023;21;0,337;R
ES0000000000003960CCPF;13/01/2023;22;0,385;R
ES0000000000003960CCPF;13/01/2023;23;0,358;R
ES0000000000003960CCPF;14/01/2023;0;0,397;R
ES0000000000003960CCPF;14/01/2023;1;0,404;R
ES0000000000003960CCPF;14/01/2023;2;0,469;R
ES0000000000003960CCPF;14/01/2023;3;1,203;R
ES0000000000003960CCPF;14/01/2023;4;1,01;R
ES0000000000003960CCPF;14/01/2023;5;0,491;R
ES0000000000003960CCPF;14/01/2023;6;0,914;R
ES0000000000003960CCPF;14/01/2023;7;0,647;R
ES0000000000003960CCPF;14/01/2023;8;0,327;R
ES0000000000003960CCPF;14/01/2023;9;0,18;R
ES0000000000003960CCPF;14/01/2023;10;0,201;R
ES0000000000003960CCPF;14/01/2023;11;0,147;R
ES0000000000003960CCPF;14/01/2023;12;0,218;R
ES0000000000003960CCPF;14/01/2023;13;0,204;R
ES0000000000003960CCPF;14/01/2023;14;0,188;R
ES0000000000003960CCPF;14/01/2023;15;0,16;R
ES0000000000003960CCPF;14/01/2023;16;0,208;R
ES0000000000003960CCPF;14/01/2023;17;0,179;R
ES0000000000003960CCPF;14/01/2023;18;0,263;R
ES0000000000003960CCPF;14/01/2023;19;0,352;R
ES0000000000003960CCPF;14/01/2023;20;0,362;R
ES0000000000003960CCPF;14/01/2023;21;0,365;R
ES0000000000003960CCPF;14/01/2023;22;1,053;R
ES0000000000003960CCPF;14/01/2023;23;0,592;R
ES0000000000003960CCPF;15/01/2023;0;0,917;R
ES0000000000003960CCPF;15/01/2023;1;0,912;R
ES0000000000003960CCPF;15/01/2023;2;0,278;R
ES0000000000003960CCPF;15/01/2023;3;0,375;R
ES0000000000003960CCPF;15/01/2023;4;0,455;R
ES0000000000003960CCPF;15/01/2023;5;0,299;R
ES0000000000003960CCPF;15/01/2023;6;0,195;R
ES0000000000003960CCPF;15/01/2023;7;0,205;R
ES0000000000003960CCPF;15/01/2023;8;0,225;R
ES0000000000003960CCPF;15/01/2023;9;0,622;R
ES0000000000003960CCPF;15/01/2023;10;0,589;R
ES0000000000003960CCPF;15/01/2023;11;0,208;R
ES0000000000003960CCPF;15/01/2023;12;0,278;R
ES0000000000003960CCPF;15/01/2023;13;0,239;R
ES0000000000003960CCPF;15/01/2023;14;0,182;R
ES0000000000003960CCPF;15/01/2023;15;0,188;R
ES0000000000003960CCPF;15/01/2023;16;0,15;R
ES0000000000003960CCPF;15/01/2023;17;0,199;R
ES0000000000003960CCPF;15/01/2023;18;0,17;R
ES0000000000003960CCPF;15/01/2023;19;0,537;R
ES0000000000003960CCPF;15/01/2023;20;0,628;R
ES0000000000003960CCPF;15/01/2023;21;0,636;R
ES0000000000003960CCPF;15/01/2023;22;0,362;R
ES0000000000003960CCPF;15/01/2023;23;0,37;R
ES0000000000003960CCPF;16/01/2023;0;0,488;R
ES0000000000003960CCPF;16/01/2023;1;0,785;R
ES0000000000003960CCPF;16/01/2023;2;0,798;R
ES0000000000003960CCPF;16/01/2023;3;0,907;R
ES0000000000003960CCPF;16/01/2023;4;2,155;R
ES0000000000003960CCPF;16/01/2023;5;0,406;R
ES0000000000003960CCPF;16/01/2023;6;0,138;R
ES0000000000003960CCPF;16/01/2023;7;0,193;R
ES0000000000003960CCPF;16/01/2023;8;0,181;R
ES0000000000003960CCPF;16/01/2023;9;0,166;R
ES0000000000003960CCPF;16/01/2023;10;0,176;R
ES0000000000003960CCPF;16/01/2023;11;0,169;R
ES0000000000003960CCPF;16/01/2023;12;0,268;R
ES0000000000003960CCPF;16/01/2023;13;0,337;R
ES0000000000003960CCPF;16/01/2023;14;0,641;R
ES0000000000003960CCPF;16/01/2023;15;0,839;R
ES0000000000003960CCPF;16/01/2023;16;0,581;R
ES0000000000003960CCPF;16/01/2023;17;0,463;R
ES0000000000003960CCPF;16/01/2023;18;0,282;R
ES0000000000003960CCPF;16/01/2023;19;0,569;R
ES0000000000003960CCPF;16/01/2023;20;2,126;R
ES0000000000003960CCPF;16/01/2023;21;1,986;R
ES0000000000003960CCPF;16/01/2023;22;2,318;R
ES0000000000003960CCPF;16/01/2023;23;4,041;R
ES0000000000003960CCPF;17/01/2023;0;3,195;R
ES0000000000003960CCPF;17/01/2023;1;2,71;R
ES0000000000003960CCPF;17/01/2023;2;2,846;R
ES0000000000003960CCPF;17/01/2023;3;2,755;R
ES0000000000003960CCPF;17/01/2023;4;2,09;R
ES0000000000003960CCPF;17/01/2023;5;0,976;R
ES0000000000003960CCPF;17/01/2023;6;0,219;R
ES0000000000003960CCPF;17/01/2023;7;0,183;R
ES0000000000003960CCPF;17/01/2023;8;0,192;R
ES0000000000003960CCPF;17/01/2023;9;0,198;R
ES0000000000003960CCPF;17/01/2023;10;0,188;R
ES0000000000003960CCPF;17/01/2023;11;0,168;R
ES0000000000003960CCPF;17/01/2023;12;0,226;R
ES0000000000003960CCPF;17/01/2023;13;0,181;R
ES0000000000003960CCPF;17/01/2023;14;0,18;R
ES0000000000003960CCPF;17/01/2023;15;0,199;R
ES0000000000003960CCPF;17/01/2023;16;0,195;R
ES0000000000003960CCPF;17/01/2023;17;0,191;R
ES0000000000003960CCPF;17/01/2023;18;0,17;R
ES0000000000003960CCPF;17/01/2023;19;0,257;R
ES0000000000003960CCPF;17/01/2023;20;0,216;R
ES0000000000003960CCPF;17/01/2023;21;0,191;R
ES0000000000003960CCPF;17/01/2023;22;0,237;R
ES0000000000003960CCPF;17/01/2023;23;0,26;R
ES0000000000003960CCPF;18/01/2023;0;1,946;R
ES0000000000003960CCPF;18/01/2023;1;1,978;R
ES0000000000003960CCPF;18/01/2023;2;1,973;R
ES0000000000003960CCPF;18/01/2023;3;1,948;R
ES0000000000003960CCPF;18/01/2023;4;1,956;R
ES0000000000003960CCPF;18/01/2023;5;0,619;R
ES0000000000003960CCPF;18/01/2023;6;0,208;R
ES0000000000003960CCPF;18/01/2023;7;0,161;R
ES0000000000003960CCPF;18/01/2023;8;0,255;R
ES0000000000003960CCPF;18/01/2023;9;0,18;R
ES0000000000003960CCPF;18/01/2023;10;0,197;R
ES0000000000003960CCPF;18/01/2023;11;0,165;R
ES0000000000003960CCPF;18/01/2023;12;0,354;R
ES0000000000003960CCPF;18/01/2023;13;0,53;R
ES0000000000003960CCPF;18/01/2023;14;0,149;R
ES0000000000003960CCPF;18/01/2023;15;0,201;R
ES0000000000003960CCPF;18/01/2023;16;0,185;R
ES0000000000003960CCPF;18/01/2023;17;0,188;R
ES0000000000003960CCPF;18/01/2023;18;0,18;R
ES0000000000003960CCPF;18/01/2023;19;0,176;R
ES0000000000003960CCPF;18/01/2023;20;0,205;R
ES0000000000003960CCPF;18/01/2023;21;0,176;R
ES0000000000003960CCPF;18/01/2023;22;0,214;R
ES0000000000003960CCPF;18/01/2023;23;0,315;R
ES0000000000003960CCPF;19/01/2023;0;0,36;R
ES0000000000003960CCPF;19/01/2023;1;1,348;R
ES0000000000003960CCPF;19/01/2023;2;2,091;R
ES0000000000003960CCPF;19/01/2023;3;2,153;R
ES0000000000003960CCPF;19/01/2023;4;2,105;R
ES0000000000003960CCPF;19/01/2023;5;0,553;R
ES0000000000003960CCPF;19/01/2023;6;0,203;R
ES0000000000003960CCPF;19/01/2023;7;0,164;R
ES0000000000003960CCPF;19/01/2023;8;0,34;R
ES0000000000003960CCPF;19/01/2023;9;0,628;R
ES0000000000003960CCPF;19/01/2023;10;0,538;R
ES0000000000003960CCPF;19/01/2023;11;0,2;R
ES0000000000003960CCPF;19/01/2023;12;0,819;R
ES0000000000003960CCPF;19/01/2023;13;0,583;R
ES0000000000003960CCPF;19/01/2023;14;0,185;R
ES0000000000003960CCPF;19/01/2023;15;0,175;R
ES0000000000003960CCPF;19/01/2023;16;0,172;R
ES0000000000003960CCPF;19/01/2023;17;0,199;R
ES0000000000003960CCPF;19/01/2023;18;0,148;R
ES0000000000003960CCPF;19/01/2023;19;0,191;R
ES0000000000003960CCPF;19/01/2023;20;0,202;R
ES0000000000003960CCPF;19/01/2023;21;0,316;R
ES0000000000003960CCPF;19/01/2023;22;0,355;R
ES0000000000003960CCPF;19/01/2023;23;0,514;R
ES0000000000003960CCPF;20/01/2023;0;0,508;R
ES0000000000003960CCPF;20/01/2023;1;0,731;R
ES0000000000003960CCPF;20/01/2023;2;2,179;R
ES0000000000003960CCPF;20/01/2023;3;2,427;R
ES0000000000003960CCPF;20/01/2023;4;3,322;R
ES0000000000003960CCPF;20/01/2023;5;2,524;R
ES0000000000003960CCPF;20/01/2023;6;0,287;R
ES0000000000003960CCPF;20/01/2023;7;0,501;R
ES0000000000003960CCPF;20/01/2023;8;0,651;R
ES0000000000003960CCPF;20/01/2023;9;0,575;R
ES0000000000003960CCPF;20/01/2023;10;0,238;R
ES0000000000003960CCPF;20/01/2023;11;0,673;R
ES0000000000003960CCPF;20/01/2023;12;0,178;R
ES0000000000003960CCPF;20/01/2023;13;0,197;R
ES0000000000003960CCPF;20/01/2023;14;0,197;R
ES0000000000003960CCPF;20/01/2023;15;0,186;R
ES0000000000003960CCPF;20/01/2023;16;0,182;R
ES0000000000003960CCPF;20/01/2023;17;0,201;R
ES0000000000003960CCPF;20/01/2023;18;0,482;R
ES0000000000003960CCPF;20/01/2023;19;0,186;R
ES0000000000003960CCPF;20/01/2023;20;0,748;R
ES0000000000003960CCPF;20/01/2023;21;0,232;R
ES0000000000003960CCPF;20/01/2023;22;0,196;R
ES0000000000003960CCPF;20/01/2023;23;0,936;R
ES0000000000003960CCPF;21/01/2023;0;2,433;R
ES0000000000003960CCPF;21/01/2023;1;2,433;R
ES0000000000003960CCPF;21/01/2023;2;2,887;R
ES0000000000003960CCPF;21/01/2023;3;2,196;R
ES0000000000003960CCPF;21/01/2023;4;2,08;R
ES0000000000003960CCPF;21/01/2023;5;2,239;R
ES0000000000003960CCPF;21/01/2023;6;0,284;R
ES0000000000003960CCPF;21/01/2023;7;0,249;R
ES0000000000003960CCPF;21/01/2023;8;0,449;R
ES0000000000003960CCPF;21/01/2023;9;1,005;R
ES0000000000003960CCPF;21/01/2023;10;1,11;R
ES0000000000003960CCPF;21/01/2023;11;0,397;R
ES0000000000003960CCPF;21/01/2023;12;0,23;R
ES0000000000003960CCPF;21/01/2023;13;0,356;R
ES0000000000003960CCPF;21/01/2023;14;0,175;R
ES0000000000003960CCPF;21/01/2023;15;0,198;R
ES0000000000003960CCPF;21/01/2023;16;0,166;R
ES0000000000003960CCPF;21/01/2023;17;0,17;R
ES0000000000003960CCPF;21/01/2023;18;0,196;R
ES0000000000003960CCPF;21/01/2023;19;0,168;R
ES0000000000003960CCPF;21/01/2023;20;0,189;R
ES0000000000003960CCPF;21/01/2023;21;0,216;R
ES0000000000003960CCPF;21/01/2023;22;0,196;R
ES0000000000003960CCPF;21/01/2023;23;0,193;R
ES0000000000003960CCPF;22/01/2023;0;0,265;R
ES0000000000003960CCPF;22/01/2023;1;0,679;R
ES0000000000003960CCPF;22/01/2023;2;0,45;R
ES0000000000003960CCPF;22/01/2023;3;1,097;R
ES0000000000003960CCPF;22/01/2023;4;0,737;R
ES0000000000003960CCPF;22/01/2023;5;1,632;R
ES0000000000003960CCPF;22/01/2023;6;2,002;R
ES0000000000003960CCPF;22/01/2023;7;0,511;R
ES0000000000003960CCPF;22/01/2023;8;0,191;R
ES0000000000003960CCPF;22/01/2023;9;0,364;R
ES0000000000003960CCPF;22/01/2023;10;0,615;R
ES0000000000003960CCPF;22/01/2023;11;0,455;R
ES0000000000003960CCPF;22/01/2023;12;0,19;R
ES0000000000003960CCPF;22/01/2023;13;0,374;R
ES0000000000003960CCPF;22/01/2023;14;0,427;R
ES0000000000003960CCPF;22/01/2023;15;0,241;R
ES0000000000003960CCPF;22/01/2023;16;0,368;R
ES0000000000003960CCPF;22/01/2023;17;0,48;R
ES0000000000003960CCPF;22/01/2023;18;0,323;R
ES0000000000003960CCPF;22/01/2023;19;0,215;R
ES0000000000003960CCPF;22/01/2023;20;0,553;R
ES0000000000003960CCPF;22/01/2023;21;0,773;R
ES0000000000003960CCPF;22/01/2023;22;0,316;R
ES0000000000003960CCPF;22/01/2023;23;0,222;R
ES0000000000003960CCPF;23/01/2023;0;0,251;R
ES0000000000003960CCPF;23/01/2023;1;0,246;R
ES0000000000003960CCPF;23/01/2023;2;0,183;R
ES0000000000003960CCPF;23/01/2023;3;0,195;R
ES0000000000003960CCPF;23/01/2023;4;0,144;R
ES0000000000003960CCPF;23/01/2023;5;0,183;R
ES0000000000003960CCPF;23/01/2023;6;0,172;R
ES0000000000003960CCPF;23/01/2023;7;0,174;R
ES0000000000003960CCPF;23/01/2023;8;0,298;R
ES0000000000003960CCPF;23/01/2023;9;0,185;R
ES0000000000003960CCPF;23/01/2023;10;0,189;R
ES0000000000003960CCPF;23/01/2023;11;0,145;R
ES0000000000003960CCPF;23/01/2023;12;0,185;R
ES0000000000003960CCPF;23/01/2023;13;0,297;R
ES0000000000003960CCPF;23/01/2023;14;0,602;R
ES0000000000003960CCPF;23/01/2023;15;0,452;R
ES0000000000003960CCPF;23/01/2023;16;0,348;R
ES0000000000003960CCPF;23/01/2023;17;0,574;R
ES0000000000003960CCPF;23/01/2023;18;1,098;R
ES0000000000003960CCPF;23/01/2023;19;0,536;R
ES0000000000003960CCPF;23/01/2023;20;0,352;R
ES0000000000003960CCPF;23/01/2023;21;0,274;R
ES0000000000003960CCPF;23/01/2023;22;0,905;R
ES0000000000003960CCPF;23/01/2023;23;0,526;R
ES0000000000003960CCPF;24/01/2023;0;0,535;R
ES0000000000003960CCPF;24/01/2023;1;0,216;R
ES0000000000003960CCPF;24/01/2023;2;0,191;R
ES0000000000003960CCPF;24/01/2023;3;0,174;R
ES0000000000003960CCPF;24/01/2023;4;0,17;R
ES0000000000003960CCPF;24/01/2023;5;0,158;R
ES0000000000003960CCPF;24/01/2023;6;0,183;R
ES0000000000003960CCPF;24/01/2023;7;0,182;R
ES0000000000003960CCPF;24/01/2023;8;0,159;R
ES0000000000003960CCPF;24/01/2023;9;0,176;R
ES0000000000003960CCPF;24/01/2023;10;0,153;R
ES0000000000003960CCPF;24/01/2023;11;0,336;R
ES0000000000003960CCPF;24/01/2023;12;0,236;R
ES0000000000003960CCPF;24/01/2023;13;0,511;R
ES0000000000003960CCPF;24/01/2023;14;0,974;R
ES0000000000003960CCPF;24/01/2023;15;1,013;R
ES0000000000003960CCPF;24/01/2023;16;0,268;R
ES0000000000003960CCPF;24/01/2023;17;0,185;R
ES0000000000003960CCPF;24/01/2023;18;0,18;R
ES0000000000003960CCPF;24/01/2023;19;0,341;R
ES0000000000003960CCPF;24/01/2023;20;0,216;R
ES0000000000003960CCPF;24/01/2023;21;0,264;R
ES0000000000003960CCPF;24/01/2023;22;0,233;R
ES0000000000003960CCPF;24/01/2023;23;0,255;R
ES0000000000003960CCPF;25/01/2023;0;0,231;R
ES0000000000003960CCPF;25/01/2023;1;0,223;R
ES0000000000003960CCPF;25/01/2023;2;0,191;R
ES0000000000003960CCPF;25/01/2023;3;0,166;R
ES0000000000003960CCPF;25/01/2023;4;0,178;R
ES0000000000003960CCPF;25/01/2023;5;0,16;R
ES0000000000003960CCPF;25/01/2023;6;0,149;R
ES0000000000003960CCPF;25/01/2023;7;0,174;R
ES0000000000003960CCPF;25/01/2023;8;0,152;R
ES0000000000003960CCPF;25/01/2023;9;0,172;R
ES0000000000003960CCPF;25/01/2023;10;0,169;R
ES0000000000003960CCPF;25/01/2023;11;0,64;R
ES0000000000003960CCPF;25/01/2023;12;0,987;R
ES0000000000003960CCPF;25/01/2023;13;0,518;R
ES0000000000003960CCPF;25/01/2023;14;0,442;R
ES0000000000003960CCPF;25/01/2023;15;1,073;R
ES0000000000003960CCPF;25/01/2023;16;0,232;R
ES0000000000003960CCPF;25/01/2023;17;0,258;R
ES0000000000003960CCPF;25/01/2023;18;0,182;R
ES0000000000003960CCPF;25/01/2023;19;0,221;R
ES0000000000003960CCPF;25/01/2023;20;0,262;R
ES0000000000003960CCPF;25/01/2023;21;0,447;R
ES0000000000003960CCPF;25/01/2023;22;0,372;R
ES0000000000003960CCPF;25/01/2023;23;0,332;R
ES0000000000003960CCPF;26/01/2023;0;0,234;R
ES0000000000003960CCPF;26/01/2023;1;0,203;R
ES0000000000003960CCPF;26/01/2023;2;0,582;R
ES0000000000003960CCPF;26/01/2023;3;0,214;R
ES0000000000003960CCPF;26/01/2023;4;0,755;R
ES0000000000003960CCPF;26/01/2023;5;0,178;R
ES0000000000003960CCPF;26/01/2023;6;0,144;R
ES0000000000003960CCPF;26/01/2023;7;0,173;R
ES0000000000003960CCPF;26/01/2023;8;0,159;R
ES0000000000003960CCPF;26/01/2023;9;0,248;R
ES0000000000003960CCPF;26/01/2023;10;1,321;R
ES0000000000003960CCPF;26/01/2023;11;1,032;R
ES0000000000003960CCPF;26/01/2023;12;0,333;R
ES0000000000003960CCPF;26/01/2023;13;0,757;R
ES0000000000003960CCPF;26/01/2023;14;0,484;R
ES0000000000003960CCPF;26/01/2023;15;0,2;R
ES0000000000003960CCPF;26/01/2023;16;1,585;R
ES0000000000003960CCPF;26/01/2023;17;1,955;R
ES0000000000003960CCPF;26/01/2023;18;1,879;R
ES0000000000003960CCPF;26/01/2023;19;1,879;R
ES0000000000003960CCPF;26/01/2023;20;1,984;R
ES0000000000003960CCPF;26/01/2023;21;2,011;R
ES0000000000003960CCPF;26/01/2023;22;2,182;R
ES0000000000003960CCPF;26/01/2023;23;2,055;R
ES0000000000003960CCPF;27/01/2023;0;1,942;R
ES0000000000003960CCPF;27/01/2023;1;1,963;R
ES0000000000003960CCPF;27/01/2023;2;2,202;R
ES0000000000003960CCPF;27/01/2023;3;1,973;R
ES0000000000003960CCPF;27/01/2023;4;1,602;R
ES0000000000003960CCPF;27/01/2023;5;0,232;R
ES0000000000003960CCPF;27/01/2023;6;0,235;R
ES0000000000003960CCPF;27/01/2023;7;0,199;R
ES0000000000003960CCPF;27/01/2023;8;0,578;R
ES0000000000003960CCPF;27/01/2023;9;0,622;R
ES0000000000003960CCPF;27/01/2023;10;0,632;R
ES0000000000003960CCPF;27/01/2023;11;0,171;R
ES0000000000003960CCPF;27/01/2023;12;0,213;R
ES0000000000003960CCPF;27/01/2023;13;0,19;R
ES0000000000003960CCPF;27/01/2023;14;0,348;R
ES0000000000003960CCPF;27/01/2023;15;1,919;R
ES0000000000003960CCPF;27/01/2023;16;2,476;R
ES0000000000003960CCPF;27/01/2023;17;1,9;R
ES0000000000003960CCPF;27/01/2023;18;1,909;R
ES0000000000003960CCPF;27/01/2023;19;1,928;R
ES0000000000003960CCPF;27/01/2023;20;2,138;R
ES0000000000003960CCPF;27/01/2023;21;2,07;R
ES0000000000003960CCPF;27/01/2023;22;2,003;R
ES0000000000003960CCPF;27/01/2023;23;1,986;R
ES0000000000003960CCPF;28/01/2023;0;1,952;R
ES0000000000003960CCPF;28/01/2023;1;1,981;R
ES0000000000003960CCPF;28/01/2023;2;1,99;R
ES0000000000003960CCPF;28/01/2023;3;1,941;R
ES0000000000003960CCPF;28/01/2023;4;1,972;R
ES0000000000003960CCPF;28/01/2023;5;2,015;R
ES0000000000003960CCPF;28/01/2023;6;0,236;R
ES0000000000003960CCPF;28/01/2023;7;0,742;R
ES0000000000003960CCPF;28/01/2023;8;0,213;R
ES0000000000003960CCPF;28/01/2023;9;0,171;R
ES0000000000003960CCPF;28/01/2023;10;0,204;R
ES0000000000003960CCPF;28/01/2023;11;0,188;R
ES0000000000003960CCPF;28/01/2023;12;0,186;R
ES0000000000003960CCPF;28/01/2023;13;0,296;R
ES0000000000003960CCPF;28/01/2023;14;0,202;R
ES0000000000003960CCPF;28/01/2023;15;0,175;R
ES0000000000003960CCPF;28/01/2023;16;1,678;R
ES0000000000003960CCPF;28/01/2023;17;1,915;R
ES0000000000003960CCPF;28/01/2023;18;2,036;R
ES0000000000003960CCPF;28/01/2023;19;1,937;R
ES0000000000003960CCPF;28/01/2023;20;2,082;R
ES0000000000003960CCPF;28/01/2023;21;1,947;R
ES0000000000003960CCPF;28/01/2023;22;1,94;R
ES0000000000003960CCPF;28/01/2023;23;1,948;R
ES0000000000003960CCPF;29/01/2023;0;1,948;R
ES0000000000003960CCPF;29/01/2023;1;1,968;R
ES0000000000003960CCPF;29/01/2023;2;2,968;R
ES0000000000003960CCPF;29/01/2023;3;3,034;R
ES0000000000003960CCPF;29/01/2023;4;2,605;R
ES0000000000003960CCPF;29/01/2023;5;1,99;R
ES0000000000003960CCPF;29/01/2023;6;1,808;R
ES0000000000003960CCPF;29/01/2023;7;0,235;R
ES0000000000003960CCPF;29/01/2023;8;0,633;R
ES0000000000003960CCPF;29/01/2023;9;0,629;R
ES0000000000003960CCPF;29/01/2023;10;0,206;R
ES0000000000003960CCPF;29/01/2023;11;0,186;R
ES0000000000003960CCPF;29/01/2023;12;0,171;R
ES0000000000003960CCPF;29/01/2023;13;0,193;R
ES0000000000003960CCPF;29/01/2023;14;0,191;R
ES0000000000003960CCPF;29/01/2023;15;1,359;R
ES0000000000003960CCPF;29/01/2023;16;1,884;R
ES0000000000003960CCPF;29/01/2023;17;1,922;R
ES0000000000003960CCPF;29/01/2023;18;1,935;R
ES0000000000003960CCPF;29/01/2023;19;1,855;R
ES0000000000003960CCPF;29/01/2023;20;2,021;R
ES0000000000003960CCPF;29/01/2023;21;2,02;R
ES0000000000003960CCPF;29/01/2023;22;2,229;R
ES0000000000003960CCPF;29/01/2023;23;2,172;R
ES0000000000003960CCPF;30/01/2023;0;2,028;R
ES0000000000003960CCPF;30/01/2023;1;2,043;R
ES0000000000003960CCPF;30/01/2023;2;2,881;R
ES0000000000003960CCPF;30/01/2023;3;2,482;R
ES0000000000003960CCPF;30/01/2023;4;2,088;R
ES0000000000003960CCPF;30/01/2023;5;2,321;R
ES0000000000003960CCPF;30/01/2023;6;1,924;R
ES0000000000003960CCPF;30/01/2023;7;0,704;R
ES0000000000003960CCPF;30/01/2023;8;0,18;R
ES0000000000003960CCPF;30/01/2023;9;0,179;R
ES0000000000003960CCPF;30/01/2023;10;0,196;R
ES0000000000003960CCPF;30/01/2023;11;0,161;R
ES0000000000003960CCPF;30/01/2023;12;0,196;R
ES0000000000003960CCPF;30/01/2023;13;0,178;R
ES0000000000003960CCPF;30/01/2023;14;0,222;R
ES0000000000003960CCPF;30/01/2023;15;0,494;R
ES0000000000003960CCPF;30/01/2023;16;0,617;R
ES0000000000003960CCPF;30/01/2023;17;0,461;R
ES0000000000003960CCPF;30/01/2023;18;0,461;R
ES0000000000003960CCPF;30/01/2023;19;1,379;R
ES0000000000003960CCPF;30/01/2023;20;1,065;R
ES0000000000003960CCPF;30/01/2023;21;0,32;R
ES0000000000003960CCPF;30/01/2023;22;0,304;R
ES0000000000003960CCPF;30/01/2023;23;0,767;R
ES0000000000003960CCPF;31/01/2023;0;0,262;R
ES0000000000003960CCPF;31/01/2023;1;0,311;R
ES0000000000003960CCPF;31/01/2023;2;0,228;R
ES0000000000003960CCPF;31/01/2023;3;0,168;R
ES0000000000003960CCPF;31/01/2023;4;0,167;R
ES0000000000003960CCPF;31/01/2023;5;0,153;R
ES0000000000003960CCPF;31/01/2023;6;0,175;R
ES0000000000003960CCPF;31/01/2023;7;0,176;R
ES0000000000003960CCPF;31/01/2023;8;0,941;R
ES0000000000003960CCPF;31/01/2023;9;1,127;R
ES0000000000003960CCPF;31/01/2023;10;0,851;R
ES0000000000003960CCPF;31/01/2023;11;0,161;R
ES0000000000003960CCPF;31/01/2023;12;0,4;R
ES0000000000003960CCPF;31/01/2023;13;0,929;R
ES0000000000003960CCPF;31/01/2023;14;0,463;R
ES0000000000003960CCPF;31/01/2023;15;0,423;R
ES0000000000003960CCPF;31/01/2023;16;1,108;R
ES0000000000003960CCPF;31/01/2023;17;1,088;R
ES0000000000003960CCPF;31/01/2023;18;1,118;R
ES0000000000003960CCPF;31/01/2023;19;0,652;R
ES0000000000003960CCPF;31/01/2023;20;0,271;R
ES0000000000003960CCPF;31/01/2023;21;0,258;R
ES0000000000003960CCPF;31/01/2023;22;0,286;R
ES0000000000003960CCPF;31/01/2023;23;0,374;R
ES0000000000003960CCPF;01/02/2023;0;0,363;R
ES0000000000003960CCPF;01/02/2023;1;0,464;R
ES0000000000003960CCPF;01/02/2023;2;0,331;R
ES0000000000003960CCPF;01/02/2023;3;0,677;R
ES0000000000003960CCPF;01/02/2023;4;0,257;R
ES0000000000003960CCPF;01/02/2023;5;0,174;R
ES0000000000003960CCPF;01/02/2023;6;0,155;R
ES0000000000003960CCPF;01/02/2023;7;0,179;R
ES0000000000003960CCPF;01/02/2023;8;0,157;R
ES0000000000003960CCPF;01/02/2023;9;0,34;R
ES0000000000003960CCPF;01/02/2023;10;0,226;R
ES0000000000003960CCPF;01/02/2023;11;0,289;R
ES0000000000003960CCPF;01/02/2023;12;0,238;R
ES0000000000003960CCPF;01/02/2023;13;0,146;R
ES0000000000003960CCPF;01/02/2023;14;0,174;R
ES0000000000003960CCPF;01/02/2023;15;1,007;R
ES0000000000003960CCPF;01/02/2023;16;0,75;R
ES0000000000003960CCPF;01/02/2023;17;0,445;R
ES0000000000003960CCPF;01/02/2023;18;0,249;R
ES0000000000003960CCPF;01/02/2023;19;0,183;R
ES0000000000003960CCPF;01/02/2023;20;0,269;R
ES0000000000003960CCPF;01/02/2023;21;0,267;R
ES0000000000003960CCPF;01/02/2023;22;0,366;R
ES0000000000003960CCPF;01/02/2023;23;0,353;R
ES0000000000003960CCPF;02/02/2023;0;0,21;R
ES0000000000003960CCPF;02/02/2023;1;0,166;R
ES0000000000003960CCPF;02/02/2023;2;0,196;R
ES0000000000003960CCPF;02/02/2023;3;0,193;R
ES0000000000003960CCPF;02/02/2023;4;0,173;R
ES0000000000003960CCPF;02/02/2023;5;0,192;R
ES0000000000003960CCPF;02/02/2023;6;0,169;R
ES0000000000003960CCPF;02/02/2023;7;0,172;R
ES0000000000003960CCPF;02/02/2023;8;0,167;R
ES0000000000003960CCPF;02/02/2023;9;0,301;R
ES0000000000003960CCPF;02/02/2023;10;0,245;R
ES0000000000003960CCPF;02/02/2023;11;0,324;R
ES0000000000003960CCPF;02/02/2023;12;0,171;R
ES0000000000003960CCPF;02/02/2023;13;0,187;R
ES0000000000003960CCPF;02/02/2023;14;0,171;R
ES0000000000003960CCPF;02/02/2023;15;0,327;R
ES0000000000003960CCPF;02/02/2023;16;0,221;R
ES0000000000003960CCPF;02/02/2023;17;0,575;R
ES0000000000003960CCPF;02/02/2023;18;0,444;R
ES0000000000003960CCPF;02/02/2023;19;0,217;R
ES0000000000003960CCPF;02/02/2023;20;0,256;R
ES0000000000003960CCPF;02/02/2023;21;0,276;R
ES0000000000003960CCPF;02/02/2023;22;0,299;R
ES0000000000003960CCPF;02/02/2023;23;0,208;R
ES0000000000003960CCPF;03/02/2023;0;0,231;R
ES0000000000003960CCPF;03/02/2023;1;0,215;R
ES0000000000003960CCPF;03/02/2023;2;0,171;R
ES0000000000003960CCPF;03/02/2023;3;0,194;R
ES0000000000003960CCPF;03/02/2023;4;0,182;R
ES0000000000003960CCPF;03/02/2023;5;0,164;R
ES0000000000003960CCPF;03/02/2023;6;0,189;R
ES0000000000003960CCPF;03/02/2023;7;0,179;R
ES0000000000003960CCPF;03/02/2023;8;0,166;R
ES0000000000003960CCPF;03/02/2023;9;0,185;R
ES0000000000003960CCPF;03/02/2023;10;0,313;R
ES0000000000003960CCPF;03/02/2023;11;0,391;R
ES0000000000003960CCPF;03/02/2023;12;0,186;R
ES0000000000003960CCPF;03/02/2023;13;0,255;R
ES0000000000003960CCPF;03/02/2023;14;0,166;R
ES0000000000003960CCPF;03/02/2023;15;0,183;R
ES0000000000003960CCPF;03/02/2023;16;0,176;R
ES0000000000003960CCPF;03/02/2023;17;0,169;R
ES0000000000003960CCPF;03/02/2023;18;0,189;R
ES0000000000003960CCPF;03/02/2023;19;0,179;R
ES0000000000003960CCPF;03/02/2023;20;0,174;R
ES0000000000003960CCPF;03/02/2023;21;0,18;R
ES0000000000003960CCPF;03/02/2023;22;0,175;R
ES0000000000003960CCPF;03/02/2023;23;0,165;R
ES0000000000003960CCPF;04/02/2023;0;0,187;R
ES0000000000003960CCPF;04/02/2023;1;0,185;R
ES0000000000003960CCPF;04/02/2023;2;0,17;R
ES0000000000003960CCPF;04/02/2023;3;0,191;R
ES0000000000003960CCPF;04/02/2023;4;0,185;R
ES0000000000003960CCPF;04/02/2023;5;0,173;R
ES0000000000003960CCPF;04/02/2023;6;0,189;R
ES0000000000003960CCPF;04/02/2023;7;0,174;R
ES0000000000003960CCPF;04/02/2023;8;0,162;R
ES0000000000003960CCPF;04/02/2023;9;0,173;R
ES0000000000003960CCPF;04/02/2023;10;0,153;R
ES0000000000003960CCPF;04/02/2023;11;0,173;R
ES0000000000003960CCPF;04/02/2023;12;0,177;R
ES0000000000003960CCPF;04/02/2023;13;0,157;R
ES0000000000003960CCPF;04/02/2023;14;0,18;R
ES0000000000003960CCPF;04/02/2023;15;0,181;R
ES0000000000003960CCPF;04/02/2023;16;0,162;R
ES0000000000003960CCPF;04/02/2023;17;0,188;R
ES0000000000003960CCPF;04/02/2023;18;0,182;R
ES0000000000003960CCPF;04/02/2023;19;0,161;R
ES0000000000003960CCPF;04/02/2023;20;0,172;R
ES0000000000003960CCPF;04/02/2023;21;0,183;R
ES0000000000003960CCPF;04/02/2023;22;0,182;R
ES0000000000003960CCPF;04/02/2023;23;0,178;R
ES0000000000003960CCPF;05/02/2023;0;0,191;R
ES0000000000003960CCPF;05/02/2023;1;0,189;R
ES0000000000003960CCPF;05/02/2023;2;0,167;R
ES0000000000003960CCPF;05/02/2023;3;0,189;R
ES0000000000003960CCPF;05/02/2023;4;0,189;R
ES0000000000003960CCPF;05/02/2023;5;0,162;R
ES0000000000003960CCPF;05/02/2023;6;0,179;R
ES0000000000003960CCPF;05/02/2023;7;0,177;R
ES0000000000003960CCPF;05/02/2023;8;0,152;R
ES0000000000003960CCPF;05/02/2023;9;0,181;R
ES0000000000003960CCPF;05/02/2023;10;0,177;R
ES0000000000003960CCPF;05/02/2023;11;0,158;R
ES0000000000003960CCPF;05/02/2023;12;0,178;R
ES0000000000003960CCPF;05/02/2023;13;0,172;R
ES0000000000003960CCPF;05/02/2023;14;0,166;R
ES0000000000003960CCPF;05/02/2023;15;0,179;R
ES0000000000003960CCPF;05/02/2023;16;0,176;R
ES0000000000003960CCPF;05/02/2023;17;0,743;R
ES0000000000003960CCPF;05/02/2023;18;1,092;R
ES0000000000003960CCPF;05/02/2023;19;0,618;R
ES0000000000003960CCPF;05/02/2023;20;1,393;R
ES0000000000003960CCPF;05/02/2023;21;0,607;R
ES0000000000003960CCPF;05/02/2023;22;0,274;R
ES0000000000003960CCPF;05/02/2023;23;0,211;R
ES0000000000003960CCPF;06/02/2023;0;0,256;R
ES0000000000003960CCPF;06/02/2023;1;0,244;R
ES0000000000003960CCPF;06/02/2023;2;0,181;R
ES0000000000003960CCPF;06/02/2023;3;0,204;R
ES0000000000003960CCPF;06/02/2023;4;0,2;R
ES0000000000003960CCPF;06/02/2023;5;0,17;R
ES0000000000003960CCPF;06/02/2023;6;0,188;R
ES0000000000003960CCPF;06/02/2023;7;0,188;R
ES0000000000003960CCPF;06/02/2023;8;0,174;R
ES0000000000003960CCPF;06/02/2023;9;0,306;R
ES0000000000003960CCPF;06/02/2023;10;0,225;R
ES0000000000003960CCPF;06/02/2023;11;0,262;R
ES0000000000003960CCPF;06/02/2023;12;0,201;R
ES0000000000003960CCPF;06/02/2023;13;0,333;R
ES0000000000003960CCPF;06/02/2023;14;0,194;R
ES0000000000003960CCPF;06/02/2023;15;0,288;R
ES0000000000003960CCPF;06/02/2023;16;0,376;R
ES0000000000003960CCPF;06/02/2023;17;0,307;R
ES0000000000003960CCPF;06/02/2023;18;0,236;R
ES0000000000003960CCPF;06/02/2023;19;0,332;R
ES0000000000003960CCPF;06/02/2023;20;0,264;R
ES0000000000003960CCPF;06/02/2023;21;0,207;R
ES0000000000003960CCPF;06/02/2023;22;0,387;R
ES0000000000003960CCPF;06/02/2023;23;0,325;R
ES0000000000003960CCPF;07/02/2023;0;0,672;R
ES0000000000003960CCPF;07/02/2023;1;0,566;R
ES0000000000003960CCPF;07/02/2023;2;0,203;R
ES0000000000003960CCPF;07/02/2023;3;0,753;R
ES0000000000003960CCPF;07/02/2023;4;0,2;R
ES0000000000003960CCPF;07/02/2023;5;0,169;R
ES0000000000003960CCPF;07/02/2023;6;0,191;R
ES0000000000003960CCPF;07/02/2023;7;0,684;R
ES0000000000003960CCPF;07/02/2023;8;1,024;R
ES0000000000003960CCPF;07/02/2023;9;0,989;R
ES0000000000003960CCPF;07/02/2023;10;0,329;R
ES0000000000003960CCPF;07/02/2023;11;0,2;R
ES0000000000003960CCPF;07/02/2023;12;0,373;R
ES0000000000003960CCPF;07/02/2023;13;0,17;R
ES0000000000003960CCPF;07/02/2023;14;0,239;R
ES0000000000003960CCPF;07/02/2023;15;0,376;R
ES0000000000003960CCPF;07/02/2023;16;0,378;R
ES0000000000003960CCPF;07/02/2023;17;0,194;R
ES0000000000003960CCPF;07/02/2023;18;0,169;R
ES0000000000003960CCPF;07/02/2023;19;0,348;R
ES0000000000003960CCPF;07/02/2023;20;0,235;R
ES0000000000003960CCPF;07/02/2023;21;0,231;R
ES0000000000003960CCPF;07/02/2023;22;0,27;R
ES0000000000003960CCPF;07/02/2023;23;0,258;R
ES0000000000003960CCPF;08/02/2023;0;0,21;R
ES0000000000003960CCPF;08/02/2023;1;0,203;R
ES0000000000003960CCPF;08/02/2023;2;0,178;R
ES0000000000003960CCPF;08/02/2023;3;0,204;R
ES0000000000003960CCPF;08/02/2023;4;0,203;R
ES0000000000003960CCPF;08/02/2023;5;0,171;R
ES0000000000003960CCPF;08/02/2023;6;0,192;R
ES0000000000003960CCPF;08/02/2023;7;0,169;R
ES0000000000003960CCPF;08/02/2023;8;0,184;R
ES0000000000003960CCPF;08/02/2023;9;0,18;R
ES0000000000003960CCPF;08/02/2023;10;0,339;R
ES0000000000003960CCPF;08/02/2023;11;0,315;R
ES0000000000003960CCPF;08/02/2023;12;0,185;R
ES0000000000003960CCPF;08/02/2023;13;0,219;R
ES0000000000003960CCPF;08/02/2023;14;0,186;R
ES0000000000003960CCPF;08/02/2023;15;0,343;R
ES0000000000003960CCPF;08/02/2023;16;0,194;R
ES0000000000003960CCPF;08/02/2023;17;0,275;R
ES0000000000003960CCPF;08/02/2023;18;0,245;R
ES0000000000003960CCPF;08/02/2023;19;0,335;R
ES0000000000003960CCPF;08/02/2023;20;0,474;R
ES0000000000003960CCPF;08/02/2023;21;0,589;R
ES0000000000003960CCPF;08/02/2023;22;0,561;R
ES0000000000003960CCPF;08/02/2023;23;0,211;R
ES0000000000003960CCPF;09/02/2023;0;0,217;R
ES0000000000003960CCPF;09/02/2023;1;0,186;R
ES0000000000003960CCPF;09/02/2023;2;0,171;R
ES0000000000003960CCPF;09/02/2023;3;0,2;R
ES0000000000003960CCPF;09/02/2023;4;0,169;R
ES0000000000003960CCPF;09/02/2023;5;0,18;R
ES0000000000003960CCPF;09/02/2023;6;0,184;R
ES0000000000003960CCPF;09/02/2023;7;0,161;R
ES0000000000003960CCPF;09/02/2023;8;0,189;R
ES0000000000003960CCPF;09/02/2023;9;0,336;R
ES0000000000003960CCPF;09/02/2023;10;0,228;R
ES0000000000003960CCPF;09/02/2023;11;0,162;R
ES0000000000003960CCPF;09/02/2023;12;0,183;R
ES0000000000003960CCPF;09/02/2023;13;0,197;R
ES0000000000003960CCPF;09/02/2023;14;0,366;R
ES0000000000003960CCPF;09/02/2023;15;0,458;R
ES0000000000003960CCPF;09/02/2023;16;0,56;R
ES0000000000003960CCPF;09/02/2023;17;0,332;R
ES0000000000003960CCPF;09/02/2023;18;0,252;R
ES0000000000003960CCPF;09/02/2023;19;0,263;R
ES0000000000003960CCPF;09/02/2023;20;0,459;R
ES0000000000003960CCPF;09/02/2023;21;0,338;R
ES0000000000003960CCPF;09/02/2023;22;0,343;R
ES0000000000003960CCPF;09/02/2023;23;0,301;R
ES0000000000003960CCPF;10/02/2023;0;0,376;R
ES0000000000003960CCPF;10/02/2023;1;0,265;R
ES0000000000003960CCPF;10/02/2023;2;0,195;R
ES0000000000003960CCPF;10/02/2023;3;0,19;R
ES0000000000003960CCPF;10/02/2023;4;0,187;R
ES0000000000003960CCPF;10/02/2023;5;0,191;R
ES0000000000003960CCPF;10/02/2023;6;0,162;R
ES0000000000003960CCPF;10/02/2023;7;0,201;R
ES0000000000003960CCPF;10/02/2023;8;0,164;R
ES0000000000003960CCPF;10/02/2023;9;0,322;R
ES0000000000003960CCPF;10/02/2023;10;0,233;R
ES0000000000003960CCPF;10/02/2023;11;0,349;R
ES0000000000003960CCPF;10/02/2023;12;0,196;R
ES0000000000003960CCPF;10/02/2023;13;0,258;R
ES0000000000003960CCPF;10/02/2023;14;0,186;R
ES0000000000003960CCPF;10/02/2023;15;0,216;R
ES0000000000003960CCPF;10/02/2023;16;0,366;R
ES0000000000003960CCPF;10/02/2023;17;0,204;R
ES0000000000003960CCPF;10/02/2023;18;0,259;R
ES0000000000003960CCPF;10/02/2023;19;0,663;R
ES0000000000003960CCPF;10/02/2023;20;0,349;R
ES0000000000003960CCPF;10/02/2023;21;0,253;R
ES0000000000003960CCPF;10/02/2023;22;0,236;R
ES0000000000003960CCPF;10/02/2023;23;0,408;R
ES0000000000003960CCPF;11/02/2023;0;0,275;R
ES0000000000003960CCPF;11/02/2023;1;0,22;R
ES0000000000003960CCPF;11/02/2023;2;0,555;R
ES0000000000003960CCPF;11/02/2023;3;0,229;R
ES0000000000003960CCPF;11/02/2023;4;0,79;R
ES0000000000003960CCPF;11/02/2023;5;0,161;R
ES0000000000003960CCPF;11/02/2023;6;0,207;R
ES0000000000003960CCPF;11/02/2023;7;0,179;R
ES0000000000003960CCPF;11/02/2023;8;0,168;R
ES0000000000003960CCPF;11/02/2023;9;1,206;R
ES0000000000003960CCPF;11/02/2023;10;1,063;R
ES0000000000003960CCPF;11/02/2023;11;1,143;R
ES0000000000003960CCPF;11/02/2023;12;0,281;R
ES0000000000003960CCPF;11/02/2023;13;0,444;R
ES0000000000003960CCPF;11/02/2023;14;0,644;R
ES0000000000003960CCPF;11/02/2023;15;1,895;R
ES0000000000003960CCPF;11/02/2023;16;1,092;R
ES0000000000003960CCPF;11/02/2023;17;0,193;R
ES0000000000003960CCPF;11/02/2023;18;0,28;R
ES0000000000003960CCPF;11/02/2023;19;0,207;R
ES0000000000003960CCPF;11/02/2023;20;0,341;R
ES0000000000003960CCPF;11/02/2023;21;0,215;R
ES0000000000003960CCPF;11/02/2023;22;0,283;R
ES0000000000003960CCPF;11/02/2023;23;0,445;R
ES0000000000003960CCPF;12/02/2023;0;0,268;R
ES0000000000003960CCPF;12/02/2023;1;0,372;R
ES0000000000003960CCPF;12/02/2023;2;0,61;R
ES0000000000003960CCPF;12/02/2023;3;0,238;R
ES0000000000003960CCPF;12/02/2023;4;0,809;R
ES0000000000003960CCPF;12/02/2023;5;0,229;R
ES0000000000003960CCPF;12/02/2023;6;0,257;R
ES0000000000003960CCPF;12/02/2023;7;0,244;R
ES0000000000003960CCPF;12/02/2023;8;0,163;R
ES0000000000003960CCPF;12/02/2023;9;0,195;R
ES0000000000003960CCPF;12/02/2023;10;0,353;R
ES0000000000003960CCPF;12/02/2023;11;0,372;R
ES0000000000003960CCPF;12/02/2023;12;0,252;R
ES0000000000003960CCPF;12/02/2023;13;0,532;R
ES0000000000003960CCPF;12/02/2023;14;0,561;R
ES0000000000003960CCPF;12/02/2023;15;0,807;R
ES0000000000003960CCPF;12/02/2023;16;0,395;R
ES0000000000003960CCPF;12/02/2023;17;0,218;R
ES0000000000003960CCPF;12/02/2023;18;0,262;R
ES0000000000003960CCPF;12/02/2023;19;0,253;R
ES0000000000003960CCPF;12/02/2023;20;0,492;R
ES0000000000003960CCPF;12/02/2023;21;0,191;R
ES0000000000003960CCPF;12/02/2023;22;0,435;R
ES0000000000003960CCPF;12/02/2023;23;0,73;R
ES0000000000003960CCPF;13/02/2023;0;0,789;R
ES0000000000003960CCPF;13/02/2023;1;0,731;R
ES0000000000003960CCPF;13/02/2023;2;0,198;R
ES0000000000003960CCPF;13/02/2023;3;0,219;R
ES0000000000003960CCPF;13/02/2023;4;1,067;R
ES0000000000003960CCPF;13/02/2023;5;0,411;R
ES0000000000003960CCPF;13/02/2023;6;0,764;R
ES0000000000003960CCPF;13/02/2023;7;0,177;R
ES0000000000003960CCPF;13/02/2023;8;0,206;R
ES0000000000003960CCPF;13/02/2023;9;0,306;R
ES0000000000003960CCPF;13/02/2023;10;0,286;R
ES0000000000003960CCPF;13/02/2023;11;0,204;R
ES0000000000003960CCPF;13/02/2023;12;0,356;R
ES0000000000003960CCPF;13/02/2023;13;0,207;R
ES0000000000003960CCPF;13/02/2023;14;0,575;R
ES0000000000003960CCPF;13/02/2023;15;0,325;R
ES0000000000003960CCPF;13/02/2023;16;0,369;R
ES0000000000003960CCPF;13/02/2023;17;0,286;R
ES0000000000003960CCPF;13/02/2023;18;0,473;R
ES0000000000003960CCPF;13/02/2023;19;0,326;R
ES0000000000003960CCPF;13/02/2023;20;0,296;R
ES0000000000003960CCPF;13/02/2023;21;0,343;R
ES0000000000003960CCPF;13/02/2023;22;0,348;R
ES0000000000003960CCPF;13/02/2023;23;0,263;R
ES0000000000003960CCPF;14/02/2023;0;0,288;R
ES0000000000003960CCPF;14/02/2023;1;0,235;R
ES0000000000003960CCPF;14/02/2023;2;0,173;R
ES0000000000003960CCPF;14/02/2023;3;0,293;R
ES0000000000003960CCPF;14/02/2023;4;0,762;R
ES0000000000003960CCPF;14/02/2023;5;0,833;R
ES0000000000003960CCPF;14/02/2023;6;0,195;R
ES0000000000003960CCPF;14/02/2023;7;0,193;R
ES0000000000003960CCPF;14/02/2023;8;0,929;R
ES0000000000003960CCPF;14/02/2023;9;0,954;R
ES0000000000003960CCPF;14/02/2023;10;0,884;R
ES0000000000003960CCPF;14/02/2023;11;0,277;R
ES0000000000003960CCPF;14/02/2023;12;0,251;R
ES0000000000003960CCPF;14/02/2023;13;0,596;R
ES0000000000003960CCPF;14/02/2023;14;0,899;R
ES0000000000003960CCPF;14/02/2023;15;1,594;R
ES0000000000003960CCPF;14/02/2023;16;0,506;R
ES0000000000003960CCPF;14/02/2023;17;0,231;R
ES0000000000003960CCPF;14/02/2023;18;0,279;R
ES0000000000003960CCPF;14/02/2023;19;0,605;R
ES0000000000003960CCPF;14/02/2023;20;0,358;R
ES0000000000003960CCPF;14/02/2023;21;0,268;R
ES0000000000003960CCPF;14/02/2023;22;0,289;R
ES0000000000003960CCPF;14/02/2023;23;0,252;R
ES0000000000003960CCPF;15/02/2023;0;0,335;R
ES0000000000003960CCPF;15/02/2023;1;0,263;R
ES0000000000003960CCPF;15/02/2023;2;0,287;R
ES0000000000003960CCPF;15/02/2023;3;0,518;R
ES0000000000003960CCPF;15/02/2023;4;0,249;R
ES0000000000003960CCPF;15/02/2023;5;0,775;R
ES0000000000003960CCPF;15/02/2023;6;0,187;R
ES0000000000003960CCPF;15/02/2023;7;0,191;R
ES0000000000003960CCPF;15/02/2023;8;0,356;R
ES0000000000003960CCPF;15/02/2023;9;0,338;R
ES0000000000003960CCPF;15/02/2023;10;0,273;R
ES0000000000003960CCPF;15/02/2023;11;0,228;R
ES0000000000003960CCPF;15/02/2023;12;0,186;R
ES0000000000003960CCPF;15/02/2023;13;0,341;R
ES0000000000003960CCPF;15/02/2023;14;0,31;R
ES0000000000003960CCPF;15/02/2023;15;0,287;R
ES0000000000003960CCPF;15/02/2023;16;0,308;R
ES0000000000003960CCPF;15/02/2023;17;0,389;R
ES0000000000003960CCPF;15/02/2023;18;0,33;R
ES0000000000003960CCPF;15/02/2023;19;0,24;R
ES0000000000003960CCPF;15/02/2023;20;0,301;R
ES0000000000003960CCPF;15/02/2023;21;0,332;R
ES0000000000003960CCPF;15/02/2023;22;0,405;R
ES0000000000003960CCPF;15/02/2023;23;0,378;R
ES0000000000003960CCPF;16/02/2023;0;0,487;R
ES0000000000003960CCPF;16/02/2023;1;0,589;R
ES0000000000003960CCPF;16/02/2023;2;0,252;R
ES0000000000003960CCPF;16/02/2023;3;0,712;R
ES0000000000003960CCPF;16/02/2023;4;0,218;R
ES0000000000003960CCPF;16/02/2023;5;0,222;R
ES0000000000003960CCPF;16/02/2023;6;0,19;R
ES0000000000003960CCPF;16/02/2023;7;0,202;R
ES0000000000003960CCPF;16/02/2023;8;0,23;R
ES0000000000003960CCPF;16/02/2023;9;0,35;R
ES0000000000003960CCPF;16/02/2023;10;0,473;R
ES0000000000003960CCPF;16/02/2023;11;0,709;R
ES0000000000003960CCPF;16/02/2023;12;0,281;R
ES0000000000003960CCPF;16/02/2023;13;0,322;R
ES0000000000003960CCPF;16/02/2023;14;0,433;R
ES0000000000003960CCPF;16/02/2023;15;1,24;R
ES0000000000003960CCPF;16/02/2023;16;0,332;R
ES0000000000003960CCPF;16/02/2023;17;0,196;R
ES0000000000003960CCPF;16/02/2023;18;0,327;R
ES0000000000003960CCPF;16/02/2023;19;0,711;R
ES0000000000003960CCPF;16/02/2023;20;0,462;R
ES0000000000003960CCPF;16/02/2023;21;0,341;R
ES0000000000003960CCPF;16/02/2023;22;0,308;R
ES0000000000003960CCPF;16/02/2023;23;0,336;R
ES0000000000003960CCPF;17/02/2023;0;0,371;R
ES0000000000003960CCPF;17/02/2023;1;0,326;R
ES0000000000003960CCPF;17/02/2023;2;0,333;R
ES0000000000003960CCPF;17/02/2023;3;0,238;R
ES0000000000003960CCPF;17/02/2023;4;0,627;R
ES0000000000003960CCPF;17/02/2023;5;0,221;R
ES0000000000003960CCPF;17/02/2023;6;0,811;R
ES0000000000003960CCPF;17/02/2023;7;0,204;R
ES0000000000003960CCPF;17/02/2023;8;0,231;R
ES0000000000003960CCPF;17/02/2023;9;0,398;R
ES0000000000003960CCPF;17/02/2023;10;0,445;R
ES0000000000003960CCPF;17/02/2023;11;0,316;R
ES0000000000003960CCPF;17/02/2023;12;0,19;R
ES0000000000003960CCPF;17/02/2023;13;0,291;R
ES0000000000003960CCPF;17/02/2023;14;0,248;R
ES0000000000003960CCPF;17/02/2023;15;0,317;R
ES0000000000003960CCPF;17/02/2023;16;0,684;R
ES0000000000003960CCPF;17/02/2023;17;0,638;R
ES0000000000003960CCPF;17/02/2023;18;0,28;R
ES0000000000003960CCPF;17/02/2023;19;0,352;R
ES0000000000003960CCPF;17/02/2023;20;0,34;R
ES0000000000003960CCPF;17/02/2023;21;0,322;R
ES0000000000003960CCPF;17/02/2023;22;0,308;R
ES0000000000003960CCPF;17/02/2023;23;0,369;R
ES0000000000003960CCPF;18/02/2023;0;0,341;R
ES0000000000003960CCPF;18/02/2023;1;0,281;R
ES0000000000003960CCPF;18/02/2023;2;0,301;R
ES0000000000003960CCPF;18/02/2023;3;0,248;R
ES0000000000003960CCPF;18/02/2023;4;0,19;R
ES0000000000003960CCPF;18/02/2023;5;0,235;R
ES0000000000003960CCPF;18/02/2023;6;0,221;R
ES0000000000003960CCPF;18/02/2023;7;0,195;R
ES0000000000003960CCPF;18/02/2023;8;0,203;R
ES0000000000003960CCPF;18/02/2023;9;0,201;R
ES0000000000003960CCPF;18/02/2023;10;0,402;R
ES0000000000003960CCPF;18/02/2023;11;0,22;R
ES0000000000003960CCPF;18/02/2023;12;0,965;R
ES0000000000003960CCPF;18/02/2023;13;0,797;R
ES0000000000003960CCPF;18/02/2023;14;0,273;R
ES0000000000003960CCPF;18/02/2023;15;0,243;R
ES0000000000003960CCPF;18/02/2023;16;0,212;R
ES0000000000003960CCPF;18/02/2023;17;0,456;R
ES0000000000003960CCPF;18/02/2023;18;0,439;R
ES0000000000003960CCPF;18/02/2023;19;0,265;R
ES0000000000003960CCPF;18/02/2023;20;0,515;R
ES0000000000003960CCPF;18/02/2023;21;0,25;R
ES0000000000003960CCPF;18/02/2023;22;0,329;R
ES0000000000003960CCPF;18/02/2023;23;0,319;R
ES0000000000003960CCPF;19/02/2023;0;0,308;R
ES0000000000003960CCPF;19/02/2023;1;0,344;R
ES0000000000003960CCPF;19/02/2023;2;0,353;R
ES0000000000003960CCPF;19/02/2023;3;0,252;R
ES0000000000003960CCPF;19/02/2023;4;0,209;R
ES0000000000003960CCPF;19/02/2023;5;0,209;R
ES0000000000003960CCPF;19/02/2023;6;0,238;R
ES0000000000003960CCPF;19/02/2023;7;0,197;R
ES0000000000003960CCPF;19/02/2023;8;0,206;R
ES0000000000003960CCPF;19/02/2023;9;0,234;R
ES0000000000003960CCPF;19/02/2023;10;0,255;R
ES0000000000003960CCPF;19/02/2023;11;0,353;R
ES0000000000003960CCPF;19/02/2023;12;0,336;R
ES0000000000003960CCPF;19/02/2023;13;0,272;R
ES0000000000003960CCPF;19/02/2023;14;0,245;R
ES0000000000003960CCPF;19/02/2023;15;0,359;R
ES0000000000003960CCPF;19/02/2023;16;0,213;R
ES0000000000003960CCPF;19/02/2023;17;0,222;R
ES0000000000003960CCPF;19/02/2023;18;0,679;R
ES0000000000003960CCPF;19/02/2023;19;0,446;R
ES0000000000003960CCPF;19/02/2023;20;1,032;R
ES0000000000003960CCPF;19/02/2023;21;0,674;R
ES0000000000003960CCPF;19/02/2023;22;0,549;R
ES0000000000003960CCPF;19/02/2023;23;0,942;R
ES0000000000003960CCPF;20/02/2023;0;0,573;R
ES0000000000003960CCPF;20/02/2023;1;0,32;R
ES0000000000003960CCPF;20/02/2023;2;0,253;R
ES0000000000003960CCPF;20/02/2023;3;0,248;R
ES0000000000003960CCPF;20/02/2023;4;0,588;R
ES0000000000003960CCPF;20/02/2023;5;0,267;R
ES0000000000003960CCPF;20/02/2023;6;0,75;R
ES0000000000003960CCPF;20/02/2023;7;0,243;R
ES0000000000003960CCPF;20/02/2023;8;0,351;R
ES0000000000003960CCPF;20/02/2023;9;0,241;R
ES0000000000003960CCPF;20/02/2023;10;0,377;R
ES0000000000003960CCPF;20/02/2023;11;0,27;R
ES0000000000003960CCPF;20/02/2023;12;0,379;R
ES0000000000003960CCPF;20/02/2023;13;0,704;R
ES0000000000003960CCPF;20/02/2023;14;0,275;R
ES0000000000003960CCPF;20/02/2023;15;0,664;R
ES0000000000003960CCPF;20/02/2023;16;0,335;R
ES0000000000003960CCPF;20/02/2023;17;0,36;R
ES0000000000003960CCPF;20/02/2023;18;0,252;R
ES0000000000003960CCPF;20/02/2023;19;0,248;R
ES0000000000003960CCPF;20/02/2023;20;0,306;R
ES0000000000003960CCPF;20/02/2023;21;0,297;R
ES0000000000003960CCPF;20/02/2023;22;0,31;R
ES0000000000003960CCPF;20/02/2023;23;0,348;R
ES0000000000003960CCPF;21/02/2023;0;0,32;R
ES0000000000003960CCPF;21/02/2023;1;0,297;R
ES0000000000003960CCPF;21/02/2023;2;0,263;R
ES0000000000003960CCPF;21/02/2023;3;0,243;R
ES0000000000003960CCPF;21/02/2023;4;0,222;R
ES0000000000003960CCPF;21/02/2023;5;0,254;R
ES0000000000003960CCPF;21/02/2023;6;0,252;R
ES0000000000003960CCPF;21/02/2023;7;0,21;R
ES0000000000003960CCPF;21/02/2023;8;0,384;R
ES0000000000003960CCPF;21/02/2023;9;0,278;R
ES0000000000003960CCPF;21/02/2023;10;0,212;R
ES0000000000003960CCPF;21/02/2023;11;0,373;R
ES0000000000003960CCPF;21/02/2023;12;0,27;R
ES0000000000003960CCPF;21/02/2023;13;0,216;R
ES0000000000003960CCPF;21/02/2023;14;0,344;R
ES0000000000003960CCPF;21/02/2023;15;0,391;R
ES0000000000003960CCPF;21/02/2023;16;0,324;R
ES0000000000003960CCPF;21/02/2023;17;0,275;R
ES0000000000003960CCPF;21/02/2023;18;0,375;R
ES0000000000003960CCPF;21/02/2023;19;0,261;R
ES0000000000003960CCPF;21/02/2023;20;0,289;R
ES0000000000003960CCPF;21/02/2023;21;0,35;R
ES0000000000003960CCPF;21/02/2023;22;0,328;R
ES0000000000003960CCPF;21/02/2023;23;0,299;R
ES0000000000003960CCPF;22/02/2023;0;0,352;R
ES0000000000003960CCPF;22/02/2023;1;0,275;R
ES0000000000003960CCPF;22/02/2023;2;0,243;R
ES0000000000003960CCPF;22/02/2023;3;0,575;R
ES0000000000003960CCPF;22/02/2023;4;0,286;R
ES0000000000003960CCPF;22/02/2023;5;0,768;R
ES0000000000003960CCPF;22/02/2023;6;0,247;R
ES0000000000003960CCPF;22/02/2023;7;0,237;R
ES0000000000003960CCPF;22/02/2023;8;0,232;R
ES0000000000003960CCPF;22/02/2023;9;0,36;R
ES0000000000003960CCPF;22/02/2023;10;0,256;R
ES0000000000003960CCPF;22/02/2023;11;0,284;R
ES0000000000003960CCPF;22/02/2023;12;0,379;R
ES0000000000003960CCPF;22/02/2023;13;0,253;R
ES0000000000003960CCPF;22/02/2023;14;0,234;R
ES0000000000003960CCPF;22/02/2023;15;0,35;R
ES0000000000003960CCPF;22/02/2023;16;0,426;R
ES0000000000003960CCPF;22/02/2023;17;0,324;R
ES0000000000003960CCPF;22/02/2023;18;0,298;R
ES0000000000003960CCPF;22/02/2023;19;0,316;R
ES0000000000003960CCPF;22/02/2023;20;0,568;R
ES0000000000003960CCPF;22/02/2023;21;0,387;R
ES0000000000003960CCPF;22/02/2023;22;0,343;R
ES0000000000003960CCPF;22/02/2023;23;0,338;R
ES0000000000003960CCPF;23/02/2023;0;0,323;R
ES0000000000003960CCPF;23/02/2023;1;0,293;R
ES0000000000003960CCPF;23/02/2023;2;0,231;R
ES0000000000003960CCPF;23/02/2023;3;0,247;R
ES0000000000003960CCPF;23/02/2023;4;0,253;R
ES0000000000003960CCPF;23/02/2023;5;0,224;R
ES0000000000003960CCPF;23/02/2023;6;0,245;R
ES0000000000003960CCPF;23/02/2023;7;0,25;R
ES0000000000003960CCPF;23/02/2023;8;0,239;R
ES0000000000003960CCPF;23/02/2023;9;0,447;R
ES0000000000003960CCPF;23/02/2023;10;0,251;R
ES0000000000003960CCPF;23/02/2023;11;0,337;R
ES0000000000003960CCPF;23/02/2023;12;0,237;R
ES0000000000003960CCPF;23/02/2023;13;0,239;R
ES0000000000003960CCPF;23/02/2023;14;0,283;R
ES0000000000003960CCPF;23/02/2023;15;0,412;R
ES0000000000003960CCPF;23/02/2023;16;0,55;R
ES0000000000003960CCPF;23/02/2023;17;0,321;R
ES0000000000003960CCPF;23/02/2023;18;0,378;R
ES0000000000003960CCPF;23/02/2023;19;0,282;R
ES0000000000003960CCPF;23/02/2023;20;0,378;R
ES0000000000003960CCPF;23/02/2023;21;0,275;R
ES0000000000003960CCPF;23/02/2023;22;0,357;R
ES0000000000003960CCPF;23/02/2023;23;0,316;R
ES0000000000003960CCPF;24/02/2023;0;0,308;R
ES0000000000003960CCPF;24/02/2023;1;0,292;R
ES0000000000003960CCPF;24/02/2023;2;0,246;R
ES0000000000003960CCPF;24/02/2023;3;0,242;R
ES0000000000003960CCPF;24/02/2023;4;0,238;R
ES0000000000003960CCPF;24/02/2023;5;0,276;R
ES0000000000003960CCPF;24/02/2023;6;0,229;R
ES0000000000003960CCPF;24/02/2023;7;0,237;R
ES0000000000003960CCPF;24/02/2023;8;0,284;R
ES0000000000003960CCPF;24/02/2023;9;0,309;R
ES0000000000003960CCPF;24/02/2023;10;0,244;R
ES0000000000003960CCPF;24/02/2023;11;0,39;R
ES0000000000003960CCPF;24/02/2023;12;0,201;R
ES0000000000003960CCPF;24/02/2023;13;0,257;R
ES0000000000003960CCPF;24/02/2023;14;0,191;R
ES0000000000003960CCPF;24/02/2023;15;1,443;R
ES0000000000003960CCPF;24/02/2023;16;0,338;R
ES0000000000003960CCPF;24/02/2023;17;0,196;R
ES0000000000003960CCPF;24/02/2023;18;0,284;R
ES0000000000003960CCPF;24/02/2023;19;0,502;R
ES0000000000003960CCPF;24/02/2023;20;0,25;R
ES0000000000003960CCPF;24/02/2023;21;0,477;R
ES0000000000003960CCPF;24/02/2023;22;0,32;R
ES0000000000003960CCPF;24/02/2023;23;0,293;R
ES0000000000003960CCPF;25/02/2023;0;0,342;R
ES0000000000003960CCPF;25/02/2023;1;0,27;R
ES0000000000003960CCPF;25/02/2023;2;0,206;R
ES0000000000003960CCPF;25/02/2023;3;0,23;R
ES0000000000003960CCPF;25/02/2023;4;1,112;R
ES0000000000003960CCPF;25/02/2023;5;0,695;R
ES0000000000003960CCPF;25/02/2023;6;0,226;R
ES0000000000003960CCPF;25/02/2023;7;0,215;R
ES0000000000003960CCPF;25/02/2023;8;0,371;R
ES0000000000003960CCPF;25/02/2023;9;0,298;R
ES0000000000003960CCPF;25/02/2023;10;0,303;R
ES0000000000003960CCPF;25/02/2023;11;0,253;R
ES0000000000003960CCPF;25/02/2023;12;0,194;R
ES0000000000003960CCPF;25/02/2023;13;0,27;R
ES0000000000003960CCPF;25/02/2023;14;0,262;R
ES0000000000003960CCPF;25/02/2023;15;0,278;R
ES0000000000003960CCPF;25/02/2023;16;0,271;R
ES0000000000003960CCPF;25/02/2023;17;0,497;R
ES0000000000003960CCPF;25/02/2023;18;0,696;R
ES0000000000003960CCPF;25/02/2023;19;0,495;R
ES0000000000003960CCPF;25/02/2023;20;0,302;R
ES0000000000003960CCPF;25/02/2023;21;0,274;R
ES0000000000003960CCPF;25/02/2023;22;0,299;R
ES0000000000003960CCPF;25/02/2023;23;0,347;R
ES0000000000003960CCPF;26/02/2023;0;0,262;R
ES0000000000003960CCPF;26/02/2023;1;0,256;R
ES0000000000003960CCPF;26/02/2023;2;0,178;R
ES0000000000003960CCPF;26/02/2023;3;0,212;R
ES0000000000003960CCPF;26/02/2023;4;0,232;R
ES0000000000003960CCPF;26/02/2023;5;0,179;R
ES0000000000003960CCPF;26/02/2023;6;0,201;R
ES0000000000003960CCPF;26/02/2023;7;0,202;R
ES0000000000003960CCPF;26/02/2023;8;0,204;R
ES0000000000003960CCPF;26/02/2023;9;0,184;R
ES0000000000003960CCPF;26/02/2023;10;0,342;R
ES0000000000003960CCPF;26/02/2023;11;0,481;R
ES0000000000003960CCPF;26/02/2023;12;0,571;R
ES0000000000003960CCPF;26/02/2023;13;0,49;R
ES0000000000003960CCPF;26/02/2023;14;0,834;R
ES0000000000003960CCPF;26/02/2023;15;0,519;R
ES0000000000003960CCPF;26/02/2023;16;0,4;R
ES0000000000003960CCPF;26/02/2023;17;0,683;R
ES0000000000003960CCPF;26/02/2023;18;0,355;R
ES0000000000003960CCPF;26/02/2023;19;0,501;R
ES0000000000003960CCPF;26/02/2023;20;1,013;R
ES0000000000003960CCPF;26/02/2023;21;0,676;R
ES0000000000003960CCPF;26/02/2023;22;0,381;R
ES0000000000003960CCPF;26/02/2023;23;1,476;R
ES0000000000003960CCPF;27/02/2023;0;0,766;R
ES0000000000003960CCPF;27/02/2023;1;0,25;R
ES0000000000003960CCPF;27/02/2023;2;0,2;R
ES0000000000003960CCPF;27/02/2023;3;0,198;R
ES0000000000003960CCPF;27/02/2023;4;0,225;R
ES0000000000003960CCPF;27/02/2023;5;0,566;R
ES0000000000003960CCPF;27/02/2023;6;0,406;R
ES0000000000003960CCPF;27/02/2023;7;0,549;R
ES0000000000003960CCPF;27/02/2023;8;0,39;R
ES0000000000003960CCPF;27/02/2023;9;0,607;R
ES0000000000003960CCPF;27/02/2023;10;0,431;R
ES0000000000003960CCPF;27/02/2023;11;0,203;R
ES0000000000003960CCPF;27/02/2023;12;0,273;R
ES0000000000003960CCPF;27/02/2023;13;0,2;R
ES0000000000003960CCPF;27/02/2023;14;0,248;R
ES0000000000003960CCPF;27/02/2023;15;0,547;R
ES0000000000003960CCPF;27/02/2023;16;0,685;R
ES0000000000003960CCPF;27/02/2023;17;0,195;R
ES0000000000003960CCPF;27/02/2023;18;0,318;R
ES0000000000003960CCPF;27/02/2023;19;0,579;R
ES0000000000003960CCPF;27/02/2023;20;0,301;R
ES0000000000003960CCPF;27/02/2023;21;0,345;R
ES0000000000003960CCPF;27/02/2023;22;0,302;R
ES0000000000003960CCPF;27/02/2023;23;0,281;R
ES0000000000003960CCPF;28/02/2023;0;0,273;R
ES0000000000003960CCPF;28/02/2023;1;0,226;R
ES0000000000003960CCPF;28/02/2023;2;0,183;R
ES0000000000003960CCPF;28/02/2023;3;0,169;R
ES0000000000003960CCPF;28/02/2023;4;0,191;R
ES0000000000003960CCPF;28/02/2023;5;0,182;R
ES0000000000003960CCPF;28/02/2023;6;0,189;R
ES0000000000003960CCPF;28/02/2023;7;0,17;R
ES0000000000003960CCPF;28/02/2023;8;0,164;R
ES0000000000003960CCPF;28/02/2023;9;0,203;R
ES0000000000003960CCPF;28/02/2023;10;0,46;R
ES0000000000003960CCPF;28/02/2023;11;0,158;R
ES0000000000003960CCPF;28/02/2023;12;0,264;R
ES0000000000003960CCPF;28/02/2023;13;0,274;R
ES0000000000003960CCPF;28/02/2023;14;0,263;R
ES0000000000003960CCPF;28/02/2023;15;0,369;R
ES0000000000003960CCPF;28/02/2023;16;0,218;R
ES0000000000003960CCPF;28/02/2023;17;0,238;R
ES0000000000003960CCPF;28/02/2023;18;0,232;R
ES0000000000003960CCPF;28/02/2023;19;0,219;R
ES0000000000003960CCPF;28/02/2023;20;0,4;R
ES0000000000003960CCPF;28/02/2023;21;0,271;R
ES0000000000003960CCPF;28/02/2023;22;0,281;R
ES0000000000003960CCPF;28/02/2023;23;0,277;R
ES0000000000003960CCPF;01/03/2023;0;0,319;R
ES0000000000003960CCPF;01/03/2023;1;0,935;R
ES0000000000003960CCPF;01/03/2023;2;0,362;R
ES0000000000003960CCPF;01/03/2023;3;0,167;R
ES0000000000003960CCPF;01/03/2023;4;0,19;R
ES0000000000003960CCPF;01/03/2023;5;0,202;R
ES0000000000003960CCPF;01/03/2023;6;0,167;R
ES0000000000003960CCPF;01/03/2023;7;0,17;R
ES0000000000003960CCPF;01/03/2023;8;0,19;R
ES0000000000003960CCPF;01/03/2023;9;0,328;R
ES0000000000003960CCPF;01/03/2023;10;0,257;R
ES0000000000003960CCPF;01/03/2023;11;0,195;R
ES0000000000003960CCPF;01/03/2023;12;0,25;R
ES0000000000003960CCPF;01/03/2023;13;0,235;R
ES0000000000003960CCPF;01/03/2023;14;0,161;R
ES0000000000003960CCPF;01/03/2023;15;1,621;R
ES0000000000003960CCPF;01/03/2023;16;0,373;R
ES0000000000003960CCPF;01/03/2023;17;0,338;R
ES0000000000003960CCPF;01/03/2023;18;0,239;R
ES0000000000003960CCPF;01/03/2023;19;0,526;R
ES0000000000003960CCPF;01/03/2023;20;0,276;R
ES0000000000003960CCPF;01/03/2023;21;0,268;R
ES0000000000003960CCPF;01/03/2023;22;0,274;R
ES0000000000003960CCPF;01/03/2023;23;0,247;R
ES0000000000003960CCPF;02/03/2023;0;0,321;R
ES0000000000003960CCPF;02/03/2023;1;1,374;R
ES0000000000003960CCPF;02/03/2023;2;0,248;R
ES0000000000003960CCPF;02/03/2023;3;0,801;R
ES0000000000003960CCPF;02/03/2023;4;0,18;R
ES0000000000003960CCPF;02/03/2023;5;0,169;R
ES0000000000003960CCPF;02/03/2023;6;0,199;R
ES0000000000003960CCPF;02/03/2023;7;0,189;R
ES0000000000003960CCPF;02/03/2023;8;0,149;R
ES0000000000003960CCPF;02/03/2023;9;0,55;R
ES0000000000003960CCPF;02/03/2023;10;0,344;R
ES0000000000003960CCPF;02/03/2023;11;0,159;R
ES0000000000003960CCPF;02/03/2023;12;0,272;R
ES0000000000003960CCPF;02/03/2023;13;0,381;R
ES0000000000003960CCPF;02/03/2023;14;0,25;R
ES0000000000003960CCPF;02/03/2023;15;0,336;R
ES0000000000003960CCPF;02/03/2023;16;0,32;R
ES0000000000003960CCPF;02/03/2023;17;0,613;R
ES0000000000003960CCPF;02/03/2023;18;0,239;R
ES0000000000003960CCPF;02/03/2023;19;0,422;R
ES0000000000003960CCPF;02/03/2023;20;0,323;R
ES0000000000003960CCPF;02/03/2023;21;0,224;R
ES0000000000003960CCPF;02/03/2023;22;0,23;R
ES0000000000003960CCPF;02/03/2023;23;0,439;R
ES0000000000003960CCPF;03/03/2023;0;1,082;R
ES0000000000003960CCPF;03/03/2023;1;0,408;R
ES0000000000003960CCPF;03/03/2023;2;0,188;R
ES0000000000003960CCPF;03/03/2023;3;0,189;R
ES0000000000003960CCPF;03/03/2023;4;0,183;R
ES0000000000003960CCPF;03/03/2023;5;0,199;R
ES0000000000003960CCPF;03/03/2023;6;0,169;R
ES0000000000003960CCPF;03/03/2023;7;0,175;R
ES0000000000003960CCPF;03/03/2023;8;0,34;R
ES0000000000003960CCPF;03/03/2023;9;0,199;R
ES0000000000003960CCPF;03/03/2023;10;0,204;R
ES0000000000003960CCPF;03/03/2023;11;0,176;R
ES0000000000003960CCPF;03/03/2023;12;0,178;R
ES0000000000003960CCPF;03/03/2023;13;0,18;R
ES0000000000003960CCPF;03/03/2023;14;0,175;R
ES0000000000003960CCPF;03/03/2023;15;0,223;R
ES0000000000003960CCPF;03/03/2023;16;0,509;R
ES0000000000003960CCPF;03/03/2023;17;0,796;R
ES0000000000003960CCPF;03/03/2023;18;2,495;R
ES0000000000003960CCPF;03/03/2023;19;2,412;R
ES0000000000003960CCPF;03/03/2023;20;1,943;R
ES0000000000003960CCPF;03/03/2023;21;1,883;R
ES0000000000003960CCPF;03/03/2023;22;1,953;R
ES0000000000003960CCPF;03/03/2023;23;1,998;R
ES0000000000003960CCPF;04/03/2023;0;2,583;R
ES0000000000003960CCPF;04/03/2023;1;2,375;R
ES0000000000003960CCPF;04/03/2023;2;2,271;R
ES0000000000003960CCPF;04/03/2023;3;2,066;R
ES0000000000003960CCPF;04/03/2023;4;0,824;R
ES0000000000003960CCPF;04/03/2023;5;0,21;R
ES0000000000003960CCPF;04/03/2023;6;0,198;R
ES0000000000003960CCPF;04/03/2023;7;0,24;R
ES0000000000003960CCPF;04/03/2023;8;0,254;R
ES0000000000003960CCPF;04/03/2023;9;0,177;R
ES0000000000003960CCPF;04/03/2023;10;0,197;R
ES0000000000003960CCPF;04/03/2023;11;0,204;R
ES0000000000003960CCPF;04/03/2023;12;0,277;R
ES0000000000003960CCPF;04/03/2023;13;0,262;R
ES0000000000003960CCPF;04/03/2023;14;0,96;R
ES0000000000003960CCPF;04/03/2023;15;1,909;R
ES0000000000003960CCPF;04/03/2023;16;2,725;R
ES0000000000003960CCPF;04/03/2023;17;2,396;R
ES0000000000003960CCPF;04/03/2023;18;1,95;R
ES0000000000003960CCPF;04/03/2023;19;1,94;R
ES0000000000003960CCPF;04/03/2023;20;0,245;R
ES0000000000003960CCPF;04/03/2023;21;0,203;R
ES0000000000003960CCPF;04/03/2023;22;0,867;R
ES0000000000003960CCPF;04/03/2023;23;1,398;R
ES0000000000003960CCPF;05/03/2023;0;1,775;R
ES0000000000003960CCPF;05/03/2023;1;1,77;R
ES0000000000003960CCPF;05/03/2023;2;2,015;R
ES0000000000003960CCPF;05/03/2023;3;1,408;R
ES0000000000003960CCPF;05/03/2023;4;1,451;R
ES0000000000003960CCPF;05/03/2023;5;1,451;R
ES0000000000003960CCPF;05/03/2023;6;1,41;R
ES0000000000003960CCPF;05/03/2023;7;1,368;R
ES0000000000003960CCPF;05/03/2023;8;0,816;R
ES0000000000003960CCPF;05/03/2023;9;0,26;R
ES0000000000003960CCPF;05/03/2023;10;0,696;R
ES0000000000003960CCPF;05/03/2023;11;0,337;R
ES0000000000003960CCPF;05/03/2023;12;0,173;R
ES0000000000003960CCPF;05/03/2023;13;0,181;R
ES0000000000003960CCPF;05/03/2023;14;0,924;R
ES0000000000003960CCPF;05/03/2023;15;1,173;R
ES0000000000003960CCPF;05/03/2023;16;0,258;R
ES0000000000003960CCPF;05/03/2023;17;0,247;R
ES0000000000003960CCPF;05/03/2023;18;0,19;R
ES0000000000003960CCPF;05/03/2023;19;0,531;R
ES0000000000003960CCPF;05/03/2023;20;0,355;R
ES0000000000003960CCPF;05/03/2023;21;0,319;R
ES0000000000003960CCPF;05/03/2023;22;0,284;R
ES0000000000003960CCPF;05/03/2023;23;0,312;R
ES0000000000003960CCPF;06/03/2023;0;0,391;R
ES0000000000003960CCPF;06/03/2023;1;0,181;R
ES0000000000003960CCPF;06/03/2023;2;0,212;R
ES0000000000003960CCPF;06/03/2023;3;0,202;R
ES0000000000003960CCPF;06/03/2023;4;0,184;R
ES0000000000003960CCPF;06/03/2023;5;0,188;R
ES0000000000003960CCPF;06/03/2023;6;0,169;R
ES0000000000003960CCPF;06/03/2023;7;0,197;R
ES0000000000003960CCPF;06/03/2023;8;0,369;R
ES0000000000003960CCPF;06/03/2023;9;0,286;R
ES0000000000003960CCPF;06/03/2023;10;0,255;R
ES0000000000003960CCPF;06/03/2023;11;0,314;R
ES0000000000003960CCPF;06/03/2023;12;0,294;R
ES0000000000003960CCPF;06/03/2023;13;0,519;R
ES0000000000003960CCPF;06/03/2023;14;0,478;R
ES0000000000003960CCPF;06/03/2023;15;0,206;R
ES0000000000003960CCPF;06/03/2023;16;0,328;R
ES0000000000003960CCPF;06/03/2023;17;0,199;R
ES0000000000003960CCPF;06/03/2023;18;0,178;R
ES0000000000003960CCPF;06/03/2023;19;0,324;R
ES0000000000003960CCPF;06/03/2023;20;0,27;R
ES0000000000003960CCPF;06/03/2023;21;0,253;R
ES0000000000003960CCPF;06/03/2023;22;0,307;R
ES0000000000003960CCPF;06/03/2023;23;0,312;R
ES0000000000003960CCPF;07/03/2023;0;0,22;R
ES0000000000003960CCPF;07/03/2023;1;0,215;R
ES0000000000003960CCPF;07/03/2023;2;0,194;R
ES0000000000003960CCPF;07/03/2023;3;0,211;R
ES0000000000003960CCPF;07/03/2023;4;0,561;R
ES0000000000003960CCPF;07/03/2023;5;0,222;R
ES0000000000003960CCPF;07/03/2023;6;0,805;R
ES0000000000003960CCPF;07/03/2023;7;0,21;R
ES0000000000003960CCPF;07/03/2023;8;0,393;R
ES0000000000003960CCPF;07/03/2023;9;0,221;R
ES0000000000003960CCPF;07/03/2023;10;0,316;R
ES0000000000003960CCPF;07/03/2023;11;0,184;R
ES0000000000003960CCPF;07/03/2023;12;0,284;R
ES0000000000003960CCPF;07/03/2023;13;0,224;R
ES0000000000003960CCPF;07/03/2023;14;0,192;R
ES0000000000003960CCPF;07/03/2023;15;0,197;R
ES0000000000003960CCPF;07/03/2023;16;0,184;R
ES0000000000003960CCPF;07/03/2023;17;0,241;R
ES0000000000003960CCPF;07/03/2023;18;0,561;R
ES0000000000003960CCPF;07/03/2023;19;0,284;R
ES0000000000003960CCPF;07/03/2023;20;0,271;R
ES0000000000003960CCPF;07/03/2023;21;0,254;R
ES0000000000003960CCPF;07/03/2023;22;0,347;R
ES0000000000003960CCPF;07/03/2023;23;0,28;R
ES0000000000003960CCPF;08/03/2023;0;0,52;R
ES0000000000003960CCPF;08/03/2023;1;0,273;R
ES0000000000003960CCPF;08/03/2023;2;0,206;R
ES0000000000003960CCPF;08/03/2023;3;0,216;R
ES0000000000003960CCPF;08/03/2023;4;0,225;R
ES0000000000003960CCPF;08/03/2023;5;0,203;R
ES0000000000003960CCPF;08/03/2023;6;0,224;R
ES0000000000003960CCPF;08/03/2023;7;0,208;R
ES0000000000003960CCPF;08/03/2023;8;0,185;R
ES0000000000003960CCPF;08/03/2023;9;0,439;R
ES0000000000003960CCPF;08/03/2023;10;0,321;R
ES0000000000003960CCPF;08/03/2023;11;0,201;R
ES0000000000003960CCPF;08/03/2023;12;0,212;R
ES0000000000003960CCPF;08/03/2023;13;0,196;R
ES0000000000003960CCPF;08/03/2023;14;0,213;R
ES0000000000003960CCPF;08/03/2023;15;0,384;R
ES0000000000003960CCPF;08/03/2023;16;0,242;R
ES0000000000003960CCPF;08/03/2023;17;0,257;R
ES0000000000003960CCPF;08/03/2023;18;0,359;R
ES0000000000003960CCPF;08/03/2023;19;0,26;R
ES0000000000003960CCPF;08/03/2023;20;0,25;R
ES0000000000003960CCPF;08/03/2023;21;0,378;R
ES0000000000003960CCPF;08/03/2023;22;0,303;R
ES0000000000003960CCPF;08/03/2023;23;0,317;R
ES0000000000003960CCPF;09/03/2023;0;0,345;R
ES0000000000003960CCPF;09/03/2023;1;0,307;R
ES0000000000003960CCPF;09/03/2023;2;0,215;R
ES0000000000003960CCPF;09/03/2023;3;0,218;R
ES0000000000003960CCPF;09/03/2023;4;0,231;R
ES0000000000003960CCPF;09/03/2023;5;0,217;R
ES0000000000003960CCPF;09/03/2023;6;0,244;R
ES0000000000003960CCPF;09/03/2023;7;0,222;R
ES0000000000003960CCPF;09/03/2023;8;0,197;R
ES0000000000003960CCPF;09/03/2023;9;0,385;R
ES0000000000003960CCPF;09/03/2023;10;0,318;R
ES0000000000003960CCPF;09/03/2023;11;0,271;R
ES0000000000003960CCPF;09/03/2023;12;0,305;R
ES0000000000003960CCPF;09/03/2023;13;0,199;R
ES0000000000003960CCPF;09/03/2023;14;0,187;R
ES0000000000003960CCPF;09/03/2023;15;0,255;R
ES0000000000003960CCPF;09/03/2023;16;0,254;R
ES0000000000003960CCPF;09/03/2023;17;0,531;R
ES0000000000003960CCPF;09/03/2023;18;0,321;R
ES0000000000003960CCPF;09/03/2023;19;0,287;R
ES0000000000003960CCPF;09/03/2023;20;0,286;R
ES0000000000003960CCPF;09/03/2023;21;0,628;R
ES0000000000003960CCPF;09/03/2023;22;0,318;R
ES0000000000003960CCPF;09/03/2023;23;0,312;R
ES0000000000003960CCPF;10/03/2023;0;0,555;R
ES0000000000003960CCPF;10/03/2023;1;0,237;R
ES0000000000003960CCPF;10/03/2023;2;0,208;R
ES0000000000003960CCPF;10/03/2023;3;0,242;R
ES0000000000003960CCPF;10/03/2023;4;0,252;R
ES0000000000003960CCPF;10/03/2023;5;0,224;R
ES0000000000003960CCPF;10/03/2023;6;0,231;R
ES0000000000003960CCPF;10/03/2023;7;0,226;R
ES0000000000003960CCPF;10/03/2023;8;0,225;R
ES0000000000003960CCPF;10/03/2023;9;0,258;R
ES0000000000003960CCPF;10/03/2023;10;0,404;R
ES0000000000003960CCPF;10/03/2023;11;0,279;R
ES0000000000003960CCPF;10/03/2023;12;0,206;R
ES0000000000003960CCPF;10/03/2023;13;0,215;R
ES0000000000003960CCPF;10/03/2023;14;0,226;R
ES0000000000003960CCPF;10/03/2023;15;0,376;R
ES0000000000003960CCPF;10/03/2023;16;0,209;R
ES0000000000003960CCPF;10/03/2023;17;0,215;R
ES0000000000003960CCPF;10/03/2023;18;0,351;R
ES0000000000003960CCPF;10/03/2023;19;0,3;R
ES0000000000003960CCPF;10/03/2023;20;0,286;R
ES0000000000003960CCPF;10/03/2023;21;0,32;R
ES0000000000003960CCPF;10/03/2023;22;0,445;R
ES0000000000003960CCPF;10/03/2023;23;0,321;R
ES0000000000003960CCPF;11/03/2023;0;0,291;R
ES0000000000003960CCPF;11/03/2023;1;0,292;R
ES0000000000003960CCPF;11/03/2023;2;0,265;R
ES0000000000003960CCPF;11/03/2023;3;0,231;R
ES0000000000003960CCPF;11/03/2023;4;0,239;R
ES0000000000003960CCPF;11/03/2023;5;0,237;R
ES0000000000003960CCPF;11/03/2023;6;0,233;R
ES0000000000003960CCPF;11/03/2023;7;0,244;R
ES0000000000003960CCPF;11/03/2023;8;0,375;R
ES0000000000003960CCPF;11/03/2023;9;0,217;R
ES0000000000003960CCPF;11/03/2023;10;0,224;R
ES0000000000003960CCPF;11/03/2023;11;0,414;R
ES0000000000003960CCPF;11/03/2023;12;0,249;R
ES0000000000003960CCPF;11/03/2023;13;0,198;R
ES0000000000003960CCPF;11/03/2023;14;0,228;R
ES0000000000003960CCPF;11/03/2023;15;0,248;R
ES0000000000003960CCPF;11/03/2023;16;0,296;R
ES0000000000003960CCPF;11/03/2023;17;0,384;R
ES0000000000003960CCPF;11/03/2023;18;0,24;R
ES0000000000003960CCPF;11/03/2023;19;0,226;R
ES0000000000003960CCPF;11/03/2023;20;0,34;R
ES0000000000003960CCPF;11/03/2023;21;0,344;R
ES0000000000003960CCPF;11/03/2023;22;0,291;R
ES0000000000003960CCPF;11/03/2023;23;0,292;R
ES0000000000003960CCPF;12/03/2023;0;0,285;R
ES0000000000003960CCPF;12/03/2023;1;0,241;R
ES0000000000003960CCPF;12/03/2023;2;0,23;R
ES0000000000003960CCPF;12/03/2023;3;0,234;R
ES0000000000003960CCPF;12/03/2023;4;0,253;R
ES0000000000003960CCPF;12/03/2023;5;0,249;R
ES0000000000003960CCPF;12/03/2023;6;0,248;R
ES0000000000003960CCPF;12/03/2023;7;0,232;R
ES0000000000003960CCPF;12/03/2023;8;0,226;R
ES0000000000003960CCPF;12/03/2023;9;0,26;R
ES0000000000003960CCPF;12/03/2023;10;0,434;R
ES0000000000003960CCPF;12/03/2023;11;0,309;R
ES0000000000003960CCPF;12/03/2023;12;0,356;R
ES0000000000003960CCPF;12/03/2023;13;0,728;R
ES0000000000003960CCPF;12/03/2023;14;0,264;R
ES0000000000003960CCPF;12/03/2023;15;0,822;R
ES0000000000003960CCPF;12/03/2023;16;0,608;R
ES0000000000003960CCPF;12/03/2023;17;1,195;R
ES0000000000003960CCPF;12/03/2023;18;0,704;R
ES0000000000003960CCPF;12/03/2023;19;1,134;R
ES0000000000003960CCPF;12/03/2023;20;0,701;R
ES0000000000003960CCPF;12/03/2023;21;0,402;R
ES0000000000003960CCPF;12/03/2023;22;0,335;R
ES0000000000003960CCPF;12/03/2023;23;0,314;R
ES0000000000003960CCPF;13/03/2023;0;0,263;R
ES0000000000003960CCPF;13/03/2023;1;0,279;R
ES0000000000003960CCPF;13/03/2023;2;0,262;R
ES0000000000003960CCPF;13/03/2023;3;0,265;R
ES0000000000003960CCPF;13/03/2023;4;0,232;R
ES0000000000003960CCPF;13/03/2023;5;0,228;R
ES0000000000003960CCPF;13/03/2023;6;0,253;R
ES0000000000003960CCPF;13/03/2023;7;0,256;R
ES0000000000003960CCPF;13/03/2023;8;0,229;R
ES0000000000003960CCPF;13/03/2023;9;0,245;R
ES0000000000003960CCPF;13/03/2023;10;0,413;R
ES0000000000003960CCPF;13/03/2023;11;0,28;R
ES0000000000003960CCPF;13/03/2023;12;0,371;R
ES0000000000003960CCPF;13/03/2023;13;0,285;R
ES0000000000003960CCPF;13/03/2023;14;0,444;R
ES0000000000003960CCPF;13/03/2023;15;0,322;R
ES0000000000003960CCPF;13/03/2023;16;0,511;R
ES0000000000003960CCPF;13/03/2023;17;0,713;R
ES0000000000003960CCPF;13/03/2023;18;0,233;R
ES0000000000003960CCPF;13/03/2023;19;0,26;R
ES0000000000003960CCPF;13/03/2023;20;0,317;R
ES0000000000003960CCPF;13/03/2023;21;0,41;R
ES0000000000003960CCPF;13/03/2023;22;0,334;R
ES0000000000003960CCPF;13/03/2023;23;0,362;R
ES0000000000003960CCPF;14/03/2023;0;0,354;R
ES0000000000003960CCPF;14/03/2023;1;0,34;R
ES0000000000003960CCPF;14/03/2023;2;0,253;R
ES0000000000003960CCPF;14/03/2023;3;0,244;R
ES0000000000003960CCPF;14/03/2023;4;0,246;R
ES0000000000003960CCPF;14/03/2023;5;0,263;R
ES0000000000003960CCPF;14/03/2023;6;0,243;R
ES0000000000003960CCPF;14/03/2023;7;0,216;R
ES0000000000003960CCPF;14/03/2023;8;0,262;R
ES0000000000003960CCPF;14/03/2023;9;0,417;R
ES0000000000003960CCPF;14/03/2023;10;0,232;R
ES0000000000003960CCPF;14/03/2023;11;0,391;R
ES0000000000003960CCPF;14/03/2023;12;0,316;R
ES0000000000003960CCPF;14/03/2023;13;0,239;R
ES0000000000003960CCPF;14/03/2023;14;0,668;R
ES0000000000003960CCPF;14/03/2023;15;0,617;R
ES0000000000003960CCPF;14/03/2023;16;0,382;R
ES0000000000003960CCPF;14/03/2023;17;0,263;R
ES0000000000003960CCPF;14/03/2023;18;0,299;R
ES0000000000003960CCPF;14/03/2023;19;0,37;R
ES0000000000003960CCPF;14/03/2023;20;0,267;R
ES0000000000003960CCPF;14/03/2023;21;0,328;R
ES0000000000003960CCPF;14/03/2023;22;0,354;R
ES0000000000003960CCPF;14/03/2023;23;0,354;R
ES0000000000003960CCPF;15/03/2023;0;0,349;R
ES0000000000003960CCPF;15/03/2023;1;0,325;R
ES0000000000003960CCPF;15/03/2023;2;0,267;R
ES0000000000003960CCPF;15/03/2023;3;0,248;R
ES0000000000003960CCPF;15/03/2023;4;0,561;R
ES0000000000003960CCPF;15/03/2023;5;0,307;R
ES0000000000003960CCPF;15/03/2023;6;0,773;R
ES0000000000003960CCPF;15/03/2023;7;0,226;R
ES0000000000003960CCPF;15/03/2023;8;0,404;R
ES0000000000003960CCPF;15/03/2023;9;0,361;R
ES0000000000003960CCPF;15/03/2023;10;0,251;R
ES0000000000003960CCPF;15/03/2023;11;0,245;R
ES0000000000003960CCPF;15/03/2023;12;0,248;R
ES0000000000003960CCPF;15/03/2023;13;0,232;R
ES0000000000003960CCPF;15/03/2023;14;0,202;R
ES0000000000003960CCPF;15/03/2023;15;0,445;R
ES0000000000003960CCPF;15/03/2023;16;0,36;R
ES0000000000003960CCPF;15/03/2023;17;0,262;R
ES0000000000003960CCPF;15/03/2023;18;0,29;R
ES0000000000003960CCPF;15/03/2023;19;0,504;R
ES0000000000003960CCPF;15/03/2023;20;0,302;R
ES0000000000003960CCPF;15/03/2023;21;0,365;R
ES0000000000003960CCPF;15/03/2023;22;0,332;R
ES0000000000003960CCPF;15/03/2023;23;0,335;R
ES0000000000003960CCPF;16/03/2023;0;0,348;R
ES0000000000003960CCPF;16/03/2023;1;0,255;R
ES0000000000003960CCPF;16/03/2023;2;0,234;R
ES0000000000003960CCPF;16/03/2023;3;0,242;R
ES0000000000003960CCPF;16/03/2023;4;0,255;R
ES0000000000003960CCPF;16/03/2023;5;0,238;R
ES0000000000003960CCPF;16/03/2023;6;0,231;R
ES0000000000003960CCPF;16/03/2023;7;0,349;R
ES0000000000003960CCPF;16/03/2023;8;0,386;R
ES0000000000003960CCPF;16/03/2023;9;0,306;R
ES0000000000003960CCPF;16/03/2023;10;0,278;R
ES0000000000003960CCPF;16/03/2023;11;0,268;R
ES0000000000003960CCPF;16/03/2023;12;0,321;R
ES0000000000003960CCPF;16/03/2023;13;0,231;R
ES0000000000003960CCPF;16/03/2023;14;0,246;R
ES0000000000003960CCPF;16/03/2023;15;0,342;R
ES0000000000003960CCPF;16/03/2023;16;0,493;R
ES0000000000003960CCPF;16/03/2023;17;0,716;R
ES0000000000003960CCPF;16/03/2023;18;0,582;R
ES0000000000003960CCPF;16/03/2023;19;0,311;R
ES0000000000003960CCPF;16/03/2023;20;0,299;R
ES0000000000003960CCPF;16/03/2023;21;0,261;R
ES0000000000003960CCPF;16/03/2023;22;0,301;R
ES0000000000003960CCPF;16/03/2023;23;0,296;R
ES0000000000003960CCPF;17/03/2023;0;0,36;R
ES0000000000003960CCPF;17/03/2023;1;0,289;R
ES0000000000003960CCPF;17/03/2023;2;0,245;R
ES0000000000003960CCPF;17/03/2023;3;0,258;R
ES0000000000003960CCPF;17/03/2023;4;0,266;R
ES0000000000003960CCPF;17/03/2023;5;0,231;R
ES0000000000003960CCPF;17/03/2023;6;0,242;R
ES0000000000003960CCPF;17/03/2023;7;0,455;R
ES0000000000003960CCPF;17/03/2023;8;0,381;R
ES0000000000003960CCPF;17/03/2023;9;0,248;R
ES0000000000003960CCPF;17/03/2023;10;0,381;R
ES0000000000003960CCPF;17/03/2023;11;0,302;R
ES0000000000003960CCPF;17/03/2023;12;0,263;R
ES0000000000003960CCPF;17/03/2023;13;0,287;R
ES0000000000003960CCPF;17/03/2023;14;0,403;R
ES0000000000003960CCPF;17/03/2023;15;0,801;R
ES0000000000003960CCPF;17/03/2023;16;0,406;R
ES0000000000003960CCPF;17/03/2023;17;0,298;R
ES0000000000003960CCPF;17/03/2023;18;0,262;R
ES0000000000003960CCPF;17/03/2023;19;0,684;R
ES0000000000003960CCPF;17/03/2023;20;0,409;R
ES0000000000003960CCPF;17/03/2023;21;0,352;R
ES0000000000003960CCPF;17/03/2023;22;0,449;R
ES0000000000003960CCPF;17/03/2023;23;0,365;R
ES0000000000003960CCPF;18/03/2023;0;0,396;R
ES0000000000003960CCPF;18/03/2023;1;0,357;R
ES0000000000003960CCPF;18/03/2023;2;0,281;R
ES0000000000003960CCPF;18/03/2023;3;0,237;R
ES0000000000003960CCPF;18/03/2023;4;0,253;R
ES0000000000003960CCPF;18/03/2023;5;1,006;R
ES0000000000003960CCPF;18/03/2023;6;0,754;R
ES0000000000003960CCPF;18/03/2023;7;0,311;R
ES0000000000003960CCPF;18/03/2023;8;0,244;R
ES0000000000003960CCPF;18/03/2023;9;0,222;R
ES0000000000003960CCPF;18/03/2023;10;0,412;R
ES0000000000003960CCPF;18/03/2023;11;0,6;R
ES0000000000003960CCPF;18/03/2023;12;0,438;R
ES0000000000003960CCPF;18/03/2023;13;0,588;R
ES0000000000003960CCPF;18/03/2023;14;0,79;R
ES0000000000003960CCPF;18/03/2023;15;0,72;R
ES0000000000003960CCPF;18/03/2023;16;0,371;R
ES0000000000003960CCPF;18/03/2023;17;0,379;R
ES0000000000003960CCPF;18/03/2023;18;0,296;R
ES0000000000003960CCPF;18/03/2023;19;0,407;R
ES0000000000003960CCPF;18/03/2023;20;0,304;R
ES0000000000003960CCPF;18/03/2023;21;0,355;R
ES0000000000003960CCPF;18/03/2023;22;0,356;R
ES0000000000003960CCPF;18/03/2023;23;0,399;R
ES0000000000003960CCPF;19/03/2023;0;0,348;R
ES0000000000003960CCPF;19/03/2023;1;0,313;R
ES0000000000003960CCPF;19/03/2023;2;0,292;R
ES0000000000003960CCPF;19/03/2023;3;0,232;R
ES0000000000003960CCPF;19/03/2023;4;0,256;R
ES0000000000003960CCPF;19/03/2023;5;0,246;R
ES0000000000003960CCPF;19/03/2023;6;0,231;R
ES0000000000003960CCPF;19/03/2023;7;0,252;R
ES0000000000003960CCPF;19/03/2023;8;0,224;R
ES0000000000003960CCPF;19/03/2023;9;0,241;R
ES0000000000003960CCPF;19/03/2023;10;0,426;R
ES0000000000003960CCPF;19/03/2023;11;0,217;R
ES0000000000003960CCPF;19/03/2023;12;0,406;R
ES0000000000003960CCPF;19/03/2023;13;0,872;R
ES0000000000003960CCPF;19/03/2023;14;1,659;R
ES0000000000003960CCPF;19/03/2023;15;0,978;R
ES0000000000003960CCPF;19/03/2023;16;1,271;R
ES0000000000003960CCPF;19/03/2023;17;0,596;R
ES0000000000003960CCPF;19/03/2023;18;0,369;R
ES0000000000003960CCPF;19/03/2023;19;0,495;R
ES0000000000003960CCPF;19/03/2023;20;0,615;R
ES0000000000003960CCPF;19/03/2023;21;0,317;R
ES0000000000003960CCPF;19/03/2023;22;1,636;R
ES0000000000003960CCPF;19/03/2023;23;0,426;R
ES0000000000003960CCPF;20/03/2023;0;0,392;R
ES0000000000003960CCPF;20/03/2023;1;0,286;R
ES0000000000003960CCPF;20/03/2023;2;0,3;R
ES0000000000003960CCPF;20/03/2023;3;0,28;R
ES0000000000003960CCPF;20/03/2023;4;0,506;R
ES0000000000003960CCPF;20/03/2023;5;0,803;R
ES0000000000003960CCPF;20/03/2023;6;0,654;R
ES0000000000003960CCPF;20/03/2023;7;0,245;R
ES0000000000003960CCPF;20/03/2023;8;0,25;R
ES0000000000003960CCPF;20/03/2023;9;0,22;R
ES0000000000003960CCPF;20/03/2023;10;0,502;R
ES0000000000003960CCPF;20/03/2023;11;0,274;R
ES0000000000003960CCPF;20/03/2023;12;0,887;R
ES0000000000003960CCPF;20/03/2023;13;0,412;R
ES0000000000003960CCPF;20/03/2023;14;0,288;R
ES0000000000003960CCPF;20/03/2023;15;1,259;R
ES0000000000003960CCPF;20/03/2023;16;0,487;R
ES0000000000003960CCPF;20/03/2023;17;0,525;R
ES0000000000003960CCPF;20/03/2023;18;0,516;R
ES0000000000003960CCPF;20/03/2023;19;0,413;R
ES0000000000003960CCPF;20/03/2023;20;0,433;R
ES0000000000003960CCPF;20/03/2023;21;0,409;R
ES0000000000003960CCPF;20/03/2023;22;0,46;R
ES0000000000003960CCPF;20/03/2023;23;0,438;R
ES0000000000003960CCPF;21/03/2023;0;0,415;R
ES0000000000003960CCPF;21/03/2023;1;0,427;R
ES0000000000003960CCPF;21/03/2023;2;0,295;R
ES0000000000003960CCPF;21/03/2023;3;0,564;R
ES0000000000003960CCPF;21/03/2023;4;0,303;R
ES0000000000003960CCPF;21/03/2023;5;0,762;R
ES0000000000003960CCPF;21/03/2023;6;0,276;R
ES0000000000003960CCPF;21/03/2023;7;0,454;R
ES0000000000003960CCPF;21/03/2023;8;0,386;R
ES0000000000003960CCPF;21/03/2023;9;0,282;R
ES0000000000003960CCPF;21/03/2023;10;0,326;R
ES0000000000003960CCPF;21/03/2023;11;0,279;R
ES0000000000003960CCPF;21/03/2023;12;0,477;R
ES0000000000003960CCPF;21/03/2023;13;0,366;R
ES0000000000003960CCPF;21/03/2023;14;0,426;R
ES0000000000003960CCPF;21/03/2023;15;0,794;R
ES0000000000003960CCPF;21/03/2023;16;0,729;R
ES0000000000003960CCPF;21/03/2023;17;0,406;R
ES0000000000003960CCPF;21/03/2023;18;0,679;R
ES0000000000003960CCPF;21/03/2023;19;0,378;R
ES0000000000003960CCPF;21/03/2023;20;0,457;R
ES0000000000003960CCPF;21/03/2023;21;0,461;R
ES0000000000003960CCPF;21/03/2023;22;0,457;R
ES0000000000003960CCPF;21/03/2023;23;0,398;R
ES0000000000003960CCPF;22/03/2023;0;0,419;R
ES0000000000003960CCPF;22/03/2023;1;0,28;R
ES0000000000003960CCPF;22/03/2023;2;0,268;R
ES0000000000003960CCPF;22/03/2023;3;0,265;R
ES0000000000003960CCPF;22/03/2023;4;0,576;R
ES0000000000003960CCPF;22/03/2023;5;0,305;R
ES0000000000003960CCPF;22/03/2023;6;0,79;R
ES0000000000003960CCPF;22/03/2023;7;0,253;R
ES0000000000003960CCPF;22/03/2023;8;0,359;R
ES0000000000003960CCPF;22/03/2023;9;0,371;R
ES0000000000003960CCPF;22/03/2023;10;0,312;R
ES0000000000003960CCPF;22/03/2023;11;0,328;R
ES0000000000003960CCPF;22/03/2023;12;0,352;R
ES0000000000003960CCPF;22/03/2023;13;0,279;R
ES0000000000003960CCPF;22/03/2023;14;0,456;R
ES0000000000003960CCPF;22/03/2023;15;0,578;R
ES0000000000003960CCPF;22/03/2023;16;0,516;R
ES0000000000003960CCPF;22/03/2023;17;0,369;R
ES0000000000003960CCPF;22/03/2023;18;0,411;R
ES0000000000003960CCPF;22/03/2023;19;0,347;R
ES0000000000003960CCPF;22/03/2023;20;0,506;R
ES0000000000003960CCPF;22/03/2023;21;0,456;R
ES0000000000003960CCPF;22/03/2023;22;0,323;R
ES0000000000003960CCPF;22/03/2023;23;0,317;R
ES0000000000003960CCPF;23/03/2023;0;0,299;R
ES0000000000003960CCPF;23/03/2023;1;0,336;R
ES0000000000003960CCPF;23/03/2023;2;0,244;R
ES0000000000003960CCPF;23/03/2023;3;0,284;R
ES0000000000003960CCPF;23/03/2023;4;0,55;R
ES0000000000003960CCPF;23/03/2023;5;0,566;R
ES0000000000003960CCPF;23/03/2023;6;0,498;R
ES0000000000003960CCPF;23/03/2023;7;0,281;R
ES0000000000003960CCPF;23/03/2023;8;0,402;R
ES0000000000003960CCPF;23/03/2023;9;1,02;R
ES0000000000003960CCPF;23/03/2023;10;0,692;R
ES0000000000003960CCPF;23/03/2023;11;0,328;R
ES0000000000003960CCPF;23/03/2023;12;0,45;R
ES0000000000003960CCPF;23/03/2023;13;0,333;R
ES0000000000003960CCPF;23/03/2023;14;0,401;R
ES0000000000003960CCPF;23/03/2023;15;0,381;R
ES0000000000003960CCPF;23/03/2023;16;0,495;R
ES0000000000003960CCPF;23/03/2023;17;0,32;R
ES0000000000003960CCPF;23/03/2023;18;0,295;R
ES0000000000003960CCPF;23/03/2023;19;0,389;R
ES0000000000003960CCPF;23/03/2023;20;0,332;R
ES0000000000003960CCPF;23/03/2023;21;0,47;R
ES0000000000003960CCPF;23/03/2023;22;0,359;R
ES0000000000003960CCPF;23/03/2023;23;0,36;R
ES0000000000003960CCPF;24/03/2023;0;0,566;R
ES0000000000003960CCPF;24/03/2023;1;0,4;R
ES0000000000003960CCPF;24/03/2023;2;0,417;R
ES0000000000003960CCPF;24/03/2023;3;0,365;R
ES0000000000003960CCPF;24/03/2023;4;0,683;R
ES0000000000003960CCPF;24/03/2023;5;0,379;R
ES0000000000003960CCPF;24/03/2023;6;0,898;R
ES0000000000003960CCPF;24/03/2023;7;0,263;R
ES0000000000003960CCPF;24/03/2023;8;0,238;R
ES0000000000003960CCPF;24/03/2023;9;0,393;R
ES0000000000003960CCPF;24/03/2023;10;0,223;R
ES0000000000003960CCPF;24/03/2023;11;0,436;R
ES0000000000003960CCPF;24/03/2023;12;0,368;R
ES0000000000003960CCPF;24/03/2023;13;0,309;R
ES0000000000003960CCPF;24/03/2023;14;0,337;R
ES0000000000003960CCPF;24/03/2023;15;0,541;R
ES0000000000003960CCPF;24/03/2023;16;0,623;R
ES0000000000003960CCPF;24/03/2023;17;0,57;R
ES0000000000003960CCPF;24/03/2023;18;1,029;R
ES0000000000003960CCPF;24/03/2023;19;0,3;R
ES0000000000003960CCPF;24/03/2023;20;0,313;R
ES0000000000003960CCPF;24/03/2023;21;0,43;R
ES0000000000003960CCPF;24/03/2023;22;0,554;R
ES0000000000003960CCPF;24/03/2023;23;0,585;R
ES0000000000003960CCPF;25/03/2023;0;0,589;R
ES0000000000003960CCPF;25/03/2023;1;0,522;R
ES0000000000003960CCPF;25/03/2023;2;0,337;R
ES0000000000003960CCPF;25/03/2023;3;0,34;R
ES0000000000003960CCPF;25/03/2023;4;0,647;R
ES0000000000003960CCPF;25/03/2023;5;0,577;R
ES0000000000003960CCPF;25/03/2023;6;0,553;R
ES0000000000003960CCPF;25/03/2023;7;0,237;R
ES0000000000003960CCPF;25/03/2023;8;0,267;R
ES0000000000003960CCPF;25/03/2023;9;0,257;R
ES0000000000003960CCPF;25/03/2023;10;0,419;R
ES0000000000003960CCPF;25/03/2023;11;0,446;R
ES0000000000003960CCPF;25/03/2023;12;0,423;R
ES0000000000003960CCPF;25/03/2023;13;0,292;R
ES0000000000003960CCPF;25/03/2023;14;0,565;R
ES0000000000003960CCPF;25/03/2023;15;0,228;R
ES0000000000003960CCPF;25/03/2023;16;0,263;R
ES0000000000003960CCPF;25/03/2023;17;0,228;R
ES0000000000003960CCPF;25/03/2023;18;0,251;R
ES0000000000003960CCPF;25/03/2023;19;0,237;R
ES0000000000003960CCPF;25/03/2023;20;0,48;R
ES0000000000003960CCPF;25/03/2023;21;0,331;R
ES0000000000003960CCPF;25/03/2023;22;0,763;R
ES0000000000003960CCPF;25/03/2023;23;0,555;R
ES0000000000003960CCPF;26/03/2023;0;0,532;R
ES0000000000003960CCPF;26/03/2023;1;0,25;R
ES0000000000003960CCPF;26/03/2023;3;0,284;R
ES0000000000003960CCPF;26/03/2023;4;0,259;R
ES0000000000003960CCPF;26/03/2023;5;0,292;R
ES0000000000003960CCPF;26/03/2023;6;0,236;R
ES0000000000003960CCPF;26/03/2023;7;0,258;R
ES0000000000003960CCPF;26/03/2023;8;0,216;R
ES0000000000003960CCPF;26/03/2023;9;0,414;R
ES0000000000003960CCPF;26/03/2023;10;0,288;R
ES0000000000003960CCPF;26/03/2023;11;0,443;R
ES0000000000003960CCPF;26/03/2023;12;0,223;R
ES0000000000003960CCPF;26/03/2023;13;0,352;R
ES0000000000003960CCPF;26/03/2023;14;0,461;R
ES0000000000003960CCPF;26/03/2023;15;0,914;R
ES0000000000003960CCPF;26/03/2023;16;1,245;R
ES0000000000003960CCPF;26/03/2023;17;1,551;R
ES0000000000003960CCPF;26/03/2023;18;1,63;R
ES0000000000003960CCPF;26/03/2023;19;0,962;R
ES0000000000003960CCPF;26/03/2023;20;0,96;R
ES0000000000003960CCPF;26/03/2023;21;1,483;R
ES0000000000003960CCPF;26/03/2023;22;0,544;R
ES0000000000003960CCPF;26/03/2023;23;0,535;R
ES0000000000003960CCPF;27/03/2023;0;0,359;R
ES0000000000003960CCPF;27/03/2023;1;0,325;R
ES0000000000003960CCPF;27/03/2023;2;0,235;R
ES0000000000003960CCPF;27/03/2023;3;0,26;R
ES0000000000003960CCPF;27/03/2023;4;0,225;R
ES0000000000003960CCPF;27/03/2023;5;0,253;R
ES0000000000003960CCPF;27/03/2023;6;0,261;R
ES0000000000003960CCPF;27/03/2023;7;0,465;R
ES0000000000003960CCPF;27/03/2023;8;0,259;R
ES0000000000003960CCPF;27/03/2023;9;0,242;R
ES0000000000003960CCPF;27/03/2023;10;0,241;R
ES0000000000003960CCPF;27/03/2023;11;0,23;R
ES0000000000003960CCPF;27/03/2023;12;0,385;R
ES0000000000003960CCPF;27/03/2023;13;0,347;R
ES0000000000003960CCPF;27/03/2023;14;0,305;R
ES0000000000003960CCPF;27/03/2023;15;0,497;R
ES0000000000003960CCPF;27/03/2023;16;0,664;R
ES0000000000003960CCPF;27/03/2023;17;0,582;R
ES0000000000003960CCPF;27/03/2023;18;0,357;R
ES0000000000003960CCPF;27/03/2023;19;0,457;R
ES0000000000003960CCPF;27/03/2023;20;0,401;R
ES0000000000003960CCPF;27/03/2023;21;0,334;R
ES0000000000003960CCPF;27/03/2023;22;0,463;R
ES0000000000003960CCPF;27/03/2023;23;0,35;R
ES0000000000003960CCPF;28/03/2023;0;0,376;R
ES0000000000003960CCPF;28/03/2023;1;0,3;R
ES0000000000003960CCPF;28/03/2023;2;0,264;R
ES0000000000003960CCPF;28/03/2023;3;0,61;R
ES0000000000003960CCPF;28/03/2023;4;0,277;R
ES0000000000003960CCPF;28/03/2023;5;0,836;R
ES0000000000003960CCPF;28/03/2023;6;0,251;R
ES0000000000003960CCPF;28/03/2023;7;0,257;R
ES0000000000003960CCPF;28/03/2023;8;0,223;R
ES0000000000003960CCPF;28/03/2023;9;0,419;R
ES0000000000003960CCPF;28/03/2023;10;0,601;R
ES0000000000003960CCPF;28/03/2023;11;0,556;R
ES0000000000003960CCPF;28/03/2023;12;0,465;R
ES0000000000003960CCPF;28/03/2023;13;0,333;R
ES0000000000003960CCPF;28/03/2023;14;0,319;R
ES0000000000003960CCPF;28/03/2023;15;0,327;R
ES0000000000003960CCPF;28/03/2023;16;0,267;R
ES0000000000003960CCPF;28/03/2023;17;0,455;R
ES0000000000003960CCPF;28/03/2023;18;0,385;R
ES0000000000003960CCPF;28/03/2023;19;0,626;R
ES0000000000003960CCPF;28/03/2023;20;0,395;R
ES0000000000003960CCPF;28/03/2023;21;0,375;R
ES0000000000003960CCPF;28/03/2023;22;0,437;R
ES0000000000003960CCPF;28/03/2023;23;0,481;R
ES0000000000003960CCPF;29/03/2023;0;0,439;R
ES0000000000003960CCPF;29/03/2023;1;0,35;R
ES0000000000003960CCPF;29/03/2023;2;0,374;R
ES0000000000003960CCPF;29/03/2023;3;0,308;R
ES0000000000003960CCPF;29/03/2023;4;0,541;R
ES0000000000003960CCPF;29/03/2023;5;0,31;R
ES0000000000003960CCPF;29/03/2023;6;0,767;R
ES0000000000003960CCPF;29/03/2023;7;0,251;R
ES0000000000003960CCPF;29/03/2023;8;0,409;R
ES0000000000003960CCPF;29/03/2023;9;0,343;R
ES0000000000003960CCPF;29/03/2023;10;0,261;R
ES0000000000003960CCPF;29/03/2023;11;0,241;R
ES0000000000003960CCPF;29/03/2023;12;0,32;R
ES0000000000003960CCPF;29/03/2023;13;0,264;R
ES0000000000003960CCPF;29/03/2023;14;0,251;R
ES0000000000003960CCPF;29/03/2023;15;0,262;R
ES0000000000003960CCPF;29/03/2023;16;0,345;R
ES0000000000003960CCPF;29/03/2023;17;0,293;R
ES0000000000003960CCPF;29/03/2023;18;0,301;R
ES0000000000003960CCPF;29/03/2023;19;0,448;R
ES0000000000003960CCPF;29/03/2023;20;0,502;R
ES0000000000003960CCPF;29/03/2023;21;0,377;R
ES0000000000003960CCPF;29/03/2023;22;0,447;R
ES0000000000003960CCPF;29/03/2023;23;0,46;R
ES0000000000003960CCPF;30/03/2023;0;0,329;R
ES0000000000003960CCPF;30/03/2023;1;0,323;R
ES0000000000003960CCPF;30/03/2023;2;0,274;R
ES0000000000003960CCPF;30/03/2023;3;0,297;R
ES0000000000003960CCPF;30/03/2023;4;0,262;R
ES0000000000003960CCPF;30/03/2023;5;0,283;R
ES0000000000003960CCPF;30/03/2023;6;0,338;R
ES0000000000003960CCPF;30/03/2023;7;0,248;R
ES0000000000003960CCPF;30/03/2023;8;0,267;R
ES0000000000003960CCPF;30/03/2023;9;0,226;R
ES0000000000003960CCPF;30/03/2023;10;0,392;R
ES0000000000003960CCPF;30/03/2023;11;0,309;R
ES0000000000003960CCPF;30/03/2023;12;0,249;R
ES0000000000003960CCPF;30/03/2023;13;1,379;R
ES0000000000003960CCPF;30/03/2023;14;0,353;R
ES0000000000003960CCPF;30/03/2023;15;0,312;R
ES0000000000003960CCPF;30/03/2023;16;0,625;R
ES0000000000003960CCPF;30/03/2023;17;0,612;R
ES0000000000003960CCPF;30/03/2023;18;0,248;R
ES0000000000003960CCPF;30/03/2023;19;0,294;R
ES0000000000003960CCPF;30/03/2023;20;0,293;R
ES0000000000003960CCPF;30/03/2023;21;0,278;R
ES0000000000003960CCPF;30/03/2023;22;0,318;R
ES0000000000003960CCPF;30/03/2023;23;0,444;R
ES0000000000003960CCPF;31/03/2023;0;0,353;R
ES0000000000003960CCPF;31/03/2023;1;0,268;R
ES0000000000003960CCPF;31/03/2023;2;0,353;R
ES0000000000003960CCPF;31/03/2023;3;0,288;R
ES0000000000003960CCPF;31/03/2023;4;0,277;R
ES0000000000003960CCPF;31/03/2023;5;0,247;R
ES0000000000003960CCPF;31/03/2023;6;0,275;R
ES0000000000003960CCPF;31/03/2023;7;0,344;R
ES0000000000003960CCPF;31/03/2023;8;0,468;R
ES0000000000003960CCPF;31/03/2023;9;0,49;R
ES0000000000003960CCPF;31/03/2023;10;0,273;R
ES0000000000003960CCPF;31/03/2023;11;0,416;R
ES0000000000003960CCPF;31/03/2023;12;0,27;R
ES0000000000003960CCPF;31/03/2023;13;0,264;R
ES0000000000003960CCPF;31/03/2023;14;0,258;R
ES0000000000003960CCPF;31/03/2023;15;0,746;R
ES0000000000003960CCPF;31/03/2023;16;0,449;R
ES0000000000003960CCPF;31/03/2023;17;0,341;R
ES0000000000003960CCPF;31/03/2023;18;0,476;R
ES0000000000003960CCPF;31/03/2023;19;0,43;R
ES0000000000003960CCPF;31/03/2023;20;0,245;R
ES0000000000003960CCPF;31/03/2023;21;0,278;R
ES0000000000003960CCPF;31/03/2023;22;0,445;R
ES0000000000003960CCPF;31/03/2023;23;0,359;R
ES0000000000003960CCPF;01/04/2023;0;0,348;R
ES0000000000003960CCPF;01/04/2023;1;0,309;R
ES0000000000003960CCPF;01/04/2023;2;0,235;R
ES0000000000003960CCPF;01/04/2023;3;0,272;R
ES0000000000003960CCPF;01/04/2023;4;0,244;R
ES0000000000003960CCPF;01/04/2023;5;0,605;R
ES0000000000003960CCPF;01/04/2023;6;0,307;R
ES0000000000003960CCPF;01/04/2023;7;0,775;R
ES0000000000003960CCPF;01/04/2023;8;0,234;R
ES0000000000003960CCPF;01/04/2023;9;0,411;R
ES0000000000003960CCPF;01/04/2023;10;0,787;R
ES0000000000003960CCPF;01/04/2023;11;0,954;R
ES0000000000003960CCPF;01/04/2023;12;0,895;R
ES0000000000003960CCPF;01/04/2023;13;0,377;R
ES0000000000003960CCPF;01/04/2023;14;0,923;R
ES0000000000003960CCPF;01/04/2023;15;1,085;R
ES0000000000003960CCPF;01/04/2023;16;1,389;R
ES0000000000003960CCPF;01/04/2023;17;0,492;R
ES0000000000003960CCPF;01/04/2023;18;0,469;R
ES0000000000003960CCPF;01/04/2023;19;0,649;R
ES0000000000003960CCPF;01/04/2023;20;0,371;R
ES0000000000003960CCPF;01/04/2023;21;0,464;R
ES0000000000003960CCPF;01/04/2023;22;0,269;R
ES0000000000003960CCPF;01/04/2023;23;0,296;R
ES0000000000003960CCPF;02/04/2023;0;0,481;R
ES0000000000003960CCPF;02/04/2023;1;0,385;R
ES0000000000003960CCPF;02/04/2023;2;0,373;R
ES0000000000003960CCPF;02/04/2023;3;0,291;R
ES0000000000003960CCPF;02/04/2023;4;0,27;R
ES0000000000003960CCPF;02/04/2023;5;0,232;R
ES0000000000003960CCPF;02/04/2023;6;0,244;R
ES0000000000003960CCPF;02/04/2023;7;0,23;R
ES0000000000003960CCPF;02/04/2023;8;0,255;R
ES0000000000003960CCPF;02/04/2023;9;0,239;R
ES0000000000003960CCPF;02/04/2023;10;0,4;R
ES0000000000003960CCPF;02/04/2023;11;0,386;R
ES0000000000003960CCPF;02/04/2023;12;0,342;R
ES0000000000003960CCPF;02/04/2023;13;0,79;R
ES0000000000003960CCPF;02/04/2023;14;0,976;R
ES0000000000003960CCPF;02/04/2023;15;0,938;R
ES0000000000003960CCPF;02/04/2023;16;1,26;R
ES0000000000003960CCPF;02/04/2023;17;0,33;R
ES0000000000003960CCPF;02/04/2023;18;0,221;R
ES0000000000003960CCPF;02/04/2023;19;0,533;R
ES0000000000003960CCPF;02/04/2023;20;0,378;R
ES0000000000003960CCPF;02/04/2023;21;0,603;R
ES0000000000003960CCPF;02/04/2023;22;0,657;R
ES0000000000003960CCPF;02/04/2023;23;0,596;R
ES0000000000003960CCPF;03/04/2023;0;0,692;R
ES0000000000003960CCPF;03/04/2023;1;0,353;R
ES0000000000003960CCPF;03/04/2023;2;0,253;R
ES0000000000003960CCPF;03/04/2023;3;0,232;R
ES0000000000003960CCPF;03/04/2023;4;0,577;R
ES0000000000003960CCPF;03/04/2023;5;0,258;R
ES0000000000003960CCPF;03/04/2023;6;0,842;R
ES0000000000003960CCPF;03/04/2023;7;0,214;R
ES0000000000003960CCPF;03/04/2023;8;0,229;R
ES0000000000003960CCPF;03/04/2023;9;0,359;R
ES0000000000003960CCPF;03/04/2023;10;0,469;R
ES0000000000003960CCPF;03/04/2023;11;0,246;R
ES0000000000003960CCPF;03/04/2023;12;0,547;R
ES0000000000003960CCPF;03/04/2023;13;0,822;R
ES0000000000003960CCPF;03/04/2023;14;0,385;R
ES0000000000003960CCPF;03/04/2023;15;1,386;R
ES0000000000003960CCPF;03/04/2023;16;0,521;R
ES0000000000003960CCPF;03/04/2023;17;0,393;R
ES0000000000003960CCPF;03/04/2023;18;0,562;R
ES0000000000003960CCPF;03/04/2023;19;0,346;R
ES0000000000003960CCPF;03/04/2023;20;0,369;R
ES0000000000003960CCPF;03/04/2023;21;1,401;R
ES0000000000003960CCPF;03/04/2023;22;0,497;R
ES0000000000003960CCPF;03/04/2023;23;0,384;R
ES0000000000003960CCPF;04/04/2023;0;0,398;R
ES0000000000003960CCPF;04/04/2023;1;0,299;R
ES0000000000003960CCPF;04/04/2023;2;0,261;R
ES0000000000003960CCPF;04/04/2023;3;0,571;R
ES0000000000003960CCPF;04/04/2023;4;0,353;R
ES0000000000003960CCPF;04/04/2023;5;0,865;R
ES0000000000003960CCPF;04/04/2023;6;0,23;R
ES0000000000003960CCPF;04/04/2023;7;0,226;R
ES0000000000003960CCPF;04/04/2023;8;0,372;R
ES0000000000003960CCPF;04/04/2023;9;0,294;R
ES0000000000003960CCPF;04/04/2023;10;0,483;R
ES0000000000003960CCPF;04/04/2023;11;0,331;R
ES0000000000003960CCPF;04/04/2023;12;0,286;R
ES0000000000003960CCPF;04/04/2023;13;0,503;R
ES0000000000003960CCPF;04/04/2023;14;0,292;R
ES0000000000003960CCPF;04/04/2023;15;0,293;R
ES0000000000003960CCPF;04/04/2023;16;0,407;R
ES0000000000003960CCPF;04/04/2023;17;0,664;R
ES0000000000003960CCPF;04/04/2023;18;0,427;R
ES0000000000003960CCPF;04/04/2023;19;0,345;R
ES0000000000003960CCPF;04/04/2023;20;0,585;R
ES0000000000003960CCPF;04/04/2023;21;0,281;R
ES0000000000003960CCPF;04/04/2023;22;0,242;R
ES0000000000003960CCPF;04/04/2023;23;0,22;R
ES0000000000003960CCPF;05/04/2023;0;0,631;R
ES0000000000003960CCPF;05/04/2023;1;0,522;R
ES0000000000003960CCPF;05/04/2023;2;0,531;R
ES0000000000003960CCPF;05/04/2023;3;0,228;R
ES0000000000003960CCPF;05/04/2023;4;0,21;R
ES0000000000003960CCPF;05/04/2023;5;0,234;R
ES0000000000003960CCPF;05/04/2023;6;0,213;R
ES0000000000003960CCPF;05/04/2023;7;0,214;R
ES0000000000003960CCPF;05/04/2023;8;0,181;R
ES0000000000003960CCPF;05/04/2023;9;0,225;R
ES0000000000003960CCPF;05/04/2023;10;0,201;R
ES0000000000003960CCPF;05/04/2023;11;0,399;R
ES0000000000003960CCPF;05/04/2023;12;0,282;R
ES0000000000003960CCPF;05/04/2023;13;0,326;R
ES0000000000003960CCPF;05/04/2023;14;0,254;R
ES0000000000003960CCPF;05/04/2023;15;0,674;R
ES0000000000003960CCPF;05/04/2023;16;0,257;R
ES0000000000003960CCPF;05/04/2023;17;0,372;R
ES0000000000003960CCPF;05/04/2023;18;0,342;R
ES0000000000003960CCPF;05/04/2023;19;0,308;R
ES0000000000003960CCPF;05/04/2023;20;0,316;R
ES0000000000003960CCPF;05/04/2023;21;0,326;R
ES0000000000003960CCPF;05/04/2023;22;0,238;R
ES0000000000003960CCPF;05/04/2023;23;0,222;R
ES0000000000003960CCPF;06/04/2023;0;0,317;R
ES0000000000003960CCPF;06/04/2023;1;0,29;R
ES0000000000003960CCPF;06/04/2023;2;0,271;R
ES0000000000003960CCPF;06/04/2023;3;0,237;R
ES0000000000003960CCPF;06/04/2023;4;0,2;R
ES0000000000003960CCPF;06/04/2023;5;0,276;R
ES0000000000003960CCPF;06/04/2023;6;0,302;R
ES0000000000003960CCPF;06/04/2023;7;0,28;R
ES0000000000003960CCPF;06/04/2023;8;0,22;R
ES0000000000003960CCPF;06/04/2023;9;0,295;R
ES0000000000003960CCPF;06/04/2023;10;0,327;R
ES0000000000003960CCPF;06/04/2023;11;0,621;R
ES0000000000003960CCPF;06/04/2023;12;0,493;R
ES0000000000003960CCPF;06/04/2023;13;0,465;R
ES0000000000003960CCPF;06/04/2023;14;0,345;R
ES0000000000003960CCPF;06/04/2023;15;0,373;R
ES0000000000003960CCPF;06/04/2023;16;0,361;R
ES0000000000003960CCPF;06/04/2023;17;0,577;R
ES0000000000003960CCPF;06/04/2023;18;0,955;R
ES0000000000003960CCPF;06/04/2023;19;0,748;R
ES0000000000003960CCPF;06/04/2023;20;0,313;R
ES0000000000003960CCPF;06/04/2023;21;0,368;R
ES0000000000003960CCPF;06/04/2023;22;1,009;R
ES0000000000003960CCPF;06/04/2023;23;0,436;R
ES0000000000003960CCPF;07/04/2023;0;0,449;R
ES0000000000003960CCPF;07/04/2023;1;0,323;R
ES0000000000003960CCPF;07/04/2023;2;0,301;R
ES0000000000003960CCPF;07/04/2023;3;0,237;R
ES0000000000003960CCPF;07/04/2023;4;0,254;R
ES0000000000003960CCPF;07/04/2023;5;0,221;R
ES0000000000003960CCPF;07/04/2023;6;0,245;R
ES0000000000003960CCPF;07/04/2023;7;0,225;R
ES0000000000003960CCPF;07/04/2023;8;0,284;R
ES0000000000003960CCPF;07/04/2023;9;0,271;R
ES0000000000003960CCPF;07/04/2023;10;0,202;R
ES0000000000003960CCPF;07/04/2023;11;0,227;R
ES0000000000003960CCPF;07/04/2023;12;0,626;R
ES0000000000003960CCPF;07/04/2023;13;0,536;R
ES0000000000003960CCPF;07/04/2023;14;0,874;R
ES0000000000003960CCPF;07/04/2023;15;0,923;R
ES0000000000003960CCPF;07/04/2023;16;1,115;R
ES0000000000003960CCPF;07/04/2023;17;0,774;R
ES0000000000003960CCPF;07/04/2023;18;0,906;R
ES0000000000003960CCPF;07/04/2023;19;1,572;R
ES0000000000003960CCPF;07/04/2023;20;0,337;R
ES0000000000003960CCPF;07/04/2023;21;0,261;R
ES0000000000003960CCPF;07/04/2023;22;0,247;R
ES0000000000003960CCPF;07/04/2023;23;0,265;R
ES0000000000003960CCPF;08/04/2023;0;0,27;R
ES0000000000003960CCPF;08/04/2023;1;0,289;R
ES0000000000003960CCPF;08/04/2023;2;0,336;R
ES0000000000003960CCPF;08/04/2023;3;0,281;R
ES0000000000003960CCPF;08/04/2023;4;1,03;R
ES0000000000003960CCPF;08/04/2023;5;0,759;R
ES0000000000003960CCPF;08/04/2023;6;0,266;R
ES0000000000003960CCPF;08/04/2023;7;0,258;R
ES0000000000003960CCPF;08/04/2023;8;0,222;R
ES0000000000003960CCPF;08/04/2023;9;0,233;R
ES0000000000003960CCPF;08/04/2023;10;0,218;R
ES0000000000003960CCPF;08/04/2023;11;0,211;R
ES0000000000003960CCPF;08/04/2023;12;0,286;R
ES0000000000003960CCPF;08/04/2023;13;0,256;R
ES0000000000003960CCPF;08/04/2023;14;0,371;R
ES0000000000003960CCPF;08/04/2023;15;1,001;R
ES0000000000003960CCPF;08/04/2023;16;0,385;R
ES0000000000003960CCPF;08/04/2023;17;0,282;R
ES0000000000003960CCPF;08/04/2023;18;0,26;R
ES0000000000003960CCPF;08/04/2023;19;0,431;R
ES0000000000003960CCPF;08/04/2023;20;0,325;R
ES0000000000003960CCPF;08/04/2023;21;0,983;R
ES0000000000003960CCPF;08/04/2023;22;0,378;R
ES0000000000003960CCPF;08/04/2023;23;0,37;R
ES0000000000003960CCPF;09/04/2023;0;0,354;R
ES0000000000003960CCPF;09/04/2023;1;0,282;R
ES0000000000003960CCPF;09/04/2023;2;0,26;R
ES0000000000003960CCPF;09/04/2023;3;0,234;R
ES0000000000003960CCPF;09/04/2023;4;0,275;R
ES0000000000003960CCPF;09/04/2023;5;0,238;R
ES0000000000003960CCPF;09/04/2023;6;0,259;R
ES0000000000003960CCPF;09/04/2023;7;0,227;R
ES0000000000003960CCPF;09/04/2023;8;0,251;R
ES0000000000003960CCPF;09/04/2023;9;0,546;R
ES0000000000003960CCPF;09/04/2023;10;0,305;R
ES0000000000003960CCPF;09/04/2023;11;0,379;R
ES0000000000003960CCPF;09/04/2023;12;0,278;R
ES0000000000003960CCPF;09/04/2023;13;0,371;R
ES0000000000003960CCPF;09/04/2023;14;0,232;R
ES0000000000003960CCPF;09/04/2023;15;0,483;R
ES0000000000003960CCPF;09/04/2023;16;0,551;R
ES0000000000003960CCPF;09/04/2023;17;0,674;R
ES0000000000003960CCPF;09/04/2023;18;1,204;R
ES0000000000003960CCPF;09/04/2023;19;0,885;R
ES0000000000003960CCPF;09/04/2023;20;1,489;R
ES0000000000003960CCPF;09/04/2023;21;0,323;R
ES0000000000003960CCPF;09/04/2023;22;0,291;R
ES0000000000003960CCPF;09/04/2023;23;0,363;R
ES0000000000003960CCPF;10/04/2023;0;0,305;R
ES0000000000003960CCPF;10/04/2023;1;0,279;R
ES0000000000003960CCPF;10/04/2023;2;0,238;R
ES0000000000003960CCPF;10/04/2023;3;0,276;R
ES0000000000003960CCPF;10/04/2023;4;0,224;R
ES0000000000003960CCPF;10/04/2023;5;0,269;R
ES0000000000003960CCPF;10/04/2023;6;0,323;R
ES0000000000003960CCPF;10/04/2023;7;0,414;R
ES0000000000003960CCPF;10/04/2023;8;0,285;R
ES0000000000003960CCPF;10/04/2023;9;0,366;R
ES0000000000003960CCPF;10/04/2023;10;0,262;R
ES0000000000003960CCPF;10/04/2023;11;0,23;R
ES0000000000003960CCPF;10/04/2023;12;0,309;R
ES0000000000003960CCPF;10/04/2023;13;0,314;R
ES0000000000003960CCPF;10/04/2023;14;0,416;R
ES0000000000003960CCPF;10/04/2023;15;0,589;R
ES0000000000003960CCPF;10/04/2023;16;0,6;R
ES0000000000003960CCPF;10/04/2023;17;1,202;R
ES0000000000003960CCPF;10/04/2023;18;0,459;R
ES0000000000003960CCPF;10/04/2023;19;0,261;R
ES0000000000003960CCPF;10/04/2023;20;0,393;R
ES0000000000003960CCPF;10/04/2023;21;0,313;R
ES0000000000003960CCPF;10/04/2023;22;0,37;R
ES0000000000003960CCPF;10/04/2023;23;0,333;R
ES0000000000003960CCPF;11/04/2023;0;0,255;R
ES0000000000003960CCPF;11/04/2023;1;0,255;R
ES0000000000003960CCPF;11/04/2023;2;0,224;R
ES0000000000003960CCPF;11/04/2023;3;0,271;R
ES0000000000003960CCPF;11/04/2023;4;0,254;R
ES0000000000003960CCPF;11/04/2023;5;0,254;R
ES0000000000003960CCPF;11/04/2023;6;0,271;R
ES0000000000003960CCPF;11/04/2023;7;0,223;R
ES0000000000003960CCPF;11/04/2023;8;0,251;R
ES0000000000003960CCPF;11/04/2023;9;0,551;R
ES0000000000003960CCPF;11/04/2023;10;0,475;R
ES0000000000003960CCPF;11/04/2023;11;0,68;R
ES0000000000003960CCPF;11/04/2023;12;0,327;R
ES0000000000003960CCPF;11/04/2023;13;0,27;R
ES0000000000003960CCPF;11/04/2023;14;0,24;R
ES0000000000003960CCPF;11/04/2023;15;0,604;R
ES0000000000003960CCPF;11/04/2023;16;0,35;R
ES0000000000003960CCPF;11/04/2023;17;0,313;R
ES0000000000003960CCPF;11/04/2023;18;0,381;R
ES0000000000003960CCPF;11/04/2023;19;0,245;R
ES0000000000003960CCPF;11/04/2023;20;0,425;R
ES0000000000003960CCPF;11/04/2023;21;0,319;R
ES0000000000003960CCPF;11/04/2023;22;0,305;R
ES0000000000003960CCPF;11/04/2023;23;0,391;R
ES0000000000003960CCPF;12/04/2023;0;0,371;R
ES0000000000003960CCPF;12/04/2023;1;0,392;R
ES0000000000003960CCPF;12/04/2023;2;0,315;R
ES0000000000003960CCPF;12/04/2023;3;0,511;R
ES0000000000003960CCPF;12/04/2023;4;0,325;R
ES0000000000003960CCPF;12/04/2023;5;0,785;R
ES0000000000003960CCPF;12/04/2023;6;0,255;R
ES0000000000003960CCPF;12/04/2023;7;0,252;R
ES0000000000003960CCPF;12/04/2023;8;0,242;R
ES0000000000003960CCPF;12/04/2023;9;0,373;R
ES0000000000003960CCPF;12/04/2023;10;0,361;R
ES0000000000003960CCPF;12/04/2023;11;0,341;R
ES0000000000003960CCPF;12/04/2023;12;0,32;R
ES0000000000003960CCPF;12/04/2023;13;0,35;R
ES0000000000003960CCPF;12/04/2023;14;0,301;R
ES0000000000003960CCPF;12/04/2023;15;0,463;R
ES0000000000003960CCPF;12/04/2023;16;0,38;R
ES0000000000003960CCPF;12/04/2023;17;0,285;R
ES0000000000003960CCPF;12/04/2023;18;0,303;R
ES0000000000003960CCPF;12/04/2023;19;0,301;R
ES0000000000003960CCPF;12/04/2023;20;0,327;R
ES0000000000003960CCPF;12/04/2023;21;0,877;R
ES0000000000003960CCPF;12/04/2023;22;0,35;R
ES0000000000003960CCPF;12/04/2023;23;0,382;R
ES0000000000003960CCPF;13/04/2023;0;0,503;R
ES0000000000003960CCPF;13/04/2023;1;0,366;R
ES0000000000003960CCPF;13/04/2023;2;0,285;R
ES0000000000003960CCPF;13/04/2023;3;0,238;R
ES0000000000003960CCPF;13/04/2023;4;0,25;R
ES0000000000003960CCPF;13/04/2023;5;0,217;R
ES0000000000003960CCPF;13/04/2023;6;0,28;R
ES0000000000003960CCPF;13/04/2023;7;0,245;R
ES0000000000003960CCPF;13/04/2023;8;0,242;R
ES0000000000003960CCPF;13/04/2023;9;0,408;R
ES0000000000003960CCPF;13/04/2023;10;0,408;R
ES0000000000003960CCPF;13/04/2023;11;0,312;R
ES0000000000003960CCPF;13/04/2023;12;0,291;R
ES0000000000003960CCPF;13/04/2023;13;0,34;R
ES0000000000003960CCPF;13/04/2023;14;0,281;R
ES0000000000003960CCPF;13/04/2023;15;0,598;R
ES0000000000003960CCPF;13/04/2023;16;0,715;R
ES0000000000003960CCPF;13/04/2023;17;0,341;R
ES0000000000003960CCPF;13/04/2023;18;0,276;R
ES0000000000003960CCPF;13/04/2023;19;0,299;R
ES0000000000003960CCPF;13/04/2023;20;0,251;R
ES0000000000003960CCPF;13/04/2023;21;0,329;R
ES0000000000003960CCPF;13/04/2023;22;0,309;R
ES0000000000003960CCPF;13/04/2023;23;0,267;R
ES0000000000003960CCPF;14/04/2023;0;0,289;R
ES0000000000003960CCPF;14/04/2023;1;0,22;R
ES0000000000003960CCPF;14/04/2023;2;0,237;R
ES0000000000003960CCPF;14/04/2023;3;0,264;R
ES0000000000003960CCPF;14/04/2023;4;0,216;R
ES0000000000003960CCPF;14/04/2023;5;0,237;R
ES0000000000003960CCPF;14/04/2023;6;0,629;R
ES0000000000003960CCPF;14/04/2023;7;0,405;R
ES0000000000003960CCPF;14/04/2023;8;0,379;R
ES0000000000003960CCPF;14/04/2023;9;0,266;R
ES0000000000003960CCPF;14/04/2023;10;0,429;R
ES0000000000003960CCPF;14/04/2023;11;0,277;R
ES0000000000003960CCPF;14/04/2023;12;0,29;R
ES0000000000003960CCPF;14/04/2023;13;0,303;R
ES0000000000003960CCPF;14/04/2023;14;0,245;R
ES0000000000003960CCPF;14/04/2023;15;0,546;R
ES0000000000003960CCPF;14/04/2023;16;0,338;R
ES0000000000003960CCPF;14/04/2023;17;0,24;R
ES0000000000003960CCPF;14/04/2023;18;0,257;R
ES0000000000003960CCPF;14/04/2023;19;0,661;R
ES0000000000003960CCPF;14/04/2023;20;0,264;R
ES0000000000003960CCPF;14/04/2023;21;0,36;R
ES0000000000003960CCPF;14/04/2023;22;0,271;R
ES0000000000003960CCPF;14/04/2023;23;0,317;R
ES0000000000003960CCPF;15/04/2023;0;0,258;R
ES0000000000003960CCPF;15/04/2023;1;0,248;R
ES0000000000003960CCPF;15/04/2023;2;0,238;R
ES0000000000003960CCPF;15/04/2023;3;0,217;R
ES0000000000003960CCPF;15/04/2023;4;0,25;R
ES0000000000003960CCPF;15/04/2023;5;0,571;R
ES0000000000003960CCPF;15/04/2023;6;0,299;R
ES0000000000003960CCPF;15/04/2023;7;0,808;R
ES0000000000003960CCPF;15/04/2023;8;0,242;R
ES0000000000003960CCPF;15/04/2023;9;0,368;R
ES0000000000003960CCPF;15/04/2023;10;0,319;R
ES0000000000003960CCPF;15/04/2023;11;0,254;R
ES0000000000003960CCPF;15/04/2023;12;0,21;R
ES0000000000003960CCPF;15/04/2023;13;0,235;R
ES0000000000003960CCPF;15/04/2023;14;0,226;R
ES0000000000003960CCPF;15/04/2023;15;0,524;R
ES0000000000003960CCPF;15/04/2023;16;0,284;R
ES0000000000003960CCPF;15/04/2023;17;0,256;R
ES0000000000003960CCPF;15/04/2023;18;0,327;R
ES0000000000003960CCPF;15/04/2023;19;0,705;R
ES0000000000003960CCPF;15/04/2023;20;0,436;R
ES0000000000003960CCPF;15/04/2023;21;0,645;R
ES0000000000003960CCPF;15/04/2023;22;0,817;R
ES0000000000003960CCPF;15/04/2023;23;0,859;R
ES0000000000003960CCPF;16/04/2023;0;0,43;R
ES0000000000003960CCPF;16/04/2023;1;0,259;R
ES0000000000003960CCPF;16/04/2023;2;0,264;R
ES0000000000003960CCPF;16/04/2023;3;0,254;R
ES0000000000003960CCPF;16/04/2023;4;0,275;R
ES0000000000003960CCPF;16/04/2023;5;0,221;R
ES0000000000003960CCPF;16/04/2023;6;0,251;R
ES0000000000003960CCPF;16/04/2023;7;0,227;R
ES0000000000003960CCPF;16/04/2023;8;0,263;R
ES0000000000003960CCPF;16/04/2023;9;0,371;R
ES0000000000003960CCPF;16/04/2023;10;0,269;R
ES0000000000003960CCPF;16/04/2023;11;0,369;R
ES0000000000003960CCPF;16/04/2023;12;0,302;R
ES0000000000003960CCPF;16/04/2023;13;0,301;R
ES0000000000003960CCPF;16/04/2023;14;0,247;R
ES0000000000003960CCPF;16/04/2023;15;0,326;R
ES0000000000003960CCPF;16/04/2023;16;0,449;R
ES0000000000003960CCPF;16/04/2023;17;0,347;R
ES0000000000003960CCPF;16/04/2023;18;0,361;R
ES0000000000003960CCPF;16/04/2023;19;0,55;R
ES0000000000003960CCPF;16/04/2023;20;0,351;R
ES0000000000003960CCPF;16/04/2023;21;0,313;R
ES0000000000003960CCPF;16/04/2023;22;0,335;R
ES0000000000003960CCPF;16/04/2023;23;0,275;R
ES0000000000003960CCPF;17/04/2023;0;0,287;R
ES0000000000003960CCPF;17/04/2023;1;0,268;R
ES0000000000003960CCPF;17/04/2023;2;0,227;R
ES0000000000003960CCPF;17/04/2023;3;0,243;R
ES0000000000003960CCPF;17/04/2023;4;0,567;R
ES0000000000003960CCPF;17/04/2023;5;0,281;R
ES0000000000003960CCPF;17/04/2023;6;0,754;R
ES0000000000003960CCPF;17/04/2023;7;0,226;R
ES0000000000003960CCPF;17/04/2023;8;0,374;R
ES0000000000003960CCPF;17/04/2023;9;0,307;R
ES0000000000003960CCPF;17/04/2023;10;0,407;R
ES0000000000003960CCPF;17/04/2023;11;0,201;R
ES0000000000003960CCPF;17/04/2023;12;0,235;R
ES0000000000003960CCPF;17/04/2023;13;0,227;R
ES0000000000003960CCPF;17/04/2023;14;0,679;R
ES0000000000003960CCPF;17/04/2023;15;0,721;R
ES0000000000003960CCPF;17/04/2023;16;0,233;R
ES0000000000003960CCPF;17/04/2023;17;0,323;R
ES0000000000003960CCPF;17/04/2023;18;0,238;R
ES0000000000003960CCPF;17/04/2023;19;0,341;R
ES0000000000003960CCPF;17/04/2023;20;0,301;R
ES0000000000003960CCPF;17/04/2023;21;0,271;R
ES0000000000003960CCPF;17/04/2023;22;0,347;R
ES0000000000003960CCPF;17/04/2023;23;0,319;R
ES0000000000003960CCPF;18/04/2023;0;0,289;R
ES0000000000003960CCPF;18/04/2023;1;0,246;R
ES0000000000003960CCPF;18/04/2023;2;0,227;R
ES0000000000003960CCPF;18/04/2023;3;0,257;R
ES0000000000003960CCPF;18/04/2023;4;0,245;R
ES0000000000003960CCPF;18/04/2023;5;0,256;R
ES0000000000003960CCPF;18/04/2023;6;0,281;R
ES0000000000003960CCPF;18/04/2023;7;0,213;R
ES0000000000003960CCPF;18/04/2023;8;0,351;R
ES0000000000003960CCPF;18/04/2023;9;0,233;R
ES0000000000003960CCPF;18/04/2023;10;0,396;R
ES0000000000003960CCPF;18/04/2023;11;0,234;R
ES0000000000003960CCPF;18/04/2023;12;0,305;R
ES0000000000003960CCPF;18/04/2023;13;0,287;R
ES0000000000003960CCPF;18/04/2023;14;0,207;R
ES0000000000003960CCPF;18/04/2023;15;0,675;R
ES0000000000003960CCPF;18/04/2023;16;0,484;R
ES0000000000003960CCPF;18/04/2023;17;0,423;R
ES0000000000003960CCPF;18/04/2023;18;0,407;R
ES0000000000003960CCPF;18/04/2023;19;0,34;R
ES0000000000003960CCPF;18/04/2023;20;0,223;R
ES0000000000003960CCPF;18/04/2023;21;0,266;R
ES0000000000003960CCPF;18/04/2023;22;0,227;R
ES0000000000003960CCPF;18/04/2023;23;0,281;R
ES0000000000003960CCPF;19/04/2023;0;0,282;R
ES0000000000003960CCPF;19/04/2023;1;0,227;R
ES0000000000003960CCPF;19/04/2023;2;0,269;R
ES0000000000003960CCPF;19/04/2023;3;0,235;R
ES0000000000003960CCPF;19/04/2023;4;0,267;R
ES0000000000003960CCPF;19/04/2023;5;0,562;R
ES0000000000003960CCPF;19/04/2023;6;0,488;R
ES0000000000003960CCPF;19/04/2023;7;0,742;R
ES0000000000003960CCPF;19/04/2023;8;0,296;R
ES0000000000003960CCPF;19/04/2023;9;0,478;R
ES0000000000003960CCPF;19/04/2023;10;0,222;R
ES0000000000003960CCPF;19/04/2023;11;0,327;R
ES0000000000003960CCPF;19/04/2023;12;0,22;R
ES0000000000003960CCPF;19/04/2023;13;0,473;R
ES0000000000003960CCPF;19/04/2023;14;1,457;R
ES0000000000003960CCPF;19/04/2023;15;0,456;R
ES0000000000003960CCPF;19/04/2023;16;0,404;R
ES0000000000003960CCPF;19/04/2023;17;0,253;R
ES0000000000003960CCPF;19/04/2023;18;0,354;R
ES0000000000003960CCPF;19/04/2023;19;0,266;R
ES0000000000003960CCPF;19/04/2023;20;0,315;R
ES0000000000003960CCPF;19/04/2023;21;0,282;R
ES0000000000003960CCPF;19/04/2023;22;0,408;R
ES0000000000003960CCPF;19/04/2023;23;0,308;R
ES0000000000003960CCPF;20/04/2023;0;0,275;R
ES0000000000003960CCPF;20/04/2023;1;0,256;R
ES0000000000003960CCPF;20/04/2023;2;0,272;R
ES0000000000003960CCPF;20/04/2023;3;0,24;R
ES0000000000003960CCPF;20/04/2023;4;0,227;R
ES0000000000003960CCPF;20/04/2023;5;0,266;R
ES0000000000003960CCPF;20/04/2023;6;0,249;R
ES0000000000003960CCPF;20/04/2023;7;0,34;R
ES0000000000003960CCPF;20/04/2023;8;0,283;R
ES0000000000003960CCPF;20/04/2023;9;0,278;R
ES0000000000003960CCPF;20/04/2023;10;0,414;R
ES0000000000003960CCPF;20/04/2023;11;0,258;R
ES0000000000003960CCPF;20/04/2023;12;0,3;R
ES0000000000003960CCPF;20/04/2023;13;0,246;R
ES0000000000003960CCPF;20/04/2023;14;0,246;R
ES0000000000003960CCPF;20/04/2023;15;0,257;R
ES0000000000003960CCPF;20/04/2023;16;0,816;R
ES0000000000003960CCPF;20/04/2023;17;0,323;R
ES0000000000003960CCPF;20/04/2023;18;0,25;R
ES0000000000003960CCPF;20/04/2023;19;0,268;R
ES0000000000003960CCPF;20/04/2023;20;0,292;R
ES0000000000003960CCPF;20/04/2023;21;0,309;R
ES0000000000003960CCPF;20/04/2023;22;0,341;R
ES0000000000003960CCPF;20/04/2023;23;0,382;R
ES0000000000003960CCPF;21/04/2023;0;0,274;R
ES0000000000003960CCPF;21/04/2023;1;0,221;R
ES0000000000003960CCPF;21/04/2023;2;0,262;R
ES0000000000003960CCPF;21/04/2023;3;0,272;R
ES0000000000003960CCPF;21/04/2023;4;0,27;R
ES0000000000003960CCPF;21/04/2023;5;0,255;R
ES0000000000003960CCPF;21/04/2023;6;0,221;R
ES0000000000003960CCPF;21/04/2023;7;0,282;R
ES0000000000003960CCPF;21/04/2023;8;0,361;R
ES0000000000003960CCPF;21/04/2023;9;0,222;R
ES0000000000003960CCPF;21/04/2023;10;0,392;R
ES0000000000003960CCPF;21/04/2023;11;0,25;R
ES0000000000003960CCPF;21/04/2023;12;0,308;R
ES0000000000003960CCPF;21/04/2023;13;0,203;R
ES0000000000003960CCPF;21/04/2023;14;0,268;R
ES0000000000003960CCPF;21/04/2023;15;0,331;R
ES0000000000003960CCPF;21/04/2023;16;0,437;R
ES0000000000003960CCPF;21/04/2023;17;0,301;R
ES0000000000003960CCPF;21/04/2023;18;0,543;R
ES0000000000003960CCPF;21/04/2023;19;0,255;R
ES0000000000003960CCPF;21/04/2023;20;0,329;R
ES0000000000003960CCPF;21/04/2023;21;0,392;R
ES0000000000003960CCPF;21/04/2023;22;0,288;R
ES0000000000003960CCPF;21/04/2023;23;0,484;R
ES0000000000003960CCPF;22/04/2023;0;0,368;R
ES0000000000003960CCPF;22/04/2023;1;0,561;R
ES0000000000003960CCPF;22/04/2023;2;0,421;R
ES0000000000003960CCPF;22/04/2023;3;0,259;R
ES0000000000003960CCPF;22/04/2023;4;0,299;R
ES0000000000003960CCPF;22/04/2023;5;0,275;R
ES0000000000003960CCPF;22/04/2023;6;0,272;R
ES0000000000003960CCPF;22/04/2023;7;0,266;R
ES0000000000003960CCPF;22/04/2023;8;0,285;R
ES0000000000003960CCPF;22/04/2023;9;0,342;R
ES0000000000003960CCPF;22/04/2023;10;0,277;R
ES0000000000003960CCPF;22/04/2023;11;0,272;R
ES0000000000003960CCPF;22/04/2023;12;0,312;R
ES0000000000003960CCPF;22/04/2023;13;0,99;R
ES0000000000003960CCPF;22/04/2023;14;1,177;R
ES0000000000003960CCPF;22/04/2023;15;0,713;R
ES0000000000003960CCPF;22/04/2023;16;0,883;R
ES0000000000003960CCPF;22/04/2023;17;0,851;R
ES0000000000003960CCPF;22/04/2023;18;0,594;R
ES0000000000003960CCPF;22/04/2023;19;0,709;R
ES0000000000003960CCPF;22/04/2023;20;0,587;R
ES0000000000003960CCPF;22/04/2023;21;0,594;R
ES0000000000003960CCPF;22/04/2023;22;0,3;R
ES0000000000003960CCPF;22/04/2023;23;0,254;R
ES0000000000003960CCPF;23/04/2023;0;0,249;R
ES0000000000003960CCPF;23/04/2023;1;0,309;R
ES0000000000003960CCPF;23/04/2023;2;0,324;R
ES0000000000003960CCPF;23/04/2023;3;0,345;R
ES0000000000003960CCPF;23/04/2023;4;0,32;R
ES0000000000003960CCPF;23/04/2023;5;0,246;R
ES0000000000003960CCPF;23/04/2023;6;0,271;R
ES0000000000003960CCPF;23/04/2023;7;0,23;R
ES0000000000003960CCPF;23/04/2023;8;0,265;R
ES0000000000003960CCPF;23/04/2023;9;0,243;R
ES0000000000003960CCPF;23/04/2023;10;0,227;R
ES0000000000003960CCPF;23/04/2023;11;0,29;R
ES0000000000003960CCPF;23/04/2023;12;0,2;R
ES0000000000003960CCPF;23/04/2023;13;0,281;R
ES0000000000003960CCPF;23/04/2023;14;0,481;R
ES0000000000003960CCPF;23/04/2023;15;0,442;R
ES0000000000003960CCPF;23/04/2023;16;1,113;R
ES0000000000003960CCPF;23/04/2023;17;0,785;R
ES0000000000003960CCPF;23/04/2023;18;0,645;R
ES0000000000003960CCPF;23/04/2023;19;0,272;R
ES0000000000003960CCPF;23/04/2023;20;0,314;R
ES0000000000003960CCPF;23/04/2023;21;0,275;R
ES0000000000003960CCPF;23/04/2023;22;0,32;R
ES0000000000003960CCPF;23/04/2023;23;0,468;R
ES0000000000003960CCPF;24/04/2023;0;0,442;R
ES0000000000003960CCPF;24/04/2023;1;0,32;R
ES0000000000003960CCPF;24/04/2023;2;0,25;R
ES0000000000003960CCPF;24/04/2023;3;0,231;R
ES0000000000003960CCPF;24/04/2023;4;0,275;R
ES0000000000003960CCPF;24/04/2023;5;0,311;R
ES0000000000003960CCPF;24/04/2023;6;0,285;R
ES0000000000003960CCPF;24/04/2023;7;0,281;R
ES0000000000003960CCPF;24/04/2023;8;0,379;R
ES0000000000003960CCPF;24/04/2023;9;0,232;R
ES0000000000003960CCPF;24/04/2023;10;0,556;R
ES0000000000003960CCPF;24/04/2023;11;0,229;R
ES0000000000003960CCPF;24/04/2023;12;0,259;R
ES0000000000003960CCPF;24/04/2023;13;0,246;R
ES0000000000003960CCPF;24/04/2023;14;0,274;R
ES0000000000003960CCPF;24/04/2023;15;0,381;R
ES0000000000003960CCPF;24/04/2023;16;0,679;R
ES0000000000003960CCPF;24/04/2023;17;0,429;R
ES0000000000003960CCPF;24/04/2023;18;0,262;R
ES0000000000003960CCPF;24/04/2023;19;0,291;R
ES0000000000003960CCPF;24/04/2023;20;0,335;R
ES0000000000003960CCPF;24/04/2023;21;0,343;R
ES0000000000003960CCPF;24/04/2023;22;0,342;R
ES0000000000003960CCPF;24/04/2023;23;0,303;R
ES0000000000003960CCPF;25/04/2023;0;0,309;R
ES0000000000003960CCPF;25/04/2023;1;0,242;R
ES0000000000003960CCPF;25/04/2023;2;0,264;R
ES0000000000003960CCPF;25/04/2023;3;0,273;R
ES0000000000003960CCPF;25/04/2023;4;0,522;R
ES0000000000003960CCPF;25/04/2023;5;0,333;R
ES0000000000003960CCPF;25/04/2023;6;0,768;R
ES0000000000003960CCPF;25/04/2023;7;0,264;R
ES0000000000003960CCPF;25/04/2023;8;0,28;R
ES0000000000003960CCPF;25/04/2023;9;0,296;R
ES0000000000003960CCPF;25/04/2023;10;0,421;R
ES0000000000003960CCPF;25/04/2023;11;0,29;R
ES0000000000003960CCPF;25/04/2023;12;0,307;R
ES0000000000003960CCPF;25/04/2023;13;0,252;R
ES0000000000003960CCPF;25/04/2023;14;0,404;R
ES0000000000003960CCPF;25/04/2023;15;0,476;R
ES0000000000003960CCPF;25/04/2023;16;0,337;R
ES0000000000003960CCPF;25/04/2023;17;0,316;R
ES0000000000003960CCPF;25/04/2023;18;0,256;R
ES0000000000003960CCPF;25/04/2023;19;0,347;R
ES0000000000003960CCPF;25/04/2023;20;0,485;R
ES0000000000003960CCPF;25/04/2023;21;0,455;R
ES0000000000003960CCPF;25/04/2023;22;0,347;R
ES0000000000003960CCPF;25/04/2023;23;0,357;R
ES0000000000003960CCPF;26/04/2023;0;0,317;R
ES0000000000003960CCPF;26/04/2023;1;0,281;R
ES0000000000003960CCPF;26/04/2023;2;0,285;R
ES0000000000003960CCPF;26/04/2023;3;0,266;R
ES0000000000003960CCPF;26/04/2023;4;0,312;R
ES0000000000003960CCPF;26/04/2023;5;0,248;R
ES0000000000003960CCPF;26/04/2023;6;0,298;R
ES0000000000003960CCPF;26/04/2023;7;0,292;R
ES0000000000003960CCPF;26/04/2023;8;0,243;R
ES0000000000003960CCPF;26/04/2023;9;0,42;R
ES0000000000003960CCPF;26/04/2023;10;0,313;R
ES0000000000003960CCPF;26/04/2023;11;0,283;R
ES0000000000003960CCPF;26/04/2023;12;0,327;R
ES0000000000003960CCPF;26/04/2023;13;0,265;R
ES0000000000003960CCPF;26/04/2023;14;0,269;R
ES0000000000003960CCPF;26/04/2023;15;0,908;R
ES0000000000003960CCPF;26/04/2023;16;0,253;R
ES0000000000003960CCPF;26/04/2023;17;0,317;R
ES0000000000003960CCPF;26/04/2023;18;0,313;R
ES0000000000003960CCPF;26/04/2023;19;0,311;R
ES0000000000003960CCPF;26/04/2023;20;0,409;R
ES0000000000003960CCPF;26/04/2023;21;0,36;R
ES0000000000003960CCPF;26/04/2023;22;0,391;R
ES0000000000003960CCPF;26/04/2023;23;0,307;R
ES0000000000003960CCPF;27/04/2023;0;0,346;R
ES0000000000003960CCPF;27/04/2023;1;0,278;R
ES0000000000003960CCPF;27/04/2023;2;0,293;R
ES0000000000003960CCPF;27/04/2023;3;0,275;R
ES0000000000003960CCPF;27/04/2023;4;0,302;R
ES0000000000003960CCPF;27/04/2023;5;0,561;R
ES0000000000003960CCPF;27/04/2023;6;0,598;R
ES0000000000003960CCPF;27/04/2023;7;0,636;R
ES0000000000003960CCPF;27/04/2023;8;0,3;R
ES0000000000003960CCPF;27/04/2023;9;0,343;R
ES0000000000003960CCPF;27/04/2023;10;0,439;R
ES0000000000003960CCPF;27/04/2023;11;0,338;R
ES0000000000003960CCPF;27/04/2023;12;0,3;R
ES0000000000003960CCPF;27/04/2023;13;0,261;R
ES0000000000003960CCPF;27/04/2023;14;0,358;R
ES0000000000003960CCPF;27/04/2023;15;0,426;R
ES0000000000003960CCPF;27/04/2023;16;0,746;R
ES0000000000003960CCPF;27/04/2023;17;0,364;R
ES0000000000003960CCPF;27/04/2023;18;0,326;R
ES0000000000003960CCPF;27/04/2023;19;0,535;R
ES0000000000003960CCPF;27/04/2023;20;0,313;R
ES0000000000003960CCPF;27/04/2023;21;0,256;R
ES0000000000003960CCPF;27/04/2023;22;0,275;R
ES0000000000003960CCPF;27/04/2023;23;0,305;R
ES0000000000003960CCPF;28/04/2023;0;0,298;R
ES0000000000003960CCPF;28/04/2023;1;0,306;R
ES0000000000003960CCPF;28/04/2023;2;0,293;R
ES0000000000003960CCPF;28/04/2023;3;0,252;R
ES0000000000003960CCPF;28/04/2023;4;0,277;R
ES0000000000003960CCPF;28/04/2023;5;0,285;R
ES0000000000003960CCPF;28/04/2023;6;0,265;R
ES0000000000003960CCPF;28/04/2023;7;0,299;R
ES0000000000003960CCPF;28/04/2023;8;0,531;R
ES0000000000003960CCPF;28/04/2023;9;0,249;R
ES0000000000003960CCPF;28/04/2023;10;0,604;R
ES0000000000003960CCPF;28/04/2023;11;0,256;R
ES0000000000003960CCPF;28/04/2023;12;0,297;R
ES0000000000003960CCPF;28/04/2023;13;0,346;R
ES0000000000003960CCPF;28/04/2023;14;0,295;R
ES0000000000003960CCPF;28/04/2023;15;0,303;R
ES0000000000003960CCPF;28/04/2023;16;0,447;R
ES0000000000003960CCPF;28/04/2023;17;0,522;R
ES0000000000003960CCPF;28/04/2023;18;0,326;R
ES0000000000003960CCPF;28/04/2023;19;0,354;R
ES0000000000003960CCPF;28/04/2023;20;0,324;R
ES0000000000003960CCPF;28/04/2023;21;0,306;R
ES0000000000003960CCPF;28/04/2023;22;0,295;R
ES0000000000003960CCPF;28/04/2023;23;0,264;R
ES0000000000003960CCPF;29/04/2023;0;0,303;R
ES0000000000003960CCPF;29/04/2023;1;0,301;R
ES0000000000003960CCPF;29/04/2023;2;0,256;R
ES0000000000003960CCPF;29/04/2023;3;0,283;R
ES0000000000003960CCPF;29/04/2023;4;0,286;R
ES0000000000003960CCPF;29/04/2023;5;0,274;R
ES0000000000003960CCPF;29/04/2023;6;0,287;R
ES0000000000003960CCPF;29/04/2023;7;0,3;R
ES0000000000003960CCPF;29/04/2023;8;0,285;R
ES0000000000003960CCPF;29/04/2023;9;0,256;R
ES0000000000003960CCPF;29/04/2023;10;0,286;R
ES0000000000003960CCPF;29/04/2023;11;0,285;R
ES0000000000003960CCPF;29/04/2023;12;0,271;R
ES0000000000003960CCPF;29/04/2023;13;0,296;R
ES0000000000003960CCPF;29/04/2023;14;0,294;R
ES0000000000003960CCPF;29/04/2023;15;0,273;R
ES0000000000003960CCPF;29/04/2023;16;0,266;R
ES0000000000003960CCPF;29/04/2023;17;0,284;R
ES0000000000003960CCPF;29/04/2023;18;0,295;R
ES0000000000003960CCPF;29/04/2023;19;0,265;R
ES0000000000003960CCPF;29/04/2023;20;0,292;R
ES0000000000003960CCPF;29/04/2023;21;0,281;R
ES0000000000003960CCPF;29/04/2023;22;0,51;R
ES0000000000003960CCPF;29/04/2023;23;0,313;R
ES0000000000003960CCPF;30/04/2023;0;0,741;R
ES0000000000003960CCPF;30/04/2023;1;0,297;R
ES0000000000003960CCPF;30/04/2023;2;0,259;R
ES0000000000003960CCPF;30/04/2023;3;0,284;R
ES0000000000003960CCPF;30/04/2023;4;0,287;R
ES0000000000003960CCPF;30/04/2023;5;0,274;R
ES0000000000003960CCPF;30/04/2023;6;0,279;R
ES0000000000003960CCPF;30/04/2023;7;0,301;R
ES0000000000003960CCPF;30/04/2023;8;0,299;R
ES0000000000003960CCPF;30/04/2023;9;0,255;R
ES0000000000003960CCPF;30/04/2023;10;0,276;R
ES0000000000003960CCPF;30/04/2023;11;0,277;R
ES0000000000003960CCPF;30/04/2023;12;0,264;R
ES0000000000003960CCPF;30/04/2023;13;0,276;R
ES0000000000003960CCPF;30/04/2023;14;0,293;R
ES0000000000003960CCPF;30/04/2023;15;0,289;R
ES0000000000003960CCPF;30/04/2023;16;0,249;R
ES0000000000003960CCPF;30/04/2023;17;0,277;R
ES0000000000003960CCPF;30/04/2023;18;0,277;R
ES0000000000003960CCPF;30/04/2023;19;0,27;R
ES0000000000003960CCPF;30/04/2023;20;0,281;R
ES0000000000003960CCPF;30/04/2023;21;0,299;R
ES0000000000003960CCPF;30/04/2023;22;0,282;R
ES0000000000003960CCPF;30/04/2023;23;0,253;R
ES0000000000003960CCPF;01/05/2023;0;0,284;R
ES0000000000003960CCPF;01/05/2023;1;0,289;R
ES0000000000003960CCPF;01/05/2023;2;0,278;R
ES0000000000003960CCPF;01/05/2023;3;0,279;R
ES0000000000003960CCPF;01/05/2023;4;0,291;R
ES0000000000003960CCPF;01/05/2023;5;0,279;R
ES0000000000003960CCPF;01/05/2023;6;0,243;R
ES0000000000003960CCPF;01/05/2023;7;0,268;R
ES0000000000003960CCPF;01/05/2023;8;0,267;R
ES0000000000003960CCPF;01/05/2023;9;0,255;R
ES0000000000003960CCPF;01/05/2023;10;0,263;R
ES0000000000003960CCPF;01/05/2023;11;0,27;R
ES0000000000003960CCPF;01/05/2023;12;0,253;R
ES0000000000003960CCPF;01/05/2023;13;0,237;R
ES0000000000003960CCPF;01/05/2023;14;0,259;R
ES0000000000003960CCPF;01/05/2023;15;0,263;R
ES0000000000003960CCPF;01/05/2023;16;0,255;R
ES0000000000003960CCPF;01/05/2023;17;0,274;R
ES0000000000003960CCPF;01/05/2023;18;0,281;R
ES0000000000003960CCPF;01/05/2023;19;0,262;R
ES0000000000003960CCPF;01/05/2023;20;0,249;R
ES0000000000003960CCPF;01/05/2023;21;0,274;R
ES0000000000003960CCPF;01/05/2023;22;0,278;R
ES0000000000003960CCPF;01/05/2023;23;0,262;R
ES0000000000003960CCPF;02/05/2023;0;0,395;R
ES0000000000003960CCPF;02/05/2023;1;0,289;R
ES0000000000003960CCPF;02/05/2023;2;0,282;R
ES0000000000003960CCPF;02/05/2023;3;0,274;R
ES0000000000003960CCPF;02/05/2023;4;0,249;R
ES0000000000003960CCPF;02/05/2023;5;0,288;R
ES0000000000003960CCPF;02/05/2023;6;0,285;R
ES0000000000003960CCPF;02/05/2023;7;0,259;R
ES0000000000003960CCPF;02/05/2023;8;0,262;R
ES0000000000003960CCPF;02/05/2023;9;0,404;R
ES0000000000003960CCPF;02/05/2023;10;0,262;R
ES0000000000003960CCPF;02/05/2023;11;0,389;R
ES0000000000003960CCPF;02/05/2023;12;0,256;R
ES0000000000003960CCPF;02/05/2023;13;0,259;R
ES0000000000003960CCPF;02/05/2023;14;0,314;R
ES0000000000003960CCPF;02/05/2023;15;0,448;R
ES0000000000003960CCPF;02/05/2023;16;0,321;R
ES0000000000003960CCPF;02/05/2023;17;0,357;R
ES0000000000003960CCPF;02/05/2023;18;0,281;R
ES0000000000003960CCPF;02/05/2023;19;0,34;R
ES0000000000003960CCPF;02/05/2023;20;0,328;R
ES0000000000003960CCPF;02/05/2023;21;0,367;R
ES0000000000003960CCPF;02/05/2023;22;0,386;R
ES0000000000003960CCPF;02/05/2023;23;0,352;R
ES0000000000003960CCPF;03/05/2023;0;0,337;R
ES0000000000003960CCPF;03/05/2023;1;0,293;R
ES0000000000003960CCPF;03/05/2023;2;0,295;R
ES0000000000003960CCPF;03/05/2023;3;0,285;R
ES0000000000003960CCPF;03/05/2023;4;0,307;R
ES0000000000003960CCPF;03/05/2023;5;0,29;R
ES0000000000003960CCPF;03/05/2023;6;0,256;R
ES0000000000003960CCPF;03/05/2023;7;0,277;R
ES0000000000003960CCPF;03/05/2023;8;0,283;R
ES0000000000003960CCPF;03/05/2023;9;0,418;R
ES0000000000003960CCPF;03/05/2023;10;0,406;R
ES0000000000003960CCPF;03/05/2023;11;0,401;R
ES0000000000003960CCPF;03/05/2023;12;0,387;R
ES0000000000003960CCPF;03/05/2023;13;0,246;R
ES0000000000003960CCPF;03/05/2023;14;0,341;R
ES0000000000003960CCPF;03/05/2023;15;0,402;R
ES0000000000003960CCPF;03/05/2023;16;0,851;R
ES0000000000003960CCPF;03/05/2023;17;0,313;R
ES0000000000003960CCPF;03/05/2023;18;0,416;R
ES0000000000003960CCPF;03/05/2023;19;0,284;R
ES0000000000003960CCPF;03/05/2023;20;0,272;R
ES0000000000003960CCPF;03/05/2023;21;0,282;R
ES0000000000003960CCPF;03/05/2023;22;0,331;R
ES0000000000003960CCPF;03/05/2023;23;0,373;R
ES0000000000003960CCPF;04/05/2023;0;0,361;R
ES0000000000003960CCPF;04/05/2023;1;0,312;R
ES0000000000003960CCPF;04/05/2023;2;0,27;R
ES0000000000003960CCPF;04/05/2023;3;0,294;R
ES0000000000003960CCPF;04/05/2023;4;0,291;R
ES0000000000003960CCPF;04/05/2023;5;0,26;R
ES0000000000003960CCPF;04/05/2023;6;0,281;R
ES0000000000003960CCPF;04/05/2023;7;0,422;R
ES0000000000003960CCPF;04/05/2023;8;0,281;R
ES0000000000003960CCPF;04/05/2023;9;0,406;R
ES0000000000003960CCPF;04/05/2023;10;0,291;R
ES0000000000003960CCPF;04/05/2023;11;0,26;R
ES0000000000003960CCPF;04/05/2023;12;0,46;R
ES0000000000003960CCPF;04/05/2023;13;0,435;R
ES0000000000003960CCPF;04/05/2023;14;0,296;R
ES0000000000003960CCPF;04/05/2023;15;0,256;R
ES0000000000003960CCPF;04/05/2023;16;0,297;R
ES0000000000003960CCPF;04/05/2023;17;0,369;R
ES0000000000003960CCPF;04/05/2023;18;0,271;R
ES0000000000003960CCPF;04/05/2023;19;0,296;R
ES0000000000003960CCPF;04/05/2023;20;0,257;R
ES0000000000003960CCPF;04/05/2023;21;0,314;R
ES0000000000003960CCPF;04/05/2023;22;0,476;R
ES0000000000003960CCPF;04/05/2023;23;0,364;R
ES0000000000003960CCPF;05/05/2023;0;0,339;R
ES0000000000003960CCPF;05/05/2023;1;0,275;R
ES0000000000003960CCPF;05/05/2023;2;0,305;R
ES0000000000003960CCPF;05/05/2023;3;0,294;R
ES0000000000003960CCPF;05/05/2023;4;0,275;R
ES0000000000003960CCPF;05/05/2023;5;0,305;R
ES0000000000003960CCPF;05/05/2023;6;0,255;R
ES0000000000003960CCPF;05/05/2023;7;0,357;R
ES0000000000003960CCPF;05/05/2023;8;0,306;R
ES0000000000003960CCPF;05/05/2023;9;0,27;R
ES0000000000003960CCPF;05/05/2023;10;0,411;R
ES0000000000003960CCPF;05/05/2023;11;0,236;R
ES0000000000003960CCPF;05/05/2023;12;0,367;R
ES0000000000003960CCPF;05/05/2023;13;0,303;R
ES0000000000003960CCPF;05/05/2023;14;0,282;R
ES0000000000003960CCPF;05/05/2023;15;0,241;R
ES0000000000003960CCPF;05/05/2023;16;0,461;R
ES0000000000003960CCPF;05/05/2023;17;0,275;R
ES0000000000003960CCPF;05/05/2023;18;0,31;R
ES0000000000003960CCPF;05/05/2023;19;0,272;R
ES0000000000003960CCPF;05/05/2023;20;0,277;R
ES0000000000003960CCPF;05/05/2023;21;0,308;R
ES0000000000003960CCPF;05/05/2023;22;0,28;R
ES0000000000003960CCPF;05/05/2023;23;0,308;R
ES0000000000003960CCPF;06/05/2023;0;0,278;R
ES0000000000003960CCPF;06/05/2023;1;0,308;R
ES0000000000003960CCPF;06/05/2023;2;0,266;R
ES0000000000003960CCPF;06/05/2023;3;0,3;R
ES0000000000003960CCPF;06/05/2023;4;0,283;R
ES0000000000003960CCPF;06/05/2023;5;0,294;R
ES0000000000003960CCPF;06/05/2023;6;0,294;R
ES0000000000003960CCPF;06/05/2023;7;0,372;R
ES0000000000003960CCPF;06/05/2023;8;0,346;R
ES0000000000003960CCPF;06/05/2023;9;0,274;R
ES0000000000003960CCPF;06/05/2023;10;0,339;R
ES0000000000003960CCPF;06/05/2023;11;0,301;R
ES0000000000003960CCPF;06/05/2023;12;0,265;R
ES0000000000003960CCPF;06/05/2023;13;0,237;R
ES0000000000003960CCPF;06/05/2023;14;0,386;R
ES0000000000003960CCPF;06/05/2023;15;0,697;R
ES0000000000003960CCPF;06/05/2023;16;0,505;R
ES0000000000003960CCPF;06/05/2023;17;0,57;R
ES0000000000003960CCPF;06/05/2023;18;0,566;R
ES0000000000003960CCPF;06/05/2023;19;1,007;R
ES0000000000003960CCPF;06/05/2023;20;0,456;R
ES0000000000003960CCPF;06/05/2023;21;0,396;R
ES0000000000003960CCPF;06/05/2023;22;0,875;R
ES0000000000003960CCPF;06/05/2023;23;0,686;R
ES0000000000003960CCPF;07/05/2023;0;0,836;R
ES0000000000003960CCPF;07/05/2023;1;0,612;R
ES0000000000003960CCPF;07/05/2023;2;0,31;R
ES0000000000003960CCPF;07/05/2023;3;0,285;R
ES0000000000003960CCPF;07/05/2023;4;0,344;R
ES0000000000003960CCPF;07/05/2023;5;0,371;R
ES0000000000003960CCPF;07/05/2023;6;0,27;R
ES0000000000003960CCPF;07/05/2023;7;0,303;R
ES0000000000003960CCPF;07/05/2023;8;0,259;R
ES0000000000003960CCPF;07/05/2023;9;0,41;R
ES0000000000003960CCPF;07/05/2023;10;0,36;R
ES0000000000003960CCPF;07/05/2023;11;0,6;R
ES0000000000003960CCPF;07/05/2023;12;0,944;R
ES0000000000003960CCPF;07/05/2023;13;0,555;R
ES0000000000003960CCPF;07/05/2023;14;0,524;R
ES0000000000003960CCPF;07/05/2023;15;0,265;R
ES0000000000003960CCPF;07/05/2023;16;0,351;R
ES0000000000003960CCPF;07/05/2023;17;0,376;R
ES0000000000003960CCPF;07/05/2023;18;0,401;R
ES0000000000003960CCPF;07/05/2023;19;0,31;R
ES0000000000003960CCPF;07/05/2023;20;0,283;R
ES0000000000003960CCPF;07/05/2023;21;0,348;R
ES0000000000003960CCPF;07/05/2023;22;0,347;R
ES0000000000003960CCPF;07/05/2023;23;0,41;R
ES0000000000003960CCPF;08/05/2023;0;0,383;R
ES0000000000003960CCPF;08/05/2023;1;0,366;R
ES0000000000003960CCPF;08/05/2023;2;0,271;R
ES0000000000003960CCPF;08/05/2023;3;0,275;R
ES0000000000003960CCPF;08/05/2023;4;0,281;R
ES0000000000003960CCPF;08/05/2023;5;0,262;R
ES0000000000003960CCPF;08/05/2023;6;0,296;R
ES0000000000003960CCPF;08/05/2023;7;0,255;R
ES0000000000003960CCPF;08/05/2023;8;0,296;R
ES0000000000003960CCPF;08/05/2023;9;0,35;R
ES0000000000003960CCPF;08/05/2023;10;0,301;R
ES0000000000003960CCPF;08/05/2023;11;0,408;R
ES0000000000003960CCPF;08/05/2023;12;0,348;R
ES0000000000003960CCPF;08/05/2023;13;0,256;R
ES0000000000003960CCPF;08/05/2023;14;0,278;R
ES0000000000003960CCPF;08/05/2023;15;0,448;R
ES0000000000003960CCPF;08/05/2023;16;0,54;R
ES0000000000003960CCPF;08/05/2023;17;0,451;R
ES0000000000003960CCPF;08/05/2023;18;0,294;R
ES0000000000003960CCPF;08/05/2023;19;0,309;R
ES0000000000003960CCPF;08/05/2023;20;0,299;R
ES0000000000003960CCPF;08/05/2023;21;0,367;R
ES0000000000003960CCPF;08/05/2023;22;0,326;R
ES0000000000003960CCPF;08/05/2023;23;0,41;R
ES0000000000003960CCPF;09/05/2023;0;0,37;R
ES0000000000003960CCPF;09/05/2023;1;0,357;R
ES0000000000003960CCPF;09/05/2023;2;0,344;R
ES0000000000003960CCPF;09/05/2023;3;0,327;R
ES0000000000003960CCPF;09/05/2023;4;0,298;R
ES0000000000003960CCPF;09/05/2023;5;0,256;R
ES0000000000003960CCPF;09/05/2023;6;0,346;R
ES0000000000003960CCPF;09/05/2023;7;0,376;R
ES0000000000003960CCPF;09/05/2023;8;0,343;R
ES0000000000003960CCPF;09/05/2023;9;0,336;R
ES0000000000003960CCPF;09/05/2023;10;0,346;R
ES0000000000003960CCPF;09/05/2023;11;0,279;R
ES0000000000003960CCPF;09/05/2023;12;0,383;R
ES0000000000003960CCPF;09/05/2023;13;0,288;R
ES0000000000003960CCPF;09/05/2023;14;0,25;R
ES0000000000003960CCPF;09/05/2023;15;0,709;R
ES0000000000003960CCPF;09/05/2023;16;0,372;R
ES0000000000003960CCPF;09/05/2023;17;0,306;R
ES0000000000003960CCPF;09/05/2023;18;1,018;R
ES0000000000003960CCPF;09/05/2023;19;0,382;R
ES0000000000003960CCPF;09/05/2023;20;0,283;R
ES0000000000003960CCPF;09/05/2023;21;0,304;R
ES0000000000003960CCPF;09/05/2023;22;0,391;R
ES0000000000003960CCPF;09/05/2023;23;0,472;R
ES0000000000003960CCPF;10/05/2023;0;0,445;R
ES0000000000003960CCPF;10/05/2023;1;0,331;R
ES0000000000003960CCPF;10/05/2023;2;0,353;R
ES0000000000003960CCPF;10/05/2023;3;0,304;R
ES0000000000003960CCPF;10/05/2023;4;0,569;R
ES0000000000003960CCPF;10/05/2023;5;0,419;R
ES0000000000003960CCPF;10/05/2023;6;0,663;R
ES0000000000003960CCPF;10/05/2023;7;0,283;R
ES0000000000003960CCPF;10/05/2023;8;0,391;R
ES0000000000003960CCPF;10/05/2023;9;0,35;R
ES0000000000003960CCPF;10/05/2023;10;0,385;R
ES0000000000003960CCPF;10/05/2023;11;0,297;R
ES0000000000003960CCPF;10/05/2023;12;0,251;R
ES0000000000003960CCPF;10/05/2023;13;0,276;R
ES0000000000003960CCPF;10/05/2023;14;0,261;R
ES0000000000003960CCPF;10/05/2023;15;0,271;R
ES0000000000003960CCPF;10/05/2023;16;0,905;R
ES0000000000003960CCPF;10/05/2023;17;0,333;R
ES0000000000003960CCPF;10/05/2023;18;0,374;R
ES0000000000003960CCPF;10/05/2023;19;0,321;R
ES0000000000003960CCPF;10/05/2023;20;0,348;R
ES0000000000003960CCPF;10/05/2023;21;0,341;R
ES0000000000003960CCPF;10/05/2023;22;0,403;R
ES0000000000003960CCPF;10/05/2023;23;0,45;R
ES0000000000003960CCPF;11/05/2023;0;0,314;R
ES0000000000003960CCPF;11/05/2023;1;0,376;R
ES0000000000003960CCPF;11/05/2023;2;0,336;R
ES0000000000003960CCPF;11/05/2023;3;0,316;R
ES0000000000003960CCPF;11/05/2023;4;0,332;R
ES0000000000003960CCPF;11/05/2023;5;0,235;R
ES0000000000003960CCPF;11/05/2023;6;0,267;R
ES0000000000003960CCPF;11/05/2023;7;0,218;R
ES0000000000003960CCPF;11/05/2023;8;0,388;R
ES0000000000003960CCPF;11/05/2023;9;0,275;R
ES0000000000003960CCPF;11/05/2023;10;0,368;R
ES0000000000003960CCPF;11/05/2023;11;0,312;R
ES0000000000003960CCPF;11/05/2023;12;0,333;R
ES0000000000003960CCPF;11/05/2023;13;0,332;R
ES0000000000003960CCPF;11/05/2023;14;0,297;R
ES0000000000003960CCPF;11/05/2023;15;0,398;R
ES0000000000003960CCPF;11/05/2023;16;0,92;R
ES0000000000003960CCPF;11/05/2023;17;0,402;R
ES0000000000003960CCPF;11/05/2023;18;0,385;R
ES0000000000003960CCPF;11/05/2023;19;0,275;R
ES0000000000003960CCPF;11/05/2023;20;0,268;R
ES0000000000003960CCPF;11/05/2023;21;0,242;R
ES0000000000003960CCPF;11/05/2023;22;0,418;R
ES0000000000003960CCPF;11/05/2023;23;0,339;R
ES0000000000003960CCPF;12/05/2023;0;0,319;R
ES0000000000003960CCPF;12/05/2023;1;0,236;R
ES0000000000003960CCPF;12/05/2023;2;0,257;R
ES0000000000003960CCPF;12/05/2023;3;0,221;R
ES0000000000003960CCPF;12/05/2023;4;0,261;R
ES0000000000003960CCPF;12/05/2023;5;0,524;R
ES0000000000003960CCPF;12/05/2023;6;0,298;R
ES0000000000003960CCPF;12/05/2023;7;0,743;R
ES0000000000003960CCPF;12/05/2023;8;0,382;R
ES0000000000003960CCPF;12/05/2023;9;0,454;R
ES0000000000003960CCPF;12/05/2023;10;0,24;R
ES0000000000003960CCPF;12/05/2023;11;0,289;R
ES0000000000003960CCPF;12/05/2023;12;0,213;R
ES0000000000003960CCPF;12/05/2023;13;0,245;R
ES0000000000003960CCPF;12/05/2023;14;0,361;R
ES0000000000003960CCPF;12/05/2023;15;0,259;R
ES0000000000003960CCPF;12/05/2023;16;0,264;R
ES0000000000003960CCPF;12/05/2023;17;0,51;R
ES0000000000003960CCPF;12/05/2023;18;0,34;R
ES0000000000003960CCPF;12/05/2023;19;0,287;R
ES0000000000003960CCPF;12/05/2023;20;0,395;R
ES0000000000003960CCPF;12/05/2023;21;0,304;R
ES0000000000003960CCPF;12/05/2023;22;0,446;R
ES0000000000003960CCPF;12/05/2023;23;0,518;R
ES0000000000003960CCPF;13/05/2023;0;0,363;R
ES0000000000003960CCPF;13/05/2023;1;0,304;R
ES0000000000003960CCPF;13/05/2023;2;0,248;R
ES0000000000003960CCPF;13/05/2023;3;0,269;R
ES0000000000003960CCPF;13/05/2023;4;0,253;R
ES0000000000003960CCPF;13/05/2023;5;0,251;R
ES0000000000003960CCPF;13/05/2023;6;0,259;R
ES0000000000003960CCPF;13/05/2023;7;0,235;R
ES0000000000003960CCPF;13/05/2023;8;0,533;R
ES0000000000003960CCPF;13/05/2023;9;0,266;R
ES0000000000003960CCPF;13/05/2023;10;0,414;R
ES0000000000003960CCPF;13/05/2023;11;0,231;R
ES0000000000003960CCPF;13/05/2023;12;0,662;R
ES0000000000003960CCPF;13/05/2023;13;0,288;R
ES0000000000003960CCPF;13/05/2023;14;0,305;R
ES0000000000003960CCPF;13/05/2023;15;0,416;R
ES0000000000003960CCPF;13/05/2023;16;1,398;R
ES0000000000003960CCPF;13/05/2023;17;1,306;R
ES0000000000003960CCPF;13/05/2023;18;0,771;R
ES0000000000003960CCPF;13/05/2023;19;0,742;R
ES0000000000003960CCPF;13/05/2023;20;0,586;R
ES0000000000003960CCPF;13/05/2023;21;0,315;R
ES0000000000003960CCPF;13/05/2023;22;0,336;R
ES0000000000003960CCPF;13/05/2023;23;0,451;R
ES0000000000003960CCPF;14/05/2023;0;0,994;R
ES0000000000003960CCPF;14/05/2023;1;0,657;R
ES0000000000003960CCPF;14/05/2023;2;1,073;R
ES0000000000003960CCPF;14/05/2023;3;0,708;R
ES0000000000003960CCPF;14/05/2023;4;0,311;R
ES0000000000003960CCPF;14/05/2023;5;0,326;R
ES0000000000003960CCPF;14/05/2023;6;0,312;R
ES0000000000003960CCPF;14/05/2023;7;0,325;R
ES0000000000003960CCPF;14/05/2023;8;0,251;R
ES0000000000003960CCPF;14/05/2023;9;0,267;R
ES0000000000003960CCPF;14/05/2023;10;0,533;R
ES0000000000003960CCPF;14/05/2023;11;0,44;R
ES0000000000003960CCPF;14/05/2023;12;0,4;R
ES0000000000003960CCPF;14/05/2023;13;0,227;R
ES0000000000003960CCPF;14/05/2023;14;0,237;R
ES0000000000003960CCPF;14/05/2023;15;0,986;R
ES0000000000003960CCPF;14/05/2023;16;0,825;R
ES0000000000003960CCPF;14/05/2023;17;0,713;R
ES0000000000003960CCPF;14/05/2023;18;0,388;R
ES0000000000003960CCPF;14/05/2023;19;0,583;R
ES0000000000003960CCPF;14/05/2023;20;0,496;R
ES0000000000003960CCPF;14/05/2023;21;0,239;R
ES0000000000003960CCPF;14/05/2023;22;0,752;R
ES0000000000003960CCPF;14/05/2023;23;0,637;R
ES0000000000003960CCPF;15/05/2023;0;0,342;R
ES0000000000003960CCPF;15/05/2023;1;0,924;R
ES0000000000003960CCPF;15/05/2023;2;0,905;R
ES0000000000003960CCPF;15/05/2023;3;0,333;R
ES0000000000003960CCPF;15/05/2023;4;0,244;R
ES0000000000003960CCPF;15/05/2023;5;0,226;R
ES0000000000003960CCPF;15/05/2023;6;0,226;R
ES0000000000003960CCPF;15/05/2023;7;0,186;R
ES0000000000003960CCPF;15/05/2023;8;0,213;R
ES0000000000003960CCPF;15/05/2023;9;0,18;R
ES0000000000003960CCPF;15/05/2023;10;0,205;R
ES0000000000003960CCPF;15/05/2023;11;0,184;R
ES0000000000003960CCPF;15/05/2023;12;0,229;R
ES0000000000003960CCPF;15/05/2023;13;0,307;R
ES0000000000003960CCPF;15/05/2023;14;0,184;R
ES0000000000003960CCPF;15/05/2023;15;0,227;R
ES0000000000003960CCPF;15/05/2023;16;0,199;R
ES0000000000003960CCPF;15/05/2023;17;0,218;R
ES0000000000003960CCPF;15/05/2023;18;0,208;R
ES0000000000003960CCPF;15/05/2023;19;0,2;R
ES0000000000003960CCPF;15/05/2023;20;0,229;R
ES0000000000003960CCPF;15/05/2023;21;0,257;R
ES0000000000003960CCPF;15/05/2023;22;0,306;R
ES0000000000003960CCPF;15/05/2023;23;0,331;R
ES0000000000003960CCPF;16/05/2023;0;0,244;R
ES0000000000003960CCPF;16/05/2023;1;0,236;R
ES0000000000003960CCPF;16/05/2023;2;0,208;R
ES0000000000003960CCPF;16/05/2023;3;0,236;R
ES0000000000003960CCPF;16/05/2023;4;0,208;R
ES0000000000003960CCPF;16/05/2023;5;0,215;R
ES0000000000003960CCPF;16/05/2023;6;0,235;R
ES0000000000003960CCPF;16/05/2023;7;0,189;R
ES0000000000003960CCPF;16/05/2023;8;0,217;R
ES0000000000003960CCPF;16/05/2023;9;0,509;R
ES0000000000003960CCPF;16/05/2023;10;0,305;R
ES0000000000003960CCPF;16/05/2023;11;0,247;R
ES0000000000003960CCPF;16/05/2023;12;0,332;R
ES0000000000003960CCPF;16/05/2023;13;0,192;R
ES0000000000003960CCPF;16/05/2023;14;0,214;R
ES0000000000003960CCPF;16/05/2023;15;0,42;R
ES0000000000003960CCPF;16/05/2023;16;0,385;R
ES0000000000003960CCPF;16/05/2023;17;0,279;R
ES0000000000003960CCPF;16/05/2023;18;0,233;R
ES0000000000003960CCPF;16/05/2023;19;0,274;R
ES0000000000003960CCPF;16/05/2023;20;0,284;R
ES0000000000003960CCPF;16/05/2023;21;0,338;R
ES0000000000003960CCPF;16/05/2023;22;0,339;R
ES0000000000003960CCPF;16/05/2023;23;0,352;R
ES0000000000003960CCPF;17/05/2023;0;0,334;R
ES0000000000003960CCPF;17/05/2023;1;0,277;R
ES0000000000003960CCPF;17/05/2023;2;0,226;R
ES0000000000003960CCPF;17/05/2023;3;0,239;R
ES0000000000003960CCPF;17/05/2023;4;0,244;R
ES0000000000003960CCPF;17/05/2023;5;0,71;R
ES0000000000003960CCPF;17/05/2023;6;0,379;R
ES0000000000003960CCPF;17/05/2023;7;0,855;R
ES0000000000003960CCPF;17/05/2023;8;0,216;R
ES0000000000003960CCPF;17/05/2023;9;1,035;R
ES0000000000003960CCPF;17/05/2023;10;0,271;R
ES0000000000003960CCPF;17/05/2023;11;0,33;R
ES0000000000003960CCPF;17/05/2023;12;0,223;R
ES0000000000003960CCPF;17/05/2023;13;0,614;R
ES0000000000003960CCPF;17/05/2023;14;1,07;R
ES0000000000003960CCPF;17/05/2023;15;0,276;R
ES0000000000003960CCPF;17/05/2023;16;0,2;R
ES0000000000003960CCPF;17/05/2023;17;0,207;R
ES0000000000003960CCPF;17/05/2023;18;0,187;R
ES0000000000003960CCPF;17/05/2023;19;0,212;R
ES0000000000003960CCPF;17/05/2023;20;0,181;R
ES0000000000003960CCPF;17/05/2023;21;0,219;R
ES0000000000003960CCPF;17/05/2023;22;0,242;R
ES0000000000003960CCPF;17/05/2023;23;0,243;R
ES0000000000003960CCPF;18/05/2023;0;0,716;R
ES0000000000003960CCPF;18/05/2023;1;0,512;R
ES0000000000003960CCPF;18/05/2023;2;0,212;R
ES0000000000003960CCPF;18/05/2023;3;0,218;R
ES0000000000003960CCPF;18/05/2023;4;0,201;R
ES0000000000003960CCPF;18/05/2023;5;0,193;R
ES0000000000003960CCPF;18/05/2023;6;0,212;R
ES0000000000003960CCPF;18/05/2023;7;0,179;R
ES0000000000003960CCPF;18/05/2023;8;0,201;R
ES0000000000003960CCPF;18/05/2023;9;0,182;R
ES0000000000003960CCPF;18/05/2023;10;0,22;R
ES0000000000003960CCPF;18/05/2023;11;0,183;R
ES0000000000003960CCPF;18/05/2023;12;0,172;R
ES0000000000003960CCPF;18/05/2023;13;0,197;R
ES0000000000003960CCPF;18/05/2023;14;0,172;R
ES0000000000003960CCPF;18/05/2023;15;0,2;R
ES0000000000003960CCPF;18/05/2023;16;0,173;R
ES0000000000003960CCPF;18/05/2023;17;0,191;R
ES0000000000003960CCPF;18/05/2023;18;0,176;R
ES0000000000003960CCPF;18/05/2023;19;0,179;R
ES0000000000003960CCPF;18/05/2023;20;0,189;R
ES0000000000003960CCPF;18/05/2023;21;0,174;R
ES0000000000003960CCPF;18/05/2023;22;0,315;R
ES0000000000003960CCPF;18/05/2023;23;0,218;R
ES0000000000003960CCPF;19/05/2023;0;0,79;R
ES0000000000003960CCPF;19/05/2023;1;0,217;R
ES0000000000003960CCPF;19/05/2023;2;0,197;R
ES0000000000003960CCPF;19/05/2023;3;0,188;R
ES0000000000003960CCPF;19/05/2023;4;0,179;R
ES0000000000003960CCPF;19/05/2023;5;0,195;R
ES0000000000003960CCPF;19/05/2023;6;0,17;R
ES0000000000003960CCPF;19/05/2023;7;0,401;R
ES0000000000003960CCPF;19/05/2023;8;0,734;R
ES0000000000003960CCPF;19/05/2023;9;0,631;R
ES0000000000003960CCPF;19/05/2023;10;0,185;R
ES0000000000003960CCPF;19/05/2023;11;0,192;R
ES0000000000003960CCPF;19/05/2023;12;0,171;R
ES0000000000003960CCPF;19/05/2023;13;0,184;R
ES0000000000003960CCPF;19/05/2023;14;0,271;R
ES0000000000003960CCPF;19/05/2023;15;0,215;R
ES0000000000003960CCPF;19/05/2023;16;0,194;R
ES0000000000003960CCPF;19/05/2023;17;0,167;R
ES0000000000003960CCPF;19/05/2023;18;0,206;R
ES0000000000003960CCPF;19/05/2023;19;0,2;R
ES0000000000003960CCPF;19/05/2023;20;0,184;R
ES0000000000003960CCPF;19/05/2023;21;0,241;R
ES0000000000003960CCPF;19/05/2023;22;0,176;R
ES0000000000003960CCPF;19/05/2023;23;0,335;R
ES0000000000003960CCPF;20/05/2023;0;0,278;R
ES0000000000003960CCPF;20/05/2023;1;0,921;R
ES0000000000003960CCPF;20/05/2023;2;0,757;R
ES0000000000003960CCPF;20/05/2023;3;0,215;R
ES0000000000003960CCPF;20/05/2023;4;0,226;R
ES0000000000003960CCPF;20/05/2023;5;0,187;R
ES0000000000003960CCPF;20/05/2023;6;0,194;R
ES0000000000003960CCPF;20/05/2023;7;0,169;R
ES0000000000003960CCPF;20/05/2023;8;0,198;R
ES0000000000003960CCPF;20/05/2023;9;0,171;R
ES0000000000003960CCPF;20/05/2023;10;0,197;R
ES0000000000003960CCPF;20/05/2023;11;0,182;R
ES0000000000003960CCPF;20/05/2023;12;0,185;R
ES0000000000003960CCPF;20/05/2023;13;0,19;R
ES0000000000003960CCPF;20/05/2023;14;0,878;R
ES0000000000003960CCPF;20/05/2023;15;1,107;R
ES0000000000003960CCPF;20/05/2023;16;0,543;R
ES0000000000003960CCPF;20/05/2023;17;0,259;R
ES0000000000003960CCPF;20/05/2023;18;0,302;R
ES0000000000003960CCPF;20/05/2023;19;0,455;R
ES0000000000003960CCPF;20/05/2023;20;0,254;R
ES0000000000003960CCPF;20/05/2023;21;0,264;R
ES0000000000003960CCPF;20/05/2023;22;0,393;R
ES0000000000003960CCPF;20/05/2023;23;0,315;R
ES0000000000003960CCPF;21/05/2023;0;0,322;R
ES0000000000003960CCPF;21/05/2023;1;0,25;R
ES0000000000003960CCPF;21/05/2023;2;0,219;R
ES0000000000003960CCPF;21/05/2023;3;0,2;R
ES0000000000003960CCPF;21/05/2023;4;0,214;R
ES0000000000003960CCPF;21/05/2023;5;0,208;R
ES0000000000003960CCPF;21/05/2023;6;0,205;R
ES0000000000003960CCPF;21/05/2023;7;0,213;R
ES0000000000003960CCPF;21/05/2023;8;0,331;R
ES0000000000003960CCPF;21/05/2023;9;0,352;R
ES0000000000003960CCPF;21/05/2023;10;0,384;R
ES0000000000003960CCPF;21/05/2023;11;0,596;R
ES0000000000003960CCPF;21/05/2023;12;0,324;R
ES0000000000003960CCPF;21/05/2023;13;0,8;R
ES0000000000003960CCPF;21/05/2023;14;0,217;R
ES0000000000003960CCPF;21/05/2023;15;0,41;R
ES0000000000003960CCPF;21/05/2023;16;0,427;R
ES0000000000003960CCPF;21/05/2023;17;0,241;R
ES0000000000003960CCPF;21/05/2023;18;0,257;R
ES0000000000003960CCPF;21/05/2023;19;0,359;R
ES0000000000003960CCPF;21/05/2023;20;0,258;R
ES0000000000003960CCPF;21/05/2023;21;0,309;R
ES0000000000003960CCPF;21/05/2023;22;0,459;R
ES0000000000003960CCPF;21/05/2023;23;0,273;R
ES0000000000003960CCPF;22/05/2023;0;0,223;R
ES0000000000003960CCPF;22/05/2023;1;0,19;R
ES0000000000003960CCPF;22/05/2023;2;0,221;R
ES0000000000003960CCPF;22/05/2023;3;0,202;R
ES0000000000003960CCPF;22/05/2023;4;0,209;R
ES0000000000003960CCPF;22/05/2023;5;0,219;R
ES0000000000003960CCPF;22/05/2023;6;0,209;R
ES0000000000003960CCPF;22/05/2023;7;0,22;R
ES0000000000003960CCPF;22/05/2023;8;0,195;R
ES0000000000003960CCPF;22/05/2023;9;0,342;R
ES0000000000003960CCPF;22/05/2023;10;0,285;R
ES0000000000003960CCPF;22/05/2023;11;0,186;R
ES0000000000003960CCPF;22/05/2023;12;0,286;R
ES0000000000003960CCPF;22/05/2023;13;0,185;R
ES0000000000003960CCPF;22/05/2023;14;0,214;R
ES0000000000003960CCPF;22/05/2023;15;0,465;R
ES0000000000003960CCPF;22/05/2023;16;0,544;R
ES0000000000003960CCPF;22/05/2023;17;0,291;R
ES0000000000003960CCPF;22/05/2023;18;0,435;R
ES0000000000003960CCPF;22/05/2023;19;0,282;R
ES0000000000003960CCPF;22/05/2023;20;0,28;R
ES0000000000003960CCPF;22/05/2023;21;0,344;R
ES0000000000003960CCPF;22/05/2023;22;0,358;R
ES0000000000003960CCPF;22/05/2023;23;0,404;R
ES0000000000003960CCPF;23/05/2023;0;0,32;R
ES0000000000003960CCPF;23/05/2023;1;0,264;R
ES0000000000003960CCPF;23/05/2023;2;0,215;R
ES0000000000003960CCPF;23/05/2023;3;0,224;R
ES0000000000003960CCPF;23/05/2023;4;0,236;R
ES0000000000003960CCPF;23/05/2023;5;0,214;R
ES0000000000003960CCPF;23/05/2023;6;0,254;R
ES0000000000003960CCPF;23/05/2023;7;0,237;R
ES0000000000003960CCPF;23/05/2023;8;0,354;R
ES0000000000003960CCPF;23/05/2023;9;0,302;R
ES0000000000003960CCPF;23/05/2023;10;0,263;R
ES0000000000003960CCPF;23/05/2023;11;0,336;R
ES0000000000003960CCPF;23/05/2023;12;0,194;R
ES0000000000003960CCPF;23/05/2023;13;0,273;R
ES0000000000003960CCPF;23/05/2023;14;0,211;R
ES0000000000003960CCPF;23/05/2023;15;0,821;R
ES0000000000003960CCPF;23/05/2023;16;0,287;R
ES0000000000003960CCPF;23/05/2023;17;0,242;R
ES0000000000003960CCPF;23/05/2023;18;0,233;R
ES0000000000003960CCPF;23/05/2023;19;0,284;R
ES0000000000003960CCPF;23/05/2023;20;0,236;R
ES0000000000003960CCPF;23/05/2023;21;0,243;R
ES0000000000003960CCPF;23/05/2023;22;0,508;R
ES0000000000003960CCPF;23/05/2023;23;0,28;R
ES0000000000003960CCPF;24/05/2023;0;0,355;R
ES0000000000003960CCPF;24/05/2023;1;0,255;R
ES0000000000003960CCPF;24/05/2023;2;0,321;R
ES0000000000003960CCPF;24/05/2023;3;0,554;R
ES0000000000003960CCPF;24/05/2023;4;0,276;R
ES0000000000003960CCPF;24/05/2023;5;0,818;R
ES0000000000003960CCPF;24/05/2023;6;0,237;R
ES0000000000003960CCPF;24/05/2023;7;0,238;R
ES0000000000003960CCPF;24/05/2023;8;0,385;R
ES0000000000003960CCPF;24/05/2023;9;0,247;R
ES0000000000003960CCPF;24/05/2023;10;0,236;R
ES0000000000003960CCPF;24/05/2023;11;0,214;R
ES0000000000003960CCPF;24/05/2023;12;0,347;R
ES0000000000003960CCPF;24/05/2023;13;0,268;R
ES0000000000003960CCPF;24/05/2023;14;0,213;R
ES0000000000003960CCPF;24/05/2023;15;0,58;R
ES0000000000003960CCPF;24/05/2023;16;0,334;R
ES0000000000003960CCPF;24/05/2023;17;0,409;R
ES0000000000003960CCPF;24/05/2023;18;0,511;R
ES0000000000003960CCPF;24/05/2023;19;0,257;R
ES0000000000003960CCPF;24/05/2023;20;0,324;R
ES0000000000003960CCPF;24/05/2023;21;0,33;R
ES0000000000003960CCPF;24/05/2023;22;0,322;R
ES0000000000003960CCPF;24/05/2023;23;0,315;R
ES0000000000003960CCPF;25/05/2023;0;0,269;R
ES0000000000003960CCPF;25/05/2023;1;0,222;R
ES0000000000003960CCPF;25/05/2023;2;0,231;R
ES0000000000003960CCPF;25/05/2023;3;0,239;R
ES0000000000003960CCPF;25/05/2023;4;0,214;R
ES0000000000003960CCPF;25/05/2023;5;0,243;R
ES0000000000003960CCPF;25/05/2023;6;0,239;R
ES0000000000003960CCPF;25/05/2023;7;0,255;R
ES0000000000003960CCPF;25/05/2023;8;0,374;R
ES0000000000003960CCPF;25/05/2023;9;0,211;R
ES0000000000003960CCPF;25/05/2023;10;0,324;R
ES0000000000003960CCPF;25/05/2023;11;0,284;R
ES0000000000003960CCPF;25/05/2023;12;0,297;R
ES0000000000003960CCPF;25/05/2023;13;0,244;R
ES0000000000003960CCPF;25/05/2023;14;0,26;R
ES0000000000003960CCPF;25/05/2023;15;0,326;R
ES0000000000003960CCPF;25/05/2023;16;0,689;R
ES0000000000003960CCPF;25/05/2023;17;0,332;R
ES0000000000003960CCPF;25/05/2023;18;0,283;R
ES0000000000003960CCPF;25/05/2023;19;0,238;R
ES0000000000003960CCPF;25/05/2023;20;0,23;R
ES0000000000003960CCPF;25/05/2023;21;0,244;R
ES0000000000003960CCPF;25/05/2023;22;0,211;R
ES0000000000003960CCPF;25/05/2023;23;0,325;R
ES0000000000003960CCPF;26/05/2023;0;0,33;R
ES0000000000003960CCPF;26/05/2023;1;0,26;R
ES0000000000003960CCPF;26/05/2023;2;0,26;R
ES0000000000003960CCPF;26/05/2023;3;0,234;R
ES0000000000003960CCPF;26/05/2023;4;0,262;R
ES0000000000003960CCPF;26/05/2023;5;0,272;R
ES0000000000003960CCPF;26/05/2023;6;0,298;R
ES0000000000003960CCPF;26/05/2023;7;0,263;R
ES0000000000003960CCPF;26/05/2023;8;0,398;R
ES0000000000003960CCPF;26/05/2023;9;0,243;R
ES0000000000003960CCPF;26/05/2023;10;0,406;R
ES0000000000003960CCPF;26/05/2023;11;0,214;R
ES0000000000003960CCPF;26/05/2023;12;0,244;R
ES0000000000003960CCPF;26/05/2023;13;0,268;R
ES0000000000003960CCPF;26/05/2023;14;0,286;R
ES0000000000003960CCPF;26/05/2023;15;0,382;R
ES0000000000003960CCPF;26/05/2023;16;0,298;R
ES0000000000003960CCPF;26/05/2023;17;0,288;R
ES0000000000003960CCPF;26/05/2023;18;0,206;R
ES0000000000003960CCPF;26/05/2023;19;0,36;R
ES0000000000003960CCPF;26/05/2023;20;0,251;R
ES0000000000003960CCPF;26/05/2023;21;0,306;R
ES0000000000003960CCPF;26/05/2023;22;0,441;R
ES0000000000003960CCPF;26/05/2023;23;0,287;R
ES0000000000003960CCPF;27/05/2023;0;0,245;R
ES0000000000003960CCPF;27/05/2023;1;0,227;R
ES0000000000003960CCPF;27/05/2023;2;0,228;R
ES0000000000003960CCPF;27/05/2023;3;0,242;R
ES0000000000003960CCPF;27/05/2023;4;0,253;R
ES0000000000003960CCPF;27/05/2023;5;0,21;R
ES0000000000003960CCPF;27/05/2023;6;0,243;R
ES0000000000003960CCPF;27/05/2023;7;0,231;R
ES0000000000003960CCPF;27/05/2023;8;0,396;R
ES0000000000003960CCPF;27/05/2023;9;0,234;R
ES0000000000003960CCPF;27/05/2023;10;0,534;R
ES0000000000003960CCPF;27/05/2023;11;0,254;R
ES0000000000003960CCPF;27/05/2023;12;0,225;R
ES0000000000003960CCPF;27/05/2023;13;0,231;R
ES0000000000003960CCPF;27/05/2023;14;0,216;R
ES0000000000003960CCPF;27/05/2023;15;0,305;R
ES0000000000003960CCPF;27/05/2023;16;0,753;R
ES0000000000003960CCPF;27/05/2023;17;0,433;R
ES0000000000003960CCPF;27/05/2023;18;0,591;R
ES0000000000003960CCPF;27/05/2023;19;1,305;R
ES0000000000003960CCPF;27/05/2023;20;1,065;R
ES0000000000003960CCPF;27/05/2023;21;0,293;R
ES0000000000003960CCPF;27/05/2023;22;0,51;R
ES0000000000003960CCPF;27/05/2023;23;0,797;R
ES0000000000003960CCPF;28/05/2023;0;0,317;R
ES0000000000003960CCPF;28/05/2023;1;0,224;R
ES0000000000003960CCPF;28/05/2023;2;0,274;R
ES0000000000003960CCPF;28/05/2023;3;0,225;R
ES0000000000003960CCPF;28/05/2023;4;0,249;R
ES0000000000003960CCPF;28/05/2023;5;0,237;R
ES0000000000003960CCPF;28/05/2023;6;0,268;R
ES0000000000003960CCPF;28/05/2023;7;0,3;R
ES0000000000003960CCPF;28/05/2023;8;0,291;R
ES0000000000003960CCPF;28/05/2023;9;0,346;R
ES0000000000003960CCPF;28/05/2023;10;0,286;R
ES0000000000003960CCPF;28/05/2023;11;0,331;R
ES0000000000003960CCPF;28/05/2023;12;0,276;R
ES0000000000003960CCPF;28/05/2023;13;0,238;R
ES0000000000003960CCPF;28/05/2023;14;0,345;R
ES0000000000003960CCPF;28/05/2023;15;0,34;R
ES0000000000003960CCPF;28/05/2023;16;0,235;R
ES0000000000003960CCPF;28/05/2023;17;0,312;R
ES0000000000003960CCPF;28/05/2023;18;0,266;R
ES0000000000003960CCPF;28/05/2023;19;0,268;R
ES0000000000003960CCPF;28/05/2023;20;0,275;R
ES0000000000003960CCPF;28/05/2023;21;0,223;R
ES0000000000003960CCPF;28/05/2023;22;0,248;R
ES0000000000003960CCPF;28/05/2023;23;0,287;R
ES0000000000003960CCPF;29/05/2023;0;0,257;R
ES0000000000003960CCPF;29/05/2023;1;0,277;R
ES0000000000003960CCPF;29/05/2023;2;0,23;R
ES0000000000003960CCPF;29/05/2023;3;0,242;R
ES0000000000003960CCPF;29/05/2023;4;0,215;R
ES0000000000003960CCPF;29/05/2023;5;0,26;R
ES0000000000003960CCPF;29/05/2023;6;0,244;R
ES0000000000003960CCPF;29/05/2023;7;0,268;R
ES0000000000003960CCPF;29/05/2023;8;0,243;R
ES0000000000003960CCPF;29/05/2023;9;0,347;R
ES0000000000003960CCPF;29/05/2023;10;0,384;R
ES0000000000003960CCPF;29/05/2023;11;0,254;R
ES0000000000003960CCPF;29/05/2023;12;0,278;R
ES0000000000003960CCPF;29/05/2023;13;0,618;R
ES0000000000003960CCPF;29/05/2023;14;0,234;R
ES0000000000003960CCPF;29/05/2023;15;0,257;R
ES0000000000003960CCPF;29/05/2023;16;0,275;R
ES0000000000003960CCPF;29/05/2023;17;0,472;R
ES0000000000003960CCPF;29/05/2023;18;0,242;R
ES0000000000003960CCPF;29/05/2023;19;0,293;R
ES0000000000003960CCPF;29/05/2023;20;0,347;R
ES0000000000003960CCPF;29/05/2023;21;0,534;R
ES0000000000003960CCPF;29/05/2023;22;0,285;R
ES0000000000003960CCPF;29/05/2023;23;0,271;R
ES0000000000003960CCPF;30/05/2023;0;0,306;R
ES0000000000003960CCPF;30/05/2023;1;0,262;R
ES0000000000003960CCPF;30/05/2023;2;0,207;R
ES0000000000003960CCPF;30/05/2023;3;0,261;R
ES0000000000003960CCPF;30/05/2023;4;0,238;R
ES0000000000003960CCPF;30/05/2023;5;0,244;R
ES0000000000003960CCPF;30/05/2023;6;0,228;R
ES0000000000003960CCPF;30/05/2023;7;0,427;R
ES0000000000003960CCPF;30/05/2023;8;0,251;R
ES0000000000003960CCPF;30/05/2023;9;0,397;R
ES0000000000003960CCPF;30/05/2023;10;0,452;R
ES0000000000003960CCPF;30/05/2023;11;0,221;R
ES0000000000003960CCPF;30/05/2023;12;0,354;R
ES0000000000003960CCPF;30/05/2023;13;0,328;R
ES0000000000003960CCPF;30/05/2023;14;0,21;R
ES0000000000003960CCPF;30/05/2023;15;0,26;R
ES0000000000003960CCPF;30/05/2023;16;0,342;R
ES0000000000003960CCPF;30/05/2023;17;0,313;R
ES0000000000003960CCPF;30/05/2023;18;0,305;R
ES0000000000003960CCPF;30/05/2023;19;0,262;R
ES0000000000003960CCPF;30/05/2023;20;0,246;R
ES0000000000003960CCPF;30/05/2023;21;0,276;R
ES0000000000003960CCPF;30/05/2023;22;0,25;R
ES0000000000003960CCPF;30/05/2023;23;0,401;R
ES0000000000003960CCPF;31/05/2023;0;0,263;R
ES0000000000003960CCPF;31/05/2023;1;0,275;R
ES0000000000003960CCPF;31/05/2023;2;0,223;R
ES0000000000003960CCPF;31/05/2023;3;0,242;R
ES0000000000003960CCPF;31/05/2023;4;0,583;R
ES0000000000003960CCPF;31/05/2023;5;0,284;R
ES0000000000003960CCPF;31/05/2023;6;0,801;R
ES0000000000003960CCPF;31/05/2023;7;0,379;R
ES0000000000003960CCPF;31/05/2023;8;0,267;R
ES0000000000003960CCPF;31/05/2023;9;0,248;R
ES0000000000003960CCPF;31/05/2023;10;0,23;R
ES0000000000003960CCPF;31/05/2023;11;0,23;R
ES0000000000003960CCPF;31/05/2023;12;0,244;R
ES0000000000003960CCPF;31/05/2023;13;0,218;R
ES0000000000003960CCPF;31/05/2023;14;0,734;R
ES0000000000003960CCPF;31/05/2023;15;0,3;R
ES0000000000003960CCPF;31/05/2023;16;0,335;R
ES0000000000003960CCPF;31/05/2023;17;0,214;R
ES0000000000003960CCPF;31/05/2023;18;0,285;R
ES0000000000003960CCPF;31/05/2023;19;0,249;R
ES0000000000003960CCPF;31/05/2023;20;0,36;R
ES0000000000003960CCPF;31/05/2023;21;0,389;R
ES0000000000003960CCPF;31/05/2023;22;0,479;R
ES0000000000003960CCPF;31/05/2023;23;0,302;R
ES0000000000003960CCPF;01/06/2023;0;0,29;R
ES0000000000003960CCPF;01/06/2023;1;0,244;R
ES0000000000003960CCPF;01/06/2023;2;0,251;R
ES0000000000003960CCPF;01/06/2023;3;0,238;R
ES0000000000003960CCPF;01/06/2023;4;0,27;R
ES0000000000003960CCPF;01/06/2023;5;0,28;R
ES0000000000003960CCPF;01/06/2023;6;0,219;R
ES0000000000003960CCPF;01/06/2023;7;0,256;R
ES0000000000003960CCPF;01/06/2023;8;0,244;R
ES0000000000003960CCPF;01/06/2023;9;0,362;R
ES0000000000003960CCPF;01/06/2023;10;0,335;R
ES0000000000003960CCPF;01/06/2023;11;0,438;R
ES0000000000003960CCPF;01/06/2023;12;0,333;R
ES0000000000003960CCPF;01/06/2023;13;0,22;R
ES0000000000003960CCPF;01/06/2023;14;0,314;R
ES0000000000003960CCPF;01/06/2023;15;0,25;R
ES0000000000003960CCPF;01/06/2023;16;0,703;R
ES0000000000003960CCPF;01/06/2023;17;0,227;R
ES0000000000003960CCPF;01/06/2023;18;0,322;R
ES0000000000003960CCPF;01/06/2023;19;0,236;R
ES0000000000003960CCPF;01/06/2023;20;0,241;R
ES0000000000003960CCPF;01/06/2023;21;0,247;R
ES0000000000003960CCPF;01/06/2023;22;0,404;R
ES0000000000003960CCPF;01/06/2023;23;0,328;R
ES0000000000003960CCPF;02/06/2023;0;0,351;R
ES0000000000003960CCPF;02/06/2023;1;0,208;R
ES0000000000003960CCPF;02/06/2023;2;0,274;R
ES0000000000003960CCPF;02/06/2023;3;0,538;R
ES0000000000003960CCPF;02/06/2023;4;0,278;R
ES0000000000003960CCPF;02/06/2023;5;0,768;R
ES0000000000003960CCPF;02/06/2023;6;0,253;R
ES0000000000003960CCPF;02/06/2023;7;0,24;R
ES0000000000003960CCPF;02/06/2023;8;0,353;R
ES0000000000003960CCPF;02/06/2023;9;0,332;R
ES0000000000003960CCPF;02/06/2023;10;0,307;R
ES0000000000003960CCPF;02/06/2023;11;0,335;R
ES0000000000003960CCPF;02/06/2023;12;0,269;R
ES0000000000003960CCPF;02/06/2023;13;0,229;R
ES0000000000003960CCPF;02/06/2023;14;0,221;R
ES0000000000003960CCPF;02/06/2023;15;0,262;R
ES0000000000003960CCPF;02/06/2023;16;0,233;R
ES0000000000003960CCPF;02/06/2023;17;0,474;R
ES0000000000003960CCPF;02/06/2023;18;0,258;R
ES0000000000003960CCPF;02/06/2023;19;0,476;R
ES0000000000003960CCPF;02/06/2023;20;0,266;R
ES0000000000003960CCPF;02/06/2023;21;0,246;R
ES0000000000003960CCPF;02/06/2023;22;0,389;R
ES0000000000003960CCPF;02/06/2023;23;0,34;R
ES0000000000003960CCPF;03/06/2023;0;0,302;R
ES0000000000003960CCPF;03/06/2023;1;0,267;R
ES0000000000003960CCPF;03/06/2023;2;0,221;R
ES0000000000003960CCPF;03/06/2023;3;0,269;R
ES0000000000003960CCPF;03/06/2023;4;0,252;R
ES0000000000003960CCPF;03/06/2023;5;0,21;R
ES0000000000003960CCPF;03/06/2023;6;0,266;R
ES0000000000003960CCPF;03/06/2023;7;0,246;R
ES0000000000003960CCPF;03/06/2023;8;0,233;R
ES0000000000003960CCPF;03/06/2023;9;0,24;R
ES0000000000003960CCPF;03/06/2023;10;0,312;R
ES0000000000003960CCPF;03/06/2023;11;0,467;R
ES0000000000003960CCPF;03/06/2023;12;0,383;R
ES0000000000003960CCPF;03/06/2023;13;0,307;R
ES0000000000003960CCPF;03/06/2023;14;0,43;R
ES0000000000003960CCPF;03/06/2023;15;0,906;R
ES0000000000003960CCPF;03/06/2023;16;0,421;R
ES0000000000003960CCPF;03/06/2023;17;0,321;R
ES0000000000003960CCPF;03/06/2023;18;0,262;R
ES0000000000003960CCPF;03/06/2023;19;0,294;R
ES0000000000003960CCPF;03/06/2023;20;0,406;R
ES0000000000003960CCPF;03/06/2023;21;0,388;R
ES0000000000003960CCPF;03/06/2023;22;0,319;R
ES0000000000003960CCPF;03/06/2023;23;0,354;R
ES0000000000003960CCPF;04/06/2023;0;0,274;R
ES0000000000003960CCPF;04/06/2023;1;0,269;R
ES0000000000003960CCPF;04/06/2023;2;0,279;R
ES0000000000003960CCPF;04/06/2023;3;0,256;R
ES0000000000003960CCPF;04/06/2023;4;0,231;R
ES0000000000003960CCPF;04/06/2023;5;0,269;R
ES0000000000003960CCPF;04/06/2023;6;0,253;R
ES0000000000003960CCPF;04/06/2023;7;0,245;R
ES0000000000003960CCPF;04/06/2023;8;0,379;R
ES0000000000003960CCPF;04/06/2023;9;0,247;R
ES0000000000003960CCPF;04/06/2023;10;0,321;R
ES0000000000003960CCPF;04/06/2023;11;0,634;R
ES0000000000003960CCPF;04/06/2023;12;0,294;R
ES0000000000003960CCPF;04/06/2023;13;0,772;R
ES0000000000003960CCPF;04/06/2023;14;0,836;R
ES0000000000003960CCPF;04/06/2023;15;0,521;R
ES0000000000003960CCPF;04/06/2023;16;0,897;R
ES0000000000003960CCPF;04/06/2023;17;0,859;R
ES0000000000003960CCPF;04/06/2023;18;0,564;R
ES0000000000003960CCPF;04/06/2023;19;0,587;R
ES0000000000003960CCPF;04/06/2023;20;0,281;R
ES0000000000003960CCPF;04/06/2023;21;0,319;R
ES0000000000003960CCPF;04/06/2023;22;0,279;R
ES0000000000003960CCPF;04/06/2023;23;0,449;R
ES0000000000003960CCPF;05/06/2023;0;0,52;R
ES0000000000003960CCPF;05/06/2023;1;0,266;R
ES0000000000003960CCPF;05/06/2023;2;0,275;R
ES0000000000003960CCPF;05/06/2023;3;0,246;R
ES0000000000003960CCPF;05/06/2023;4;0,239;R
ES0000000000003960CCPF;05/06/2023;5;0,253;R
ES0000000000003960CCPF;05/06/2023;6;0,248;R
ES0000000000003960CCPF;05/06/2023;7;0,319;R
ES0000000000003960CCPF;05/06/2023;8;0,245;R
ES0000000000003960CCPF;05/06/2023;9;0,376;R
ES0000000000003960CCPF;05/06/2023;10;0,279;R
ES0000000000003960CCPF;05/06/2023;11;0,353;R
ES0000000000003960CCPF;05/06/2023;12;0,319;R
ES0000000000003960CCPF;05/06/2023;13;0,262;R
ES0000000000003960CCPF;05/06/2023;14;0,341;R
ES0000000000003960CCPF;05/06/2023;15;0,354;R
ES0000000000003960CCPF;05/06/2023;16;0,565;R
ES0000000000003960CCPF;05/06/2023;17;0,378;R
ES0000000000003960CCPF;05/06/2023;18;0,377;R
ES0000000000003960CCPF;05/06/2023;19;0,413;R
ES0000000000003960CCPF;05/06/2023;20;0,336;R
ES0000000000003960CCPF;05/06/2023;21;0,325;R
ES0000000000003960CCPF;05/06/2023;22;0,491;R
ES0000000000003960CCPF;05/06/2023;23;0,351;R
ES0000000000003960CCPF;06/06/2023;0;0,272;R
ES0000000000003960CCPF;06/06/2023;1;0,278;R
ES0000000000003960CCPF;06/06/2023;2;0,259;R
ES0000000000003960CCPF;06/06/2023;3;0,242;R
ES0000000000003960CCPF;06/06/2023;4;0,585;R
ES0000000000003960CCPF;06/06/2023;5;0,564;R
ES0000000000003960CCPF;06/06/2023;6;0,484;R
ES0000000000003960CCPF;06/06/2023;7;0,292;R
ES0000000000003960CCPF;06/06/2023;8;0,414;R
ES0000000000003960CCPF;06/06/2023;9;0,31;R
ES0000000000003960CCPF;06/06/2023;10;0,331;R
ES0000000000003960CCPF;06/06/2023;11;0,247;R
ES0000000000003960CCPF;06/06/2023;12;0,247;R
ES0000000000003960CCPF;06/06/2023;13;0,284;R
ES0000000000003960CCPF;06/06/2023;14;0,268;R
ES0000000000003960CCPF;06/06/2023;15;0,29;R
ES0000000000003960CCPF;06/06/2023;16;0,438;R
ES0000000000003960CCPF;06/06/2023;17;0,275;R
ES0000000000003960CCPF;06/06/2023;18;0,295;R
ES0000000000003960CCPF;06/06/2023;19;0,415;R
ES0000000000003960CCPF;06/06/2023;20;0,277;R
ES0000000000003960CCPF;06/06/2023;21;0,307;R
ES0000000000003960CCPF;06/06/2023;22;0,298;R
ES0000000000003960CCPF;06/06/2023;23;0,37;R
ES0000000000003960CCPF;07/06/2023;0;0,332;R
ES0000000000003960CCPF;07/06/2023;1;0,253;R
ES0000000000003960CCPF;07/06/2023;2;0,268;R
ES0000000000003960CCPF;07/06/2023;3;0,28;R
ES0000000000003960CCPF;07/06/2023;4;0,262;R
ES0000000000003960CCPF;07/06/2023;5;0,263;R
ES0000000000003960CCPF;07/06/2023;6;0,248;R
ES0000000000003960CCPF;07/06/2023;7;0,295;R
ES0000000000003960CCPF;07/06/2023;8;0,438;R
ES0000000000003960CCPF;07/06/2023;9;0,274;R
ES0000000000003960CCPF;07/06/2023;10;0,409;R
ES0000000000003960CCPF;07/06/2023;11;0,369;R
ES0000000000003960CCPF;07/06/2023;12;0,231;R
ES0000000000003960CCPF;07/06/2023;13;0,251;R
ES0000000000003960CCPF;07/06/2023;14;0,244;R
ES0000000000003960CCPF;07/06/2023;15;0,297;R
ES0000000000003960CCPF;07/06/2023;16;0,351;R
ES0000000000003960CCPF;07/06/2023;17;0,372;R
ES0000000000003960CCPF;07/06/2023;18;0,394;R
ES0000000000003960CCPF;07/06/2023;19;0,231;R
ES0000000000003960CCPF;07/06/2023;20;0,314;R
ES0000000000003960CCPF;07/06/2023;21;0,498;R
ES0000000000003960CCPF;07/06/2023;22;0,417;R
ES0000000000003960CCPF;07/06/2023;23;0,385;R
ES0000000000003960CCPF;08/06/2023;0;0,352;R
ES0000000000003960CCPF;08/06/2023;1;0,281;R
ES0000000000003960CCPF;08/06/2023;2;0,224;R
ES0000000000003960CCPF;08/06/2023;3;0,259;R
ES0000000000003960CCPF;08/06/2023;4;0,263;R
ES0000000000003960CCPF;08/06/2023;5;0,262;R
ES0000000000003960CCPF;08/06/2023;6;0,296;R
ES0000000000003960CCPF;08/06/2023;7;0,242;R
ES0000000000003960CCPF;08/06/2023;8;0,383;R
ES0000000000003960CCPF;08/06/2023;9;0,276;R
ES0000000000003960CCPF;08/06/2023;10;0,314;R
ES0000000000003960CCPF;08/06/2023;11;0,288;R
ES0000000000003960CCPF;08/06/2023;12;0,621;R
ES0000000000003960CCPF;08/06/2023;13;0,657;R
ES0000000000003960CCPF;08/06/2023;14;0,308;R
ES0000000000003960CCPF;08/06/2023;15;0,306;R
ES0000000000003960CCPF;08/06/2023;16;0,591;R
ES0000000000003960CCPF;08/06/2023;17;0,381;R
ES0000000000003960CCPF;08/06/2023;18;0,261;R
ES0000000000003960CCPF;08/06/2023;19;0,277;R
ES0000000000003960CCPF;08/06/2023;20;0,252;R
ES0000000000003960CCPF;08/06/2023;21;0,222;R
ES0000000000003960CCPF;08/06/2023;22;0,315;R
ES0000000000003960CCPF;08/06/2023;23;0,372;R
ES0000000000003960CCPF;09/06/2023;0;0,264;R
ES0000000000003960CCPF;09/06/2023;1;0,286;R
ES0000000000003960CCPF;09/06/2023;2;0,284;R
ES0000000000003960CCPF;09/06/2023;3;0,239;R
ES0000000000003960CCPF;09/06/2023;4;0,255;R
ES0000000000003960CCPF;09/06/2023;5;0,223;R
ES0000000000003960CCPF;09/06/2023;6;0,264;R
ES0000000000003960CCPF;09/06/2023;7;0,261;R
ES0000000000003960CCPF;09/06/2023;8;0,233;R
ES0000000000003960CCPF;09/06/2023;9;0,436;R
ES0000000000003960CCPF;09/06/2023;10;0,332;R
ES0000000000003960CCPF;09/06/2023;11;0,371;R
ES0000000000003960CCPF;09/06/2023;12;0,26;R
ES0000000000003960CCPF;09/06/2023;13;0,237;R
ES0000000000003960CCPF;09/06/2023;14;0,328;R
ES0000000000003960CCPF;09/06/2023;15;0,281;R
ES0000000000003960CCPF;09/06/2023;16;0,258;R
ES0000000000003960CCPF;09/06/2023;17;0,386;R
ES0000000000003960CCPF;09/06/2023;18;0,306;R
ES0000000000003960CCPF;09/06/2023;19;0,294;R
ES0000000000003960CCPF;09/06/2023;20;0,291;R
ES0000000000003960CCPF;09/06/2023;21;0,306;R
ES0000000000003960CCPF;09/06/2023;22;0,301;R
ES0000000000003960CCPF;09/06/2023;23;0,268;R
ES0000000000003960CCPF;10/06/2023;0;0,283;R
ES0000000000003960CCPF;10/06/2023;1;0,237;R
ES0000000000003960CCPF;10/06/2023;2;0,26;R
ES0000000000003960CCPF;10/06/2023;3;0,253;R
ES0000000000003960CCPF;10/06/2023;4;0,265;R
ES0000000000003960CCPF;10/06/2023;5;0,282;R
ES0000000000003960CCPF;10/06/2023;6;0,232;R
ES0000000000003960CCPF;10/06/2023;7;0,258;R
ES0000000000003960CCPF;10/06/2023;8;0,278;R
ES0000000000003960CCPF;10/06/2023;9;0,248;R
ES0000000000003960CCPF;10/06/2023;10;0,263;R
ES0000000000003960CCPF;10/06/2023;11;0,241;R
ES0000000000003960CCPF;10/06/2023;12;0,241;R
ES0000000000003960CCPF;10/06/2023;13;0,276;R
ES0000000000003960CCPF;10/06/2023;14;0,243;R
ES0000000000003960CCPF;10/06/2023;15;0,248;R
ES0000000000003960CCPF;10/06/2023;16;0,254;R
ES0000000000003960CCPF;10/06/2023;17;0,415;R
ES0000000000003960CCPF;10/06/2023;18;0,436;R
ES0000000000003960CCPF;10/06/2023;19;0,711;R
ES0000000000003960CCPF;10/06/2023;20;0,305;R
ES0000000000003960CCPF;10/06/2023;21;0,277;R
ES0000000000003960CCPF;10/06/2023;22;0,269;R
ES0000000000003960CCPF;10/06/2023;23;0,244;R
ES0000000000003960CCPF;11/06/2023;0;0,258;R
ES0000000000003960CCPF;11/06/2023;1;0,261;R
ES0000000000003960CCPF;11/06/2023;2;0,268;R
ES0000000000003960CCPF;11/06/2023;3;0,278;R
ES0000000000003960CCPF;11/06/2023;4;0,254;R
ES0000000000003960CCPF;11/06/2023;5;0,255;R
ES0000000000003960CCPF;11/06/2023;6;0,293;R
ES0000000000003960CCPF;11/06/2023;7;0,274;R
ES0000000000003960CCPF;11/06/2023;8;0,251;R
ES0000000000003960CCPF;11/06/2023;9;0,263;R
ES0000000000003960CCPF;11/06/2023;10;0,264;R
ES0000000000003960CCPF;11/06/2023;11;0,267;R
ES0000000000003960CCPF;11/06/2023;12;0,265;R
ES0000000000003960CCPF;11/06/2023;13;0,244;R
ES0000000000003960CCPF;11/06/2023;14;0,43;R
ES0000000000003960CCPF;11/06/2023;15;1,055;R
ES0000000000003960CCPF;11/06/2023;16;0,704;R
ES0000000000003960CCPF;11/06/2023;17;0,428;R
ES0000000000003960CCPF;11/06/2023;18;0,356;R
ES0000000000003960CCPF;11/06/2023;19;0,595;R
ES0000000000003960CCPF;11/06/2023;20;0,792;R
ES0000000000003960CCPF;11/06/2023;21;0,558;R
ES0000000000003960CCPF;11/06/2023;22;0,351;R
ES0000000000003960CCPF;11/06/2023;23;0,423;R
ES0000000000003960CCPF;12/06/2023;0;0,305;R
ES0000000000003960CCPF;12/06/2023;1;0,27;R
ES0000000000003960CCPF;12/06/2023;2;0,275;R
ES0000000000003960CCPF;12/06/2023;3;0,262;R
ES0000000000003960CCPF;12/06/2023;4;0,303;R
ES0000000000003960CCPF;12/06/2023;5;0,254;R
ES0000000000003960CCPF;12/06/2023;6;0,32;R
ES0000000000003960CCPF;12/06/2023;7;0,282;R
ES0000000000003960CCPF;12/06/2023;8;0,264;R
ES0000000000003960CCPF;12/06/2023;9;0,393;R
ES0000000000003960CCPF;12/06/2023;10;0,286;R
ES0000000000003960CCPF;12/06/2023;11;0,287;R
ES0000000000003960CCPF;12/06/2023;12;0,378;R
ES0000000000003960CCPF;12/06/2023;13;0,619;R
ES0000000000003960CCPF;12/06/2023;14;0,899;R
ES0000000000003960CCPF;12/06/2023;15;0,701;R
ES0000000000003960CCPF;12/06/2023;16;0,277;R
ES0000000000003960CCPF;12/06/2023;17;0,548;R
ES0000000000003960CCPF;12/06/2023;18;0,452;R
ES0000000000003960CCPF;12/06/2023;19;0,333;R
ES0000000000003960CCPF;12/06/2023;20;0,274;R
ES0000000000003960CCPF;12/06/2023;21;0,577;R
ES0000000000003960CCPF;12/06/2023;22;0,328;R
ES0000000000003960CCPF;12/06/2023;23;0,369;R
ES0000000000003960CCPF;13/06/2023;0;0,313;R
ES0000000000003960CCPF;13/06/2023;1;0,304;R
ES0000000000003960CCPF;13/06/2023;2;0,287;R
ES0000000000003960CCPF;13/06/2023;3;0,262;R
ES0000000000003960CCPF;13/06/2023;4;0,585;R
ES0000000000003960CCPF;13/06/2023;5;0,334;R
ES0000000000003960CCPF;13/06/2023;6;0,749;R
ES0000000000003960CCPF;13/06/2023;7;0,302;R
ES0000000000003960CCPF;13/06/2023;8;0,322;R
ES0000000000003960CCPF;13/06/2023;9;0,253;R
ES0000000000003960CCPF;13/06/2023;10;0,342;R
ES0000000000003960CCPF;13/06/2023;11;0,365;R
ES0000000000003960CCPF;13/06/2023;12;0,286;R
ES0000000000003960CCPF;13/06/2023;13;0,338;R
ES0000000000003960CCPF;13/06/2023;14;0,273;R
ES0000000000003960CCPF;13/06/2023;15;0,243;R
ES0000000000003960CCPF;13/06/2023;16;0,297;R
ES0000000000003960CCPF;13/06/2023;17;0,497;R
ES0000000000003960CCPF;13/06/2023;18;0,313;R
ES0000000000003960CCPF;13/06/2023;19;0,347;R
ES0000000000003960CCPF;13/06/2023;20;0,495;R
ES0000000000003960CCPF;13/06/2023;21;0,289;R
ES0000000000003960CCPF;13/06/2023;22;0,343;R
ES0000000000003960CCPF;13/06/2023;23;0,4;R
ES0000000000003960CCPF;14/06/2023;0;0,325;R
ES0000000000003960CCPF;14/06/2023;1;0,262;R
ES0000000000003960CCPF;14/06/2023;2;0,276;R
ES0000000000003960CCPF;14/06/2023;3;0,278;R
ES0000000000003960CCPF;14/06/2023;4;0,285;R
ES0000000000003960CCPF;14/06/2023;5;0,35;R
ES0000000000003960CCPF;14/06/2023;6;0,321;R
ES0000000000003960CCPF;14/06/2023;7;0,248;R
ES0000000000003960CCPF;14/06/2023;8;0,289;R
ES0000000000003960CCPF;14/06/2023;9;0,455;R
ES0000000000003960CCPF;14/06/2023;10;0,389;R
ES0000000000003960CCPF;14/06/2023;11;0,274;R
ES0000000000003960CCPF;14/06/2023;12;0,274;R
ES0000000000003960CCPF;14/06/2023;13;0,347;R
ES0000000000003960CCPF;14/06/2023;14;0,282;R
ES0000000000003960CCPF;14/06/2023;15;0,381;R
ES0000000000003960CCPF;14/06/2023;16;0,302;R
ES0000000000003960CCPF;14/06/2023;17;0,329;R
ES0000000000003960CCPF;14/06/2023;18;0,342;R
ES0000000000003960CCPF;14/06/2023;19;0,34;R
ES0000000000003960CCPF;14/06/2023;20;0,262;R
ES0000000000003960CCPF;14/06/2023;21;0,283;R
ES0000000000003960CCPF;14/06/2023;22;0,324;R
ES0000000000003960CCPF;14/06/2023;23;0,941;R
ES0000000000003960CCPF;15/06/2023;0;0,31;R
ES0000000000003960CCPF;15/06/2023;1;0,313;R
ES0000000000003960CCPF;15/06/2023;2;0,324;R
ES0000000000003960CCPF;15/06/2023;3;0,273;R
ES0000000000003960CCPF;15/06/2023;4;0,297;R
ES0000000000003960CCPF;15/06/2023;5;0,281;R
ES0000000000003960CCPF;15/06/2023;6;0,267;R
ES0000000000003960CCPF;15/06/2023;7;0,302;R
ES0000000000003960CCPF;15/06/2023;8;0,458;R
ES0000000000003960CCPF;15/06/2023;9;0,244;R
ES0000000000003960CCPF;15/06/2023;10;0,405;R
ES0000000000003960CCPF;15/06/2023;11;0,301;R
ES0000000000003960CCPF;15/06/2023;12;0,481;R
ES0000000000003960CCPF;15/06/2023;13;0,287;R
ES0000000000003960CCPF;15/06/2023;14;0,31;R
ES0000000000003960CCPF;15/06/2023;15;0,383;R
ES0000000000003960CCPF;15/06/2023;16;0,333;R
ES0000000000003960CCPF;15/06/2023;17;0,855;R
ES0000000000003960CCPF;15/06/2023;18;0,274;R
ES0000000000003960CCPF;15/06/2023;19;0,312;R
ES0000000000003960CCPF;15/06/2023;20;0,267;R
ES0000000000003960CCPF;15/06/2023;21;0,256;R
ES0000000000003960CCPF;15/06/2023;22;0,299;R
ES0000000000003960CCPF;15/06/2023;23;0,395;R
ES0000000000003960CCPF;16/06/2023;0;0,471;R
ES0000000000003960CCPF;16/06/2023;1;0,324;R
ES0000000000003960CCPF;16/06/2023;2;0,366;R
ES0000000000003960CCPF;16/06/2023;3;0,325;R
ES0000000000003960CCPF;16/06/2023;4;0,26;R
ES0000000000003960CCPF;16/06/2023;5;0,292;R
ES0000000000003960CCPF;16/06/2023;6;0,296;R
ES0000000000003960CCPF;16/06/2023;7;0,265;R
ES0000000000003960CCPF;16/06/2023;8;0,376;R
ES0000000000003960CCPF;16/06/2023;9;0,425;R
ES0000000000003960CCPF;16/06/2023;10;0,351;R
ES0000000000003960CCPF;16/06/2023;11;0,292;R
ES0000000000003960CCPF;16/06/2023;12;0,289;R
ES0000000000003960CCPF;16/06/2023;13;0,268;R
ES0000000000003960CCPF;16/06/2023;14;0,332;R
ES0000000000003960CCPF;16/06/2023;15;0,486;R
ES0000000000003960CCPF;16/06/2023;16;0,323;R
ES0000000000003960CCPF;16/06/2023;17;0,303;R
ES0000000000003960CCPF;16/06/2023;18;0,319;R
ES0000000000003960CCPF;16/06/2023;19;0,323;R
ES0000000000003960CCPF;16/06/2023;20;0,344;R
ES0000000000003960CCPF;16/06/2023;21;0,352;R
ES0000000000003960CCPF;16/06/2023;22;0,397;R
ES0000000000003960CCPF;16/06/2023;23;0,368;R
ES0000000000003960CCPF;17/06/2023;0;0,326;R
ES0000000000003960CCPF;17/06/2023;1;0,343;R
ES0000000000003960CCPF;17/06/2023;2;0,624;R
ES0000000000003960CCPF;17/06/2023;3;0,347;R
ES0000000000003960CCPF;17/06/2023;4;0,839;R
ES0000000000003960CCPF;17/06/2023;5;0,329;R
ES0000000000003960CCPF;17/06/2023;6;0,326;R
ES0000000000003960CCPF;17/06/2023;7;0,325;R
ES0000000000003960CCPF;17/06/2023;8;0,349;R
ES0000000000003960CCPF;17/06/2023;9;0,411;R
ES0000000000003960CCPF;17/06/2023;10;0,368;R
ES0000000000003960CCPF;17/06/2023;11;0,51;R
ES0000000000003960CCPF;17/06/2023;12;0,519;R
ES0000000000003960CCPF;17/06/2023;13;0,642;R
ES0000000000003960CCPF;17/06/2023;14;0,45;R
ES0000000000003960CCPF;17/06/2023;15;1,229;R
ES0000000000003960CCPF;17/06/2023;16;1,914;R
ES0000000000003960CCPF;17/06/2023;17;0,528;R
ES0000000000003960CCPF;17/06/2023;18;0,607;R
ES0000000000003960CCPF;17/06/2023;19;0,796;R
ES0000000000003960CCPF;17/06/2023;20;0,469;R
ES0000000000003960CCPF;17/06/2023;21;0,458;R
ES0000000000003960CCPF;17/06/2023;22;0,406;R
ES0000000000003960CCPF;17/06/2023;23;0,334;R
ES0000000000003960CCPF;18/06/2023;0;0,544;R
ES0000000000003960CCPF;18/06/2023;1;0,869;R
ES0000000000003960CCPF;18/06/2023;2;0,437;R
ES0000000000003960CCPF;18/06/2023;3;0,304;R
ES0000000000003960CCPF;18/06/2023;4;0,334;R
ES0000000000003960CCPF;18/06/2023;5;0,351;R
ES0000000000003960CCPF;18/06/2023;6;0,33;R
ES0000000000003960CCPF;18/06/2023;7;0,336;R
ES0000000000003960CCPF;18/06/2023;8;0,35;R
ES0000000000003960CCPF;18/06/2023;9;0,407;R
ES0000000000003960CCPF;18/06/2023;10;0,374;R
ES0000000000003960CCPF;18/06/2023;11;0,389;R
ES0000000000003960CCPF;18/06/2023;12;1,957;R
ES0000000000003960CCPF;18/06/2023;13;2,258;R
ES0000000000003960CCPF;18/06/2023;14;0,997;R
ES0000000000003960CCPF;18/06/2023;15;0,558;R
ES0000000000003960CCPF;18/06/2023;16;0,495;R
ES0000000000003960CCPF;18/06/2023;17;0,402;R
ES0000000000003960CCPF;18/06/2023;18;0,401;R
ES0000000000003960CCPF;18/06/2023;19;0,436;R
ES0000000000003960CCPF;18/06/2023;20;0,363;R
ES0000000000003960CCPF;18/06/2023;21;0,382;R
ES0000000000003960CCPF;18/06/2023;22;0,407;R
ES0000000000003960CCPF;18/06/2023;23;0,374;R
ES0000000000003960CCPF;19/06/2023;0;0,362;R
ES0000000000003960CCPF;19/06/2023;1;0,404;R
ES0000000000003960CCPF;19/06/2023;2;0,336;R
ES0000000000003960CCPF;19/06/2023;3;0,389;R
ES0000000000003960CCPF;19/06/2023;4;0,559;R
ES0000000000003960CCPF;19/06/2023;5;0,752;R
ES0000000000003960CCPF;19/06/2023;6;0,349;R
ES0000000000003960CCPF;19/06/2023;7;0,311;R
ES0000000000003960CCPF;19/06/2023;8;0,328;R
ES0000000000003960CCPF;19/06/2023;9;0,316;R
ES0000000000003960CCPF;19/06/2023;10;0,418;R
ES0000000000003960CCPF;19/06/2023;11;0,609;R
ES0000000000003960CCPF;19/06/2023;12;0,345;R
ES0000000000003960CCPF;19/06/2023;13;0,288;R
ES0000000000003960CCPF;19/06/2023;14;0,291;R
ES0000000000003960CCPF;19/06/2023;15;0,843;R
ES0000000000003960CCPF;19/06/2023;16;0,796;R
ES0000000000003960CCPF;19/06/2023;17;1,234;R
ES0000000000003960CCPF;19/06/2023;18;0,455;R
ES0000000000003960CCPF;19/06/2023;19;0,272;R
ES0000000000003960CCPF;19/06/2023;20;0,292;R
ES0000000000003960CCPF;19/06/2023;21;0,389;R
ES0000000000003960CCPF;19/06/2023;22;0,402;R
ES0000000000003960CCPF;19/06/2023;23;0,382;R
ES0000000000003960CCPF;20/06/2023;0;0,377;R
ES0000000000003960CCPF;20/06/2023;1;0,363;R
ES0000000000003960CCPF;20/06/2023;2;0,339;R
ES0000000000003960CCPF;20/06/2023;3;0,339;R
ES0000000000003960CCPF;20/06/2023;4;0,342;R
ES0000000000003960CCPF;20/06/2023;5;0,324;R
ES0000000000003960CCPF;20/06/2023;6;0,343;R
ES0000000000003960CCPF;20/06/2023;7;0,34;R
ES0000000000003960CCPF;20/06/2023;8;0,429;R
ES0000000000003960CCPF;20/06/2023;9;0,362;R
ES0000000000003960CCPF;20/06/2023;10;0,417;R
ES0000000000003960CCPF;20/06/2023;11;0,271;R
ES0000000000003960CCPF;20/06/2023;12;0,37;R
ES0000000000003960CCPF;20/06/2023;13;0,305;R
ES0000000000003960CCPF;20/06/2023;14;0,312;R
ES0000000000003960CCPF;20/06/2023;15;0,585;R
ES0000000000003960CCPF;20/06/2023;16;0,433;R
ES0000000000003960CCPF;20/06/2023;17;0,416;R
ES0000000000003960CCPF;20/06/2023;18;0,402;R
ES0000000000003960CCPF;20/06/2023;19;0,82;R
ES0000000000003960CCPF;20/06/2023;20;0,751;R
ES0000000000003960CCPF;20/06/2023;21;0,432;R
ES0000000000003960CCPF;20/06/2023;22;0,495;R
ES0000000000003960CCPF;20/06/2023;23;0,435;R
ES0000000000003960CCPF;21/06/2023;0;0,414;R
ES0000000000003960CCPF;21/06/2023;1;0,352;R
ES0000000000003960CCPF;21/06/2023;2;0,376;R
ES0000000000003960CCPF;21/06/2023;3;0,64;R
ES0000000000003960CCPF;21/06/2023;4;0,667;R
ES0000000000003960CCPF;21/06/2023;5;0,574;R
ES0000000000003960CCPF;21/06/2023;6;0,292;R
ES0000000000003960CCPF;21/06/2023;7;0,359;R
ES0000000000003960CCPF;21/06/2023;8;0,422;R
ES0000000000003960CCPF;21/06/2023;9;0,313;R
ES0000000000003960CCPF;21/06/2023;10;0,433;R
ES0000000000003960CCPF;21/06/2023;11;0,313;R
ES0000000000003960CCPF;21/06/2023;12;0,362;R
ES0000000000003960CCPF;21/06/2023;13;0,38;R
ES0000000000003960CCPF;21/06/2023;14;0,306;R
ES0000000000003960CCPF;21/06/2023;15;0,331;R
ES0000000000003960CCPF;21/06/2023;16;0,361;R
ES0000000000003960CCPF;21/06/2023;17;0,349;R
ES0000000000003960CCPF;21/06/2023;18;0,61;R
ES0000000000003960CCPF;21/06/2023;19;0,499;R
ES0000000000003960CCPF;21/06/2023;20;0,488;R
ES0000000000003960CCPF;21/06/2023;21;0,458;R
ES0000000000003960CCPF;21/06/2023;22;0,481;R
ES0000000000003960CCPF;21/06/2023;23;0,48;R
ES0000000000003960CCPF;22/06/2023;0;0,488;R
ES0000000000003960CCPF;22/06/2023;1;0,433;R
ES0000000000003960CCPF;22/06/2023;2;0,365;R
ES0000000000003960CCPF;22/06/2023;3;0,377;R
ES0000000000003960CCPF;22/06/2023;4;0,33;R
ES0000000000003960CCPF;22/06/2023;5;0,389;R
ES0000000000003960CCPF;22/06/2023;6;0,369;R
ES0000000000003960CCPF;22/06/2023;7;0,362;R
ES0000000000003960CCPF;22/06/2023;8;0,388;R
ES0000000000003960CCPF;22/06/2023;9;0,47;R
ES0000000000003960CCPF;22/06/2023;10;0,379;R
ES0000000000003960CCPF;22/06/2023;11;0,964;R
ES0000000000003960CCPF;22/06/2023;12;1,142;R
ES0000000000003960CCPF;22/06/2023;13;0,801;R
ES0000000000003960CCPF;22/06/2023;14;0,755;R
ES0000000000003960CCPF;22/06/2023;15;0,84;R
ES0000000000003960CCPF;22/06/2023;16;0,395;R
ES0000000000003960CCPF;22/06/2023;17;0,475;R
ES0000000000003960CCPF;22/06/2023;18;0,583;R
ES0000000000003960CCPF;22/06/2023;19;0,496;R
ES0000000000003960CCPF;22/06/2023;20;0,511;R
ES0000000000003960CCPF;22/06/2023;21;0,417;R
ES0000000000003960CCPF;22/06/2023;22;0,384;R
ES0000000000003960CCPF;22/06/2023;23;0,674;R
ES0000000000003960CCPF;23/06/2023;0;0,457;R
ES0000000000003960CCPF;23/06/2023;1;0,462;R
ES0000000000003960CCPF;23/06/2023;2;0,43;R
ES0000000000003960CCPF;23/06/2023;3;0,38;R
ES0000000000003960CCPF;23/06/2023;4;0,644;R
ES0000000000003960CCPF;23/06/2023;5;0,393;R
ES0000000000003960CCPF;23/06/2023;6;0,827;R
ES0000000000003960CCPF;23/06/2023;7;0,37;R
ES0000000000003960CCPF;23/06/2023;8;0,407;R
ES0000000000003960CCPF;23/06/2023;9;0,499;R
ES0000000000003960CCPF;23/06/2023;10;0,552;R
ES0000000000003960CCPF;23/06/2023;11;0,417;R
ES0000000000003960CCPF;23/06/2023;12;0,567;R
ES0000000000003960CCPF;23/06/2023;13;0,505;R
ES0000000000003960CCPF;23/06/2023;14;0,448;R
ES0000000000003960CCPF;23/06/2023;15;0,518;R
ES0000000000003960CCPF;23/06/2023;16;0,555;R
ES0000000000003960CCPF;23/06/2023;17;0,486;R
ES0000000000003960CCPF;23/06/2023;18;0,484;R
ES0000000000003960CCPF;23/06/2023;19;0,523;R
ES0000000000003960CCPF;23/06/2023;20;0,487;R
ES0000000000003960CCPF;23/06/2023;21;0,418;R
ES0000000000003960CCPF;23/06/2023;22;0,37;R
ES0000000000003960CCPF;23/06/2023;23;0,412;R
ES0000000000003960CCPF;24/06/2023;0;0,413;R
ES0000000000003960CCPF;24/06/2023;1;0,357;R
ES0000000000003960CCPF;24/06/2023;2;0,406;R
ES0000000000003960CCPF;24/06/2023;3;0,37;R
ES0000000000003960CCPF;24/06/2023;4;0,359;R
ES0000000000003960CCPF;24/06/2023;5;0,393;R
ES0000000000003960CCPF;24/06/2023;6;0,347;R
ES0000000000003960CCPF;24/06/2023;7;0,438;R
ES0000000000003960CCPF;24/06/2023;8;0,402;R
ES0000000000003960CCPF;24/06/2023;9;0,632;R
ES0000000000003960CCPF;24/06/2023;10;0,654;R
ES0000000000003960CCPF;24/06/2023;11;0,38;R
ES0000000000003960CCPF;24/06/2023;12;0,442;R
ES0000000000003960CCPF;24/06/2023;13;0,458;R
ES0000000000003960CCPF;24/06/2023;14;0,323;R
ES0000000000003960CCPF;24/06/2023;15;0,648;R
ES0000000000003960CCPF;24/06/2023;16;1,118;R
ES0000000000003960CCPF;24/06/2023;17;1,015;R
ES0000000000003960CCPF;24/06/2023;18;0,545;R
ES0000000000003960CCPF;24/06/2023;19;0,64;R
ES0000000000003960CCPF;24/06/2023;20;0,965;R
ES0000000000003960CCPF;24/06/2023;21;0,786;R
ES0000000000003960CCPF;24/06/2023;22;0,739;R
ES0000000000003960CCPF;24/06/2023;23;0,517;R
ES0000000000003960CCPF;25/06/2023;0;0,465;R
ES0000000000003960CCPF;25/06/2023;1;0,462;R
ES0000000000003960CCPF;25/06/2023;2;0,436;R
ES0000000000003960CCPF;25/06/2023;3;0,365;R
ES0000000000003960CCPF;25/06/2023;4;0,383;R
ES0000000000003960CCPF;25/06/2023;5;0,381;R
ES0000000000003960CCPF;25/06/2023;6;0,338;R
ES0000000000003960CCPF;25/06/2023;7;0,381;R
ES0000000000003960CCPF;25/06/2023;8;0,368;R
ES0000000000003960CCPF;25/06/2023;9;0,467;R
ES0000000000003960CCPF;25/06/2023;10;0,433;R
ES0000000000003960CCPF;25/06/2023;11;0,375;R
ES0000000000003960CCPF;25/06/2023;12;0,334;R
ES0000000000003960CCPF;25/06/2023;13;1,042;R
ES0000000000003960CCPF;25/06/2023;14;0,584;R
ES0000000000003960CCPF;25/06/2023;15;2,021;R
ES0000000000003960CCPF;25/06/2023;16;1,408;R
ES0000000000003960CCPF;25/06/2023;17;0,836;R
ES0000000000003960CCPF;25/06/2023;18;0,76;R
ES0000000000003960CCPF;25/06/2023;19;0,385;R
ES0000000000003960CCPF;25/06/2023;20;0,353;R
ES0000000000003960CCPF;25/06/2023;21;0,375;R
ES0000000000003960CCPF;25/06/2023;22;0,495;R
ES0000000000003960CCPF;25/06/2023;23;0,525;R
ES0000000000003960CCPF;26/06/2023;0;0,617;R
ES0000000000003960CCPF;26/06/2023;1;0,443;R
ES0000000000003960CCPF;26/06/2023;2;0,343;R
ES0000000000003960CCPF;26/06/2023;3;0,422;R
ES0000000000003960CCPF;26/06/2023;4;0,431;R
ES0000000000003960CCPF;26/06/2023;5;0,399;R
ES0000000000003960CCPF;26/06/2023;6;0,423;R
ES0000000000003960CCPF;26/06/2023;7;0,456;R
ES0000000000003960CCPF;26/06/2023;8;0,351;R
ES0000000000003960CCPF;26/06/2023;9;0,348;R
ES0000000000003960CCPF;26/06/2023;10;0,346;R
ES0000000000003960CCPF;26/06/2023;11;0,566;R
ES0000000000003960CCPF;26/06/2023;12;0,827;R
ES0000000000003960CCPF;26/06/2023;13;0,375;R
ES0000000000003960CCPF;26/06/2023;14;0,555;R
ES0000000000003960CCPF;26/06/2023;15;1,057;R
ES0000000000003960CCPF;26/06/2023;16;0,412;R
ES0000000000003960CCPF;26/06/2023;17;0,458;R
ES0000000000003960CCPF;26/06/2023;18;0,581;R
ES0000000000003960CCPF;26/06/2023;19;0,5;R
ES0000000000003960CCPF;26/06/2023;20;0,661;R
ES0000000000003960CCPF;26/06/2023;21;0,559;R
ES0000000000003960CCPF;26/06/2023;22;0,374;R
ES0000000000003960CCPF;26/06/2023;23;0,559;R
ES0000000000003960CCPF;27/06/2023;0;0,579;R
ES0000000000003960CCPF;27/06/2023;1;0,548;R
ES0000000000003960CCPF;27/06/2023;2;0,464;R
ES0000000000003960CCPF;27/06/2023;3;0,463;R
ES0000000000003960CCPF;27/06/2023;4;0,643;R
ES0000000000003960CCPF;27/06/2023;5;0,485;R
ES0000000000003960CCPF;27/06/2023;6;0,857;R
ES0000000000003960CCPF;27/06/2023;7;0,454;R
ES0000000000003960CCPF;27/06/2023;8;0,535;R
ES0000000000003960CCPF;27/06/2023;9;0,469;R
ES0000000000003960CCPF;27/06/2023;10;0,486;R
ES0000000000003960CCPF;27/06/2023;11;0,569;R
ES0000000000003960CCPF;27/06/2023;12;0,436;R
ES0000000000003960CCPF;27/06/2023;13;0,63;R
ES0000000000003960CCPF;27/06/2023;14;0,636;R
ES0000000000003960CCPF;27/06/2023;15;1,635;R
ES0000000000003960CCPF;27/06/2023;16;0,561;R
ES0000000000003960CCPF;27/06/2023;17;0,613;R
ES0000000000003960CCPF;27/06/2023;18;0,716;R
ES0000000000003960CCPF;27/06/2023;19;0,556;R
ES0000000000003960CCPF;27/06/2023;20;1,876;R
ES0000000000003960CCPF;27/06/2023;21;3,298;R
ES0000000000003960CCPF;27/06/2023;22;3,196;R
ES0000000000003960CCPF;27/06/2023;23;0,929;R
ES0000000000003960CCPF;28/06/2023;0;0,54;R
ES0000000000003960CCPF;28/06/2023;1;0,496;R
ES0000000000003960CCPF;28/06/2023;2;0,436;R
ES0000000000003960CCPF;28/06/2023;3;0,453;R
ES0000000000003960CCPF;28/06/2023;4;0,662;R
ES0000000000003960CCPF;28/06/2023;5;0,463;R
ES0000000000003960CCPF;28/06/2023;6;0,934;R
ES0000000000003960CCPF;28/06/2023;7;0,393;R
ES0000000000003960CCPF;28/06/2023;8;0,55;R
ES0000000000003960CCPF;28/06/2023;9;0,431;R
ES0000000000003960CCPF;28/06/2023;10;0,509;R
ES0000000000003960CCPF;28/06/2023;11;0,453;R
ES0000000000003960CCPF;28/06/2023;12;0,854;R
ES0000000000003960CCPF;28/06/2023;13;0,636;R
ES0000000000003960CCPF;28/06/2023;14;0,541;R
ES0000000000003960CCPF;28/06/2023;15;0,414;R
ES0000000000003960CCPF;28/06/2023;16;0,471;R
ES0000000000003960CCPF;28/06/2023;17;0,659;R
ES0000000000003960CCPF;28/06/2023;18;0,587;R
ES0000000000003960CCPF;28/06/2023;19;0,566;R
ES0000000000003960CCPF;28/06/2023;20;0,584;R
ES0000000000003960CCPF;28/06/2023;21;0,616;R
ES0000000000003960CCPF;28/06/2023;22;0,604;R
ES0000000000003960CCPF;28/06/2023;23;0,422;R
ES0000000000003960CCPF;29/06/2023;0;0,546;R
ES0000000000003960CCPF;29/06/2023;1;0,489;R
ES0000000000003960CCPF;29/06/2023;2;0,495;R
ES0000000000003960CCPF;29/06/2023;3;0,663;R
ES0000000000003960CCPF;29/06/2023;4;0,471;R
ES0000000000003960CCPF;29/06/2023;5;0,929;R
ES0000000000003960CCPF;29/06/2023;6;0,427;R
ES0000000000003960CCPF;29/06/2023;7;0,477;R
ES0000000000003960CCPF;29/06/2023;8;0,528;R
ES0000000000003960CCPF;29/06/2023;9;0,487;R
ES0000000000003960CCPF;29/06/2023;10;0,824;R
ES0000000000003960CCPF;29/06/2023;11;0,661;R
ES0000000000003960CCPF;29/06/2023;12;0,479;R
ES0000000000003960CCPF;29/06/2023;13;0,419;R
ES0000000000003960CCPF;29/06/2023;14;0,523;R
ES0000000000003960CCPF;29/06/2023;15;0,999;R
ES0000000000003960CCPF;29/06/2023;16;0,53;R
ES0000000000003960CCPF;29/06/2023;17;2,255;R
ES0000000000003960CCPF;29/06/2023;18;3,276;R
ES0000000000003960CCPF;29/06/2023;19;2,847;R
ES0000000000003960CCPF;29/06/2023;20;2,332;R
ES0000000000003960CCPF;29/06/2023;21;0,592;R
ES0000000000003960CCPF;29/06/2023;22;0,586;R
ES0000000000003960CCPF;29/06/2023;23;0,579;R
ES0000000000003960CCPF;30/06/2023;0;0,65;R
ES0000000000003960CCPF;30/06/2023;1;0,479;R
ES0000000000003960CCPF;30/06/2023;2;0,483;R
ES0000000000003960CCPF;30/06/2023;3;0,725;R
ES0000000000003960CCPF;30/06/2023;4;0,468;R
ES0000000000003960CCPF;30/06/2023;5;0,891;R
ES0000000000003960CCPF;30/06/2023;6;0,423;R
ES0000000000003960CCPF;30/06/2023;7;0,524;R
ES0000000000003960CCPF;30/06/2023;8;0,431;R
ES0000000000003960CCPF;30/06/2023;9;0,382;R
ES0000000000003960CCPF;30/06/2023;10;0,566;R
ES0000000000003960CCPF;30/06/2023;11;0,419;R
ES0000000000003960CCPF;30/06/2023;12;0,429;R
ES0000000000003960CCPF;30/06/2023;13;0,473;R
ES0000000000003960CCPF;30/06/2023;14;2,171;R
ES0000000000003960CCPF;30/06/2023;15;0,84;R
ES0000000000003960CCPF;30/06/2023;16;0,7;R
ES0000000000003960CCPF;30/06/2023;17;0,48;R
ES0000000000003960CCPF;30/06/2023;18;0,575;R
ES0000000000003960CCPF;30/06/2023;19;0,372;R
ES0000000000003960CCPF;30/06/2023;20;0,309;R
ES0000000000003960CCPF;30/06/2023;21;0,308;R
ES0000000000003960CCPF;30/06/2023;22;0,311;R
ES0000000000003960CCPF;30/06/2023;23;0,292;R
ES0000000000003960CCPF;01/07/2023;0;0,34;R
ES0000000000003960CCPF;01/07/2023;1;0,315;R
ES0000000000003960CCPF;01/07/2023;2;0,668;R
ES0000000000003960CCPF;01/07/2023;3;0,36;R
ES0000000000003960CCPF;01/07/2023;4;0,959;R
ES0000000000003960CCPF;01/07/2023;5;0,367;R
ES0000000000003960CCPF;01/07/2023;6;0,395;R
ES0000000000003960CCPF;01/07/2023;7;0,343;R
ES0000000000003960CCPF;01/07/2023;8;0,364;R
ES0000000000003960CCPF;01/07/2023;9;0,37;R
ES0000000000003960CCPF;01/07/2023;10;0,37;R
ES0000000000003960CCPF;01/07/2023;11;0,667;R
ES0000000000003960CCPF;01/07/2023;12;1,738;R
ES0000000000003960CCPF;01/07/2023;13;0,643;R
ES0000000000003960CCPF;01/07/2023;14;0,475;R
ES0000000000003960CCPF;01/07/2023;15;0,897;R
ES0000000000003960CCPF;01/07/2023;16;2,046;R
ES0000000000003960CCPF;01/07/2023;17;2,541;R
ES0000000000003960CCPF;01/07/2023;18;3,073;R
ES0000000000003960CCPF;01/07/2023;19;1,624;R
ES0000000000003960CCPF;01/07/2023;20;0,312;R
ES0000000000003960CCPF;01/07/2023;21;0,308;R
ES0000000000003960CCPF;01/07/2023;22;0,312;R
ES0000000000003960CCPF;01/07/2023;23;0,282;R
ES0000000000003960CCPF;02/07/2023;0;0,332;R
ES0000000000003960CCPF;02/07/2023;1;0,268;R
ES0000000000003960CCPF;02/07/2023;2;0,334;R
ES0000000000003960CCPF;02/07/2023;3;0,284;R
ES0000000000003960CCPF;02/07/2023;4;0,299;R
ES0000000000003960CCPF;02/07/2023;5;0,409;R
ES0000000000003960CCPF;02/07/2023;6;0,346;R
ES0000000000003960CCPF;02/07/2023;7;0,349;R
ES0000000000003960CCPF;02/07/2023;8;0,302;R
ES0000000000003960CCPF;02/07/2023;9;0,366;R
ES0000000000003960CCPF;02/07/2023;10;0,28;R
ES0000000000003960CCPF;02/07/2023;11;0,464;R
ES0000000000003960CCPF;02/07/2023;12;0,285;R
ES0000000000003960CCPF;02/07/2023;13;0,364;R
ES0000000000003960CCPF;02/07/2023;14;0,614;R
ES0000000000003960CCPF;02/07/2023;15;0,742;R
ES0000000000003960CCPF;02/07/2023;16;0,533;R
ES0000000000003960CCPF;02/07/2023;17;1,177;R
ES0000000000003960CCPF;02/07/2023;18;0,946;R
ES0000000000003960CCPF;02/07/2023;19;0,605;R
ES0000000000003960CCPF;02/07/2023;20;1,188;R
ES0000000000003960CCPF;02/07/2023;21;0,804;R
ES0000000000003960CCPF;02/07/2023;22;1,286;R
ES0000000000003960CCPF;02/07/2023;23;0,937;R
ES0000000000003960CCPF;03/07/2023;0;0,597;R
ES0000000000003960CCPF;03/07/2023;1;0,412;R
ES0000000000003960CCPF;03/07/2023;2;0,351;R
ES0000000000003960CCPF;03/07/2023;3;0,396;R
ES0000000000003960CCPF;03/07/2023;4;0,377;R
ES0000000000003960CCPF;03/07/2023;5;0,381;R
ES0000000000003960CCPF;03/07/2023;6;0,364;R
ES0000000000003960CCPF;03/07/2023;7;0,365;R
ES0000000000003960CCPF;03/07/2023;8;0,375;R
ES0000000000003960CCPF;03/07/2023;9;0,505;R
ES0000000000003960CCPF;03/07/2023;10;0,409;R
ES0000000000003960CCPF;03/07/2023;11;0,667;R
ES0000000000003960CCPF;03/07/2023;12;0,526;R
ES0000000000003960CCPF;03/07/2023;13;0,544;R
ES0000000000003960CCPF;03/07/2023;14;0,479;R
ES0000000000003960CCPF;03/07/2023;15;0,326;R
ES0000000000003960CCPF;03/07/2023;16;0,591;R
ES0000000000003960CCPF;03/07/2023;17;0,383;R
ES0000000000003960CCPF;03/07/2023;18;0,357;R
ES0000000000003960CCPF;03/07/2023;19;0,336;R
ES0000000000003960CCPF;03/07/2023;20;0,405;R
ES0000000000003960CCPF;03/07/2023;21;0,43;R
ES0000000000003960CCPF;03/07/2023;22;0,429;R
ES0000000000003960CCPF;03/07/2023;23;0,459;R
ES0000000000003960CCPF;04/07/2023;0;0,527;R
ES0000000000003960CCPF;04/07/2023;1;0,393;R
ES0000000000003960CCPF;04/07/2023;2;0,362;R
ES0000000000003960CCPF;04/07/2023;3;0,382;R
ES0000000000003960CCPF;04/07/2023;4;0,348;R
ES0000000000003960CCPF;04/07/2023;5;0,379;R
ES0000000000003960CCPF;04/07/2023;6;0,517;R
ES0000000000003960CCPF;04/07/2023;7;0,356;R
ES0000000000003960CCPF;04/07/2023;8;0,32;R
ES0000000000003960CCPF;04/07/2023;9;0,294;R
ES0000000000003960CCPF;04/07/2023;10;0,471;R
ES0000000000003960CCPF;04/07/2023;11;0,357;R
ES0000000000003960CCPF;04/07/2023;12;0,365;R
ES0000000000003960CCPF;04/07/2023;13;0,371;R
ES0000000000003960CCPF;04/07/2023;14;0,35;R
ES0000000000003960CCPF;04/07/2023;15;0,459;R
ES0000000000003960CCPF;04/07/2023;16;0,297;R
ES0000000000003960CCPF;04/07/2023;17;0,322;R
ES0000000000003960CCPF;04/07/2023;18;0,299;R
ES0000000000003960CCPF;04/07/2023;19;2,328;R
ES0000000000003960CCPF;04/07/2023;20;3,112;R
ES0000000000003960CCPF;04/07/2023;21;0,94;R
ES0000000000003960CCPF;04/07/2023;22;0,42;R
ES0000000000003960CCPF;04/07/2023;23;0,768;R
ES0000000000003960CCPF;05/07/2023;0;1,026;R
ES0000000000003960CCPF;05/07/2023;1;1,044;R
ES0000000000003960CCPF;05/07/2023;2;0,381;R
ES0000000000003960CCPF;05/07/2023;3;0,414;R
ES0000000000003960CCPF;05/07/2023;4;0,4;R
ES0000000000003960CCPF;05/07/2023;5;0,313;R
ES0000000000003960CCPF;05/07/2023;6;0,361;R
ES0000000000003960CCPF;05/07/2023;7;0,326;R
ES0000000000003960CCPF;05/07/2023;8;0,382;R
ES0000000000003960CCPF;05/07/2023;9;0,272;R
ES0000000000003960CCPF;05/07/2023;10;0,336;R
ES0000000000003960CCPF;05/07/2023;11;0,285;R
ES0000000000003960CCPF;05/07/2023;12;0,322;R
ES0000000000003960CCPF;05/07/2023;13;0,301;R
ES0000000000003960CCPF;05/07/2023;14;0,301;R
ES0000000000003960CCPF;05/07/2023;15;0,349;R
ES0000000000003960CCPF;05/07/2023;16;0,308;R
ES0000000000003960CCPF;05/07/2023;17;0,336;R
ES0000000000003960CCPF;05/07/2023;18;0,353;R
ES0000000000003960CCPF;05/07/2023;19;0,453;R
ES0000000000003960CCPF;05/07/2023;20;0,372;R
ES0000000000003960CCPF;05/07/2023;21;0,343;R
ES0000000000003960CCPF;05/07/2023;22;0,394;R
ES0000000000003960CCPF;05/07/2023;23;0,528;R
ES0000000000003960CCPF;06/07/2023;0;0,573;R
ES0000000000003960CCPF;06/07/2023;1;0,468;R
ES0000000000003960CCPF;06/07/2023;2;0,439;R
ES0000000000003960CCPF;06/07/2023;3;0,395;R
ES0000000000003960CCPF;06/07/2023;4;0,398;R
ES0000000000003960CCPF;06/07/2023;5;0,394;R
ES0000000000003960CCPF;06/07/2023;6;0,383;R
ES0000000000003960CCPF;06/07/2023;7;0,43;R
ES0000000000003960CCPF;06/07/2023;8;0,553;R
ES0000000000003960CCPF;06/07/2023;9;0,386;R
ES0000000000003960CCPF;06/07/2023;10;0,423;R
ES0000000000003960CCPF;06/07/2023;11;0,493;R
ES0000000000003960CCPF;06/07/2023;12;0,423;R
ES0000000000003960CCPF;06/07/2023;13;0,336;R
ES0000000000003960CCPF;06/07/2023;14;0,403;R
ES0000000000003960CCPF;06/07/2023;15;1,187;R
ES0000000000003960CCPF;06/07/2023;16;0,472;R
ES0000000000003960CCPF;06/07/2023;17;0,295;R
ES0000000000003960CCPF;06/07/2023;18;0,496;R
ES0000000000003960CCPF;06/07/2023;19;0,437;R
ES0000000000003960CCPF;06/07/2023;20;0,443;R
ES0000000000003960CCPF;06/07/2023;21;0,453;R
ES0000000000003960CCPF;06/07/2023;22;0,563;R
ES0000000000003960CCPF;06/07/2023;23;0,572;R
ES0000000000003960CCPF;07/07/2023;0;0,578;R
ES0000000000003960CCPF;07/07/2023;1;0,473;R
ES0000000000003960CCPF;07/07/2023;2;0,448;R
ES0000000000003960CCPF;07/07/2023;3;0,647;R
ES0000000000003960CCPF;07/07/2023;4;0,476;R
ES0000000000003960CCPF;07/07/2023;5;0,893;R
ES0000000000003960CCPF;07/07/2023;6;0,429;R
ES0000000000003960CCPF;07/07/2023;7;0,426;R
ES0000000000003960CCPF;07/07/2023;8;0,526;R
ES0000000000003960CCPF;07/07/2023;9;0,437;R
ES0000000000003960CCPF;07/07/2023;10;0,38;R
ES0000000000003960CCPF;07/07/2023;11;0,446;R
ES0000000000003960CCPF;07/07/2023;12;0,642;R
ES0000000000003960CCPF;07/07/2023;13;0,448;R
ES0000000000003960CCPF;07/07/2023;14;0,676;R
ES0000000000003960CCPF;07/07/2023;15;0,809;R
ES0000000000003960CCPF;07/07/2023;16;0,467;R
ES0000000000003960CCPF;07/07/2023;17;0,563;R
ES0000000000003960CCPF;07/07/2023;18;0,501;R
ES0000000000003960CCPF;07/07/2023;19;0,507;R
ES0000000000003960CCPF;07/07/2023;20;0,556;R
ES0000000000003960CCPF;07/07/2023;21;0,409;R
ES0000000000003960CCPF;07/07/2023;22;0,401;R
ES0000000000003960CCPF;07/07/2023;23;0,33;R
ES0000000000003960CCPF;08/07/2023;0;0,603;R
ES0000000000003960CCPF;08/07/2023;1;0,409;R
ES0000000000003960CCPF;08/07/2023;2;0,485;R
ES0000000000003960CCPF;08/07/2023;3;0,402;R
ES0000000000003960CCPF;08/07/2023;4;0,622;R
ES0000000000003960CCPF;08/07/2023;5;0,435;R
ES0000000000003960CCPF;08/07/2023;6;0,816;R
ES0000000000003960CCPF;08/07/2023;7;0,398;R
ES0000000000003960CCPF;08/07/2023;8;0,344;R
ES0000000000003960CCPF;08/07/2023;9;0,462;R
ES0000000000003960CCPF;08/07/2023;10;0,518;R
ES0000000000003960CCPF;08/07/2023;11;0,4;R
ES0000000000003960CCPF;08/07/2023;12;0,406;R
ES0000000000003960CCPF;08/07/2023;13;0,496;R
ES0000000000003960CCPF;08/07/2023;14;0,478;R
ES0000000000003960CCPF;08/07/2023;15;1,839;R
ES0000000000003960CCPF;08/07/2023;16;0,641;R
ES0000000000003960CCPF;08/07/2023;17;0,839;R
ES0000000000003960CCPF;08/07/2023;18;0,548;R
ES0000000000003960CCPF;08/07/2023;19;0,444;R
ES0000000000003960CCPF;08/07/2023;20;0,409;R
ES0000000000003960CCPF;08/07/2023;21;0,498;R
ES0000000000003960CCPF;08/07/2023;22;0,442;R
ES0000000000003960CCPF;08/07/2023;23;0,499;R
ES0000000000003960CCPF;09/07/2023;0;0,453;R
ES0000000000003960CCPF;09/07/2023;1;0,497;R
ES0000000000003960CCPF;09/07/2023;2;0,467;R
ES0000000000003960CCPF;09/07/2023;3;0,603;R
ES0000000000003960CCPF;09/07/2023;4;0,529;R
ES0000000000003960CCPF;09/07/2023;5;0,879;R
ES0000000000003960CCPF;09/07/2023;6;0,47;R
ES0000000000003960CCPF;09/07/2023;7;0,442;R
ES0000000000003960CCPF;09/07/2023;8;0,528;R
ES0000000000003960CCPF;09/07/2023;9;0,447;R
ES0000000000003960CCPF;09/07/2023;10;0,576;R
ES0000000000003960CCPF;09/07/2023;11;0,457;R
ES0000000000003960CCPF;09/07/2023;12;0,326;R
ES0000000000003960CCPF;09/07/2023;13;0,573;R
ES0000000000003960CCPF;09/07/2023;14;0,608;R
ES0000000000003960CCPF;09/07/2023;15;0,732;R
ES0000000000003960CCPF;09/07/2023;16;0,598;R
ES0000000000003960CCPF;09/07/2023;17;0,381;R
ES0000000000003960CCPF;09/07/2023;18;0,545;R
ES0000000000003960CCPF;09/07/2023;19;2,419;R
ES0000000000003960CCPF;09/07/2023;20;2,886;R
ES0000000000003960CCPF;09/07/2023;21;0,284;R
ES0000000000003960CCPF;09/07/2023;22;0,535;R
ES0000000000003960CCPF;09/07/2023;23;0,572;R
ES0000000000003960CCPF;10/07/2023;0;0,499;R
ES0000000000003960CCPF;10/07/2023;1;0,75;R
ES0000000000003960CCPF;10/07/2023;2;0,475;R
ES0000000000003960CCPF;10/07/2023;3;0,875;R
ES0000000000003960CCPF;10/07/2023;4;0,401;R
ES0000000000003960CCPF;10/07/2023;5;0,358;R
ES0000000000003960CCPF;10/07/2023;6;0,392;R
ES0000000000003960CCPF;10/07/2023;7;0,373;R
ES0000000000003960CCPF;10/07/2023;8;0,363;R
ES0000000000003960CCPF;10/07/2023;9;0,409;R
ES0000000000003960CCPF;10/07/2023;10;0,379;R
ES0000000000003960CCPF;10/07/2023;11;0,372;R
ES0000000000003960CCPF;10/07/2023;12;0,425;R
ES0000000000003960CCPF;10/07/2023;13;0,409;R
ES0000000000003960CCPF;10/07/2023;14;0,54;R
ES0000000000003960CCPF;10/07/2023;15;3,673;R
ES0000000000003960CCPF;10/07/2023;16;2,699;R
ES0000000000003960CCPF;10/07/2023;17;1,937;R
ES0000000000003960CCPF;10/07/2023;18;0,423;R
ES0000000000003960CCPF;10/07/2023;19;1,117;R
ES0000000000003960CCPF;10/07/2023;20;3,402;R
ES0000000000003960CCPF;10/07/2023;21;2,923;R
ES0000000000003960CCPF;10/07/2023;22;2,738;R
ES0000000000003960CCPF;10/07/2023;23;1,618;R
ES0000000000003960CCPF;11/07/2023;0;2,521;R
ES0000000000003960CCPF;11/07/2023;1;0,448;R
ES0000000000003960CCPF;11/07/2023;2;0,361;R
ES0000000000003960CCPF;11/07/2023;3;0,419;R
ES0000000000003960CCPF;11/07/2023;4;0,333;R
ES0000000000003960CCPF;11/07/2023;5;0,413;R
ES0000000000003960CCPF;11/07/2023;6;0,367;R
ES0000000000003960CCPF;11/07/2023;7;0,364;R
ES0000000000003960CCPF;11/07/2023;8;0,385;R
ES0000000000003960CCPF;11/07/2023;9;0,358;R
ES0000000000003960CCPF;11/07/2023;10;0,379;R
ES0000000000003960CCPF;11/07/2023;11;0,392;R
ES0000000000003960CCPF;11/07/2023;12;0,44;R
ES0000000000003960CCPF;11/07/2023;13;0,347;R
ES0000000000003960CCPF;11/07/2023;14;2,668;R
ES0000000000003960CCPF;11/07/2023;15;3,237;R
ES0000000000003960CCPF;11/07/2023;16;2,782;R
ES0000000000003960CCPF;11/07/2023;17;2,607;R
ES0000000000003960CCPF;11/07/2023;18;2,54;R
ES0000000000003960CCPF;11/07/2023;19;2,594;R
ES0000000000003960CCPF;11/07/2023;20;2,627;R
ES0000000000003960CCPF;11/07/2023;21;2,655;R
ES0000000000003960CCPF;11/07/2023;22;2,778;R
ES0000000000003960CCPF;11/07/2023;23;2,696;R
ES0000000000003960CCPF;12/07/2023;0;2,663;R
ES0000000000003960CCPF;12/07/2023;1;0,663;R
ES0000000000003960CCPF;12/07/2023;2;0,391;R
ES0000000000003960CCPF;12/07/2023;3;0,401;R
ES0000000000003960CCPF;12/07/2023;4;0,418;R
ES0000000000003960CCPF;12/07/2023;5;0,371;R
ES0000000000003960CCPF;12/07/2023;6;0,406;R
ES0000000000003960CCPF;12/07/2023;7;0,404;R
ES0000000000003960CCPF;12/07/2023;8;0,397;R
ES0000000000003960CCPF;12/07/2023;9;0,439;R
ES0000000000003960CCPF;12/07/2023;10;0,357;R
ES0000000000003960CCPF;12/07/2023;11;0,927;R
ES0000000000003960CCPF;12/07/2023;12;0,752;R
ES0000000000003960CCPF;12/07/2023;13;0,837;R
ES0000000000003960CCPF;12/07/2023;14;0,761;R
ES0000000000003960CCPF;12/07/2023;15;1,077;R
ES0000000000003960CCPF;12/07/2023;16;1,123;R
ES0000000000003960CCPF;12/07/2023;17;0,517;R
ES0000000000003960CCPF;12/07/2023;18;0,476;R
ES0000000000003960CCPF;12/07/2023;19;0,413;R
ES0000000000003960CCPF;12/07/2023;20;0,882;R
ES0000000000003960CCPF;12/07/2023;21;0,555;R
ES0000000000003960CCPF;12/07/2023;22;0,313;R
ES0000000000003960CCPF;12/07/2023;23;0,909;R
ES0000000000003960CCPF;13/07/2023;0;3,198;R
ES0000000000003960CCPF;13/07/2023;1;2,152;R
ES0000000000003960CCPF;13/07/2023;2;0,46;R
ES0000000000003960CCPF;13/07/2023;3;0,443;R
ES0000000000003960CCPF;13/07/2023;4;0,437;R
ES0000000000003960CCPF;13/07/2023;5;0,378;R
ES0000000000003960CCPF;13/07/2023;6;0,361;R
ES0000000000003960CCPF;13/07/2023;7;0,364;R
ES0000000000003960CCPF;13/07/2023;8;0,359;R
ES0000000000003960CCPF;13/07/2023;9;0,367;R
ES0000000000003960CCPF;13/07/2023;10;0,353;R
ES0000000000003960CCPF;13/07/2023;11;0,334;R
ES0000000000003960CCPF;13/07/2023;12;0,327;R
ES0000000000003960CCPF;13/07/2023;13;0,347;R
ES0000000000003960CCPF;13/07/2023;14;1,251;R
ES0000000000003960CCPF;13/07/2023;15;3,361;R
ES0000000000003960CCPF;13/07/2023;16;2,498;R
ES0000000000003960CCPF;13/07/2023;17;2,269;R
ES0000000000003960CCPF;13/07/2023;18;0,395;R
ES0000000000003960CCPF;13/07/2023;19;0,371;R
ES0000000000003960CCPF;13/07/2023;20;0,395;R
ES0000000000003960CCPF;13/07/2023;21;0,339;R
ES0000000000003960CCPF;13/07/2023;22;0,404;R
ES0000000000003960CCPF;13/07/2023;23;0,382;R
ES0000000000003960CCPF;14/07/2023;0;0,428;R
ES0000000000003960CCPF;14/07/2023;1;0,416;R
ES0000000000003960CCPF;14/07/2023;2;0,425;R
ES0000000000003960CCPF;14/07/2023;3;0,406;R
ES0000000000003960CCPF;14/07/2023;4;0,411;R
ES0000000000003960CCPF;14/07/2023;5;0,356;R
ES0000000000003960CCPF;14/07/2023;6;0,385;R
ES0000000000003960CCPF;14/07/2023;7;0,327;R
ES0000000000003960CCPF;14/07/2023;8;0,382;R
ES0000000000003960CCPF;14/07/2023;9;0,309;R
ES0000000000003960CCPF;14/07/2023;10;0,339;R
ES0000000000003960CCPF;14/07/2023;11;0,365;R
ES0000000000003960CCPF;14/07/2023;12;0,336;R
ES0000000000003960CCPF;14/07/2023;13;0,359;R
ES0000000000003960CCPF;14/07/2023;14;0,472;R
ES0000000000003960CCPF;14/07/2023;15;0,33;R
ES0000000000003960CCPF;14/07/2023;16;0,301;R
ES0000000000003960CCPF;14/07/2023;17;0,338;R
ES0000000000003960CCPF;14/07/2023;18;0,318;R
ES0000000000003960CCPF;14/07/2023;19;0,303;R
ES0000000000003960CCPF;14/07/2023;20;0,335;R
ES0000000000003960CCPF;14/07/2023;21;0,321;R
ES0000000000003960CCPF;14/07/2023;22;0,333;R
ES0000000000003960CCPF;14/07/2023;23;0,348;R
ES0000000000003960CCPF;15/07/2023;0;0,328;R
ES0000000000003960CCPF;15/07/2023;1;1,57;R
ES0000000000003960CCPF;15/07/2023;2;2,956;R
ES0000000000003960CCPF;15/07/2023;3;1,618;R
ES0000000000003960CCPF;15/07/2023;4;0,763;R
ES0000000000003960CCPF;15/07/2023;5;0,686;R
ES0000000000003960CCPF;15/07/2023;6;0,374;R
ES0000000000003960CCPF;15/07/2023;7;0,327;R
ES0000000000003960CCPF;15/07/2023;8;0,335;R
ES0000000000003960CCPF;15/07/2023;9;0,355;R
ES0000000000003960CCPF;15/07/2023;10;0,319;R
ES0000000000003960CCPF;15/07/2023;11;0,352;R
ES0000000000003960CCPF;15/07/2023;12;0,332;R
ES0000000000003960CCPF;15/07/2023;13;0,354;R
ES0000000000003960CCPF;15/07/2023;14;0,306;R
ES0000000000003960CCPF;15/07/2023;15;1,351;R
ES0000000000003960CCPF;15/07/2023;16;3,575;R
ES0000000000003960CCPF;15/07/2023;17;1,808;R
ES0000000000003960CCPF;15/07/2023;18;0,639;R
ES0000000000003960CCPF;15/07/2023;19;0,745;R
ES0000000000003960CCPF;15/07/2023;20;2,155;R
ES0000000000003960CCPF;15/07/2023;21;2,968;R
ES0000000000003960CCPF;15/07/2023;22;1,194;R
ES0000000000003960CCPF;15/07/2023;23;0,456;R
ES0000000000003960CCPF;16/07/2023;0;0,411;R
ES0000000000003960CCPF;16/07/2023;1;0,427;R
ES0000000000003960CCPF;16/07/2023;2;0,426;R
ES0000000000003960CCPF;16/07/2023;3;0,462;R
ES0000000000003960CCPF;16/07/2023;4;0,388;R
ES0000000000003960CCPF;16/07/2023;5;0,394;R
ES0000000000003960CCPF;16/07/2023;6;0,376;R
ES0000000000003960CCPF;16/07/2023;7;0,36;R
ES0000000000003960CCPF;16/07/2023;8;0,375;R
ES0000000000003960CCPF;16/07/2023;9;0,356;R
ES0000000000003960CCPF;16/07/2023;10;0,363;R
ES0000000000003960CCPF;16/07/2023;11;0,317;R
ES0000000000003960CCPF;16/07/2023;12;0,332;R
ES0000000000003960CCPF;16/07/2023;13;0,294;R
ES0000000000003960CCPF;16/07/2023;14;0,34;R
ES0000000000003960CCPF;16/07/2023;15;0,283;R
ES0000000000003960CCPF;16/07/2023;16;0,303;R
ES0000000000003960CCPF;16/07/2023;17;0,287;R
ES0000000000003960CCPF;16/07/2023;18;0,331;R
ES0000000000003960CCPF;16/07/2023;19;0,275;R
ES0000000000003960CCPF;16/07/2023;20;0,305;R
ES0000000000003960CCPF;16/07/2023;21;0,297;R
ES0000000000003960CCPF;16/07/2023;22;0,322;R
ES0000000000003960CCPF;16/07/2023;23;0,288;R
ES0000000000003960CCPF;17/07/2023;0;0,374;R
ES0000000000003960CCPF;17/07/2023;1;0,541;R
ES0000000000003960CCPF;17/07/2023;2;0,541;R
ES0000000000003960CCPF;17/07/2023;3;0,513;R
ES0000000000003960CCPF;17/07/2023;4;0,468;R
ES0000000000003960CCPF;17/07/2023;5;0,404;R
ES0000000000003960CCPF;17/07/2023;6;0,343;R
ES0000000000003960CCPF;17/07/2023;7;0,304;R
ES0000000000003960CCPF;17/07/2023;8;0,344;R
ES0000000000003960CCPF;17/07/2023;9;0,319;R
ES0000000000003960CCPF;17/07/2023;10;0,355;R
ES0000000000003960CCPF;17/07/2023;11;0,646;R
ES0000000000003960CCPF;17/07/2023;12;1,046;R
ES0000000000003960CCPF;17/07/2023;13;0,777;R
ES0000000000003960CCPF;17/07/2023;14;0,36;R
ES0000000000003960CCPF;17/07/2023;15;0,465;R
ES0000000000003960CCPF;17/07/2023;16;2,06;R
ES0000000000003960CCPF;17/07/2023;17;3,106;R
ES0000000000003960CCPF;17/07/2023;18;2,726;R
ES0000000000003960CCPF;17/07/2023;19;2,724;R
ES0000000000003960CCPF;17/07/2023;20;0,443;R
ES0000000000003960CCPF;17/07/2023;21;0,307;R
ES0000000000003960CCPF;17/07/2023;22;1,123;R
ES0000000000003960CCPF;17/07/2023;23;3,753;R
ES0000000000003960CCPF;18/07/2023;0;0,655;R
ES0000000000003960CCPF;18/07/2023;1;0,362;R
ES0000000000003960CCPF;18/07/2023;2;0,365;R
ES0000000000003960CCPF;18/07/2023;3;0,395;R
ES0000000000003960CCPF;18/07/2023;4;0,301;R
ES0000000000003960CCPF;18/07/2023;5;0,367;R
ES0000000000003960CCPF;18/07/2023;6;0,328;R
ES0000000000003960CCPF;18/07/2023;7;0,351;R
ES0000000000003960CCPF;18/07/2023;8;0,315;R
ES0000000000003960CCPF;18/07/2023;9;0,355;R
ES0000000000003960CCPF;18/07/2023;10;0,365;R
ES0000000000003960CCPF;18/07/2023;11;0,308;R
ES0000000000003960CCPF;18/07/2023;12;0,35;R
ES0000000000003960CCPF;18/07/2023;13;0,423;R
ES0000000000003960CCPF;18/07/2023;14;0,482;R
ES0000000000003960CCPF;18/07/2023;15;0,353;R
ES0000000000003960CCPF;18/07/2023;16;0,355;R
ES0000000000003960CCPF;18/07/2023;17;0,31;R
ES0000000000003960CCPF;18/07/2023;18;0,321;R
ES0000000000003960CCPF;18/07/2023;19;0,353;R
ES0000000000003960CCPF;18/07/2023;20;0,281;R
ES0000000000003960CCPF;18/07/2023;21;0,334;R
ES0000000000003960CCPF;18/07/2023;22;0,314;R
ES0000000000003960CCPF;18/07/2023;23;0,316;R
ES0000000000003960CCPF;19/07/2023;0;0,293;R
ES0000000000003960CCPF;19/07/2023;1;2,278;R
ES0000000000003960CCPF;19/07/2023;2;2,973;R
ES0000000000003960CCPF;19/07/2023;3;2,669;R
ES0000000000003960CCPF;19/07/2023;4;2,654;R
ES0000000000003960CCPF;19/07/2023;5;1,05;R
ES0000000000003960CCPF;19/07/2023;6;0,32;R
ES0000000000003960CCPF;19/07/2023;7;0,357;R
ES0000000000003960CCPF;19/07/2023;8;0,34;R
ES0000000000003960CCPF;19/07/2023;9;0,363;R
ES0000000000003960CCPF;19/07/2023;10;0,307;R
ES0000000000003960CCPF;19/07/2023;11;0,355;R
ES0000000000003960CCPF;19/07/2023;12;0,304;R
ES0000000000003960CCPF;19/07/2023;13;0,31;R
ES0000000000003960CCPF;19/07/2023;14;0,282;R
ES0000000000003960CCPF;19/07/2023;15;0,335;R
ES0000000000003960CCPF;19/07/2023;16;0,331;R
ES0000000000003960CCPF;19/07/2023;17;0,961;R
ES0000000000003960CCPF;19/07/2023;18;3,664;R
ES0000000000003960CCPF;19/07/2023;19;2,805;R
ES0000000000003960CCPF;19/07/2023;20;2,838;R
ES0000000000003960CCPF;19/07/2023;21;2,887;R
ES0000000000003960CCPF;19/07/2023;22;2,938;R
ES0000000000003960CCPF;19/07/2023;23;2,761;R
ES0000000000003960CCPF;20/07/2023;0;2,371;R
ES0000000000003960CCPF;20/07/2023;1;1,755;R
ES0000000000003960CCPF;20/07/2023;2;0,379;R
ES0000000000003960CCPF;20/07/2023;3;0,374;R
ES0000000000003960CCPF;20/07/2023;4;0,381;R
ES0000000000003960CCPF;20/07/2023;5;0,358;R
ES0000000000003960CCPF;20/07/2023;6;0,374;R
ES0000000000003960CCPF;20/07/2023;7;0,363;R
ES0000000000003960CCPF;20/07/2023;8;0,305;R
ES0000000000003960CCPF;20/07/2023;9;0,37;R
ES0000000000003960CCPF;20/07/2023;10;0,335;R
ES0000000000003960CCPF;20/07/2023;11;0,357;R
ES0000000000003960CCPF;20/07/2023;12;0,307;R
ES0000000000003960CCPF;20/07/2023;13;0,366;R
ES0000000000003960CCPF;20/07/2023;14;0,491;R
ES0000000000003960CCPF;20/07/2023;15;0,377;R
ES0000000000003960CCPF;20/07/2023;16;0,296;R
ES0000000000003960CCPF;20/07/2023;17;0,334;R
ES0000000000003960CCPF;20/07/2023;18;0,288;R
ES0000000000003960CCPF;20/07/2023;19;0,333;R
ES0000000000003960CCPF;20/07/2023;20;0,341;R
ES0000000000003960CCPF;20/07/2023;21;2,862;R
ES0000000000003960CCPF;20/07/2023;22;2,767;R
ES0000000000003960CCPF;20/07/2023;23;2,516;R
ES0000000000003960CCPF;21/07/2023;0;0,506;R
ES0000000000003960CCPF;21/07/2023;1;1,127;R
ES0000000000003960CCPF;21/07/2023;2;0,797;R
ES0000000000003960CCPF;21/07/2023;3;0,413;R
ES0000000000003960CCPF;21/07/2023;4;0,379;R
ES0000000000003960CCPF;21/07/2023;5;0,318;R
ES0000000000003960CCPF;21/07/2023;6;0,355;R
ES0000000000003960CCPF;21/07/2023;7;0,336;R
ES0000000000003960CCPF;21/07/2023;8;0,362;R
ES0000000000003960CCPF;21/07/2023;9;0,336;R
ES0000000000003960CCPF;21/07/2023;10;0,316;R
ES0000000000003960CCPF;21/07/2023;11;0,329;R
ES0000000000003960CCPF;21/07/2023;12;0,348;R
ES0000000000003960CCPF;21/07/2023;13;0,432;R
ES0000000000003960CCPF;21/07/2023;14;0,882;R
ES0000000000003960CCPF;21/07/2023;15;0,983;R
ES0000000000003960CCPF;21/07/2023;16;0,502;R
ES0000000000003960CCPF;21/07/2023;17;0,418;R
ES0000000000003960CCPF;21/07/2023;18;0,373;R
ES0000000000003960CCPF;21/07/2023;19;0,452;R
ES0000000000003960CCPF;21/07/2023;20;0,407;R
ES0000000000003960CCPF;21/07/2023;21;0,395;R
ES0000000000003960CCPF;21/07/2023;22;0,923;R
ES0000000000003960CCPF;21/07/2023;23;0,584;R
ES0000000000003960CCPF;22/07/2023;0;0,423;R
ES0000000000003960CCPF;22/07/2023;1;0,477;R
ES0000000000003960CCPF;22/07/2023;2;0,374;R
ES0000000000003960CCPF;22/07/2023;3;0,374;R
ES0000000000003960CCPF;22/07/2023;4;0,331;R
ES0000000000003960CCPF;22/07/2023;5;0,372;R
ES0000000000003960CCPF;22/07/2023;6;0,35;R
ES0000000000003960CCPF;22/07/2023;7;0,338;R
ES0000000000003960CCPF;22/07/2023;8;0,377;R
ES0000000000003960CCPF;22/07/2023;9;0,712;R
ES0000000000003960CCPF;22/07/2023;10;0,809;R
ES0000000000003960CCPF;22/07/2023;11;0,776;R
ES0000000000003960CCPF;22/07/2023;12;0,401;R
ES0000000000003960CCPF;22/07/2023;13;0,369;R
ES0000000000003960CCPF;22/07/2023;14;1,094;R
ES0000000000003960CCPF;22/07/2023;15;0,768;R
ES0000000000003960CCPF;22/07/2023;16;0,464;R
ES0000000000003960CCPF;22/07/2023;17;0,503;R
ES0000000000003960CCPF;22/07/2023;18;0,387;R
ES0000000000003960CCPF;22/07/2023;19;0,646;R
ES0000000000003960CCPF;22/07/2023;20;0,721;R
ES0000000000003960CCPF;22/07/2023;21;0,902;R
ES0000000000003960CCPF;22/07/2023;22;0,325;R
ES0000000000003960CCPF;22/07/2023;23;0,348;R
ES0000000000003960CCPF;23/07/2023;0;0,507;R
ES0000000000003960CCPF;23/07/2023;1;0,525;R
ES0000000000003960CCPF;23/07/2023;2;0,341;R
ES0000000000003960CCPF;23/07/2023;3;0,373;R
ES0000000000003960CCPF;23/07/2023;4;0,348;R
ES0000000000003960CCPF;23/07/2023;5;0,346;R
ES0000000000003960CCPF;23/07/2023;6;0,694;R
ES0000000000003960CCPF;23/07/2023;7;0,343;R
ES0000000000003960CCPF;23/07/2023;8;0,369;R
ES0000000000003960CCPF;23/07/2023;9;0,469;R
ES0000000000003960CCPF;23/07/2023;10;0,406;R
ES0000000000003960CCPF;23/07/2023;11;0,608;R
ES0000000000003960CCPF;23/07/2023;12;0,401;R
ES0000000000003960CCPF;23/07/2023;13;0,58;R
ES0000000000003960CCPF;23/07/2023;14;0,477;R
ES0000000000003960CCPF;23/07/2023;15;0,447;R
ES0000000000003960CCPF;23/07/2023;16;0,868;R
ES0000000000003960CCPF;23/07/2023;17;0,762;R
ES0000000000003960CCPF;23/07/2023;18;0,523;R
ES0000000000003960CCPF;23/07/2023;19;0,506;R
ES0000000000003960CCPF;23/07/2023;20;0,407;R
ES0000000000003960CCPF;23/07/2023;21;0,414;R
ES0000000000003960CCPF;23/07/2023;22;0,568;R
ES0000000000003960CCPF;23/07/2023;23;0,582;R
ES0000000000003960CCPF;24/07/2023;0;0,804;R
ES0000000000003960CCPF;24/07/2023;1;0,463;R
ES0000000000003960CCPF;24/07/2023;2;0,9;R
ES0000000000003960CCPF;24/07/2023;3;0,374;R
ES0000000000003960CCPF;24/07/2023;4;0,373;R
ES0000000000003960CCPF;24/07/2023;5;0,338;R
ES0000000000003960CCPF;24/07/2023;6;0,385;R
ES0000000000003960CCPF;24/07/2023;7;0,389;R
ES0000000000003960CCPF;24/07/2023;8;0,469;R
ES0000000000003960CCPF;24/07/2023;9;0,499;R
ES0000000000003960CCPF;24/07/2023;10;0,419;R
ES0000000000003960CCPF;24/07/2023;11;0,519;R
ES0000000000003960CCPF;24/07/2023;12;0,441;R
ES0000000000003960CCPF;24/07/2023;13;0,91;R
ES0000000000003960CCPF;24/07/2023;14;0,952;R
ES0000000000003960CCPF;24/07/2023;15;0,724;R
ES0000000000003960CCPF;24/07/2023;16;0,44;R
ES0000000000003960CCPF;24/07/2023;17;0,381;R
ES0000000000003960CCPF;24/07/2023;18;0,427;R
ES0000000000003960CCPF;24/07/2023;19;0,417;R
ES0000000000003960CCPF;24/07/2023;20;0,371;R
ES0000000000003960CCPF;24/07/2023;21;0,307;R
ES0000000000003960CCPF;24/07/2023;22;0,408;R
ES0000000000003960CCPF;24/07/2023;23;0,432;R
ES0000000000003960CCPF;25/07/2023;0;0,426;R
ES0000000000003960CCPF;25/07/2023;1;0,412;R
ES0000000000003960CCPF;25/07/2023;2;0,384;R
ES0000000000003960CCPF;25/07/2023;3;0,619;R
ES0000000000003960CCPF;25/07/2023;4;0,875;R
ES0000000000003960CCPF;25/07/2023;5;0,333;R
ES0000000000003960CCPF;25/07/2023;6;0,373;R
ES0000000000003960CCPF;25/07/2023;7;0,381;R
ES0000000000003960CCPF;25/07/2023;8;0,335;R
ES0000000000003960CCPF;25/07/2023;9;0,533;R
ES0000000000003960CCPF;25/07/2023;10;0,353;R
ES0000000000003960CCPF;25/07/2023;11;0,422;R
ES0000000000003960CCPF;25/07/2023;12;0,357;R
ES0000000000003960CCPF;25/07/2023;13;0,438;R
ES0000000000003960CCPF;25/07/2023;14;0,57;R
ES0000000000003960CCPF;25/07/2023;15;0,735;R
ES0000000000003960CCPF;25/07/2023;16;0,441;R
ES0000000000003960CCPF;25/07/2023;17;0,355;R
ES0000000000003960CCPF;25/07/2023;18;0,427;R
ES0000000000003960CCPF;25/07/2023;19;0,466;R
ES0000000000003960CCPF;25/07/2023;20;0,384;R
ES0000000000003960CCPF;25/07/2023;21;0,401;R
ES0000000000003960CCPF;25/07/2023;22;0,388;R
ES0000000000003960CCPF;25/07/2023;23;0,438;R
ES0000000000003960CCPF;26/07/2023;0;0,407;R
ES0000000000003960CCPF;26/07/2023;1;0,373;R
ES0000000000003960CCPF;26/07/2023;2;0,369;R
ES0000000000003960CCPF;26/07/2023;3;0,374;R
ES0000000000003960CCPF;26/07/2023;4;0,573;R
ES0000000000003960CCPF;26/07/2023;5;0,398;R
ES0000000000003960CCPF;26/07/2023;6;0,798;R
ES0000000000003960CCPF;26/07/2023;7;0,331;R
ES0000000000003960CCPF;26/07/2023;8;0,345;R
ES0000000000003960CCPF;26/07/2023;9;0,452;R
ES0000000000003960CCPF;26/07/2023;10;0,526;R
ES0000000000003960CCPF;26/07/2023;11;0,398;R
ES0000000000003960CCPF;26/07/2023;12;0,385;R
ES0000000000003960CCPF;26/07/2023;13;0,362;R
ES0000000000003960CCPF;26/07/2023;14;0,409;R
ES0000000000003960CCPF;26/07/2023;15;0,603;R
ES0000000000003960CCPF;26/07/2023;16;0,365;R
ES0000000000003960CCPF;26/07/2023;17;0,427;R
ES0000000000003960CCPF;26/07/2023;18;0,363;R
ES0000000000003960CCPF;26/07/2023;19;0,433;R
ES0000000000003960CCPF;26/07/2023;20;0,401;R
ES0000000000003960CCPF;26/07/2023;21;0,367;R
ES0000000000003960CCPF;26/07/2023;22;0,949;R
ES0000000000003960CCPF;26/07/2023;23;0,421;R
ES0000000000003960CCPF;27/07/2023;0;0,54;R
ES0000000000003960CCPF;27/07/2023;1;0,496;R
ES0000000000003960CCPF;27/07/2023;2;0,397;R
ES0000000000003960CCPF;27/07/2023;3;0,612;R
ES0000000000003960CCPF;27/07/2023;4;0,435;R
ES0000000000003960CCPF;27/07/2023;5;0,817;R
ES0000000000003960CCPF;27/07/2023;6;0,333;R
ES0000000000003960CCPF;27/07/2023;7;0,388;R
ES0000000000003960CCPF;27/07/2023;8;0,358;R
ES0000000000003960CCPF;27/07/2023;9;0,551;R
ES0000000000003960CCPF;27/07/2023;10;0,548;R
ES0000000000003960CCPF;27/07/2023;11;0,415;R
ES0000000000003960CCPF;27/07/2023;12;0,449;R
ES0000000000003960CCPF;27/07/2023;13;0,332;R
ES0000000000003960CCPF;27/07/2023;14;0,418;R
ES0000000000003960CCPF;27/07/2023;15;0,391;R
ES0000000000003960CCPF;27/07/2023;16;0,572;R
ES0000000000003960CCPF;27/07/2023;17;0,576;R
ES0000000000003960CCPF;27/07/2023;18;0,37;R
ES0000000000003960CCPF;27/07/2023;19;0,41;R
ES0000000000003960CCPF;27/07/2023;20;0,32;R
ES0000000000003960CCPF;27/07/2023;21;0,357;R
ES0000000000003960CCPF;27/07/2023;22;0,433;R
ES0000000000003960CCPF;27/07/2023;23;0,431;R
ES0000000000003960CCPF;28/07/2023;0;0,442;R
ES0000000000003960CCPF;28/07/2023;1;0,406;R
ES0000000000003960CCPF;28/07/2023;2;0,357;R
ES0000000000003960CCPF;28/07/2023;3;0,389;R
ES0000000000003960CCPF;28/07/2023;4;0,389;R
ES0000000000003960CCPF;28/07/2023;5;0,347;R
ES0000000000003960CCPF;28/07/2023;6;0,389;R
ES0000000000003960CCPF;28/07/2023;7;0,377;R
ES0000000000003960CCPF;28/07/2023;8;0,359;R
ES0000000000003960CCPF;28/07/2023;9;0,405;R
ES0000000000003960CCPF;28/07/2023;10;0,34;R
ES0000000000003960CCPF;28/07/2023;11;0,376;R
ES0000000000003960CCPF;28/07/2023;12;0,335;R
ES0000000000003960CCPF;28/07/2023;13;0,317;R
ES0000000000003960CCPF;28/07/2023;14;0,326;R
ES0000000000003960CCPF;28/07/2023;15;0,494;R
ES0000000000003960CCPF;28/07/2023;16;0,419;R
ES0000000000003960CCPF;28/07/2023;17;0,352;R
ES0000000000003960CCPF;28/07/2023;18;0,396;R
ES0000000000003960CCPF;28/07/2023;19;0,399;R
ES0000000000003960CCPF;28/07/2023;20;0,387;R
ES0000000000003960CCPF;28/07/2023;21;0,426;R
ES0000000000003960CCPF;28/07/2023;22;0,419;R
ES0000000000003960CCPF;28/07/2023;23;0,435;R
ES0000000000003960CCPF;29/07/2023;0;0,421;R
ES0000000000003960CCPF;29/07/2023;1;0,37;R
ES0000000000003960CCPF;29/07/2023;2;0,373;R
ES0000000000003960CCPF;29/07/2023;3;0,337;R
ES0000000000003960CCPF;29/07/2023;4;0,357;R
ES0000000000003960CCPF;29/07/2023;5;0,365;R
ES0000000000003960CCPF;29/07/2023;6;0,346;R
ES0000000000003960CCPF;29/07/2023;7;0,356;R
ES0000000000003960CCPF;29/07/2023;8;0,337;R
ES0000000000003960CCPF;29/07/2023;9;0,35;R
ES0000000000003960CCPF;29/07/2023;10;0,52;R
ES0000000000003960CCPF;29/07/2023;11;0,428;R
ES0000000000003960CCPF;29/07/2023;12;0,656;R
ES0000000000003960CCPF;29/07/2023;13;0,862;R
ES0000000000003960CCPF;29/07/2023;14;0,491;R
ES0000000000003960CCPF;29/07/2023;15;0,539;R
ES0000000000003960CCPF;29/07/2023;16;0,414;R
ES0000000000003960CCPF;29/07/2023;17;0,381;R
ES0000000000003960CCPF;29/07/2023;18;0,334;R
ES0000000000003960CCPF;29/07/2023;19;0,419;R
ES0000000000003960CCPF;29/07/2023;20;0,411;R
ES0000000000003960CCPF;29/07/2023;21;0,787;R
ES0000000000003960CCPF;29/07/2023;22;0,514;R
ES0000000000003960CCPF;29/07/2023;23;0,394;R
ES0000000000003960CCPF;30/07/2023;0;0,442;R
ES0000000000003960CCPF;30/07/2023;1;0,387;R
ES0000000000003960CCPF;30/07/2023;2;0,319;R
ES0000000000003960CCPF;30/07/2023;3;0,39;R
ES0000000000003960CCPF;30/07/2023;4;0,356;R
ES0000000000003960CCPF;30/07/2023;5;0,338;R
ES0000000000003960CCPF;30/07/2023;6;0,368;R
ES0000000000003960CCPF;30/07/2023;7;0,351;R
ES0000000000003960CCPF;30/07/2023;8;0,342;R
ES0000000000003960CCPF;30/07/2023;9;0,358;R
ES0000000000003960CCPF;30/07/2023;10;0,394;R
ES0000000000003960CCPF;30/07/2023;11;0,432;R
ES0000000000003960CCPF;30/07/2023;12;0,889;R
ES0000000000003960CCPF;30/07/2023;13;0,353;R
ES0000000000003960CCPF;30/07/2023;14;0,344;R
ES0000000000003960CCPF;30/07/2023;15;0,316;R
ES0000000000003960CCPF;30/07/2023;16;0,376;R
ES0000000000003960CCPF;30/07/2023;17;0,301;R
ES0000000000003960CCPF;30/07/2023;18;0,345;R
ES0000000000003960CCPF;30/07/2023;19;0,736;R
ES0000000000003960CCPF;30/07/2023;20;0,36;R
ES0000000000003960CCPF;30/07/2023;21;0,42;R
ES0000000000003960CCPF;30/07/2023;22;0,44;R
ES0000000000003960CCPF;30/07/2023;23;0,498;R
ES0000000000003960CCPF;31/07/2023;0;0,465;R
ES0000000000003960CCPF;31/07/2023;1;0,492;R
ES0000000000003960CCPF;31/07/2023;2;0,35;R
ES0000000000003960CCPF;31/07/2023;3;0,376;R
ES0000000000003960CCPF;31/07/2023;4;0,604;R
ES0000000000003960CCPF;31/07/2023;5;0,78;R
ES0000000000003960CCPF;31/07/2023;6;0,386;R
ES0000000000003960CCPF;31/07/2023;7;0,319;R
ES0000000000003960CCPF;31/07/2023;8;0,311;R
ES0000000000003960CCPF;31/07/2023;9;0,456;R
ES0000000000003960CCPF;31/07/2023;10;0,596;R
ES0000000000003960CCPF;31/07/2023;11;0,595;R
ES0000000000003960CCPF;31/07/2023;12;0,861;R
ES0000000000003960CCPF;31/07/2023;13;0,6;R
ES0000000000003960CCPF;31/07/2023;14;0,507;R
ES0000000000003960CCPF;31/07/2023;15;0,625;R
ES0000000000003960CCPF;31/07/2023;16;0,474;R
ES0000000000003960CCPF;31/07/2023;17;0,498;R
ES0000000000003960CCPF;31/07/2023;18;0,457;R
ES0000000000003960CCPF;31/07/2023;19;0,516;R
ES0000000000003960CCPF;31/07/2023;20;0,496;R
ES0000000000003960CCPF;31/07/2023;21;0,788;R
ES0000000000003960CCPF;31/07/2023;22;0,452;R
ES0000000000003960CCPF;31/07/2023;23;0,538;R
ES0000000000003960CCPF;01/08/2023;0;0,519;R
ES0000000000003960CCPF;01/08/2023;1;0,45;R
ES0000000000003960CCPF;01/08/2023;2;0,37;R
ES0000000000003960CCPF;01/08/2023;3;0,377;R
ES0000000000003960CCPF;01/08/2023;4;0,438;R
ES0000000000003960CCPF;01/08/2023;5;0,382;R
ES0000000000003960CCPF;01/08/2023;6;0,448;R
ES0000000000003960CCPF;01/08/2023;7;0,395;R
ES0000000000003960CCPF;01/08/2023;8;0,393;R
ES0000000000003960CCPF;01/08/2023;9;0,566;R
ES0000000000003960CCPF;01/08/2023;10;0,429;R
ES0000000000003960CCPF;01/08/2023;11;0,54;R
ES0000000000003960CCPF;01/08/2023;12;0,451;R
ES0000000000003960CCPF;01/08/2023;13;0,417;R
ES0000000000003960CCPF;01/08/2023;14;0,432;R
ES0000000000003960CCPF;01/08/2023;15;0,761;R
ES0000000000003960CCPF;01/08/2023;16;0,669;R
ES0000000000003960CCPF;01/08/2023;17;0,658;R
ES0000000000003960CCPF;01/08/2023;18;0,592;R
ES0000000000003960CCPF;01/08/2023;19;0,345;R
ES0000000000003960CCPF;01/08/2023;20;0,451;R
ES0000000000003960CCPF;01/08/2023;21;0,389;R
ES0000000000003960CCPF;01/08/2023;22;0,422;R
ES0000000000003960CCPF;01/08/2023;23;0,515;R
ES0000000000003960CCPF;02/08/2023;0;0,569;R
ES0000000000003960CCPF;02/08/2023;1;0,423;R
ES0000000000003960CCPF;02/08/2023;2;0,459;R
ES0000000000003960CCPF;02/08/2023;3;0,626;R
ES0000000000003960CCPF;02/08/2023;4;0,481;R
ES0000000000003960CCPF;02/08/2023;5;0,892;R
ES0000000000003960CCPF;02/08/2023;6;0,429;R
ES0000000000003960CCPF;02/08/2023;7;0,377;R
ES0000000000003960CCPF;02/08/2023;8;0,428;R
ES0000000000003960CCPF;02/08/2023;9;0,458;R
ES0000000000003960CCPF;02/08/2023;10;0,409;R
ES0000000000003960CCPF;02/08/2023;11;0,421;R
ES0000000000003960CCPF;02/08/2023;12;0,454;R
ES0000000000003960CCPF;02/08/2023;13;0,412;R
ES0000000000003960CCPF;02/08/2023;14;0,445;R
ES0000000000003960CCPF;02/08/2023;15;0,47;R
ES0000000000003960CCPF;02/08/2023;16;0,376;R
ES0000000000003960CCPF;02/08/2023;17;0,425;R
ES0000000000003960CCPF;02/08/2023;18;0,512;R
ES0000000000003960CCPF;02/08/2023;19;0,697;R
ES0000000000003960CCPF;02/08/2023;20;0,511;R
ES0000000000003960CCPF;02/08/2023;21;0,455;R
ES0000000000003960CCPF;02/08/2023;22;0,458;R
ES0000000000003960CCPF;02/08/2023;23;0,413;R
ES0000000000003960CCPF;03/08/2023;0;0,471;R
ES0000000000003960CCPF;03/08/2023;1;0,443;R
ES0000000000003960CCPF;03/08/2023;2;0,527;R
ES0000000000003960CCPF;03/08/2023;3;0,492;R
ES0000000000003960CCPF;03/08/2023;4;0,805;R
ES0000000000003960CCPF;03/08/2023;5;0,445;R
ES0000000000003960CCPF;03/08/2023;6;0,368;R
ES0000000000003960CCPF;03/08/2023;7;0,389;R
ES0000000000003960CCPF;03/08/2023;8;0,347;R
ES0000000000003960CCPF;03/08/2023;9;0,563;R
ES0000000000003960CCPF;03/08/2023;10;0,41;R
ES0000000000003960CCPF;03/08/2023;11;0,344;R
ES0000000000003960CCPF;03/08/2023;12;0,447;R
ES0000000000003960CCPF;03/08/2023;13;0,343;R
ES0000000000003960CCPF;03/08/2023;14;1,512;R
ES0000000000003960CCPF;03/08/2023;15;0,899;R
ES0000000000003960CCPF;03/08/2023;16;1,119;R
ES0000000000003960CCPF;03/08/2023;17;0,439;R
ES0000000000003960CCPF;03/08/2023;18;0,643;R
ES0000000000003960CCPF;03/08/2023;19;0,487;R
ES0000000000003960CCPF;03/08/2023;20;0,407;R
ES0000000000003960CCPF;03/08/2023;21;0,461;R
ES0000000000003960CCPF;03/08/2023;22;0,47;R
ES0000000000003960CCPF;03/08/2023;23;0,492;R
ES0000000000003960CCPF;04/08/2023;0;0,591;R
ES0000000000003960CCPF;04/08/2023;1;0,49;R
ES0000000000003960CCPF;04/08/2023;2;0,364;R
ES0000000000003960CCPF;04/08/2023;3;0,389;R
ES0000000000003960CCPF;04/08/2023;4;0,358;R
ES0000000000003960CCPF;04/08/2023;5;0,323;R
ES0000000000003960CCPF;04/08/2023;6;0,636;R
ES0000000000003960CCPF;04/08/2023;7;0,349;R
ES0000000000003960CCPF;04/08/2023;8;0,921;R
ES0000000000003960CCPF;04/08/2023;9;0,391;R
ES0000000000003960CCPF;04/08/2023;10;0,312;R
ES0000000000003960CCPF;04/08/2023;11;0,279;R
ES0000000000003960CCPF;04/08/2023;12;0,385;R
ES0000000000003960CCPF;04/08/2023;13;0,299;R
ES0000000000003960CCPF;04/08/2023;14;0,62;R
ES0000000000003960CCPF;04/08/2023;15;1,227;R
ES0000000000003960CCPF;04/08/2023;16;0,345;R
ES0000000000003960CCPF;04/08/2023;17;0,278;R
ES0000000000003960CCPF;04/08/2023;18;0,279;R
ES0000000000003960CCPF;04/08/2023;19;0,294;R
ES0000000000003960CCPF;04/08/2023;20;0,284;R
ES0000000000003960CCPF;04/08/2023;21;0,291;R
ES0000000000003960CCPF;04/08/2023;22;0,261;R
ES0000000000003960CCPF;04/08/2023;23;0,319;R
ES0000000000003960CCPF;05/08/2023;0;0,269;R
ES0000000000003960CCPF;05/08/2023;1;0,274;R
ES0000000000003960CCPF;05/08/2023;2;0,314;R
ES0000000000003960CCPF;05/08/2023;3;0,262;R
ES0000000000003960CCPF;05/08/2023;4;0,286;R
ES0000000000003960CCPF;05/08/2023;5;0,25;R
ES0000000000003960CCPF;05/08/2023;6;0,311;R
ES0000000000003960CCPF;05/08/2023;7;0,274;R
ES0000000000003960CCPF;05/08/2023;8;0,271;R
ES0000000000003960CCPF;05/08/2023;9;0,272;R
ES0000000000003960CCPF;05/08/2023;10;0,279;R
ES0000000000003960CCPF;05/08/2023;11;0,299;R
ES0000000000003960CCPF;05/08/2023;12;0,242;R
ES0000000000003960CCPF;05/08/2023;13;0,294;R
ES0000000000003960CCPF;05/08/2023;14;0,294;R
ES0000000000003960CCPF;05/08/2023;15;0,348;R
ES0000000000003960CCPF;05/08/2023;16;0,327;R
ES0000000000003960CCPF;05/08/2023;17;0,278;R
ES0000000000003960CCPF;05/08/2023;18;0,3;R
ES0000000000003960CCPF;05/08/2023;19;0,271;R
ES0000000000003960CCPF;05/08/2023;20;0,296;R
ES0000000000003960CCPF;05/08/2023;21;0,296;R
ES0000000000003960CCPF;05/08/2023;22;0,266;R
ES0000000000003960CCPF;05/08/2023;23;0,311;R
ES0000000000003960CCPF;06/08/2023;0;0,29;R
ES0000000000003960CCPF;06/08/2023;1;0,268;R
ES0000000000003960CCPF;06/08/2023;2;0,313;R
ES0000000000003960CCPF;06/08/2023;3;0,273;R
ES0000000000003960CCPF;06/08/2023;4;0,293;R
ES0000000000003960CCPF;06/08/2023;5;0,307;R
ES0000000000003960CCPF;06/08/2023;6;0,254;R
ES0000000000003960CCPF;06/08/2023;7;0,308;R
ES0000000000003960CCPF;06/08/2023;8;0,298;R
ES0000000000003960CCPF;06/08/2023;9;0,252;R
ES0000000000003960CCPF;06/08/2023;10;0,303;R
ES0000000000003960CCPF;06/08/2023;11;0,286;R
ES0000000000003960CCPF;06/08/2023;12;0,273;R
ES0000000000003960CCPF;06/08/2023;13;0,306;R
ES0000000000003960CCPF;06/08/2023;14;0,27;R
ES0000000000003960CCPF;06/08/2023;15;0,332;R
ES0000000000003960CCPF;06/08/2023;16;0,425;R
ES0000000000003960CCPF;06/08/2023;17;0,295;R
ES0000000000003960CCPF;06/08/2023;18;0,525;R
ES0000000000003960CCPF;06/08/2023;19;0,852;R
ES0000000000003960CCPF;06/08/2023;20;0,566;R
ES0000000000003960CCPF;06/08/2023;21;0,827;R
ES0000000000003960CCPF;06/08/2023;22;0,745;R
ES0000000000003960CCPF;06/08/2023;23;0,453;R
ES0000000000003960CCPF;07/08/2023;0;0,797;R
ES0000000000003960CCPF;07/08/2023;1;0,427;R
ES0000000000003960CCPF;07/08/2023;2;0,935;R
ES0000000000003960CCPF;07/08/2023;3;0,336;R
ES0000000000003960CCPF;07/08/2023;4;0,388;R
ES0000000000003960CCPF;07/08/2023;5;0,332;R
ES0000000000003960CCPF;07/08/2023;6;0,413;R
ES0000000000003960CCPF;07/08/2023;7;0,34;R
ES0000000000003960CCPF;07/08/2023;8;0,34;R
ES0000000000003960CCPF;07/08/2023;9;0,411;R
ES0000000000003960CCPF;07/08/2023;10;0,386;R
ES0000000000003960CCPF;07/08/2023;11;0,489;R
ES0000000000003960CCPF;07/08/2023;12;0,458;R
ES0000000000003960CCPF;07/08/2023;13;0,35;R
ES0000000000003960CCPF;07/08/2023;14;0,828;R
ES0000000000003960CCPF;07/08/2023;15;0,408;R
ES0000000000003960CCPF;07/08/2023;16;0,368;R
ES0000000000003960CCPF;07/08/2023;17;0,398;R
ES0000000000003960CCPF;07/08/2023;18;0,339;R
ES0000000000003960CCPF;07/08/2023;19;0,379;R
ES0000000000003960CCPF;07/08/2023;20;0,292;R
ES0000000000003960CCPF;07/08/2023;21;0,335;R
ES0000000000003960CCPF;07/08/2023;22;0,267;R
ES0000000000003960CCPF;07/08/2023;23;0,544;R
ES0000000000003960CCPF;08/08/2023;0;0,375;R
ES0000000000003960CCPF;08/08/2023;1;0,389;R
ES0000000000003960CCPF;08/08/2023;2;0,516;R
ES0000000000003960CCPF;08/08/2023;3;0,443;R
ES0000000000003960CCPF;08/08/2023;4;0,843;R
ES0000000000003960CCPF;08/08/2023;5;0,349;R
ES0000000000003960CCPF;08/08/2023;6;0,353;R
ES0000000000003960CCPF;08/08/2023;7;0,3;R
ES0000000000003960CCPF;08/08/2023;8;0,415;R
ES0000000000003960CCPF;08/08/2023;9;0,36;R
ES0000000000003960CCPF;08/08/2023;10;0,385;R
ES0000000000003960CCPF;08/08/2023;11;0,406;R
ES0000000000003960CCPF;08/08/2023;12;0,327;R
ES0000000000003960CCPF;08/08/2023;13;0,323;R
ES0000000000003960CCPF;08/08/2023;14;0,339;R
ES0000000000003960CCPF;08/08/2023;15;0,651;R
ES0000000000003960CCPF;08/08/2023;16;0,371;R
ES0000000000003960CCPF;08/08/2023;17;0,539;R
ES0000000000003960CCPF;08/08/2023;18;0,604;R
ES0000000000003960CCPF;08/08/2023;19;0,504;R
ES0000000000003960CCPF;08/08/2023;20;0,442;R
ES0000000000003960CCPF;08/08/2023;21;0,447;R
ES0000000000003960CCPF;08/08/2023;22;0,512;R
ES0000000000003960CCPF;08/08/2023;23;0,475;R
ES0000000000003960CCPF;09/08/2023;0;0,431;R
ES0000000000003960CCPF;09/08/2023;1;0,355;R
ES0000000000003960CCPF;09/08/2023;2;0,384;R
ES0000000000003960CCPF;09/08/2023;3;0,594;R
ES0000000000003960CCPF;09/08/2023;4;0,366;R
ES0000000000003960CCPF;09/08/2023;5;0,849;R
ES0000000000003960CCPF;09/08/2023;6;0,331;R
ES0000000000003960CCPF;09/08/2023;7;0,359;R
ES0000000000003960CCPF;09/08/2023;8;0,394;R
ES0000000000003960CCPF;09/08/2023;9;0,311;R
ES0000000000003960CCPF;09/08/2023;10;0,482;R
ES0000000000003960CCPF;09/08/2023;11;0,292;R
ES0000000000003960CCPF;09/08/2023;12;0,431;R
ES0000000000003960CCPF;09/08/2023;13;0,385;R
ES0000000000003960CCPF;09/08/2023;14;0,425;R
ES0000000000003960CCPF;09/08/2023;15;0,452;R
ES0000000000003960CCPF;09/08/2023;16;0,463;R
ES0000000000003960CCPF;09/08/2023;17;0,384;R
ES0000000000003960CCPF;09/08/2023;18;0,472;R
ES0000000000003960CCPF;09/08/2023;19;0,765;R
ES0000000000003960CCPF;09/08/2023;20;0,5;R
ES0000000000003960CCPF;09/08/2023;21;0,432;R
ES0000000000003960CCPF;09/08/2023;22;0,366;R
ES0000000000003960CCPF;09/08/2023;23;0,384;R
ES0000000000003960CCPF;10/08/2023;0;0,55;R
ES0000000000003960CCPF;10/08/2023;1;0,403;R
ES0000000000003960CCPF;10/08/2023;2;0,377;R
ES0000000000003960CCPF;10/08/2023;3;0,403;R
ES0000000000003960CCPF;10/08/2023;4;0,625;R
ES0000000000003960CCPF;10/08/2023;5;0,804;R
ES0000000000003960CCPF;10/08/2023;6;0,433;R
ES0000000000003960CCPF;10/08/2023;7;0,323;R
ES0000000000003960CCPF;10/08/2023;8;0,414;R
ES0000000000003960CCPF;10/08/2023;9;0,288;R
ES0000000000003960CCPF;10/08/2023;10;0,354;R
ES0000000000003960CCPF;10/08/2023;11;0,343;R
ES0000000000003960CCPF;10/08/2023;12;0,362;R
ES0000000000003960CCPF;10/08/2023;13;0,397;R
ES0000000000003960CCPF;10/08/2023;14;0,315;R
ES0000000000003960CCPF;10/08/2023;15;0,419;R
ES0000000000003960CCPF;10/08/2023;16;0,353;R
ES0000000000003960CCPF;10/08/2023;17;0,331;R
ES0000000000003960CCPF;10/08/2023;18;0,471;R
ES0000000000003960CCPF;10/08/2023;19;0,427;R
ES0000000000003960CCPF;10/08/2023;20;0,454;R
ES0000000000003960CCPF;10/08/2023;21;0,416;R
ES0000000000003960CCPF;10/08/2023;22;0,423;R
ES0000000000003960CCPF;10/08/2023;23;0,464;R
ES0000000000003960CCPF;11/08/2023;0;0,492;R
ES0000000000003960CCPF;11/08/2023;1;0,469;R
ES0000000000003960CCPF;11/08/2023;2;0,388;R
ES0000000000003960CCPF;11/08/2023;3;0,325;R
ES0000000000003960CCPF;11/08/2023;4;0,402;R
ES0000000000003960CCPF;11/08/2023;5;0,337;R
ES0000000000003960CCPF;11/08/2023;6;0,372;R
ES0000000000003960CCPF;11/08/2023;7;0,358;R
ES0000000000003960CCPF;11/08/2023;8;0,338;R
ES0000000000003960CCPF;11/08/2023;9;0,334;R
ES0000000000003960CCPF;11/08/2023;10;0,338;R
ES0000000000003960CCPF;11/08/2023;11;0,392;R
ES0000000000003960CCPF;11/08/2023;12;0,348;R
ES0000000000003960CCPF;11/08/2023;13;0,41;R
ES0000000000003960CCPF;11/08/2023;14;0,4;R
ES0000000000003960CCPF;11/08/2023;15;0,479;R
ES0000000000003960CCPF;11/08/2023;16;0,708;R
ES0000000000003960CCPF;11/08/2023;17;0,616;R
ES0000000000003960CCPF;11/08/2023;18;0,347;R
ES0000000000003960CCPF;11/08/2023;19;0,334;R
ES0000000000003960CCPF;11/08/2023;20;0,312;R
ES0000000000003960CCPF;11/08/2023;21;0,306;R
ES0000000000003960CCPF;11/08/2023;22;0,315;R
ES0000000000003960CCPF;11/08/2023;23;0,325;R
ES0000000000003960CCPF;12/08/2023;0;0,286;R
ES0000000000003960CCPF;12/08/2023;1;0,352;R
ES0000000000003960CCPF;12/08/2023;2;0,266;R
ES0000000000003960CCPF;12/08/2023;3;0,34;R
ES0000000000003960CCPF;12/08/2023;4;0,302;R
ES0000000000003960CCPF;12/08/2023;5;0,293;R
ES0000000000003960CCPF;12/08/2023;6;0,327;R
ES0000000000003960CCPF;12/08/2023;7;0,296;R
ES0000000000003960CCPF;12/08/2023;8;0,31;R
ES0000000000003960CCPF;12/08/2023;9;0,306;R
ES0000000000003960CCPF;12/08/2023;10;0,311;R
ES0000000000003960CCPF;12/08/2023;11;0,286;R
ES0000000000003960CCPF;12/08/2023;12;0,331;R
ES0000000000003960CCPF;12/08/2023;13;0,276;R
ES0000000000003960CCPF;12/08/2023;14;0,318;R
ES0000000000003960CCPF;12/08/2023;15;0,317;R
ES0000000000003960CCPF;12/08/2023;16;0,276;R
ES0000000000003960CCPF;12/08/2023;17;0,342;R
ES0000000000003960CCPF;12/08/2023;18;0,287;R
ES0000000000003960CCPF;12/08/2023;19;0,315;R
ES0000000000003960CCPF;12/08/2023;20;0,318;R
ES0000000000003960CCPF;12/08/2023;21;0,302;R
ES0000000000003960CCPF;12/08/2023;22;0,334;R
ES0000000000003960CCPF;12/08/2023;23;0,342;R
ES0000000000003960CCPF;13/08/2023;0;0,305;R
ES0000000000003960CCPF;13/08/2023;1;0,371;R
ES0000000000003960CCPF;13/08/2023;2;0,341;R
ES0000000000003960CCPF;13/08/2023;3;0,311;R
ES0000000000003960CCPF;13/08/2023;4;0,314;R
ES0000000000003960CCPF;13/08/2023;5;0,325;R
ES0000000000003960CCPF;13/08/2023;6;0,283;R
ES0000000000003960CCPF;13/08/2023;7;0,325;R
ES0000000000003960CCPF;13/08/2023;8;0,294;R
ES0000000000003960CCPF;13/08/2023;9;0,293;R
ES0000000000003960CCPF;13/08/2023;10;0,339;R
ES0000000000003960CCPF;13/08/2023;11;0,263;R
ES0000000000003960CCPF;13/08/2023;12;0,333;R
ES0000000000003960CCPF;13/08/2023;13;0,3;R
ES0000000000003960CCPF;13/08/2023;14;0,288;R
ES0000000000003960CCPF;13/08/2023;15;0,32;R
ES0000000000003960CCPF;13/08/2023;16;0,304;R
ES0000000000003960CCPF;13/08/2023;17;0,295;R
ES0000000000003960CCPF;13/08/2023;18;0,329;R
ES0000000000003960CCPF;13/08/2023;19;0,295;R
ES0000000000003960CCPF;13/08/2023;20;0,315;R
ES0000000000003960CCPF;13/08/2023;21;0,322;R
ES0000000000003960CCPF;13/08/2023;22;2,653;R
ES0000000000003960CCPF;13/08/2023;23;2,97;R
ES0000000000003960CCPF;14/08/2023;0;2,593;R
ES0000000000003960CCPF;14/08/2023;1;2,607;R
ES0000000000003960CCPF;14/08/2023;2;2,484;R
ES0000000000003960CCPF;14/08/2023;3;0,514;R
ES0000000000003960CCPF;14/08/2023;4;0,447;R
ES0000000000003960CCPF;14/08/2023;5;0,42;R
ES0000000000003960CCPF;14/08/2023;6;0,435;R
ES0000000000003960CCPF;14/08/2023;7;0,369;R
ES0000000000003960CCPF;14/08/2023;8;0,372;R
ES0000000000003960CCPF;14/08/2023;9;0,376;R
ES0000000000003960CCPF;14/08/2023;10;0,297;R
ES0000000000003960CCPF;14/08/2023;11;0,333;R
ES0000000000003960CCPF;14/08/2023;12;0,391;R
ES0000000000003960CCPF;14/08/2023;13;0,619;R
ES0000000000003960CCPF;14/08/2023;14;0,536;R
ES0000000000003960CCPF;14/08/2023;15;0,551;R
ES0000000000003960CCPF;14/08/2023;16;0,284;R
ES0000000000003960CCPF;14/08/2023;17;0,345;R
ES0000000000003960CCPF;14/08/2023;18;0,275;R
ES0000000000003960CCPF;14/08/2023;19;0,345;R
ES0000000000003960CCPF;14/08/2023;20;0,288;R
ES0000000000003960CCPF;14/08/2023;21;0,443;R
ES0000000000003960CCPF;14/08/2023;22;0,8;R
ES0000000000003960CCPF;14/08/2023;23;0,856;R
ES0000000000003960CCPF;15/08/2023;0;0,894;R
ES0000000000003960CCPF;15/08/2023;1;0,492;R
ES0000000000003960CCPF;15/08/2023;2;0,347;R
ES0000000000003960CCPF;15/08/2023;3;0,353;R
ES0000000000003960CCPF;15/08/2023;4;0,36;R
ES0000000000003960CCPF;15/08/2023;5;0,222;R
ES0000000000003960CCPF;15/08/2023;6;0,027;R
ES0000000000003960CCPF;15/08/2023;7;0,397;R
ES0000000000003960CCPF;15/08/2023;8;0,326;R
ES0000000000003960CCPF;15/08/2023;9;0,366;R
ES0000000000003960CCPF;15/08/2023;10;0,333;R
ES0000000000003960CCPF;15/08/2023;11;0,465;R
ES0000000000003960CCPF;15/08/2023;12;0,878;R
ES0000000000003960CCPF;15/08/2023;13;0,353;R
ES0000000000003960CCPF;15/08/2023;14;0,417;R
ES0000000000003960CCPF;15/08/2023;15;0,39;R
ES0000000000003960CCPF;15/08/2023;16;0,429;R
ES0000000000003960CCPF;15/08/2023;17;0,428;R
ES0000000000003960CCPF;15/08/2023;18;1,998;R
ES0000000000003960CCPF;15/08/2023;19;3,35;R
ES0000000000003960CCPF;15/08/2023;20;2,65;R
ES0000000000003960CCPF;15/08/2023;21;0,406;R
ES0000000000003960CCPF;15/08/2023;22;0,435;R
ES0000000000003960CCPF;15/08/2023;23;0,374;R
ES0000000000003960CCPF;16/08/2023;0;0,429;R
ES0000000000003960CCPF;16/08/2023;1;0,453;R
ES0000000000003960CCPF;16/08/2023;2;0,454;R
ES0000000000003960CCPF;16/08/2023;3;0,479;R
ES0000000000003960CCPF;16/08/2023;4;0,433;R
ES0000000000003960CCPF;16/08/2023;5;0,332;R
ES0000000000003960CCPF;16/08/2023;6;0,352;R
ES0000000000003960CCPF;16/08/2023;7;0,299;R
ES0000000000003960CCPF;16/08/2023;8;0,337;R
ES0000000000003960CCPF;16/08/2023;9;0,264;R
ES0000000000003960CCPF;16/08/2023;10;0,286;R
ES0000000000003960CCPF;16/08/2023;11;0,293;R
ES0000000000003960CCPF;16/08/2023;12;0,257;R
ES0000000000003960CCPF;16/08/2023;13;0,303;R
ES0000000000003960CCPF;16/08/2023;14;0,283;R
ES0000000000003960CCPF;16/08/2023;15;0,27;R
ES0000000000003960CCPF;16/08/2023;16;0,303;R
ES0000000000003960CCPF;16/08/2023;17;2,627;R
ES0000000000003960CCPF;16/08/2023;18;3,168;R
ES0000000000003960CCPF;16/08/2023;19;2,762;R
ES0000000000003960CCPF;16/08/2023;20;2,867;R
ES0000000000003960CCPF;16/08/2023;21;1,077;R
ES0000000000003960CCPF;16/08/2023;22;0,282;R
ES0000000000003960CCPF;16/08/2023;23;0,294;R
ES0000000000003960CCPF;17/08/2023;0;0,308;R
ES0000000000003960CCPF;17/08/2023;1;0,335;R
ES0000000000003960CCPF;17/08/2023;2;0,412;R
ES0000000000003960CCPF;17/08/2023;3;0,383;R
ES0000000000003960CCPF;17/08/2023;4;0,77;R
ES0000000000003960CCPF;17/08/2023;5;0,895;R
ES0000000000003960CCPF;17/08/2023;6;0,376;R
ES0000000000003960CCPF;17/08/2023;7;0,375;R
ES0000000000003960CCPF;17/08/2023;8;0,258;R
ES0000000000003960CCPF;17/08/2023;9;0,305;R
ES0000000000003960CCPF;17/08/2023;10;0,275;R
ES0000000000003960CCPF;17/08/2023;11;0,28;R
ES0000000000003960CCPF;17/08/2023;12;0,303;R
ES0000000000003960CCPF;17/08/2023;13;0,257;R
ES0000000000003960CCPF;17/08/2023;14;0,301;R
ES0000000000003960CCPF;17/08/2023;15;0,358;R
ES0000000000003960CCPF;17/08/2023;16;1,297;R
ES0000000000003960CCPF;17/08/2023;17;3,381;R
ES0000000000003960CCPF;17/08/2023;18;2,627;R
ES0000000000003960CCPF;17/08/2023;19;2,588;R
ES0000000000003960CCPF;17/08/2023;20;2,547;R
ES0000000000003960CCPF;17/08/2023;21;2,501;R
ES0000000000003960CCPF;17/08/2023;22;2,661;R
ES0000000000003960CCPF;17/08/2023;23;2,457;R
ES0000000000003960CCPF;18/08/2023;0;1,598;R
ES0000000000003960CCPF;18/08/2023;1;0,371;R
ES0000000000003960CCPF;18/08/2023;2;0,402;R
ES0000000000003960CCPF;18/08/2023;3;0,436;R
ES0000000000003960CCPF;18/08/2023;4;0,391;R
ES0000000000003960CCPF;18/08/2023;5;0,375;R
ES0000000000003960CCPF;18/08/2023;6;0,31;R
ES0000000000003960CCPF;18/08/2023;7;0,348;R
ES0000000000003960CCPF;18/08/2023;8;0,311;R
ES0000000000003960CCPF;18/08/2023;9;0,272;R
ES0000000000003960CCPF;18/08/2023;10;0,31;R
ES0000000000003960CCPF;18/08/2023;11;0,279;R
ES0000000000003960CCPF;18/08/2023;12;0,287;R
ES0000000000003960CCPF;18/08/2023;13;0,361;R
ES0000000000003960CCPF;18/08/2023;14;0,446;R
ES0000000000003960CCPF;18/08/2023;15;0,73;R
ES0000000000003960CCPF;18/08/2023;16;0,968;R
ES0000000000003960CCPF;18/08/2023;17;0,681;R
ES0000000000003960CCPF;18/08/2023;18;0,306;R
ES0000000000003960CCPF;18/08/2023;19;0,307;R
ES0000000000003960CCPF;18/08/2023;20;0,303;R
ES0000000000003960CCPF;18/08/2023;21;0,291;R
ES0000000000003960CCPF;18/08/2023;22;0,274;R
ES0000000000003960CCPF;18/08/2023;23;0,31;R
ES0000000000003960CCPF;19/08/2023;0;0,273;R
ES0000000000003960CCPF;19/08/2023;1;0,287;R
ES0000000000003960CCPF;19/08/2023;2;0,306;R
ES0000000000003960CCPF;19/08/2023;3;0,26;R
ES0000000000003960CCPF;19/08/2023;4;0,296;R
ES0000000000003960CCPF;19/08/2023;5;0,296;R
ES0000000000003960CCPF;19/08/2023;6;0,262;R
ES0000000000003960CCPF;19/08/2023;7;0,305;R
ES0000000000003960CCPF;19/08/2023;8;0,285;R
ES0000000000003960CCPF;19/08/2023;9;0,266;R
ES0000000000003960CCPF;19/08/2023;10;0,296;R
ES0000000000003960CCPF;19/08/2023;11;0,278;R
ES0000000000003960CCPF;19/08/2023;12;0,271;R
ES0000000000003960CCPF;19/08/2023;13;0,299;R
ES0000000000003960CCPF;19/08/2023;14;0,274;R
ES0000000000003960CCPF;19/08/2023;15;0,277;R
ES0000000000003960CCPF;19/08/2023;16;0,301;R
ES0000000000003960CCPF;19/08/2023;17;0,273;R
ES0000000000003960CCPF;19/08/2023;18;0,284;R
ES0000000000003960CCPF;19/08/2023;19;0,305;R
ES0000000000003960CCPF;19/08/2023;20;0,272;R
ES0000000000003960CCPF;19/08/2023;21;0,36;R
ES0000000000003960CCPF;19/08/2023;22;2,073;R
ES0000000000003960CCPF;19/08/2023;23;3,07;R
ES0000000000003960CCPF;20/08/2023;0;1,718;R
ES0000000000003960CCPF;20/08/2023;1;0,395;R
ES0000000000003960CCPF;20/08/2023;2;0,389;R
ES0000000000003960CCPF;20/08/2023;3;0,441;R
ES0000000000003960CCPF;20/08/2023;4;0,406;R
ES0000000000003960CCPF;20/08/2023;5;0,379;R
ES0000000000003960CCPF;20/08/2023;6;0,4;R
ES0000000000003960CCPF;20/08/2023;7;0,37;R
ES0000000000003960CCPF;20/08/2023;8;0,381;R
ES0000000000003960CCPF;20/08/2023;9;0,396;R
ES0000000000003960CCPF;20/08/2023;10;0,357;R
ES0000000000003960CCPF;20/08/2023;11;0,784;R
ES0000000000003960CCPF;20/08/2023;12;0,784;R
ES0000000000003960CCPF;20/08/2023;13;0,385;R
ES0000000000003960CCPF;20/08/2023;14;0,4;R
ES0000000000003960CCPF;20/08/2023;15;0,271;R
ES0000000000003960CCPF;20/08/2023;16;0,311;R
ES0000000000003960CCPF;20/08/2023;17;0,289;R
ES0000000000003960CCPF;20/08/2023;18;0,286;R
ES0000000000003960CCPF;20/08/2023;19;0,314;R
ES0000000000003960CCPF;20/08/2023;20;0,269;R
ES0000000000003960CCPF;20/08/2023;21;0,308;R
ES0000000000003960CCPF;20/08/2023;22;0,292;R
ES0000000000003960CCPF;20/08/2023;23;0,276;R
ES0000000000003960CCPF;21/08/2023;0;0,312;R
ES0000000000003960CCPF;21/08/2023;1;0,35;R
ES0000000000003960CCPF;21/08/2023;2;0,42;R
ES0000000000003960CCPF;21/08/2023;3;0,348;R
ES0000000000003960CCPF;21/08/2023;4;0,362;R
ES0000000000003960CCPF;21/08/2023;5;0,31;R
ES0000000000003960CCPF;21/08/2023;6;0,329;R
ES0000000000003960CCPF;21/08/2023;7;0,34;R
ES0000000000003960CCPF;21/08/2023;8;0,307;R
ES0000000000003960CCPF;21/08/2023;9;0,317;R
ES0000000000003960CCPF;21/08/2023;10;0,335;R
ES0000000000003960CCPF;21/08/2023;11;0,386;R
ES0000000000003960CCPF;21/08/2023;12;0,359;R
ES0000000000003960CCPF;21/08/2023;13;0,309;R
ES0000000000003960CCPF;21/08/2023;14;0,514;R
ES0000000000003960CCPF;21/08/2023;15;0,365;R
ES0000000000003960CCPF;21/08/2023;16;0,357;R
ES0000000000003960CCPF;21/08/2023;17;0,291;R
ES0000000000003960CCPF;21/08/2023;18;0,315;R
ES0000000000003960CCPF;21/08/2023;19;0,285;R
ES0000000000003960CCPF;21/08/2023;20;0,288;R
ES0000000000003960CCPF;21/08/2023;21;0,363;R
ES0000000000003960CCPF;21/08/2023;22;3,67;R
ES0000000000003960CCPF;21/08/2023;23;2,677;R
ES0000000000003960CCPF;22/08/2023;0;2,791;R
ES0000000000003960CCPF;22/08/2023;1;2,047;R
ES0000000000003960CCPF;22/08/2023;2;1,013;R
ES0000000000003960CCPF;22/08/2023;3;1,124;R
ES0000000000003960CCPF;22/08/2023;4;0,769;R
ES0000000000003960CCPF;22/08/2023;5;0,396;R
ES0000000000003960CCPF;22/08/2023;6;0,511;R
ES0000000000003960CCPF;22/08/2023;7;0,604;R
ES0000000000003960CCPF;22/08/2023;8;0,362;R
ES0000000000003960CCPF;22/08/2023;9;0,309;R
ES0000000000003960CCPF;22/08/2023;10;0,338;R
ES0000000000003960CCPF;22/08/2023;11;0,356;R
ES0000000000003960CCPF;22/08/2023;12;0,393;R
ES0000000000003960CCPF;22/08/2023;13;0,354;R
ES0000000000003960CCPF;22/08/2023;14;0,288;R
ES0000000000003960CCPF;22/08/2023;15;0,307;R
ES0000000000003960CCPF;22/08/2023;16;0,322;R
ES0000000000003960CCPF;22/08/2023;17;0,279;R
ES0000000000003960CCPF;22/08/2023;18;0,306;R
ES0000000000003960CCPF;22/08/2023;19;0,319;R
ES0000000000003960CCPF;22/08/2023;20;0,281;R
ES0000000000003960CCPF;22/08/2023;21;0,309;R
ES0000000000003960CCPF;22/08/2023;22;0,361;R
ES0000000000003960CCPF;22/08/2023;23;0,377;R
ES0000000000003960CCPF;23/08/2023;0;0,823;R
ES0000000000003960CCPF;23/08/2023;1;1,028;R
ES0000000000003960CCPF;23/08/2023;2;0,41;R
ES0000000000003960CCPF;23/08/2023;3;0,419;R
ES0000000000003960CCPF;23/08/2023;4;0,376;R
ES0000000000003960CCPF;23/08/2023;5;0,33;R
ES0000000000003960CCPF;23/08/2023;6;0,331;R
ES0000000000003960CCPF;23/08/2023;7;0,35;R
ES0000000000003960CCPF;23/08/2023;8;0,317;R
ES0000000000003960CCPF;23/08/2023;9;0,314;R
ES0000000000003960CCPF;23/08/2023;10;0,342;R
ES0000000000003960CCPF;23/08/2023;11;0,356;R
ES0000000000003960CCPF;23/08/2023;12;0,326;R
ES0000000000003960CCPF;23/08/2023;13;0,301;R
ES0000000000003960CCPF;23/08/2023;14;0,303;R
ES0000000000003960CCPF;23/08/2023;15;0,274;R
ES0000000000003960CCPF;23/08/2023;16;0,294;R
ES0000000000003960CCPF;23/08/2023;17;0,312;R
ES0000000000003960CCPF;23/08/2023;18;0,33;R
ES0000000000003960CCPF;23/08/2023;19;0,425;R
ES0000000000003960CCPF;23/08/2023;20;0,452;R
ES0000000000003960CCPF;23/08/2023;21;0,505;R
ES0000000000003960CCPF;23/08/2023;22;0,378;R
ES0000000000003960CCPF;23/08/2023;23;0,404;R
ES0000000000003960CCPF;24/08/2023;0;0,414;R
ES0000000000003960CCPF;24/08/2023;1;0,485;R
ES0000000000003960CCPF;24/08/2023;2;0,404;R
ES0000000000003960CCPF;24/08/2023;3;0,429;R
ES0000000000003960CCPF;24/08/2023;4;0,393;R
ES0000000000003960CCPF;24/08/2023;5;0,405;R
ES0000000000003960CCPF;24/08/2023;6;0,36;R
ES0000000000003960CCPF;24/08/2023;7;0,345;R
ES0000000000003960CCPF;24/08/2023;8;0,392;R
ES0000000000003960CCPF;24/08/2023;9;0,401;R
ES0000000000003960CCPF;24/08/2023;10;0,448;R
ES0000000000003960CCPF;24/08/2023;11;0,421;R
ES0000000000003960CCPF;24/08/2023;12;0,38;R
ES0000000000003960CCPF;24/08/2023;13;0,339;R
ES0000000000003960CCPF;24/08/2023;14;0,384;R
ES0000000000003960CCPF;24/08/2023;15;0,446;R
ES0000000000003960CCPF;24/08/2023;16;0,351;R
ES0000000000003960CCPF;24/08/2023;17;0,41;R
ES0000000000003960CCPF;24/08/2023;18;0,391;R
ES0000000000003960CCPF;24/08/2023;19;0,351;R
ES0000000000003960CCPF;24/08/2023;20;0,356;R
ES0000000000003960CCPF;24/08/2023;21;0,382;R
ES0000000000003960CCPF;24/08/2023;22;0,405;R
ES0000000000003960CCPF;24/08/2023;23;0,441;R
ES0000000000003960CCPF;25/08/2023;0;0,47;R
ES0000000000003960CCPF;25/08/2023;1;0,446;R
ES0000000000003960CCPF;25/08/2023;2;0,41;R
ES0000000000003960CCPF;25/08/2023;3;0,427;R
ES0000000000003960CCPF;25/08/2023;4;0,38;R
ES0000000000003960CCPF;25/08/2023;5;0,419;R
ES0000000000003960CCPF;25/08/2023;6;0,39;R
ES0000000000003960CCPF;25/08/2023;7;0,381;R
ES0000000000003960CCPF;25/08/2023;8;0,413;R
ES0000000000003960CCPF;25/08/2023;9;0,366;R
ES0000000000003960CCPF;25/08/2023;10;0,411;R
ES0000000000003960CCPF;25/08/2023;11;0,347;R
ES0000000000003960CCPF;25/08/2023;12;0,41;R
ES0000000000003960CCPF;25/08/2023;13;0,356;R
ES0000000000003960CCPF;25/08/2023;14;0,464;R
ES0000000000003960CCPF;25/08/2023;15;0,531;R
ES0000000000003960CCPF;25/08/2023;16;0,488;R
ES0000000000003960CCPF;25/08/2023;17;0,376;R
ES0000000000003960CCPF;25/08/2023;18;0,417;R
ES0000000000003960CCPF;25/08/2023;19;0,357;R
ES0000000000003960CCPF;25/08/2023;20;0,415;R
ES0000000000003960CCPF;25/08/2023;21;0,383;R
ES0000000000003960CCPF;25/08/2023;22;0,378;R
ES0000000000003960CCPF;25/08/2023;23;0,375;R
ES0000000000003960CCPF;26/08/2023;0;0,292;R
ES0000000000003960CCPF;26/08/2023;1;0,372;R
ES0000000000003960CCPF;26/08/2023;2;0,324;R
ES0000000000003960CCPF;26/08/2023;3;0,336;R
ES0000000000003960CCPF;26/08/2023;4;0,327;R
ES0000000000003960CCPF;26/08/2023;5;0,3;R
ES0000000000003960CCPF;26/08/2023;6;0,355;R
ES0000000000003960CCPF;26/08/2023;7;0,294;R
ES0000000000003960CCPF;26/08/2023;8;0,332;R
ES0000000000003960CCPF;26/08/2023;9;0,328;R
ES0000000000003960CCPF;26/08/2023;10;0,29;R
ES0000000000003960CCPF;26/08/2023;11;0,342;R
ES0000000000003960CCPF;26/08/2023;12;0,304;R
ES0000000000003960CCPF;26/08/2023;13;0,306;R
ES0000000000003960CCPF;26/08/2023;14;0,304;R
ES0000000000003960CCPF;26/08/2023;15;0,335;R
ES0000000000003960CCPF;26/08/2023;16;0,265;R
ES0000000000003960CCPF;26/08/2023;17;0,342;R
ES0000000000003960CCPF;26/08/2023;18;0,335;R
ES0000000000003960CCPF;26/08/2023;19;0,305;R
ES0000000000003960CCPF;26/08/2023;20;0,338;R
ES0000000000003960CCPF;26/08/2023;21;0,37;R
ES0000000000003960CCPF;26/08/2023;22;0,315;R
ES0000000000003960CCPF;26/08/2023;23;0,317;R
ES0000000000003960CCPF;27/08/2023;0;0,33;R
ES0000000000003960CCPF;27/08/2023;1;0,271;R
ES0000000000003960CCPF;27/08/2023;2;0,326;R
ES0000000000003960CCPF;27/08/2023;3;0,302;R
ES0000000000003960CCPF;27/08/2023;4;0,307;R
ES0000000000003960CCPF;27/08/2023;5;0,288;R
ES0000000000003960CCPF;27/08/2023;6;0,292;R
ES0000000000003960CCPF;27/08/2023;7;0,28;R
ES0000000000003960CCPF;27/08/2023;8;0,294;R
ES0000000000003960CCPF;27/08/2023;9;0,287;R
ES0000000000003960CCPF;27/08/2023;10;0,259;R
ES0000000000003960CCPF;27/08/2023;11;0,289;R
ES0000000000003960CCPF;27/08/2023;12;0,308;R
ES0000000000003960CCPF;27/08/2023;13;0,265;R
ES0000000000003960CCPF;27/08/2023;14;0,271;R
ES0000000000003960CCPF;27/08/2023;15;0,315;R
ES0000000000003960CCPF;27/08/2023;16;0,438;R
ES0000000000003960CCPF;27/08/2023;17;0,3;R
ES0000000000003960CCPF;27/08/2023;18;0,344;R
ES0000000000003960CCPF;27/08/2023;19;0,516;R
ES0000000000003960CCPF;27/08/2023;20;0,395;R
ES0000000000003960CCPF;27/08/2023;21;0,39;R
ES0000000000003960CCPF;27/08/2023;22;0,439;R
ES0000000000003960CCPF;27/08/2023;23;0,381;R
ES0000000000003960CCPF;28/08/2023;0;0,377;R
ES0000000000003960CCPF;28/08/2023;1;0,351;R
ES0000000000003960CCPF;28/08/2023;2;0,312;R
ES0000000000003960CCPF;28/08/2023;3;0,297;R
ES0000000000003960CCPF;28/08/2023;4;0,279;R
ES0000000000003960CCPF;28/08/2023;5;0,241;R
ES0000000000003960CCPF;28/08/2023;6;0,365;R
ES0000000000003960CCPF;28/08/2023;7;0,31;R
ES0000000000003960CCPF;28/08/2023;8;0,309;R
ES0000000000003960CCPF;28/08/2023;9;0,299;R
ES0000000000003960CCPF;28/08/2023;10;0,279;R
ES0000000000003960CCPF;28/08/2023;11;0,398;R
ES0000000000003960CCPF;28/08/2023;12;0,368;R
ES0000000000003960CCPF;28/08/2023;13;0,289;R
ES0000000000003960CCPF;28/08/2023;14;0,308;R
ES0000000000003960CCPF;28/08/2023;15;0,427;R
ES0000000000003960CCPF;28/08/2023;16;0,555;R
ES0000000000003960CCPF;28/08/2023;17;0,303;R
ES0000000000003960CCPF;28/08/2023;18;0,324;R
ES0000000000003960CCPF;28/08/2023;19;0,355;R
ES0000000000003960CCPF;28/08/2023;20;0,399;R
ES0000000000003960CCPF;28/08/2023;21;0,336;R
ES0000000000003960CCPF;28/08/2023;22;0,399;R
ES0000000000003960CCPF;28/08/2023;23;0,419;R
ES0000000000003960CCPF;29/08/2023;0;0,42;R
ES0000000000003960CCPF;29/08/2023;1;0,417;R
ES0000000000003960CCPF;29/08/2023;2;0,295;R
ES0000000000003960CCPF;29/08/2023;3;0,345;R
ES0000000000003960CCPF;29/08/2023;4;0,585;R
ES0000000000003960CCPF;29/08/2023;5;0,351;R
ES0000000000003960CCPF;29/08/2023;6;0,83;R
ES0000000000003960CCPF;29/08/2023;7;0,313;R
ES0000000000003960CCPF;29/08/2023;8;0,29;R
ES0000000000003960CCPF;29/08/2023;9;0,348;R
ES0000000000003960CCPF;29/08/2023;10;0,307;R
ES0000000000003960CCPF;29/08/2023;11;0,338;R
ES0000000000003960CCPF;29/08/2023;12;0,304;R
ES0000000000003960CCPF;29/08/2023;13;0,23;R
ES0000000000003960CCPF;29/08/2023;14;0,375;R
ES0000000000003960CCPF;29/08/2023;15;0,437;R
ES0000000000003960CCPF;29/08/2023;16;0,695;R
ES0000000000003960CCPF;29/08/2023;17;0,383;R
ES0000000000003960CCPF;29/08/2023;18;0,313;R
ES0000000000003960CCPF;29/08/2023;19;0,399;R
ES0000000000003960CCPF;29/08/2023;20;0,394;R
ES0000000000003960CCPF;29/08/2023;21;0,414;R
ES0000000000003960CCPF;29/08/2023;22;0,406;R
ES0000000000003960CCPF;29/08/2023;23;0,434;R
ES0000000000003960CCPF;30/08/2023;0;0,352;R
ES0000000000003960CCPF;30/08/2023;1;0,348;R
ES0000000000003960CCPF;30/08/2023;2;0,34;R
ES0000000000003960CCPF;30/08/2023;3;0,33;R
ES0000000000003960CCPF;30/08/2023;4;0,344;R
ES0000000000003960CCPF;30/08/2023;5;0,337;R
ES0000000000003960CCPF;30/08/2023;6;0,344;R
ES0000000000003960CCPF;30/08/2023;7;0,305;R
ES0000000000003960CCPF;30/08/2023;8;0,262;R
ES0000000000003960CCPF;30/08/2023;9;0,334;R
ES0000000000003960CCPF;30/08/2023;10;0,285;R
ES0000000000003960CCPF;30/08/2023;11;0,279;R
ES0000000000003960CCPF;30/08/2023;12;0,467;R
ES0000000000003960CCPF;30/08/2023;13;0,386;R
ES0000000000003960CCPF;30/08/2023;14;0,358;R
ES0000000000003960CCPF;30/08/2023;15;0,234;R
ES0000000000003960CCPF;30/08/2023;16;0,386;R
ES0000000000003960CCPF;30/08/2023;17;0,338;R
ES0000000000003960CCPF;30/08/2023;18;0,29;R
ES0000000000003960CCPF;30/08/2023;19;0,593;R
ES0000000000003960CCPF;30/08/2023;20;0,334;R
ES0000000000003960CCPF;30/08/2023;21;0,323;R
ES0000000000003960CCPF;30/08/2023;22;0,375;R
ES0000000000003960CCPF;30/08/2023;23;0,334;R
ES0000000000003960CCPF;31/08/2023;0;0,268;R
ES0000000000003960CCPF;31/08/2023;1;0,286;R
ES0000000000003960CCPF;31/08/2023;2;0,252;R
ES0000000000003960CCPF;31/08/2023;3;0,577;R
ES0000000000003960CCPF;31/08/2023;4;0,319;R
ES0000000000003960CCPF;31/08/2023;5;0,746;R
ES0000000000003960CCPF;31/08/2023;6;0,286;R
ES0000000000003960CCPF;31/08/2023;7;0,276;R
ES0000000000003960CCPF;31/08/2023;8;0,285;R
ES0000000000003960CCPF;31/08/2023;9;0,299;R
ES0000000000003960CCPF;31/08/2023;10;0,442;R
ES0000000000003960CCPF;31/08/2023;11;0,252;R
ES0000000000003960CCPF;31/08/2023;12;0,294;R
ES0000000000003960CCPF;31/08/2023;13;0,266;R
ES0000000000003960CCPF;31/08/2023;14;0,313;R
ES0000000000003960CCPF;31/08/2023;15;0,417;R
ES0000000000003960CCPF;31/08/2023;16;0,333;R
ES0000000000003960CCPF;31/08/2023;17;0,289;R
ES0000000000003960CCPF;31/08/2023;18;0,332;R
ES0000000000003960CCPF;31/08/2023;19;0,325;R
ES0000000000003960CCPF;31/08/2023;20;0,309;R
ES0000000000003960CCPF;31/08/2023;21;0,386;R
ES0000000000003960CCPF;31/08/2023;22;0,412;R
ES0000000000003960CCPF;31/08/2023;23;0,389;R
ES0000000000003960CCPF;01/09/2023;0;0,38;R
ES0000000000003960CCPF;01/09/2023;1;0,366;R
ES0000000000003960CCPF;01/09/2023;2;0,278;R
ES0000000000003960CCPF;01/09/2023;3;0,327;R
ES0000000000003960CCPF;01/09/2023;4;0,297;R
ES0000000000003960CCPF;01/09/2023;5;0,306;R
ES0000000000003960CCPF;01/09/2023;6;0,32;R
ES0000000000003960CCPF;01/09/2023;7;0,274;R
ES0000000000003960CCPF;01/09/2023;8;0,311;R
ES0000000000003960CCPF;01/09/2023;9;0,347;R
ES0000000000003960CCPF;01/09/2023;10;0,269;R
ES0000000000003960CCPF;01/09/2023;11;0,327;R
ES0000000000003960CCPF;01/09/2023;12;0,249;R
ES0000000000003960CCPF;01/09/2023;13;0,294;R
ES0000000000003960CCPF;01/09/2023;14;0,281;R
ES0000000000003960CCPF;01/09/2023;15;0,489;R
ES0000000000003960CCPF;01/09/2023;16;0,384;R
ES0000000000003960CCPF;01/09/2023;17;0,345;R
ES0000000000003960CCPF;01/09/2023;18;0,358;R
ES0000000000003960CCPF;01/09/2023;19;0,354;R
ES0000000000003960CCPF;01/09/2023;20;0,295;R
ES0000000000003960CCPF;01/09/2023;21;0,322;R
ES0000000000003960CCPF;01/09/2023;22;0,322;R
ES0000000000003960CCPF;01/09/2023;23;0,316;R
ES0000000000003960CCPF;02/09/2023;0;0,349;R
ES0000000000003960CCPF;02/09/2023;1;0,329;R
ES0000000000003960CCPF;02/09/2023;2;0,268;R
ES0000000000003960CCPF;02/09/2023;3;0,32;R
ES0000000000003960CCPF;02/09/2023;4;0,314;R
ES0000000000003960CCPF;02/09/2023;5;0,28;R
ES0000000000003960CCPF;02/09/2023;6;0,31;R
ES0000000000003960CCPF;02/09/2023;7;0,279;R
ES0000000000003960CCPF;02/09/2023;8;0,416;R
ES0000000000003960CCPF;02/09/2023;9;0,29;R
ES0000000000003960CCPF;02/09/2023;10;0,338;R
ES0000000000003960CCPF;02/09/2023;11;0,368;R
ES0000000000003960CCPF;02/09/2023;12;0,545;R
ES0000000000003960CCPF;02/09/2023;13;0,514;R
ES0000000000003960CCPF;02/09/2023;14;0,414;R
ES0000000000003960CCPF;02/09/2023;15;0,973;R
ES0000000000003960CCPF;02/09/2023;16;1,307;R
ES0000000000003960CCPF;02/09/2023;17;1,716;R
ES0000000000003960CCPF;02/09/2023;18;0,794;R
ES0000000000003960CCPF;02/09/2023;19;1,016;R
ES0000000000003960CCPF;02/09/2023;20;0,461;R
ES0000000000003960CCPF;02/09/2023;21;0,478;R
ES0000000000003960CCPF;02/09/2023;22;0,601;R
ES0000000000003960CCPF;02/09/2023;23;0,313;R
ES0000000000003960CCPF;03/09/2023;0;0,378;R
ES0000000000003960CCPF;03/09/2023;1;0,846;R
ES0000000000003960CCPF;03/09/2023;2;0,633;R
ES0000000000003960CCPF;03/09/2023;3;0,274;R
ES0000000000003960CCPF;03/09/2023;4;0,306;R
ES0000000000003960CCPF;03/09/2023;5;0,239;R
ES0000000000003960CCPF;03/09/2023;6;0,269;R
ES0000000000003960CCPF;03/09/2023;7;0,249;R
ES0000000000003960CCPF;03/09/2023;8;0,24;R
ES0000000000003960CCPF;03/09/2023;9;0,369;R
ES0000000000003960CCPF;03/09/2023;10;0,208;R
ES0000000000003960CCPF;03/09/2023;11;1,128;R
ES0000000000003960CCPF;03/09/2023;12;0,446;R
ES0000000000003960CCPF;03/09/2023;13;0,284;R
ES0000000000003960CCPF;03/09/2023;14;0,192;R
ES0000000000003960CCPF;03/09/2023;15;0,566;R
ES0000000000003960CCPF;03/09/2023;16;0,458;R
ES0000000000003960CCPF;03/09/2023;17;0,324;R
ES0000000000003960CCPF;03/09/2023;18;0,599;R
ES0000000000003960CCPF;03/09/2023;19;0,249;R
ES0000000000003960CCPF;03/09/2023;20;0,817;R
ES0000000000003960CCPF;03/09/2023;21;0,319;R
ES0000000000003960CCPF;03/09/2023;22;0,316;R
ES0000000000003960CCPF;03/09/2023;23;0,599;R
ES0000000000003960CCPF;04/09/2023;0;0,335;R
ES0000000000003960CCPF;04/09/2023;1;0,277;R
ES0000000000003960CCPF;04/09/2023;2;0,348;R
ES0000000000003960CCPF;04/09/2023;3;0,284;R
ES0000000000003960CCPF;04/09/2023;4;0,309;R
ES0000000000003960CCPF;04/09/2023;5;0,266;R
ES0000000000003960CCPF;04/09/2023;6;0,263;R
ES0000000000003960CCPF;04/09/2023;7;0,279;R
ES0000000000003960CCPF;04/09/2023;8;0,244;R
ES0000000000003960CCPF;04/09/2023;9;0,335;R
ES0000000000003960CCPF;04/09/2023;10;0,255;R
ES0000000000003960CCPF;04/09/2023;11;0,262;R
ES0000000000003960CCPF;04/09/2023;12;0,243;R
ES0000000000003960CCPF;04/09/2023;13;0,353;R
ES0000000000003960CCPF;04/09/2023;14;0,218;R
ES0000000000003960CCPF;04/09/2023;15;0,317;R
ES0000000000003960CCPF;04/09/2023;16;0,207;R
ES0000000000003960CCPF;04/09/2023;17;0,265;R
ES0000000000003960CCPF;04/09/2023;18;0,204;R
ES0000000000003960CCPF;04/09/2023;19;0,239;R
ES0000000000003960CCPF;04/09/2023;20;0,231;R
ES0000000000003960CCPF;04/09/2023;21;0,315;R
ES0000000000003960CCPF;04/09/2023;22;0,311;R
ES0000000000003960CCPF;04/09/2023;23;0,455;R
ES0000000000003960CCPF;05/09/2023;0;0,331;R
ES0000000000003960CCPF;05/09/2023;1;0,308;R
ES0000000000003960CCPF;05/09/2023;2;0,309;R
ES0000000000003960CCPF;05/09/2023;3;0,31;R
ES0000000000003960CCPF;05/09/2023;4;0,285;R
ES0000000000003960CCPF;05/09/2023;5;0,296;R
ES0000000000003960CCPF;05/09/2023;6;0,315;R
ES0000000000003960CCPF;05/09/2023;7;0,353;R
ES0000000000003960CCPF;05/09/2023;8;0,324;R
ES0000000000003960CCPF;05/09/2023;9;0,356;R
ES0000000000003960CCPF;05/09/2023;10;0,295;R
ES0000000000003960CCPF;05/09/2023;11;0,395;R
ES0000000000003960CCPF;05/09/2023;12;0,465;R
ES0000000000003960CCPF;05/09/2023;13;0,83;R
ES0000000000003960CCPF;05/09/2023;14;0,884;R
ES0000000000003960CCPF;05/09/2023;15;0,221;R
ES0000000000003960CCPF;05/09/2023;16;0,483;R
ES0000000000003960CCPF;05/09/2023;17;0,481;R
ES0000000000003960CCPF;05/09/2023;18;0,263;R
ES0000000000003960CCPF;05/09/2023;19;0,333;R
ES0000000000003960CCPF;05/09/2023;20;0,272;R
ES0000000000003960CCPF;05/09/2023;21;0,289;R
ES0000000000003960CCPF;05/09/2023;22;0,332;R
ES0000000000003960CCPF;05/09/2023;23;0,328;R
ES0000000000003960CCPF;06/09/2023;0;0,291;R
ES0000000000003960CCPF;06/09/2023;1;0,263;R
ES0000000000003960CCPF;06/09/2023;2;0,226;R
ES0000000000003960CCPF;06/09/2023;3;0,265;R
ES0000000000003960CCPF;06/09/2023;4;0,238;R
ES0000000000003960CCPF;06/09/2023;5;0,251;R
ES0000000000003960CCPF;06/09/2023;6;0,279;R
ES0000000000003960CCPF;06/09/2023;7;0,226;R
ES0000000000003960CCPF;06/09/2023;8;0,33;R
ES0000000000003960CCPF;06/09/2023;9;0,25;R
ES0000000000003960CCPF;06/09/2023;10;0,277;R
ES0000000000003960CCPF;06/09/2023;11;0,371;R
ES0000000000003960CCPF;06/09/2023;12;0,24;R
ES0000000000003960CCPF;06/09/2023;13;0,256;R
ES0000000000003960CCPF;06/09/2023;14;0,221;R
ES0000000000003960CCPF;06/09/2023;15;0,586;R
ES0000000000003960CCPF;06/09/2023;16;0,302;R
ES0000000000003960CCPF;06/09/2023;17;0,268;R
ES0000000000003960CCPF;06/09/2023;18;0,297;R
ES0000000000003960CCPF;06/09/2023;19;0,296;R
ES0000000000003960CCPF;06/09/2023;20;0,303;R
ES0000000000003960CCPF;06/09/2023;21;0,339;R
ES0000000000003960CCPF;06/09/2023;22;0,359;R
ES0000000000003960CCPF;06/09/2023;23;0,388;R
ES0000000000003960CCPF;07/09/2023;0;0,371;R
ES0000000000003960CCPF;07/09/2023;1;0,356;R
ES0000000000003960CCPF;07/09/2023;2;0,287;R
ES0000000000003960CCPF;07/09/2023;3;0,572;R
ES0000000000003960CCPF;07/09/2023;4;0,365;R
ES0000000000003960CCPF;07/09/2023;5;0,793;R
ES0000000000003960CCPF;07/09/2023;6;0,257;R
ES0000000000003960CCPF;07/09/2023;7;0,264;R
ES0000000000003960CCPF;07/09/2023;8;0,263;R
ES0000000000003960CCPF;07/09/2023;9;0,312;R
ES0000000000003960CCPF;07/09/2023;10;0,271;R
ES0000000000003960CCPF;07/09/2023;11;0,373;R
ES0000000000003960CCPF;07/09/2023;12;0,26;R
ES0000000000003960CCPF;07/09/2023;13;0,318;R
ES0000000000003960CCPF;07/09/2023;14;0,234;R
ES0000000000003960CCPF;07/09/2023;15;0,271;R
ES0000000000003960CCPF;07/09/2023;16;0,237;R
ES0000000000003960CCPF;07/09/2023;17;0,324;R
ES0000000000003960CCPF;07/09/2023;18;0,297;R
ES0000000000003960CCPF;07/09/2023;19;0,515;R
ES0000000000003960CCPF;07/09/2023;20;0,333;R
ES0000000000003960CCPF;07/09/2023;21;0,36;R
ES0000000000003960CCPF;07/09/2023;22;0,387;R
ES0000000000003960CCPF;07/09/2023;23;0,325;R
ES0000000000003960CCPF;08/09/2023;0;0,328;R
ES0000000000003960CCPF;08/09/2023;1;0,294;R
ES0000000000003960CCPF;08/09/2023;2;0,253;R
ES0000000000003960CCPF;08/09/2023;3;0,309;R
ES0000000000003960CCPF;08/09/2023;4;0,26;R
ES0000000000003960CCPF;08/09/2023;5;0,283;R
ES0000000000003960CCPF;08/09/2023;6;0,28;R
ES0000000000003960CCPF;08/09/2023;7;0,286;R
ES0000000000003960CCPF;08/09/2023;8;0,249;R
ES0000000000003960CCPF;08/09/2023;9;0,362;R
ES0000000000003960CCPF;08/09/2023;10;0,319;R
ES0000000000003960CCPF;08/09/2023;11;0,371;R
ES0000000000003960CCPF;08/09/2023;12;0,415;R
ES0000000000003960CCPF;08/09/2023;13;0,558;R
ES0000000000003960CCPF;08/09/2023;14;0,45;R
ES0000000000003960CCPF;08/09/2023;15;0,259;R
ES0000000000003960CCPF;08/09/2023;16;0,409;R
ES0000000000003960CCPF;08/09/2023;17;0,309;R
ES0000000000003960CCPF;08/09/2023;18;0,36;R
ES0000000000003960CCPF;08/09/2023;19;0,31;R
ES0000000000003960CCPF;08/09/2023;20;0,276;R
ES0000000000003960CCPF;08/09/2023;21;0,357;R
ES0000000000003960CCPF;08/09/2023;22;0,372;R
ES0000000000003960CCPF;08/09/2023;23;0,356;R
ES0000000000003960CCPF;09/09/2023;0;0,43;R
ES0000000000003960CCPF;09/09/2023;1;0,332;R
ES0000000000003960CCPF;09/09/2023;2;0,27;R
ES0000000000003960CCPF;09/09/2023;3;0,279;R
ES0000000000003960CCPF;09/09/2023;4;0,291;R
ES0000000000003960CCPF;09/09/2023;5;0,266;R
ES0000000000003960CCPF;09/09/2023;6;0,285;R
ES0000000000003960CCPF;09/09/2023;7;0,271;R
ES0000000000003960CCPF;09/09/2023;8;0,272;R
ES0000000000003960CCPF;09/09/2023;9;0,267;R
ES0000000000003960CCPF;09/09/2023;10;0,321;R
ES0000000000003960CCPF;09/09/2023;11;0,398;R
ES0000000000003960CCPF;09/09/2023;12;0,288;R
ES0000000000003960CCPF;09/09/2023;13;0,241;R
ES0000000000003960CCPF;09/09/2023;14;0,265;R
ES0000000000003960CCPF;09/09/2023;15;0,462;R
ES0000000000003960CCPF;09/09/2023;16;1,051;R
ES0000000000003960CCPF;09/09/2023;17;0,817;R
ES0000000000003960CCPF;09/09/2023;18;0,352;R
ES0000000000003960CCPF;09/09/2023;19;0,779;R
ES0000000000003960CCPF;09/09/2023;20;0,469;R
ES0000000000003960CCPF;09/09/2023;21;0,339;R
ES0000000000003960CCPF;09/09/2023;22;0,322;R
ES0000000000003960CCPF;09/09/2023;23;0,389;R
ES0000000000003960CCPF;10/09/2023;0;0,328;R
ES0000000000003960CCPF;10/09/2023;1;0,238;R
ES0000000000003960CCPF;10/09/2023;2;0,275;R
ES0000000000003960CCPF;10/09/2023;3;0,26;R
ES0000000000003960CCPF;10/09/2023;4;0,237;R
ES0000000000003960CCPF;10/09/2023;5;0,276;R
ES0000000000003960CCPF;10/09/2023;6;0,254;R
ES0000000000003960CCPF;10/09/2023;7;0,259;R
ES0000000000003960CCPF;10/09/2023;8;0,27;R
ES0000000000003960CCPF;10/09/2023;9;0,284;R
ES0000000000003960CCPF;10/09/2023;10;0,33;R
ES0000000000003960CCPF;10/09/2023;11;0,397;R
ES0000000000003960CCPF;10/09/2023;12;0,308;R
ES0000000000003960CCPF;10/09/2023;13;0,328;R
ES0000000000003960CCPF;10/09/2023;14;0,3;R
ES0000000000003960CCPF;10/09/2023;15;0,693;R
ES0000000000003960CCPF;10/09/2023;16;0,977;R
ES0000000000003960CCPF;10/09/2023;17;0,904;R
ES0000000000003960CCPF;10/09/2023;18;0,819;R
ES0000000000003960CCPF;10/09/2023;19;0,317;R
ES0000000000003960CCPF;10/09/2023;20;0,36;R
ES0000000000003960CCPF;10/09/2023;21;0,516;R
ES0000000000003960CCPF;10/09/2023;22;0,295;R
ES0000000000003960CCPF;10/09/2023;23;0,361;R
ES0000000000003960CCPF;11/09/2023;0;0,305;R
ES0000000000003960CCPF;11/09/2023;1;0,263;R
ES0000000000003960CCPF;11/09/2023;2;0,223;R
ES0000000000003960CCPF;11/09/2023;3;0,285;R
ES0000000000003960CCPF;11/09/2023;4;0,272;R
ES0000000000003960CCPF;11/09/2023;5;0,223;R
ES0000000000003960CCPF;11/09/2023;6;0,269;R
ES0000000000003960CCPF;11/09/2023;7;0,274;R
ES0000000000003960CCPF;11/09/2023;8;0,276;R
ES0000000000003960CCPF;11/09/2023;9;0,253;R
ES0000000000003960CCPF;11/09/2023;10;0,275;R
ES0000000000003960CCPF;11/09/2023;11;0,319;R
ES0000000000003960CCPF;11/09/2023;12;0,548;R
ES0000000000003960CCPF;11/09/2023;13;0,662;R
ES0000000000003960CCPF;11/09/2023;14;0,334;R
ES0000000000003960CCPF;11/09/2023;15;0,269;R
ES0000000000003960CCPF;11/09/2023;16;0,267;R
ES0000000000003960CCPF;11/09/2023;17;0,36;R
ES0000000000003960CCPF;11/09/2023;18;0,343;R
ES0000000000003960CCPF;11/09/2023;19;0,287;R
ES0000000000003960CCPF;11/09/2023;20;0,288;R
ES0000000000003960CCPF;11/09/2023;21;0,359;R
ES0000000000003960CCPF;11/09/2023;22;0,312;R
ES0000000000003960CCPF;11/09/2023;23;0,4;R
ES0000000000003960CCPF;12/09/2023;0;0,383;R
ES0000000000003960CCPF;12/09/2023;1;0,433;R
ES0000000000003960CCPF;12/09/2023;2;0,474;R
ES0000000000003960CCPF;12/09/2023;3;0,645;R
ES0000000000003960CCPF;12/09/2023;4;0,387;R
ES0000000000003960CCPF;12/09/2023;5;0,304;R
ES0000000000003960CCPF;12/09/2023;6;0,323;R
ES0000000000003960CCPF;12/09/2023;7;0,24;R
ES0000000000003960CCPF;12/09/2023;8;0,241;R
ES0000000000003960CCPF;12/09/2023;9;0,247;R
ES0000000000003960CCPF;12/09/2023;10;0,234;R
ES0000000000003960CCPF;12/09/2023;11;0,268;R
ES0000000000003960CCPF;12/09/2023;12;0,217;R
ES0000000000003960CCPF;12/09/2023;13;0,289;R
ES0000000000003960CCPF;12/09/2023;14;0,246;R
ES0000000000003960CCPF;12/09/2023;15;0,322;R
ES0000000000003960CCPF;12/09/2023;16;0,31;R
ES0000000000003960CCPF;12/09/2023;17;0,272;R
ES0000000000003960CCPF;12/09/2023;18;0,329;R
ES0000000000003960CCPF;12/09/2023;19;0,347;R
ES0000000000003960CCPF;12/09/2023;20;0,335;R
ES0000000000003960CCPF;12/09/2023;21;0,321;R
ES0000000000003960CCPF;12/09/2023;22;0,335;R
ES0000000000003960CCPF;12/09/2023;23;0,332;R
ES0000000000003960CCPF;13/09/2023;0;0,294;R
ES0000000000003960CCPF;13/09/2023;1;0,263;R
ES0000000000003960CCPF;13/09/2023;2;0,238;R
ES0000000000003960CCPF;13/09/2023;3;0,28;R
ES0000000000003960CCPF;13/09/2023;4;0,228;R
ES0000000000003960CCPF;13/09/2023;5;0,254;R
ES0000000000003960CCPF;13/09/2023;6;0,231;R
ES0000000000003960CCPF;13/09/2023;7;0,269;R
ES0000000000003960CCPF;13/09/2023;8;0,352;R
ES0000000000003960CCPF;13/09/2023;9;0,205;R
ES0000000000003960CCPF;13/09/2023;10;0,25;R
ES0000000000003960CCPF;13/09/2023;11;0,326;R
ES0000000000003960CCPF;13/09/2023;12;0,213;R
ES0000000000003960CCPF;13/09/2023;13;0,235;R
ES0000000000003960CCPF;13/09/2023;14;0,216;R
ES0000000000003960CCPF;13/09/2023;15;0,607;R
ES0000000000003960CCPF;13/09/2023;16;0,564;R
ES0000000000003960CCPF;13/09/2023;17;0,413;R
ES0000000000003960CCPF;13/09/2023;18;0,262;R
ES0000000000003960CCPF;13/09/2023;19;0,543;R
ES0000000000003960CCPF;13/09/2023;20;0,328;R
ES0000000000003960CCPF;13/09/2023;21;0,315;R
ES0000000000003960CCPF;13/09/2023;22;0,357;R
ES0000000000003960CCPF;13/09/2023;23;0,365;R
ES0000000000003960CCPF;14/09/2023;0;0,313;R
ES0000000000003960CCPF;14/09/2023;1;0,35;R
ES0000000000003960CCPF;14/09/2023;2;0,317;R
ES0000000000003960CCPF;14/09/2023;3;0,518;R
ES0000000000003960CCPF;14/09/2023;4;0,334;R
ES0000000000003960CCPF;14/09/2023;5;0,731;R
ES0000000000003960CCPF;14/09/2023;6;0,259;R
ES0000000000003960CCPF;14/09/2023;7;0,285;R
ES0000000000003960CCPF;14/09/2023;8;0,257;R
ES0000000000003960CCPF;14/09/2023;9;0,291;R
ES0000000000003960CCPF;14/09/2023;10;0,244;R
ES0000000000003960CCPF;14/09/2023;11;0,314;R
ES0000000000003960CCPF;14/09/2023;12;0,207;R
ES0000000000003960CCPF;14/09/2023;13;0,235;R
ES0000000000003960CCPF;14/09/2023;14;0,33;R
ES0000000000003960CCPF;14/09/2023;15;0,312;R
ES0000000000003960CCPF;14/09/2023;16;0,553;R
ES0000000000003960CCPF;14/09/2023;17;0,437;R
ES0000000000003960CCPF;14/09/2023;18;0,293;R
ES0000000000003960CCPF;14/09/2023;19;0,509;R
ES0000000000003960CCPF;14/09/2023;20;0,367;R
ES0000000000003960CCPF;14/09/2023;21;0,286;R
ES0000000000003960CCPF;14/09/2023;22;0,368;R
ES0000000000003960CCPF;14/09/2023;23;0,323;R
ES0000000000003960CCPF;15/09/2023;0;0,26;R
ES0000000000003960CCPF;15/09/2023;1;0,308;R
ES0000000000003960CCPF;15/09/2023;2;0,244;R
ES0000000000003960CCPF;15/09/2023;3;0,249;R
ES0000000000003960CCPF;15/09/2023;4;0,266;R
ES0000000000003960CCPF;15/09/2023;5;0,253;R
ES0000000000003960CCPF;15/09/2023;6;0,265;R
ES0000000000003960CCPF;15/09/2023;7;0,252;R
ES0000000000003960CCPF;15/09/2023;8;0,248;R
ES0000000000003960CCPF;15/09/2023;9;0,275;R
ES0000000000003960CCPF;15/09/2023;10;0,224;R
ES0000000000003960CCPF;15/09/2023;11;0,361;R
ES0000000000003960CCPF;15/09/2023;12;0,187;R
ES0000000000003960CCPF;15/09/2023;13;0,341;R
ES0000000000003960CCPF;15/09/2023;14;0,234;R
ES0000000000003960CCPF;15/09/2023;15;0,268;R
ES0000000000003960CCPF;15/09/2023;16;0,359;R
ES0000000000003960CCPF;15/09/2023;17;0,289;R
ES0000000000003960CCPF;15/09/2023;18;0,303;R
ES0000000000003960CCPF;15/09/2023;19;0,3;R
ES0000000000003960CCPF;15/09/2023;20;0,348;R
ES0000000000003960CCPF;15/09/2023;21;0,328;R
ES0000000000003960CCPF;15/09/2023;22;0,267;R
ES0000000000003960CCPF;15/09/2023;23;0,334;R
ES0000000000003960CCPF;16/09/2023;0;0,349;R
ES0000000000003960CCPF;16/09/2023;1;0,248;R
ES0000000000003960CCPF;16/09/2023;2;0,245;R
ES0000000000003960CCPF;16/09/2023;3;0,236;R
ES0000000000003960CCPF;16/09/2023;4;0,21;R
ES0000000000003960CCPF;16/09/2023;5;0,239;R
ES0000000000003960CCPF;16/09/2023;6;0,229;R
ES0000000000003960CCPF;16/09/2023;7;0,185;R
ES0000000000003960CCPF;16/09/2023;8;0,251;R
ES0000000000003960CCPF;16/09/2023;9;0,278;R
ES0000000000003960CCPF;16/09/2023;10;0,221;R
ES0000000000003960CCPF;16/09/2023;11;0,487;R
ES0000000000003960CCPF;16/09/2023;12;0,364;R
ES0000000000003960CCPF;16/09/2023;13;0,512;R
ES0000000000003960CCPF;16/09/2023;14;0,671;R
ES0000000000003960CCPF;16/09/2023;15;0,309;R
ES0000000000003960CCPF;16/09/2023;16;0,913;R
ES0000000000003960CCPF;16/09/2023;17;0,624;R
ES0000000000003960CCPF;16/09/2023;18;0,301;R
ES0000000000003960CCPF;16/09/2023;19;0,221;R
ES0000000000003960CCPF;16/09/2023;20;0,265;R
ES0000000000003960CCPF;16/09/2023;21;0,325;R
ES0000000000003960CCPF;16/09/2023;22;0,282;R
ES0000000000003960CCPF;16/09/2023;23;0,322;R
ES0000000000003960CCPF;17/09/2023;0;0,324;R
ES0000000000003960CCPF;17/09/2023;1;0,28;R
ES0000000000003960CCPF;17/09/2023;2;0,229;R
ES0000000000003960CCPF;17/09/2023;3;0,235;R
ES0000000000003960CCPF;17/09/2023;4;0,213;R
ES0000000000003960CCPF;17/09/2023;5;0,217;R
ES0000000000003960CCPF;17/09/2023;6;0,24;R
ES0000000000003960CCPF;17/09/2023;7;0,209;R
ES0000000000003960CCPF;17/09/2023;8;0,221;R
ES0000000000003960CCPF;17/09/2023;9;0,186;R
ES0000000000003960CCPF;17/09/2023;10;0,334;R
ES0000000000003960CCPF;17/09/2023;11;0,338;R
ES0000000000003960CCPF;17/09/2023;12;0,209;R
ES0000000000003960CCPF;17/09/2023;13;0,246;R
ES0000000000003960CCPF;17/09/2023;14;0,976;R
ES0000000000003960CCPF;17/09/2023;15;0,876;R
ES0000000000003960CCPF;17/09/2023;16;0,331;R
ES0000000000003960CCPF;17/09/2023;17;0,256;R
ES0000000000003960CCPF;17/09/2023;18;0,29;R
ES0000000000003960CCPF;17/09/2023;19;0,242;R
ES0000000000003960CCPF;17/09/2023;20;0,265;R
ES0000000000003960CCPF;17/09/2023;21;0,304;R
ES0000000000003960CCPF;17/09/2023;22;0,301;R
ES0000000000003960CCPF;17/09/2023;23;0,347;R
ES0000000000003960CCPF;18/09/2023;0;0,44;R
ES0000000000003960CCPF;18/09/2023;1;0,223;R
ES0000000000003960CCPF;18/09/2023;2;0,223;R
ES0000000000003960CCPF;18/09/2023;3;0,21;R
ES0000000000003960CCPF;18/09/2023;4;0,199;R
ES0000000000003960CCPF;18/09/2023;5;0,224;R
ES0000000000003960CCPF;18/09/2023;6;0,188;R
ES0000000000003960CCPF;18/09/2023;7;0,221;R
ES0000000000003960CCPF;18/09/2023;8;0,322;R
ES0000000000003960CCPF;18/09/2023;9;0,233;R
ES0000000000003960CCPF;18/09/2023;10;0,324;R
ES0000000000003960CCPF;18/09/2023;11;0,311;R
ES0000000000003960CCPF;18/09/2023;12;0,252;R
ES0000000000003960CCPF;18/09/2023;13;0,596;R
ES0000000000003960CCPF;18/09/2023;14;0,257;R
ES0000000000003960CCPF;18/09/2023;15;0,278;R
ES0000000000003960CCPF;18/09/2023;16;0,296;R
ES0000000000003960CCPF;18/09/2023;17;0,372;R
ES0000000000003960CCPF;18/09/2023;18;0,242;R
ES0000000000003960CCPF;18/09/2023;19;0,192;R
ES0000000000003960CCPF;18/09/2023;20;0,255;R
ES0000000000003960CCPF;18/09/2023;21;0,302;R
ES0000000000003960CCPF;18/09/2023;22;0,262;R
ES0000000000003960CCPF;18/09/2023;23;0,268;R
ES0000000000003960CCPF;19/09/2023;0;0,224;R
ES0000000000003960CCPF;19/09/2023;1;0,226;R
ES0000000000003960CCPF;19/09/2023;2;0,241;R
ES0000000000003960CCPF;19/09/2023;3;0,214;R
ES0000000000003960CCPF;19/09/2023;4;0,213;R
ES0000000000003960CCPF;19/09/2023;5;0,225;R
ES0000000000003960CCPF;19/09/2023;6;0,194;R
ES0000000000003960CCPF;19/09/2023;7;0,25;R
ES0000000000003960CCPF;19/09/2023;8;0,163;R
ES0000000000003960CCPF;19/09/2023;9;0,299;R
ES0000000000003960CCPF;19/09/2023;10;0,255;R
ES0000000000003960CCPF;19/09/2023;11;0,33;R
ES0000000000003960CCPF;19/09/2023;12;0,283;R
ES0000000000003960CCPF;19/09/2023;13;0,171;R
ES0000000000003960CCPF;19/09/2023;14;0,244;R
ES0000000000003960CCPF;19/09/2023;15;0,239;R
ES0000000000003960CCPF;19/09/2023;16;0,48;R
ES0000000000003960CCPF;19/09/2023;17;0,176;R
ES0000000000003960CCPF;19/09/2023;18;0,275;R
ES0000000000003960CCPF;19/09/2023;19;0,284;R
ES0000000000003960CCPF;19/09/2023;20;0,259;R
ES0000000000003960CCPF;19/09/2023;21;0,265;R
ES0000000000003960CCPF;19/09/2023;22;0,195;R
ES0000000000003960CCPF;19/09/2023;23;0,237;R
ES0000000000003960CCPF;20/09/2023;0;0,267;R
ES0000000000003960CCPF;20/09/2023;1;0,231;R
ES0000000000003960CCPF;20/09/2023;2;0,209;R
ES0000000000003960CCPF;20/09/2023;3;0,552;R
ES0000000000003960CCPF;20/09/2023;4;0,215;R
ES0000000000003960CCPF;20/09/2023;5;0,776;R
ES0000000000003960CCPF;20/09/2023;6;0,194;R
ES0000000000003960CCPF;20/09/2023;7;0,213;R
ES0000000000003960CCPF;20/09/2023;8;0,218;R
ES0000000000003960CCPF;20/09/2023;9;0,371;R
ES0000000000003960CCPF;20/09/2023;10;0,33;R
ES0000000000003960CCPF;20/09/2023;11;0,22;R
ES0000000000003960CCPF;20/09/2023;12;0,254;R
ES0000000000003960CCPF;20/09/2023;13;0,219;R
ES0000000000003960CCPF;20/09/2023;14;0,191;R
ES0000000000003960CCPF;20/09/2023;15;0,272;R
ES0000000000003960CCPF;20/09/2023;16;0,358;R
ES0000000000003960CCPF;20/09/2023;17;0,259;R
ES0000000000003960CCPF;20/09/2023;18;0,399;R
ES0000000000003960CCPF;20/09/2023;19;0,251;R
ES0000000000003960CCPF;20/09/2023;20;0,229;R
ES0000000000003960CCPF;20/09/2023;21;0,327;R
ES0000000000003960CCPF;20/09/2023;22;0,259;R
ES0000000000003960CCPF;20/09/2023;23;0,282;R
ES0000000000003960CCPF;21/09/2023;0;0,287;R
ES0000000000003960CCPF;21/09/2023;1;0,253;R
ES0000000000003960CCPF;21/09/2023;2;0,227;R
ES0000000000003960CCPF;21/09/2023;3;0,195;R
ES0000000000003960CCPF;21/09/2023;4;0,245;R
ES0000000000003960CCPF;21/09/2023;5;0,172;R
ES0000000000003960CCPF;21/09/2023;6;0,257;R
ES0000000000003960CCPF;21/09/2023;7;0,173;R
ES0000000000003960CCPF;21/09/2023;8;0,387;R
ES0000000000003960CCPF;21/09/2023;9;0,318;R
ES0000000000003960CCPF;21/09/2023;10;0,251;R
ES0000000000003960CCPF;21/09/2023;11;0,204;R
ES0000000000003960CCPF;21/09/2023;12;0,291;R
ES0000000000003960CCPF;21/09/2023;13;0,474;R
ES0000000000003960CCPF;21/09/2023;14;0,213;R
ES0000000000003960CCPF;21/09/2023;15;0,218;R
ES0000000000003960CCPF;21/09/2023;16;0,332;R
ES0000000000003960CCPF;21/09/2023;17;0,576;R
ES0000000000003960CCPF;21/09/2023;18;0,188;R
ES0000000000003960CCPF;21/09/2023;19;0,241;R
ES0000000000003960CCPF;21/09/2023;20;0,178;R
ES0000000000003960CCPF;21/09/2023;21;0,178;R
ES0000000000003960CCPF;21/09/2023;22;0,272;R
ES0000000000003960CCPF;21/09/2023;23;0,469;R
ES0000000000003960CCPF;22/09/2023;0;0,233;R
ES0000000000003960CCPF;22/09/2023;1;0,194;R
ES0000000000003960CCPF;22/09/2023;2;0,243;R
ES0000000000003960CCPF;22/09/2023;3;0,235;R
ES0000000000003960CCPF;22/09/2023;4;0,236;R
ES0000000000003960CCPF;22/09/2023;5;0,166;R
ES0000000000003960CCPF;22/09/2023;6;0,192;R
ES0000000000003960CCPF;22/09/2023;7;0,157;R
ES0000000000003960CCPF;22/09/2023;8;0,213;R
ES0000000000003960CCPF;22/09/2023;9;0,332;R
ES0000000000003960CCPF;22/09/2023;10;0,286;R
ES0000000000003960CCPF;22/09/2023;11;0,241;R
ES0000000000003960CCPF;22/09/2023;12;0,225;R
ES0000000000003960CCPF;22/09/2023;13;0,25;R
ES0000000000003960CCPF;22/09/2023;14;0,22;R
ES0000000000003960CCPF;22/09/2023;15;0,161;R
ES0000000000003960CCPF;22/09/2023;16;0,179;R
ES0000000000003960CCPF;22/09/2023;17;0,181;R
ES0000000000003960CCPF;22/09/2023;18;0,2;R
ES0000000000003960CCPF;22/09/2023;19;0,168;R
ES0000000000003960CCPF;22/09/2023;20;0,182;R
ES0000000000003960CCPF;22/09/2023;21;0,157;R
ES0000000000003960CCPF;22/09/2023;22;0,203;R
ES0000000000003960CCPF;22/09/2023;23;0,172;R
ES0000000000003960CCPF;23/09/2023;0;0,187;R
ES0000000000003960CCPF;23/09/2023;1;0,152;R
ES0000000000003960CCPF;23/09/2023;2;0,198;R
ES0000000000003960CCPF;23/09/2023;3;0,174;R
ES0000000000003960CCPF;23/09/2023;4;0,208;R
ES0000000000003960CCPF;23/09/2023;5;0,157;R
ES0000000000003960CCPF;23/09/2023;6;0,189;R
ES0000000000003960CCPF;23/09/2023;7;0,17;R
ES0000000000003960CCPF;23/09/2023;8;0,198;R
ES0000000000003960CCPF;23/09/2023;9;0,181;R
ES0000000000003960CCPF;23/09/2023;10;0,171;R
ES0000000000003960CCPF;23/09/2023;11;0,168;R
ES0000000000003960CCPF;23/09/2023;12;0,169;R
ES0000000000003960CCPF;23/09/2023;13;0,193;R
ES0000000000003960CCPF;23/09/2023;14;0,169;R
ES0000000000003960CCPF;23/09/2023;15;0,176;R
ES0000000000003960CCPF;23/09/2023;16;0,143;R
ES0000000000003960CCPF;23/09/2023;17;0,19;R
ES0000000000003960CCPF;23/09/2023;18;0,17;R
ES0000000000003960CCPF;23/09/2023;19;0,2;R
ES0000000000003960CCPF;23/09/2023;20;0,154;R
ES0000000000003960CCPF;23/09/2023;21;0,201;R
ES0000000000003960CCPF;23/09/2023;22;0,338;R
ES0000000000003960CCPF;23/09/2023;23;0,269;R
ES0000000000003960CCPF;24/09/2023;0;0,26;R
ES0000000000003960CCPF;24/09/2023;1;0,212;R
ES0000000000003960CCPF;24/09/2023;2;0,21;R
ES0000000000003960CCPF;24/09/2023;3;0,241;R
ES0000000000003960CCPF;24/09/2023;4;0,252;R
ES0000000000003960CCPF;24/09/2023;5;0,261;R
ES0000000000003960CCPF;24/09/2023;6;0,187;R
ES0000000000003960CCPF;24/09/2023;7;0,228;R
ES0000000000003960CCPF;24/09/2023;8;0,172;R
ES0000000000003960CCPF;24/09/2023;9;0,2;R
ES0000000000003960CCPF;24/09/2023;10;0,237;R
ES0000000000003960CCPF;24/09/2023;11;0,249;R
ES0000000000003960CCPF;24/09/2023;12;0,226;R
ES0000000000003960CCPF;24/09/2023;13;0,217;R
ES0000000000003960CCPF;24/09/2023;14;0,229;R
ES0000000000003960CCPF;24/09/2023;15;0,65;R
ES0000000000003960CCPF;24/09/2023;16;0,509;R
ES0000000000003960CCPF;24/09/2023;17;0,595;R
ES0000000000003960CCPF;24/09/2023;18;0,457;R
ES0000000000003960CCPF;24/09/2023;19;0,374;R
ES0000000000003960CCPF;24/09/2023;20;0,747;R
ES0000000000003960CCPF;24/09/2023;21;0,298;R
ES0000000000003960CCPF;24/09/2023;22;0,354;R
ES0000000000003960CCPF;24/09/2023;23;0,884;R
ES0000000000003960CCPF;25/09/2023;0;0,297;R
ES0000000000003960CCPF;25/09/2023;1;0,207;R
ES0000000000003960CCPF;25/09/2023;2;0,221;R
ES0000000000003960CCPF;25/09/2023;3;0,18;R
ES0000000000003960CCPF;25/09/2023;4;0,209;R
ES0000000000003960CCPF;25/09/2023;5;0,167;R
ES0000000000003960CCPF;25/09/2023;6;0,205;R
ES0000000000003960CCPF;25/09/2023;7;0,174;R
ES0000000000003960CCPF;25/09/2023;8;0,214;R
ES0000000000003960CCPF;25/09/2023;9;0,174;R
ES0000000000003960CCPF;25/09/2023;10;0,313;R
ES0000000000003960CCPF;25/09/2023;11;0,257;R
ES0000000000003960CCPF;25/09/2023;12;0,306;R
ES0000000000003960CCPF;25/09/2023;13;0,203;R
ES0000000000003960CCPF;25/09/2023;14;0,425;R
ES0000000000003960CCPF;25/09/2023;15;0,284;R
ES0000000000003960CCPF;25/09/2023;16;0,541;R
ES0000000000003960CCPF;25/09/2023;17;0,213;R
ES0000000000003960CCPF;25/09/2023;18;0,237;R
ES0000000000003960CCPF;25/09/2023;19;0,183;R
ES0000000000003960CCPF;25/09/2023;20;0,206;R
ES0000000000003960CCPF;25/09/2023;21;0,229;R
ES0000000000003960CCPF;25/09/2023;22;0,323;R
ES0000000000003960CCPF;25/09/2023;23;0,289;R
ES0000000000003960CCPF;26/09/2023;0;0,381;R
ES0000000000003960CCPF;26/09/2023;1;0,288;R
ES0000000000003960CCPF;26/09/2023;2;0,276;R
ES0000000000003960CCPF;26/09/2023;3;0,204;R
ES0000000000003960CCPF;26/09/2023;4;0,23;R
ES0000000000003960CCPF;26/09/2023;5;0,211;R
ES0000000000003960CCPF;26/09/2023;6;0,193;R
ES0000000000003960CCPF;26/09/2023;7;0,194;R
ES0000000000003960CCPF;26/09/2023;8;0,363;R
ES0000000000003960CCPF;26/09/2023;9;0,216;R
ES0000000000003960CCPF;26/09/2023;10;0,291;R
ES0000000000003960CCPF;26/09/2023;11;0,265;R
ES0000000000003960CCPF;26/09/2023;12;0,221;R
ES0000000000003960CCPF;26/09/2023;13;0,266;R
ES0000000000003960CCPF;26/09/2023;14;0,36;R
ES0000000000003960CCPF;26/09/2023;15;0,261;R
ES0000000000003960CCPF;26/09/2023;16;0,201;R
ES0000000000003960CCPF;26/09/2023;17;0,272;R
ES0000000000003960CCPF;26/09/2023;18;0,185;R
ES0000000000003960CCPF;26/09/2023;19;0,226;R
ES0000000000003960CCPF;26/09/2023;20;0,186;R
ES0000000000003960CCPF;26/09/2023;21;0,28;R
ES0000000000003960CCPF;26/09/2023;22;0,282;R
ES0000000000003960CCPF;26/09/2023;23;0,326;R
ES0000000000003960CCPF;27/09/2023;0;0,259;R
ES0000000000003960CCPF;27/09/2023;1;0,344;R
ES0000000000003960CCPF;27/09/2023;2;0,262;R
ES0000000000003960CCPF;27/09/2023;3;0,486;R
ES0000000000003960CCPF;27/09/2023;4;0,316;R
ES0000000000003960CCPF;27/09/2023;5;0,787;R
ES0000000000003960CCPF;27/09/2023;6;0,226;R
ES0000000000003960CCPF;27/09/2023;7;0,24;R
ES0000000000003960CCPF;27/09/2023;8;0,266;R
ES0000000000003960CCPF;27/09/2023;9;0,285;R
ES0000000000003960CCPF;27/09/2023;10;0,209;R
ES0000000000003960CCPF;27/09/2023;11;0,342;R
ES0000000000003960CCPF;27/09/2023;12;0,292;R
ES0000000000003960CCPF;27/09/2023;13;0,252;R
ES0000000000003960CCPF;27/09/2023;14;0,277;R
ES0000000000003960CCPF;27/09/2023;15;0,845;R
ES0000000000003960CCPF;27/09/2023;16;0,676;R
ES0000000000003960CCPF;27/09/2023;17;0,277;R
ES0000000000003960CCPF;27/09/2023;18;0,236;R
ES0000000000003960CCPF;27/09/2023;19;0,332;R
ES0000000000003960CCPF;27/09/2023;20;0,477;R
ES0000000000003960CCPF;27/09/2023;21;0,414;R
ES0000000000003960CCPF;27/09/2023;22;0,383;R
ES0000000000003960CCPF;27/09/2023;23;0,403;R
ES0000000000003960CCPF;28/09/2023;0;0,504;R
ES0000000000003960CCPF;28/09/2023;1;0,266;R
ES0000000000003960CCPF;28/09/2023;2;0,29;R
ES0000000000003960CCPF;28/09/2023;3;0,24;R
ES0000000000003960CCPF;28/09/2023;4;0,56;R
ES0000000000003960CCPF;28/09/2023;5;0,381;R
ES0000000000003960CCPF;28/09/2023;6;0,64;R
ES0000000000003960CCPF;28/09/2023;7;0,215;R
ES0000000000003960CCPF;28/09/2023;8;0,3;R
ES0000000000003960CCPF;28/09/2023;9;0,316;R
ES0000000000003960CCPF;28/09/2023;10;0,302;R
ES0000000000003960CCPF;28/09/2023;11;0,276;R
ES0000000000003960CCPF;28/09/2023;12;0,259;R
ES0000000000003960CCPF;28/09/2023;13;0,223;R
ES0000000000003960CCPF;28/09/2023;14;0,231;R
ES0000000000003960CCPF;28/09/2023;15;0,73;R
ES0000000000003960CCPF;28/09/2023;16;0,443;R
ES0000000000003960CCPF;28/09/2023;17;0,468;R
ES0000000000003960CCPF;28/09/2023;18;0,367;R
ES0000000000003960CCPF;28/09/2023;19;0,272;R
ES0000000000003960CCPF;28/09/2023;20;0,307;R
ES0000000000003960CCPF;28/09/2023;21;0,25;R
ES0000000000003960CCPF;28/09/2023;22;0,281;R
ES0000000000003960CCPF;28/09/2023;23;0,466;R
ES0000000000003960CCPF;29/09/2023;0;0,316;R
ES0000000000003960CCPF;29/09/2023;1;0,294;R
ES0000000000003960CCPF;29/09/2023;2;0,273;R
ES0000000000003960CCPF;29/09/2023;3;0,249;R
ES0000000000003960CCPF;29/09/2023;4;0,277;R
ES0000000000003960CCPF;29/09/2023;5;0,263;R
ES0000000000003960CCPF;29/09/2023;6;0,253;R
ES0000000000003960CCPF;29/09/2023;7;0,278;R
ES0000000000003960CCPF;29/09/2023;8;0,265;R
ES0000000000003960CCPF;29/09/2023;9;0,389;R
ES0000000000003960CCPF;29/09/2023;10;0,399;R
ES0000000000003960CCPF;29/09/2023;11;0,261;R
ES0000000000003960CCPF;29/09/2023;12;0,399;R
ES0000000000003960CCPF;29/09/2023;13;0,349;R
ES0000000000003960CCPF;29/09/2023;14;0,268;R
ES0000000000003960CCPF;29/09/2023;15;0,612;R
ES0000000000003960CCPF;29/09/2023;16;0,434;R
ES0000000000003960CCPF;29/09/2023;17;0,239;R
ES0000000000003960CCPF;29/09/2023;18;0,286;R
ES0000000000003960CCPF;29/09/2023;19;0,249;R
ES0000000000003960CCPF;29/09/2023;20;0,334;R
ES0000000000003960CCPF;29/09/2023;21;0,367;R
ES0000000000003960CCPF;29/09/2023;22;0,473;R
ES0000000000003960CCPF;29/09/2023;23;0,309;R
ES0000000000003960CCPF;30/09/2023;0;0,347;R
ES0000000000003960CCPF;30/09/2023;1;0,251;R
ES0000000000003960CCPF;30/09/2023;2;0,287;R
ES0000000000003960CCPF;30/09/2023;3;0,259;R
ES0000000000003960CCPF;30/09/2023;4;0,572;R
ES0000000000003960CCPF;30/09/2023;5;0,289;R
ES0000000000003960CCPF;30/09/2023;6;0,933;R
ES0000000000003960CCPF;30/09/2023;7;0,363;R
ES0000000000003960CCPF;30/09/2023;8;0,609;R
ES0000000000003960CCPF;30/09/2023;9;1,023;R
ES0000000000003960CCPF;30/09/2023;10;0,661;R
ES0000000000003960CCPF;30/09/2023;11;0,293;R
ES0000000000003960CCPF;30/09/2023;12;0,257;R
ES0000000000003960CCPF;30/09/2023;13;0,247;R
ES0000000000003960CCPF;30/09/2023;14;0,362;R
ES0000000000003960CCPF;30/09/2023;15;0,244;R
ES0000000000003960CCPF;30/09/2023;16;0,265;R
ES0000000000003960CCPF;30/09/2023;17;0,25;R
ES0000000000003960CCPF;30/09/2023;18;0,293;R
ES0000000000003960CCPF;30/09/2023;19;0,323;R
ES0000000000003960CCPF;30/09/2023;20;0,298;R
ES0000000000003960CCPF;30/09/2023;21;0,75;R
ES0000000000003960CCPF;30/09/2023;22;0,707;R
ES0000000000003960CCPF;30/09/2023;23;0,533;R
ES0000000000003960CCPF;01/10/2023;0;0,285;R
ES0000000000003960CCPF;01/10/2023;1;0,334;R
ES0000000000003960CCPF;01/10/2023;2;0,262;R
ES0000000000003960CCPF;01/10/2023;3;0,225;R
ES0000000000003960CCPF;01/10/2023;4;0,263;R
ES0000000000003960CCPF;01/10/2023;5;0,219;R
ES0000000000003960CCPF;01/10/2023;6;0,267;R
ES0000000000003960CCPF;01/10/2023;7;0,236;R
ES0000000000003960CCPF;01/10/2023;8;0,279;R
ES0000000000003960CCPF;01/10/2023;9;0,324;R
ES0000000000003960CCPF;01/10/2023;10;0,506;R
ES0000000000003960CCPF;01/10/2023;11;0,573;R
ES0000000000003960CCPF;01/10/2023;12;0,524;R
ES0000000000003960CCPF;01/10/2023;13;0,838;R
ES0000000000003960CCPF;01/10/2023;14;0,4;R
ES0000000000003960CCPF;01/10/2023;15;0,968;R
ES0000000000003960CCPF;01/10/2023;16;0,756;R
ES0000000000003960CCPF;01/10/2023;17;0,352;R
ES0000000000003960CCPF;01/10/2023;18;0,321;R
ES0000000000003960CCPF;01/10/2023;19;0,426;R
ES0000000000003960CCPF;01/10/2023;20;0,48;R
ES0000000000003960CCPF;01/10/2023;21;0,374;R
ES0000000000003960CCPF;01/10/2023;22;0,441;R
ES0000000000003960CCPF;01/10/2023;23;0,381;R
ES0000000000003960CCPF;02/10/2023;0;0,378;R
