CUPS;Fecha;Hora;Consumo;Metodo_obtencion
ES0000000000003582CCPF;01/09/2022;1;0,128;R
ES0000000000003582CCPF;01/09/2022;2;0,169;R
ES0000000000003582CCPF;01/09/2022;3;0,168;R
ES0000000000003582CCPF;01/09/2022;4;0,129;R
ES0000000000003582CCPF;01/09/2022;5;0,11;R
ES0000000000003582CCPF;01/09/2022;6;0,092;R
ES0000000000003582CCPF;01/09/2022;7;0,169;R
ES0000000000003582CCPF;01/09/2022;8;0,188;R
ES0000000000003582CCPF;01/09/2022;9;0,175;R
ES0000000000003582CCPF;01/09/2022;10;0,169;R
ES0000000000003582CCPF;01/09/2022;11;0,082;R
ES0000000000003582CCPF;01/09/2022;12;0,111;R
ES0000000000003582CCPF;01/09/2022;13;0,161;R
ES0000000000003582CCPF;01/09/2022;14;0,17;R
ES0000000000003582CCPF;01/09/2022;15;0,167;R
ES0000000000003582CCPF;01/09/2022;16;0,095;R
ES0000000000003582CCPF;01/09/2022;17;0,109;R
ES0000000000003582CCPF;01/09/2022;18;0,131;R
ES0000000000003582CCPF;01/09/2022;19;0,17;R
ES0000000000003582CCPF;01/09/2022;20;0,168;R
ES0000000000003582CCPF;01/09/2022;21;0,125;R
ES0000000000003582CCPF;01/09/2022;22;0,11;R
ES0000000000003582CCPF;01/09/2022;23;0,095;R
ES0000000000003582CCPF;02/09/2022;0;0,169;R
ES0000000000003582CCPF;02/09/2022;1;0,168;R
ES0000000000003582CCPF;02/09/2022;2;0,157;R
ES0000000000003582CCPF;02/09/2022;3;0,092;R
ES0000000000003582CCPF;02/09/2022;4;0,094;R
ES0000000000003582CCPF;02/09/2022;5;0,155;R
ES0000000000003582CCPF;02/09/2022;6;0,168;R
ES0000000000003582CCPF;02/09/2022;7;0,168;R
ES0000000000003582CCPF;02/09/2022;8;0,193;R
ES0000000000003582CCPF;02/09/2022;9;0,121;R
ES0000000000003582CCPF;02/09/2022;10;0,088;R
ES0000000000003582CCPF;02/09/2022;11;0,155;R
ES0000000000003582CCPF;02/09/2022;12;0,168;R
ES0000000000003582CCPF;02/09/2022;13;0,168;R
ES0000000000003582CCPF;02/09/2022;14;0,159;R
ES0000000000003582CCPF;02/09/2022;15;0,113;R
ES0000000000003582CCPF;02/09/2022;16;0,101;R
ES0000000000003582CCPF;02/09/2022;17;0,169;R
ES0000000000003582CCPF;02/09/2022;18;0,168;R
ES0000000000003582CCPF;02/09/2022;19;0,13;R
ES0000000000003582CCPF;02/09/2022;20;0,106;R
ES0000000000003582CCPF;02/09/2022;21;0,084;R
ES0000000000003582CCPF;02/09/2022;22;0,169;R
ES0000000000003582CCPF;02/09/2022;23;0,168;R
ES0000000000003582CCPF;03/09/2022;0;0,152;R
ES0000000000003582CCPF;03/09/2022;1;0,089;R
ES0000000000003582CCPF;03/09/2022;2;0,097;R
ES0000000000003582CCPF;03/09/2022;3;0,15;R
ES0000000000003582CCPF;03/09/2022;4;0,168;R
ES0000000000003582CCPF;03/09/2022;5;0,168;R
ES0000000000003582CCPF;03/09/2022;6;0,082;R
ES0000000000003582CCPF;03/09/2022;7;0,109;R
ES0000000000003582CCPF;03/09/2022;8;0,126;R
ES0000000000003582CCPF;03/09/2022;9;0,19;R
ES0000000000003582CCPF;03/09/2022;10;0,172;R
ES0000000000003582CCPF;03/09/2022;11;0,169;R
ES0000000000003582CCPF;03/09/2022;12;0,103;R
ES0000000000003582CCPF;03/09/2022;13;0,111;R
ES0000000000003582CCPF;03/09/2022;14;0,12;R
ES0000000000003582CCPF;03/09/2022;15;0,169;R
ES0000000000003582CCPF;03/09/2022;16;0,168;R
ES0000000000003582CCPF;03/09/2022;17;0,107;R
ES0000000000003582CCPF;03/09/2022;18;0,109;R
ES0000000000003582CCPF;03/09/2022;19;0,104;R
ES0000000000003582CCPF;03/09/2022;20;0,169;R
ES0000000000003582CCPF;03/09/2022;21;0,167;R
ES0000000000003582CCPF;03/09/2022;22;0,124;R
ES0000000000003582CCPF;03/09/2022;23;0,11;R
ES0000000000003582CCPF;04/09/2022;0;0,081;R
ES0000000000003582CCPF;04/09/2022;1;0,371;R
ES0000000000003582CCPF;04/09/2022;2;0,182;R
ES0000000000003582CCPF;04/09/2022;3;0,172;R
ES0000000000003582CCPF;04/09/2022;4;0,172;R
ES0000000000003582CCPF;04/09/2022;5;0,16;R
ES0000000000003582CCPF;04/09/2022;6;0,088;R
ES0000000000003582CCPF;04/09/2022;7;0,172;R
ES0000000000003582CCPF;04/09/2022;8;0,126;R
ES0000000000003582CCPF;04/09/2022;9;0,111;R
ES0000000000003582CCPF;04/09/2022;10;0,249;R
ES0000000000003582CCPF;04/09/2022;11;0,338;R
ES0000000000003582CCPF;04/09/2022;12;0,311;R
ES0000000000003582CCPF;04/09/2022;13;0,169;R
ES0000000000003582CCPF;04/09/2022;14;0,158;R
ES0000000000003582CCPF;04/09/2022;15;0,103;R
ES0000000000003582CCPF;04/09/2022;16;0,132;R
ES0000000000003582CCPF;04/09/2022;17;0,142;R
ES0000000000003582CCPF;04/09/2022;18;0,085;R
ES0000000000003582CCPF;04/09/2022;19;0,161;R
ES0000000000003582CCPF;04/09/2022;20;0,109;R
ES0000000000003582CCPF;04/09/2022;21;0,11;R
ES0000000000003582CCPF;04/09/2022;22;0,162;R
ES0000000000003582CCPF;04/09/2022;23;0,087;R
ES0000000000003582CCPF;05/09/2022;0;0,129;R
ES0000000000003582CCPF;05/09/2022;1;0,161;R
ES0000000000003582CCPF;05/09/2022;2;0,071;R
ES0000000000003582CCPF;05/09/2022;3;0,169;R
ES0000000000003582CCPF;05/09/2022;4;0,166;R
ES0000000000003582CCPF;05/09/2022;5;0,117;R
ES0000000000003582CCPF;05/09/2022;6;0,112;R
ES0000000000003582CCPF;05/09/2022;7;0,162;R
ES0000000000003582CCPF;05/09/2022;8;0,078;R
ES0000000000003582CCPF;05/09/2022;9;0,146;R
ES0000000000003582CCPF;05/09/2022;10;0,145;R
ES0000000000003582CCPF;05/09/2022;11;0,557;R
ES0000000000003582CCPF;05/09/2022;12;0,478;R
ES0000000000003582CCPF;05/09/2022;13;0,505;R
ES0000000000003582CCPF;05/09/2022;14;0,116;R
ES0000000000003582CCPF;05/09/2022;15;0,121;R
ES0000000000003582CCPF;05/09/2022;16;0,16;R
ES0000000000003582CCPF;05/09/2022;17;0,089;R
ES0000000000003582CCPF;05/09/2022;18;0,121;R
ES0000000000003582CCPF;05/09/2022;19;0,161;R
ES0000000000003582CCPF;05/09/2022;20;0,08;R
ES0000000000003582CCPF;05/09/2022;21;0,127;R
ES0000000000003582CCPF;05/09/2022;22;0,158;R
ES0000000000003582CCPF;05/09/2022;23;0,07;R
ES0000000000003582CCPF;06/09/2022;0;0,143;R
ES0000000000003582CCPF;06/09/2022;1;0,146;R
ES0000000000003582CCPF;06/09/2022;2;0,07;R
ES0000000000003582CCPF;06/09/2022;3;0,175;R
ES0000000000003582CCPF;06/09/2022;4;0,164;R
ES0000000000003582CCPF;06/09/2022;5;0,085;R
ES0000000000003582CCPF;06/09/2022;6;0,143;R
ES0000000000003582CCPF;06/09/2022;7;0,143;R
ES0000000000003582CCPF;06/09/2022;8;0,085;R
ES0000000000003582CCPF;06/09/2022;9;0,152;R
ES0000000000003582CCPF;06/09/2022;10;0,121;R
ES0000000000003582CCPF;06/09/2022;11;0,092;R
ES0000000000003582CCPF;06/09/2022;12;0,16;R
ES0000000000003582CCPF;06/09/2022;13;0,105;R
ES0000000000003582CCPF;06/09/2022;14;0,356;R
ES0000000000003582CCPF;06/09/2022;15;0,443;R
ES0000000000003582CCPF;06/09/2022;16;0,447;R
ES0000000000003582CCPF;06/09/2022;17;0,415;R
ES0000000000003582CCPF;06/09/2022;18;0,394;R
ES0000000000003582CCPF;06/09/2022;19;0,395;R
ES0000000000003582CCPF;06/09/2022;20;0,337;R
ES0000000000003582CCPF;06/09/2022;21;0,26;R
ES0000000000003582CCPF;06/09/2022;22;0,172;R
ES0000000000003582CCPF;06/09/2022;23;0,369;R
ES0000000000003582CCPF;07/09/2022;0;0,516;R
ES0000000000003582CCPF;07/09/2022;1;0,355;R
ES0000000000003582CCPF;07/09/2022;2;0,172;R
ES0000000000003582CCPF;07/09/2022;3;0,17;R
ES0000000000003582CCPF;07/09/2022;4;0,166;R
ES0000000000003582CCPF;07/09/2022;5;0,166;R
ES0000000000003582CCPF;07/09/2022;6;0,17;R
ES0000000000003582CCPF;07/09/2022;7;0,179;R
ES0000000000003582CCPF;07/09/2022;8;0,115;R
ES0000000000003582CCPF;07/09/2022;9;0,183;R
ES0000000000003582CCPF;07/09/2022;10;0,342;R
ES0000000000003582CCPF;07/09/2022;11;0,779;R
ES0000000000003582CCPF;07/09/2022;12;0,602;R
ES0000000000003582CCPF;07/09/2022;13;0,343;R
ES0000000000003582CCPF;07/09/2022;14;0,267;R
ES0000000000003582CCPF;07/09/2022;15;0,247;R
ES0000000000003582CCPF;07/09/2022;16;0,257;R
ES0000000000003582CCPF;07/09/2022;17;0,4;R
ES0000000000003582CCPF;07/09/2022;18;0,361;R
ES0000000000003582CCPF;07/09/2022;19;0,342;R
ES0000000000003582CCPF;07/09/2022;20;0,363;R
ES0000000000003582CCPF;07/09/2022;21;0,652;R
ES0000000000003582CCPF;07/09/2022;22;0,855;R
ES0000000000003582CCPF;07/09/2022;23;0,468;R
ES0000000000003582CCPF;08/09/2022;0;0,502;R
ES0000000000003582CCPF;08/09/2022;1;0,398;R
ES0000000000003582CCPF;08/09/2022;2;0,226;R
ES0000000000003582CCPF;08/09/2022;3;0,195;R
ES0000000000003582CCPF;08/09/2022;4;0,194;R
ES0000000000003582CCPF;08/09/2022;5;0,192;R
ES0000000000003582CCPF;08/09/2022;6;0,188;R
ES0000000000003582CCPF;08/09/2022;7;0,185;R
ES0000000000003582CCPF;08/09/2022;8;0,179;R
ES0000000000003582CCPF;08/09/2022;9;0,652;R
ES0000000000003582CCPF;08/09/2022;10;0,418;R
ES0000000000003582CCPF;08/09/2022;11;0,65;R
ES0000000000003582CCPF;08/09/2022;12;0,896;R
ES0000000000003582CCPF;08/09/2022;13;0,384;R
ES0000000000003582CCPF;08/09/2022;14;0,376;R
ES0000000000003582CCPF;08/09/2022;15;0,441;R
ES0000000000003582CCPF;08/09/2022;16;0,374;R
ES0000000000003582CCPF;08/09/2022;17;0,359;R
ES0000000000003582CCPF;08/09/2022;18;0,367;R
ES0000000000003582CCPF;08/09/2022;19;0,422;R
ES0000000000003582CCPF;08/09/2022;20;0,311;R
ES0000000000003582CCPF;08/09/2022;21;0,504;R
ES0000000000003582CCPF;08/09/2022;22;1,778;R
ES0000000000003582CCPF;08/09/2022;23;1,119;R
ES0000000000003582CCPF;09/09/2022;0;0,369;R
ES0000000000003582CCPF;09/09/2022;1;0,195;R
ES0000000000003582CCPF;09/09/2022;2;0,201;R
ES0000000000003582CCPF;09/09/2022;3;0,195;R
ES0000000000003582CCPF;09/09/2022;4;0,194;R
ES0000000000003582CCPF;09/09/2022;5;0,193;R
ES0000000000003582CCPF;09/09/2022;6;0,195;R
ES0000000000003582CCPF;09/09/2022;7;0,215;R
ES0000000000003582CCPF;09/09/2022;8;0,456;R
ES0000000000003582CCPF;09/09/2022;9;0,161;R
ES0000000000003582CCPF;09/09/2022;10;0,376;R
ES0000000000003582CCPF;09/09/2022;11;0,959;R
ES0000000000003582CCPF;09/09/2022;12;0,729;R
ES0000000000003582CCPF;09/09/2022;13;0,436;R
ES0000000000003582CCPF;09/09/2022;14;0,836;R
ES0000000000003582CCPF;09/09/2022;15;0,443;R
ES0000000000003582CCPF;09/09/2022;16;0,45;R
ES0000000000003582CCPF;09/09/2022;17;0,333;R
ES0000000000003582CCPF;09/09/2022;18;0,199;R
ES0000000000003582CCPF;09/09/2022;19;0,227;R
ES0000000000003582CCPF;09/09/2022;20;0,25;R
ES0000000000003582CCPF;09/09/2022;21;0,185;R
ES0000000000003582CCPF;09/09/2022;22;0,184;R
ES0000000000003582CCPF;09/09/2022;23;0,182;R
ES0000000000003582CCPF;10/09/2022;0;0,181;R
ES0000000000003582CCPF;10/09/2022;1;0,181;R
ES0000000000003582CCPF;10/09/2022;2;0,182;R
ES0000000000003582CCPF;10/09/2022;3;0,183;R
ES0000000000003582CCPF;10/09/2022;4;0,184;R
ES0000000000003582CCPF;10/09/2022;5;0,182;R
ES0000000000003582CCPF;10/09/2022;6;0,106;R
ES0000000000003582CCPF;10/09/2022;7;0,093;R
ES0000000000003582CCPF;10/09/2022;8;0,113;R
ES0000000000003582CCPF;10/09/2022;9;0,116;R
ES0000000000003582CCPF;10/09/2022;10;0,092;R
ES0000000000003582CCPF;10/09/2022;11;0,119;R
ES0000000000003582CCPF;10/09/2022;12;0,135;R
ES0000000000003582CCPF;10/09/2022;13;0,184;R
ES0000000000003582CCPF;10/09/2022;14;0,186;R
ES0000000000003582CCPF;10/09/2022;15;0,183;R
ES0000000000003582CCPF;10/09/2022;16;0,201;R
ES0000000000003582CCPF;10/09/2022;17;0,196;R
ES0000000000003582CCPF;10/09/2022;18;0,186;R
ES0000000000003582CCPF;10/09/2022;19;0,184;R
ES0000000000003582CCPF;10/09/2022;20;0,149;R
ES0000000000003582CCPF;10/09/2022;21;0,092;R
ES0000000000003582CCPF;10/09/2022;22;0,113;R
ES0000000000003582CCPF;10/09/2022;23;0,116;R
ES0000000000003582CCPF;11/09/2022;0;0,119;R
ES0000000000003582CCPF;11/09/2022;1;0,114;R
ES0000000000003582CCPF;11/09/2022;2;0,125;R
ES0000000000003582CCPF;11/09/2022;3;0,188;R
ES0000000000003582CCPF;11/09/2022;4;0,187;R
ES0000000000003582CCPF;11/09/2022;5;0,184;R
ES0000000000003582CCPF;11/09/2022;6;0,186;R
ES0000000000003582CCPF;11/09/2022;7;0,183;R
ES0000000000003582CCPF;11/09/2022;8;0,185;R
ES0000000000003582CCPF;11/09/2022;9;0,14;R
ES0000000000003582CCPF;11/09/2022;10;0,092;R
ES0000000000003582CCPF;11/09/2022;11;0,115;R
ES0000000000003582CCPF;11/09/2022;12;0,118;R
ES0000000000003582CCPF;11/09/2022;13;0,111;R
ES0000000000003582CCPF;11/09/2022;14;0,103;R
ES0000000000003582CCPF;11/09/2022;15;0,156;R
ES0000000000003582CCPF;11/09/2022;16;0,188;R
ES0000000000003582CCPF;11/09/2022;17;0,21;R
ES0000000000003582CCPF;11/09/2022;18;0,185;R
ES0000000000003582CCPF;11/09/2022;19;0,185;R
ES0000000000003582CCPF;11/09/2022;20;0,186;R
ES0000000000003582CCPF;11/09/2022;21;0,223;R
ES0000000000003582CCPF;11/09/2022;22;0,85;R
ES0000000000003582CCPF;11/09/2022;23;0,659;R
ES0000000000003582CCPF;12/09/2022;0;0,822;R
ES0000000000003582CCPF;12/09/2022;1;0,192;R
ES0000000000003582CCPF;12/09/2022;2;0,178;R
ES0000000000003582CCPF;12/09/2022;3;0,177;R
ES0000000000003582CCPF;12/09/2022;4;0,178;R
ES0000000000003582CCPF;12/09/2022;5;0,197;R
ES0000000000003582CCPF;12/09/2022;6;0,184;R
ES0000000000003582CCPF;12/09/2022;7;0,111;R
ES0000000000003582CCPF;12/09/2022;8;0,194;R
ES0000000000003582CCPF;12/09/2022;9;0,31;R
ES0000000000003582CCPF;12/09/2022;10;0,26;R
ES0000000000003582CCPF;12/09/2022;11;0,82;R
ES0000000000003582CCPF;12/09/2022;12;2,182;R
ES0000000000003582CCPF;12/09/2022;13;3,375;R
ES0000000000003582CCPF;12/09/2022;14;1,737;R
ES0000000000003582CCPF;12/09/2022;15;0,961;R
ES0000000000003582CCPF;12/09/2022;16;0,936;R
ES0000000000003582CCPF;12/09/2022;17;0,921;R
ES0000000000003582CCPF;12/09/2022;18;0,926;R
ES0000000000003582CCPF;12/09/2022;19;0,841;R
ES0000000000003582CCPF;12/09/2022;20;0,685;R
ES0000000000003582CCPF;12/09/2022;21;0,765;R
ES0000000000003582CCPF;12/09/2022;22;1,383;R
ES0000000000003582CCPF;12/09/2022;23;0,489;R
ES0000000000003582CCPF;13/09/2022;0;0,407;R
ES0000000000003582CCPF;13/09/2022;1;0,199;R
ES0000000000003582CCPF;13/09/2022;2;0,189;R
ES0000000000003582CCPF;13/09/2022;3;0,184;R
ES0000000000003582CCPF;13/09/2022;4;0,18;R
ES0000000000003582CCPF;13/09/2022;5;0,167;R
ES0000000000003582CCPF;13/09/2022;6;0,166;R
ES0000000000003582CCPF;13/09/2022;7;0,083;R
ES0000000000003582CCPF;13/09/2022;8;0,492;R
ES0000000000003582CCPF;13/09/2022;9;0,581;R
ES0000000000003582CCPF;13/09/2022;10;0,253;R
ES0000000000003582CCPF;13/09/2022;11;0,259;R
ES0000000000003582CCPF;13/09/2022;12;0,257;R
ES0000000000003582CCPF;13/09/2022;13;0,279;R
ES0000000000003582CCPF;13/09/2022;14;0,571;R
ES0000000000003582CCPF;13/09/2022;15;0,408;R
ES0000000000003582CCPF;13/09/2022;16;0,343;R
ES0000000000003582CCPF;13/09/2022;17;0,328;R
ES0000000000003582CCPF;13/09/2022;18;0,356;R
ES0000000000003582CCPF;13/09/2022;19;0,371;R
ES0000000000003582CCPF;13/09/2022;20;0,413;R
ES0000000000003582CCPF;13/09/2022;21;1,276;R
ES0000000000003582CCPF;13/09/2022;22;0,983;R
ES0000000000003582CCPF;13/09/2022;23;0,785;R
ES0000000000003582CCPF;14/09/2022;0;0,671;R
ES0000000000003582CCPF;14/09/2022;1;0,136;R
ES0000000000003582CCPF;14/09/2022;2;0,175;R
ES0000000000003582CCPF;14/09/2022;3;0,087;R
ES0000000000003582CCPF;14/09/2022;4;0,134;R
ES0000000000003582CCPF;14/09/2022;5;0,171;R
ES0000000000003582CCPF;14/09/2022;6;0,085;R
ES0000000000003582CCPF;14/09/2022;7;0,116;R
ES0000000000003582CCPF;14/09/2022;8;0,379;R
ES0000000000003582CCPF;14/09/2022;9;0,46;R
ES0000000000003582CCPF;14/09/2022;10;0,305;R
ES0000000000003582CCPF;14/09/2022;11;0,816;R
ES0000000000003582CCPF;14/09/2022;12;0,845;R
ES0000000000003582CCPF;14/09/2022;13;0,677;R
ES0000000000003582CCPF;14/09/2022;14;1,235;R
ES0000000000003582CCPF;14/09/2022;15;0,701;R
ES0000000000003582CCPF;14/09/2022;16;0,366;R
ES0000000000003582CCPF;14/09/2022;17;0,241;R
ES0000000000003582CCPF;14/09/2022;18;0,245;R
ES0000000000003582CCPF;14/09/2022;19;0,229;R
ES0000000000003582CCPF;14/09/2022;20;0,357;R
ES0000000000003582CCPF;14/09/2022;21;0,409;R
ES0000000000003582CCPF;14/09/2022;22;0,511;R
ES0000000000003582CCPF;14/09/2022;23;0,638;R
ES0000000000003582CCPF;15/09/2022;0;0,401;R
ES0000000000003582CCPF;15/09/2022;1;0,133;R
ES0000000000003582CCPF;15/09/2022;2;0,104;R
ES0000000000003582CCPF;15/09/2022;3;0,154;R
ES0000000000003582CCPF;15/09/2022;4;0,171;R
ES0000000000003582CCPF;15/09/2022;5;0,089;R
ES0000000000003582CCPF;15/09/2022;6;0,096;R
ES0000000000003582CCPF;15/09/2022;7;0,167;R
ES0000000000003582CCPF;15/09/2022;8;0,391;R
ES0000000000003582CCPF;15/09/2022;9;0,47;R
ES0000000000003582CCPF;15/09/2022;10;0,329;R
ES0000000000003582CCPF;15/09/2022;11;0,355;R
ES0000000000003582CCPF;15/09/2022;12;0,267;R
ES0000000000003582CCPF;15/09/2022;13;0,303;R
ES0000000000003582CCPF;15/09/2022;14;0,592;R
ES0000000000003582CCPF;15/09/2022;15;0,386;R
ES0000000000003582CCPF;15/09/2022;16;0,371;R
ES0000000000003582CCPF;15/09/2022;17;0,3;R
ES0000000000003582CCPF;15/09/2022;18;0,258;R
ES0000000000003582CCPF;15/09/2022;19;0,231;R
ES0000000000003582CCPF;15/09/2022;20;0,142;R
ES0000000000003582CCPF;15/09/2022;21;0,347;R
ES0000000000003582CCPF;15/09/2022;22;0,694;R
ES0000000000003582CCPF;15/09/2022;23;0,646;R
ES0000000000003582CCPF;16/09/2022;0;0,833;R
ES0000000000003582CCPF;16/09/2022;1;0,12;R
ES0000000000003582CCPF;16/09/2022;2;0,098;R
ES0000000000003582CCPF;16/09/2022;3;0,184;R
ES0000000000003582CCPF;16/09/2022;4;0,187;R
ES0000000000003582CCPF;16/09/2022;5;0,107;R
ES0000000000003582CCPF;16/09/2022;6;0,111;R
ES0000000000003582CCPF;16/09/2022;7;0,364;R
ES0000000000003582CCPF;16/09/2022;8;0,529;R
ES0000000000003582CCPF;16/09/2022;9;0,201;R
ES0000000000003582CCPF;16/09/2022;10;0,216;R
ES0000000000003582CCPF;16/09/2022;11;0,498;R
ES0000000000003582CCPF;16/09/2022;12;0,676;R
ES0000000000003582CCPF;16/09/2022;13;0,259;R
ES0000000000003582CCPF;16/09/2022;14;0,745;R
ES0000000000003582CCPF;16/09/2022;15;0,24;R
ES0000000000003582CCPF;16/09/2022;16;0,27;R
ES0000000000003582CCPF;16/09/2022;17;0,315;R
ES0000000000003582CCPF;16/09/2022;18;0,257;R
ES0000000000003582CCPF;16/09/2022;19;0,233;R
ES0000000000003582CCPF;16/09/2022;20;0,133;R
ES0000000000003582CCPF;16/09/2022;21;0,171;R
ES0000000000003582CCPF;16/09/2022;22;0,146;R
ES0000000000003582CCPF;16/09/2022;23;0,084;R
ES0000000000003582CCPF;17/09/2022;0;0,103;R
ES0000000000003582CCPF;17/09/2022;1;0,106;R
ES0000000000003582CCPF;17/09/2022;2;0,168;R
ES0000000000003582CCPF;17/09/2022;3;0,195;R
ES0000000000003582CCPF;17/09/2022;4;0,169;R
ES0000000000003582CCPF;17/09/2022;5;0,092;R
ES0000000000003582CCPF;17/09/2022;6;0,106;R
ES0000000000003582CCPF;17/09/2022;7;0,111;R
ES0000000000003582CCPF;17/09/2022;8;0,124;R
ES0000000000003582CCPF;17/09/2022;9;0,167;R
ES0000000000003582CCPF;17/09/2022;10;0,149;R
ES0000000000003582CCPF;17/09/2022;11;0,077;R
ES0000000000003582CCPF;17/09/2022;12;0,109;R
ES0000000000003582CCPF;17/09/2022;13;0,086;R
ES0000000000003582CCPF;17/09/2022;14;0,165;R
ES0000000000003582CCPF;17/09/2022;15;0,166;R
ES0000000000003582CCPF;17/09/2022;16;0,133;R
ES0000000000003582CCPF;17/09/2022;17;0,076;R
ES0000000000003582CCPF;17/09/2022;18;0,11;R
ES0000000000003582CCPF;17/09/2022;19;0,076;R
ES0000000000003582CCPF;17/09/2022;20;0,168;R
ES0000000000003582CCPF;17/09/2022;21;0,166;R
ES0000000000003582CCPF;17/09/2022;22;0,115;R
ES0000000000003582CCPF;17/09/2022;23;0,096;R
ES0000000000003582CCPF;18/09/2022;0;0,09;R
ES0000000000003582CCPF;18/09/2022;1;0,11;R
ES0000000000003582CCPF;18/09/2022;2;0,168;R
ES0000000000003582CCPF;18/09/2022;3;0,165;R
ES0000000000003582CCPF;18/09/2022;4;0,166;R
ES0000000000003582CCPF;18/09/2022;5;0,119;R
ES0000000000003582CCPF;18/09/2022;6;0,111;R
ES0000000000003582CCPF;18/09/2022;7;0,111;R
ES0000000000003582CCPF;18/09/2022;8;0,168;R
ES0000000000003582CCPF;18/09/2022;9;0,166;R
ES0000000000003582CCPF;18/09/2022;10;0,082;R
ES0000000000003582CCPF;18/09/2022;11;0,108;R
ES0000000000003582CCPF;18/09/2022;12;0,076;R
ES0000000000003582CCPF;18/09/2022;13;0,125;R
ES0000000000003582CCPF;18/09/2022;14;0,168;R
ES0000000000003582CCPF;18/09/2022;15;0,168;R
ES0000000000003582CCPF;18/09/2022;16;0,12;R
ES0000000000003582CCPF;18/09/2022;17;0,08;R
ES0000000000003582CCPF;18/09/2022;18;0,105;R
ES0000000000003582CCPF;18/09/2022;19;0,094;R
ES0000000000003582CCPF;18/09/2022;20;0,158;R
ES0000000000003582CCPF;18/09/2022;21;0,166;R
ES0000000000003582CCPF;18/09/2022;22;0,158;R
ES0000000000003582CCPF;18/09/2022;23;0,076;R
ES0000000000003582CCPF;19/09/2022;0;0,286;R
ES0000000000003582CCPF;19/09/2022;1;0,339;R
ES0000000000003582CCPF;19/09/2022;2;0,18;R
ES0000000000003582CCPF;19/09/2022;3;0,152;R
ES0000000000003582CCPF;19/09/2022;4;0,099;R
ES0000000000003582CCPF;19/09/2022;5;0,1;R
ES0000000000003582CCPF;19/09/2022;6;0,119;R
ES0000000000003582CCPF;19/09/2022;7;0,152;R
ES0000000000003582CCPF;19/09/2022;8;0,248;R
ES0000000000003582CCPF;19/09/2022;9;0,423;R
ES0000000000003582CCPF;19/09/2022;10;0,37;R
ES0000000000003582CCPF;19/09/2022;11;0,802;R
ES0000000000003582CCPF;19/09/2022;12;0,802;R
ES0000000000003582CCPF;19/09/2022;13;0,561;R
ES0000000000003582CCPF;19/09/2022;14;0,675;R
ES0000000000003582CCPF;19/09/2022;15;0,358;R
ES0000000000003582CCPF;19/09/2022;16;0,408;R
ES0000000000003582CCPF;19/09/2022;17;0,384;R
ES0000000000003582CCPF;19/09/2022;18;0,37;R
ES0000000000003582CCPF;19/09/2022;19;0,339;R
ES0000000000003582CCPF;19/09/2022;20;0,472;R
ES0000000000003582CCPF;19/09/2022;21;0,826;R
ES0000000000003582CCPF;19/09/2022;22;0,916;R
ES0000000000003582CCPF;19/09/2022;23;0,667;R
ES0000000000003582CCPF;20/09/2022;0;0,471;R
ES0000000000003582CCPF;20/09/2022;1;0,186;R
ES0000000000003582CCPF;20/09/2022;2;0,084;R
ES0000000000003582CCPF;20/09/2022;3;0,115;R
ES0000000000003582CCPF;20/09/2022;4;0,078;R
ES0000000000003582CCPF;20/09/2022;5;0,165;R
ES0000000000003582CCPF;20/09/2022;6;0,169;R
ES0000000000003582CCPF;20/09/2022;7;0,15;R
ES0000000000003582CCPF;20/09/2022;8;0,339;R
ES0000000000003582CCPF;20/09/2022;9;0,357;R
ES0000000000003582CCPF;20/09/2022;10;0,282;R
ES0000000000003582CCPF;20/09/2022;11;0,315;R
ES0000000000003582CCPF;20/09/2022;12;0,304;R
ES0000000000003582CCPF;20/09/2022;13;0,222;R
ES0000000000003582CCPF;20/09/2022;14;0,315;R
ES0000000000003582CCPF;20/09/2022;15;0,347;R
ES0000000000003582CCPF;20/09/2022;16;0,317;R
ES0000000000003582CCPF;20/09/2022;17;0,343;R
ES0000000000003582CCPF;20/09/2022;18;0,299;R
ES0000000000003582CCPF;20/09/2022;19;0,316;R
ES0000000000003582CCPF;20/09/2022;20;0,364;R
ES0000000000003582CCPF;20/09/2022;21;0,373;R
ES0000000000003582CCPF;20/09/2022;22;0,637;R
ES0000000000003582CCPF;20/09/2022;23;0,791;R
ES0000000000003582CCPF;21/09/2022;0;0,785;R
ES0000000000003582CCPF;21/09/2022;1;0,186;R
ES0000000000003582CCPF;21/09/2022;2;0,174;R
ES0000000000003582CCPF;21/09/2022;3;0,173;R
ES0000000000003582CCPF;21/09/2022;4;0,172;R
ES0000000000003582CCPF;21/09/2022;5;0,146;R
ES0000000000003582CCPF;21/09/2022;6;0,117;R
ES0000000000003582CCPF;21/09/2022;7;0,117;R
ES0000000000003582CCPF;21/09/2022;8;0,274;R
ES0000000000003582CCPF;21/09/2022;9;0,404;R
ES0000000000003582CCPF;21/09/2022;10;0,543;R
ES0000000000003582CCPF;21/09/2022;11;0,764;R
ES0000000000003582CCPF;21/09/2022;12;0,757;R
ES0000000000003582CCPF;21/09/2022;13;0,686;R
ES0000000000003582CCPF;21/09/2022;14;0,812;R
ES0000000000003582CCPF;21/09/2022;15;0,413;R
ES0000000000003582CCPF;21/09/2022;16;0,398;R
ES0000000000003582CCPF;21/09/2022;17;0,374;R
ES0000000000003582CCPF;21/09/2022;18;0,329;R
ES0000000000003582CCPF;21/09/2022;19;0,498;R
ES0000000000003582CCPF;21/09/2022;20;0,587;R
ES0000000000003582CCPF;21/09/2022;21;0,562;R
ES0000000000003582CCPF;21/09/2022;22;0,556;R
ES0000000000003582CCPF;21/09/2022;23;0,389;R
ES0000000000003582CCPF;22/09/2022;0;0,379;R
ES0000000000003582CCPF;22/09/2022;1;0,15;R
ES0000000000003582CCPF;22/09/2022;2;0,128;R
ES0000000000003582CCPF;22/09/2022;3;0,077;R
ES0000000000003582CCPF;22/09/2022;4;0,114;R
ES0000000000003582CCPF;22/09/2022;5;0,108;R
ES0000000000003582CCPF;22/09/2022;6;0,17;R
ES0000000000003582CCPF;22/09/2022;7;0,272;R
ES0000000000003582CCPF;22/09/2022;8;0,412;R
ES0000000000003582CCPF;22/09/2022;9;0,267;R
ES0000000000003582CCPF;22/09/2022;10;0,164;R
ES0000000000003582CCPF;22/09/2022;11;0,734;R
ES0000000000003582CCPF;22/09/2022;12;0,566;R
ES0000000000003582CCPF;22/09/2022;13;0,189;R
ES0000000000003582CCPF;22/09/2022;14;0,258;R
ES0000000000003582CCPF;22/09/2022;15;0,285;R
ES0000000000003582CCPF;22/09/2022;16;0,234;R
ES0000000000003582CCPF;22/09/2022;17;0,237;R
ES0000000000003582CCPF;22/09/2022;18;0,275;R
ES0000000000003582CCPF;22/09/2022;19;0,361;R
ES0000000000003582CCPF;22/09/2022;20;0,187;R
ES0000000000003582CCPF;22/09/2022;21;0,649;R
ES0000000000003582CCPF;22/09/2022;22;1,448;R
ES0000000000003582CCPF;22/09/2022;23;0,565;R
ES0000000000003582CCPF;23/09/2022;0;0,296;R
ES0000000000003582CCPF;23/09/2022;1;0,215;R
ES0000000000003582CCPF;23/09/2022;2;0,188;R
ES0000000000003582CCPF;23/09/2022;3;0,163;R
ES0000000000003582CCPF;23/09/2022;4;0,091;R
ES0000000000003582CCPF;23/09/2022;5;0,126;R
ES0000000000003582CCPF;23/09/2022;6;0,093;R
ES0000000000003582CCPF;23/09/2022;7;0,126;R
ES0000000000003582CCPF;23/09/2022;8;0,346;R
ES0000000000003582CCPF;23/09/2022;9;0,888;R
ES0000000000003582CCPF;23/09/2022;10;0,684;R
ES0000000000003582CCPF;23/09/2022;11;0,874;R
ES0000000000003582CCPF;23/09/2022;12;0,655;R
ES0000000000003582CCPF;23/09/2022;13;0,939;R
ES0000000000003582CCPF;23/09/2022;14;0,634;R
ES0000000000003582CCPF;23/09/2022;15;0,392;R
ES0000000000003582CCPF;23/09/2022;16;0,301;R
ES0000000000003582CCPF;23/09/2022;17;0,154;R
ES0000000000003582CCPF;23/09/2022;18;0,076;R
ES0000000000003582CCPF;23/09/2022;19;0,114;R
ES0000000000003582CCPF;23/09/2022;20;0,252;R
ES0000000000003582CCPF;23/09/2022;21;0,281;R
ES0000000000003582CCPF;23/09/2022;22;0,502;R
ES0000000000003582CCPF;23/09/2022;23;0,33;R
ES0000000000003582CCPF;24/09/2022;0;1,39;R
ES0000000000003582CCPF;24/09/2022;1;0,498;R
ES0000000000003582CCPF;24/09/2022;2;0,215;R
ES0000000000003582CCPF;24/09/2022;3;0,215;R
ES0000000000003582CCPF;24/09/2022;4;0,157;R
ES0000000000003582CCPF;24/09/2022;5;0,134;R
ES0000000000003582CCPF;24/09/2022;6;0,167;R
ES0000000000003582CCPF;24/09/2022;7;0,145;R
ES0000000000003582CCPF;24/09/2022;8;0,121;R
ES0000000000003582CCPF;24/09/2022;9;0,163;R
ES0000000000003582CCPF;24/09/2022;10;0,197;R
ES0000000000003582CCPF;24/09/2022;11;0,393;R
ES0000000000003582CCPF;24/09/2022;12;0,472;R
ES0000000000003582CCPF;24/09/2022;13;0,355;R
ES0000000000003582CCPF;24/09/2022;14;0,185;R
ES0000000000003582CCPF;24/09/2022;15;0,181;R
ES0000000000003582CCPF;24/09/2022;16;0,183;R
ES0000000000003582CCPF;24/09/2022;17;0,18;R
ES0000000000003582CCPF;24/09/2022;18;0,178;R
ES0000000000003582CCPF;24/09/2022;19;0,178;R
ES0000000000003582CCPF;24/09/2022;20;0,12;R
ES0000000000003582CCPF;24/09/2022;21;0,09;R
ES0000000000003582CCPF;24/09/2022;22;0,09;R
ES0000000000003582CCPF;24/09/2022;23;0,127;R
ES0000000000003582CCPF;25/09/2022;0;0,09;R
ES0000000000003582CCPF;25/09/2022;1;0,129;R
ES0000000000003582CCPF;25/09/2022;2;0,09;R
ES0000000000003582CCPF;25/09/2022;3;0,144;R
ES0000000000003582CCPF;25/09/2022;4;0,181;R
ES0000000000003582CCPF;25/09/2022;5;0,18;R
ES0000000000003582CCPF;25/09/2022;6;0,18;R
ES0000000000003582CCPF;25/09/2022;7;0,156;R
ES0000000000003582CCPF;25/09/2022;8;0,091;R
ES0000000000003582CCPF;25/09/2022;9;0,091;R
ES0000000000003582CCPF;25/09/2022;10;0,127;R
ES0000000000003582CCPF;25/09/2022;11;0,091;R
ES0000000000003582CCPF;25/09/2022;12;0,13;R
ES0000000000003582CCPF;25/09/2022;13;0,091;R
ES0000000000003582CCPF;25/09/2022;14;0,153;R
ES0000000000003582CCPF;25/09/2022;15;0,212;R
ES0000000000003582CCPF;25/09/2022;16;0,183;R
ES0000000000003582CCPF;25/09/2022;17;0,179;R
ES0000000000003582CCPF;25/09/2022;18;0,179;R
ES0000000000003582CCPF;25/09/2022;19;0,127;R
ES0000000000003582CCPF;25/09/2022;20;0,09;R
ES0000000000003582CCPF;25/09/2022;21;0,196;R
ES0000000000003582CCPF;25/09/2022;22;0,986;R
ES0000000000003582CCPF;25/09/2022;23;0,83;R
ES0000000000003582CCPF;26/09/2022;0;0,372;R
ES0000000000003582CCPF;26/09/2022;1;0,17;R
ES0000000000003582CCPF;26/09/2022;2;0,164;R
ES0000000000003582CCPF;26/09/2022;3;0,094;R
ES0000000000003582CCPF;26/09/2022;4;0,077;R
ES0000000000003582CCPF;26/09/2022;5;0,125;R
ES0000000000003582CCPF;26/09/2022;6;0,168;R
ES0000000000003582CCPF;26/09/2022;7;0,169;R
ES0000000000003582CCPF;26/09/2022;8;0,452;R
ES0000000000003582CCPF;26/09/2022;9;0,557;R
ES0000000000003582CCPF;26/09/2022;10;0,494;R
ES0000000000003582CCPF;26/09/2022;11;0,579;R
ES0000000000003582CCPF;26/09/2022;12;0,967;R
ES0000000000003582CCPF;26/09/2022;13;0,656;R
ES0000000000003582CCPF;26/09/2022;14;1,348;R
ES0000000000003582CCPF;26/09/2022;15;0,413;R
ES0000000000003582CCPF;26/09/2022;16;0,3;R
ES0000000000003582CCPF;26/09/2022;17;0,39;R
ES0000000000003582CCPF;26/09/2022;18;0,33;R
ES0000000000003582CCPF;26/09/2022;19;0,34;R
ES0000000000003582CCPF;26/09/2022;20;0,399;R
ES0000000000003582CCPF;26/09/2022;21;0,698;R
ES0000000000003582CCPF;26/09/2022;22;1,611;R
ES0000000000003582CCPF;26/09/2022;23;0,62;R
ES0000000000003582CCPF;27/09/2022;0;0,773;R
ES0000000000003582CCPF;27/09/2022;1;0,256;R
ES0000000000003582CCPF;27/09/2022;2;0,192;R
ES0000000000003582CCPF;27/09/2022;3;0,177;R
ES0000000000003582CCPF;27/09/2022;4;0,187;R
ES0000000000003582CCPF;27/09/2022;5;0,187;R
ES0000000000003582CCPF;27/09/2022;6;0,113;R
ES0000000000003582CCPF;27/09/2022;7;0,091;R
ES0000000000003582CCPF;27/09/2022;8;0,336;R
ES0000000000003582CCPF;27/09/2022;9;0,42;R
ES0000000000003582CCPF;27/09/2022;10;0,286;R
ES0000000000003582CCPF;27/09/2022;11;0,38;R
ES0000000000003582CCPF;27/09/2022;12;0,368;R
ES0000000000003582CCPF;27/09/2022;13;0,357;R
ES0000000000003582CCPF;27/09/2022;14;0,445;R
ES0000000000003582CCPF;27/09/2022;15;0,402;R
ES0000000000003582CCPF;27/09/2022;16;0,385;R
ES0000000000003582CCPF;27/09/2022;17;0,356;R
ES0000000000003582CCPF;27/09/2022;18;0,294;R
ES0000000000003582CCPF;27/09/2022;19;0,336;R
ES0000000000003582CCPF;27/09/2022;20;0,331;R
ES0000000000003582CCPF;27/09/2022;21;0,914;R
ES0000000000003582CCPF;27/09/2022;22;0,656;R
ES0000000000003582CCPF;27/09/2022;23;0,656;R
ES0000000000003582CCPF;28/09/2022;0;0,45;R
ES0000000000003582CCPF;28/09/2022;1;0,215;R
ES0000000000003582CCPF;28/09/2022;2;0,193;R
ES0000000000003582CCPF;28/09/2022;3;0,095;R
ES0000000000003582CCPF;28/09/2022;4;0,08;R
ES0000000000003582CCPF;28/09/2022;5;0,083;R
ES0000000000003582CCPF;28/09/2022;6;0,155;R
ES0000000000003582CCPF;28/09/2022;7;0,082;R
ES0000000000003582CCPF;28/09/2022;8;0,334;R
ES0000000000003582CCPF;28/09/2022;9;0,464;R
ES0000000000003582CCPF;28/09/2022;10;0,399;R
ES0000000000003582CCPF;28/09/2022;11;1,05;R
ES0000000000003582CCPF;28/09/2022;12;0,793;R
ES0000000000003582CCPF;28/09/2022;13;0,554;R
ES0000000000003582CCPF;28/09/2022;14;0,915;R
ES0000000000003582CCPF;28/09/2022;15;0,889;R
ES0000000000003582CCPF;28/09/2022;16;0,801;R
ES0000000000003582CCPF;28/09/2022;17;0,537;R
ES0000000000003582CCPF;28/09/2022;18;0,285;R
ES0000000000003582CCPF;28/09/2022;19;0,325;R
ES0000000000003582CCPF;28/09/2022;20;0,361;R
ES0000000000003582CCPF;28/09/2022;21;0,408;R
ES0000000000003582CCPF;28/09/2022;22;1,28;R
ES0000000000003582CCPF;28/09/2022;23;0,581;R
ES0000000000003582CCPF;29/09/2022;0;0,338;R
ES0000000000003582CCPF;29/09/2022;1;0,229;R
ES0000000000003582CCPF;29/09/2022;2;0,197;R
ES0000000000003582CCPF;29/09/2022;3;0,186;R
ES0000000000003582CCPF;29/09/2022;4;0,184;R
ES0000000000003582CCPF;29/09/2022;5;0,172;R
ES0000000000003582CCPF;29/09/2022;6;0,099;R
ES0000000000003582CCPF;29/09/2022;7;0,098;R
ES0000000000003582CCPF;29/09/2022;8;0,397;R
ES0000000000003582CCPF;29/09/2022;9;0,276;R
ES0000000000003582CCPF;29/09/2022;10;0,107;R
ES0000000000003582CCPF;29/09/2022;11;0,126;R
ES0000000000003582CCPF;29/09/2022;12;0,132;R
ES0000000000003582CCPF;29/09/2022;13;0,203;R
ES0000000000003582CCPF;29/09/2022;14;0,376;R
ES0000000000003582CCPF;29/09/2022;15;0,368;R
ES0000000000003582CCPF;29/09/2022;16;0,335;R
ES0000000000003582CCPF;29/09/2022;17;0,352;R
ES0000000000003582CCPF;29/09/2022;18;0,591;R
ES0000000000003582CCPF;29/09/2022;19;0,407;R
ES0000000000003582CCPF;29/09/2022;20;0,286;R
ES0000000000003582CCPF;29/09/2022;21;0,676;R
ES0000000000003582CCPF;29/09/2022;22;0,782;R
ES0000000000003582CCPF;29/09/2022;23;0,4;R
ES0000000000003582CCPF;30/09/2022;0;0,165;R
ES0000000000003582CCPF;30/09/2022;1;0,103;R
ES0000000000003582CCPF;30/09/2022;2;0,118;R
ES0000000000003582CCPF;30/09/2022;3;0,14;R
ES0000000000003582CCPF;30/09/2022;4;0,101;R
ES0000000000003582CCPF;30/09/2022;5;0,18;R
ES0000000000003582CCPF;30/09/2022;6;0,179;R
ES0000000000003582CCPF;30/09/2022;7;0,325;R
ES0000000000003582CCPF;30/09/2022;8;0,469;R
ES0000000000003582CCPF;30/09/2022;9;0,191;R
ES0000000000003582CCPF;30/09/2022;10;0,22;R
ES0000000000003582CCPF;30/09/2022;11;1,009;R
ES0000000000003582CCPF;30/09/2022;12;1,227;R
ES0000000000003582CCPF;30/09/2022;13;0,596;R
ES0000000000003582CCPF;30/09/2022;14;0,858;R
ES0000000000003582CCPF;30/09/2022;15;0,495;R
ES0000000000003582CCPF;30/09/2022;16;0,323;R
ES0000000000003582CCPF;30/09/2022;17;0,331;R
ES0000000000003582CCPF;30/09/2022;18;0,307;R
ES0000000000003582CCPF;30/09/2022;19;0,284;R
ES0000000000003582CCPF;30/09/2022;20;0,286;R
ES0000000000003582CCPF;30/09/2022;21;0,378;R
ES0000000000003582CCPF;30/09/2022;22;0,693;R
ES0000000000003582CCPF;30/09/2022;23;0,644;R
ES0000000000003582CCPF;01/10/2022;0;0,401;R
ES0000000000003582CCPF;01/10/2022;1;0,33;R
ES0000000000003582CCPF;01/10/2022;2;0,173;R
ES0000000000003582CCPF;01/10/2022;3;0,172;R
ES0000000000003582CCPF;01/10/2022;4;0,146;R
ES0000000000003582CCPF;01/10/2022;5;0,083;R
ES0000000000003582CCPF;01/10/2022;6;0,084;R
ES0000000000003582CCPF;01/10/2022;7;0,082;R
ES0000000000003582CCPF;01/10/2022;8;0,165;R
ES0000000000003582CCPF;01/10/2022;9;0,096;R
ES0000000000003582CCPF;01/10/2022;10;0,248;R
ES0000000000003582CCPF;01/10/2022;11;0,313;R
ES0000000000003582CCPF;01/10/2022;12;0,249;R
ES0000000000003582CCPF;01/10/2022;13;0,167;R
ES0000000000003582CCPF;01/10/2022;14;0,167;R
ES0000000000003582CCPF;01/10/2022;15;0,745;R
ES0000000000003582CCPF;01/10/2022;16;0,539;R
ES0000000000003582CCPF;01/10/2022;17;0,206;R
ES0000000000003582CCPF;01/10/2022;18;0,225;R
ES0000000000003582CCPF;01/10/2022;19;0,184;R
ES0000000000003582CCPF;01/10/2022;20;0,17;R
ES0000000000003582CCPF;01/10/2022;21;0,167;R
ES0000000000003582CCPF;01/10/2022;22;0,166;R
ES0000000000003582CCPF;01/10/2022;23;0,166;R
ES0000000000003582CCPF;02/10/2022;0;0,172;R
ES0000000000003582CCPF;02/10/2022;1;0,338;R
ES0000000000003582CCPF;02/10/2022;2;0,108;R
ES0000000000003582CCPF;02/10/2022;3;0,084;R
ES0000000000003582CCPF;02/10/2022;4;0,122;R
ES0000000000003582CCPF;02/10/2022;5;0,095;R
ES0000000000003582CCPF;02/10/2022;6;0,091;R
ES0000000000003582CCPF;02/10/2022;7;0,14;R
ES0000000000003582CCPF;02/10/2022;8;0,17;R
ES0000000000003582CCPF;02/10/2022;9;0,303;R
ES0000000000003582CCPF;02/10/2022;10;0,199;R
ES0000000000003582CCPF;02/10/2022;11;0,181;R
ES0000000000003582CCPF;02/10/2022;12;0,173;R
ES0000000000003582CCPF;02/10/2022;13;0,132;R
ES0000000000003582CCPF;02/10/2022;14;0,18;R
ES0000000000003582CCPF;02/10/2022;15;0,168;R
ES0000000000003582CCPF;02/10/2022;16;0,338;R
ES0000000000003582CCPF;02/10/2022;17;0,21;R
ES0000000000003582CCPF;02/10/2022;18;0,159;R
ES0000000000003582CCPF;02/10/2022;19;0,186;R
ES0000000000003582CCPF;02/10/2022;20;0,198;R
ES0000000000003582CCPF;02/10/2022;21;0,362;R
ES0000000000003582CCPF;02/10/2022;22;0,719;R
ES0000000000003582CCPF;02/10/2022;23;0,756;R
ES0000000000003582CCPF;03/10/2022;0;0,738;R
ES0000000000003582CCPF;03/10/2022;1;0,11;R
ES0000000000003582CCPF;03/10/2022;2;0,166;R
ES0000000000003582CCPF;03/10/2022;3;0,096;R
ES0000000000003582CCPF;03/10/2022;4;0,104;R
ES0000000000003582CCPF;03/10/2022;5;0,171;R
ES0000000000003582CCPF;03/10/2022;6;0,212;R
ES0000000000003582CCPF;03/10/2022;7;0,183;R
ES0000000000003582CCPF;03/10/2022;8;0,456;R
ES0000000000003582CCPF;03/10/2022;9;0,365;R
ES0000000000003582CCPF;03/10/2022;10;0,163;R
ES0000000000003582CCPF;03/10/2022;11;0,222;R
ES0000000000003582CCPF;03/10/2022;12;0,609;R
ES0000000000003582CCPF;03/10/2022;13;0,388;R
ES0000000000003582CCPF;03/10/2022;14;0,52;R
ES0000000000003582CCPF;03/10/2022;15;0,253;R
ES0000000000003582CCPF;03/10/2022;16;0,223;R
ES0000000000003582CCPF;03/10/2022;17;0,193;R
ES0000000000003582CCPF;03/10/2022;18;0,209;R
ES0000000000003582CCPF;03/10/2022;19;0,196;R
ES0000000000003582CCPF;03/10/2022;20;0,193;R
ES0000000000003582CCPF;03/10/2022;21;0,266;R
ES0000000000003582CCPF;03/10/2022;22;1,804;R
ES0000000000003582CCPF;03/10/2022;23;0,585;R
ES0000000000003582CCPF;04/10/2022;0;0,516;R
ES0000000000003582CCPF;04/10/2022;1;0,332;R
ES0000000000003582CCPF;04/10/2022;2;0,184;R
ES0000000000003582CCPF;04/10/2022;3;0,17;R
ES0000000000003582CCPF;04/10/2022;4;0,118;R
ES0000000000003582CCPF;04/10/2022;5;0,076;R
ES0000000000003582CCPF;04/10/2022;6;0,117;R
ES0000000000003582CCPF;04/10/2022;7;0,077;R
ES0000000000003582CCPF;04/10/2022;8;0,419;R
ES0000000000003582CCPF;04/10/2022;9;0,399;R
ES0000000000003582CCPF;04/10/2022;10;0,179;R
ES0000000000003582CCPF;04/10/2022;11;0,177;R
ES0000000000003582CCPF;04/10/2022;12;0,175;R
ES0000000000003582CCPF;04/10/2022;13;0,161;R
ES0000000000003582CCPF;04/10/2022;14;0,091;R
ES0000000000003582CCPF;04/10/2022;15;0,099;R
ES0000000000003582CCPF;04/10/2022;16;0,125;R
ES0000000000003582CCPF;04/10/2022;17;0,206;R
ES0000000000003582CCPF;04/10/2022;18;0,32;R
ES0000000000003582CCPF;04/10/2022;19;0,393;R
ES0000000000003582CCPF;04/10/2022;20;0,324;R
ES0000000000003582CCPF;04/10/2022;21;1,504;R
ES0000000000003582CCPF;04/10/2022;22;0,791;R
ES0000000000003582CCPF;04/10/2022;23;0,633;R
ES0000000000003582CCPF;05/10/2022;0;0,381;R
ES0000000000003582CCPF;05/10/2022;1;0,092;R
ES0000000000003582CCPF;05/10/2022;2;0,079;R
ES0000000000003582CCPF;05/10/2022;3;0,169;R
ES0000000000003582CCPF;05/10/2022;4;0,133;R
ES0000000000003582CCPF;05/10/2022;5;0,087;R
ES0000000000003582CCPF;05/10/2022;6;0,153;R
ES0000000000003582CCPF;05/10/2022;7;0,19;R
ES0000000000003582CCPF;05/10/2022;8;0,753;R
ES0000000000003582CCPF;05/10/2022;9;0,18;R
ES0000000000003582CCPF;05/10/2022;10;0,14;R
ES0000000000003582CCPF;05/10/2022;11;0,347;R
ES0000000000003582CCPF;05/10/2022;12;0,506;R
ES0000000000003582CCPF;05/10/2022;13;0,436;R
ES0000000000003582CCPF;05/10/2022;14;0,493;R
ES0000000000003582CCPF;05/10/2022;15;0,16;R
ES0000000000003582CCPF;05/10/2022;16;0,261;R
ES0000000000003582CCPF;05/10/2022;17;0,336;R
ES0000000000003582CCPF;05/10/2022;18;0,33;R
ES0000000000003582CCPF;05/10/2022;19;0,236;R
ES0000000000003582CCPF;05/10/2022;20;0,224;R
ES0000000000003582CCPF;05/10/2022;21;0,626;R
ES0000000000003582CCPF;05/10/2022;22;0,954;R
ES0000000000003582CCPF;05/10/2022;23;0,507;R
ES0000000000003582CCPF;06/10/2022;0;0,377;R
ES0000000000003582CCPF;06/10/2022;1;0,192;R
ES0000000000003582CCPF;06/10/2022;2;0,189;R
ES0000000000003582CCPF;06/10/2022;3;0,101;R
ES0000000000003582CCPF;06/10/2022;4;0,093;R
ES0000000000003582CCPF;06/10/2022;5;0,139;R
ES0000000000003582CCPF;06/10/2022;6;0,094;R
ES0000000000003582CCPF;06/10/2022;7;0,128;R
ES0000000000003582CCPF;06/10/2022;8;0,582;R
ES0000000000003582CCPF;06/10/2022;9;0,535;R
ES0000000000003582CCPF;06/10/2022;10;0,788;R
ES0000000000003582CCPF;06/10/2022;11;0,336;R
ES0000000000003582CCPF;06/10/2022;12;0,329;R
ES0000000000003582CCPF;06/10/2022;13;0,289;R
ES0000000000003582CCPF;06/10/2022;14;0,549;R
ES0000000000003582CCPF;06/10/2022;15;0,307;R
ES0000000000003582CCPF;06/10/2022;16;0,316;R
ES0000000000003582CCPF;06/10/2022;17;0,321;R
ES0000000000003582CCPF;06/10/2022;18;0,353;R
ES0000000000003582CCPF;06/10/2022;19;0,365;R
ES0000000000003582CCPF;06/10/2022;20;0,336;R
ES0000000000003582CCPF;06/10/2022;21;0,623;R
ES0000000000003582CCPF;06/10/2022;22;0,818;R
ES0000000000003582CCPF;06/10/2022;23;0,362;R
ES0000000000003582CCPF;07/10/2022;0;0,242;R
ES0000000000003582CCPF;07/10/2022;1;0,204;R
ES0000000000003582CCPF;07/10/2022;2;0,179;R
ES0000000000003582CCPF;07/10/2022;3;0,196;R
ES0000000000003582CCPF;07/10/2022;4;0,17;R
ES0000000000003582CCPF;07/10/2022;5;0,097;R
ES0000000000003582CCPF;07/10/2022;6;0,106;R
ES0000000000003582CCPF;07/10/2022;7;0,089;R
ES0000000000003582CCPF;07/10/2022;8;0,491;R
ES0000000000003582CCPF;07/10/2022;9;0,107;R
ES0000000000003582CCPF;07/10/2022;10;0,216;R
ES0000000000003582CCPF;07/10/2022;11;0,452;R
ES0000000000003582CCPF;07/10/2022;12;0,478;R
ES0000000000003582CCPF;07/10/2022;13;0,43;R
ES0000000000003582CCPF;07/10/2022;14;0,525;R
ES0000000000003582CCPF;07/10/2022;15;0,222;R
ES0000000000003582CCPF;07/10/2022;16;0,131;R
ES0000000000003582CCPF;07/10/2022;17;0,128;R
ES0000000000003582CCPF;07/10/2022;18;0,796;R
ES0000000000003582CCPF;07/10/2022;19;0,962;R
ES0000000000003582CCPF;07/10/2022;20;0,516;R
ES0000000000003582CCPF;07/10/2022;21;0,614;R
ES0000000000003582CCPF;07/10/2022;22;0,918;R
ES0000000000003582CCPF;07/10/2022;23;0,572;R
ES0000000000003582CCPF;08/10/2022;0;0,422;R
ES0000000000003582CCPF;08/10/2022;1;0,23;R
ES0000000000003582CCPF;08/10/2022;2;0,182;R
ES0000000000003582CCPF;08/10/2022;3;0,091;R
ES0000000000003582CCPF;08/10/2022;4;0,12;R
ES0000000000003582CCPF;08/10/2022;5;0,089;R
ES0000000000003582CCPF;08/10/2022;6;0,122;R
ES0000000000003582CCPF;08/10/2022;7;0,121;R
ES0000000000003582CCPF;08/10/2022;8;0,178;R
ES0000000000003582CCPF;08/10/2022;9;0,176;R
ES0000000000003582CCPF;08/10/2022;10;0,163;R
ES0000000000003582CCPF;08/10/2022;11;0,196;R
ES0000000000003582CCPF;08/10/2022;12;0,307;R
ES0000000000003582CCPF;08/10/2022;13;0,21;R
ES0000000000003582CCPF;08/10/2022;14;0,212;R
ES0000000000003582CCPF;08/10/2022;15;0,193;R
ES0000000000003582CCPF;08/10/2022;16;0,625;R
ES0000000000003582CCPF;08/10/2022;17;0,81;R
ES0000000000003582CCPF;08/10/2022;18;0,656;R
ES0000000000003582CCPF;08/10/2022;19;0,27;R
ES0000000000003582CCPF;08/10/2022;20;0,341;R
ES0000000000003582CCPF;08/10/2022;21;0,449;R
ES0000000000003582CCPF;08/10/2022;22;1,573;R
ES0000000000003582CCPF;08/10/2022;23;0,402;R
ES0000000000003582CCPF;09/10/2022;0;0,384;R
ES0000000000003582CCPF;09/10/2022;1;0,342;R
ES0000000000003582CCPF;09/10/2022;2;0,18;R
ES0000000000003582CCPF;09/10/2022;3;0,165;R
ES0000000000003582CCPF;09/10/2022;4;0,143;R
ES0000000000003582CCPF;09/10/2022;5;0,075;R
ES0000000000003582CCPF;09/10/2022;6;0,109;R
ES0000000000003582CCPF;09/10/2022;7;0,074;R
ES0000000000003582CCPF;09/10/2022;8;0,108;R
ES0000000000003582CCPF;09/10/2022;9;0,106;R
ES0000000000003582CCPF;09/10/2022;10;0,314;R
ES0000000000003582CCPF;09/10/2022;11;0,225;R
ES0000000000003582CCPF;09/10/2022;12;0,21;R
ES0000000000003582CCPF;09/10/2022;13;0,271;R
ES0000000000003582CCPF;09/10/2022;14;1,119;R
ES0000000000003582CCPF;09/10/2022;15;0,29;R
ES0000000000003582CCPF;09/10/2022;16;0,265;R
ES0000000000003582CCPF;09/10/2022;17;0,195;R
ES0000000000003582CCPF;09/10/2022;18;0,174;R
ES0000000000003582CCPF;09/10/2022;19;0,178;R
ES0000000000003582CCPF;09/10/2022;20;0,323;R
ES0000000000003582CCPF;09/10/2022;21;0,496;R
ES0000000000003582CCPF;09/10/2022;22;0,941;R
ES0000000000003582CCPF;09/10/2022;23;1,101;R
ES0000000000003582CCPF;10/10/2022;0;0,896;R
ES0000000000003582CCPF;10/10/2022;1;0,301;R
ES0000000000003582CCPF;10/10/2022;2;0,127;R
ES0000000000003582CCPF;10/10/2022;3;0,102;R
ES0000000000003582CCPF;10/10/2022;4;0,149;R
ES0000000000003582CCPF;10/10/2022;5;0,188;R
ES0000000000003582CCPF;10/10/2022;6;0,151;R
ES0000000000003582CCPF;10/10/2022;7;0,091;R
ES0000000000003582CCPF;10/10/2022;8;0,321;R
ES0000000000003582CCPF;10/10/2022;9;0,577;R
ES0000000000003582CCPF;10/10/2022;10;0,507;R
ES0000000000003582CCPF;10/10/2022;11;0,461;R
ES0000000000003582CCPF;10/10/2022;12;0,554;R
ES0000000000003582CCPF;10/10/2022;13;0,688;R
ES0000000000003582CCPF;10/10/2022;14;0,583;R
ES0000000000003582CCPF;10/10/2022;15;0,368;R
ES0000000000003582CCPF;10/10/2022;16;0,252;R
ES0000000000003582CCPF;10/10/2022;17;0,266;R
ES0000000000003582CCPF;10/10/2022;18;0,504;R
ES0000000000003582CCPF;10/10/2022;19;0,715;R
ES0000000000003582CCPF;10/10/2022;20;0,525;R
ES0000000000003582CCPF;10/10/2022;21;0,551;R
ES0000000000003582CCPF;10/10/2022;22;0,487;R
ES0000000000003582CCPF;10/10/2022;23;0,58;R
ES0000000000003582CCPF;11/10/2022;0;0,907;R
ES0000000000003582CCPF;11/10/2022;1;0,504;R
ES0000000000003582CCPF;11/10/2022;2;0,224;R
ES0000000000003582CCPF;11/10/2022;3;0,136;R
ES0000000000003582CCPF;11/10/2022;4;0,18;R
ES0000000000003582CCPF;11/10/2022;5;0,134;R
ES0000000000003582CCPF;11/10/2022;6;0,107;R
ES0000000000003582CCPF;11/10/2022;7;0,104;R
ES0000000000003582CCPF;11/10/2022;8;0,341;R
ES0000000000003582CCPF;11/10/2022;9;0,478;R
ES0000000000003582CCPF;11/10/2022;10;0,483;R
ES0000000000003582CCPF;11/10/2022;11;0,488;R
ES0000000000003582CCPF;11/10/2022;12;0,349;R
ES0000000000003582CCPF;11/10/2022;13;0,476;R
ES0000000000003582CCPF;11/10/2022;14;0,366;R
ES0000000000003582CCPF;11/10/2022;15;0,146;R
ES0000000000003582CCPF;11/10/2022;16;0,173;R
ES0000000000003582CCPF;11/10/2022;17;0,158;R
ES0000000000003582CCPF;11/10/2022;18;0,156;R
ES0000000000003582CCPF;11/10/2022;19;0,145;R
ES0000000000003582CCPF;11/10/2022;20;0,142;R
ES0000000000003582CCPF;11/10/2022;21;0,134;R
ES0000000000003582CCPF;11/10/2022;22;0,152;R
ES0000000000003582CCPF;11/10/2022;23;0,089;R
ES0000000000003582CCPF;12/10/2022;0;0,065;R
ES0000000000003582CCPF;12/10/2022;1;0,118;R
ES0000000000003582CCPF;12/10/2022;2;0,134;R
ES0000000000003582CCPF;12/10/2022;3;0,152;R
ES0000000000003582CCPF;12/10/2022;4;0,063;R
ES0000000000003582CCPF;12/10/2022;5;0,064;R
ES0000000000003582CCPF;12/10/2022;6;0,11;R
ES0000000000003582CCPF;12/10/2022;7;0,146;R
ES0000000000003582CCPF;12/10/2022;8;0,152;R
ES0000000000003582CCPF;12/10/2022;9;0,066;R
ES0000000000003582CCPF;12/10/2022;10;0,063;R
ES0000000000003582CCPF;12/10/2022;11;0,098;R
ES0000000000003582CCPF;12/10/2022;12;0,15;R
ES0000000000003582CCPF;12/10/2022;13;0,152;R
ES0000000000003582CCPF;12/10/2022;14;0,088;R
ES0000000000003582CCPF;12/10/2022;15;0,063;R
ES0000000000003582CCPF;12/10/2022;16;0,086;R
ES0000000000003582CCPF;12/10/2022;17;0,16;R
ES0000000000003582CCPF;12/10/2022;18;0,176;R
ES0000000000003582CCPF;12/10/2022;19;0,154;R
ES0000000000003582CCPF;12/10/2022;20;0,087;R
ES0000000000003582CCPF;12/10/2022;21;0,062;R
ES0000000000003582CCPF;12/10/2022;22;0,117;R
ES0000000000003582CCPF;12/10/2022;23;0,138;R
ES0000000000003582CCPF;13/10/2022;0;0,15;R
ES0000000000003582CCPF;13/10/2022;1;0,063;R
ES0000000000003582CCPF;13/10/2022;2;0,063;R
ES0000000000003582CCPF;13/10/2022;3;0,118;R
ES0000000000003582CCPF;13/10/2022;4;0,142;R
ES0000000000003582CCPF;13/10/2022;5;0,145;R
ES0000000000003582CCPF;13/10/2022;6;0,064;R
ES0000000000003582CCPF;13/10/2022;7;0,062;R
ES0000000000003582CCPF;13/10/2022;8;0,119;R
ES0000000000003582CCPF;13/10/2022;9;0,133;R
ES0000000000003582CCPF;13/10/2022;10;0,149;R
ES0000000000003582CCPF;13/10/2022;11;0,063;R
ES0000000000003582CCPF;13/10/2022;12;0,063;R
ES0000000000003582CCPF;13/10/2022;13;0,108;R
ES0000000000003582CCPF;13/10/2022;14;0,151;R
ES0000000000003582CCPF;13/10/2022;15;0,147;R
ES0000000000003582CCPF;13/10/2022;16;0,063;R
ES0000000000003582CCPF;13/10/2022;17;0,063;R
ES0000000000003582CCPF;13/10/2022;18;0,111;R
ES0000000000003582CCPF;13/10/2022;19;0,17;R
ES0000000000003582CCPF;13/10/2022;20;0,157;R
ES0000000000003582CCPF;13/10/2022;21;0,138;R
ES0000000000003582CCPF;13/10/2022;22;0,063;R
ES0000000000003582CCPF;13/10/2022;23;0,11;R
ES0000000000003582CCPF;14/10/2022;0;0,071;R
ES0000000000003582CCPF;14/10/2022;1;0,156;R
ES0000000000003582CCPF;14/10/2022;2;0,132;R
ES0000000000003582CCPF;14/10/2022;3;0,063;R
ES0000000000003582CCPF;14/10/2022;4;0,089;R
ES0000000000003582CCPF;14/10/2022;5;0,098;R
ES0000000000003582CCPF;14/10/2022;6;0,154;R
ES0000000000003582CCPF;14/10/2022;7;0,123;R
ES0000000000003582CCPF;14/10/2022;8;0,063;R
ES0000000000003582CCPF;14/10/2022;9;0,07;R
ES0000000000003582CCPF;14/10/2022;10;0,113;R
ES0000000000003582CCPF;14/10/2022;11;0,273;R
ES0000000000003582CCPF;14/10/2022;12;0,539;R
ES0000000000003582CCPF;14/10/2022;13;0,573;R
ES0000000000003582CCPF;14/10/2022;14;0,13;R
ES0000000000003582CCPF;14/10/2022;15;0,432;R
ES0000000000003582CCPF;14/10/2022;16;0,152;R
ES0000000000003582CCPF;14/10/2022;17;0,094;R
ES0000000000003582CCPF;14/10/2022;18;0,063;R
ES0000000000003582CCPF;14/10/2022;19;0,099;R
ES0000000000003582CCPF;14/10/2022;20;0,137;R
ES0000000000003582CCPF;14/10/2022;21;0,18;R
ES0000000000003582CCPF;14/10/2022;22;0,153;R
ES0000000000003582CCPF;14/10/2022;23;0,063;R
ES0000000000003582CCPF;15/10/2022;0;0,111;R
ES0000000000003582CCPF;15/10/2022;1;0,071;R
ES0000000000003582CCPF;15/10/2022;2;0,155;R
ES0000000000003582CCPF;15/10/2022;3;0,134;R
ES0000000000003582CCPF;15/10/2022;4;0,063;R
ES0000000000003582CCPF;15/10/2022;5;0,091;R
ES0000000000003582CCPF;15/10/2022;6;0,099;R
ES0000000000003582CCPF;15/10/2022;7;0,154;R
ES0000000000003582CCPF;15/10/2022;8;0,119;R
ES0000000000003582CCPF;15/10/2022;9;0,063;R
ES0000000000003582CCPF;15/10/2022;10;0,081;R
ES0000000000003582CCPF;15/10/2022;11;0,121;R
ES0000000000003582CCPF;15/10/2022;12;0,153;R
ES0000000000003582CCPF;15/10/2022;13;0,121;R
ES0000000000003582CCPF;15/10/2022;14;0,063;R
ES0000000000003582CCPF;15/10/2022;15;0,063;R
ES0000000000003582CCPF;15/10/2022;16;0,142;R
ES0000000000003582CCPF;15/10/2022;17;0,152;R
ES0000000000003582CCPF;15/10/2022;18;0,11;R
ES0000000000003582CCPF;15/10/2022;19;0,063;R
ES0000000000003582CCPF;15/10/2022;20;0,063;R
ES0000000000003582CCPF;15/10/2022;21;0,144;R
ES0000000000003582CCPF;15/10/2022;22;0,177;R
ES0000000000003582CCPF;15/10/2022;23;0,157;R
ES0000000000003582CCPF;16/10/2022;0;0,094;R
ES0000000000003582CCPF;16/10/2022;1;0,077;R
ES0000000000003582CCPF;16/10/2022;2;0,103;R
ES0000000000003582CCPF;16/10/2022;3;0,12;R
ES0000000000003582CCPF;16/10/2022;4;0,153;R
ES0000000000003582CCPF;16/10/2022;5;0,08;R
ES0000000000003582CCPF;16/10/2022;6;0,063;R
ES0000000000003582CCPF;16/10/2022;7;0,116;R
ES0000000000003582CCPF;16/10/2022;8;0,388;R
ES0000000000003582CCPF;16/10/2022;9;0,343;R
ES0000000000003582CCPF;16/10/2022;10;0,346;R
ES0000000000003582CCPF;16/10/2022;11;0,277;R
ES0000000000003582CCPF;16/10/2022;12;0,308;R
ES0000000000003582CCPF;16/10/2022;13;0,37;R
ES0000000000003582CCPF;16/10/2022;14;0,284;R
ES0000000000003582CCPF;16/10/2022;15;0,419;R
ES0000000000003582CCPF;16/10/2022;16;0,324;R
ES0000000000003582CCPF;16/10/2022;17;0,295;R
ES0000000000003582CCPF;16/10/2022;18;0,247;R
ES0000000000003582CCPF;16/10/2022;19;0,143;R
ES0000000000003582CCPF;16/10/2022;20;0,479;R
ES0000000000003582CCPF;16/10/2022;21;1,484;R
ES0000000000003582CCPF;16/10/2022;22;1,003;R
ES0000000000003582CCPF;16/10/2022;23;0,557;R
ES0000000000003582CCPF;17/10/2022;0;0,279;R
ES0000000000003582CCPF;17/10/2022;1;0,1;R
ES0000000000003582CCPF;17/10/2022;2;0,182;R
ES0000000000003582CCPF;17/10/2022;3;0,198;R
ES0000000000003582CCPF;17/10/2022;4;0,19;R
ES0000000000003582CCPF;17/10/2022;5;0,121;R
ES0000000000003582CCPF;17/10/2022;6;0,107;R
ES0000000000003582CCPF;17/10/2022;7;0,189;R
ES0000000000003582CCPF;17/10/2022;8;0,303;R
ES0000000000003582CCPF;17/10/2022;9;0,413;R
ES0000000000003582CCPF;17/10/2022;10;0,327;R
ES0000000000003582CCPF;17/10/2022;11;1,285;R
ES0000000000003582CCPF;17/10/2022;12;1,247;R
ES0000000000003582CCPF;17/10/2022;13;0,861;R
ES0000000000003582CCPF;17/10/2022;14;0,437;R
ES0000000000003582CCPF;17/10/2022;15;0,553;R
ES0000000000003582CCPF;17/10/2022;16;0,642;R
ES0000000000003582CCPF;17/10/2022;17;0,68;R
ES0000000000003582CCPF;17/10/2022;18;0,361;R
ES0000000000003582CCPF;17/10/2022;19;0,354;R
ES0000000000003582CCPF;17/10/2022;20;0,431;R
ES0000000000003582CCPF;17/10/2022;21;0,516;R
ES0000000000003582CCPF;17/10/2022;22;0,837;R
ES0000000000003582CCPF;17/10/2022;23;0,565;R
ES0000000000003582CCPF;18/10/2022;0;0,4;R
ES0000000000003582CCPF;18/10/2022;1;0,156;R
ES0000000000003582CCPF;18/10/2022;2;0,119;R
ES0000000000003582CCPF;18/10/2022;3;0,15;R
ES0000000000003582CCPF;18/10/2022;4;0,183;R
ES0000000000003582CCPF;18/10/2022;5;0,196;R
ES0000000000003582CCPF;18/10/2022;6;0,126;R
ES0000000000003582CCPF;18/10/2022;7;0,108;R
ES0000000000003582CCPF;18/10/2022;8;0,389;R
ES0000000000003582CCPF;18/10/2022;9;0,569;R
ES0000000000003582CCPF;18/10/2022;10;0,344;R
ES0000000000003582CCPF;18/10/2022;11;0,435;R
ES0000000000003582CCPF;18/10/2022;12;0,395;R
ES0000000000003582CCPF;18/10/2022;13;0,266;R
ES0000000000003582CCPF;18/10/2022;14;0,299;R
ES0000000000003582CCPF;18/10/2022;15;0,368;R
ES0000000000003582CCPF;18/10/2022;16;0,374;R
ES0000000000003582CCPF;18/10/2022;17;0,335;R
ES0000000000003582CCPF;18/10/2022;18;0,292;R
ES0000000000003582CCPF;18/10/2022;19;0,294;R
ES0000000000003582CCPF;18/10/2022;20;0,402;R
ES0000000000003582CCPF;18/10/2022;21;0,793;R
ES0000000000003582CCPF;18/10/2022;22;1,672;R
ES0000000000003582CCPF;18/10/2022;23;0,717;R
ES0000000000003582CCPF;19/10/2022;0;0,479;R
ES0000000000003582CCPF;19/10/2022;1;0,213;R
ES0000000000003582CCPF;19/10/2022;2;0,205;R
ES0000000000003582CCPF;19/10/2022;3;0,104;R
ES0000000000003582CCPF;19/10/2022;4;0,1;R
ES0000000000003582CCPF;19/10/2022;5;0,112;R
ES0000000000003582CCPF;19/10/2022;6;0,136;R
ES0000000000003582CCPF;19/10/2022;7;0,233;R
ES0000000000003582CCPF;19/10/2022;8;0,407;R
ES0000000000003582CCPF;19/10/2022;9;0,332;R
ES0000000000003582CCPF;19/10/2022;10;0,21;R
ES0000000000003582CCPF;19/10/2022;11;0,413;R
ES0000000000003582CCPF;19/10/2022;12;0,697;R
ES0000000000003582CCPF;19/10/2022;13;0,455;R
ES0000000000003582CCPF;19/10/2022;14;0,547;R
ES0000000000003582CCPF;19/10/2022;15;0,373;R
ES0000000000003582CCPF;19/10/2022;16;0,228;R
ES0000000000003582CCPF;19/10/2022;17;0,247;R
ES0000000000003582CCPF;19/10/2022;18;0,23;R
ES0000000000003582CCPF;19/10/2022;19;0,253;R
ES0000000000003582CCPF;19/10/2022;20;0,118;R
ES0000000000003582CCPF;19/10/2022;21;0,405;R
ES0000000000003582CCPF;19/10/2022;22;0,704;R
ES0000000000003582CCPF;19/10/2022;23;0,65;R
ES0000000000003582CCPF;20/10/2022;0;0,534;R
ES0000000000003582CCPF;20/10/2022;1;0,41;R
ES0000000000003582CCPF;20/10/2022;2;0,117;R
ES0000000000003582CCPF;20/10/2022;3;0,174;R
ES0000000000003582CCPF;20/10/2022;4;0,179;R
ES0000000000003582CCPF;20/10/2022;5;0,139;R
ES0000000000003582CCPF;20/10/2022;6;0,095;R
ES0000000000003582CCPF;20/10/2022;7;0,123;R
ES0000000000003582CCPF;20/10/2022;8;0,411;R
ES0000000000003582CCPF;20/10/2022;9;0,298;R
ES0000000000003582CCPF;20/10/2022;10;0,158;R
ES0000000000003582CCPF;20/10/2022;11;0,114;R
ES0000000000003582CCPF;20/10/2022;12;0,127;R
ES0000000000003582CCPF;20/10/2022;13;0,209;R
ES0000000000003582CCPF;20/10/2022;14;0,406;R
ES0000000000003582CCPF;20/10/2022;15;0,339;R
ES0000000000003582CCPF;20/10/2022;16;0,226;R
ES0000000000003582CCPF;20/10/2022;17;0,223;R
ES0000000000003582CCPF;20/10/2022;18;0,194;R
ES0000000000003582CCPF;20/10/2022;19;0,323;R
ES0000000000003582CCPF;20/10/2022;20;0,574;R
ES0000000000003582CCPF;20/10/2022;21;1,592;R
ES0000000000003582CCPF;20/10/2022;22;1,488;R
ES0000000000003582CCPF;20/10/2022;23;0,818;R
ES0000000000003582CCPF;21/10/2022;0;0,795;R
ES0000000000003582CCPF;21/10/2022;1;0,197;R
ES0000000000003582CCPF;21/10/2022;2;0,194;R
ES0000000000003582CCPF;21/10/2022;3;0,127;R
ES0000000000003582CCPF;21/10/2022;4;0,101;R
ES0000000000003582CCPF;21/10/2022;5;0,154;R
ES0000000000003582CCPF;21/10/2022;6;0,098;R
ES0000000000003582CCPF;21/10/2022;7;0,166;R
ES0000000000003582CCPF;21/10/2022;8;0,481;R
ES0000000000003582CCPF;21/10/2022;9;0,356;R
ES0000000000003582CCPF;21/10/2022;10;0,297;R
ES0000000000003582CCPF;21/10/2022;11;0,218;R
ES0000000000003582CCPF;21/10/2022;12;0,665;R
ES0000000000003582CCPF;21/10/2022;13;0,437;R
ES0000000000003582CCPF;21/10/2022;14;0,475;R
ES0000000000003582CCPF;21/10/2022;15;0,793;R
ES0000000000003582CCPF;21/10/2022;16;0,23;R
ES0000000000003582CCPF;21/10/2022;17;0,223;R
ES0000000000003582CCPF;21/10/2022;18;0,226;R
ES0000000000003582CCPF;21/10/2022;19;0,171;R
ES0000000000003582CCPF;21/10/2022;20;0,418;R
ES0000000000003582CCPF;21/10/2022;21;0,217;R
ES0000000000003582CCPF;21/10/2022;22;0,322;R
ES0000000000003582CCPF;21/10/2022;23;0,731;R
ES0000000000003582CCPF;22/10/2022;0;0,402;R
ES0000000000003582CCPF;22/10/2022;1;0,206;R
ES0000000000003582CCPF;22/10/2022;2;0,203;R
ES0000000000003582CCPF;22/10/2022;3;0,198;R
ES0000000000003582CCPF;22/10/2022;4;0,143;R
ES0000000000003582CCPF;22/10/2022;5;0,109;R
ES0000000000003582CCPF;22/10/2022;6;0,132;R
ES0000000000003582CCPF;22/10/2022;7;0,127;R
ES0000000000003582CCPF;22/10/2022;8;0,113;R
ES0000000000003582CCPF;22/10/2022;9;0,135;R
ES0000000000003582CCPF;22/10/2022;10;0,116;R
ES0000000000003582CCPF;22/10/2022;11;0,168;R
ES0000000000003582CCPF;22/10/2022;12;0,436;R
ES0000000000003582CCPF;22/10/2022;13;0,227;R
ES0000000000003582CCPF;22/10/2022;14;0,197;R
ES0000000000003582CCPF;22/10/2022;15;0,196;R
ES0000000000003582CCPF;22/10/2022;16;0,308;R
ES0000000000003582CCPF;22/10/2022;17;0,301;R
ES0000000000003582CCPF;22/10/2022;18;0,229;R
ES0000000000003582CCPF;22/10/2022;19;0,83;R
ES0000000000003582CCPF;22/10/2022;20;1,161;R
ES0000000000003582CCPF;22/10/2022;21;0,516;R
ES0000000000003582CCPF;22/10/2022;22;0,534;R
ES0000000000003582CCPF;22/10/2022;23;0,926;R
ES0000000000003582CCPF;23/10/2022;0;0,947;R
ES0000000000003582CCPF;23/10/2022;1;0,357;R
ES0000000000003582CCPF;23/10/2022;2;0,371;R
ES0000000000003582CCPF;23/10/2022;3;0,341;R
ES0000000000003582CCPF;23/10/2022;4;0,203;R
ES0000000000003582CCPF;23/10/2022;5;0,197;R
ES0000000000003582CCPF;23/10/2022;6;0,191;R
ES0000000000003582CCPF;23/10/2022;7;0,137;R
ES0000000000003582CCPF;23/10/2022;8;0,106;R
ES0000000000003582CCPF;23/10/2022;9;0,119;R
ES0000000000003582CCPF;23/10/2022;10;0,127;R
ES0000000000003582CCPF;23/10/2022;11;0,213;R
ES0000000000003582CCPF;23/10/2022;12;0,276;R
ES0000000000003582CCPF;23/10/2022;13;0,555;R
ES0000000000003582CCPF;23/10/2022;14;0,711;R
ES0000000000003582CCPF;23/10/2022;15;1,706;R
ES0000000000003582CCPF;23/10/2022;16;0,283;R
ES0000000000003582CCPF;23/10/2022;17;0,304;R
ES0000000000003582CCPF;23/10/2022;18;0,346;R
ES0000000000003582CCPF;23/10/2022;19;0,358;R
ES0000000000003582CCPF;23/10/2022;20;0,192;R
ES0000000000003582CCPF;23/10/2022;21;0,14;R
ES0000000000003582CCPF;23/10/2022;22;0,382;R
ES0000000000003582CCPF;23/10/2022;23;0,963;R
ES0000000000003582CCPF;24/10/2022;0;0,427;R
ES0000000000003582CCPF;24/10/2022;1;0,148;R
ES0000000000003582CCPF;24/10/2022;2;0,149;R
ES0000000000003582CCPF;24/10/2022;3;0,156;R
ES0000000000003582CCPF;24/10/2022;4;0,183;R
ES0000000000003582CCPF;24/10/2022;5;0,209;R
ES0000000000003582CCPF;24/10/2022;6;0,19;R
ES0000000000003582CCPF;24/10/2022;7;0,184;R
ES0000000000003582CCPF;24/10/2022;8;0,44;R
ES0000000000003582CCPF;24/10/2022;9;0,557;R
ES0000000000003582CCPF;24/10/2022;10;0,35;R
ES0000000000003582CCPF;24/10/2022;11;0,337;R
ES0000000000003582CCPF;24/10/2022;12;0,519;R
ES0000000000003582CCPF;24/10/2022;13;0,858;R
ES0000000000003582CCPF;24/10/2022;14;0,436;R
ES0000000000003582CCPF;24/10/2022;15;0,613;R
ES0000000000003582CCPF;24/10/2022;16;0,419;R
ES0000000000003582CCPF;24/10/2022;17;0,373;R
ES0000000000003582CCPF;24/10/2022;18;0,356;R
ES0000000000003582CCPF;24/10/2022;19;0,484;R
ES0000000000003582CCPF;24/10/2022;20;0,445;R
ES0000000000003582CCPF;24/10/2022;21;1,401;R
ES0000000000003582CCPF;24/10/2022;22;0,962;R
ES0000000000003582CCPF;24/10/2022;23;0,622;R
ES0000000000003582CCPF;25/10/2022;0;0,632;R
ES0000000000003582CCPF;25/10/2022;1;0,176;R
ES0000000000003582CCPF;25/10/2022;2;0,148;R
ES0000000000003582CCPF;25/10/2022;3;0,119;R
ES0000000000003582CCPF;25/10/2022;4;0,108;R
ES0000000000003582CCPF;25/10/2022;5;0,19;R
ES0000000000003582CCPF;25/10/2022;6;0,192;R
ES0000000000003582CCPF;25/10/2022;7;0,194;R
ES0000000000003582CCPF;25/10/2022;8;0,453;R
ES0000000000003582CCPF;25/10/2022;9;0,303;R
ES0000000000003582CCPF;25/10/2022;10;0,359;R
ES0000000000003582CCPF;25/10/2022;11;0,744;R
ES0000000000003582CCPF;25/10/2022;12;0,984;R
ES0000000000003582CCPF;25/10/2022;13;0,342;R
ES0000000000003582CCPF;25/10/2022;14;0,477;R
ES0000000000003582CCPF;25/10/2022;15;0,302;R
ES0000000000003582CCPF;25/10/2022;16;0,347;R
ES0000000000003582CCPF;25/10/2022;17;0,274;R
ES0000000000003582CCPF;25/10/2022;18;0,355;R
ES0000000000003582CCPF;25/10/2022;19;0,414;R
ES0000000000003582CCPF;25/10/2022;20;0,354;R
ES0000000000003582CCPF;25/10/2022;21;1,179;R
ES0000000000003582CCPF;25/10/2022;22;0,856;R
ES0000000000003582CCPF;25/10/2022;23;0,632;R
ES0000000000003582CCPF;26/10/2022;0;0,572;R
ES0000000000003582CCPF;26/10/2022;1;0,211;R
ES0000000000003582CCPF;26/10/2022;2;0,2;R
ES0000000000003582CCPF;26/10/2022;3;0,199;R
ES0000000000003582CCPF;26/10/2022;4;0,198;R
ES0000000000003582CCPF;26/10/2022;5;0,118;R
ES0000000000003582CCPF;26/10/2022;6;0,113;R
ES0000000000003582CCPF;26/10/2022;7;0,111;R
ES0000000000003582CCPF;26/10/2022;8;0,455;R
ES0000000000003582CCPF;26/10/2022;9;0,556;R
ES0000000000003582CCPF;26/10/2022;10;0,55;R
ES0000000000003582CCPF;26/10/2022;11;0,528;R
ES0000000000003582CCPF;26/10/2022;12;0,969;R
ES0000000000003582CCPF;26/10/2022;13;0,717;R
ES0000000000003582CCPF;26/10/2022;14;0,815;R
ES0000000000003582CCPF;26/10/2022;15;0,611;R
ES0000000000003582CCPF;26/10/2022;16;0,371;R
ES0000000000003582CCPF;26/10/2022;17;0,384;R
ES0000000000003582CCPF;26/10/2022;18;0,339;R
ES0000000000003582CCPF;26/10/2022;19;0,207;R
ES0000000000003582CCPF;26/10/2022;20;0,095;R
ES0000000000003582CCPF;26/10/2022;21;0,486;R
ES0000000000003582CCPF;26/10/2022;22;0,664;R
ES0000000000003582CCPF;26/10/2022;23;0,486;R
ES0000000000003582CCPF;27/10/2022;0;0,747;R
ES0000000000003582CCPF;27/10/2022;1;0,671;R
ES0000000000003582CCPF;27/10/2022;2;0,23;R
ES0000000000003582CCPF;27/10/2022;3;0,187;R
ES0000000000003582CCPF;27/10/2022;4;0,187;R
ES0000000000003582CCPF;27/10/2022;5;0,107;R
ES0000000000003582CCPF;27/10/2022;6;0,11;R
ES0000000000003582CCPF;27/10/2022;7;0,11;R
ES0000000000003582CCPF;27/10/2022;8;0,501;R
ES0000000000003582CCPF;27/10/2022;9;0,504;R
ES0000000000003582CCPF;27/10/2022;10;0,402;R
ES0000000000003582CCPF;27/10/2022;11;0,4;R
ES0000000000003582CCPF;27/10/2022;12;0,488;R
ES0000000000003582CCPF;27/10/2022;13;0,388;R
ES0000000000003582CCPF;27/10/2022;14;0,453;R
ES0000000000003582CCPF;27/10/2022;15;0,37;R
ES0000000000003582CCPF;27/10/2022;16;0,384;R
ES0000000000003582CCPF;27/10/2022;17;0,373;R
ES0000000000003582CCPF;27/10/2022;18;0,321;R
ES0000000000003582CCPF;27/10/2022;19;0,277;R
ES0000000000003582CCPF;27/10/2022;20;0,251;R
ES0000000000003582CCPF;27/10/2022;21;0,415;R
ES0000000000003582CCPF;27/10/2022;22;0,661;R
ES0000000000003582CCPF;27/10/2022;23;0,66;R
ES0000000000003582CCPF;28/10/2022;0;0,492;R
ES0000000000003582CCPF;28/10/2022;1;0,314;R
ES0000000000003582CCPF;28/10/2022;2;0,224;R
ES0000000000003582CCPF;28/10/2022;3;0,156;R
ES0000000000003582CCPF;28/10/2022;4;0,106;R
ES0000000000003582CCPF;28/10/2022;5;0,156;R
ES0000000000003582CCPF;28/10/2022;6;0,139;R
ES0000000000003582CCPF;28/10/2022;7;0,107;R
ES0000000000003582CCPF;28/10/2022;8;0,557;R
ES0000000000003582CCPF;28/10/2022;9;0,385;R
ES0000000000003582CCPF;28/10/2022;10;0,409;R
ES0000000000003582CCPF;28/10/2022;11;0,941;R
ES0000000000003582CCPF;28/10/2022;12;0,717;R
ES0000000000003582CCPF;28/10/2022;13;0,824;R
ES0000000000003582CCPF;28/10/2022;14;1,823;R
ES0000000000003582CCPF;28/10/2022;15;0,8;R
ES0000000000003582CCPF;28/10/2022;16;0,282;R
ES0000000000003582CCPF;28/10/2022;17;0,883;R
ES0000000000003582CCPF;28/10/2022;18;0,393;R
ES0000000000003582CCPF;28/10/2022;19;0,403;R
ES0000000000003582CCPF;28/10/2022;20;0,958;R
ES0000000000003582CCPF;28/10/2022;21;0,647;R
ES0000000000003582CCPF;28/10/2022;22;0,808;R
ES0000000000003582CCPF;28/10/2022;23;0,202;R
ES0000000000003582CCPF;29/10/2022;0;0,352;R
ES0000000000003582CCPF;29/10/2022;1;0,183;R
ES0000000000003582CCPF;29/10/2022;2;0,118;R
ES0000000000003582CCPF;29/10/2022;3;0,114;R
ES0000000000003582CCPF;29/10/2022;4;0,182;R
ES0000000000003582CCPF;29/10/2022;5;0,113;R
ES0000000000003582CCPF;29/10/2022;6;0,107;R
ES0000000000003582CCPF;29/10/2022;7;0,117;R
ES0000000000003582CCPF;29/10/2022;8;0,232;R
ES0000000000003582CCPF;29/10/2022;9;0,208;R
ES0000000000003582CCPF;29/10/2022;10;0,395;R
ES0000000000003582CCPF;29/10/2022;11;0,36;R
ES0000000000003582CCPF;29/10/2022;12;0,264;R
ES0000000000003582CCPF;29/10/2022;13;0,499;R
ES0000000000003582CCPF;29/10/2022;14;0,252;R
ES0000000000003582CCPF;29/10/2022;15;1,442;R
ES0000000000003582CCPF;29/10/2022;16;0,333;R
ES0000000000003582CCPF;29/10/2022;17;0,269;R
ES0000000000003582CCPF;29/10/2022;18;0,331;R
ES0000000000003582CCPF;29/10/2022;19;0,387;R
ES0000000000003582CCPF;29/10/2022;20;0,353;R
ES0000000000003582CCPF;29/10/2022;21;0,369;R
ES0000000000003582CCPF;29/10/2022;22;0,367;R
ES0000000000003582CCPF;29/10/2022;23;0,366;R
ES0000000000003582CCPF;30/10/2022;0;0,579;R
ES0000000000003582CCPF;30/10/2022;1;0,362;R
ES0000000000003582CCPF;30/10/2022;2;0,151;R
ES0000000000003582CCPF;30/10/2022;2;0,153;R
ES0000000000003582CCPF;30/10/2022;3;0,113;R
ES0000000000003582CCPF;30/10/2022;4;0,156;R
ES0000000000003582CCPF;30/10/2022;5;0,116;R
ES0000000000003582CCPF;30/10/2022;6;0,201;R
ES0000000000003582CCPF;30/10/2022;7;0,203;R
ES0000000000003582CCPF;30/10/2022;8;0,202;R
ES0000000000003582CCPF;30/10/2022;9;0,321;R
ES0000000000003582CCPF;30/10/2022;10;0,253;R
ES0000000000003582CCPF;30/10/2022;11;0,14;R
ES0000000000003582CCPF;30/10/2022;12;0,142;R
ES0000000000003582CCPF;30/10/2022;13;0,091;R
ES0000000000003582CCPF;30/10/2022;14;0,127;R
ES0000000000003582CCPF;30/10/2022;15;0,124;R
ES0000000000003582CCPF;30/10/2022;16;0,196;R
ES0000000000003582CCPF;30/10/2022;17;0,195;R
ES0000000000003582CCPF;30/10/2022;18;0,193;R
ES0000000000003582CCPF;30/10/2022;19;0,485;R
ES0000000000003582CCPF;30/10/2022;20;0,37;R
ES0000000000003582CCPF;30/10/2022;21;0,126;R
ES0000000000003582CCPF;30/10/2022;22;0,475;R
ES0000000000003582CCPF;30/10/2022;23;0,393;R
ES0000000000003582CCPF;31/10/2022;0;0,184;R
ES0000000000003582CCPF;31/10/2022;1;0,187;R
ES0000000000003582CCPF;31/10/2022;2;0,121;R
ES0000000000003582CCPF;31/10/2022;3;0,129;R
ES0000000000003582CCPF;31/10/2022;4;0,147;R
ES0000000000003582CCPF;31/10/2022;5;0,206;R
ES0000000000003582CCPF;31/10/2022;6;0,205;R
ES0000000000003582CCPF;31/10/2022;7;0,202;R
ES0000000000003582CCPF;31/10/2022;8;0,351;R
ES0000000000003582CCPF;31/10/2022;9;0,42;R
ES0000000000003582CCPF;31/10/2022;10;0,358;R
ES0000000000003582CCPF;31/10/2022;11;0,673;R
ES0000000000003582CCPF;31/10/2022;12;0,815;R
ES0000000000003582CCPF;31/10/2022;13;0,912;R
ES0000000000003582CCPF;31/10/2022;14;0,67;R
ES0000000000003582CCPF;31/10/2022;15;0,569;R
ES0000000000003582CCPF;31/10/2022;16;0,867;R
ES0000000000003582CCPF;31/10/2022;17;0,931;R
ES0000000000003582CCPF;31/10/2022;18;0,858;R
ES0000000000003582CCPF;31/10/2022;19;0,954;R
ES0000000000003582CCPF;31/10/2022;20;0,286;R
ES0000000000003582CCPF;31/10/2022;21;0,214;R
ES0000000000003582CCPF;31/10/2022;22;0,654;R
ES0000000000003582CCPF;31/10/2022;23;0,25;R
ES0000000000003582CCPF;01/11/2022;0;0,465;R
ES0000000000003582CCPF;01/11/2022;1;0,122;R
ES0000000000003582CCPF;01/11/2022;2;0,15;R
ES0000000000003582CCPF;01/11/2022;3;0,208;R
ES0000000000003582CCPF;01/11/2022;4;0,197;R
ES0000000000003582CCPF;01/11/2022;5;0,207;R
ES0000000000003582CCPF;01/11/2022;6;0,205;R
ES0000000000003582CCPF;01/11/2022;7;0,189;R
ES0000000000003582CCPF;01/11/2022;8;0,114;R
ES0000000000003582CCPF;01/11/2022;9;0,13;R
ES0000000000003582CCPF;01/11/2022;10;0,224;R
ES0000000000003582CCPF;01/11/2022;11;0,256;R
ES0000000000003582CCPF;01/11/2022;12;0,601;R
ES0000000000003582CCPF;01/11/2022;13;0,211;R
ES0000000000003582CCPF;01/11/2022;14;0,195;R
ES0000000000003582CCPF;01/11/2022;15;0,901;R
ES0000000000003582CCPF;01/11/2022;16;0,291;R
ES0000000000003582CCPF;01/11/2022;17;0,34;R
ES0000000000003582CCPF;01/11/2022;18;0,288;R
ES0000000000003582CCPF;01/11/2022;19;0,482;R
ES0000000000003582CCPF;01/11/2022;20;0,46;R
ES0000000000003582CCPF;01/11/2022;21;0,797;R
ES0000000000003582CCPF;01/11/2022;22;1,553;R
ES0000000000003582CCPF;01/11/2022;23;0,661;R
ES0000000000003582CCPF;02/11/2022;0;0,848;R
ES0000000000003582CCPF;02/11/2022;1;0,729;R
ES0000000000003582CCPF;02/11/2022;2;0,186;R
ES0000000000003582CCPF;02/11/2022;3;0,141;R
ES0000000000003582CCPF;02/11/2022;4;0,091;R
ES0000000000003582CCPF;02/11/2022;5;0,121;R
ES0000000000003582CCPF;02/11/2022;6;0,129;R
ES0000000000003582CCPF;02/11/2022;7;0,1;R
ES0000000000003582CCPF;02/11/2022;8;0,491;R
ES0000000000003582CCPF;02/11/2022;9;0,369;R
ES0000000000003582CCPF;02/11/2022;10;0,349;R
ES0000000000003582CCPF;02/11/2022;11;0,64;R
ES0000000000003582CCPF;02/11/2022;12;0,838;R
ES0000000000003582CCPF;02/11/2022;13;1,061;R
ES0000000000003582CCPF;02/11/2022;14;0,65;R
ES0000000000003582CCPF;02/11/2022;15;0,68;R
ES0000000000003582CCPF;02/11/2022;16;0,315;R
ES0000000000003582CCPF;02/11/2022;17;0,284;R
ES0000000000003582CCPF;02/11/2022;18;0,325;R
ES0000000000003582CCPF;02/11/2022;19;0,668;R
ES0000000000003582CCPF;02/11/2022;20;0,546;R
ES0000000000003582CCPF;02/11/2022;21;0,752;R
ES0000000000003582CCPF;02/11/2022;22;1,502;R
ES0000000000003582CCPF;02/11/2022;23;0,548;R
ES0000000000003582CCPF;03/11/2022;0;0,228;R
ES0000000000003582CCPF;03/11/2022;1;0,201;R
ES0000000000003582CCPF;03/11/2022;2;0,198;R
ES0000000000003582CCPF;03/11/2022;3;0,197;R
ES0000000000003582CCPF;03/11/2022;4;0,193;R
ES0000000000003582CCPF;03/11/2022;5;0,196;R
ES0000000000003582CCPF;03/11/2022;6;0,157;R
ES0000000000003582CCPF;03/11/2022;7;0,106;R
ES0000000000003582CCPF;03/11/2022;8;0,37;R
ES0000000000003582CCPF;03/11/2022;9;0,389;R
ES0000000000003582CCPF;03/11/2022;10;0,421;R
ES0000000000003582CCPF;03/11/2022;11;0,492;R
ES0000000000003582CCPF;03/11/2022;12;0,425;R
ES0000000000003582CCPF;03/11/2022;13;0,872;R
ES0000000000003582CCPF;03/11/2022;14;0,461;R
ES0000000000003582CCPF;03/11/2022;15;0,385;R
ES0000000000003582CCPF;03/11/2022;16;0,39;R
ES0000000000003582CCPF;03/11/2022;17;0,419;R
ES0000000000003582CCPF;03/11/2022;18;0,396;R
ES0000000000003582CCPF;03/11/2022;19;0,644;R
ES0000000000003582CCPF;03/11/2022;20;0,359;R
ES0000000000003582CCPF;03/11/2022;21;0,341;R
ES0000000000003582CCPF;03/11/2022;22;0,846;R
ES0000000000003582CCPF;03/11/2022;23;0,409;R
ES0000000000003582CCPF;04/11/2022;0;0,284;R
ES0000000000003582CCPF;04/11/2022;1;0,213;R
ES0000000000003582CCPF;04/11/2022;2;0,209;R
ES0000000000003582CCPF;04/11/2022;3;0,208;R
ES0000000000003582CCPF;04/11/2022;4;0,194;R
ES0000000000003582CCPF;04/11/2022;5;0,104;R
ES0000000000003582CCPF;04/11/2022;6;0,115;R
ES0000000000003582CCPF;04/11/2022;7;0,226;R
ES0000000000003582CCPF;04/11/2022;8;0,187;R
ES0000000000003582CCPF;04/11/2022;9;0,227;R
ES0000000000003582CCPF;04/11/2022;10;0,533;R
ES0000000000003582CCPF;04/11/2022;11;1,007;R
ES0000000000003582CCPF;04/11/2022;12;1,035;R
ES0000000000003582CCPF;04/11/2022;13;0,562;R
ES0000000000003582CCPF;04/11/2022;14;0,555;R
ES0000000000003582CCPF;04/11/2022;15;0,579;R
ES0000000000003582CCPF;04/11/2022;16;0,355;R
ES0000000000003582CCPF;04/11/2022;17;0,285;R
ES0000000000003582CCPF;04/11/2022;18;0,404;R
ES0000000000003582CCPF;04/11/2022;19;0,455;R
ES0000000000003582CCPF;04/11/2022;20;0,654;R
ES0000000000003582CCPF;04/11/2022;21;0,514;R
ES0000000000003582CCPF;04/11/2022;22;0,427;R
ES0000000000003582CCPF;04/11/2022;23;0,371;R
ES0000000000003582CCPF;05/11/2022;0;0,369;R
ES0000000000003582CCPF;05/11/2022;1;0,41;R
ES0000000000003582CCPF;05/11/2022;2;0,449;R
ES0000000000003582CCPF;05/11/2022;3;0,212;R
ES0000000000003582CCPF;05/11/2022;4;0,194;R
ES0000000000003582CCPF;05/11/2022;5;0,127;R
ES0000000000003582CCPF;05/11/2022;6;0,105;R
ES0000000000003582CCPF;05/11/2022;7;0,128;R
ES0000000000003582CCPF;05/11/2022;8;0,115;R
ES0000000000003582CCPF;05/11/2022;9;0,111;R
ES0000000000003582CCPF;05/11/2022;10;0,261;R
ES0000000000003582CCPF;05/11/2022;11;0,325;R
ES0000000000003582CCPF;05/11/2022;12;0,31;R
ES0000000000003582CCPF;05/11/2022;13;0,249;R
ES0000000000003582CCPF;05/11/2022;14;0,256;R
ES0000000000003582CCPF;05/11/2022;15;0,37;R
ES0000000000003582CCPF;05/11/2022;16;0,25;R
ES0000000000003582CCPF;05/11/2022;17;0,189;R
ES0000000000003582CCPF;05/11/2022;18;0,158;R
ES0000000000003582CCPF;05/11/2022;19;0,092;R
ES0000000000003582CCPF;05/11/2022;20;0,116;R
ES0000000000003582CCPF;05/11/2022;21;0,092;R
ES0000000000003582CCPF;05/11/2022;22;0,119;R
ES0000000000003582CCPF;05/11/2022;23;0,092;R
ES0000000000003582CCPF;06/11/2022;0;0,12;R
ES0000000000003582CCPF;06/11/2022;1;0,121;R
ES0000000000003582CCPF;06/11/2022;2;0,188;R
ES0000000000003582CCPF;06/11/2022;3;0,194;R
ES0000000000003582CCPF;06/11/2022;4;0,187;R
ES0000000000003582CCPF;06/11/2022;5;0,136;R
ES0000000000003582CCPF;06/11/2022;6;0,1;R
ES0000000000003582CCPF;06/11/2022;7;0,116;R
ES0000000000003582CCPF;06/11/2022;8;0,11;R
ES0000000000003582CCPF;06/11/2022;9;0,128;R
ES0000000000003582CCPF;06/11/2022;10;0,099;R
ES0000000000003582CCPF;06/11/2022;11;0,128;R
ES0000000000003582CCPF;06/11/2022;12;0,094;R
ES0000000000003582CCPF;06/11/2022;13;0,178;R
ES0000000000003582CCPF;06/11/2022;14;0,184;R
ES0000000000003582CCPF;06/11/2022;15;0,213;R
ES0000000000003582CCPF;06/11/2022;16;0,192;R
ES0000000000003582CCPF;06/11/2022;17;0,127;R
ES0000000000003582CCPF;06/11/2022;18;0,125;R
ES0000000000003582CCPF;06/11/2022;19;0,1;R
ES0000000000003582CCPF;06/11/2022;20;0,427;R
ES0000000000003582CCPF;06/11/2022;21;0,754;R
ES0000000000003582CCPF;06/11/2022;22;0,926;R
ES0000000000003582CCPF;06/11/2022;23;0,491;R
ES0000000000003582CCPF;07/11/2022;0;0,369;R
ES0000000000003582CCPF;07/11/2022;1;0,227;R
ES0000000000003582CCPF;07/11/2022;2;0,193;R
ES0000000000003582CCPF;07/11/2022;3;0,183;R
ES0000000000003582CCPF;07/11/2022;4;0,174;R
ES0000000000003582CCPF;07/11/2022;5;0,097;R
ES0000000000003582CCPF;07/11/2022;6;0,15;R
ES0000000000003582CCPF;07/11/2022;7;0,094;R
ES0000000000003582CCPF;07/11/2022;8;0,353;R
ES0000000000003582CCPF;07/11/2022;9;0,328;R
ES0000000000003582CCPF;07/11/2022;10;0,295;R
ES0000000000003582CCPF;07/11/2022;11;0,474;R
ES0000000000003582CCPF;07/11/2022;12;1,004;R
ES0000000000003582CCPF;07/11/2022;13;0,612;R
ES0000000000003582CCPF;07/11/2022;14;0,666;R
ES0000000000003582CCPF;07/11/2022;15;0,76;R
ES0000000000003582CCPF;07/11/2022;16;0,833;R
ES0000000000003582CCPF;07/11/2022;17;0,321;R
ES0000000000003582CCPF;07/11/2022;18;0,281;R
ES0000000000003582CCPF;07/11/2022;19;0,357;R
ES0000000000003582CCPF;07/11/2022;20;0,201;R
ES0000000000003582CCPF;07/11/2022;21;0,442;R
ES0000000000003582CCPF;07/11/2022;22;0,705;R
ES0000000000003582CCPF;07/11/2022;23;0,417;R
ES0000000000003582CCPF;08/11/2022;0;0,351;R
ES0000000000003582CCPF;08/11/2022;1;0,202;R
ES0000000000003582CCPF;08/11/2022;2;0,188;R
ES0000000000003582CCPF;08/11/2022;3;0,18;R
ES0000000000003582CCPF;08/11/2022;4;0,179;R
ES0000000000003582CCPF;08/11/2022;5;0,098;R
ES0000000000003582CCPF;08/11/2022;6;0,091;R
ES0000000000003582CCPF;08/11/2022;7;0,093;R
ES0000000000003582CCPF;08/11/2022;8;0,386;R
ES0000000000003582CCPF;08/11/2022;9;0,463;R
ES0000000000003582CCPF;08/11/2022;10;0,301;R
ES0000000000003582CCPF;08/11/2022;11;0,46;R
ES0000000000003582CCPF;08/11/2022;12;0,434;R
ES0000000000003582CCPF;08/11/2022;13;0,387;R
ES0000000000003582CCPF;08/11/2022;14;0,989;R
ES0000000000003582CCPF;08/11/2022;15;0,363;R
ES0000000000003582CCPF;08/11/2022;16;0,377;R
ES0000000000003582CCPF;08/11/2022;17;0,304;R
ES0000000000003582CCPF;08/11/2022;18;0,567;R
ES0000000000003582CCPF;08/11/2022;19;0,568;R
ES0000000000003582CCPF;08/11/2022;20;0,485;R
ES0000000000003582CCPF;08/11/2022;21;0,649;R
ES0000000000003582CCPF;08/11/2022;22;0,117;R
ES0000000000003582CCPF;08/11/2022;23;0,186;R
ES0000000000003582CCPF;09/11/2022;0;0,411;R
ES0000000000003582CCPF;09/11/2022;1;0,268;R
ES0000000000003582CCPF;09/11/2022;2;0,205;R
ES0000000000003582CCPF;09/11/2022;3;0,18;R
ES0000000000003582CCPF;09/11/2022;4;0,148;R
ES0000000000003582CCPF;09/11/2022;5;0,092;R
ES0000000000003582CCPF;09/11/2022;6;0,093;R
ES0000000000003582CCPF;09/11/2022;7;0,094;R
ES0000000000003582CCPF;09/11/2022;8;0,15;R
ES0000000000003582CCPF;09/11/2022;9;0,125;R
ES0000000000003582CCPF;09/11/2022;10;0,22;R
ES0000000000003582CCPF;09/11/2022;11;0,189;R
ES0000000000003582CCPF;09/11/2022;12;0,568;R
ES0000000000003582CCPF;09/11/2022;13;0,861;R
ES0000000000003582CCPF;09/11/2022;14;0,942;R
ES0000000000003582CCPF;09/11/2022;15;0,925;R
ES0000000000003582CCPF;09/11/2022;16;0,332;R
ES0000000000003582CCPF;09/11/2022;17;0,659;R
ES0000000000003582CCPF;09/11/2022;18;0,629;R
ES0000000000003582CCPF;09/11/2022;19;0,757;R
ES0000000000003582CCPF;09/11/2022;20;0,774;R
ES0000000000003582CCPF;09/11/2022;21;0,383;R
ES0000000000003582CCPF;09/11/2022;22;0,417;R
ES0000000000003582CCPF;09/11/2022;23;0,421;R
ES0000000000003582CCPF;10/11/2022;0;0,475;R
ES0000000000003582CCPF;10/11/2022;1;0,285;R
ES0000000000003582CCPF;10/11/2022;2;0,175;R
ES0000000000003582CCPF;10/11/2022;3;0,167;R
ES0000000000003582CCPF;10/11/2022;4;0,165;R
ES0000000000003582CCPF;10/11/2022;5;0,178;R
ES0000000000003582CCPF;10/11/2022;6;0,129;R
ES0000000000003582CCPF;10/11/2022;7;0,095;R
ES0000000000003582CCPF;10/11/2022;8;0,454;R
ES0000000000003582CCPF;10/11/2022;9;0,399;R
ES0000000000003582CCPF;10/11/2022;10;0,165;R
ES0000000000003582CCPF;10/11/2022;11;0,194;R
ES0000000000003582CCPF;10/11/2022;12;0,142;R
ES0000000000003582CCPF;10/11/2022;13;0,146;R
ES0000000000003582CCPF;10/11/2022;14;0,207;R
ES0000000000003582CCPF;10/11/2022;15;0,195;R
ES0000000000003582CCPF;10/11/2022;16;0,191;R
ES0000000000003582CCPF;10/11/2022;17;0,19;R
ES0000000000003582CCPF;10/11/2022;18;0,353;R
ES0000000000003582CCPF;10/11/2022;19;0,432;R
ES0000000000003582CCPF;10/11/2022;20;0,154;R
ES0000000000003582CCPF;10/11/2022;21;0,413;R
ES0000000000003582CCPF;10/11/2022;22;0,874;R
ES0000000000003582CCPF;10/11/2022;23;0,625;R
ES0000000000003582CCPF;11/11/2022;0;0,55;R
ES0000000000003582CCPF;11/11/2022;1;0,268;R
ES0000000000003582CCPF;11/11/2022;2;0,114;R
ES0000000000003582CCPF;11/11/2022;3;0,19;R
ES0000000000003582CCPF;11/11/2022;4;0,192;R
ES0000000000003582CCPF;11/11/2022;5;0,199;R
ES0000000000003582CCPF;11/11/2022;6;0,196;R
ES0000000000003582CCPF;11/11/2022;7;0,219;R
ES0000000000003582CCPF;11/11/2022;8;0,626;R
ES0000000000003582CCPF;11/11/2022;9;0,089;R
ES0000000000003582CCPF;11/11/2022;10;0,209;R
ES0000000000003582CCPF;11/11/2022;11;0,27;R
ES0000000000003582CCPF;11/11/2022;12;0,895;R
ES0000000000003582CCPF;11/11/2022;13;0,743;R
ES0000000000003582CCPF;11/11/2022;14;0,413;R
ES0000000000003582CCPF;11/11/2022;15;0,973;R
ES0000000000003582CCPF;11/11/2022;16;0,426;R
ES0000000000003582CCPF;11/11/2022;17;0,452;R
ES0000000000003582CCPF;11/11/2022;18;0,447;R
ES0000000000003582CCPF;11/11/2022;19;0,706;R
ES0000000000003582CCPF;11/11/2022;20;0,686;R
ES0000000000003582CCPF;11/11/2022;21;0,469;R
ES0000000000003582CCPF;11/11/2022;22;0,478;R
ES0000000000003582CCPF;11/11/2022;23;0,4;R
ES0000000000003582CCPF;12/11/2022;0;0,363;R
ES0000000000003582CCPF;12/11/2022;1;0,429;R
ES0000000000003582CCPF;12/11/2022;2;0,301;R
ES0000000000003582CCPF;12/11/2022;3;0,207;R
ES0000000000003582CCPF;12/11/2022;4;0,195;R
ES0000000000003582CCPF;12/11/2022;5;0,192;R
ES0000000000003582CCPF;12/11/2022;6;0,113;R
ES0000000000003582CCPF;12/11/2022;7;0,108;R
ES0000000000003582CCPF;12/11/2022;8;0,106;R
ES0000000000003582CCPF;12/11/2022;9;0,152;R
ES0000000000003582CCPF;12/11/2022;10;0,18;R
ES0000000000003582CCPF;12/11/2022;11;0,355;R
ES0000000000003582CCPF;12/11/2022;12;0,523;R
ES0000000000003582CCPF;12/11/2022;13;1,137;R
ES0000000000003582CCPF;12/11/2022;14;0,893;R
ES0000000000003582CCPF;12/11/2022;15;0,227;R
ES0000000000003582CCPF;12/11/2022;16;0,402;R
ES0000000000003582CCPF;12/11/2022;17;0,307;R
ES0000000000003582CCPF;12/11/2022;18;0,398;R
ES0000000000003582CCPF;12/11/2022;19;0,924;R
ES0000000000003582CCPF;12/11/2022;20;1,377;R
ES0000000000003582CCPF;12/11/2022;21;1,381;R
ES0000000000003582CCPF;12/11/2022;22;1,887;R
ES0000000000003582CCPF;12/11/2022;23;1,033;R
ES0000000000003582CCPF;13/11/2022;0;1,422;R
ES0000000000003582CCPF;13/11/2022;1;0,688;R
ES0000000000003582CCPF;13/11/2022;2;0,397;R
ES0000000000003582CCPF;13/11/2022;3;0,398;R
ES0000000000003582CCPF;13/11/2022;4;0,237;R
ES0000000000003582CCPF;13/11/2022;5;0,156;R
ES0000000000003582CCPF;13/11/2022;6;0,094;R
ES0000000000003582CCPF;13/11/2022;7;0,093;R
ES0000000000003582CCPF;13/11/2022;8;0,142;R
ES0000000000003582CCPF;13/11/2022;9;0,117;R
ES0000000000003582CCPF;13/11/2022;10;0,169;R
ES0000000000003582CCPF;13/11/2022;11;0,485;R
ES0000000000003582CCPF;13/11/2022;12;0,415;R
ES0000000000003582CCPF;13/11/2022;13;0,144;R
ES0000000000003582CCPF;13/11/2022;14;0,204;R
ES0000000000003582CCPF;13/11/2022;15;0,333;R
ES0000000000003582CCPF;13/11/2022;16;0,284;R
ES0000000000003582CCPF;13/11/2022;17;0,283;R
ES0000000000003582CCPF;13/11/2022;18;0,286;R
ES0000000000003582CCPF;13/11/2022;19;0,561;R
ES0000000000003582CCPF;13/11/2022;20;0,573;R
ES0000000000003582CCPF;13/11/2022;21;0,097;R
ES0000000000003582CCPF;13/11/2022;22;0,55;R
ES0000000000003582CCPF;13/11/2022;23;0,659;R
ES0000000000003582CCPF;14/11/2022;0;0,37;R
ES0000000000003582CCPF;14/11/2022;1;0,237;R
ES0000000000003582CCPF;14/11/2022;2;0,149;R
ES0000000000003582CCPF;14/11/2022;3;0,139;R
ES0000000000003582CCPF;14/11/2022;4;0,199;R
ES0000000000003582CCPF;14/11/2022;5;0,196;R
ES0000000000003582CCPF;14/11/2022;6;0,223;R
ES0000000000003582CCPF;14/11/2022;7;0,199;R
ES0000000000003582CCPF;14/11/2022;8;0,453;R
ES0000000000003582CCPF;14/11/2022;9;0,533;R
ES0000000000003582CCPF;14/11/2022;10;0,385;R
ES0000000000003582CCPF;14/11/2022;11;0,43;R
ES0000000000003582CCPF;14/11/2022;12;0,81;R
ES0000000000003582CCPF;14/11/2022;13;1,081;R
ES0000000000003582CCPF;14/11/2022;14;1,274;R
ES0000000000003582CCPF;14/11/2022;15;0,61;R
ES0000000000003582CCPF;14/11/2022;16;0,348;R
ES0000000000003582CCPF;14/11/2022;17;0,33;R
ES0000000000003582CCPF;14/11/2022;18;0,5;R
ES0000000000003582CCPF;14/11/2022;19;0,619;R
ES0000000000003582CCPF;14/11/2022;20;0,675;R
ES0000000000003582CCPF;14/11/2022;21;0,763;R
ES0000000000003582CCPF;14/11/2022;22;0,89;R
ES0000000000003582CCPF;14/11/2022;23;0,556;R
ES0000000000003582CCPF;15/11/2022;0;0,42;R
ES0000000000003582CCPF;15/11/2022;1;0,332;R
ES0000000000003582CCPF;15/11/2022;2;0,213;R
ES0000000000003582CCPF;15/11/2022;3;0,198;R
ES0000000000003582CCPF;15/11/2022;4;0,105;R
ES0000000000003582CCPF;15/11/2022;5;0,092;R
ES0000000000003582CCPF;15/11/2022;6;0,11;R
ES0000000000003582CCPF;15/11/2022;7;0,141;R
ES0000000000003582CCPF;15/11/2022;8;0,505;R
ES0000000000003582CCPF;15/11/2022;9;0,511;R
ES0000000000003582CCPF;15/11/2022;10;0,183;R
ES0000000000003582CCPF;15/11/2022;11;0,203;R
ES0000000000003582CCPF;15/11/2022;12;0,238;R
ES0000000000003582CCPF;15/11/2022;13;0,234;R
ES0000000000003582CCPF;15/11/2022;14;0,214;R
ES0000000000003582CCPF;15/11/2022;15;0,11;R
ES0000000000003582CCPF;15/11/2022;16;0,114;R
ES0000000000003582CCPF;15/11/2022;17;0,094;R
ES0000000000003582CCPF;15/11/2022;18;0,241;R
ES0000000000003582CCPF;15/11/2022;19;0,86;R
ES0000000000003582CCPF;15/11/2022;20;1,5;R
ES0000000000003582CCPF;15/11/2022;21;1,104;R
ES0000000000003582CCPF;15/11/2022;22;1,053;R
ES0000000000003582CCPF;15/11/2022;23;1,039;R
ES0000000000003582CCPF;16/11/2022;0;0,646;R
ES0000000000003582CCPF;16/11/2022;1;0,352;R
ES0000000000003582CCPF;16/11/2022;2;0,192;R
ES0000000000003582CCPF;16/11/2022;3;0,152;R
ES0000000000003582CCPF;16/11/2022;4;0,104;R
ES0000000000003582CCPF;16/11/2022;5;0,103;R
ES0000000000003582CCPF;16/11/2022;6;0,17;R
ES0000000000003582CCPF;16/11/2022;7;0,107;R
ES0000000000003582CCPF;16/11/2022;8;0,418;R
ES0000000000003582CCPF;16/11/2022;9;0,478;R
ES0000000000003582CCPF;16/11/2022;10;0,486;R
ES0000000000003582CCPF;16/11/2022;11;0,446;R
ES0000000000003582CCPF;16/11/2022;12;0,477;R
ES0000000000003582CCPF;16/11/2022;13;0,62;R
ES0000000000003582CCPF;16/11/2022;14;0,459;R
ES0000000000003582CCPF;16/11/2022;15;0,575;R
ES0000000000003582CCPF;16/11/2022;16;0,78;R
ES0000000000003582CCPF;16/11/2022;17;1,628;R
ES0000000000003582CCPF;16/11/2022;18;0,835;R
ES0000000000003582CCPF;16/11/2022;19;0,824;R
ES0000000000003582CCPF;16/11/2022;20;0,494;R
ES0000000000003582CCPF;16/11/2022;21;0,366;R
ES0000000000003582CCPF;16/11/2022;22;0,931;R
ES0000000000003582CCPF;16/11/2022;23;0,498;R
ES0000000000003582CCPF;17/11/2022;0;0,712;R
ES0000000000003582CCPF;17/11/2022;1;0,471;R
ES0000000000003582CCPF;17/11/2022;2;0,214;R
ES0000000000003582CCPF;17/11/2022;3;0,154;R
ES0000000000003582CCPF;17/11/2022;4;0,11;R
ES0000000000003582CCPF;17/11/2022;5;0,109;R
ES0000000000003582CCPF;17/11/2022;6;0,108;R
ES0000000000003582CCPF;17/11/2022;7;0,178;R
ES0000000000003582CCPF;17/11/2022;8;0,439;R
ES0000000000003582CCPF;17/11/2022;9;0,474;R
ES0000000000003582CCPF;17/11/2022;10;0,169;R
ES0000000000003582CCPF;17/11/2022;11;0,325;R
ES0000000000003582CCPF;17/11/2022;12;0,291;R
ES0000000000003582CCPF;17/11/2022;13;0,321;R
ES0000000000003582CCPF;17/11/2022;14;0,72;R
ES0000000000003582CCPF;17/11/2022;15;0,473;R
ES0000000000003582CCPF;17/11/2022;16;0,331;R
ES0000000000003582CCPF;17/11/2022;17;0,311;R
ES0000000000003582CCPF;17/11/2022;18;0,375;R
ES0000000000003582CCPF;17/11/2022;19;0,626;R
ES0000000000003582CCPF;17/11/2022;20;0,529;R
ES0000000000003582CCPF;17/11/2022;21;0,588;R
ES0000000000003582CCPF;17/11/2022;22;0,717;R
ES0000000000003582CCPF;17/11/2022;23;0,569;R
ES0000000000003582CCPF;18/11/2022;0;0,432;R
ES0000000000003582CCPF;18/11/2022;1;0,379;R
ES0000000000003582CCPF;18/11/2022;2;0,146;R
ES0000000000003582CCPF;18/11/2022;3;0,119;R
ES0000000000003582CCPF;18/11/2022;4;0,122;R
ES0000000000003582CCPF;18/11/2022;5;0,117;R
ES0000000000003582CCPF;18/11/2022;6;0,111;R
ES0000000000003582CCPF;18/11/2022;7;0,164;R
ES0000000000003582CCPF;18/11/2022;8;0,701;R
ES0000000000003582CCPF;18/11/2022;9;0,333;R
ES0000000000003582CCPF;18/11/2022;10;0,425;R
ES0000000000003582CCPF;18/11/2022;11;0,517;R
ES0000000000003582CCPF;18/11/2022;12;0,963;R
ES0000000000003582CCPF;18/11/2022;13;1,077;R
ES0000000000003582CCPF;18/11/2022;14;0,96;R
ES0000000000003582CCPF;18/11/2022;15;0,524;R
ES0000000000003582CCPF;18/11/2022;16;0,578;R
ES0000000000003582CCPF;18/11/2022;17;0,194;R
ES0000000000003582CCPF;18/11/2022;18;0,21;R
ES0000000000003582CCPF;18/11/2022;19;0,493;R
ES0000000000003582CCPF;18/11/2022;20;0,416;R
ES0000000000003582CCPF;18/11/2022;21;0,526;R
ES0000000000003582CCPF;18/11/2022;22;1,024;R
ES0000000000003582CCPF;18/11/2022;23;0,518;R
ES0000000000003582CCPF;19/11/2022;0;0,52;R
ES0000000000003582CCPF;19/11/2022;1;0,524;R
ES0000000000003582CCPF;19/11/2022;2;0,15;R
ES0000000000003582CCPF;19/11/2022;3;0,133;R
ES0000000000003582CCPF;19/11/2022;4;0,132;R
ES0000000000003582CCPF;19/11/2022;5;0,129;R
ES0000000000003582CCPF;19/11/2022;6;0,13;R
ES0000000000003582CCPF;19/11/2022;7;0,14;R
ES0000000000003582CCPF;19/11/2022;8;0,126;R
ES0000000000003582CCPF;19/11/2022;9;0,181;R
ES0000000000003582CCPF;19/11/2022;10;0,267;R
ES0000000000003582CCPF;19/11/2022;11;0,335;R
ES0000000000003582CCPF;19/11/2022;12;0,476;R
ES0000000000003582CCPF;19/11/2022;13;0,245;R
ES0000000000003582CCPF;19/11/2022;14;0,172;R
ES0000000000003582CCPF;19/11/2022;15;0,166;R
ES0000000000003582CCPF;19/11/2022;16;0,754;R
ES0000000000003582CCPF;19/11/2022;17;0,374;R
ES0000000000003582CCPF;19/11/2022;18;0,499;R
ES0000000000003582CCPF;19/11/2022;19;0,361;R
ES0000000000003582CCPF;19/11/2022;20;0,244;R
ES0000000000003582CCPF;19/11/2022;21;0,23;R
ES0000000000003582CCPF;19/11/2022;22;0,212;R
ES0000000000003582CCPF;19/11/2022;23;0,111;R
ES0000000000003582CCPF;20/11/2022;0;1,013;R
ES0000000000003582CCPF;20/11/2022;1;0,51;R
ES0000000000003582CCPF;20/11/2022;2;0,311;R
ES0000000000003582CCPF;20/11/2022;3;0,343;R
ES0000000000003582CCPF;20/11/2022;4;0,322;R
ES0000000000003582CCPF;20/11/2022;5;0,321;R
ES0000000000003582CCPF;20/11/2022;6;0,185;R
ES0000000000003582CCPF;20/11/2022;7;0,194;R
ES0000000000003582CCPF;20/11/2022;8;0,193;R
ES0000000000003582CCPF;20/11/2022;9;0,129;R
ES0000000000003582CCPF;20/11/2022;10;0,315;R
ES0000000000003582CCPF;20/11/2022;11;0,302;R
ES0000000000003582CCPF;20/11/2022;12;0,338;R
ES0000000000003582CCPF;20/11/2022;13;0,313;R
ES0000000000003582CCPF;20/11/2022;14;0,23;R
ES0000000000003582CCPF;20/11/2022;15;0,151;R
ES0000000000003582CCPF;20/11/2022;16;0,18;R
ES0000000000003582CCPF;20/11/2022;17;0,179;R
ES0000000000003582CCPF;20/11/2022;18;0,18;R
ES0000000000003582CCPF;20/11/2022;19;0,172;R
ES0000000000003582CCPF;20/11/2022;20;0,801;R
ES0000000000003582CCPF;20/11/2022;21;1,573;R
ES0000000000003582CCPF;20/11/2022;22;1,027;R
ES0000000000003582CCPF;20/11/2022;23;0,372;R
ES0000000000003582CCPF;21/11/2022;0;0,358;R
ES0000000000003582CCPF;21/11/2022;1;0,197;R
ES0000000000003582CCPF;21/11/2022;2;0,215;R
ES0000000000003582CCPF;21/11/2022;3;0,222;R
ES0000000000003582CCPF;21/11/2022;4;0,199;R
ES0000000000003582CCPF;21/11/2022;5;0,136;R
ES0000000000003582CCPF;21/11/2022;6;0,105;R
ES0000000000003582CCPF;21/11/2022;7;0,106;R
ES0000000000003582CCPF;21/11/2022;8;0,399;R
ES0000000000003582CCPF;21/11/2022;9;0,753;R
ES0000000000003582CCPF;21/11/2022;10;0,936;R
ES0000000000003582CCPF;21/11/2022;11;0,568;R
ES0000000000003582CCPF;21/11/2022;12;1,07;R
ES0000000000003582CCPF;21/11/2022;13;1,032;R
ES0000000000003582CCPF;21/11/2022;14;1,33;R
ES0000000000003582CCPF;21/11/2022;15;0,586;R
ES0000000000003582CCPF;21/11/2022;16;0,438;R
ES0000000000003582CCPF;21/11/2022;17;0,314;R
ES0000000000003582CCPF;21/11/2022;18;0,344;R
ES0000000000003582CCPF;21/11/2022;19;0,75;R
ES0000000000003582CCPF;21/11/2022;20;1,043;R
ES0000000000003582CCPF;21/11/2022;21;0,926;R
ES0000000000003582CCPF;21/11/2022;22;0,76;R
ES0000000000003582CCPF;21/11/2022;23;0,496;R
ES0000000000003582CCPF;22/11/2022;0;0,243;R
ES0000000000003582CCPF;22/11/2022;1;0,202;R
ES0000000000003582CCPF;22/11/2022;2;0,183;R
ES0000000000003582CCPF;22/11/2022;3;0,139;R
ES0000000000003582CCPF;22/11/2022;4;0,092;R
ES0000000000003582CCPF;22/11/2022;5;0,093;R
ES0000000000003582CCPF;22/11/2022;6;0,12;R
ES0000000000003582CCPF;22/11/2022;7;0,14;R
ES0000000000003582CCPF;22/11/2022;8;0,402;R
ES0000000000003582CCPF;22/11/2022;9;0,345;R
ES0000000000003582CCPF;22/11/2022;10;0,174;R
ES0000000000003582CCPF;22/11/2022;11;0,219;R
ES0000000000003582CCPF;22/11/2022;12;0,279;R
ES0000000000003582CCPF;22/11/2022;13;0,594;R
ES0000000000003582CCPF;22/11/2022;14;0,454;R
ES0000000000003582CCPF;22/11/2022;15;0,521;R
ES0000000000003582CCPF;22/11/2022;16;0,492;R
ES0000000000003582CCPF;22/11/2022;17;1,145;R
ES0000000000003582CCPF;22/11/2022;18;1,041;R
ES0000000000003582CCPF;22/11/2022;19;0,565;R
ES0000000000003582CCPF;22/11/2022;20;0,631;R
ES0000000000003582CCPF;22/11/2022;21;0,731;R
ES0000000000003582CCPF;22/11/2022;22;1,222;R
ES0000000000003582CCPF;22/11/2022;23;0,661;R
ES0000000000003582CCPF;23/11/2022;0;0,365;R
ES0000000000003582CCPF;23/11/2022;1;0,205;R
ES0000000000003582CCPF;23/11/2022;2;0,186;R
ES0000000000003582CCPF;23/11/2022;3;0,169;R
ES0000000000003582CCPF;23/11/2022;4;0,093;R
ES0000000000003582CCPF;23/11/2022;5;0,1;R
ES0000000000003582CCPF;23/11/2022;6;0,106;R
ES0000000000003582CCPF;23/11/2022;7;0,175;R
ES0000000000003582CCPF;23/11/2022;8;0,329;R
ES0000000000003582CCPF;23/11/2022;9;0,294;R
ES0000000000003582CCPF;23/11/2022;10;0,288;R
ES0000000000003582CCPF;23/11/2022;11;0,363;R
ES0000000000003582CCPF;23/11/2022;12;1,419;R
ES0000000000003582CCPF;23/11/2022;13;0,975;R
ES0000000000003582CCPF;23/11/2022;14;0,357;R
ES0000000000003582CCPF;23/11/2022;15;0,375;R
ES0000000000003582CCPF;23/11/2022;16;0,23;R
ES0000000000003582CCPF;23/11/2022;17;0,333;R
ES0000000000003582CCPF;23/11/2022;18;0,503;R
ES0000000000003582CCPF;23/11/2022;19;0,483;R
ES0000000000003582CCPF;23/11/2022;20;0,297;R
ES0000000000003582CCPF;23/11/2022;21;0,331;R
ES0000000000003582CCPF;23/11/2022;22;0,877;R
ES0000000000003582CCPF;23/11/2022;23;0,476;R
ES0000000000003582CCPF;24/11/2022;0;0,475;R
ES0000000000003582CCPF;24/11/2022;1;0,198;R
ES0000000000003582CCPF;24/11/2022;2;0,191;R
ES0000000000003582CCPF;24/11/2022;3;0,184;R
ES0000000000003582CCPF;24/11/2022;4;0,18;R
ES0000000000003582CCPF;24/11/2022;5;0,111;R
ES0000000000003582CCPF;24/11/2022;6;0,097;R
ES0000000000003582CCPF;24/11/2022;7;0,092;R
ES0000000000003582CCPF;24/11/2022;8;0,416;R
ES0000000000003582CCPF;24/11/2022;9;0,555;R
ES0000000000003582CCPF;24/11/2022;10;0,836;R
ES0000000000003582CCPF;24/11/2022;11;0,349;R
ES0000000000003582CCPF;24/11/2022;12;1,056;R
ES0000000000003582CCPF;24/11/2022;13;1,162;R
ES0000000000003582CCPF;24/11/2022;14;0,482;R
ES0000000000003582CCPF;24/11/2022;15;0,715;R
ES0000000000003582CCPF;24/11/2022;16;0,429;R
ES0000000000003582CCPF;24/11/2022;17;0,368;R
ES0000000000003582CCPF;24/11/2022;18;0,337;R
ES0000000000003582CCPF;24/11/2022;19;0,438;R
ES0000000000003582CCPF;24/11/2022;20;0,762;R
ES0000000000003582CCPF;24/11/2022;21;1,06;R
ES0000000000003582CCPF;24/11/2022;22;1,075;R
ES0000000000003582CCPF;24/11/2022;23;0,492;R
ES0000000000003582CCPF;25/11/2022;0;0,374;R
ES0000000000003582CCPF;25/11/2022;1;0,278;R
ES0000000000003582CCPF;25/11/2022;2;0,208;R
ES0000000000003582CCPF;25/11/2022;3;0,194;R
ES0000000000003582CCPF;25/11/2022;4;0,158;R
ES0000000000003582CCPF;25/11/2022;5;0,107;R
ES0000000000003582CCPF;25/11/2022;6;0,111;R
ES0000000000003582CCPF;25/11/2022;7;0,112;R
ES0000000000003582CCPF;25/11/2022;8;0,447;R
ES0000000000003582CCPF;25/11/2022;9;0,592;R
ES0000000000003582CCPF;25/11/2022;10;0,364;R
ES0000000000003582CCPF;25/11/2022;11;0,823;R
ES0000000000003582CCPF;25/11/2022;12;1,356;R
ES0000000000003582CCPF;25/11/2022;13;0,785;R
ES0000000000003582CCPF;25/11/2022;14;0,549;R
ES0000000000003582CCPF;25/11/2022;15;1,014;R
ES0000000000003582CCPF;25/11/2022;16;0,311;R
ES0000000000003582CCPF;25/11/2022;17;0,26;R
ES0000000000003582CCPF;25/11/2022;18;0,24;R
ES0000000000003582CCPF;25/11/2022;19;0,658;R
ES0000000000003582CCPF;25/11/2022;20;0,478;R
ES0000000000003582CCPF;25/11/2022;21;0,597;R
ES0000000000003582CCPF;25/11/2022;22;0,59;R
ES0000000000003582CCPF;25/11/2022;23;0,553;R
ES0000000000003582CCPF;26/11/2022;0;0,192;R
ES0000000000003582CCPF;26/11/2022;1;0,107;R
ES0000000000003582CCPF;26/11/2022;2;0,107;R
ES0000000000003582CCPF;26/11/2022;3;0,106;R
ES0000000000003582CCPF;26/11/2022;4;0,117;R
ES0000000000003582CCPF;26/11/2022;5;0,142;R
ES0000000000003582CCPF;26/11/2022;6;0,187;R
ES0000000000003582CCPF;26/11/2022;7;0,109;R
ES0000000000003582CCPF;26/11/2022;8;0,107;R
ES0000000000003582CCPF;26/11/2022;9;0,181;R
ES0000000000003582CCPF;26/11/2022;10;0,308;R
ES0000000000003582CCPF;26/11/2022;11;0,193;R
ES0000000000003582CCPF;26/11/2022;12;0,221;R
ES0000000000003582CCPF;26/11/2022;13;0,315;R
ES0000000000003582CCPF;26/11/2022;14;0,175;R
ES0000000000003582CCPF;26/11/2022;15;0,229;R
ES0000000000003582CCPF;26/11/2022;16;0,199;R
ES0000000000003582CCPF;26/11/2022;17;0,135;R
ES0000000000003582CCPF;26/11/2022;18;0,324;R
ES0000000000003582CCPF;26/11/2022;19;0,183;R
ES0000000000003582CCPF;26/11/2022;20;0,194;R
ES0000000000003582CCPF;26/11/2022;21;0,218;R
ES0000000000003582CCPF;26/11/2022;22;0,377;R
ES0000000000003582CCPF;26/11/2022;23;0,807;R
ES0000000000003582CCPF;27/11/2022;0;0,463;R
ES0000000000003582CCPF;27/11/2022;1;0,137;R
ES0000000000003582CCPF;27/11/2022;2;0,109;R
ES0000000000003582CCPF;27/11/2022;3;0,12;R
ES0000000000003582CCPF;27/11/2022;4;0,121;R
ES0000000000003582CCPF;27/11/2022;5;0,177;R
ES0000000000003582CCPF;27/11/2022;6;0,112;R
ES0000000000003582CCPF;27/11/2022;7;0,129;R
ES0000000000003582CCPF;27/11/2022;8;0,189;R
ES0000000000003582CCPF;27/11/2022;9;0,18;R
ES0000000000003582CCPF;27/11/2022;10;0,33;R
ES0000000000003582CCPF;27/11/2022;11;0,186;R
ES0000000000003582CCPF;27/11/2022;12;0,208;R
ES0000000000003582CCPF;27/11/2022;13;0,485;R
ES0000000000003582CCPF;27/11/2022;14;0,192;R
ES0000000000003582CCPF;27/11/2022;15;0,61;R
ES0000000000003582CCPF;27/11/2022;16;0,642;R
ES0000000000003582CCPF;27/11/2022;17;0,762;R
ES0000000000003582CCPF;27/11/2022;18;0,322;R
ES0000000000003582CCPF;27/11/2022;19;0,168;R
ES0000000000003582CCPF;27/11/2022;20;0,167;R
ES0000000000003582CCPF;27/11/2022;21;0,194;R
ES0000000000003582CCPF;27/11/2022;22;0,177;R
ES0000000000003582CCPF;27/11/2022;23;0,146;R
ES0000000000003582CCPF;28/11/2022;0;1,01;R
ES0000000000003582CCPF;28/11/2022;1;0,423;R
ES0000000000003582CCPF;28/11/2022;2;0,196;R
ES0000000000003582CCPF;28/11/2022;3;0,188;R
ES0000000000003582CCPF;28/11/2022;4;0,193;R
ES0000000000003582CCPF;28/11/2022;5;0,119;R
ES0000000000003582CCPF;28/11/2022;6;0,106;R
ES0000000000003582CCPF;28/11/2022;7;0,125;R
ES0000000000003582CCPF;28/11/2022;8;0,319;R
ES0000000000003582CCPF;28/11/2022;9;0,247;R
ES0000000000003582CCPF;28/11/2022;10;0,307;R
ES0000000000003582CCPF;28/11/2022;11;0,475;R
ES0000000000003582CCPF;28/11/2022;12;0,91;R
ES0000000000003582CCPF;28/11/2022;13;1,703;R
ES0000000000003582CCPF;28/11/2022;14;0,508;R
ES0000000000003582CCPF;28/11/2022;15;0,471;R
ES0000000000003582CCPF;28/11/2022;16;0,289;R
ES0000000000003582CCPF;28/11/2022;17;0,3;R
ES0000000000003582CCPF;28/11/2022;18;0,406;R
ES0000000000003582CCPF;28/11/2022;19;0,59;R
ES0000000000003582CCPF;28/11/2022;20;0,705;R
ES0000000000003582CCPF;28/11/2022;21;0,643;R
ES0000000000003582CCPF;28/11/2022;22;0,57;R
ES0000000000003582CCPF;28/11/2022;23;0,605;R
ES0000000000003582CCPF;29/11/2022;0;0,462;R
ES0000000000003582CCPF;29/11/2022;1;0,301;R
ES0000000000003582CCPF;29/11/2022;2;0,15;R
ES0000000000003582CCPF;29/11/2022;3;0,095;R
ES0000000000003582CCPF;29/11/2022;4;0,092;R
ES0000000000003582CCPF;29/11/2022;5;0,099;R
ES0000000000003582CCPF;29/11/2022;6;0,137;R
ES0000000000003582CCPF;29/11/2022;7;0,094;R
ES0000000000003582CCPF;29/11/2022;8;0,389;R
ES0000000000003582CCPF;29/11/2022;9;0,472;R
ES0000000000003582CCPF;29/11/2022;10;0,235;R
ES0000000000003582CCPF;29/11/2022;11;0,334;R
ES0000000000003582CCPF;29/11/2022;12;0,4;R
ES0000000000003582CCPF;29/11/2022;13;0,403;R
ES0000000000003582CCPF;29/11/2022;14;0,37;R
ES0000000000003582CCPF;29/11/2022;15;0,305;R
ES0000000000003582CCPF;29/11/2022;16;0,449;R
ES0000000000003582CCPF;29/11/2022;17;0,774;R
ES0000000000003582CCPF;29/11/2022;18;0,963;R
ES0000000000003582CCPF;29/11/2022;19;0,612;R
ES0000000000003582CCPF;29/11/2022;20;0,397;R
ES0000000000003582CCPF;29/11/2022;21;0,456;R
ES0000000000003582CCPF;29/11/2022;22;1,111;R
ES0000000000003582CCPF;29/11/2022;23;0,6;R
ES0000000000003582CCPF;30/11/2022;0;0,394;R
ES0000000000003582CCPF;30/11/2022;1;0,204;R
ES0000000000003582CCPF;30/11/2022;2;0,11;R
ES0000000000003582CCPF;30/11/2022;3;0,108;R
ES0000000000003582CCPF;30/11/2022;4;0,107;R
ES0000000000003582CCPF;30/11/2022;5;0,135;R
ES0000000000003582CCPF;30/11/2022;6;0,099;R
ES0000000000003582CCPF;30/11/2022;7;0,138;R
ES0000000000003582CCPF;30/11/2022;8;0,364;R
ES0000000000003582CCPF;30/11/2022;9;0,446;R
ES0000000000003582CCPF;30/11/2022;10;0,399;R
ES0000000000003582CCPF;30/11/2022;11;0,579;R
ES0000000000003582CCPF;30/11/2022;12;1,171;R
ES0000000000003582CCPF;30/11/2022;13;0,712;R
ES0000000000003582CCPF;30/11/2022;14;0,521;R
ES0000000000003582CCPF;30/11/2022;15;0,841;R
ES0000000000003582CCPF;30/11/2022;16;0,566;R
ES0000000000003582CCPF;30/11/2022;17;0,354;R
ES0000000000003582CCPF;30/11/2022;18;0,377;R
ES0000000000003582CCPF;30/11/2022;19;0,63;R
ES0000000000003582CCPF;30/11/2022;20;0,492;R
ES0000000000003582CCPF;30/11/2022;21;0,642;R
ES0000000000003582CCPF;30/11/2022;22;1,945;R
ES0000000000003582CCPF;30/11/2022;23;0,906;R
ES0000000000003582CCPF;01/12/2022;0;0,484;R
ES0000000000003582CCPF;01/12/2022;1;0,242;R
ES0000000000003582CCPF;01/12/2022;2;0,113;R
ES0000000000003582CCPF;01/12/2022;3;0,112;R
ES0000000000003582CCPF;01/12/2022;4;0,149;R
ES0000000000003582CCPF;01/12/2022;5;0,114;R
ES0000000000003582CCPF;01/12/2022;6;0,151;R
ES0000000000003582CCPF;01/12/2022;7;0,107;R
ES0000000000003582CCPF;01/12/2022;8;0,267;R
ES0000000000003582CCPF;01/12/2022;9;0,354;R
ES0000000000003582CCPF;01/12/2022;10;0,418;R
ES0000000000003582CCPF;01/12/2022;11;0,428;R
ES0000000000003582CCPF;01/12/2022;12;0,389;R
ES0000000000003582CCPF;01/12/2022;13;0,403;R
ES0000000000003582CCPF;01/12/2022;14;0,718;R
ES0000000000003582CCPF;01/12/2022;15;0,693;R
ES0000000000003582CCPF;01/12/2022;16;0,817;R
ES0000000000003582CCPF;01/12/2022;17;0,382;R
ES0000000000003582CCPF;01/12/2022;18;0,387;R
ES0000000000003582CCPF;01/12/2022;19;0,764;R
ES0000000000003582CCPF;01/12/2022;20;0,588;R
ES0000000000003582CCPF;01/12/2022;21;0,624;R
ES0000000000003582CCPF;01/12/2022;22;0,75;R
ES0000000000003582CCPF;01/12/2022;23;0,761;R
ES0000000000003582CCPF;02/12/2022;0;0,564;R
ES0000000000003582CCPF;02/12/2022;1;0,247;R
ES0000000000003582CCPF;02/12/2022;2;0,128;R
ES0000000000003582CCPF;02/12/2022;3;0,08;R
ES0000000000003582CCPF;02/12/2022;4;0,096;R
ES0000000000003582CCPF;02/12/2022;5;0,105;R
ES0000000000003582CCPF;02/12/2022;6;0,082;R
ES0000000000003582CCPF;02/12/2022;7;0,453;R
ES0000000000003582CCPF;02/12/2022;8;0,402;R
ES0000000000003582CCPF;02/12/2022;9;0,121;R
ES0000000000003582CCPF;02/12/2022;10;0,186;R
ES0000000000003582CCPF;02/12/2022;11;0,337;R
ES0000000000003582CCPF;02/12/2022;12;1,103;R
ES0000000000003582CCPF;02/12/2022;13;0,464;R
ES0000000000003582CCPF;02/12/2022;14;0,351;R
ES0000000000003582CCPF;02/12/2022;15;0,383;R
ES0000000000003582CCPF;02/12/2022;16;0,226;R
ES0000000000003582CCPF;02/12/2022;17;0,175;R
ES0000000000003582CCPF;02/12/2022;18;0,143;R
ES0000000000003582CCPF;02/12/2022;19;0,479;R
ES0000000000003582CCPF;02/12/2022;20;0,641;R
ES0000000000003582CCPF;02/12/2022;21;0,426;R
ES0000000000003582CCPF;02/12/2022;22;0,184;R
ES0000000000003582CCPF;02/12/2022;23;0,18;R
ES0000000000003582CCPF;03/12/2022;0;0,175;R
ES0000000000003582CCPF;03/12/2022;1;0,102;R
ES0000000000003582CCPF;03/12/2022;2;0,145;R
ES0000000000003582CCPF;03/12/2022;3;0,105;R
ES0000000000003582CCPF;03/12/2022;4;0,132;R
ES0000000000003582CCPF;03/12/2022;5;0,108;R
ES0000000000003582CCPF;03/12/2022;6;0,125;R
ES0000000000003582CCPF;03/12/2022;7;0,132;R
ES0000000000003582CCPF;03/12/2022;8;0,102;R
ES0000000000003582CCPF;03/12/2022;9;0,12;R
ES0000000000003582CCPF;03/12/2022;10;0,133;R
ES0000000000003582CCPF;03/12/2022;11;0,352;R
ES0000000000003582CCPF;03/12/2022;12;0,246;R
ES0000000000003582CCPF;03/12/2022;13;0,287;R
ES0000000000003582CCPF;03/12/2022;14;0,143;R
ES0000000000003582CCPF;03/12/2022;15;0,101;R
ES0000000000003582CCPF;03/12/2022;16;0,116;R
ES0000000000003582CCPF;03/12/2022;17;0,103;R
ES0000000000003582CCPF;03/12/2022;18;0,097;R
ES0000000000003582CCPF;03/12/2022;19;0,118;R
ES0000000000003582CCPF;03/12/2022;20;0,077;R
ES0000000000003582CCPF;03/12/2022;21;0,135;R
ES0000000000003582CCPF;03/12/2022;22;0,17;R
ES0000000000003582CCPF;03/12/2022;23;0,163;R
ES0000000000003582CCPF;04/12/2022;0;0,076;R
ES0000000000003582CCPF;04/12/2022;1;0,077;R
ES0000000000003582CCPF;04/12/2022;2;0,111;R
ES0000000000003582CCPF;04/12/2022;3;0,077;R
ES0000000000003582CCPF;04/12/2022;4;0,115;R
ES0000000000003582CCPF;04/12/2022;5;0,078;R
ES0000000000003582CCPF;04/12/2022;6;0,104;R
ES0000000000003582CCPF;04/12/2022;7;0,123;R
ES0000000000003582CCPF;04/12/2022;8;0,164;R
ES0000000000003582CCPF;04/12/2022;9;0,157;R
ES0000000000003582CCPF;04/12/2022;10;0,076;R
ES0000000000003582CCPF;04/12/2022;11;0,08;R
ES0000000000003582CCPF;04/12/2022;12;0,105;R
ES0000000000003582CCPF;04/12/2022;13;0,096;R
ES0000000000003582CCPF;04/12/2022;14;0,089;R
ES0000000000003582CCPF;04/12/2022;15;0,105;R
ES0000000000003582CCPF;04/12/2022;16;0,078;R
ES0000000000003582CCPF;04/12/2022;17;0,127;R
ES0000000000003582CCPF;04/12/2022;18;0,17;R
ES0000000000003582CCPF;04/12/2022;19;0,173;R
ES0000000000003582CCPF;04/12/2022;20;0,087;R
ES0000000000003582CCPF;04/12/2022;21;0,076;R
ES0000000000003582CCPF;04/12/2022;22;0,079;R
ES0000000000003582CCPF;04/12/2022;23;0,114;R
ES0000000000003582CCPF;05/12/2022;0;0,103;R
ES0000000000003582CCPF;05/12/2022;1;0,127;R
ES0000000000003582CCPF;05/12/2022;2;0,11;R
ES0000000000003582CCPF;05/12/2022;3;0,189;R
ES0000000000003582CCPF;05/12/2022;4;0,155;R
ES0000000000003582CCPF;05/12/2022;5;0,175;R
ES0000000000003582CCPF;05/12/2022;6;0,131;R
ES0000000000003582CCPF;05/12/2022;7;0,1;R
ES0000000000003582CCPF;05/12/2022;8;0,115;R
ES0000000000003582CCPF;05/12/2022;9;0,089;R
ES0000000000003582CCPF;05/12/2022;10;0,119;R
ES0000000000003582CCPF;05/12/2022;11;0,353;R
ES0000000000003582CCPF;05/12/2022;12;1,508;R
ES0000000000003582CCPF;05/12/2022;13;1,206;R
ES0000000000003582CCPF;05/12/2022;14;0,381;R
ES0000000000003582CCPF;05/12/2022;15;0,568;R
ES0000000000003582CCPF;05/12/2022;16;0,455;R
ES0000000000003582CCPF;05/12/2022;17;0,089;R
ES0000000000003582CCPF;05/12/2022;18;0,096;R
ES0000000000003582CCPF;05/12/2022;19;0,105;R
ES0000000000003582CCPF;05/12/2022;20;0,089;R
ES0000000000003582CCPF;05/12/2022;21;0,116;R
ES0000000000003582CCPF;05/12/2022;22;0,089;R
ES0000000000003582CCPF;05/12/2022;23;0,112;R
ES0000000000003582CCPF;06/12/2022;0;0,083;R
ES0000000000003582CCPF;06/12/2022;1;0,137;R
ES0000000000003582CCPF;06/12/2022;2;0,175;R
ES0000000000003582CCPF;06/12/2022;3;0,169;R
ES0000000000003582CCPF;06/12/2022;4;0,087;R
ES0000000000003582CCPF;06/12/2022;5;0,084;R
ES0000000000003582CCPF;06/12/2022;6;0,11;R
ES0000000000003582CCPF;06/12/2022;7;0,101;R
ES0000000000003582CCPF;06/12/2022;8;0,108;R
ES0000000000003582CCPF;06/12/2022;9;0,091;R
ES0000000000003582CCPF;06/12/2022;10;0,112;R
ES0000000000003582CCPF;06/12/2022;11;0,095;R
ES0000000000003582CCPF;06/12/2022;12;0,16;R
ES0000000000003582CCPF;06/12/2022;13;0,176;R
ES0000000000003582CCPF;06/12/2022;14;0,179;R
ES0000000000003582CCPF;06/12/2022;15;0,126;R
ES0000000000003582CCPF;06/12/2022;16;0,103;R
ES0000000000003582CCPF;06/12/2022;17;0,109;R
ES0000000000003582CCPF;06/12/2022;18;0,108;R
ES0000000000003582CCPF;06/12/2022;19;0,091;R
ES0000000000003582CCPF;06/12/2022;20;0,116;R
ES0000000000003582CCPF;06/12/2022;21;0,083;R
ES0000000000003582CCPF;06/12/2022;22;0,112;R
ES0000000000003582CCPF;06/12/2022;23;0,105;R
ES0000000000003582CCPF;07/12/2022;0;0,172;R
ES0000000000003582CCPF;07/12/2022;1;0,17;R
ES0000000000003582CCPF;07/12/2022;2;0,099;R
ES0000000000003582CCPF;07/12/2022;3;0,087;R
ES0000000000003582CCPF;07/12/2022;4;0,109;R
ES0000000000003582CCPF;07/12/2022;5;0,099;R
ES0000000000003582CCPF;07/12/2022;6;0,106;R
ES0000000000003582CCPF;07/12/2022;7;0,103;R
ES0000000000003582CCPF;07/12/2022;8;0,104;R
ES0000000000003582CCPF;07/12/2022;9;0,112;R
ES0000000000003582CCPF;07/12/2022;10;0,112;R
ES0000000000003582CCPF;07/12/2022;11;0,329;R
ES0000000000003582CCPF;07/12/2022;12;0,319;R
ES0000000000003582CCPF;07/12/2022;13;0,233;R
ES0000000000003582CCPF;07/12/2022;14;0,974;R
ES0000000000003582CCPF;07/12/2022;15;0,284;R
ES0000000000003582CCPF;07/12/2022;16;0,095;R
ES0000000000003582CCPF;07/12/2022;17;0,111;R
ES0000000000003582CCPF;07/12/2022;18;0,084;R
ES0000000000003582CCPF;07/12/2022;19;0,213;R
ES0000000000003582CCPF;07/12/2022;20;0,908;R
ES0000000000003582CCPF;07/12/2022;21;1,064;R
ES0000000000003582CCPF;07/12/2022;22;0,382;R
ES0000000000003582CCPF;07/12/2022;23;0,217;R
ES0000000000003582CCPF;08/12/2022;0;0,514;R
ES0000000000003582CCPF;08/12/2022;1;0,233;R
ES0000000000003582CCPF;08/12/2022;2;0,096;R
ES0000000000003582CCPF;08/12/2022;3;0,153;R
ES0000000000003582CCPF;08/12/2022;4;0,1;R
ES0000000000003582CCPF;08/12/2022;5;0,085;R
ES0000000000003582CCPF;08/12/2022;6;0,125;R
ES0000000000003582CCPF;08/12/2022;7;0,112;R
ES0000000000003582CCPF;08/12/2022;8;0,092;R
ES0000000000003582CCPF;08/12/2022;9;0,11;R
ES0000000000003582CCPF;08/12/2022;10;0,147;R
ES0000000000003582CCPF;08/12/2022;11;0,185;R
ES0000000000003582CCPF;08/12/2022;12;0,605;R
ES0000000000003582CCPF;08/12/2022;13;0,716;R
ES0000000000003582CCPF;08/12/2022;14;1,248;R
ES0000000000003582CCPF;08/12/2022;15;1,669;R
ES0000000000003582CCPF;08/12/2022;16;0,497;R
ES0000000000003582CCPF;08/12/2022;17;0,409;R
ES0000000000003582CCPF;08/12/2022;18;0,328;R
ES0000000000003582CCPF;08/12/2022;19;0,191;R
ES0000000000003582CCPF;08/12/2022;20;0,228;R
ES0000000000003582CCPF;08/12/2022;21;0,349;R
ES0000000000003582CCPF;08/12/2022;22;1,103;R
ES0000000000003582CCPF;08/12/2022;23;0,793;R
ES0000000000003582CCPF;09/12/2022;0;0,404;R
ES0000000000003582CCPF;09/12/2022;1;0,206;R
ES0000000000003582CCPF;09/12/2022;2;0,155;R
ES0000000000003582CCPF;09/12/2022;3;0,181;R
ES0000000000003582CCPF;09/12/2022;4;0,176;R
ES0000000000003582CCPF;09/12/2022;5;0,157;R
ES0000000000003582CCPF;09/12/2022;6;0,218;R
ES0000000000003582CCPF;09/12/2022;7;0,507;R
ES0000000000003582CCPF;09/12/2022;8;0,733;R
ES0000000000003582CCPF;09/12/2022;9;0,519;R
ES0000000000003582CCPF;09/12/2022;10;1,083;R
ES0000000000003582CCPF;09/12/2022;11;1,104;R
ES0000000000003582CCPF;09/12/2022;12;0,539;R
ES0000000000003582CCPF;09/12/2022;13;0,766;R
ES0000000000003582CCPF;09/12/2022;14;1,841;R
ES0000000000003582CCPF;09/12/2022;15;1,004;R
ES0000000000003582CCPF;09/12/2022;16;0,666;R
ES0000000000003582CCPF;09/12/2022;17;0,515;R
ES0000000000003582CCPF;09/12/2022;18;0,383;R
ES0000000000003582CCPF;09/12/2022;19;0,181;R
ES0000000000003582CCPF;09/12/2022;20;0,134;R
ES0000000000003582CCPF;09/12/2022;21;0,125;R
ES0000000000003582CCPF;09/12/2022;22;0,132;R
ES0000000000003582CCPF;09/12/2022;23;0,114;R
ES0000000000003582CCPF;10/12/2022;0;0,205;R
ES0000000000003582CCPF;10/12/2022;1;0,418;R
ES0000000000003582CCPF;10/12/2022;2;0,108;R
ES0000000000003582CCPF;10/12/2022;3;0,141;R
ES0000000000003582CCPF;10/12/2022;4;0,162;R
ES0000000000003582CCPF;10/12/2022;5;0,18;R
ES0000000000003582CCPF;10/12/2022;6;0,185;R
ES0000000000003582CCPF;10/12/2022;7;0,144;R
ES0000000000003582CCPF;10/12/2022;8;0,09;R
ES0000000000003582CCPF;10/12/2022;9;0,095;R
ES0000000000003582CCPF;10/12/2022;10;0,091;R
ES0000000000003582CCPF;10/12/2022;11;0,262;R
ES0000000000003582CCPF;10/12/2022;12;0,766;R
ES0000000000003582CCPF;10/12/2022;13;0,75;R
ES0000000000003582CCPF;10/12/2022;14;0,402;R
ES0000000000003582CCPF;10/12/2022;15;1,557;R
ES0000000000003582CCPF;10/12/2022;16;0,371;R
ES0000000000003582CCPF;10/12/2022;17;0,303;R
ES0000000000003582CCPF;10/12/2022;18;0,393;R
ES0000000000003582CCPF;10/12/2022;19;0,502;R
ES0000000000003582CCPF;10/12/2022;20;0,34;R
ES0000000000003582CCPF;10/12/2022;21;0,276;R
ES0000000000003582CCPF;10/12/2022;22;0,759;R
ES0000000000003582CCPF;10/12/2022;23;0,591;R
ES0000000000003582CCPF;11/12/2022;0;0,413;R
ES0000000000003582CCPF;11/12/2022;1;0,182;R
ES0000000000003582CCPF;11/12/2022;2;0,094;R
ES0000000000003582CCPF;11/12/2022;3;0,138;R
ES0000000000003582CCPF;11/12/2022;4;0,092;R
ES0000000000003582CCPF;11/12/2022;5;0,122;R
ES0000000000003582CCPF;11/12/2022;6;0,161;R
ES0000000000003582CCPF;11/12/2022;7;0,168;R
ES0000000000003582CCPF;11/12/2022;8;0,164;R
ES0000000000003582CCPF;11/12/2022;9;0,175;R
ES0000000000003582CCPF;11/12/2022;10;0,183;R
ES0000000000003582CCPF;11/12/2022;11;0,185;R
ES0000000000003582CCPF;11/12/2022;12;0,172;R
ES0000000000003582CCPF;11/12/2022;13;1,021;R
ES0000000000003582CCPF;11/12/2022;14;0,409;R
ES0000000000003582CCPF;11/12/2022;15;0,29;R
ES0000000000003582CCPF;11/12/2022;16;0,292;R
ES0000000000003582CCPF;11/12/2022;17;0,358;R
ES0000000000003582CCPF;11/12/2022;18;0,516;R
ES0000000000003582CCPF;11/12/2022;19;0,894;R
ES0000000000003582CCPF;11/12/2022;20;0,93;R
ES0000000000003582CCPF;11/12/2022;21;1,525;R
ES0000000000003582CCPF;11/12/2022;22;1,554;R
ES0000000000003582CCPF;11/12/2022;23;1,133;R
ES0000000000003582CCPF;12/12/2022;0;0,565;R
ES0000000000003582CCPF;12/12/2022;1;0,28;R
ES0000000000003582CCPF;12/12/2022;2;0,154;R
ES0000000000003582CCPF;12/12/2022;3;0,141;R
ES0000000000003582CCPF;12/12/2022;4;0,178;R
ES0000000000003582CCPF;12/12/2022;5;0,146;R
ES0000000000003582CCPF;12/12/2022;6;0,151;R
ES0000000000003582CCPF;12/12/2022;7;0,191;R
ES0000000000003582CCPF;12/12/2022;8;0,531;R
ES0000000000003582CCPF;12/12/2022;9;0,751;R
ES0000000000003582CCPF;12/12/2022;10;0,54;R
ES0000000000003582CCPF;12/12/2022;11;1,024;R
ES0000000000003582CCPF;12/12/2022;12;2,095;R
ES0000000000003582CCPF;12/12/2022;13;1,614;R
ES0000000000003582CCPF;12/12/2022;14;0,645;R
ES0000000000003582CCPF;12/12/2022;15;0,648;R
ES0000000000003582CCPF;12/12/2022;16;1,267;R
ES0000000000003582CCPF;12/12/2022;17;0,673;R
ES0000000000003582CCPF;12/12/2022;18;0,735;R
ES0000000000003582CCPF;12/12/2022;19;0,798;R
ES0000000000003582CCPF;12/12/2022;20;1,135;R
ES0000000000003582CCPF;12/12/2022;21;1,206;R
ES0000000000003582CCPF;12/12/2022;22;1,222;R
ES0000000000003582CCPF;12/12/2022;23;0,621;R
ES0000000000003582CCPF;13/12/2022;0;0,557;R
ES0000000000003582CCPF;13/12/2022;1;0,161;R
ES0000000000003582CCPF;13/12/2022;2;0,086;R
ES0000000000003582CCPF;13/12/2022;3;0,095;R
ES0000000000003582CCPF;13/12/2022;4;0,097;R
ES0000000000003582CCPF;13/12/2022;5;0,133;R
ES0000000000003582CCPF;13/12/2022;6;0,106;R
ES0000000000003582CCPF;13/12/2022;7;0,1;R
ES0000000000003582CCPF;13/12/2022;8;0,456;R
ES0000000000003582CCPF;13/12/2022;9;0,398;R
ES0000000000003582CCPF;13/12/2022;10;0,487;R
ES0000000000003582CCPF;13/12/2022;11;0,594;R
ES0000000000003582CCPF;13/12/2022;12;0,592;R
ES0000000000003582CCPF;13/12/2022;13;0,504;R
ES0000000000003582CCPF;13/12/2022;14;0,454;R
ES0000000000003582CCPF;13/12/2022;15;0,546;R
ES0000000000003582CCPF;13/12/2022;16;0,302;R
ES0000000000003582CCPF;13/12/2022;17;0,459;R
ES0000000000003582CCPF;13/12/2022;18;0,751;R
ES0000000000003582CCPF;13/12/2022;19;0,311;R
ES0000000000003582CCPF;13/12/2022;20;0,307;R
ES0000000000003582CCPF;13/12/2022;21;0,563;R
ES0000000000003582CCPF;13/12/2022;22;0,951;R
ES0000000000003582CCPF;13/12/2022;23;0,634;R
ES0000000000003582CCPF;14/12/2022;0;0,431;R
ES0000000000003582CCPF;14/12/2022;1;0,25;R
ES0000000000003582CCPF;14/12/2022;2;0,158;R
ES0000000000003582CCPF;14/12/2022;3;0,104;R
ES0000000000003582CCPF;14/12/2022;4;0,11;R
ES0000000000003582CCPF;14/12/2022;5;0,106;R
ES0000000000003582CCPF;14/12/2022;6;0,093;R
ES0000000000003582CCPF;14/12/2022;7;0,158;R
ES0000000000003582CCPF;14/12/2022;8;0,357;R
ES0000000000003582CCPF;14/12/2022;9;0,471;R
ES0000000000003582CCPF;14/12/2022;10;0,326;R
ES0000000000003582CCPF;14/12/2022;11;0,864;R
ES0000000000003582CCPF;14/12/2022;12;1,519;R
ES0000000000003582CCPF;14/12/2022;13;1,618;R
ES0000000000003582CCPF;14/12/2022;14;0,542;R
ES0000000000003582CCPF;14/12/2022;15;1,412;R
ES0000000000003582CCPF;14/12/2022;16;1,048;R
ES0000000000003582CCPF;14/12/2022;17;0,47;R
ES0000000000003582CCPF;14/12/2022;18;0,683;R
ES0000000000003582CCPF;14/12/2022;19;0,472;R
ES0000000000003582CCPF;14/12/2022;20;0,278;R
ES0000000000003582CCPF;14/12/2022;21;0,218;R
ES0000000000003582CCPF;14/12/2022;22;0,332;R
ES0000000000003582CCPF;14/12/2022;23;0,792;R
ES0000000000003582CCPF;15/12/2022;0;0,608;R
ES0000000000003582CCPF;15/12/2022;1;0,291;R
ES0000000000003582CCPF;15/12/2022;2;0,208;R
ES0000000000003582CCPF;15/12/2022;3;0,206;R
ES0000000000003582CCPF;15/12/2022;4;0,161;R
ES0000000000003582CCPF;15/12/2022;5;0,127;R
ES0000000000003582CCPF;15/12/2022;6;0,117;R
ES0000000000003582CCPF;15/12/2022;7;0,119;R
ES0000000000003582CCPF;15/12/2022;8;0,48;R
ES0000000000003582CCPF;15/12/2022;9;0,543;R
ES0000000000003582CCPF;15/12/2022;10;0,166;R
ES0000000000003582CCPF;15/12/2022;11;0,193;R
ES0000000000003582CCPF;15/12/2022;12;0,359;R
ES0000000000003582CCPF;15/12/2022;13;0,406;R
ES0000000000003582CCPF;15/12/2022;14;0,324;R
ES0000000000003582CCPF;15/12/2022;15;0,284;R
ES0000000000003582CCPF;15/12/2022;16;0,286;R
ES0000000000003582CCPF;15/12/2022;17;0,238;R
ES0000000000003582CCPF;15/12/2022;18;0,556;R
ES0000000000003582CCPF;15/12/2022;19;0,469;R
ES0000000000003582CCPF;15/12/2022;20;0,219;R
ES0000000000003582CCPF;15/12/2022;21;0,679;R
ES0000000000003582CCPF;15/12/2022;22;1,107;R
ES0000000000003582CCPF;15/12/2022;23;0,557;R
ES0000000000003582CCPF;16/12/2022;0;0,401;R
ES0000000000003582CCPF;16/12/2022;1;0,232;R
ES0000000000003582CCPF;16/12/2022;2;0,155;R
ES0000000000003582CCPF;16/12/2022;3;0,154;R
ES0000000000003582CCPF;16/12/2022;4;0,171;R
ES0000000000003582CCPF;16/12/2022;5;0,201;R
ES0000000000003582CCPF;16/12/2022;6;0,232;R
ES0000000000003582CCPF;16/12/2022;7;0,327;R
ES0000000000003582CCPF;16/12/2022;8;0,314;R
ES0000000000003582CCPF;16/12/2022;9;0,389;R
ES0000000000003582CCPF;16/12/2022;10;0,237;R
ES0000000000003582CCPF;16/12/2022;11;0,285;R
ES0000000000003582CCPF;16/12/2022;12;0,938;R
ES0000000000003582CCPF;16/12/2022;13;1,35;R
ES0000000000003582CCPF;16/12/2022;14;0,498;R
ES0000000000003582CCPF;16/12/2022;15;0,733;R
ES0000000000003582CCPF;16/12/2022;16;1,05;R
ES0000000000003582CCPF;16/12/2022;17;0,33;R
ES0000000000003582CCPF;16/12/2022;18;0,695;R
ES0000000000003582CCPF;16/12/2022;19;0,447;R
ES0000000000003582CCPF;16/12/2022;20;0,438;R
ES0000000000003582CCPF;16/12/2022;21;0,342;R
ES0000000000003582CCPF;16/12/2022;22;0,268;R
ES0000000000003582CCPF;16/12/2022;23;0,206;R
ES0000000000003582CCPF;17/12/2022;0;0,221;R
ES0000000000003582CCPF;17/12/2022;1;0,184;R
ES0000000000003582CCPF;17/12/2022;2;0,266;R
ES0000000000003582CCPF;17/12/2022;3;0,166;R
ES0000000000003582CCPF;17/12/2022;4;0,112;R
ES0000000000003582CCPF;17/12/2022;5;0,143;R
ES0000000000003582CCPF;17/12/2022;6;0,106;R
ES0000000000003582CCPF;17/12/2022;7;0,129;R
ES0000000000003582CCPF;17/12/2022;8;0,188;R
ES0000000000003582CCPF;17/12/2022;9;0,194;R
ES0000000000003582CCPF;17/12/2022;10;0,193;R
ES0000000000003582CCPF;17/12/2022;11;0,338;R
ES0000000000003582CCPF;17/12/2022;12;0,204;R
ES0000000000003582CCPF;17/12/2022;13;0,402;R
ES0000000000003582CCPF;17/12/2022;14;0,245;R
ES0000000000003582CCPF;17/12/2022;15;0,163;R
ES0000000000003582CCPF;17/12/2022;16;0,312;R
ES0000000000003582CCPF;17/12/2022;17;0,537;R
ES0000000000003582CCPF;17/12/2022;18;0,912;R
ES0000000000003582CCPF;17/12/2022;19;0,765;R
ES0000000000003582CCPF;17/12/2022;20;0,773;R
ES0000000000003582CCPF;17/12/2022;21;0,753;R
ES0000000000003582CCPF;17/12/2022;22;0,921;R
ES0000000000003582CCPF;17/12/2022;23;1,181;R
ES0000000000003582CCPF;18/12/2022;0;0,673;R
ES0000000000003582CCPF;18/12/2022;1;0,325;R
ES0000000000003582CCPF;18/12/2022;2;0,1;R
ES0000000000003582CCPF;18/12/2022;3;0,098;R
ES0000000000003582CCPF;18/12/2022;4;0,137;R
ES0000000000003582CCPF;18/12/2022;5;0,122;R
ES0000000000003582CCPF;18/12/2022;6;0,111;R
ES0000000000003582CCPF;18/12/2022;7;0,145;R
ES0000000000003582CCPF;18/12/2022;8;0,104;R
ES0000000000003582CCPF;18/12/2022;9;0,14;R
ES0000000000003582CCPF;18/12/2022;10;0,108;R
ES0000000000003582CCPF;18/12/2022;11;0,291;R
ES0000000000003582CCPF;18/12/2022;12;0,414;R
ES0000000000003582CCPF;18/12/2022;13;0,347;R
ES0000000000003582CCPF;18/12/2022;14;0,951;R
ES0000000000003582CCPF;18/12/2022;15;0,966;R
ES0000000000003582CCPF;18/12/2022;16;0,396;R
ES0000000000003582CCPF;18/12/2022;17;0,239;R
ES0000000000003582CCPF;18/12/2022;18;0,289;R
ES0000000000003582CCPF;18/12/2022;19;0,251;R
ES0000000000003582CCPF;18/12/2022;20;0,637;R
ES0000000000003582CCPF;18/12/2022;21;0,624;R
ES0000000000003582CCPF;18/12/2022;22;0,93;R
ES0000000000003582CCPF;18/12/2022;23;0,587;R
ES0000000000003582CCPF;19/12/2022;0;0,45;R
ES0000000000003582CCPF;19/12/2022;1;0,271;R
ES0000000000003582CCPF;19/12/2022;2;0,197;R
ES0000000000003582CCPF;19/12/2022;3;0,218;R
ES0000000000003582CCPF;19/12/2022;4;0,198;R
ES0000000000003582CCPF;19/12/2022;5;0,173;R
ES0000000000003582CCPF;19/12/2022;6;0,1;R
ES0000000000003582CCPF;19/12/2022;7;0,105;R
ES0000000000003582CCPF;19/12/2022;8;0,27;R
ES0000000000003582CCPF;19/12/2022;9;0,192;R
ES0000000000003582CCPF;19/12/2022;10;0,694;R
ES0000000000003582CCPF;19/12/2022;11;1,01;R
ES0000000000003582CCPF;19/12/2022;12;1,768;R
ES0000000000003582CCPF;19/12/2022;13;1,041;R
ES0000000000003582CCPF;19/12/2022;14;0,974;R
ES0000000000003582CCPF;19/12/2022;15;0,482;R
ES0000000000003582CCPF;19/12/2022;16;0,434;R
ES0000000000003582CCPF;19/12/2022;17;0,424;R
ES0000000000003582CCPF;19/12/2022;18;0,587;R
ES0000000000003582CCPF;19/12/2022;19;0,647;R
ES0000000000003582CCPF;19/12/2022;20;0,583;R
ES0000000000003582CCPF;19/12/2022;21;0,568;R
ES0000000000003582CCPF;19/12/2022;22;1,496;R
ES0000000000003582CCPF;19/12/2022;23;0,908;R
ES0000000000003582CCPF;20/12/2022;0;0,546;R
ES0000000000003582CCPF;20/12/2022;1;0,223;R
ES0000000000003582CCPF;20/12/2022;2;0,191;R
ES0000000000003582CCPF;20/12/2022;3;0,21;R
ES0000000000003582CCPF;20/12/2022;4;0,204;R
ES0000000000003582CCPF;20/12/2022;5;0,205;R
ES0000000000003582CCPF;20/12/2022;6;0,122;R
ES0000000000003582CCPF;20/12/2022;7;0,118;R
ES0000000000003582CCPF;20/12/2022;8;0,424;R
ES0000000000003582CCPF;20/12/2022;9;0,596;R
ES0000000000003582CCPF;20/12/2022;10;0,352;R
ES0000000000003582CCPF;20/12/2022;11;0,367;R
ES0000000000003582CCPF;20/12/2022;12;0,344;R
ES0000000000003582CCPF;20/12/2022;13;0,394;R
ES0000000000003582CCPF;20/12/2022;14;0,373;R
ES0000000000003582CCPF;20/12/2022;15;0,378;R
ES0000000000003582CCPF;20/12/2022;16;0,266;R
ES0000000000003582CCPF;20/12/2022;17;0,488;R
ES0000000000003582CCPF;20/12/2022;18;0,767;R
ES0000000000003582CCPF;20/12/2022;19;0,748;R
ES0000000000003582CCPF;20/12/2022;20;0,812;R
ES0000000000003582CCPF;20/12/2022;21;1,81;R
ES0000000000003582CCPF;20/12/2022;22;1,863;R
ES0000000000003582CCPF;20/12/2022;23;0,935;R
ES0000000000003582CCPF;21/12/2022;0;0,978;R
ES0000000000003582CCPF;21/12/2022;1;0,332;R
ES0000000000003582CCPF;21/12/2022;2;0,218;R
ES0000000000003582CCPF;21/12/2022;3;0,194;R
ES0000000000003582CCPF;21/12/2022;4;0,122;R
ES0000000000003582CCPF;21/12/2022;5;0,12;R
ES0000000000003582CCPF;21/12/2022;6;0,145;R
ES0000000000003582CCPF;21/12/2022;7;0,122;R
ES0000000000003582CCPF;21/12/2022;8;0,366;R
ES0000000000003582CCPF;21/12/2022;9;0,301;R
ES0000000000003582CCPF;21/12/2022;10;0,471;R
ES0000000000003582CCPF;21/12/2022;11;0,539;R
ES0000000000003582CCPF;21/12/2022;12;1,582;R
ES0000000000003582CCPF;21/12/2022;13;1,225;R
ES0000000000003582CCPF;21/12/2022;14;0,972;R
ES0000000000003582CCPF;21/12/2022;15;0,6;R
ES0000000000003582CCPF;21/12/2022;16;0,322;R
ES0000000000003582CCPF;21/12/2022;17;0,291;R
ES0000000000003582CCPF;21/12/2022;18;0,447;R
ES0000000000003582CCPF;21/12/2022;19;0,674;R
ES0000000000003582CCPF;21/12/2022;20;0,558;R
ES0000000000003582CCPF;21/12/2022;21;0,651;R
ES0000000000003582CCPF;21/12/2022;22;0,978;R
ES0000000000003582CCPF;21/12/2022;23;0,686;R
ES0000000000003582CCPF;22/12/2022;0;1,047;R
ES0000000000003582CCPF;22/12/2022;1;0,825;R
ES0000000000003582CCPF;22/12/2022;2;0,228;R
ES0000000000003582CCPF;22/12/2022;3;0,184;R
ES0000000000003582CCPF;22/12/2022;4;0,106;R
ES0000000000003582CCPF;22/12/2022;5;0,114;R
ES0000000000003582CCPF;22/12/2022;6;0,144;R
ES0000000000003582CCPF;22/12/2022;7;0,107;R
ES0000000000003582CCPF;22/12/2022;8;0,466;R
ES0000000000003582CCPF;22/12/2022;9;0,265;R
ES0000000000003582CCPF;22/12/2022;10;0,279;R
ES0000000000003582CCPF;22/12/2022;11;0,271;R
ES0000000000003582CCPF;22/12/2022;12;0,426;R
ES0000000000003582CCPF;22/12/2022;13;0,67;R
ES0000000000003582CCPF;22/12/2022;14;0,801;R
ES0000000000003582CCPF;22/12/2022;15;0,456;R
ES0000000000003582CCPF;22/12/2022;16;0,421;R
ES0000000000003582CCPF;22/12/2022;17;0,394;R
ES0000000000003582CCPF;22/12/2022;18;0,587;R
ES0000000000003582CCPF;22/12/2022;19;0,514;R
ES0000000000003582CCPF;22/12/2022;20;0,338;R
ES0000000000003582CCPF;22/12/2022;21;0,393;R
ES0000000000003582CCPF;22/12/2022;22;1,089;R
ES0000000000003582CCPF;22/12/2022;23;0,939;R
ES0000000000003582CCPF;23/12/2022;0;0,785;R
ES0000000000003582CCPF;23/12/2022;1;0,369;R
ES0000000000003582CCPF;23/12/2022;2;0,22;R
ES0000000000003582CCPF;23/12/2022;3;0,211;R
ES0000000000003582CCPF;23/12/2022;4;0,204;R
ES0000000000003582CCPF;23/12/2022;5;0,172;R
ES0000000000003582CCPF;23/12/2022;6;0,104;R
ES0000000000003582CCPF;23/12/2022;7;0,108;R
ES0000000000003582CCPF;23/12/2022;8;0,103;R
ES0000000000003582CCPF;23/12/2022;9;0,239;R
ES0000000000003582CCPF;23/12/2022;10;0,391;R
ES0000000000003582CCPF;23/12/2022;11;0,463;R
ES0000000000003582CCPF;23/12/2022;12;1,132;R
ES0000000000003582CCPF;23/12/2022;13;0,776;R
ES0000000000003582CCPF;23/12/2022;14;0,504;R
ES0000000000003582CCPF;23/12/2022;15;0,651;R
ES0000000000003582CCPF;23/12/2022;16;0,506;R
ES0000000000003582CCPF;23/12/2022;17;0,422;R
ES0000000000003582CCPF;23/12/2022;18;0,347;R
ES0000000000003582CCPF;23/12/2022;19;0,519;R
ES0000000000003582CCPF;23/12/2022;20;1,713;R
ES0000000000003582CCPF;23/12/2022;21;0,968;R
ES0000000000003582CCPF;23/12/2022;22;0,973;R
ES0000000000003582CCPF;23/12/2022;23;0,898;R
ES0000000000003582CCPF;24/12/2022;0;0,652;R
ES0000000000003582CCPF;24/12/2022;1;0,306;R
ES0000000000003582CCPF;24/12/2022;2;0,12;R
ES0000000000003582CCPF;24/12/2022;3;0,13;R
ES0000000000003582CCPF;24/12/2022;4;0,131;R
ES0000000000003582CCPF;24/12/2022;5;0,191;R
ES0000000000003582CCPF;24/12/2022;6;0,188;R
ES0000000000003582CCPF;24/12/2022;7;0,188;R
ES0000000000003582CCPF;24/12/2022;8;0,164;R
ES0000000000003582CCPF;24/12/2022;9;0,113;R
ES0000000000003582CCPF;24/12/2022;10;0,392;R
ES0000000000003582CCPF;24/12/2022;11;0,428;R
ES0000000000003582CCPF;24/12/2022;12;0,319;R
ES0000000000003582CCPF;24/12/2022;13;0,439;R
ES0000000000003582CCPF;24/12/2022;14;0,2;R
ES0000000000003582CCPF;24/12/2022;15;0,565;R
ES0000000000003582CCPF;24/12/2022;16;0,296;R
ES0000000000003582CCPF;24/12/2022;17;0,267;R
ES0000000000003582CCPF;24/12/2022;18;0,523;R
ES0000000000003582CCPF;24/12/2022;19;1,157;R
ES0000000000003582CCPF;24/12/2022;20;0,884;R
ES0000000000003582CCPF;24/12/2022;21;1,053;R
ES0000000000003582CCPF;24/12/2022;22;0,334;R
ES0000000000003582CCPF;24/12/2022;23;0,34;R
ES0000000000003582CCPF;25/12/2022;0;0,258;R
ES0000000000003582CCPF;25/12/2022;1;0,176;R
ES0000000000003582CCPF;25/12/2022;2;0,107;R
ES0000000000003582CCPF;25/12/2022;3;0,106;R
ES0000000000003582CCPF;25/12/2022;4;0,295;R
ES0000000000003582CCPF;25/12/2022;5;0,119;R
ES0000000000003582CCPF;25/12/2022;6;0,136;R
ES0000000000003582CCPF;25/12/2022;7;0,118;R
ES0000000000003582CCPF;25/12/2022;8;0,131;R
ES0000000000003582CCPF;25/12/2022;9;0,124;R
ES0000000000003582CCPF;25/12/2022;10;0,15;R
ES0000000000003582CCPF;25/12/2022;11;0,335;R
ES0000000000003582CCPF;25/12/2022;12;0,929;R
ES0000000000003582CCPF;25/12/2022;13;0,593;R
ES0000000000003582CCPF;25/12/2022;14;0,298;R
ES0000000000003582CCPF;25/12/2022;15;0,241;R
ES0000000000003582CCPF;25/12/2022;16;0,197;R
ES0000000000003582CCPF;25/12/2022;17;0,13;R
ES0000000000003582CCPF;25/12/2022;18;0,219;R
ES0000000000003582CCPF;25/12/2022;19;0,24;R
ES0000000000003582CCPF;25/12/2022;20;0,578;R
ES0000000000003582CCPF;25/12/2022;21;0,457;R
ES0000000000003582CCPF;25/12/2022;22;0,754;R
ES0000000000003582CCPF;25/12/2022;23;0,521;R
ES0000000000003582CCPF;26/12/2022;0;0,553;R
ES0000000000003582CCPF;26/12/2022;1;0,25;R
ES0000000000003582CCPF;26/12/2022;2;0,222;R
ES0000000000003582CCPF;26/12/2022;3;0,191;R
ES0000000000003582CCPF;26/12/2022;4;0,197;R
ES0000000000003582CCPF;26/12/2022;5;0,175;R
ES0000000000003582CCPF;26/12/2022;6;0,109;R
ES0000000000003582CCPF;26/12/2022;7;0,11;R
ES0000000000003582CCPF;26/12/2022;8;0,14;R
ES0000000000003582CCPF;26/12/2022;9;0,107;R
ES0000000000003582CCPF;26/12/2022;10;0,188;R
ES0000000000003582CCPF;26/12/2022;11;0,308;R
ES0000000000003582CCPF;26/12/2022;12;0,2;R
ES0000000000003582CCPF;26/12/2022;13;0,165;R
ES0000000000003582CCPF;26/12/2022;14;0,177;R
ES0000000000003582CCPF;26/12/2022;15;0,181;R
ES0000000000003582CCPF;26/12/2022;16;0,194;R
ES0000000000003582CCPF;26/12/2022;17;0,193;R
ES0000000000003582CCPF;26/12/2022;18;0,288;R
ES0000000000003582CCPF;26/12/2022;19;0,467;R
ES0000000000003582CCPF;26/12/2022;20;0,21;R
ES0000000000003582CCPF;26/12/2022;21;0,206;R
ES0000000000003582CCPF;26/12/2022;22;0,216;R
ES0000000000003582CCPF;26/12/2022;23;0,258;R
ES0000000000003582CCPF;27/12/2022;0;0,398;R
ES0000000000003582CCPF;27/12/2022;1;0,421;R
ES0000000000003582CCPF;27/12/2022;2;0,217;R
ES0000000000003582CCPF;27/12/2022;3;0,17;R
ES0000000000003582CCPF;27/12/2022;4;0,173;R
ES0000000000003582CCPF;27/12/2022;5;0,172;R
ES0000000000003582CCPF;27/12/2022;6;0,198;R
ES0000000000003582CCPF;27/12/2022;7;0,198;R
ES0000000000003582CCPF;27/12/2022;8;0,184;R
ES0000000000003582CCPF;27/12/2022;9;0,311;R
ES0000000000003582CCPF;27/12/2022;10;0,645;R
ES0000000000003582CCPF;27/12/2022;11;0,675;R
ES0000000000003582CCPF;27/12/2022;12;0,312;R
ES0000000000003582CCPF;27/12/2022;13;0,836;R
ES0000000000003582CCPF;27/12/2022;14;0,463;R
ES0000000000003582CCPF;27/12/2022;15;0,37;R
ES0000000000003582CCPF;27/12/2022;16;0,163;R
ES0000000000003582CCPF;27/12/2022;17;0,163;R
ES0000000000003582CCPF;27/12/2022;18;0,281;R
ES0000000000003582CCPF;27/12/2022;19;0,705;R
ES0000000000003582CCPF;27/12/2022;20;0,572;R
ES0000000000003582CCPF;27/12/2022;21;0,794;R
ES0000000000003582CCPF;27/12/2022;22;0,79;R
ES0000000000003582CCPF;27/12/2022;23;0,597;R
ES0000000000003582CCPF;28/12/2022;0;0,448;R
ES0000000000003582CCPF;28/12/2022;1;0,223;R
ES0000000000003582CCPF;28/12/2022;2;0,102;R
ES0000000000003582CCPF;28/12/2022;3;0,13;R
ES0000000000003582CCPF;28/12/2022;4;0,1;R
ES0000000000003582CCPF;28/12/2022;5;0,143;R
ES0000000000003582CCPF;28/12/2022;6;0,124;R
ES0000000000003582CCPF;28/12/2022;7;0,14;R
ES0000000000003582CCPF;28/12/2022;8;0,153;R
ES0000000000003582CCPF;28/12/2022;9;0,191;R
ES0000000000003582CCPF;28/12/2022;10;0,463;R
ES0000000000003582CCPF;28/12/2022;11;0,331;R
ES0000000000003582CCPF;28/12/2022;12;0,343;R
ES0000000000003582CCPF;28/12/2022;13;1,393;R
ES0000000000003582CCPF;28/12/2022;14;1,006;R
ES0000000000003582CCPF;28/12/2022;15;0,369;R
ES0000000000003582CCPF;28/12/2022;16;0,553;R
ES0000000000003582CCPF;28/12/2022;17;0,223;R
ES0000000000003582CCPF;28/12/2022;18;0,331;R
ES0000000000003582CCPF;28/12/2022;19;0,592;R
ES0000000000003582CCPF;28/12/2022;20;0,219;R
ES0000000000003582CCPF;28/12/2022;21;0,313;R
ES0000000000003582CCPF;28/12/2022;22;0,315;R
ES0000000000003582CCPF;28/12/2022;23;0,312;R
ES0000000000003582CCPF;29/12/2022;0;0,343;R
ES0000000000003582CCPF;29/12/2022;1;0,271;R
ES0000000000003582CCPF;29/12/2022;2;0,109;R
ES0000000000003582CCPF;29/12/2022;3;0,138;R
ES0000000000003582CCPF;29/12/2022;4;0,115;R
ES0000000000003582CCPF;29/12/2022;5;0,151;R
ES0000000000003582CCPF;29/12/2022;6;0,117;R
ES0000000000003582CCPF;29/12/2022;7;0,149;R
ES0000000000003582CCPF;29/12/2022;8;0,104;R
ES0000000000003582CCPF;29/12/2022;9;0,146;R
ES0000000000003582CCPF;29/12/2022;10;0,415;R
ES0000000000003582CCPF;29/12/2022;11;0,811;R
ES0000000000003582CCPF;29/12/2022;12;0,85;R
ES0000000000003582CCPF;29/12/2022;13;0,376;R
ES0000000000003582CCPF;29/12/2022;14;0,568;R
ES0000000000003582CCPF;29/12/2022;15;0,476;R
ES0000000000003582CCPF;29/12/2022;16;0,16;R
ES0000000000003582CCPF;29/12/2022;17;0,118;R
ES0000000000003582CCPF;29/12/2022;18;0,284;R
ES0000000000003582CCPF;29/12/2022;19;0,323;R
ES0000000000003582CCPF;29/12/2022;20;0,298;R
ES0000000000003582CCPF;29/12/2022;21;0,45;R
ES0000000000003582CCPF;29/12/2022;22;0,787;R
ES0000000000003582CCPF;29/12/2022;23;0,765;R
ES0000000000003582CCPF;30/12/2022;0;0,885;R
ES0000000000003582CCPF;30/12/2022;1;0,566;R
ES0000000000003582CCPF;30/12/2022;2;0,265;R
ES0000000000003582CCPF;30/12/2022;3;0,192;R
ES0000000000003582CCPF;30/12/2022;4;0,166;R
ES0000000000003582CCPF;30/12/2022;5;0,101;R
ES0000000000003582CCPF;30/12/2022;6;0,096;R
ES0000000000003582CCPF;30/12/2022;7;0,102;R
ES0000000000003582CCPF;30/12/2022;8;0,133;R
ES0000000000003582CCPF;30/12/2022;9;0,419;R
ES0000000000003582CCPF;30/12/2022;10;0,373;R
ES0000000000003582CCPF;30/12/2022;11;0,501;R
ES0000000000003582CCPF;30/12/2022;12;0,656;R
ES0000000000003582CCPF;30/12/2022;13;0,597;R
ES0000000000003582CCPF;30/12/2022;14;1,197;R
ES0000000000003582CCPF;30/12/2022;15;0,95;R
ES0000000000003582CCPF;30/12/2022;16;0,341;R
ES0000000000003582CCPF;30/12/2022;17;0,302;R
ES0000000000003582CCPF;30/12/2022;18;0,273;R
ES0000000000003582CCPF;30/12/2022;19;0,259;R
ES0000000000003582CCPF;30/12/2022;20;0,203;R
ES0000000000003582CCPF;30/12/2022;21;0,219;R
ES0000000000003582CCPF;30/12/2022;22;0,187;R
ES0000000000003582CCPF;30/12/2022;23;0,222;R
ES0000000000003582CCPF;31/12/2022;0;0,225;R
ES0000000000003582CCPF;31/12/2022;1;0,231;R
ES0000000000003582CCPF;31/12/2022;2;0,114;R
ES0000000000003582CCPF;31/12/2022;3;0,13;R
ES0000000000003582CCPF;31/12/2022;4;0,172;R
ES0000000000003582CCPF;31/12/2022;5;0,174;R
ES0000000000003582CCPF;31/12/2022;6;0,183;R
ES0000000000003582CCPF;31/12/2022;7;0,153;R
ES0000000000003582CCPF;31/12/2022;8;0,091;R
ES0000000000003582CCPF;31/12/2022;9;0,184;R
ES0000000000003582CCPF;31/12/2022;10;0,238;R
ES0000000000003582CCPF;31/12/2022;11;0,159;R
ES0000000000003582CCPF;31/12/2022;12;0,154;R
ES0000000000003582CCPF;31/12/2022;13;0,249;R
ES0000000000003582CCPF;31/12/2022;14;0,144;R
ES0000000000003582CCPF;31/12/2022;15;0,438;R
ES0000000000003582CCPF;31/12/2022;16;0,38;R
ES0000000000003582CCPF;31/12/2022;17;0,218;R
ES0000000000003582CCPF;31/12/2022;18;0,384;R
ES0000000000003582CCPF;31/12/2022;19;0,542;R
ES0000000000003582CCPF;31/12/2022;20;1,591;R
ES0000000000003582CCPF;31/12/2022;21;2,164;R
ES0000000000003582CCPF;31/12/2022;22;1,215;R
ES0000000000003582CCPF;31/12/2022;23;0,636;R
ES0000000000003582CCPF;01/01/2023;0;0,771;R
ES0000000000003582CCPF;01/01/2023;1;0,575;R
ES0000000000003582CCPF;01/01/2023;2;0,502;R
ES0000000000003582CCPF;01/01/2023;3;0,578;R
ES0000000000003582CCPF;01/01/2023;4;0,383;R
ES0000000000003582CCPF;01/01/2023;5;0,175;R
ES0000000000003582CCPF;01/01/2023;6;0,105;R
ES0000000000003582CCPF;01/01/2023;7;0,11;R
ES0000000000003582CCPF;01/01/2023;8;0,111;R
ES0000000000003582CCPF;01/01/2023;9;0,144;R
ES0000000000003582CCPF;01/01/2023;10;0,107;R
ES0000000000003582CCPF;01/01/2023;11;0,309;R
ES0000000000003582CCPF;01/01/2023;12;0,663;R
ES0000000000003582CCPF;01/01/2023;13;0,364;R
ES0000000000003582CCPF;01/01/2023;14;0,311;R
ES0000000000003582CCPF;01/01/2023;15;0,609;R
ES0000000000003582CCPF;01/01/2023;16;0,716;R
ES0000000000003582CCPF;01/01/2023;17;0,71;R
ES0000000000003582CCPF;01/01/2023;18;0,614;R
ES0000000000003582CCPF;01/01/2023;19;1,178;R
ES0000000000003582CCPF;01/01/2023;20;1,029;R
ES0000000000003582CCPF;01/01/2023;21;0,741;R
ES0000000000003582CCPF;01/01/2023;22;0,852;R
ES0000000000003582CCPF;01/01/2023;23;0,496;R
ES0000000000003582CCPF;02/01/2023;0;0,413;R
ES0000000000003582CCPF;02/01/2023;1;0,164;R
ES0000000000003582CCPF;02/01/2023;2;0,14;R
ES0000000000003582CCPF;02/01/2023;3;0,183;R
ES0000000000003582CCPF;02/01/2023;4;0,188;R
ES0000000000003582CCPF;02/01/2023;5;0,185;R
ES0000000000003582CCPF;02/01/2023;6;0,185;R
ES0000000000003582CCPF;02/01/2023;7;0,138;R
ES0000000000003582CCPF;02/01/2023;8;0,111;R
ES0000000000003582CCPF;02/01/2023;9;0,29;R
ES0000000000003582CCPF;02/01/2023;10;0,14;R
ES0000000000003582CCPF;02/01/2023;11;0,207;R
ES0000000000003582CCPF;02/01/2023;12;0,87;R
ES0000000000003582CCPF;02/01/2023;13;0,689;R
ES0000000000003582CCPF;02/01/2023;14;0,425;R
ES0000000000003582CCPF;02/01/2023;15;0,259;R
ES0000000000003582CCPF;02/01/2023;16;0,197;R
ES0000000000003582CCPF;02/01/2023;17;0,188;R
ES0000000000003582CCPF;02/01/2023;18;0,309;R
ES0000000000003582CCPF;02/01/2023;19;0,303;R
ES0000000000003582CCPF;02/01/2023;20;0,279;R
ES0000000000003582CCPF;02/01/2023;21;0,552;R
ES0000000000003582CCPF;02/01/2023;22;0,899;R
ES0000000000003582CCPF;02/01/2023;23;0,648;R
ES0000000000003582CCPF;03/01/2023;0;0,472;R
ES0000000000003582CCPF;03/01/2023;1;0,201;R
ES0000000000003582CCPF;03/01/2023;2;0,14;R
ES0000000000003582CCPF;03/01/2023;3;0,164;R
ES0000000000003582CCPF;03/01/2023;4;0,1;R
ES0000000000003582CCPF;03/01/2023;5;0,137;R
ES0000000000003582CCPF;03/01/2023;6;0,111;R
ES0000000000003582CCPF;03/01/2023;7;0,139;R
ES0000000000003582CCPF;03/01/2023;8;0,127;R
ES0000000000003582CCPF;03/01/2023;9;0,232;R
ES0000000000003582CCPF;03/01/2023;10;0,275;R
ES0000000000003582CCPF;03/01/2023;11;0,226;R
ES0000000000003582CCPF;03/01/2023;12;0,324;R
ES0000000000003582CCPF;03/01/2023;13;0,317;R
ES0000000000003582CCPF;03/01/2023;14;0,15;R
ES0000000000003582CCPF;03/01/2023;15;0,121;R
ES0000000000003582CCPF;03/01/2023;16;0,116;R
ES0000000000003582CCPF;03/01/2023;17;0,116;R
ES0000000000003582CCPF;03/01/2023;18;0,224;R
ES0000000000003582CCPF;03/01/2023;19;0,188;R
ES0000000000003582CCPF;03/01/2023;20;0,56;R
ES0000000000003582CCPF;03/01/2023;21;0,731;R
ES0000000000003582CCPF;03/01/2023;22;0,736;R
ES0000000000003582CCPF;03/01/2023;23;0,597;R
ES0000000000003582CCPF;04/01/2023;0;0,552;R
ES0000000000003582CCPF;04/01/2023;1;0,33;R
ES0000000000003582CCPF;04/01/2023;2;0,176;R
ES0000000000003582CCPF;04/01/2023;3;0,135;R
ES0000000000003582CCPF;04/01/2023;4;0,117;R
ES0000000000003582CCPF;04/01/2023;5;0,112;R
ES0000000000003582CCPF;04/01/2023;6;0,136;R
ES0000000000003582CCPF;04/01/2023;7;0,102;R
ES0000000000003582CCPF;04/01/2023;8;0,137;R
ES0000000000003582CCPF;04/01/2023;9;0,097;R
ES0000000000003582CCPF;04/01/2023;10;0,23;R
ES0000000000003582CCPF;04/01/2023;11;0,558;R
ES0000000000003582CCPF;04/01/2023;12;1,457;R
ES0000000000003582CCPF;04/01/2023;13;0,747;R
ES0000000000003582CCPF;04/01/2023;14;0,37;R
ES0000000000003582CCPF;04/01/2023;15;0,601;R
ES0000000000003582CCPF;04/01/2023;16;0,318;R
ES0000000000003582CCPF;04/01/2023;17;0,221;R
ES0000000000003582CCPF;04/01/2023;18;0,202;R
ES0000000000003582CCPF;04/01/2023;19;0,376;R
ES0000000000003582CCPF;04/01/2023;20;0,649;R
ES0000000000003582CCPF;04/01/2023;21;0,706;R
ES0000000000003582CCPF;04/01/2023;22;0,536;R
ES0000000000003582CCPF;04/01/2023;23;0,76;R
ES0000000000003582CCPF;05/01/2023;0;0,575;R
ES0000000000003582CCPF;05/01/2023;1;0,458;R
ES0000000000003582CCPF;05/01/2023;2;0,206;R
ES0000000000003582CCPF;05/01/2023;3;0,175;R
ES0000000000003582CCPF;05/01/2023;4;0,172;R
ES0000000000003582CCPF;05/01/2023;5;0,138;R
ES0000000000003582CCPF;05/01/2023;6;0,087;R
ES0000000000003582CCPF;05/01/2023;7;0,088;R
ES0000000000003582CCPF;05/01/2023;8;0,118;R
ES0000000000003582CCPF;05/01/2023;9;0,272;R
ES0000000000003582CCPF;05/01/2023;10;0,286;R
ES0000000000003582CCPF;05/01/2023;11;0,184;R
ES0000000000003582CCPF;05/01/2023;12;0,165;R
ES0000000000003582CCPF;05/01/2023;13;0,494;R
ES0000000000003582CCPF;05/01/2023;14;0,537;R
ES0000000000003582CCPF;05/01/2023;15;0,457;R
ES0000000000003582CCPF;05/01/2023;16;0,32;R
ES0000000000003582CCPF;05/01/2023;17;0,297;R
ES0000000000003582CCPF;05/01/2023;18;0,467;R
ES0000000000003582CCPF;05/01/2023;19;0,548;R
ES0000000000003582CCPF;05/01/2023;20;1,048;R
ES0000000000003582CCPF;05/01/2023;21;0,843;R
ES0000000000003582CCPF;05/01/2023;22;0,719;R
ES0000000000003582CCPF;05/01/2023;23;1,06;R
ES0000000000003582CCPF;06/01/2023;0;0,608;R
ES0000000000003582CCPF;06/01/2023;1;0,521;R
ES0000000000003582CCPF;06/01/2023;2;0,268;R
ES0000000000003582CCPF;06/01/2023;3;0,2;R
ES0000000000003582CCPF;06/01/2023;4;0,197;R
ES0000000000003582CCPF;06/01/2023;5;0,184;R
ES0000000000003582CCPF;06/01/2023;6;0,111;R
ES0000000000003582CCPF;06/01/2023;7;0,115;R
ES0000000000003582CCPF;06/01/2023;8;0,112;R
ES0000000000003582CCPF;06/01/2023;9;0,111;R
ES0000000000003582CCPF;06/01/2023;10;0,152;R
ES0000000000003582CCPF;06/01/2023;11;0,217;R
ES0000000000003582CCPF;06/01/2023;12;0,747;R
ES0000000000003582CCPF;06/01/2023;13;0,968;R
ES0000000000003582CCPF;06/01/2023;14;0,244;R
ES0000000000003582CCPF;06/01/2023;15;1,026;R
ES0000000000003582CCPF;06/01/2023;16;0,617;R
ES0000000000003582CCPF;06/01/2023;17;0,456;R
ES0000000000003582CCPF;06/01/2023;18;0,337;R
ES0000000000003582CCPF;06/01/2023;19;0,575;R
ES0000000000003582CCPF;06/01/2023;20;0,493;R
ES0000000000003582CCPF;06/01/2023;21;0,354;R
ES0000000000003582CCPF;06/01/2023;22;0,766;R
ES0000000000003582CCPF;06/01/2023;23;0,81;R
ES0000000000003582CCPF;07/01/2023;0;0,562;R
ES0000000000003582CCPF;07/01/2023;1;0,428;R
ES0000000000003582CCPF;07/01/2023;2;0,196;R
ES0000000000003582CCPF;07/01/2023;3;0,217;R
ES0000000000003582CCPF;07/01/2023;4;0,2;R
ES0000000000003582CCPF;07/01/2023;5;0,139;R
ES0000000000003582CCPF;07/01/2023;6;0,104;R
ES0000000000003582CCPF;07/01/2023;7;0,113;R
ES0000000000003582CCPF;07/01/2023;8;0,107;R
ES0000000000003582CCPF;07/01/2023;9;0,11;R
ES0000000000003582CCPF;07/01/2023;10;0,4;R
ES0000000000003582CCPF;07/01/2023;11;0,368;R
ES0000000000003582CCPF;07/01/2023;12;0,455;R
ES0000000000003582CCPF;07/01/2023;13;0,168;R
ES0000000000003582CCPF;07/01/2023;14;0,209;R
ES0000000000003582CCPF;07/01/2023;15;0,692;R
ES0000000000003582CCPF;07/01/2023;16;1,765;R
ES0000000000003582CCPF;07/01/2023;17;2,083;R
ES0000000000003582CCPF;07/01/2023;18;1,8;R
ES0000000000003582CCPF;07/01/2023;19;0,977;R
ES0000000000003582CCPF;07/01/2023;20;0,732;R
ES0000000000003582CCPF;07/01/2023;21;1,067;R
ES0000000000003582CCPF;07/01/2023;22;0,86;R
ES0000000000003582CCPF;07/01/2023;23;0,722;R
ES0000000000003582CCPF;08/01/2023;0;0,833;R
ES0000000000003582CCPF;08/01/2023;1;1,029;R
ES0000000000003582CCPF;08/01/2023;2;1,151;R
ES0000000000003582CCPF;08/01/2023;3;0,254;R
ES0000000000003582CCPF;08/01/2023;4;0,196;R
ES0000000000003582CCPF;08/01/2023;5;0,196;R
ES0000000000003582CCPF;08/01/2023;6;0,194;R
ES0000000000003582CCPF;08/01/2023;7;0,123;R
ES0000000000003582CCPF;08/01/2023;8;0,097;R
ES0000000000003582CCPF;08/01/2023;9;0,102;R
ES0000000000003582CCPF;08/01/2023;10;0,107;R
ES0000000000003582CCPF;08/01/2023;11;0,357;R
ES0000000000003582CCPF;08/01/2023;12;0,363;R
ES0000000000003582CCPF;08/01/2023;13;0,855;R
ES0000000000003582CCPF;08/01/2023;14;0,541;R
ES0000000000003582CCPF;08/01/2023;15;0,759;R
ES0000000000003582CCPF;08/01/2023;16;1,398;R
ES0000000000003582CCPF;08/01/2023;17;1,231;R
ES0000000000003582CCPF;08/01/2023;18;0,393;R
ES0000000000003582CCPF;08/01/2023;19;0,67;R
ES0000000000003582CCPF;08/01/2023;20;0,915;R
ES0000000000003582CCPF;08/01/2023;21;0,999;R
ES0000000000003582CCPF;08/01/2023;22;1,156;R
ES0000000000003582CCPF;08/01/2023;23;0,594;R
ES0000000000003582CCPF;09/01/2023;0;0,799;R
ES0000000000003582CCPF;09/01/2023;1;0,236;R
ES0000000000003582CCPF;09/01/2023;2;0,086;R
ES0000000000003582CCPF;09/01/2023;3;0,084;R
ES0000000000003582CCPF;09/01/2023;4;0,16;R
ES0000000000003582CCPF;09/01/2023;5;0,166;R
ES0000000000003582CCPF;09/01/2023;6;0,173;R
ES0000000000003582CCPF;09/01/2023;7;0,178;R
ES0000000000003582CCPF;09/01/2023;8;0,55;R
ES0000000000003582CCPF;09/01/2023;9;0,22;R
ES0000000000003582CCPF;09/01/2023;10;0,32;R
ES0000000000003582CCPF;09/01/2023;11;0,219;R
ES0000000000003582CCPF;09/01/2023;12;0,552;R
ES0000000000003582CCPF;09/01/2023;13;0,476;R
ES0000000000003582CCPF;09/01/2023;14;0,552;R
ES0000000000003582CCPF;09/01/2023;15;0,47;R
ES0000000000003582CCPF;09/01/2023;16;0,298;R
ES0000000000003582CCPF;09/01/2023;17;0,359;R
ES0000000000003582CCPF;09/01/2023;18;0,312;R
ES0000000000003582CCPF;09/01/2023;19;0,52;R
ES0000000000003582CCPF;09/01/2023;20;0,697;R
ES0000000000003582CCPF;09/01/2023;21;1,494;R
ES0000000000003582CCPF;09/01/2023;22;0,957;R
ES0000000000003582CCPF;09/01/2023;23;0,702;R
ES0000000000003582CCPF;10/01/2023;0;0,535;R
ES0000000000003582CCPF;10/01/2023;1;0,255;R
ES0000000000003582CCPF;10/01/2023;2;0,207;R
ES0000000000003582CCPF;10/01/2023;3;0,187;R
ES0000000000003582CCPF;10/01/2023;4;0,177;R
ES0000000000003582CCPF;10/01/2023;5;0,115;R
ES0000000000003582CCPF;10/01/2023;6;0,103;R
ES0000000000003582CCPF;10/01/2023;7;0,094;R
ES0000000000003582CCPF;10/01/2023;8;0,37;R
ES0000000000003582CCPF;10/01/2023;9;0,425;R
ES0000000000003582CCPF;10/01/2023;10;0,957;R
ES0000000000003582CCPF;10/01/2023;11;0,926;R
ES0000000000003582CCPF;10/01/2023;12;0,433;R
ES0000000000003582CCPF;10/01/2023;13;0,41;R
ES0000000000003582CCPF;10/01/2023;14;0,376;R
ES0000000000003582CCPF;10/01/2023;15;0,474;R
ES0000000000003582CCPF;10/01/2023;16;0,326;R
ES0000000000003582CCPF;10/01/2023;17;0,28;R
ES0000000000003582CCPF;10/01/2023;18;0,622;R
ES0000000000003582CCPF;10/01/2023;19;0,727;R
ES0000000000003582CCPF;10/01/2023;20;0,901;R
ES0000000000003582CCPF;10/01/2023;21;1,489;R
ES0000000000003582CCPF;10/01/2023;22;1,209;R
ES0000000000003582CCPF;10/01/2023;23;0,715;R
ES0000000000003582CCPF;11/01/2023;0;0,616;R
ES0000000000003582CCPF;11/01/2023;1;0,35;R
ES0000000000003582CCPF;11/01/2023;2;0,273;R
ES0000000000003582CCPF;11/01/2023;3;0,16;R
ES0000000000003582CCPF;11/01/2023;4;0,149;R
ES0000000000003582CCPF;11/01/2023;5;0,111;R
ES0000000000003582CCPF;11/01/2023;6;0,112;R
ES0000000000003582CCPF;11/01/2023;7;0,173;R
ES0000000000003582CCPF;11/01/2023;8;0,4;R
ES0000000000003582CCPF;11/01/2023;9;0,594;R
ES0000000000003582CCPF;11/01/2023;10;0,557;R
ES0000000000003582CCPF;11/01/2023;11;0,574;R
ES0000000000003582CCPF;11/01/2023;12;0,917;R
ES0000000000003582CCPF;11/01/2023;13;0,774;R
ES0000000000003582CCPF;11/01/2023;14;0,713;R
ES0000000000003582CCPF;11/01/2023;15;1,457;R
ES0000000000003582CCPF;11/01/2023;16;0,605;R
ES0000000000003582CCPF;11/01/2023;17;0,332;R
ES0000000000003582CCPF;11/01/2023;18;0,379;R
ES0000000000003582CCPF;11/01/2023;19;0,573;R
ES0000000000003582CCPF;11/01/2023;20;0,659;R
ES0000000000003582CCPF;11/01/2023;21;0,679;R
ES0000000000003582CCPF;11/01/2023;22;0,746;R
ES0000000000003582CCPF;11/01/2023;23;0,87;R
ES0000000000003582CCPF;12/01/2023;0;0,706;R
ES0000000000003582CCPF;12/01/2023;1;0,288;R
ES0000000000003582CCPF;12/01/2023;2;0,205;R
ES0000000000003582CCPF;12/01/2023;3;0,12;R
ES0000000000003582CCPF;12/01/2023;4;0,094;R
ES0000000000003582CCPF;12/01/2023;5;0,094;R
ES0000000000003582CCPF;12/01/2023;6;0,124;R
ES0000000000003582CCPF;12/01/2023;7;0,119;R
ES0000000000003582CCPF;12/01/2023;8;0,09;R
ES0000000000003582CCPF;12/01/2023;9;0,424;R
ES0000000000003582CCPF;12/01/2023;10;0,312;R
ES0000000000003582CCPF;12/01/2023;11;0,377;R
ES0000000000003582CCPF;12/01/2023;12;0,482;R
ES0000000000003582CCPF;12/01/2023;13;0,572;R
ES0000000000003582CCPF;12/01/2023;14;0,929;R
ES0000000000003582CCPF;12/01/2023;15;0,533;R
ES0000000000003582CCPF;12/01/2023;16;0,816;R
ES0000000000003582CCPF;12/01/2023;17;0,931;R
ES0000000000003582CCPF;12/01/2023;18;0,334;R
ES0000000000003582CCPF;12/01/2023;19;0,68;R
ES0000000000003582CCPF;12/01/2023;20;0,301;R
ES0000000000003582CCPF;12/01/2023;21;0,708;R
ES0000000000003582CCPF;12/01/2023;22;1,122;R
ES0000000000003582CCPF;12/01/2023;23;0,779;R
ES0000000000003582CCPF;13/01/2023;0;0,515;R
ES0000000000003582CCPF;13/01/2023;1;0,161;R
ES0000000000003582CCPF;13/01/2023;2;0,11;R
ES0000000000003582CCPF;13/01/2023;3;0,147;R
ES0000000000003582CCPF;13/01/2023;4;0,129;R
ES0000000000003582CCPF;13/01/2023;5;0,11;R
ES0000000000003582CCPF;13/01/2023;6;0,13;R
ES0000000000003582CCPF;13/01/2023;7;0,323;R
ES0000000000003582CCPF;13/01/2023;8;0,49;R
ES0000000000003582CCPF;13/01/2023;9;0,495;R
ES0000000000003582CCPF;13/01/2023;10;0,516;R
ES0000000000003582CCPF;13/01/2023;11;0,433;R
ES0000000000003582CCPF;13/01/2023;12;0,843;R
ES0000000000003582CCPF;13/01/2023;13;0,638;R
ES0000000000003582CCPF;13/01/2023;14;0,404;R
ES0000000000003582CCPF;13/01/2023;15;1,052;R
ES0000000000003582CCPF;13/01/2023;16;0,415;R
ES0000000000003582CCPF;13/01/2023;17;0,397;R
ES0000000000003582CCPF;13/01/2023;18;0,37;R
ES0000000000003582CCPF;13/01/2023;19;0,607;R
ES0000000000003582CCPF;13/01/2023;20;0,593;R
ES0000000000003582CCPF;13/01/2023;21;0,313;R
ES0000000000003582CCPF;13/01/2023;22;0,103;R
ES0000000000003582CCPF;13/01/2023;23;0,107;R
ES0000000000003582CCPF;14/01/2023;0;0,197;R
ES0000000000003582CCPF;14/01/2023;1;0,185;R
ES0000000000003582CCPF;14/01/2023;2;0,309;R
ES0000000000003582CCPF;14/01/2023;3;0,107;R
ES0000000000003582CCPF;14/01/2023;4;0,097;R
ES0000000000003582CCPF;14/01/2023;5;0,138;R
ES0000000000003582CCPF;14/01/2023;6;0,082;R
ES0000000000003582CCPF;14/01/2023;7;0,099;R
ES0000000000003582CCPF;14/01/2023;8;0,173;R
ES0000000000003582CCPF;14/01/2023;9;0,173;R
ES0000000000003582CCPF;14/01/2023;10;0,134;R
ES0000000000003582CCPF;14/01/2023;11;0,101;R
ES0000000000003582CCPF;14/01/2023;12;0,431;R
ES0000000000003582CCPF;14/01/2023;13;0,588;R
ES0000000000003582CCPF;14/01/2023;14;0,266;R
ES0000000000003582CCPF;14/01/2023;15;0,231;R
ES0000000000003582CCPF;14/01/2023;16;0,405;R
ES0000000000003582CCPF;14/01/2023;17;0,759;R
ES0000000000003582CCPF;14/01/2023;18;0,814;R
ES0000000000003582CCPF;14/01/2023;19;0,431;R
ES0000000000003582CCPF;14/01/2023;20;0,497;R
ES0000000000003582CCPF;14/01/2023;21;0,437;R
ES0000000000003582CCPF;14/01/2023;22;0,172;R
ES0000000000003582CCPF;14/01/2023;23;0,138;R
ES0000000000003582CCPF;15/01/2023;0;0,124;R
ES0000000000003582CCPF;15/01/2023;1;0,579;R
ES0000000000003582CCPF;15/01/2023;2;0,18;R
ES0000000000003582CCPF;15/01/2023;3;0,144;R
ES0000000000003582CCPF;15/01/2023;4;0,175;R
ES0000000000003582CCPF;15/01/2023;5;0,108;R
ES0000000000003582CCPF;15/01/2023;6;0,162;R
ES0000000000003582CCPF;15/01/2023;7;0,222;R
ES0000000000003582CCPF;15/01/2023;8;0,191;R
ES0000000000003582CCPF;15/01/2023;9;0,483;R
ES0000000000003582CCPF;15/01/2023;10;0,201;R
ES0000000000003582CCPF;15/01/2023;11;0,094;R
ES0000000000003582CCPF;15/01/2023;12;0,158;R
ES0000000000003582CCPF;15/01/2023;13;0,251;R
ES0000000000003582CCPF;15/01/2023;14;0,233;R
ES0000000000003582CCPF;15/01/2023;15;0,557;R
ES0000000000003582CCPF;15/01/2023;16;0,273;R
ES0000000000003582CCPF;15/01/2023;17;0,227;R
ES0000000000003582CCPF;15/01/2023;18;0,351;R
ES0000000000003582CCPF;15/01/2023;19;0,382;R
ES0000000000003582CCPF;15/01/2023;20;0,698;R
ES0000000000003582CCPF;15/01/2023;21;0,741;R
ES0000000000003582CCPF;15/01/2023;22;0,694;R
ES0000000000003582CCPF;15/01/2023;23;0,476;R
ES0000000000003582CCPF;16/01/2023;0;0,4;R
ES0000000000003582CCPF;16/01/2023;1;0,134;R
ES0000000000003582CCPF;16/01/2023;2;0,193;R
ES0000000000003582CCPF;16/01/2023;3;0,2;R
ES0000000000003582CCPF;16/01/2023;4;0,199;R
ES0000000000003582CCPF;16/01/2023;5;0,127;R
ES0000000000003582CCPF;16/01/2023;6;0,104;R
ES0000000000003582CCPF;16/01/2023;7;0,112;R
ES0000000000003582CCPF;16/01/2023;8;0,299;R
ES0000000000003582CCPF;16/01/2023;9;0,379;R
ES0000000000003582CCPF;16/01/2023;10;0,32;R
ES0000000000003582CCPF;16/01/2023;11;0,374;R
ES0000000000003582CCPF;16/01/2023;12;0,849;R
ES0000000000003582CCPF;16/01/2023;13;0,724;R
ES0000000000003582CCPF;16/01/2023;14;0,672;R
ES0000000000003582CCPF;16/01/2023;15;0,613;R
ES0000000000003582CCPF;16/01/2023;16;0,462;R
ES0000000000003582CCPF;16/01/2023;17;0,514;R
ES0000000000003582CCPF;16/01/2023;18;0,66;R
ES0000000000003582CCPF;16/01/2023;19;0,371;R
ES0000000000003582CCPF;16/01/2023;20;0,519;R
ES0000000000003582CCPF;16/01/2023;21;0,74;R
ES0000000000003582CCPF;16/01/2023;22;1,539;R
ES0000000000003582CCPF;16/01/2023;23;1,665;R
ES0000000000003582CCPF;17/01/2023;0;1,132;R
ES0000000000003582CCPF;17/01/2023;1;0,536;R
ES0000000000003582CCPF;17/01/2023;2;0,271;R
ES0000000000003582CCPF;17/01/2023;3;0,28;R
ES0000000000003582CCPF;17/01/2023;4;0,276;R
ES0000000000003582CCPF;17/01/2023;5;0,244;R
ES0000000000003582CCPF;17/01/2023;6;0,136;R
ES0000000000003582CCPF;17/01/2023;7;0,112;R
ES0000000000003582CCPF;17/01/2023;8;0,279;R
ES0000000000003582CCPF;17/01/2023;9;0,293;R
ES0000000000003582CCPF;17/01/2023;10;0,491;R
ES0000000000003582CCPF;17/01/2023;11;0,539;R
ES0000000000003582CCPF;17/01/2023;12;0,322;R
ES0000000000003582CCPF;17/01/2023;13;1,062;R
ES0000000000003582CCPF;17/01/2023;14;1,647;R
ES0000000000003582CCPF;17/01/2023;15;0,604;R
ES0000000000003582CCPF;17/01/2023;16;0,449;R
ES0000000000003582CCPF;17/01/2023;17;0,384;R
ES0000000000003582CCPF;17/01/2023;18;0,347;R
ES0000000000003582CCPF;17/01/2023;19;0,367;R
ES0000000000003582CCPF;17/01/2023;20;0,243;R
ES0000000000003582CCPF;17/01/2023;21;0,551;R
ES0000000000003582CCPF;17/01/2023;22;0,854;R
ES0000000000003582CCPF;17/01/2023;23;0,583;R
ES0000000000003582CCPF;18/01/2023;0;0,294;R
ES0000000000003582CCPF;18/01/2023;1;0,138;R
ES0000000000003582CCPF;18/01/2023;2;0,195;R
ES0000000000003582CCPF;18/01/2023;3;0,192;R
ES0000000000003582CCPF;18/01/2023;4;0,182;R
ES0000000000003582CCPF;18/01/2023;5;0,125;R
ES0000000000003582CCPF;18/01/2023;6;0,094;R
ES0000000000003582CCPF;18/01/2023;7;0,108;R
ES0000000000003582CCPF;18/01/2023;8;0,477;R
ES0000000000003582CCPF;18/01/2023;9;0,263;R
ES0000000000003582CCPF;18/01/2023;10;0,411;R
ES0000000000003582CCPF;18/01/2023;11;0,334;R
ES0000000000003582CCPF;18/01/2023;12;0,697;R
ES0000000000003582CCPF;18/01/2023;13;0,636;R
ES0000000000003582CCPF;18/01/2023;14;0,992;R
ES0000000000003582CCPF;18/01/2023;15;0,508;R
ES0000000000003582CCPF;18/01/2023;16;0,439;R
ES0000000000003582CCPF;18/01/2023;17;0,417;R
ES0000000000003582CCPF;18/01/2023;18;0,41;R
ES0000000000003582CCPF;18/01/2023;19;0,624;R
ES0000000000003582CCPF;18/01/2023;20;0,764;R
ES0000000000003582CCPF;18/01/2023;21;0,738;R
ES0000000000003582CCPF;18/01/2023;22;1,157;R
ES0000000000003582CCPF;18/01/2023;23;0,427;R
ES0000000000003582CCPF;19/01/2023;0;0,345;R
ES0000000000003582CCPF;19/01/2023;1;0,214;R
ES0000000000003582CCPF;19/01/2023;2;0,21;R
ES0000000000003582CCPF;19/01/2023;3;0,193;R
ES0000000000003582CCPF;19/01/2023;4;0,138;R
ES0000000000003582CCPF;19/01/2023;5;0,111;R
ES0000000000003582CCPF;19/01/2023;6;0,113;R
ES0000000000003582CCPF;19/01/2023;7;0,142;R
ES0000000000003582CCPF;19/01/2023;8;0,297;R
ES0000000000003582CCPF;19/01/2023;9;0,295;R
ES0000000000003582CCPF;19/01/2023;10;0,971;R
ES0000000000003582CCPF;19/01/2023;11;1,024;R
ES0000000000003582CCPF;19/01/2023;12;0,646;R
ES0000000000003582CCPF;19/01/2023;13;0,857;R
ES0000000000003582CCPF;19/01/2023;14;0,638;R
ES0000000000003582CCPF;19/01/2023;15;0,458;R
ES0000000000003582CCPF;19/01/2023;16;0,428;R
ES0000000000003582CCPF;19/01/2023;17;0,374;R
ES0000000000003582CCPF;19/01/2023;18;0,397;R
ES0000000000003582CCPF;19/01/2023;19;0,792;R
ES0000000000003582CCPF;19/01/2023;20;0,876;R
ES0000000000003582CCPF;19/01/2023;21;1,743;R
ES0000000000003582CCPF;19/01/2023;22;1,119;R
ES0000000000003582CCPF;19/01/2023;23;0,508;R
ES0000000000003582CCPF;20/01/2023;0;0,548;R
ES0000000000003582CCPF;20/01/2023;1;0,212;R
ES0000000000003582CCPF;20/01/2023;2;0,183;R
ES0000000000003582CCPF;20/01/2023;3;0,089;R
ES0000000000003582CCPF;20/01/2023;4;0,088;R
ES0000000000003582CCPF;20/01/2023;5;0,083;R
ES0000000000003582CCPF;20/01/2023;6;0,086;R
ES0000000000003582CCPF;20/01/2023;7;0,24;R
ES0000000000003582CCPF;20/01/2023;8;0,274;R
ES0000000000003582CCPF;20/01/2023;9;0,294;R
ES0000000000003582CCPF;20/01/2023;10;0,366;R
ES0000000000003582CCPF;20/01/2023;11;0,442;R
ES0000000000003582CCPF;20/01/2023;12;0,84;R
ES0000000000003582CCPF;20/01/2023;13;0,699;R
ES0000000000003582CCPF;20/01/2023;14;0,512;R
ES0000000000003582CCPF;20/01/2023;15;0,593;R
ES0000000000003582CCPF;20/01/2023;16;0,28;R
ES0000000000003582CCPF;20/01/2023;17;0,231;R
ES0000000000003582CCPF;20/01/2023;18;0,172;R
ES0000000000003582CCPF;20/01/2023;19;0,24;R
ES0000000000003582CCPF;20/01/2023;20;0,581;R
ES0000000000003582CCPF;20/01/2023;21;0,648;R
ES0000000000003582CCPF;20/01/2023;22;0,678;R
ES0000000000003582CCPF;20/01/2023;23;0,686;R
ES0000000000003582CCPF;21/01/2023;0;0,413;R
ES0000000000003582CCPF;21/01/2023;1;0,166;R
ES0000000000003582CCPF;21/01/2023;2;0,089;R
ES0000000000003582CCPF;21/01/2023;3;0,083;R
ES0000000000003582CCPF;21/01/2023;4;0,136;R
ES0000000000003582CCPF;21/01/2023;5;0,156;R
ES0000000000003582CCPF;21/01/2023;6;0,086;R
ES0000000000003582CCPF;21/01/2023;7;0,137;R
ES0000000000003582CCPF;21/01/2023;8;0,085;R
ES0000000000003582CCPF;21/01/2023;9;0,082;R
ES0000000000003582CCPF;21/01/2023;10;0,362;R
ES0000000000003582CCPF;21/01/2023;11;0,282;R
ES0000000000003582CCPF;21/01/2023;12;0,335;R
ES0000000000003582CCPF;21/01/2023;13;0,239;R
ES0000000000003582CCPF;21/01/2023;14;0,189;R
ES0000000000003582CCPF;21/01/2023;15;0,415;R
ES0000000000003582CCPF;21/01/2023;16;0,744;R
ES0000000000003582CCPF;21/01/2023;17;0,836;R
ES0000000000003582CCPF;21/01/2023;18;0,289;R
ES0000000000003582CCPF;21/01/2023;19;0,606;R
ES0000000000003582CCPF;21/01/2023;20;0,226;R
ES0000000000003582CCPF;21/01/2023;21;0,464;R
ES0000000000003582CCPF;21/01/2023;22;0,556;R
ES0000000000003582CCPF;21/01/2023;23;0,463;R
ES0000000000003582CCPF;22/01/2023;0;0,289;R
ES0000000000003582CCPF;22/01/2023;1;0,19;R
ES0000000000003582CCPF;22/01/2023;2;0,164;R
ES0000000000003582CCPF;22/01/2023;3;0,115;R
ES0000000000003582CCPF;22/01/2023;4;0,102;R
ES0000000000003582CCPF;22/01/2023;5;0,149;R
ES0000000000003582CCPF;22/01/2023;6;0,096;R
ES0000000000003582CCPF;22/01/2023;7;0,088;R
ES0000000000003582CCPF;22/01/2023;8;0,149;R
ES0000000000003582CCPF;22/01/2023;9;0,18;R
ES0000000000003582CCPF;22/01/2023;10;0,287;R
ES0000000000003582CCPF;22/01/2023;11;0,34;R
ES0000000000003582CCPF;22/01/2023;12;0,167;R
ES0000000000003582CCPF;22/01/2023;13;0,288;R
ES0000000000003582CCPF;22/01/2023;14;0,186;R
ES0000000000003582CCPF;22/01/2023;15;1,413;R
ES0000000000003582CCPF;22/01/2023;16;0,537;R
ES0000000000003582CCPF;22/01/2023;17;0,568;R
ES0000000000003582CCPF;22/01/2023;18;0,344;R
ES0000000000003582CCPF;22/01/2023;19;0,234;R
ES0000000000003582CCPF;22/01/2023;20;0,202;R
ES0000000000003582CCPF;22/01/2023;21;0,237;R
ES0000000000003582CCPF;22/01/2023;22;0,458;R
ES0000000000003582CCPF;22/01/2023;23;0,989;R
ES0000000000003582CCPF;23/01/2023;0;0,566;R
ES0000000000003582CCPF;23/01/2023;1;0,224;R
ES0000000000003582CCPF;23/01/2023;2;0,112;R
ES0000000000003582CCPF;23/01/2023;3;0,18;R
ES0000000000003582CCPF;23/01/2023;4;0,2;R
ES0000000000003582CCPF;23/01/2023;5;0,198;R
ES0000000000003582CCPF;23/01/2023;6;0,156;R
ES0000000000003582CCPF;23/01/2023;7;0,101;R
ES0000000000003582CCPF;23/01/2023;8;0,372;R
ES0000000000003582CCPF;23/01/2023;9;0,41;R
ES0000000000003582CCPF;23/01/2023;10;1,022;R
ES0000000000003582CCPF;23/01/2023;11;1,003;R
ES0000000000003582CCPF;23/01/2023;12;0,401;R
ES0000000000003582CCPF;23/01/2023;13;1,226;R
ES0000000000003582CCPF;23/01/2023;14;0,975;R
ES0000000000003582CCPF;23/01/2023;15;0,468;R
ES0000000000003582CCPF;23/01/2023;16;0,488;R
ES0000000000003582CCPF;23/01/2023;17;0,472;R
ES0000000000003582CCPF;23/01/2023;18;0,301;R
ES0000000000003582CCPF;23/01/2023;19;0,603;R
ES0000000000003582CCPF;23/01/2023;20;0,566;R
ES0000000000003582CCPF;23/01/2023;21;0,629;R
ES0000000000003582CCPF;23/01/2023;22;0,918;R
ES0000000000003582CCPF;23/01/2023;23;0,628;R
ES0000000000003582CCPF;24/01/2023;0;0,396;R
ES0000000000003582CCPF;24/01/2023;1;0,208;R
ES0000000000003582CCPF;24/01/2023;2;0,176;R
ES0000000000003582CCPF;24/01/2023;3;0,11;R
ES0000000000003582CCPF;24/01/2023;4;0,112;R
ES0000000000003582CCPF;24/01/2023;5;0,123;R
ES0000000000003582CCPF;24/01/2023;6;0,161;R
ES0000000000003582CCPF;24/01/2023;7;0,114;R
ES0000000000003582CCPF;24/01/2023;8;0,519;R
ES0000000000003582CCPF;24/01/2023;9;0,607;R
ES0000000000003582CCPF;24/01/2023;10;0,318;R
ES0000000000003582CCPF;24/01/2023;11;0,415;R
ES0000000000003582CCPF;24/01/2023;12;0,359;R
ES0000000000003582CCPF;24/01/2023;13;0,373;R
ES0000000000003582CCPF;24/01/2023;14;0,513;R
ES0000000000003582CCPF;24/01/2023;15;0,431;R
ES0000000000003582CCPF;24/01/2023;16;0,343;R
ES0000000000003582CCPF;24/01/2023;17;0,346;R
ES0000000000003582CCPF;24/01/2023;18;0,364;R
ES0000000000003582CCPF;24/01/2023;19;0,519;R
ES0000000000003582CCPF;24/01/2023;20;0,293;R
ES0000000000003582CCPF;24/01/2023;21;0,378;R
ES0000000000003582CCPF;24/01/2023;22;0,794;R
ES0000000000003582CCPF;24/01/2023;23;0,528;R
ES0000000000003582CCPF;25/01/2023;0;0,245;R
ES0000000000003582CCPF;25/01/2023;1;0,213;R
ES0000000000003582CCPF;25/01/2023;2;0,119;R
ES0000000000003582CCPF;25/01/2023;3;0,168;R
ES0000000000003582CCPF;25/01/2023;4;0,15;R
ES0000000000003582CCPF;25/01/2023;5;0,171;R
ES0000000000003582CCPF;25/01/2023;6;0,142;R
ES0000000000003582CCPF;25/01/2023;7;0,09;R
ES0000000000003582CCPF;25/01/2023;8;0,302;R
ES0000000000003582CCPF;25/01/2023;9;0,725;R
ES0000000000003582CCPF;25/01/2023;10;0,891;R
ES0000000000003582CCPF;25/01/2023;11;0,884;R
ES0000000000003582CCPF;25/01/2023;12;0,898;R
ES0000000000003582CCPF;25/01/2023;13;0,652;R
ES0000000000003582CCPF;25/01/2023;14;0,477;R
ES0000000000003582CCPF;25/01/2023;15;0,891;R
ES0000000000003582CCPF;25/01/2023;16;0,372;R
ES0000000000003582CCPF;25/01/2023;17;0,377;R
ES0000000000003582CCPF;25/01/2023;18;0,302;R
ES0000000000003582CCPF;25/01/2023;19;0,342;R
ES0000000000003582CCPF;25/01/2023;20;0,934;R
ES0000000000003582CCPF;25/01/2023;21;1,096;R
ES0000000000003582CCPF;25/01/2023;22;1,077;R
ES0000000000003582CCPF;25/01/2023;23;1,585;R
ES0000000000003582CCPF;26/01/2023;0;0,517;R
ES0000000000003582CCPF;26/01/2023;1;0,212;R
ES0000000000003582CCPF;26/01/2023;2;0,087;R
ES0000000000003582CCPF;26/01/2023;3;0,083;R
ES0000000000003582CCPF;26/01/2023;4;0,083;R
ES0000000000003582CCPF;26/01/2023;5;0,154;R
ES0000000000003582CCPF;26/01/2023;6;0,111;R
ES0000000000003582CCPF;26/01/2023;7;0,084;R
ES0000000000003582CCPF;26/01/2023;8;0,53;R
ES0000000000003582CCPF;26/01/2023;9;0,427;R
ES0000000000003582CCPF;26/01/2023;10;0,27;R
ES0000000000003582CCPF;26/01/2023;11;0,213;R
ES0000000000003582CCPF;26/01/2023;12;0,209;R
ES0000000000003582CCPF;26/01/2023;13;0,24;R
ES0000000000003582CCPF;26/01/2023;14;0,302;R
ES0000000000003582CCPF;26/01/2023;15;0,27;R
ES0000000000003582CCPF;26/01/2023;16;0,383;R
ES0000000000003582CCPF;26/01/2023;17;0,371;R
ES0000000000003582CCPF;26/01/2023;18;0,411;R
ES0000000000003582CCPF;26/01/2023;19;0,465;R
ES0000000000003582CCPF;26/01/2023;20;0,376;R
ES0000000000003582CCPF;26/01/2023;21;0,5;R
ES0000000000003582CCPF;26/01/2023;22;0,859;R
ES0000000000003582CCPF;26/01/2023;23;0,65;R
ES0000000000003582CCPF;27/01/2023;0;0,401;R
ES0000000000003582CCPF;27/01/2023;1;0,277;R
ES0000000000003582CCPF;27/01/2023;2;0,241;R
ES0000000000003582CCPF;27/01/2023;3;0,323;R
ES0000000000003582CCPF;27/01/2023;4;0,327;R
ES0000000000003582CCPF;27/01/2023;5;0,317;R
ES0000000000003582CCPF;27/01/2023;6;0,242;R
ES0000000000003582CCPF;27/01/2023;7;0,335;R
ES0000000000003582CCPF;27/01/2023;8;0,3;R
ES0000000000003582CCPF;27/01/2023;9;0,521;R
ES0000000000003582CCPF;27/01/2023;10;0,442;R
ES0000000000003582CCPF;27/01/2023;11;0,336;R
ES0000000000003582CCPF;27/01/2023;12;0,849;R
ES0000000000003582CCPF;27/01/2023;13;0,773;R
ES0000000000003582CCPF;27/01/2023;14;0,527;R
ES0000000000003582CCPF;27/01/2023;15;0,327;R
ES0000000000003582CCPF;27/01/2023;16;0,337;R
ES0000000000003582CCPF;27/01/2023;17;0,211;R
ES0000000000003582CCPF;27/01/2023;18;0,202;R
ES0000000000003582CCPF;27/01/2023;19;0,427;R
ES0000000000003582CCPF;27/01/2023;20;0,572;R
ES0000000000003582CCPF;27/01/2023;21;0,203;R
ES0000000000003582CCPF;27/01/2023;22;0,18;R
ES0000000000003582CCPF;27/01/2023;23;0,164;R
ES0000000000003582CCPF;28/01/2023;0;0,28;R
ES0000000000003582CCPF;28/01/2023;1;0,247;R
ES0000000000003582CCPF;28/01/2023;2;0,088;R
ES0000000000003582CCPF;28/01/2023;3;0,08;R
ES0000000000003582CCPF;28/01/2023;4;0,149;R
ES0000000000003582CCPF;28/01/2023;5;0,079;R
ES0000000000003582CCPF;28/01/2023;6;0,083;R
ES0000000000003582CCPF;28/01/2023;7;0,12;R
ES0000000000003582CCPF;28/01/2023;8;0,129;R
ES0000000000003582CCPF;28/01/2023;9;0,168;R
ES0000000000003582CCPF;28/01/2023;10;0,165;R
ES0000000000003582CCPF;28/01/2023;11;0,388;R
ES0000000000003582CCPF;28/01/2023;12;0,174;R
ES0000000000003582CCPF;28/01/2023;13;0,168;R
ES0000000000003582CCPF;28/01/2023;14;0,19;R
ES0000000000003582CCPF;28/01/2023;15;0,637;R
ES0000000000003582CCPF;28/01/2023;16;0,684;R
ES0000000000003582CCPF;28/01/2023;17;0,669;R
ES0000000000003582CCPF;28/01/2023;18;0,347;R
ES0000000000003582CCPF;28/01/2023;19;0,308;R
ES0000000000003582CCPF;28/01/2023;20;0,464;R
ES0000000000003582CCPF;28/01/2023;21;0,493;R
ES0000000000003582CCPF;28/01/2023;22;0,586;R
ES0000000000003582CCPF;28/01/2023;23;1,141;R
ES0000000000003582CCPF;29/01/2023;0;0,675;R
ES0000000000003582CCPF;29/01/2023;1;0,256;R
ES0000000000003582CCPF;29/01/2023;2;0,096;R
ES0000000000003582CCPF;29/01/2023;3;0,14;R
ES0000000000003582CCPF;29/01/2023;4;0,158;R
ES0000000000003582CCPF;29/01/2023;5;0,183;R
ES0000000000003582CCPF;29/01/2023;6;0,172;R
ES0000000000003582CCPF;29/01/2023;7;0,083;R
ES0000000000003582CCPF;29/01/2023;8;0,08;R
ES0000000000003582CCPF;29/01/2023;9;0,082;R
ES0000000000003582CCPF;29/01/2023;10;0,229;R
ES0000000000003582CCPF;29/01/2023;11;0,195;R
ES0000000000003582CCPF;29/01/2023;12;0,199;R
ES0000000000003582CCPF;29/01/2023;13;0,799;R
ES0000000000003582CCPF;29/01/2023;14;0,526;R
ES0000000000003582CCPF;29/01/2023;15;0,482;R
ES0000000000003582CCPF;29/01/2023;16;0,254;R
ES0000000000003582CCPF;29/01/2023;17;0,814;R
ES0000000000003582CCPF;29/01/2023;18;0,771;R
ES0000000000003582CCPF;29/01/2023;19;0,22;R
ES0000000000003582CCPF;29/01/2023;20;0,534;R
ES0000000000003582CCPF;29/01/2023;21;1,033;R
ES0000000000003582CCPF;29/01/2023;22;0,829;R
ES0000000000003582CCPF;29/01/2023;23;0,501;R
ES0000000000003582CCPF;30/01/2023;0;0,242;R
ES0000000000003582CCPF;30/01/2023;1;0,181;R
ES0000000000003582CCPF;30/01/2023;2;0,108;R
ES0000000000003582CCPF;30/01/2023;3;0,106;R
ES0000000000003582CCPF;30/01/2023;4;0,129;R
ES0000000000003582CCPF;30/01/2023;5;0,134;R
ES0000000000003582CCPF;30/01/2023;6;0,108;R
ES0000000000003582CCPF;30/01/2023;7;0,135;R
ES0000000000003582CCPF;30/01/2023;8;0,292;R
ES0000000000003582CCPF;30/01/2023;9;0,309;R
ES0000000000003582CCPF;30/01/2023;10;0,593;R
ES0000000000003582CCPF;30/01/2023;11;1,433;R
ES0000000000003582CCPF;30/01/2023;12;1,675;R
ES0000000000003582CCPF;30/01/2023;13;1,146;R
ES0000000000003582CCPF;30/01/2023;14;0,859;R
ES0000000000003582CCPF;30/01/2023;15;0,428;R
ES0000000000003582CCPF;30/01/2023;16;0,406;R
ES0000000000003582CCPF;30/01/2023;17;0,358;R
ES0000000000003582CCPF;30/01/2023;18;0,354;R
ES0000000000003582CCPF;30/01/2023;19;0,372;R
ES0000000000003582CCPF;30/01/2023;20;0,527;R
ES0000000000003582CCPF;30/01/2023;21;0,594;R
ES0000000000003582CCPF;30/01/2023;22;1,016;R
ES0000000000003582CCPF;30/01/2023;23;0,625;R
ES0000000000003582CCPF;31/01/2023;0;0,451;R
ES0000000000003582CCPF;31/01/2023;1;0,173;R
ES0000000000003582CCPF;31/01/2023;2;0,198;R
ES0000000000003582CCPF;31/01/2023;3;0,177;R
ES0000000000003582CCPF;31/01/2023;4;0,159;R
ES0000000000003582CCPF;31/01/2023;5;0,221;R
ES0000000000003582CCPF;31/01/2023;6;0,252;R
ES0000000000003582CCPF;31/01/2023;7;0,246;R
ES0000000000003582CCPF;31/01/2023;8;0,783;R
ES0000000000003582CCPF;31/01/2023;9;0,436;R
ES0000000000003582CCPF;31/01/2023;10;0,471;R
ES0000000000003582CCPF;31/01/2023;11;0,311;R
ES0000000000003582CCPF;31/01/2023;12;0,3;R
ES0000000000003582CCPF;31/01/2023;13;0,478;R
ES0000000000003582CCPF;31/01/2023;14;0,696;R
ES0000000000003582CCPF;31/01/2023;15;0,972;R
ES0000000000003582CCPF;31/01/2023;16;0,967;R
ES0000000000003582CCPF;31/01/2023;17;0,407;R
ES0000000000003582CCPF;31/01/2023;18;0,45;R
ES0000000000003582CCPF;31/01/2023;19;0,432;R
ES0000000000003582CCPF;31/01/2023;20;0,117;R
ES0000000000003582CCPF;31/01/2023;21;0,329;R
ES0000000000003582CCPF;31/01/2023;22;0,72;R
ES0000000000003582CCPF;31/01/2023;23;0,729;R
ES0000000000003582CCPF;01/02/2023;0;0,628;R
ES0000000000003582CCPF;01/02/2023;1;0,21;R
ES0000000000003582CCPF;01/02/2023;2;0,148;R
ES0000000000003582CCPF;01/02/2023;3;0,098;R
ES0000000000003582CCPF;01/02/2023;4;0,096;R
ES0000000000003582CCPF;01/02/2023;5;0,105;R
ES0000000000003582CCPF;01/02/2023;6;0,165;R
ES0000000000003582CCPF;01/02/2023;7;0,109;R
ES0000000000003582CCPF;01/02/2023;8;0,445;R
ES0000000000003582CCPF;01/02/2023;9;0,41;R
ES0000000000003582CCPF;01/02/2023;10;0,464;R
ES0000000000003582CCPF;01/02/2023;11;0,468;R
ES0000000000003582CCPF;01/02/2023;12;1,739;R
ES0000000000003582CCPF;01/02/2023;13;1,223;R
ES0000000000003582CCPF;01/02/2023;14;0,563;R
ES0000000000003582CCPF;01/02/2023;15;0,644;R
ES0000000000003582CCPF;01/02/2023;16;0,363;R
ES0000000000003582CCPF;01/02/2023;17;0,372;R
ES0000000000003582CCPF;01/02/2023;18;0,352;R
ES0000000000003582CCPF;01/02/2023;19;0,499;R
ES0000000000003582CCPF;01/02/2023;20;0,623;R
ES0000000000003582CCPF;01/02/2023;21;0,34;R
ES0000000000003582CCPF;01/02/2023;22;0,421;R
ES0000000000003582CCPF;01/02/2023;23;0,487;R
ES0000000000003582CCPF;02/02/2023;0;0,435;R
ES0000000000003582CCPF;02/02/2023;1;0,161;R
ES0000000000003582CCPF;02/02/2023;2;0,083;R
ES0000000000003582CCPF;02/02/2023;3;0,082;R
ES0000000000003582CCPF;02/02/2023;4;0,106;R
ES0000000000003582CCPF;02/02/2023;5;0,123;R
ES0000000000003582CCPF;02/02/2023;6;0,084;R
ES0000000000003582CCPF;02/02/2023;7;0,108;R
ES0000000000003582CCPF;02/02/2023;8;0,366;R
ES0000000000003582CCPF;02/02/2023;9;0,458;R
ES0000000000003582CCPF;02/02/2023;10;0,294;R
ES0000000000003582CCPF;02/02/2023;11;0,327;R
ES0000000000003582CCPF;02/02/2023;12;0,325;R
ES0000000000003582CCPF;02/02/2023;13;0,397;R
ES0000000000003582CCPF;02/02/2023;14;0,766;R
ES0000000000003582CCPF;02/02/2023;15;0,554;R
ES0000000000003582CCPF;02/02/2023;16;0,385;R
ES0000000000003582CCPF;02/02/2023;17;0,369;R
ES0000000000003582CCPF;02/02/2023;18;0,259;R
ES0000000000003582CCPF;02/02/2023;19;0,222;R
ES0000000000003582CCPF;02/02/2023;20;1,715;R
ES0000000000003582CCPF;02/02/2023;21;1,699;R
ES0000000000003582CCPF;02/02/2023;22;0,754;R
ES0000000000003582CCPF;02/02/2023;23;1,302;R
ES0000000000003582CCPF;03/02/2023;0;1,016;R
ES0000000000003582CCPF;03/02/2023;1;0,198;R
ES0000000000003582CCPF;03/02/2023;2;0,183;R
ES0000000000003582CCPF;03/02/2023;3;0,11;R
ES0000000000003582CCPF;03/02/2023;4;0,096;R
ES0000000000003582CCPF;03/02/2023;5;0,101;R
ES0000000000003582CCPF;03/02/2023;6;0,134;R
ES0000000000003582CCPF;03/02/2023;7;0,401;R
ES0000000000003582CCPF;03/02/2023;8;0,428;R
ES0000000000003582CCPF;03/02/2023;9;0,106;R
ES0000000000003582CCPF;03/02/2023;10;0,166;R
ES0000000000003582CCPF;03/02/2023;11;0,261;R
ES0000000000003582CCPF;03/02/2023;12;0,365;R
ES0000000000003582CCPF;03/02/2023;13;0,701;R
ES0000000000003582CCPF;03/02/2023;14;0,478;R
ES0000000000003582CCPF;03/02/2023;15;0,443;R
ES0000000000003582CCPF;03/02/2023;16;0,196;R
ES0000000000003582CCPF;03/02/2023;17;0,159;R
ES0000000000003582CCPF;03/02/2023;18;0,203;R
ES0000000000003582CCPF;03/02/2023;19;0,207;R
ES0000000000003582CCPF;03/02/2023;20;0,585;R
ES0000000000003582CCPF;03/02/2023;21;0,599;R
ES0000000000003582CCPF;03/02/2023;22;1,026;R
ES0000000000003582CCPF;03/02/2023;23;0,833;R
ES0000000000003582CCPF;04/02/2023;0;1,357;R
ES0000000000003582CCPF;04/02/2023;1;0,824;R
ES0000000000003582CCPF;04/02/2023;2;0,133;R
ES0000000000003582CCPF;04/02/2023;3;0,132;R
ES0000000000003582CCPF;04/02/2023;4;0,098;R
ES0000000000003582CCPF;04/02/2023;5;0,152;R
ES0000000000003582CCPF;04/02/2023;6;0,193;R
ES0000000000003582CCPF;04/02/2023;7;0,194;R
ES0000000000003582CCPF;04/02/2023;8;0,109;R
ES0000000000003582CCPF;04/02/2023;9;0,387;R
ES0000000000003582CCPF;04/02/2023;10;0,294;R
ES0000000000003582CCPF;04/02/2023;11;0,204;R
ES0000000000003582CCPF;04/02/2023;12;0,174;R
ES0000000000003582CCPF;04/02/2023;13;0,172;R
ES0000000000003582CCPF;04/02/2023;14;0,224;R
ES0000000000003582CCPF;04/02/2023;15;0,321;R
ES0000000000003582CCPF;04/02/2023;16;0,41;R
ES0000000000003582CCPF;04/02/2023;17;0,452;R
ES0000000000003582CCPF;04/02/2023;18;0,157;R
ES0000000000003582CCPF;04/02/2023;19;0,141;R
ES0000000000003582CCPF;04/02/2023;20;0,111;R
ES0000000000003582CCPF;04/02/2023;21;0,256;R
ES0000000000003582CCPF;04/02/2023;22;0,128;R
ES0000000000003582CCPF;04/02/2023;23;0,229;R
ES0000000000003582CCPF;05/02/2023;0;0,401;R
ES0000000000003582CCPF;05/02/2023;1;0,132;R
ES0000000000003582CCPF;05/02/2023;2;0,142;R
ES0000000000003582CCPF;05/02/2023;3;0,125;R
ES0000000000003582CCPF;05/02/2023;4;0,167;R
ES0000000000003582CCPF;05/02/2023;5;0,221;R
ES0000000000003582CCPF;05/02/2023;6;0,188;R
ES0000000000003582CCPF;05/02/2023;7;0,096;R
ES0000000000003582CCPF;05/02/2023;8;0,117;R
ES0000000000003582CCPF;05/02/2023;9;0,096;R
ES0000000000003582CCPF;05/02/2023;10;0,248;R
ES0000000000003582CCPF;05/02/2023;11;0,207;R
ES0000000000003582CCPF;05/02/2023;12;0,376;R
ES0000000000003582CCPF;05/02/2023;13;0,322;R
ES0000000000003582CCPF;05/02/2023;14;0,326;R
ES0000000000003582CCPF;05/02/2023;15;0,142;R
ES0000000000003582CCPF;05/02/2023;16;0,111;R
ES0000000000003582CCPF;05/02/2023;17;0,163;R
ES0000000000003582CCPF;05/02/2023;18;0,2;R
ES0000000000003582CCPF;05/02/2023;19;0,123;R
ES0000000000003582CCPF;05/02/2023;20;0,298;R
ES0000000000003582CCPF;05/02/2023;21;0,977;R
ES0000000000003582CCPF;05/02/2023;22;1,063;R
ES0000000000003582CCPF;05/02/2023;23;0,646;R
ES0000000000003582CCPF;06/02/2023;0;0,292;R
ES0000000000003582CCPF;06/02/2023;1;0,114;R
ES0000000000003582CCPF;06/02/2023;2;0,129;R
ES0000000000003582CCPF;06/02/2023;3;0,098;R
ES0000000000003582CCPF;06/02/2023;4;0,128;R
ES0000000000003582CCPF;06/02/2023;5;0,121;R
ES0000000000003582CCPF;06/02/2023;6;0,353;R
ES0000000000003582CCPF;06/02/2023;7;0,225;R
ES0000000000003582CCPF;06/02/2023;8;0,262;R
ES0000000000003582CCPF;06/02/2023;9;0,354;R
ES0000000000003582CCPF;06/02/2023;10;0,769;R
ES0000000000003582CCPF;06/02/2023;11;1,141;R
ES0000000000003582CCPF;06/02/2023;12;0,831;R
ES0000000000003582CCPF;06/02/2023;13;0,871;R
ES0000000000003582CCPF;06/02/2023;14;0,587;R
ES0000000000003582CCPF;06/02/2023;15;0,474;R
ES0000000000003582CCPF;06/02/2023;16;0,323;R
ES0000000000003582CCPF;06/02/2023;17;0,344;R
ES0000000000003582CCPF;06/02/2023;18;0,35;R
ES0000000000003582CCPF;06/02/2023;19;0,394;R
ES0000000000003582CCPF;06/02/2023;20;0,766;R
ES0000000000003582CCPF;06/02/2023;21;0,762;R
ES0000000000003582CCPF;06/02/2023;22;0,901;R
ES0000000000003582CCPF;06/02/2023;23;0,475;R
ES0000000000003582CCPF;07/02/2023;0;0,204;R
ES0000000000003582CCPF;07/02/2023;1;0,151;R
ES0000000000003582CCPF;07/02/2023;2;0,184;R
ES0000000000003582CCPF;07/02/2023;3;0,117;R
ES0000000000003582CCPF;07/02/2023;4;0,143;R
ES0000000000003582CCPF;07/02/2023;5;0,188;R
ES0000000000003582CCPF;07/02/2023;6;0,116;R
ES0000000000003582CCPF;07/02/2023;7;0,146;R
ES0000000000003582CCPF;07/02/2023;8;0,801;R
ES0000000000003582CCPF;07/02/2023;9;0,231;R
ES0000000000003582CCPF;07/02/2023;10;0,135;R
ES0000000000003582CCPF;07/02/2023;11;0,167;R
ES0000000000003582CCPF;07/02/2023;12;0,15;R
ES0000000000003582CCPF;07/02/2023;13;0,201;R
ES0000000000003582CCPF;07/02/2023;14;0,227;R
ES0000000000003582CCPF;07/02/2023;15;0,316;R
ES0000000000003582CCPF;07/02/2023;16;0,388;R
ES0000000000003582CCPF;07/02/2023;17;0,375;R
ES0000000000003582CCPF;07/02/2023;18;0,31;R
ES0000000000003582CCPF;07/02/2023;19;0,531;R
ES0000000000003582CCPF;07/02/2023;20;0,609;R
ES0000000000003582CCPF;07/02/2023;21;0,441;R
ES0000000000003582CCPF;07/02/2023;22;0,763;R
ES0000000000003582CCPF;07/02/2023;23;0,197;R
ES0000000000003582CCPF;08/02/2023;0;0,275;R
ES0000000000003582CCPF;08/02/2023;1;0,213;R
ES0000000000003582CCPF;08/02/2023;2;0,121;R
ES0000000000003582CCPF;08/02/2023;3;0,124;R
ES0000000000003582CCPF;08/02/2023;4;0,179;R
ES0000000000003582CCPF;08/02/2023;5;0,098;R
ES0000000000003582CCPF;08/02/2023;6;0,127;R
ES0000000000003582CCPF;08/02/2023;7;0,168;R
ES0000000000003582CCPF;08/02/2023;8;0,432;R
ES0000000000003582CCPF;08/02/2023;9;0,386;R
ES0000000000003582CCPF;08/02/2023;10;0,298;R
ES0000000000003582CCPF;08/02/2023;11;0,385;R
ES0000000000003582CCPF;08/02/2023;12;0,883;R
ES0000000000003582CCPF;08/02/2023;13;0,698;R
ES0000000000003582CCPF;08/02/2023;14;0,701;R
ES0000000000003582CCPF;08/02/2023;15;0,541;R
ES0000000000003582CCPF;08/02/2023;16;0,274;R
ES0000000000003582CCPF;08/02/2023;17;0,263;R
ES0000000000003582CCPF;08/02/2023;18;0,482;R
ES0000000000003582CCPF;08/02/2023;19;0,402;R
ES0000000000003582CCPF;08/02/2023;20;0,346;R
ES0000000000003582CCPF;08/02/2023;21;0,483;R
ES0000000000003582CCPF;08/02/2023;22;0,614;R
ES0000000000003582CCPF;08/02/2023;23;0,439;R
ES0000000000003582CCPF;09/02/2023;0;0,423;R
ES0000000000003582CCPF;09/02/2023;1;0,344;R
ES0000000000003582CCPF;09/02/2023;2;0,125;R
ES0000000000003582CCPF;09/02/2023;3;0,101;R
ES0000000000003582CCPF;09/02/2023;4;0,109;R
ES0000000000003582CCPF;09/02/2023;5;0,097;R
ES0000000000003582CCPF;09/02/2023;6;0,117;R
ES0000000000003582CCPF;09/02/2023;7;0,111;R
ES0000000000003582CCPF;09/02/2023;8;0,461;R
ES0000000000003582CCPF;09/02/2023;9;0,447;R
ES0000000000003582CCPF;09/02/2023;10;0,18;R
ES0000000000003582CCPF;09/02/2023;11;0,149;R
ES0000000000003582CCPF;09/02/2023;12;0,128;R
ES0000000000003582CCPF;09/02/2023;13;0,158;R
ES0000000000003582CCPF;09/02/2023;14;0,188;R
ES0000000000003582CCPF;09/02/2023;15;0,159;R
ES0000000000003582CCPF;09/02/2023;16;0,19;R
ES0000000000003582CCPF;09/02/2023;17;0,158;R
ES0000000000003582CCPF;09/02/2023;18;0,25;R
ES0000000000003582CCPF;09/02/2023;19;0,327;R
ES0000000000003582CCPF;09/02/2023;20;0,201;R
ES0000000000003582CCPF;09/02/2023;21;0,417;R
ES0000000000003582CCPF;09/02/2023;22;0,65;R
ES0000000000003582CCPF;09/02/2023;23;0,414;R
ES0000000000003582CCPF;10/02/2023;0;0,418;R
ES0000000000003582CCPF;10/02/2023;1;0,294;R
ES0000000000003582CCPF;10/02/2023;2;0,124;R
ES0000000000003582CCPF;10/02/2023;3;0,141;R
ES0000000000003582CCPF;10/02/2023;4;0,189;R
ES0000000000003582CCPF;10/02/2023;5;0,181;R
ES0000000000003582CCPF;10/02/2023;6;0,1;R
ES0000000000003582CCPF;10/02/2023;7;0,276;R
ES0000000000003582CCPF;10/02/2023;8;0,328;R
ES0000000000003582CCPF;10/02/2023;9;0,489;R
ES0000000000003582CCPF;10/02/2023;10;0,589;R
ES0000000000003582CCPF;10/02/2023;11;0,476;R
ES0000000000003582CCPF;10/02/2023;12;0,832;R
ES0000000000003582CCPF;10/02/2023;13;0,713;R
ES0000000000003582CCPF;10/02/2023;14;0,777;R
ES0000000000003582CCPF;10/02/2023;15;0,426;R
ES0000000000003582CCPF;10/02/2023;16;0,355;R
ES0000000000003582CCPF;10/02/2023;17;0,304;R
ES0000000000003582CCPF;10/02/2023;18;0,328;R
ES0000000000003582CCPF;10/02/2023;19;0,408;R
ES0000000000003582CCPF;10/02/2023;20;0,552;R
ES0000000000003582CCPF;10/02/2023;21;0,979;R
ES0000000000003582CCPF;10/02/2023;22;1,553;R
ES0000000000003582CCPF;10/02/2023;23;0,842;R
ES0000000000003582CCPF;11/02/2023;0;0,349;R
ES0000000000003582CCPF;11/02/2023;1;0,173;R
ES0000000000003582CCPF;11/02/2023;2;0,131;R
ES0000000000003582CCPF;11/02/2023;3;0,093;R
ES0000000000003582CCPF;11/02/2023;4;0,169;R
ES0000000000003582CCPF;11/02/2023;5;0,175;R
ES0000000000003582CCPF;11/02/2023;6;0,175;R
ES0000000000003582CCPF;11/02/2023;7;0,089;R
ES0000000000003582CCPF;11/02/2023;8;0,112;R
ES0000000000003582CCPF;11/02/2023;9;0,083;R
ES0000000000003582CCPF;11/02/2023;10;0,22;R
ES0000000000003582CCPF;11/02/2023;11;0,203;R
ES0000000000003582CCPF;11/02/2023;12;0,404;R
ES0000000000003582CCPF;11/02/2023;13;0,866;R
ES0000000000003582CCPF;11/02/2023;14;0,944;R
ES0000000000003582CCPF;11/02/2023;15;0,238;R
ES0000000000003582CCPF;11/02/2023;16;0,243;R
ES0000000000003582CCPF;11/02/2023;17;0,175;R
ES0000000000003582CCPF;11/02/2023;18;0,29;R
ES0000000000003582CCPF;11/02/2023;19;0,359;R
ES0000000000003582CCPF;11/02/2023;20;0,363;R
ES0000000000003582CCPF;11/02/2023;21;0,261;R
ES0000000000003582CCPF;11/02/2023;22;0,589;R
ES0000000000003582CCPF;11/02/2023;23;0,45;R
ES0000000000003582CCPF;12/02/2023;0;0,486;R
ES0000000000003582CCPF;12/02/2023;1;0,382;R
ES0000000000003582CCPF;12/02/2023;2;0,326;R
ES0000000000003582CCPF;12/02/2023;3;0,322;R
ES0000000000003582CCPF;12/02/2023;4;0,195;R
ES0000000000003582CCPF;12/02/2023;5;0,093;R
ES0000000000003582CCPF;12/02/2023;6;0,116;R
ES0000000000003582CCPF;12/02/2023;7;0,136;R
ES0000000000003582CCPF;12/02/2023;8;0,148;R
ES0000000000003582CCPF;12/02/2023;9;0,092;R
ES0000000000003582CCPF;12/02/2023;10;0,252;R
ES0000000000003582CCPF;12/02/2023;11;0,338;R
ES0000000000003582CCPF;12/02/2023;12;0,582;R
ES0000000000003582CCPF;12/02/2023;13;0,189;R
ES0000000000003582CCPF;12/02/2023;14;0,256;R
ES0000000000003582CCPF;12/02/2023;15;0,297;R
ES0000000000003582CCPF;12/02/2023;16;0,235;R
ES0000000000003582CCPF;12/02/2023;17;0,253;R
ES0000000000003582CCPF;12/02/2023;18;0,348;R
ES0000000000003582CCPF;12/02/2023;19;0,366;R
ES0000000000003582CCPF;12/02/2023;20;0,737;R
ES0000000000003582CCPF;12/02/2023;21;1,454;R
ES0000000000003582CCPF;12/02/2023;22;1,221;R
ES0000000000003582CCPF;12/02/2023;23;0,445;R
ES0000000000003582CCPF;13/02/2023;0;0,343;R
ES0000000000003582CCPF;13/02/2023;1;0,177;R
ES0000000000003582CCPF;13/02/2023;2;0,127;R
ES0000000000003582CCPF;13/02/2023;3;0,095;R
ES0000000000003582CCPF;13/02/2023;4;0,13;R
ES0000000000003582CCPF;13/02/2023;5;0,183;R
ES0000000000003582CCPF;13/02/2023;6;0,095;R
ES0000000000003582CCPF;13/02/2023;7;0,102;R
ES0000000000003582CCPF;13/02/2023;8;0,393;R
ES0000000000003582CCPF;13/02/2023;9;0,549;R
ES0000000000003582CCPF;13/02/2023;10;0,382;R
ES0000000000003582CCPF;13/02/2023;11;0,435;R
ES0000000000003582CCPF;13/02/2023;12;0,825;R
ES0000000000003582CCPF;13/02/2023;13;0,598;R
ES0000000000003582CCPF;13/02/2023;14;0,869;R
ES0000000000003582CCPF;13/02/2023;15;0,587;R
ES0000000000003582CCPF;13/02/2023;16;0,785;R
ES0000000000003582CCPF;13/02/2023;17;0,947;R
ES0000000000003582CCPF;13/02/2023;18;0,339;R
ES0000000000003582CCPF;13/02/2023;19;0,3;R
ES0000000000003582CCPF;13/02/2023;20;0,633;R
ES0000000000003582CCPF;13/02/2023;21;0,611;R
ES0000000000003582CCPF;13/02/2023;22;0,683;R
ES0000000000003582CCPF;13/02/2023;23;0,547;R
ES0000000000003582CCPF;14/02/2023;0;0,269;R
ES0000000000003582CCPF;14/02/2023;1;0,134;R
ES0000000000003582CCPF;14/02/2023;2;0,178;R
ES0000000000003582CCPF;14/02/2023;3;0,103;R
ES0000000000003582CCPF;14/02/2023;4;0,098;R
ES0000000000003582CCPF;14/02/2023;5;0,159;R
ES0000000000003582CCPF;14/02/2023;6;0,133;R
ES0000000000003582CCPF;14/02/2023;7;0,096;R
ES0000000000003582CCPF;14/02/2023;8;0,573;R
ES0000000000003582CCPF;14/02/2023;9;0,536;R
ES0000000000003582CCPF;14/02/2023;10;0,458;R
ES0000000000003582CCPF;14/02/2023;11;0,33;R
ES0000000000003582CCPF;14/02/2023;12;0,329;R
ES0000000000003582CCPF;14/02/2023;13;0,385;R
ES0000000000003582CCPF;14/02/2023;14;0,44;R
ES0000000000003582CCPF;14/02/2023;15;0,376;R
ES0000000000003582CCPF;14/02/2023;16;0,4;R
ES0000000000003582CCPF;14/02/2023;17;0,321;R
ES0000000000003582CCPF;14/02/2023;18;0,347;R
ES0000000000003582CCPF;14/02/2023;19;0,521;R
ES0000000000003582CCPF;14/02/2023;20;0,782;R
ES0000000000003582CCPF;14/02/2023;21;0,726;R
ES0000000000003582CCPF;14/02/2023;22;1,625;R
ES0000000000003582CCPF;14/02/2023;23;0,916;R
ES0000000000003582CCPF;15/02/2023;0;0,469;R
ES0000000000003582CCPF;15/02/2023;1;0,271;R
ES0000000000003582CCPF;15/02/2023;2;0,142;R
ES0000000000003582CCPF;15/02/2023;3;0,099;R
ES0000000000003582CCPF;15/02/2023;4;0,103;R
ES0000000000003582CCPF;15/02/2023;5;0,127;R
ES0000000000003582CCPF;15/02/2023;6;0,101;R
ES0000000000003582CCPF;15/02/2023;7;0,135;R
ES0000000000003582CCPF;15/02/2023;8;0,48;R
ES0000000000003582CCPF;15/02/2023;9;0,675;R
ES0000000000003582CCPF;15/02/2023;10;0,509;R
ES0000000000003582CCPF;15/02/2023;11;0,483;R
ES0000000000003582CCPF;15/02/2023;12;0,922;R
ES0000000000003582CCPF;15/02/2023;13;0,565;R
ES0000000000003582CCPF;15/02/2023;14;1,211;R
ES0000000000003582CCPF;15/02/2023;15;0,426;R
ES0000000000003582CCPF;15/02/2023;16;0,336;R
ES0000000000003582CCPF;15/02/2023;17;0,389;R
ES0000000000003582CCPF;15/02/2023;18;0,417;R
ES0000000000003582CCPF;15/02/2023;19;0,353;R
ES0000000000003582CCPF;15/02/2023;20;0,246;R
ES0000000000003582CCPF;15/02/2023;21;0,551;R
ES0000000000003582CCPF;15/02/2023;22;0,996;R
ES0000000000003582CCPF;15/02/2023;23;1,027;R
ES0000000000003582CCPF;16/02/2023;0;1,106;R
ES0000000000003582CCPF;16/02/2023;1;0,812;R
ES0000000000003582CCPF;16/02/2023;2;0,304;R
ES0000000000003582CCPF;16/02/2023;3;0,255;R
ES0000000000003582CCPF;16/02/2023;4;0,278;R
ES0000000000003582CCPF;16/02/2023;5;0,24;R
ES0000000000003582CCPF;16/02/2023;6;0,306;R
ES0000000000003582CCPF;16/02/2023;7;0,329;R
ES0000000000003582CCPF;16/02/2023;8;0,543;R
ES0000000000003582CCPF;16/02/2023;9;0,691;R
ES0000000000003582CCPF;16/02/2023;10;0,337;R
ES0000000000003582CCPF;16/02/2023;11;0,239;R
ES0000000000003582CCPF;16/02/2023;12;0,316;R
ES0000000000003582CCPF;16/02/2023;13;0,332;R
ES0000000000003582CCPF;16/02/2023;14;0,392;R
ES0000000000003582CCPF;16/02/2023;15;0,363;R
ES0000000000003582CCPF;16/02/2023;16;0,274;R
ES0000000000003582CCPF;16/02/2023;17;0,283;R
ES0000000000003582CCPF;16/02/2023;18;0,388;R
ES0000000000003582CCPF;16/02/2023;19;0,391;R
ES0000000000003582CCPF;16/02/2023;20;0,699;R
ES0000000000003582CCPF;16/02/2023;21;0,824;R
ES0000000000003582CCPF;16/02/2023;22;1,06;R
ES0000000000003582CCPF;16/02/2023;23;0,547;R
ES0000000000003582CCPF;17/02/2023;0;0,414;R
ES0000000000003582CCPF;17/02/2023;1;0,189;R
ES0000000000003582CCPF;17/02/2023;2;0,237;R
ES0000000000003582CCPF;17/02/2023;3;0,207;R
ES0000000000003582CCPF;17/02/2023;4;0,145;R
ES0000000000003582CCPF;17/02/2023;5;0,169;R
ES0000000000003582CCPF;17/02/2023;6;0,099;R
ES0000000000003582CCPF;17/02/2023;7;0,253;R
ES0000000000003582CCPF;17/02/2023;8;0,235;R
ES0000000000003582CCPF;17/02/2023;9;0,414;R
ES0000000000003582CCPF;17/02/2023;10;0,969;R
ES0000000000003582CCPF;17/02/2023;11;0,72;R
ES0000000000003582CCPF;17/02/2023;12;0,624;R
ES0000000000003582CCPF;17/02/2023;13;0,828;R
ES0000000000003582CCPF;17/02/2023;14;0,469;R
ES0000000000003582CCPF;17/02/2023;15;1,14;R
ES0000000000003582CCPF;17/02/2023;16;0,5;R
ES0000000000003582CCPF;17/02/2023;17;0,422;R
ES0000000000003582CCPF;17/02/2023;18;0,348;R
ES0000000000003582CCPF;17/02/2023;19;0,36;R
ES0000000000003582CCPF;17/02/2023;20;1,452;R
ES0000000000003582CCPF;17/02/2023;21;1,86;R
ES0000000000003582CCPF;17/02/2023;22;1,122;R
ES0000000000003582CCPF;17/02/2023;23;1,097;R
ES0000000000003582CCPF;18/02/2023;0;0,895;R
ES0000000000003582CCPF;18/02/2023;1;0,328;R
ES0000000000003582CCPF;18/02/2023;2;0,134;R
ES0000000000003582CCPF;18/02/2023;3;0,116;R
ES0000000000003582CCPF;18/02/2023;4;0,101;R
ES0000000000003582CCPF;18/02/2023;5;0,137;R
ES0000000000003582CCPF;18/02/2023;6;0,097;R
ES0000000000003582CCPF;18/02/2023;7;0,142;R
ES0000000000003582CCPF;18/02/2023;8;0,187;R
ES0000000000003582CCPF;18/02/2023;9;0,467;R
ES0000000000003582CCPF;18/02/2023;10;0,559;R
ES0000000000003582CCPF;18/02/2023;11;0,181;R
ES0000000000003582CCPF;18/02/2023;12;0,418;R
ES0000000000003582CCPF;18/02/2023;13;0,211;R
ES0000000000003582CCPF;18/02/2023;14;0,195;R
ES0000000000003582CCPF;18/02/2023;15;0,322;R
ES0000000000003582CCPF;18/02/2023;16;0,314;R
ES0000000000003582CCPF;18/02/2023;17;0,267;R
ES0000000000003582CCPF;18/02/2023;18;0,277;R
ES0000000000003582CCPF;18/02/2023;19;0,275;R
ES0000000000003582CCPF;18/02/2023;20;0,152;R
ES0000000000003582CCPF;18/02/2023;21;0,132;R
ES0000000000003582CCPF;18/02/2023;22;0,094;R
ES0000000000003582CCPF;18/02/2023;23;0,663;R
ES0000000000003582CCPF;19/02/2023;0;0,988;R
ES0000000000003582CCPF;19/02/2023;1;0,971;R
ES0000000000003582CCPF;19/02/2023;2;0,27;R
ES0000000000003582CCPF;19/02/2023;3;0,129;R
ES0000000000003582CCPF;19/02/2023;4;0,11;R
ES0000000000003582CCPF;19/02/2023;5;0,143;R
ES0000000000003582CCPF;19/02/2023;6;0,105;R
ES0000000000003582CCPF;19/02/2023;7;0,124;R
ES0000000000003582CCPF;19/02/2023;8;0,117;R
ES0000000000003582CCPF;19/02/2023;9;0,167;R
ES0000000000003582CCPF;19/02/2023;10;0,304;R
ES0000000000003582CCPF;19/02/2023;11;0,325;R
ES0000000000003582CCPF;19/02/2023;12;0,293;R
ES0000000000003582CCPF;19/02/2023;13;0,176;R
ES0000000000003582CCPF;19/02/2023;14;0,221;R
ES0000000000003582CCPF;19/02/2023;15;0,516;R
ES0000000000003582CCPF;19/02/2023;16;0,314;R
ES0000000000003582CCPF;19/02/2023;17;0,268;R
ES0000000000003582CCPF;19/02/2023;18;0,26;R
ES0000000000003582CCPF;19/02/2023;19;0,267;R
ES0000000000003582CCPF;19/02/2023;20;0,34;R
ES0000000000003582CCPF;19/02/2023;21;0,392;R
ES0000000000003582CCPF;19/02/2023;22;0,676;R
ES0000000000003582CCPF;19/02/2023;23;0,474;R
ES0000000000003582CCPF;20/02/2023;0;0,565;R
ES0000000000003582CCPF;20/02/2023;1;0,441;R
ES0000000000003582CCPF;20/02/2023;2;0,204;R
ES0000000000003582CCPF;20/02/2023;3;0,206;R
ES0000000000003582CCPF;20/02/2023;4;0,102;R
ES0000000000003582CCPF;20/02/2023;5;0,122;R
ES0000000000003582CCPF;20/02/2023;6;0,094;R
ES0000000000003582CCPF;20/02/2023;7;0,112;R
ES0000000000003582CCPF;20/02/2023;8;0,298;R
ES0000000000003582CCPF;20/02/2023;9;0,42;R
ES0000000000003582CCPF;20/02/2023;10;0,527;R
ES0000000000003582CCPF;20/02/2023;11;0,535;R
ES0000000000003582CCPF;20/02/2023;12;0,824;R
ES0000000000003582CCPF;20/02/2023;13;0,54;R
ES0000000000003582CCPF;20/02/2023;14;1,368;R
ES0000000000003582CCPF;20/02/2023;15;0,514;R
ES0000000000003582CCPF;20/02/2023;16;0,364;R
ES0000000000003582CCPF;20/02/2023;17;0,412;R
ES0000000000003582CCPF;20/02/2023;18;0,389;R
ES0000000000003582CCPF;20/02/2023;19;0,363;R
ES0000000000003582CCPF;20/02/2023;20;0,697;R
ES0000000000003582CCPF;20/02/2023;21;0,638;R
ES0000000000003582CCPF;20/02/2023;22;1,282;R
ES0000000000003582CCPF;20/02/2023;23;0,7;R
ES0000000000003582CCPF;21/02/2023;0;0,45;R
ES0000000000003582CCPF;21/02/2023;1;0,156;R
ES0000000000003582CCPF;21/02/2023;2;0,128;R
ES0000000000003582CCPF;21/02/2023;3;0,106;R
ES0000000000003582CCPF;21/02/2023;4;0,122;R
ES0000000000003582CCPF;21/02/2023;5;0,111;R
ES0000000000003582CCPF;21/02/2023;6;0,123;R
ES0000000000003582CCPF;21/02/2023;7;0,19;R
ES0000000000003582CCPF;21/02/2023;8;0,396;R
ES0000000000003582CCPF;21/02/2023;9;0,518;R
ES0000000000003582CCPF;21/02/2023;10;0,979;R
ES0000000000003582CCPF;21/02/2023;11;0,829;R
ES0000000000003582CCPF;21/02/2023;12;0,172;R
ES0000000000003582CCPF;21/02/2023;13;0,226;R
ES0000000000003582CCPF;21/02/2023;14;0,27;R
ES0000000000003582CCPF;21/02/2023;15;0,22;R
ES0000000000003582CCPF;21/02/2023;16;0,251;R
ES0000000000003582CCPF;21/02/2023;17;0,254;R
ES0000000000003582CCPF;21/02/2023;18;0,291;R
ES0000000000003582CCPF;21/02/2023;19;0,481;R
ES0000000000003582CCPF;21/02/2023;20;0,595;R
ES0000000000003582CCPF;21/02/2023;21;0,997;R
ES0000000000003582CCPF;21/02/2023;22;1,622;R
ES0000000000003582CCPF;21/02/2023;23;0,901;R
ES0000000000003582CCPF;22/02/2023;0;0,31;R
ES0000000000003582CCPF;22/02/2023;1;0,126;R
ES0000000000003582CCPF;22/02/2023;2;0,131;R
ES0000000000003582CCPF;22/02/2023;3;0,1;R
ES0000000000003582CCPF;22/02/2023;4;0,134;R
ES0000000000003582CCPF;22/02/2023;5;0,186;R
ES0000000000003582CCPF;22/02/2023;6;0,176;R
ES0000000000003582CCPF;22/02/2023;7;0,1;R
ES0000000000003582CCPF;22/02/2023;8;0,628;R
ES0000000000003582CCPF;22/02/2023;9;0,368;R
ES0000000000003582CCPF;22/02/2023;10;0,296;R
ES0000000000003582CCPF;22/02/2023;11;0,478;R
ES0000000000003582CCPF;22/02/2023;12;0,983;R
ES0000000000003582CCPF;22/02/2023;13;0,605;R
ES0000000000003582CCPF;22/02/2023;14;0,745;R
ES0000000000003582CCPF;22/02/2023;15;0,534;R
ES0000000000003582CCPF;22/02/2023;16;0,408;R
ES0000000000003582CCPF;22/02/2023;17;0,401;R
ES0000000000003582CCPF;22/02/2023;18;0,291;R
ES0000000000003582CCPF;22/02/2023;19;0,336;R
ES0000000000003582CCPF;22/02/2023;20;0,325;R
ES0000000000003582CCPF;22/02/2023;21;0,324;R
ES0000000000003582CCPF;22/02/2023;22;1,04;R
ES0000000000003582CCPF;22/02/2023;23;0,628;R
ES0000000000003582CCPF;23/02/2023;0;0,6;R
ES0000000000003582CCPF;23/02/2023;1;0,112;R
ES0000000000003582CCPF;23/02/2023;2;0,108;R
ES0000000000003582CCPF;23/02/2023;3;0,082;R
ES0000000000003582CCPF;23/02/2023;4;0,147;R
ES0000000000003582CCPF;23/02/2023;5;0,172;R
ES0000000000003582CCPF;23/02/2023;6;0,121;R
ES0000000000003582CCPF;23/02/2023;7;0,083;R
ES0000000000003582CCPF;23/02/2023;8;0,386;R
ES0000000000003582CCPF;23/02/2023;9;0,365;R
ES0000000000003582CCPF;23/02/2023;10;0,433;R
ES0000000000003582CCPF;23/02/2023;11;0,324;R
ES0000000000003582CCPF;23/02/2023;12;0,314;R
ES0000000000003582CCPF;23/02/2023;13;0,273;R
ES0000000000003582CCPF;23/02/2023;14;0,273;R
ES0000000000003582CCPF;23/02/2023;15;0,299;R
ES0000000000003582CCPF;23/02/2023;16;0,439;R
ES0000000000003582CCPF;23/02/2023;17;0,411;R
ES0000000000003582CCPF;23/02/2023;18;0,349;R
ES0000000000003582CCPF;23/02/2023;19;0,425;R
ES0000000000003582CCPF;23/02/2023;20;0,514;R
ES0000000000003582CCPF;23/02/2023;21;0,859;R
ES0000000000003582CCPF;23/02/2023;22;0,778;R
ES0000000000003582CCPF;23/02/2023;23;1,091;R
ES0000000000003582CCPF;24/02/2023;0;0,923;R
ES0000000000003582CCPF;24/02/2023;1;0,207;R
ES0000000000003582CCPF;24/02/2023;2;0,139;R
ES0000000000003582CCPF;24/02/2023;3;0,106;R
ES0000000000003582CCPF;24/02/2023;4;0,135;R
ES0000000000003582CCPF;24/02/2023;5;0,12;R
ES0000000000003582CCPF;24/02/2023;6;0,191;R
ES0000000000003582CCPF;24/02/2023;7;0,138;R
ES0000000000003582CCPF;24/02/2023;8;0,097;R
ES0000000000003582CCPF;24/02/2023;9;0,417;R
ES0000000000003582CCPF;24/02/2023;10;0,436;R
ES0000000000003582CCPF;24/02/2023;11;0,541;R
ES0000000000003582CCPF;24/02/2023;12;0,857;R
ES0000000000003582CCPF;24/02/2023;13;1,244;R
ES0000000000003582CCPF;24/02/2023;14;0,779;R
ES0000000000003582CCPF;24/02/2023;15;0,62;R
ES0000000000003582CCPF;24/02/2023;16;0,359;R
ES0000000000003582CCPF;24/02/2023;17;0,272;R
ES0000000000003582CCPF;24/02/2023;18;0,273;R
ES0000000000003582CCPF;24/02/2023;19;0,279;R
ES0000000000003582CCPF;24/02/2023;20;0,531;R
ES0000000000003582CCPF;24/02/2023;21;0,42;R
ES0000000000003582CCPF;24/02/2023;22;1,204;R
ES0000000000003582CCPF;24/02/2023;23;1,428;R
ES0000000000003582CCPF;25/02/2023;0;0,926;R
ES0000000000003582CCPF;25/02/2023;1;0,232;R
ES0000000000003582CCPF;25/02/2023;2;0,148;R
ES0000000000003582CCPF;25/02/2023;3;0,181;R
ES0000000000003582CCPF;25/02/2023;4;0,153;R
ES0000000000003582CCPF;25/02/2023;5;0,187;R
ES0000000000003582CCPF;25/02/2023;6;0,203;R
ES0000000000003582CCPF;25/02/2023;7;0,237;R
ES0000000000003582CCPF;25/02/2023;8;0,161;R
ES0000000000003582CCPF;25/02/2023;9;0,156;R
ES0000000000003582CCPF;25/02/2023;10;0,32;R
ES0000000000003582CCPF;25/02/2023;11;0,389;R
ES0000000000003582CCPF;25/02/2023;12;0,357;R
ES0000000000003582CCPF;25/02/2023;13;0,248;R
ES0000000000003582CCPF;25/02/2023;14;0,153;R
ES0000000000003582CCPF;25/02/2023;15;0,167;R
ES0000000000003582CCPF;25/02/2023;16;0,181;R
ES0000000000003582CCPF;25/02/2023;17;0,159;R
ES0000000000003582CCPF;25/02/2023;18;0,224;R
ES0000000000003582CCPF;25/02/2023;19;0,246;R
ES0000000000003582CCPF;25/02/2023;20;0,213;R
ES0000000000003582CCPF;25/02/2023;21;0,158;R
ES0000000000003582CCPF;25/02/2023;22;0,157;R
ES0000000000003582CCPF;25/02/2023;23;0,168;R
ES0000000000003582CCPF;26/02/2023;0;0,345;R
ES0000000000003582CCPF;26/02/2023;1;0,165;R
ES0000000000003582CCPF;26/02/2023;2;0,186;R
ES0000000000003582CCPF;26/02/2023;3;0,134;R
ES0000000000003582CCPF;26/02/2023;4;0,097;R
ES0000000000003582CCPF;26/02/2023;5;0,133;R
ES0000000000003582CCPF;26/02/2023;6;0,099;R
ES0000000000003582CCPF;26/02/2023;7;0,117;R
ES0000000000003582CCPF;26/02/2023;8;0,129;R
ES0000000000003582CCPF;26/02/2023;9;0,186;R
ES0000000000003582CCPF;26/02/2023;10;0,262;R
ES0000000000003582CCPF;26/02/2023;11;0,188;R
ES0000000000003582CCPF;26/02/2023;12;0,211;R
ES0000000000003582CCPF;26/02/2023;13;0,267;R
ES0000000000003582CCPF;26/02/2023;14;0,505;R
ES0000000000003582CCPF;26/02/2023;15;1,328;R
ES0000000000003582CCPF;26/02/2023;16;0,298;R
ES0000000000003582CCPF;26/02/2023;17;0,284;R
ES0000000000003582CCPF;26/02/2023;18;0,238;R
ES0000000000003582CCPF;26/02/2023;19;0,176;R
ES0000000000003582CCPF;26/02/2023;20;0,597;R
ES0000000000003582CCPF;26/02/2023;21;0,53;R
ES0000000000003582CCPF;26/02/2023;22;0,634;R
ES0000000000003582CCPF;26/02/2023;23;1,002;R
ES0000000000003582CCPF;27/02/2023;0;0,948;R
ES0000000000003582CCPF;27/02/2023;1;0,109;R
ES0000000000003582CCPF;27/02/2023;2;0,128;R
ES0000000000003582CCPF;27/02/2023;3;0,099;R
ES0000000000003582CCPF;27/02/2023;4;0,187;R
ES0000000000003582CCPF;27/02/2023;5;0,161;R
ES0000000000003582CCPF;27/02/2023;6;0,095;R
ES0000000000003582CCPF;27/02/2023;7;0,115;R
ES0000000000003582CCPF;27/02/2023;8;0,114;R
ES0000000000003582CCPF;27/02/2023;9;0,356;R
ES0000000000003582CCPF;27/02/2023;10;0,511;R
ES0000000000003582CCPF;27/02/2023;11;0,415;R
ES0000000000003582CCPF;27/02/2023;12;0,419;R
ES0000000000003582CCPF;27/02/2023;13;0,819;R
ES0000000000003582CCPF;27/02/2023;14;0,962;R
ES0000000000003582CCPF;27/02/2023;15;1,003;R
ES0000000000003582CCPF;27/02/2023;16;0,465;R
ES0000000000003582CCPF;27/02/2023;17;0,406;R
ES0000000000003582CCPF;27/02/2023;18;0,266;R
ES0000000000003582CCPF;27/02/2023;19;0,294;R
ES0000000000003582CCPF;27/02/2023;20;0,479;R
ES0000000000003582CCPF;27/02/2023;21;0,885;R
ES0000000000003582CCPF;27/02/2023;22;0,811;R
ES0000000000003582CCPF;27/02/2023;23;0,46;R
ES0000000000003582CCPF;28/02/2023;0;0,22;R
ES0000000000003582CCPF;28/02/2023;1;0,138;R
ES0000000000003582CCPF;28/02/2023;2;0,102;R
ES0000000000003582CCPF;28/02/2023;3;0,135;R
ES0000000000003582CCPF;28/02/2023;4;0,148;R
ES0000000000003582CCPF;28/02/2023;5;0,176;R
ES0000000000003582CCPF;28/02/2023;6;0,098;R
ES0000000000003582CCPF;28/02/2023;7;0,133;R
ES0000000000003582CCPF;28/02/2023;8;0,582;R
ES0000000000003582CCPF;28/02/2023;9;0,832;R
ES0000000000003582CCPF;28/02/2023;10;0,834;R
ES0000000000003582CCPF;28/02/2023;11;0,889;R
ES0000000000003582CCPF;28/02/2023;12;0,813;R
ES0000000000003582CCPF;28/02/2023;13;0,863;R
ES0000000000003582CCPF;28/02/2023;14;0,705;R
ES0000000000003582CCPF;28/02/2023;15;0,391;R
ES0000000000003582CCPF;28/02/2023;16;0,359;R
ES0000000000003582CCPF;28/02/2023;17;0,354;R
ES0000000000003582CCPF;28/02/2023;18;0,32;R
ES0000000000003582CCPF;28/02/2023;19;0,401;R
ES0000000000003582CCPF;28/02/2023;20;0,284;R
ES0000000000003582CCPF;28/02/2023;21;0,813;R
ES0000000000003582CCPF;28/02/2023;22;0,755;R
ES0000000000003582CCPF;28/02/2023;23;0,692;R
ES0000000000003582CCPF;01/03/2023;0;0,603;R
ES0000000000003582CCPF;01/03/2023;1;0,346;R
ES0000000000003582CCPF;01/03/2023;2;0,147;R
ES0000000000003582CCPF;01/03/2023;3;0,119;R
ES0000000000003582CCPF;01/03/2023;4;0,106;R
ES0000000000003582CCPF;01/03/2023;5;0,133;R
ES0000000000003582CCPF;01/03/2023;6;0,186;R
ES0000000000003582CCPF;01/03/2023;7;0,169;R
ES0000000000003582CCPF;01/03/2023;8;0,217;R
ES0000000000003582CCPF;01/03/2023;9;0,696;R
ES0000000000003582CCPF;01/03/2023;10;0,811;R
ES0000000000003582CCPF;01/03/2023;11;0,93;R
ES0000000000003582CCPF;01/03/2023;12;1,268;R
ES0000000000003582CCPF;01/03/2023;13;1,028;R
ES0000000000003582CCPF;01/03/2023;14;0,909;R
ES0000000000003582CCPF;01/03/2023;15;0,653;R
ES0000000000003582CCPF;01/03/2023;16;0,373;R
ES0000000000003582CCPF;01/03/2023;17;0,408;R
ES0000000000003582CCPF;01/03/2023;18;0,407;R
ES0000000000003582CCPF;01/03/2023;19;0,542;R
ES0000000000003582CCPF;01/03/2023;20;0,73;R
ES0000000000003582CCPF;01/03/2023;21;0,695;R
ES0000000000003582CCPF;01/03/2023;22;1,042;R
ES0000000000003582CCPF;01/03/2023;23;0,764;R
ES0000000000003582CCPF;02/03/2023;0;0,649;R
ES0000000000003582CCPF;02/03/2023;1;0,196;R
ES0000000000003582CCPF;02/03/2023;2;0,189;R
ES0000000000003582CCPF;02/03/2023;3;0,182;R
ES0000000000003582CCPF;02/03/2023;4;0,095;R
ES0000000000003582CCPF;02/03/2023;5;0,12;R
ES0000000000003582CCPF;02/03/2023;6;0,107;R
ES0000000000003582CCPF;02/03/2023;7;0,113;R
ES0000000000003582CCPF;02/03/2023;8;0,325;R
ES0000000000003582CCPF;02/03/2023;9;0,548;R
ES0000000000003582CCPF;02/03/2023;10;0,47;R
ES0000000000003582CCPF;02/03/2023;11;0,459;R
ES0000000000003582CCPF;02/03/2023;12;0,383;R
ES0000000000003582CCPF;02/03/2023;13;0,419;R
ES0000000000003582CCPF;02/03/2023;14;0,775;R
ES0000000000003582CCPF;02/03/2023;15;0,433;R
ES0000000000003582CCPF;02/03/2023;16;0,472;R
ES0000000000003582CCPF;02/03/2023;17;0,458;R
ES0000000000003582CCPF;02/03/2023;18;0,393;R
ES0000000000003582CCPF;02/03/2023;19;0,313;R
ES0000000000003582CCPF;02/03/2023;20;0,403;R
ES0000000000003582CCPF;02/03/2023;21;0,612;R
ES0000000000003582CCPF;02/03/2023;22;1,253;R
ES0000000000003582CCPF;02/03/2023;23;1,166;R
ES0000000000003582CCPF;03/03/2023;0;0,599;R
ES0000000000003582CCPF;03/03/2023;1;0,245;R
ES0000000000003582CCPF;03/03/2023;2;0,096;R
ES0000000000003582CCPF;03/03/2023;3;0,131;R
ES0000000000003582CCPF;03/03/2023;4;0,096;R
ES0000000000003582CCPF;03/03/2023;5;0,128;R
ES0000000000003582CCPF;03/03/2023;6;0,208;R
ES0000000000003582CCPF;03/03/2023;7;0,279;R
ES0000000000003582CCPF;03/03/2023;8;0,156;R
ES0000000000003582CCPF;03/03/2023;9;0,352;R
ES0000000000003582CCPF;03/03/2023;10;0,339;R
ES0000000000003582CCPF;03/03/2023;11;1,059;R
ES0000000000003582CCPF;03/03/2023;12;1,708;R
ES0000000000003582CCPF;03/03/2023;13;1,719;R
ES0000000000003582CCPF;03/03/2023;14;0,961;R
ES0000000000003582CCPF;03/03/2023;15;0,435;R
ES0000000000003582CCPF;03/03/2023;16;0,501;R
ES0000000000003582CCPF;03/03/2023;17;0,257;R
ES0000000000003582CCPF;03/03/2023;18;0,394;R
ES0000000000003582CCPF;03/03/2023;19;0,299;R
ES0000000000003582CCPF;03/03/2023;20;0,374;R
ES0000000000003582CCPF;03/03/2023;21;0,479;R
ES0000000000003582CCPF;03/03/2023;22;1,599;R
ES0000000000003582CCPF;03/03/2023;23;0,595;R
ES0000000000003582CCPF;04/03/2023;0;0,384;R
ES0000000000003582CCPF;04/03/2023;1;0,287;R
ES0000000000003582CCPF;04/03/2023;2;0,119;R
ES0000000000003582CCPF;04/03/2023;3;0,112;R
ES0000000000003582CCPF;04/03/2023;4;0,118;R
ES0000000000003582CCPF;04/03/2023;5;0,125;R
ES0000000000003582CCPF;04/03/2023;6;0,185;R
ES0000000000003582CCPF;04/03/2023;7;0,118;R
ES0000000000003582CCPF;04/03/2023;8;0,093;R
ES0000000000003582CCPF;04/03/2023;9;0,128;R
ES0000000000003582CCPF;04/03/2023;10;0,103;R
ES0000000000003582CCPF;04/03/2023;11;0,244;R
ES0000000000003582CCPF;04/03/2023;12;0,476;R
ES0000000000003582CCPF;04/03/2023;13;0,227;R
ES0000000000003582CCPF;04/03/2023;14;0,173;R
ES0000000000003582CCPF;04/03/2023;15;0,181;R
ES0000000000003582CCPF;04/03/2023;16;0,564;R
ES0000000000003582CCPF;04/03/2023;17;0,294;R
ES0000000000003582CCPF;04/03/2023;18;0,232;R
ES0000000000003582CCPF;04/03/2023;19;0,187;R
ES0000000000003582CCPF;04/03/2023;20;0,154;R
ES0000000000003582CCPF;04/03/2023;21;0,848;R
ES0000000000003582CCPF;04/03/2023;22;1,808;R
ES0000000000003582CCPF;04/03/2023;23;0,875;R
ES0000000000003582CCPF;05/03/2023;0;1,103;R
ES0000000000003582CCPF;05/03/2023;1;0,976;R
ES0000000000003582CCPF;05/03/2023;2;0,261;R
ES0000000000003582CCPF;05/03/2023;3;0,149;R
ES0000000000003582CCPF;05/03/2023;4;0,197;R
ES0000000000003582CCPF;05/03/2023;5;0,144;R
ES0000000000003582CCPF;05/03/2023;6;0,1;R
ES0000000000003582CCPF;05/03/2023;7;0,134;R
ES0000000000003582CCPF;05/03/2023;8;0,098;R
ES0000000000003582CCPF;05/03/2023;9;0,17;R
ES0000000000003582CCPF;05/03/2023;10;0,306;R
ES0000000000003582CCPF;05/03/2023;11;0,193;R
ES0000000000003582CCPF;05/03/2023;12;0,339;R
ES0000000000003582CCPF;05/03/2023;13;0,41;R
ES0000000000003582CCPF;05/03/2023;14;0,42;R
ES0000000000003582CCPF;05/03/2023;15;0,371;R
ES0000000000003582CCPF;05/03/2023;16;0,165;R
ES0000000000003582CCPF;05/03/2023;17;0,178;R
ES0000000000003582CCPF;05/03/2023;18;0,189;R
ES0000000000003582CCPF;05/03/2023;19;0,142;R
ES0000000000003582CCPF;05/03/2023;20;0,267;R
ES0000000000003582CCPF;05/03/2023;21;0,349;R
ES0000000000003582CCPF;05/03/2023;22;0,286;R
ES0000000000003582CCPF;05/03/2023;23;0,875;R
ES0000000000003582CCPF;06/03/2023;0;0,348;R
ES0000000000003582CCPF;06/03/2023;1;0,321;R
ES0000000000003582CCPF;06/03/2023;2;0,2;R
ES0000000000003582CCPF;06/03/2023;3;0,111;R
ES0000000000003582CCPF;06/03/2023;4;0,096;R
ES0000000000003582CCPF;06/03/2023;5;0,128;R
ES0000000000003582CCPF;06/03/2023;6;0,094;R
ES0000000000003582CCPF;06/03/2023;7;0,133;R
ES0000000000003582CCPF;06/03/2023;8;0,369;R
ES0000000000003582CCPF;06/03/2023;9;0,401;R
ES0000000000003582CCPF;06/03/2023;10;0,284;R
ES0000000000003582CCPF;06/03/2023;11;0,337;R
ES0000000000003582CCPF;06/03/2023;12;0,707;R
ES0000000000003582CCPF;06/03/2023;13;0,679;R
ES0000000000003582CCPF;06/03/2023;14;0,645;R
ES0000000000003582CCPF;06/03/2023;15;0,487;R
ES0000000000003582CCPF;06/03/2023;16;0,468;R
ES0000000000003582CCPF;06/03/2023;17;0,397;R
ES0000000000003582CCPF;06/03/2023;18;0,366;R
ES0000000000003582CCPF;06/03/2023;19;0,413;R
ES0000000000003582CCPF;06/03/2023;20;0,721;R
ES0000000000003582CCPF;06/03/2023;21;0,976;R
ES0000000000003582CCPF;06/03/2023;22;1,107;R
ES0000000000003582CCPF;06/03/2023;23;0,578;R
ES0000000000003582CCPF;07/03/2023;0;0,384;R
ES0000000000003582CCPF;07/03/2023;1;0,115;R
ES0000000000003582CCPF;07/03/2023;2;0,157;R
ES0000000000003582CCPF;07/03/2023;3;0,188;R
ES0000000000003582CCPF;07/03/2023;4;0,117;R
ES0000000000003582CCPF;07/03/2023;5;0,096;R
ES0000000000003582CCPF;07/03/2023;6;0,131;R
ES0000000000003582CCPF;07/03/2023;7;0,097;R
ES0000000000003582CCPF;07/03/2023;8;0,594;R
ES0000000000003582CCPF;07/03/2023;9;0,325;R
ES0000000000003582CCPF;07/03/2023;10;0,132;R
ES0000000000003582CCPF;07/03/2023;11;0,106;R
ES0000000000003582CCPF;07/03/2023;12;0,147;R
ES0000000000003582CCPF;07/03/2023;13;0,169;R
ES0000000000003582CCPF;07/03/2023;14;0,216;R
ES0000000000003582CCPF;07/03/2023;15;0,244;R
ES0000000000003582CCPF;07/03/2023;16;0,234;R
ES0000000000003582CCPF;07/03/2023;17;0,333;R
ES0000000000003582CCPF;07/03/2023;18;0,3;R
ES0000000000003582CCPF;07/03/2023;19;0,275;R
ES0000000000003582CCPF;07/03/2023;20;0,65;R
ES0000000000003582CCPF;07/03/2023;21;0,962;R
ES0000000000003582CCPF;07/03/2023;22;1,047;R
ES0000000000003582CCPF;07/03/2023;23;0,875;R
ES0000000000003582CCPF;08/03/2023;0;1,034;R
ES0000000000003582CCPF;08/03/2023;1;0,753;R
ES0000000000003582CCPF;08/03/2023;2;0,193;R
ES0000000000003582CCPF;08/03/2023;3;0,112;R
ES0000000000003582CCPF;08/03/2023;4;0,102;R
ES0000000000003582CCPF;08/03/2023;5;0,132;R
ES0000000000003582CCPF;08/03/2023;6;0,099;R
ES0000000000003582CCPF;08/03/2023;7;0,153;R
ES0000000000003582CCPF;08/03/2023;8;0,466;R
ES0000000000003582CCPF;08/03/2023;9;0,34;R
ES0000000000003582CCPF;08/03/2023;10;0,311;R
ES0000000000003582CCPF;08/03/2023;11;0,324;R
ES0000000000003582CCPF;08/03/2023;12;0,333;R
ES0000000000003582CCPF;08/03/2023;13;0,397;R
ES0000000000003582CCPF;08/03/2023;14;0,532;R
ES0000000000003582CCPF;08/03/2023;15;0,859;R
ES0000000000003582CCPF;08/03/2023;16;0,931;R
ES0000000000003582CCPF;08/03/2023;17;0,975;R
ES0000000000003582CCPF;08/03/2023;18;0,634;R
ES0000000000003582CCPF;08/03/2023;19;0,55;R
ES0000000000003582CCPF;08/03/2023;20;0,55;R
ES0000000000003582CCPF;08/03/2023;21;1,028;R
ES0000000000003582CCPF;08/03/2023;22;1,698;R
ES0000000000003582CCPF;08/03/2023;23;0,682;R
ES0000000000003582CCPF;09/03/2023;0;0,286;R
ES0000000000003582CCPF;09/03/2023;1;0,157;R
ES0000000000003582CCPF;09/03/2023;2;0,137;R
ES0000000000003582CCPF;09/03/2023;3;0,216;R
ES0000000000003582CCPF;09/03/2023;4;0,19;R
ES0000000000003582CCPF;09/03/2023;5;0,139;R
ES0000000000003582CCPF;09/03/2023;6;0,109;R
ES0000000000003582CCPF;09/03/2023;7;0,126;R
ES0000000000003582CCPF;09/03/2023;8;0,296;R
ES0000000000003582CCPF;09/03/2023;9;0,458;R
ES0000000000003582CCPF;09/03/2023;10;0,477;R
ES0000000000003582CCPF;09/03/2023;11;0,507;R
ES0000000000003582CCPF;09/03/2023;12;0,309;R
ES0000000000003582CCPF;09/03/2023;13;0,331;R
ES0000000000003582CCPF;09/03/2023;14;0,496;R
ES0000000000003582CCPF;09/03/2023;15;0,922;R
ES0000000000003582CCPF;09/03/2023;16;1,005;R
ES0000000000003582CCPF;09/03/2023;17;0,428;R
ES0000000000003582CCPF;09/03/2023;18;0,41;R
ES0000000000003582CCPF;09/03/2023;19;0,402;R
ES0000000000003582CCPF;09/03/2023;20;0,255;R
ES0000000000003582CCPF;09/03/2023;21;0,473;R
ES0000000000003582CCPF;09/03/2023;22;0,64;R
ES0000000000003582CCPF;09/03/2023;23;0,866;R
ES0000000000003582CCPF;10/03/2023;0;0,386;R
ES0000000000003582CCPF;10/03/2023;1;0,109;R
ES0000000000003582CCPF;10/03/2023;2;0,131;R
ES0000000000003582CCPF;10/03/2023;3;0,097;R
ES0000000000003582CCPF;10/03/2023;4;0,133;R
ES0000000000003582CCPF;10/03/2023;5;0,156;R
ES0000000000003582CCPF;10/03/2023;6;0,187;R
ES0000000000003582CCPF;10/03/2023;7;0,275;R
ES0000000000003582CCPF;10/03/2023;8;0,28;R
ES0000000000003582CCPF;10/03/2023;9;0,307;R
ES0000000000003582CCPF;10/03/2023;10;0,295;R
ES0000000000003582CCPF;10/03/2023;11;0,438;R
ES0000000000003582CCPF;10/03/2023;12;0,809;R
ES0000000000003582CCPF;10/03/2023;13;0,718;R
ES0000000000003582CCPF;10/03/2023;14;0,486;R
ES0000000000003582CCPF;10/03/2023;15;0,495;R
ES0000000000003582CCPF;10/03/2023;16;0,179;R
ES0000000000003582CCPF;10/03/2023;17;0,201;R
ES0000000000003582CCPF;10/03/2023;18;0,233;R
ES0000000000003582CCPF;10/03/2023;19;0,224;R
ES0000000000003582CCPF;10/03/2023;20;0,482;R
ES0000000000003582CCPF;10/03/2023;21;0,673;R
ES0000000000003582CCPF;10/03/2023;22;0,776;R
ES0000000000003582CCPF;10/03/2023;23;0,456;R
ES0000000000003582CCPF;11/03/2023;0;0,504;R
ES0000000000003582CCPF;11/03/2023;1;0,126;R
ES0000000000003582CCPF;11/03/2023;2;0,132;R
ES0000000000003582CCPF;11/03/2023;3;0,096;R
ES0000000000003582CCPF;11/03/2023;4;0,153;R
ES0000000000003582CCPF;11/03/2023;5;0,188;R
ES0000000000003582CCPF;11/03/2023;6;0,146;R
ES0000000000003582CCPF;11/03/2023;7;0,096;R
ES0000000000003582CCPF;11/03/2023;8;0,13;R
ES0000000000003582CCPF;11/03/2023;9;0,097;R
ES0000000000003582CCPF;11/03/2023;10;0,26;R
ES0000000000003582CCPF;11/03/2023;11;0,227;R
ES0000000000003582CCPF;11/03/2023;12;0,48;R
ES0000000000003582CCPF;11/03/2023;13;0,106;R
ES0000000000003582CCPF;11/03/2023;14;0,101;R
ES0000000000003582CCPF;11/03/2023;15;1,164;R
ES0000000000003582CCPF;11/03/2023;16;0,231;R
ES0000000000003582CCPF;11/03/2023;17;0,26;R
ES0000000000003582CCPF;11/03/2023;18;0,215;R
ES0000000000003582CCPF;11/03/2023;19;0,2;R
ES0000000000003582CCPF;11/03/2023;20;0,641;R
ES0000000000003582CCPF;11/03/2023;21;0,794;R
ES0000000000003582CCPF;11/03/2023;22;0,92;R
ES0000000000003582CCPF;11/03/2023;23;0,76;R
ES0000000000003582CCPF;12/03/2023;0;0,615;R
ES0000000000003582CCPF;12/03/2023;1;0,336;R
ES0000000000003582CCPF;12/03/2023;2;0,142;R
ES0000000000003582CCPF;12/03/2023;3;0,135;R
ES0000000000003582CCPF;12/03/2023;4;0,1;R
ES0000000000003582CCPF;12/03/2023;5;0,133;R
ES0000000000003582CCPF;12/03/2023;6;0,144;R
ES0000000000003582CCPF;12/03/2023;7;0,191;R
ES0000000000003582CCPF;12/03/2023;8;0,164;R
ES0000000000003582CCPF;12/03/2023;9;0,096;R
ES0000000000003582CCPF;12/03/2023;10;0,224;R
ES0000000000003582CCPF;12/03/2023;11;0,526;R
ES0000000000003582CCPF;12/03/2023;12;0,69;R
ES0000000000003582CCPF;12/03/2023;13;0,649;R
ES0000000000003582CCPF;12/03/2023;14;1,133;R
ES0000000000003582CCPF;12/03/2023;15;0,357;R
ES0000000000003582CCPF;12/03/2023;16;0,731;R
ES0000000000003582CCPF;12/03/2023;17;0,746;R
ES0000000000003582CCPF;12/03/2023;18;0,17;R
ES0000000000003582CCPF;12/03/2023;19;0,16;R
ES0000000000003582CCPF;12/03/2023;20;0,587;R
ES0000000000003582CCPF;12/03/2023;21;0,621;R
ES0000000000003582CCPF;12/03/2023;22;0,968;R
ES0000000000003582CCPF;12/03/2023;23;0,521;R
ES0000000000003582CCPF;13/03/2023;0;0,315;R
ES0000000000003582CCPF;13/03/2023;1;0,218;R
ES0000000000003582CCPF;13/03/2023;2;0,153;R
ES0000000000003582CCPF;13/03/2023;3;0,1;R
ES0000000000003582CCPF;13/03/2023;4;0,098;R
ES0000000000003582CCPF;13/03/2023;5;0,099;R
ES0000000000003582CCPF;13/03/2023;6;0,134;R
ES0000000000003582CCPF;13/03/2023;7;0,173;R
ES0000000000003582CCPF;13/03/2023;8;0,334;R
ES0000000000003582CCPF;13/03/2023;9;0,347;R
ES0000000000003582CCPF;13/03/2023;10;0,372;R
ES0000000000003582CCPF;13/03/2023;11;0,355;R
ES0000000000003582CCPF;13/03/2023;12;0,909;R
ES0000000000003582CCPF;13/03/2023;13;0,717;R
ES0000000000003582CCPF;13/03/2023;14;0,69;R
ES0000000000003582CCPF;13/03/2023;15;0,405;R
ES0000000000003582CCPF;13/03/2023;16;0,343;R
ES0000000000003582CCPF;13/03/2023;17;0,323;R
ES0000000000003582CCPF;13/03/2023;18;0,276;R
ES0000000000003582CCPF;13/03/2023;19;0,382;R
ES0000000000003582CCPF;13/03/2023;20;0,341;R
ES0000000000003582CCPF;13/03/2023;21;0,411;R
ES0000000000003582CCPF;13/03/2023;22;0,521;R
ES0000000000003582CCPF;13/03/2023;23;0,592;R
ES0000000000003582CCPF;14/03/2023;0;0,333;R
ES0000000000003582CCPF;14/03/2023;1;0,132;R
ES0000000000003582CCPF;14/03/2023;2;0,099;R
ES0000000000003582CCPF;14/03/2023;3;0,109;R
ES0000000000003582CCPF;14/03/2023;4;0,118;R
ES0000000000003582CCPF;14/03/2023;5;0,101;R
ES0000000000003582CCPF;14/03/2023;6;0,132;R
ES0000000000003582CCPF;14/03/2023;7;0,19;R
ES0000000000003582CCPF;14/03/2023;8;0,448;R
ES0000000000003582CCPF;14/03/2023;9;0,601;R
ES0000000000003582CCPF;14/03/2023;10;0,358;R
ES0000000000003582CCPF;14/03/2023;11;0,34;R
ES0000000000003582CCPF;14/03/2023;12;0,329;R
ES0000000000003582CCPF;14/03/2023;13;0,314;R
ES0000000000003582CCPF;14/03/2023;14;1,508;R
ES0000000000003582CCPF;14/03/2023;15;0,423;R
ES0000000000003582CCPF;14/03/2023;16;0,391;R
ES0000000000003582CCPF;14/03/2023;17;0,34;R
ES0000000000003582CCPF;14/03/2023;18;0,317;R
ES0000000000003582CCPF;14/03/2023;19;0,256;R
ES0000000000003582CCPF;14/03/2023;20;0,19;R
ES0000000000003582CCPF;14/03/2023;21;0,449;R
ES0000000000003582CCPF;14/03/2023;22;0,827;R
ES0000000000003582CCPF;14/03/2023;23;0,996;R
ES0000000000003582CCPF;15/03/2023;0;0,922;R
ES0000000000003582CCPF;15/03/2023;1;0,147;R
ES0000000000003582CCPF;15/03/2023;2;0,15;R
ES0000000000003582CCPF;15/03/2023;3;0,101;R
ES0000000000003582CCPF;15/03/2023;4;0,186;R
ES0000000000003582CCPF;15/03/2023;5;0,195;R
ES0000000000003582CCPF;15/03/2023;6;0,131;R
ES0000000000003582CCPF;15/03/2023;7;0,102;R
ES0000000000003582CCPF;15/03/2023;8;0,238;R
ES0000000000003582CCPF;15/03/2023;9;0,319;R
ES0000000000003582CCPF;15/03/2023;10;0,415;R
ES0000000000003582CCPF;15/03/2023;11;0,411;R
ES0000000000003582CCPF;15/03/2023;12;0,972;R
ES0000000000003582CCPF;15/03/2023;13;0,886;R
ES0000000000003582CCPF;15/03/2023;14;0,871;R
ES0000000000003582CCPF;15/03/2023;15;0,464;R
ES0000000000003582CCPF;15/03/2023;16;0,308;R
ES0000000000003582CCPF;15/03/2023;17;0,293;R
ES0000000000003582CCPF;15/03/2023;18;0,311;R
ES0000000000003582CCPF;15/03/2023;19;0,453;R
ES0000000000003582CCPF;15/03/2023;20;0,693;R
ES0000000000003582CCPF;15/03/2023;21;0,637;R
ES0000000000003582CCPF;15/03/2023;22;0,705;R
ES0000000000003582CCPF;15/03/2023;23;0,548;R
ES0000000000003582CCPF;16/03/2023;0;0,369;R
ES0000000000003582CCPF;16/03/2023;1;0,211;R
ES0000000000003582CCPF;16/03/2023;2;0,174;R
ES0000000000003582CCPF;16/03/2023;3;0,098;R
ES0000000000003582CCPF;16/03/2023;4;0,132;R
ES0000000000003582CCPF;16/03/2023;5;0,097;R
ES0000000000003582CCPF;16/03/2023;6;0,134;R
ES0000000000003582CCPF;16/03/2023;7;0,147;R
ES0000000000003582CCPF;16/03/2023;8;0,441;R
ES0000000000003582CCPF;16/03/2023;9;0,523;R
ES0000000000003582CCPF;16/03/2023;10;0,546;R
ES0000000000003582CCPF;16/03/2023;11;0,367;R
ES0000000000003582CCPF;16/03/2023;12;0,312;R
ES0000000000003582CCPF;16/03/2023;13;0,356;R
ES0000000000003582CCPF;16/03/2023;14;0,535;R
ES0000000000003582CCPF;16/03/2023;15;0,43;R
ES0000000000003582CCPF;16/03/2023;16;0,397;R
ES0000000000003582CCPF;16/03/2023;17;0,59;R
ES0000000000003582CCPF;16/03/2023;18;0,238;R
ES0000000000003582CCPF;16/03/2023;19;0,191;R
ES0000000000003582CCPF;16/03/2023;20;0,108;R
ES0000000000003582CCPF;16/03/2023;21;0,194;R
ES0000000000003582CCPF;16/03/2023;22;0,184;R
ES0000000000003582CCPF;16/03/2023;23;0,144;R
ES0000000000003582CCPF;17/03/2023;0;0,106;R
ES0000000000003582CCPF;17/03/2023;1;0,105;R
ES0000000000003582CCPF;17/03/2023;2;0,12;R
ES0000000000003582CCPF;17/03/2023;3;0,155;R
ES0000000000003582CCPF;17/03/2023;4;0,181;R
ES0000000000003582CCPF;17/03/2023;5;0,095;R
ES0000000000003582CCPF;17/03/2023;6;0,095;R
ES0000000000003582CCPF;17/03/2023;7;0,118;R
ES0000000000003582CCPF;17/03/2023;8;0,092;R
ES0000000000003582CCPF;17/03/2023;9;0,177;R
ES0000000000003582CCPF;17/03/2023;10;0,177;R
ES0000000000003582CCPF;17/03/2023;11;0,348;R
ES0000000000003582CCPF;17/03/2023;12;1,167;R
ES0000000000003582CCPF;17/03/2023;13;0,879;R
ES0000000000003582CCPF;17/03/2023;14;0,321;R
ES0000000000003582CCPF;17/03/2023;15;0,363;R
ES0000000000003582CCPF;17/03/2023;16;0,217;R
ES0000000000003582CCPF;17/03/2023;17;0,088;R
ES0000000000003582CCPF;17/03/2023;18;0,088;R
ES0000000000003582CCPF;17/03/2023;19;0,124;R
ES0000000000003582CCPF;17/03/2023;20;0,088;R
ES0000000000003582CCPF;17/03/2023;21;0,142;R
ES0000000000003582CCPF;17/03/2023;22;0,175;R
ES0000000000003582CCPF;17/03/2023;23;0,209;R
ES0000000000003582CCPF;18/03/2023;0;0,151;R
ES0000000000003582CCPF;18/03/2023;1;0,105;R
ES0000000000003582CCPF;18/03/2023;2;0,105;R
ES0000000000003582CCPF;18/03/2023;3;0,116;R
ES0000000000003582CCPF;18/03/2023;4;0,095;R
ES0000000000003582CCPF;18/03/2023;5;0,147;R
ES0000000000003582CCPF;18/03/2023;6;0,179;R
ES0000000000003582CCPF;18/03/2023;7;0,109;R
ES0000000000003582CCPF;18/03/2023;8;0,108;R
ES0000000000003582CCPF;18/03/2023;9;0,101;R
ES0000000000003582CCPF;18/03/2023;10;0,111;R
ES0000000000003582CCPF;18/03/2023;11;0,126;R
ES0000000000003582CCPF;18/03/2023;12;0,181;R
ES0000000000003582CCPF;18/03/2023;13;0,146;R
ES0000000000003582CCPF;18/03/2023;14;0,088;R
ES0000000000003582CCPF;18/03/2023;15;0,118;R
ES0000000000003582CCPF;18/03/2023;16;0,092;R
ES0000000000003582CCPF;18/03/2023;17;0,113;R
ES0000000000003582CCPF;18/03/2023;18;0,165;R
ES0000000000003582CCPF;18/03/2023;19;0,176;R
ES0000000000003582CCPF;18/03/2023;20;0,112;R
ES0000000000003582CCPF;18/03/2023;21;0,087;R
ES0000000000003582CCPF;18/03/2023;22;0,119;R
ES0000000000003582CCPF;18/03/2023;23;0,093;R
ES0000000000003582CCPF;19/03/2023;0;0,106;R
ES0000000000003582CCPF;19/03/2023;1;0,175;R
ES0000000000003582CCPF;19/03/2023;2;0,208;R
ES0000000000003582CCPF;19/03/2023;3;0,167;R
ES0000000000003582CCPF;19/03/2023;4;0,09;R
ES0000000000003582CCPF;19/03/2023;5;0,121;R
ES0000000000003582CCPF;19/03/2023;6;0,089;R
ES0000000000003582CCPF;19/03/2023;7;0,122;R
ES0000000000003582CCPF;19/03/2023;8;0,111;R
ES0000000000003582CCPF;19/03/2023;9;0,178;R
ES0000000000003582CCPF;19/03/2023;10;0,137;R
ES0000000000003582CCPF;19/03/2023;11;0,087;R
ES0000000000003582CCPF;19/03/2023;12;0,122;R
ES0000000000003582CCPF;19/03/2023;13;0,087;R
ES0000000000003582CCPF;19/03/2023;14;0,142;R
ES0000000000003582CCPF;19/03/2023;15;0,177;R
ES0000000000003582CCPF;19/03/2023;16;0,151;R
ES0000000000003582CCPF;19/03/2023;17;0,088;R
ES0000000000003582CCPF;19/03/2023;18;0,097;R
ES0000000000003582CCPF;19/03/2023;19;0,113;R
ES0000000000003582CCPF;19/03/2023;20;0,088;R
ES0000000000003582CCPF;19/03/2023;21;0,168;R
ES0000000000003582CCPF;19/03/2023;22;0,176;R
ES0000000000003582CCPF;19/03/2023;23;0,133;R
ES0000000000003582CCPF;20/03/2023;0;0,088;R
ES0000000000003582CCPF;20/03/2023;1;0,089;R
ES0000000000003582CCPF;20/03/2023;2;0,122;R
ES0000000000003582CCPF;20/03/2023;3;0,087;R
ES0000000000003582CCPF;20/03/2023;4;0,165;R
ES0000000000003582CCPF;20/03/2023;5;0,179;R
ES0000000000003582CCPF;20/03/2023;6;0,21;R
ES0000000000003582CCPF;20/03/2023;7;0,122;R
ES0000000000003582CCPF;20/03/2023;8;0,111;R
ES0000000000003582CCPF;20/03/2023;9;0,098;R
ES0000000000003582CCPF;20/03/2023;10;0,116;R
ES0000000000003582CCPF;20/03/2023;11;0,095;R
ES0000000000003582CCPF;20/03/2023;12;0,164;R
ES0000000000003582CCPF;20/03/2023;13;0,177;R
ES0000000000003582CCPF;20/03/2023;14;0,093;R
ES0000000000003582CCPF;20/03/2023;15;0,109;R
ES0000000000003582CCPF;20/03/2023;16;0,1;R
ES0000000000003582CCPF;20/03/2023;17;0,109;R
ES0000000000003582CCPF;20/03/2023;18;0,149;R
ES0000000000003582CCPF;20/03/2023;19;0,177;R
ES0000000000003582CCPF;20/03/2023;20;0,127;R
ES0000000000003582CCPF;20/03/2023;21;0,088;R
ES0000000000003582CCPF;20/03/2023;22;0,121;R
ES0000000000003582CCPF;20/03/2023;23;0,088;R
ES0000000000003582CCPF;21/03/2023;0;0,405;R
ES0000000000003582CCPF;21/03/2023;1;0,228;R
ES0000000000003582CCPF;21/03/2023;2;0,179;R
ES0000000000003582CCPF;21/03/2023;3;0,117;R
ES0000000000003582CCPF;21/03/2023;4;0,104;R
ES0000000000003582CCPF;21/03/2023;5;0,146;R
ES0000000000003582CCPF;21/03/2023;6;0,103;R
ES0000000000003582CCPF;21/03/2023;7;0,13;R
ES0000000000003582CCPF;21/03/2023;8;0,477;R
ES0000000000003582CCPF;21/03/2023;9;0,339;R
ES0000000000003582CCPF;21/03/2023;10;0,321;R
ES0000000000003582CCPF;21/03/2023;11;0,327;R
ES0000000000003582CCPF;21/03/2023;12;0,577;R
ES0000000000003582CCPF;21/03/2023;13;0,581;R
ES0000000000003582CCPF;21/03/2023;14;0,387;R
ES0000000000003582CCPF;21/03/2023;15;0,397;R
ES0000000000003582CCPF;21/03/2023;16;0,409;R
ES0000000000003582CCPF;21/03/2023;17;0,348;R
ES0000000000003582CCPF;21/03/2023;18;0,329;R
ES0000000000003582CCPF;21/03/2023;19;0,34;R
ES0000000000003582CCPF;21/03/2023;20;0,294;R
ES0000000000003582CCPF;21/03/2023;21;0,959;R
ES0000000000003582CCPF;21/03/2023;22;0,817;R
ES0000000000003582CCPF;21/03/2023;23;0,706;R
ES0000000000003582CCPF;22/03/2023;0;0,572;R
ES0000000000003582CCPF;22/03/2023;1;0,21;R
ES0000000000003582CCPF;22/03/2023;2;0,153;R
ES0000000000003582CCPF;22/03/2023;3;0,126;R
ES0000000000003582CCPF;22/03/2023;4;0,136;R
ES0000000000003582CCPF;22/03/2023;5;0,179;R
ES0000000000003582CCPF;22/03/2023;6;0,192;R
ES0000000000003582CCPF;22/03/2023;7;0,117;R
ES0000000000003582CCPF;22/03/2023;8;0,356;R
ES0000000000003582CCPF;22/03/2023;9;0,46;R
ES0000000000003582CCPF;22/03/2023;10;0,406;R
ES0000000000003582CCPF;22/03/2023;11;0,646;R
ES0000000000003582CCPF;22/03/2023;12;0,922;R
ES0000000000003582CCPF;22/03/2023;13;0,977;R
ES0000000000003582CCPF;22/03/2023;14;0,717;R
ES0000000000003582CCPF;22/03/2023;15;0,372;R
ES0000000000003582CCPF;22/03/2023;16;0,388;R
ES0000000000003582CCPF;22/03/2023;17;0,403;R
ES0000000000003582CCPF;22/03/2023;18;0,388;R
ES0000000000003582CCPF;22/03/2023;19;0,343;R
ES0000000000003582CCPF;22/03/2023;20;0,328;R
ES0000000000003582CCPF;22/03/2023;21;0,545;R
ES0000000000003582CCPF;22/03/2023;22;0,738;R
ES0000000000003582CCPF;22/03/2023;23;0,625;R
ES0000000000003582CCPF;23/03/2023;0;0,605;R
ES0000000000003582CCPF;23/03/2023;1;0,26;R
ES0000000000003582CCPF;23/03/2023;2;0,163;R
ES0000000000003582CCPF;23/03/2023;3;0,172;R
ES0000000000003582CCPF;23/03/2023;4;0,162;R
ES0000000000003582CCPF;23/03/2023;5;0,198;R
ES0000000000003582CCPF;23/03/2023;6;0,236;R
ES0000000000003582CCPF;23/03/2023;7;0,235;R
ES0000000000003582CCPF;23/03/2023;8;0,77;R
ES0000000000003582CCPF;23/03/2023;9;0,448;R
ES0000000000003582CCPF;23/03/2023;10;0,122;R
ES0000000000003582CCPF;23/03/2023;11;0,127;R
ES0000000000003582CCPF;23/03/2023;12;0,182;R
ES0000000000003582CCPF;23/03/2023;13;0,18;R
ES0000000000003582CCPF;23/03/2023;14;0,116;R
ES0000000000003582CCPF;23/03/2023;15;0,09;R
ES0000000000003582CCPF;23/03/2023;16;0,175;R
ES0000000000003582CCPF;23/03/2023;17;0,197;R
ES0000000000003582CCPF;23/03/2023;18;0,328;R
ES0000000000003582CCPF;23/03/2023;19;0,344;R
ES0000000000003582CCPF;23/03/2023;20;0,25;R
ES0000000000003582CCPF;23/03/2023;21;0,282;R
ES0000000000003582CCPF;23/03/2023;22;0,471;R
ES0000000000003582CCPF;23/03/2023;23;0,812;R
ES0000000000003582CCPF;24/03/2023;0;0,874;R
ES0000000000003582CCPF;24/03/2023;1;0,685;R
ES0000000000003582CCPF;24/03/2023;2;0,19;R
ES0000000000003582CCPF;24/03/2023;3;0,211;R
ES0000000000003582CCPF;24/03/2023;4;0,157;R
ES0000000000003582CCPF;24/03/2023;5;0,116;R
ES0000000000003582CCPF;24/03/2023;6;0,138;R
ES0000000000003582CCPF;24/03/2023;7;0,13;R
ES0000000000003582CCPF;24/03/2023;8;0,133;R
ES0000000000003582CCPF;24/03/2023;9;0,184;R
ES0000000000003582CCPF;24/03/2023;10;0,466;R
ES0000000000003582CCPF;24/03/2023;11;0,462;R
ES0000000000003582CCPF;24/03/2023;12;1,107;R
ES0000000000003582CCPF;24/03/2023;13;0,684;R
ES0000000000003582CCPF;24/03/2023;14;0,533;R
ES0000000000003582CCPF;24/03/2023;15;0,397;R
ES0000000000003582CCPF;24/03/2023;16;0,416;R
ES0000000000003582CCPF;24/03/2023;17;0,428;R
ES0000000000003582CCPF;24/03/2023;18;0,28;R
ES0000000000003582CCPF;24/03/2023;19;0,32;R
ES0000000000003582CCPF;24/03/2023;20;0,32;R
ES0000000000003582CCPF;24/03/2023;21;0,84;R
ES0000000000003582CCPF;24/03/2023;22;1,557;R
ES0000000000003582CCPF;24/03/2023;23;0,45;R
ES0000000000003582CCPF;25/03/2023;0;0,335;R
ES0000000000003582CCPF;25/03/2023;1;0,188;R
ES0000000000003582CCPF;25/03/2023;2;0,11;R
ES0000000000003582CCPF;25/03/2023;3;0,131;R
ES0000000000003582CCPF;25/03/2023;4;0,099;R
ES0000000000003582CCPF;25/03/2023;5;0,133;R
ES0000000000003582CCPF;25/03/2023;6;0,106;R
ES0000000000003582CCPF;25/03/2023;7;0,191;R
ES0000000000003582CCPF;25/03/2023;8;0,565;R
ES0000000000003582CCPF;25/03/2023;9;0,209;R
ES0000000000003582CCPF;25/03/2023;10;0,095;R
ES0000000000003582CCPF;25/03/2023;11;0,124;R
ES0000000000003582CCPF;25/03/2023;12;0,186;R
ES0000000000003582CCPF;25/03/2023;13;0,255;R
ES0000000000003582CCPF;25/03/2023;14;0,191;R
ES0000000000003582CCPF;25/03/2023;15;0,226;R
ES0000000000003582CCPF;25/03/2023;16;1,357;R
ES0000000000003582CCPF;25/03/2023;17;0,292;R
ES0000000000003582CCPF;25/03/2023;18;0,155;R
ES0000000000003582CCPF;25/03/2023;19;0,094;R
ES0000000000003582CCPF;25/03/2023;20;0,128;R
ES0000000000003582CCPF;25/03/2023;21;0,094;R
ES0000000000003582CCPF;25/03/2023;22;0,129;R
ES0000000000003582CCPF;25/03/2023;23;0,203;R
ES0000000000003582CCPF;26/03/2023;0;0,187;R
ES0000000000003582CCPF;26/03/2023;1;0,23;R
ES0000000000003582CCPF;26/03/2023;3;0,113;R
ES0000000000003582CCPF;26/03/2023;4;0,129;R
ES0000000000003582CCPF;26/03/2023;5;0,1;R
ES0000000000003582CCPF;26/03/2023;6;0,131;R
ES0000000000003582CCPF;26/03/2023;7;0,1;R
ES0000000000003582CCPF;26/03/2023;8;0,15;R
ES0000000000003582CCPF;26/03/2023;9;0,189;R
ES0000000000003582CCPF;26/03/2023;10;0,165;R
ES0000000000003582CCPF;26/03/2023;11;0,235;R
ES0000000000003582CCPF;26/03/2023;12;0,249;R
ES0000000000003582CCPF;26/03/2023;13;0,108;R
ES0000000000003582CCPF;26/03/2023;14;0,159;R
ES0000000000003582CCPF;26/03/2023;15;0,818;R
ES0000000000003582CCPF;26/03/2023;16;0,695;R
ES0000000000003582CCPF;26/03/2023;17;0,885;R
ES0000000000003582CCPF;26/03/2023;18;0,211;R
ES0000000000003582CCPF;26/03/2023;19;0,23;R
ES0000000000003582CCPF;26/03/2023;20;0,173;R
ES0000000000003582CCPF;26/03/2023;21;0,261;R
ES0000000000003582CCPF;26/03/2023;22;0,739;R
ES0000000000003582CCPF;26/03/2023;23;0,605;R
ES0000000000003582CCPF;27/03/2023;0;0,31;R
ES0000000000003582CCPF;27/03/2023;1;0,178;R
ES0000000000003582CCPF;27/03/2023;2;0,091;R
ES0000000000003582CCPF;27/03/2023;3;0,119;R
ES0000000000003582CCPF;27/03/2023;4;0,16;R
ES0000000000003582CCPF;27/03/2023;5;0,094;R
ES0000000000003582CCPF;27/03/2023;6;0,117;R
ES0000000000003582CCPF;27/03/2023;7;0,148;R
ES0000000000003582CCPF;27/03/2023;8;0,246;R
ES0000000000003582CCPF;27/03/2023;9;0,083;R
ES0000000000003582CCPF;27/03/2023;10;0,301;R
ES0000000000003582CCPF;27/03/2023;11;0,414;R
ES0000000000003582CCPF;27/03/2023;12;0,706;R
ES0000000000003582CCPF;27/03/2023;13;0,615;R
ES0000000000003582CCPF;27/03/2023;14;0,688;R
ES0000000000003582CCPF;27/03/2023;15;0,568;R
ES0000000000003582CCPF;27/03/2023;16;0,291;R
ES0000000000003582CCPF;27/03/2023;17;0,396;R
ES0000000000003582CCPF;27/03/2023;18;0,327;R
ES0000000000003582CCPF;27/03/2023;19;0,298;R
ES0000000000003582CCPF;27/03/2023;20;0,322;R
ES0000000000003582CCPF;27/03/2023;21;0,583;R
ES0000000000003582CCPF;27/03/2023;22;1,135;R
ES0000000000003582CCPF;27/03/2023;23;0,644;R
ES0000000000003582CCPF;28/03/2023;0;0,42;R
ES0000000000003582CCPF;28/03/2023;1;0,363;R
ES0000000000003582CCPF;28/03/2023;2;0,15;R
ES0000000000003582CCPF;28/03/2023;3;0,176;R
ES0000000000003582CCPF;28/03/2023;4;0,179;R
ES0000000000003582CCPF;28/03/2023;5;0,102;R
ES0000000000003582CCPF;28/03/2023;6;0,121;R
ES0000000000003582CCPF;28/03/2023;7;0,168;R
ES0000000000003582CCPF;28/03/2023;8;0,129;R
ES0000000000003582CCPF;28/03/2023;9;0,208;R
ES0000000000003582CCPF;28/03/2023;10;0,439;R
ES0000000000003582CCPF;28/03/2023;11;0,34;R
ES0000000000003582CCPF;28/03/2023;12;0,447;R
ES0000000000003582CCPF;28/03/2023;13;0,362;R
ES0000000000003582CCPF;28/03/2023;14;0,309;R
ES0000000000003582CCPF;28/03/2023;15;0,837;R
ES0000000000003582CCPF;28/03/2023;16;0,833;R
ES0000000000003582CCPF;28/03/2023;17;1,03;R
ES0000000000003582CCPF;28/03/2023;18;1,08;R
ES0000000000003582CCPF;28/03/2023;19;0,335;R
ES0000000000003582CCPF;28/03/2023;20;0,218;R
ES0000000000003582CCPF;28/03/2023;21;0,258;R
ES0000000000003582CCPF;28/03/2023;22;0,702;R
ES0000000000003582CCPF;28/03/2023;23;0,637;R
ES0000000000003582CCPF;29/03/2023;0;0,412;R
ES0000000000003582CCPF;29/03/2023;1;0,24;R
ES0000000000003582CCPF;29/03/2023;2;0,17;R
ES0000000000003582CCPF;29/03/2023;3;0,092;R
ES0000000000003582CCPF;29/03/2023;4;0,144;R
ES0000000000003582CCPF;29/03/2023;5;0,142;R
ES0000000000003582CCPF;29/03/2023;6;0,096;R
ES0000000000003582CCPF;29/03/2023;7;0,169;R
ES0000000000003582CCPF;29/03/2023;8;0,115;R
ES0000000000003582CCPF;29/03/2023;9;0,189;R
ES0000000000003582CCPF;29/03/2023;10;0,359;R
ES0000000000003582CCPF;29/03/2023;11;0,486;R
ES0000000000003582CCPF;29/03/2023;12;0,876;R
ES0000000000003582CCPF;29/03/2023;13;0,638;R
ES0000000000003582CCPF;29/03/2023;14;1,382;R
ES0000000000003582CCPF;29/03/2023;15;0,488;R
ES0000000000003582CCPF;29/03/2023;16;0,412;R
ES0000000000003582CCPF;29/03/2023;17;0,315;R
ES0000000000003582CCPF;29/03/2023;18;0,431;R
ES0000000000003582CCPF;29/03/2023;19;0,402;R
ES0000000000003582CCPF;29/03/2023;20;0,202;R
ES0000000000003582CCPF;29/03/2023;21;0,3;R
ES0000000000003582CCPF;29/03/2023;22;0,68;R
ES0000000000003582CCPF;29/03/2023;23;0,449;R
ES0000000000003582CCPF;30/03/2023;0;0,231;R
ES0000000000003582CCPF;30/03/2023;1;0,135;R
ES0000000000003582CCPF;30/03/2023;2;0,14;R
ES0000000000003582CCPF;30/03/2023;3;0,173;R
ES0000000000003582CCPF;30/03/2023;4;0,131;R
ES0000000000003582CCPF;30/03/2023;5;0,128;R
ES0000000000003582CCPF;30/03/2023;6;0,182;R
ES0000000000003582CCPF;30/03/2023;7;0,122;R
ES0000000000003582CCPF;30/03/2023;8;0,114;R
ES0000000000003582CCPF;30/03/2023;9;0,304;R
ES0000000000003582CCPF;30/03/2023;10;0,272;R
ES0000000000003582CCPF;30/03/2023;11;0,324;R
ES0000000000003582CCPF;30/03/2023;12;0,457;R
ES0000000000003582CCPF;30/03/2023;13;0,369;R
ES0000000000003582CCPF;30/03/2023;14;0,345;R
ES0000000000003582CCPF;30/03/2023;15;0,746;R
ES0000000000003582CCPF;30/03/2023;16;0,789;R
ES0000000000003582CCPF;30/03/2023;17;0,949;R
ES0000000000003582CCPF;30/03/2023;18;0,377;R
ES0000000000003582CCPF;30/03/2023;19;0,34;R
ES0000000000003582CCPF;30/03/2023;20;0,251;R
ES0000000000003582CCPF;30/03/2023;21;0,309;R
ES0000000000003582CCPF;30/03/2023;22;0,813;R
ES0000000000003582CCPF;30/03/2023;23;0,343;R
ES0000000000003582CCPF;31/03/2023;0;0,16;R
ES0000000000003582CCPF;31/03/2023;1;0,16;R
ES0000000000003582CCPF;31/03/2023;2;0,187;R
ES0000000000003582CCPF;31/03/2023;3;0,132;R
ES0000000000003582CCPF;31/03/2023;4;0,1;R
ES0000000000003582CCPF;31/03/2023;5;0,15;R
ES0000000000003582CCPF;31/03/2023;6;0,214;R
ES0000000000003582CCPF;31/03/2023;7;0,165;R
ES0000000000003582CCPF;31/03/2023;8;0,109;R
ES0000000000003582CCPF;31/03/2023;9;0,329;R
ES0000000000003582CCPF;31/03/2023;10;0,487;R
ES0000000000003582CCPF;31/03/2023;11;0,67;R
ES0000000000003582CCPF;31/03/2023;12;1,043;R
ES0000000000003582CCPF;31/03/2023;13;0,567;R
ES0000000000003582CCPF;31/03/2023;14;0,364;R
ES0000000000003582CCPF;31/03/2023;15;0,651;R
ES0000000000003582CCPF;31/03/2023;16;0,4;R
ES0000000000003582CCPF;31/03/2023;17;0,325;R
ES0000000000003582CCPF;31/03/2023;18;0,408;R
ES0000000000003582CCPF;31/03/2023;19;0,379;R
ES0000000000003582CCPF;31/03/2023;20;0,175;R
ES0000000000003582CCPF;31/03/2023;21;0,677;R
ES0000000000003582CCPF;31/03/2023;22;0,767;R
ES0000000000003582CCPF;31/03/2023;23;0,47;R
ES0000000000003582CCPF;01/04/2023;0;0,392;R
ES0000000000003582CCPF;01/04/2023;1;0,163;R
ES0000000000003582CCPF;01/04/2023;2;0,187;R
ES0000000000003582CCPF;01/04/2023;3;0,107;R
ES0000000000003582CCPF;01/04/2023;4;0,112;R
ES0000000000003582CCPF;01/04/2023;5;0,143;R
ES0000000000003582CCPF;01/04/2023;6;0,184;R
ES0000000000003582CCPF;01/04/2023;7;0,094;R
ES0000000000003582CCPF;01/04/2023;8;0,116;R
ES0000000000003582CCPF;01/04/2023;9;0,276;R
ES0000000000003582CCPF;01/04/2023;10;0,761;R
ES0000000000003582CCPF;01/04/2023;11;0,627;R
ES0000000000003582CCPF;01/04/2023;12;0,442;R
ES0000000000003582CCPF;01/04/2023;13;0,151;R
ES0000000000003582CCPF;01/04/2023;14;0,184;R
ES0000000000003582CCPF;01/04/2023;15;0,138;R
ES0000000000003582CCPF;01/04/2023;16;0,095;R
ES0000000000003582CCPF;01/04/2023;17;0,134;R
ES0000000000003582CCPF;01/04/2023;18;0,181;R
ES0000000000003582CCPF;01/04/2023;19;0,117;R
ES0000000000003582CCPF;01/04/2023;20;0,213;R
ES0000000000003582CCPF;01/04/2023;21;0,314;R
ES0000000000003582CCPF;01/04/2023;22;0,705;R
ES0000000000003582CCPF;01/04/2023;23;0,737;R
ES0000000000003582CCPF;02/04/2023;0;0,382;R
ES0000000000003582CCPF;02/04/2023;1;0,303;R
ES0000000000003582CCPF;02/04/2023;2;0,121;R
ES0000000000003582CCPF;02/04/2023;3;0,122;R
ES0000000000003582CCPF;02/04/2023;4;0,097;R
ES0000000000003582CCPF;02/04/2023;5;0,121;R
ES0000000000003582CCPF;02/04/2023;6;0,133;R
ES0000000000003582CCPF;02/04/2023;7;0,184;R
ES0000000000003582CCPF;02/04/2023;8;0,164;R
ES0000000000003582CCPF;02/04/2023;9;0,314;R
ES0000000000003582CCPF;02/04/2023;10;0,185;R
ES0000000000003582CCPF;02/04/2023;11;0,556;R
ES0000000000003582CCPF;02/04/2023;12;0,621;R
ES0000000000003582CCPF;02/04/2023;13;0,359;R
ES0000000000003582CCPF;02/04/2023;14;0,117;R
ES0000000000003582CCPF;02/04/2023;15;0,145;R
ES0000000000003582CCPF;02/04/2023;16;0,168;R
ES0000000000003582CCPF;02/04/2023;17;0,092;R
ES0000000000003582CCPF;02/04/2023;18;0,115;R
ES0000000000003582CCPF;02/04/2023;19;0,161;R
ES0000000000003582CCPF;02/04/2023;20;0,14;R
ES0000000000003582CCPF;02/04/2023;21;0,1;R
ES0000000000003582CCPF;02/04/2023;22;0,105;R
ES0000000000003582CCPF;02/04/2023;23;0,169;R
ES0000000000003582CCPF;03/04/2023;0;0,129;R
ES0000000000003582CCPF;03/04/2023;1;0,109;R
ES0000000000003582CCPF;03/04/2023;2;0,097;R
ES0000000000003582CCPF;03/04/2023;3;0,167;R
ES0000000000003582CCPF;03/04/2023;4;0,13;R
ES0000000000003582CCPF;03/04/2023;5;0,11;R
ES0000000000003582CCPF;03/04/2023;6;0,097;R
ES0000000000003582CCPF;03/04/2023;7;0,159;R
ES0000000000003582CCPF;03/04/2023;8;0,14;R
ES0000000000003582CCPF;03/04/2023;9;0,099;R
ES0000000000003582CCPF;03/04/2023;10;0,107;R
ES0000000000003582CCPF;03/04/2023;11;0,175;R
ES0000000000003582CCPF;03/04/2023;12;0,235;R
ES0000000000003582CCPF;03/04/2023;13;0,602;R
ES0000000000003582CCPF;03/04/2023;14;1,006;R
ES0000000000003582CCPF;03/04/2023;15;0,582;R
ES0000000000003582CCPF;03/04/2023;16;0,176;R
ES0000000000003582CCPF;03/04/2023;17;0,147;R
ES0000000000003582CCPF;03/04/2023;18;0,187;R
ES0000000000003582CCPF;03/04/2023;19;0,154;R
ES0000000000003582CCPF;03/04/2023;20;0,095;R
ES0000000000003582CCPF;03/04/2023;21;0,114;R
ES0000000000003582CCPF;03/04/2023;22;0,153;R
ES0000000000003582CCPF;03/04/2023;23;0,145;R
ES0000000000003582CCPF;04/04/2023;0;0,102;R
ES0000000000003582CCPF;04/04/2023;1;0,113;R
ES0000000000003582CCPF;04/04/2023;2;0,153;R
ES0000000000003582CCPF;04/04/2023;3;0,142;R
ES0000000000003582CCPF;04/04/2023;4;0,092;R
ES0000000000003582CCPF;04/04/2023;5;0,112;R
ES0000000000003582CCPF;04/04/2023;6;0,142;R
ES0000000000003582CCPF;04/04/2023;7;0,152;R
ES0000000000003582CCPF;04/04/2023;8;0,091;R
ES0000000000003582CCPF;04/04/2023;9;0,114;R
ES0000000000003582CCPF;04/04/2023;10;0,132;R
ES0000000000003582CCPF;04/04/2023;11;0,166;R
ES0000000000003582CCPF;04/04/2023;12;0,091;R
ES0000000000003582CCPF;04/04/2023;13;0,136;R
ES0000000000003582CCPF;04/04/2023;14;0,192;R
ES0000000000003582CCPF;04/04/2023;15;0,18;R
ES0000000000003582CCPF;04/04/2023;16;0,102;R
ES0000000000003582CCPF;04/04/2023;17;0,114;R
ES0000000000003582CCPF;04/04/2023;18;0,174;R
ES0000000000003582CCPF;04/04/2023;19;0,119;R
ES0000000000003582CCPF;04/04/2023;20;0,103;R
ES0000000000003582CCPF;04/04/2023;21;0,192;R
ES0000000000003582CCPF;04/04/2023;22;0,182;R
ES0000000000003582CCPF;04/04/2023;23;0,103;R
ES0000000000003582CCPF;05/04/2023;0;0,113;R
ES0000000000003582CCPF;05/04/2023;1;0,104;R
ES0000000000003582CCPF;05/04/2023;2;0,183;R
ES0000000000003582CCPF;05/04/2023;3;0,097;R
ES0000000000003582CCPF;05/04/2023;4;0,114;R
ES0000000000003582CCPF;05/04/2023;5;0,1;R
ES0000000000003582CCPF;05/04/2023;6;0,181;R
ES0000000000003582CCPF;05/04/2023;7;0,099;R
ES0000000000003582CCPF;05/04/2023;8;0,113;R
ES0000000000003582CCPF;05/04/2023;9;0,097;R
ES0000000000003582CCPF;05/04/2023;10;0,179;R
ES0000000000003582CCPF;05/04/2023;11;0,345;R
ES0000000000003582CCPF;05/04/2023;12;0,481;R
ES0000000000003582CCPF;05/04/2023;13;0,683;R
ES0000000000003582CCPF;05/04/2023;14;0,769;R
ES0000000000003582CCPF;05/04/2023;15;0,13;R
ES0000000000003582CCPF;05/04/2023;16;0,131;R
ES0000000000003582CCPF;05/04/2023;17;0,146;R
ES0000000000003582CCPF;05/04/2023;18;0,144;R
ES0000000000003582CCPF;05/04/2023;19;0,092;R
ES0000000000003582CCPF;05/04/2023;20;0,112;R
ES0000000000003582CCPF;05/04/2023;21;0,161;R
ES0000000000003582CCPF;05/04/2023;22;0,129;R
ES0000000000003582CCPF;05/04/2023;23;0,093;R
ES0000000000003582CCPF;06/04/2023;0;0,111;R
ES0000000000003582CCPF;06/04/2023;1;0,166;R
ES0000000000003582CCPF;06/04/2023;2;0,124;R
ES0000000000003582CCPF;06/04/2023;3;0,103;R
ES0000000000003582CCPF;06/04/2023;4;0,101;R
ES0000000000003582CCPF;06/04/2023;5;0,164;R
ES0000000000003582CCPF;06/04/2023;6;0,127;R
ES0000000000003582CCPF;06/04/2023;7;0,105;R
ES0000000000003582CCPF;06/04/2023;8;0,099;R
ES0000000000003582CCPF;06/04/2023;9;0,154;R
ES0000000000003582CCPF;06/04/2023;10;0,206;R
ES0000000000003582CCPF;06/04/2023;11;0,115;R
ES0000000000003582CCPF;06/04/2023;12;0,114;R
ES0000000000003582CCPF;06/04/2023;13;0,139;R
ES0000000000003582CCPF;06/04/2023;14;0,209;R
ES0000000000003582CCPF;06/04/2023;15;0,118;R
ES0000000000003582CCPF;06/04/2023;16;0,112;R
ES0000000000003582CCPF;06/04/2023;17;0,137;R
ES0000000000003582CCPF;06/04/2023;18;0,156;R
ES0000000000003582CCPF;06/04/2023;19;0,09;R
ES0000000000003582CCPF;06/04/2023;20;0,113;R
ES0000000000003582CCPF;06/04/2023;21;0,16;R
ES0000000000003582CCPF;06/04/2023;22;0,135;R
ES0000000000003582CCPF;06/04/2023;23;0,096;R
ES0000000000003582CCPF;07/04/2023;0;0,111;R
ES0000000000003582CCPF;07/04/2023;1;0,171;R
ES0000000000003582CCPF;07/04/2023;2;0,126;R
ES0000000000003582CCPF;07/04/2023;3;0,109;R
ES0000000000003582CCPF;07/04/2023;4;0,099;R
ES0000000000003582CCPF;07/04/2023;5;0,173;R
ES0000000000003582CCPF;07/04/2023;6;0,123;R
ES0000000000003582CCPF;07/04/2023;7;0,114;R
ES0000000000003582CCPF;07/04/2023;8;0,092;R
ES0000000000003582CCPF;07/04/2023;9;0,173;R
ES0000000000003582CCPF;07/04/2023;10;0,123;R
ES0000000000003582CCPF;07/04/2023;11;0,115;R
ES0000000000003582CCPF;07/04/2023;12;0,102;R
ES0000000000003582CCPF;07/04/2023;13;0,183;R
ES0000000000003582CCPF;07/04/2023;14;0,107;R
ES0000000000003582CCPF;07/04/2023;15;0,116;R
ES0000000000003582CCPF;07/04/2023;16;0,134;R
ES0000000000003582CCPF;07/04/2023;17;0,165;R
ES0000000000003582CCPF;07/04/2023;18;0,092;R
ES0000000000003582CCPF;07/04/2023;19;0,116;R
ES0000000000003582CCPF;07/04/2023;20;0,159;R
ES0000000000003582CCPF;07/04/2023;21;0,14;R
ES0000000000003582CCPF;07/04/2023;22;0,097;R
ES0000000000003582CCPF;07/04/2023;23;0,19;R
ES0000000000003582CCPF;08/04/2023;0;0,184;R
ES0000000000003582CCPF;08/04/2023;1;0,126;R
ES0000000000003582CCPF;08/04/2023;2;0,115;R
ES0000000000003582CCPF;08/04/2023;3;0,098;R
ES0000000000003582CCPF;08/04/2023;4;0,184;R
ES0000000000003582CCPF;08/04/2023;5;0,109;R
ES0000000000003582CCPF;08/04/2023;6;0,115;R
ES0000000000003582CCPF;08/04/2023;7;0,107;R
ES0000000000003582CCPF;08/04/2023;8;0,182;R
ES0000000000003582CCPF;08/04/2023;9;0,101;R
ES0000000000003582CCPF;08/04/2023;10;0,115;R
ES0000000000003582CCPF;08/04/2023;11;0,119;R
ES0000000000003582CCPF;08/04/2023;12;0,182;R
ES0000000000003582CCPF;08/04/2023;13;0,094;R
ES0000000000003582CCPF;08/04/2023;14;0,115;R
ES0000000000003582CCPF;08/04/2023;15;0,156;R
ES0000000000003582CCPF;08/04/2023;16;0,146;R
ES0000000000003582CCPF;08/04/2023;17;0,093;R
ES0000000000003582CCPF;08/04/2023;18;0,115;R
ES0000000000003582CCPF;08/04/2023;19;0,184;R
ES0000000000003582CCPF;08/04/2023;20;0,117;R
ES0000000000003582CCPF;08/04/2023;21;0,115;R
ES0000000000003582CCPF;08/04/2023;22;0,118;R
ES0000000000003582CCPF;08/04/2023;23;0,182;R
ES0000000000003582CCPF;09/04/2023;0;0,092;R
ES0000000000003582CCPF;09/04/2023;1;0,115;R
ES0000000000003582CCPF;09/04/2023;2;0,14;R
ES0000000000003582CCPF;09/04/2023;3;0,159;R
ES0000000000003582CCPF;09/04/2023;4;0,092;R
ES0000000000003582CCPF;09/04/2023;5;0,115;R
ES0000000000003582CCPF;09/04/2023;6;0,163;R
ES0000000000003582CCPF;09/04/2023;7;0,183;R
ES0000000000003582CCPF;09/04/2023;8;0,133;R
ES0000000000003582CCPF;09/04/2023;9;0,119;R
ES0000000000003582CCPF;09/04/2023;10;0,182;R
ES0000000000003582CCPF;09/04/2023;11;0,111;R
ES0000000000003582CCPF;09/04/2023;12;0,115;R
ES0000000000003582CCPF;09/04/2023;13;0,139;R
ES0000000000003582CCPF;09/04/2023;14;0,162;R
ES0000000000003582CCPF;09/04/2023;15;0,092;R
ES0000000000003582CCPF;09/04/2023;16;0,115;R
ES0000000000003582CCPF;09/04/2023;17;0,181;R
ES0000000000003582CCPF;09/04/2023;18;0,12;R
ES0000000000003582CCPF;09/04/2023;19;0,11;R
ES0000000000003582CCPF;09/04/2023;20;0,132;R
ES0000000000003582CCPF;09/04/2023;21;0,173;R
ES0000000000003582CCPF;09/04/2023;22;0,092;R
ES0000000000003582CCPF;09/04/2023;23;0,112;R
ES0000000000003582CCPF;10/04/2023;0;0,157;R
ES0000000000003582CCPF;10/04/2023;1;0,14;R
ES0000000000003582CCPF;10/04/2023;2;0,09;R
ES0000000000003582CCPF;10/04/2023;3;0,117;R
ES0000000000003582CCPF;10/04/2023;4;0,18;R
ES0000000000003582CCPF;10/04/2023;5;0,112;R
ES0000000000003582CCPF;10/04/2023;6;0,113;R
ES0000000000003582CCPF;10/04/2023;7;0,119;R
ES0000000000003582CCPF;10/04/2023;8;0,177;R
ES0000000000003582CCPF;10/04/2023;9;0,09;R
ES0000000000003582CCPF;10/04/2023;10;0,112;R
ES0000000000003582CCPF;10/04/2023;11;0,349;R
ES0000000000003582CCPF;10/04/2023;12;0,463;R
ES0000000000003582CCPF;10/04/2023;13;0,579;R
ES0000000000003582CCPF;10/04/2023;14;0,875;R
ES0000000000003582CCPF;10/04/2023;15;0,456;R
ES0000000000003582CCPF;10/04/2023;16;0,286;R
ES0000000000003582CCPF;10/04/2023;17;0,486;R
ES0000000000003582CCPF;10/04/2023;18;0,36;R
ES0000000000003582CCPF;10/04/2023;19;0,28;R
ES0000000000003582CCPF;10/04/2023;20;0,299;R
ES0000000000003582CCPF;10/04/2023;21;0,553;R
ES0000000000003582CCPF;10/04/2023;22;1,321;R
ES0000000000003582CCPF;10/04/2023;23;0,548;R
ES0000000000003582CCPF;11/04/2023;0;0,431;R
ES0000000000003582CCPF;11/04/2023;1;0,211;R
ES0000000000003582CCPF;11/04/2023;2;0,23;R
ES0000000000003582CCPF;11/04/2023;3;0,175;R
ES0000000000003582CCPF;11/04/2023;4;0,152;R
ES0000000000003582CCPF;11/04/2023;5;0,114;R
ES0000000000003582CCPF;11/04/2023;6;0,18;R
ES0000000000003582CCPF;11/04/2023;7;0,15;R
ES0000000000003582CCPF;11/04/2023;8;0,281;R
ES0000000000003582CCPF;11/04/2023;9;0,311;R
ES0000000000003582CCPF;11/04/2023;10;0,408;R
ES0000000000003582CCPF;11/04/2023;11;0,311;R
ES0000000000003582CCPF;11/04/2023;12;0,376;R
ES0000000000003582CCPF;11/04/2023;13;0,3;R
ES0000000000003582CCPF;11/04/2023;14;0,608;R
ES0000000000003582CCPF;11/04/2023;15;0,408;R
ES0000000000003582CCPF;11/04/2023;16;0,382;R
ES0000000000003582CCPF;11/04/2023;17;0,313;R
ES0000000000003582CCPF;11/04/2023;18;0,312;R
ES0000000000003582CCPF;11/04/2023;19;0,359;R
ES0000000000003582CCPF;11/04/2023;20;0,396;R
ES0000000000003582CCPF;11/04/2023;21;0,601;R
ES0000000000003582CCPF;11/04/2023;22;0,587;R
ES0000000000003582CCPF;11/04/2023;23;0,474;R
ES0000000000003582CCPF;12/04/2023;0;0,333;R
ES0000000000003582CCPF;12/04/2023;1;0,216;R
ES0000000000003582CCPF;12/04/2023;2;0,201;R
ES0000000000003582CCPF;12/04/2023;3;0,216;R
ES0000000000003582CCPF;12/04/2023;4;0,112;R
ES0000000000003582CCPF;12/04/2023;5;0,098;R
ES0000000000003582CCPF;12/04/2023;6;0,187;R
ES0000000000003582CCPF;12/04/2023;7;0,188;R
ES0000000000003582CCPF;12/04/2023;8;0,233;R
ES0000000000003582CCPF;12/04/2023;9;0,373;R
ES0000000000003582CCPF;12/04/2023;10;0,328;R
ES0000000000003582CCPF;12/04/2023;11;1,05;R
ES0000000000003582CCPF;12/04/2023;12;1,599;R
ES0000000000003582CCPF;12/04/2023;13;0,535;R
ES0000000000003582CCPF;12/04/2023;14;0,358;R
ES0000000000003582CCPF;12/04/2023;15;0,25;R
ES0000000000003582CCPF;12/04/2023;16;0,257;R
ES0000000000003582CCPF;12/04/2023;17;0,24;R
ES0000000000003582CCPF;12/04/2023;18;0,321;R
ES0000000000003582CCPF;12/04/2023;19;0,326;R
ES0000000000003582CCPF;12/04/2023;20;0,289;R
ES0000000000003582CCPF;12/04/2023;21;0,401;R
ES0000000000003582CCPF;12/04/2023;22;0,942;R
ES0000000000003582CCPF;12/04/2023;23;0,508;R
ES0000000000003582CCPF;13/04/2023;0;0,522;R
ES0000000000003582CCPF;13/04/2023;1;0,214;R
ES0000000000003582CCPF;13/04/2023;2;0,152;R
ES0000000000003582CCPF;13/04/2023;3;0,098;R
ES0000000000003582CCPF;13/04/2023;4;0,156;R
ES0000000000003582CCPF;13/04/2023;5;0,113;R
ES0000000000003582CCPF;13/04/2023;6;0,113;R
ES0000000000003582CCPF;13/04/2023;7;0,199;R
ES0000000000003582CCPF;13/04/2023;8;0,708;R
ES0000000000003582CCPF;13/04/2023;9;0,294;R
ES0000000000003582CCPF;13/04/2023;10;0,146;R
ES0000000000003582CCPF;13/04/2023;11;0,313;R
ES0000000000003582CCPF;13/04/2023;12;0,215;R
ES0000000000003582CCPF;13/04/2023;13;0,17;R
ES0000000000003582CCPF;13/04/2023;14;0,251;R
ES0000000000003582CCPF;13/04/2023;15;0,373;R
ES0000000000003582CCPF;13/04/2023;16;0,302;R
ES0000000000003582CCPF;13/04/2023;17;0,26;R
ES0000000000003582CCPF;13/04/2023;18;0,306;R
ES0000000000003582CCPF;13/04/2023;19;0,366;R
ES0000000000003582CCPF;13/04/2023;20;0,232;R
ES0000000000003582CCPF;13/04/2023;21;0,239;R
ES0000000000003582CCPF;13/04/2023;22;0,798;R
ES0000000000003582CCPF;13/04/2023;23;0,625;R
ES0000000000003582CCPF;14/04/2023;0;0,637;R
ES0000000000003582CCPF;14/04/2023;1;0,248;R
ES0000000000003582CCPF;14/04/2023;2;0,108;R
ES0000000000003582CCPF;14/04/2023;3;0,157;R
ES0000000000003582CCPF;14/04/2023;4;0,097;R
ES0000000000003582CCPF;14/04/2023;5;0,16;R
ES0000000000003582CCPF;14/04/2023;6;0,187;R
ES0000000000003582CCPF;14/04/2023;7;0,221;R
ES0000000000003582CCPF;14/04/2023;8;0,347;R
ES0000000000003582CCPF;14/04/2023;9;0,417;R
ES0000000000003582CCPF;14/04/2023;10;0,349;R
ES0000000000003582CCPF;14/04/2023;11;0,431;R
ES0000000000003582CCPF;14/04/2023;12;0,871;R
ES0000000000003582CCPF;14/04/2023;13;0,498;R
ES0000000000003582CCPF;14/04/2023;14;0,536;R
ES0000000000003582CCPF;14/04/2023;15;0,656;R
ES0000000000003582CCPF;14/04/2023;16;0,392;R
ES0000000000003582CCPF;14/04/2023;17;0,429;R
ES0000000000003582CCPF;14/04/2023;18;0,148;R
ES0000000000003582CCPF;14/04/2023;19;0,108;R
ES0000000000003582CCPF;14/04/2023;20;0,128;R
ES0000000000003582CCPF;14/04/2023;21;0,129;R
ES0000000000003582CCPF;14/04/2023;22;0,286;R
ES0000000000003582CCPF;14/04/2023;23;0,501;R
ES0000000000003582CCPF;15/04/2023;0;0,534;R
ES0000000000003582CCPF;15/04/2023;1;0,324;R
ES0000000000003582CCPF;15/04/2023;2;0,139;R
ES0000000000003582CCPF;15/04/2023;3;0,095;R
ES0000000000003582CCPF;15/04/2023;4;0,118;R
ES0000000000003582CCPF;15/04/2023;5;0,127;R
ES0000000000003582CCPF;15/04/2023;6;0,101;R
ES0000000000003582CCPF;15/04/2023;7;0,186;R
ES0000000000003582CCPF;15/04/2023;8;0,184;R
ES0000000000003582CCPF;15/04/2023;9;0,127;R
ES0000000000003582CCPF;15/04/2023;10;0,192;R
ES0000000000003582CCPF;15/04/2023;11;0,181;R
ES0000000000003582CCPF;15/04/2023;12;0,162;R
ES0000000000003582CCPF;15/04/2023;13;0,14;R
ES0000000000003582CCPF;15/04/2023;14;0,197;R
ES0000000000003582CCPF;15/04/2023;15;0,211;R
ES0000000000003582CCPF;15/04/2023;16;0,157;R
ES0000000000003582CCPF;15/04/2023;17;0,089;R
ES0000000000003582CCPF;15/04/2023;18;0,148;R
ES0000000000003582CCPF;15/04/2023;19;0,09;R
ES0000000000003582CCPF;15/04/2023;20;0,111;R
ES0000000000003582CCPF;15/04/2023;21;0,26;R
ES0000000000003582CCPF;15/04/2023;22;0,467;R
ES0000000000003582CCPF;15/04/2023;23;0,752;R
ES0000000000003582CCPF;16/04/2023;0;0,457;R
ES0000000000003582CCPF;16/04/2023;1;0,301;R
ES0000000000003582CCPF;16/04/2023;2;0,189;R
ES0000000000003582CCPF;16/04/2023;3;0,136;R
ES0000000000003582CCPF;16/04/2023;4;0,112;R
ES0000000000003582CCPF;16/04/2023;5;0,092;R
ES0000000000003582CCPF;16/04/2023;6;0,142;R
ES0000000000003582CCPF;16/04/2023;7;0,184;R
ES0000000000003582CCPF;16/04/2023;8;0,18;R
ES0000000000003582CCPF;16/04/2023;9;0,289;R
ES0000000000003582CCPF;16/04/2023;10;0,674;R
ES0000000000003582CCPF;16/04/2023;11;1,215;R
ES0000000000003582CCPF;16/04/2023;12;0,493;R
ES0000000000003582CCPF;16/04/2023;13;0,195;R
ES0000000000003582CCPF;16/04/2023;14;0,26;R
ES0000000000003582CCPF;16/04/2023;15;0,269;R
ES0000000000003582CCPF;16/04/2023;16;0,194;R
ES0000000000003582CCPF;16/04/2023;17;0,122;R
ES0000000000003582CCPF;16/04/2023;18;0,099;R
ES0000000000003582CCPF;16/04/2023;19;0,166;R
ES0000000000003582CCPF;16/04/2023;20;0,14;R
ES0000000000003582CCPF;16/04/2023;21;0,244;R
ES0000000000003582CCPF;16/04/2023;22;1,006;R
ES0000000000003582CCPF;16/04/2023;23;0,566;R
ES0000000000003582CCPF;17/04/2023;0;0,303;R
ES0000000000003582CCPF;17/04/2023;1;0,11;R
ES0000000000003582CCPF;17/04/2023;2;0,161;R
ES0000000000003582CCPF;17/04/2023;3;0,081;R
ES0000000000003582CCPF;17/04/2023;4;0,163;R
ES0000000000003582CCPF;17/04/2023;5;0,197;R
ES0000000000003582CCPF;17/04/2023;6;0,171;R
ES0000000000003582CCPF;17/04/2023;7;0,114;R
ES0000000000003582CCPF;17/04/2023;8;0,208;R
ES0000000000003582CCPF;17/04/2023;9;0,246;R
ES0000000000003582CCPF;17/04/2023;10;0,306;R
ES0000000000003582CCPF;17/04/2023;11;0,566;R
ES0000000000003582CCPF;17/04/2023;12;0,862;R
ES0000000000003582CCPF;17/04/2023;13;0,753;R
ES0000000000003582CCPF;17/04/2023;14;1,107;R
ES0000000000003582CCPF;17/04/2023;15;0,422;R
ES0000000000003582CCPF;17/04/2023;16;0,376;R
ES0000000000003582CCPF;17/04/2023;17;0,394;R
ES0000000000003582CCPF;17/04/2023;18;0,353;R
ES0000000000003582CCPF;17/04/2023;19;0,341;R
ES0000000000003582CCPF;17/04/2023;20;0,202;R
ES0000000000003582CCPF;17/04/2023;21;0,626;R
ES0000000000003582CCPF;17/04/2023;22;1,51;R
ES0000000000003582CCPF;17/04/2023;23;0,638;R
ES0000000000003582CCPF;18/04/2023;0;0,427;R
ES0000000000003582CCPF;18/04/2023;1;0,238;R
ES0000000000003582CCPF;18/04/2023;2;0,191;R
ES0000000000003582CCPF;18/04/2023;3;0,137;R
ES0000000000003582CCPF;18/04/2023;4;0,102;R
ES0000000000003582CCPF;18/04/2023;5;0,101;R
ES0000000000003582CCPF;18/04/2023;6;0,147;R
ES0000000000003582CCPF;18/04/2023;7;0,099;R
ES0000000000003582CCPF;18/04/2023;8;0,401;R
ES0000000000003582CCPF;18/04/2023;9;0,527;R
ES0000000000003582CCPF;18/04/2023;10;0,431;R
ES0000000000003582CCPF;18/04/2023;11;0,466;R
ES0000000000003582CCPF;18/04/2023;12;0,397;R
ES0000000000003582CCPF;18/04/2023;13;0,29;R
ES0000000000003582CCPF;18/04/2023;14;0,344;R
ES0000000000003582CCPF;18/04/2023;15;0,308;R
ES0000000000003582CCPF;18/04/2023;16;0,237;R
ES0000000000003582CCPF;18/04/2023;17;0,271;R
ES0000000000003582CCPF;18/04/2023;18;0,345;R
ES0000000000003582CCPF;18/04/2023;19;0,254;R
ES0000000000003582CCPF;18/04/2023;20;0,208;R
ES0000000000003582CCPF;18/04/2023;21;0,719;R
ES0000000000003582CCPF;18/04/2023;22;0,865;R
ES0000000000003582CCPF;18/04/2023;23;0,829;R
ES0000000000003582CCPF;19/04/2023;0;0,733;R
ES0000000000003582CCPF;19/04/2023;1;0,202;R
ES0000000000003582CCPF;19/04/2023;2;0,143;R
ES0000000000003582CCPF;19/04/2023;3;0,097;R
ES0000000000003582CCPF;19/04/2023;4;0,125;R
ES0000000000003582CCPF;19/04/2023;5;0,119;R
ES0000000000003582CCPF;19/04/2023;6;0,184;R
ES0000000000003582CCPF;19/04/2023;7;0,184;R
ES0000000000003582CCPF;19/04/2023;8;0,279;R
ES0000000000003582CCPF;19/04/2023;9;0,465;R
ES0000000000003582CCPF;19/04/2023;10;0,337;R
ES0000000000003582CCPF;19/04/2023;11;0,458;R
ES0000000000003582CCPF;19/04/2023;12;0,974;R
ES0000000000003582CCPF;19/04/2023;13;0,681;R
ES0000000000003582CCPF;19/04/2023;14;0,726;R
ES0000000000003582CCPF;19/04/2023;15;0,646;R
ES0000000000003582CCPF;19/04/2023;16;0,365;R
ES0000000000003582CCPF;19/04/2023;17;0,177;R
ES0000000000003582CCPF;19/04/2023;18;0,314;R
ES0000000000003582CCPF;19/04/2023;19;0,434;R
ES0000000000003582CCPF;19/04/2023;20;0,31;R
ES0000000000003582CCPF;19/04/2023;21;0,172;R
ES0000000000003582CCPF;19/04/2023;22;0,11;R
ES0000000000003582CCPF;19/04/2023;23;0,325;R
ES0000000000003582CCPF;20/04/2023;0;0,612;R
ES0000000000003582CCPF;20/04/2023;1;0,251;R
ES0000000000003582CCPF;20/04/2023;2;0,182;R
ES0000000000003582CCPF;20/04/2023;3;0,093;R
ES0000000000003582CCPF;20/04/2023;4;0,101;R
ES0000000000003582CCPF;20/04/2023;5;0,141;R
ES0000000000003582CCPF;20/04/2023;6;0,185;R
ES0000000000003582CCPF;20/04/2023;7;0,163;R
ES0000000000003582CCPF;20/04/2023;8;0,266;R
ES0000000000003582CCPF;20/04/2023;9;0,37;R
ES0000000000003582CCPF;20/04/2023;10;0,217;R
ES0000000000003582CCPF;20/04/2023;11;0,179;R
ES0000000000003582CCPF;20/04/2023;12;0,155;R
ES0000000000003582CCPF;20/04/2023;13;0,09;R
ES0000000000003582CCPF;20/04/2023;14;0,096;R
ES0000000000003582CCPF;20/04/2023;15;0,162;R
ES0000000000003582CCPF;20/04/2023;16;0,222;R
ES0000000000003582CCPF;20/04/2023;17;0,217;R
ES0000000000003582CCPF;20/04/2023;18;0,13;R
ES0000000000003582CCPF;20/04/2023;19;0,128;R
ES0000000000003582CCPF;20/04/2023;20;0,161;R
ES0000000000003582CCPF;20/04/2023;21;0,165;R
ES0000000000003582CCPF;20/04/2023;22;0,18;R
ES0000000000003582CCPF;20/04/2023;23;0,101;R
ES0000000000003582CCPF;21/04/2023;0;0,367;R
ES0000000000003582CCPF;21/04/2023;1;0,149;R
ES0000000000003582CCPF;21/04/2023;2;0,159;R
ES0000000000003582CCPF;21/04/2023;3;0,183;R
ES0000000000003582CCPF;21/04/2023;4;0,124;R
ES0000000000003582CCPF;21/04/2023;5;0,091;R
ES0000000000003582CCPF;21/04/2023;6;0,108;R
ES0000000000003582CCPF;21/04/2023;7;0,341;R
ES0000000000003582CCPF;21/04/2023;8;0,42;R
ES0000000000003582CCPF;21/04/2023;9;0,269;R
ES0000000000003582CCPF;21/04/2023;10;0,333;R
ES0000000000003582CCPF;21/04/2023;11;0,216;R
ES0000000000003582CCPF;21/04/2023;12;0,974;R
ES0000000000003582CCPF;21/04/2023;13;0,983;R
ES0000000000003582CCPF;21/04/2023;14;0,463;R
ES0000000000003582CCPF;21/04/2023;15;0,362;R
ES0000000000003582CCPF;21/04/2023;16;0,366;R
ES0000000000003582CCPF;21/04/2023;17;0,2;R
ES0000000000003582CCPF;21/04/2023;18;0,19;R
ES0000000000003582CCPF;21/04/2023;19;0,186;R
ES0000000000003582CCPF;21/04/2023;20;0,238;R
ES0000000000003582CCPF;21/04/2023;21;0,595;R
ES0000000000003582CCPF;21/04/2023;22;0,903;R
ES0000000000003582CCPF;21/04/2023;23;0,525;R
ES0000000000003582CCPF;22/04/2023;0;0,292;R
ES0000000000003582CCPF;22/04/2023;1;0,172;R
ES0000000000003582CCPF;22/04/2023;2;0,183;R
ES0000000000003582CCPF;22/04/2023;3;0,182;R
ES0000000000003582CCPF;22/04/2023;4;0,097;R
ES0000000000003582CCPF;22/04/2023;5;0,096;R
ES0000000000003582CCPF;22/04/2023;6;0,179;R
ES0000000000003582CCPF;22/04/2023;7;0,177;R
ES0000000000003582CCPF;22/04/2023;8;0,095;R
ES0000000000003582CCPF;22/04/2023;9;0,096;R
ES0000000000003582CCPF;22/04/2023;10;0,285;R
ES0000000000003582CCPF;22/04/2023;11;0,247;R
ES0000000000003582CCPF;22/04/2023;12;0,282;R
ES0000000000003582CCPF;22/04/2023;13;0,214;R
ES0000000000003582CCPF;22/04/2023;14;0,201;R
ES0000000000003582CCPF;22/04/2023;15;0,234;R
ES0000000000003582CCPF;22/04/2023;16;0,109;R
ES0000000000003582CCPF;22/04/2023;17;0,101;R
ES0000000000003582CCPF;22/04/2023;18;0,181;R
ES0000000000003582CCPF;22/04/2023;19;0,216;R
ES0000000000003582CCPF;22/04/2023;20;0,181;R
ES0000000000003582CCPF;22/04/2023;21;0,101;R
ES0000000000003582CCPF;22/04/2023;22;0,125;R
ES0000000000003582CCPF;22/04/2023;23;0,193;R
ES0000000000003582CCPF;23/04/2023;0;0,133;R
ES0000000000003582CCPF;23/04/2023;1;0,102;R
ES0000000000003582CCPF;23/04/2023;2;0,161;R
ES0000000000003582CCPF;23/04/2023;3;0,187;R
ES0000000000003582CCPF;23/04/2023;4;0,101;R
ES0000000000003582CCPF;23/04/2023;5;0,105;R
ES0000000000003582CCPF;23/04/2023;6;0,191;R
ES0000000000003582CCPF;23/04/2023;7;0,156;R
ES0000000000003582CCPF;23/04/2023;8;0,101;R
ES0000000000003582CCPF;23/04/2023;9;0,133;R
ES0000000000003582CCPF;23/04/2023;10;0,192;R
ES0000000000003582CCPF;23/04/2023;11;0,132;R
ES0000000000003582CCPF;23/04/2023;12;0,101;R
ES0000000000003582CCPF;23/04/2023;13;0,157;R
ES0000000000003582CCPF;23/04/2023;14;0,191;R
ES0000000000003582CCPF;23/04/2023;15;0,109;R
ES0000000000003582CCPF;23/04/2023;16;0,102;R
ES0000000000003582CCPF;23/04/2023;17;0,184;R
ES0000000000003582CCPF;23/04/2023;18;0,183;R
ES0000000000003582CCPF;23/04/2023;19;0,101;R
ES0000000000003582CCPF;23/04/2023;20;0,108;R
ES0000000000003582CCPF;23/04/2023;21;0,271;R
ES0000000000003582CCPF;23/04/2023;22;0,732;R
ES0000000000003582CCPF;23/04/2023;23;0,863;R
ES0000000000003582CCPF;24/04/2023;0;0,883;R
ES0000000000003582CCPF;24/04/2023;1;0,214;R
ES0000000000003582CCPF;24/04/2023;2;0,193;R
ES0000000000003582CCPF;24/04/2023;3;0,186;R
ES0000000000003582CCPF;24/04/2023;4;0,099;R
ES0000000000003582CCPF;24/04/2023;5;0,102;R
ES0000000000003582CCPF;24/04/2023;6;0,15;R
ES0000000000003582CCPF;24/04/2023;7;0,101;R
ES0000000000003582CCPF;24/04/2023;8;0,276;R
ES0000000000003582CCPF;24/04/2023;9;0,282;R
ES0000000000003582CCPF;24/04/2023;10;0,459;R
ES0000000000003582CCPF;24/04/2023;11;0,562;R
ES0000000000003582CCPF;24/04/2023;12;0,594;R
ES0000000000003582CCPF;24/04/2023;13;0,785;R
ES0000000000003582CCPF;24/04/2023;14;1,644;R
ES0000000000003582CCPF;24/04/2023;15;0,979;R
ES0000000000003582CCPF;24/04/2023;16;0,604;R
ES0000000000003582CCPF;24/04/2023;17;0,386;R
ES0000000000003582CCPF;24/04/2023;18;0,383;R
ES0000000000003582CCPF;24/04/2023;19;0,33;R
ES0000000000003582CCPF;24/04/2023;20;0,183;R
ES0000000000003582CCPF;24/04/2023;21;0,235;R
ES0000000000003582CCPF;24/04/2023;22;0,671;R
ES0000000000003582CCPF;24/04/2023;23;0,439;R
ES0000000000003582CCPF;25/04/2023;0;0,202;R
ES0000000000003582CCPF;25/04/2023;1;0,133;R
ES0000000000003582CCPF;25/04/2023;2;0,188;R
ES0000000000003582CCPF;25/04/2023;3;0,134;R
ES0000000000003582CCPF;25/04/2023;4;0,099;R
ES0000000000003582CCPF;25/04/2023;5;0,155;R
ES0000000000003582CCPF;25/04/2023;6;0,173;R
ES0000000000003582CCPF;25/04/2023;7;0,098;R
ES0000000000003582CCPF;25/04/2023;8;0,294;R
ES0000000000003582CCPF;25/04/2023;9;0,436;R
ES0000000000003582CCPF;25/04/2023;10;0,283;R
ES0000000000003582CCPF;25/04/2023;11;0,373;R
ES0000000000003582CCPF;25/04/2023;12;0,434;R
ES0000000000003582CCPF;25/04/2023;13;0,356;R
ES0000000000003582CCPF;25/04/2023;14;0,304;R
ES0000000000003582CCPF;25/04/2023;15;0,482;R
ES0000000000003582CCPF;25/04/2023;16;0,41;R
ES0000000000003582CCPF;25/04/2023;17;0,36;R
ES0000000000003582CCPF;25/04/2023;18;0,475;R
ES0000000000003582CCPF;25/04/2023;19;0,679;R
ES0000000000003582CCPF;25/04/2023;20;0,23;R
ES0000000000003582CCPF;25/04/2023;21;0,255;R
ES0000000000003582CCPF;25/04/2023;22;0,473;R
ES0000000000003582CCPF;25/04/2023;23;0,843;R
ES0000000000003582CCPF;26/04/2023;0;1,087;R
ES0000000000003582CCPF;26/04/2023;1;1,012;R
ES0000000000003582CCPF;26/04/2023;2;0,192;R
ES0000000000003582CCPF;26/04/2023;3;0,216;R
ES0000000000003582CCPF;26/04/2023;4;0,184;R
ES0000000000003582CCPF;26/04/2023;5;0,099;R
ES0000000000003582CCPF;26/04/2023;6;0,126;R
ES0000000000003582CCPF;26/04/2023;7;0,19;R
ES0000000000003582CCPF;26/04/2023;8;0,349;R
ES0000000000003582CCPF;26/04/2023;9;0,652;R
ES0000000000003582CCPF;26/04/2023;10;0,784;R
ES0000000000003582CCPF;26/04/2023;11;0,532;R
ES0000000000003582CCPF;26/04/2023;12;0,882;R
ES0000000000003582CCPF;26/04/2023;13;0,519;R
ES0000000000003582CCPF;26/04/2023;14;0,771;R
ES0000000000003582CCPF;26/04/2023;15;0,546;R
ES0000000000003582CCPF;26/04/2023;16;0,179;R
ES0000000000003582CCPF;26/04/2023;17;0,142;R
ES0000000000003582CCPF;26/04/2023;18;0,217;R
ES0000000000003582CCPF;26/04/2023;19;0,207;R
ES0000000000003582CCPF;26/04/2023;20;0,189;R
ES0000000000003582CCPF;26/04/2023;21;0,147;R
ES0000000000003582CCPF;26/04/2023;22;0,489;R
ES0000000000003582CCPF;26/04/2023;23;0,597;R
ES0000000000003582CCPF;27/04/2023;0;0,74;R
ES0000000000003582CCPF;27/04/2023;1;0,44;R
ES0000000000003582CCPF;27/04/2023;2;0,216;R
ES0000000000003582CCPF;27/04/2023;3;0,195;R
ES0000000000003582CCPF;27/04/2023;4;0,12;R
ES0000000000003582CCPF;27/04/2023;5;0,104;R
ES0000000000003582CCPF;27/04/2023;6;0,159;R
ES0000000000003582CCPF;27/04/2023;7;0,106;R
ES0000000000003582CCPF;27/04/2023;8;0,464;R
ES0000000000003582CCPF;27/04/2023;9;0,236;R
ES0000000000003582CCPF;27/04/2023;10;0,434;R
ES0000000000003582CCPF;27/04/2023;11;0,137;R
ES0000000000003582CCPF;27/04/2023;12;0,107;R
ES0000000000003582CCPF;27/04/2023;13;0,206;R
ES0000000000003582CCPF;27/04/2023;14;0,179;R
ES0000000000003582CCPF;27/04/2023;15;0,18;R
ES0000000000003582CCPF;27/04/2023;16;0,18;R
ES0000000000003582CCPF;27/04/2023;17;0,161;R
ES0000000000003582CCPF;27/04/2023;18;0,127;R
ES0000000000003582CCPF;27/04/2023;19;0,183;R
ES0000000000003582CCPF;27/04/2023;20;0,154;R
ES0000000000003582CCPF;27/04/2023;21;0,479;R
ES0000000000003582CCPF;27/04/2023;22;0,651;R
ES0000000000003582CCPF;27/04/2023;23;0,872;R
ES0000000000003582CCPF;28/04/2023;0;0,611;R
ES0000000000003582CCPF;28/04/2023;1;0,244;R
ES0000000000003582CCPF;28/04/2023;2;0,139;R
ES0000000000003582CCPF;28/04/2023;3;0,201;R
ES0000000000003582CCPF;28/04/2023;4;0,198;R
ES0000000000003582CCPF;28/04/2023;5;0,122;R
ES0000000000003582CCPF;28/04/2023;6;0,131;R
ES0000000000003582CCPF;28/04/2023;7;0,249;R
ES0000000000003582CCPF;28/04/2023;8;0,266;R
ES0000000000003582CCPF;28/04/2023;9;0,389;R
ES0000000000003582CCPF;28/04/2023;10;0,227;R
ES0000000000003582CCPF;28/04/2023;11;0,403;R
ES0000000000003582CCPF;28/04/2023;12;0,731;R
ES0000000000003582CCPF;28/04/2023;13;0,527;R
ES0000000000003582CCPF;28/04/2023;14;0,539;R
ES0000000000003582CCPF;28/04/2023;15;0,264;R
ES0000000000003582CCPF;28/04/2023;16;0,449;R
ES0000000000003582CCPF;28/04/2023;17;0,181;R
ES0000000000003582CCPF;28/04/2023;18;0,179;R
ES0000000000003582CCPF;28/04/2023;19;0,097;R
ES0000000000003582CCPF;28/04/2023;20;0,165;R
ES0000000000003582CCPF;28/04/2023;21;0,347;R
ES0000000000003582CCPF;28/04/2023;22;0,588;R
ES0000000000003582CCPF;28/04/2023;23;0,506;R
ES0000000000003582CCPF;29/04/2023;0;0,362;R
ES0000000000003582CCPF;29/04/2023;1;0,249;R
ES0000000000003582CCPF;29/04/2023;2;0,131;R
ES0000000000003582CCPF;29/04/2023;3;0,144;R
ES0000000000003582CCPF;29/04/2023;4;0,196;R
ES0000000000003582CCPF;29/04/2023;5;0,171;R
ES0000000000003582CCPF;29/04/2023;6;0,107;R
ES0000000000003582CCPF;29/04/2023;7;0,138;R
ES0000000000003582CCPF;29/04/2023;8;0,196;R
ES0000000000003582CCPF;29/04/2023;9;0,178;R
ES0000000000003582CCPF;29/04/2023;10;0,325;R
ES0000000000003582CCPF;29/04/2023;11;0,643;R
ES0000000000003582CCPF;29/04/2023;12;0,861;R
ES0000000000003582CCPF;29/04/2023;13;0,284;R
ES0000000000003582CCPF;29/04/2023;14;0,21;R
ES0000000000003582CCPF;29/04/2023;15;0,215;R
ES0000000000003582CCPF;29/04/2023;16;0,178;R
ES0000000000003582CCPF;29/04/2023;17;0,087;R
ES0000000000003582CCPF;29/04/2023;18;0,138;R
ES0000000000003582CCPF;29/04/2023;19;0,173;R
ES0000000000003582CCPF;29/04/2023;20;0,152;R
ES0000000000003582CCPF;29/04/2023;21;0,087;R
ES0000000000003582CCPF;29/04/2023;22;0,138;R
ES0000000000003582CCPF;29/04/2023;23;0,178;R
ES0000000000003582CCPF;30/04/2023;0;0,134;R
ES0000000000003582CCPF;30/04/2023;1;0,088;R
ES0000000000003582CCPF;30/04/2023;2;0,145;R
ES0000000000003582CCPF;30/04/2023;3;0,178;R
ES0000000000003582CCPF;30/04/2023;4;0,121;R
ES0000000000003582CCPF;30/04/2023;5;0,088;R
ES0000000000003582CCPF;30/04/2023;6;0,161;R
ES0000000000003582CCPF;30/04/2023;7;0,178;R
ES0000000000003582CCPF;30/04/2023;8;0,099;R
ES0000000000003582CCPF;30/04/2023;9;0,087;R
ES0000000000003582CCPF;30/04/2023;10;0,178;R
ES0000000000003582CCPF;30/04/2023;11;0,156;R
ES0000000000003582CCPF;30/04/2023;12;0,088;R
ES0000000000003582CCPF;30/04/2023;13;0,135;R
ES0000000000003582CCPF;30/04/2023;14;0,178;R
ES0000000000003582CCPF;30/04/2023;15;0,118;R
ES0000000000003582CCPF;30/04/2023;16;0,088;R
ES0000000000003582CCPF;30/04/2023;17;0,169;R
ES0000000000003582CCPF;30/04/2023;18;0,204;R
ES0000000000003582CCPF;30/04/2023;19;0,184;R
ES0000000000003582CCPF;30/04/2023;20;0,109;R
ES0000000000003582CCPF;30/04/2023;21;0,108;R
ES0000000000003582CCPF;30/04/2023;22;0,178;R
ES0000000000003582CCPF;30/04/2023;23;0,142;R
ES0000000000003582CCPF;01/05/2023;0;0,089;R
ES0000000000003582CCPF;01/05/2023;1;0,142;R
ES0000000000003582CCPF;01/05/2023;2;0,178;R
ES0000000000003582CCPF;01/05/2023;3;0,096;R
ES0000000000003582CCPF;01/05/2023;4;0,099;R
ES0000000000003582CCPF;01/05/2023;5;0,178;R
ES0000000000003582CCPF;01/05/2023;6;0,137;R
ES0000000000003582CCPF;01/05/2023;7;0,088;R
ES0000000000003582CCPF;01/05/2023;8;0,145;R
ES0000000000003582CCPF;01/05/2023;9;0,177;R
ES0000000000003582CCPF;01/05/2023;10;0,093;R
ES0000000000003582CCPF;01/05/2023;11;0,098;R
ES0000000000003582CCPF;01/05/2023;12;0,176;R
ES0000000000003582CCPF;01/05/2023;13;0,152;R
ES0000000000003582CCPF;01/05/2023;14;0,087;R
ES0000000000003582CCPF;01/05/2023;15;0,121;R
ES0000000000003582CCPF;01/05/2023;16;0,178;R
ES0000000000003582CCPF;01/05/2023;17;0,131;R
ES0000000000003582CCPF;01/05/2023;18;0,088;R
ES0000000000003582CCPF;01/05/2023;19;0,142;R
ES0000000000003582CCPF;01/05/2023;20;0,207;R
ES0000000000003582CCPF;01/05/2023;21;0,179;R
ES0000000000003582CCPF;01/05/2023;22;0,119;R
ES0000000000003582CCPF;01/05/2023;23;0,088;R
ES0000000000003582CCPF;02/05/2023;0;0,176;R
ES0000000000003582CCPF;02/05/2023;1;0,167;R
ES0000000000003582CCPF;02/05/2023;2;0,088;R
ES0000000000003582CCPF;02/05/2023;3;0,114;R
ES0000000000003582CCPF;02/05/2023;4;0,169;R
ES0000000000003582CCPF;02/05/2023;5;0,158;R
ES0000000000003582CCPF;02/05/2023;6;0,088;R
ES0000000000003582CCPF;02/05/2023;7;0,098;R
ES0000000000003582CCPF;02/05/2023;8;0,177;R
ES0000000000003582CCPF;02/05/2023;9;0,145;R
ES0000000000003582CCPF;02/05/2023;10;0,087;R
ES0000000000003582CCPF;02/05/2023;11;0,127;R
ES0000000000003582CCPF;02/05/2023;12;0,176;R
ES0000000000003582CCPF;02/05/2023;13;0,129;R
ES0000000000003582CCPF;02/05/2023;14;0,088;R
ES0000000000003582CCPF;02/05/2023;15;0,129;R
ES0000000000003582CCPF;02/05/2023;16;0,178;R
ES0000000000003582CCPF;02/05/2023;17;0,111;R
ES0000000000003582CCPF;02/05/2023;18;0,09;R
ES0000000000003582CCPF;02/05/2023;19;0,167;R
ES0000000000003582CCPF;02/05/2023;20;0,422;R
ES0000000000003582CCPF;02/05/2023;21;0,76;R
ES0000000000003582CCPF;02/05/2023;22;1,176;R
ES0000000000003582CCPF;02/05/2023;23;0,671;R
ES0000000000003582CCPF;03/05/2023;0;0,598;R
ES0000000000003582CCPF;03/05/2023;1;0,418;R
ES0000000000003582CCPF;03/05/2023;2;0,267;R
ES0000000000003582CCPF;03/05/2023;3;0,196;R
ES0000000000003582CCPF;03/05/2023;4;0,114;R
ES0000000000003582CCPF;03/05/2023;5;0,139;R
ES0000000000003582CCPF;03/05/2023;6;0,195;R
ES0000000000003582CCPF;03/05/2023;7;0,167;R
ES0000000000003582CCPF;03/05/2023;8;0,217;R
ES0000000000003582CCPF;03/05/2023;9;0,451;R
ES0000000000003582CCPF;03/05/2023;10;0,389;R
ES0000000000003582CCPF;03/05/2023;11;0,489;R
ES0000000000003582CCPF;03/05/2023;12;0,68;R
ES0000000000003582CCPF;03/05/2023;13;0,76;R
ES0000000000003582CCPF;03/05/2023;14;0,702;R
ES0000000000003582CCPF;03/05/2023;15;0,469;R
ES0000000000003582CCPF;03/05/2023;16;0,36;R
ES0000000000003582CCPF;03/05/2023;17;0,293;R
ES0000000000003582CCPF;03/05/2023;18;0,33;R
ES0000000000003582CCPF;03/05/2023;19;0,487;R
ES0000000000003582CCPF;03/05/2023;20;0,225;R
ES0000000000003582CCPF;03/05/2023;21;0,256;R
ES0000000000003582CCPF;03/05/2023;22;1,393;R
ES0000000000003582CCPF;03/05/2023;23;0,532;R
ES0000000000003582CCPF;04/05/2023;0;0,572;R
ES0000000000003582CCPF;04/05/2023;1;0,231;R
ES0000000000003582CCPF;04/05/2023;2;0,217;R
ES0000000000003582CCPF;04/05/2023;3;0,126;R
ES0000000000003582CCPF;04/05/2023;4;0,123;R
ES0000000000003582CCPF;04/05/2023;5;0,184;R
ES0000000000003582CCPF;04/05/2023;6;0,198;R
ES0000000000003582CCPF;04/05/2023;7;0,126;R
ES0000000000003582CCPF;04/05/2023;8;0,225;R
ES0000000000003582CCPF;04/05/2023;9;0,347;R
ES0000000000003582CCPF;04/05/2023;10;0,363;R
ES0000000000003582CCPF;04/05/2023;11;0,455;R
ES0000000000003582CCPF;04/05/2023;12;0,412;R
ES0000000000003582CCPF;04/05/2023;13;0,278;R
ES0000000000003582CCPF;04/05/2023;14;1,162;R
ES0000000000003582CCPF;04/05/2023;15;0,747;R
ES0000000000003582CCPF;04/05/2023;16;0,409;R
ES0000000000003582CCPF;04/05/2023;17;0,361;R
ES0000000000003582CCPF;04/05/2023;18;0,312;R
ES0000000000003582CCPF;04/05/2023;19;0,214;R
ES0000000000003582CCPF;04/05/2023;20;0,352;R
ES0000000000003582CCPF;04/05/2023;21;0,288;R
ES0000000000003582CCPF;04/05/2023;22;0,328;R
ES0000000000003582CCPF;04/05/2023;23;0,356;R
ES0000000000003582CCPF;05/05/2023;0;0,429;R
ES0000000000003582CCPF;05/05/2023;1;0,196;R
ES0000000000003582CCPF;05/05/2023;2;0,206;R
ES0000000000003582CCPF;05/05/2023;3;0,109;R
ES0000000000003582CCPF;05/05/2023;4;0,13;R
ES0000000000003582CCPF;05/05/2023;5;0,186;R
ES0000000000003582CCPF;05/05/2023;6;0,102;R
ES0000000000003582CCPF;05/05/2023;7;0,229;R
ES0000000000003582CCPF;05/05/2023;8;0,365;R
ES0000000000003582CCPF;05/05/2023;9;0,423;R
ES0000000000003582CCPF;05/05/2023;10;0,407;R
ES0000000000003582CCPF;05/05/2023;11;0,899;R
ES0000000000003582CCPF;05/05/2023;12;1,341;R
ES0000000000003582CCPF;05/05/2023;13;0,852;R
ES0000000000003582CCPF;05/05/2023;14;0,498;R
ES0000000000003582CCPF;05/05/2023;15;0,722;R
ES0000000000003582CCPF;05/05/2023;16;0,452;R
ES0000000000003582CCPF;05/05/2023;17;0,334;R
ES0000000000003582CCPF;05/05/2023;18;0,21;R
ES0000000000003582CCPF;05/05/2023;19;0,194;R
ES0000000000003582CCPF;05/05/2023;20;0,192;R
ES0000000000003582CCPF;05/05/2023;21;0,188;R
ES0000000000003582CCPF;05/05/2023;22;0,313;R
ES0000000000003582CCPF;05/05/2023;23;0,345;R
ES0000000000003582CCPF;06/05/2023;0;0,487;R
ES0000000000003582CCPF;06/05/2023;1;0,194;R
ES0000000000003582CCPF;06/05/2023;2;0,106;R
ES0000000000003582CCPF;06/05/2023;3;0,104;R
ES0000000000003582CCPF;06/05/2023;4;0,151;R
ES0000000000003582CCPF;06/05/2023;5;0,166;R
ES0000000000003582CCPF;06/05/2023;6;0,186;R
ES0000000000003582CCPF;06/05/2023;7;0,166;R
ES0000000000003582CCPF;06/05/2023;8;0,128;R
ES0000000000003582CCPF;06/05/2023;9;0,384;R
ES0000000000003582CCPF;06/05/2023;10;0,168;R
ES0000000000003582CCPF;06/05/2023;11;0,3;R
ES0000000000003582CCPF;06/05/2023;12;0,368;R
ES0000000000003582CCPF;06/05/2023;13;0,139;R
ES0000000000003582CCPF;06/05/2023;14;0,096;R
ES0000000000003582CCPF;06/05/2023;15;0,905;R
ES0000000000003582CCPF;06/05/2023;16;0,333;R
ES0000000000003582CCPF;06/05/2023;17;0,253;R
ES0000000000003582CCPF;06/05/2023;18;0,321;R
ES0000000000003582CCPF;06/05/2023;19;0,213;R
ES0000000000003582CCPF;06/05/2023;20;0,146;R
ES0000000000003582CCPF;06/05/2023;21;0,264;R
ES0000000000003582CCPF;06/05/2023;22;0,381;R
ES0000000000003582CCPF;06/05/2023;23;0,58;R
ES0000000000003582CCPF;07/05/2023;0;0,652;R
ES0000000000003582CCPF;07/05/2023;1;0,409;R
ES0000000000003582CCPF;07/05/2023;2;0,239;R
ES0000000000003582CCPF;07/05/2023;3;0,212;R
ES0000000000003582CCPF;07/05/2023;4;0,266;R
ES0000000000003582CCPF;07/05/2023;5;0,184;R
ES0000000000003582CCPF;07/05/2023;6;0,259;R
ES0000000000003582CCPF;07/05/2023;7;0,228;R
ES0000000000003582CCPF;07/05/2023;8;0,164;R
ES0000000000003582CCPF;07/05/2023;9;0,207;R
ES0000000000003582CCPF;07/05/2023;10;0,441;R
ES0000000000003582CCPF;07/05/2023;11;0,48;R
ES0000000000003582CCPF;07/05/2023;12;0,165;R
ES0000000000003582CCPF;07/05/2023;13;0,119;R
ES0000000000003582CCPF;07/05/2023;14;0,206;R
ES0000000000003582CCPF;07/05/2023;15;0,184;R
ES0000000000003582CCPF;07/05/2023;16;0,154;R
ES0000000000003582CCPF;07/05/2023;17;0,09;R
ES0000000000003582CCPF;07/05/2023;18;0,152;R
ES0000000000003582CCPF;07/05/2023;19;0,181;R
ES0000000000003582CCPF;07/05/2023;20;0,15;R
ES0000000000003582CCPF;07/05/2023;21;0,09;R
ES0000000000003582CCPF;07/05/2023;22;0,137;R
ES0000000000003582CCPF;07/05/2023;23;0,174;R
ES0000000000003582CCPF;08/05/2023;0;0,166;R
ES0000000000003582CCPF;08/05/2023;1;0,09;R
ES0000000000003582CCPF;08/05/2023;2;0,105;R
ES0000000000003582CCPF;08/05/2023;3;0,18;R
ES0000000000003582CCPF;08/05/2023;4;0,179;R
ES0000000000003582CCPF;08/05/2023;5;0,091;R
ES0000000000003582CCPF;08/05/2023;6;0,093;R
ES0000000000003582CCPF;08/05/2023;7;0,178;R
ES0000000000003582CCPF;08/05/2023;8;0,179;R
ES0000000000003582CCPF;08/05/2023;9;0,106;R
ES0000000000003582CCPF;08/05/2023;10;0,091;R
ES0000000000003582CCPF;08/05/2023;11;0,599;R
ES0000000000003582CCPF;08/05/2023;12;1,155;R
ES0000000000003582CCPF;08/05/2023;13;0,68;R
ES0000000000003582CCPF;08/05/2023;14;0,489;R
ES0000000000003582CCPF;08/05/2023;15;0,188;R
ES0000000000003582CCPF;08/05/2023;16;0,206;R
ES0000000000003582CCPF;08/05/2023;17;0,185;R
ES0000000000003582CCPF;08/05/2023;18;0,177;R
ES0000000000003582CCPF;08/05/2023;19;0,09;R
ES0000000000003582CCPF;08/05/2023;20;0,125;R
ES0000000000003582CCPF;08/05/2023;21;0,173;R
ES0000000000003582CCPF;08/05/2023;22;0,178;R
ES0000000000003582CCPF;08/05/2023;23;0,091;R
ES0000000000003582CCPF;09/05/2023;0;0,103;R
ES0000000000003582CCPF;09/05/2023;1;0,171;R
ES0000000000003582CCPF;09/05/2023;2;0,181;R
ES0000000000003582CCPF;09/05/2023;3;0,113;R
ES0000000000003582CCPF;09/05/2023;4;0,09;R
ES0000000000003582CCPF;09/05/2023;5;0,155;R
ES0000000000003582CCPF;09/05/2023;6;0,179;R
ES0000000000003582CCPF;09/05/2023;7;0,139;R
ES0000000000003582CCPF;09/05/2023;8;0,091;R
ES0000000000003582CCPF;09/05/2023;9;0,124;R
ES0000000000003582CCPF;09/05/2023;10;0,18;R
ES0000000000003582CCPF;09/05/2023;11;0,169;R
ES0000000000003582CCPF;09/05/2023;12;0,091;R
ES0000000000003582CCPF;09/05/2023;13;0,099;R
ES0000000000003582CCPF;09/05/2023;14;0,178;R
ES0000000000003582CCPF;09/05/2023;15;0,18;R
ES0000000000003582CCPF;09/05/2023;16;0,112;R
ES0000000000003582CCPF;09/05/2023;17;0,091;R
ES0000000000003582CCPF;09/05/2023;18;0,187;R
ES0000000000003582CCPF;09/05/2023;19;0,186;R
ES0000000000003582CCPF;09/05/2023;20;0,181;R
ES0000000000003582CCPF;09/05/2023;21;0,117;R
ES0000000000003582CCPF;09/05/2023;22;0,104;R
ES0000000000003582CCPF;09/05/2023;23;0,17;R
ES0000000000003582CCPF;10/05/2023;0;0,181;R
ES0000000000003582CCPF;10/05/2023;1;0,117;R
ES0000000000003582CCPF;10/05/2023;2;0,093;R
ES0000000000003582CCPF;10/05/2023;3;0,158;R
ES0000000000003582CCPF;10/05/2023;4;0,177;R
ES0000000000003582CCPF;10/05/2023;5;0,132;R
ES0000000000003582CCPF;10/05/2023;6;0,086;R
ES0000000000003582CCPF;10/05/2023;7;0,132;R
ES0000000000003582CCPF;10/05/2023;8;0,169;R
ES0000000000003582CCPF;10/05/2023;9;0,162;R
ES0000000000003582CCPF;10/05/2023;10;0,086;R
ES0000000000003582CCPF;10/05/2023;11;0,216;R
ES0000000000003582CCPF;10/05/2023;12;0,436;R
ES0000000000003582CCPF;10/05/2023;13;0,672;R
ES0000000000003582CCPF;10/05/2023;14;0,303;R
ES0000000000003582CCPF;10/05/2023;15;0,086;R
ES0000000000003582CCPF;10/05/2023;16;0,148;R
ES0000000000003582CCPF;10/05/2023;17;0,203;R
ES0000000000003582CCPF;10/05/2023;18;0,179;R
ES0000000000003582CCPF;10/05/2023;19;0,125;R
ES0000000000003582CCPF;10/05/2023;20;0,087;R
ES0000000000003582CCPF;10/05/2023;21;0,163;R
ES0000000000003582CCPF;10/05/2023;22;0,176;R
ES0000000000003582CCPF;10/05/2023;23;0,145;R
ES0000000000003582CCPF;11/05/2023;0;0,617;R
ES0000000000003582CCPF;11/05/2023;1;0,293;R
ES0000000000003582CCPF;11/05/2023;2;0,213;R
ES0000000000003582CCPF;11/05/2023;3;0,122;R
ES0000000000003582CCPF;11/05/2023;4;0,087;R
ES0000000000003582CCPF;11/05/2023;5;0,134;R
ES0000000000003582CCPF;11/05/2023;6;0,17;R
ES0000000000003582CCPF;11/05/2023;7;0,161;R
ES0000000000003582CCPF;11/05/2023;8;0,393;R
ES0000000000003582CCPF;11/05/2023;9;0,402;R
ES0000000000003582CCPF;11/05/2023;10;0,292;R
ES0000000000003582CCPF;11/05/2023;11;0,261;R
ES0000000000003582CCPF;11/05/2023;12;0,126;R
ES0000000000003582CCPF;11/05/2023;13;0,086;R
ES0000000000003582CCPF;11/05/2023;14;0,132;R
ES0000000000003582CCPF;11/05/2023;15;0,157;R
ES0000000000003582CCPF;11/05/2023;16;0,175;R
ES0000000000003582CCPF;11/05/2023;17;0,176;R
ES0000000000003582CCPF;11/05/2023;18;0,115;R
ES0000000000003582CCPF;11/05/2023;19;0,167;R
ES0000000000003582CCPF;11/05/2023;20;0,177;R
ES0000000000003582CCPF;11/05/2023;21;0,12;R
ES0000000000003582CCPF;11/05/2023;22;0,086;R
ES0000000000003582CCPF;11/05/2023;23;0,133;R
ES0000000000003582CCPF;12/05/2023;0;0,164;R
ES0000000000003582CCPF;12/05/2023;1;0,164;R
ES0000000000003582CCPF;12/05/2023;2;0,086;R
ES0000000000003582CCPF;12/05/2023;3;0,097;R
ES0000000000003582CCPF;12/05/2023;4;0,152;R
ES0000000000003582CCPF;12/05/2023;5;0,176;R
ES0000000000003582CCPF;12/05/2023;6;0,119;R
ES0000000000003582CCPF;12/05/2023;7;0,086;R
ES0000000000003582CCPF;12/05/2023;8;0,134;R
ES0000000000003582CCPF;12/05/2023;9;0,151;R
ES0000000000003582CCPF;12/05/2023;10;0,171;R
ES0000000000003582CCPF;12/05/2023;11;0,579;R
ES0000000000003582CCPF;12/05/2023;12;0,428;R
ES0000000000003582CCPF;12/05/2023;13;0,344;R
ES0000000000003582CCPF;12/05/2023;14;0,485;R
ES0000000000003582CCPF;12/05/2023;15;0,389;R
ES0000000000003582CCPF;12/05/2023;16;0,422;R
ES0000000000003582CCPF;12/05/2023;17;0,32;R
ES0000000000003582CCPF;12/05/2023;18;0,276;R
ES0000000000003582CCPF;12/05/2023;19;0,257;R
ES0000000000003582CCPF;12/05/2023;20;0,352;R
ES0000000000003582CCPF;12/05/2023;21;0,369;R
ES0000000000003582CCPF;12/05/2023;22;0,665;R
ES0000000000003582CCPF;12/05/2023;23;1,06;R
ES0000000000003582CCPF;13/05/2023;0;0,558;R
ES0000000000003582CCPF;13/05/2023;1;0,191;R
ES0000000000003582CCPF;13/05/2023;2;0,14;R
ES0000000000003582CCPF;13/05/2023;3;0,151;R
ES0000000000003582CCPF;13/05/2023;4;0,168;R
ES0000000000003582CCPF;13/05/2023;5;0,08;R
ES0000000000003582CCPF;13/05/2023;6;0,096;R
ES0000000000003582CCPF;13/05/2023;7;0,125;R
ES0000000000003582CCPF;13/05/2023;8;0,17;R
ES0000000000003582CCPF;13/05/2023;9;0,216;R
ES0000000000003582CCPF;13/05/2023;10;0,145;R
ES0000000000003582CCPF;13/05/2023;11;0,123;R
ES0000000000003582CCPF;13/05/2023;12;0,41;R
ES0000000000003582CCPF;13/05/2023;13;0,208;R
ES0000000000003582CCPF;13/05/2023;14;0,188;R
ES0000000000003582CCPF;13/05/2023;15;0,18;R
ES0000000000003582CCPF;13/05/2023;16;0,231;R
ES0000000000003582CCPF;13/05/2023;17;0,187;R
ES0000000000003582CCPF;13/05/2023;18;0,211;R
ES0000000000003582CCPF;13/05/2023;19;0,188;R
ES0000000000003582CCPF;13/05/2023;20;0,309;R
ES0000000000003582CCPF;13/05/2023;21;0,182;R
ES0000000000003582CCPF;13/05/2023;22;0,153;R
ES0000000000003582CCPF;13/05/2023;23;0,133;R
ES0000000000003582CCPF;14/05/2023;0;0,217;R
ES0000000000003582CCPF;14/05/2023;1;0,236;R
ES0000000000003582CCPF;14/05/2023;2;0,176;R
ES0000000000003582CCPF;14/05/2023;3;0,172;R
ES0000000000003582CCPF;14/05/2023;4;0,124;R
ES0000000000003582CCPF;14/05/2023;5;0,083;R
ES0000000000003582CCPF;14/05/2023;6;0,12;R
ES0000000000003582CCPF;14/05/2023;7;0,093;R
ES0000000000003582CCPF;14/05/2023;8;0,082;R
ES0000000000003582CCPF;14/05/2023;9;0,161;R
ES0000000000003582CCPF;14/05/2023;10;0,298;R
ES0000000000003582CCPF;14/05/2023;11;0,41;R
ES0000000000003582CCPF;14/05/2023;12;0,555;R
ES0000000000003582CCPF;14/05/2023;13;0,21;R
ES0000000000003582CCPF;14/05/2023;14;1,082;R
ES0000000000003582CCPF;14/05/2023;15;0,513;R
ES0000000000003582CCPF;14/05/2023;16;0,792;R
ES0000000000003582CCPF;14/05/2023;17;1,127;R
ES0000000000003582CCPF;14/05/2023;18;0,308;R
ES0000000000003582CCPF;14/05/2023;19;0,308;R
ES0000000000003582CCPF;14/05/2023;20;0,174;R
ES0000000000003582CCPF;14/05/2023;21;0,118;R
ES0000000000003582CCPF;14/05/2023;22;0,419;R
ES0000000000003582CCPF;14/05/2023;23;0,932;R
ES0000000000003582CCPF;15/05/2023;0;0,669;R
ES0000000000003582CCPF;15/05/2023;1;0,444;R
ES0000000000003582CCPF;15/05/2023;2;0,229;R
ES0000000000003582CCPF;15/05/2023;3;0,103;R
ES0000000000003582CCPF;15/05/2023;4;0,081;R
ES0000000000003582CCPF;15/05/2023;5;0,109;R
ES0000000000003582CCPF;15/05/2023;6;0,102;R
ES0000000000003582CCPF;15/05/2023;7;0,083;R
ES0000000000003582CCPF;15/05/2023;8;0,129;R
ES0000000000003582CCPF;15/05/2023;9;0,17;R
ES0000000000003582CCPF;15/05/2023;10;0,315;R
ES0000000000003582CCPF;15/05/2023;11;0,235;R
ES0000000000003582CCPF;15/05/2023;12;0,336;R
ES0000000000003582CCPF;15/05/2023;13;0,122;R
ES0000000000003582CCPF;15/05/2023;14;0,24;R
ES0000000000003582CCPF;15/05/2023;15;0,122;R
ES0000000000003582CCPF;15/05/2023;16;0,138;R
ES0000000000003582CCPF;15/05/2023;17;0,182;R
ES0000000000003582CCPF;15/05/2023;18;0,178;R
ES0000000000003582CCPF;15/05/2023;19;0,157;R
ES0000000000003582CCPF;15/05/2023;20;0,214;R
ES0000000000003582CCPF;15/05/2023;21;0,22;R
ES0000000000003582CCPF;15/05/2023;22;0,427;R
ES0000000000003582CCPF;15/05/2023;23;0,485;R
ES0000000000003582CCPF;16/05/2023;0;0,364;R
ES0000000000003582CCPF;16/05/2023;1;0,158;R
ES0000000000003582CCPF;16/05/2023;2;0,165;R
ES0000000000003582CCPF;16/05/2023;3;0,162;R
ES0000000000003582CCPF;16/05/2023;4;0,114;R
ES0000000000003582CCPF;16/05/2023;5;0,174;R
ES0000000000003582CCPF;16/05/2023;6;0,164;R
ES0000000000003582CCPF;16/05/2023;7;0,199;R
ES0000000000003582CCPF;16/05/2023;8;0,249;R
ES0000000000003582CCPF;16/05/2023;9;0,106;R
ES0000000000003582CCPF;16/05/2023;10;0,324;R
ES0000000000003582CCPF;16/05/2023;11;0,369;R
ES0000000000003582CCPF;16/05/2023;12;0,356;R
ES0000000000003582CCPF;16/05/2023;13;0,3;R
ES0000000000003582CCPF;16/05/2023;14;0,765;R
ES0000000000003582CCPF;16/05/2023;15;0,38;R
ES0000000000003582CCPF;16/05/2023;16;0,323;R
ES0000000000003582CCPF;16/05/2023;17;0,326;R
ES0000000000003582CCPF;16/05/2023;18;0,347;R
ES0000000000003582CCPF;16/05/2023;19;0,344;R
ES0000000000003582CCPF;16/05/2023;20;0,311;R
ES0000000000003582CCPF;16/05/2023;21;0,249;R
ES0000000000003582CCPF;16/05/2023;22;1,322;R
ES0000000000003582CCPF;16/05/2023;23;1,066;R
ES0000000000003582CCPF;17/05/2023;0;1,101;R
ES0000000000003582CCPF;17/05/2023;1;0,406;R
ES0000000000003582CCPF;17/05/2023;2;0,121;R
ES0000000000003582CCPF;17/05/2023;3;0,19;R
ES0000000000003582CCPF;17/05/2023;4;0,187;R
ES0000000000003582CCPF;17/05/2023;5;0,112;R
ES0000000000003582CCPF;17/05/2023;6;0,101;R
ES0000000000003582CCPF;17/05/2023;7;0,139;R
ES0000000000003582CCPF;17/05/2023;8;0,496;R
ES0000000000003582CCPF;17/05/2023;9;0,325;R
ES0000000000003582CCPF;17/05/2023;10;0,334;R
ES0000000000003582CCPF;17/05/2023;11;0,346;R
ES0000000000003582CCPF;17/05/2023;12;0,579;R
ES0000000000003582CCPF;17/05/2023;13;0,765;R
ES0000000000003582CCPF;17/05/2023;14;0,821;R
ES0000000000003582CCPF;17/05/2023;15;0,727;R
ES0000000000003582CCPF;17/05/2023;16;0,326;R
ES0000000000003582CCPF;17/05/2023;17;0,425;R
ES0000000000003582CCPF;17/05/2023;18;0,429;R
ES0000000000003582CCPF;17/05/2023;19;0,354;R
ES0000000000003582CCPF;17/05/2023;20;0,143;R
ES0000000000003582CCPF;17/05/2023;21;0,182;R
ES0000000000003582CCPF;17/05/2023;22;0,449;R
ES0000000000003582CCPF;17/05/2023;23;0,835;R
ES0000000000003582CCPF;18/05/2023;0;0,501;R
ES0000000000003582CCPF;18/05/2023;1;0,114;R
ES0000000000003582CCPF;18/05/2023;2;0,096;R
ES0000000000003582CCPF;18/05/2023;3;0,149;R
ES0000000000003582CCPF;18/05/2023;4;0,132;R
ES0000000000003582CCPF;18/05/2023;5;0,173;R
ES0000000000003582CCPF;18/05/2023;6;0,105;R
ES0000000000003582CCPF;18/05/2023;7;0,085;R
ES0000000000003582CCPF;18/05/2023;8;0,284;R
ES0000000000003582CCPF;18/05/2023;9;0,271;R
ES0000000000003582CCPF;18/05/2023;10;0,318;R
ES0000000000003582CCPF;18/05/2023;11;0,868;R
ES0000000000003582CCPF;18/05/2023;12;0,398;R
ES0000000000003582CCPF;18/05/2023;13;0,286;R
ES0000000000003582CCPF;18/05/2023;14;0,333;R
ES0000000000003582CCPF;18/05/2023;15;0,402;R
ES0000000000003582CCPF;18/05/2023;16;0,373;R
ES0000000000003582CCPF;18/05/2023;17;0,353;R
ES0000000000003582CCPF;18/05/2023;18;0,279;R
ES0000000000003582CCPF;18/05/2023;19;0,293;R
ES0000000000003582CCPF;18/05/2023;20;0,314;R
ES0000000000003582CCPF;18/05/2023;21;0,35;R
ES0000000000003582CCPF;18/05/2023;22;0,954;R
ES0000000000003582CCPF;18/05/2023;23;1,127;R
ES0000000000003582CCPF;19/05/2023;0;1,087;R
ES0000000000003582CCPF;19/05/2023;1;0,174;R
ES0000000000003582CCPF;19/05/2023;2;0,153;R
ES0000000000003582CCPF;19/05/2023;3;0,174;R
ES0000000000003582CCPF;19/05/2023;4;0,148;R
ES0000000000003582CCPF;19/05/2023;5;0,095;R
ES0000000000003582CCPF;19/05/2023;6;0,098;R
ES0000000000003582CCPF;19/05/2023;7;0,277;R
ES0000000000003582CCPF;19/05/2023;8;0,293;R
ES0000000000003582CCPF;19/05/2023;9;0,324;R
ES0000000000003582CCPF;19/05/2023;10;0,231;R
ES0000000000003582CCPF;19/05/2023;11;0,463;R
ES0000000000003582CCPF;19/05/2023;12;0,979;R
ES0000000000003582CCPF;19/05/2023;13;0,4;R
ES0000000000003582CCPF;19/05/2023;14;0,859;R
ES0000000000003582CCPF;19/05/2023;15;0,777;R
ES0000000000003582CCPF;19/05/2023;16;0,274;R
ES0000000000003582CCPF;19/05/2023;17;0,25;R
ES0000000000003582CCPF;19/05/2023;18;0,186;R
ES0000000000003582CCPF;19/05/2023;19;0,347;R
ES0000000000003582CCPF;19/05/2023;20;0,225;R
ES0000000000003582CCPF;19/05/2023;21;0,185;R
ES0000000000003582CCPF;19/05/2023;22;0,235;R
ES0000000000003582CCPF;19/05/2023;23;0,148;R
ES0000000000003582CCPF;20/05/2023;0;0,863;R
ES0000000000003582CCPF;20/05/2023;1;0,39;R
ES0000000000003582CCPF;20/05/2023;2;0,355;R
ES0000000000003582CCPF;20/05/2023;3;0,276;R
ES0000000000003582CCPF;20/05/2023;4;0,132;R
ES0000000000003582CCPF;20/05/2023;5;0,172;R
ES0000000000003582CCPF;20/05/2023;6;0,113;R
ES0000000000003582CCPF;20/05/2023;7;0,19;R
ES0000000000003582CCPF;20/05/2023;8;0,201;R
ES0000000000003582CCPF;20/05/2023;9;0,249;R
ES0000000000003582CCPF;20/05/2023;10;0,245;R
ES0000000000003582CCPF;20/05/2023;11;0,242;R
ES0000000000003582CCPF;20/05/2023;12;0,248;R
ES0000000000003582CCPF;20/05/2023;13;0,59;R
ES0000000000003582CCPF;20/05/2023;14;0,634;R
ES0000000000003582CCPF;20/05/2023;15;0,211;R
ES0000000000003582CCPF;20/05/2023;16;0,213;R
ES0000000000003582CCPF;20/05/2023;17;0,202;R
ES0000000000003582CCPF;20/05/2023;18;0,423;R
ES0000000000003582CCPF;20/05/2023;19;0,234;R
ES0000000000003582CCPF;20/05/2023;20;0,165;R
ES0000000000003582CCPF;20/05/2023;21;0,165;R
ES0000000000003582CCPF;20/05/2023;22;0,097;R
ES0000000000003582CCPF;20/05/2023;23;0,119;R
ES0000000000003582CCPF;21/05/2023;0;0,164;R
ES0000000000003582CCPF;21/05/2023;1;0,171;R
ES0000000000003582CCPF;21/05/2023;2;0,166;R
ES0000000000003582CCPF;21/05/2023;3;0,27;R
ES0000000000003582CCPF;21/05/2023;4;0,104;R
ES0000000000003582CCPF;21/05/2023;5;0,088;R
ES0000000000003582CCPF;21/05/2023;6;0,084;R
ES0000000000003582CCPF;21/05/2023;7;0,085;R
ES0000000000003582CCPF;21/05/2023;8;0,147;R
ES0000000000003582CCPF;21/05/2023;9;0,182;R
ES0000000000003582CCPF;21/05/2023;10;0,292;R
ES0000000000003582CCPF;21/05/2023;11;0,256;R
ES0000000000003582CCPF;21/05/2023;12;0,364;R
ES0000000000003582CCPF;21/05/2023;13;0,238;R
ES0000000000003582CCPF;21/05/2023;14;1,291;R
ES0000000000003582CCPF;21/05/2023;15;1,192;R
ES0000000000003582CCPF;21/05/2023;16;0,645;R
ES0000000000003582CCPF;21/05/2023;17;0,253;R
ES0000000000003582CCPF;21/05/2023;18;0,253;R
ES0000000000003582CCPF;21/05/2023;19;0,253;R
ES0000000000003582CCPF;21/05/2023;20;0,168;R
ES0000000000003582CCPF;21/05/2023;21;0,105;R
ES0000000000003582CCPF;21/05/2023;22;0,339;R
ES0000000000003582CCPF;21/05/2023;23;0,584;R
ES0000000000003582CCPF;22/05/2023;0;0,498;R
ES0000000000003582CCPF;22/05/2023;1;0,128;R
ES0000000000003582CCPF;22/05/2023;2;0,113;R
ES0000000000003582CCPF;22/05/2023;3;0,19;R
ES0000000000003582CCPF;22/05/2023;4;0,123;R
ES0000000000003582CCPF;22/05/2023;5;0,147;R
ES0000000000003582CCPF;22/05/2023;6;0,142;R
ES0000000000003582CCPF;22/05/2023;7;0,103;R
ES0000000000003582CCPF;22/05/2023;8;0,396;R
ES0000000000003582CCPF;22/05/2023;9;0,285;R
ES0000000000003582CCPF;22/05/2023;10;0,379;R
ES0000000000003582CCPF;22/05/2023;11;0,385;R
ES0000000000003582CCPF;22/05/2023;12;0,954;R
ES0000000000003582CCPF;22/05/2023;13;0,926;R
ES0000000000003582CCPF;22/05/2023;14;0,351;R
ES0000000000003582CCPF;22/05/2023;15;0,499;R
ES0000000000003582CCPF;22/05/2023;16;0,494;R
ES0000000000003582CCPF;22/05/2023;17;0,403;R
ES0000000000003582CCPF;22/05/2023;18;0,315;R
ES0000000000003582CCPF;22/05/2023;19;0,306;R
ES0000000000003582CCPF;22/05/2023;20;0,29;R
ES0000000000003582CCPF;22/05/2023;21;0,275;R
ES0000000000003582CCPF;22/05/2023;22;1,313;R
ES0000000000003582CCPF;22/05/2023;23;0,645;R
ES0000000000003582CCPF;23/05/2023;0;0,655;R
ES0000000000003582CCPF;23/05/2023;1;0,3;R
ES0000000000003582CCPF;23/05/2023;2;0,199;R
ES0000000000003582CCPF;23/05/2023;3;0,192;R
ES0000000000003582CCPF;23/05/2023;4;0,164;R
ES0000000000003582CCPF;23/05/2023;5;0,093;R
ES0000000000003582CCPF;23/05/2023;6;0,096;R
ES0000000000003582CCPF;23/05/2023;7;0,097;R
ES0000000000003582CCPF;23/05/2023;8;0,209;R
ES0000000000003582CCPF;23/05/2023;9;0,277;R
ES0000000000003582CCPF;23/05/2023;10;0,374;R
ES0000000000003582CCPF;23/05/2023;11;0,931;R
ES0000000000003582CCPF;23/05/2023;12;0,968;R
ES0000000000003582CCPF;23/05/2023;13;0,332;R
ES0000000000003582CCPF;23/05/2023;14;0,189;R
ES0000000000003582CCPF;23/05/2023;15;0,088;R
ES0000000000003582CCPF;23/05/2023;16;0,112;R
ES0000000000003582CCPF;23/05/2023;17;0,181;R
ES0000000000003582CCPF;23/05/2023;18;0,175;R
ES0000000000003582CCPF;23/05/2023;19;0,151;R
ES0000000000003582CCPF;23/05/2023;20;0,088;R
ES0000000000003582CCPF;23/05/2023;21;0,088;R
ES0000000000003582CCPF;23/05/2023;22;0,088;R
ES0000000000003582CCPF;23/05/2023;23;0,11;R
ES0000000000003582CCPF;24/05/2023;0;0,179;R
ES0000000000003582CCPF;24/05/2023;1;0,177;R
ES0000000000003582CCPF;24/05/2023;2;0,193;R
ES0000000000003582CCPF;24/05/2023;3;0,106;R
ES0000000000003582CCPF;24/05/2023;4;0,088;R
ES0000000000003582CCPF;24/05/2023;5;0,127;R
ES0000000000003582CCPF;24/05/2023;6;0,173;R
ES0000000000003582CCPF;24/05/2023;7;0,176;R
ES0000000000003582CCPF;24/05/2023;8;0,174;R
ES0000000000003582CCPF;24/05/2023;9;0,111;R
ES0000000000003582CCPF;24/05/2023;10;0,089;R
ES0000000000003582CCPF;24/05/2023;11;0,199;R
ES0000000000003582CCPF;24/05/2023;12;0,857;R
ES0000000000003582CCPF;24/05/2023;13;0,419;R
ES0000000000003582CCPF;24/05/2023;14;0,524;R
ES0000000000003582CCPF;24/05/2023;15;0,456;R
ES0000000000003582CCPF;24/05/2023;16;0,12;R
ES0000000000003582CCPF;24/05/2023;17;0,088;R
ES0000000000003582CCPF;24/05/2023;18;0,089;R
ES0000000000003582CCPF;24/05/2023;19;0,087;R
ES0000000000003582CCPF;24/05/2023;20;0,188;R
ES0000000000003582CCPF;24/05/2023;21;0,281;R
ES0000000000003582CCPF;24/05/2023;22;0,472;R
ES0000000000003582CCPF;24/05/2023;23;0,565;R
ES0000000000003582CCPF;25/05/2023;0;0,589;R
ES0000000000003582CCPF;25/05/2023;1;0,325;R
ES0000000000003582CCPF;25/05/2023;2;0,213;R
ES0000000000003582CCPF;25/05/2023;3;0,18;R
ES0000000000003582CCPF;25/05/2023;4;0,107;R
ES0000000000003582CCPF;25/05/2023;5;0,092;R
ES0000000000003582CCPF;25/05/2023;6;0,097;R
ES0000000000003582CCPF;25/05/2023;7;0,123;R
ES0000000000003582CCPF;25/05/2023;8;0,375;R
ES0000000000003582CCPF;25/05/2023;9;0,285;R
ES0000000000003582CCPF;25/05/2023;10;0,363;R
ES0000000000003582CCPF;25/05/2023;11;0,288;R
ES0000000000003582CCPF;25/05/2023;12;0,232;R
ES0000000000003582CCPF;25/05/2023;13;0,238;R
ES0000000000003582CCPF;25/05/2023;14;0,319;R
ES0000000000003582CCPF;25/05/2023;15;0,382;R
ES0000000000003582CCPF;25/05/2023;16;0,33;R
ES0000000000003582CCPF;25/05/2023;17;0,245;R
ES0000000000003582CCPF;25/05/2023;18;0,24;R
ES0000000000003582CCPF;25/05/2023;19;0,338;R
ES0000000000003582CCPF;25/05/2023;20;0,34;R
ES0000000000003582CCPF;25/05/2023;21;0,289;R
ES0000000000003582CCPF;25/05/2023;22;0,532;R
ES0000000000003582CCPF;25/05/2023;23;0,571;R
ES0000000000003582CCPF;26/05/2023;0;0,498;R
ES0000000000003582CCPF;26/05/2023;1;0,612;R
ES0000000000003582CCPF;26/05/2023;2;0,407;R
ES0000000000003582CCPF;26/05/2023;3;0,25;R
ES0000000000003582CCPF;26/05/2023;4;0,147;R
ES0000000000003582CCPF;26/05/2023;5;0,097;R
ES0000000000003582CCPF;26/05/2023;6;0,097;R
ES0000000000003582CCPF;26/05/2023;7;0,24;R
ES0000000000003582CCPF;26/05/2023;8;0,227;R
ES0000000000003582CCPF;26/05/2023;9;0,29;R
ES0000000000003582CCPF;26/05/2023;10;0,329;R
ES0000000000003582CCPF;26/05/2023;11;0,599;R
ES0000000000003582CCPF;26/05/2023;12;0,741;R
ES0000000000003582CCPF;26/05/2023;13;0,823;R
ES0000000000003582CCPF;26/05/2023;14;0,556;R
ES0000000000003582CCPF;26/05/2023;15;0,362;R
ES0000000000003582CCPF;26/05/2023;16;0,401;R
ES0000000000003582CCPF;26/05/2023;17;0,436;R
ES0000000000003582CCPF;26/05/2023;18;0,295;R
ES0000000000003582CCPF;26/05/2023;19;0,222;R
ES0000000000003582CCPF;26/05/2023;20;0,154;R
ES0000000000003582CCPF;26/05/2023;21;0,12;R
ES0000000000003582CCPF;26/05/2023;22;0,334;R
ES0000000000003582CCPF;26/05/2023;23;0,53;R
ES0000000000003582CCPF;27/05/2023;0;0,439;R
ES0000000000003582CCPF;27/05/2023;1;0,308;R
ES0000000000003582CCPF;27/05/2023;2;0,12;R
ES0000000000003582CCPF;27/05/2023;3;0,096;R
ES0000000000003582CCPF;27/05/2023;4;0,111;R
ES0000000000003582CCPF;27/05/2023;5;0,186;R
ES0000000000003582CCPF;27/05/2023;6;0,182;R
ES0000000000003582CCPF;27/05/2023;7;0,111;R
ES0000000000003582CCPF;27/05/2023;8;0,094;R
ES0000000000003582CCPF;27/05/2023;9;0,171;R
ES0000000000003582CCPF;27/05/2023;10;0,193;R
ES0000000000003582CCPF;27/05/2023;11;0,174;R
ES0000000000003582CCPF;27/05/2023;12;0,165;R
ES0000000000003582CCPF;27/05/2023;13;0,148;R
ES0000000000003582CCPF;27/05/2023;14;0,206;R
ES0000000000003582CCPF;27/05/2023;15;0,207;R
ES0000000000003582CCPF;27/05/2023;16;0,436;R
ES0000000000003582CCPF;27/05/2023;17;0,715;R
ES0000000000003582CCPF;27/05/2023;18;0,844;R
ES0000000000003582CCPF;27/05/2023;19;0,265;R
ES0000000000003582CCPF;27/05/2023;20;0,254;R
ES0000000000003582CCPF;27/05/2023;21;0,166;R
ES0000000000003582CCPF;27/05/2023;22;0,652;R
ES0000000000003582CCPF;27/05/2023;23;1,276;R
ES0000000000003582CCPF;28/05/2023;0;0,619;R
ES0000000000003582CCPF;28/05/2023;1;0,379;R
ES0000000000003582CCPF;28/05/2023;2;0,199;R
ES0000000000003582CCPF;28/05/2023;3;0,164;R
ES0000000000003582CCPF;28/05/2023;4;0,08;R
ES0000000000003582CCPF;28/05/2023;5;0,078;R
ES0000000000003582CCPF;28/05/2023;6;0,077;R
ES0000000000003582CCPF;28/05/2023;7;0,16;R
ES0000000000003582CCPF;28/05/2023;8;0,169;R
ES0000000000003582CCPF;28/05/2023;9;0,172;R
ES0000000000003582CCPF;28/05/2023;10;0,201;R
ES0000000000003582CCPF;28/05/2023;11;0,101;R
ES0000000000003582CCPF;28/05/2023;12;0,582;R
ES0000000000003582CCPF;28/05/2023;13;0,275;R
ES0000000000003582CCPF;28/05/2023;14;0,928;R
ES0000000000003582CCPF;28/05/2023;15;0,474;R
ES0000000000003582CCPF;28/05/2023;16;0,237;R
ES0000000000003582CCPF;28/05/2023;17;0,601;R
ES0000000000003582CCPF;28/05/2023;18;0,646;R
ES0000000000003582CCPF;28/05/2023;19;0,21;R
ES0000000000003582CCPF;28/05/2023;20;0,356;R
ES0000000000003582CCPF;28/05/2023;21;0,497;R
ES0000000000003582CCPF;28/05/2023;22;0,666;R
ES0000000000003582CCPF;28/05/2023;23;0,688;R
ES0000000000003582CCPF;29/05/2023;0;0,485;R
ES0000000000003582CCPF;29/05/2023;1;0,152;R
ES0000000000003582CCPF;29/05/2023;2;0,159;R
ES0000000000003582CCPF;29/05/2023;3;0,192;R
ES0000000000003582CCPF;29/05/2023;4;0,217;R
ES0000000000003582CCPF;29/05/2023;5;0,158;R
ES0000000000003582CCPF;29/05/2023;6;0,142;R
ES0000000000003582CCPF;29/05/2023;7;0,193;R
ES0000000000003582CCPF;29/05/2023;8;0,159;R
ES0000000000003582CCPF;29/05/2023;9;0,208;R
ES0000000000003582CCPF;29/05/2023;10;0,379;R
ES0000000000003582CCPF;29/05/2023;11;0,455;R
ES0000000000003582CCPF;29/05/2023;12;0,7;R
ES0000000000003582CCPF;29/05/2023;13;0,693;R
ES0000000000003582CCPF;29/05/2023;14;0,721;R
ES0000000000003582CCPF;29/05/2023;15;0,582;R
ES0000000000003582CCPF;29/05/2023;16;0,392;R
ES0000000000003582CCPF;29/05/2023;17;0,357;R
ES0000000000003582CCPF;29/05/2023;18;0,248;R
ES0000000000003582CCPF;29/05/2023;19;0,122;R
ES0000000000003582CCPF;29/05/2023;20;0,565;R
ES0000000000003582CCPF;29/05/2023;21;0,636;R
ES0000000000003582CCPF;29/05/2023;22;1,159;R
ES0000000000003582CCPF;29/05/2023;23;0,524;R
ES0000000000003582CCPF;30/05/2023;0;0,512;R
ES0000000000003582CCPF;30/05/2023;1;0,1;R
ES0000000000003582CCPF;30/05/2023;2;0,098;R
ES0000000000003582CCPF;30/05/2023;3;0,186;R
ES0000000000003582CCPF;30/05/2023;4;0,184;R
ES0000000000003582CCPF;30/05/2023;5;0,135;R
ES0000000000003582CCPF;30/05/2023;6;0,094;R
ES0000000000003582CCPF;30/05/2023;7;0,156;R
ES0000000000003582CCPF;30/05/2023;8;0,354;R
ES0000000000003582CCPF;30/05/2023;9;0,466;R
ES0000000000003582CCPF;30/05/2023;10;0,345;R
ES0000000000003582CCPF;30/05/2023;11;0,391;R
ES0000000000003582CCPF;30/05/2023;12;0,359;R
ES0000000000003582CCPF;30/05/2023;13;0,368;R
ES0000000000003582CCPF;30/05/2023;14;0,26;R
ES0000000000003582CCPF;30/05/2023;15;0,283;R
ES0000000000003582CCPF;30/05/2023;16;0,392;R
ES0000000000003582CCPF;30/05/2023;17;0,341;R
ES0000000000003582CCPF;30/05/2023;18;0,412;R
ES0000000000003582CCPF;30/05/2023;19;0,239;R
ES0000000000003582CCPF;30/05/2023;20;0,284;R
ES0000000000003582CCPF;30/05/2023;21;0,352;R
ES0000000000003582CCPF;30/05/2023;22;1,019;R
ES0000000000003582CCPF;30/05/2023;23;0,947;R
ES0000000000003582CCPF;31/05/2023;0;0,995;R
ES0000000000003582CCPF;31/05/2023;1;0,133;R
ES0000000000003582CCPF;31/05/2023;2;0,135;R
ES0000000000003582CCPF;31/05/2023;3;0,194;R
ES0000000000003582CCPF;31/05/2023;4;0,166;R
ES0000000000003582CCPF;31/05/2023;5;0,101;R
ES0000000000003582CCPF;31/05/2023;6;0,104;R
ES0000000000003582CCPF;31/05/2023;7;0,186;R
ES0000000000003582CCPF;31/05/2023;8;0,368;R
ES0000000000003582CCPF;31/05/2023;9;0,224;R
ES0000000000003582CCPF;31/05/2023;10;0,365;R
ES0000000000003582CCPF;31/05/2023;11;0,457;R
ES0000000000003582CCPF;31/05/2023;12;0,871;R
ES0000000000003582CCPF;31/05/2023;13;0,666;R
ES0000000000003582CCPF;31/05/2023;14;1,149;R
ES0000000000003582CCPF;31/05/2023;15;0,608;R
ES0000000000003582CCPF;31/05/2023;16;0,365;R
ES0000000000003582CCPF;31/05/2023;17;0,333;R
ES0000000000003582CCPF;31/05/2023;18;0,288;R
ES0000000000003582CCPF;31/05/2023;19;0,4;R
ES0000000000003582CCPF;31/05/2023;20;0,329;R
ES0000000000003582CCPF;31/05/2023;21;0,273;R
ES0000000000003582CCPF;31/05/2023;22;0,534;R
ES0000000000003582CCPF;31/05/2023;23;0,543;R
ES0000000000003582CCPF;01/06/2023;0;0,652;R
ES0000000000003582CCPF;01/06/2023;1;0,234;R
ES0000000000003582CCPF;01/06/2023;2;0,204;R
ES0000000000003582CCPF;01/06/2023;3;0,216;R
ES0000000000003582CCPF;01/06/2023;4;0,186;R
ES0000000000003582CCPF;01/06/2023;5;0,125;R
ES0000000000003582CCPF;01/06/2023;6;0,1;R
ES0000000000003582CCPF;01/06/2023;7;0,148;R
ES0000000000003582CCPF;01/06/2023;8;0,389;R
ES0000000000003582CCPF;01/06/2023;9;0,176;R
ES0000000000003582CCPF;01/06/2023;10;0,131;R
ES0000000000003582CCPF;01/06/2023;11;0,131;R
ES0000000000003582CCPF;01/06/2023;12;0,25;R
ES0000000000003582CCPF;01/06/2023;13;0,193;R
ES0000000000003582CCPF;01/06/2023;14;0,107;R
ES0000000000003582CCPF;01/06/2023;15;0,098;R
ES0000000000003582CCPF;01/06/2023;16;0,218;R
ES0000000000003582CCPF;01/06/2023;17;0,351;R
ES0000000000003582CCPF;01/06/2023;18;0,453;R
ES0000000000003582CCPF;01/06/2023;19;0,235;R
ES0000000000003582CCPF;01/06/2023;20;0,236;R
ES0000000000003582CCPF;01/06/2023;21;0,318;R
ES0000000000003582CCPF;01/06/2023;22;0,328;R
ES0000000000003582CCPF;01/06/2023;23;0,633;R
ES0000000000003582CCPF;02/06/2023;0;0,34;R
ES0000000000003582CCPF;02/06/2023;1;0,098;R
ES0000000000003582CCPF;02/06/2023;2;0,126;R
ES0000000000003582CCPF;02/06/2023;3;0,185;R
ES0000000000003582CCPF;02/06/2023;4;0,164;R
ES0000000000003582CCPF;02/06/2023;5;0,094;R
ES0000000000003582CCPF;02/06/2023;6;0,1;R
ES0000000000003582CCPF;02/06/2023;7;0,263;R
ES0000000000003582CCPF;02/06/2023;8;0,319;R
ES0000000000003582CCPF;02/06/2023;9;0,368;R
ES0000000000003582CCPF;02/06/2023;10;0,299;R
ES0000000000003582CCPF;02/06/2023;11;0,614;R
ES0000000000003582CCPF;02/06/2023;12;1,349;R
ES0000000000003582CCPF;02/06/2023;13;1,132;R
ES0000000000003582CCPF;02/06/2023;14;0,449;R
ES0000000000003582CCPF;02/06/2023;15;0,546;R
ES0000000000003582CCPF;02/06/2023;16;0,362;R
ES0000000000003582CCPF;02/06/2023;17;0,409;R
ES0000000000003582CCPF;02/06/2023;18;0,27;R
ES0000000000003582CCPF;02/06/2023;19;0,258;R
ES0000000000003582CCPF;02/06/2023;20;0,309;R
ES0000000000003582CCPF;02/06/2023;21;0,335;R
ES0000000000003582CCPF;02/06/2023;22;0,596;R
ES0000000000003582CCPF;02/06/2023;23;0,734;R
ES0000000000003582CCPF;03/06/2023;0;0,561;R
ES0000000000003582CCPF;03/06/2023;1;0,654;R
ES0000000000003582CCPF;03/06/2023;2;0,323;R
ES0000000000003582CCPF;03/06/2023;3;0,12;R
ES0000000000003582CCPF;03/06/2023;4;0,185;R
ES0000000000003582CCPF;03/06/2023;5;0,113;R
ES0000000000003582CCPF;03/06/2023;6;0,174;R
ES0000000000003582CCPF;03/06/2023;7;0,096;R
ES0000000000003582CCPF;03/06/2023;8;0,128;R
ES0000000000003582CCPF;03/06/2023;9;0,256;R
ES0000000000003582CCPF;03/06/2023;10;0,287;R
ES0000000000003582CCPF;03/06/2023;11;0,228;R
ES0000000000003582CCPF;03/06/2023;12;0,255;R
ES0000000000003582CCPF;03/06/2023;13;0,158;R
ES0000000000003582CCPF;03/06/2023;14;0,214;R
ES0000000000003582CCPF;03/06/2023;15;0,2;R
ES0000000000003582CCPF;03/06/2023;16;0,128;R
ES0000000000003582CCPF;03/06/2023;17;0,092;R
ES0000000000003582CCPF;03/06/2023;18;0,092;R
ES0000000000003582CCPF;03/06/2023;19;0,112;R
ES0000000000003582CCPF;03/06/2023;20;0,183;R
ES0000000000003582CCPF;03/06/2023;21;0,181;R
ES0000000000003582CCPF;03/06/2023;22;0,169;R
ES0000000000003582CCPF;03/06/2023;23;0,114;R
ES0000000000003582CCPF;04/06/2023;0;0,093;R
ES0000000000003582CCPF;04/06/2023;1;0,167;R
ES0000000000003582CCPF;04/06/2023;2;0,182;R
ES0000000000003582CCPF;04/06/2023;3;0,137;R
ES0000000000003582CCPF;04/06/2023;4;0,093;R
ES0000000000003582CCPF;04/06/2023;5;0,094;R
ES0000000000003582CCPF;04/06/2023;6;0,137;R
ES0000000000003582CCPF;04/06/2023;7;0,181;R
ES0000000000003582CCPF;04/06/2023;8;0,175;R
ES0000000000003582CCPF;04/06/2023;9;0,098;R
ES0000000000003582CCPF;04/06/2023;10;0,092;R
ES0000000000003582CCPF;04/06/2023;11;0,096;R
ES0000000000003582CCPF;04/06/2023;12;0,183;R
ES0000000000003582CCPF;04/06/2023;13;0,18;R
ES0000000000003582CCPF;04/06/2023;14;0,135;R
ES0000000000003582CCPF;04/06/2023;15;0,092;R
ES0000000000003582CCPF;04/06/2023;16;0,093;R
ES0000000000003582CCPF;04/06/2023;17;0,156;R
ES0000000000003582CCPF;04/06/2023;18;0,18;R
ES0000000000003582CCPF;04/06/2023;19;0,212;R
ES0000000000003582CCPF;04/06/2023;20;0,176;R
ES0000000000003582CCPF;04/06/2023;21;0,168;R
ES0000000000003582CCPF;04/06/2023;22;0,197;R
ES0000000000003582CCPF;04/06/2023;23;0,609;R
ES0000000000003582CCPF;05/06/2023;0;0,616;R
ES0000000000003582CCPF;05/06/2023;1;0,465;R
ES0000000000003582CCPF;05/06/2023;2;0,126;R
ES0000000000003582CCPF;05/06/2023;3;0,198;R
ES0000000000003582CCPF;05/06/2023;4;0,196;R
ES0000000000003582CCPF;05/06/2023;5;0,186;R
ES0000000000003582CCPF;05/06/2023;6;0,155;R
ES0000000000003582CCPF;05/06/2023;7;0,107;R
ES0000000000003582CCPF;05/06/2023;8;0,379;R
ES0000000000003582CCPF;05/06/2023;9;0,279;R
ES0000000000003582CCPF;05/06/2023;10;0,296;R
ES0000000000003582CCPF;05/06/2023;11;0,338;R
ES0000000000003582CCPF;05/06/2023;12;0,707;R
ES0000000000003582CCPF;05/06/2023;13;0,763;R
ES0000000000003582CCPF;05/06/2023;14;0,633;R
ES0000000000003582CCPF;05/06/2023;15;0,339;R
ES0000000000003582CCPF;05/06/2023;16;0,188;R
ES0000000000003582CCPF;05/06/2023;17;0,197;R
ES0000000000003582CCPF;05/06/2023;18;0,251;R
ES0000000000003582CCPF;05/06/2023;19;0,347;R
ES0000000000003582CCPF;05/06/2023;20;0,389;R
ES0000000000003582CCPF;05/06/2023;21;0,515;R
ES0000000000003582CCPF;05/06/2023;22;0,696;R
ES0000000000003582CCPF;05/06/2023;23;0,671;R
ES0000000000003582CCPF;06/06/2023;0;0,351;R
ES0000000000003582CCPF;06/06/2023;1;0,25;R
ES0000000000003582CCPF;06/06/2023;2;0,233;R
ES0000000000003582CCPF;06/06/2023;3;0,153;R
ES0000000000003582CCPF;06/06/2023;4;0,152;R
ES0000000000003582CCPF;06/06/2023;5;0,206;R
ES0000000000003582CCPF;06/06/2023;6;0,17;R
ES0000000000003582CCPF;06/06/2023;7;0,241;R
ES0000000000003582CCPF;06/06/2023;8;0,343;R
ES0000000000003582CCPF;06/06/2023;9;0,285;R
ES0000000000003582CCPF;06/06/2023;10;0,305;R
ES0000000000003582CCPF;06/06/2023;11;0,449;R
ES0000000000003582CCPF;06/06/2023;12;0,397;R
ES0000000000003582CCPF;06/06/2023;13;0,389;R
ES0000000000003582CCPF;06/06/2023;14;0,364;R
ES0000000000003582CCPF;06/06/2023;15;0,299;R
ES0000000000003582CCPF;06/06/2023;16;0,383;R
ES0000000000003582CCPF;06/06/2023;17;0,458;R
ES0000000000003582CCPF;06/06/2023;18;0,373;R
ES0000000000003582CCPF;06/06/2023;19;0,303;R
ES0000000000003582CCPF;06/06/2023;20;0,264;R
ES0000000000003582CCPF;06/06/2023;21;0,308;R
ES0000000000003582CCPF;06/06/2023;22;0,502;R
ES0000000000003582CCPF;06/06/2023;23;0,827;R
ES0000000000003582CCPF;07/06/2023;0;0,6;R
ES0000000000003582CCPF;07/06/2023;1;0,324;R
ES0000000000003582CCPF;07/06/2023;2;0,176;R
ES0000000000003582CCPF;07/06/2023;3;0,105;R
ES0000000000003582CCPF;07/06/2023;4;0,143;R
ES0000000000003582CCPF;07/06/2023;5;0,096;R
ES0000000000003582CCPF;07/06/2023;6;0,158;R
ES0000000000003582CCPF;07/06/2023;7;0,185;R
ES0000000000003582CCPF;07/06/2023;8;0,401;R
ES0000000000003582CCPF;07/06/2023;9;0,298;R
ES0000000000003582CCPF;07/06/2023;10;0,791;R
ES0000000000003582CCPF;07/06/2023;11;0,934;R
ES0000000000003582CCPF;07/06/2023;12;0,883;R
ES0000000000003582CCPF;07/06/2023;13;0,89;R
ES0000000000003582CCPF;07/06/2023;14;0,479;R
ES0000000000003582CCPF;07/06/2023;15;0,835;R
ES0000000000003582CCPF;07/06/2023;16;1,137;R
ES0000000000003582CCPF;07/06/2023;17;0,464;R
ES0000000000003582CCPF;07/06/2023;18;0,358;R
ES0000000000003582CCPF;07/06/2023;19;0,485;R
ES0000000000003582CCPF;07/06/2023;20;0,387;R
ES0000000000003582CCPF;07/06/2023;21;0,395;R
ES0000000000003582CCPF;07/06/2023;22;1,055;R
ES0000000000003582CCPF;07/06/2023;23;0,804;R
ES0000000000003582CCPF;08/06/2023;0;0,554;R
ES0000000000003582CCPF;08/06/2023;1;0,333;R
ES0000000000003582CCPF;08/06/2023;2;0,248;R
ES0000000000003582CCPF;08/06/2023;3;0,237;R
ES0000000000003582CCPF;08/06/2023;4;0,167;R
ES0000000000003582CCPF;08/06/2023;5;0,155;R
ES0000000000003582CCPF;08/06/2023;6;0,202;R
ES0000000000003582CCPF;08/06/2023;7;0,155;R
ES0000000000003582CCPF;08/06/2023;8;0,286;R
ES0000000000003582CCPF;08/06/2023;9;0,561;R
ES0000000000003582CCPF;08/06/2023;10;0,764;R
ES0000000000003582CCPF;08/06/2023;11;0,433;R
ES0000000000003582CCPF;08/06/2023;12;0,398;R
ES0000000000003582CCPF;08/06/2023;13;0,363;R
ES0000000000003582CCPF;08/06/2023;14;0,359;R
ES0000000000003582CCPF;08/06/2023;15;0,334;R
ES0000000000003582CCPF;08/06/2023;16;0,393;R
ES0000000000003582CCPF;08/06/2023;17;0,381;R
ES0000000000003582CCPF;08/06/2023;18;0,386;R
ES0000000000003582CCPF;08/06/2023;19;0,36;R
ES0000000000003582CCPF;08/06/2023;20;0,3;R
ES0000000000003582CCPF;08/06/2023;21;0,238;R
ES0000000000003582CCPF;08/06/2023;22;0,57;R
ES0000000000003582CCPF;08/06/2023;23;1,432;R
ES0000000000003582CCPF;09/06/2023;0;0,616;R
ES0000000000003582CCPF;09/06/2023;1;0,404;R
ES0000000000003582CCPF;09/06/2023;2;0,344;R
ES0000000000003582CCPF;09/06/2023;3;0,246;R
ES0000000000003582CCPF;09/06/2023;4;0,249;R
ES0000000000003582CCPF;09/06/2023;5;0,271;R
ES0000000000003582CCPF;09/06/2023;6;0,236;R
ES0000000000003582CCPF;09/06/2023;7;0,568;R
ES0000000000003582CCPF;09/06/2023;8;0,64;R
ES0000000000003582CCPF;09/06/2023;9;0,495;R
ES0000000000003582CCPF;09/06/2023;10;0,576;R
ES0000000000003582CCPF;09/06/2023;11;0,913;R
ES0000000000003582CCPF;09/06/2023;12;1,552;R
ES0000000000003582CCPF;09/06/2023;13;0,764;R
ES0000000000003582CCPF;09/06/2023;14;0,386;R
ES0000000000003582CCPF;09/06/2023;15;0,526;R
ES0000000000003582CCPF;09/06/2023;16;0,282;R
ES0000000000003582CCPF;09/06/2023;17;0,33;R
ES0000000000003582CCPF;09/06/2023;18;0,263;R
ES0000000000003582CCPF;09/06/2023;19;0,27;R
ES0000000000003582CCPF;09/06/2023;20;0,324;R
ES0000000000003582CCPF;09/06/2023;21;0,305;R
ES0000000000003582CCPF;09/06/2023;22;0,4;R
ES0000000000003582CCPF;09/06/2023;23;0,672;R
ES0000000000003582CCPF;10/06/2023;0;0,686;R
ES0000000000003582CCPF;10/06/2023;1;0,248;R
ES0000000000003582CCPF;10/06/2023;2;0,241;R
ES0000000000003582CCPF;10/06/2023;3;0,113;R
ES0000000000003582CCPF;10/06/2023;4;0,128;R
ES0000000000003582CCPF;10/06/2023;5;0,094;R
ES0000000000003582CCPF;10/06/2023;6;0,149;R
ES0000000000003582CCPF;10/06/2023;7;0,145;R
ES0000000000003582CCPF;10/06/2023;8;0,184;R
ES0000000000003582CCPF;10/06/2023;9;0,389;R
ES0000000000003582CCPF;10/06/2023;10;0,197;R
ES0000000000003582CCPF;10/06/2023;11;0,179;R
ES0000000000003582CCPF;10/06/2023;12;0,197;R
ES0000000000003582CCPF;10/06/2023;13;0,15;R
ES0000000000003582CCPF;10/06/2023;14;0,228;R
ES0000000000003582CCPF;10/06/2023;15;0,224;R
ES0000000000003582CCPF;10/06/2023;16;0,249;R
ES0000000000003582CCPF;10/06/2023;17;0,175;R
ES0000000000003582CCPF;10/06/2023;18;0,106;R
ES0000000000003582CCPF;10/06/2023;19;0,39;R
ES0000000000003582CCPF;10/06/2023;20;0,232;R
ES0000000000003582CCPF;10/06/2023;21;0,144;R
ES0000000000003582CCPF;10/06/2023;22;0,365;R
ES0000000000003582CCPF;10/06/2023;23;0,438;R
ES0000000000003582CCPF;11/06/2023;0;0,379;R
ES0000000000003582CCPF;11/06/2023;1;0,478;R
ES0000000000003582CCPF;11/06/2023;2;0,287;R
ES0000000000003582CCPF;11/06/2023;3;0,101;R
ES0000000000003582CCPF;11/06/2023;4;0,146;R
ES0000000000003582CCPF;11/06/2023;5;0,098;R
ES0000000000003582CCPF;11/06/2023;6;0,097;R
ES0000000000003582CCPF;11/06/2023;7;0,182;R
ES0000000000003582CCPF;11/06/2023;8;0,292;R
ES0000000000003582CCPF;11/06/2023;9;0,264;R
ES0000000000003582CCPF;11/06/2023;10;0,25;R
ES0000000000003582CCPF;11/06/2023;11;0,216;R
ES0000000000003582CCPF;11/06/2023;12;0,101;R
ES0000000000003582CCPF;11/06/2023;13;0,147;R
ES0000000000003582CCPF;11/06/2023;14;0,1;R
ES0000000000003582CCPF;11/06/2023;15;0,186;R
ES0000000000003582CCPF;11/06/2023;16;0,205;R
ES0000000000003582CCPF;11/06/2023;17;0,215;R
ES0000000000003582CCPF;11/06/2023;18;0,228;R
ES0000000000003582CCPF;11/06/2023;19;0,235;R
ES0000000000003582CCPF;11/06/2023;20;0,211;R
ES0000000000003582CCPF;11/06/2023;21;0,172;R
ES0000000000003582CCPF;11/06/2023;22;0,158;R
ES0000000000003582CCPF;11/06/2023;23;0,56;R
ES0000000000003582CCPF;12/06/2023;0;0,438;R
ES0000000000003582CCPF;12/06/2023;1;0,215;R
ES0000000000003582CCPF;12/06/2023;2;0,204;R
ES0000000000003582CCPF;12/06/2023;3;0,221;R
ES0000000000003582CCPF;12/06/2023;4;0,204;R
ES0000000000003582CCPF;12/06/2023;5;0,157;R
ES0000000000003582CCPF;12/06/2023;6;0,105;R
ES0000000000003582CCPF;12/06/2023;7;0,155;R
ES0000000000003582CCPF;12/06/2023;8;0,214;R
ES0000000000003582CCPF;12/06/2023;9;0,263;R
ES0000000000003582CCPF;12/06/2023;10;0,392;R
ES0000000000003582CCPF;12/06/2023;11;0,452;R
ES0000000000003582CCPF;12/06/2023;12;0,751;R
ES0000000000003582CCPF;12/06/2023;13;1,151;R
ES0000000000003582CCPF;12/06/2023;14;0,834;R
ES0000000000003582CCPF;12/06/2023;15;0,376;R
ES0000000000003582CCPF;12/06/2023;16;0,688;R
ES0000000000003582CCPF;12/06/2023;17;0,923;R
ES0000000000003582CCPF;12/06/2023;18;0,451;R
ES0000000000003582CCPF;12/06/2023;19;0,349;R
ES0000000000003582CCPF;12/06/2023;20;0,35;R
ES0000000000003582CCPF;12/06/2023;21;0,195;R
ES0000000000003582CCPF;12/06/2023;22;0,431;R
ES0000000000003582CCPF;12/06/2023;23;0,444;R
ES0000000000003582CCPF;13/06/2023;0;0,543;R
ES0000000000003582CCPF;13/06/2023;1;0,273;R
ES0000000000003582CCPF;13/06/2023;2;0,206;R
ES0000000000003582CCPF;13/06/2023;3;0,173;R
ES0000000000003582CCPF;13/06/2023;4;0,11;R
ES0000000000003582CCPF;13/06/2023;5;0,15;R
ES0000000000003582CCPF;13/06/2023;6;0,123;R
ES0000000000003582CCPF;13/06/2023;7;0,111;R
ES0000000000003582CCPF;13/06/2023;8;0,301;R
ES0000000000003582CCPF;13/06/2023;9;0,337;R
ES0000000000003582CCPF;13/06/2023;10;0,34;R
ES0000000000003582CCPF;13/06/2023;11;0,424;R
ES0000000000003582CCPF;13/06/2023;12;0,406;R
ES0000000000003582CCPF;13/06/2023;13;0,274;R
ES0000000000003582CCPF;13/06/2023;14;0,288;R
ES0000000000003582CCPF;13/06/2023;15;0,388;R
ES0000000000003582CCPF;13/06/2023;16;0,319;R
ES0000000000003582CCPF;13/06/2023;17;0,338;R
ES0000000000003582CCPF;13/06/2023;18;0,393;R
ES0000000000003582CCPF;13/06/2023;19;0,407;R
ES0000000000003582CCPF;13/06/2023;20;0,329;R
ES0000000000003582CCPF;13/06/2023;21;0,342;R
ES0000000000003582CCPF;13/06/2023;22;0,415;R
ES0000000000003582CCPF;13/06/2023;23;0,754;R
ES0000000000003582CCPF;14/06/2023;0;0,47;R
ES0000000000003582CCPF;14/06/2023;1;0,329;R
ES0000000000003582CCPF;14/06/2023;2;0,277;R
ES0000000000003582CCPF;14/06/2023;3;0,251;R
ES0000000000003582CCPF;14/06/2023;4;0,156;R
ES0000000000003582CCPF;14/06/2023;5;0,154;R
ES0000000000003582CCPF;14/06/2023;6;0,167;R
ES0000000000003582CCPF;14/06/2023;7;0,204;R
ES0000000000003582CCPF;14/06/2023;8;0,403;R
ES0000000000003582CCPF;14/06/2023;9;0,304;R
ES0000000000003582CCPF;14/06/2023;10;0,381;R
ES0000000000003582CCPF;14/06/2023;11;0,467;R
ES0000000000003582CCPF;14/06/2023;12;0,921;R
ES0000000000003582CCPF;14/06/2023;13;0,599;R
ES0000000000003582CCPF;14/06/2023;14;0,714;R
ES0000000000003582CCPF;14/06/2023;15;0,84;R
ES0000000000003582CCPF;14/06/2023;16;0,372;R
ES0000000000003582CCPF;14/06/2023;17;0,392;R
ES0000000000003582CCPF;14/06/2023;18;0,388;R
ES0000000000003582CCPF;14/06/2023;19;0,368;R
ES0000000000003582CCPF;14/06/2023;20;0,778;R
ES0000000000003582CCPF;14/06/2023;21;1,247;R
ES0000000000003582CCPF;14/06/2023;22;0,839;R
ES0000000000003582CCPF;14/06/2023;23;0,546;R
ES0000000000003582CCPF;15/06/2023;0;0,439;R
ES0000000000003582CCPF;15/06/2023;1;0,324;R
ES0000000000003582CCPF;15/06/2023;2;0,166;R
ES0000000000003582CCPF;15/06/2023;3;0,114;R
ES0000000000003582CCPF;15/06/2023;4;0,147;R
ES0000000000003582CCPF;15/06/2023;5;0,191;R
ES0000000000003582CCPF;15/06/2023;6;0,205;R
ES0000000000003582CCPF;15/06/2023;7;0,202;R
ES0000000000003582CCPF;15/06/2023;8;0,292;R
ES0000000000003582CCPF;15/06/2023;9;0,537;R
ES0000000000003582CCPF;15/06/2023;10;0,664;R
ES0000000000003582CCPF;15/06/2023;11;0,2;R
ES0000000000003582CCPF;15/06/2023;12;0,125;R
ES0000000000003582CCPF;15/06/2023;13;0,193;R
ES0000000000003582CCPF;15/06/2023;14;0,189;R
ES0000000000003582CCPF;15/06/2023;15;0,216;R
ES0000000000003582CCPF;15/06/2023;16;0,311;R
ES0000000000003582CCPF;15/06/2023;17;0,229;R
ES0000000000003582CCPF;15/06/2023;18;0,244;R
ES0000000000003582CCPF;15/06/2023;19;0,125;R
ES0000000000003582CCPF;15/06/2023;20;0,242;R
ES0000000000003582CCPF;15/06/2023;21;0,332;R
ES0000000000003582CCPF;15/06/2023;22;0,679;R
ES0000000000003582CCPF;15/06/2023;23;0,565;R
ES0000000000003582CCPF;16/06/2023;0;0,65;R
ES0000000000003582CCPF;16/06/2023;1;0,317;R
ES0000000000003582CCPF;16/06/2023;2;0,246;R
ES0000000000003582CCPF;16/06/2023;3;0,221;R
ES0000000000003582CCPF;16/06/2023;4;0,222;R
ES0000000000003582CCPF;16/06/2023;5;0,134;R
ES0000000000003582CCPF;16/06/2023;6;0,131;R
ES0000000000003582CCPF;16/06/2023;7;0,237;R
ES0000000000003582CCPF;16/06/2023;8;0,4;R
ES0000000000003582CCPF;16/06/2023;9;0,302;R
ES0000000000003582CCPF;16/06/2023;10;0,216;R
ES0000000000003582CCPF;16/06/2023;11;0,287;R
ES0000000000003582CCPF;16/06/2023;12;0,691;R
ES0000000000003582CCPF;16/06/2023;13;0,647;R
ES0000000000003582CCPF;16/06/2023;14;0,216;R
ES0000000000003582CCPF;16/06/2023;15;0,319;R
ES0000000000003582CCPF;16/06/2023;16;0,114;R
ES0000000000003582CCPF;16/06/2023;17;0,101;R
ES0000000000003582CCPF;16/06/2023;18;0,194;R
ES0000000000003582CCPF;16/06/2023;19;0,191;R
ES0000000000003582CCPF;16/06/2023;20;0,19;R
ES0000000000003582CCPF;16/06/2023;21;0,18;R
ES0000000000003582CCPF;16/06/2023;22;0,103;R
ES0000000000003582CCPF;16/06/2023;23;0,416;R
ES0000000000003582CCPF;17/06/2023;0;0,495;R
ES0000000000003582CCPF;17/06/2023;1;0,296;R
ES0000000000003582CCPF;17/06/2023;2;0,207;R
ES0000000000003582CCPF;17/06/2023;3;0,198;R
ES0000000000003582CCPF;17/06/2023;4;0,199;R
ES0000000000003582CCPF;17/06/2023;5;0,109;R
ES0000000000003582CCPF;17/06/2023;6;0,136;R
ES0000000000003582CCPF;17/06/2023;7;0,133;R
ES0000000000003582CCPF;17/06/2023;8;0,223;R
ES0000000000003582CCPF;17/06/2023;9;0,347;R
ES0000000000003582CCPF;17/06/2023;10;0,215;R
ES0000000000003582CCPF;17/06/2023;11;0,251;R
ES0000000000003582CCPF;17/06/2023;12;0,294;R
ES0000000000003582CCPF;17/06/2023;13;0,2;R
ES0000000000003582CCPF;17/06/2023;14;0,186;R
ES0000000000003582CCPF;17/06/2023;15;0,185;R
ES0000000000003582CCPF;17/06/2023;16;0,213;R
ES0000000000003582CCPF;17/06/2023;17;0,188;R
ES0000000000003582CCPF;17/06/2023;18;0,186;R
ES0000000000003582CCPF;17/06/2023;19;0,128;R
ES0000000000003582CCPF;17/06/2023;20;0,1;R
ES0000000000003582CCPF;17/06/2023;21;0,138;R
ES0000000000003582CCPF;17/06/2023;22;0,095;R
ES0000000000003582CCPF;17/06/2023;23;0,16;R
ES0000000000003582CCPF;18/06/2023;0;0,187;R
ES0000000000003582CCPF;18/06/2023;1;0,185;R
ES0000000000003582CCPF;18/06/2023;2;0,185;R
ES0000000000003582CCPF;18/06/2023;3;0,186;R
ES0000000000003582CCPF;18/06/2023;4;0,149;R
ES0000000000003582CCPF;18/06/2023;5;0,095;R
ES0000000000003582CCPF;18/06/2023;6;0,125;R
ES0000000000003582CCPF;18/06/2023;7;0,113;R
ES0000000000003582CCPF;18/06/2023;8;0,097;R
ES0000000000003582CCPF;18/06/2023;9;0,184;R
ES0000000000003582CCPF;18/06/2023;10;0,185;R
ES0000000000003582CCPF;18/06/2023;11;0,184;R
ES0000000000003582CCPF;18/06/2023;12;0,185;R
ES0000000000003582CCPF;18/06/2023;13;0,184;R
ES0000000000003582CCPF;18/06/2023;14;0,116;R
ES0000000000003582CCPF;18/06/2023;15;0,094;R
ES0000000000003582CCPF;18/06/2023;16;0,174;R
ES0000000000003582CCPF;18/06/2023;17;0,163;R
ES0000000000003582CCPF;18/06/2023;18;0,108;R
ES0000000000003582CCPF;18/06/2023;19;0,189;R
ES0000000000003582CCPF;18/06/2023;20;0,186;R
ES0000000000003582CCPF;18/06/2023;21;0,186;R
ES0000000000003582CCPF;18/06/2023;22;0,185;R
ES0000000000003582CCPF;18/06/2023;23;0,614;R
ES0000000000003582CCPF;19/06/2023;0;0,767;R
ES0000000000003582CCPF;19/06/2023;1;0,682;R
ES0000000000003582CCPF;19/06/2023;2;0,202;R
ES0000000000003582CCPF;19/06/2023;3;0,223;R
ES0000000000003582CCPF;19/06/2023;4;0,207;R
ES0000000000003582CCPF;19/06/2023;5;0,204;R
ES0000000000003582CCPF;19/06/2023;6;0,203;R
ES0000000000003582CCPF;19/06/2023;7;0,201;R
ES0000000000003582CCPF;19/06/2023;8;0,239;R
ES0000000000003582CCPF;19/06/2023;9;0,321;R
ES0000000000003582CCPF;19/06/2023;10;0,498;R
ES0000000000003582CCPF;19/06/2023;11;0,373;R
ES0000000000003582CCPF;19/06/2023;12;0,737;R
ES0000000000003582CCPF;19/06/2023;13;0,747;R
ES0000000000003582CCPF;19/06/2023;14;0,564;R
ES0000000000003582CCPF;19/06/2023;15;0,427;R
ES0000000000003582CCPF;19/06/2023;16;0,416;R
ES0000000000003582CCPF;19/06/2023;17;2,568;R
ES0000000000003582CCPF;19/06/2023;18;1,538;R
ES0000000000003582CCPF;19/06/2023;19;0,764;R
ES0000000000003582CCPF;19/06/2023;20;0,874;R
ES0000000000003582CCPF;19/06/2023;21;1,592;R
ES0000000000003582CCPF;19/06/2023;22;0,434;R
ES0000000000003582CCPF;19/06/2023;23;0,157;R
ES0000000000003582CCPF;20/06/2023;0;0,251;R
ES0000000000003582CCPF;20/06/2023;1;0,158;R
ES0000000000003582CCPF;20/06/2023;2;0,16;R
ES0000000000003582CCPF;20/06/2023;3;0,219;R
ES0000000000003582CCPF;20/06/2023;4;0,218;R
ES0000000000003582CCPF;20/06/2023;5;0,218;R
ES0000000000003582CCPF;20/06/2023;6;0,216;R
ES0000000000003582CCPF;20/06/2023;7;0,183;R
ES0000000000003582CCPF;20/06/2023;8;0,187;R
ES0000000000003582CCPF;20/06/2023;9;0,357;R
ES0000000000003582CCPF;20/06/2023;10;0,377;R
ES0000000000003582CCPF;20/06/2023;11;0,537;R
ES0000000000003582CCPF;20/06/2023;12;0,346;R
ES0000000000003582CCPF;20/06/2023;13;0,348;R
ES0000000000003582CCPF;20/06/2023;14;0,345;R
ES0000000000003582CCPF;20/06/2023;15;0,351;R
ES0000000000003582CCPF;20/06/2023;16;0,499;R
ES0000000000003582CCPF;20/06/2023;17;0,403;R
ES0000000000003582CCPF;20/06/2023;18;0,376;R
ES0000000000003582CCPF;20/06/2023;19;0,395;R
ES0000000000003582CCPF;20/06/2023;20;0,199;R
ES0000000000003582CCPF;20/06/2023;21;0,113;R
ES0000000000003582CCPF;20/06/2023;22;0,107;R
ES0000000000003582CCPF;20/06/2023;23;0,175;R
ES0000000000003582CCPF;21/06/2023;0;0,594;R
ES0000000000003582CCPF;21/06/2023;1;0,276;R
ES0000000000003582CCPF;21/06/2023;2;0,251;R
ES0000000000003582CCPF;21/06/2023;3;0,234;R
ES0000000000003582CCPF;21/06/2023;4;0,224;R
ES0000000000003582CCPF;21/06/2023;5;0,211;R
ES0000000000003582CCPF;21/06/2023;6;0,148;R
ES0000000000003582CCPF;21/06/2023;7;0,15;R
ES0000000000003582CCPF;21/06/2023;8;0,31;R
ES0000000000003582CCPF;21/06/2023;9;0,288;R
ES0000000000003582CCPF;21/06/2023;10;0,224;R
ES0000000000003582CCPF;21/06/2023;11;0,472;R
ES0000000000003582CCPF;21/06/2023;12;0,944;R
ES0000000000003582CCPF;21/06/2023;13;0,575;R
ES0000000000003582CCPF;21/06/2023;14;1,03;R
ES0000000000003582CCPF;21/06/2023;15;0,68;R
ES0000000000003582CCPF;21/06/2023;16;0,404;R
ES0000000000003582CCPF;21/06/2023;17;0,392;R
ES0000000000003582CCPF;21/06/2023;18;0,384;R
ES0000000000003582CCPF;21/06/2023;19;0,542;R
ES0000000000003582CCPF;21/06/2023;20;0,379;R
ES0000000000003582CCPF;21/06/2023;21;0,33;R
ES0000000000003582CCPF;21/06/2023;22;0,58;R
ES0000000000003582CCPF;21/06/2023;23;0,737;R
ES0000000000003582CCPF;22/06/2023;0;0,832;R
ES0000000000003582CCPF;22/06/2023;1;0,725;R
ES0000000000003582CCPF;22/06/2023;2;0,292;R
ES0000000000003582CCPF;22/06/2023;3;0,231;R
ES0000000000003582CCPF;22/06/2023;4;0,214;R
ES0000000000003582CCPF;22/06/2023;5;0,169;R
ES0000000000003582CCPF;22/06/2023;6;0,126;R
ES0000000000003582CCPF;22/06/2023;7;0,127;R
ES0000000000003582CCPF;22/06/2023;8;0,334;R
ES0000000000003582CCPF;22/06/2023;9;0,438;R
ES0000000000003582CCPF;22/06/2023;10;0,439;R
ES0000000000003582CCPF;22/06/2023;11;0,406;R
ES0000000000003582CCPF;22/06/2023;12;0,646;R
ES0000000000003582CCPF;22/06/2023;13;0,378;R
ES0000000000003582CCPF;22/06/2023;14;0,406;R
ES0000000000003582CCPF;22/06/2023;15;0,295;R
ES0000000000003582CCPF;22/06/2023;16;0,354;R
ES0000000000003582CCPF;22/06/2023;17;0,387;R
ES0000000000003582CCPF;22/06/2023;18;0,419;R
ES0000000000003582CCPF;22/06/2023;19;0,338;R
ES0000000000003582CCPF;22/06/2023;20;0,298;R
ES0000000000003582CCPF;22/06/2023;21;0,273;R
ES0000000000003582CCPF;22/06/2023;22;0,332;R
ES0000000000003582CCPF;22/06/2023;23;0,556;R
ES0000000000003582CCPF;23/06/2023;0;0,555;R
ES0000000000003582CCPF;23/06/2023;1;0,228;R
ES0000000000003582CCPF;23/06/2023;2;0,21;R
ES0000000000003582CCPF;23/06/2023;3;0,205;R
ES0000000000003582CCPF;23/06/2023;4;0,174;R
ES0000000000003582CCPF;23/06/2023;5;0,112;R
ES0000000000003582CCPF;23/06/2023;6;0,168;R
ES0000000000003582CCPF;23/06/2023;7;0,114;R
ES0000000000003582CCPF;23/06/2023;8;0,142;R
ES0000000000003582CCPF;23/06/2023;9;0,305;R
ES0000000000003582CCPF;23/06/2023;10;0,207;R
ES0000000000003582CCPF;23/06/2023;11;0,269;R
ES0000000000003582CCPF;23/06/2023;12;0,7;R
ES0000000000003582CCPF;23/06/2023;13;0,693;R
ES0000000000003582CCPF;23/06/2023;14;0,806;R
ES0000000000003582CCPF;23/06/2023;15;2,079;R
ES0000000000003582CCPF;23/06/2023;16;1,452;R
ES0000000000003582CCPF;23/06/2023;17;0,582;R
ES0000000000003582CCPF;23/06/2023;18;0,525;R
ES0000000000003582CCPF;23/06/2023;19;0,178;R
ES0000000000003582CCPF;23/06/2023;20;0,949;R
ES0000000000003582CCPF;23/06/2023;21;0,689;R
ES0000000000003582CCPF;23/06/2023;22;0,505;R
ES0000000000003582CCPF;23/06/2023;23;0,775;R
ES0000000000003582CCPF;24/06/2023;0;0,763;R
ES0000000000003582CCPF;24/06/2023;1;0,232;R
ES0000000000003582CCPF;24/06/2023;2;0,18;R
ES0000000000003582CCPF;24/06/2023;3;0,135;R
ES0000000000003582CCPF;24/06/2023;4;0,163;R
ES0000000000003582CCPF;24/06/2023;5;0,127;R
ES0000000000003582CCPF;24/06/2023;6;0,217;R
ES0000000000003582CCPF;24/06/2023;7;0,217;R
ES0000000000003582CCPF;24/06/2023;8;0,334;R
ES0000000000003582CCPF;24/06/2023;9;0,228;R
ES0000000000003582CCPF;24/06/2023;10;0,227;R
ES0000000000003582CCPF;24/06/2023;11;0,23;R
ES0000000000003582CCPF;24/06/2023;12;0,257;R
ES0000000000003582CCPF;24/06/2023;13;0,262;R
ES0000000000003582CCPF;24/06/2023;14;0,231;R
ES0000000000003582CCPF;24/06/2023;15;0,221;R
ES0000000000003582CCPF;24/06/2023;16;0,209;R
ES0000000000003582CCPF;24/06/2023;17;0,788;R
ES0000000000003582CCPF;24/06/2023;18;2,328;R
ES0000000000003582CCPF;24/06/2023;19;2,088;R
ES0000000000003582CCPF;24/06/2023;20;0,199;R
ES0000000000003582CCPF;24/06/2023;21;0,204;R
ES0000000000003582CCPF;24/06/2023;22;0,201;R
ES0000000000003582CCPF;24/06/2023;23;0,197;R
ES0000000000003582CCPF;25/06/2023;0;0,344;R
ES0000000000003582CCPF;25/06/2023;1;2,148;R
ES0000000000003582CCPF;25/06/2023;2;0,301;R
ES0000000000003582CCPF;25/06/2023;3;0,175;R
ES0000000000003582CCPF;25/06/2023;4;0,194;R
ES0000000000003582CCPF;25/06/2023;5;0,195;R
ES0000000000003582CCPF;25/06/2023;6;0,191;R
ES0000000000003582CCPF;25/06/2023;7;0,179;R
ES0000000000003582CCPF;25/06/2023;8;0,097;R
ES0000000000003582CCPF;25/06/2023;9;0,101;R
ES0000000000003582CCPF;25/06/2023;10;0,331;R
ES0000000000003582CCPF;25/06/2023;11;0,647;R
ES0000000000003582CCPF;25/06/2023;12;0,76;R
ES0000000000003582CCPF;25/06/2023;13;0,876;R
ES0000000000003582CCPF;25/06/2023;14;0,968;R
ES0000000000003582CCPF;25/06/2023;15;0,876;R
ES0000000000003582CCPF;25/06/2023;16;2,466;R
ES0000000000003582CCPF;25/06/2023;17;1,686;R
ES0000000000003582CCPF;25/06/2023;18;1,454;R
ES0000000000003582CCPF;25/06/2023;19;2,272;R
ES0000000000003582CCPF;25/06/2023;20;1,61;R
ES0000000000003582CCPF;25/06/2023;21;0,942;R
ES0000000000003582CCPF;25/06/2023;22;1,214;R
ES0000000000003582CCPF;25/06/2023;23;0,944;R
ES0000000000003582CCPF;26/06/2023;0;1,084;R
ES0000000000003582CCPF;26/06/2023;1;0,529;R
ES0000000000003582CCPF;26/06/2023;2;0,201;R
ES0000000000003582CCPF;26/06/2023;3;0,198;R
ES0000000000003582CCPF;26/06/2023;4;0,191;R
ES0000000000003582CCPF;26/06/2023;5;0,124;R
ES0000000000003582CCPF;26/06/2023;6;0,106;R
ES0000000000003582CCPF;26/06/2023;7;0,111;R
ES0000000000003582CCPF;26/06/2023;8;0,124;R
ES0000000000003582CCPF;26/06/2023;9;0,416;R
ES0000000000003582CCPF;26/06/2023;10;0,37;R
ES0000000000003582CCPF;26/06/2023;11;0,427;R
ES0000000000003582CCPF;26/06/2023;12;0,811;R
ES0000000000003582CCPF;26/06/2023;13;1,007;R
ES0000000000003582CCPF;26/06/2023;14;0,601;R
ES0000000000003582CCPF;26/06/2023;15;2,024;R
ES0000000000003582CCPF;26/06/2023;16;2,945;R
ES0000000000003582CCPF;26/06/2023;17;2,658;R
ES0000000000003582CCPF;26/06/2023;18;1,98;R
ES0000000000003582CCPF;26/06/2023;19;0,86;R
ES0000000000003582CCPF;26/06/2023;20;0,221;R
ES0000000000003582CCPF;26/06/2023;21;0,195;R
ES0000000000003582CCPF;26/06/2023;22;0,185;R
ES0000000000003582CCPF;26/06/2023;23;0,134;R
ES0000000000003582CCPF;27/06/2023;0;0,113;R
ES0000000000003582CCPF;27/06/2023;1;0,141;R
ES0000000000003582CCPF;27/06/2023;2;0,18;R
ES0000000000003582CCPF;27/06/2023;3;0,179;R
ES0000000000003582CCPF;27/06/2023;4;0,166;R
ES0000000000003582CCPF;27/06/2023;5;0,088;R
ES0000000000003582CCPF;27/06/2023;6;0,126;R
ES0000000000003582CCPF;27/06/2023;7;0,144;R
ES0000000000003582CCPF;27/06/2023;8;0,18;R
ES0000000000003582CCPF;27/06/2023;9;0,178;R
ES0000000000003582CCPF;27/06/2023;10;0,144;R
ES0000000000003582CCPF;27/06/2023;11;0,088;R
ES0000000000003582CCPF;27/06/2023;12;0,126;R
ES0000000000003582CCPF;27/06/2023;13;0,159;R
ES0000000000003582CCPF;27/06/2023;14;0,178;R
ES0000000000003582CCPF;27/06/2023;15;0,178;R
ES0000000000003582CCPF;27/06/2023;16;0,138;R
ES0000000000003582CCPF;27/06/2023;17;0,088;R
ES0000000000003582CCPF;27/06/2023;18;0,127;R
ES0000000000003582CCPF;27/06/2023;19;0,198;R
ES0000000000003582CCPF;27/06/2023;20;0,182;R
ES0000000000003582CCPF;27/06/2023;21;0,18;R
ES0000000000003582CCPF;27/06/2023;22;0,178;R
ES0000000000003582CCPF;27/06/2023;23;0,143;R
ES0000000000003582CCPF;28/06/2023;0;0,099;R
ES0000000000003582CCPF;28/06/2023;1;0,115;R
ES0000000000003582CCPF;28/06/2023;2;0,167;R
ES0000000000003582CCPF;28/06/2023;3;0,179;R
ES0000000000003582CCPF;28/06/2023;4;0,18;R
ES0000000000003582CCPF;28/06/2023;5;0,13;R
ES0000000000003582CCPF;28/06/2023;6;0,1;R
ES0000000000003582CCPF;28/06/2023;7;0,113;R
ES0000000000003582CCPF;28/06/2023;8;0,179;R
ES0000000000003582CCPF;28/06/2023;9;0,179;R
ES0000000000003582CCPF;28/06/2023;10;0,179;R
ES0000000000003582CCPF;28/06/2023;11;0,61;R
ES0000000000003582CCPF;28/06/2023;12;1,239;R
ES0000000000003582CCPF;28/06/2023;13;0,402;R
ES0000000000003582CCPF;28/06/2023;14;0,379;R
ES0000000000003582CCPF;28/06/2023;15;0,552;R
ES0000000000003582CCPF;28/06/2023;16;0,18;R
ES0000000000003582CCPF;28/06/2023;17;0,179;R
ES0000000000003582CCPF;28/06/2023;18;3,27;R
ES0000000000003582CCPF;28/06/2023;19;4,849;R
ES0000000000003582CCPF;28/06/2023;20;3,451;R
ES0000000000003582CCPF;28/06/2023;21;3,026;R
ES0000000000003582CCPF;28/06/2023;22;2,977;R
ES0000000000003582CCPF;28/06/2023;23;2,883;R
ES0000000000003582CCPF;29/06/2023;0;2,814;R
ES0000000000003582CCPF;29/06/2023;1;2,497;R
ES0000000000003582CCPF;29/06/2023;2;0,291;R
ES0000000000003582CCPF;29/06/2023;3;0,38;R
ES0000000000003582CCPF;29/06/2023;4;0,295;R
ES0000000000003582CCPF;29/06/2023;5;0,195;R
ES0000000000003582CCPF;29/06/2023;6;0,133;R
ES0000000000003582CCPF;29/06/2023;7;0,159;R
ES0000000000003582CCPF;29/06/2023;8;0,198;R
ES0000000000003582CCPF;29/06/2023;9;0,339;R
ES0000000000003582CCPF;29/06/2023;10;0,258;R
ES0000000000003582CCPF;29/06/2023;11;0,216;R
ES0000000000003582CCPF;29/06/2023;12;0,113;R
ES0000000000003582CCPF;29/06/2023;13;0,128;R
ES0000000000003582CCPF;29/06/2023;14;0,117;R
ES0000000000003582CCPF;29/06/2023;15;0,18;R
ES0000000000003582CCPF;29/06/2023;16;2,066;R
ES0000000000003582CCPF;29/06/2023;17;4,623;R
ES0000000000003582CCPF;29/06/2023;18;4,448;R
ES0000000000003582CCPF;29/06/2023;19;3,58;R
ES0000000000003582CCPF;29/06/2023;20;2,809;R
ES0000000000003582CCPF;29/06/2023;21;2,379;R
ES0000000000003582CCPF;29/06/2023;22;1,041;R
ES0000000000003582CCPF;29/06/2023;23;2,041;R
ES0000000000003582CCPF;30/06/2023;0;1,016;R
ES0000000000003582CCPF;30/06/2023;1;0,422;R
ES0000000000003582CCPF;30/06/2023;2;0,212;R
ES0000000000003582CCPF;30/06/2023;3;0,191;R
ES0000000000003582CCPF;30/06/2023;4;0,145;R
ES0000000000003582CCPF;30/06/2023;5;0,094;R
ES0000000000003582CCPF;30/06/2023;6;0,139;R
ES0000000000003582CCPF;30/06/2023;7;0,189;R
ES0000000000003582CCPF;30/06/2023;8;0,236;R
ES0000000000003582CCPF;30/06/2023;9;0,311;R
ES0000000000003582CCPF;30/06/2023;10;0,167;R
ES0000000000003582CCPF;30/06/2023;11;0,156;R
ES0000000000003582CCPF;30/06/2023;12;0,53;R
ES0000000000003582CCPF;30/06/2023;13;0,535;R
ES0000000000003582CCPF;30/06/2023;14;0,369;R
ES0000000000003582CCPF;30/06/2023;15;0,163;R
ES0000000000003582CCPF;30/06/2023;16;0,071;R
ES0000000000003582CCPF;30/06/2023;17;0,089;R
ES0000000000003582CCPF;30/06/2023;18;0,161;R
ES0000000000003582CCPF;30/06/2023;19;0,162;R
ES0000000000003582CCPF;30/06/2023;20;0,129;R
ES0000000000003582CCPF;30/06/2023;21;0,073;R
ES0000000000003582CCPF;30/06/2023;22;0,103;R
ES0000000000003582CCPF;30/06/2023;23;0,161;R
ES0000000000003582CCPF;01/07/2023;0;0,163;R
ES0000000000003582CCPF;01/07/2023;1;0,107;R
ES0000000000003582CCPF;01/07/2023;2;0,072;R
ES0000000000003582CCPF;01/07/2023;3;0,118;R
ES0000000000003582CCPF;01/07/2023;4;0,163;R
ES0000000000003582CCPF;01/07/2023;5;0,163;R
ES0000000000003582CCPF;01/07/2023;6;0,188;R
ES0000000000003582CCPF;01/07/2023;7;0,078;R
ES0000000000003582CCPF;01/07/2023;8;0,113;R
ES0000000000003582CCPF;01/07/2023;9;0,111;R
ES0000000000003582CCPF;01/07/2023;10;0,165;R
ES0000000000003582CCPF;01/07/2023;11;0,153;R
ES0000000000003582CCPF;01/07/2023;12;0,072;R
ES0000000000003582CCPF;01/07/2023;13;0,112;R
ES0000000000003582CCPF;01/07/2023;14;0,129;R
ES0000000000003582CCPF;01/07/2023;15;0,162;R
ES0000000000003582CCPF;01/07/2023;16;0,137;R
ES0000000000003582CCPF;01/07/2023;17;0,071;R
ES0000000000003582CCPF;01/07/2023;18;0,112;R
ES0000000000003582CCPF;01/07/2023;19;0,152;R
ES0000000000003582CCPF;01/07/2023;20;0,163;R
ES0000000000003582CCPF;01/07/2023;21;0,123;R
ES0000000000003582CCPF;01/07/2023;22;0,072;R
ES0000000000003582CCPF;01/07/2023;23;0,115;R
ES0000000000003582CCPF;02/07/2023;0;0,157;R
ES0000000000003582CCPF;02/07/2023;1;0,163;R
ES0000000000003582CCPF;02/07/2023;2;0,115;R
ES0000000000003582CCPF;02/07/2023;3;0,073;R
ES0000000000003582CCPF;02/07/2023;4;0,115;R
ES0000000000003582CCPF;02/07/2023;5;0,164;R
ES0000000000003582CCPF;02/07/2023;6;0,163;R
ES0000000000003582CCPF;02/07/2023;7;0,101;R
ES0000000000003582CCPF;02/07/2023;8;0,072;R
ES0000000000003582CCPF;02/07/2023;9;0,127;R
ES0000000000003582CCPF;02/07/2023;10;0,186;R
ES0000000000003582CCPF;02/07/2023;11;0,166;R
ES0000000000003582CCPF;02/07/2023;12;0,163;R
ES0000000000003582CCPF;02/07/2023;13;0,088;R
ES0000000000003582CCPF;02/07/2023;14;0,111;R
ES0000000000003582CCPF;02/07/2023;15;0,121;R
ES0000000000003582CCPF;02/07/2023;16;0,163;R
ES0000000000003582CCPF;02/07/2023;17;0,162;R
ES0000000000003582CCPF;02/07/2023;18;0,074;R
ES0000000000003582CCPF;02/07/2023;19;0,098;R
ES0000000000003582CCPF;02/07/2023;20;0,148;R
ES0000000000003582CCPF;02/07/2023;21;0,163;R
ES0000000000003582CCPF;02/07/2023;22;0,149;R
ES0000000000003582CCPF;02/07/2023;23;0,072;R
ES0000000000003582CCPF;03/07/2023;0;0,104;R
ES0000000000003582CCPF;03/07/2023;1;0,155;R
ES0000000000003582CCPF;03/07/2023;2;0,164;R
ES0000000000003582CCPF;03/07/2023;3;0,136;R
ES0000000000003582CCPF;03/07/2023;4;0,073;R
ES0000000000003582CCPF;03/07/2023;5;0,114;R
ES0000000000003582CCPF;03/07/2023;6;0,154;R
ES0000000000003582CCPF;03/07/2023;7;0,163;R
ES0000000000003582CCPF;03/07/2023;8;0,123;R
ES0000000000003582CCPF;03/07/2023;9;0,073;R
ES0000000000003582CCPF;03/07/2023;10;0,115;R
ES0000000000003582CCPF;03/07/2023;11;0,278;R
ES0000000000003582CCPF;03/07/2023;12;0,796;R
ES0000000000003582CCPF;03/07/2023;13;0,327;R
ES0000000000003582CCPF;03/07/2023;14;0,142;R
ES0000000000003582CCPF;03/07/2023;15;0,072;R
ES0000000000003582CCPF;03/07/2023;16;0,137;R
ES0000000000003582CCPF;03/07/2023;17;0,165;R
ES0000000000003582CCPF;03/07/2023;18;0,163;R
ES0000000000003582CCPF;03/07/2023;19;0,108;R
ES0000000000003582CCPF;03/07/2023;20;0,073;R
ES0000000000003582CCPF;03/07/2023;21;0,152;R
ES0000000000003582CCPF;03/07/2023;22;0,165;R
ES0000000000003582CCPF;03/07/2023;23;0,164;R
ES0000000000003582CCPF;04/07/2023;0;0,096;R
ES0000000000003582CCPF;04/07/2023;1;0,078;R
ES0000000000003582CCPF;04/07/2023;2;0,154;R
ES0000000000003582CCPF;04/07/2023;3;0,165;R
ES0000000000003582CCPF;04/07/2023;4;0,163;R
ES0000000000003582CCPF;04/07/2023;5;0,088;R
ES0000000000003582CCPF;04/07/2023;6;0,086;R
ES0000000000003582CCPF;04/07/2023;7;0,155;R
ES0000000000003582CCPF;04/07/2023;8;0,163;R
ES0000000000003582CCPF;04/07/2023;9;0,187;R
ES0000000000003582CCPF;04/07/2023;10;0,165;R
ES0000000000003582CCPF;04/07/2023;11;0,072;R
ES0000000000003582CCPF;04/07/2023;12;0,117;R
ES0000000000003582CCPF;04/07/2023;13;0,153;R
ES0000000000003582CCPF;04/07/2023;14;0,164;R
ES0000000000003582CCPF;04/07/2023;15;0,152;R
ES0000000000003582CCPF;04/07/2023;16;0,073;R
ES0000000000003582CCPF;04/07/2023;17;0,116;R
ES0000000000003582CCPF;04/07/2023;18;0,162;R
ES0000000000003582CCPF;04/07/2023;19;0,163;R
ES0000000000003582CCPF;04/07/2023;20;0,138;R
ES0000000000003582CCPF;04/07/2023;21;0,072;R
ES0000000000003582CCPF;04/07/2023;22;0,124;R
ES0000000000003582CCPF;04/07/2023;23;0,164;R
ES0000000000003582CCPF;05/07/2023;0;0,164;R
ES0000000000003582CCPF;05/07/2023;1;0,124;R
ES0000000000003582CCPF;05/07/2023;2;0,072;R
ES0000000000003582CCPF;05/07/2023;3;0,134;R
ES0000000000003582CCPF;05/07/2023;4;0,165;R
ES0000000000003582CCPF;05/07/2023;5;0,165;R
ES0000000000003582CCPF;05/07/2023;6;0,11;R
ES0000000000003582CCPF;05/07/2023;7;0,072;R
ES0000000000003582CCPF;05/07/2023;8;0,146;R
ES0000000000003582CCPF;05/07/2023;9;0,184;R
ES0000000000003582CCPF;05/07/2023;10;0,169;R
ES0000000000003582CCPF;05/07/2023;11;0,421;R
ES0000000000003582CCPF;05/07/2023;12;0,591;R
ES0000000000003582CCPF;05/07/2023;13;0,259;R
ES0000000000003582CCPF;05/07/2023;14;0,255;R
ES0000000000003582CCPF;05/07/2023;15;0,164;R
ES0000000000003582CCPF;05/07/2023;16;0,16;R
ES0000000000003582CCPF;05/07/2023;17;0,073;R
ES0000000000003582CCPF;05/07/2023;18;0,122;R
ES0000000000003582CCPF;05/07/2023;19;0,205;R
ES0000000000003582CCPF;05/07/2023;20;0,167;R
ES0000000000003582CCPF;05/07/2023;21;0,206;R
ES0000000000003582CCPF;05/07/2023;22;0,474;R
ES0000000000003582CCPF;05/07/2023;23;0,574;R
ES0000000000003582CCPF;06/07/2023;0;3,518;R
ES0000000000003582CCPF;06/07/2023;1;2,48;R
ES0000000000003582CCPF;06/07/2023;2;0,97;R
ES0000000000003582CCPF;06/07/2023;3;0,468;R
ES0000000000003582CCPF;06/07/2023;4;0,303;R
ES0000000000003582CCPF;06/07/2023;5;0,326;R
ES0000000000003582CCPF;06/07/2023;6;0,363;R
ES0000000000003582CCPF;06/07/2023;7;0,256;R
ES0000000000003582CCPF;06/07/2023;8;0,098;R
ES0000000000003582CCPF;06/07/2023;9;0,261;R
ES0000000000003582CCPF;06/07/2023;10;0,237;R
ES0000000000003582CCPF;06/07/2023;11;0,224;R
ES0000000000003582CCPF;06/07/2023;12;0,198;R
ES0000000000003582CCPF;06/07/2023;13;0,136;R
ES0000000000003582CCPF;06/07/2023;14;0,121;R
ES0000000000003582CCPF;06/07/2023;15;2,304;R
ES0000000000003582CCPF;06/07/2023;16;2,817;R
ES0000000000003582CCPF;06/07/2023;17;1,016;R
ES0000000000003582CCPF;06/07/2023;18;0,862;R
ES0000000000003582CCPF;06/07/2023;19;1,175;R
ES0000000000003582CCPF;06/07/2023;20;1,14;R
ES0000000000003582CCPF;06/07/2023;21;0,882;R
ES0000000000003582CCPF;06/07/2023;22;0,808;R
ES0000000000003582CCPF;06/07/2023;23;0,806;R
ES0000000000003582CCPF;07/07/2023;0;0,597;R
ES0000000000003582CCPF;07/07/2023;1;0,348;R
ES0000000000003582CCPF;07/07/2023;2;0,183;R
ES0000000000003582CCPF;07/07/2023;3;0,2;R
ES0000000000003582CCPF;07/07/2023;4;0,193;R
ES0000000000003582CCPF;07/07/2023;5;0,136;R
ES0000000000003582CCPF;07/07/2023;6;0,166;R
ES0000000000003582CCPF;07/07/2023;7;0,151;R
ES0000000000003582CCPF;07/07/2023;8;0,111;R
ES0000000000003582CCPF;07/07/2023;9;0,221;R
ES0000000000003582CCPF;07/07/2023;10;0,236;R
ES0000000000003582CCPF;07/07/2023;11;0,396;R
ES0000000000003582CCPF;07/07/2023;12;0,965;R
ES0000000000003582CCPF;07/07/2023;13;0,595;R
ES0000000000003582CCPF;07/07/2023;14;0,583;R
ES0000000000003582CCPF;07/07/2023;15;1,376;R
ES0000000000003582CCPF;07/07/2023;16;0,991;R
ES0000000000003582CCPF;07/07/2023;17;0,866;R
ES0000000000003582CCPF;07/07/2023;18;0,607;R
ES0000000000003582CCPF;07/07/2023;19;0,176;R
ES0000000000003582CCPF;07/07/2023;20;0,176;R
ES0000000000003582CCPF;07/07/2023;21;0,174;R
ES0000000000003582CCPF;07/07/2023;22;0,28;R
ES0000000000003582CCPF;07/07/2023;23;0,536;R
ES0000000000003582CCPF;08/07/2023;0;0,823;R
ES0000000000003582CCPF;08/07/2023;1;0,776;R
ES0000000000003582CCPF;08/07/2023;2;0,145;R
ES0000000000003582CCPF;08/07/2023;3;0,126;R
ES0000000000003582CCPF;08/07/2023;4;0,185;R
ES0000000000003582CCPF;08/07/2023;5;0,193;R
ES0000000000003582CCPF;08/07/2023;6;0,174;R
ES0000000000003582CCPF;08/07/2023;7;0,095;R
ES0000000000003582CCPF;08/07/2023;8;0,141;R
ES0000000000003582CCPF;08/07/2023;9;0,161;R
ES0000000000003582CCPF;08/07/2023;10;0,271;R
ES0000000000003582CCPF;08/07/2023;11;0,374;R
ES0000000000003582CCPF;08/07/2023;12;0,239;R
ES0000000000003582CCPF;08/07/2023;13;0,837;R
ES0000000000003582CCPF;08/07/2023;14;0,707;R
ES0000000000003582CCPF;08/07/2023;15;0,733;R
ES0000000000003582CCPF;08/07/2023;16;0,724;R
ES0000000000003582CCPF;08/07/2023;17;0,807;R
ES0000000000003582CCPF;08/07/2023;18;0,764;R
ES0000000000003582CCPF;08/07/2023;19;0,423;R
ES0000000000003582CCPF;08/07/2023;20;0,363;R
ES0000000000003582CCPF;08/07/2023;21;0,375;R
ES0000000000003582CCPF;08/07/2023;22;0,422;R
ES0000000000003582CCPF;08/07/2023;23;0,416;R
ES0000000000003582CCPF;09/07/2023;0;0,365;R
ES0000000000003582CCPF;09/07/2023;1;0,314;R
ES0000000000003582CCPF;09/07/2023;2;0,36;R
ES0000000000003582CCPF;09/07/2023;3;0,343;R
ES0000000000003582CCPF;09/07/2023;4;0,339;R
ES0000000000003582CCPF;09/07/2023;5;0,272;R
ES0000000000003582CCPF;09/07/2023;6;0,253;R
ES0000000000003582CCPF;09/07/2023;7;0,302;R
ES0000000000003582CCPF;09/07/2023;8;0,343;R
ES0000000000003582CCPF;09/07/2023;9;0,332;R
ES0000000000003582CCPF;09/07/2023;10;0,328;R
ES0000000000003582CCPF;09/07/2023;11;0,249;R
ES0000000000003582CCPF;09/07/2023;12;0,347;R
ES0000000000003582CCPF;09/07/2023;13;0,395;R
ES0000000000003582CCPF;09/07/2023;14;0,427;R
ES0000000000003582CCPF;09/07/2023;15;0,401;R
ES0000000000003582CCPF;09/07/2023;16;0,353;R
ES0000000000003582CCPF;09/07/2023;17;0,411;R
ES0000000000003582CCPF;09/07/2023;18;0,454;R
ES0000000000003582CCPF;09/07/2023;19;0,455;R
ES0000000000003582CCPF;09/07/2023;20;0,388;R
ES0000000000003582CCPF;09/07/2023;21;0,368;R
ES0000000000003582CCPF;09/07/2023;22;0,415;R
ES0000000000003582CCPF;09/07/2023;23;0,434;R
ES0000000000003582CCPF;10/07/2023;0;0,426;R
ES0000000000003582CCPF;10/07/2023;1;0,329;R
ES0000000000003582CCPF;10/07/2023;2;0,359;R
ES0000000000003582CCPF;10/07/2023;3;0,38;R
ES0000000000003582CCPF;10/07/2023;4;0,371;R
ES0000000000003582CCPF;10/07/2023;5;0,318;R
ES0000000000003582CCPF;10/07/2023;6;0,247;R
ES0000000000003582CCPF;10/07/2023;7;0,289;R
ES0000000000003582CCPF;10/07/2023;8;0,33;R
ES0000000000003582CCPF;10/07/2023;9;0,354;R
ES0000000000003582CCPF;10/07/2023;10;0,36;R
ES0000000000003582CCPF;10/07/2023;11;0,349;R
ES0000000000003582CCPF;10/07/2023;12;0,424;R
ES0000000000003582CCPF;10/07/2023;13;1,076;R
ES0000000000003582CCPF;10/07/2023;14;0,68;R
ES0000000000003582CCPF;10/07/2023;15;0,467;R
ES0000000000003582CCPF;10/07/2023;16;0,374;R
ES0000000000003582CCPF;10/07/2023;17;0,425;R
ES0000000000003582CCPF;10/07/2023;18;0,461;R
ES0000000000003582CCPF;10/07/2023;19;0,474;R
ES0000000000003582CCPF;10/07/2023;20;0,432;R
ES0000000000003582CCPF;10/07/2023;21;0,376;R
ES0000000000003582CCPF;10/07/2023;22;0,429;R
ES0000000000003582CCPF;10/07/2023;23;0,454;R
ES0000000000003582CCPF;11/07/2023;0;0,446;R
ES0000000000003582CCPF;11/07/2023;1;0,381;R
ES0000000000003582CCPF;11/07/2023;2;0,336;R
ES0000000000003582CCPF;11/07/2023;3;0,404;R
ES0000000000003582CCPF;11/07/2023;4;0,412;R
ES0000000000003582CCPF;11/07/2023;5;0,405;R
ES0000000000003582CCPF;11/07/2023;6;0,385;R
ES0000000000003582CCPF;11/07/2023;7;0,357;R
ES0000000000003582CCPF;11/07/2023;8;0,349;R
ES0000000000003582CCPF;11/07/2023;9;0,398;R
ES0000000000003582CCPF;11/07/2023;10;0,406;R
ES0000000000003582CCPF;11/07/2023;11;0,331;R
ES0000000000003582CCPF;11/07/2023;12;0,379;R
ES0000000000003582CCPF;11/07/2023;13;0,433;R
ES0000000000003582CCPF;11/07/2023;14;0,456;R
ES0000000000003582CCPF;11/07/2023;15;0,456;R
ES0000000000003582CCPF;11/07/2023;16;0,376;R
ES0000000000003582CCPF;11/07/2023;17;0,446;R
ES0000000000003582CCPF;11/07/2023;18;0,493;R
ES0000000000003582CCPF;11/07/2023;19;0,498;R
ES0000000000003582CCPF;11/07/2023;20;0,642;R
ES0000000000003582CCPF;11/07/2023;21;0,514;R
ES0000000000003582CCPF;11/07/2023;22;0,489;R
ES0000000000003582CCPF;11/07/2023;23;0,426;R
ES0000000000003582CCPF;12/07/2023;0;0,393;R
ES0000000000003582CCPF;12/07/2023;1;0,498;R
ES0000000000003582CCPF;12/07/2023;2;0,449;R
ES0000000000003582CCPF;12/07/2023;3;0,438;R
ES0000000000003582CCPF;12/07/2023;4;0,432;R
ES0000000000003582CCPF;12/07/2023;5;0,369;R
ES0000000000003582CCPF;12/07/2023;6;0,301;R
ES0000000000003582CCPF;12/07/2023;7;0,361;R
ES0000000000003582CCPF;12/07/2023;8;0,418;R
ES0000000000003582CCPF;12/07/2023;9;0,342;R
ES0000000000003582CCPF;12/07/2023;10;0,214;R
ES0000000000003582CCPF;12/07/2023;11;0,096;R
ES0000000000003582CCPF;12/07/2023;12;0,901;R
ES0000000000003582CCPF;12/07/2023;13;4,055;R
ES0000000000003582CCPF;12/07/2023;14;4,262;R
ES0000000000003582CCPF;12/07/2023;15;0,19;R
ES0000000000003582CCPF;12/07/2023;16;0,144;R
ES0000000000003582CCPF;12/07/2023;17;0,165;R
ES0000000000003582CCPF;12/07/2023;18;0,164;R
ES0000000000003582CCPF;12/07/2023;19;0,148;R
ES0000000000003582CCPF;12/07/2023;20;0,073;R
ES0000000000003582CCPF;12/07/2023;21;0,119;R
ES0000000000003582CCPF;12/07/2023;22;0,149;R
ES0000000000003582CCPF;12/07/2023;23;0,17;R
ES0000000000003582CCPF;13/07/2023;0;0,167;R
ES0000000000003582CCPF;13/07/2023;1;0,165;R
ES0000000000003582CCPF;13/07/2023;2;0,143;R
ES0000000000003582CCPF;13/07/2023;3;0,073;R
ES0000000000003582CCPF;13/07/2023;4;0,122;R
ES0000000000003582CCPF;13/07/2023;5;0,145;R
ES0000000000003582CCPF;13/07/2023;6;0,165;R
ES0000000000003582CCPF;13/07/2023;7;0,165;R
ES0000000000003582CCPF;13/07/2023;8;0,113;R
ES0000000000003582CCPF;13/07/2023;9;0,092;R
ES0000000000003582CCPF;13/07/2023;10;0,1;R
ES0000000000003582CCPF;13/07/2023;11;0,162;R
ES0000000000003582CCPF;13/07/2023;12;0,164;R
ES0000000000003582CCPF;13/07/2023;13;0,165;R
ES0000000000003582CCPF;13/07/2023;14;0,113;R
ES0000000000003582CCPF;13/07/2023;15;0,09;R
ES0000000000003582CCPF;13/07/2023;16;0,103;R
ES0000000000003582CCPF;13/07/2023;17;0,164;R
ES0000000000003582CCPF;13/07/2023;18;0,166;R
ES0000000000003582CCPF;13/07/2023;19;0,164;R
ES0000000000003582CCPF;13/07/2023;20;0,124;R
ES0000000000003582CCPF;13/07/2023;21;0,081;R
ES0000000000003582CCPF;13/07/2023;22;0,185;R
ES0000000000003582CCPF;13/07/2023;23;0,164;R
ES0000000000003582CCPF;14/07/2023;0;0,165;R
ES0000000000003582CCPF;14/07/2023;1;0,165;R
ES0000000000003582CCPF;14/07/2023;2;0,143;R
ES0000000000003582CCPF;14/07/2023;3;0,073;R
ES0000000000003582CCPF;14/07/2023;4;0,122;R
ES0000000000003582CCPF;14/07/2023;5;0,143;R
ES0000000000003582CCPF;14/07/2023;6;0,166;R
ES0000000000003582CCPF;14/07/2023;7;0,165;R
ES0000000000003582CCPF;14/07/2023;8;0,142;R
ES0000000000003582CCPF;14/07/2023;9;0,073;R
ES0000000000003582CCPF;14/07/2023;10;0,12;R
ES0000000000003582CCPF;14/07/2023;11;0,136;R
ES0000000000003582CCPF;14/07/2023;12;4,078;R
ES0000000000003582CCPF;14/07/2023;13;4,893;R
ES0000000000003582CCPF;14/07/2023;14;5,078;R
ES0000000000003582CCPF;14/07/2023;15;1,4;R
ES0000000000003582CCPF;14/07/2023;16;0,168;R
ES0000000000003582CCPF;14/07/2023;17;0,168;R
ES0000000000003582CCPF;14/07/2023;18;0,19;R
ES0000000000003582CCPF;14/07/2023;19;0,168;R
ES0000000000003582CCPF;14/07/2023;20;0,168;R
ES0000000000003582CCPF;14/07/2023;21;0,166;R
ES0000000000003582CCPF;14/07/2023;22;0,165;R
ES0000000000003582CCPF;14/07/2023;23;0,166;R
ES0000000000003582CCPF;15/07/2023;0;0,118;R
ES0000000000003582CCPF;15/07/2023;1;0,106;R
ES0000000000003582CCPF;15/07/2023;2;0,138;R
ES0000000000003582CCPF;15/07/2023;3;0,166;R
ES0000000000003582CCPF;15/07/2023;4;0,141;R
ES0000000000003582CCPF;15/07/2023;5;0,099;R
ES0000000000003582CCPF;15/07/2023;6;0,136;R
ES0000000000003582CCPF;15/07/2023;7;0,166;R
ES0000000000003582CCPF;15/07/2023;8;0,148;R
ES0000000000003582CCPF;15/07/2023;9;0,088;R
ES0000000000003582CCPF;15/07/2023;10;0,138;R
ES0000000000003582CCPF;15/07/2023;11;0,165;R
ES0000000000003582CCPF;15/07/2023;12;0,162;R
ES0000000000003582CCPF;15/07/2023;13;0,073;R
ES0000000000003582CCPF;15/07/2023;14;0,14;R
ES0000000000003582CCPF;15/07/2023;15;0,185;R
ES0000000000003582CCPF;15/07/2023;16;0,171;R
ES0000000000003582CCPF;15/07/2023;17;0,166;R
ES0000000000003582CCPF;15/07/2023;18;0,097;R
ES0000000000003582CCPF;15/07/2023;19;0,122;R
ES0000000000003582CCPF;15/07/2023;20;0,167;R
ES0000000000003582CCPF;15/07/2023;21;0,165;R
ES0000000000003582CCPF;15/07/2023;22;0,097;R
ES0000000000003582CCPF;15/07/2023;23;0,117;R
ES0000000000003582CCPF;16/07/2023;0;0,167;R
ES0000000000003582CCPF;16/07/2023;1;0,165;R
ES0000000000003582CCPF;16/07/2023;2;0,1;R
ES0000000000003582CCPF;16/07/2023;3;0,111;R
ES0000000000003582CCPF;16/07/2023;4;0,166;R
ES0000000000003582CCPF;16/07/2023;5;0,166;R
ES0000000000003582CCPF;16/07/2023;6;0,102;R
ES0000000000003582CCPF;16/07/2023;7;0,108;R
ES0000000000003582CCPF;16/07/2023;8;0,166;R
ES0000000000003582CCPF;16/07/2023;9;0,165;R
ES0000000000003582CCPF;16/07/2023;10;0,103;R
ES0000000000003582CCPF;16/07/2023;11;0,106;R
ES0000000000003582CCPF;16/07/2023;12;0,165;R
ES0000000000003582CCPF;16/07/2023;13;0,164;R
ES0000000000003582CCPF;16/07/2023;14;0,188;R
ES0000000000003582CCPF;16/07/2023;15;0,128;R
ES0000000000003582CCPF;16/07/2023;16;0,109;R
ES0000000000003582CCPF;16/07/2023;17;0,15;R
ES0000000000003582CCPF;16/07/2023;18;0,165;R
ES0000000000003582CCPF;16/07/2023;19;0,133;R
ES0000000000003582CCPF;16/07/2023;20;0,107;R
ES0000000000003582CCPF;16/07/2023;21;0,141;R
ES0000000000003582CCPF;16/07/2023;22;0,165;R
ES0000000000003582CCPF;16/07/2023;23;0,138;R
ES0000000000003582CCPF;17/07/2023;0;0,102;R
ES0000000000003582CCPF;17/07/2023;1;0,138;R
ES0000000000003582CCPF;17/07/2023;2;0,165;R
ES0000000000003582CCPF;17/07/2023;3;0,143;R
ES0000000000003582CCPF;17/07/2023;4;0,096;R
ES0000000000003582CCPF;17/07/2023;5;0,139;R
ES0000000000003582CCPF;17/07/2023;6;0,165;R
ES0000000000003582CCPF;17/07/2023;7;0,146;R
ES0000000000003582CCPF;17/07/2023;8;0,091;R
ES0000000000003582CCPF;17/07/2023;9;0,138;R
ES0000000000003582CCPF;17/07/2023;10;0,166;R
ES0000000000003582CCPF;17/07/2023;11;2,409;R
ES0000000000003582CCPF;17/07/2023;12;5,053;R
ES0000000000003582CCPF;17/07/2023;13;5,11;R
ES0000000000003582CCPF;17/07/2023;14;2,097;R
ES0000000000003582CCPF;17/07/2023;15;0,164;R
ES0000000000003582CCPF;17/07/2023;16;0,108;R
ES0000000000003582CCPF;17/07/2023;17;0,106;R
ES0000000000003582CCPF;17/07/2023;18;0,159;R
ES0000000000003582CCPF;17/07/2023;19;0,165;R
ES0000000000003582CCPF;17/07/2023;20;0,12;R
ES0000000000003582CCPF;17/07/2023;21;0,106;R
ES0000000000003582CCPF;17/07/2023;22;0,147;R
ES0000000000003582CCPF;17/07/2023;23;0,165;R
ES0000000000003582CCPF;18/07/2023;0;0,135;R
ES0000000000003582CCPF;18/07/2023;1;0,097;R
ES0000000000003582CCPF;18/07/2023;2;0,141;R
ES0000000000003582CCPF;18/07/2023;3;0,164;R
ES0000000000003582CCPF;18/07/2023;4;0,152;R
ES0000000000003582CCPF;18/07/2023;5;0,081;R
ES0000000000003582CCPF;18/07/2023;6;0,187;R
ES0000000000003582CCPF;18/07/2023;7;0,168;R
ES0000000000003582CCPF;18/07/2023;8;0,166;R
ES0000000000003582CCPF;18/07/2023;9;0,112;R
ES0000000000003582CCPF;18/07/2023;10;0,109;R
ES0000000000003582CCPF;18/07/2023;11;0,165;R
ES0000000000003582CCPF;18/07/2023;12;0,165;R
ES0000000000003582CCPF;18/07/2023;13;0,124;R
ES0000000000003582CCPF;18/07/2023;14;0,107;R
ES0000000000003582CCPF;18/07/2023;15;0,15;R
ES0000000000003582CCPF;18/07/2023;16;0,164;R
ES0000000000003582CCPF;18/07/2023;17;0,147;R
ES0000000000003582CCPF;18/07/2023;18;0,093;R
ES0000000000003582CCPF;18/07/2023;19;0,141;R
ES0000000000003582CCPF;18/07/2023;20;0,165;R
ES0000000000003582CCPF;18/07/2023;21;0,165;R
ES0000000000003582CCPF;18/07/2023;22;0,078;R
ES0000000000003582CCPF;18/07/2023;23;0,138;R
ES0000000000003582CCPF;19/07/2023;0;0,166;R
ES0000000000003582CCPF;19/07/2023;1;0,165;R
ES0000000000003582CCPF;19/07/2023;2;0,101;R
ES0000000000003582CCPF;19/07/2023;3;0,116;R
ES0000000000003582CCPF;19/07/2023;4;0,186;R
ES0000000000003582CCPF;19/07/2023;5;0,169;R
ES0000000000003582CCPF;19/07/2023;6;0,167;R
ES0000000000003582CCPF;19/07/2023;7;0,156;R
ES0000000000003582CCPF;19/07/2023;8;0,091;R
ES0000000000003582CCPF;19/07/2023;9;0,15;R
ES0000000000003582CCPF;19/07/2023;10;0,166;R
ES0000000000003582CCPF;19/07/2023;11;1,775;R
ES0000000000003582CCPF;19/07/2023;12;4,656;R
ES0000000000003582CCPF;19/07/2023;13;5,018;R
ES0000000000003582CCPF;19/07/2023;14;5,116;R
ES0000000000003582CCPF;19/07/2023;15;0,785;R
ES0000000000003582CCPF;19/07/2023;16;0,193;R
ES0000000000003582CCPF;19/07/2023;17;0,172;R
ES0000000000003582CCPF;19/07/2023;18;0,171;R
ES0000000000003582CCPF;19/07/2023;19;0,17;R
ES0000000000003582CCPF;19/07/2023;20;0,168;R
ES0000000000003582CCPF;19/07/2023;21;0,169;R
ES0000000000003582CCPF;19/07/2023;22;0,167;R
ES0000000000003582CCPF;19/07/2023;23;0,164;R
ES0000000000003582CCPF;20/07/2023;0;0,156;R
ES0000000000003582CCPF;20/07/2023;1;0,164;R
ES0000000000003582CCPF;20/07/2023;2;0,164;R
ES0000000000003582CCPF;20/07/2023;3;0,16;R
ES0000000000003582CCPF;20/07/2023;4;0,153;R
ES0000000000003582CCPF;20/07/2023;5;0,164;R
ES0000000000003582CCPF;20/07/2023;6;0,163;R
ES0000000000003582CCPF;20/07/2023;7;0,153;R
ES0000000000003582CCPF;20/07/2023;8;0,182;R
ES0000000000003582CCPF;20/07/2023;9;0,167;R
ES0000000000003582CCPF;20/07/2023;10;0,164;R
ES0000000000003582CCPF;20/07/2023;11;0,16;R
ES0000000000003582CCPF;20/07/2023;12;0,152;R
ES0000000000003582CCPF;20/07/2023;13;0,161;R
ES0000000000003582CCPF;20/07/2023;14;0,164;R
ES0000000000003582CCPF;20/07/2023;15;0,153;R
ES0000000000003582CCPF;20/07/2023;16;0,156;R
ES0000000000003582CCPF;20/07/2023;17;0,161;R
ES0000000000003582CCPF;20/07/2023;18;0,158;R
ES0000000000003582CCPF;20/07/2023;19;0,151;R
ES0000000000003582CCPF;20/07/2023;20;0,16;R
ES0000000000003582CCPF;20/07/2023;21;0,161;R
ES0000000000003582CCPF;20/07/2023;22;0,15;R
ES0000000000003582CCPF;20/07/2023;23;0,158;R
ES0000000000003582CCPF;21/07/2023;0;0,183;R
ES0000000000003582CCPF;21/07/2023;1;0,166;R
ES0000000000003582CCPF;21/07/2023;2;0,159;R
ES0000000000003582CCPF;21/07/2023;3;0,153;R
ES0000000000003582CCPF;21/07/2023;4;0,162;R
ES0000000000003582CCPF;21/07/2023;5;0,162;R
ES0000000000003582CCPF;21/07/2023;6;0,152;R
ES0000000000003582CCPF;21/07/2023;7;0,157;R
ES0000000000003582CCPF;21/07/2023;8;0,161;R
ES0000000000003582CCPF;21/07/2023;9;0,156;R
ES0000000000003582CCPF;21/07/2023;10;0,151;R
ES0000000000003582CCPF;21/07/2023;11;0,196;R
ES0000000000003582CCPF;21/07/2023;12;1,218;R
ES0000000000003582CCPF;21/07/2023;13;4,414;R
ES0000000000003582CCPF;21/07/2023;14;3,897;R
ES0000000000003582CCPF;21/07/2023;15;0,438;R
ES0000000000003582CCPF;21/07/2023;16;0,096;R
ES0000000000003582CCPF;21/07/2023;17;0,109;R
ES0000000000003582CCPF;21/07/2023;18;0,165;R
ES0000000000003582CCPF;21/07/2023;19;0,164;R
ES0000000000003582CCPF;21/07/2023;20;0,094;R
ES0000000000003582CCPF;21/07/2023;21;0,124;R
ES0000000000003582CCPF;21/07/2023;22;0,165;R
ES0000000000003582CCPF;21/07/2023;23;0,165;R
ES0000000000003582CCPF;22/07/2023;0;0,086;R
ES0000000000003582CCPF;22/07/2023;1;0,133;R
ES0000000000003582CCPF;22/07/2023;2;0,166;R
ES0000000000003582CCPF;22/07/2023;3;0,188;R
ES0000000000003582CCPF;22/07/2023;4;0,167;R
ES0000000000003582CCPF;22/07/2023;5;0,115;R
ES0000000000003582CCPF;22/07/2023;6;0,118;R
ES0000000000003582CCPF;22/07/2023;7;0,167;R
ES0000000000003582CCPF;22/07/2023;8;0,158;R
ES0000000000003582CCPF;22/07/2023;9;0,109;R
ES0000000000003582CCPF;22/07/2023;10;0,122;R
ES0000000000003582CCPF;22/07/2023;11;0,165;R
ES0000000000003582CCPF;22/07/2023;12;0,142;R
ES0000000000003582CCPF;22/07/2023;13;0,111;R
ES0000000000003582CCPF;22/07/2023;14;0,138;R
ES0000000000003582CCPF;22/07/2023;15;0,165;R
ES0000000000003582CCPF;22/07/2023;16;0,128;R
ES0000000000003582CCPF;22/07/2023;17;0,111;R
ES0000000000003582CCPF;22/07/2023;18;0,151;R
ES0000000000003582CCPF;22/07/2023;19;0,164;R
ES0000000000003582CCPF;22/07/2023;20;0,115;R
ES0000000000003582CCPF;22/07/2023;21;0,11;R
ES0000000000003582CCPF;22/07/2023;22;0,164;R
ES0000000000003582CCPF;22/07/2023;23;0,165;R
ES0000000000003582CCPF;23/07/2023;0;0,101;R
ES0000000000003582CCPF;23/07/2023;1;0,122;R
ES0000000000003582CCPF;23/07/2023;2;0,189;R
ES0000000000003582CCPF;23/07/2023;3;0,168;R
ES0000000000003582CCPF;23/07/2023;4;0,167;R
ES0000000000003582CCPF;23/07/2023;5;0,112;R
ES0000000000003582CCPF;23/07/2023;6;0,129;R
ES0000000000003582CCPF;23/07/2023;7;0,164;R
ES0000000000003582CCPF;23/07/2023;8;0,165;R
ES0000000000003582CCPF;23/07/2023;9;0,094;R
ES0000000000003582CCPF;23/07/2023;10;0,126;R
ES0000000000003582CCPF;23/07/2023;11;0,166;R
ES0000000000003582CCPF;23/07/2023;12;0,158;R
ES0000000000003582CCPF;23/07/2023;13;0,098;R
ES0000000000003582CCPF;23/07/2023;14;0,132;R
ES0000000000003582CCPF;23/07/2023;15;0,165;R
ES0000000000003582CCPF;23/07/2023;16;0,149;R
ES0000000000003582CCPF;23/07/2023;17;0,107;R
ES0000000000003582CCPF;23/07/2023;18;1,008;R
ES0000000000003582CCPF;23/07/2023;19;4,467;R
ES0000000000003582CCPF;23/07/2023;20;5,356;R
ES0000000000003582CCPF;23/07/2023;21;5,24;R
ES0000000000003582CCPF;23/07/2023;22;5,045;R
ES0000000000003582CCPF;23/07/2023;23;4,513;R
ES0000000000003582CCPF;24/07/2023;0;2,801;R
ES0000000000003582CCPF;24/07/2023;1;1,88;R
ES0000000000003582CCPF;24/07/2023;2;0,198;R
ES0000000000003582CCPF;24/07/2023;3;0,188;R
ES0000000000003582CCPF;24/07/2023;4;0,185;R
ES0000000000003582CCPF;24/07/2023;5;0,144;R
ES0000000000003582CCPF;24/07/2023;6;0,184;R
ES0000000000003582CCPF;24/07/2023;7;0,143;R
ES0000000000003582CCPF;24/07/2023;8;0,128;R
ES0000000000003582CCPF;24/07/2023;9;0,282;R
ES0000000000003582CCPF;24/07/2023;10;0,298;R
ES0000000000003582CCPF;24/07/2023;11;0,487;R
ES0000000000003582CCPF;24/07/2023;12;0,676;R
ES0000000000003582CCPF;24/07/2023;13;2,265;R
ES0000000000003582CCPF;24/07/2023;14;2,62;R
ES0000000000003582CCPF;24/07/2023;15;1,962;R
ES0000000000003582CCPF;24/07/2023;16;1,661;R
ES0000000000003582CCPF;24/07/2023;17;1,24;R
ES0000000000003582CCPF;24/07/2023;18;1,25;R
ES0000000000003582CCPF;24/07/2023;19;0,918;R
ES0000000000003582CCPF;24/07/2023;20;2,41;R
ES0000000000003582CCPF;24/07/2023;21;1,6;R
ES0000000000003582CCPF;24/07/2023;22;0,155;R
ES0000000000003582CCPF;24/07/2023;23;0,087;R
ES0000000000003582CCPF;25/07/2023;0;0,161;R
ES0000000000003582CCPF;25/07/2023;1;0,173;R
ES0000000000003582CCPF;25/07/2023;2;0,116;R
ES0000000000003582CCPF;25/07/2023;3;0,119;R
ES0000000000003582CCPF;25/07/2023;4;0,163;R
ES0000000000003582CCPF;25/07/2023;5;0,174;R
ES0000000000003582CCPF;25/07/2023;6;0,091;R
ES0000000000003582CCPF;25/07/2023;7;0,122;R
ES0000000000003582CCPF;25/07/2023;8;0,173;R
ES0000000000003582CCPF;25/07/2023;9;0,167;R
ES0000000000003582CCPF;25/07/2023;10;0,082;R
ES0000000000003582CCPF;25/07/2023;11;0,134;R
ES0000000000003582CCPF;25/07/2023;12;0,173;R
ES0000000000003582CCPF;25/07/2023;13;0,196;R
ES0000000000003582CCPF;25/07/2023;14;0,165;R
ES0000000000003582CCPF;25/07/2023;15;0,108;R
ES0000000000003582CCPF;25/07/2023;16;0,124;R
ES0000000000003582CCPF;25/07/2023;17;0,175;R
ES0000000000003582CCPF;25/07/2023;18;0,15;R
ES0000000000003582CCPF;25/07/2023;19;0,099;R
ES0000000000003582CCPF;25/07/2023;20;0,146;R
ES0000000000003582CCPF;25/07/2023;21;0,173;R
ES0000000000003582CCPF;25/07/2023;22;0,134;R
ES0000000000003582CCPF;25/07/2023;23;0,105;R
ES0000000000003582CCPF;26/07/2023;0;0,153;R
ES0000000000003582CCPF;26/07/2023;1;0,173;R
ES0000000000003582CCPF;26/07/2023;2;0,119;R
ES0000000000003582CCPF;26/07/2023;3;0,117;R
ES0000000000003582CCPF;26/07/2023;4;0,157;R
ES0000000000003582CCPF;26/07/2023;5;0,173;R
ES0000000000003582CCPF;26/07/2023;6;0,104;R
ES0000000000003582CCPF;26/07/2023;7;0,124;R
ES0000000000003582CCPF;26/07/2023;8;0,163;R
ES0000000000003582CCPF;26/07/2023;9;0,172;R
ES0000000000003582CCPF;26/07/2023;10;0,087;R
ES0000000000003582CCPF;26/07/2023;11;0,209;R
ES0000000000003582CCPF;26/07/2023;12;0,749;R
ES0000000000003582CCPF;26/07/2023;13;0,477;R
ES0000000000003582CCPF;26/07/2023;14;3,174;R
ES0000000000003582CCPF;26/07/2023;15;2,186;R
ES0000000000003582CCPF;26/07/2023;16;0,116;R
ES0000000000003582CCPF;26/07/2023;17;0,165;R
ES0000000000003582CCPF;26/07/2023;18;0,137;R
ES0000000000003582CCPF;26/07/2023;19;0,093;R
ES0000000000003582CCPF;26/07/2023;20;0,162;R
ES0000000000003582CCPF;26/07/2023;21;0,163;R
ES0000000000003582CCPF;26/07/2023;22;0,078;R
ES0000000000003582CCPF;26/07/2023;23;0,128;R
ES0000000000003582CCPF;27/07/2023;0;0,188;R
ES0000000000003582CCPF;27/07/2023;1;0,258;R
ES0000000000003582CCPF;27/07/2023;2;0,174;R
ES0000000000003582CCPF;27/07/2023;3;0,104;R
ES0000000000003582CCPF;27/07/2023;4;0,117;R
ES0000000000003582CCPF;27/07/2023;5;0,16;R
ES0000000000003582CCPF;27/07/2023;6;0,143;R
ES0000000000003582CCPF;27/07/2023;7;0,083;R
ES0000000000003582CCPF;27/07/2023;8;0,117;R
ES0000000000003582CCPF;27/07/2023;9;0,164;R
ES0000000000003582CCPF;27/07/2023;10;0,18;R
ES0000000000003582CCPF;27/07/2023;11;0,127;R
ES0000000000003582CCPF;27/07/2023;12;0,159;R
ES0000000000003582CCPF;27/07/2023;13;0,191;R
ES0000000000003582CCPF;27/07/2023;14;0,133;R
ES0000000000003582CCPF;27/07/2023;15;0,084;R
ES0000000000003582CCPF;27/07/2023;16;1,19;R
ES0000000000003582CCPF;27/07/2023;17;2,44;R
ES0000000000003582CCPF;27/07/2023;18;1,515;R
ES0000000000003582CCPF;27/07/2023;19;3,901;R
ES0000000000003582CCPF;27/07/2023;20;2,865;R
ES0000000000003582CCPF;27/07/2023;21;0,383;R
ES0000000000003582CCPF;27/07/2023;22;0,133;R
ES0000000000003582CCPF;27/07/2023;23;0,1;R
ES0000000000003582CCPF;28/07/2023;0;0,141;R
ES0000000000003582CCPF;28/07/2023;1;0,164;R
ES0000000000003582CCPF;28/07/2023;2;0,102;R
ES0000000000003582CCPF;28/07/2023;3;0,113;R
ES0000000000003582CCPF;28/07/2023;4;0,146;R
ES0000000000003582CCPF;28/07/2023;5;0,162;R
ES0000000000003582CCPF;28/07/2023;6;0,156;R
ES0000000000003582CCPF;28/07/2023;7;0,125;R
ES0000000000003582CCPF;28/07/2023;8;0,164;R
ES0000000000003582CCPF;28/07/2023;9;0,128;R
ES0000000000003582CCPF;28/07/2023;10;0,095;R
ES0000000000003582CCPF;28/07/2023;11;0,151;R
ES0000000000003582CCPF;28/07/2023;12;0,238;R
ES0000000000003582CCPF;28/07/2023;13;1,07;R
ES0000000000003582CCPF;28/07/2023;14;4,34;R
ES0000000000003582CCPF;28/07/2023;15;1,831;R
ES0000000000003582CCPF;28/07/2023;16;0,163;R
ES0000000000003582CCPF;28/07/2023;17;0,13;R
ES0000000000003582CCPF;28/07/2023;18;0,078;R
ES0000000000003582CCPF;28/07/2023;19;0,141;R
ES0000000000003582CCPF;28/07/2023;20;0,163;R
ES0000000000003582CCPF;28/07/2023;21;0,132;R
ES0000000000003582CCPF;28/07/2023;22;0,077;R
ES0000000000003582CCPF;28/07/2023;23;0,142;R
ES0000000000003582CCPF;29/07/2023;0;0,164;R
ES0000000000003582CCPF;29/07/2023;1;0,13;R
ES0000000000003582CCPF;29/07/2023;2;0,079;R
ES0000000000003582CCPF;29/07/2023;3;0,144;R
ES0000000000003582CCPF;29/07/2023;4;0,163;R
ES0000000000003582CCPF;29/07/2023;5;0,187;R
ES0000000000003582CCPF;29/07/2023;6;0,127;R
ES0000000000003582CCPF;29/07/2023;7;0,117;R
ES0000000000003582CCPF;29/07/2023;8;0,122;R
ES0000000000003582CCPF;29/07/2023;9;0,164;R
ES0000000000003582CCPF;29/07/2023;10;0,118;R
ES0000000000003582CCPF;29/07/2023;11;0,113;R
ES0000000000003582CCPF;29/07/2023;12;0,133;R
ES0000000000003582CCPF;29/07/2023;13;0,179;R
ES0000000000003582CCPF;29/07/2023;14;0,114;R
ES0000000000003582CCPF;29/07/2023;15;0,105;R
ES0000000000003582CCPF;29/07/2023;16;0,142;R
ES0000000000003582CCPF;29/07/2023;17;0,163;R
ES0000000000003582CCPF;29/07/2023;18;0,115;R
ES0000000000003582CCPF;29/07/2023;19;0,102;R
ES0000000000003582CCPF;29/07/2023;20;0,143;R
ES0000000000003582CCPF;29/07/2023;21;0,163;R
ES0000000000003582CCPF;29/07/2023;22;0,118;R
ES0000000000003582CCPF;29/07/2023;23;0,098;R
ES0000000000003582CCPF;30/07/2023;0;0,147;R
ES0000000000003582CCPF;30/07/2023;1;0,162;R
ES0000000000003582CCPF;30/07/2023;2;0,12;R
ES0000000000003582CCPF;30/07/2023;3;0,099;R
ES0000000000003582CCPF;30/07/2023;4;0,145;R
ES0000000000003582CCPF;30/07/2023;5;0,185;R
ES0000000000003582CCPF;30/07/2023;6;0,169;R
ES0000000000003582CCPF;30/07/2023;7;0,118;R
ES0000000000003582CCPF;30/07/2023;8;0,117;R
ES0000000000003582CCPF;30/07/2023;9;0,142;R
ES0000000000003582CCPF;30/07/2023;10;0,164;R
ES0000000000003582CCPF;30/07/2023;11;0,11;R
ES0000000000003582CCPF;30/07/2023;12;0,115;R
ES0000000000003582CCPF;30/07/2023;13;0,148;R
ES0000000000003582CCPF;30/07/2023;14;0,162;R
ES0000000000003582CCPF;30/07/2023;15;0,112;R
ES0000000000003582CCPF;30/07/2023;16;0,151;R
ES0000000000003582CCPF;30/07/2023;17;0,192;R
ES0000000000003582CCPF;30/07/2023;18;0,191;R
ES0000000000003582CCPF;30/07/2023;19;0,105;R
ES0000000000003582CCPF;30/07/2023;20;0,158;R
ES0000000000003582CCPF;30/07/2023;21;0,191;R
ES0000000000003582CCPF;30/07/2023;22;0,192;R
ES0000000000003582CCPF;30/07/2023;23;0,114;R
ES0000000000003582CCPF;31/07/2023;0;0,149;R
ES0000000000003582CCPF;31/07/2023;1;0,201;R
ES0000000000003582CCPF;31/07/2023;2;0,208;R
ES0000000000003582CCPF;31/07/2023;3;0,193;R
ES0000000000003582CCPF;31/07/2023;4;0,132;R
ES0000000000003582CCPF;31/07/2023;5;0,147;R
ES0000000000003582CCPF;31/07/2023;6;0,189;R
ES0000000000003582CCPF;31/07/2023;7;0,191;R
ES0000000000003582CCPF;31/07/2023;8;0,138;R
ES0000000000003582CCPF;31/07/2023;9;0,143;R
ES0000000000003582CCPF;31/07/2023;10;0,178;R
ES0000000000003582CCPF;31/07/2023;11;0,191;R
ES0000000000003582CCPF;31/07/2023;12;0,15;R
ES0000000000003582CCPF;31/07/2023;13;0,139;R
ES0000000000003582CCPF;31/07/2023;14;0,168;R
ES0000000000003582CCPF;31/07/2023;15;0,191;R
ES0000000000003582CCPF;31/07/2023;16;0,172;R
ES0000000000003582CCPF;31/07/2023;17;0,119;R
ES0000000000003582CCPF;31/07/2023;18;0,171;R
ES0000000000003582CCPF;31/07/2023;19;0,192;R
ES0000000000003582CCPF;31/07/2023;20;0,188;R
ES0000000000003582CCPF;31/07/2023;21;0,102;R
ES0000000000003582CCPF;31/07/2023;22;0,172;R
ES0000000000003582CCPF;31/07/2023;23;0,193;R
ES0000000000003582CCPF;01/08/2023;0;0,215;R
ES0000000000003582CCPF;01/08/2023;1;0,194;R
ES0000000000003582CCPF;01/08/2023;2;0,14;R
ES0000000000003582CCPF;01/08/2023;3;0,145;R
ES0000000000003582CCPF;01/08/2023;4;0,195;R
ES0000000000003582CCPF;01/08/2023;5;0,192;R
ES0000000000003582CCPF;01/08/2023;6;0,134;R
ES0000000000003582CCPF;01/08/2023;7;0,145;R
ES0000000000003582CCPF;01/08/2023;8;0,188;R
ES0000000000003582CCPF;01/08/2023;9;0,192;R
ES0000000000003582CCPF;01/08/2023;10;0,152;R
ES0000000000003582CCPF;01/08/2023;11;0,145;R
ES0000000000003582CCPF;01/08/2023;12;0,166;R
ES0000000000003582CCPF;01/08/2023;13;0,192;R
ES0000000000003582CCPF;01/08/2023;14;0,178;R
ES0000000000003582CCPF;01/08/2023;15;0,118;R
ES0000000000003582CCPF;01/08/2023;16;0,17;R
ES0000000000003582CCPF;01/08/2023;17;0,193;R
ES0000000000003582CCPF;01/08/2023;18;0,192;R
ES0000000000003582CCPF;01/08/2023;19;0,111;R
ES0000000000003582CCPF;01/08/2023;20;0,164;R
ES0000000000003582CCPF;01/08/2023;21;0,192;R
ES0000000000003582CCPF;01/08/2023;22;0,214;R
ES0000000000003582CCPF;01/08/2023;23;0,195;R
ES0000000000003582CCPF;02/08/2023;0;0,154;R
ES0000000000003582CCPF;02/08/2023;1;0,149;R
ES0000000000003582CCPF;02/08/2023;2;0,177;R
ES0000000000003582CCPF;02/08/2023;3;0,194;R
ES0000000000003582CCPF;02/08/2023;4;0,177;R
ES0000000000003582CCPF;02/08/2023;5;0,136;R
ES0000000000003582CCPF;02/08/2023;6;0,158;R
ES0000000000003582CCPF;02/08/2023;7;0,193;R
ES0000000000003582CCPF;02/08/2023;8;0,193;R
ES0000000000003582CCPF;02/08/2023;9;0,115;R
ES0000000000003582CCPF;02/08/2023;10;0,162;R
ES0000000000003582CCPF;02/08/2023;11;0,192;R
ES0000000000003582CCPF;02/08/2023;12;0,192;R
ES0000000000003582CCPF;02/08/2023;13;2,224;R
ES0000000000003582CCPF;02/08/2023;14;2,682;R
ES0000000000003582CCPF;02/08/2023;15;2,563;R
ES0000000000003582CCPF;02/08/2023;16;2,426;R
ES0000000000003582CCPF;02/08/2023;17;2,352;R
ES0000000000003582CCPF;02/08/2023;18;2,294;R
ES0000000000003582CCPF;02/08/2023;19;2,189;R
ES0000000000003582CCPF;02/08/2023;20;2,528;R
ES0000000000003582CCPF;02/08/2023;21;2,675;R
ES0000000000003582CCPF;02/08/2023;22;0,226;R
ES0000000000003582CCPF;02/08/2023;23;0,164;R
ES0000000000003582CCPF;03/08/2023;0;0,165;R
ES0000000000003582CCPF;03/08/2023;1;0,164;R
ES0000000000003582CCPF;03/08/2023;2;0,163;R
ES0000000000003582CCPF;03/08/2023;3;0,078;R
ES0000000000003582CCPF;03/08/2023;4;0,148;R
ES0000000000003582CCPF;03/08/2023;5;0,163;R
ES0000000000003582CCPF;03/08/2023;6;0,116;R
ES0000000000003582CCPF;03/08/2023;7;0,115;R
ES0000000000003582CCPF;03/08/2023;8;0,154;R
ES0000000000003582CCPF;03/08/2023;9;0,163;R
ES0000000000003582CCPF;03/08/2023;10;0,105;R
ES0000000000003582CCPF;03/08/2023;11;0,114;R
ES0000000000003582CCPF;03/08/2023;12;0,156;R
ES0000000000003582CCPF;03/08/2023;13;0,163;R
ES0000000000003582CCPF;03/08/2023;14;0,128;R
ES0000000000003582CCPF;03/08/2023;15;0,101;R
ES0000000000003582CCPF;03/08/2023;16;0,139;R
ES0000000000003582CCPF;03/08/2023;17;0,164;R
ES0000000000003582CCPF;03/08/2023;18;0,182;R
ES0000000000003582CCPF;03/08/2023;19;0,169;R
ES0000000000003582CCPF;03/08/2023;20;0,114;R
ES0000000000003582CCPF;03/08/2023;21;0,104;R
ES0000000000003582CCPF;03/08/2023;22;0,166;R
ES0000000000003582CCPF;03/08/2023;23;0,165;R
ES0000000000003582CCPF;04/08/2023;0;0,105;R
ES0000000000003582CCPF;04/08/2023;1;0,116;R
ES0000000000003582CCPF;04/08/2023;2;0,15;R
ES0000000000003582CCPF;04/08/2023;3;0,165;R
ES0000000000003582CCPF;04/08/2023;4;0,137;R
ES0000000000003582CCPF;04/08/2023;5;0,104;R
ES0000000000003582CCPF;04/08/2023;6;0,12;R
ES0000000000003582CCPF;04/08/2023;7;0,165;R
ES0000000000003582CCPF;04/08/2023;8;0,163;R
ES0000000000003582CCPF;04/08/2023;9;0,082;R
ES0000000000003582CCPF;04/08/2023;10;0,114;R
ES0000000000003582CCPF;04/08/2023;11;0,163;R
ES0000000000003582CCPF;04/08/2023;12;0,164;R
ES0000000000003582CCPF;04/08/2023;13;0,118;R
ES0000000000003582CCPF;04/08/2023;14;0,114;R
ES0000000000003582CCPF;04/08/2023;15;0,129;R
ES0000000000003582CCPF;04/08/2023;16;0,164;R
ES0000000000003582CCPF;04/08/2023;17;0,184;R
ES0000000000003582CCPF;04/08/2023;18;0,152;R
ES0000000000003582CCPF;04/08/2023;19;0,119;R
ES0000000000003582CCPF;04/08/2023;20;0,108;R
ES0000000000003582CCPF;04/08/2023;21;0,166;R
ES0000000000003582CCPF;04/08/2023;22;0,163;R
ES0000000000003582CCPF;04/08/2023;23;0,087;R
ES0000000000003582CCPF;05/08/2023;0;0,113;R
ES0000000000003582CCPF;05/08/2023;1;0,162;R
ES0000000000003582CCPF;05/08/2023;2;0,164;R
ES0000000000003582CCPF;05/08/2023;3;0,113;R
ES0000000000003582CCPF;05/08/2023;4;0,114;R
ES0000000000003582CCPF;05/08/2023;5;0,127;R
ES0000000000003582CCPF;05/08/2023;6;0,163;R
ES0000000000003582CCPF;05/08/2023;7;0,144;R
ES0000000000003582CCPF;05/08/2023;8;0,092;R
ES0000000000003582CCPF;05/08/2023;9;0,113;R
ES0000000000003582CCPF;05/08/2023;10;0,165;R
ES0000000000003582CCPF;05/08/2023;11;0,163;R
ES0000000000003582CCPF;05/08/2023;12;0,086;R
ES0000000000003582CCPF;05/08/2023;13;0,114;R
ES0000000000003582CCPF;05/08/2023;14;0,154;R
ES0000000000003582CCPF;05/08/2023;15;0,163;R
ES0000000000003582CCPF;05/08/2023;16;0,118;R
ES0000000000003582CCPF;05/08/2023;17;0,138;R
ES0000000000003582CCPF;05/08/2023;18;0,161;R
ES0000000000003582CCPF;05/08/2023;19;0,164;R
ES0000000000003582CCPF;05/08/2023;20;0,164;R
ES0000000000003582CCPF;05/08/2023;21;0,085;R
ES0000000000003582CCPF;05/08/2023;22;0,118;R
ES0000000000003582CCPF;05/08/2023;23;0,164;R
ES0000000000003582CCPF;06/08/2023;0;0,163;R
ES0000000000003582CCPF;06/08/2023;1;0,106;R
ES0000000000003582CCPF;06/08/2023;2;0,113;R
ES0000000000003582CCPF;06/08/2023;3;0,132;R
ES0000000000003582CCPF;06/08/2023;4;0,164;R
ES0000000000003582CCPF;06/08/2023;5;0,14;R
ES0000000000003582CCPF;06/08/2023;6;0,09;R
ES0000000000003582CCPF;06/08/2023;7;0,119;R
ES0000000000003582CCPF;06/08/2023;8;0,164;R
ES0000000000003582CCPF;06/08/2023;9;0,163;R
ES0000000000003582CCPF;06/08/2023;10;0,08;R
ES0000000000003582CCPF;06/08/2023;11;0,114;R
ES0000000000003582CCPF;06/08/2023;12;0,154;R
ES0000000000003582CCPF;06/08/2023;13;0,163;R
ES0000000000003582CCPF;06/08/2023;14;0,119;R
ES0000000000003582CCPF;06/08/2023;15;0,107;R
ES0000000000003582CCPF;06/08/2023;16;0,128;R
ES0000000000003582CCPF;06/08/2023;17;0,185;R
ES0000000000003582CCPF;06/08/2023;18;0,166;R
ES0000000000003582CCPF;06/08/2023;19;0,154;R
ES0000000000003582CCPF;06/08/2023;20;0,105;R
ES0000000000003582CCPF;06/08/2023;21;0,103;R
ES0000000000003582CCPF;06/08/2023;22;0,164;R
ES0000000000003582CCPF;06/08/2023;23;0,164;R
ES0000000000003582CCPF;07/08/2023;0;0,091;R
ES0000000000003582CCPF;07/08/2023;1;0,115;R
ES0000000000003582CCPF;07/08/2023;2;0,154;R
ES0000000000003582CCPF;07/08/2023;3;0,164;R
ES0000000000003582CCPF;07/08/2023;4;0,118;R
ES0000000000003582CCPF;07/08/2023;5;0,114;R
ES0000000000003582CCPF;07/08/2023;6;0,12;R
ES0000000000003582CCPF;07/08/2023;7;0,164;R
ES0000000000003582CCPF;07/08/2023;8;0,149;R
ES0000000000003582CCPF;07/08/2023;9;0,082;R
ES0000000000003582CCPF;07/08/2023;10;0,118;R
ES0000000000003582CCPF;07/08/2023;11;0,164;R
ES0000000000003582CCPF;07/08/2023;12;0,162;R
ES0000000000003582CCPF;07/08/2023;13;0,094;R
ES0000000000003582CCPF;07/08/2023;14;0,114;R
ES0000000000003582CCPF;07/08/2023;15;0,147;R
ES0000000000003582CCPF;07/08/2023;16;0,18;R
ES0000000000003582CCPF;07/08/2023;17;0,169;R
ES0000000000003582CCPF;07/08/2023;18;0,123;R
ES0000000000003582CCPF;07/08/2023;19;0,118;R
ES0000000000003582CCPF;07/08/2023;20;0,13;R
ES0000000000003582CCPF;07/08/2023;21;0,164;R
ES0000000000003582CCPF;07/08/2023;22;0,148;R
ES0000000000003582CCPF;07/08/2023;23;0,093;R
ES0000000000003582CCPF;08/08/2023;0;0,118;R
ES0000000000003582CCPF;08/08/2023;1;0,165;R
ES0000000000003582CCPF;08/08/2023;2;0,163;R
ES0000000000003582CCPF;08/08/2023;3;0,092;R
ES0000000000003582CCPF;08/08/2023;4;0,114;R
ES0000000000003582CCPF;08/08/2023;5;0,152;R
ES0000000000003582CCPF;08/08/2023;6;0,164;R
ES0000000000003582CCPF;08/08/2023;7;0,12;R
ES0000000000003582CCPF;08/08/2023;8;0,112;R
ES0000000000003582CCPF;08/08/2023;9;0,125;R
ES0000000000003582CCPF;08/08/2023;10;0,163;R
ES0000000000003582CCPF;08/08/2023;11;0,149;R
ES0000000000003582CCPF;08/08/2023;12;0,206;R
ES0000000000003582CCPF;08/08/2023;13;4,603;R
ES0000000000003582CCPF;08/08/2023;14;2,027;R
ES0000000000003582CCPF;08/08/2023;15;0,854;R
ES0000000000003582CCPF;08/08/2023;16;0,766;R
ES0000000000003582CCPF;08/08/2023;17;1,092;R
ES0000000000003582CCPF;08/08/2023;18;3,62;R
ES0000000000003582CCPF;08/08/2023;19;2,549;R
ES0000000000003582CCPF;08/08/2023;20;0,949;R
ES0000000000003582CCPF;08/08/2023;21;0,16;R
ES0000000000003582CCPF;08/08/2023;22;0,077;R
ES0000000000003582CCPF;08/08/2023;23;0,112;R
ES0000000000003582CCPF;09/08/2023;0;0,164;R
ES0000000000003582CCPF;09/08/2023;1;0,164;R
ES0000000000003582CCPF;09/08/2023;2;0,104;R
ES0000000000003582CCPF;09/08/2023;3;0,115;R
ES0000000000003582CCPF;09/08/2023;4;0,138;R
ES0000000000003582CCPF;09/08/2023;5;0,164;R
ES0000000000003582CCPF;09/08/2023;6;0,133;R
ES0000000000003582CCPF;09/08/2023;7;0,096;R
ES0000000000003582CCPF;09/08/2023;8;0,127;R
ES0000000000003582CCPF;09/08/2023;9;0,185;R
ES0000000000003582CCPF;09/08/2023;10;0,165;R
ES0000000000003582CCPF;09/08/2023;11;0,682;R
ES0000000000003582CCPF;09/08/2023;12;5,08;R
ES0000000000003582CCPF;09/08/2023;13;5,489;R
ES0000000000003582CCPF;09/08/2023;14;5,289;R
ES0000000000003582CCPF;09/08/2023;15;3,428;R
ES0000000000003582CCPF;09/08/2023;16;0,081;R
ES0000000000003582CCPF;09/08/2023;17;0,101;R
ES0000000000003582CCPF;09/08/2023;18;0,131;R
ES0000000000003582CCPF;09/08/2023;19;0,152;R
ES0000000000003582CCPF;09/08/2023;20;0,111;R
ES0000000000003582CCPF;09/08/2023;21;0,091;R
ES0000000000003582CCPF;09/08/2023;22;0,115;R
ES0000000000003582CCPF;09/08/2023;23;0,152;R
ES0000000000003582CCPF;10/08/2023;0;0,139;R
ES0000000000003582CCPF;10/08/2023;1;0,063;R
ES0000000000003582CCPF;10/08/2023;2;0,116;R
ES0000000000003582CCPF;10/08/2023;3;0,152;R
ES0000000000003582CCPF;10/08/2023;4;0,152;R
ES0000000000003582CCPF;10/08/2023;5;0,076;R
ES0000000000003582CCPF;10/08/2023;6;0,103;R
ES0000000000003582CCPF;10/08/2023;7;0,15;R
ES0000000000003582CCPF;10/08/2023;8;0,183;R
ES0000000000003582CCPF;10/08/2023;9;0,165;R
ES0000000000003582CCPF;10/08/2023;10;0,114;R
ES0000000000003582CCPF;10/08/2023;11;0,115;R
ES0000000000003582CCPF;10/08/2023;12;0,136;R
ES0000000000003582CCPF;10/08/2023;13;0,163;R
ES0000000000003582CCPF;10/08/2023;14;0,147;R
ES0000000000003582CCPF;10/08/2023;15;0,094;R
ES0000000000003582CCPF;10/08/2023;16;0,124;R
ES0000000000003582CCPF;10/08/2023;17;0,163;R
ES0000000000003582CCPF;10/08/2023;18;0,162;R
ES0000000000003582CCPF;10/08/2023;19;0,087;R
ES0000000000003582CCPF;10/08/2023;20;0,116;R
ES0000000000003582CCPF;10/08/2023;21;0,163;R
ES0000000000003582CCPF;10/08/2023;22;0,162;R
ES0000000000003582CCPF;10/08/2023;23;0,121;R
ES0000000000003582CCPF;11/08/2023;0;0,112;R
ES0000000000003582CCPF;11/08/2023;1;0,134;R
ES0000000000003582CCPF;11/08/2023;2;0,163;R
ES0000000000003582CCPF;11/08/2023;3;0,154;R
ES0000000000003582CCPF;11/08/2023;4;0,082;R
ES0000000000003582CCPF;11/08/2023;5;0,128;R
ES0000000000003582CCPF;11/08/2023;6;0,17;R
ES0000000000003582CCPF;11/08/2023;7;0,179;R
ES0000000000003582CCPF;11/08/2023;8;0,165;R
ES0000000000003582CCPF;11/08/2023;9;0,109;R
ES0000000000003582CCPF;11/08/2023;10;0,116;R
ES0000000000003582CCPF;11/08/2023;11;2,736;R
ES0000000000003582CCPF;11/08/2023;12;4,811;R
ES0000000000003582CCPF;11/08/2023;13;4,898;R
ES0000000000003582CCPF;11/08/2023;14;3,787;R
ES0000000000003582CCPF;11/08/2023;15;0,313;R
ES0000000000003582CCPF;11/08/2023;16;0,163;R
ES0000000000003582CCPF;11/08/2023;17;0,161;R
ES0000000000003582CCPF;11/08/2023;18;0,073;R
ES0000000000003582CCPF;11/08/2023;19;0,126;R
ES0000000000003582CCPF;11/08/2023;20;0,163;R
ES0000000000003582CCPF;11/08/2023;21;0,163;R
ES0000000000003582CCPF;11/08/2023;22;0,101;R
ES0000000000003582CCPF;11/08/2023;23;0,114;R
ES0000000000003582CCPF;12/08/2023;0;0,146;R
ES0000000000003582CCPF;12/08/2023;1;0,162;R
ES0000000000003582CCPF;12/08/2023;2;0,134;R
ES0000000000003582CCPF;12/08/2023;3;0,097;R
ES0000000000003582CCPF;12/08/2023;4;0,133;R
ES0000000000003582CCPF;12/08/2023;5;0,185;R
ES0000000000003582CCPF;12/08/2023;6;0,165;R
ES0000000000003582CCPF;12/08/2023;7;0,164;R
ES0000000000003582CCPF;12/08/2023;8;0,106;R
ES0000000000003582CCPF;12/08/2023;9;0,102;R
ES0000000000003582CCPF;12/08/2023;10;0,164;R
ES0000000000003582CCPF;12/08/2023;11;0,163;R
ES0000000000003582CCPF;12/08/2023;12;0,122;R
ES0000000000003582CCPF;12/08/2023;13;0,115;R
ES0000000000003582CCPF;12/08/2023;14;0,136;R
ES0000000000003582CCPF;12/08/2023;15;0,163;R
ES0000000000003582CCPF;12/08/2023;16;0,162;R
ES0000000000003582CCPF;12/08/2023;17;0,08;R
ES0000000000003582CCPF;12/08/2023;18;0,128;R
ES0000000000003582CCPF;12/08/2023;19;0,163;R
ES0000000000003582CCPF;12/08/2023;20;0,162;R
ES0000000000003582CCPF;12/08/2023;21;0,12;R
ES0000000000003582CCPF;12/08/2023;22;0,115;R
ES0000000000003582CCPF;12/08/2023;23;0,138;R
ES0000000000003582CCPF;13/08/2023;0;0,164;R
ES0000000000003582CCPF;13/08/2023;1;0,162;R
ES0000000000003582CCPF;13/08/2023;2;0,08;R
ES0000000000003582CCPF;13/08/2023;3;0,13;R
ES0000000000003582CCPF;13/08/2023;4;0,186;R
ES0000000000003582CCPF;13/08/2023;5;0,166;R
ES0000000000003582CCPF;13/08/2023;6;0,164;R
ES0000000000003582CCPF;13/08/2023;7;0,162;R
ES0000000000003582CCPF;13/08/2023;8;0,076;R
ES0000000000003582CCPF;13/08/2023;9;0,155;R
ES0000000000003582CCPF;13/08/2023;10;0,163;R
ES0000000000003582CCPF;13/08/2023;11;0,162;R
ES0000000000003582CCPF;13/08/2023;12;0,106;R
ES0000000000003582CCPF;13/08/2023;13;0,115;R
ES0000000000003582CCPF;13/08/2023;14;0,156;R
ES0000000000003582CCPF;13/08/2023;15;0,163;R
ES0000000000003582CCPF;13/08/2023;16;0,162;R
ES0000000000003582CCPF;13/08/2023;17;0,082;R
ES0000000000003582CCPF;13/08/2023;18;0,131;R
ES0000000000003582CCPF;13/08/2023;19;0,164;R
ES0000000000003582CCPF;13/08/2023;20;0,162;R
ES0000000000003582CCPF;13/08/2023;21;0,138;R
ES0000000000003582CCPF;13/08/2023;22;0,107;R
ES0000000000003582CCPF;13/08/2023;23;0,133;R
ES0000000000003582CCPF;14/08/2023;0;0,179;R
ES0000000000003582CCPF;14/08/2023;1;0,171;R
ES0000000000003582CCPF;14/08/2023;2;0,165;R
ES0000000000003582CCPF;14/08/2023;3;0,127;R
ES0000000000003582CCPF;14/08/2023;4;0,121;R
ES0000000000003582CCPF;14/08/2023;5;0,139;R
ES0000000000003582CCPF;14/08/2023;6;0,164;R
ES0000000000003582CCPF;14/08/2023;7;0,164;R
ES0000000000003582CCPF;14/08/2023;8;0,099;R
ES0000000000003582CCPF;14/08/2023;9;0,115;R
ES0000000000003582CCPF;14/08/2023;10;0,165;R
ES0000000000003582CCPF;14/08/2023;11;0,352;R
ES0000000000003582CCPF;14/08/2023;12;4,993;R
ES0000000000003582CCPF;14/08/2023;13;5,161;R
ES0000000000003582CCPF;14/08/2023;14;4,685;R
ES0000000000003582CCPF;14/08/2023;15;0,873;R
ES0000000000003582CCPF;14/08/2023;16;0,153;R
ES0000000000003582CCPF;14/08/2023;17;0,153;R
ES0000000000003582CCPF;14/08/2023;18;0,095;R
ES0000000000003582CCPF;14/08/2023;19;0,112;R
ES0000000000003582CCPF;14/08/2023;20;0,153;R
ES0000000000003582CCPF;14/08/2023;21;0,152;R
ES0000000000003582CCPF;14/08/2023;22;0,113;R
ES0000000000003582CCPF;14/08/2023;23;0,105;R
ES0000000000003582CCPF;15/08/2023;0;0,126;R
ES0000000000003582CCPF;15/08/2023;1;0,152;R
ES0000000000003582CCPF;15/08/2023;2;0,15;R
ES0000000000003582CCPF;15/08/2023;3;0,071;R
ES0000000000003582CCPF;15/08/2023;4;0,122;R
ES0000000000003582CCPF;15/08/2023;5;0,154;R
ES0000000000003582CCPF;15/08/2023;6;0,153;R
ES0000000000003582CCPF;15/08/2023;7;0,092;R
ES0000000000003582CCPF;15/08/2023;8;0,114;R
ES0000000000003582CCPF;15/08/2023;9;0,156;R
ES0000000000003582CCPF;15/08/2023;10;0,162;R
ES0000000000003582CCPF;15/08/2023;11;0,185;R
ES0000000000003582CCPF;15/08/2023;12;0,152;R
ES0000000000003582CCPF;15/08/2023;13;0,12;R
ES0000000000003582CCPF;15/08/2023;14;0,121;R
ES0000000000003582CCPF;15/08/2023;15;0,163;R
ES0000000000003582CCPF;15/08/2023;16;0,163;R
ES0000000000003582CCPF;15/08/2023;17;0,096;R
ES0000000000003582CCPF;15/08/2023;18;0,124;R
ES0000000000003582CCPF;15/08/2023;19;0,164;R
ES0000000000003582CCPF;15/08/2023;20;0,162;R
ES0000000000003582CCPF;15/08/2023;21;0,134;R
ES0000000000003582CCPF;15/08/2023;22;0,114;R
ES0000000000003582CCPF;15/08/2023;23;0,132;R
ES0000000000003582CCPF;16/08/2023;0;0,164;R
ES0000000000003582CCPF;16/08/2023;1;0,163;R
ES0000000000003582CCPF;16/08/2023;2;0,085;R
ES0000000000003582CCPF;16/08/2023;3;0,132;R
ES0000000000003582CCPF;16/08/2023;4;0,163;R
ES0000000000003582CCPF;16/08/2023;5;0,164;R
ES0000000000003582CCPF;16/08/2023;6;0,111;R
ES0000000000003582CCPF;16/08/2023;7;0,115;R
ES0000000000003582CCPF;16/08/2023;8;0,152;R
ES0000000000003582CCPF;16/08/2023;9;0,185;R
ES0000000000003582CCPF;16/08/2023;10;0,166;R
ES0000000000003582CCPF;16/08/2023;11;0,164;R
ES0000000000003582CCPF;16/08/2023;12;0,144;R
ES0000000000003582CCPF;16/08/2023;13;0,375;R
ES0000000000003582CCPF;16/08/2023;14;4,668;R
ES0000000000003582CCPF;16/08/2023;15;0,405;R
ES0000000000003582CCPF;16/08/2023;16;0,127;R
ES0000000000003582CCPF;16/08/2023;17;0,115;R
ES0000000000003582CCPF;16/08/2023;18;0,137;R
ES0000000000003582CCPF;16/08/2023;19;0,163;R
ES0000000000003582CCPF;16/08/2023;20;0,149;R
ES0000000000003582CCPF;16/08/2023;21;0,091;R
ES0000000000003582CCPF;16/08/2023;22;0,138;R
ES0000000000003582CCPF;16/08/2023;23;0,183;R
ES0000000000003582CCPF;17/08/2023;0;0,167;R
ES0000000000003582CCPF;17/08/2023;1;0,165;R
ES0000000000003582CCPF;17/08/2023;2;0,108;R
ES0000000000003582CCPF;17/08/2023;3;0,114;R
ES0000000000003582CCPF;17/08/2023;4;0,164;R
ES0000000000003582CCPF;17/08/2023;5;0,164;R
ES0000000000003582CCPF;17/08/2023;6;0,12;R
ES0000000000003582CCPF;17/08/2023;7;0,116;R
ES0000000000003582CCPF;17/08/2023;8;0,144;R
ES0000000000003582CCPF;17/08/2023;9;0,162;R
ES0000000000003582CCPF;17/08/2023;10;0,144;R
ES0000000000003582CCPF;17/08/2023;11;0,1;R
ES0000000000003582CCPF;17/08/2023;12;0,135;R
ES0000000000003582CCPF;17/08/2023;13;0,163;R
ES0000000000003582CCPF;17/08/2023;14;0,163;R
ES0000000000003582CCPF;17/08/2023;15;0,081;R
ES0000000000003582CCPF;17/08/2023;16;0,138;R
ES0000000000003582CCPF;17/08/2023;17;0,163;R
ES0000000000003582CCPF;17/08/2023;18;0,163;R
ES0000000000003582CCPF;17/08/2023;19;0,105;R
ES0000000000003582CCPF;17/08/2023;20;0,116;R
ES0000000000003582CCPF;17/08/2023;21;0,18;R
ES0000000000003582CCPF;17/08/2023;22;0,167;R
ES0000000000003582CCPF;17/08/2023;23;0,164;R
ES0000000000003582CCPF;18/08/2023;0;0,164;R
ES0000000000003582CCPF;18/08/2023;1;0,084;R
ES0000000000003582CCPF;18/08/2023;2;0,145;R
ES0000000000003582CCPF;18/08/2023;3;0,164;R
ES0000000000003582CCPF;18/08/2023;4;0,163;R
ES0000000000003582CCPF;18/08/2023;5;0,111;R
ES0000000000003582CCPF;18/08/2023;6;0,113;R
ES0000000000003582CCPF;18/08/2023;7;0,156;R
ES0000000000003582CCPF;18/08/2023;8;0,162;R
ES0000000000003582CCPF;18/08/2023;9;0,15;R
ES0000000000003582CCPF;18/08/2023;10;0,09;R
ES0000000000003582CCPF;18/08/2023;11;0,138;R
ES0000000000003582CCPF;18/08/2023;12;0,167;R
ES0000000000003582CCPF;18/08/2023;13;3,374;R
ES0000000000003582CCPF;18/08/2023;14;4,805;R
ES0000000000003582CCPF;18/08/2023;15;0,313;R
ES0000000000003582CCPF;18/08/2023;16;0,157;R
ES0000000000003582CCPF;18/08/2023;17;0,152;R
ES0000000000003582CCPF;18/08/2023;18;0,176;R
ES0000000000003582CCPF;18/08/2023;19;0,127;R
ES0000000000003582CCPF;18/08/2023;20;0,108;R
ES0000000000003582CCPF;18/08/2023;21;0,121;R
ES0000000000003582CCPF;18/08/2023;22;0,153;R
ES0000000000003582CCPF;18/08/2023;23;0,143;R
ES0000000000003582CCPF;19/08/2023;0;0,088;R
ES0000000000003582CCPF;19/08/2023;1;0,116;R
ES0000000000003582CCPF;19/08/2023;2;0,153;R
ES0000000000003582CCPF;19/08/2023;3;0,151;R
ES0000000000003582CCPF;19/08/2023;4;0,071;R
ES0000000000003582CCPF;19/08/2023;5;0,121;R
ES0000000000003582CCPF;19/08/2023;6;0,153;R
ES0000000000003582CCPF;19/08/2023;7;0,152;R
ES0000000000003582CCPF;19/08/2023;8;0,091;R
ES0000000000003582CCPF;19/08/2023;9;0,114;R
ES0000000000003582CCPF;19/08/2023;10;0,157;R
ES0000000000003582CCPF;19/08/2023;11;0,163;R
ES0000000000003582CCPF;19/08/2023;12;0,122;R
ES0000000000003582CCPF;19/08/2023;13;0,114;R
ES0000000000003582CCPF;19/08/2023;14;0,141;R
ES0000000000003582CCPF;19/08/2023;15;0,162;R
ES0000000000003582CCPF;19/08/2023;16;0,185;R
ES0000000000003582CCPF;19/08/2023;17;0,163;R
ES0000000000003582CCPF;19/08/2023;18;0,116;R
ES0000000000003582CCPF;19/08/2023;19;0,114;R
ES0000000000003582CCPF;19/08/2023;20;0,164;R
ES0000000000003582CCPF;19/08/2023;21;0,162;R
ES0000000000003582CCPF;19/08/2023;22;0,094;R
ES0000000000003582CCPF;19/08/2023;23;0,127;R
ES0000000000003582CCPF;20/08/2023;0;0,164;R
ES0000000000003582CCPF;20/08/2023;1;0,163;R
ES0000000000003582CCPF;20/08/2023;2;0,112;R
ES0000000000003582CCPF;20/08/2023;3;0,116;R
ES0000000000003582CCPF;20/08/2023;4;0,155;R
ES0000000000003582CCPF;20/08/2023;5;0,163;R
ES0000000000003582CCPF;20/08/2023;6;0,132;R
ES0000000000003582CCPF;20/08/2023;7;0,112;R
ES0000000000003582CCPF;20/08/2023;8;0,134;R
ES0000000000003582CCPF;20/08/2023;9;0,163;R
ES0000000000003582CCPF;20/08/2023;10;0,157;R
ES0000000000003582CCPF;20/08/2023;11;0,089;R
ES0000000000003582CCPF;20/08/2023;12;0,134;R
ES0000000000003582CCPF;20/08/2023;13;0,186;R
ES0000000000003582CCPF;20/08/2023;14;0,164;R
ES0000000000003582CCPF;20/08/2023;15;0,165;R
ES0000000000003582CCPF;20/08/2023;16;0,116;R
ES0000000000003582CCPF;20/08/2023;17;0,119;R
ES0000000000003582CCPF;20/08/2023;18;0,159;R
ES0000000000003582CCPF;20/08/2023;19;0,164;R
ES0000000000003582CCPF;20/08/2023;20;0,141;R
ES0000000000003582CCPF;20/08/2023;21;0,114;R
ES0000000000003582CCPF;20/08/2023;22;0,133;R
ES0000000000003582CCPF;20/08/2023;23;0,164;R
ES0000000000003582CCPF;21/08/2023;0;0,163;R
ES0000000000003582CCPF;21/08/2023;1;0,089;R
ES0000000000003582CCPF;21/08/2023;2;0,134;R
ES0000000000003582CCPF;21/08/2023;3;0,164;R
ES0000000000003582CCPF;21/08/2023;4;0,164;R
ES0000000000003582CCPF;21/08/2023;5;0,103;R
ES0000000000003582CCPF;21/08/2023;6;0,12;R
ES0000000000003582CCPF;21/08/2023;7;0,164;R
ES0000000000003582CCPF;21/08/2023;8;0,163;R
ES0000000000003582CCPF;21/08/2023;9;0,131;R
ES0000000000003582CCPF;21/08/2023;10;0,117;R
ES0000000000003582CCPF;21/08/2023;11;0,708;R
ES0000000000003582CCPF;21/08/2023;12;2,624;R
ES0000000000003582CCPF;21/08/2023;13;3,679;R
ES0000000000003582CCPF;21/08/2023;14;5,0;R
ES0000000000003582CCPF;21/08/2023;15;0,703;R
ES0000000000003582CCPF;21/08/2023;16;0,123;R
ES0000000000003582CCPF;21/08/2023;17;0,163;R
ES0000000000003582CCPF;21/08/2023;18;0,163;R
ES0000000000003582CCPF;21/08/2023;19;0,124;R
ES0000000000003582CCPF;21/08/2023;20;0,101;R
ES0000000000003582CCPF;21/08/2023;21;0,161;R
ES0000000000003582CCPF;21/08/2023;22;0,163;R
ES0000000000003582CCPF;21/08/2023;23;0,155;R
ES0000000000003582CCPF;22/08/2023;0;0,071;R
ES0000000000003582CCPF;22/08/2023;1;0,158;R
ES0000000000003582CCPF;22/08/2023;2;0,164;R
ES0000000000003582CCPF;22/08/2023;3;0,163;R
ES0000000000003582CCPF;22/08/2023;4;0,092;R
ES0000000000003582CCPF;22/08/2023;5;0,126;R
ES0000000000003582CCPF;22/08/2023;6;0,183;R
ES0000000000003582CCPF;22/08/2023;7;0,167;R
ES0000000000003582CCPF;22/08/2023;8;0,165;R
ES0000000000003582CCPF;22/08/2023;9;0,149;R
ES0000000000003582CCPF;22/08/2023;10;0,126;R
ES0000000000003582CCPF;22/08/2023;11;4,501;R
ES0000000000003582CCPF;22/08/2023;12;4,908;R
ES0000000000003582CCPF;22/08/2023;13;4,957;R
ES0000000000003582CCPF;22/08/2023;14;4,545;R
ES0000000000003582CCPF;22/08/2023;15;4,21;R
ES0000000000003582CCPF;22/08/2023;16;1,468;R
ES0000000000003582CCPF;22/08/2023;17;0,185;R
ES0000000000003582CCPF;22/08/2023;18;0,173;R
ES0000000000003582CCPF;22/08/2023;19;0,174;R
ES0000000000003582CCPF;22/08/2023;20;0,169;R
ES0000000000003582CCPF;22/08/2023;21;3,582;R
ES0000000000003582CCPF;22/08/2023;22;5,725;R
ES0000000000003582CCPF;22/08/2023;23;5,458;R
ES0000000000003582CCPF;23/08/2023;0;4,886;R
ES0000000000003582CCPF;23/08/2023;1;1,827;R
ES0000000000003582CCPF;23/08/2023;2;0,561;R
ES0000000000003582CCPF;23/08/2023;3;1,657;R
ES0000000000003582CCPF;23/08/2023;4;1,381;R
ES0000000000003582CCPF;23/08/2023;5;0,354;R
ES0000000000003582CCPF;23/08/2023;6;0,104;R
ES0000000000003582CCPF;23/08/2023;7;0,165;R
ES0000000000003582CCPF;23/08/2023;8;0,186;R
ES0000000000003582CCPF;23/08/2023;9;0,194;R
ES0000000000003582CCPF;23/08/2023;10;0,242;R
ES0000000000003582CCPF;23/08/2023;11;0,265;R
ES0000000000003582CCPF;23/08/2023;12;3,582;R
ES0000000000003582CCPF;23/08/2023;13;3,568;R
ES0000000000003582CCPF;23/08/2023;14;3,219;R
ES0000000000003582CCPF;23/08/2023;15;3,136;R
ES0000000000003582CCPF;23/08/2023;16;2,11;R
ES0000000000003582CCPF;23/08/2023;17;2,014;R
ES0000000000003582CCPF;23/08/2023;18;1,013;R
ES0000000000003582CCPF;23/08/2023;19;1,001;R
ES0000000000003582CCPF;23/08/2023;20;2,015;R
ES0000000000003582CCPF;23/08/2023;21;3,298;R
ES0000000000003582CCPF;23/08/2023;22;2,613;R
ES0000000000003582CCPF;23/08/2023;23;3,343;R
ES0000000000003582CCPF;24/08/2023;0;0,322;R
ES0000000000003582CCPF;24/08/2023;1;0,189;R
ES0000000000003582CCPF;24/08/2023;2;0,182;R
ES0000000000003582CCPF;24/08/2023;3;0,137;R
ES0000000000003582CCPF;24/08/2023;4;0,182;R
ES0000000000003582CCPF;24/08/2023;5;0,134;R
ES0000000000003582CCPF;24/08/2023;6;0,404;R
ES0000000000003582CCPF;24/08/2023;7;0,193;R
ES0000000000003582CCPF;24/08/2023;8;0,176;R
ES0000000000003582CCPF;24/08/2023;9;0,175;R
ES0000000000003582CCPF;24/08/2023;10;0,171;R
ES0000000000003582CCPF;24/08/2023;11;0,1;R
ES0000000000003582CCPF;24/08/2023;12;0,156;R
ES0000000000003582CCPF;24/08/2023;13;0,174;R
ES0000000000003582CCPF;24/08/2023;14;0,161;R
ES0000000000003582CCPF;24/08/2023;15;0,083;R
ES0000000000003582CCPF;24/08/2023;16;0,172;R
ES0000000000003582CCPF;24/08/2023;17;0,174;R
ES0000000000003582CCPF;24/08/2023;18;0,165;R
ES0000000000003582CCPF;24/08/2023;19;0,083;R
ES0000000000003582CCPF;24/08/2023;20;0,164;R
ES0000000000003582CCPF;24/08/2023;21;0,174;R
ES0000000000003582CCPF;24/08/2023;22;0,171;R
ES0000000000003582CCPF;24/08/2023;23;0,092;R
ES0000000000003582CCPF;25/08/2023;0;0,155;R
ES0000000000003582CCPF;25/08/2023;1;0,195;R
ES0000000000003582CCPF;25/08/2023;2;0,177;R
ES0000000000003582CCPF;25/08/2023;3;0,176;R
ES0000000000003582CCPF;25/08/2023;4;0,144;R
ES0000000000003582CCPF;25/08/2023;5;0,118;R
ES0000000000003582CCPF;25/08/2023;6;0,175;R
ES0000000000003582CCPF;25/08/2023;7;0,174;R
ES0000000000003582CCPF;25/08/2023;8;0,133;R
ES0000000000003582CCPF;25/08/2023;9;0,107;R
ES0000000000003582CCPF;25/08/2023;10;0,176;R
ES0000000000003582CCPF;25/08/2023;11;3,649;R
ES0000000000003582CCPF;25/08/2023;12;5,061;R
ES0000000000003582CCPF;25/08/2023;13;4,491;R
ES0000000000003582CCPF;25/08/2023;14;3,073;R
ES0000000000003582CCPF;25/08/2023;15;1,146;R
ES0000000000003582CCPF;25/08/2023;16;0,166;R
ES0000000000003582CCPF;25/08/2023;17;0,125;R
ES0000000000003582CCPF;25/08/2023;18;0,075;R
ES0000000000003582CCPF;25/08/2023;19;0,178;R
ES0000000000003582CCPF;25/08/2023;20;0,178;R
ES0000000000003582CCPF;25/08/2023;21;0,167;R
ES0000000000003582CCPF;25/08/2023;22;0,167;R
ES0000000000003582CCPF;25/08/2023;23;0,12;R
ES0000000000003582CCPF;26/08/2023;0;0,109;R
ES0000000000003582CCPF;26/08/2023;1;0,167;R
ES0000000000003582CCPF;26/08/2023;2;0,168;R
ES0000000000003582CCPF;26/08/2023;3;0,145;R
ES0000000000003582CCPF;26/08/2023;4;0,075;R
ES0000000000003582CCPF;26/08/2023;5;0,156;R
ES0000000000003582CCPF;26/08/2023;6;0,168;R
ES0000000000003582CCPF;26/08/2023;7;0,166;R
ES0000000000003582CCPF;26/08/2023;8;0,107;R
ES0000000000003582CCPF;26/08/2023;9;0,105;R
ES0000000000003582CCPF;26/08/2023;10;0,167;R
ES0000000000003582CCPF;26/08/2023;11;0,167;R
ES0000000000003582CCPF;26/08/2023;12;0,154;R
ES0000000000003582CCPF;26/08/2023;13;0,075;R
ES0000000000003582CCPF;26/08/2023;14;0,151;R
ES0000000000003582CCPF;26/08/2023;15;0,167;R
ES0000000000003582CCPF;26/08/2023;16;0,176;R
ES0000000000003582CCPF;26/08/2023;17;0,176;R
ES0000000000003582CCPF;26/08/2023;18;0,154;R
ES0000000000003582CCPF;26/08/2023;19;0,167;R
ES0000000000003582CCPF;26/08/2023;20;0,166;R
ES0000000000003582CCPF;26/08/2023;21;0,083;R
ES0000000000003582CCPF;26/08/2023;22;0,135;R
ES0000000000003582CCPF;26/08/2023;23;0,167;R
ES0000000000003582CCPF;27/08/2023;0;0,166;R
ES0000000000003582CCPF;27/08/2023;1;0,159;R
ES0000000000003582CCPF;27/08/2023;2;0,075;R
ES0000000000003582CCPF;27/08/2023;3;0,133;R
ES0000000000003582CCPF;27/08/2023;4;0,168;R
ES0000000000003582CCPF;27/08/2023;5;0,167;R
ES0000000000003582CCPF;27/08/2023;6;0,13;R
ES0000000000003582CCPF;27/08/2023;7;0,075;R
ES0000000000003582CCPF;27/08/2023;8;0,168;R
ES0000000000003582CCPF;27/08/2023;9;0,167;R
ES0000000000003582CCPF;27/08/2023;10;0,164;R
ES0000000000003582CCPF;27/08/2023;11;0,088;R
ES0000000000003582CCPF;27/08/2023;12;0,124;R
ES0000000000003582CCPF;27/08/2023;13;0,167;R
ES0000000000003582CCPF;27/08/2023;14;0,188;R
ES0000000000003582CCPF;27/08/2023;15;0,171;R
ES0000000000003582CCPF;27/08/2023;16;0,162;R
ES0000000000003582CCPF;27/08/2023;17;0,079;R
ES0000000000003582CCPF;27/08/2023;18;0,16;R
ES0000000000003582CCPF;27/08/2023;19;0,167;R
ES0000000000003582CCPF;27/08/2023;20;0,164;R
ES0000000000003582CCPF;27/08/2023;21;0,085;R
ES0000000000003582CCPF;27/08/2023;22;0,118;R
ES0000000000003582CCPF;27/08/2023;23;0,168;R
ES0000000000003582CCPF;28/08/2023;0;0,168;R
ES0000000000003582CCPF;28/08/2023;1;0,121;R
ES0000000000003582CCPF;28/08/2023;2;0,075;R
ES0000000000003582CCPF;28/08/2023;3;0,165;R
ES0000000000003582CCPF;28/08/2023;4;0,167;R
ES0000000000003582CCPF;28/08/2023;5;0,162;R
ES0000000000003582CCPF;28/08/2023;6;0,075;R
ES0000000000003582CCPF;28/08/2023;7;0,121;R
ES0000000000003582CCPF;28/08/2023;8;0,167;R
ES0000000000003582CCPF;28/08/2023;9;0,166;R
ES0000000000003582CCPF;28/08/2023;10;0,11;R
ES0000000000003582CCPF;28/08/2023;11;0,286;R
ES0000000000003582CCPF;28/08/2023;12;0,468;R
ES0000000000003582CCPF;28/08/2023;13;0,667;R
ES0000000000003582CCPF;28/08/2023;14;0,353;R
ES0000000000003582CCPF;28/08/2023;15;0,143;R
ES0000000000003582CCPF;28/08/2023;16;0,076;R
ES0000000000003582CCPF;28/08/2023;17;0,141;R
ES0000000000003582CCPF;28/08/2023;18;0,166;R
ES0000000000003582CCPF;28/08/2023;19;0,164;R
ES0000000000003582CCPF;28/08/2023;20;0,084;R
ES0000000000003582CCPF;28/08/2023;21;0,095;R
ES0000000000003582CCPF;28/08/2023;22;0,167;R
ES0000000000003582CCPF;28/08/2023;23;0,166;R
ES0000000000003582CCPF;29/08/2023;0;0,129;R
ES0000000000003582CCPF;29/08/2023;1;0,075;R
ES0000000000003582CCPF;29/08/2023;2;0,139;R
ES0000000000003582CCPF;29/08/2023;3;0,166;R
ES0000000000003582CCPF;29/08/2023;4;0,163;R
ES0000000000003582CCPF;29/08/2023;5;0,085;R
ES0000000000003582CCPF;29/08/2023;6;0,091;R
ES0000000000003582CCPF;29/08/2023;7;0,167;R
ES0000000000003582CCPF;29/08/2023;8;0,165;R
ES0000000000003582CCPF;29/08/2023;9;0,125;R
ES0000000000003582CCPF;29/08/2023;10;0,074;R
ES0000000000003582CCPF;29/08/2023;11;0,15;R
ES0000000000003582CCPF;29/08/2023;12;0,18;R
ES0000000000003582CCPF;29/08/2023;13;0,168;R
ES0000000000003582CCPF;29/08/2023;14;0,164;R
ES0000000000003582CCPF;29/08/2023;15;0,101;R
ES0000000000003582CCPF;29/08/2023;16;0,096;R
ES0000000000003582CCPF;29/08/2023;17;0,167;R
ES0000000000003582CCPF;29/08/2023;18;0,165;R
ES0000000000003582CCPF;29/08/2023;19;0,121;R
ES0000000000003582CCPF;29/08/2023;20;0,075;R
ES0000000000003582CCPF;29/08/2023;21;0,142;R
ES0000000000003582CCPF;29/08/2023;22;0,167;R
ES0000000000003582CCPF;29/08/2023;23;0,162;R
ES0000000000003582CCPF;30/08/2023;0;0,078;R
ES0000000000003582CCPF;30/08/2023;1;0,097;R
ES0000000000003582CCPF;30/08/2023;2;0,168;R
ES0000000000003582CCPF;30/08/2023;3;0,166;R
ES0000000000003582CCPF;30/08/2023;4;0,118;R
ES0000000000003582CCPF;30/08/2023;5;0,075;R
ES0000000000003582CCPF;30/08/2023;6;0,142;R
ES0000000000003582CCPF;30/08/2023;7;0,166;R
ES0000000000003582CCPF;30/08/2023;8;0,159;R
ES0000000000003582CCPF;30/08/2023;9;0,076;R
ES0000000000003582CCPF;30/08/2023;10;0,098;R
ES0000000000003582CCPF;30/08/2023;11;0,181;R
ES0000000000003582CCPF;30/08/2023;12;0,691;R
ES0000000000003582CCPF;30/08/2023;13;0,552;R
ES0000000000003582CCPF;30/08/2023;14;0,131;R
ES0000000000003582CCPF;30/08/2023;15;0,074;R
ES0000000000003582CCPF;30/08/2023;16;0,14;R
ES0000000000003582CCPF;30/08/2023;17;0,166;R
ES0000000000003582CCPF;30/08/2023;18;0,161;R
ES0000000000003582CCPF;30/08/2023;19;0,076;R
ES0000000000003582CCPF;30/08/2023;20;0,096;R
ES0000000000003582CCPF;30/08/2023;21;0,167;R
ES0000000000003582CCPF;30/08/2023;22;0,165;R
ES0000000000003582CCPF;30/08/2023;23;0,116;R
ES0000000000003582CCPF;31/08/2023;0;0,075;R
ES0000000000003582CCPF;31/08/2023;1;0,142;R
ES0000000000003582CCPF;31/08/2023;2;0,166;R
ES0000000000003582CCPF;31/08/2023;3;0,159;R
ES0000000000003582CCPF;31/08/2023;4;0,074;R
ES0000000000003582CCPF;31/08/2023;5;0,095;R
ES0000000000003582CCPF;31/08/2023;6;0,166;R
ES0000000000003582CCPF;31/08/2023;7;0,165;R
ES0000000000003582CCPF;31/08/2023;8;0,113;R
ES0000000000003582CCPF;31/08/2023;9;0,074;R
ES0000000000003582CCPF;31/08/2023;10;0,16;R
ES0000000000003582CCPF;31/08/2023;11;0,169;R
ES0000000000003582CCPF;31/08/2023;12;0,167;R
ES0000000000003582CCPF;31/08/2023;13;0,162;R
ES0000000000003582CCPF;31/08/2023;14;0,084;R
ES0000000000003582CCPF;31/08/2023;15;0,092;R
ES0000000000003582CCPF;31/08/2023;16;0,182;R
ES0000000000003582CCPF;31/08/2023;17;0,353;R
ES0000000000003582CCPF;31/08/2023;18;0,402;R
ES0000000000003582CCPF;31/08/2023;19;0,346;R
ES0000000000003582CCPF;31/08/2023;20;0,202;R
ES0000000000003582CCPF;31/08/2023;21;0,16;R
ES0000000000003582CCPF;31/08/2023;22;0,184;R
ES0000000000003582CCPF;31/08/2023;23;0,164;R
ES0000000000003582CCPF;01/09/2023;0;0,139;R
ES0000000000003582CCPF;01/09/2023;1;0,073;R
ES0000000000003582CCPF;01/09/2023;2;0,143;R
ES0000000000003582CCPF;01/09/2023;3;0,165;R
ES0000000000003582CCPF;01/09/2023;4;0,102;R
ES0000000000003582CCPF;01/09/2023;5;0,095;R
ES0000000000003582CCPF;01/09/2023;6;0,164;R
ES0000000000003582CCPF;01/09/2023;7;0,153;R
ES0000000000003582CCPF;01/09/2023;8;0,073;R
ES0000000000003582CCPF;01/09/2023;9;0,133;R
ES0000000000003582CCPF;01/09/2023;10;0,164;R
ES0000000000003582CCPF;01/09/2023;11;0,16;R
ES0000000000003582CCPF;01/09/2023;12;0,611;R
ES0000000000003582CCPF;01/09/2023;13;0,529;R
ES0000000000003582CCPF;01/09/2023;14;0,129;R
ES0000000000003582CCPF;01/09/2023;15;0,129;R
ES0000000000003582CCPF;01/09/2023;16;0,164;R
ES0000000000003582CCPF;01/09/2023;17;0,15;R
ES0000000000003582CCPF;01/09/2023;18;0,073;R
ES0000000000003582CCPF;01/09/2023;19;0,142;R
ES0000000000003582CCPF;01/09/2023;20;0,188;R
ES0000000000003582CCPF;01/09/2023;21;0,166;R
ES0000000000003582CCPF;01/09/2023;22;0,125;R
ES0000000000003582CCPF;01/09/2023;23;0,095;R
ES0000000000003582CCPF;02/09/2023;0;0,165;R
ES0000000000003582CCPF;02/09/2023;1;0,151;R
ES0000000000003582CCPF;02/09/2023;2;0,074;R
ES0000000000003582CCPF;02/09/2023;3;0,142;R
ES0000000000003582CCPF;02/09/2023;4;0,164;R
ES0000000000003582CCPF;02/09/2023;5;0,104;R
ES0000000000003582CCPF;02/09/2023;6;0,096;R
ES0000000000003582CCPF;02/09/2023;7;0,165;R
ES0000000000003582CCPF;02/09/2023;8;0,151;R
ES0000000000003582CCPF;02/09/2023;9;0,073;R
ES0000000000003582CCPF;02/09/2023;10;0,139;R
ES0000000000003582CCPF;02/09/2023;11;0,163;R
ES0000000000003582CCPF;02/09/2023;12;0,109;R
ES0000000000003582CCPF;02/09/2023;13;0,086;R
ES0000000000003582CCPF;02/09/2023;14;0,164;R
ES0000000000003582CCPF;02/09/2023;15;0,16;R
ES0000000000003582CCPF;02/09/2023;16;0,073;R
ES0000000000003582CCPF;02/09/2023;17;0,13;R
ES0000000000003582CCPF;02/09/2023;18;0,204;R
ES0000000000003582CCPF;02/09/2023;19;0,365;R
ES0000000000003582CCPF;02/09/2023;20;0,1;R
ES0000000000003582CCPF;02/09/2023;21;0,074;R
ES0000000000003582CCPF;02/09/2023;22;0,141;R
ES0000000000003582CCPF;02/09/2023;23;0,074;R
ES0000000000003582CCPF;03/09/2023;0;0,1;R
ES0000000000003582CCPF;03/09/2023;1;0,162;R
ES0000000000003582CCPF;03/09/2023;2;0,266;R
ES0000000000003582CCPF;03/09/2023;3;0,108;R
ES0000000000003582CCPF;03/09/2023;4;0,15;R
ES0000000000003582CCPF;03/09/2023;5;0,169;R
ES0000000000003582CCPF;03/09/2023;6;0,095;R
ES0000000000003582CCPF;03/09/2023;7;0,162;R
ES0000000000003582CCPF;03/09/2023;8;0,167;R
ES0000000000003582CCPF;03/09/2023;9;0,163;R
ES0000000000003582CCPF;03/09/2023;10;0,163;R
ES0000000000003582CCPF;03/09/2023;11;0,318;R
ES0000000000003582CCPF;03/09/2023;12;0,499;R
ES0000000000003582CCPF;03/09/2023;13;0,116;R
ES0000000000003582CCPF;03/09/2023;14;0,15;R
ES0000000000003582CCPF;03/09/2023;15;0,255;R
ES0000000000003582CCPF;03/09/2023;16;0,437;R
ES0000000000003582CCPF;03/09/2023;17;0,322;R
ES0000000000003582CCPF;03/09/2023;18;0,288;R
ES0000000000003582CCPF;03/09/2023;19;0,231;R
ES0000000000003582CCPF;03/09/2023;20;0,238;R
ES0000000000003582CCPF;03/09/2023;21;1,186;R
ES0000000000003582CCPF;03/09/2023;22;0,746;R
ES0000000000003582CCPF;03/09/2023;23;0,672;R
ES0000000000003582CCPF;04/09/2023;0;0,532;R
ES0000000000003582CCPF;04/09/2023;1;0,447;R
ES0000000000003582CCPF;04/09/2023;2;0,208;R
ES0000000000003582CCPF;04/09/2023;3;0,175;R
ES0000000000003582CCPF;04/09/2023;4;0,173;R
ES0000000000003582CCPF;04/09/2023;5;0,106;R
ES0000000000003582CCPF;04/09/2023;6;0,162;R
ES0000000000003582CCPF;04/09/2023;7;0,114;R
ES0000000000003582CCPF;04/09/2023;8;0,154;R
ES0000000000003582CCPF;04/09/2023;9;0,591;R
ES0000000000003582CCPF;04/09/2023;10;0,39;R
ES0000000000003582CCPF;04/09/2023;11;0,49;R
ES0000000000003582CCPF;04/09/2023;12;0,936;R
ES0000000000003582CCPF;04/09/2023;13;0,931;R
ES0000000000003582CCPF;04/09/2023;14;1,416;R
ES0000000000003582CCPF;04/09/2023;15;0,819;R
ES0000000000003582CCPF;04/09/2023;16;0,655;R
ES0000000000003582CCPF;04/09/2023;17;0,794;R
ES0000000000003582CCPF;04/09/2023;18;0,55;R
ES0000000000003582CCPF;04/09/2023;19;0,25;R
ES0000000000003582CCPF;04/09/2023;20;0,237;R
ES0000000000003582CCPF;04/09/2023;21;0,197;R
ES0000000000003582CCPF;04/09/2023;22;0,091;R
ES0000000000003582CCPF;04/09/2023;23;0,166;R
ES0000000000003582CCPF;05/09/2023;0;0,129;R
ES0000000000003582CCPF;05/09/2023;1;0,083;R
ES0000000000003582CCPF;05/09/2023;2;0,172;R
ES0000000000003582CCPF;05/09/2023;3;0,129;R
ES0000000000003582CCPF;05/09/2023;4;0,084;R
ES0000000000003582CCPF;05/09/2023;5;0,17;R
ES0000000000003582CCPF;05/09/2023;6;0,128;R
ES0000000000003582CCPF;05/09/2023;7;0,084;R
ES0000000000003582CCPF;05/09/2023;8;0,172;R
ES0000000000003582CCPF;05/09/2023;9;0,124;R
ES0000000000003582CCPF;05/09/2023;10;0,084;R
ES0000000000003582CCPF;05/09/2023;11;0,174;R
ES0000000000003582CCPF;05/09/2023;12;0,121;R
ES0000000000003582CCPF;05/09/2023;13;0,09;R
ES0000000000003582CCPF;05/09/2023;14;0,176;R
ES0000000000003582CCPF;05/09/2023;15;0,105;R
ES0000000000003582CCPF;05/09/2023;16;0,125;R
ES0000000000003582CCPF;05/09/2023;17;0,161;R
ES0000000000003582CCPF;05/09/2023;18;0,083;R
ES0000000000003582CCPF;05/09/2023;19;0,16;R
ES0000000000003582CCPF;05/09/2023;20;0,125;R
ES0000000000003582CCPF;05/09/2023;21;0,099;R
ES0000000000003582CCPF;05/09/2023;22;0,19;R
ES0000000000003582CCPF;05/09/2023;23;0,186;R
ES0000000000003582CCPF;06/09/2023;0;0,121;R
ES0000000000003582CCPF;06/09/2023;1;0,088;R
ES0000000000003582CCPF;06/09/2023;2;0,173;R
ES0000000000003582CCPF;06/09/2023;3;0,124;R
ES0000000000003582CCPF;06/09/2023;4;0,093;R
ES0000000000003582CCPF;06/09/2023;5;0,175;R
ES0000000000003582CCPF;06/09/2023;6;0,099;R
ES0000000000003582CCPF;06/09/2023;7;0,124;R
ES0000000000003582CCPF;06/09/2023;8;0,159;R
ES0000000000003582CCPF;06/09/2023;9;0,083;R
ES0000000000003582CCPF;06/09/2023;10;0,152;R
ES0000000000003582CCPF;06/09/2023;11;0,276;R
ES0000000000003582CCPF;06/09/2023;12;0,642;R
ES0000000000003582CCPF;06/09/2023;13;0,352;R
ES0000000000003582CCPF;06/09/2023;14;0,081;R
ES0000000000003582CCPF;06/09/2023;15;0,144;R
ES0000000000003582CCPF;06/09/2023;16;0,127;R
ES0000000000003582CCPF;06/09/2023;17;0,073;R
ES0000000000003582CCPF;06/09/2023;18;0,149;R
ES0000000000003582CCPF;06/09/2023;19;0,131;R
ES0000000000003582CCPF;06/09/2023;20;0,204;R
ES0000000000003582CCPF;06/09/2023;21;0,168;R
ES0000000000003582CCPF;06/09/2023;22;1,147;R
ES0000000000003582CCPF;06/09/2023;23;1,279;R
ES0000000000003582CCPF;07/09/2023;0;0,407;R
ES0000000000003582CCPF;07/09/2023;1;0,292;R
ES0000000000003582CCPF;07/09/2023;2;0,198;R
ES0000000000003582CCPF;07/09/2023;3;0,168;R
ES0000000000003582CCPF;07/09/2023;4;0,1;R
ES0000000000003582CCPF;07/09/2023;5;0,188;R
ES0000000000003582CCPF;07/09/2023;6;0,151;R
ES0000000000003582CCPF;07/09/2023;7;0,101;R
ES0000000000003582CCPF;07/09/2023;8;0,494;R
ES0000000000003582CCPF;07/09/2023;9;0,339;R
ES0000000000003582CCPF;07/09/2023;10;0,185;R
ES0000000000003582CCPF;07/09/2023;11;0,336;R
ES0000000000003582CCPF;07/09/2023;12;0,198;R
ES0000000000003582CCPF;07/09/2023;13;0,23;R
ES0000000000003582CCPF;07/09/2023;14;0,1;R
ES0000000000003582CCPF;07/09/2023;15;0,286;R
ES0000000000003582CCPF;07/09/2023;16;0,222;R
ES0000000000003582CCPF;07/09/2023;17;0,11;R
ES0000000000003582CCPF;07/09/2023;18;0,295;R
ES0000000000003582CCPF;07/09/2023;19;0,403;R
ES0000000000003582CCPF;07/09/2023;20;0,364;R
ES0000000000003582CCPF;07/09/2023;21;0,449;R
ES0000000000003582CCPF;07/09/2023;22;0,902;R
ES0000000000003582CCPF;07/09/2023;23;0,856;R
ES0000000000003582CCPF;08/09/2023;0;0,727;R
ES0000000000003582CCPF;08/09/2023;1;0,716;R
ES0000000000003582CCPF;08/09/2023;2;0,249;R
ES0000000000003582CCPF;08/09/2023;3;0,206;R
ES0000000000003582CCPF;08/09/2023;4;0,113;R
ES0000000000003582CCPF;08/09/2023;5;0,188;R
ES0000000000003582CCPF;08/09/2023;6;0,108;R
ES0000000000003582CCPF;08/09/2023;7;0,25;R
ES0000000000003582CCPF;08/09/2023;8;0,362;R
ES0000000000003582CCPF;08/09/2023;9;0,486;R
ES0000000000003582CCPF;08/09/2023;10;0,418;R
ES0000000000003582CCPF;08/09/2023;11;0,569;R
ES0000000000003582CCPF;08/09/2023;12;0,655;R
ES0000000000003582CCPF;08/09/2023;13;0,771;R
ES0000000000003582CCPF;08/09/2023;14;0,679;R
ES0000000000003582CCPF;08/09/2023;15;0,527;R
ES0000000000003582CCPF;08/09/2023;16;0,34;R
ES0000000000003582CCPF;08/09/2023;17;0,207;R
ES0000000000003582CCPF;08/09/2023;18;0,14;R
ES0000000000003582CCPF;08/09/2023;19;0,133;R
ES0000000000003582CCPF;08/09/2023;20;0,139;R
ES0000000000003582CCPF;08/09/2023;21;0,108;R
ES0000000000003582CCPF;08/09/2023;22;0,17;R
ES0000000000003582CCPF;08/09/2023;23;0,082;R
ES0000000000003582CCPF;09/09/2023;0;0,631;R
ES0000000000003582CCPF;09/09/2023;1;0,326;R
ES0000000000003582CCPF;09/09/2023;2;0,172;R
ES0000000000003582CCPF;09/09/2023;3;0,104;R
ES0000000000003582CCPF;09/09/2023;4;0,166;R
ES0000000000003582CCPF;09/09/2023;5;0,08;R
ES0000000000003582CCPF;09/09/2023;6;0,168;R
ES0000000000003582CCPF;09/09/2023;7;0,11;R
ES0000000000003582CCPF;09/09/2023;8;0,147;R
ES0000000000003582CCPF;09/09/2023;9;0,123;R
ES0000000000003582CCPF;09/09/2023;10;0,306;R
ES0000000000003582CCPF;09/09/2023;11;0,197;R
ES0000000000003582CCPF;09/09/2023;12;0,454;R
ES0000000000003582CCPF;09/09/2023;13;0,567;R
ES0000000000003582CCPF;09/09/2023;14;1,036;R
ES0000000000003582CCPF;09/09/2023;15;1,242;R
ES0000000000003582CCPF;09/09/2023;16;0,288;R
ES0000000000003582CCPF;09/09/2023;17;0,177;R
ES0000000000003582CCPF;09/09/2023;18;0,712;R
ES0000000000003582CCPF;09/09/2023;19;0,846;R
ES0000000000003582CCPF;09/09/2023;20;0,392;R
ES0000000000003582CCPF;09/09/2023;21;0,269;R
ES0000000000003582CCPF;09/09/2023;22;0,39;R
ES0000000000003582CCPF;09/09/2023;23;0,496;R
ES0000000000003582CCPF;10/09/2023;0;0,519;R
ES0000000000003582CCPF;10/09/2023;1;0,564;R
ES0000000000003582CCPF;10/09/2023;2;0,239;R
ES0000000000003582CCPF;10/09/2023;3;0,191;R
ES0000000000003582CCPF;10/09/2023;4;0,129;R
ES0000000000003582CCPF;10/09/2023;5;0,091;R
ES0000000000003582CCPF;10/09/2023;6;0,172;R
ES0000000000003582CCPF;10/09/2023;7;0,146;R
ES0000000000003582CCPF;10/09/2023;8;0,08;R
ES0000000000003582CCPF;10/09/2023;9;0,254;R
ES0000000000003582CCPF;10/09/2023;10;0,201;R
ES0000000000003582CCPF;10/09/2023;11;0,224;R
ES0000000000003582CCPF;10/09/2023;12;0,221;R
ES0000000000003582CCPF;10/09/2023;13;0,176;R
ES0000000000003582CCPF;10/09/2023;14;0,134;R
ES0000000000003582CCPF;10/09/2023;15;0,094;R
ES0000000000003582CCPF;10/09/2023;16;0,17;R
ES0000000000003582CCPF;10/09/2023;17;0,117;R
ES0000000000003582CCPF;10/09/2023;18;0,107;R
ES0000000000003582CCPF;10/09/2023;19;0,207;R
ES0000000000003582CCPF;10/09/2023;20;0,198;R
ES0000000000003582CCPF;10/09/2023;21;0,232;R
ES0000000000003582CCPF;10/09/2023;22;0,666;R
ES0000000000003582CCPF;10/09/2023;23;0,378;R
ES0000000000003582CCPF;11/09/2023;0;0,165;R
ES0000000000003582CCPF;11/09/2023;1;0,156;R
ES0000000000003582CCPF;11/09/2023;2;0,128;R
ES0000000000003582CCPF;11/09/2023;3;0,212;R
ES0000000000003582CCPF;11/09/2023;4;0,19;R
ES0000000000003582CCPF;11/09/2023;5;0,107;R
ES0000000000003582CCPF;11/09/2023;6;0,142;R
ES0000000000003582CCPF;11/09/2023;7;0,344;R
ES0000000000003582CCPF;11/09/2023;8;0,219;R
ES0000000000003582CCPF;11/09/2023;9;0,229;R
ES0000000000003582CCPF;11/09/2023;10;0,34;R
ES0000000000003582CCPF;11/09/2023;11;0,599;R
ES0000000000003582CCPF;11/09/2023;12;1,063;R
ES0000000000003582CCPF;11/09/2023;13;1,018;R
ES0000000000003582CCPF;11/09/2023;14;0,587;R
ES0000000000003582CCPF;11/09/2023;15;0,341;R
ES0000000000003582CCPF;11/09/2023;16;0,286;R
ES0000000000003582CCPF;11/09/2023;17;0,388;R
ES0000000000003582CCPF;11/09/2023;18;0,345;R
ES0000000000003582CCPF;11/09/2023;19;0,254;R
ES0000000000003582CCPF;11/09/2023;20;0,201;R
ES0000000000003582CCPF;11/09/2023;21;0,199;R
ES0000000000003582CCPF;11/09/2023;22;0,459;R
ES0000000000003582CCPF;11/09/2023;23;0,6;R
ES0000000000003582CCPF;12/09/2023;0;0,38;R
ES0000000000003582CCPF;12/09/2023;1;0,201;R
ES0000000000003582CCPF;12/09/2023;2;0,149;R
ES0000000000003582CCPF;12/09/2023;3;0,1;R
ES0000000000003582CCPF;12/09/2023;4;0,177;R
ES0000000000003582CCPF;12/09/2023;5;0,187;R
ES0000000000003582CCPF;12/09/2023;6;0,111;R
ES0000000000003582CCPF;12/09/2023;7;0,106;R
ES0000000000003582CCPF;12/09/2023;8;0,376;R
ES0000000000003582CCPF;12/09/2023;9;0,637;R
ES0000000000003582CCPF;12/09/2023;10;0,445;R
ES0000000000003582CCPF;12/09/2023;11;0,364;R
ES0000000000003582CCPF;12/09/2023;12;0,416;R
ES0000000000003582CCPF;12/09/2023;13;0,419;R
ES0000000000003582CCPF;12/09/2023;14;0,349;R
ES0000000000003582CCPF;12/09/2023;15;0,339;R
ES0000000000003582CCPF;12/09/2023;16;0,286;R
ES0000000000003582CCPF;12/09/2023;17;0,373;R
ES0000000000003582CCPF;12/09/2023;18;0,392;R
ES0000000000003582CCPF;12/09/2023;19;0,391;R
ES0000000000003582CCPF;12/09/2023;20;0,31;R
ES0000000000003582CCPF;12/09/2023;21;0,293;R
ES0000000000003582CCPF;12/09/2023;22;0,71;R
ES0000000000003582CCPF;12/09/2023;23;0,606;R
ES0000000000003582CCPF;13/09/2023;0;0,376;R
ES0000000000003582CCPF;13/09/2023;1;0,271;R
ES0000000000003582CCPF;13/09/2023;2;0,2;R
ES0000000000003582CCPF;13/09/2023;3;0,134;R
ES0000000000003582CCPF;13/09/2023;4;0,124;R
ES0000000000003582CCPF;13/09/2023;5;0,188;R
ES0000000000003582CCPF;13/09/2023;6;0,098;R
ES0000000000003582CCPF;13/09/2023;7;0,163;R
ES0000000000003582CCPF;13/09/2023;8;0,297;R
ES0000000000003582CCPF;13/09/2023;9;0,295;R
ES0000000000003582CCPF;13/09/2023;10;0,377;R
ES0000000000003582CCPF;13/09/2023;11;0,987;R
ES0000000000003582CCPF;13/09/2023;12;1,286;R
ES0000000000003582CCPF;13/09/2023;13;0,479;R
ES0000000000003582CCPF;13/09/2023;14;1,628;R
ES0000000000003582CCPF;13/09/2023;15;0,507;R
ES0000000000003582CCPF;13/09/2023;16;0,358;R
ES0000000000003582CCPF;13/09/2023;17;0,34;R
ES0000000000003582CCPF;13/09/2023;18;0,285;R
ES0000000000003582CCPF;13/09/2023;19;0,186;R
ES0000000000003582CCPF;13/09/2023;20;0,107;R
ES0000000000003582CCPF;13/09/2023;21;0,264;R
ES0000000000003582CCPF;13/09/2023;22;0,514;R
ES0000000000003582CCPF;13/09/2023;23;0,461;R
ES0000000000003582CCPF;14/09/2023;0;0,342;R
ES0000000000003582CCPF;14/09/2023;1;0,182;R
ES0000000000003582CCPF;14/09/2023;2;0,179;R
ES0000000000003582CCPF;14/09/2023;3;0,089;R
ES0000000000003582CCPF;14/09/2023;4;0,157;R
ES0000000000003582CCPF;14/09/2023;5;0,179;R
ES0000000000003582CCPF;14/09/2023;6;0,093;R
ES0000000000003582CCPF;14/09/2023;7;0,093;R
ES0000000000003582CCPF;14/09/2023;8;0,503;R
ES0000000000003582CCPF;14/09/2023;9;0,37;R
ES0000000000003582CCPF;14/09/2023;10;0,281;R
ES0000000000003582CCPF;14/09/2023;11;0,393;R
ES0000000000003582CCPF;14/09/2023;12;0,348;R
ES0000000000003582CCPF;14/09/2023;13;0,18;R
ES0000000000003582CCPF;14/09/2023;14;0,205;R
ES0000000000003582CCPF;14/09/2023;15;0,172;R
ES0000000000003582CCPF;14/09/2023;16;0,089;R
ES0000000000003582CCPF;14/09/2023;17;0,125;R
ES0000000000003582CCPF;14/09/2023;18;0,176;R
ES0000000000003582CCPF;14/09/2023;19;0,21;R
ES0000000000003582CCPF;14/09/2023;20;0,149;R
ES0000000000003582CCPF;14/09/2023;21;0,314;R
ES0000000000003582CCPF;14/09/2023;22;0,62;R
ES0000000000003582CCPF;14/09/2023;23;0,594;R
ES0000000000003582CCPF;15/09/2023;0;0,527;R
ES0000000000003582CCPF;15/09/2023;1;0,289;R
ES0000000000003582CCPF;15/09/2023;2;0,191;R
ES0000000000003582CCPF;15/09/2023;3;0,21;R
ES0000000000003582CCPF;15/09/2023;4;0,186;R
ES0000000000003582CCPF;15/09/2023;5;0,123;R
ES0000000000003582CCPF;15/09/2023;6;0,094;R
ES0000000000003582CCPF;15/09/2023;7;0,327;R
ES0000000000003582CCPF;15/09/2023;8;0,171;R
ES0000000000003582CCPF;15/09/2023;9;0,355;R
ES0000000000003582CCPF;15/09/2023;10;0,558;R
ES0000000000003582CCPF;15/09/2023;11;0,914;R
ES0000000000003582CCPF;15/09/2023;12;1,243;R
ES0000000000003582CCPF;15/09/2023;13;0,555;R
ES0000000000003582CCPF;15/09/2023;14;0,432;R
ES0000000000003582CCPF;15/09/2023;15;0,499;R
ES0000000000003582CCPF;15/09/2023;16;0,383;R
ES0000000000003582CCPF;15/09/2023;17;0,339;R
ES0000000000003582CCPF;15/09/2023;18;0,245;R
ES0000000000003582CCPF;15/09/2023;19;0,177;R
ES0000000000003582CCPF;15/09/2023;20;0,16;R
ES0000000000003582CCPF;15/09/2023;21;0,292;R
ES0000000000003582CCPF;15/09/2023;22;0,298;R
ES0000000000003582CCPF;15/09/2023;23;0,871;R
ES0000000000003582CCPF;16/09/2023;0;0,326;R
ES0000000000003582CCPF;16/09/2023;1;0,253;R
ES0000000000003582CCPF;16/09/2023;2;0,263;R
ES0000000000003582CCPF;16/09/2023;3;0,157;R
ES0000000000003582CCPF;16/09/2023;4;0,096;R
ES0000000000003582CCPF;16/09/2023;5;0,154;R
ES0000000000003582CCPF;16/09/2023;6;0,187;R
ES0000000000003582CCPF;16/09/2023;7;0,1;R
ES0000000000003582CCPF;16/09/2023;8;0,123;R
ES0000000000003582CCPF;16/09/2023;9;0,471;R
ES0000000000003582CCPF;16/09/2023;10;0,266;R
ES0000000000003582CCPF;16/09/2023;11;0,182;R
ES0000000000003582CCPF;16/09/2023;12;0,132;R
ES0000000000003582CCPF;16/09/2023;13;0,184;R
ES0000000000003582CCPF;16/09/2023;14;0,099;R
ES0000000000003582CCPF;16/09/2023;15;0,177;R
ES0000000000003582CCPF;16/09/2023;16;0,851;R
ES0000000000003582CCPF;16/09/2023;17;0,389;R
ES0000000000003582CCPF;16/09/2023;18;0,361;R
ES0000000000003582CCPF;16/09/2023;19;0,144;R
ES0000000000003582CCPF;16/09/2023;20;0,101;R
ES0000000000003582CCPF;16/09/2023;21;0,188;R
ES0000000000003582CCPF;16/09/2023;22;0,193;R
ES0000000000003582CCPF;16/09/2023;23;0,195;R
ES0000000000003582CCPF;17/09/2023;0;0,086;R
ES0000000000003582CCPF;17/09/2023;1;0,176;R
ES0000000000003582CCPF;17/09/2023;2;0,172;R
ES0000000000003582CCPF;17/09/2023;3;0,086;R
ES0000000000003582CCPF;17/09/2023;4;0,131;R
ES0000000000003582CCPF;17/09/2023;5;0,146;R
ES0000000000003582CCPF;17/09/2023;6;0,166;R
ES0000000000003582CCPF;17/09/2023;7;0,086;R
ES0000000000003582CCPF;17/09/2023;8;0,127;R
ES0000000000003582CCPF;17/09/2023;9;0,148;R
ES0000000000003582CCPF;17/09/2023;10;0,151;R
ES0000000000003582CCPF;17/09/2023;11;0,086;R
ES0000000000003582CCPF;17/09/2023;12;0,127;R
ES0000000000003582CCPF;17/09/2023;13;0,174;R
ES0000000000003582CCPF;17/09/2023;14;0,112;R
ES0000000000003582CCPF;17/09/2023;15;0,159;R
ES0000000000003582CCPF;17/09/2023;16;0,291;R
ES0000000000003582CCPF;17/09/2023;17;0,231;R
ES0000000000003582CCPF;17/09/2023;18;0,13;R
ES0000000000003582CCPF;17/09/2023;19;0,469;R
ES0000000000003582CCPF;17/09/2023;20;1,026;R
ES0000000000003582CCPF;17/09/2023;21;1,631;R
ES0000000000003582CCPF;17/09/2023;22;1,497;R
ES0000000000003582CCPF;17/09/2023;23;0,879;R
ES0000000000003582CCPF;18/09/2023;0;0,95;R
ES0000000000003582CCPF;18/09/2023;1;0,297;R
ES0000000000003582CCPF;18/09/2023;2;0,129;R
ES0000000000003582CCPF;18/09/2023;3;0,141;R
ES0000000000003582CCPF;18/09/2023;4;0,181;R
ES0000000000003582CCPF;18/09/2023;5;0,1;R
ES0000000000003582CCPF;18/09/2023;6;0,132;R
ES0000000000003582CCPF;18/09/2023;7;0,269;R
ES0000000000003582CCPF;18/09/2023;8;0,169;R
ES0000000000003582CCPF;18/09/2023;9;0,224;R
ES0000000000003582CCPF;18/09/2023;10;0,443;R
ES0000000000003582CCPF;18/09/2023;11;0,326;R
ES0000000000003582CCPF;18/09/2023;12;0,767;R
ES0000000000003582CCPF;18/09/2023;13;0,884;R
ES0000000000003582CCPF;18/09/2023;14;0,557;R
ES0000000000003582CCPF;18/09/2023;15;0,443;R
ES0000000000003582CCPF;18/09/2023;16;0,334;R
ES0000000000003582CCPF;18/09/2023;17;0,427;R
ES0000000000003582CCPF;18/09/2023;18;0,388;R
ES0000000000003582CCPF;18/09/2023;19;0,354;R
ES0000000000003582CCPF;18/09/2023;20;0,309;R
ES0000000000003582CCPF;18/09/2023;21;0,68;R
ES0000000000003582CCPF;18/09/2023;22;0,235;R
ES0000000000003582CCPF;18/09/2023;23;0,242;R
ES0000000000003582CCPF;19/09/2023;0;0,267;R
ES0000000000003582CCPF;19/09/2023;1;0,169;R
ES0000000000003582CCPF;19/09/2023;2;0,165;R
ES0000000000003582CCPF;19/09/2023;3;0,162;R
ES0000000000003582CCPF;19/09/2023;4;0,162;R
ES0000000000003582CCPF;19/09/2023;5;0,2;R
ES0000000000003582CCPF;19/09/2023;6;0,184;R
ES0000000000003582CCPF;19/09/2023;7;0,18;R
ES0000000000003582CCPF;19/09/2023;8;0,408;R
ES0000000000003582CCPF;19/09/2023;9;0,487;R
ES0000000000003582CCPF;19/09/2023;10;0,383;R
ES0000000000003582CCPF;19/09/2023;11;0,4;R
ES0000000000003582CCPF;19/09/2023;12;0,304;R
ES0000000000003582CCPF;19/09/2023;13;0,341;R
ES0000000000003582CCPF;19/09/2023;14;1,355;R
ES0000000000003582CCPF;19/09/2023;15;0,378;R
ES0000000000003582CCPF;19/09/2023;16;0,319;R
ES0000000000003582CCPF;19/09/2023;17;0,311;R
ES0000000000003582CCPF;19/09/2023;18;0,326;R
ES0000000000003582CCPF;19/09/2023;19;0,267;R
ES0000000000003582CCPF;19/09/2023;20;0,127;R
ES0000000000003582CCPF;19/09/2023;21;0,291;R
ES0000000000003582CCPF;19/09/2023;22;0,608;R
ES0000000000003582CCPF;19/09/2023;23;0,46;R
ES0000000000003582CCPF;20/09/2023;0;0,369;R
ES0000000000003582CCPF;20/09/2023;1;0,417;R
ES0000000000003582CCPF;20/09/2023;2;0,228;R
ES0000000000003582CCPF;20/09/2023;3;0,184;R
ES0000000000003582CCPF;20/09/2023;4;0,096;R
ES0000000000003582CCPF;20/09/2023;5;0,165;R
ES0000000000003582CCPF;20/09/2023;6;0,16;R
ES0000000000003582CCPF;20/09/2023;7;0,093;R
ES0000000000003582CCPF;20/09/2023;8;0,381;R
ES0000000000003582CCPF;20/09/2023;9;0,541;R
ES0000000000003582CCPF;20/09/2023;10;0,309;R
ES0000000000003582CCPF;20/09/2023;11;0,434;R
ES0000000000003582CCPF;20/09/2023;12;0,97;R
ES0000000000003582CCPF;20/09/2023;13;0,707;R
ES0000000000003582CCPF;20/09/2023;14;1,603;R
ES0000000000003582CCPF;20/09/2023;15;1,031;R
ES0000000000003582CCPF;20/09/2023;16;0,375;R
ES0000000000003582CCPF;20/09/2023;17;0,327;R
ES0000000000003582CCPF;20/09/2023;18;0,367;R
ES0000000000003582CCPF;20/09/2023;19;0,133;R
ES0000000000003582CCPF;20/09/2023;20;0,158;R
ES0000000000003582CCPF;20/09/2023;21;0,095;R
ES0000000000003582CCPF;20/09/2023;22;0,164;R
ES0000000000003582CCPF;20/09/2023;23;0,108;R
ES0000000000003582CCPF;21/09/2023;0;0,593;R
ES0000000000003582CCPF;21/09/2023;1;0,17;R
ES0000000000003582CCPF;21/09/2023;2;0,09;R
ES0000000000003582CCPF;21/09/2023;3;0,16;R
ES0000000000003582CCPF;21/09/2023;4;0,136;R
ES0000000000003582CCPF;21/09/2023;5;0,093;R
ES0000000000003582CCPF;21/09/2023;6;0,169;R
ES0000000000003582CCPF;21/09/2023;7;0,133;R
ES0000000000003582CCPF;21/09/2023;8;0,201;R
ES0000000000003582CCPF;21/09/2023;9;0,32;R
ES0000000000003582CCPF;21/09/2023;10;0,597;R
ES0000000000003582CCPF;21/09/2023;11;0,39;R
ES0000000000003582CCPF;21/09/2023;12;0,313;R
ES0000000000003582CCPF;21/09/2023;13;0,346;R
ES0000000000003582CCPF;21/09/2023;14;0,583;R
ES0000000000003582CCPF;21/09/2023;15;0,773;R
ES0000000000003582CCPF;21/09/2023;16;0,797;R
ES0000000000003582CCPF;21/09/2023;17;0,531;R
ES0000000000003582CCPF;21/09/2023;18;0,364;R
ES0000000000003582CCPF;21/09/2023;19;0,337;R
ES0000000000003582CCPF;21/09/2023;20;0,229;R
ES0000000000003582CCPF;21/09/2023;21;0,217;R
ES0000000000003582CCPF;21/09/2023;22;0,876;R
ES0000000000003582CCPF;21/09/2023;23;0,397;R
ES0000000000003582CCPF;22/09/2023;0;0,462;R
ES0000000000003582CCPF;22/09/2023;1;0,243;R
ES0000000000003582CCPF;22/09/2023;2;0,101;R
ES0000000000003582CCPF;22/09/2023;3;0,17;R
ES0000000000003582CCPF;22/09/2023;4;0,12;R
ES0000000000003582CCPF;22/09/2023;5;0,104;R
ES0000000000003582CCPF;22/09/2023;6;0,179;R
ES0000000000003582CCPF;22/09/2023;7;0,165;R
ES0000000000003582CCPF;22/09/2023;8;0,416;R
ES0000000000003582CCPF;22/09/2023;9;0,391;R
ES0000000000003582CCPF;22/09/2023;10;0,153;R
ES0000000000003582CCPF;22/09/2023;11;0,116;R
ES0000000000003582CCPF;22/09/2023;12;0,625;R
ES0000000000003582CCPF;22/09/2023;13;0,473;R
ES0000000000003582CCPF;22/09/2023;14;0,32;R
ES0000000000003582CCPF;22/09/2023;15;0,327;R
ES0000000000003582CCPF;22/09/2023;16;0,271;R
ES0000000000003582CCPF;22/09/2023;17;0,113;R
ES0000000000003582CCPF;22/09/2023;18;0,145;R
ES0000000000003582CCPF;22/09/2023;19;0,175;R
ES0000000000003582CCPF;22/09/2023;20;0,327;R
ES0000000000003582CCPF;22/09/2023;21;0,366;R
ES0000000000003582CCPF;22/09/2023;22;0,289;R
ES0000000000003582CCPF;22/09/2023;23;0,659;R
ES0000000000003582CCPF;23/09/2023;0;0,302;R
ES0000000000003582CCPF;23/09/2023;1;0,137;R
ES0000000000003582CCPF;23/09/2023;2;0,205;R
ES0000000000003582CCPF;23/09/2023;3;0,103;R
ES0000000000003582CCPF;23/09/2023;4;0,166;R
ES0000000000003582CCPF;23/09/2023;5;0,082;R
ES0000000000003582CCPF;23/09/2023;6;0,123;R
ES0000000000003582CCPF;23/09/2023;7;0,212;R
ES0000000000003582CCPF;23/09/2023;8;0,2;R
ES0000000000003582CCPF;23/09/2023;9;0,293;R
ES0000000000003582CCPF;23/09/2023;10;0,184;R
ES0000000000003582CCPF;23/09/2023;11;0,12;R
ES0000000000003582CCPF;23/09/2023;12;0,136;R
ES0000000000003582CCPF;23/09/2023;13;0,104;R
ES0000000000003582CCPF;23/09/2023;14;0,183;R
ES0000000000003582CCPF;23/09/2023;15;0,446;R
ES0000000000003582CCPF;23/09/2023;16;0,262;R
ES0000000000003582CCPF;23/09/2023;17;0,248;R
ES0000000000003582CCPF;23/09/2023;18;0,213;R
ES0000000000003582CCPF;23/09/2023;19;0,134;R
ES0000000000003582CCPF;23/09/2023;20;0,177;R
ES0000000000003582CCPF;23/09/2023;21;0,127;R
ES0000000000003582CCPF;23/09/2023;22;0,077;R
ES0000000000003582CCPF;23/09/2023;23;0,121;R
ES0000000000003582CCPF;24/09/2023;0;0,169;R
ES0000000000003582CCPF;24/09/2023;1;0,116;R
ES0000000000003582CCPF;24/09/2023;2;0,08;R
ES0000000000003582CCPF;24/09/2023;3;0,125;R
ES0000000000003582CCPF;24/09/2023;4;0,164;R
ES0000000000003582CCPF;24/09/2023;5;0,103;R
ES0000000000003582CCPF;24/09/2023;6;0,085;R
ES0000000000003582CCPF;24/09/2023;7;0,145;R
ES0000000000003582CCPF;24/09/2023;8;0,162;R
ES0000000000003582CCPF;24/09/2023;9;0,384;R
ES0000000000003582CCPF;24/09/2023;10;0,085;R
ES0000000000003582CCPF;24/09/2023;11;0,161;R
ES0000000000003582CCPF;24/09/2023;12;0,277;R
ES0000000000003582CCPF;24/09/2023;13;0,117;R
ES0000000000003582CCPF;24/09/2023;14;1,136;R
ES0000000000003582CCPF;24/09/2023;15;0,273;R
ES0000000000003582CCPF;24/09/2023;16;0,307;R
ES0000000000003582CCPF;24/09/2023;17;0,25;R
ES0000000000003582CCPF;24/09/2023;18;0,708;R
ES0000000000003582CCPF;24/09/2023;19;0,738;R
ES0000000000003582CCPF;24/09/2023;20;0,236;R
ES0000000000003582CCPF;24/09/2023;21;0,337;R
ES0000000000003582CCPF;24/09/2023;22;0,481;R
ES0000000000003582CCPF;24/09/2023;23;0,471;R
ES0000000000003582CCPF;25/09/2023;0;0,327;R
ES0000000000003582CCPF;25/09/2023;1;0,203;R
ES0000000000003582CCPF;25/09/2023;2;0,198;R
ES0000000000003582CCPF;25/09/2023;3;0,179;R
ES0000000000003582CCPF;25/09/2023;4;0,173;R
ES0000000000003582CCPF;25/09/2023;5;0,168;R
ES0000000000003582CCPF;25/09/2023;6;0,163;R
ES0000000000003582CCPF;25/09/2023;7;0,244;R
ES0000000000003582CCPF;25/09/2023;8;0,206;R
ES0000000000003582CCPF;25/09/2023;9;0,33;R
ES0000000000003582CCPF;25/09/2023;10;0,529;R
ES0000000000003582CCPF;25/09/2023;11;0,604;R
ES0000000000003582CCPF;25/09/2023;12;0,399;R
ES0000000000003582CCPF;25/09/2023;13;0,888;R
ES0000000000003582CCPF;25/09/2023;14;0,781;R
ES0000000000003582CCPF;25/09/2023;15;0,606;R
ES0000000000003582CCPF;25/09/2023;16;0,373;R
ES0000000000003582CCPF;25/09/2023;17;0,335;R
ES0000000000003582CCPF;25/09/2023;18;0,214;R
ES0000000000003582CCPF;25/09/2023;19;0,531;R
ES0000000000003582CCPF;25/09/2023;20;0,942;R
ES0000000000003582CCPF;25/09/2023;21;0,306;R
ES0000000000003582CCPF;25/09/2023;22;0,943;R
ES0000000000003582CCPF;25/09/2023;23;0,623;R
ES0000000000003582CCPF;26/09/2023;0;0,496;R
ES0000000000003582CCPF;26/09/2023;1;0,241;R
ES0000000000003582CCPF;26/09/2023;2;0,124;R
ES0000000000003582CCPF;26/09/2023;3;0,104;R
ES0000000000003582CCPF;26/09/2023;4;0,141;R
ES0000000000003582CCPF;26/09/2023;5;0,179;R
ES0000000000003582CCPF;26/09/2023;6;0,093;R
ES0000000000003582CCPF;26/09/2023;7;0,132;R
ES0000000000003582CCPF;26/09/2023;8;0,339;R
ES0000000000003582CCPF;26/09/2023;9;0,283;R
ES0000000000003582CCPF;26/09/2023;10;0,27;R
ES0000000000003582CCPF;26/09/2023;11;0,305;R
ES0000000000003582CCPF;26/09/2023;12;0,391;R
ES0000000000003582CCPF;26/09/2023;13;0,3;R
ES0000000000003582CCPF;26/09/2023;14;1,211;R
ES0000000000003582CCPF;26/09/2023;15;0,757;R
ES0000000000003582CCPF;26/09/2023;16;0,796;R
ES0000000000003582CCPF;26/09/2023;17;0,564;R
ES0000000000003582CCPF;26/09/2023;18;0,273;R
ES0000000000003582CCPF;26/09/2023;19;0,381;R
ES0000000000003582CCPF;26/09/2023;20;1,192;R
ES0000000000003582CCPF;26/09/2023;21;1,071;R
ES0000000000003582CCPF;26/09/2023;22;0,812;R
ES0000000000003582CCPF;26/09/2023;23;0,385;R
ES0000000000003582CCPF;27/09/2023;0;0,308;R
ES0000000000003582CCPF;27/09/2023;1;0,274;R
ES0000000000003582CCPF;27/09/2023;2;0,29;R
ES0000000000003582CCPF;27/09/2023;3;0,186;R
ES0000000000003582CCPF;27/09/2023;4;0,217;R
ES0000000000003582CCPF;27/09/2023;5;0,116;R
ES0000000000003582CCPF;27/09/2023;6;0,123;R
ES0000000000003582CCPF;27/09/2023;7;0,17;R
ES0000000000003582CCPF;27/09/2023;8;0,204;R
ES0000000000003582CCPF;27/09/2023;9;0,498;R
ES0000000000003582CCPF;27/09/2023;10;0,552;R
ES0000000000003582CCPF;27/09/2023;11;0,424;R
ES0000000000003582CCPF;27/09/2023;12;0,9;R
ES0000000000003582CCPF;27/09/2023;13;0,72;R
ES0000000000003582CCPF;27/09/2023;14;0,71;R
ES0000000000003582CCPF;27/09/2023;15;0,715;R
ES0000000000003582CCPF;27/09/2023;16;0,345;R
ES0000000000003582CCPF;27/09/2023;17;0,337;R
ES0000000000003582CCPF;27/09/2023;18;0,386;R
ES0000000000003582CCPF;27/09/2023;19;0,395;R
ES0000000000003582CCPF;27/09/2023;20;0,242;R
ES0000000000003582CCPF;27/09/2023;21;0,389;R
ES0000000000003582CCPF;27/09/2023;22;0,894;R
ES0000000000003582CCPF;27/09/2023;23;0,563;R
ES0000000000003582CCPF;28/09/2023;0;0,568;R
ES0000000000003582CCPF;28/09/2023;1;0,238;R
ES0000000000003582CCPF;28/09/2023;2;0,166;R
ES0000000000003582CCPF;28/09/2023;3;0,178;R
ES0000000000003582CCPF;28/09/2023;4;0,116;R
ES0000000000003582CCPF;28/09/2023;5;0,137;R
ES0000000000003582CCPF;28/09/2023;6;0,18;R
ES0000000000003582CCPF;28/09/2023;7;0,164;R
ES0000000000003582CCPF;28/09/2023;8;0,194;R
ES0000000000003582CCPF;28/09/2023;9;0,327;R
ES0000000000003582CCPF;28/09/2023;10;0,922;R
ES0000000000003582CCPF;28/09/2023;11;0,851;R
ES0000000000003582CCPF;28/09/2023;12;0,259;R
ES0000000000003582CCPF;28/09/2023;13;0,245;R
ES0000000000003582CCPF;28/09/2023;14;0,387;R
ES0000000000003582CCPF;28/09/2023;15;0,369;R
ES0000000000003582CCPF;28/09/2023;16;0,34;R
ES0000000000003582CCPF;28/09/2023;17;0,323;R
ES0000000000003582CCPF;28/09/2023;18;0,295;R
ES0000000000003582CCPF;28/09/2023;19;0,206;R
ES0000000000003582CCPF;28/09/2023;20;0,163;R
ES0000000000003582CCPF;28/09/2023;21;0,364;R
ES0000000000003582CCPF;28/09/2023;22;0,884;R
ES0000000000003582CCPF;28/09/2023;23;0,66;R
ES0000000000003582CCPF;29/09/2023;0;0,368;R
ES0000000000003582CCPF;29/09/2023;1;0,204;R
ES0000000000003582CCPF;29/09/2023;2;0,12;R
ES0000000000003582CCPF;29/09/2023;3;0,17;R
ES0000000000003582CCPF;29/09/2023;4;0,184;R
ES0000000000003582CCPF;29/09/2023;5;0,159;R
ES0000000000003582CCPF;29/09/2023;6;0,089;R
ES0000000000003582CCPF;29/09/2023;7;0,188;R
ES0000000000003582CCPF;29/09/2023;8;0,183;R
ES0000000000003582CCPF;29/09/2023;9;0,548;R
ES0000000000003582CCPF;29/09/2023;10;0,481;R
ES0000000000003582CCPF;29/09/2023;11;0,362;R
ES0000000000003582CCPF;29/09/2023;12;0,824;R
ES0000000000003582CCPF;29/09/2023;13;0,463;R
ES0000000000003582CCPF;29/09/2023;14;1,053;R
ES0000000000003582CCPF;29/09/2023;15;0,397;R
ES0000000000003582CCPF;29/09/2023;16;0,413;R
ES0000000000003582CCPF;29/09/2023;17;0,314;R
ES0000000000003582CCPF;29/09/2023;18;0,164;R
ES0000000000003582CCPF;29/09/2023;19;0,086;R
ES0000000000003582CCPF;29/09/2023;20;0,281;R
ES0000000000003582CCPF;29/09/2023;21;0,179;R
ES0000000000003582CCPF;29/09/2023;22;0,177;R
ES0000000000003582CCPF;29/09/2023;23;0,096;R
ES0000000000003582CCPF;30/09/2023;0;0,119;R
ES0000000000003582CCPF;30/09/2023;1;0,171;R
ES0000000000003582CCPF;30/09/2023;2;0,154;R
ES0000000000003582CCPF;30/09/2023;3;0,085;R
ES0000000000003582CCPF;30/09/2023;4;0,127;R
ES0000000000003582CCPF;30/09/2023;5;0,177;R
ES0000000000003582CCPF;30/09/2023;6;0,142;R
ES0000000000003582CCPF;30/09/2023;7;0,085;R
ES0000000000003582CCPF;30/09/2023;8;0,128;R
ES0000000000003582CCPF;30/09/2023;9;0,175;R
ES0000000000003582CCPF;30/09/2023;10;0,138;R
ES0000000000003582CCPF;30/09/2023;11;0,084;R
ES0000000000003582CCPF;30/09/2023;12;0,128;R
ES0000000000003582CCPF;30/09/2023;13;0,174;R
ES0000000000003582CCPF;30/09/2023;14;0,144;R
ES0000000000003582CCPF;30/09/2023;15;0,085;R
ES0000000000003582CCPF;30/09/2023;16;0,116;R
ES0000000000003582CCPF;30/09/2023;17;0,203;R
ES0000000000003582CCPF;30/09/2023;18;0,181;R
ES0000000000003582CCPF;30/09/2023;19;0,145;R
ES0000000000003582CCPF;30/09/2023;20;0,11;R
ES0000000000003582CCPF;30/09/2023;21;0,126;R
ES0000000000003582CCPF;30/09/2023;22;0,176;R
ES0000000000003582CCPF;30/09/2023;23;0,114;R
ES0000000000003582CCPF;01/10/2023;0;0,106;R
ES0000000000003582CCPF;01/10/2023;1;0,152;R
ES0000000000003582CCPF;01/10/2023;2;0,174;R
ES0000000000003582CCPF;01/10/2023;3;0,095;R
ES0000000000003582CCPF;01/10/2023;4;0,108;R
ES0000000000003582CCPF;01/10/2023;5;0,178;R
ES0000000000003582CCPF;01/10/2023;6;0,186;R
ES0000000000003582CCPF;01/10/2023;7;0,098;R
ES0000000000003582CCPF;01/10/2023;8;0,117;R
ES0000000000003582CCPF;01/10/2023;9;0,18;R
ES0000000000003582CCPF;01/10/2023;10;0,188;R
ES0000000000003582CCPF;01/10/2023;11;0,098;R
ES0000000000003582CCPF;01/10/2023;12;0,107;R
ES0000000000003582CCPF;01/10/2023;13;0,186;R
ES0000000000003582CCPF;01/10/2023;14;0,215;R
ES0000000000003582CCPF;01/10/2023;15;0,194;R
ES0000000000003582CCPF;01/10/2023;16;0,108;R
ES0000000000003582CCPF;01/10/2023;17;0,131;R
ES0000000000003582CCPF;01/10/2023;18;0,185;R
ES0000000000003582CCPF;01/10/2023;19;0,169;R
ES0000000000003582CCPF;01/10/2023;20;0,097;R
ES0000000000003582CCPF;01/10/2023;21;0,146;R
ES0000000000003582CCPF;01/10/2023;22;0,511;R
ES0000000000003582CCPF;01/10/2023;23;0,485;R
ES0000000000003582CCPF;02/10/2023;0;0,326;R
