CUPS;Fecha;Hora;Consumo;Metodo_obtencion
ES0000000000006921CC;01/09/22;1;0,181;R
ES0000000000006921CC;01/09/22;2;0,153;R
ES0000000000006921CC;01/09/22;3;0,108;R
ES0000000000006921CC;01/09/22;4;0,088;R
ES0000000000006921CC;01/09/22;5;0,107;R
ES0000000000006921CC;01/09/22;6;0,1;R
ES0000000000006921CC;01/09/22;7;0,12;R
ES0000000000006921CC;01/09/22;8;0,075;R
ES0000000000006921CC;01/09/22;9;0,097;R
ES0000000000006921CC;01/09/22;10;0,156;R
ES0000000000006921CC;01/09/22;11;0,335;R
ES0000000000006921CC;01/09/22;12;0,132;R
ES0000000000006921CC;01/09/22;13;0,505;R
ES0000000000006921CC;01/09/22;14;0,706;R
ES0000000000006921CC;01/09/22;15;0,461;R
ES0000000000006921CC;01/09/22;16;0,242;R
ES0000000000006921CC;01/09/22;17;0,188;R
ES0000000000006921CC;01/09/22;18;0,184;R
ES0000000000006921CC;01/09/22;19;0,224;R
ES0000000000006921CC;01/09/22;20;0,254;R
ES0000000000006921CC;01/09/22;21;0,178;R
ES0000000000006921CC;01/09/22;22;0,205;R
ES0000000000006921CC;01/09/22;23;0,173;R
ES0000000000006921CC;02/09/22;0;0,209;R
ES0000000000006921CC;02/09/22;1;0,16;R
ES0000000000006921CC;02/09/22;2;0,135;R
ES0000000000006921CC;02/09/22;3;0,108;R
ES0000000000006921CC;02/09/22;4;0,125;R
ES0000000000006921CC;02/09/22;5;0,127;R
ES0000000000006921CC;02/09/22;6;0,118;R
ES0000000000006921CC;02/09/22;7;0,12;R
ES0000000000006921CC;02/09/22;8;0,105;R
ES0000000000006921CC;02/09/22;9;0,099;R
ES0000000000006921CC;02/09/22;10;0,231;R
ES0000000000006921CC;02/09/22;11;0,279;R
ES0000000000006921CC;02/09/22;12;0,199;R
ES0000000000006921CC;02/09/22;13;0,151;R
ES0000000000006921CC;02/09/22;14;0,234;R
ES0000000000006921CC;02/09/22;15;0,211;R
ES0000000000006921CC;02/09/22;16;0,192;R
ES0000000000006921CC;02/09/22;17;0,164;R
ES0000000000006921CC;02/09/22;18;0,198;R
ES0000000000006921CC;02/09/22;19;0,235;R
ES0000000000006921CC;02/09/22;20;0,214;R
ES0000000000006921CC;02/09/22;21;0,147;R
ES0000000000006921CC;02/09/22;22;0,236;R
ES0000000000006921CC;02/09/22;23;0,205;R
ES0000000000006921CC;03/09/22;0;0,182;R
ES0000000000006921CC;03/09/22;1;0,119;R
ES0000000000006921CC;03/09/22;2;0,102;R
ES0000000000006921CC;03/09/22;3;0,096;R
ES0000000000006921CC;03/09/22;4;0,099;R
ES0000000000006921CC;03/09/22;5;0,1;R
ES0000000000006921CC;03/09/22;6;0,086;R
ES0000000000006921CC;03/09/22;7;0,101;R
ES0000000000006921CC;03/09/22;8;0,085;R
ES0000000000006921CC;03/09/22;9;0,11;R
ES0000000000006921CC;03/09/22;10;0,186;R
ES0000000000006921CC;03/09/22;11;0,244;R
ES0000000000006921CC;03/09/22;12;0,307;R
ES0000000000006921CC;03/09/22;13;0,565;R
ES0000000000006921CC;03/09/22;14;0,406;R
ES0000000000006921CC;03/09/22;15;0,162;R
ES0000000000006921CC;03/09/22;16;0,711;R
ES0000000000006921CC;03/09/22;17;0,395;R
ES0000000000006921CC;03/09/22;18;0,139;R
ES0000000000006921CC;03/09/22;19;0,133;R
ES0000000000006921CC;03/09/22;20;0,21;R
ES0000000000006921CC;03/09/22;21;0,196;R
ES0000000000006921CC;03/09/22;22;0,183;R
ES0000000000006921CC;03/09/22;23;0,201;R
ES0000000000006921CC;04/09/22;0;0,228;R
ES0000000000006921CC;04/09/22;1;0,18;R
ES0000000000006921CC;04/09/22;2;0,124;R
ES0000000000006921CC;04/09/22;3;0,094;R
ES0000000000006921CC;04/09/22;4;0,109;R
ES0000000000006921CC;04/09/22;5;0,117;R
ES0000000000006921CC;04/09/22;6;0,077;R
ES0000000000006921CC;04/09/22;7;0,111;R
ES0000000000006921CC;04/09/22;8;0,105;R
ES0000000000006921CC;04/09/22;9;0,1;R
ES0000000000006921CC;04/09/22;10;0,163;R
ES0000000000006921CC;04/09/22;11;0,265;R
ES0000000000006921CC;04/09/22;12;0,119;R
ES0000000000006921CC;04/09/22;13;0,156;R
ES0000000000006921CC;04/09/22;14;0,344;R
ES0000000000006921CC;04/09/22;15;0,831;R
ES0000000000006921CC;04/09/22;16;0,18;R
ES0000000000006921CC;04/09/22;17;0,173;R
ES0000000000006921CC;04/09/22;18;0,149;R
ES0000000000006921CC;04/09/22;19;0,151;R
ES0000000000006921CC;04/09/22;20;0,122;R
ES0000000000006921CC;04/09/22;21;0,257;R
ES0000000000006921CC;04/09/22;22;0,2;R
ES0000000000006921CC;04/09/22;23;0,156;R
ES0000000000006921CC;05/09/22;0;0,179;R
ES0000000000006921CC;05/09/22;1;0,189;R
ES0000000000006921CC;05/09/22;2;0,166;R
ES0000000000006921CC;05/09/22;3;0,117;R
ES0000000000006921CC;05/09/22;4;0,1;R
ES0000000000006921CC;05/09/22;5;0,122;R
ES0000000000006921CC;05/09/22;6;0,082;R
ES0000000000006921CC;05/09/22;7;0,122;R
ES0000000000006921CC;05/09/22;8;0,099;R
ES0000000000006921CC;05/09/22;9;0,099;R
ES0000000000006921CC;05/09/22;10;0,166;R
ES0000000000006921CC;05/09/22;11;0,283;R
ES0000000000006921CC;05/09/22;12;0,105;R
ES0000000000006921CC;05/09/22;13;0,15;R
ES0000000000006921CC;05/09/22;14;0,256;R
ES0000000000006921CC;05/09/22;15;0,236;R
ES0000000000006921CC;05/09/22;16;0,166;R
ES0000000000006921CC;05/09/22;17;0,157;R
ES0000000000006921CC;05/09/22;18;0,087;R
ES0000000000006921CC;05/09/22;19;0,151;R
ES0000000000006921CC;05/09/22;20;0,156;R
ES0000000000006921CC;05/09/22;21;0,208;R
ES0000000000006921CC;05/09/22;22;0,233;R
ES0000000000006921CC;05/09/22;23;0,203;R
ES0000000000006921CC;06/09/22;0;0,137;R
ES0000000000006921CC;06/09/22;1;0,095;R
ES0000000000006921CC;06/09/22;2;0,166;R
ES0000000000006921CC;06/09/22;3;0,161;R
ES0000000000006921CC;06/09/22;4;0,102;R
ES0000000000006921CC;06/09/22;5;0,113;R
ES0000000000006921CC;06/09/22;6;0,099;R
ES0000000000006921CC;06/09/22;7;0,109;R
ES0000000000006921CC;06/09/22;8;0,1;R
ES0000000000006921CC;06/09/22;9;0,092;R
ES0000000000006921CC;06/09/22;10;0,188;R
ES0000000000006921CC;06/09/22;11;0,287;R
ES0000000000006921CC;06/09/22;12;0,172;R
ES0000000000006921CC;06/09/22;13;0,306;R
ES0000000000006921CC;06/09/22;14;0,501;R
ES0000000000006921CC;06/09/22;15;0,311;R
ES0000000000006921CC;06/09/22;16;0,208;R
ES0000000000006921CC;06/09/22;17;0,145;R
ES0000000000006921CC;06/09/22;18;0,118;R
ES0000000000006921CC;06/09/22;19;0,141;R
ES0000000000006921CC;06/09/22;20;0,166;R
ES0000000000006921CC;06/09/22;21;0,229;R
ES0000000000006921CC;06/09/22;22;0,215;R
ES0000000000006921CC;06/09/22;23;0,239;R
ES0000000000006921CC;07/09/22;0;0,173;R
ES0000000000006921CC;07/09/22;1;0,973;R
ES0000000000006921CC;07/09/22;2;0,15;R
ES0000000000006921CC;07/09/22;3;0,189;R
ES0000000000006921CC;07/09/22;4;0,114;R
ES0000000000006921CC;07/09/22;5;0,115;R
ES0000000000006921CC;07/09/22;6;0,083;R
ES0000000000006921CC;07/09/22;7;0,109;R
ES0000000000006921CC;07/09/22;8;0,098;R
ES0000000000006921CC;07/09/22;9;0,157;R
ES0000000000006921CC;07/09/22;10;0,144;R
ES0000000000006921CC;07/09/22;11;0,209;R
ES0000000000006921CC;07/09/22;12;0,157;R
ES0000000000006921CC;07/09/22;13;0,162;R
ES0000000000006921CC;07/09/22;14;0,182;R
ES0000000000006921CC;07/09/22;15;0,216;R
ES0000000000006921CC;07/09/22;16;0,271;R
ES0000000000006921CC;07/09/22;17;0,143;R
ES0000000000006921CC;07/09/22;18;0,122;R
ES0000000000006921CC;07/09/22;19;0,12;R
ES0000000000006921CC;07/09/22;20;0,123;R
ES0000000000006921CC;07/09/22;21;0,19;R
ES0000000000006921CC;07/09/22;22;0,193;R
ES0000000000006921CC;07/09/22;23;0,161;R
ES0000000000006921CC;08/09/22;0;0,173;R
ES0000000000006921CC;08/09/22;1;0,135;R
ES0000000000006921CC;08/09/22;2;0,081;R
ES0000000000006921CC;08/09/22;3;0,11;R
ES0000000000006921CC;08/09/22;4;0,107;R
ES0000000000006921CC;08/09/22;5;0,174;R
ES0000000000006921CC;08/09/22;6;0,136;R
ES0000000000006921CC;08/09/22;7;0,125;R
ES0000000000006921CC;08/09/22;8;0,092;R
ES0000000000006921CC;08/09/22;9;0,096;R
ES0000000000006921CC;08/09/22;10;0,159;R
ES0000000000006921CC;08/09/22;11;0,269;R
ES0000000000006921CC;08/09/22;12;0,211;R
ES0000000000006921CC;08/09/22;13;0,125;R
ES0000000000006921CC;08/09/22;14;0,18;R
ES0000000000006921CC;08/09/22;15;0,201;R
ES0000000000006921CC;08/09/22;16;0,243;R
ES0000000000006921CC;08/09/22;17;0,153;R
ES0000000000006921CC;08/09/22;18;0,208;R
ES0000000000006921CC;08/09/22;19;0,145;R
ES0000000000006921CC;08/09/22;20;0,167;R
ES0000000000006921CC;08/09/22;21;0,193;R
ES0000000000006921CC;08/09/22;22;0,191;R
ES0000000000006921CC;08/09/22;23;0,161;R
ES0000000000006921CC;09/09/22;0;0,191;R
ES0000000000006921CC;09/09/22;1;0,103;R
ES0000000000006921CC;09/09/22;2;0,091;R
ES0000000000006921CC;09/09/22;3;0,081;R
ES0000000000006921CC;09/09/22;4;0,119;R
ES0000000000006921CC;09/09/22;5;0,094;R
ES0000000000006921CC;09/09/22;6;0,171;R
ES0000000000006921CC;09/09/22;7;0,124;R
ES0000000000006921CC;09/09/22;8;0,106;R
ES0000000000006921CC;09/09/22;9;0,086;R
ES0000000000006921CC;09/09/22;10;0,134;R
ES0000000000006921CC;09/09/22;11;0,332;R
ES0000000000006921CC;09/09/22;12;0,131;R
ES0000000000006921CC;09/09/22;13;0,131;R
ES0000000000006921CC;09/09/22;14;0,195;R
ES0000000000006921CC;09/09/22;15;0,232;R
ES0000000000006921CC;09/09/22;16;0,205;R
ES0000000000006921CC;09/09/22;17;0,178;R
ES0000000000006921CC;09/09/22;18;0,175;R
ES0000000000006921CC;09/09/22;19;0,204;R
ES0000000000006921CC;09/09/22;20;0,161;R
ES0000000000006921CC;09/09/22;21;0,239;R
ES0000000000006921CC;09/09/22;22;0,219;R
ES0000000000006921CC;09/09/22;23;0,213;R
ES0000000000006921CC;10/09/22;0;0,22;R
ES0000000000006921CC;10/09/22;1;0,171;R
ES0000000000006921CC;10/09/22;2;0,167;R
ES0000000000006921CC;10/09/22;3;0,179;R
ES0000000000006921CC;10/09/22;4;0,156;R
ES0000000000006921CC;10/09/22;5;0,142;R
ES0000000000006921CC;10/09/22;6;0,131;R
ES0000000000006921CC;10/09/22;7;0,128;R
ES0000000000006921CC;10/09/22;8;0,116;R
ES0000000000006921CC;10/09/22;9;0,113;R
ES0000000000006921CC;10/09/22;10;0,176;R
ES0000000000006921CC;10/09/22;11;0,363;R
ES0000000000006921CC;10/09/22;12;0,183;R
ES0000000000006921CC;10/09/22;13;0,632;R
ES0000000000006921CC;10/09/22;14;0,679;R
ES0000000000006921CC;10/09/22;15;0,331;R
ES0000000000006921CC;10/09/22;16;0,971;R
ES0000000000006921CC;10/09/22;17;0,173;R
ES0000000000006921CC;10/09/22;18;0,135;R
ES0000000000006921CC;10/09/22;19;0,122;R
ES0000000000006921CC;10/09/22;20;0,161;R
ES0000000000006921CC;10/09/22;21;0,229;R
ES0000000000006921CC;10/09/22;22;0,245;R
ES0000000000006921CC;10/09/22;23;0,229;R
ES0000000000006921CC;11/09/22;0;0,229;R
ES0000000000006921CC;11/09/22;1;0,14;R
ES0000000000006921CC;11/09/22;2;0,118;R
ES0000000000006921CC;11/09/22;3;0,133;R
ES0000000000006921CC;11/09/22;4;0,083;R
ES0000000000006921CC;11/09/22;5;0,127;R
ES0000000000006921CC;11/09/22;6;0,111;R
ES0000000000006921CC;11/09/22;7;0,1;R
ES0000000000006921CC;11/09/22;8;0,107;R
ES0000000000006921CC;11/09/22;9;0,165;R
ES0000000000006921CC;11/09/22;10;0,175;R
ES0000000000006921CC;11/09/22;11;0,326;R
ES0000000000006921CC;11/09/22;12;0,477;R
ES0000000000006921CC;11/09/22;13;0,202;R
ES0000000000006921CC;11/09/22;14;0,14;R
ES0000000000006921CC;11/09/22;15;1,358;R
ES0000000000006921CC;11/09/22;16;0,179;R
ES0000000000006921CC;11/09/22;17;0,148;R
ES0000000000006921CC;11/09/22;18;0,22;R
ES0000000000006921CC;11/09/22;19;0,233;R
ES0000000000006921CC;11/09/22;20;0,189;R
ES0000000000006921CC;11/09/22;21;0,169;R
ES0000000000006921CC;11/09/22;22;0,256;R
ES0000000000006921CC;11/09/22;23;0,187;R
ES0000000000006921CC;12/09/22;0;0,183;R
ES0000000000006921CC;12/09/22;1;0,182;R
ES0000000000006921CC;12/09/22;2;0,095;R
ES0000000000006921CC;12/09/22;3;0,122;R
ES0000000000006921CC;12/09/22;4;0,11;R
ES0000000000006921CC;12/09/22;5;0,104;R
ES0000000000006921CC;12/09/22;6;0,111;R
ES0000000000006921CC;12/09/22;7;0,1;R
ES0000000000006921CC;12/09/22;8;0,105;R
ES0000000000006921CC;12/09/22;9;0,125;R
ES0000000000006921CC;12/09/22;10;0,207;R
ES0000000000006921CC;12/09/22;11;0,351;R
ES0000000000006921CC;12/09/22;12;0,18;R
ES0000000000006921CC;12/09/22;13;0,25;R
ES0000000000006921CC;12/09/22;14;0,171;R
ES0000000000006921CC;12/09/22;15;0,2;R
ES0000000000006921CC;12/09/22;16;0,216;R
ES0000000000006921CC;12/09/22;17;0,163;R
ES0000000000006921CC;12/09/22;18;0,152;R
ES0000000000006921CC;12/09/22;19;0,144;R
ES0000000000006921CC;12/09/22;20;0,16;R
ES0000000000006921CC;12/09/22;21;0,319;R
ES0000000000006921CC;12/09/22;22;0,24;R
ES0000000000006921CC;12/09/22;23;0,174;R
ES0000000000006921CC;13/09/22;0;0,189;R
ES0000000000006921CC;13/09/22;1;0,176;R
ES0000000000006921CC;13/09/22;2;0,122;R
ES0000000000006921CC;13/09/22;3;0,096;R
ES0000000000006921CC;13/09/22;4;0,112;R
ES0000000000006921CC;13/09/22;5;0,106;R
ES0000000000006921CC;13/09/22;6;0,119;R
ES0000000000006921CC;13/09/22;7;0,081;R
ES0000000000006921CC;13/09/22;8;0,122;R
ES0000000000006921CC;13/09/22;9;0,125;R
ES0000000000006921CC;13/09/22;10;0,235;R
ES0000000000006921CC;13/09/22;11;0,305;R
ES0000000000006921CC;13/09/22;12;0,188;R
ES0000000000006921CC;13/09/22;13;0,152;R
ES0000000000006921CC;13/09/22;14;0,212;R
ES0000000000006921CC;13/09/22;15;0,233;R
ES0000000000006921CC;13/09/22;16;0,153;R
ES0000000000006921CC;13/09/22;17;0,136;R
ES0000000000006921CC;13/09/22;18;0,14;R
ES0000000000006921CC;13/09/22;19;0,132;R
ES0000000000006921CC;13/09/22;20;0,243;R
ES0000000000006921CC;13/09/22;21;0,265;R
ES0000000000006921CC;13/09/22;22;0,196;R
ES0000000000006921CC;13/09/22;23;0,191;R
ES0000000000006921CC;14/09/22;0;0,186;R
ES0000000000006921CC;14/09/22;1;0,137;R
ES0000000000006921CC;14/09/22;2;0,091;R
ES0000000000006921CC;14/09/22;3;0,119;R
ES0000000000006921CC;14/09/22;4;0,11;R
ES0000000000006921CC;14/09/22;5;0,106;R
ES0000000000006921CC;14/09/22;6;0,097;R
ES0000000000006921CC;14/09/22;7;0,106;R
ES0000000000006921CC;14/09/22;8;0,138;R
ES0000000000006921CC;14/09/22;9;0,18;R
ES0000000000006921CC;14/09/22;10;0,148;R
ES0000000000006921CC;14/09/22;11;0,227;R
ES0000000000006921CC;14/09/22;12;0,228;R
ES0000000000006921CC;14/09/22;13;0,141;R
ES0000000000006921CC;14/09/22;14;0,155;R
ES0000000000006921CC;14/09/22;15;0,177;R
ES0000000000006921CC;14/09/22;16;0,11;R
ES0000000000006921CC;14/09/22;17;0,105;R
ES0000000000006921CC;14/09/22;18;0,148;R
ES0000000000006921CC;14/09/22;19;0,133;R
ES0000000000006921CC;14/09/22;20;0,139;R
ES0000000000006921CC;14/09/22;21;0,245;R
ES0000000000006921CC;14/09/22;22;0,28;R
ES0000000000006921CC;14/09/22;23;0,182;R
ES0000000000006921CC;15/09/22;0;0,235;R
ES0000000000006921CC;15/09/22;1;0,957;R
ES0000000000006921CC;15/09/22;2;0,107;R
ES0000000000006921CC;15/09/22;3;0,122;R
ES0000000000006921CC;15/09/22;4;0,108;R
ES0000000000006921CC;15/09/22;5;0,075;R
ES0000000000006921CC;15/09/22;6;0,131;R
ES0000000000006921CC;15/09/22;7;0,088;R
ES0000000000006921CC;15/09/22;8;0,094;R
ES0000000000006921CC;15/09/22;9;0,108;R
ES0000000000006921CC;15/09/22;10;0,166;R
ES0000000000006921CC;15/09/22;11;0,184;R
ES0000000000006921CC;15/09/22;12;0,311;R
ES0000000000006921CC;15/09/22;13;0,128;R
ES0000000000006921CC;15/09/22;14;0,166;R
ES0000000000006921CC;15/09/22;15;0,305;R
ES0000000000006921CC;15/09/22;16;0,185;R
ES0000000000006921CC;15/09/22;17;0,108;R
ES0000000000006921CC;15/09/22;18;0,16;R
ES0000000000006921CC;15/09/22;19;0,11;R
ES0000000000006921CC;15/09/22;20;0,2;R
ES0000000000006921CC;15/09/22;21;0,234;R
ES0000000000006921CC;15/09/22;22;0,249;R
ES0000000000006921CC;15/09/22;23;0,23;R
ES0000000000006921CC;16/09/22;0;0,254;R
ES0000000000006921CC;16/09/22;1;0,179;R
ES0000000000006921CC;16/09/22;2;0,089;R
ES0000000000006921CC;16/09/22;3;0,12;R
ES0000000000006921CC;16/09/22;4;0,103;R
ES0000000000006921CC;16/09/22;5;0,107;R
ES0000000000006921CC;16/09/22;6;0,061;R
ES0000000000006921CC;16/09/22;7;0,111;R
ES0000000000006921CC;16/09/22;8;0,088;R
ES0000000000006921CC;16/09/22;9;0,057;R
ES0000000000006921CC;16/09/22;10;0,207;R
ES0000000000006921CC;16/09/22;11;0,296;R
ES0000000000006921CC;16/09/22;12;0,166;R
ES0000000000006921CC;16/09/22;13;0,18;R
ES0000000000006921CC;16/09/22;14;0,254;R
ES0000000000006921CC;16/09/22;15;0,196;R
ES0000000000006921CC;16/09/22;16;0,168;R
ES0000000000006921CC;16/09/22;17;0,111;R
ES0000000000006921CC;16/09/22;18;0,116;R
ES0000000000006921CC;16/09/22;19;0,159;R
ES0000000000006921CC;16/09/22;20;0,133;R
ES0000000000006921CC;16/09/22;21;0,152;R
ES0000000000006921CC;16/09/22;22;0,158;R
ES0000000000006921CC;16/09/22;23;0,177;R
ES0000000000006921CC;17/09/22;0;0,153;R
ES0000000000006921CC;17/09/22;1;0,122;R
ES0000000000006921CC;17/09/22;2;0,097;R
ES0000000000006921CC;17/09/22;3;0,085;R
ES0000000000006921CC;17/09/22;4;0,074;R
ES0000000000006921CC;17/09/22;5;0,072;R
ES0000000000006921CC;17/09/22;6;0,073;R
ES0000000000006921CC;17/09/22;7;0,087;R
ES0000000000006921CC;17/09/22;8;0,096;R
ES0000000000006921CC;17/09/22;9;0,136;R
ES0000000000006921CC;17/09/22;10;0,143;R
ES0000000000006921CC;17/09/22;11;0,288;R
ES0000000000006921CC;17/09/22;12;0,268;R
ES0000000000006921CC;17/09/22;13;0,429;R
ES0000000000006921CC;17/09/22;14;0,888;R
ES0000000000006921CC;17/09/22;15;0,174;R
ES0000000000006921CC;17/09/22;16;0,137;R
ES0000000000006921CC;17/09/22;17;0,123;R
ES0000000000006921CC;17/09/22;18;0,105;R
ES0000000000006921CC;17/09/22;19;0,109;R
ES0000000000006921CC;17/09/22;20;0,126;R
ES0000000000006921CC;17/09/22;21;0,221;R
ES0000000000006921CC;17/09/22;22;0,201;R
ES0000000000006921CC;17/09/22;23;0,254;R
ES0000000000006921CC;18/09/22;0;0,251;R
ES0000000000006921CC;18/09/22;1;0,099;R
ES0000000000006921CC;18/09/22;2;0,083;R
ES0000000000006921CC;18/09/22;3;0,094;R
ES0000000000006921CC;18/09/22;4;0,112;R
ES0000000000006921CC;18/09/22;5;0,087;R
ES0000000000006921CC;18/09/22;6;0,085;R
ES0000000000006921CC;18/09/22;7;0,095;R
ES0000000000006921CC;18/09/22;8;0,103;R
ES0000000000006921CC;18/09/22;9;0,08;R
ES0000000000006921CC;18/09/22;10;0,132;R
ES0000000000006921CC;18/09/22;11;0,694;R
ES0000000000006921CC;18/09/22;12;0,148;R
ES0000000000006921CC;18/09/22;13;0,182;R
ES0000000000006921CC;18/09/22;14;0,175;R
ES0000000000006921CC;18/09/22;15;0,097;R
ES0000000000006921CC;18/09/22;16;0,13;R
ES0000000000006921CC;18/09/22;17;0,093;R
ES0000000000006921CC;18/09/22;18;0,101;R
ES0000000000006921CC;18/09/22;19;0,104;R
ES0000000000006921CC;18/09/22;20;0,563;R
ES0000000000006921CC;18/09/22;21;0,138;R
ES0000000000006921CC;18/09/22;22;0,962;R
ES0000000000006921CC;18/09/22;23;0,139;R
ES0000000000006921CC;19/09/22;0;0,228;R
ES0000000000006921CC;19/09/22;1;0,09;R
ES0000000000006921CC;19/09/22;2;0,111;R
ES0000000000006921CC;19/09/22;3;0,161;R
ES0000000000006921CC;19/09/22;4;0,111;R
ES0000000000006921CC;19/09/22;5;0,092;R
ES0000000000006921CC;19/09/22;6;0,111;R
ES0000000000006921CC;19/09/22;7;0,09;R
ES0000000000006921CC;19/09/22;8;0,085;R
ES0000000000006921CC;19/09/22;9;0,099;R
ES0000000000006921CC;19/09/22;10;0,085;R
ES0000000000006921CC;19/09/22;11;0,261;R
ES0000000000006921CC;19/09/22;12;0,155;R
ES0000000000006921CC;19/09/22;13;0,152;R
ES0000000000006921CC;19/09/22;14;0,599;R
ES0000000000006921CC;19/09/22;15;0,71;R
ES0000000000006921CC;19/09/22;16;0,175;R
ES0000000000006921CC;19/09/22;17;0,183;R
ES0000000000006921CC;19/09/22;18;0,099;R
ES0000000000006921CC;19/09/22;19;0,12;R
ES0000000000006921CC;19/09/22;20;0,111;R
ES0000000000006921CC;19/09/22;21;0,216;R
ES0000000000006921CC;19/09/22;22;0,199;R
ES0000000000006921CC;19/09/22;23;0,231;R
ES0000000000006921CC;20/09/22;0;0,234;R
ES0000000000006921CC;20/09/22;1;0,154;R
ES0000000000006921CC;20/09/22;2;0,079;R
ES0000000000006921CC;20/09/22;3;0,099;R
ES0000000000006921CC;20/09/22;4;0,084;R
ES0000000000006921CC;20/09/22;5;0,103;R
ES0000000000006921CC;20/09/22;6;0,111;R
ES0000000000006921CC;20/09/22;7;0,151;R
ES0000000000006921CC;20/09/22;8;0,107;R
ES0000000000006921CC;20/09/22;9;0,108;R
ES0000000000006921CC;20/09/22;10;0,085;R
ES0000000000006921CC;20/09/22;11;0,32;R
ES0000000000006921CC;20/09/22;12;0,129;R
ES0000000000006921CC;20/09/22;13;0,096;R
ES0000000000006921CC;20/09/22;14;0,246;R
ES0000000000006921CC;20/09/22;15;0,288;R
ES0000000000006921CC;20/09/22;16;0,18;R
ES0000000000006921CC;20/09/22;17;0,117;R
ES0000000000006921CC;20/09/22;18;0,132;R
ES0000000000006921CC;20/09/22;19;0,173;R
ES0000000000006921CC;20/09/22;20;0,251;R
ES0000000000006921CC;20/09/22;21;0,231;R
ES0000000000006921CC;20/09/22;22;0,248;R
ES0000000000006921CC;20/09/22;23;0,168;R
ES0000000000006921CC;21/09/22;0;0,211;R
ES0000000000006921CC;21/09/22;1;0,107;R
ES0000000000006921CC;21/09/22;2;0,102;R
ES0000000000006921CC;21/09/22;3;0,103;R
ES0000000000006921CC;21/09/22;4;0,125;R
ES0000000000006921CC;21/09/22;5;0,071;R
ES0000000000006921CC;21/09/22;6;0,128;R
ES0000000000006921CC;21/09/22;7;0,111;R
ES0000000000006921CC;21/09/22;8;0,168;R
ES0000000000006921CC;21/09/22;9;0,104;R
ES0000000000006921CC;21/09/22;10;0,214;R
ES0000000000006921CC;21/09/22;11;0,282;R
ES0000000000006921CC;21/09/22;12;0,157;R
ES0000000000006921CC;21/09/22;13;0,158;R
ES0000000000006921CC;21/09/22;14;0,155;R
ES0000000000006921CC;21/09/22;15;0,149;R
ES0000000000006921CC;21/09/22;16;0,138;R
ES0000000000006921CC;21/09/22;17;0,111;R
ES0000000000006921CC;21/09/22;18;0,115;R
ES0000000000006921CC;21/09/22;19;0,182;R
ES0000000000006921CC;21/09/22;20;0,21;R
ES0000000000006921CC;21/09/22;21;0,231;R
ES0000000000006921CC;21/09/22;22;0,196;R
ES0000000000006921CC;21/09/22;23;0,178;R
ES0000000000006921CC;22/09/22;0;0,272;R
ES0000000000006921CC;22/09/22;1;0,199;R
ES0000000000006921CC;22/09/22;2;0,107;R
ES0000000000006921CC;22/09/22;3;0,086;R
ES0000000000006921CC;22/09/22;4;0,108;R
ES0000000000006921CC;22/09/22;5;0,089;R
ES0000000000006921CC;22/09/22;6;0,108;R
ES0000000000006921CC;22/09/22;7;0,092;R
ES0000000000006921CC;22/09/22;8;0,158;R
ES0000000000006921CC;22/09/22;9;0,159;R
ES0000000000006921CC;22/09/22;10;0,16;R
ES0000000000006921CC;22/09/22;11;0,303;R
ES0000000000006921CC;22/09/22;12;0,11;R
ES0000000000006921CC;22/09/22;13;0,215;R
ES0000000000006921CC;22/09/22;14;0,179;R
ES0000000000006921CC;22/09/22;15;0,196;R
ES0000000000006921CC;22/09/22;16;0,181;R
ES0000000000006921CC;22/09/22;17;0,126;R
ES0000000000006921CC;22/09/22;18;0,104;R
ES0000000000006921CC;22/09/22;19;0,132;R
ES0000000000006921CC;22/09/22;20;0,157;R
ES0000000000006921CC;22/09/22;21;0,227;R
ES0000000000006921CC;22/09/22;22;0,22;R
ES0000000000006921CC;22/09/22;23;0,201;R
ES0000000000006921CC;23/09/22;0;0,255;R
ES0000000000006921CC;23/09/22;1;0,978;R
ES0000000000006921CC;23/09/22;2;0,117;R
ES0000000000006921CC;23/09/22;3;0,124;R
ES0000000000006921CC;23/09/22;4;0,102;R
ES0000000000006921CC;23/09/22;5;0,134;R
ES0000000000006921CC;23/09/22;6;0,109;R
ES0000000000006921CC;23/09/22;7;0,16;R
ES0000000000006921CC;23/09/22;8;0,151;R
ES0000000000006921CC;23/09/22;9;0,127;R
ES0000000000006921CC;23/09/22;10;0,151;R
ES0000000000006921CC;23/09/22;11;0,395;R
ES0000000000006921CC;23/09/22;12;0,114;R
ES0000000000006921CC;23/09/22;13;0,142;R
ES0000000000006921CC;23/09/22;14;0,178;R
ES0000000000006921CC;23/09/22;15;0,227;R
ES0000000000006921CC;23/09/22;16;0,199;R
ES0000000000006921CC;23/09/22;17;0,183;R
ES0000000000006921CC;23/09/22;18;0,186;R
ES0000000000006921CC;23/09/22;19;0,198;R
ES0000000000006921CC;23/09/22;20;0,248;R
ES0000000000006921CC;23/09/22;21;0,22;R
ES0000000000006921CC;23/09/22;22;0,216;R
ES0000000000006921CC;23/09/22;23;0,19;R
ES0000000000006921CC;24/09/22;0;0,198;R
ES0000000000006921CC;24/09/22;1;0,239;R
ES0000000000006921CC;24/09/22;2;0,174;R
ES0000000000006921CC;24/09/22;3;0,156;R
ES0000000000006921CC;24/09/22;4;0,145;R
ES0000000000006921CC;24/09/22;5;0,123;R
ES0000000000006921CC;24/09/22;6;0,099;R
ES0000000000006921CC;24/09/22;7;0,11;R
ES0000000000006921CC;24/09/22;8;0,105;R
ES0000000000006921CC;24/09/22;9;0,075;R
ES0000000000006921CC;24/09/22;10;0,179;R
ES0000000000006921CC;24/09/22;11;0,273;R
ES0000000000006921CC;24/09/22;12;0,143;R
ES0000000000006921CC;24/09/22;13;0,159;R
ES0000000000006921CC;24/09/22;14;0,464;R
ES0000000000006921CC;24/09/22;15;1,347;R
ES0000000000006921CC;24/09/22;16;0,19;R
ES0000000000006921CC;24/09/22;17;0,25;R
ES0000000000006921CC;24/09/22;18;0,181;R
ES0000000000006921CC;24/09/22;19;0,111;R
ES0000000000006921CC;24/09/22;20;0,215;R
ES0000000000006921CC;24/09/22;21;0,351;R
ES0000000000006921CC;24/09/22;22;0,217;R
ES0000000000006921CC;24/09/22;23;0,157;R
ES0000000000006921CC;25/09/22;0;0,225;R
ES0000000000006921CC;25/09/22;1;0,137;R
ES0000000000006921CC;25/09/22;2;0,081;R
ES0000000000006921CC;25/09/22;3;0,146;R
ES0000000000006921CC;25/09/22;4;0,165;R
ES0000000000006921CC;25/09/22;5;0,088;R
ES0000000000006921CC;25/09/22;6;0,126;R
ES0000000000006921CC;25/09/22;7;0,078;R
ES0000000000006921CC;25/09/22;8;0,094;R
ES0000000000006921CC;25/09/22;9;0,091;R
ES0000000000006921CC;25/09/22;10;0,166;R
ES0000000000006921CC;25/09/22;11;0,265;R
ES0000000000006921CC;25/09/22;12;0,142;R
ES0000000000006921CC;25/09/22;13;0,156;R
ES0000000000006921CC;25/09/22;14;0,116;R
ES0000000000006921CC;25/09/22;15;0,153;R
ES0000000000006921CC;25/09/22;16;0,125;R
ES0000000000006921CC;25/09/22;17;0,111;R
ES0000000000006921CC;25/09/22;18;0,163;R
ES0000000000006921CC;25/09/22;19;0,214;R
ES0000000000006921CC;25/09/22;20;0,176;R
ES0000000000006921CC;25/09/22;21;0,199;R
ES0000000000006921CC;25/09/22;22;0,195;R
ES0000000000006921CC;25/09/22;23;1,008;R
ES0000000000006921CC;26/09/22;0;0,156;R
ES0000000000006921CC;26/09/22;1;0,153;R
ES0000000000006921CC;26/09/22;2;0,089;R
ES0000000000006921CC;26/09/22;3;0,098;R
ES0000000000006921CC;26/09/22;4;0,082;R
ES0000000000006921CC;26/09/22;5;0,095;R
ES0000000000006921CC;26/09/22;6;0,082;R
ES0000000000006921CC;26/09/22;7;0,105;R
ES0000000000006921CC;26/09/22;8;0,14;R
ES0000000000006921CC;26/09/22;9;0,174;R
ES0000000000006921CC;26/09/22;10;0,125;R
ES0000000000006921CC;26/09/22;11;0,301;R
ES0000000000006921CC;26/09/22;12;0,081;R
ES0000000000006921CC;26/09/22;13;0,116;R
ES0000000000006921CC;26/09/22;14;0,091;R
ES0000000000006921CC;26/09/22;15;0,209;R
ES0000000000006921CC;26/09/22;16;0,119;R
ES0000000000006921CC;26/09/22;17;0,118;R
ES0000000000006921CC;26/09/22;18;0,095;R
ES0000000000006921CC;26/09/22;19;0,147;R
ES0000000000006921CC;26/09/22;20;0,132;R
ES0000000000006921CC;26/09/22;21;0,136;R
ES0000000000006921CC;26/09/22;22;0,146;R
ES0000000000006921CC;26/09/22;23;0,283;R
ES0000000000006921CC;27/09/22;0;0,246;R
ES0000000000006921CC;27/09/22;1;0,16;R
ES0000000000006921CC;27/09/22;2;0,083;R
ES0000000000006921CC;27/09/22;3;0,091;R
ES0000000000006921CC;27/09/22;4;0,077;R
ES0000000000006921CC;27/09/22;5;0,09;R
ES0000000000006921CC;27/09/22;6;0,093;R
ES0000000000006921CC;27/09/22;7;0,103;R
ES0000000000006921CC;27/09/22;8;0,102;R
ES0000000000006921CC;27/09/22;9;0,079;R
ES0000000000006921CC;27/09/22;10;0,074;R
ES0000000000006921CC;27/09/22;11;0,21;R
ES0000000000006921CC;27/09/22;12;0,099;R
ES0000000000006921CC;27/09/22;13;0,107;R
ES0000000000006921CC;27/09/22;14;0,238;R
ES0000000000006921CC;27/09/22;15;0,187;R
ES0000000000006921CC;27/09/22;16;0,134;R
ES0000000000006921CC;27/09/22;17;0,105;R
ES0000000000006921CC;27/09/22;18;0,096;R
ES0000000000006921CC;27/09/22;19;0,123;R
ES0000000000006921CC;27/09/22;20;0,167;R
ES0000000000006921CC;27/09/22;21;0,179;R
ES0000000000006921CC;27/09/22;22;0,17;R
ES0000000000006921CC;27/09/22;23;0,216;R
ES0000000000006921CC;28/09/22;0;0,143;R
ES0000000000006921CC;28/09/22;1;0,117;R
ES0000000000006921CC;28/09/22;2;0,073;R
ES0000000000006921CC;28/09/22;3;0,091;R
ES0000000000006921CC;28/09/22;4;0,069;R
ES0000000000006921CC;28/09/22;5;0,158;R
ES0000000000006921CC;28/09/22;6;0,145;R
ES0000000000006921CC;28/09/22;7;0,113;R
ES0000000000006921CC;28/09/22;8;0,075;R
ES0000000000006921CC;28/09/22;9;0,092;R
ES0000000000006921CC;28/09/22;10;0,126;R
ES0000000000006921CC;28/09/22;11;0,234;R
ES0000000000006921CC;28/09/22;12;0,086;R
ES0000000000006921CC;28/09/22;13;0,109;R
ES0000000000006921CC;28/09/22;14;0,729;R
ES0000000000006921CC;28/09/22;15;0,174;R
ES0000000000006921CC;28/09/22;16;0,093;R
ES0000000000006921CC;28/09/22;17;0,128;R
ES0000000000006921CC;28/09/22;18;0,081;R
ES0000000000006921CC;28/09/22;19;0,164;R
ES0000000000006921CC;28/09/22;20;0,196;R
ES0000000000006921CC;28/09/22;21;0,217;R
ES0000000000006921CC;28/09/22;22;0,18;R
ES0000000000006921CC;28/09/22;23;0,183;R
ES0000000000006921CC;29/09/22;0;0,218;R
ES0000000000006921CC;29/09/22;1;0,122;R
ES0000000000006921CC;29/09/22;2;0,092;R
ES0000000000006921CC;29/09/22;3;0,102;R
ES0000000000006921CC;29/09/22;4;0,076;R
ES0000000000006921CC;29/09/22;5;0,09;R
ES0000000000006921CC;29/09/22;6;0,075;R
ES0000000000006921CC;29/09/22;7;0,087;R
ES0000000000006921CC;29/09/22;8;0,088;R
ES0000000000006921CC;29/09/22;9;0,099;R
ES0000000000006921CC;29/09/22;10;0,138;R
ES0000000000006921CC;29/09/22;11;0,31;R
ES0000000000006921CC;29/09/22;12;0,223;R
ES0000000000006921CC;29/09/22;13;0,122;R
ES0000000000006921CC;29/09/22;14;0,113;R
ES0000000000006921CC;29/09/22;15;0,19;R
ES0000000000006921CC;29/09/22;16;0,443;R
ES0000000000006921CC;29/09/22;17;1,034;R
ES0000000000006921CC;29/09/22;18;0,119;R
ES0000000000006921CC;29/09/22;19;0,14;R
ES0000000000006921CC;29/09/22;20;0,273;R
ES0000000000006921CC;29/09/22;21;0,286;R
ES0000000000006921CC;29/09/22;22;0,302;R
ES0000000000006921CC;29/09/22;23;0,283;R
ES0000000000006921CC;30/09/22;0;0,249;R
ES0000000000006921CC;30/09/22;1;0,244;R
ES0000000000006921CC;30/09/22;2;0,101;R
ES0000000000006921CC;30/09/22;3;0,098;R
ES0000000000006921CC;30/09/22;4;0,1;R
ES0000000000006921CC;30/09/22;5;0,115;R
ES0000000000006921CC;30/09/22;6;0,093;R
ES0000000000006921CC;30/09/22;7;0,105;R
ES0000000000006921CC;30/09/22;8;0,097;R
ES0000000000006921CC;30/09/22;9;0,141;R
ES0000000000006921CC;30/09/22;10;0,127;R
ES0000000000006921CC;30/09/22;11;0,278;R
ES0000000000006921CC;30/09/22;12;0,133;R
ES0000000000006921CC;30/09/22;13;0,433;R
ES0000000000006921CC;30/09/22;14;0,167;R
ES0000000000006921CC;30/09/22;15;0,996;R
ES0000000000006921CC;30/09/22;16;0,168;R
ES0000000000006921CC;30/09/22;17;0,336;R
ES0000000000006921CC;30/09/22;18;0,154;R
ES0000000000006921CC;30/09/22;19;0,249;R
ES0000000000006921CC;30/09/22;20;0,218;R
ES0000000000006921CC;30/09/22;21;0,268;R
ES0000000000006921CC;30/09/22;22;0,298;R
ES0000000000006921CC;30/09/22;23;0,234;R
ES0000000000006921CC;01/10/22;0;0,208;R
ES0000000000006921CC;01/10/22;1;0,242;R
ES0000000000006921CC;01/10/22;2;0,095;R
ES0000000000006921CC;01/10/22;3;0,112;R
ES0000000000006921CC;01/10/22;4;0,086;R
ES0000000000006921CC;01/10/22;5;0,113;R
ES0000000000006921CC;01/10/22;6;0,094;R
ES0000000000006921CC;01/10/22;7;0,118;R
ES0000000000006921CC;01/10/22;8;0,093;R
ES0000000000006921CC;01/10/22;9;0,096;R
ES0000000000006921CC;01/10/22;10;0,12;R
ES0000000000006921CC;01/10/22;11;0,463;R
ES0000000000006921CC;01/10/22;12;0,188;R
ES0000000000006921CC;01/10/22;13;0,183;R
ES0000000000006921CC;01/10/22;14;0,473;R
ES0000000000006921CC;01/10/22;15;0,502;R
ES0000000000006921CC;01/10/22;16;0,129;R
ES0000000000006921CC;01/10/22;17;0,939;R
ES0000000000006921CC;01/10/22;18;0,297;R
ES0000000000006921CC;01/10/22;19;0,09;R
ES0000000000006921CC;01/10/22;20;0,308;R
ES0000000000006921CC;01/10/22;21;0,452;R
ES0000000000006921CC;01/10/22;22;0,237;R
ES0000000000006921CC;01/10/22;23;0,167;R
ES0000000000006921CC;02/10/22;0;0,202;R
ES0000000000006921CC;02/10/22;1;0,143;R
ES0000000000006921CC;02/10/22;2;0,164;R
ES0000000000006921CC;02/10/22;3;0,136;R
ES0000000000006921CC;02/10/22;4;0,127;R
ES0000000000006921CC;02/10/22;5;0,094;R
ES0000000000006921CC;02/10/22;6;0,104;R
ES0000000000006921CC;02/10/22;7;0,09;R
ES0000000000006921CC;02/10/22;8;0,099;R
ES0000000000006921CC;02/10/22;9;0,087;R
ES0000000000006921CC;02/10/22;10;0,183;R
ES0000000000006921CC;02/10/22;11;0,38;R
ES0000000000006921CC;02/10/22;12;0,18;R
ES0000000000006921CC;02/10/22;13;1,114;R
ES0000000000006921CC;02/10/22;14;0,716;R
ES0000000000006921CC;02/10/22;15;1,026;R
ES0000000000006921CC;02/10/22;16;0,169;R
ES0000000000006921CC;02/10/22;17;0,189;R
ES0000000000006921CC;02/10/22;18;0,304;R
ES0000000000006921CC;02/10/22;19;0,212;R
ES0000000000006921CC;02/10/22;20;0,187;R
ES0000000000006921CC;02/10/22;21;0,394;R
ES0000000000006921CC;02/10/22;22;1,089;R
ES0000000000006921CC;02/10/22;23;0,244;R
ES0000000000006921CC;03/10/22;0;0,23;R
ES0000000000006921CC;03/10/22;1;0,243;R
ES0000000000006921CC;03/10/22;2;0,165;R
ES0000000000006921CC;03/10/22;3;0,176;R
ES0000000000006921CC;03/10/22;4;0,115;R
ES0000000000006921CC;03/10/22;5;0,127;R
ES0000000000006921CC;03/10/22;6;0,105;R
ES0000000000006921CC;03/10/22;7;0,123;R
ES0000000000006921CC;03/10/22;8;0,106;R
ES0000000000006921CC;03/10/22;9;0,19;R
ES0000000000006921CC;03/10/22;10;0,341;R
ES0000000000006921CC;03/10/22;11;0,305;R
ES0000000000006921CC;03/10/22;12;0,19;R
ES0000000000006921CC;03/10/22;13;0,127;R
ES0000000000006921CC;03/10/22;14;0,125;R
ES0000000000006921CC;03/10/22;15;0,273;R
ES0000000000006921CC;03/10/22;16;0,118;R
ES0000000000006921CC;03/10/22;17;0,1;R
ES0000000000006921CC;03/10/22;18;0,112;R
ES0000000000006921CC;03/10/22;19;0,103;R
ES0000000000006921CC;03/10/22;20;0,168;R
ES0000000000006921CC;03/10/22;21;0,156;R
ES0000000000006921CC;03/10/22;22;0,225;R
ES0000000000006921CC;03/10/22;23;0,222;R
ES0000000000006921CC;04/10/22;0;0,232;R
ES0000000000006921CC;04/10/22;1;0,168;R
ES0000000000006921CC;04/10/22;2;0,131;R
ES0000000000006921CC;04/10/22;3;0,103;R
ES0000000000006921CC;04/10/22;4;0,114;R
ES0000000000006921CC;04/10/22;5;0,103;R
ES0000000000006921CC;04/10/22;6;0,113;R
ES0000000000006921CC;04/10/22;7;0,102;R
ES0000000000006921CC;04/10/22;8;0,108;R
ES0000000000006921CC;04/10/22;9;0,089;R
ES0000000000006921CC;04/10/22;10;0,141;R
ES0000000000006921CC;04/10/22;11;0,255;R
ES0000000000006921CC;04/10/22;12;0,184;R
ES0000000000006921CC;04/10/22;13;0,183;R
ES0000000000006921CC;04/10/22;14;0,303;R
ES0000000000006921CC;04/10/22;15;0,207;R
ES0000000000006921CC;04/10/22;16;0,734;R
ES0000000000006921CC;04/10/22;17;0,194;R
ES0000000000006921CC;04/10/22;18;0,115;R
ES0000000000006921CC;04/10/22;19;0,131;R
ES0000000000006921CC;04/10/22;20;0,234;R
ES0000000000006921CC;04/10/22;21;0,232;R
ES0000000000006921CC;04/10/22;22;0,227;R
ES0000000000006921CC;04/10/22;23;0,248;R
ES0000000000006921CC;05/10/22;0;0,214;R
ES0000000000006921CC;05/10/22;1;0,186;R
ES0000000000006921CC;05/10/22;2;0,14;R
ES0000000000006921CC;05/10/22;3;0,115;R
ES0000000000006921CC;05/10/22;4;0,083;R
ES0000000000006921CC;05/10/22;5;0,119;R
ES0000000000006921CC;05/10/22;6;0,118;R
ES0000000000006921CC;05/10/22;7;0,105;R
ES0000000000006921CC;05/10/22;8;0,057;R
ES0000000000006921CC;05/10/22;9;0,101;R
ES0000000000006921CC;05/10/22;10;0,157;R
ES0000000000006921CC;05/10/22;11;0,351;R
ES0000000000006921CC;05/10/22;12;0,183;R
ES0000000000006921CC;05/10/22;13;0,137;R
ES0000000000006921CC;05/10/22;14;0,301;R
ES0000000000006921CC;05/10/22;15;0,178;R
ES0000000000006921CC;05/10/22;16;0,142;R
ES0000000000006921CC;05/10/22;17;0,086;R
ES0000000000006921CC;05/10/22;18;0,109;R
ES0000000000006921CC;05/10/22;19;0,128;R
ES0000000000006921CC;05/10/22;20;0,124;R
ES0000000000006921CC;05/10/22;21;0,256;R
ES0000000000006921CC;05/10/22;22;0,173;R
ES0000000000006921CC;05/10/22;23;0,225;R
ES0000000000006921CC;06/10/22;0;0,176;R
ES0000000000006921CC;06/10/22;1;0,937;R
ES0000000000006921CC;06/10/22;2;0,109;R
ES0000000000006921CC;06/10/22;3;0,11;R
ES0000000000006921CC;06/10/22;4;0,082;R
ES0000000000006921CC;06/10/22;5;0,103;R
ES0000000000006921CC;06/10/22;6;0,079;R
ES0000000000006921CC;06/10/22;7;0,122;R
ES0000000000006921CC;06/10/22;8;0,098;R
ES0000000000006921CC;06/10/22;9;0,177;R
ES0000000000006921CC;06/10/22;10;0,219;R
ES0000000000006921CC;06/10/22;11;0,177;R
ES0000000000006921CC;06/10/22;12;0,141;R
ES0000000000006921CC;06/10/22;13;0,181;R
ES0000000000006921CC;06/10/22;14;0,176;R
ES0000000000006921CC;06/10/22;15;0,199;R
ES0000000000006921CC;06/10/22;16;0,149;R
ES0000000000006921CC;06/10/22;17;0,104;R
ES0000000000006921CC;06/10/22;18;0,105;R
ES0000000000006921CC;06/10/22;19;0,105;R
ES0000000000006921CC;06/10/22;20;0,151;R
ES0000000000006921CC;06/10/22;21;0,194;R
ES0000000000006921CC;06/10/22;22;0,187;R
ES0000000000006921CC;06/10/22;23;0,202;R
ES0000000000006921CC;07/10/22;0;0,166;R
ES0000000000006921CC;07/10/22;1;0,1;R
ES0000000000006921CC;07/10/22;2;0,175;R
ES0000000000006921CC;07/10/22;3;0,16;R
ES0000000000006921CC;07/10/22;4;0,121;R
ES0000000000006921CC;07/10/22;5;0,114;R
ES0000000000006921CC;07/10/22;6;0,11;R
ES0000000000006921CC;07/10/22;7;0,093;R
ES0000000000006921CC;07/10/22;8;0,096;R
ES0000000000006921CC;07/10/22;9;0,093;R
ES0000000000006921CC;07/10/22;10;0,141;R
ES0000000000006921CC;07/10/22;11;0,292;R
ES0000000000006921CC;07/10/22;12;0,138;R
ES0000000000006921CC;07/10/22;13;0,138;R
ES0000000000006921CC;07/10/22;14;0,264;R
ES0000000000006921CC;07/10/22;15;0,532;R
ES0000000000006921CC;07/10/22;16;0,182;R
ES0000000000006921CC;07/10/22;17;0,137;R
ES0000000000006921CC;07/10/22;18;0,169;R
ES0000000000006921CC;07/10/22;19;0,173;R
ES0000000000006921CC;07/10/22;20;0,138;R
ES0000000000006921CC;07/10/22;21;0,255;R
ES0000000000006921CC;07/10/22;22;0,175;R
ES0000000000006921CC;07/10/22;23;0,164;R
ES0000000000006921CC;08/10/22;0;0,14;R
ES0000000000006921CC;08/10/22;1;0,101;R
ES0000000000006921CC;08/10/22;2;0,142;R
ES0000000000006921CC;08/10/22;3;0,156;R
ES0000000000006921CC;08/10/22;4;0,1;R
ES0000000000006921CC;08/10/22;5;0,094;R
ES0000000000006921CC;08/10/22;6;0,094;R
ES0000000000006921CC;08/10/22;7;0,09;R
ES0000000000006921CC;08/10/22;8;0,089;R
ES0000000000006921CC;08/10/22;9;0,077;R
ES0000000000006921CC;08/10/22;10;0,16;R
ES0000000000006921CC;08/10/22;11;0,615;R
ES0000000000006921CC;08/10/22;12;0,209;R
ES0000000000006921CC;08/10/22;13;0,596;R
ES0000000000006921CC;08/10/22;14;0,906;R
ES0000000000006921CC;08/10/22;15;0,676;R
ES0000000000006921CC;08/10/22;16;0,203;R
ES0000000000006921CC;08/10/22;17;0,141;R
ES0000000000006921CC;08/10/22;18;0,093;R
ES0000000000006921CC;08/10/22;19;0,11;R
ES0000000000006921CC;08/10/22;20;0,158;R
ES0000000000006921CC;08/10/22;21;0,156;R
ES0000000000006921CC;08/10/22;22;0,159;R
ES0000000000006921CC;08/10/22;23;0,164;R
ES0000000000006921CC;09/10/22;0;0,188;R
ES0000000000006921CC;09/10/22;1;0,103;R
ES0000000000006921CC;09/10/22;2;0,083;R
ES0000000000006921CC;09/10/22;3;0,081;R
ES0000000000006921CC;09/10/22;4;0,135;R
ES0000000000006921CC;09/10/22;5;0,138;R
ES0000000000006921CC;09/10/22;6;0,088;R
ES0000000000006921CC;09/10/22;7;0,077;R
ES0000000000006921CC;09/10/22;8;0,083;R
ES0000000000006921CC;09/10/22;9;0,075;R
ES0000000000006921CC;09/10/22;10;0,122;R
ES0000000000006921CC;09/10/22;11;0,25;R
ES0000000000006921CC;09/10/22;12;0,792;R
ES0000000000006921CC;09/10/22;13;1,358;R
ES0000000000006921CC;09/10/22;14;1,335;R
ES0000000000006921CC;09/10/22;15;0,106;R
ES0000000000006921CC;09/10/22;16;0,197;R
ES0000000000006921CC;09/10/22;17;0,111;R
ES0000000000006921CC;09/10/22;18;0,236;R
ES0000000000006921CC;09/10/22;19;0,183;R
ES0000000000006921CC;09/10/22;20;0,16;R
ES0000000000006921CC;09/10/22;21;0,158;R
ES0000000000006921CC;09/10/22;22;0,174;R
ES0000000000006921CC;09/10/22;23;0,2;R
ES0000000000006921CC;10/10/22;0;0,138;R
ES0000000000006921CC;10/10/22;1;0,129;R
ES0000000000006921CC;10/10/22;2;0,069;R
ES0000000000006921CC;10/10/22;3;0,107;R
ES0000000000006921CC;10/10/22;4;0,093;R
ES0000000000006921CC;10/10/22;5;0,084;R
ES0000000000006921CC;10/10/22;6;0,079;R
ES0000000000006921CC;10/10/22;7;0,079;R
ES0000000000006921CC;10/10/22;8;0,137;R
ES0000000000006921CC;10/10/22;9;0,148;R
ES0000000000006921CC;10/10/22;10;0,109;R
ES0000000000006921CC;10/10/22;11;0,289;R
ES0000000000006921CC;10/10/22;12;0,151;R
ES0000000000006921CC;10/10/22;13;0,211;R
ES0000000000006921CC;10/10/22;14;0,457;R
ES0000000000006921CC;10/10/22;15;0,216;R
ES0000000000006921CC;10/10/22;16;0,155;R
ES0000000000006921CC;10/10/22;17;0,127;R
ES0000000000006921CC;10/10/22;18;0,113;R
ES0000000000006921CC;10/10/22;19;0,137;R
ES0000000000006921CC;10/10/22;20;0,171;R
ES0000000000006921CC;10/10/22;21;0,226;R
ES0000000000006921CC;10/10/22;22;0,221;R
ES0000000000006921CC;10/10/22;23;0,163;R
ES0000000000006921CC;11/10/22;0;0,153;R
ES0000000000006921CC;11/10/22;1;0,241;R
ES0000000000006921CC;11/10/22;2;0,068;R
ES0000000000006921CC;11/10/22;3;0,113;R
ES0000000000006921CC;11/10/22;4;0,093;R
ES0000000000006921CC;11/10/22;5;0,081;R
ES0000000000006921CC;11/10/22;6;0,085;R
ES0000000000006921CC;11/10/22;7;0,083;R
ES0000000000006921CC;11/10/22;8;0,096;R
ES0000000000006921CC;11/10/22;9;0,101;R
ES0000000000006921CC;11/10/22;10;0,111;R
ES0000000000006921CC;11/10/22;11;0,271;R
ES0000000000006921CC;11/10/22;12;0,191;R
ES0000000000006921CC;11/10/22;13;0,201;R
ES0000000000006921CC;11/10/22;14;0,111;R
ES0000000000006921CC;11/10/22;15;0,19;R
ES0000000000006921CC;11/10/22;16;0,163;R
ES0000000000006921CC;11/10/22;17;0,116;R
ES0000000000006921CC;11/10/22;18;0,064;R
ES0000000000006921CC;11/10/22;19;0,145;R
ES0000000000006921CC;11/10/22;20;0,176;R
ES0000000000006921CC;11/10/22;21;0,202;R
ES0000000000006921CC;11/10/22;22;0,169;R
ES0000000000006921CC;11/10/22;23;0,167;R
ES0000000000006921CC;12/10/22;0;0,235;R
ES0000000000006921CC;12/10/22;1;0,182;R
ES0000000000006921CC;12/10/22;2;0,102;R
ES0000000000006921CC;12/10/22;3;0,177;R
ES0000000000006921CC;12/10/22;4;0,142;R
ES0000000000006921CC;12/10/22;5;0,096;R
ES0000000000006921CC;12/10/22;6;0,097;R
ES0000000000006921CC;12/10/22;7;0,105;R
ES0000000000006921CC;12/10/22;8;0,086;R
ES0000000000006921CC;12/10/22;9;0,101;R
ES0000000000006921CC;12/10/22;10;0,119;R
ES0000000000006921CC;12/10/22;11;0,297;R
ES0000000000006921CC;12/10/22;12;0,103;R
ES0000000000006921CC;12/10/22;13;0,103;R
ES0000000000006921CC;12/10/22;14;0,239;R
ES0000000000006921CC;12/10/22;15;0,17;R
ES0000000000006921CC;12/10/22;16;0,55;R
ES0000000000006921CC;12/10/22;17;0,674;R
ES0000000000006921CC;12/10/22;18;0,14;R
ES0000000000006921CC;12/10/22;19;0,104;R
ES0000000000006921CC;12/10/22;20;0,268;R
ES0000000000006921CC;12/10/22;21;0,191;R
ES0000000000006921CC;12/10/22;22;0,189;R
ES0000000000006921CC;12/10/22;23;0,145;R
ES0000000000006921CC;13/10/22;0;0,24;R
ES0000000000006921CC;13/10/22;1;0,163;R
ES0000000000006921CC;13/10/22;2;0,142;R
ES0000000000006921CC;13/10/22;3;0,083;R
ES0000000000006921CC;13/10/22;4;0,108;R
ES0000000000006921CC;13/10/22;5;0,131;R
ES0000000000006921CC;13/10/22;6;0,172;R
ES0000000000006921CC;13/10/22;7;0,103;R
ES0000000000006921CC;13/10/22;8;0,108;R
ES0000000000006921CC;13/10/22;9;0,096;R
ES0000000000006921CC;13/10/22;10;0,148;R
ES0000000000006921CC;13/10/22;11;0,255;R
ES0000000000006921CC;13/10/22;12;0,164;R
ES0000000000006921CC;13/10/22;13;0,094;R
ES0000000000006921CC;13/10/22;14;0,151;R
ES0000000000006921CC;13/10/22;15;0,21;R
ES0000000000006921CC;13/10/22;16;0,135;R
ES0000000000006921CC;13/10/22;17;0,124;R
ES0000000000006921CC;13/10/22;18;0,159;R
ES0000000000006921CC;13/10/22;19;0,221;R
ES0000000000006921CC;13/10/22;20;0,339;R
ES0000000000006921CC;13/10/22;21;0,151;R
ES0000000000006921CC;13/10/22;22;0,176;R
ES0000000000006921CC;13/10/22;23;0,181;R
ES0000000000006921CC;14/10/22;0;0,232;R
ES0000000000006921CC;14/10/22;1;0,173;R
ES0000000000006921CC;14/10/22;2;0,103;R
ES0000000000006921CC;14/10/22;3;0,095;R
ES0000000000006921CC;14/10/22;4;0,081;R
ES0000000000006921CC;14/10/22;5;0,103;R
ES0000000000006921CC;14/10/22;6;0,075;R
ES0000000000006921CC;14/10/22;7;0,103;R
ES0000000000006921CC;14/10/22;8;0,075;R
ES0000000000006921CC;14/10/22;9;0,201;R
ES0000000000006921CC;14/10/22;10;0,154;R
ES0000000000006921CC;14/10/22;11;0,303;R
ES0000000000006921CC;14/10/22;12;0,095;R
ES0000000000006921CC;14/10/22;13;0,123;R
ES0000000000006921CC;14/10/22;14;0,13;R
ES0000000000006921CC;14/10/22;15;0,281;R
ES0000000000006921CC;14/10/22;16;0,105;R
ES0000000000006921CC;14/10/22;17;0,163;R
ES0000000000006921CC;14/10/22;18;0,09;R
ES0000000000006921CC;14/10/22;19;0,105;R
ES0000000000006921CC;14/10/22;20;0,106;R
ES0000000000006921CC;14/10/22;21;0,242;R
ES0000000000006921CC;14/10/22;22;0,16;R
ES0000000000006921CC;14/10/22;23;0,158;R
ES0000000000006921CC;15/10/22;0;0,204;R
ES0000000000006921CC;15/10/22;1;0,232;R
ES0000000000006921CC;15/10/22;2;0,076;R
ES0000000000006921CC;15/10/22;3;0,107;R
ES0000000000006921CC;15/10/22;4;0,103;R
ES0000000000006921CC;15/10/22;5;0,109;R
ES0000000000006921CC;15/10/22;6;0,075;R
ES0000000000006921CC;15/10/22;7;0,091;R
ES0000000000006921CC;15/10/22;8;0,11;R
ES0000000000006921CC;15/10/22;9;0,126;R
ES0000000000006921CC;15/10/22;10;0,085;R
ES0000000000006921CC;15/10/22;11;0,831;R
ES0000000000006921CC;15/10/22;12;0,283;R
ES0000000000006921CC;15/10/22;13;0,164;R
ES0000000000006921CC;15/10/22;14;0,561;R
ES0000000000006921CC;15/10/22;15;0,951;R
ES0000000000006921CC;15/10/22;16;0,209;R
ES0000000000006921CC;15/10/22;17;0,204;R
ES0000000000006921CC;15/10/22;18;0,085;R
ES0000000000006921CC;15/10/22;19;0,138;R
ES0000000000006921CC;15/10/22;20;0,136;R
ES0000000000006921CC;15/10/22;21;0,213;R
ES0000000000006921CC;15/10/22;22;0,184;R
ES0000000000006921CC;15/10/22;23;0,127;R
ES0000000000006921CC;16/10/22;0;0,168;R
ES0000000000006921CC;16/10/22;1;0,084;R
ES0000000000006921CC;16/10/22;2;0,077;R
ES0000000000006921CC;16/10/22;3;0,092;R
ES0000000000006921CC;16/10/22;4;0,1;R
ES0000000000006921CC;16/10/22;5;0,084;R
ES0000000000006921CC;16/10/22;6;0,068;R
ES0000000000006921CC;16/10/22;7;0,151;R
ES0000000000006921CC;16/10/22;8;0,163;R
ES0000000000006921CC;16/10/22;9;0,072;R
ES0000000000006921CC;16/10/22;10;0,133;R
ES0000000000006921CC;16/10/22;11;0,276;R
ES0000000000006921CC;16/10/22;12;0,143;R
ES0000000000006921CC;16/10/22;13;0,159;R
ES0000000000006921CC;16/10/22;14;0,833;R
ES0000000000006921CC;16/10/22;15;1,483;R
ES0000000000006921CC;16/10/22;16;0,511;R
ES0000000000006921CC;16/10/22;17;0,254;R
ES0000000000006921CC;16/10/22;18;0,104;R
ES0000000000006921CC;16/10/22;19;0,122;R
ES0000000000006921CC;16/10/22;20;0,164;R
ES0000000000006921CC;16/10/22;21;0,253;R
ES0000000000006921CC;16/10/22;22;0,217;R
ES0000000000006921CC;16/10/22;23;0,135;R
ES0000000000006921CC;17/10/22;0;0,144;R
ES0000000000006921CC;17/10/22;1;0,116;R
ES0000000000006921CC;17/10/22;2;0,096;R
ES0000000000006921CC;17/10/22;3;0,089;R
ES0000000000006921CC;17/10/22;4;0,078;R
ES0000000000006921CC;17/10/22;5;0,099;R
ES0000000000006921CC;17/10/22;6;0,092;R
ES0000000000006921CC;17/10/22;7;0,1;R
ES0000000000006921CC;17/10/22;8;0,087;R
ES0000000000006921CC;17/10/22;9;0,1;R
ES0000000000006921CC;17/10/22;10;0,12;R
ES0000000000006921CC;17/10/22;11;0,242;R
ES0000000000006921CC;17/10/22;12;0,202;R
ES0000000000006921CC;17/10/22;13;0,161;R
ES0000000000006921CC;17/10/22;14;0,106;R
ES0000000000006921CC;17/10/22;15;0,231;R
ES0000000000006921CC;17/10/22;16;0,113;R
ES0000000000006921CC;17/10/22;17;0,119;R
ES0000000000006921CC;17/10/22;18;0,086;R
ES0000000000006921CC;17/10/22;19;0,13;R
ES0000000000006921CC;17/10/22;20;0,13;R
ES0000000000006921CC;17/10/22;21;0,196;R
ES0000000000006921CC;17/10/22;22;0,134;R
ES0000000000006921CC;17/10/22;23;0,251;R
ES0000000000006921CC;18/10/22;0;0,17;R
ES0000000000006921CC;18/10/22;1;0,21;R
ES0000000000006921CC;18/10/22;2;0,15;R
ES0000000000006921CC;18/10/22;3;0,157;R
ES0000000000006921CC;18/10/22;4;0,083;R
ES0000000000006921CC;18/10/22;5;0,112;R
ES0000000000006921CC;18/10/22;6;0,083;R
ES0000000000006921CC;18/10/22;7;0,098;R
ES0000000000006921CC;18/10/22;8;0,082;R
ES0000000000006921CC;18/10/22;9;0,111;R
ES0000000000006921CC;18/10/22;10;0,15;R
ES0000000000006921CC;18/10/22;11;0,314;R
ES0000000000006921CC;18/10/22;12;0,102;R
ES0000000000006921CC;18/10/22;13;0,102;R
ES0000000000006921CC;18/10/22;14;0,161;R
ES0000000000006921CC;18/10/22;15;0,177;R
ES0000000000006921CC;18/10/22;16;0,097;R
ES0000000000006921CC;18/10/22;17;0,111;R
ES0000000000006921CC;18/10/22;18;0,16;R
ES0000000000006921CC;18/10/22;19;0,196;R
ES0000000000006921CC;18/10/22;20;0,241;R
ES0000000000006921CC;18/10/22;21;0,222;R
ES0000000000006921CC;18/10/22;22;0,153;R
ES0000000000006921CC;18/10/22;23;0,286;R
ES0000000000006921CC;19/10/22;0;0,119;R
ES0000000000006921CC;19/10/22;1;0,13;R
ES0000000000006921CC;19/10/22;2;0,08;R
ES0000000000006921CC;19/10/22;3;0,099;R
ES0000000000006921CC;19/10/22;4;0,075;R
ES0000000000006921CC;19/10/22;5;0,096;R
ES0000000000006921CC;19/10/22;6;0,081;R
ES0000000000006921CC;19/10/22;7;0,104;R
ES0000000000006921CC;19/10/22;8;0,079;R
ES0000000000006921CC;19/10/22;9;0,104;R
ES0000000000006921CC;19/10/22;10;0,18;R
ES0000000000006921CC;19/10/22;11;0,329;R
ES0000000000006921CC;19/10/22;12;0,123;R
ES0000000000006921CC;19/10/22;13;0,134;R
ES0000000000006921CC;19/10/22;14;0,127;R
ES0000000000006921CC;19/10/22;15;0,163;R
ES0000000000006921CC;19/10/22;16;0,106;R
ES0000000000006921CC;19/10/22;17;0,105;R
ES0000000000006921CC;19/10/22;18;0,096;R
ES0000000000006921CC;19/10/22;19;0,137;R
ES0000000000006921CC;19/10/22;20;0,141;R
ES0000000000006921CC;19/10/22;21;0,248;R
ES0000000000006921CC;19/10/22;22;0,259;R
ES0000000000006921CC;19/10/22;23;0,17;R
ES0000000000006921CC;20/10/22;0;0,124;R
ES0000000000006921CC;20/10/22;1;1,056;R
ES0000000000006921CC;20/10/22;2;0,121;R
ES0000000000006921CC;20/10/22;3;0,104;R
ES0000000000006921CC;20/10/22;4;0,1;R
ES0000000000006921CC;20/10/22;5;0,106;R
ES0000000000006921CC;20/10/22;6;0,099;R
ES0000000000006921CC;20/10/22;7;0,104;R
ES0000000000006921CC;20/10/22;8;0,094;R
ES0000000000006921CC;20/10/22;9;0,099;R
ES0000000000006921CC;20/10/22;10;0,14;R
ES0000000000006921CC;20/10/22;11;0,27;R
ES0000000000006921CC;20/10/22;12;0,128;R
ES0000000000006921CC;20/10/22;13;0,104;R
ES0000000000006921CC;20/10/22;14;0,127;R
ES0000000000006921CC;20/10/22;15;0,33;R
ES0000000000006921CC;20/10/22;16;0,165;R
ES0000000000006921CC;20/10/22;17;0,165;R
ES0000000000006921CC;20/10/22;18;0,126;R
ES0000000000006921CC;20/10/22;19;0,133;R
ES0000000000006921CC;20/10/22;20;0,281;R
ES0000000000006921CC;20/10/22;21;0,194;R
ES0000000000006921CC;20/10/22;22;0,158;R
ES0000000000006921CC;20/10/22;23;0,17;R
ES0000000000006921CC;21/10/22;0;0,213;R
ES0000000000006921CC;21/10/22;1;0,135;R
ES0000000000006921CC;21/10/22;2;0,1;R
ES0000000000006921CC;21/10/22;3;0,098;R
ES0000000000006921CC;21/10/22;4;0,066;R
ES0000000000006921CC;21/10/22;5;0,094;R
ES0000000000006921CC;21/10/22;6;0,106;R
ES0000000000006921CC;21/10/22;7;0,096;R
ES0000000000006921CC;21/10/22;8;0,099;R
ES0000000000006921CC;21/10/22;9;0,209;R
ES0000000000006921CC;21/10/22;10;0,12;R
ES0000000000006921CC;21/10/22;11;0,283;R
ES0000000000006921CC;21/10/22;12;0,132;R
ES0000000000006921CC;21/10/22;13;0,076;R
ES0000000000006921CC;21/10/22;14;0,133;R
ES0000000000006921CC;21/10/22;15;0,209;R
ES0000000000006921CC;21/10/22;16;0,178;R
ES0000000000006921CC;21/10/22;17;0,142;R
ES0000000000006921CC;21/10/22;18;0,12;R
ES0000000000006921CC;21/10/22;19;0,103;R
ES0000000000006921CC;21/10/22;20;0,236;R
ES0000000000006921CC;21/10/22;21;0,247;R
ES0000000000006921CC;21/10/22;22;0,242;R
ES0000000000006921CC;21/10/22;23;0,25;R
ES0000000000006921CC;22/10/22;0;0,172;R
ES0000000000006921CC;22/10/22;1;0,098;R
ES0000000000006921CC;22/10/22;2;0,084;R
ES0000000000006921CC;22/10/22;3;0,089;R
ES0000000000006921CC;22/10/22;4;0,078;R
ES0000000000006921CC;22/10/22;5;0,069;R
ES0000000000006921CC;22/10/22;6;0,098;R
ES0000000000006921CC;22/10/22;7;0,081;R
ES0000000000006921CC;22/10/22;8;0,079;R
ES0000000000006921CC;22/10/22;9;0,089;R
ES0000000000006921CC;22/10/22;10;0,245;R
ES0000000000006921CC;22/10/22;11;0,233;R
ES0000000000006921CC;22/10/22;12;0,135;R
ES0000000000006921CC;22/10/22;13;0,242;R
ES0000000000006921CC;22/10/22;14;0,387;R
ES0000000000006921CC;22/10/22;15;1,287;R
ES0000000000006921CC;22/10/22;16;0,592;R
ES0000000000006921CC;22/10/22;17;0,113;R
ES0000000000006921CC;22/10/22;18;0,1;R
ES0000000000006921CC;22/10/22;19;0,116;R
ES0000000000006921CC;22/10/22;20;0,179;R
ES0000000000006921CC;22/10/22;21;0,173;R
ES0000000000006921CC;22/10/22;22;0,186;R
ES0000000000006921CC;22/10/22;23;0,248;R
ES0000000000006921CC;23/10/22;0;0,175;R
ES0000000000006921CC;23/10/22;1;0,1;R
ES0000000000006921CC;23/10/22;2;0,09;R
ES0000000000006921CC;23/10/22;3;0,091;R
ES0000000000006921CC;23/10/22;4;0,084;R
ES0000000000006921CC;23/10/22;5;0,087;R
ES0000000000006921CC;23/10/22;6;0,157;R
ES0000000000006921CC;23/10/22;7;0,136;R
ES0000000000006921CC;23/10/22;8;0,085;R
ES0000000000006921CC;23/10/22;9;0,09;R
ES0000000000006921CC;23/10/22;10;0,173;R
ES0000000000006921CC;23/10/22;11;0,27;R
ES0000000000006921CC;23/10/22;12;0,198;R
ES0000000000006921CC;23/10/22;13;0,923;R
ES0000000000006921CC;23/10/22;14;0,103;R
ES0000000000006921CC;23/10/22;15;0,437;R
ES0000000000006921CC;23/10/22;16;0,123;R
ES0000000000006921CC;23/10/22;17;0,134;R
ES0000000000006921CC;23/10/22;18;0,099;R
ES0000000000006921CC;23/10/22;19;0,117;R
ES0000000000006921CC;23/10/22;20;0,335;R
ES0000000000006921CC;23/10/22;21;0,173;R
ES0000000000006921CC;23/10/22;22;0,229;R
ES0000000000006921CC;23/10/22;23;0,231;R
ES0000000000006921CC;24/10/22;0;0,157;R
ES0000000000006921CC;24/10/22;1;0,151;R
ES0000000000006921CC;24/10/22;2;0,088;R
ES0000000000006921CC;24/10/22;3;0,092;R
ES0000000000006921CC;24/10/22;4;0,065;R
ES0000000000006921CC;24/10/22;5;0,088;R
ES0000000000006921CC;24/10/22;6;0,091;R
ES0000000000006921CC;24/10/22;7;0,098;R
ES0000000000006921CC;24/10/22;8;0,191;R
ES0000000000006921CC;24/10/22;9;0,138;R
ES0000000000006921CC;24/10/22;10;0,216;R
ES0000000000006921CC;24/10/22;11;0,106;R
ES0000000000006921CC;24/10/22;12;0,157;R
ES0000000000006921CC;24/10/22;13;0,116;R
ES0000000000006921CC;24/10/22;14;0,118;R
ES0000000000006921CC;24/10/22;15;0,198;R
ES0000000000006921CC;24/10/22;16;0,207;R
ES0000000000006921CC;24/10/22;17;0,109;R
ES0000000000006921CC;24/10/22;18;0,1;R
ES0000000000006921CC;24/10/22;19;0,105;R
ES0000000000006921CC;24/10/22;20;0,237;R
ES0000000000006921CC;24/10/22;21;0,152;R
ES0000000000006921CC;24/10/22;22;0,157;R
ES0000000000006921CC;24/10/22;23;0,267;R
ES0000000000006921CC;25/10/22;0;0,123;R
ES0000000000006921CC;25/10/22;1;0,143;R
ES0000000000006921CC;25/10/22;2;0,093;R
ES0000000000006921CC;25/10/22;3;0,072;R
ES0000000000006921CC;25/10/22;4;0,085;R
ES0000000000006921CC;25/10/22;5;0,084;R
ES0000000000006921CC;25/10/22;6;0,092;R
ES0000000000006921CC;25/10/22;7;0,082;R
ES0000000000006921CC;25/10/22;8;0,087;R
ES0000000000006921CC;25/10/22;9;0,195;R
ES0000000000006921CC;25/10/22;10;0,221;R
ES0000000000006921CC;25/10/22;11;0,299;R
ES0000000000006921CC;25/10/22;12;0,154;R
ES0000000000006921CC;25/10/22;13;0,1;R
ES0000000000006921CC;25/10/22;14;0,169;R
ES0000000000006921CC;25/10/22;15;0,533;R
ES0000000000006921CC;25/10/22;16;0,152;R
ES0000000000006921CC;25/10/22;17;0,138;R
ES0000000000006921CC;25/10/22;18;0,115;R
ES0000000000006921CC;25/10/22;19;0,096;R
ES0000000000006921CC;25/10/22;20;0,266;R
ES0000000000006921CC;25/10/22;21;0,237;R
ES0000000000006921CC;25/10/22;22;0,246;R
ES0000000000006921CC;25/10/22;23;0,252;R
ES0000000000006921CC;26/10/22;0;0,215;R
ES0000000000006921CC;26/10/22;1;0,114;R
ES0000000000006921CC;26/10/22;2;0,127;R
ES0000000000006921CC;26/10/22;3;0,119;R
ES0000000000006921CC;26/10/22;4;0,122;R
ES0000000000006921CC;26/10/22;5;0,113;R
ES0000000000006921CC;26/10/22;6;0,118;R
ES0000000000006921CC;26/10/22;7;0,108;R
ES0000000000006921CC;26/10/22;8;0,114;R
ES0000000000006921CC;26/10/22;9;0,214;R
ES0000000000006921CC;26/10/22;10;0,322;R
ES0000000000006921CC;26/10/22;11;0,321;R
ES0000000000006921CC;26/10/22;12;0,119;R
ES0000000000006921CC;26/10/22;13;0,244;R
ES0000000000006921CC;26/10/22;14;0,1;R
ES0000000000006921CC;26/10/22;15;0,17;R
ES0000000000006921CC;26/10/22;16;0,482;R
ES0000000000006921CC;26/10/22;17;0,876;R
ES0000000000006921CC;26/10/22;18;0,088;R
ES0000000000006921CC;26/10/22;19;0,12;R
ES0000000000006921CC;26/10/22;20;0,132;R
ES0000000000006921CC;26/10/22;21;0,242;R
ES0000000000006921CC;26/10/22;22;0,285;R
ES0000000000006921CC;26/10/22;23;0,248;R
ES0000000000006921CC;27/10/22;0;0,138;R
ES0000000000006921CC;27/10/22;1;0,754;R
ES0000000000006921CC;27/10/22;2;0,653;R
ES0000000000006921CC;27/10/22;3;0,105;R
ES0000000000006921CC;27/10/22;4;0,08;R
ES0000000000006921CC;27/10/22;5;0,098;R
ES0000000000006921CC;27/10/22;6;0,079;R
ES0000000000006921CC;27/10/22;7;0,107;R
ES0000000000006921CC;27/10/22;8;0,089;R
ES0000000000006921CC;27/10/22;9;0,151;R
ES0000000000006921CC;27/10/22;10;0,169;R
ES0000000000006921CC;27/10/22;11;0,288;R
ES0000000000006921CC;27/10/22;12;0,094;R
ES0000000000006921CC;27/10/22;13;0,184;R
ES0000000000006921CC;27/10/22;14;0,251;R
ES0000000000006921CC;27/10/22;15;0,152;R
ES0000000000006921CC;27/10/22;16;0,125;R
ES0000000000006921CC;27/10/22;17;0,267;R
ES0000000000006921CC;27/10/22;18;0,107;R
ES0000000000006921CC;27/10/22;19;0,144;R
ES0000000000006921CC;27/10/22;20;0,12;R
ES0000000000006921CC;27/10/22;21;0,166;R
ES0000000000006921CC;27/10/22;22;0,17;R
ES0000000000006921CC;27/10/22;23;0,215;R
ES0000000000006921CC;28/10/22;0;0,141;R
ES0000000000006921CC;28/10/22;1;0,196;R
ES0000000000006921CC;28/10/22;2;0,102;R
ES0000000000006921CC;28/10/22;3;0,098;R
ES0000000000006921CC;28/10/22;4;0,147;R
ES0000000000006921CC;28/10/22;5;0,164;R
ES0000000000006921CC;28/10/22;6;0,075;R
ES0000000000006921CC;28/10/22;7;0,089;R
ES0000000000006921CC;28/10/22;8;0,074;R
ES0000000000006921CC;28/10/22;9;0,118;R
ES0000000000006921CC;28/10/22;10;0,174;R
ES0000000000006921CC;28/10/22;11;0,308;R
ES0000000000006921CC;28/10/22;12;0,098;R
ES0000000000006921CC;28/10/22;13;0,097;R
ES0000000000006921CC;28/10/22;14;0,105;R
ES0000000000006921CC;28/10/22;15;0,163;R
ES0000000000006921CC;28/10/22;16;0,155;R
ES0000000000006921CC;28/10/22;17;0,111;R
ES0000000000006921CC;28/10/22;18;0,107;R
ES0000000000006921CC;28/10/22;19;0,252;R
ES0000000000006921CC;28/10/22;20;0,225;R
ES0000000000006921CC;28/10/22;21;0,234;R
ES0000000000006921CC;28/10/22;22;0,166;R
ES0000000000006921CC;28/10/22;23;0,241;R
ES0000000000006921CC;29/10/22;0;0,217;R
ES0000000000006921CC;29/10/22;1;0,126;R
ES0000000000006921CC;29/10/22;2;0,093;R
ES0000000000006921CC;29/10/22;3;0,098;R
ES0000000000006921CC;29/10/22;4;0,08;R
ES0000000000006921CC;29/10/22;5;0,088;R
ES0000000000006921CC;29/10/22;6;0,076;R
ES0000000000006921CC;29/10/22;7;0,091;R
ES0000000000006921CC;29/10/22;8;0,075;R
ES0000000000006921CC;29/10/22;9;0,137;R
ES0000000000006921CC;29/10/22;10;0,227;R
ES0000000000006921CC;29/10/22;11;0,784;R
ES0000000000006921CC;29/10/22;12;0,182;R
ES0000000000006921CC;29/10/22;13;0,179;R
ES0000000000006921CC;29/10/22;14;0,524;R
ES0000000000006921CC;29/10/22;15;0,264;R
ES0000000000006921CC;29/10/22;16;0,116;R
ES0000000000006921CC;29/10/22;17;0,111;R
ES0000000000006921CC;29/10/22;18;0,153;R
ES0000000000006921CC;29/10/22;19;0,132;R
ES0000000000006921CC;29/10/22;20;0,108;R
ES0000000000006921CC;29/10/22;21;0,081;R
ES0000000000006921CC;29/10/22;22;0,094;R
ES0000000000006921CC;29/10/22;23;0,08;R
ES0000000000006921CC;30/10/22;0;0,093;R
ES0000000000006921CC;30/10/22;1;0,13;R
ES0000000000006921CC;30/10/22;2;0,179;R
ES0000000000006921CC;30/10/22;2;0,166;R
ES0000000000006921CC;30/10/22;3;0,109;R
ES0000000000006921CC;30/10/22;4;0,091;R
ES0000000000006921CC;30/10/22;5;0,101;R
ES0000000000006921CC;30/10/22;6;0,085;R
ES0000000000006921CC;30/10/22;7;0,099;R
ES0000000000006921CC;30/10/22;8;0,082;R
ES0000000000006921CC;30/10/22;9;0,097;R
ES0000000000006921CC;30/10/22;10;0,208;R
ES0000000000006921CC;30/10/22;11;0,839;R
ES0000000000006921CC;30/10/22;12;0,646;R
ES0000000000006921CC;30/10/22;13;0,204;R
ES0000000000006921CC;30/10/22;14;0,303;R
ES0000000000006921CC;30/10/22;15;0,15;R
ES0000000000006921CC;30/10/22;16;0,109;R
ES0000000000006921CC;30/10/22;17;0,216;R
ES0000000000006921CC;30/10/22;18;0,172;R
ES0000000000006921CC;30/10/22;19;0,124;R
ES0000000000006921CC;30/10/22;20;0,215;R
ES0000000000006921CC;30/10/22;21;0,169;R
ES0000000000006921CC;30/10/22;22;0,113;R
ES0000000000006921CC;30/10/22;23;0,132;R
ES0000000000006921CC;31/10/22;0;0,145;R
ES0000000000006921CC;31/10/22;1;0,099;R
ES0000000000006921CC;31/10/22;2;0,066;R
ES0000000000006921CC;31/10/22;3;0,091;R
ES0000000000006921CC;31/10/22;4;0,064;R
ES0000000000006921CC;31/10/22;5;0,089;R
ES0000000000006921CC;31/10/22;6;0,064;R
ES0000000000006921CC;31/10/22;7;0,09;R
ES0000000000006921CC;31/10/22;8;0,063;R
ES0000000000006921CC;31/10/22;9;0,089;R
ES0000000000006921CC;31/10/22;10;0,196;R
ES0000000000006921CC;31/10/22;11;0,38;R
ES0000000000006921CC;31/10/22;12;0,156;R
ES0000000000006921CC;31/10/22;13;0,12;R
ES0000000000006921CC;31/10/22;14;0,124;R
ES0000000000006921CC;31/10/22;15;0,149;R
ES0000000000006921CC;31/10/22;16;0,107;R
ES0000000000006921CC;31/10/22;17;0,198;R
ES0000000000006921CC;31/10/22;18;0,095;R
ES0000000000006921CC;31/10/22;19;0,134;R
ES0000000000006921CC;31/10/22;20;0,21;R
ES0000000000006921CC;31/10/22;21;0,219;R
ES0000000000006921CC;31/10/22;22;0,176;R
ES0000000000006921CC;31/10/22;23;0,193;R
ES0000000000006921CC;01/11/22;0;0,174;R
ES0000000000006921CC;01/11/22;1;0,176;R
ES0000000000006921CC;01/11/22;2;0,149;R
ES0000000000006921CC;01/11/22;3;0,099;R
ES0000000000006921CC;01/11/22;4;0,066;R
ES0000000000006921CC;01/11/22;5;0,092;R
ES0000000000006921CC;01/11/22;6;0,089;R
ES0000000000006921CC;01/11/22;7;0,108;R
ES0000000000006921CC;01/11/22;8;0,086;R
ES0000000000006921CC;01/11/22;9;0,231;R
ES0000000000006921CC;01/11/22;10;0,142;R
ES0000000000006921CC;01/11/22;11;0,234;R
ES0000000000006921CC;01/11/22;12;0,89;R
ES0000000000006921CC;01/11/22;13;0,24;R
ES0000000000006921CC;01/11/22;14;0,191;R
ES0000000000006921CC;01/11/22;15;0,182;R
ES0000000000006921CC;01/11/22;16;0,185;R
ES0000000000006921CC;01/11/22;17;0,152;R
ES0000000000006921CC;01/11/22;18;0,252;R
ES0000000000006921CC;01/11/22;19;0,243;R
ES0000000000006921CC;01/11/22;20;0,221;R
ES0000000000006921CC;01/11/22;21;0,145;R
ES0000000000006921CC;01/11/22;22;0,202;R
ES0000000000006921CC;01/11/22;23;0,276;R
ES0000000000006921CC;02/11/22;0;0,701;R
ES0000000000006921CC;02/11/22;1;0,623;R
ES0000000000006921CC;02/11/22;2;0,107;R
ES0000000000006921CC;02/11/22;3;0,088;R
ES0000000000006921CC;02/11/22;4;0,099;R
ES0000000000006921CC;02/11/22;5;0,071;R
ES0000000000006921CC;02/11/22;6;0,08;R
ES0000000000006921CC;02/11/22;7;0,148;R
ES0000000000006921CC;02/11/22;8;0,204;R
ES0000000000006921CC;02/11/22;9;0,322;R
ES0000000000006921CC;02/11/22;10;0,102;R
ES0000000000006921CC;02/11/22;11;0,209;R
ES0000000000006921CC;02/11/22;12;0,117;R
ES0000000000006921CC;02/11/22;13;0,09;R
ES0000000000006921CC;02/11/22;14;0,234;R
ES0000000000006921CC;02/11/22;15;0,138;R
ES0000000000006921CC;02/11/22;16;0,098;R
ES0000000000006921CC;02/11/22;17;0,108;R
ES0000000000006921CC;02/11/22;18;0,119;R
ES0000000000006921CC;02/11/22;19;0,084;R
ES0000000000006921CC;02/11/22;20;0,114;R
ES0000000000006921CC;02/11/22;21;0,302;R
ES0000000000006921CC;02/11/22;22;0,243;R
ES0000000000006921CC;02/11/22;23;0,286;R
ES0000000000006921CC;03/11/22;0;0,205;R
ES0000000000006921CC;03/11/22;1;0,097;R
ES0000000000006921CC;03/11/22;2;0,129;R
ES0000000000006921CC;03/11/22;3;0,109;R
ES0000000000006921CC;03/11/22;4;0,116;R
ES0000000000006921CC;03/11/22;5;0,089;R
ES0000000000006921CC;03/11/22;6;0,129;R
ES0000000000006921CC;03/11/22;7;0,099;R
ES0000000000006921CC;03/11/22;8;0,111;R
ES0000000000006921CC;03/11/22;9;0,114;R
ES0000000000006921CC;03/11/22;10;0,31;R
ES0000000000006921CC;03/11/22;11;0,287;R
ES0000000000006921CC;03/11/22;12;0,161;R
ES0000000000006921CC;03/11/22;13;0,093;R
ES0000000000006921CC;03/11/22;14;0,365;R
ES0000000000006921CC;03/11/22;15;0,19;R
ES0000000000006921CC;03/11/22;16;0,161;R
ES0000000000006921CC;03/11/22;17;0,111;R
ES0000000000006921CC;03/11/22;18;0,153;R
ES0000000000006921CC;03/11/22;19;0,117;R
ES0000000000006921CC;03/11/22;20;0,234;R
ES0000000000006921CC;03/11/22;21;0,153;R
ES0000000000006921CC;03/11/22;22;0,162;R
ES0000000000006921CC;03/11/22;23;0,227;R
ES0000000000006921CC;04/11/22;0;0,253;R
ES0000000000006921CC;04/11/22;1;0,038;R
ES0000000000006921CC;04/11/22;2;0,031;R
ES0000000000006921CC;04/11/22;3;0,027;R
ES0000000000006921CC;04/11/22;4;0,026;R
ES0000000000006921CC;04/11/22;5;0,025;R
ES0000000000006921CC;04/11/22;6;0,026;R
ES0000000000006921CC;04/11/22;7;0,029;R
ES0000000000006921CC;04/11/22;8;0,038;R
ES0000000000006921CC;04/11/22;9;0,103;R
ES0000000000006921CC;04/11/22;10;0,109;R
ES0000000000006921CC;04/11/22;11;0,231;R
ES0000000000006921CC;04/11/22;12;0,229;R
ES0000000000006921CC;04/11/22;13;0,23;R
ES0000000000006921CC;04/11/22;14;0,245;R
ES0000000000006921CC;04/11/22;15;0,122;R
ES0000000000006921CC;04/11/22;16;0,115;R
ES0000000000006921CC;04/11/22;17;0,111;R
ES0000000000006921CC;04/11/22;18;0,114;R
ES0000000000006921CC;04/11/22;19;0,268;R
ES0000000000006921CC;04/11/22;20;0,289;R
ES0000000000006921CC;04/11/22;21;0,304;R
ES0000000000006921CC;04/11/22;22;0,31;R
ES0000000000006921CC;04/11/22;23;0,144;R
ES0000000000006921CC;05/11/22;0;0,124;R
ES0000000000006921CC;05/11/22;1;0,186;R
ES0000000000006921CC;05/11/22;2;0,104;R
ES0000000000006921CC;05/11/22;3;0,079;R
ES0000000000006921CC;05/11/22;4;0,1;R
ES0000000000006921CC;05/11/22;5;0,083;R
ES0000000000006921CC;05/11/22;6;0,095;R
ES0000000000006921CC;05/11/22;7;0,083;R
ES0000000000006921CC;05/11/22;8;0,164;R
ES0000000000006921CC;05/11/22;9;0,195;R
ES0000000000006921CC;05/11/22;10;0,278;R
ES0000000000006921CC;05/11/22;11;0,297;R
ES0000000000006921CC;05/11/22;12;0,115;R
ES0000000000006921CC;05/11/22;13;0,078;R
ES0000000000006921CC;05/11/22;14;0,461;R
ES0000000000006921CC;05/11/22;15;0,481;R
ES0000000000006921CC;05/11/22;16;0,696;R
ES0000000000006921CC;05/11/22;17;0,149;R
ES0000000000006921CC;05/11/22;18;0,152;R
ES0000000000006921CC;05/11/22;19;0,246;R
ES0000000000006921CC;05/11/22;20;0,22;R
ES0000000000006921CC;05/11/22;21;0,159;R
ES0000000000006921CC;05/11/22;22;0,291;R
ES0000000000006921CC;05/11/22;23;0,208;R
ES0000000000006921CC;06/11/22;0;0,188;R
ES0000000000006921CC;06/11/22;1;0,139;R
ES0000000000006921CC;06/11/22;2;0,094;R
ES0000000000006921CC;06/11/22;3;0,068;R
ES0000000000006921CC;06/11/22;4;0,099;R
ES0000000000006921CC;06/11/22;5;0,069;R
ES0000000000006921CC;06/11/22;6;0,111;R
ES0000000000006921CC;06/11/22;7;0,067;R
ES0000000000006921CC;06/11/22;8;0,174;R
ES0000000000006921CC;06/11/22;9;0,224;R
ES0000000000006921CC;06/11/22;10;0,098;R
ES0000000000006921CC;06/11/22;11;0,281;R
ES0000000000006921CC;06/11/22;12;0,252;R
ES0000000000006921CC;06/11/22;13;0,107;R
ES0000000000006921CC;06/11/22;14;0,744;R
ES0000000000006921CC;06/11/22;15;1,106;R
ES0000000000006921CC;06/11/22;16;0,451;R
ES0000000000006921CC;06/11/22;17;0,127;R
ES0000000000006921CC;06/11/22;18;0,205;R
ES0000000000006921CC;06/11/22;19;0,103;R
ES0000000000006921CC;06/11/22;20;0,264;R
ES0000000000006921CC;06/11/22;21;0,166;R
ES0000000000006921CC;06/11/22;22;0,24;R
ES0000000000006921CC;06/11/22;23;0,099;R
ES0000000000006921CC;07/11/22;0;0,173;R
ES0000000000006921CC;07/11/22;1;0,218;R
ES0000000000006921CC;07/11/22;2;0,075;R
ES0000000000006921CC;07/11/22;3;0,065;R
ES0000000000006921CC;07/11/22;4;0,108;R
ES0000000000006921CC;07/11/22;5;0,085;R
ES0000000000006921CC;07/11/22;6;0,183;R
ES0000000000006921CC;07/11/22;7;0,105;R
ES0000000000006921CC;07/11/22;8;0,099;R
ES0000000000006921CC;07/11/22;9;0,131;R
ES0000000000006921CC;07/11/22;10;0,368;R
ES0000000000006921CC;07/11/22;11;0,144;R
ES0000000000006921CC;07/11/22;12;0,246;R
ES0000000000006921CC;07/11/22;13;0,178;R
ES0000000000006921CC;07/11/22;14;1,046;R
ES0000000000006921CC;07/11/22;15;0,822;R
ES0000000000006921CC;07/11/22;16;0,201;R
ES0000000000006921CC;07/11/22;17;0,102;R
ES0000000000006921CC;07/11/22;18;0,1;R
ES0000000000006921CC;07/11/22;19;0,177;R
ES0000000000006921CC;07/11/22;20;0,269;R
ES0000000000006921CC;07/11/22;21;0,15;R
ES0000000000006921CC;07/11/22;22;0,22;R
ES0000000000006921CC;07/11/22;23;0,225;R
ES0000000000006921CC;08/11/22;0;0,19;R
ES0000000000006921CC;08/11/22;1;0,648;R
ES0000000000006921CC;08/11/22;2;0,643;R
ES0000000000006921CC;08/11/22;3;0,085;R
ES0000000000006921CC;08/11/22;4;0,09;R
ES0000000000006921CC;08/11/22;5;0,083;R
ES0000000000006921CC;08/11/22;6;0,087;R
ES0000000000006921CC;08/11/22;7;0,079;R
ES0000000000006921CC;08/11/22;8;0,083;R
ES0000000000006921CC;08/11/22;9;0,115;R
ES0000000000006921CC;08/11/22;10;0,17;R
ES0000000000006921CC;08/11/22;11;0,294;R
ES0000000000006921CC;08/11/22;12;0,112;R
ES0000000000006921CC;08/11/22;13;0,118;R
ES0000000000006921CC;08/11/22;14;0,129;R
ES0000000000006921CC;08/11/22;15;0,219;R
ES0000000000006921CC;08/11/22;16;0,189;R
ES0000000000006921CC;08/11/22;17;0,129;R
ES0000000000006921CC;08/11/22;18;0,166;R
ES0000000000006921CC;08/11/22;19;0,214;R
ES0000000000006921CC;08/11/22;20;0,189;R
ES0000000000006921CC;08/11/22;21;0,161;R
ES0000000000006921CC;08/11/22;22;0,173;R
ES0000000000006921CC;08/11/22;23;0,193;R
ES0000000000006921CC;09/11/22;0;0,158;R
ES0000000000006921CC;09/11/22;1;0,089;R
ES0000000000006921CC;09/11/22;2;0,097;R
ES0000000000006921CC;09/11/22;3;0,079;R
ES0000000000006921CC;09/11/22;4;0,088;R
ES0000000000006921CC;09/11/22;5;0,076;R
ES0000000000006921CC;09/11/22;6;0,104;R
ES0000000000006921CC;09/11/22;7;0,151;R
ES0000000000006921CC;09/11/22;8;0,225;R
ES0000000000006921CC;09/11/22;9;0,133;R
ES0000000000006921CC;09/11/22;10;0,257;R
ES0000000000006921CC;09/11/22;11;0,324;R
ES0000000000006921CC;09/11/22;12;0,138;R
ES0000000000006921CC;09/11/22;13;0,099;R
ES0000000000006921CC;09/11/22;14;0,381;R
ES0000000000006921CC;09/11/22;15;0,127;R
ES0000000000006921CC;09/11/22;16;0,133;R
ES0000000000006921CC;09/11/22;17;0,142;R
ES0000000000006921CC;09/11/22;18;0,106;R
ES0000000000006921CC;09/11/22;19;0,157;R
ES0000000000006921CC;09/11/22;20;0,144;R
ES0000000000006921CC;09/11/22;21;0,147;R
ES0000000000006921CC;09/11/22;22;0,165;R
ES0000000000006921CC;09/11/22;23;0,261;R
ES0000000000006921CC;10/11/22;0;0,206;R
ES0000000000006921CC;10/11/22;1;0,129;R
ES0000000000006921CC;10/11/22;2;0,091;R
ES0000000000006921CC;10/11/22;3;0,083;R
ES0000000000006921CC;10/11/22;4;0,097;R
ES0000000000006921CC;10/11/22;5;0,061;R
ES0000000000006921CC;10/11/22;6;0,088;R
ES0000000000006921CC;10/11/22;7;0,086;R
ES0000000000006921CC;10/11/22;8;0,169;R
ES0000000000006921CC;10/11/22;9;0,137;R
ES0000000000006921CC;10/11/22;10;0,243;R
ES0000000000006921CC;10/11/22;11;0,492;R
ES0000000000006921CC;10/11/22;12;0,108;R
ES0000000000006921CC;10/11/22;13;0,112;R
ES0000000000006921CC;10/11/22;14;0,487;R
ES0000000000006921CC;10/11/22;15;0,114;R
ES0000000000006921CC;10/11/22;16;0,105;R
ES0000000000006921CC;10/11/22;17;0,152;R
ES0000000000006921CC;10/11/22;18;0,348;R
ES0000000000006921CC;10/11/22;19;0,197;R
ES0000000000006921CC;10/11/22;20;0,159;R
ES0000000000006921CC;10/11/22;21;0,157;R
ES0000000000006921CC;10/11/22;22;0,131;R
ES0000000000006921CC;10/11/22;23;0,194;R
ES0000000000006921CC;11/11/22;0;0,171;R
ES0000000000006921CC;11/11/22;1;0,173;R
ES0000000000006921CC;11/11/22;2;0,083;R
ES0000000000006921CC;11/11/22;3;0,086;R
ES0000000000006921CC;11/11/22;4;0,071;R
ES0000000000006921CC;11/11/22;5;0,094;R
ES0000000000006921CC;11/11/22;6;0,076;R
ES0000000000006921CC;11/11/22;7;0,094;R
ES0000000000006921CC;11/11/22;8;0,244;R
ES0000000000006921CC;11/11/22;9;0,392;R
ES0000000000006921CC;11/11/22;10;0,253;R
ES0000000000006921CC;11/11/22;11;0,139;R
ES0000000000006921CC;11/11/22;12;0,203;R
ES0000000000006921CC;11/11/22;13;0,156;R
ES0000000000006921CC;11/11/22;14;0,415;R
ES0000000000006921CC;11/11/22;15;0,163;R
ES0000000000006921CC;11/11/22;16;0,117;R
ES0000000000006921CC;11/11/22;17;0,095;R
ES0000000000006921CC;11/11/22;18;0,121;R
ES0000000000006921CC;11/11/22;19;0,187;R
ES0000000000006921CC;11/11/22;20;0,17;R
ES0000000000006921CC;11/11/22;21;0,219;R
ES0000000000006921CC;11/11/22;22;0,15;R
ES0000000000006921CC;11/11/22;23;0,183;R
ES0000000000006921CC;12/11/22;0;0,174;R
ES0000000000006921CC;12/11/22;1;0,095;R
ES0000000000006921CC;12/11/22;2;0,087;R
ES0000000000006921CC;12/11/22;3;0,071;R
ES0000000000006921CC;12/11/22;4;0,066;R
ES0000000000006921CC;12/11/22;5;0,131;R
ES0000000000006921CC;12/11/22;6;0,146;R
ES0000000000006921CC;12/11/22;7;0,097;R
ES0000000000006921CC;12/11/22;8;0,148;R
ES0000000000006921CC;12/11/22;9;0,182;R
ES0000000000006921CC;12/11/22;10;0,748;R
ES0000000000006921CC;12/11/22;11;1,331;R
ES0000000000006921CC;12/11/22;12;0,126;R
ES0000000000006921CC;12/11/22;13;0,241;R
ES0000000000006921CC;12/11/22;14;0,128;R
ES0000000000006921CC;12/11/22;15;1,043;R
ES0000000000006921CC;12/11/22;16;0,266;R
ES0000000000006921CC;12/11/22;17;0,134;R
ES0000000000006921CC;12/11/22;18;0,122;R
ES0000000000006921CC;12/11/22;19;0,184;R
ES0000000000006921CC;12/11/22;20;0,369;R
ES0000000000006921CC;12/11/22;21;0,208;R
ES0000000000006921CC;12/11/22;22;0,198;R
ES0000000000006921CC;12/11/22;23;0,247;R
ES0000000000006921CC;13/11/22;0;0,143;R
ES0000000000006921CC;13/11/22;1;0,081;R
ES0000000000006921CC;13/11/22;2;0,101;R
ES0000000000006921CC;13/11/22;3;0,084;R
ES0000000000006921CC;13/11/22;4;0,09;R
ES0000000000006921CC;13/11/22;5;0,089;R
ES0000000000006921CC;13/11/22;6;0,088;R
ES0000000000006921CC;13/11/22;7;0,095;R
ES0000000000006921CC;13/11/22;8;0,166;R
ES0000000000006921CC;13/11/22;9;0,188;R
ES0000000000006921CC;13/11/22;10;0,263;R
ES0000000000006921CC;13/11/22;11;0,422;R
ES0000000000006921CC;13/11/22;12;0,187;R
ES0000000000006921CC;13/11/22;13;0,198;R
ES0000000000006921CC;13/11/22;14;0,321;R
ES0000000000006921CC;13/11/22;15;0,13;R
ES0000000000006921CC;13/11/22;16;0,12;R
ES0000000000006921CC;13/11/22;17;0,151;R
ES0000000000006921CC;13/11/22;18;0,116;R
ES0000000000006921CC;13/11/22;19;0,342;R
ES0000000000006921CC;13/11/22;20;0,214;R
ES0000000000006921CC;13/11/22;21;0,146;R
ES0000000000006921CC;13/11/22;22;0,171;R
ES0000000000006921CC;13/11/22;23;0,218;R
ES0000000000006921CC;14/11/22;0;0,232;R
ES0000000000006921CC;14/11/22;1;0,227;R
ES0000000000006921CC;14/11/22;2;0,09;R
ES0000000000006921CC;14/11/22;3;0,078;R
ES0000000000006921CC;14/11/22;4;0,099;R
ES0000000000006921CC;14/11/22;5;0,077;R
ES0000000000006921CC;14/11/22;6;0,095;R
ES0000000000006921CC;14/11/22;7;0,078;R
ES0000000000006921CC;14/11/22;8;0,162;R
ES0000000000006921CC;14/11/22;9;0,269;R
ES0000000000006921CC;14/11/22;10;0,31;R
ES0000000000006921CC;14/11/22;11;0,206;R
ES0000000000006921CC;14/11/22;12;0,098;R
ES0000000000006921CC;14/11/22;13;0,251;R
ES0000000000006921CC;14/11/22;14;0,356;R
ES0000000000006921CC;14/11/22;15;0,211;R
ES0000000000006921CC;14/11/22;16;0,167;R
ES0000000000006921CC;14/11/22;17;0,109;R
ES0000000000006921CC;14/11/22;18;0,126;R
ES0000000000006921CC;14/11/22;19;0,13;R
ES0000000000006921CC;14/11/22;20;0,254;R
ES0000000000006921CC;14/11/22;21;0,118;R
ES0000000000006921CC;14/11/22;22;0,139;R
ES0000000000006921CC;14/11/22;23;0,159;R
ES0000000000006921CC;15/11/22;0;0,212;R
ES0000000000006921CC;15/11/22;1;0,681;R
ES0000000000006921CC;15/11/22;2;0,657;R
ES0000000000006921CC;15/11/22;3;0,067;R
ES0000000000006921CC;15/11/22;4;0,087;R
ES0000000000006921CC;15/11/22;5;0,066;R
ES0000000000006921CC;15/11/22;6;0,088;R
ES0000000000006921CC;15/11/22;7;0,15;R
ES0000000000006921CC;15/11/22;8;0,24;R
ES0000000000006921CC;15/11/22;9;0,135;R
ES0000000000006921CC;15/11/22;10;0,244;R
ES0000000000006921CC;15/11/22;11;0,271;R
ES0000000000006921CC;15/11/22;12;0,118;R
ES0000000000006921CC;15/11/22;13;0,182;R
ES0000000000006921CC;15/11/22;14;0,193;R
ES0000000000006921CC;15/11/22;15;0,165;R
ES0000000000006921CC;15/11/22;16;0,125;R
ES0000000000006921CC;15/11/22;17;0,112;R
ES0000000000006921CC;15/11/22;18;0,1;R
ES0000000000006921CC;15/11/22;19;0,137;R
ES0000000000006921CC;15/11/22;20;0,195;R
ES0000000000006921CC;15/11/22;21;0,178;R
ES0000000000006921CC;15/11/22;22;0,172;R
ES0000000000006921CC;15/11/22;23;0,176;R
ES0000000000006921CC;16/11/22;0;0,3;R
ES0000000000006921CC;16/11/22;1;0,145;R
ES0000000000006921CC;16/11/22;2;0,094;R
ES0000000000006921CC;16/11/22;3;0,085;R
ES0000000000006921CC;16/11/22;4;0,084;R
ES0000000000006921CC;16/11/22;5;0,069;R
ES0000000000006921CC;16/11/22;6;0,081;R
ES0000000000006921CC;16/11/22;7;0,067;R
ES0000000000006921CC;16/11/22;8;0,154;R
ES0000000000006921CC;16/11/22;9;0,4;R
ES0000000000006921CC;16/11/22;10;0,249;R
ES0000000000006921CC;16/11/22;11;0,192;R
ES0000000000006921CC;16/11/22;12;0,115;R
ES0000000000006921CC;16/11/22;13;0,128;R
ES0000000000006921CC;16/11/22;14;0,157;R
ES0000000000006921CC;16/11/22;15;0,336;R
ES0000000000006921CC;16/11/22;16;0,115;R
ES0000000000006921CC;16/11/22;17;0,174;R
ES0000000000006921CC;16/11/22;18;0,153;R
ES0000000000006921CC;16/11/22;19;0,109;R
ES0000000000006921CC;16/11/22;20;0,133;R
ES0000000000006921CC;16/11/22;21;0,171;R
ES0000000000006921CC;16/11/22;22;0,174;R
ES0000000000006921CC;16/11/22;23;0,194;R
ES0000000000006921CC;17/11/22;0;0,181;R
ES0000000000006921CC;17/11/22;1;0,119;R
ES0000000000006921CC;17/11/22;2;0,097;R
ES0000000000006921CC;17/11/22;3;0,08;R
ES0000000000006921CC;17/11/22;4;0,09;R
ES0000000000006921CC;17/11/22;5;0,079;R
ES0000000000006921CC;17/11/22;6;0,087;R
ES0000000000006921CC;17/11/22;7;0,08;R
ES0000000000006921CC;17/11/22;8;0,157;R
ES0000000000006921CC;17/11/22;9;0,135;R
ES0000000000006921CC;17/11/22;10;0,29;R
ES0000000000006921CC;17/11/22;11;0,308;R
ES0000000000006921CC;17/11/22;12;0,241;R
ES0000000000006921CC;17/11/22;13;0,144;R
ES0000000000006921CC;17/11/22;14;0,216;R
ES0000000000006921CC;17/11/22;15;0,228;R
ES0000000000006921CC;17/11/22;16;0,253;R
ES0000000000006921CC;17/11/22;17;0,236;R
ES0000000000006921CC;17/11/22;18;0,134;R
ES0000000000006921CC;17/11/22;19;0,104;R
ES0000000000006921CC;17/11/22;20;0,201;R
ES0000000000006921CC;17/11/22;21;0,186;R
ES0000000000006921CC;17/11/22;22;0,175;R
ES0000000000006921CC;17/11/22;23;0,256;R
ES0000000000006921CC;18/11/22;0;0,314;R
ES0000000000006921CC;18/11/22;1;0,087;R
ES0000000000006921CC;18/11/22;2;0,09;R
ES0000000000006921CC;18/11/22;3;0,064;R
ES0000000000006921CC;18/11/22;4;0,083;R
ES0000000000006921CC;18/11/22;5;0,071;R
ES0000000000006921CC;18/11/22;6;0,095;R
ES0000000000006921CC;18/11/22;7;0,065;R
ES0000000000006921CC;18/11/22;8;0,197;R
ES0000000000006921CC;18/11/22;9;0,385;R
ES0000000000006921CC;18/11/22;10;0,276;R
ES0000000000006921CC;18/11/22;11;0,24;R
ES0000000000006921CC;18/11/22;12;0,117;R
ES0000000000006921CC;18/11/22;13;0,139;R
ES0000000000006921CC;18/11/22;14;0,323;R
ES0000000000006921CC;18/11/22;15;0,961;R
ES0000000000006921CC;18/11/22;16;0,196;R
ES0000000000006921CC;18/11/22;17;0,114;R
ES0000000000006921CC;18/11/22;18;0,138;R
ES0000000000006921CC;18/11/22;19;0,143;R
ES0000000000006921CC;18/11/22;20;0,239;R
ES0000000000006921CC;18/11/22;21;0,234;R
ES0000000000006921CC;18/11/22;22;0,156;R
ES0000000000006921CC;18/11/22;23;0,137;R
ES0000000000006921CC;19/11/22;0;0,253;R
ES0000000000006921CC;19/11/22;1;0,1;R
ES0000000000006921CC;19/11/22;2;0,104;R
ES0000000000006921CC;19/11/22;3;0,058;R
ES0000000000006921CC;19/11/22;4;0,082;R
ES0000000000006921CC;19/11/22;5;0,067;R
ES0000000000006921CC;19/11/22;6;0,079;R
ES0000000000006921CC;19/11/22;7;0,093;R
ES0000000000006921CC;19/11/22;8;0,218;R
ES0000000000006921CC;19/11/22;9;0,223;R
ES0000000000006921CC;19/11/22;10;0,177;R
ES0000000000006921CC;19/11/22;11;1,094;R
ES0000000000006921CC;19/11/22;12;0,122;R
ES0000000000006921CC;19/11/22;13;0,104;R
ES0000000000006921CC;19/11/22;14;0,798;R
ES0000000000006921CC;19/11/22;15;0,702;R
ES0000000000006921CC;19/11/22;16;0,109;R
ES0000000000006921CC;19/11/22;17;0,107;R
ES0000000000006921CC;19/11/22;18;0,084;R
ES0000000000006921CC;19/11/22;19;0,107;R
ES0000000000006921CC;19/11/22;20;0,283;R
ES0000000000006921CC;19/11/22;21;0,206;R
ES0000000000006921CC;19/11/22;22;0,176;R
ES0000000000006921CC;19/11/22;23;0,175;R
ES0000000000006921CC;20/11/22;0;0,22;R
ES0000000000006921CC;20/11/22;1;0,226;R
ES0000000000006921CC;20/11/22;2;0,084;R
ES0000000000006921CC;20/11/22;3;0,076;R
ES0000000000006921CC;20/11/22;4;0,108;R
ES0000000000006921CC;20/11/22;5;0,096;R
ES0000000000006921CC;20/11/22;6;0,102;R
ES0000000000006921CC;20/11/22;7;0,068;R
ES0000000000006921CC;20/11/22;8;0,177;R
ES0000000000006921CC;20/11/22;9;0,2;R
ES0000000000006921CC;20/11/22;10;0,112;R
ES0000000000006921CC;20/11/22;11;0,218;R
ES0000000000006921CC;20/11/22;12;0,164;R
ES0000000000006921CC;20/11/22;13;0,475;R
ES0000000000006921CC;20/11/22;14;0,528;R
ES0000000000006921CC;20/11/22;15;0,636;R
ES0000000000006921CC;20/11/22;16;0,182;R
ES0000000000006921CC;20/11/22;17;0,189;R
ES0000000000006921CC;20/11/22;18;0,144;R
ES0000000000006921CC;20/11/22;19;0,219;R
ES0000000000006921CC;20/11/22;20;0,216;R
ES0000000000006921CC;20/11/22;21;0,208;R
ES0000000000006921CC;20/11/22;22;0,246;R
ES0000000000006921CC;20/11/22;23;0,2;R
ES0000000000006921CC;21/11/22;0;0,139;R
ES0000000000006921CC;21/11/22;1;0,145;R
ES0000000000006921CC;21/11/22;2;0,078;R
ES0000000000006921CC;21/11/22;3;0,088;R
ES0000000000006921CC;21/11/22;4;0,078;R
ES0000000000006921CC;21/11/22;5;0,097;R
ES0000000000006921CC;21/11/22;6;0,06;R
ES0000000000006921CC;21/11/22;7;0,105;R
ES0000000000006921CC;21/11/22;8;0,161;R
ES0000000000006921CC;21/11/22;9;0,139;R
ES0000000000006921CC;21/11/22;10;0,279;R
ES0000000000006921CC;21/11/22;11;0,243;R
ES0000000000006921CC;21/11/22;12;0,188;R
ES0000000000006921CC;21/11/22;13;0,117;R
ES0000000000006921CC;21/11/22;14;0,207;R
ES0000000000006921CC;21/11/22;15;0,226;R
ES0000000000006921CC;21/11/22;16;0,188;R
ES0000000000006921CC;21/11/22;17;0,092;R
ES0000000000006921CC;21/11/22;18;0,093;R
ES0000000000006921CC;21/11/22;19;0,152;R
ES0000000000006921CC;21/11/22;20;0,323;R
ES0000000000006921CC;21/11/22;21;0,159;R
ES0000000000006921CC;21/11/22;22;0,216;R
ES0000000000006921CC;21/11/22;23;0,26;R
ES0000000000006921CC;22/11/22;0;0,209;R
ES0000000000006921CC;22/11/22;1;0,631;R
ES0000000000006921CC;22/11/22;2;0,625;R
ES0000000000006921CC;22/11/22;3;0,159;R
ES0000000000006921CC;22/11/22;4;0,136;R
ES0000000000006921CC;22/11/22;5;0,078;R
ES0000000000006921CC;22/11/22;6;0,099;R
ES0000000000006921CC;22/11/22;7;0,075;R
ES0000000000006921CC;22/11/22;8;0,091;R
ES0000000000006921CC;22/11/22;9;0,139;R
ES0000000000006921CC;22/11/22;10;0,2;R
ES0000000000006921CC;22/11/22;11;0,244;R
ES0000000000006921CC;22/11/22;12;0,254;R
ES0000000000006921CC;22/11/22;13;0,178;R
ES0000000000006921CC;22/11/22;14;0,106;R
ES0000000000006921CC;22/11/22;15;0,189;R
ES0000000000006921CC;22/11/22;16;0,205;R
ES0000000000006921CC;22/11/22;17;0,159;R
ES0000000000006921CC;22/11/22;18;0,132;R
ES0000000000006921CC;22/11/22;19;0,152;R
ES0000000000006921CC;22/11/22;20;0,395;R
ES0000000000006921CC;22/11/22;21;0,334;R
ES0000000000006921CC;22/11/22;22;0,239;R
ES0000000000006921CC;22/11/22;23;0,259;R
ES0000000000006921CC;23/11/22;0;0,224;R
ES0000000000006921CC;23/11/22;1;0,082;R
ES0000000000006921CC;23/11/22;2;0,075;R
ES0000000000006921CC;23/11/22;3;0,062;R
ES0000000000006921CC;23/11/22;4;0,087;R
ES0000000000006921CC;23/11/22;5;0,075;R
ES0000000000006921CC;23/11/22;6;0,079;R
ES0000000000006921CC;23/11/22;7;0,064;R
ES0000000000006921CC;23/11/22;8;0,125;R
ES0000000000006921CC;23/11/22;9;0,353;R
ES0000000000006921CC;23/11/22;10;0,176;R
ES0000000000006921CC;23/11/22;11;0,276;R
ES0000000000006921CC;23/11/22;12;0,141;R
ES0000000000006921CC;23/11/22;13;0,082;R
ES0000000000006921CC;23/11/22;14;0,28;R
ES0000000000006921CC;23/11/22;15;0,273;R
ES0000000000006921CC;23/11/22;16;0,185;R
ES0000000000006921CC;23/11/22;17;0,087;R
ES0000000000006921CC;23/11/22;18;0,135;R
ES0000000000006921CC;23/11/22;19;0,124;R
ES0000000000006921CC;23/11/22;20;0,184;R
ES0000000000006921CC;23/11/22;21;0,094;R
ES0000000000006921CC;23/11/22;22;0,211;R
ES0000000000006921CC;23/11/22;23;0,253;R
ES0000000000006921CC;24/11/22;0;0,175;R
ES0000000000006921CC;24/11/22;1;0,069;R
ES0000000000006921CC;24/11/22;2;0,083;R
ES0000000000006921CC;24/11/22;3;0,064;R
ES0000000000006921CC;24/11/22;4;0,085;R
ES0000000000006921CC;24/11/22;5;0,073;R
ES0000000000006921CC;24/11/22;6;0,093;R
ES0000000000006921CC;24/11/22;7;0,072;R
ES0000000000006921CC;24/11/22;8;0,146;R
ES0000000000006921CC;24/11/22;9;0,258;R
ES0000000000006921CC;24/11/22;10;0,342;R
ES0000000000006921CC;24/11/22;11;0,165;R
ES0000000000006921CC;24/11/22;12;0,096;R
ES0000000000006921CC;24/11/22;13;0,185;R
ES0000000000006921CC;24/11/22;14;0,129;R
ES0000000000006921CC;24/11/22;15;0,148;R
ES0000000000006921CC;24/11/22;16;0,128;R
ES0000000000006921CC;24/11/22;17;0,135;R
ES0000000000006921CC;24/11/22;18;0,163;R
ES0000000000006921CC;24/11/22;19;0,197;R
ES0000000000006921CC;24/11/22;20;0,242;R
ES0000000000006921CC;24/11/22;21;0,274;R
ES0000000000006921CC;24/11/22;22;0,221;R
ES0000000000006921CC;24/11/22;23;0,285;R
ES0000000000006921CC;25/11/22;0;0,298;R
ES0000000000006921CC;25/11/22;1;0,082;R
ES0000000000006921CC;25/11/22;2;0,087;R
ES0000000000006921CC;25/11/22;3;0,088;R
ES0000000000006921CC;25/11/22;4;0,08;R
ES0000000000006921CC;25/11/22;5;0,087;R
ES0000000000006921CC;25/11/22;6;0,071;R
ES0000000000006921CC;25/11/22;7;0,08;R
ES0000000000006921CC;25/11/22;8;0,155;R
ES0000000000006921CC;25/11/22;9;0,284;R
ES0000000000006921CC;25/11/22;10;0,258;R
ES0000000000006921CC;25/11/22;11;0,194;R
ES0000000000006921CC;25/11/22;12;0,105;R
ES0000000000006921CC;25/11/22;13;0,218;R
ES0000000000006921CC;25/11/22;14;0,187;R
ES0000000000006921CC;25/11/22;15;0,23;R
ES0000000000006921CC;25/11/22;16;0,181;R
ES0000000000006921CC;25/11/22;17;0,144;R
ES0000000000006921CC;25/11/22;18;0,134;R
ES0000000000006921CC;25/11/22;19;0,126;R
ES0000000000006921CC;25/11/22;20;0,199;R
ES0000000000006921CC;25/11/22;21;0,213;R
ES0000000000006921CC;25/11/22;22;0,221;R
ES0000000000006921CC;25/11/22;23;0,295;R
ES0000000000006921CC;26/11/22;0;0,198;R
ES0000000000006921CC;26/11/22;1;0,095;R
ES0000000000006921CC;26/11/22;2;0,093;R
ES0000000000006921CC;26/11/22;3;0,068;R
ES0000000000006921CC;26/11/22;4;0,09;R
ES0000000000006921CC;26/11/22;5;0,077;R
ES0000000000006921CC;26/11/22;6;0,173;R
ES0000000000006921CC;26/11/22;7;0,134;R
ES0000000000006921CC;26/11/22;8;0,101;R
ES0000000000006921CC;26/11/22;9;0,164;R
ES0000000000006921CC;26/11/22;10;0,893;R
ES0000000000006921CC;26/11/22;11;0,948;R
ES0000000000006921CC;26/11/22;12;0,94;R
ES0000000000006921CC;26/11/22;13;0,163;R
ES0000000000006921CC;26/11/22;14;0,407;R
ES0000000000006921CC;26/11/22;15;0,528;R
ES0000000000006921CC;26/11/22;16;0,3;R
ES0000000000006921CC;26/11/22;17;0,107;R
ES0000000000006921CC;26/11/22;18;0,214;R
ES0000000000006921CC;26/11/22;19;0,451;R
ES0000000000006921CC;26/11/22;20;0,243;R
ES0000000000006921CC;26/11/22;21;0,214;R
ES0000000000006921CC;26/11/22;22;0,328;R
ES0000000000006921CC;26/11/22;23;0,257;R
ES0000000000006921CC;27/11/22;0;0,196;R
ES0000000000006921CC;27/11/22;1;0,093;R
ES0000000000006921CC;27/11/22;2;0,09;R
ES0000000000006921CC;27/11/22;3;0,081;R
ES0000000000006921CC;27/11/22;4;0,083;R
ES0000000000006921CC;27/11/22;5;0,076;R
ES0000000000006921CC;27/11/22;6;0,102;R
ES0000000000006921CC;27/11/22;7;0,09;R
ES0000000000006921CC;27/11/22;8;0,102;R
ES0000000000006921CC;27/11/22;9;0,162;R
ES0000000000006921CC;27/11/22;10;0,269;R
ES0000000000006921CC;27/11/22;11;0,36;R
ES0000000000006921CC;27/11/22;12;0,187;R
ES0000000000006921CC;27/11/22;13;0,817;R
ES0000000000006921CC;27/11/22;14;0,688;R
ES0000000000006921CC;27/11/22;15;0,955;R
ES0000000000006921CC;27/11/22;16;0,095;R
ES0000000000006921CC;27/11/22;17;0,226;R
ES0000000000006921CC;27/11/22;18;0,095;R
ES0000000000006921CC;27/11/22;19;0,229;R
ES0000000000006921CC;27/11/22;20;0,203;R
ES0000000000006921CC;27/11/22;21;0,231;R
ES0000000000006921CC;27/11/22;22;0,258;R
ES0000000000006921CC;27/11/22;23;0,159;R
ES0000000000006921CC;28/11/22;0;0,127;R
ES0000000000006921CC;28/11/22;1;0,172;R
ES0000000000006921CC;28/11/22;2;0,08;R
ES0000000000006921CC;28/11/22;3;0,094;R
ES0000000000006921CC;28/11/22;4;0,054;R
ES0000000000006921CC;28/11/22;5;0,079;R
ES0000000000006921CC;28/11/22;6;0,049;R
ES0000000000006921CC;28/11/22;7;0,175;R
ES0000000000006921CC;28/11/22;8;0,143;R
ES0000000000006921CC;28/11/22;9;0,197;R
ES0000000000006921CC;28/11/22;10;0,266;R
ES0000000000006921CC;28/11/22;11;0,322;R
ES0000000000006921CC;28/11/22;12;0,082;R
ES0000000000006921CC;28/11/22;13;0,122;R
ES0000000000006921CC;28/11/22;14;0,15;R
ES0000000000006921CC;28/11/22;15;0,186;R
ES0000000000006921CC;28/11/22;16;0,126;R
ES0000000000006921CC;28/11/22;17;0,092;R
ES0000000000006921CC;28/11/22;18;0,129;R
ES0000000000006921CC;28/11/22;19;0,184;R
ES0000000000006921CC;28/11/22;20;0,249;R
ES0000000000006921CC;28/11/22;21;0,159;R
ES0000000000006921CC;28/11/22;22;0,205;R
ES0000000000006921CC;28/11/22;23;0,208;R
ES0000000000006921CC;29/11/22;0;0,206;R
ES0000000000006921CC;29/11/22;1;0,779;R
ES0000000000006921CC;29/11/22;2;0,675;R
ES0000000000006921CC;29/11/22;3;0,089;R
ES0000000000006921CC;29/11/22;4;0,087;R
ES0000000000006921CC;29/11/22;5;0,085;R
ES0000000000006921CC;29/11/22;6;0,078;R
ES0000000000006921CC;29/11/22;7;0,067;R
ES0000000000006921CC;29/11/22;8;0,065;R
ES0000000000006921CC;29/11/22;9;0,195;R
ES0000000000006921CC;29/11/22;10;0,324;R
ES0000000000006921CC;29/11/22;11;0,243;R
ES0000000000006921CC;29/11/22;12;0,119;R
ES0000000000006921CC;29/11/22;13;0,394;R
ES0000000000006921CC;29/11/22;14;0,149;R
ES0000000000006921CC;29/11/22;15;0,161;R
ES0000000000006921CC;29/11/22;16;0,141;R
ES0000000000006921CC;29/11/22;17;0,122;R
ES0000000000006921CC;29/11/22;18;0,189;R
ES0000000000006921CC;29/11/22;19;0,246;R
ES0000000000006921CC;29/11/22;20;0,346;R
ES0000000000006921CC;29/11/22;21;0,166;R
ES0000000000006921CC;29/11/22;22;0,225;R
ES0000000000006921CC;29/11/22;23;0,217;R
ES0000000000006921CC;30/11/22;0;0,245;R
ES0000000000006921CC;30/11/22;1;0,082;R
ES0000000000006921CC;30/11/22;2;0,099;R
ES0000000000006921CC;30/11/22;3;0,072;R
ES0000000000006921CC;30/11/22;4;0,095;R
ES0000000000006921CC;30/11/22;5;0,051;R
ES0000000000006921CC;30/11/22;6;0,075;R
ES0000000000006921CC;30/11/22;7;0,062;R
ES0000000000006921CC;30/11/22;8;0,189;R
ES0000000000006921CC;30/11/22;9;0,324;R
ES0000000000006921CC;30/11/22;10;0,308;R
ES0000000000006921CC;30/11/22;11;0,181;R
ES0000000000006921CC;30/11/22;12;0,144;R
ES0000000000006921CC;30/11/22;13;0,157;R
ES0000000000006921CC;30/11/22;14;0,232;R
ES0000000000006921CC;30/11/22;15;0,118;R
ES0000000000006921CC;30/11/22;16;0,137;R
ES0000000000006921CC;30/11/22;17;0,154;R
ES0000000000006921CC;30/11/22;18;0,154;R
ES0000000000006921CC;30/11/22;19;0,086;R
ES0000000000006921CC;30/11/22;20;0,126;R
ES0000000000006921CC;30/11/22;21;0,351;R
ES0000000000006921CC;30/11/22;22;0,226;R
ES0000000000006921CC;30/11/22;23;0,209;R
ES0000000000006921CC;01/12/22;0;0,229;R
ES0000000000006921CC;01/12/22;1;0,161;R
ES0000000000006921CC;01/12/22;2;0,084;R
ES0000000000006921CC;01/12/22;3;0,1;R
ES0000000000006921CC;01/12/22;4;0,08;R
ES0000000000006921CC;01/12/22;5;0,092;R
ES0000000000006921CC;01/12/22;6;0,162;R
ES0000000000006921CC;01/12/22;7;0,117;R
ES0000000000006921CC;01/12/22;8;0,076;R
ES0000000000006921CC;01/12/22;9;0,204;R
ES0000000000006921CC;01/12/22;10;0,296;R
ES0000000000006921CC;01/12/22;11;0,359;R
ES0000000000006921CC;01/12/22;12;0,106;R
ES0000000000006921CC;01/12/22;13;0,106;R
ES0000000000006921CC;01/12/22;14;0,092;R
ES0000000000006921CC;01/12/22;15;0,153;R
ES0000000000006921CC;01/12/22;16;0,142;R
ES0000000000006921CC;01/12/22;17;0,114;R
ES0000000000006921CC;01/12/22;18;0,162;R
ES0000000000006921CC;01/12/22;19;0,202;R
ES0000000000006921CC;01/12/22;20;0,208;R
ES0000000000006921CC;01/12/22;21;0,181;R
ES0000000000006921CC;01/12/22;22;0,211;R
ES0000000000006921CC;01/12/22;23;0,28;R
ES0000000000006921CC;02/12/22;0;0,259;R
ES0000000000006921CC;02/12/22;1;0,085;R
ES0000000000006921CC;02/12/22;2;0,087;R
ES0000000000006921CC;02/12/22;3;0,062;R
ES0000000000006921CC;02/12/22;4;0,08;R
ES0000000000006921CC;02/12/22;5;0,074;R
ES0000000000006921CC;02/12/22;6;0,092;R
ES0000000000006921CC;02/12/22;7;0,08;R
ES0000000000006921CC;02/12/22;8;0,181;R
ES0000000000006921CC;02/12/22;9;0,228;R
ES0000000000006921CC;02/12/22;10;0,333;R
ES0000000000006921CC;02/12/22;11;0,193;R
ES0000000000006921CC;02/12/22;12;0,117;R
ES0000000000006921CC;02/12/22;13;0,096;R
ES0000000000006921CC;02/12/22;14;0,346;R
ES0000000000006921CC;02/12/22;15;0,213;R
ES0000000000006921CC;02/12/22;16;0,207;R
ES0000000000006921CC;02/12/22;17;0,204;R
ES0000000000006921CC;02/12/22;18;0,192;R
ES0000000000006921CC;02/12/22;19;0,201;R
ES0000000000006921CC;02/12/22;20;0,382;R
ES0000000000006921CC;02/12/22;21;0,177;R
ES0000000000006921CC;02/12/22;22;0,225;R
ES0000000000006921CC;02/12/22;23;0,312;R
ES0000000000006921CC;03/12/22;0;0,178;R
ES0000000000006921CC;03/12/22;1;0,093;R
ES0000000000006921CC;03/12/22;2;0,085;R
ES0000000000006921CC;03/12/22;3;0,089;R
ES0000000000006921CC;03/12/22;4;0,075;R
ES0000000000006921CC;03/12/22;5;0,082;R
ES0000000000006921CC;03/12/22;6;0,066;R
ES0000000000006921CC;03/12/22;7;0,075;R
ES0000000000006921CC;03/12/22;8;0,147;R
ES0000000000006921CC;03/12/22;9;0,198;R
ES0000000000006921CC;03/12/22;10;0,937;R
ES0000000000006921CC;03/12/22;11;1,032;R
ES0000000000006921CC;03/12/22;12;0,138;R
ES0000000000006921CC;03/12/22;13;0,661;R
ES0000000000006921CC;03/12/22;14;0,543;R
ES0000000000006921CC;03/12/22;15;0,257;R
ES0000000000006921CC;03/12/22;16;0,177;R
ES0000000000006921CC;03/12/22;17;0,122;R
ES0000000000006921CC;03/12/22;18;0,157;R
ES0000000000006921CC;03/12/22;19;0,195;R
ES0000000000006921CC;03/12/22;20;0,253;R
ES0000000000006921CC;03/12/22;21;0,211;R
ES0000000000006921CC;03/12/22;22;0,247;R
ES0000000000006921CC;03/12/22;23;0,201;R
ES0000000000006921CC;04/12/22;0;0,236;R
ES0000000000006921CC;04/12/22;1;0,08;R
ES0000000000006921CC;04/12/22;2;0,09;R
ES0000000000006921CC;04/12/22;3;0,137;R
ES0000000000006921CC;04/12/22;4;0,153;R
ES0000000000006921CC;04/12/22;5;0,07;R
ES0000000000006921CC;04/12/22;6;0,088;R
ES0000000000006921CC;04/12/22;7;0,082;R
ES0000000000006921CC;04/12/22;8;0,114;R
ES0000000000006921CC;04/12/22;9;0,156;R
ES0000000000006921CC;04/12/22;10;0,273;R
ES0000000000006921CC;04/12/22;11;0,325;R
ES0000000000006921CC;04/12/22;12;0,129;R
ES0000000000006921CC;04/12/22;13;0,719;R
ES0000000000006921CC;04/12/22;14;0,657;R
ES0000000000006921CC;04/12/22;15;0,847;R
ES0000000000006921CC;04/12/22;16;0,173;R
ES0000000000006921CC;04/12/22;17;0,127;R
ES0000000000006921CC;04/12/22;18;0,17;R
ES0000000000006921CC;04/12/22;19;0,261;R
ES0000000000006921CC;04/12/22;20;0,231;R
ES0000000000006921CC;04/12/22;21;0,2;R
ES0000000000006921CC;04/12/22;22;0,236;R
ES0000000000006921CC;04/12/22;23;0,233;R
ES0000000000006921CC;05/12/22;0;0,248;R
ES0000000000006921CC;05/12/22;1;0,091;R
ES0000000000006921CC;05/12/22;2;0,062;R
ES0000000000006921CC;05/12/22;3;0,085;R
ES0000000000006921CC;05/12/22;4;0,062;R
ES0000000000006921CC;05/12/22;5;0,086;R
ES0000000000006921CC;05/12/22;6;0,062;R
ES0000000000006921CC;05/12/22;7;0,089;R
ES0000000000006921CC;05/12/22;8;0,07;R
ES0000000000006921CC;05/12/22;9;0,171;R
ES0000000000006921CC;05/12/22;10;0,313;R
ES0000000000006921CC;05/12/22;11;0,357;R
ES0000000000006921CC;05/12/22;12;0,097;R
ES0000000000006921CC;05/12/22;13;0,152;R
ES0000000000006921CC;05/12/22;14;0,256;R
ES0000000000006921CC;05/12/22;15;0,159;R
ES0000000000006921CC;05/12/22;16;0,152;R
ES0000000000006921CC;05/12/22;17;0,12;R
ES0000000000006921CC;05/12/22;18;0,223;R
ES0000000000006921CC;05/12/22;19;0,154;R
ES0000000000006921CC;05/12/22;20;0,356;R
ES0000000000006921CC;05/12/22;21;0,179;R
ES0000000000006921CC;05/12/22;22;0,217;R
ES0000000000006921CC;05/12/22;23;0,236;R
ES0000000000006921CC;06/12/22;0;0,185;R
ES0000000000006921CC;06/12/22;1;0,129;R
ES0000000000006921CC;06/12/22;2;0,093;R
ES0000000000006921CC;06/12/22;3;0,075;R
ES0000000000006921CC;06/12/22;4;0,094;R
ES0000000000006921CC;06/12/22;5;0,076;R
ES0000000000006921CC;06/12/22;6;0,094;R
ES0000000000006921CC;06/12/22;7;0,158;R
ES0000000000006921CC;06/12/22;8;0,128;R
ES0000000000006921CC;06/12/22;9;0,154;R
ES0000000000006921CC;06/12/22;10;0,272;R
ES0000000000006921CC;06/12/22;11;0,216;R
ES0000000000006921CC;06/12/22;12;0,222;R
ES0000000000006921CC;06/12/22;13;0,111;R
ES0000000000006921CC;06/12/22;14;0,65;R
ES0000000000006921CC;06/12/22;15;0,153;R
ES0000000000006921CC;06/12/22;16;0,099;R
ES0000000000006921CC;06/12/22;17;0,759;R
ES0000000000006921CC;06/12/22;18;0,774;R
ES0000000000006921CC;06/12/22;19;0,161;R
ES0000000000006921CC;06/12/22;20;0,201;R
ES0000000000006921CC;06/12/22;21;0,209;R
ES0000000000006921CC;06/12/22;22;0,31;R
ES0000000000006921CC;06/12/22;23;0,214;R
ES0000000000006921CC;07/12/22;0;0,213;R
ES0000000000006921CC;07/12/22;1;0,139;R
ES0000000000006921CC;07/12/22;2;0,093;R
ES0000000000006921CC;07/12/22;3;0,072;R
ES0000000000006921CC;07/12/22;4;0,078;R
ES0000000000006921CC;07/12/22;5;0,067;R
ES0000000000006921CC;07/12/22;6;0,089;R
ES0000000000006921CC;07/12/22;7;0,076;R
ES0000000000006921CC;07/12/22;8;0,379;R
ES0000000000006921CC;07/12/22;9;0,473;R
ES0000000000006921CC;07/12/22;10;0,087;R
ES0000000000006921CC;07/12/22;11;0,08;R
ES0000000000006921CC;07/12/22;12;0,075;R
ES0000000000006921CC;07/12/22;13;0,074;R
ES0000000000006921CC;07/12/22;14;0,081;R
ES0000000000006921CC;07/12/22;15;0,075;R
ES0000000000006921CC;07/12/22;16;0,083;R
ES0000000000006921CC;07/12/22;17;0,074;R
ES0000000000006921CC;07/12/22;18;0,08;R
ES0000000000006921CC;07/12/22;19;0,106;R
ES0000000000006921CC;07/12/22;20;0,168;R
ES0000000000006921CC;07/12/22;21;0,085;R
ES0000000000006921CC;07/12/22;22;0,095;R
ES0000000000006921CC;07/12/22;23;0,091;R
ES0000000000006921CC;08/12/22;0;0,089;R
ES0000000000006921CC;08/12/22;1;0,078;R
ES0000000000006921CC;08/12/22;2;0,078;R
ES0000000000006921CC;08/12/22;3;0,076;R
ES0000000000006921CC;08/12/22;4;0,077;R
ES0000000000006921CC;08/12/22;5;0,142;R
ES0000000000006921CC;08/12/22;6;0,083;R
ES0000000000006921CC;08/12/22;7;0,077;R
ES0000000000006921CC;08/12/22;8;0,068;R
ES0000000000006921CC;08/12/22;9;0,075;R
ES0000000000006921CC;08/12/22;10;0,065;R
ES0000000000006921CC;08/12/22;11;0,105;R
ES0000000000006921CC;08/12/22;12;0,101;R
ES0000000000006921CC;08/12/22;13;0,069;R
ES0000000000006921CC;08/12/22;14;0,07;R
ES0000000000006921CC;08/12/22;15;0,078;R
ES0000000000006921CC;08/12/22;16;0,074;R
ES0000000000006921CC;08/12/22;17;0,115;R
ES0000000000006921CC;08/12/22;18;0,12;R
ES0000000000006921CC;08/12/22;19;0,082;R
ES0000000000006921CC;08/12/22;20;0,083;R
ES0000000000006921CC;08/12/22;21;0,087;R
ES0000000000006921CC;08/12/22;22;0,084;R
ES0000000000006921CC;08/12/22;23;0,143;R
ES0000000000006921CC;09/12/22;0;0,094;R
ES0000000000006921CC;09/12/22;1;0,071;R
ES0000000000006921CC;09/12/22;2;0,066;R
ES0000000000006921CC;09/12/22;3;0,072;R
ES0000000000006921CC;09/12/22;4;0,087;R
ES0000000000006921CC;09/12/22;5;0,13;R
ES0000000000006921CC;09/12/22;6;0,064;R
ES0000000000006921CC;09/12/22;7;0,077;R
ES0000000000006921CC;09/12/22;8;0,073;R
ES0000000000006921CC;09/12/22;9;0,091;R
ES0000000000006921CC;09/12/22;10;0,138;R
ES0000000000006921CC;09/12/22;11;0,085;R
ES0000000000006921CC;09/12/22;12;0,076;R
ES0000000000006921CC;09/12/22;13;0,077;R
ES0000000000006921CC;09/12/22;14;0,078;R
ES0000000000006921CC;09/12/22;15;0,129;R
ES0000000000006921CC;09/12/22;16;0,079;R
ES0000000000006921CC;09/12/22;17;0,069;R
ES0000000000006921CC;09/12/22;18;0,062;R
ES0000000000006921CC;09/12/22;19;0,075;R
ES0000000000006921CC;09/12/22;20;0,146;R
ES0000000000006921CC;09/12/22;21;0,11;R
ES0000000000006921CC;09/12/22;22;0,089;R
ES0000000000006921CC;09/12/22;23;0,083;R
ES0000000000006921CC;10/12/22;0;0,133;R
ES0000000000006921CC;10/12/22;1;0,091;R
ES0000000000006921CC;10/12/22;2;0,075;R
ES0000000000006921CC;10/12/22;3;0,065;R
ES0000000000006921CC;10/12/22;4;0,059;R
ES0000000000006921CC;10/12/22;5;0,057;R
ES0000000000006921CC;10/12/22;6;0,057;R
ES0000000000006921CC;10/12/22;7;0,059;R
ES0000000000006921CC;10/12/22;8;0,065;R
ES0000000000006921CC;10/12/22;9;0,076;R
ES0000000000006921CC;10/12/22;10;0,094;R
ES0000000000006921CC;10/12/22;11;0,106;R
ES0000000000006921CC;10/12/22;12;0,108;R
ES0000000000006921CC;10/12/22;13;0,104;R
ES0000000000006921CC;10/12/22;14;0,109;R
ES0000000000006921CC;10/12/22;15;0,11;R
ES0000000000006921CC;10/12/22;16;0,102;R
ES0000000000006921CC;10/12/22;17;0,096;R
ES0000000000006921CC;10/12/22;18;0,097;R
ES0000000000006921CC;10/12/22;19;0,111;R
ES0000000000006921CC;10/12/22;20;0,116;R
ES0000000000006921CC;10/12/22;21;0,121;R
ES0000000000006921CC;10/12/22;22;0,125;R
ES0000000000006921CC;10/12/22;23;0,122;R
ES0000000000006921CC;11/12/22;0;0,109;R
ES0000000000006921CC;11/12/22;1;0,111;R
ES0000000000006921CC;11/12/22;2;0,079;R
ES0000000000006921CC;11/12/22;3;0,054;R
ES0000000000006921CC;11/12/22;4;0,078;R
ES0000000000006921CC;11/12/22;5;0,083;R
ES0000000000006921CC;11/12/22;6;0,146;R
ES0000000000006921CC;11/12/22;7;0,066;R
ES0000000000006921CC;11/12/22;8;0,087;R
ES0000000000006921CC;11/12/22;9;0,066;R
ES0000000000006921CC;11/12/22;10;0,151;R
ES0000000000006921CC;11/12/22;11;0,092;R
ES0000000000006921CC;11/12/22;12;0,087;R
ES0000000000006921CC;11/12/22;13;0,063;R
ES0000000000006921CC;11/12/22;14;0,079;R
ES0000000000006921CC;11/12/22;15;0,117;R
ES0000000000006921CC;11/12/22;16;0,095;R
ES0000000000006921CC;11/12/22;17;0,052;R
ES0000000000006921CC;11/12/22;18;0,086;R
ES0000000000006921CC;11/12/22;19;0,117;R
ES0000000000006921CC;11/12/22;20;0,14;R
ES0000000000006921CC;11/12/22;21;0,082;R
ES0000000000006921CC;11/12/22;22;0,089;R
ES0000000000006921CC;11/12/22;23;0,079;R
ES0000000000006921CC;12/12/22;0;0,144;R
ES0000000000006921CC;12/12/22;1;0,098;R
ES0000000000006921CC;12/12/22;2;0,08;R
ES0000000000006921CC;12/12/22;3;0,061;R
ES0000000000006921CC;12/12/22;4;0,105;R
ES0000000000006921CC;12/12/22;5;0,202;R
ES0000000000006921CC;12/12/22;6;0,143;R
ES0000000000006921CC;12/12/22;7;0,077;R
ES0000000000006921CC;12/12/22;8;0,083;R
ES0000000000006921CC;12/12/22;9;0,129;R
ES0000000000006921CC;12/12/22;10;0,085;R
ES0000000000006921CC;12/12/22;11;0,071;R
ES0000000000006921CC;12/12/22;12;0,067;R
ES0000000000006921CC;12/12/22;13;0,128;R
ES0000000000006921CC;12/12/22;14;0,09;R
ES0000000000006921CC;12/12/22;15;0,079;R
ES0000000000006921CC;12/12/22;16;0,064;R
ES0000000000006921CC;12/12/22;17;0,093;R
ES0000000000006921CC;12/12/22;18;0,127;R
ES0000000000006921CC;12/12/22;19;0,09;R
ES0000000000006921CC;12/12/22;20;0,16;R
ES0000000000006921CC;12/12/22;21;0,32;R
ES0000000000006921CC;12/12/22;22;0,252;R
ES0000000000006921CC;12/12/22;23;0,333;R
ES0000000000006921CC;13/12/22;0;0,303;R
ES0000000000006921CC;13/12/22;1;0,085;R
ES0000000000006921CC;13/12/22;2;0,084;R
ES0000000000006921CC;13/12/22;3;0,059;R
ES0000000000006921CC;13/12/22;4;0,089;R
ES0000000000006921CC;13/12/22;5;0,063;R
ES0000000000006921CC;13/12/22;6;0,088;R
ES0000000000006921CC;13/12/22;7;0,063;R
ES0000000000006921CC;13/12/22;8;0,088;R
ES0000000000006921CC;13/12/22;9;0,144;R
ES0000000000006921CC;13/12/22;10;0,143;R
ES0000000000006921CC;13/12/22;11;0,299;R
ES0000000000006921CC;13/12/22;12;0,435;R
ES0000000000006921CC;13/12/22;13;0,099;R
ES0000000000006921CC;13/12/22;14;0,089;R
ES0000000000006921CC;13/12/22;15;0,123;R
ES0000000000006921CC;13/12/22;16;0,163;R
ES0000000000006921CC;13/12/22;17;0,112;R
ES0000000000006921CC;13/12/22;18;0,204;R
ES0000000000006921CC;13/12/22;19;0,242;R
ES0000000000006921CC;13/12/22;20;0,191;R
ES0000000000006921CC;13/12/22;21;0,203;R
ES0000000000006921CC;13/12/22;22;0,216;R
ES0000000000006921CC;13/12/22;23;0,313;R
ES0000000000006921CC;14/12/22;0;0,137;R
ES0000000000006921CC;14/12/22;1;0,098;R
ES0000000000006921CC;14/12/22;2;0,068;R
ES0000000000006921CC;14/12/22;3;0,092;R
ES0000000000006921CC;14/12/22;4;0,066;R
ES0000000000006921CC;14/12/22;5;0,09;R
ES0000000000006921CC;14/12/22;6;0,065;R
ES0000000000006921CC;14/12/22;7;0,089;R
ES0000000000006921CC;14/12/22;8;0,192;R
ES0000000000006921CC;14/12/22;9;0,197;R
ES0000000000006921CC;14/12/22;10;0,143;R
ES0000000000006921CC;14/12/22;11;0,411;R
ES0000000000006921CC;14/12/22;12;0,185;R
ES0000000000006921CC;14/12/22;13;0,17;R
ES0000000000006921CC;14/12/22;14;0,112;R
ES0000000000006921CC;14/12/22;15;0,149;R
ES0000000000006921CC;14/12/22;16;0,129;R
ES0000000000006921CC;14/12/22;17;0,112;R
ES0000000000006921CC;14/12/22;18;0,182;R
ES0000000000006921CC;14/12/22;19;0,131;R
ES0000000000006921CC;14/12/22;20;0,138;R
ES0000000000006921CC;14/12/22;21;0,144;R
ES0000000000006921CC;14/12/22;22;0,248;R
ES0000000000006921CC;14/12/22;23;0,29;R
ES0000000000006921CC;15/12/22;0;0,227;R
ES0000000000006921CC;15/12/22;1;0,084;R
ES0000000000006921CC;15/12/22;2;0,091;R
ES0000000000006921CC;15/12/22;3;0,058;R
ES0000000000006921CC;15/12/22;4;0,083;R
ES0000000000006921CC;15/12/22;5;0,142;R
ES0000000000006921CC;15/12/22;6;0,173;R
ES0000000000006921CC;15/12/22;7;0,074;R
ES0000000000006921CC;15/12/22;8;0,133;R
ES0000000000006921CC;15/12/22;9;0,132;R
ES0000000000006921CC;15/12/22;10;0,187;R
ES0000000000006921CC;15/12/22;11;0,26;R
ES0000000000006921CC;15/12/22;12;0,21;R
ES0000000000006921CC;15/12/22;13;0,128;R
ES0000000000006921CC;15/12/22;14;0,281;R
ES0000000000006921CC;15/12/22;15;0,228;R
ES0000000000006921CC;15/12/22;16;0,213;R
ES0000000000006921CC;15/12/22;17;0,225;R
ES0000000000006921CC;15/12/22;18;0,138;R
ES0000000000006921CC;15/12/22;19;0,14;R
ES0000000000006921CC;15/12/22;20;0,27;R
ES0000000000006921CC;15/12/22;21;0,268;R
ES0000000000006921CC;15/12/22;22;0,224;R
ES0000000000006921CC;15/12/22;23;0,288;R
ES0000000000006921CC;16/12/22;0;0,226;R
ES0000000000006921CC;16/12/22;1;0,123;R
ES0000000000006921CC;16/12/22;2;0,099;R
ES0000000000006921CC;16/12/22;3;0,117;R
ES0000000000006921CC;16/12/22;4;0,074;R
ES0000000000006921CC;16/12/22;5;0,091;R
ES0000000000006921CC;16/12/22;6;0,084;R
ES0000000000006921CC;16/12/22;7;0,099;R
ES0000000000006921CC;16/12/22;8;0,153;R
ES0000000000006921CC;16/12/22;9;0,399;R
ES0000000000006921CC;16/12/22;10;0,162;R
ES0000000000006921CC;16/12/22;11;0,282;R
ES0000000000006921CC;16/12/22;12;0,316;R
ES0000000000006921CC;16/12/22;13;0,098;R
ES0000000000006921CC;16/12/22;14;0,131;R
ES0000000000006921CC;16/12/22;15;0,194;R
ES0000000000006921CC;16/12/22;16;0,14;R
ES0000000000006921CC;16/12/22;17;0,133;R
ES0000000000006921CC;16/12/22;18;0,176;R
ES0000000000006921CC;16/12/22;19;0,283;R
ES0000000000006921CC;16/12/22;20;0,159;R
ES0000000000006921CC;16/12/22;21;0,159;R
ES0000000000006921CC;16/12/22;22;0,232;R
ES0000000000006921CC;16/12/22;23;0,331;R
ES0000000000006921CC;17/12/22;0;0,139;R
ES0000000000006921CC;17/12/22;1;0,102;R
ES0000000000006921CC;17/12/22;2;0,072;R
ES0000000000006921CC;17/12/22;3;0,161;R
ES0000000000006921CC;17/12/22;4;0,155;R
ES0000000000006921CC;17/12/22;5;0,096;R
ES0000000000006921CC;17/12/22;6;0,075;R
ES0000000000006921CC;17/12/22;7;0,085;R
ES0000000000006921CC;17/12/22;8;0,072;R
ES0000000000006921CC;17/12/22;9;0,16;R
ES0000000000006921CC;17/12/22;10;0,133;R
ES0000000000006921CC;17/12/22;11;0,901;R
ES0000000000006921CC;17/12/22;12;1,41;R
ES0000000000006921CC;17/12/22;13;0,307;R
ES0000000000006921CC;17/12/22;14;0,389;R
ES0000000000006921CC;17/12/22;15;1,174;R
ES0000000000006921CC;17/12/22;16;0,102;R
ES0000000000006921CC;17/12/22;17;0,256;R
ES0000000000006921CC;17/12/22;18;0,222;R
ES0000000000006921CC;17/12/22;19;0,307;R
ES0000000000006921CC;17/12/22;20;0,322;R
ES0000000000006921CC;17/12/22;21;0,179;R
ES0000000000006921CC;17/12/22;22;0,283;R
ES0000000000006921CC;17/12/22;23;0,183;R
ES0000000000006921CC;18/12/22;0;0,178;R
ES0000000000006921CC;18/12/22;1;0,113;R
ES0000000000006921CC;18/12/22;2;0,113;R
ES0000000000006921CC;18/12/22;3;0,072;R
ES0000000000006921CC;18/12/22;4;0,089;R
ES0000000000006921CC;18/12/22;5;0,073;R
ES0000000000006921CC;18/12/22;6;0,106;R
ES0000000000006921CC;18/12/22;7;0,089;R
ES0000000000006921CC;18/12/22;8;0,083;R
ES0000000000006921CC;18/12/22;9;0,167;R
ES0000000000006921CC;18/12/22;10;0,396;R
ES0000000000006921CC;18/12/22;11;0,281;R
ES0000000000006921CC;18/12/22;12;0,247;R
ES0000000000006921CC;18/12/22;13;0,115;R
ES0000000000006921CC;18/12/22;14;0,39;R
ES0000000000006921CC;18/12/22;15;0,196;R
ES0000000000006921CC;18/12/22;16;0,194;R
ES0000000000006921CC;18/12/22;17;0,195;R
ES0000000000006921CC;18/12/22;18;0,138;R
ES0000000000006921CC;18/12/22;19;0,168;R
ES0000000000006921CC;18/12/22;20;0,26;R
ES0000000000006921CC;18/12/22;21;0,251;R
ES0000000000006921CC;18/12/22;22;0,299;R
ES0000000000006921CC;18/12/22;23;0,719;R
ES0000000000006921CC;19/12/22;0;0,748;R
ES0000000000006921CC;19/12/22;1;0,163;R
ES0000000000006921CC;19/12/22;2;0,161;R
ES0000000000006921CC;19/12/22;3;0,084;R
ES0000000000006921CC;19/12/22;4;0,073;R
ES0000000000006921CC;19/12/22;5;0,105;R
ES0000000000006921CC;19/12/22;6;0,064;R
ES0000000000006921CC;19/12/22;7;0,116;R
ES0000000000006921CC;19/12/22;8;0,082;R
ES0000000000006921CC;19/12/22;9;0,159;R
ES0000000000006921CC;19/12/22;10;0,268;R
ES0000000000006921CC;19/12/22;11;0,355;R
ES0000000000006921CC;19/12/22;12;0,41;R
ES0000000000006921CC;19/12/22;13;0,274;R
ES0000000000006921CC;19/12/22;14;0,603;R
ES0000000000006921CC;19/12/22;15;0,18;R
ES0000000000006921CC;19/12/22;16;0,147;R
ES0000000000006921CC;19/12/22;17;0,243;R
ES0000000000006921CC;19/12/22;18;0,269;R
ES0000000000006921CC;19/12/22;19;0,195;R
ES0000000000006921CC;19/12/22;20;0,226;R
ES0000000000006921CC;19/12/22;21;0,153;R
ES0000000000006921CC;19/12/22;22;0,258;R
ES0000000000006921CC;19/12/22;23;0,223;R
ES0000000000006921CC;20/12/22;0;0,289;R
ES0000000000006921CC;20/12/22;1;0,067;R
ES0000000000006921CC;20/12/22;2;0,091;R
ES0000000000006921CC;20/12/22;3;0,075;R
ES0000000000006921CC;20/12/22;4;0,095;R
ES0000000000006921CC;20/12/22;5;0,08;R
ES0000000000006921CC;20/12/22;6;0,065;R
ES0000000000006921CC;20/12/22;7;0,076;R
ES0000000000006921CC;20/12/22;8;0,089;R
ES0000000000006921CC;20/12/22;9;0,221;R
ES0000000000006921CC;20/12/22;10;0,411;R
ES0000000000006921CC;20/12/22;11;0,202;R
ES0000000000006921CC;20/12/22;12;0,222;R
ES0000000000006921CC;20/12/22;13;0,129;R
ES0000000000006921CC;20/12/22;14;0,436;R
ES0000000000006921CC;20/12/22;15;0,197;R
ES0000000000006921CC;20/12/22;16;0,205;R
ES0000000000006921CC;20/12/22;17;0,111;R
ES0000000000006921CC;20/12/22;18;0,227;R
ES0000000000006921CC;20/12/22;19;0,24;R
ES0000000000006921CC;20/12/22;20;0,28;R
ES0000000000006921CC;20/12/22;21;0,195;R
ES0000000000006921CC;20/12/22;22;0,311;R
ES0000000000006921CC;20/12/22;23;0,335;R
ES0000000000006921CC;21/12/22;0;0,22;R
ES0000000000006921CC;21/12/22;1;0,117;R
ES0000000000006921CC;21/12/22;2;0,1;R
ES0000000000006921CC;21/12/22;3;0,089;R
ES0000000000006921CC;21/12/22;4;0,094;R
ES0000000000006921CC;21/12/22;5;0,08;R
ES0000000000006921CC;21/12/22;6;0,086;R
ES0000000000006921CC;21/12/22;7;0,071;R
ES0000000000006921CC;21/12/22;8;0,216;R
ES0000000000006921CC;21/12/22;9;0,406;R
ES0000000000006921CC;21/12/22;10;0,316;R
ES0000000000006921CC;21/12/22;11;0,219;R
ES0000000000006921CC;21/12/22;12;0,097;R
ES0000000000006921CC;21/12/22;13;0,18;R
ES0000000000006921CC;21/12/22;14;0,194;R
ES0000000000006921CC;21/12/22;15;0,34;R
ES0000000000006921CC;21/12/22;16;0,175;R
ES0000000000006921CC;21/12/22;17;0,128;R
ES0000000000006921CC;21/12/22;18;0,195;R
ES0000000000006921CC;21/12/22;19;0,222;R
ES0000000000006921CC;21/12/22;20;0,266;R
ES0000000000006921CC;21/12/22;21;0,159;R
ES0000000000006921CC;21/12/22;22;0,206;R
ES0000000000006921CC;21/12/22;23;0,218;R
ES0000000000006921CC;22/12/22;0;0,185;R
ES0000000000006921CC;22/12/22;1;0,137;R
ES0000000000006921CC;22/12/22;2;0,079;R
ES0000000000006921CC;22/12/22;3;0,088;R
ES0000000000006921CC;22/12/22;4;0,08;R
ES0000000000006921CC;22/12/22;5;0,16;R
ES0000000000006921CC;22/12/22;6;0,157;R
ES0000000000006921CC;22/12/22;7;0,063;R
ES0000000000006921CC;22/12/22;8;0,07;R
ES0000000000006921CC;22/12/22;9;0,178;R
ES0000000000006921CC;22/12/22;10;0,332;R
ES0000000000006921CC;22/12/22;11;0,238;R
ES0000000000006921CC;22/12/22;12;0,129;R
ES0000000000006921CC;22/12/22;13;0,189;R
ES0000000000006921CC;22/12/22;14;0,37;R
ES0000000000006921CC;22/12/22;15;0,427;R
ES0000000000006921CC;22/12/22;16;0,593;R
ES0000000000006921CC;22/12/22;17;0,229;R
ES0000000000006921CC;22/12/22;18;0,381;R
ES0000000000006921CC;22/12/22;19;0,313;R
ES0000000000006921CC;22/12/22;20;0,118;R
ES0000000000006921CC;22/12/22;21;0,144;R
ES0000000000006921CC;22/12/22;22;0,269;R
ES0000000000006921CC;22/12/22;23;0,206;R
ES0000000000006921CC;23/12/22;0;0,144;R
ES0000000000006921CC;23/12/22;1;0,783;R
ES0000000000006921CC;23/12/22;2;0,658;R
ES0000000000006921CC;23/12/22;3;0,119;R
ES0000000000006921CC;23/12/22;4;0,094;R
ES0000000000006921CC;23/12/22;5;0,171;R
ES0000000000006921CC;23/12/22;6;0,14;R
ES0000000000006921CC;23/12/22;7;0,09;R
ES0000000000006921CC;23/12/22;8;0,124;R
ES0000000000006921CC;23/12/22;9;0,18;R
ES0000000000006921CC;23/12/22;10;0,292;R
ES0000000000006921CC;23/12/22;11;0,283;R
ES0000000000006921CC;23/12/22;12;0,181;R
ES0000000000006921CC;23/12/22;13;0,155;R
ES0000000000006921CC;23/12/22;14;0,175;R
ES0000000000006921CC;23/12/22;15;0,177;R
ES0000000000006921CC;23/12/22;16;0,115;R
ES0000000000006921CC;23/12/22;17;0,568;R
ES0000000000006921CC;23/12/22;18;0,261;R
ES0000000000006921CC;23/12/22;19;0,214;R
ES0000000000006921CC;23/12/22;20;0,232;R
ES0000000000006921CC;23/12/22;21;0,189;R
ES0000000000006921CC;23/12/22;22;0,21;R
ES0000000000006921CC;23/12/22;23;0,215;R
ES0000000000006921CC;24/12/22;0;0,133;R
ES0000000000006921CC;24/12/22;1;0,087;R
ES0000000000006921CC;24/12/22;2;0,083;R
ES0000000000006921CC;24/12/22;3;0,077;R
ES0000000000006921CC;24/12/22;4;0,079;R
ES0000000000006921CC;24/12/22;5;0,05;R
ES0000000000006921CC;24/12/22;6;0,093;R
ES0000000000006921CC;24/12/22;7;0,082;R
ES0000000000006921CC;24/12/22;8;0,082;R
ES0000000000006921CC;24/12/22;9;0,225;R
ES0000000000006921CC;24/12/22;10;0,396;R
ES0000000000006921CC;24/12/22;11;0,224;R
ES0000000000006921CC;24/12/22;12;0,293;R
ES0000000000006921CC;24/12/22;13;0,428;R
ES0000000000006921CC;24/12/22;14;0,131;R
ES0000000000006921CC;24/12/22;15;0,735;R
ES0000000000006921CC;24/12/22;16;0,208;R
ES0000000000006921CC;24/12/22;17;1,617;R
ES0000000000006921CC;24/12/22;18;0,097;R
ES0000000000006921CC;24/12/22;19;0,276;R
ES0000000000006921CC;24/12/22;20;0,55;R
ES0000000000006921CC;24/12/22;21;0,423;R
ES0000000000006921CC;24/12/22;22;0,466;R
ES0000000000006921CC;24/12/22;23;0,538;R
ES0000000000006921CC;25/12/22;0;0,436;R
ES0000000000006921CC;25/12/22;1;0,461;R
ES0000000000006921CC;25/12/22;2;0,866;R
ES0000000000006921CC;25/12/22;3;0,689;R
ES0000000000006921CC;25/12/22;4;0,127;R
ES0000000000006921CC;25/12/22;5;0,113;R
ES0000000000006921CC;25/12/22;6;0,099;R
ES0000000000006921CC;25/12/22;7;0,099;R
ES0000000000006921CC;25/12/22;8;0,089;R
ES0000000000006921CC;25/12/22;9;0,112;R
ES0000000000006921CC;25/12/22;10;0,444;R
ES0000000000006921CC;25/12/22;11;1,105;R
ES0000000000006921CC;25/12/22;12;1,496;R
ES0000000000006921CC;25/12/22;13;1,758;R
ES0000000000006921CC;25/12/22;14;2,153;R
ES0000000000006921CC;25/12/22;15;0,402;R
ES0000000000006921CC;25/12/22;16;0,236;R
ES0000000000006921CC;25/12/22;17;0,292;R
ES0000000000006921CC;25/12/22;18;0,245;R
ES0000000000006921CC;25/12/22;19;1,238;R
ES0000000000006921CC;25/12/22;20;0,358;R
ES0000000000006921CC;25/12/22;21;0,344;R
ES0000000000006921CC;25/12/22;22;0,371;R
ES0000000000006921CC;25/12/22;23;1,641;R
ES0000000000006921CC;26/12/22;0;0,983;R
ES0000000000006921CC;26/12/22;1;1,124;R
ES0000000000006921CC;26/12/22;2;0,106;R
ES0000000000006921CC;26/12/22;3;0,097;R
ES0000000000006921CC;26/12/22;4;0,114;R
ES0000000000006921CC;26/12/22;5;0,096;R
ES0000000000006921CC;26/12/22;6;0,113;R
ES0000000000006921CC;26/12/22;7;0,092;R
ES0000000000006921CC;26/12/22;8;0,109;R
ES0000000000006921CC;26/12/22;9;0,338;R
ES0000000000006921CC;26/12/22;10;1,079;R
ES0000000000006921CC;26/12/22;11;1,183;R
ES0000000000006921CC;26/12/22;12;0,617;R
ES0000000000006921CC;26/12/22;13;0,399;R
ES0000000000006921CC;26/12/22;14;0,189;R
ES0000000000006921CC;26/12/22;15;0,295;R
ES0000000000006921CC;26/12/22;16;0,137;R
ES0000000000006921CC;26/12/22;17;0,17;R
ES0000000000006921CC;26/12/22;18;0,387;R
ES0000000000006921CC;26/12/22;19;0,178;R
ES0000000000006921CC;26/12/22;20;0,2;R
ES0000000000006921CC;26/12/22;21;0,162;R
ES0000000000006921CC;26/12/22;22;0,208;R
ES0000000000006921CC;26/12/22;23;0,236;R
ES0000000000006921CC;27/12/22;0;0,238;R
ES0000000000006921CC;27/12/22;1;0,725;R
ES0000000000006921CC;27/12/22;2;0,634;R
ES0000000000006921CC;27/12/22;3;0,186;R
ES0000000000006921CC;27/12/22;4;0,11;R
ES0000000000006921CC;27/12/22;5;0,098;R
ES0000000000006921CC;27/12/22;6;0,083;R
ES0000000000006921CC;27/12/22;7;0,097;R
ES0000000000006921CC;27/12/22;8;0,079;R
ES0000000000006921CC;27/12/22;9;0,118;R
ES0000000000006921CC;27/12/22;10;0,22;R
ES0000000000006921CC;27/12/22;11;0,365;R
ES0000000000006921CC;27/12/22;12;0,271;R
ES0000000000006921CC;27/12/22;13;0,207;R
ES0000000000006921CC;27/12/22;14;0,144;R
ES0000000000006921CC;27/12/22;15;0,205;R
ES0000000000006921CC;27/12/22;16;0,267;R
ES0000000000006921CC;27/12/22;17;0,188;R
ES0000000000006921CC;27/12/22;18;0,225;R
ES0000000000006921CC;27/12/22;19;0,251;R
ES0000000000006921CC;27/12/22;20;0,311;R
ES0000000000006921CC;27/12/22;21;0,265;R
ES0000000000006921CC;27/12/22;22;0,207;R
ES0000000000006921CC;27/12/22;23;0,109;R
ES0000000000006921CC;28/12/22;0;0,094;R
ES0000000000006921CC;28/12/22;1;0,068;R
ES0000000000006921CC;28/12/22;2;0,086;R
ES0000000000006921CC;28/12/22;3;0,067;R
ES0000000000006921CC;28/12/22;4;0,086;R
ES0000000000006921CC;28/12/22;5;0,068;R
ES0000000000006921CC;28/12/22;6;0,137;R
ES0000000000006921CC;28/12/22;7;0,112;R
ES0000000000006921CC;28/12/22;8;0,09;R
ES0000000000006921CC;28/12/22;9;0,073;R
ES0000000000006921CC;28/12/22;10;0,23;R
ES0000000000006921CC;28/12/22;11;0,309;R
ES0000000000006921CC;28/12/22;12;0,478;R
ES0000000000006921CC;28/12/22;13;0,286;R
ES0000000000006921CC;28/12/22;14;0,165;R
ES0000000000006921CC;28/12/22;15;0,262;R
ES0000000000006921CC;28/12/22;16;0,199;R
ES0000000000006921CC;28/12/22;17;0,207;R
ES0000000000006921CC;28/12/22;18;0,3;R
ES0000000000006921CC;28/12/22;19;0,262;R
ES0000000000006921CC;28/12/22;20;1,07;R
ES0000000000006921CC;28/12/22;21;0,474;R
ES0000000000006921CC;28/12/22;22;0,226;R
ES0000000000006921CC;28/12/22;23;0,306;R
ES0000000000006921CC;29/12/22;0;0,404;R
ES0000000000006921CC;29/12/22;1;0,751;R
ES0000000000006921CC;29/12/22;2;0,777;R
ES0000000000006921CC;29/12/22;3;0,112;R
ES0000000000006921CC;29/12/22;4;0,086;R
ES0000000000006921CC;29/12/22;5;0,078;R
ES0000000000006921CC;29/12/22;6;0,12;R
ES0000000000006921CC;29/12/22;7;0,066;R
ES0000000000006921CC;29/12/22;8;0,091;R
ES0000000000006921CC;29/12/22;9;0,091;R
ES0000000000006921CC;29/12/22;10;0,274;R
ES0000000000006921CC;29/12/22;11;0,617;R
ES0000000000006921CC;29/12/22;12;0,283;R
ES0000000000006921CC;29/12/22;13;0,273;R
ES0000000000006921CC;29/12/22;14;0,734;R
ES0000000000006921CC;29/12/22;15;0,358;R
ES0000000000006921CC;29/12/22;16;0,388;R
ES0000000000006921CC;29/12/22;17;0,353;R
ES0000000000006921CC;29/12/22;18;0,152;R
ES0000000000006921CC;29/12/22;19;0,285;R
ES0000000000006921CC;29/12/22;20;0,214;R
ES0000000000006921CC;29/12/22;21;0,155;R
ES0000000000006921CC;29/12/22;22;0,229;R
ES0000000000006921CC;29/12/22;23;0,219;R
ES0000000000006921CC;30/12/22;0;0,17;R
ES0000000000006921CC;30/12/22;1;0,663;R
ES0000000000006921CC;30/12/22;2;0,064;R
ES0000000000006921CC;30/12/22;3;0,725;R
ES0000000000006921CC;30/12/22;4;0,096;R
ES0000000000006921CC;30/12/22;5;0,166;R
ES0000000000006921CC;30/12/22;6;0,122;R
ES0000000000006921CC;30/12/22;7;0,065;R
ES0000000000006921CC;30/12/22;8;0,131;R
ES0000000000006921CC;30/12/22;9;0,134;R
ES0000000000006921CC;30/12/22;10;0,263;R
ES0000000000006921CC;30/12/22;11;0,354;R
ES0000000000006921CC;30/12/22;12;0,294;R
ES0000000000006921CC;30/12/22;13;0,083;R
ES0000000000006921CC;30/12/22;14;0,19;R
ES0000000000006921CC;30/12/22;15;0,166;R
ES0000000000006921CC;30/12/22;16;0,228;R
ES0000000000006921CC;30/12/22;17;0,238;R
ES0000000000006921CC;30/12/22;18;0,15;R
ES0000000000006921CC;30/12/22;19;0,22;R
ES0000000000006921CC;30/12/22;20;0,273;R
ES0000000000006921CC;30/12/22;21;0,204;R
ES0000000000006921CC;30/12/22;22;0,292;R
ES0000000000006921CC;30/12/22;23;0,258;R
ES0000000000006921CC;31/12/22;0;0,172;R
ES0000000000006921CC;31/12/22;1;0,092;R
ES0000000000006921CC;31/12/22;2;0,112;R
ES0000000000006921CC;31/12/22;3;0,097;R
ES0000000000006921CC;31/12/22;4;0,103;R
ES0000000000006921CC;31/12/22;5;0,095;R
ES0000000000006921CC;31/12/22;6;0,102;R
ES0000000000006921CC;31/12/22;7;0,139;R
ES0000000000006921CC;31/12/22;8;0,175;R
ES0000000000006921CC;31/12/22;9;0,155;R
ES0000000000006921CC;31/12/22;10;0,333;R
ES0000000000006921CC;31/12/22;11;0,291;R
ES0000000000006921CC;31/12/22;12;0,324;R
ES0000000000006921CC;31/12/22;13;1,182;R
ES0000000000006921CC;31/12/22;14;0,308;R
ES0000000000006921CC;31/12/22;15;0,252;R
ES0000000000006921CC;31/12/22;16;0,158;R
ES0000000000006921CC;31/12/22;17;0,162;R
ES0000000000006921CC;31/12/22;18;0,21;R
ES0000000000006921CC;31/12/22;19;0,22;R
ES0000000000006921CC;31/12/22;20;0,229;R
ES0000000000006921CC;31/12/22;21;0,542;R
ES0000000000006921CC;31/12/22;22;0,348;R
ES0000000000006921CC;31/12/22;23;0,28;R
ES0000000000006921CC;01/01/23;0;0,444;R
ES0000000000006921CC;01/01/23;1;0,295;R
ES0000000000006921CC;01/01/23;2;0,096;R
ES0000000000006921CC;01/01/23;3;0,072;R
ES0000000000006921CC;01/01/23;4;0,091;R
ES0000000000006921CC;01/01/23;5;0,077;R
ES0000000000006921CC;01/01/23;6;0,114;R
ES0000000000006921CC;01/01/23;7;0,075;R
ES0000000000006921CC;01/01/23;8;0,11;R
ES0000000000006921CC;01/01/23;9;0,138;R
ES0000000000006921CC;01/01/23;10;0,27;R
ES0000000000006921CC;01/01/23;11;0,275;R
ES0000000000006921CC;01/01/23;12;0,239;R
ES0000000000006921CC;01/01/23;13;0,678;R
ES0000000000006921CC;01/01/23;14;1,552;R
ES0000000000006921CC;01/01/23;15;1,232;R
ES0000000000006921CC;01/01/23;16;0,332;R
ES0000000000006921CC;01/01/23;17;0,143;R
ES0000000000006921CC;01/01/23;18;0,147;R
ES0000000000006921CC;01/01/23;19;0,145;R
ES0000000000006921CC;01/01/23;20;0,419;R
ES0000000000006921CC;01/01/23;21;0,236;R
ES0000000000006921CC;01/01/23;22;0,292;R
ES0000000000006921CC;01/01/23;23;0,249;R
ES0000000000006921CC;02/01/23;0;0,169;R
ES0000000000006921CC;02/01/23;1;0,156;R
ES0000000000006921CC;02/01/23;2;0,15;R
ES0000000000006921CC;02/01/23;3;0,077;R
ES0000000000006921CC;02/01/23;4;0,085;R
ES0000000000006921CC;02/01/23;5;0,081;R
ES0000000000006921CC;02/01/23;6;0,093;R
ES0000000000006921CC;02/01/23;7;0,078;R
ES0000000000006921CC;02/01/23;8;0,093;R
ES0000000000006921CC;02/01/23;9;0,172;R
ES0000000000006921CC;02/01/23;10;0,406;R
ES0000000000006921CC;02/01/23;11;0,344;R
ES0000000000006921CC;02/01/23;12;0,098;R
ES0000000000006921CC;02/01/23;13;0,133;R
ES0000000000006921CC;02/01/23;14;0,143;R
ES0000000000006921CC;02/01/23;15;0,348;R
ES0000000000006921CC;02/01/23;16;0,133;R
ES0000000000006921CC;02/01/23;17;0,218;R
ES0000000000006921CC;02/01/23;18;0,207;R
ES0000000000006921CC;02/01/23;19;0,217;R
ES0000000000006921CC;02/01/23;20;0,251;R
ES0000000000006921CC;02/01/23;21;0,182;R
ES0000000000006921CC;02/01/23;22;0,242;R
ES0000000000006921CC;02/01/23;23;0,254;R
ES0000000000006921CC;03/01/23;0;0,131;R
ES0000000000006921CC;03/01/23;1;0,105;R
ES0000000000006921CC;03/01/23;2;0,071;R
ES0000000000006921CC;03/01/23;3;0,139;R
ES0000000000006921CC;03/01/23;4;0,073;R
ES0000000000006921CC;03/01/23;5;0,105;R
ES0000000000006921CC;03/01/23;6;0,084;R
ES0000000000006921CC;03/01/23;7;0,099;R
ES0000000000006921CC;03/01/23;8;0,072;R
ES0000000000006921CC;03/01/23;9;0,17;R
ES0000000000006921CC;03/01/23;10;0,309;R
ES0000000000006921CC;03/01/23;11;0,374;R
ES0000000000006921CC;03/01/23;12;0,199;R
ES0000000000006921CC;03/01/23;13;0,197;R
ES0000000000006921CC;03/01/23;14;0,107;R
ES0000000000006921CC;03/01/23;15;0,138;R
ES0000000000006921CC;03/01/23;16;0,132;R
ES0000000000006921CC;03/01/23;17;0,115;R
ES0000000000006921CC;03/01/23;18;0,175;R
ES0000000000006921CC;03/01/23;19;0,275;R
ES0000000000006921CC;03/01/23;20;0,176;R
ES0000000000006921CC;03/01/23;21;0,211;R
ES0000000000006921CC;03/01/23;22;0,24;R
ES0000000000006921CC;03/01/23;23;0,256;R
ES0000000000006921CC;04/01/23;0;0,18;R
ES0000000000006921CC;04/01/23;1;0,144;R
ES0000000000006921CC;04/01/23;2;0,1;R
ES0000000000006921CC;04/01/23;3;0,111;R
ES0000000000006921CC;04/01/23;4;0,171;R
ES0000000000006921CC;04/01/23;5;0,081;R
ES0000000000006921CC;04/01/23;6;0,102;R
ES0000000000006921CC;04/01/23;7;0,077;R
ES0000000000006921CC;04/01/23;8;0,169;R
ES0000000000006921CC;04/01/23;9;0,143;R
ES0000000000006921CC;04/01/23;10;0,31;R
ES0000000000006921CC;04/01/23;11;0,19;R
ES0000000000006921CC;04/01/23;12;0,157;R
ES0000000000006921CC;04/01/23;13;0,12;R
ES0000000000006921CC;04/01/23;14;0,111;R
ES0000000000006921CC;04/01/23;15;0,754;R
ES0000000000006921CC;04/01/23;16;0,125;R
ES0000000000006921CC;04/01/23;17;0,138;R
ES0000000000006921CC;04/01/23;18;0,162;R
ES0000000000006921CC;04/01/23;19;0,157;R
ES0000000000006921CC;04/01/23;20;0,225;R
ES0000000000006921CC;04/01/23;21;0,291;R
ES0000000000006921CC;04/01/23;22;0,308;R
ES0000000000006921CC;04/01/23;23;0,249;R
ES0000000000006921CC;05/01/23;0;0,197;R
ES0000000000006921CC;05/01/23;1;0,416;R
ES0000000000006921CC;05/01/23;2;0,213;R
ES0000000000006921CC;05/01/23;3;0,119;R
ES0000000000006921CC;05/01/23;4;0,073;R
ES0000000000006921CC;05/01/23;5;0,091;R
ES0000000000006921CC;05/01/23;6;0,065;R
ES0000000000006921CC;05/01/23;7;0,087;R
ES0000000000006921CC;05/01/23;8;0,069;R
ES0000000000006921CC;05/01/23;9;0,161;R
ES0000000000006921CC;05/01/23;10;1,254;R
ES0000000000006921CC;05/01/23;11;0,266;R
ES0000000000006921CC;05/01/23;12;0,112;R
ES0000000000006921CC;05/01/23;13;0,161;R
ES0000000000006921CC;05/01/23;14;0,301;R
ES0000000000006921CC;05/01/23;15;0,236;R
ES0000000000006921CC;05/01/23;16;0,122;R
ES0000000000006921CC;05/01/23;17;0,189;R
ES0000000000006921CC;05/01/23;18;0,17;R
ES0000000000006921CC;05/01/23;19;0,146;R
ES0000000000006921CC;05/01/23;20;0,423;R
ES0000000000006921CC;05/01/23;21;0,217;R
ES0000000000006921CC;05/01/23;22;0,244;R
ES0000000000006921CC;05/01/23;23;0,198;R
ES0000000000006921CC;06/01/23;0;0,206;R
ES0000000000006921CC;06/01/23;1;0,154;R
ES0000000000006921CC;06/01/23;2;0,188;R
ES0000000000006921CC;06/01/23;3;0,095;R
ES0000000000006921CC;06/01/23;4;0,085;R
ES0000000000006921CC;06/01/23;5;0,07;R
ES0000000000006921CC;06/01/23;6;0,106;R
ES0000000000006921CC;06/01/23;7;0,089;R
ES0000000000006921CC;06/01/23;8;0,215;R
ES0000000000006921CC;06/01/23;9;0,207;R
ES0000000000006921CC;06/01/23;10;0,136;R
ES0000000000006921CC;06/01/23;11;0,2;R
ES0000000000006921CC;06/01/23;12;0,284;R
ES0000000000006921CC;06/01/23;13;0,108;R
ES0000000000006921CC;06/01/23;14;0,33;R
ES0000000000006921CC;06/01/23;15;0,174;R
ES0000000000006921CC;06/01/23;16;0,135;R
ES0000000000006921CC;06/01/23;17;0,181;R
ES0000000000006921CC;06/01/23;18;0,179;R
ES0000000000006921CC;06/01/23;19;0,128;R
ES0000000000006921CC;06/01/23;20;0,271;R
ES0000000000006921CC;06/01/23;21;0,286;R
ES0000000000006921CC;06/01/23;22;0,248;R
ES0000000000006921CC;06/01/23;23;0,377;R
ES0000000000006921CC;07/01/23;0;0,246;R
ES0000000000006921CC;07/01/23;1;0,105;R
ES0000000000006921CC;07/01/23;2;0,109;R
ES0000000000006921CC;07/01/23;3;0,087;R
ES0000000000006921CC;07/01/23;4;0,096;R
ES0000000000006921CC;07/01/23;5;0,099;R
ES0000000000006921CC;07/01/23;6;0,079;R
ES0000000000006921CC;07/01/23;7;0,094;R
ES0000000000006921CC;07/01/23;8;0,13;R
ES0000000000006921CC;07/01/23;9;0,147;R
ES0000000000006921CC;07/01/23;10;0,301;R
ES0000000000006921CC;07/01/23;11;0,295;R
ES0000000000006921CC;07/01/23;12;0,953;R
ES0000000000006921CC;07/01/23;13;0,197;R
ES0000000000006921CC;07/01/23;14;0,193;R
ES0000000000006921CC;07/01/23;15;1,15;R
ES0000000000006921CC;07/01/23;16;0,204;R
ES0000000000006921CC;07/01/23;17;0,134;R
ES0000000000006921CC;07/01/23;18;0,477;R
ES0000000000006921CC;07/01/23;19;0,223;R
ES0000000000006921CC;07/01/23;20;0,191;R
ES0000000000006921CC;07/01/23;21;0,247;R
ES0000000000006921CC;07/01/23;22;0,243;R
ES0000000000006921CC;07/01/23;23;0,254;R
ES0000000000006921CC;08/01/23;0;0,241;R
ES0000000000006921CC;08/01/23;1;0,138;R
ES0000000000006921CC;08/01/23;2;0,081;R
ES0000000000006921CC;08/01/23;3;0,103;R
ES0000000000006921CC;08/01/23;4;0,162;R
ES0000000000006921CC;08/01/23;5;0,162;R
ES0000000000006921CC;08/01/23;6;0,078;R
ES0000000000006921CC;08/01/23;7;0,116;R
ES0000000000006921CC;08/01/23;8;0,088;R
ES0000000000006921CC;08/01/23;9;0,183;R
ES0000000000006921CC;08/01/23;10;0,319;R
ES0000000000006921CC;08/01/23;11;0,22;R
ES0000000000006921CC;08/01/23;12;0,232;R
ES0000000000006921CC;08/01/23;13;0,096;R
ES0000000000006921CC;08/01/23;14;0,928;R
ES0000000000006921CC;08/01/23;15;0,181;R
ES0000000000006921CC;08/01/23;16;0,246;R
ES0000000000006921CC;08/01/23;17;0,769;R
ES0000000000006921CC;08/01/23;18;0,719;R
ES0000000000006921CC;08/01/23;19;0,135;R
ES0000000000006921CC;08/01/23;20;0,404;R
ES0000000000006921CC;08/01/23;21;0,218;R
ES0000000000006921CC;08/01/23;22;0,209;R
ES0000000000006921CC;08/01/23;23;0,201;R
ES0000000000006921CC;09/01/23;0;0,257;R
ES0000000000006921CC;09/01/23;1;0,097;R
ES0000000000006921CC;09/01/23;2;0,104;R
ES0000000000006921CC;09/01/23;3;0,078;R
ES0000000000006921CC;09/01/23;4;0,104;R
ES0000000000006921CC;09/01/23;5;0,078;R
ES0000000000006921CC;09/01/23;6;0,101;R
ES0000000000006921CC;09/01/23;7;0,074;R
ES0000000000006921CC;09/01/23;8;0,096;R
ES0000000000006921CC;09/01/23;9;0,143;R
ES0000000000006921CC;09/01/23;10;0,313;R
ES0000000000006921CC;09/01/23;11;0,301;R
ES0000000000006921CC;09/01/23;12;0,129;R
ES0000000000006921CC;09/01/23;13;0,184;R
ES0000000000006921CC;09/01/23;14;0,19;R
ES0000000000006921CC;09/01/23;15;0,249;R
ES0000000000006921CC;09/01/23;16;0,128;R
ES0000000000006921CC;09/01/23;17;0,244;R
ES0000000000006921CC;09/01/23;18;0,113;R
ES0000000000006921CC;09/01/23;19;0,166;R
ES0000000000006921CC;09/01/23;20;0,313;R
ES0000000000006921CC;09/01/23;21;0,188;R
ES0000000000006921CC;09/01/23;22;0,237;R
ES0000000000006921CC;09/01/23;23;0,147;R
ES0000000000006921CC;10/01/23;0;0,255;R
ES0000000000006921CC;10/01/23;1;0,12;R
ES0000000000006921CC;10/01/23;2;0,087;R
ES0000000000006921CC;10/01/23;3;0,081;R
ES0000000000006921CC;10/01/23;4;0,101;R
ES0000000000006921CC;10/01/23;5;0,076;R
ES0000000000006921CC;10/01/23;6;0,16;R
ES0000000000006921CC;10/01/23;7;0,136;R
ES0000000000006921CC;10/01/23;8;0,097;R
ES0000000000006921CC;10/01/23;9;0,146;R
ES0000000000006921CC;10/01/23;10;0,31;R
ES0000000000006921CC;10/01/23;11;0,285;R
ES0000000000006921CC;10/01/23;12;0,195;R
ES0000000000006921CC;10/01/23;13;0,683;R
ES0000000000006921CC;10/01/23;14;0,367;R
ES0000000000006921CC;10/01/23;15;0,194;R
ES0000000000006921CC;10/01/23;16;0,11;R
ES0000000000006921CC;10/01/23;17;0,132;R
ES0000000000006921CC;10/01/23;18;0,166;R
ES0000000000006921CC;10/01/23;19;0,176;R
ES0000000000006921CC;10/01/23;20;0,164;R
ES0000000000006921CC;10/01/23;21;0,181;R
ES0000000000006921CC;10/01/23;22;0,215;R
ES0000000000006921CC;10/01/23;23;0,231;R
ES0000000000006921CC;11/01/23;0;0,265;R
ES0000000000006921CC;11/01/23;1;0,178;R
ES0000000000006921CC;11/01/23;2;0,139;R
ES0000000000006921CC;11/01/23;3;0,104;R
ES0000000000006921CC;11/01/23;4;0,07;R
ES0000000000006921CC;11/01/23;5;0,098;R
ES0000000000006921CC;11/01/23;6;0,07;R
ES0000000000006921CC;11/01/23;7;0,097;R
ES0000000000006921CC;11/01/23;8;0,148;R
ES0000000000006921CC;11/01/23;9;0,151;R
ES0000000000006921CC;11/01/23;10;0,322;R
ES0000000000006921CC;11/01/23;11;0,299;R
ES0000000000006921CC;11/01/23;12;0,386;R
ES0000000000006921CC;11/01/23;13;0,103;R
ES0000000000006921CC;11/01/23;14;0,132;R
ES0000000000006921CC;11/01/23;15;0,348;R
ES0000000000006921CC;11/01/23;16;0,12;R
ES0000000000006921CC;11/01/23;17;0,173;R
ES0000000000006921CC;11/01/23;18;0,197;R
ES0000000000006921CC;11/01/23;19;0,314;R
ES0000000000006921CC;11/01/23;20;0,148;R
ES0000000000006921CC;11/01/23;21;0,274;R
ES0000000000006921CC;11/01/23;22;0,228;R
ES0000000000006921CC;11/01/23;23;0,238;R
ES0000000000006921CC;12/01/23;0;0,219;R
ES0000000000006921CC;12/01/23;1;0,747;R
ES0000000000006921CC;12/01/23;2;0,687;R
ES0000000000006921CC;12/01/23;3;0,081;R
ES0000000000006921CC;12/01/23;4;0,095;R
ES0000000000006921CC;12/01/23;5;0,079;R
ES0000000000006921CC;12/01/23;6;0,092;R
ES0000000000006921CC;12/01/23;7;0,078;R
ES0000000000006921CC;12/01/23;8;0,09;R
ES0000000000006921CC;12/01/23;9;0,146;R
ES0000000000006921CC;12/01/23;10;0,321;R
ES0000000000006921CC;12/01/23;11;0,175;R
ES0000000000006921CC;12/01/23;12;0,297;R
ES0000000000006921CC;12/01/23;13;0,172;R
ES0000000000006921CC;12/01/23;14;0,143;R
ES0000000000006921CC;12/01/23;15;0,255;R
ES0000000000006921CC;12/01/23;16;0,11;R
ES0000000000006921CC;12/01/23;17;0,133;R
ES0000000000006921CC;12/01/23;18;0,152;R
ES0000000000006921CC;12/01/23;19;0,199;R
ES0000000000006921CC;12/01/23;20;0,224;R
ES0000000000006921CC;12/01/23;21;0,212;R
ES0000000000006921CC;12/01/23;22;0,213;R
ES0000000000006921CC;12/01/23;23;0,265;R
ES0000000000006921CC;13/01/23;0;0,221;R
ES0000000000006921CC;13/01/23;1;0,143;R
ES0000000000006921CC;13/01/23;2;0,11;R
ES0000000000006921CC;13/01/23;3;0,094;R
ES0000000000006921CC;13/01/23;4;0,158;R
ES0000000000006921CC;13/01/23;5;0,148;R
ES0000000000006921CC;13/01/23;6;0,083;R
ES0000000000006921CC;13/01/23;7;0,092;R
ES0000000000006921CC;13/01/23;8;0,124;R
ES0000000000006921CC;13/01/23;9;0,195;R
ES0000000000006921CC;13/01/23;10;0,279;R
ES0000000000006921CC;13/01/23;11;0,182;R
ES0000000000006921CC;13/01/23;12;0,236;R
ES0000000000006921CC;13/01/23;13;0,114;R
ES0000000000006921CC;13/01/23;14;0,14;R
ES0000000000006921CC;13/01/23;15;0,148;R
ES0000000000006921CC;13/01/23;16;0,14;R
ES0000000000006921CC;13/01/23;17;0,186;R
ES0000000000006921CC;13/01/23;18;0,15;R
ES0000000000006921CC;13/01/23;19;0,129;R
ES0000000000006921CC;13/01/23;20;0,354;R
ES0000000000006921CC;13/01/23;21;0,229;R
ES0000000000006921CC;13/01/23;22;0,293;R
ES0000000000006921CC;13/01/23;23;0,321;R
ES0000000000006921CC;14/01/23;0;0,265;R
ES0000000000006921CC;14/01/23;1;0,131;R
ES0000000000006921CC;14/01/23;2;0,075;R
ES0000000000006921CC;14/01/23;3;0,096;R
ES0000000000006921CC;14/01/23;4;0,071;R
ES0000000000006921CC;14/01/23;5;0,094;R
ES0000000000006921CC;14/01/23;6;0,068;R
ES0000000000006921CC;14/01/23;7;0,092;R
ES0000000000006921CC;14/01/23;8;0,214;R
ES0000000000006921CC;14/01/23;9;0,449;R
ES0000000000006921CC;14/01/23;10;0,864;R
ES0000000000006921CC;14/01/23;11;0,203;R
ES0000000000006921CC;14/01/23;12;0,599;R
ES0000000000006921CC;14/01/23;13;0,497;R
ES0000000000006921CC;14/01/23;14;0,173;R
ES0000000000006921CC;14/01/23;15;0,163;R
ES0000000000006921CC;14/01/23;16;0,211;R
ES0000000000006921CC;14/01/23;17;0,239;R
ES0000000000006921CC;14/01/23;18;0,167;R
ES0000000000006921CC;14/01/23;19;0,107;R
ES0000000000006921CC;14/01/23;20;0,203;R
ES0000000000006921CC;14/01/23;21;0,222;R
ES0000000000006921CC;14/01/23;22;0,222;R
ES0000000000006921CC;14/01/23;23;0,212;R
ES0000000000006921CC;15/01/23;0;0,282;R
ES0000000000006921CC;15/01/23;1;0,117;R
ES0000000000006921CC;15/01/23;2;0,097;R
ES0000000000006921CC;15/01/23;3;0,076;R
ES0000000000006921CC;15/01/23;4;0,094;R
ES0000000000006921CC;15/01/23;5;0,075;R
ES0000000000006921CC;15/01/23;6;0,09;R
ES0000000000006921CC;15/01/23;7;0,076;R
ES0000000000006921CC;15/01/23;8;0,091;R
ES0000000000006921CC;15/01/23;9;0,148;R
ES0000000000006921CC;15/01/23;10;0,321;R
ES0000000000006921CC;15/01/23;11;0,321;R
ES0000000000006921CC;15/01/23;12;0,222;R
ES0000000000006921CC;15/01/23;13;0,174;R
ES0000000000006921CC;15/01/23;14;0,532;R
ES0000000000006921CC;15/01/23;15;0,371;R
ES0000000000006921CC;15/01/23;16;0,18;R
ES0000000000006921CC;15/01/23;17;0,72;R
ES0000000000006921CC;15/01/23;18;0,689;R
ES0000000000006921CC;15/01/23;19;0,523;R
ES0000000000006921CC;15/01/23;20;0,234;R
ES0000000000006921CC;15/01/23;21;0,219;R
ES0000000000006921CC;15/01/23;22;0,252;R
ES0000000000006921CC;15/01/23;23;0,16;R
ES0000000000006921CC;16/01/23;0;0,169;R
ES0000000000006921CC;16/01/23;1;0,151;R
ES0000000000006921CC;16/01/23;2;0,108;R
ES0000000000006921CC;16/01/23;3;0,167;R
ES0000000000006921CC;16/01/23;4;0,17;R
ES0000000000006921CC;16/01/23;5;0,091;R
ES0000000000006921CC;16/01/23;6;0,093;R
ES0000000000006921CC;16/01/23;7;0,089;R
ES0000000000006921CC;16/01/23;8;0,113;R
ES0000000000006921CC;16/01/23;9;0,194;R
ES0000000000006921CC;16/01/23;10;0,283;R
ES0000000000006921CC;16/01/23;11;0,383;R
ES0000000000006921CC;16/01/23;12;0,099;R
ES0000000000006921CC;16/01/23;13;0,108;R
ES0000000000006921CC;16/01/23;14;0,123;R
ES0000000000006921CC;16/01/23;15;0,21;R
ES0000000000006921CC;16/01/23;16;0,092;R
ES0000000000006921CC;16/01/23;17;0,284;R
ES0000000000006921CC;16/01/23;18;0,14;R
ES0000000000006921CC;16/01/23;19;0,168;R
ES0000000000006921CC;16/01/23;20;0,249;R
ES0000000000006921CC;16/01/23;21;0,174;R
ES0000000000006921CC;16/01/23;22;0,313;R
ES0000000000006921CC;16/01/23;23;0,22;R
ES0000000000006921CC;17/01/23;0;0,27;R
ES0000000000006921CC;17/01/23;1;0,131;R
ES0000000000006921CC;17/01/23;2;0,096;R
ES0000000000006921CC;17/01/23;3;0,076;R
ES0000000000006921CC;17/01/23;4;0,102;R
ES0000000000006921CC;17/01/23;5;0,069;R
ES0000000000006921CC;17/01/23;6;0,106;R
ES0000000000006921CC;17/01/23;7;0,08;R
ES0000000000006921CC;17/01/23;8;0,08;R
ES0000000000006921CC;17/01/23;9;0,177;R
ES0000000000006921CC;17/01/23;10;0,328;R
ES0000000000006921CC;17/01/23;11;0,348;R
ES0000000000006921CC;17/01/23;12;0,085;R
ES0000000000006921CC;17/01/23;13;0,102;R
ES0000000000006921CC;17/01/23;14;0,117;R
ES0000000000006921CC;17/01/23;15;0,172;R
ES0000000000006921CC;17/01/23;16;0,222;R
ES0000000000006921CC;17/01/23;17;0,19;R
ES0000000000006921CC;17/01/23;18;0,193;R
ES0000000000006921CC;17/01/23;19;0,188;R
ES0000000000006921CC;17/01/23;20;0,212;R
ES0000000000006921CC;17/01/23;21;0,159;R
ES0000000000006921CC;17/01/23;22;0,207;R
ES0000000000006921CC;17/01/23;23;0,289;R
ES0000000000006921CC;18/01/23;0;0,19;R
ES0000000000006921CC;18/01/23;1;0,137;R
ES0000000000006921CC;18/01/23;2;0,069;R
ES0000000000006921CC;18/01/23;3;0,095;R
ES0000000000006921CC;18/01/23;4;0,069;R
ES0000000000006921CC;18/01/23;5;0,094;R
ES0000000000006921CC;18/01/23;6;0,073;R
ES0000000000006921CC;18/01/23;7;0,137;R
ES0000000000006921CC;18/01/23;8;0,145;R
ES0000000000006921CC;18/01/23;9;0,144;R
ES0000000000006921CC;18/01/23;10;0,414;R
ES0000000000006921CC;18/01/23;11;0,296;R
ES0000000000006921CC;18/01/23;12;0,265;R
ES0000000000006921CC;18/01/23;13;0,114;R
ES0000000000006921CC;18/01/23;14;0,215;R
ES0000000000006921CC;18/01/23;15;0,169;R
ES0000000000006921CC;18/01/23;16;0,836;R
ES0000000000006921CC;18/01/23;17;0,229;R
ES0000000000006921CC;18/01/23;18;0,498;R
ES0000000000006921CC;18/01/23;19;0,183;R
ES0000000000006921CC;18/01/23;20;0,229;R
ES0000000000006921CC;18/01/23;21;0,319;R
ES0000000000006921CC;18/01/23;22;0,241;R
ES0000000000006921CC;18/01/23;23;0,215;R
ES0000000000006921CC;19/01/23;0;0,245;R
ES0000000000006921CC;19/01/23;1;0,144;R
ES0000000000006921CC;19/01/23;2;0,086;R
ES0000000000006921CC;19/01/23;3;0,165;R
ES0000000000006921CC;19/01/23;4;0,165;R
ES0000000000006921CC;19/01/23;5;0,086;R
ES0000000000006921CC;19/01/23;6;0,143;R
ES0000000000006921CC;19/01/23;7;0,125;R
ES0000000000006921CC;19/01/23;8;0,087;R
ES0000000000006921CC;19/01/23;9;0,15;R
ES0000000000006921CC;19/01/23;10;0,318;R
ES0000000000006921CC;19/01/23;11;0,221;R
ES0000000000006921CC;19/01/23;12;0,211;R
ES0000000000006921CC;19/01/23;13;0,117;R
ES0000000000006921CC;19/01/23;14;0,19;R
ES0000000000006921CC;19/01/23;15;0,198;R
ES0000000000006921CC;19/01/23;16;0,107;R
ES0000000000006921CC;19/01/23;17;0,145;R
ES0000000000006921CC;19/01/23;18;0,215;R
ES0000000000006921CC;19/01/23;19;0,217;R
ES0000000000006921CC;19/01/23;20;0,371;R
ES0000000000006921CC;19/01/23;21;0,284;R
ES0000000000006921CC;19/01/23;22;0,286;R
ES0000000000006921CC;19/01/23;23;0,29;R
ES0000000000006921CC;20/01/23;0;0,236;R
ES0000000000006921CC;20/01/23;1;0,736;R
ES0000000000006921CC;20/01/23;2;0,659;R
ES0000000000006921CC;20/01/23;3;0,098;R
ES0000000000006921CC;20/01/23;4;0,09;R
ES0000000000006921CC;20/01/23;5;0,075;R
ES0000000000006921CC;20/01/23;6;0,067;R
ES0000000000006921CC;20/01/23;7;0,076;R
ES0000000000006921CC;20/01/23;8;0,16;R
ES0000000000006921CC;20/01/23;9;0,197;R
ES0000000000006921CC;20/01/23;10;0,259;R
ES0000000000006921CC;20/01/23;11;0,348;R
ES0000000000006921CC;20/01/23;12;0,098;R
ES0000000000006921CC;20/01/23;13;0,298;R
ES0000000000006921CC;20/01/23;14;0,196;R
ES0000000000006921CC;20/01/23;15;0,389;R
ES0000000000006921CC;20/01/23;16;0,118;R
ES0000000000006921CC;20/01/23;17;0,241;R
ES0000000000006921CC;20/01/23;18;0,123;R
ES0000000000006921CC;20/01/23;19;0,266;R
ES0000000000006921CC;20/01/23;20;0,159;R
ES0000000000006921CC;20/01/23;21;0,17;R
ES0000000000006921CC;20/01/23;22;0,159;R
ES0000000000006921CC;20/01/23;23;0,164;R
ES0000000000006921CC;21/01/23;0;0,136;R
ES0000000000006921CC;21/01/23;1;0,153;R
ES0000000000006921CC;21/01/23;2;0,082;R
ES0000000000006921CC;21/01/23;3;0,082;R
ES0000000000006921CC;21/01/23;4;0,086;R
ES0000000000006921CC;21/01/23;5;0,08;R
ES0000000000006921CC;21/01/23;6;0,087;R
ES0000000000006921CC;21/01/23;7;0,087;R
ES0000000000006921CC;21/01/23;8;0,144;R
ES0000000000006921CC;21/01/23;9;0,232;R
ES0000000000006921CC;21/01/23;10;0,301;R
ES0000000000006921CC;21/01/23;11;0,299;R
ES0000000000006921CC;21/01/23;12;0,141;R
ES0000000000006921CC;21/01/23;13;0,779;R
ES0000000000006921CC;21/01/23;14;0,518;R
ES0000000000006921CC;21/01/23;15;0,949;R
ES0000000000006921CC;21/01/23;16;0,121;R
ES0000000000006921CC;21/01/23;17;0,116;R
ES0000000000006921CC;21/01/23;18;0,112;R
ES0000000000006921CC;21/01/23;19;0,126;R
ES0000000000006921CC;21/01/23;20;0,317;R
ES0000000000006921CC;21/01/23;21;0,221;R
ES0000000000006921CC;21/01/23;22;0,228;R
ES0000000000006921CC;21/01/23;23;0,174;R
ES0000000000006921CC;22/01/23;0;0,218;R
ES0000000000006921CC;22/01/23;1;0,16;R
ES0000000000006921CC;22/01/23;2;0,159;R
ES0000000000006921CC;22/01/23;3;0,083;R
ES0000000000006921CC;22/01/23;4;0,09;R
ES0000000000006921CC;22/01/23;5;0,085;R
ES0000000000006921CC;22/01/23;6;0,089;R
ES0000000000006921CC;22/01/23;7;0,127;R
ES0000000000006921CC;22/01/23;8;0,123;R
ES0000000000006921CC;22/01/23;9;0,159;R
ES0000000000006921CC;22/01/23;10;0,327;R
ES0000000000006921CC;22/01/23;11;0,335;R
ES0000000000006921CC;22/01/23;12;0,093;R
ES0000000000006921CC;22/01/23;13;0,223;R
ES0000000000006921CC;22/01/23;14;0,213;R
ES0000000000006921CC;22/01/23;15;0,362;R
ES0000000000006921CC;22/01/23;16;0,143;R
ES0000000000006921CC;22/01/23;17;0,117;R
ES0000000000006921CC;22/01/23;18;0,155;R
ES0000000000006921CC;22/01/23;19;0,336;R
ES0000000000006921CC;22/01/23;20;0,243;R
ES0000000000006921CC;22/01/23;21;0,485;R
ES0000000000006921CC;22/01/23;22;0,206;R
ES0000000000006921CC;22/01/23;23;0,207;R
ES0000000000006921CC;23/01/23;0;0,243;R
ES0000000000006921CC;23/01/23;1;0,139;R
ES0000000000006921CC;23/01/23;2;0,093;R
ES0000000000006921CC;23/01/23;3;0,088;R
ES0000000000006921CC;23/01/23;4;0,086;R
ES0000000000006921CC;23/01/23;5;0,08;R
ES0000000000006921CC;23/01/23;6;0,095;R
ES0000000000006921CC;23/01/23;7;0,147;R
ES0000000000006921CC;23/01/23;8;0,078;R
ES0000000000006921CC;23/01/23;9;0,195;R
ES0000000000006921CC;23/01/23;10;0,29;R
ES0000000000006921CC;23/01/23;11;0,366;R
ES0000000000006921CC;23/01/23;12;0,111;R
ES0000000000006921CC;23/01/23;13;0,171;R
ES0000000000006921CC;23/01/23;14;0,184;R
ES0000000000006921CC;23/01/23;15;0,167;R
ES0000000000006921CC;23/01/23;16;0,13;R
ES0000000000006921CC;23/01/23;17;0,15;R
ES0000000000006921CC;23/01/23;18;0,181;R
ES0000000000006921CC;23/01/23;19;0,254;R
ES0000000000006921CC;23/01/23;20;0,205;R
ES0000000000006921CC;23/01/23;21;0,3;R
ES0000000000006921CC;23/01/23;22;0,266;R
ES0000000000006921CC;23/01/23;23;0,22;R
ES0000000000006921CC;24/01/23;0;0,303;R
ES0000000000006921CC;24/01/23;1;0,647;R
ES0000000000006921CC;24/01/23;2;0,358;R
ES0000000000006921CC;24/01/23;3;0,57;R
ES0000000000006921CC;24/01/23;4;0,088;R
ES0000000000006921CC;24/01/23;5;0,061;R
ES0000000000006921CC;24/01/23;6;0,217;R
ES0000000000006921CC;24/01/23;7;0,194;R
ES0000000000006921CC;24/01/23;8;0,222;R
ES0000000000006921CC;24/01/23;9;0,468;R
ES0000000000006921CC;24/01/23;10;0,264;R
ES0000000000006921CC;24/01/23;11;0,227;R
ES0000000000006921CC;24/01/23;12;0,115;R
ES0000000000006921CC;24/01/23;13;0,148;R
ES0000000000006921CC;24/01/23;14;0,104;R
ES0000000000006921CC;24/01/23;15;0,174;R
ES0000000000006921CC;24/01/23;16;0,186;R
ES0000000000006921CC;24/01/23;17;0,375;R
ES0000000000006921CC;24/01/23;18;0,142;R
ES0000000000006921CC;24/01/23;19;0,156;R
ES0000000000006921CC;24/01/23;20;0,248;R
ES0000000000006921CC;24/01/23;21;0,152;R
ES0000000000006921CC;24/01/23;22;0,129;R
ES0000000000006921CC;24/01/23;23;0,237;R
ES0000000000006921CC;25/01/23;0;0,147;R
ES0000000000006921CC;25/01/23;1;0,15;R
ES0000000000006921CC;25/01/23;2;0,155;R
ES0000000000006921CC;25/01/23;3;0,092;R
ES0000000000006921CC;25/01/23;4;0,075;R
ES0000000000006921CC;25/01/23;5;0,157;R
ES0000000000006921CC;25/01/23;6;0,089;R
ES0000000000006921CC;25/01/23;7;0,082;R
ES0000000000006921CC;25/01/23;8;0,127;R
ES0000000000006921CC;25/01/23;9;0,149;R
ES0000000000006921CC;25/01/23;10;0,27;R
ES0000000000006921CC;25/01/23;11;0,263;R
ES0000000000006921CC;25/01/23;12;0,174;R
ES0000000000006921CC;25/01/23;13;0,106;R
ES0000000000006921CC;25/01/23;14;0,115;R
ES0000000000006921CC;25/01/23;15;0,21;R
ES0000000000006921CC;25/01/23;16;0,129;R
ES0000000000006921CC;25/01/23;17;0,12;R
ES0000000000006921CC;25/01/23;18;0,156;R
ES0000000000006921CC;25/01/23;19;0,148;R
ES0000000000006921CC;25/01/23;20;0,26;R
ES0000000000006921CC;25/01/23;21;0,331;R
ES0000000000006921CC;25/01/23;22;0,131;R
ES0000000000006921CC;25/01/23;23;0,205;R
ES0000000000006921CC;26/01/23;0;0,272;R
ES0000000000006921CC;26/01/23;1;0,097;R
ES0000000000006921CC;26/01/23;2;0,096;R
ES0000000000006921CC;26/01/23;3;0,079;R
ES0000000000006921CC;26/01/23;4;0,086;R
ES0000000000006921CC;26/01/23;5;0,094;R
ES0000000000006921CC;26/01/23;6;0,142;R
ES0000000000006921CC;26/01/23;7;0,075;R
ES0000000000006921CC;26/01/23;8;0,084;R
ES0000000000006921CC;26/01/23;9;0,149;R
ES0000000000006921CC;26/01/23;10;0,281;R
ES0000000000006921CC;26/01/23;11;0,259;R
ES0000000000006921CC;26/01/23;12;0,173;R
ES0000000000006921CC;26/01/23;13;0,147;R
ES0000000000006921CC;26/01/23;14;0,26;R
ES0000000000006921CC;26/01/23;15;0,271;R
ES0000000000006921CC;26/01/23;16;0,163;R
ES0000000000006921CC;26/01/23;17;0,151;R
ES0000000000006921CC;26/01/23;18;0,176;R
ES0000000000006921CC;26/01/23;19;0,169;R
ES0000000000006921CC;26/01/23;20;0,245;R
ES0000000000006921CC;26/01/23;21;0,168;R
ES0000000000006921CC;26/01/23;22;0,17;R
ES0000000000006921CC;26/01/23;23;0,174;R
ES0000000000006921CC;27/01/23;0;0,22;R
ES0000000000006921CC;27/01/23;1;0,103;R
ES0000000000006921CC;27/01/23;2;0,089;R
ES0000000000006921CC;27/01/23;3;0,075;R
ES0000000000006921CC;27/01/23;4;0,092;R
ES0000000000006921CC;27/01/23;5;0,125;R
ES0000000000006921CC;27/01/23;6;0,123;R
ES0000000000006921CC;27/01/23;7;0,074;R
ES0000000000006921CC;27/01/23;8;0,119;R
ES0000000000006921CC;27/01/23;9;0,195;R
ES0000000000006921CC;27/01/23;10;0,308;R
ES0000000000006921CC;27/01/23;11;0,309;R
ES0000000000006921CC;27/01/23;12;0,144;R
ES0000000000006921CC;27/01/23;13;0,101;R
ES0000000000006921CC;27/01/23;14;0,082;R
ES0000000000006921CC;27/01/23;15;0,308;R
ES0000000000006921CC;27/01/23;16;0,139;R
ES0000000000006921CC;27/01/23;17;0,185;R
ES0000000000006921CC;27/01/23;18;0,159;R
ES0000000000006921CC;27/01/23;19;0,257;R
ES0000000000006921CC;27/01/23;20;0,164;R
ES0000000000006921CC;27/01/23;21;0,191;R
ES0000000000006921CC;27/01/23;22;0,16;R
ES0000000000006921CC;27/01/23;23;0,184;R
ES0000000000006921CC;28/01/23;0;0,219;R
ES0000000000006921CC;28/01/23;1;0,101;R
ES0000000000006921CC;28/01/23;2;0,072;R
ES0000000000006921CC;28/01/23;3;0,164;R
ES0000000000006921CC;28/01/23;4;0,14;R
ES0000000000006921CC;28/01/23;5;0,136;R
ES0000000000006921CC;28/01/23;6;0,129;R
ES0000000000006921CC;28/01/23;7;0,088;R
ES0000000000006921CC;28/01/23;8;0,085;R
ES0000000000006921CC;28/01/23;9;0,168;R
ES0000000000006921CC;28/01/23;10;0,26;R
ES0000000000006921CC;28/01/23;11;0,25;R
ES0000000000006921CC;28/01/23;12;0,19;R
ES0000000000006921CC;28/01/23;13;0,108;R
ES0000000000006921CC;28/01/23;14;0,234;R
ES0000000000006921CC;28/01/23;15;0,332;R
ES0000000000006921CC;28/01/23;16;0,12;R
ES0000000000006921CC;28/01/23;17;0,781;R
ES0000000000006921CC;28/01/23;18;0,772;R
ES0000000000006921CC;28/01/23;19;0,129;R
ES0000000000006921CC;28/01/23;20;0,127;R
ES0000000000006921CC;28/01/23;21;0,42;R
ES0000000000006921CC;28/01/23;22;0,214;R
ES0000000000006921CC;28/01/23;23;0,13;R
ES0000000000006921CC;29/01/23;0;0,163;R
ES0000000000006921CC;29/01/23;1;0,089;R
ES0000000000006921CC;29/01/23;2;0,087;R
ES0000000000006921CC;29/01/23;3;0,081;R
ES0000000000006921CC;29/01/23;4;0,133;R
ES0000000000006921CC;29/01/23;5;0,081;R
ES0000000000006921CC;29/01/23;6;0,087;R
ES0000000000006921CC;29/01/23;7;0,128;R
ES0000000000006921CC;29/01/23;8;0,086;R
ES0000000000006921CC;29/01/23;9;0,143;R
ES0000000000006921CC;29/01/23;10;0,162;R
ES0000000000006921CC;29/01/23;11;0,326;R
ES0000000000006921CC;29/01/23;12;0,282;R
ES0000000000006921CC;29/01/23;13;0,127;R
ES0000000000006921CC;29/01/23;14;0,492;R
ES0000000000006921CC;29/01/23;15;0,134;R
ES0000000000006921CC;29/01/23;16;0,194;R
ES0000000000006921CC;29/01/23;17;0,168;R
ES0000000000006921CC;29/01/23;18;0,205;R
ES0000000000006921CC;29/01/23;19;0,14;R
ES0000000000006921CC;29/01/23;20;0,154;R
ES0000000000006921CC;29/01/23;21;0,156;R
ES0000000000006921CC;29/01/23;22;0,155;R
ES0000000000006921CC;29/01/23;23;0,169;R
ES0000000000006921CC;30/01/23;0;0,198;R
ES0000000000006921CC;30/01/23;1;0,097;R
ES0000000000006921CC;30/01/23;2;0,092;R
ES0000000000006921CC;30/01/23;3;0,064;R
ES0000000000006921CC;30/01/23;4;0,14;R
ES0000000000006921CC;30/01/23;5;0,062;R
ES0000000000006921CC;30/01/23;6;0,119;R
ES0000000000006921CC;30/01/23;7;0,083;R
ES0000000000006921CC;30/01/23;8;0,089;R
ES0000000000006921CC;30/01/23;9;0,137;R
ES0000000000006921CC;30/01/23;10;0,349;R
ES0000000000006921CC;30/01/23;11;0,305;R
ES0000000000006921CC;30/01/23;12;0,367;R
ES0000000000006921CC;30/01/23;13;0,097;R
ES0000000000006921CC;30/01/23;14;0,291;R
ES0000000000006921CC;30/01/23;15;0,152;R
ES0000000000006921CC;30/01/23;16;0,109;R
ES0000000000006921CC;30/01/23;17;0,115;R
ES0000000000006921CC;30/01/23;18;0,106;R
ES0000000000006921CC;30/01/23;19;0,235;R
ES0000000000006921CC;30/01/23;20;0,336;R
ES0000000000006921CC;30/01/23;21;0,18;R
ES0000000000006921CC;30/01/23;22;0,212;R
ES0000000000006921CC;30/01/23;23;0,314;R
ES0000000000006921CC;31/01/23;0;0,175;R
ES0000000000006921CC;31/01/23;1;0,098;R
ES0000000000006921CC;31/01/23;2;0,075;R
ES0000000000006921CC;31/01/23;3;0,096;R
ES0000000000006921CC;31/01/23;4;0,189;R
ES0000000000006921CC;31/01/23;5;0,181;R
ES0000000000006921CC;31/01/23;6;0,119;R
ES0000000000006921CC;31/01/23;7;0,092;R
ES0000000000006921CC;31/01/23;8;0,171;R
ES0000000000006921CC;31/01/23;9;0,157;R
ES0000000000006921CC;31/01/23;10;0,3;R
ES0000000000006921CC;31/01/23;11;0,389;R
ES0000000000006921CC;31/01/23;12;0,1;R
ES0000000000006921CC;31/01/23;13;0,098;R
ES0000000000006921CC;31/01/23;14;0,126;R
ES0000000000006921CC;31/01/23;15;0,278;R
ES0000000000006921CC;31/01/23;16;0,109;R
ES0000000000006921CC;31/01/23;17;0,219;R
ES0000000000006921CC;31/01/23;18;0,228;R
ES0000000000006921CC;31/01/23;19;0,259;R
ES0000000000006921CC;31/01/23;20;0,333;R
ES0000000000006921CC;31/01/23;21;0,255;R
ES0000000000006921CC;31/01/23;22;0,273;R
ES0000000000006921CC;31/01/23;23;0,262;R
ES0000000000006921CC;01/02/23;0;0,286;R
ES0000000000006921CC;01/02/23;1;0,105;R
ES0000000000006921CC;01/02/23;2;0,117;R
ES0000000000006921CC;01/02/23;3;0,092;R
ES0000000000006921CC;01/02/23;4;0,138;R
ES0000000000006921CC;01/02/23;5;0,115;R
ES0000000000006921CC;01/02/23;6;0,136;R
ES0000000000006921CC;01/02/23;7;0,208;R
ES0000000000006921CC;01/02/23;8;0,279;R
ES0000000000006921CC;01/02/23;9;0,288;R
ES0000000000006921CC;01/02/23;10;0,191;R
ES0000000000006921CC;01/02/23;11;0,245;R
ES0000000000006921CC;01/02/23;12;0,348;R
ES0000000000006921CC;01/02/23;13;0,138;R
ES0000000000006921CC;01/02/23;14;0,224;R
ES0000000000006921CC;01/02/23;15;0,173;R
ES0000000000006921CC;01/02/23;16;0,152;R
ES0000000000006921CC;01/02/23;17;0,142;R
ES0000000000006921CC;01/02/23;18;0,238;R
ES0000000000006921CC;01/02/23;19;0,227;R
ES0000000000006921CC;01/02/23;20;0,19;R
ES0000000000006921CC;01/02/23;21;0,237;R
ES0000000000006921CC;01/02/23;22;0,246;R
ES0000000000006921CC;01/02/23;23;0,286;R
ES0000000000006921CC;02/02/23;0;0,164;R
ES0000000000006921CC;02/02/23;1;0,85;R
ES0000000000006921CC;02/02/23;2;0,543;R
ES0000000000006921CC;02/02/23;3;0,292;R
ES0000000000006921CC;02/02/23;4;0,09;R
ES0000000000006921CC;02/02/23;5;0,103;R
ES0000000000006921CC;02/02/23;6;0,101;R
ES0000000000006921CC;02/02/23;7;0,074;R
ES0000000000006921CC;02/02/23;8;0,1;R
ES0000000000006921CC;02/02/23;9;0,175;R
ES0000000000006921CC;02/02/23;10;0,344;R
ES0000000000006921CC;02/02/23;11;0,384;R
ES0000000000006921CC;02/02/23;12;0,217;R
ES0000000000006921CC;02/02/23;13;0,178;R
ES0000000000006921CC;02/02/23;14;0,279;R
ES0000000000006921CC;02/02/23;15;0,186;R
ES0000000000006921CC;02/02/23;16;0,168;R
ES0000000000006921CC;02/02/23;17;0,107;R
ES0000000000006921CC;02/02/23;18;0,158;R
ES0000000000006921CC;02/02/23;19;0,175;R
ES0000000000006921CC;02/02/23;20;0,284;R
ES0000000000006921CC;02/02/23;21;0,225;R
ES0000000000006921CC;02/02/23;22;0,195;R
ES0000000000006921CC;02/02/23;23;0,253;R
ES0000000000006921CC;03/02/23;0;0,342;R
ES0000000000006921CC;03/02/23;1;0,1;R
ES0000000000006921CC;03/02/23;2;0,107;R
ES0000000000006921CC;03/02/23;3;0,097;R
ES0000000000006921CC;03/02/23;4;0,103;R
ES0000000000006921CC;03/02/23;5;0,075;R
ES0000000000006921CC;03/02/23;6;0,16;R
ES0000000000006921CC;03/02/23;7;0,075;R
ES0000000000006921CC;03/02/23;8;0,17;R
ES0000000000006921CC;03/02/23;9;0,398;R
ES0000000000006921CC;03/02/23;10;0,243;R
ES0000000000006921CC;03/02/23;11;0,162;R
ES0000000000006921CC;03/02/23;12;0,2;R
ES0000000000006921CC;03/02/23;13;0,099;R
ES0000000000006921CC;03/02/23;14;0,179;R
ES0000000000006921CC;03/02/23;15;0,41;R
ES0000000000006921CC;03/02/23;16;0,183;R
ES0000000000006921CC;03/02/23;17;0,111;R
ES0000000000006921CC;03/02/23;18;0,125;R
ES0000000000006921CC;03/02/23;19;0,118;R
ES0000000000006921CC;03/02/23;20;0,287;R
ES0000000000006921CC;03/02/23;21;0,159;R
ES0000000000006921CC;03/02/23;22;0,308;R
ES0000000000006921CC;03/02/23;23;0,238;R
ES0000000000006921CC;04/02/23;0;0,177;R
ES0000000000006921CC;04/02/23;1;0,093;R
ES0000000000006921CC;04/02/23;2;0,092;R
ES0000000000006921CC;04/02/23;3;0,071;R
ES0000000000006921CC;04/02/23;4;0,088;R
ES0000000000006921CC;04/02/23;5;0,07;R
ES0000000000006921CC;04/02/23;6;0,086;R
ES0000000000006921CC;04/02/23;7;0,113;R
ES0000000000006921CC;04/02/23;8;0,087;R
ES0000000000006921CC;04/02/23;9;0,213;R
ES0000000000006921CC;04/02/23;10;0,357;R
ES0000000000006921CC;04/02/23;11;1,039;R
ES0000000000006921CC;04/02/23;12;0,544;R
ES0000000000006921CC;04/02/23;13;0,141;R
ES0000000000006921CC;04/02/23;14;0,183;R
ES0000000000006921CC;04/02/23;15;0,985;R
ES0000000000006921CC;04/02/23;16;0,102;R
ES0000000000006921CC;04/02/23;17;0,212;R
ES0000000000006921CC;04/02/23;18;0,095;R
ES0000000000006921CC;04/02/23;19;0,116;R
ES0000000000006921CC;04/02/23;20;0,208;R
ES0000000000006921CC;04/02/23;21;0,277;R
ES0000000000006921CC;04/02/23;22;0,792;R
ES0000000000006921CC;04/02/23;23;0,716;R
ES0000000000006921CC;05/02/23;0;0,268;R
ES0000000000006921CC;05/02/23;1;0,12;R
ES0000000000006921CC;05/02/23;2;0,176;R
ES0000000000006921CC;05/02/23;3;0,152;R
ES0000000000006921CC;05/02/23;4;0,091;R
ES0000000000006921CC;05/02/23;5;0,075;R
ES0000000000006921CC;05/02/23;6;0,086;R
ES0000000000006921CC;05/02/23;7;0,074;R
ES0000000000006921CC;05/02/23;8;0,117;R
ES0000000000006921CC;05/02/23;9;0,14;R
ES0000000000006921CC;05/02/23;10;0,3;R
ES0000000000006921CC;05/02/23;11;1,042;R
ES0000000000006921CC;05/02/23;12;0,213;R
ES0000000000006921CC;05/02/23;13;0,169;R
ES0000000000006921CC;05/02/23;14;1,046;R
ES0000000000006921CC;05/02/23;15;0,164;R
ES0000000000006921CC;05/02/23;16;0,105;R
ES0000000000006921CC;05/02/23;17;0,117;R
ES0000000000006921CC;05/02/23;18;0,109;R
ES0000000000006921CC;05/02/23;19;0,101;R
ES0000000000006921CC;05/02/23;20;0,184;R
ES0000000000006921CC;05/02/23;21;0,246;R
ES0000000000006921CC;05/02/23;22;0,304;R
ES0000000000006921CC;05/02/23;23;0,161;R
ES0000000000006921CC;06/02/23;0;0,214;R
ES0000000000006921CC;06/02/23;1;0,081;R
ES0000000000006921CC;06/02/23;2;0,099;R
ES0000000000006921CC;06/02/23;3;0,074;R
ES0000000000006921CC;06/02/23;4;0,097;R
ES0000000000006921CC;06/02/23;5;0,072;R
ES0000000000006921CC;06/02/23;6;0,094;R
ES0000000000006921CC;06/02/23;7;0,07;R
ES0000000000006921CC;06/02/23;8;0,118;R
ES0000000000006921CC;06/02/23;9;0,178;R
ES0000000000006921CC;06/02/23;10;0,467;R
ES0000000000006921CC;06/02/23;11;0,193;R
ES0000000000006921CC;06/02/23;12;0,149;R
ES0000000000006921CC;06/02/23;13;0,229;R
ES0000000000006921CC;06/02/23;14;0,133;R
ES0000000000006921CC;06/02/23;15;0,204;R
ES0000000000006921CC;06/02/23;16;0,196;R
ES0000000000006921CC;06/02/23;17;0,193;R
ES0000000000006921CC;06/02/23;18;0,117;R
ES0000000000006921CC;06/02/23;19;0,138;R
ES0000000000006921CC;06/02/23;20;0,244;R
ES0000000000006921CC;06/02/23;21;0,193;R
ES0000000000006921CC;06/02/23;22;0,266;R
ES0000000000006921CC;06/02/23;23;0,236;R
ES0000000000006921CC;07/02/23;0;0,297;R
ES0000000000006921CC;07/02/23;1;0,156;R
ES0000000000006921CC;07/02/23;2;0,112;R
ES0000000000006921CC;07/02/23;3;0,102;R
ES0000000000006921CC;07/02/23;4;0,15;R
ES0000000000006921CC;07/02/23;5;0,162;R
ES0000000000006921CC;07/02/23;6;0,119;R
ES0000000000006921CC;07/02/23;7;0,115;R
ES0000000000006921CC;07/02/23;8;0,108;R
ES0000000000006921CC;07/02/23;9;0,187;R
ES0000000000006921CC;07/02/23;10;0,193;R
ES0000000000006921CC;07/02/23;11;0,335;R
ES0000000000006921CC;07/02/23;12;0,169;R
ES0000000000006921CC;07/02/23;13;0,138;R
ES0000000000006921CC;07/02/23;14;0,187;R
ES0000000000006921CC;07/02/23;15;0,178;R
ES0000000000006921CC;07/02/23;16;0,183;R
ES0000000000006921CC;07/02/23;17;0,138;R
ES0000000000006921CC;07/02/23;18;0,137;R
ES0000000000006921CC;07/02/23;19;0,14;R
ES0000000000006921CC;07/02/23;20;0,32;R
ES0000000000006921CC;07/02/23;21;0,23;R
ES0000000000006921CC;07/02/23;22;0,246;R
ES0000000000006921CC;07/02/23;23;0,226;R
ES0000000000006921CC;08/02/23;0;0,226;R
ES0000000000006921CC;08/02/23;1;0,08;R
ES0000000000006921CC;08/02/23;2;0,082;R
ES0000000000006921CC;08/02/23;3;0,073;R
ES0000000000006921CC;08/02/23;4;0,079;R
ES0000000000006921CC;08/02/23;5;0,082;R
ES0000000000006921CC;08/02/23;6;0,124;R
ES0000000000006921CC;08/02/23;7;0,075;R
ES0000000000006921CC;08/02/23;8;0,17;R
ES0000000000006921CC;08/02/23;9;0,453;R
ES0000000000006921CC;08/02/23;10;0,234;R
ES0000000000006921CC;08/02/23;11;0,25;R
ES0000000000006921CC;08/02/23;12;0,12;R
ES0000000000006921CC;08/02/23;13;0,122;R
ES0000000000006921CC;08/02/23;14;0,216;R
ES0000000000006921CC;08/02/23;15;0,244;R
ES0000000000006921CC;08/02/23;16;0,14;R
ES0000000000006921CC;08/02/23;17;0,191;R
ES0000000000006921CC;08/02/23;18;0,115;R
ES0000000000006921CC;08/02/23;19;0,163;R
ES0000000000006921CC;08/02/23;20;0,166;R
ES0000000000006921CC;08/02/23;21;0,301;R
ES0000000000006921CC;08/02/23;22;0,209;R
ES0000000000006921CC;08/02/23;23;0,195;R
ES0000000000006921CC;09/02/23;0;0,243;R
ES0000000000006921CC;09/02/23;1;0,726;R
ES0000000000006921CC;09/02/23;2;0,667;R
ES0000000000006921CC;09/02/23;3;0,106;R
ES0000000000006921CC;09/02/23;4;0,073;R
ES0000000000006921CC;09/02/23;5;0,137;R
ES0000000000006921CC;09/02/23;6;0,158;R
ES0000000000006921CC;09/02/23;7;0,145;R
ES0000000000006921CC;09/02/23;8;0,127;R
ES0000000000006921CC;09/02/23;9;0,153;R
ES0000000000006921CC;09/02/23;10;0,285;R
ES0000000000006921CC;09/02/23;11;0,335;R
ES0000000000006921CC;09/02/23;12;0,198;R
ES0000000000006921CC;09/02/23;13;0,272;R
ES0000000000006921CC;09/02/23;14;0,114;R
ES0000000000006921CC;09/02/23;15;0,17;R
ES0000000000006921CC;09/02/23;16;0,164;R
ES0000000000006921CC;09/02/23;17;0,099;R
ES0000000000006921CC;09/02/23;18;0,146;R
ES0000000000006921CC;09/02/23;19;0,151;R
ES0000000000006921CC;09/02/23;20;0,26;R
ES0000000000006921CC;09/02/23;21;0,225;R
ES0000000000006921CC;09/02/23;22;0,199;R
ES0000000000006921CC;09/02/23;23;0,313;R
ES0000000000006921CC;10/02/23;0;0,267;R
ES0000000000006921CC;10/02/23;1;0,157;R
ES0000000000006921CC;10/02/23;2;0,083;R
ES0000000000006921CC;10/02/23;3;0,091;R
ES0000000000006921CC;10/02/23;4;0,08;R
ES0000000000006921CC;10/02/23;5;0,138;R
ES0000000000006921CC;10/02/23;6;0,071;R
ES0000000000006921CC;10/02/23;7;0,092;R
ES0000000000006921CC;10/02/23;8;0,173;R
ES0000000000006921CC;10/02/23;9;0,324;R
ES0000000000006921CC;10/02/23;10;0,297;R
ES0000000000006921CC;10/02/23;11;0,208;R
ES0000000000006921CC;10/02/23;12;0,156;R
ES0000000000006921CC;10/02/23;13;0,185;R
ES0000000000006921CC;10/02/23;14;0,105;R
ES0000000000006921CC;10/02/23;15;0,136;R
ES0000000000006921CC;10/02/23;16;0,15;R
ES0000000000006921CC;10/02/23;17;0,236;R
ES0000000000006921CC;10/02/23;18;0,241;R
ES0000000000006921CC;10/02/23;19;0,166;R
ES0000000000006921CC;10/02/23;20;0,222;R
ES0000000000006921CC;10/02/23;21;0,224;R
ES0000000000006921CC;10/02/23;22;0,266;R
ES0000000000006921CC;10/02/23;23;0,15;R
ES0000000000006921CC;11/02/23;0;0,253;R
ES0000000000006921CC;11/02/23;1;0,149;R
ES0000000000006921CC;11/02/23;2;0,092;R
ES0000000000006921CC;11/02/23;3;0,083;R
ES0000000000006921CC;11/02/23;4;0,11;R
ES0000000000006921CC;11/02/23;5;0,12;R
ES0000000000006921CC;11/02/23;6;0,085;R
ES0000000000006921CC;11/02/23;7;0,075;R
ES0000000000006921CC;11/02/23;8;0,156;R
ES0000000000006921CC;11/02/23;9;0,19;R
ES0000000000006921CC;11/02/23;10;0,342;R
ES0000000000006921CC;11/02/23;11;0,399;R
ES0000000000006921CC;11/02/23;12;0,499;R
ES0000000000006921CC;11/02/23;13;0,714;R
ES0000000000006921CC;11/02/23;14;1,101;R
ES0000000000006921CC;11/02/23;15;0,859;R
ES0000000000006921CC;11/02/23;16;0,12;R
ES0000000000006921CC;11/02/23;17;0,771;R
ES0000000000006921CC;11/02/23;18;0,685;R
ES0000000000006921CC;11/02/23;19;0,151;R
ES0000000000006921CC;11/02/23;20;0,338;R
ES0000000000006921CC;11/02/23;21;0,17;R
ES0000000000006921CC;11/02/23;22;0,144;R
ES0000000000006921CC;11/02/23;23;0,143;R
ES0000000000006921CC;12/02/23;0;0,083;R
ES0000000000006921CC;12/02/23;1;0,097;R
ES0000000000006921CC;12/02/23;2;0,155;R
ES0000000000006921CC;12/02/23;3;0,213;R
ES0000000000006921CC;12/02/23;4;0,181;R
ES0000000000006921CC;12/02/23;5;0,136;R
ES0000000000006921CC;12/02/23;6;0,089;R
ES0000000000006921CC;12/02/23;7;0,098;R
ES0000000000006921CC;12/02/23;8;0,117;R
ES0000000000006921CC;12/02/23;9;0,14;R
ES0000000000006921CC;12/02/23;10;0,113;R
ES0000000000006921CC;12/02/23;11;0,26;R
ES0000000000006921CC;12/02/23;12;0,249;R
ES0000000000006921CC;12/02/23;13;0,212;R
ES0000000000006921CC;12/02/23;14;0,137;R
ES0000000000006921CC;12/02/23;15;0,598;R
ES0000000000006921CC;12/02/23;16;0,194;R
ES0000000000006921CC;12/02/23;17;0,204;R
ES0000000000006921CC;12/02/23;18;0,287;R
ES0000000000006921CC;12/02/23;19;0,178;R
ES0000000000006921CC;12/02/23;20;0,243;R
ES0000000000006921CC;12/02/23;21;0,148;R
ES0000000000006921CC;12/02/23;22;0,259;R
ES0000000000006921CC;12/02/23;23;0,187;R
ES0000000000006921CC;13/02/23;0;0,211;R
ES0000000000006921CC;13/02/23;1;0,182;R
ES0000000000006921CC;13/02/23;2;0,131;R
ES0000000000006921CC;13/02/23;3;0,076;R
ES0000000000006921CC;13/02/23;4;0,121;R
ES0000000000006921CC;13/02/23;5;0,093;R
ES0000000000006921CC;13/02/23;6;0,082;R
ES0000000000006921CC;13/02/23;7;0,088;R
ES0000000000006921CC;13/02/23;8;0,111;R
ES0000000000006921CC;13/02/23;9;0,142;R
ES0000000000006921CC;13/02/23;10;0,286;R
ES0000000000006921CC;13/02/23;11;0,168;R
ES0000000000006921CC;13/02/23;12;0,355;R
ES0000000000006921CC;13/02/23;13;0,192;R
ES0000000000006921CC;13/02/23;14;0,175;R
ES0000000000006921CC;13/02/23;15;0,237;R
ES0000000000006921CC;13/02/23;16;0,184;R
ES0000000000006921CC;13/02/23;17;0,111;R
ES0000000000006921CC;13/02/23;18;0,113;R
ES0000000000006921CC;13/02/23;19;0,134;R
ES0000000000006921CC;13/02/23;20;0,27;R
ES0000000000006921CC;13/02/23;21;0,163;R
ES0000000000006921CC;13/02/23;22;0,246;R
ES0000000000006921CC;13/02/23;23;0,192;R
ES0000000000006921CC;14/02/23;0;0,234;R
ES0000000000006921CC;14/02/23;1;0,15;R
ES0000000000006921CC;14/02/23;2;0,086;R
ES0000000000006921CC;14/02/23;3;0,082;R
ES0000000000006921CC;14/02/23;4;0,077;R
ES0000000000006921CC;14/02/23;5;0,08;R
ES0000000000006921CC;14/02/23;6;0,08;R
ES0000000000006921CC;14/02/23;7;0,203;R
ES0000000000006921CC;14/02/23;8;0,113;R
ES0000000000006921CC;14/02/23;9;0,206;R
ES0000000000006921CC;14/02/23;10;0,276;R
ES0000000000006921CC;14/02/23;11;0,265;R
ES0000000000006921CC;14/02/23;12;0,154;R
ES0000000000006921CC;14/02/23;13;0,146;R
ES0000000000006921CC;14/02/23;14;0,331;R
ES0000000000006921CC;14/02/23;15;0,252;R
ES0000000000006921CC;14/02/23;16;0,121;R
ES0000000000006921CC;14/02/23;17;0,159;R
ES0000000000006921CC;14/02/23;18;0,101;R
ES0000000000006921CC;14/02/23;19;0,173;R
ES0000000000006921CC;14/02/23;20;0,284;R
ES0000000000006921CC;14/02/23;21;0,197;R
ES0000000000006921CC;14/02/23;22;0,174;R
ES0000000000006921CC;14/02/23;23;0,169;R
ES0000000000006921CC;15/02/23;0;0,254;R
ES0000000000006921CC;15/02/23;1;0,187;R
ES0000000000006921CC;15/02/23;2;0,109;R
ES0000000000006921CC;15/02/23;3;0,093;R
ES0000000000006921CC;15/02/23;4;0,086;R
ES0000000000006921CC;15/02/23;5;0,092;R
ES0000000000006921CC;15/02/23;6;0,123;R
ES0000000000006921CC;15/02/23;7;0,081;R
ES0000000000006921CC;15/02/23;8;0,076;R
ES0000000000006921CC;15/02/23;9;0,354;R
ES0000000000006921CC;15/02/23;10;0,234;R
ES0000000000006921CC;15/02/23;11;0,22;R
ES0000000000006921CC;15/02/23;12;0,104;R
ES0000000000006921CC;15/02/23;13;0,1;R
ES0000000000006921CC;15/02/23;14;0,161;R
ES0000000000006921CC;15/02/23;15;0,149;R
ES0000000000006921CC;15/02/23;16;0,347;R
ES0000000000006921CC;15/02/23;17;0,083;R
ES0000000000006921CC;15/02/23;18;0,106;R
ES0000000000006921CC;15/02/23;19;0,192;R
ES0000000000006921CC;15/02/23;20;0,254;R
ES0000000000006921CC;15/02/23;21;0,25;R
ES0000000000006921CC;15/02/23;22;0,203;R
ES0000000000006921CC;15/02/23;23;0,128;R
ES0000000000006921CC;16/02/23;0;0,248;R
ES0000000000006921CC;16/02/23;1;0,7;R
ES0000000000006921CC;16/02/23;2;0,716;R
ES0000000000006921CC;16/02/23;3;0,086;R
ES0000000000006921CC;16/02/23;4;0,109;R
ES0000000000006921CC;16/02/23;5;0,084;R
ES0000000000006921CC;16/02/23;6;0,108;R
ES0000000000006921CC;16/02/23;7;0,101;R
ES0000000000006921CC;16/02/23;8;0,132;R
ES0000000000006921CC;16/02/23;9;0,182;R
ES0000000000006921CC;16/02/23;10;0,267;R
ES0000000000006921CC;16/02/23;11;0,238;R
ES0000000000006921CC;16/02/23;12;0,321;R
ES0000000000006921CC;16/02/23;13;0,116;R
ES0000000000006921CC;16/02/23;14;0,253;R
ES0000000000006921CC;16/02/23;15;0,223;R
ES0000000000006921CC;16/02/23;16;0,11;R
ES0000000000006921CC;16/02/23;17;0,132;R
ES0000000000006921CC;16/02/23;18;0,135;R
ES0000000000006921CC;16/02/23;19;0,108;R
ES0000000000006921CC;16/02/23;20;0,216;R
ES0000000000006921CC;16/02/23;21;0,17;R
ES0000000000006921CC;16/02/23;22;0,151;R
ES0000000000006921CC;16/02/23;23;0,2;R
ES0000000000006921CC;17/02/23;0;0,152;R
ES0000000000006921CC;17/02/23;1;0,178;R
ES0000000000006921CC;17/02/23;2;0,095;R
ES0000000000006921CC;17/02/23;3;0,084;R
ES0000000000006921CC;17/02/23;4;0,084;R
ES0000000000006921CC;17/02/23;5;0,068;R
ES0000000000006921CC;17/02/23;6;0,081;R
ES0000000000006921CC;17/02/23;7;0,09;R
ES0000000000006921CC;17/02/23;8;0,236;R
ES0000000000006921CC;17/02/23;9;0,429;R
ES0000000000006921CC;17/02/23;10;0,231;R
ES0000000000006921CC;17/02/23;11;0,225;R
ES0000000000006921CC;17/02/23;12;0,082;R
ES0000000000006921CC;17/02/23;13;0,085;R
ES0000000000006921CC;17/02/23;14;0,109;R
ES0000000000006921CC;17/02/23;15;0,172;R
ES0000000000006921CC;17/02/23;16;0,138;R
ES0000000000006921CC;17/02/23;17;0,133;R
ES0000000000006921CC;17/02/23;18;0,141;R
ES0000000000006921CC;17/02/23;19;0,1;R
ES0000000000006921CC;17/02/23;20;0,244;R
ES0000000000006921CC;17/02/23;21;0,167;R
ES0000000000006921CC;17/02/23;22;0,194;R
ES0000000000006921CC;17/02/23;23;0,15;R
ES0000000000006921CC;18/02/23;0;0,284;R
ES0000000000006921CC;18/02/23;1;0,142;R
ES0000000000006921CC;18/02/23;2;0,158;R
ES0000000000006921CC;18/02/23;3;0,151;R
ES0000000000006921CC;18/02/23;4;0,104;R
ES0000000000006921CC;18/02/23;5;0,076;R
ES0000000000006921CC;18/02/23;6;0,1;R
ES0000000000006921CC;18/02/23;7;0,071;R
ES0000000000006921CC;18/02/23;8;0,099;R
ES0000000000006921CC;18/02/23;9;0,142;R
ES0000000000006921CC;18/02/23;10;0,252;R
ES0000000000006921CC;18/02/23;11;0,24;R
ES0000000000006921CC;18/02/23;12;0,237;R
ES0000000000006921CC;18/02/23;13;0,2;R
ES0000000000006921CC;18/02/23;14;0,626;R
ES0000000000006921CC;18/02/23;15;1,042;R
ES0000000000006921CC;18/02/23;16;0,165;R
ES0000000000006921CC;18/02/23;17;0,256;R
ES0000000000006921CC;18/02/23;18;0,141;R
ES0000000000006921CC;18/02/23;19;0,152;R
ES0000000000006921CC;18/02/23;20;0,255;R
ES0000000000006921CC;18/02/23;21;0,146;R
ES0000000000006921CC;18/02/23;22;0,219;R
ES0000000000006921CC;18/02/23;23;0,137;R
ES0000000000006921CC;19/02/23;0;0,27;R
ES0000000000006921CC;19/02/23;1;0,097;R
ES0000000000006921CC;19/02/23;2;0,098;R
ES0000000000006921CC;19/02/23;3;0,082;R
ES0000000000006921CC;19/02/23;4;0,097;R
ES0000000000006921CC;19/02/23;5;0,079;R
ES0000000000006921CC;19/02/23;6;0,102;R
ES0000000000006921CC;19/02/23;7;0,087;R
ES0000000000006921CC;19/02/23;8;0,11;R
ES0000000000006921CC;19/02/23;9;0,14;R
ES0000000000006921CC;19/02/23;10;0,28;R
ES0000000000006921CC;19/02/23;11;1,077;R
ES0000000000006921CC;19/02/23;12;0,38;R
ES0000000000006921CC;19/02/23;13;0,722;R
ES0000000000006921CC;19/02/23;14;0,415;R
ES0000000000006921CC;19/02/23;15;0,172;R
ES0000000000006921CC;19/02/23;16;0,832;R
ES0000000000006921CC;19/02/23;17;0,748;R
ES0000000000006921CC;19/02/23;18;0,14;R
ES0000000000006921CC;19/02/23;19;0,252;R
ES0000000000006921CC;19/02/23;20;0,275;R
ES0000000000006921CC;19/02/23;21;0,192;R
ES0000000000006921CC;19/02/23;22;0,206;R
ES0000000000006921CC;19/02/23;23;0,159;R
ES0000000000006921CC;20/02/23;0;0,173;R
ES0000000000006921CC;20/02/23;1;0,167;R
ES0000000000006921CC;20/02/23;2;0,086;R
ES0000000000006921CC;20/02/23;3;0,081;R
ES0000000000006921CC;20/02/23;4;0,098;R
ES0000000000006921CC;20/02/23;5;0,074;R
ES0000000000006921CC;20/02/23;6;0,186;R
ES0000000000006921CC;20/02/23;7;0,094;R
ES0000000000006921CC;20/02/23;8;0,091;R
ES0000000000006921CC;20/02/23;9;0,176;R
ES0000000000006921CC;20/02/23;10;0,439;R
ES0000000000006921CC;20/02/23;11;0,31;R
ES0000000000006921CC;20/02/23;12;0,085;R
ES0000000000006921CC;20/02/23;13;0,132;R
ES0000000000006921CC;20/02/23;14;0,121;R
ES0000000000006921CC;20/02/23;15;0,316;R
ES0000000000006921CC;20/02/23;16;0,122;R
ES0000000000006921CC;20/02/23;17;0,145;R
ES0000000000006921CC;20/02/23;18;0,096;R
ES0000000000006921CC;20/02/23;19;0,173;R
ES0000000000006921CC;20/02/23;20;0,34;R
ES0000000000006921CC;20/02/23;21;0,255;R
ES0000000000006921CC;20/02/23;22;0,23;R
ES0000000000006921CC;20/02/23;23;0,139;R
ES0000000000006921CC;21/02/23;0;0,207;R
ES0000000000006921CC;21/02/23;1;0,313;R
ES0000000000006921CC;21/02/23;2;0,074;R
ES0000000000006921CC;21/02/23;3;0,086;R
ES0000000000006921CC;21/02/23;4;0,071;R
ES0000000000006921CC;21/02/23;5;0,087;R
ES0000000000006921CC;21/02/23;6;0,066;R
ES0000000000006921CC;21/02/23;7;0,087;R
ES0000000000006921CC;21/02/23;8;0,075;R
ES0000000000006921CC;21/02/23;9;0,152;R
ES0000000000006921CC;21/02/23;10;0,221;R
ES0000000000006921CC;21/02/23;11;0,298;R
ES0000000000006921CC;21/02/23;12;0,098;R
ES0000000000006921CC;21/02/23;13;0,257;R
ES0000000000006921CC;21/02/23;14;0,17;R
ES0000000000006921CC;21/02/23;15;0,16;R
ES0000000000006921CC;21/02/23;16;0,182;R
ES0000000000006921CC;21/02/23;17;0,085;R
ES0000000000006921CC;21/02/23;18;0,128;R
ES0000000000006921CC;21/02/23;19;0,174;R
ES0000000000006921CC;21/02/23;20;0,162;R
ES0000000000006921CC;21/02/23;21;0,205;R
ES0000000000006921CC;21/02/23;22;0,176;R
ES0000000000006921CC;21/02/23;23;0,226;R
ES0000000000006921CC;22/02/23;0;0,143;R
ES0000000000006921CC;22/02/23;1;0,104;R
ES0000000000006921CC;22/02/23;2;0,076;R
ES0000000000006921CC;22/02/23;3;0,093;R
ES0000000000006921CC;22/02/23;4;0,075;R
ES0000000000006921CC;22/02/23;5;0,091;R
ES0000000000006921CC;22/02/23;6;0,073;R
ES0000000000006921CC;22/02/23;7;0,1;R
ES0000000000006921CC;22/02/23;8;0,066;R
ES0000000000006921CC;22/02/23;9;0,378;R
ES0000000000006921CC;22/02/23;10;0,245;R
ES0000000000006921CC;22/02/23;11;0,19;R
ES0000000000006921CC;22/02/23;12;0,174;R
ES0000000000006921CC;22/02/23;13;0,205;R
ES0000000000006921CC;22/02/23;14;0,723;R
ES0000000000006921CC;22/02/23;15;0,178;R
ES0000000000006921CC;22/02/23;16;0,178;R
ES0000000000006921CC;22/02/23;17;0,118;R
ES0000000000006921CC;22/02/23;18;0,128;R
ES0000000000006921CC;22/02/23;19;0,112;R
ES0000000000006921CC;22/02/23;20;0,136;R
ES0000000000006921CC;22/02/23;21;0,233;R
ES0000000000006921CC;22/02/23;22;0,178;R
ES0000000000006921CC;22/02/23;23;0,154;R
ES0000000000006921CC;23/02/23;0;0,248;R
ES0000000000006921CC;23/02/23;1;0,079;R
ES0000000000006921CC;23/02/23;2;0,072;R
ES0000000000006921CC;23/02/23;3;0,09;R
ES0000000000006921CC;23/02/23;4;0,085;R
ES0000000000006921CC;23/02/23;5;0,087;R
ES0000000000006921CC;23/02/23;6;0,177;R
ES0000000000006921CC;23/02/23;7;0,109;R
ES0000000000006921CC;23/02/23;8;0,087;R
ES0000000000006921CC;23/02/23;9;0,178;R
ES0000000000006921CC;23/02/23;10;0,212;R
ES0000000000006921CC;23/02/23;11;0,31;R
ES0000000000006921CC;23/02/23;12;0,099;R
ES0000000000006921CC;23/02/23;13;0,108;R
ES0000000000006921CC;23/02/23;14;0,152;R
ES0000000000006921CC;23/02/23;15;0,166;R
ES0000000000006921CC;23/02/23;16;0,1;R
ES0000000000006921CC;23/02/23;17;0,133;R
ES0000000000006921CC;23/02/23;18;0,096;R
ES0000000000006921CC;23/02/23;19;0,115;R
ES0000000000006921CC;23/02/23;20;0,247;R
ES0000000000006921CC;23/02/23;21;0,17;R
ES0000000000006921CC;23/02/23;22;0,259;R
ES0000000000006921CC;23/02/23;23;0,351;R
ES0000000000006921CC;24/02/23;0;0,24;R
ES0000000000006921CC;24/02/23;1;0,526;R
ES0000000000006921CC;24/02/23;2;0,424;R
ES0000000000006921CC;24/02/23;3;0,69;R
ES0000000000006921CC;24/02/23;4;0,072;R
ES0000000000006921CC;24/02/23;5;0,098;R
ES0000000000006921CC;24/02/23;6;0,071;R
ES0000000000006921CC;24/02/23;7;0,135;R
ES0000000000006921CC;24/02/23;8;0,156;R
ES0000000000006921CC;24/02/23;9;0,397;R
ES0000000000006921CC;24/02/23;10;0,26;R
ES0000000000006921CC;24/02/23;11;0,218;R
ES0000000000006921CC;24/02/23;12;0,125;R
ES0000000000006921CC;24/02/23;13;0,084;R
ES0000000000006921CC;24/02/23;14;0,319;R
ES0000000000006921CC;24/02/23;15;0,21;R
ES0000000000006921CC;24/02/23;16;0,188;R
ES0000000000006921CC;24/02/23;17;0,095;R
ES0000000000006921CC;24/02/23;18;0,123;R
ES0000000000006921CC;24/02/23;19;0,14;R
ES0000000000006921CC;24/02/23;20;0,247;R
ES0000000000006921CC;24/02/23;21;0,185;R
ES0000000000006921CC;24/02/23;22;0,212;R
ES0000000000006921CC;24/02/23;23;0,176;R
ES0000000000006921CC;25/02/23;0;0,261;R
ES0000000000006921CC;25/02/23;1;0,167;R
ES0000000000006921CC;25/02/23;2;0,099;R
ES0000000000006921CC;25/02/23;3;0,08;R
ES0000000000006921CC;25/02/23;4;0,097;R
ES0000000000006921CC;25/02/23;5;0,078;R
ES0000000000006921CC;25/02/23;6;0,209;R
ES0000000000006921CC;25/02/23;7;0,133;R
ES0000000000006921CC;25/02/23;8;0,099;R
ES0000000000006921CC;25/02/23;9;0,141;R
ES0000000000006921CC;25/02/23;10;0,29;R
ES0000000000006921CC;25/02/23;11;0,304;R
ES0000000000006921CC;25/02/23;12;0,325;R
ES0000000000006921CC;25/02/23;13;0,702;R
ES0000000000006921CC;25/02/23;14;0,753;R
ES0000000000006921CC;25/02/23;15;0,178;R
ES0000000000006921CC;25/02/23;16;0,122;R
ES0000000000006921CC;25/02/23;17;0,08;R
ES0000000000006921CC;25/02/23;18;0,164;R
ES0000000000006921CC;25/02/23;19;0,13;R
ES0000000000006921CC;25/02/23;20;0,283;R
ES0000000000006921CC;25/02/23;21;0,197;R
ES0000000000006921CC;25/02/23;22;0,279;R
ES0000000000006921CC;25/02/23;23;0,318;R
ES0000000000006921CC;26/02/23;0;0,327;R
ES0000000000006921CC;26/02/23;1;0,16;R
ES0000000000006921CC;26/02/23;2;0,115;R
ES0000000000006921CC;26/02/23;3;0,086;R
ES0000000000006921CC;26/02/23;4;0,082;R
ES0000000000006921CC;26/02/23;5;0,117;R
ES0000000000006921CC;26/02/23;6;0,11;R
ES0000000000006921CC;26/02/23;7;0,088;R
ES0000000000006921CC;26/02/23;8;0,123;R
ES0000000000006921CC;26/02/23;9;0,195;R
ES0000000000006921CC;26/02/23;10;0,261;R
ES0000000000006921CC;26/02/23;11;0,402;R
ES0000000000006921CC;26/02/23;12;0,473;R
ES0000000000006921CC;26/02/23;13;0,166;R
ES0000000000006921CC;26/02/23;14;0,415;R
ES0000000000006921CC;26/02/23;15;1,291;R
ES0000000000006921CC;26/02/23;16;0,189;R
ES0000000000006921CC;26/02/23;17;0,172;R
ES0000000000006921CC;26/02/23;18;0,099;R
ES0000000000006921CC;26/02/23;19;0,149;R
ES0000000000006921CC;26/02/23;20;0,261;R
ES0000000000006921CC;26/02/23;21;1,102;R
ES0000000000006921CC;26/02/23;22;0,413;R
ES0000000000006921CC;26/02/23;23;0,819;R
ES0000000000006921CC;27/02/23;0;0,867;R
ES0000000000006921CC;27/02/23;1;0,112;R
ES0000000000006921CC;27/02/23;2;0,09;R
ES0000000000006921CC;27/02/23;3;0,094;R
ES0000000000006921CC;27/02/23;4;0,072;R
ES0000000000006921CC;27/02/23;5;0,099;R
ES0000000000006921CC;27/02/23;6;0,107;R
ES0000000000006921CC;27/02/23;7;0,092;R
ES0000000000006921CC;27/02/23;8;0,093;R
ES0000000000006921CC;27/02/23;9;0,285;R
ES0000000000006921CC;27/02/23;10;0,786;R
ES0000000000006921CC;27/02/23;11;0,393;R
ES0000000000006921CC;27/02/23;12;0,18;R
ES0000000000006921CC;27/02/23;13;0,168;R
ES0000000000006921CC;27/02/23;14;0,486;R
ES0000000000006921CC;27/02/23;15;0,163;R
ES0000000000006921CC;27/02/23;16;0,117;R
ES0000000000006921CC;27/02/23;17;0,123;R
ES0000000000006921CC;27/02/23;18;0,159;R
ES0000000000006921CC;27/02/23;19;0,193;R
ES0000000000006921CC;27/02/23;20;0,225;R
ES0000000000006921CC;27/02/23;21;0,272;R
ES0000000000006921CC;27/02/23;22;0,21;R
ES0000000000006921CC;27/02/23;23;0,252;R
ES0000000000006921CC;28/02/23;0;0,281;R
ES0000000000006921CC;28/02/23;1;0,171;R
ES0000000000006921CC;28/02/23;2;0,066;R
ES0000000000006921CC;28/02/23;3;0,179;R
ES0000000000006921CC;28/02/23;4;0,154;R
ES0000000000006921CC;28/02/23;5;0,092;R
ES0000000000006921CC;28/02/23;6;0,084;R
ES0000000000006921CC;28/02/23;7;0,125;R
ES0000000000006921CC;28/02/23;8;0,083;R
ES0000000000006921CC;28/02/23;9;0,319;R
ES0000000000006921CC;28/02/23;10;0,39;R
ES0000000000006921CC;28/02/23;11;0,179;R
ES0000000000006921CC;28/02/23;12;0,136;R
ES0000000000006921CC;28/02/23;13;0,249;R
ES0000000000006921CC;28/02/23;14;0,181;R
ES0000000000006921CC;28/02/23;15;0,181;R
ES0000000000006921CC;28/02/23;16;0,115;R
ES0000000000006921CC;28/02/23;17;0,141;R
ES0000000000006921CC;28/02/23;18;0,122;R
ES0000000000006921CC;28/02/23;19;0,179;R
ES0000000000006921CC;28/02/23;20;0,177;R
ES0000000000006921CC;28/02/23;21;0,371;R
ES0000000000006921CC;28/02/23;22;0,299;R
ES0000000000006921CC;28/02/23;23;0,25;R
ES0000000000006921CC;01/03/23;0;0,242;R
ES0000000000006921CC;01/03/23;1;0,178;R
ES0000000000006921CC;01/03/23;2;0,077;R
ES0000000000006921CC;01/03/23;3;0,076;R
ES0000000000006921CC;01/03/23;4;0,123;R
ES0000000000006921CC;01/03/23;5;0,088;R
ES0000000000006921CC;01/03/23;6;0,101;R
ES0000000000006921CC;01/03/23;7;0,12;R
ES0000000000006921CC;01/03/23;8;0,145;R
ES0000000000006921CC;01/03/23;9;0,42;R
ES0000000000006921CC;01/03/23;10;0,292;R
ES0000000000006921CC;01/03/23;11;0,249;R
ES0000000000006921CC;01/03/23;12;0,181;R
ES0000000000006921CC;01/03/23;13;0,122;R
ES0000000000006921CC;01/03/23;14;0,375;R
ES0000000000006921CC;01/03/23;15;0,189;R
ES0000000000006921CC;01/03/23;16;0,206;R
ES0000000000006921CC;01/03/23;17;0,16;R
ES0000000000006921CC;01/03/23;18;0,153;R
ES0000000000006921CC;01/03/23;19;0,17;R
ES0000000000006921CC;01/03/23;20;0,195;R
ES0000000000006921CC;01/03/23;21;0,325;R
ES0000000000006921CC;01/03/23;22;0,233;R
ES0000000000006921CC;01/03/23;23;0,24;R
ES0000000000006921CC;02/03/23;0;0,234;R
ES0000000000006921CC;02/03/23;1;0,074;R
ES0000000000006921CC;02/03/23;2;0,077;R
ES0000000000006921CC;02/03/23;3;0,072;R
ES0000000000006921CC;02/03/23;4;0,116;R
ES0000000000006921CC;02/03/23;5;0,088;R
ES0000000000006921CC;02/03/23;6;0,089;R
ES0000000000006921CC;02/03/23;7;0,14;R
ES0000000000006921CC;02/03/23;8;0,12;R
ES0000000000006921CC;02/03/23;9;0,245;R
ES0000000000006921CC;02/03/23;10;0,243;R
ES0000000000006921CC;02/03/23;11;0,34;R
ES0000000000006921CC;02/03/23;12;0,153;R
ES0000000000006921CC;02/03/23;13;0,117;R
ES0000000000006921CC;02/03/23;14;0,141;R
ES0000000000006921CC;02/03/23;15;0,169;R
ES0000000000006921CC;02/03/23;16;0,148;R
ES0000000000006921CC;02/03/23;17;0,133;R
ES0000000000006921CC;02/03/23;18;0,142;R
ES0000000000006921CC;02/03/23;19;0,163;R
ES0000000000006921CC;02/03/23;20;0,291;R
ES0000000000006921CC;02/03/23;21;0,15;R
ES0000000000006921CC;02/03/23;22;0,245;R
ES0000000000006921CC;02/03/23;23;0,219;R
ES0000000000006921CC;03/03/23;0;0,285;R
ES0000000000006921CC;03/03/23;1;0,241;R
ES0000000000006921CC;03/03/23;2;0,657;R
ES0000000000006921CC;03/03/23;3;0,675;R
ES0000000000006921CC;03/03/23;4;0,082;R
ES0000000000006921CC;03/03/23;5;0,198;R
ES0000000000006921CC;03/03/23;6;0,165;R
ES0000000000006921CC;03/03/23;7;0,097;R
ES0000000000006921CC;03/03/23;8;0,237;R
ES0000000000006921CC;03/03/23;9;0,589;R
ES0000000000006921CC;03/03/23;10;0,157;R
ES0000000000006921CC;03/03/23;11;0,191;R
ES0000000000006921CC;03/03/23;12;0,153;R
ES0000000000006921CC;03/03/23;13;0,1;R
ES0000000000006921CC;03/03/23;14;0,137;R
ES0000000000006921CC;03/03/23;15;0,118;R
ES0000000000006921CC;03/03/23;16;0,157;R
ES0000000000006921CC;03/03/23;17;0,11;R
ES0000000000006921CC;03/03/23;18;0,162;R
ES0000000000006921CC;03/03/23;19;0,123;R
ES0000000000006921CC;03/03/23;20;0,271;R
ES0000000000006921CC;03/03/23;21;0,156;R
ES0000000000006921CC;03/03/23;22;0,241;R
ES0000000000006921CC;03/03/23;23;0,237;R
ES0000000000006921CC;04/03/23;0;0,317;R
ES0000000000006921CC;04/03/23;1;0,138;R
ES0000000000006921CC;04/03/23;2;0,094;R
ES0000000000006921CC;04/03/23;3;0,072;R
ES0000000000006921CC;04/03/23;4;0,086;R
ES0000000000006921CC;04/03/23;5;0,07;R
ES0000000000006921CC;04/03/23;6;0,12;R
ES0000000000006921CC;04/03/23;7;0,066;R
ES0000000000006921CC;04/03/23;8;0,087;R
ES0000000000006921CC;04/03/23;9;0,186;R
ES0000000000006921CC;04/03/23;10;0,296;R
ES0000000000006921CC;04/03/23;11;0,35;R
ES0000000000006921CC;04/03/23;12;0,38;R
ES0000000000006921CC;04/03/23;13;0,181;R
ES0000000000006921CC;04/03/23;14;0,228;R
ES0000000000006921CC;04/03/23;15;1,466;R
ES0000000000006921CC;04/03/23;16;0,186;R
ES0000000000006921CC;04/03/23;17;0,203;R
ES0000000000006921CC;04/03/23;18;0,143;R
ES0000000000006921CC;04/03/23;19;0,123;R
ES0000000000006921CC;04/03/23;20;0,392;R
ES0000000000006921CC;04/03/23;21;0,217;R
ES0000000000006921CC;04/03/23;22;0,221;R
ES0000000000006921CC;04/03/23;23;0,166;R
ES0000000000006921CC;05/03/23;0;0,264;R
ES0000000000006921CC;05/03/23;1;0,083;R
ES0000000000006921CC;05/03/23;2;0,101;R
ES0000000000006921CC;05/03/23;3;0,08;R
ES0000000000006921CC;05/03/23;4;0,098;R
ES0000000000006921CC;05/03/23;5;0,078;R
ES0000000000006921CC;05/03/23;6;0,095;R
ES0000000000006921CC;05/03/23;7;0,114;R
ES0000000000006921CC;05/03/23;8;0,123;R
ES0000000000006921CC;05/03/23;9;0,261;R
ES0000000000006921CC;05/03/23;10;0,26;R
ES0000000000006921CC;05/03/23;11;0,301;R
ES0000000000006921CC;05/03/23;12;0,243;R
ES0000000000006921CC;05/03/23;13;0,113;R
ES0000000000006921CC;05/03/23;14;0,202;R
ES0000000000006921CC;05/03/23;15;0,155;R
ES0000000000006921CC;05/03/23;16;0,571;R
ES0000000000006921CC;05/03/23;17;0,488;R
ES0000000000006921CC;05/03/23;18;0,704;R
ES0000000000006921CC;05/03/23;19;0,15;R
ES0000000000006921CC;05/03/23;20;0,224;R
ES0000000000006921CC;05/03/23;21;0,135;R
ES0000000000006921CC;05/03/23;22;0,265;R
ES0000000000006921CC;05/03/23;23;0,233;R
ES0000000000006921CC;06/03/23;0;0,27;R
ES0000000000006921CC;06/03/23;1;0,24;R
ES0000000000006921CC;06/03/23;2;0,129;R
ES0000000000006921CC;06/03/23;3;0,076;R
ES0000000000006921CC;06/03/23;4;0,093;R
ES0000000000006921CC;06/03/23;5;0,075;R
ES0000000000006921CC;06/03/23;6;0,132;R
ES0000000000006921CC;06/03/23;7;0,069;R
ES0000000000006921CC;06/03/23;8;0,093;R
ES0000000000006921CC;06/03/23;9;0,191;R
ES0000000000006921CC;06/03/23;10;0,542;R
ES0000000000006921CC;06/03/23;11;0,271;R
ES0000000000006921CC;06/03/23;12;0,121;R
ES0000000000006921CC;06/03/23;13;0,167;R
ES0000000000006921CC;06/03/23;14;0,137;R
ES0000000000006921CC;06/03/23;15;0,385;R
ES0000000000006921CC;06/03/23;16;0,116;R
ES0000000000006921CC;06/03/23;17;0,119;R
ES0000000000006921CC;06/03/23;18;0,198;R
ES0000000000006921CC;06/03/23;19;0,251;R
ES0000000000006921CC;06/03/23;20;0,25;R
ES0000000000006921CC;06/03/23;21;0,223;R
ES0000000000006921CC;06/03/23;22;0,194;R
ES0000000000006921CC;06/03/23;23;0,26;R
ES0000000000006921CC;07/03/23;0;0,247;R
ES0000000000006921CC;07/03/23;1;0,188;R
ES0000000000006921CC;07/03/23;2;0,064;R
ES0000000000006921CC;07/03/23;3;0,102;R
ES0000000000006921CC;07/03/23;4;0,072;R
ES0000000000006921CC;07/03/23;5;0,098;R
ES0000000000006921CC;07/03/23;6;0,069;R
ES0000000000006921CC;07/03/23;7;0,139;R
ES0000000000006921CC;07/03/23;8;0,055;R
ES0000000000006921CC;07/03/23;9;0,159;R
ES0000000000006921CC;07/03/23;10;0,24;R
ES0000000000006921CC;07/03/23;11;0,35;R
ES0000000000006921CC;07/03/23;12;0,226;R
ES0000000000006921CC;07/03/23;13;0,181;R
ES0000000000006921CC;07/03/23;14;0,211;R
ES0000000000006921CC;07/03/23;15;0,18;R
ES0000000000006921CC;07/03/23;16;0,132;R
ES0000000000006921CC;07/03/23;17;0,123;R
ES0000000000006921CC;07/03/23;18;0,1;R
ES0000000000006921CC;07/03/23;19;0,144;R
ES0000000000006921CC;07/03/23;20;0,26;R
ES0000000000006921CC;07/03/23;21;0,173;R
ES0000000000006921CC;07/03/23;22;0,215;R
ES0000000000006921CC;07/03/23;23;0,282;R
ES0000000000006921CC;08/03/23;0;0,165;R
ES0000000000006921CC;08/03/23;1;0,106;R
ES0000000000006921CC;08/03/23;2;0,1;R
ES0000000000006921CC;08/03/23;3;0,122;R
ES0000000000006921CC;08/03/23;4;0,165;R
ES0000000000006921CC;08/03/23;5;0,132;R
ES0000000000006921CC;08/03/23;6;0,1;R
ES0000000000006921CC;08/03/23;7;0,087;R
ES0000000000006921CC;08/03/23;8;0,191;R
ES0000000000006921CC;08/03/23;9;0,478;R
ES0000000000006921CC;08/03/23;10;0,249;R
ES0000000000006921CC;08/03/23;11;0,223;R
ES0000000000006921CC;08/03/23;12;0,115;R
ES0000000000006921CC;08/03/23;13;0,1;R
ES0000000000006921CC;08/03/23;14;0,155;R
ES0000000000006921CC;08/03/23;15;0,174;R
ES0000000000006921CC;08/03/23;16;0,187;R
ES0000000000006921CC;08/03/23;17;0,153;R
ES0000000000006921CC;08/03/23;18;0,205;R
ES0000000000006921CC;08/03/23;19;0,163;R
ES0000000000006921CC;08/03/23;20;0,267;R
ES0000000000006921CC;08/03/23;21;0,181;R
ES0000000000006921CC;08/03/23;22;0,234;R
ES0000000000006921CC;08/03/23;23;0,183;R
ES0000000000006921CC;09/03/23;0;0,286;R
ES0000000000006921CC;09/03/23;1;0,168;R
ES0000000000006921CC;09/03/23;2;0,126;R
ES0000000000006921CC;09/03/23;3;0,094;R
ES0000000000006921CC;09/03/23;4;0,11;R
ES0000000000006921CC;09/03/23;5;0,087;R
ES0000000000006921CC;09/03/23;6;0,17;R
ES0000000000006921CC;09/03/23;7;0,156;R
ES0000000000006921CC;09/03/23;8;0,117;R
ES0000000000006921CC;09/03/23;9;0,177;R
ES0000000000006921CC;09/03/23;10;0,274;R
ES0000000000006921CC;09/03/23;11;0,282;R
ES0000000000006921CC;09/03/23;12;0,164;R
ES0000000000006921CC;09/03/23;13;0,133;R
ES0000000000006921CC;09/03/23;14;0,161;R
ES0000000000006921CC;09/03/23;15;0,145;R
ES0000000000006921CC;09/03/23;16;0,159;R
ES0000000000006921CC;09/03/23;17;0,103;R
ES0000000000006921CC;09/03/23;18;0,132;R
ES0000000000006921CC;09/03/23;19;0,377;R
ES0000000000006921CC;09/03/23;20;0,22;R
ES0000000000006921CC;09/03/23;21;0,242;R
ES0000000000006921CC;09/03/23;22;0,244;R
ES0000000000006921CC;09/03/23;23;0,21;R
ES0000000000006921CC;10/03/23;0;0,247;R
ES0000000000006921CC;10/03/23;1;0,757;R
ES0000000000006921CC;10/03/23;2;0,676;R
ES0000000000006921CC;10/03/23;3;0,086;R
ES0000000000006921CC;10/03/23;4;0,077;R
ES0000000000006921CC;10/03/23;5;0,094;R
ES0000000000006921CC;10/03/23;6;0,091;R
ES0000000000006921CC;10/03/23;7;0,095;R
ES0000000000006921CC;10/03/23;8;0,162;R
ES0000000000006921CC;10/03/23;9;0,363;R
ES0000000000006921CC;10/03/23;10;0,219;R
ES0000000000006921CC;10/03/23;11;0,191;R
ES0000000000006921CC;10/03/23;12;0,134;R
ES0000000000006921CC;10/03/23;13;0,157;R
ES0000000000006921CC;10/03/23;14;0,149;R
ES0000000000006921CC;10/03/23;15;0,219;R
ES0000000000006921CC;10/03/23;16;0,172;R
ES0000000000006921CC;10/03/23;17;0,099;R
ES0000000000006921CC;10/03/23;18;0,115;R
ES0000000000006921CC;10/03/23;19;0,139;R
ES0000000000006921CC;10/03/23;20;0,217;R
ES0000000000006921CC;10/03/23;21;0,16;R
ES0000000000006921CC;10/03/23;22;0,21;R
ES0000000000006921CC;10/03/23;23;0,158;R
ES0000000000006921CC;11/03/23;0;0,252;R
ES0000000000006921CC;11/03/23;1;0,089;R
ES0000000000006921CC;11/03/23;2;0,095;R
ES0000000000006921CC;11/03/23;3;0,074;R
ES0000000000006921CC;11/03/23;4;0,093;R
ES0000000000006921CC;11/03/23;5;0,075;R
ES0000000000006921CC;11/03/23;6;0,092;R
ES0000000000006921CC;11/03/23;7;0,075;R
ES0000000000006921CC;11/03/23;8;0,091;R
ES0000000000006921CC;11/03/23;9;0,181;R
ES0000000000006921CC;11/03/23;10;0,321;R
ES0000000000006921CC;11/03/23;11;0,84;R
ES0000000000006921CC;11/03/23;12;0,2;R
ES0000000000006921CC;11/03/23;13;0,208;R
ES0000000000006921CC;11/03/23;14;0,354;R
ES0000000000006921CC;11/03/23;15;1,254;R
ES0000000000006921CC;11/03/23;16;0,128;R
ES0000000000006921CC;11/03/23;17;0,127;R
ES0000000000006921CC;11/03/23;18;0,148;R
ES0000000000006921CC;11/03/23;19;0,133;R
ES0000000000006921CC;11/03/23;20;0,216;R
ES0000000000006921CC;11/03/23;21;0,181;R
ES0000000000006921CC;11/03/23;22;0,158;R
ES0000000000006921CC;11/03/23;23;0,267;R
ES0000000000006921CC;12/03/23;0;0,29;R
ES0000000000006921CC;12/03/23;1;0,11;R
ES0000000000006921CC;12/03/23;2;0,049;R
ES0000000000006921CC;12/03/23;3;0,114;R
ES0000000000006921CC;12/03/23;4;0,088;R
ES0000000000006921CC;12/03/23;5;0,091;R
ES0000000000006921CC;12/03/23;6;0,065;R
ES0000000000006921CC;12/03/23;7;0,086;R
ES0000000000006921CC;12/03/23;8;0,086;R
ES0000000000006921CC;12/03/23;9;0,09;R
ES0000000000006921CC;12/03/23;10;0,237;R
ES0000000000006921CC;12/03/23;11;0,545;R
ES0000000000006921CC;12/03/23;12;0,751;R
ES0000000000006921CC;12/03/23;13;0,309;R
ES0000000000006921CC;12/03/23;14;1,343;R
ES0000000000006921CC;12/03/23;15;0,233;R
ES0000000000006921CC;12/03/23;16;0,093;R
ES0000000000006921CC;12/03/23;17;0,193;R
ES0000000000006921CC;12/03/23;18;0,18;R
ES0000000000006921CC;12/03/23;19;0,363;R
ES0000000000006921CC;12/03/23;20;0,36;R
ES0000000000006921CC;12/03/23;21;0,772;R
ES0000000000006921CC;12/03/23;22;0,575;R
ES0000000000006921CC;12/03/23;23;0,418;R
ES0000000000006921CC;13/03/23;0;0,226;R
ES0000000000006921CC;13/03/23;1;0,108;R
ES0000000000006921CC;13/03/23;2;0,071;R
ES0000000000006921CC;13/03/23;3;0,104;R
ES0000000000006921CC;13/03/23;4;0,092;R
ES0000000000006921CC;13/03/23;5;0,109;R
ES0000000000006921CC;13/03/23;6;0,067;R
ES0000000000006921CC;13/03/23;7;0,088;R
ES0000000000006921CC;13/03/23;8;0,066;R
ES0000000000006921CC;13/03/23;9;0,266;R
ES0000000000006921CC;13/03/23;10;0,243;R
ES0000000000006921CC;13/03/23;11;0,308;R
ES0000000000006921CC;13/03/23;12;0,108;R
ES0000000000006921CC;13/03/23;13;0,118;R
ES0000000000006921CC;13/03/23;14;0,145;R
ES0000000000006921CC;13/03/23;15;0,183;R
ES0000000000006921CC;13/03/23;16;0,15;R
ES0000000000006921CC;13/03/23;17;0,131;R
ES0000000000006921CC;13/03/23;18;0,102;R
ES0000000000006921CC;13/03/23;19;0,453;R
ES0000000000006921CC;13/03/23;20;0,185;R
ES0000000000006921CC;13/03/23;21;0,154;R
ES0000000000006921CC;13/03/23;22;0,156;R
ES0000000000006921CC;13/03/23;23;0,173;R
ES0000000000006921CC;14/03/23;0;0,279;R
ES0000000000006921CC;14/03/23;1;0,161;R
ES0000000000006921CC;14/03/23;2;0,07;R
ES0000000000006921CC;14/03/23;3;0,139;R
ES0000000000006921CC;14/03/23;4;0,154;R
ES0000000000006921CC;14/03/23;5;0,102;R
ES0000000000006921CC;14/03/23;6;0,092;R
ES0000000000006921CC;14/03/23;7;0,096;R
ES0000000000006921CC;14/03/23;8;0,087;R
ES0000000000006921CC;14/03/23;9;0,245;R
ES0000000000006921CC;14/03/23;10;0,345;R
ES0000000000006921CC;14/03/23;11;0,263;R
ES0000000000006921CC;14/03/23;12;0,109;R
ES0000000000006921CC;14/03/23;13;0,129;R
ES0000000000006921CC;14/03/23;14;0,333;R
ES0000000000006921CC;14/03/23;15;0,3;R
ES0000000000006921CC;14/03/23;16;0,137;R
ES0000000000006921CC;14/03/23;17;0,139;R
ES0000000000006921CC;14/03/23;18;0,109;R
ES0000000000006921CC;14/03/23;19;0,151;R
ES0000000000006921CC;14/03/23;20;0,279;R
ES0000000000006921CC;14/03/23;21;0,25;R
ES0000000000006921CC;14/03/23;22;0,185;R
ES0000000000006921CC;14/03/23;23;0,194;R
ES0000000000006921CC;15/03/23;0;0,259;R
ES0000000000006921CC;15/03/23;1;0,168;R
ES0000000000006921CC;15/03/23;2;0,077;R
ES0000000000006921CC;15/03/23;3;0,094;R
ES0000000000006921CC;15/03/23;4;0,077;R
ES0000000000006921CC;15/03/23;5;0,096;R
ES0000000000006921CC;15/03/23;6;0,08;R
ES0000000000006921CC;15/03/23;7;0,094;R
ES0000000000006921CC;15/03/23;8;0,202;R
ES0000000000006921CC;15/03/23;9;0,314;R
ES0000000000006921CC;15/03/23;10;0,239;R
ES0000000000006921CC;15/03/23;11;0,185;R
ES0000000000006921CC;15/03/23;12;0,122;R
ES0000000000006921CC;15/03/23;13;0,104;R
ES0000000000006921CC;15/03/23;14;0,221;R
ES0000000000006921CC;15/03/23;15;0,204;R
ES0000000000006921CC;15/03/23;16;0,143;R
ES0000000000006921CC;15/03/23;17;0,088;R
ES0000000000006921CC;15/03/23;18;0,133;R
ES0000000000006921CC;15/03/23;19;0,115;R
ES0000000000006921CC;15/03/23;20;0,154;R
ES0000000000006921CC;15/03/23;21;0,19;R
ES0000000000006921CC;15/03/23;22;0,184;R
ES0000000000006921CC;15/03/23;23;0,171;R
ES0000000000006921CC;16/03/23;0;0,272;R
ES0000000000006921CC;16/03/23;1;0,16;R
ES0000000000006921CC;16/03/23;2;0,121;R
ES0000000000006921CC;16/03/23;3;0,082;R
ES0000000000006921CC;16/03/23;4;0,104;R
ES0000000000006921CC;16/03/23;5;0,069;R
ES0000000000006921CC;16/03/23;6;0,099;R
ES0000000000006921CC;16/03/23;7;0,165;R
ES0000000000006921CC;16/03/23;8;0,115;R
ES0000000000006921CC;16/03/23;9;0,076;R
ES0000000000006921CC;16/03/23;10;0,258;R
ES0000000000006921CC;16/03/23;11;0,267;R
ES0000000000006921CC;16/03/23;12;0,159;R
ES0000000000006921CC;16/03/23;13;0,106;R
ES0000000000006921CC;16/03/23;14;0,196;R
ES0000000000006921CC;16/03/23;15;0,368;R
ES0000000000006921CC;16/03/23;16;0,135;R
ES0000000000006921CC;16/03/23;17;0,129;R
ES0000000000006921CC;16/03/23;18;0,132;R
ES0000000000006921CC;16/03/23;19;0,13;R
ES0000000000006921CC;16/03/23;20;0,221;R
ES0000000000006921CC;16/03/23;21;0,195;R
ES0000000000006921CC;16/03/23;22;0,195;R
ES0000000000006921CC;16/03/23;23;0,173;R
ES0000000000006921CC;17/03/23;0;0,311;R
ES0000000000006921CC;17/03/23;1;0,77;R
ES0000000000006921CC;17/03/23;2;0,665;R
ES0000000000006921CC;17/03/23;3;0,101;R
ES0000000000006921CC;17/03/23;4;0,096;R
ES0000000000006921CC;17/03/23;5;0,075;R
ES0000000000006921CC;17/03/23;6;0,096;R
ES0000000000006921CC;17/03/23;7;0,074;R
ES0000000000006921CC;17/03/23;8;0,235;R
ES0000000000006921CC;17/03/23;9;0,373;R
ES0000000000006921CC;17/03/23;10;0,264;R
ES0000000000006921CC;17/03/23;11;0,169;R
ES0000000000006921CC;17/03/23;12;0,181;R
ES0000000000006921CC;17/03/23;13;0,122;R
ES0000000000006921CC;17/03/23;14;0,206;R
ES0000000000006921CC;17/03/23;15;0,175;R
ES0000000000006921CC;17/03/23;16;0,136;R
ES0000000000006921CC;17/03/23;17;0,177;R
ES0000000000006921CC;17/03/23;18;0,284;R
ES0000000000006921CC;17/03/23;19;0,104;R
ES0000000000006921CC;17/03/23;20;0,245;R
ES0000000000006921CC;17/03/23;21;0,184;R
ES0000000000006921CC;17/03/23;22;0,186;R
ES0000000000006921CC;17/03/23;23;0,164;R
ES0000000000006921CC;18/03/23;0;0,233;R
ES0000000000006921CC;18/03/23;1;0,1;R
ES0000000000006921CC;18/03/23;2;0,111;R
ES0000000000006921CC;18/03/23;3;0,069;R
ES0000000000006921CC;18/03/23;4;0,092;R
ES0000000000006921CC;18/03/23;5;0,068;R
ES0000000000006921CC;18/03/23;6;0,078;R
ES0000000000006921CC;18/03/23;7;0,089;R
ES0000000000006921CC;18/03/23;8;0,097;R
ES0000000000006921CC;18/03/23;9;0,149;R
ES0000000000006921CC;18/03/23;10;0,35;R
ES0000000000006921CC;18/03/23;11;0,209;R
ES0000000000006921CC;18/03/23;12;0,512;R
ES0000000000006921CC;18/03/23;13;0,125;R
ES0000000000006921CC;18/03/23;14;0,952;R
ES0000000000006921CC;18/03/23;15;0,472;R
ES0000000000006921CC;18/03/23;16;0,209;R
ES0000000000006921CC;18/03/23;17;0,103;R
ES0000000000006921CC;18/03/23;18;0,096;R
ES0000000000006921CC;18/03/23;19;0,132;R
ES0000000000006921CC;18/03/23;20;0,178;R
ES0000000000006921CC;18/03/23;21;0,214;R
ES0000000000006921CC;18/03/23;22;0,17;R
ES0000000000006921CC;18/03/23;23;0,176;R
ES0000000000006921CC;19/03/23;0;0,211;R
ES0000000000006921CC;19/03/23;1;0,219;R
ES0000000000006921CC;19/03/23;2;0,174;R
ES0000000000006921CC;19/03/23;3;0,133;R
ES0000000000006921CC;19/03/23;4;0,092;R
ES0000000000006921CC;19/03/23;5;0,089;R
ES0000000000006921CC;19/03/23;6;0,093;R
ES0000000000006921CC;19/03/23;7;0,083;R
ES0000000000006921CC;19/03/23;8;0,093;R
ES0000000000006921CC;19/03/23;9;0,233;R
ES0000000000006921CC;19/03/23;10;0,173;R
ES0000000000006921CC;19/03/23;11;0,24;R
ES0000000000006921CC;19/03/23;12;0,143;R
ES0000000000006921CC;19/03/23;13;0,895;R
ES0000000000006921CC;19/03/23;14;0,418;R
ES0000000000006921CC;19/03/23;15;0,79;R
ES0000000000006921CC;19/03/23;16;0,096;R
ES0000000000006921CC;19/03/23;17;0,184;R
ES0000000000006921CC;19/03/23;18;0,157;R
ES0000000000006921CC;19/03/23;19;0,127;R
ES0000000000006921CC;19/03/23;20;0,178;R
ES0000000000006921CC;19/03/23;21;0,178;R
ES0000000000006921CC;19/03/23;22;0,144;R
ES0000000000006921CC;19/03/23;23;0,176;R
ES0000000000006921CC;20/03/23;0;0,253;R
ES0000000000006921CC;20/03/23;1;0,153;R
ES0000000000006921CC;20/03/23;2;0,093;R
ES0000000000006921CC;20/03/23;3;0,094;R
ES0000000000006921CC;20/03/23;4;0,09;R
ES0000000000006921CC;20/03/23;5;0,08;R
ES0000000000006921CC;20/03/23;6;0,077;R
ES0000000000006921CC;20/03/23;7;0,078;R
ES0000000000006921CC;20/03/23;8;0,077;R
ES0000000000006921CC;20/03/23;9;0,078;R
ES0000000000006921CC;20/03/23;10;0,243;R
ES0000000000006921CC;20/03/23;11;0,37;R
ES0000000000006921CC;20/03/23;12;0,172;R
ES0000000000006921CC;20/03/23;13;0,148;R
ES0000000000006921CC;20/03/23;14;0,296;R
ES0000000000006921CC;20/03/23;15;0,167;R
ES0000000000006921CC;20/03/23;16;0,119;R
ES0000000000006921CC;20/03/23;17;0,127;R
ES0000000000006921CC;20/03/23;18;0,15;R
ES0000000000006921CC;20/03/23;19;0,224;R
ES0000000000006921CC;20/03/23;20;0,132;R
ES0000000000006921CC;20/03/23;21;0,204;R
ES0000000000006921CC;20/03/23;22;0,186;R
ES0000000000006921CC;20/03/23;23;0,181;R
ES0000000000006921CC;21/03/23;0;0,194;R
ES0000000000006921CC;21/03/23;1;0,721;R
ES0000000000006921CC;21/03/23;2;0,661;R
ES0000000000006921CC;21/03/23;3;0,174;R
ES0000000000006921CC;21/03/23;4;0,123;R
ES0000000000006921CC;21/03/23;5;0,114;R
ES0000000000006921CC;21/03/23;6;0,077;R
ES0000000000006921CC;21/03/23;7;0,096;R
ES0000000000006921CC;21/03/23;8;0,084;R
ES0000000000006921CC;21/03/23;9;0,164;R
ES0000000000006921CC;21/03/23;10;0,374;R
ES0000000000006921CC;21/03/23;11;0,233;R
ES0000000000006921CC;21/03/23;12;0,099;R
ES0000000000006921CC;21/03/23;13;0,235;R
ES0000000000006921CC;21/03/23;14;0,597;R
ES0000000000006921CC;21/03/23;15;0,129;R
ES0000000000006921CC;21/03/23;16;0,668;R
ES0000000000006921CC;21/03/23;17;0,13;R
ES0000000000006921CC;21/03/23;18;0,115;R
ES0000000000006921CC;21/03/23;19;0,141;R
ES0000000000006921CC;21/03/23;20;0,266;R
ES0000000000006921CC;21/03/23;21;0,203;R
ES0000000000006921CC;21/03/23;22;0,163;R
ES0000000000006921CC;21/03/23;23;0,196;R
ES0000000000006921CC;22/03/23;0;0,171;R
ES0000000000006921CC;22/03/23;1;0,217;R
ES0000000000006921CC;22/03/23;2;0,085;R
ES0000000000006921CC;22/03/23;3;0,093;R
ES0000000000006921CC;22/03/23;4;0,074;R
ES0000000000006921CC;22/03/23;5;0,097;R
ES0000000000006921CC;22/03/23;6;0,075;R
ES0000000000006921CC;22/03/23;7;0,092;R
ES0000000000006921CC;22/03/23;8;0,146;R
ES0000000000006921CC;22/03/23;9;0,11;R
ES0000000000006921CC;22/03/23;10;0,206;R
ES0000000000006921CC;22/03/23;11;0,09;R
ES0000000000006921CC;22/03/23;12;0,115;R
ES0000000000006921CC;22/03/23;13;0,174;R
ES0000000000006921CC;22/03/23;14;0,189;R
ES0000000000006921CC;22/03/23;15;0,182;R
ES0000000000006921CC;22/03/23;16;0,095;R
ES0000000000006921CC;22/03/23;17;0,101;R
ES0000000000006921CC;22/03/23;18;0,118;R
ES0000000000006921CC;22/03/23;19;0,135;R
ES0000000000006921CC;22/03/23;20;0,191;R
ES0000000000006921CC;22/03/23;21;0,177;R
ES0000000000006921CC;22/03/23;22;0,175;R
ES0000000000006921CC;22/03/23;23;0,2;R
ES0000000000006921CC;23/03/23;0;0,25;R
ES0000000000006921CC;23/03/23;1;0,163;R
ES0000000000006921CC;23/03/23;2;0,074;R
ES0000000000006921CC;23/03/23;3;0,092;R
ES0000000000006921CC;23/03/23;4;0,074;R
ES0000000000006921CC;23/03/23;5;0,091;R
ES0000000000006921CC;23/03/23;6;0,138;R
ES0000000000006921CC;23/03/23;7;0,172;R
ES0000000000006921CC;23/03/23;8;0,084;R
ES0000000000006921CC;23/03/23;9;0,207;R
ES0000000000006921CC;23/03/23;10;0,156;R
ES0000000000006921CC;23/03/23;11;0,272;R
ES0000000000006921CC;23/03/23;12;0,131;R
ES0000000000006921CC;23/03/23;13;0,128;R
ES0000000000006921CC;23/03/23;14;0,41;R
ES0000000000006921CC;23/03/23;15;0,178;R
ES0000000000006921CC;23/03/23;16;0,12;R
ES0000000000006921CC;23/03/23;17;0,151;R
ES0000000000006921CC;23/03/23;18;0,123;R
ES0000000000006921CC;23/03/23;19;0,137;R
ES0000000000006921CC;23/03/23;20;0,18;R
ES0000000000006921CC;23/03/23;21;0,169;R
ES0000000000006921CC;23/03/23;22;0,27;R
ES0000000000006921CC;23/03/23;23;0,263;R
ES0000000000006921CC;24/03/23;0;0,24;R
ES0000000000006921CC;24/03/23;1;0,167;R
ES0000000000006921CC;24/03/23;2;0,07;R
ES0000000000006921CC;24/03/23;3;0,11;R
ES0000000000006921CC;24/03/23;4;0,092;R
ES0000000000006921CC;24/03/23;5;0,095;R
ES0000000000006921CC;24/03/23;6;0,079;R
ES0000000000006921CC;24/03/23;7;0,091;R
ES0000000000006921CC;24/03/23;8;0,15;R
ES0000000000006921CC;24/03/23;9;0,234;R
ES0000000000006921CC;24/03/23;10;0,236;R
ES0000000000006921CC;24/03/23;11;0,224;R
ES0000000000006921CC;24/03/23;12;0,116;R
ES0000000000006921CC;24/03/23;13;0,232;R
ES0000000000006921CC;24/03/23;14;0,18;R
ES0000000000006921CC;24/03/23;15;0,136;R
ES0000000000006921CC;24/03/23;16;0,22;R
ES0000000000006921CC;24/03/23;17;0,106;R
ES0000000000006921CC;24/03/23;18;0,164;R
ES0000000000006921CC;24/03/23;19;0,113;R
ES0000000000006921CC;24/03/23;20;0,293;R
ES0000000000006921CC;24/03/23;21;0,248;R
ES0000000000006921CC;24/03/23;22;0,2;R
ES0000000000006921CC;24/03/23;23;0,171;R
ES0000000000006921CC;25/03/23;0;0,32;R
ES0000000000006921CC;25/03/23;1;0,713;R
ES0000000000006921CC;25/03/23;2;0,676;R
ES0000000000006921CC;25/03/23;3;0,102;R
ES0000000000006921CC;25/03/23;4;0,112;R
ES0000000000006921CC;25/03/23;5;0,268;R
ES0000000000006921CC;25/03/23;6;0,36;R
ES0000000000006921CC;25/03/23;7;0,098;R
ES0000000000006921CC;25/03/23;8;0,091;R
ES0000000000006921CC;25/03/23;9;0,113;R
ES0000000000006921CC;25/03/23;10;0,216;R
ES0000000000006921CC;25/03/23;11;0,2;R
ES0000000000006921CC;25/03/23;12;0,113;R
ES0000000000006921CC;25/03/23;13;0,13;R
ES0000000000006921CC;25/03/23;14;0,113;R
ES0000000000006921CC;25/03/23;15;0,353;R
ES0000000000006921CC;25/03/23;16;0,135;R
ES0000000000006921CC;25/03/23;17;0,165;R
ES0000000000006921CC;25/03/23;18;0,12;R
ES0000000000006921CC;25/03/23;19;0,2;R
ES0000000000006921CC;25/03/23;20;0,307;R
ES0000000000006921CC;25/03/23;21;0,172;R
ES0000000000006921CC;25/03/23;22;0,192;R
ES0000000000006921CC;25/03/23;23;0,222;R
ES0000000000006921CC;26/03/23;0;0,178;R
ES0000000000006921CC;26/03/23;1;0,166;R
ES0000000000006921CC;26/03/23;3;0,094;R
ES0000000000006921CC;26/03/23;4;0,082;R
ES0000000000006921CC;26/03/23;5;0,09;R
ES0000000000006921CC;26/03/23;6;0,075;R
ES0000000000006921CC;26/03/23;7;0,09;R
ES0000000000006921CC;26/03/23;8;0,072;R
ES0000000000006921CC;26/03/23;9;0,091;R
ES0000000000006921CC;26/03/23;10;0,081;R
ES0000000000006921CC;26/03/23;11;0,274;R
ES0000000000006921CC;26/03/23;12;0,393;R
ES0000000000006921CC;26/03/23;13;0,177;R
ES0000000000006921CC;26/03/23;14;0,137;R
ES0000000000006921CC;26/03/23;15;0,584;R
ES0000000000006921CC;26/03/23;16;0,139;R
ES0000000000006921CC;26/03/23;17;0,157;R
ES0000000000006921CC;26/03/23;18;0,193;R
ES0000000000006921CC;26/03/23;19;0,144;R
ES0000000000006921CC;26/03/23;20;0,198;R
ES0000000000006921CC;26/03/23;21;0,113;R
ES0000000000006921CC;26/03/23;22;0,117;R
ES0000000000006921CC;26/03/23;23;0,157;R
ES0000000000006921CC;27/03/23;0;0,187;R
ES0000000000006921CC;27/03/23;1;0,215;R
ES0000000000006921CC;27/03/23;2;0,152;R
ES0000000000006921CC;27/03/23;3;0,097;R
ES0000000000006921CC;27/03/23;4;0,073;R
ES0000000000006921CC;27/03/23;5;0,086;R
ES0000000000006921CC;27/03/23;6;0,07;R
ES0000000000006921CC;27/03/23;7;0,085;R
ES0000000000006921CC;27/03/23;8;0,086;R
ES0000000000006921CC;27/03/23;9;0,096;R
ES0000000000006921CC;27/03/23;10;0,23;R
ES0000000000006921CC;27/03/23;11;0,163;R
ES0000000000006921CC;27/03/23;12;0,221;R
ES0000000000006921CC;27/03/23;13;0,128;R
ES0000000000006921CC;27/03/23;14;0,15;R
ES0000000000006921CC;27/03/23;15;0,163;R
ES0000000000006921CC;27/03/23;16;0,154;R
ES0000000000006921CC;27/03/23;17;0,128;R
ES0000000000006921CC;27/03/23;18;0,118;R
ES0000000000006921CC;27/03/23;19;0,155;R
ES0000000000006921CC;27/03/23;20;0,199;R
ES0000000000006921CC;27/03/23;21;0,155;R
ES0000000000006921CC;27/03/23;22;0,141;R
ES0000000000006921CC;27/03/23;23;0,226;R
ES0000000000006921CC;28/03/23;0;0,229;R
ES0000000000006921CC;28/03/23;1;0,176;R
ES0000000000006921CC;28/03/23;2;0,081;R
ES0000000000006921CC;28/03/23;3;0,09;R
ES0000000000006921CC;28/03/23;4;0,079;R
ES0000000000006921CC;28/03/23;5;0,089;R
ES0000000000006921CC;28/03/23;6;0,078;R
ES0000000000006921CC;28/03/23;7;0,087;R
ES0000000000006921CC;28/03/23;8;0,079;R
ES0000000000006921CC;28/03/23;9;0,087;R
ES0000000000006921CC;28/03/23;10;0,244;R
ES0000000000006921CC;28/03/23;11;0,281;R
ES0000000000006921CC;28/03/23;12;0,094;R
ES0000000000006921CC;28/03/23;13;0,175;R
ES0000000000006921CC;28/03/23;14;0,404;R
ES0000000000006921CC;28/03/23;15;0,405;R
ES0000000000006921CC;28/03/23;16;0,156;R
ES0000000000006921CC;28/03/23;17;0,143;R
ES0000000000006921CC;28/03/23;18;0,099;R
ES0000000000006921CC;28/03/23;19;0,131;R
ES0000000000006921CC;28/03/23;20;0,165;R
ES0000000000006921CC;28/03/23;21;0,329;R
ES0000000000006921CC;28/03/23;22;0,263;R
ES0000000000006921CC;28/03/23;23;0,269;R
ES0000000000006921CC;29/03/23;0;0,236;R
ES0000000000006921CC;29/03/23;1;0,765;R
ES0000000000006921CC;29/03/23;2;0,717;R
ES0000000000006921CC;29/03/23;3;0,147;R
ES0000000000006921CC;29/03/23;4;0,129;R
ES0000000000006921CC;29/03/23;5;0,137;R
ES0000000000006921CC;29/03/23;6;0,111;R
ES0000000000006921CC;29/03/23;7;0,134;R
ES0000000000006921CC;29/03/23;8;0,177;R
ES0000000000006921CC;29/03/23;9;0,264;R
ES0000000000006921CC;29/03/23;10;0,351;R
ES0000000000006921CC;29/03/23;11;0,093;R
ES0000000000006921CC;29/03/23;12;0,237;R
ES0000000000006921CC;29/03/23;13;0,217;R
ES0000000000006921CC;29/03/23;14;0,13;R
ES0000000000006921CC;29/03/23;15;0,072;R
ES0000000000006921CC;29/03/23;16;0,102;R
ES0000000000006921CC;29/03/23;17;0,084;R
ES0000000000006921CC;29/03/23;18;0,108;R
ES0000000000006921CC;29/03/23;19;0,083;R
ES0000000000006921CC;29/03/23;20;0,102;R
ES0000000000006921CC;29/03/23;21;0,073;R
ES0000000000006921CC;29/03/23;22;0,103;R
ES0000000000006921CC;29/03/23;23;0,078;R
ES0000000000006921CC;30/03/23;0;0,103;R
ES0000000000006921CC;30/03/23;1;0,069;R
ES0000000000006921CC;30/03/23;2;0,095;R
ES0000000000006921CC;30/03/23;3;0,08;R
ES0000000000006921CC;30/03/23;4;0,103;R
ES0000000000006921CC;30/03/23;5;0,144;R
ES0000000000006921CC;30/03/23;6;0,158;R
ES0000000000006921CC;30/03/23;7;0,077;R
ES0000000000006921CC;30/03/23;8;0,092;R
ES0000000000006921CC;30/03/23;9;0,074;R
ES0000000000006921CC;30/03/23;10;0,094;R
ES0000000000006921CC;30/03/23;11;0,07;R
ES0000000000006921CC;30/03/23;12;0,095;R
ES0000000000006921CC;30/03/23;13;0,076;R
ES0000000000006921CC;30/03/23;14;0,102;R
ES0000000000006921CC;30/03/23;15;0,083;R
ES0000000000006921CC;30/03/23;16;0,103;R
ES0000000000006921CC;30/03/23;17;0,084;R
ES0000000000006921CC;30/03/23;18;0,095;R
ES0000000000006921CC;30/03/23;19;0,073;R
ES0000000000006921CC;30/03/23;20;0,093;R
ES0000000000006921CC;30/03/23;21;0,076;R
ES0000000000006921CC;30/03/23;22;0,101;R
ES0000000000006921CC;30/03/23;23;0,082;R
ES0000000000006921CC;31/03/23;0;0,097;R
ES0000000000006921CC;31/03/23;1;0,084;R
ES0000000000006921CC;31/03/23;2;0,099;R
ES0000000000006921CC;31/03/23;3;0,085;R
ES0000000000006921CC;31/03/23;4;0,097;R
ES0000000000006921CC;31/03/23;5;0,084;R
ES0000000000006921CC;31/03/23;6;0,094;R
ES0000000000006921CC;31/03/23;7;0,079;R
ES0000000000006921CC;31/03/23;8;0,085;R
ES0000000000006921CC;31/03/23;9;0,079;R
ES0000000000006921CC;31/03/23;10;0,086;R
ES0000000000006921CC;31/03/23;11;0,081;R
ES0000000000006921CC;31/03/23;12;0,085;R
ES0000000000006921CC;31/03/23;13;0,08;R
ES0000000000006921CC;31/03/23;14;0,085;R
ES0000000000006921CC;31/03/23;15;0,081;R
ES0000000000006921CC;31/03/23;16;0,092;R
ES0000000000006921CC;31/03/23;17;0,091;R
ES0000000000006921CC;31/03/23;18;0,091;R
ES0000000000006921CC;31/03/23;19;0,093;R
ES0000000000006921CC;31/03/23;20;0,091;R
ES0000000000006921CC;31/03/23;21;0,093;R
ES0000000000006921CC;31/03/23;22;0,088;R
ES0000000000006921CC;31/03/23;23;0,093;R
ES0000000000006921CC;01/04/23;0;0,086;R
ES0000000000006921CC;01/04/23;1;0,087;R
ES0000000000006921CC;01/04/23;2;0,079;R
ES0000000000006921CC;01/04/23;3;0,143;R
ES0000000000006921CC;01/04/23;4;0,147;R
ES0000000000006921CC;01/04/23;5;0,103;R
ES0000000000006921CC;01/04/23;6;0,069;R
ES0000000000006921CC;01/04/23;7;0,097;R
ES0000000000006921CC;01/04/23;8;0,073;R
ES0000000000006921CC;01/04/23;9;0,094;R
ES0000000000006921CC;01/04/23;10;0,072;R
ES0000000000006921CC;01/04/23;11;0,097;R
ES0000000000006921CC;01/04/23;12;0,072;R
ES0000000000006921CC;01/04/23;13;0,097;R
ES0000000000006921CC;01/04/23;14;0,072;R
ES0000000000006921CC;01/04/23;15;0,102;R
ES0000000000006921CC;01/04/23;16;0,076;R
ES0000000000006921CC;01/04/23;17;0,103;R
ES0000000000006921CC;01/04/23;18;0,079;R
ES0000000000006921CC;01/04/23;19;0,104;R
ES0000000000006921CC;01/04/23;20;0,078;R
ES0000000000006921CC;01/04/23;21;0,103;R
ES0000000000006921CC;01/04/23;22;0,083;R
ES0000000000006921CC;01/04/23;23;0,102;R
ES0000000000006921CC;02/04/23;0;0,081;R
ES0000000000006921CC;02/04/23;1;0,092;R
ES0000000000006921CC;02/04/23;2;0,074;R
ES0000000000006921CC;02/04/23;3;0,089;R
ES0000000000006921CC;02/04/23;4;0,077;R
ES0000000000006921CC;02/04/23;5;0,089;R
ES0000000000006921CC;02/04/23;6;0,079;R
ES0000000000006921CC;02/04/23;7;0,088;R
ES0000000000006921CC;02/04/23;8;0,08;R
ES0000000000006921CC;02/04/23;9;0,085;R
ES0000000000006921CC;02/04/23;10;0,075;R
ES0000000000006921CC;02/04/23;11;0,081;R
ES0000000000006921CC;02/04/23;12;0,076;R
ES0000000000006921CC;02/04/23;13;0,078;R
ES0000000000006921CC;02/04/23;14;0,08;R
ES0000000000006921CC;02/04/23;15;0,078;R
ES0000000000006921CC;02/04/23;16;0,083;R
ES0000000000006921CC;02/04/23;17;0,08;R
ES0000000000006921CC;02/04/23;18;0,084;R
ES0000000000006921CC;02/04/23;19;0,081;R
ES0000000000006921CC;02/04/23;20;0,087;R
ES0000000000006921CC;02/04/23;21;0,078;R
ES0000000000006921CC;02/04/23;22;0,093;R
ES0000000000006921CC;02/04/23;23;0,084;R
ES0000000000006921CC;03/04/23;0;0,097;R
ES0000000000006921CC;03/04/23;1;0,077;R
ES0000000000006921CC;03/04/23;2;0,092;R
ES0000000000006921CC;03/04/23;3;0,075;R
ES0000000000006921CC;03/04/23;4;0,152;R
ES0000000000006921CC;03/04/23;5;0,143;R
ES0000000000006921CC;03/04/23;6;0,107;R
ES0000000000006921CC;03/04/23;7;0,067;R
ES0000000000006921CC;03/04/23;8;0,091;R
ES0000000000006921CC;03/04/23;9;0,063;R
ES0000000000006921CC;03/04/23;10;0,088;R
ES0000000000006921CC;03/04/23;11;0,06;R
ES0000000000006921CC;03/04/23;12;0,088;R
ES0000000000006921CC;03/04/23;13;0,072;R
ES0000000000006921CC;03/04/23;14;0,096;R
ES0000000000006921CC;03/04/23;15;0,074;R
ES0000000000006921CC;03/04/23;16;0,094;R
ES0000000000006921CC;03/04/23;17;0,074;R
ES0000000000006921CC;03/04/23;18;0,092;R
ES0000000000006921CC;03/04/23;19;0,077;R
ES0000000000006921CC;03/04/23;20;0,092;R
ES0000000000006921CC;03/04/23;21;0,08;R
ES0000000000006921CC;03/04/23;22;0,099;R
ES0000000000006921CC;03/04/23;23;0,089;R
ES0000000000006921CC;04/04/23;0;0,092;R
ES0000000000006921CC;04/04/23;1;0,075;R
ES0000000000006921CC;04/04/23;2;0,077;R
ES0000000000006921CC;04/04/23;3;0,074;R
ES0000000000006921CC;04/04/23;4;0,074;R
ES0000000000006921CC;04/04/23;5;0,075;R
ES0000000000006921CC;04/04/23;6;0,076;R
ES0000000000006921CC;04/04/23;7;0,088;R
ES0000000000006921CC;04/04/23;8;0,081;R
ES0000000000006921CC;04/04/23;9;0,091;R
ES0000000000006921CC;04/04/23;10;0,078;R
ES0000000000006921CC;04/04/23;11;0,09;R
ES0000000000006921CC;04/04/23;12;0,076;R
ES0000000000006921CC;04/04/23;13;0,094;R
ES0000000000006921CC;04/04/23;14;0,071;R
ES0000000000006921CC;04/04/23;15;0,085;R
ES0000000000006921CC;04/04/23;16;0,066;R
ES0000000000006921CC;04/04/23;17;0,09;R
ES0000000000006921CC;04/04/23;18;0,067;R
ES0000000000006921CC;04/04/23;19;0,093;R
ES0000000000006921CC;04/04/23;20;0,064;R
ES0000000000006921CC;04/04/23;21;0,095;R
ES0000000000006921CC;04/04/23;22;0,072;R
ES0000000000006921CC;04/04/23;23;0,104;R
ES0000000000006921CC;05/04/23;0;0,081;R
ES0000000000006921CC;05/04/23;1;0,093;R
ES0000000000006921CC;05/04/23;2;0,078;R
ES0000000000006921CC;05/04/23;3;0,091;R
ES0000000000006921CC;05/04/23;4;0,079;R
ES0000000000006921CC;05/04/23;5;0,455;R
ES0000000000006921CC;05/04/23;6;0,17;R
ES0000000000006921CC;05/04/23;7;0,086;R
ES0000000000006921CC;05/04/23;8;0,16;R
ES0000000000006921CC;05/04/23;9;0,102;R
ES0000000000006921CC;05/04/23;10;0,081;R
ES0000000000006921CC;05/04/23;11;0,086;R
ES0000000000006921CC;05/04/23;12;0,085;R
ES0000000000006921CC;05/04/23;13;0,083;R
ES0000000000006921CC;05/04/23;14;0,086;R
ES0000000000006921CC;05/04/23;15;0,081;R
ES0000000000006921CC;05/04/23;16;0,088;R
ES0000000000006921CC;05/04/23;17;0,08;R
ES0000000000006921CC;05/04/23;18;0,087;R
ES0000000000006921CC;05/04/23;19;0,071;R
ES0000000000006921CC;05/04/23;20;0,085;R
ES0000000000006921CC;05/04/23;21;0,071;R
ES0000000000006921CC;05/04/23;22;0,093;R
ES0000000000006921CC;05/04/23;23;0,075;R
ES0000000000006921CC;06/04/23;0;0,091;R
ES0000000000006921CC;06/04/23;1;0,072;R
ES0000000000006921CC;06/04/23;2;0,097;R
ES0000000000006921CC;06/04/23;3;0,07;R
ES0000000000006921CC;06/04/23;4;0,097;R
ES0000000000006921CC;06/04/23;5;0,072;R
ES0000000000006921CC;06/04/23;6;0,095;R
ES0000000000006921CC;06/04/23;7;0,073;R
ES0000000000006921CC;06/04/23;8;0,094;R
ES0000000000006921CC;06/04/23;9;0,076;R
ES0000000000006921CC;06/04/23;10;0,084;R
ES0000000000006921CC;06/04/23;11;0,064;R
ES0000000000006921CC;06/04/23;12;0,078;R
ES0000000000006921CC;06/04/23;13;0,067;R
ES0000000000006921CC;06/04/23;14;0,08;R
ES0000000000006921CC;06/04/23;15;0,079;R
ES0000000000006921CC;06/04/23;16;0,087;R
ES0000000000006921CC;06/04/23;17;0,08;R
ES0000000000006921CC;06/04/23;18;0,085;R
ES0000000000006921CC;06/04/23;19;0,083;R
ES0000000000006921CC;06/04/23;20;0,084;R
ES0000000000006921CC;06/04/23;21;0,086;R
ES0000000000006921CC;06/04/23;22;0,091;R
ES0000000000006921CC;06/04/23;23;0,096;R
ES0000000000006921CC;07/04/23;0;0,086;R
ES0000000000006921CC;07/04/23;1;0,089;R
ES0000000000006921CC;07/04/23;2;0,077;R
ES0000000000006921CC;07/04/23;3;0,09;R
ES0000000000006921CC;07/04/23;4;0,078;R
ES0000000000006921CC;07/04/23;5;0,091;R
ES0000000000006921CC;07/04/23;6;0,068;R
ES0000000000006921CC;07/04/23;7;0,085;R
ES0000000000006921CC;07/04/23;8;0,064;R
ES0000000000006921CC;07/04/23;9;0,087;R
ES0000000000006921CC;07/04/23;10;0,062;R
ES0000000000006921CC;07/04/23;11;0,163;R
ES0000000000006921CC;07/04/23;12;0,136;R
ES0000000000006921CC;07/04/23;13;0,093;R
ES0000000000006921CC;07/04/23;14;0,073;R
ES0000000000006921CC;07/04/23;15;0,097;R
ES0000000000006921CC;07/04/23;16;0,069;R
ES0000000000006921CC;07/04/23;17;0,097;R
ES0000000000006921CC;07/04/23;18;0,072;R
ES0000000000006921CC;07/04/23;19;0,095;R
ES0000000000006921CC;07/04/23;20;0,073;R
ES0000000000006921CC;07/04/23;21;0,097;R
ES0000000000006921CC;07/04/23;22;0,083;R
ES0000000000006921CC;07/04/23;23;0,1;R
ES0000000000006921CC;08/04/23;0;0,084;R
ES0000000000006921CC;08/04/23;1;0,09;R
ES0000000000006921CC;08/04/23;2;0,078;R
ES0000000000006921CC;08/04/23;3;0,084;R
ES0000000000006921CC;08/04/23;4;0,075;R
ES0000000000006921CC;08/04/23;5;0,084;R
ES0000000000006921CC;08/04/23;6;0,078;R
ES0000000000006921CC;08/04/23;7;0,081;R
ES0000000000006921CC;08/04/23;8;0,078;R
ES0000000000006921CC;08/04/23;9;0,079;R
ES0000000000006921CC;08/04/23;10;0,08;R
ES0000000000006921CC;08/04/23;11;0,077;R
ES0000000000006921CC;08/04/23;12;0,082;R
ES0000000000006921CC;08/04/23;13;0,076;R
ES0000000000006921CC;08/04/23;14;0,085;R
ES0000000000006921CC;08/04/23;15;0,08;R
ES0000000000006921CC;08/04/23;16;0,089;R
ES0000000000006921CC;08/04/23;17;0,08;R
ES0000000000006921CC;08/04/23;18;0,091;R
ES0000000000006921CC;08/04/23;19;0,079;R
ES0000000000006921CC;08/04/23;20;0,094;R
ES0000000000006921CC;08/04/23;21;0,082;R
ES0000000000006921CC;08/04/23;22;0,102;R
ES0000000000006921CC;08/04/23;23;0,085;R
ES0000000000006921CC;09/04/23;0;0,102;R
ES0000000000006921CC;09/04/23;1;0,074;R
ES0000000000006921CC;09/04/23;2;0,098;R
ES0000000000006921CC;09/04/23;3;0,071;R
ES0000000000006921CC;09/04/23;4;0,096;R
ES0000000000006921CC;09/04/23;5;0,07;R
ES0000000000006921CC;09/04/23;6;0,095;R
ES0000000000006921CC;09/04/23;7;0,071;R
ES0000000000006921CC;09/04/23;8;0,097;R
ES0000000000006921CC;09/04/23;9;0,073;R
ES0000000000006921CC;09/04/23;10;0,092;R
ES0000000000006921CC;09/04/23;11;0,074;R
ES0000000000006921CC;09/04/23;12;0,161;R
ES0000000000006921CC;09/04/23;13;0,102;R
ES0000000000006921CC;09/04/23;14;0,09;R
ES0000000000006921CC;09/04/23;15;0,084;R
ES0000000000006921CC;09/04/23;16;0,094;R
ES0000000000006921CC;09/04/23;17;0,085;R
ES0000000000006921CC;09/04/23;18;0,094;R
ES0000000000006921CC;09/04/23;19;0,086;R
ES0000000000006921CC;09/04/23;20;0,096;R
ES0000000000006921CC;09/04/23;21;0,085;R
ES0000000000006921CC;09/04/23;22;0,097;R
ES0000000000006921CC;09/04/23;23;0,089;R
ES0000000000006921CC;10/04/23;0;0,09;R
ES0000000000006921CC;10/04/23;1;0,083;R
ES0000000000006921CC;10/04/23;2;0,081;R
ES0000000000006921CC;10/04/23;3;0,084;R
ES0000000000006921CC;10/04/23;4;0,082;R
ES0000000000006921CC;10/04/23;5;0,084;R
ES0000000000006921CC;10/04/23;6;0,079;R
ES0000000000006921CC;10/04/23;7;0,087;R
ES0000000000006921CC;10/04/23;8;0,078;R
ES0000000000006921CC;10/04/23;9;0,088;R
ES0000000000006921CC;10/04/23;10;0,08;R
ES0000000000006921CC;10/04/23;11;0,095;R
ES0000000000006921CC;10/04/23;12;0,08;R
ES0000000000006921CC;10/04/23;13;0,097;R
ES0000000000006921CC;10/04/23;14;0,083;R
ES0000000000006921CC;10/04/23;15;0,097;R
ES0000000000006921CC;10/04/23;16;0,084;R
ES0000000000006921CC;10/04/23;17;0,092;R
ES0000000000006921CC;10/04/23;18;0,071;R
ES0000000000006921CC;10/04/23;19;0,094;R
ES0000000000006921CC;10/04/23;20;0,072;R
ES0000000000006921CC;10/04/23;21;0,097;R
ES0000000000006921CC;10/04/23;22;0,079;R
ES0000000000006921CC;10/04/23;23;0,105;R
ES0000000000006921CC;11/04/23;0;0,086;R
ES0000000000006921CC;11/04/23;1;0,106;R
ES0000000000006921CC;11/04/23;2;0,079;R
ES0000000000006921CC;11/04/23;3;0,104;R
ES0000000000006921CC;11/04/23;4;0,077;R
ES0000000000006921CC;11/04/23;5;0,093;R
ES0000000000006921CC;11/04/23;6;0,071;R
ES0000000000006921CC;11/04/23;7;0,092;R
ES0000000000006921CC;11/04/23;8;0,072;R
ES0000000000006921CC;11/04/23;9;0,091;R
ES0000000000006921CC;11/04/23;10;0,135;R
ES0000000000006921CC;11/04/23;11;0,164;R
ES0000000000006921CC;11/04/23;12;0,079;R
ES0000000000006921CC;11/04/23;13;0,105;R
ES0000000000006921CC;11/04/23;14;0,082;R
ES0000000000006921CC;11/04/23;15;0,087;R
ES0000000000006921CC;11/04/23;16;0,076;R
ES0000000000006921CC;11/04/23;17;0,086;R
ES0000000000006921CC;11/04/23;18;0,076;R
ES0000000000006921CC;11/04/23;19;0,109;R
ES0000000000006921CC;11/04/23;20;0,261;R
ES0000000000006921CC;11/04/23;21;0,279;R
ES0000000000006921CC;11/04/23;22;0,248;R
ES0000000000006921CC;11/04/23;23;0,267;R
ES0000000000006921CC;12/04/23;0;0,351;R
ES0000000000006921CC;12/04/23;1;0,22;R
ES0000000000006921CC;12/04/23;2;0,103;R
ES0000000000006921CC;12/04/23;3;0,108;R
ES0000000000006921CC;12/04/23;4;0,083;R
ES0000000000006921CC;12/04/23;5;0,105;R
ES0000000000006921CC;12/04/23;6;0,077;R
ES0000000000006921CC;12/04/23;7;0,118;R
ES0000000000006921CC;12/04/23;8;0,166;R
ES0000000000006921CC;12/04/23;9;0,225;R
ES0000000000006921CC;12/04/23;10;0,244;R
ES0000000000006921CC;12/04/23;11;0,107;R
ES0000000000006921CC;12/04/23;12;0,11;R
ES0000000000006921CC;12/04/23;13;0,128;R
ES0000000000006921CC;12/04/23;14;0,205;R
ES0000000000006921CC;12/04/23;15;0,368;R
ES0000000000006921CC;12/04/23;16;0,232;R
ES0000000000006921CC;12/04/23;17;0,104;R
ES0000000000006921CC;12/04/23;18;0,138;R
ES0000000000006921CC;12/04/23;19;0,125;R
ES0000000000006921CC;12/04/23;20;0,133;R
ES0000000000006921CC;12/04/23;21;0,167;R
ES0000000000006921CC;12/04/23;22;0,16;R
ES0000000000006921CC;12/04/23;23;0,159;R
ES0000000000006921CC;13/04/23;0;0,273;R
ES0000000000006921CC;13/04/23;1;0,151;R
ES0000000000006921CC;13/04/23;2;0,111;R
ES0000000000006921CC;13/04/23;3;0,085;R
ES0000000000006921CC;13/04/23;4;0,078;R
ES0000000000006921CC;13/04/23;5;0,334;R
ES0000000000006921CC;13/04/23;6;0,18;R
ES0000000000006921CC;13/04/23;7;0,091;R
ES0000000000006921CC;13/04/23;8;0,107;R
ES0000000000006921CC;13/04/23;9;0,073;R
ES0000000000006921CC;13/04/23;10;0,265;R
ES0000000000006921CC;13/04/23;11;0,152;R
ES0000000000006921CC;13/04/23;12;0,151;R
ES0000000000006921CC;13/04/23;13;0,115;R
ES0000000000006921CC;13/04/23;14;0,209;R
ES0000000000006921CC;13/04/23;15;0,381;R
ES0000000000006921CC;13/04/23;16;0,125;R
ES0000000000006921CC;13/04/23;17;0,124;R
ES0000000000006921CC;13/04/23;18;0,079;R
ES0000000000006921CC;13/04/23;19;0,095;R
ES0000000000006921CC;13/04/23;20;0,113;R
ES0000000000006921CC;13/04/23;21;0,123;R
ES0000000000006921CC;13/04/23;22;0,179;R
ES0000000000006921CC;13/04/23;23;0,13;R
ES0000000000006921CC;14/04/23;0;0,218;R
ES0000000000006921CC;14/04/23;1;0,109;R
ES0000000000006921CC;14/04/23;2;0,098;R
ES0000000000006921CC;14/04/23;3;0,079;R
ES0000000000006921CC;14/04/23;4;0,097;R
ES0000000000006921CC;14/04/23;5;0,081;R
ES0000000000006921CC;14/04/23;6;0,097;R
ES0000000000006921CC;14/04/23;7;0,085;R
ES0000000000006921CC;14/04/23;8;0,145;R
ES0000000000006921CC;14/04/23;9;0,222;R
ES0000000000006921CC;14/04/23;10;0,102;R
ES0000000000006921CC;14/04/23;11;0,152;R
ES0000000000006921CC;14/04/23;12;0,124;R
ES0000000000006921CC;14/04/23;13;0,117;R
ES0000000000006921CC;14/04/23;14;0,182;R
ES0000000000006921CC;14/04/23;15;0,227;R
ES0000000000006921CC;14/04/23;16;0,213;R
ES0000000000006921CC;14/04/23;17;0,106;R
ES0000000000006921CC;14/04/23;18;0,129;R
ES0000000000006921CC;14/04/23;19;0,13;R
ES0000000000006921CC;14/04/23;20;0,159;R
ES0000000000006921CC;14/04/23;21;0,217;R
ES0000000000006921CC;14/04/23;22;0,192;R
ES0000000000006921CC;14/04/23;23;0,142;R
ES0000000000006921CC;15/04/23;0;0,278;R
ES0000000000006921CC;15/04/23;1;0,128;R
ES0000000000006921CC;15/04/23;2;0,105;R
ES0000000000006921CC;15/04/23;3;0,076;R
ES0000000000006921CC;15/04/23;4;0,107;R
ES0000000000006921CC;15/04/23;5;0,082;R
ES0000000000006921CC;15/04/23;6;0,176;R
ES0000000000006921CC;15/04/23;7;0,157;R
ES0000000000006921CC;15/04/23;8;0,103;R
ES0000000000006921CC;15/04/23;9;0,075;R
ES0000000000006921CC;15/04/23;10;0,243;R
ES0000000000006921CC;15/04/23;11;0,691;R
ES0000000000006921CC;15/04/23;12;0,372;R
ES0000000000006921CC;15/04/23;13;0,106;R
ES0000000000006921CC;15/04/23;14;0,858;R
ES0000000000006921CC;15/04/23;15;1,193;R
ES0000000000006921CC;15/04/23;16;0,925;R
ES0000000000006921CC;15/04/23;17;0,18;R
ES0000000000006921CC;15/04/23;18;0,164;R
ES0000000000006921CC;15/04/23;19;0,151;R
ES0000000000006921CC;15/04/23;20;0,199;R
ES0000000000006921CC;15/04/23;21;0,2;R
ES0000000000006921CC;15/04/23;22;0,16;R
ES0000000000006921CC;15/04/23;23;0,193;R
ES0000000000006921CC;16/04/23;0;0,236;R
ES0000000000006921CC;16/04/23;1;0,202;R
ES0000000000006921CC;16/04/23;2;0,086;R
ES0000000000006921CC;16/04/23;3;0,099;R
ES0000000000006921CC;16/04/23;4;0,071;R
ES0000000000006921CC;16/04/23;5;0,1;R
ES0000000000006921CC;16/04/23;6;0,069;R
ES0000000000006921CC;16/04/23;7;0,178;R
ES0000000000006921CC;16/04/23;8;0,147;R
ES0000000000006921CC;16/04/23;9;0,116;R
ES0000000000006921CC;16/04/23;10;0,212;R
ES0000000000006921CC;16/04/23;11;0,285;R
ES0000000000006921CC;16/04/23;12;0,301;R
ES0000000000006921CC;16/04/23;13;0,117;R
ES0000000000006921CC;16/04/23;14;0,453;R
ES0000000000006921CC;16/04/23;15;0,601;R
ES0000000000006921CC;16/04/23;16;0,145;R
ES0000000000006921CC;16/04/23;17;0,133;R
ES0000000000006921CC;16/04/23;18;0,124;R
ES0000000000006921CC;16/04/23;19;0,137;R
ES0000000000006921CC;16/04/23;20;0,161;R
ES0000000000006921CC;16/04/23;21;0,2;R
ES0000000000006921CC;16/04/23;22;0,199;R
ES0000000000006921CC;16/04/23;23;0,339;R
ES0000000000006921CC;17/04/23;0;0,248;R
ES0000000000006921CC;17/04/23;1;0,157;R
ES0000000000006921CC;17/04/23;2;0,1;R
ES0000000000006921CC;17/04/23;3;0,07;R
ES0000000000006921CC;17/04/23;4;0,114;R
ES0000000000006921CC;17/04/23;5;0,079;R
ES0000000000006921CC;17/04/23;6;0,08;R
ES0000000000006921CC;17/04/23;7;0,097;R
ES0000000000006921CC;17/04/23;8;0,097;R
ES0000000000006921CC;17/04/23;9;0,112;R
ES0000000000006921CC;17/04/23;10;0,221;R
ES0000000000006921CC;17/04/23;11;0,342;R
ES0000000000006921CC;17/04/23;12;0,095;R
ES0000000000006921CC;17/04/23;13;0,109;R
ES0000000000006921CC;17/04/23;14;0,341;R
ES0000000000006921CC;17/04/23;15;0,336;R
ES0000000000006921CC;17/04/23;16;0,175;R
ES0000000000006921CC;17/04/23;17;0,142;R
ES0000000000006921CC;17/04/23;18;0,191;R
ES0000000000006921CC;17/04/23;19;0,177;R
ES0000000000006921CC;17/04/23;20;0,218;R
ES0000000000006921CC;17/04/23;21;0,133;R
ES0000000000006921CC;17/04/23;22;0,13;R
ES0000000000006921CC;17/04/23;23;0,166;R
ES0000000000006921CC;18/04/23;0;0,223;R
ES0000000000006921CC;18/04/23;1;0,21;R
ES0000000000006921CC;18/04/23;2;0,12;R
ES0000000000006921CC;18/04/23;3;0,091;R
ES0000000000006921CC;18/04/23;4;0,076;R
ES0000000000006921CC;18/04/23;5;0,086;R
ES0000000000006921CC;18/04/23;6;0,076;R
ES0000000000006921CC;18/04/23;7;0,106;R
ES0000000000006921CC;18/04/23;8;0,15;R
ES0000000000006921CC;18/04/23;9;0,199;R
ES0000000000006921CC;18/04/23;10;0,281;R
ES0000000000006921CC;18/04/23;11;0,197;R
ES0000000000006921CC;18/04/23;12;0,12;R
ES0000000000006921CC;18/04/23;13;0,148;R
ES0000000000006921CC;18/04/23;14;0,12;R
ES0000000000006921CC;18/04/23;15;0,214;R
ES0000000000006921CC;18/04/23;16;0,156;R
ES0000000000006921CC;18/04/23;17;0,119;R
ES0000000000006921CC;18/04/23;18;0,129;R
ES0000000000006921CC;18/04/23;19;0,148;R
ES0000000000006921CC;18/04/23;20;0,242;R
ES0000000000006921CC;18/04/23;21;0,162;R
ES0000000000006921CC;18/04/23;22;0,206;R
ES0000000000006921CC;18/04/23;23;0,256;R
ES0000000000006921CC;19/04/23;0;0,289;R
ES0000000000006921CC;19/04/23;1;0,657;R
ES0000000000006921CC;19/04/23;2;0,662;R
ES0000000000006921CC;19/04/23;3;0,087;R
ES0000000000006921CC;19/04/23;4;0,092;R
ES0000000000006921CC;19/04/23;5;0,108;R
ES0000000000006921CC;19/04/23;6;0,076;R
ES0000000000006921CC;19/04/23;7;0,098;R
ES0000000000006921CC;19/04/23;8;0,192;R
ES0000000000006921CC;19/04/23;9;0,227;R
ES0000000000006921CC;19/04/23;10;0,197;R
ES0000000000006921CC;19/04/23;11;0,187;R
ES0000000000006921CC;19/04/23;12;0,165;R
ES0000000000006921CC;19/04/23;13;0,111;R
ES0000000000006921CC;19/04/23;14;0,231;R
ES0000000000006921CC;19/04/23;15;0,225;R
ES0000000000006921CC;19/04/23;16;0,142;R
ES0000000000006921CC;19/04/23;17;0,099;R
ES0000000000006921CC;19/04/23;18;0,147;R
ES0000000000006921CC;19/04/23;19;0,111;R
ES0000000000006921CC;19/04/23;20;0,13;R
ES0000000000006921CC;19/04/23;21;0,223;R
ES0000000000006921CC;19/04/23;22;0,184;R
ES0000000000006921CC;19/04/23;23;0,172;R
ES0000000000006921CC;20/04/23;0;0,27;R
ES0000000000006921CC;20/04/23;1;0,154;R
ES0000000000006921CC;20/04/23;2;0,097;R
ES0000000000006921CC;20/04/23;3;0,082;R
ES0000000000006921CC;20/04/23;4;0,102;R
ES0000000000006921CC;20/04/23;5;0,154;R
ES0000000000006921CC;20/04/23;6;0,17;R
ES0000000000006921CC;20/04/23;7;0,091;R
ES0000000000006921CC;20/04/23;8;0,108;R
ES0000000000006921CC;20/04/23;9;0,079;R
ES0000000000006921CC;20/04/23;10;0,25;R
ES0000000000006921CC;20/04/23;11;0,265;R
ES0000000000006921CC;20/04/23;12;0,147;R
ES0000000000006921CC;20/04/23;13;0,125;R
ES0000000000006921CC;20/04/23;14;0,195;R
ES0000000000006921CC;20/04/23;15;0,166;R
ES0000000000006921CC;20/04/23;16;0,184;R
ES0000000000006921CC;20/04/23;17;0,135;R
ES0000000000006921CC;20/04/23;18;0,466;R
ES0000000000006921CC;20/04/23;19;0,372;R
ES0000000000006921CC;20/04/23;20;0,265;R
ES0000000000006921CC;20/04/23;21;0,207;R
ES0000000000006921CC;20/04/23;22;0,244;R
ES0000000000006921CC;20/04/23;23;0,287;R
ES0000000000006921CC;21/04/23;0;0,18;R
ES0000000000006921CC;21/04/23;1;0,142;R
ES0000000000006921CC;21/04/23;2;0,109;R
ES0000000000006921CC;21/04/23;3;0,093;R
ES0000000000006921CC;21/04/23;4;0,087;R
ES0000000000006921CC;21/04/23;5;0,092;R
ES0000000000006921CC;21/04/23;6;0,067;R
ES0000000000006921CC;21/04/23;7;0,107;R
ES0000000000006921CC;21/04/23;8;0,146;R
ES0000000000006921CC;21/04/23;9;0,235;R
ES0000000000006921CC;21/04/23;10;0,21;R
ES0000000000006921CC;21/04/23;11;0,106;R
ES0000000000006921CC;21/04/23;12;0,163;R
ES0000000000006921CC;21/04/23;13;0,177;R
ES0000000000006921CC;21/04/23;14;0,181;R
ES0000000000006921CC;21/04/23;15;0,166;R
ES0000000000006921CC;21/04/23;16;0,173;R
ES0000000000006921CC;21/04/23;17;0,11;R
ES0000000000006921CC;21/04/23;18;0,171;R
ES0000000000006921CC;21/04/23;19;0,119;R
ES0000000000006921CC;21/04/23;20;0,177;R
ES0000000000006921CC;21/04/23;21;0,107;R
ES0000000000006921CC;21/04/23;22;0,097;R
ES0000000000006921CC;21/04/23;23;0,113;R
ES0000000000006921CC;22/04/23;0;0,1;R
ES0000000000006921CC;22/04/23;1;0,107;R
ES0000000000006921CC;22/04/23;2;0,158;R
ES0000000000006921CC;22/04/23;3;0,073;R
ES0000000000006921CC;22/04/23;4;0,154;R
ES0000000000006921CC;22/04/23;5;0,157;R
ES0000000000006921CC;22/04/23;6;0,101;R
ES0000000000006921CC;22/04/23;7;0,097;R
ES0000000000006921CC;22/04/23;8;0,068;R
ES0000000000006921CC;22/04/23;9;0,167;R
ES0000000000006921CC;22/04/23;10;0,322;R
ES0000000000006921CC;22/04/23;11;0,223;R
ES0000000000006921CC;22/04/23;12;0,161;R
ES0000000000006921CC;22/04/23;13;0,092;R
ES0000000000006921CC;22/04/23;14;0,621;R
ES0000000000006921CC;22/04/23;15;0,356;R
ES0000000000006921CC;22/04/23;16;0,221;R
ES0000000000006921CC;22/04/23;17;0,177;R
ES0000000000006921CC;22/04/23;18;0,215;R
ES0000000000006921CC;22/04/23;19;0,178;R
ES0000000000006921CC;22/04/23;20;0,226;R
ES0000000000006921CC;22/04/23;21;0,184;R
ES0000000000006921CC;22/04/23;22;0,226;R
ES0000000000006921CC;22/04/23;23;0,755;R
ES0000000000006921CC;23/04/23;0;0,486;R
ES0000000000006921CC;23/04/23;1;0,5;R
ES0000000000006921CC;23/04/23;2;0,116;R
ES0000000000006921CC;23/04/23;3;0,102;R
ES0000000000006921CC;23/04/23;4;0,103;R
ES0000000000006921CC;23/04/23;5;0,078;R
ES0000000000006921CC;23/04/23;6;0,093;R
ES0000000000006921CC;23/04/23;7;0,144;R
ES0000000000006921CC;23/04/23;8;0,183;R
ES0000000000006921CC;23/04/23;9;0,09;R
ES0000000000006921CC;23/04/23;10;0,255;R
ES0000000000006921CC;23/04/23;11;0,263;R
ES0000000000006921CC;23/04/23;12;0,407;R
ES0000000000006921CC;23/04/23;13;0,177;R
ES0000000000006921CC;23/04/23;14;0,461;R
ES0000000000006921CC;23/04/23;15;0,71;R
ES0000000000006921CC;23/04/23;16;0,127;R
ES0000000000006921CC;23/04/23;17;0,143;R
ES0000000000006921CC;23/04/23;18;0,142;R
ES0000000000006921CC;23/04/23;19;0,139;R
ES0000000000006921CC;23/04/23;20;0,151;R
ES0000000000006921CC;23/04/23;21;0,244;R
ES0000000000006921CC;23/04/23;22;0,235;R
ES0000000000006921CC;23/04/23;23;0,26;R
ES0000000000006921CC;24/04/23;0;0,209;R
ES0000000000006921CC;24/04/23;1;0,151;R
ES0000000000006921CC;24/04/23;2;0,111;R
ES0000000000006921CC;24/04/23;3;0,079;R
ES0000000000006921CC;24/04/23;4;0,093;R
ES0000000000006921CC;24/04/23;5;0,112;R
ES0000000000006921CC;24/04/23;6;0,072;R
ES0000000000006921CC;24/04/23;7;0,112;R
ES0000000000006921CC;24/04/23;8;0,07;R
ES0000000000006921CC;24/04/23;9;0,245;R
ES0000000000006921CC;24/04/23;10;0,212;R
ES0000000000006921CC;24/04/23;11;0,231;R
ES0000000000006921CC;24/04/23;12;0,163;R
ES0000000000006921CC;24/04/23;13;0,208;R
ES0000000000006921CC;24/04/23;14;0,337;R
ES0000000000006921CC;24/04/23;15;0,366;R
ES0000000000006921CC;24/04/23;16;0,257;R
ES0000000000006921CC;24/04/23;17;0,122;R
ES0000000000006921CC;24/04/23;18;0,143;R
ES0000000000006921CC;24/04/23;19;0,236;R
ES0000000000006921CC;24/04/23;20;0,21;R
ES0000000000006921CC;24/04/23;21;0,12;R
ES0000000000006921CC;24/04/23;22;0,18;R
ES0000000000006921CC;24/04/23;23;0,248;R
ES0000000000006921CC;25/04/23;0;0,246;R
ES0000000000006921CC;25/04/23;1;0,183;R
ES0000000000006921CC;25/04/23;2;0,133;R
ES0000000000006921CC;25/04/23;3;0,09;R
ES0000000000006921CC;25/04/23;4;0,166;R
ES0000000000006921CC;25/04/23;5;0,155;R
ES0000000000006921CC;25/04/23;6;0,107;R
ES0000000000006921CC;25/04/23;7;0,09;R
ES0000000000006921CC;25/04/23;8;0,093;R
ES0000000000006921CC;25/04/23;9;0,171;R
ES0000000000006921CC;25/04/23;10;0,281;R
ES0000000000006921CC;25/04/23;11;0,159;R
ES0000000000006921CC;25/04/23;12;0,344;R
ES0000000000006921CC;25/04/23;13;0,22;R
ES0000000000006921CC;25/04/23;14;0,173;R
ES0000000000006921CC;25/04/23;15;0,17;R
ES0000000000006921CC;25/04/23;16;0,232;R
ES0000000000006921CC;25/04/23;17;0,135;R
ES0000000000006921CC;25/04/23;18;0,268;R
ES0000000000006921CC;25/04/23;19;0,198;R
ES0000000000006921CC;25/04/23;20;0,183;R
ES0000000000006921CC;25/04/23;21;0,314;R
ES0000000000006921CC;25/04/23;22;0,246;R
ES0000000000006921CC;25/04/23;23;0,176;R
ES0000000000006921CC;26/04/23;0;0,242;R
ES0000000000006921CC;26/04/23;1;0,131;R
ES0000000000006921CC;26/04/23;2;0,088;R
ES0000000000006921CC;26/04/23;3;0,105;R
ES0000000000006921CC;26/04/23;4;0,084;R
ES0000000000006921CC;26/04/23;5;0,09;R
ES0000000000006921CC;26/04/23;6;0,098;R
ES0000000000006921CC;26/04/23;7;0,095;R
ES0000000000006921CC;26/04/23;8;0,214;R
ES0000000000006921CC;26/04/23;9;0,263;R
ES0000000000006921CC;26/04/23;10;0,232;R
ES0000000000006921CC;26/04/23;11;0,175;R
ES0000000000006921CC;26/04/23;12;0,275;R
ES0000000000006921CC;26/04/23;13;0,118;R
ES0000000000006921CC;26/04/23;14;0,143;R
ES0000000000006921CC;26/04/23;15;0,212;R
ES0000000000006921CC;26/04/23;16;0,165;R
ES0000000000006921CC;26/04/23;17;0,134;R
ES0000000000006921CC;26/04/23;18;0,103;R
ES0000000000006921CC;26/04/23;19;0,125;R
ES0000000000006921CC;26/04/23;20;0,116;R
ES0000000000006921CC;26/04/23;21;0,237;R
ES0000000000006921CC;26/04/23;22;0,151;R
ES0000000000006921CC;26/04/23;23;0,196;R
ES0000000000006921CC;27/04/23;0;0,299;R
ES0000000000006921CC;27/04/23;1;0,801;R
ES0000000000006921CC;27/04/23;2;0,605;R
ES0000000000006921CC;27/04/23;3;0,163;R
ES0000000000006921CC;27/04/23;4;0,077;R
ES0000000000006921CC;27/04/23;5;0,107;R
ES0000000000006921CC;27/04/23;6;0,092;R
ES0000000000006921CC;27/04/23;7;0,104;R
ES0000000000006921CC;27/04/23;8;0,102;R
ES0000000000006921CC;27/04/23;9;0,112;R
ES0000000000006921CC;27/04/23;10;0,155;R
ES0000000000006921CC;27/04/23;11;0,3;R
ES0000000000006921CC;27/04/23;12;0,252;R
ES0000000000006921CC;27/04/23;13;0,148;R
ES0000000000006921CC;27/04/23;14;0,52;R
ES0000000000006921CC;27/04/23;15;0,227;R
ES0000000000006921CC;27/04/23;16;0,284;R
ES0000000000006921CC;27/04/23;17;0,221;R
ES0000000000006921CC;27/04/23;18;0,159;R
ES0000000000006921CC;27/04/23;19;0,175;R
ES0000000000006921CC;27/04/23;20;0,15;R
ES0000000000006921CC;27/04/23;21;0,14;R
ES0000000000006921CC;27/04/23;22;0,171;R
ES0000000000006921CC;27/04/23;23;0,188;R
ES0000000000006921CC;28/04/23;0;0,268;R
ES0000000000006921CC;28/04/23;1;0,202;R
ES0000000000006921CC;28/04/23;2;0,126;R
ES0000000000006921CC;28/04/23;3;0,149;R
ES0000000000006921CC;28/04/23;4;0,182;R
ES0000000000006921CC;28/04/23;5;0,106;R
ES0000000000006921CC;28/04/23;6;0,104;R
ES0000000000006921CC;28/04/23;7;0,108;R
ES0000000000006921CC;28/04/23;8;0,18;R
ES0000000000006921CC;28/04/23;9;0,119;R
ES0000000000006921CC;28/04/23;10;0,209;R
ES0000000000006921CC;28/04/23;11;0,271;R
ES0000000000006921CC;28/04/23;12;0,179;R
ES0000000000006921CC;28/04/23;13;0,134;R
ES0000000000006921CC;28/04/23;14;0,187;R
ES0000000000006921CC;28/04/23;15;0,267;R
ES0000000000006921CC;28/04/23;16;0,273;R
ES0000000000006921CC;28/04/23;17;0,175;R
ES0000000000006921CC;28/04/23;18;0,129;R
ES0000000000006921CC;28/04/23;19;0,141;R
ES0000000000006921CC;28/04/23;20;0,253;R
ES0000000000006921CC;28/04/23;21;0,19;R
ES0000000000006921CC;28/04/23;22;0,241;R
ES0000000000006921CC;28/04/23;23;0,199;R
ES0000000000006921CC;29/04/23;0;0,185;R
ES0000000000006921CC;29/04/23;1;0,239;R
ES0000000000006921CC;29/04/23;2;0,103;R
ES0000000000006921CC;29/04/23;3;0,105;R
ES0000000000006921CC;29/04/23;4;0,074;R
ES0000000000006921CC;29/04/23;5;0,152;R
ES0000000000006921CC;29/04/23;6;0,154;R
ES0000000000006921CC;29/04/23;7;0,098;R
ES0000000000006921CC;29/04/23;8;0,1;R
ES0000000000006921CC;29/04/23;9;0,102;R
ES0000000000006921CC;29/04/23;10;0,233;R
ES0000000000006921CC;29/04/23;11;0,301;R
ES0000000000006921CC;29/04/23;12;0,18;R
ES0000000000006921CC;29/04/23;13;0,207;R
ES0000000000006921CC;29/04/23;14;0,085;R
ES0000000000006921CC;29/04/23;15;0,127;R
ES0000000000006921CC;29/04/23;16;0,081;R
ES0000000000006921CC;29/04/23;17;0,105;R
ES0000000000006921CC;29/04/23;18;0,111;R
ES0000000000006921CC;29/04/23;19;0,091;R
ES0000000000006921CC;29/04/23;20;0,109;R
ES0000000000006921CC;29/04/23;21;0,261;R
ES0000000000006921CC;29/04/23;22;0,228;R
ES0000000000006921CC;29/04/23;23;0,293;R
ES0000000000006921CC;30/04/23;0;0,171;R
ES0000000000006921CC;30/04/23;1;0,098;R
ES0000000000006921CC;30/04/23;2;0,118;R
ES0000000000006921CC;30/04/23;3;0,08;R
ES0000000000006921CC;30/04/23;4;0,091;R
ES0000000000006921CC;30/04/23;5;0,108;R
ES0000000000006921CC;30/04/23;6;0,087;R
ES0000000000006921CC;30/04/23;7;0,075;R
ES0000000000006921CC;30/04/23;8;0,11;R
ES0000000000006921CC;30/04/23;9;0,097;R
ES0000000000006921CC;30/04/23;10;0,229;R
ES0000000000006921CC;30/04/23;11;0,753;R
ES0000000000006921CC;30/04/23;12;0,363;R
ES0000000000006921CC;30/04/23;13;0,379;R
ES0000000000006921CC;30/04/23;14;0,497;R
ES0000000000006921CC;30/04/23;15;0,998;R
ES0000000000006921CC;30/04/23;16;0,173;R
ES0000000000006921CC;30/04/23;17;0,144;R
ES0000000000006921CC;30/04/23;18;0,225;R
ES0000000000006921CC;30/04/23;19;0,157;R
ES0000000000006921CC;30/04/23;20;0,13;R
ES0000000000006921CC;30/04/23;21;0,619;R
ES0000000000006921CC;30/04/23;22;0,307;R
ES0000000000006921CC;30/04/23;23;0,248;R
ES0000000000006921CC;01/05/23;0;0,238;R
ES0000000000006921CC;01/05/23;1;0,26;R
ES0000000000006921CC;01/05/23;2;0,149;R
ES0000000000006921CC;01/05/23;3;0,098;R
ES0000000000006921CC;01/05/23;4;0,11;R
ES0000000000006921CC;01/05/23;5;0,078;R
ES0000000000006921CC;01/05/23;6;0,098;R
ES0000000000006921CC;01/05/23;7;0,099;R
ES0000000000006921CC;01/05/23;8;0,115;R
ES0000000000006921CC;01/05/23;9;0,11;R
ES0000000000006921CC;01/05/23;10;0,224;R
ES0000000000006921CC;01/05/23;11;0,294;R
ES0000000000006921CC;01/05/23;12;0,163;R
ES0000000000006921CC;01/05/23;13;0,12;R
ES0000000000006921CC;01/05/23;14;1,374;R
ES0000000000006921CC;01/05/23;15;0,577;R
ES0000000000006921CC;01/05/23;16;0,188;R
ES0000000000006921CC;01/05/23;17;0,857;R
ES0000000000006921CC;01/05/23;18;0,675;R
ES0000000000006921CC;01/05/23;19;0,45;R
ES0000000000006921CC;01/05/23;20;0,169;R
ES0000000000006921CC;01/05/23;21;0,81;R
ES0000000000006921CC;01/05/23;22;0,364;R
ES0000000000006921CC;01/05/23;23;0,2;R
ES0000000000006921CC;02/05/23;0;0,29;R
ES0000000000006921CC;02/05/23;1;0,184;R
ES0000000000006921CC;02/05/23;2;0,087;R
ES0000000000006921CC;02/05/23;3;0,106;R
ES0000000000006921CC;02/05/23;4;0,103;R
ES0000000000006921CC;02/05/23;5;0,107;R
ES0000000000006921CC;02/05/23;6;0,163;R
ES0000000000006921CC;02/05/23;7;0,137;R
ES0000000000006921CC;02/05/23;8;0,082;R
ES0000000000006921CC;02/05/23;9;0,087;R
ES0000000000006921CC;02/05/23;10;0,269;R
ES0000000000006921CC;02/05/23;11;0,378;R
ES0000000000006921CC;02/05/23;12;0,123;R
ES0000000000006921CC;02/05/23;13;0,255;R
ES0000000000006921CC;02/05/23;14;0,135;R
ES0000000000006921CC;02/05/23;15;0,184;R
ES0000000000006921CC;02/05/23;16;0,495;R
ES0000000000006921CC;02/05/23;17;0,15;R
ES0000000000006921CC;02/05/23;18;0,183;R
ES0000000000006921CC;02/05/23;19;0,211;R
ES0000000000006921CC;02/05/23;20;0,224;R
ES0000000000006921CC;02/05/23;21;0,176;R
ES0000000000006921CC;02/05/23;22;0,27;R
ES0000000000006921CC;02/05/23;23;0,189;R
ES0000000000006921CC;03/05/23;0;0,214;R
ES0000000000006921CC;03/05/23;1;0,094;R
ES0000000000006921CC;03/05/23;2;0,108;R
ES0000000000006921CC;03/05/23;3;0,179;R
ES0000000000006921CC;03/05/23;4;0,096;R
ES0000000000006921CC;03/05/23;5;0,068;R
ES0000000000006921CC;03/05/23;6;0,122;R
ES0000000000006921CC;03/05/23;7;0,094;R
ES0000000000006921CC;03/05/23;8;0,148;R
ES0000000000006921CC;03/05/23;9;0,104;R
ES0000000000006921CC;03/05/23;10;0,301;R
ES0000000000006921CC;03/05/23;11;0,26;R
ES0000000000006921CC;03/05/23;12;0,25;R
ES0000000000006921CC;03/05/23;13;0,118;R
ES0000000000006921CC;03/05/23;14;0,178;R
ES0000000000006921CC;03/05/23;15;0,171;R
ES0000000000006921CC;03/05/23;16;0,222;R
ES0000000000006921CC;03/05/23;17;0,089;R
ES0000000000006921CC;03/05/23;18;0,309;R
ES0000000000006921CC;03/05/23;19;0,15;R
ES0000000000006921CC;03/05/23;20;0,153;R
ES0000000000006921CC;03/05/23;21;0,176;R
ES0000000000006921CC;03/05/23;22;0,295;R
ES0000000000006921CC;03/05/23;23;0,184;R
ES0000000000006921CC;04/05/23;0;0,31;R
ES0000000000006921CC;04/05/23;1;0,235;R
ES0000000000006921CC;04/05/23;2;0,116;R
ES0000000000006921CC;04/05/23;3;0,088;R
ES0000000000006921CC;04/05/23;4;0,084;R
ES0000000000006921CC;04/05/23;5;0,11;R
ES0000000000006921CC;04/05/23;6;0,166;R
ES0000000000006921CC;04/05/23;7;0,205;R
ES0000000000006921CC;04/05/23;8;0,061;R
ES0000000000006921CC;04/05/23;9;0,109;R
ES0000000000006921CC;04/05/23;10;0,095;R
ES0000000000006921CC;04/05/23;11;0,094;R
ES0000000000006921CC;04/05/23;12;0,088;R
ES0000000000006921CC;04/05/23;13;0,08;R
ES0000000000006921CC;04/05/23;14;0,112;R
ES0000000000006921CC;04/05/23;15;0,101;R
ES0000000000006921CC;04/05/23;16;0,157;R
ES0000000000006921CC;04/05/23;17;0,136;R
ES0000000000006921CC;04/05/23;18;0,099;R
ES0000000000006921CC;04/05/23;19;0,105;R
ES0000000000006921CC;04/05/23;20;0,098;R
ES0000000000006921CC;04/05/23;21;0,069;R
ES0000000000006921CC;04/05/23;22;0,128;R
ES0000000000006921CC;04/05/23;23;0,107;R
ES0000000000006921CC;05/05/23;0;0,088;R
ES0000000000006921CC;05/05/23;1;0,083;R
ES0000000000006921CC;05/05/23;2;0,11;R
ES0000000000006921CC;05/05/23;3;0,091;R
ES0000000000006921CC;05/05/23;4;0,098;R
ES0000000000006921CC;05/05/23;5;0,061;R
ES0000000000006921CC;05/05/23;6;0,118;R
ES0000000000006921CC;05/05/23;7;0,089;R
ES0000000000006921CC;05/05/23;8;0,093;R
ES0000000000006921CC;05/05/23;9;0,079;R
ES0000000000006921CC;05/05/23;10;0,085;R
ES0000000000006921CC;05/05/23;11;0,098;R
ES0000000000006921CC;05/05/23;12;0,112;R
ES0000000000006921CC;05/05/23;13;0,07;R
ES0000000000006921CC;05/05/23;14;0,101;R
ES0000000000006921CC;05/05/23;15;0,075;R
ES0000000000006921CC;05/05/23;16;0,123;R
ES0000000000006921CC;05/05/23;17;0,083;R
ES0000000000006921CC;05/05/23;18;0,085;R
ES0000000000006921CC;05/05/23;19;0,084;R
ES0000000000006921CC;05/05/23;20;0,117;R
ES0000000000006921CC;05/05/23;21;0,085;R
ES0000000000006921CC;05/05/23;22;0,108;R
ES0000000000006921CC;05/05/23;23;0,08;R
ES0000000000006921CC;06/05/23;0;0,129;R
ES0000000000006921CC;06/05/23;1;0,09;R
ES0000000000006921CC;06/05/23;2;0,079;R
ES0000000000006921CC;06/05/23;3;0,084;R
ES0000000000006921CC;06/05/23;4;0,109;R
ES0000000000006921CC;06/05/23;5;0,091;R
ES0000000000006921CC;06/05/23;6;0,095;R
ES0000000000006921CC;06/05/23;7;0,066;R
ES0000000000006921CC;06/05/23;8;0,109;R
ES0000000000006921CC;06/05/23;9;0,152;R
ES0000000000006921CC;06/05/23;10;0,176;R
ES0000000000006921CC;06/05/23;11;0,074;R
ES0000000000006921CC;06/05/23;12;0,101;R
ES0000000000006921CC;06/05/23;13;0,097;R
ES0000000000006921CC;06/05/23;14;0,106;R
ES0000000000006921CC;06/05/23;15;0,089;R
ES0000000000006921CC;06/05/23;16;0,074;R
ES0000000000006921CC;06/05/23;17;0,11;R
ES0000000000006921CC;06/05/23;18;0,105;R
ES0000000000006921CC;06/05/23;19;0,083;R
ES0000000000006921CC;06/05/23;20;0,09;R
ES0000000000006921CC;06/05/23;21;0,097;R
ES0000000000006921CC;06/05/23;22;0,117;R
ES0000000000006921CC;06/05/23;23;0,101;R
ES0000000000006921CC;07/05/23;0;0,077;R
ES0000000000006921CC;07/05/23;1;0,11;R
ES0000000000006921CC;07/05/23;2;0,098;R
ES0000000000006921CC;07/05/23;3;0,089;R
ES0000000000006921CC;07/05/23;4;0,084;R
ES0000000000006921CC;07/05/23;5;0,092;R
ES0000000000006921CC;07/05/23;6;0,104;R
ES0000000000006921CC;07/05/23;7;0,103;R
ES0000000000006921CC;07/05/23;8;0,062;R
ES0000000000006921CC;07/05/23;9;0,099;R
ES0000000000006921CC;07/05/23;10;0,092;R
ES0000000000006921CC;07/05/23;11;0,112;R
ES0000000000006921CC;07/05/23;12;0,076;R
ES0000000000006921CC;07/05/23;13;0,086;R
ES0000000000006921CC;07/05/23;14;0,096;R
ES0000000000006921CC;07/05/23;15;0,114;R
ES0000000000006921CC;07/05/23;16;0,074;R
ES0000000000006921CC;07/05/23;17;0,101;R
ES0000000000006921CC;07/05/23;18;0,235;R
ES0000000000006921CC;07/05/23;19;0,198;R
ES0000000000006921CC;07/05/23;20;0,262;R
ES0000000000006921CC;07/05/23;21;0,195;R
ES0000000000006921CC;07/05/23;22;0,154;R
ES0000000000006921CC;07/05/23;23;0,205;R
ES0000000000006921CC;08/05/23;0;0,212;R
ES0000000000006921CC;08/05/23;1;0,138;R
ES0000000000006921CC;08/05/23;2;0,093;R
ES0000000000006921CC;08/05/23;3;0,113;R
ES0000000000006921CC;08/05/23;4;0,077;R
ES0000000000006921CC;08/05/23;5;0,094;R
ES0000000000006921CC;08/05/23;6;0,079;R
ES0000000000006921CC;08/05/23;7;0,094;R
ES0000000000006921CC;08/05/23;8;0,189;R
ES0000000000006921CC;08/05/23;9;0,184;R
ES0000000000006921CC;08/05/23;10;0,342;R
ES0000000000006921CC;08/05/23;11;0,151;R
ES0000000000006921CC;08/05/23;12;0,131;R
ES0000000000006921CC;08/05/23;13;0,241;R
ES0000000000006921CC;08/05/23;14;0,523;R
ES0000000000006921CC;08/05/23;15;0,201;R
ES0000000000006921CC;08/05/23;16;0,153;R
ES0000000000006921CC;08/05/23;17;0,156;R
ES0000000000006921CC;08/05/23;18;0,133;R
ES0000000000006921CC;08/05/23;19;0,14;R
ES0000000000006921CC;08/05/23;20;0,21;R
ES0000000000006921CC;08/05/23;21;0,21;R
ES0000000000006921CC;08/05/23;22;0,239;R
ES0000000000006921CC;08/05/23;23;0,233;R
ES0000000000006921CC;09/05/23;0;0,2;R
ES0000000000006921CC;09/05/23;1;0,153;R
ES0000000000006921CC;09/05/23;2;0,663;R
ES0000000000006921CC;09/05/23;3;0,614;R
ES0000000000006921CC;09/05/23;4;0,114;R
ES0000000000006921CC;09/05/23;5;0,068;R
ES0000000000006921CC;09/05/23;6;0,116;R
ES0000000000006921CC;09/05/23;7;0,092;R
ES0000000000006921CC;09/05/23;8;0,092;R
ES0000000000006921CC;09/05/23;9;0,201;R
ES0000000000006921CC;09/05/23;10;0,184;R
ES0000000000006921CC;09/05/23;11;0,185;R
ES0000000000006921CC;09/05/23;12;0,408;R
ES0000000000006921CC;09/05/23;13;0,625;R
ES0000000000006921CC;09/05/23;14;0,471;R
ES0000000000006921CC;09/05/23;15;0,208;R
ES0000000000006921CC;09/05/23;16;0,166;R
ES0000000000006921CC;09/05/23;17;0,149;R
ES0000000000006921CC;09/05/23;18;0,194;R
ES0000000000006921CC;09/05/23;19;0,176;R
ES0000000000006921CC;09/05/23;20;0,187;R
ES0000000000006921CC;09/05/23;21;0,187;R
ES0000000000006921CC;09/05/23;22;0,25;R
ES0000000000006921CC;09/05/23;23;0,267;R
ES0000000000006921CC;10/05/23;0;0,251;R
ES0000000000006921CC;10/05/23;1;0,17;R
ES0000000000006921CC;10/05/23;2;0,12;R
ES0000000000006921CC;10/05/23;3;0,107;R
ES0000000000006921CC;10/05/23;4;0,095;R
ES0000000000006921CC;10/05/23;5;0,128;R
ES0000000000006921CC;10/05/23;6;0,078;R
ES0000000000006921CC;10/05/23;7;0,104;R
ES0000000000006921CC;10/05/23;8;0,169;R
ES0000000000006921CC;10/05/23;9;0,133;R
ES0000000000006921CC;10/05/23;10;0,234;R
ES0000000000006921CC;10/05/23;11;0,201;R
ES0000000000006921CC;10/05/23;12;0,248;R
ES0000000000006921CC;10/05/23;13;0,189;R
ES0000000000006921CC;10/05/23;14;0,208;R
ES0000000000006921CC;10/05/23;15;0,175;R
ES0000000000006921CC;10/05/23;16;0,166;R
ES0000000000006921CC;10/05/23;17;0,078;R
ES0000000000006921CC;10/05/23;18;0,167;R
ES0000000000006921CC;10/05/23;19;0,147;R
ES0000000000006921CC;10/05/23;20;0,13;R
ES0000000000006921CC;10/05/23;21;0,14;R
ES0000000000006921CC;10/05/23;22;0,186;R
ES0000000000006921CC;10/05/23;23;0,202;R
ES0000000000006921CC;11/05/23;0;0,202;R
ES0000000000006921CC;11/05/23;1;0,116;R
ES0000000000006921CC;11/05/23;2;0,176;R
ES0000000000006921CC;11/05/23;3;0,125;R
ES0000000000006921CC;11/05/23;4;0,101;R
ES0000000000006921CC;11/05/23;5;0,112;R
ES0000000000006921CC;11/05/23;6;0,087;R
ES0000000000006921CC;11/05/23;7;0,091;R
ES0000000000006921CC;11/05/23;8;0,115;R
ES0000000000006921CC;11/05/23;9;0,243;R
ES0000000000006921CC;11/05/23;10;0,164;R
ES0000000000006921CC;11/05/23;11;0,208;R
ES0000000000006921CC;11/05/23;12;0,136;R
ES0000000000006921CC;11/05/23;13;0,139;R
ES0000000000006921CC;11/05/23;14;0,302;R
ES0000000000006921CC;11/05/23;15;0,16;R
ES0000000000006921CC;11/05/23;16;0,28;R
ES0000000000006921CC;11/05/23;17;0,171;R
ES0000000000006921CC;11/05/23;18;0,203;R
ES0000000000006921CC;11/05/23;19;0,125;R
ES0000000000006921CC;11/05/23;20;0,215;R
ES0000000000006921CC;11/05/23;21;0,113;R
ES0000000000006921CC;11/05/23;22;0,151;R
ES0000000000006921CC;11/05/23;23;0,139;R
ES0000000000006921CC;12/05/23;0;0,205;R
ES0000000000006921CC;12/05/23;1;0,223;R
ES0000000000006921CC;12/05/23;2;0,148;R
ES0000000000006921CC;12/05/23;3;0,105;R
ES0000000000006921CC;12/05/23;4;0,099;R
ES0000000000006921CC;12/05/23;5;0,087;R
ES0000000000006921CC;12/05/23;6;0,091;R
ES0000000000006921CC;12/05/23;7;0,146;R
ES0000000000006921CC;12/05/23;8;0,237;R
ES0000000000006921CC;12/05/23;9;0,204;R
ES0000000000006921CC;12/05/23;10;0,253;R
ES0000000000006921CC;12/05/23;11;0,185;R
ES0000000000006921CC;12/05/23;12;0,194;R
ES0000000000006921CC;12/05/23;13;0,135;R
ES0000000000006921CC;12/05/23;14;0,197;R
ES0000000000006921CC;12/05/23;15;0,164;R
ES0000000000006921CC;12/05/23;16;0,163;R
ES0000000000006921CC;12/05/23;17;0,193;R
ES0000000000006921CC;12/05/23;18;0,219;R
ES0000000000006921CC;12/05/23;19;0,104;R
ES0000000000006921CC;12/05/23;20;0,234;R
ES0000000000006921CC;12/05/23;21;0,12;R
ES0000000000006921CC;12/05/23;22;0,168;R
ES0000000000006921CC;12/05/23;23;0,256;R
ES0000000000006921CC;13/05/23;0;0,225;R
ES0000000000006921CC;13/05/23;1;0,261;R
ES0000000000006921CC;13/05/23;2;0,124;R
ES0000000000006921CC;13/05/23;3;0,085;R
ES0000000000006921CC;13/05/23;4;0,096;R
ES0000000000006921CC;13/05/23;5;0,077;R
ES0000000000006921CC;13/05/23;6;0,092;R
ES0000000000006921CC;13/05/23;7;0,091;R
ES0000000000006921CC;13/05/23;8;0,11;R
ES0000000000006921CC;13/05/23;9;0,084;R
ES0000000000006921CC;13/05/23;10;0,78;R
ES0000000000006921CC;13/05/23;11;0,86;R
ES0000000000006921CC;13/05/23;12;0,141;R
ES0000000000006921CC;13/05/23;13;0,153;R
ES0000000000006921CC;13/05/23;14;0,793;R
ES0000000000006921CC;13/05/23;15;0,503;R
ES0000000000006921CC;13/05/23;16;0,27;R
ES0000000000006921CC;13/05/23;17;0,26;R
ES0000000000006921CC;13/05/23;18;0,241;R
ES0000000000006921CC;13/05/23;19;0,134;R
ES0000000000006921CC;13/05/23;20;0,155;R
ES0000000000006921CC;13/05/23;21;0,735;R
ES0000000000006921CC;13/05/23;22;0,188;R
ES0000000000006921CC;13/05/23;23;0,167;R
ES0000000000006921CC;14/05/23;0;0,189;R
ES0000000000006921CC;14/05/23;1;0,25;R
ES0000000000006921CC;14/05/23;2;0,109;R
ES0000000000006921CC;14/05/23;3;0,08;R
ES0000000000006921CC;14/05/23;4;0,198;R
ES0000000000006921CC;14/05/23;5;0,144;R
ES0000000000006921CC;14/05/23;6;0,126;R
ES0000000000006921CC;14/05/23;7;0,084;R
ES0000000000006921CC;14/05/23;8;0,096;R
ES0000000000006921CC;14/05/23;9;0,074;R
ES0000000000006921CC;14/05/23;10;0,21;R
ES0000000000006921CC;14/05/23;11;0,247;R
ES0000000000006921CC;14/05/23;12;0,126;R
ES0000000000006921CC;14/05/23;13;0,214;R
ES0000000000006921CC;14/05/23;14;0,502;R
ES0000000000006921CC;14/05/23;15;1,031;R
ES0000000000006921CC;14/05/23;16;0,124;R
ES0000000000006921CC;14/05/23;17;0,221;R
ES0000000000006921CC;14/05/23;18;0,125;R
ES0000000000006921CC;14/05/23;19;0,105;R
ES0000000000006921CC;14/05/23;20;0,244;R
ES0000000000006921CC;14/05/23;21;0,167;R
ES0000000000006921CC;14/05/23;22;0,184;R
ES0000000000006921CC;14/05/23;23;0,183;R
ES0000000000006921CC;15/05/23;0;0,186;R
ES0000000000006921CC;15/05/23;1;0,092;R
ES0000000000006921CC;15/05/23;2;0,092;R
ES0000000000006921CC;15/05/23;3;0,082;R
ES0000000000006921CC;15/05/23;4;0,094;R
ES0000000000006921CC;15/05/23;5;0,08;R
ES0000000000006921CC;15/05/23;6;0,09;R
ES0000000000006921CC;15/05/23;7;0,08;R
ES0000000000006921CC;15/05/23;8;0,087;R
ES0000000000006921CC;15/05/23;9;0,093;R
ES0000000000006921CC;15/05/23;10;0,268;R
ES0000000000006921CC;15/05/23;11;0,283;R
ES0000000000006921CC;15/05/23;12;0,24;R
ES0000000000006921CC;15/05/23;13;0,196;R
ES0000000000006921CC;15/05/23;14;0,159;R
ES0000000000006921CC;15/05/23;15;0,196;R
ES0000000000006921CC;15/05/23;16;0,178;R
ES0000000000006921CC;15/05/23;17;0,157;R
ES0000000000006921CC;15/05/23;18;0,132;R
ES0000000000006921CC;15/05/23;19;0,117;R
ES0000000000006921CC;15/05/23;20;0,195;R
ES0000000000006921CC;15/05/23;21;0,119;R
ES0000000000006921CC;15/05/23;22;0,149;R
ES0000000000006921CC;15/05/23;23;0,174;R
ES0000000000006921CC;16/05/23;0;0,237;R
ES0000000000006921CC;16/05/23;1;0,148;R
ES0000000000006921CC;16/05/23;2;0,086;R
ES0000000000006921CC;16/05/23;3;0,114;R
ES0000000000006921CC;16/05/23;4;0,17;R
ES0000000000006921CC;16/05/23;5;0,11;R
ES0000000000006921CC;16/05/23;6;0,106;R
ES0000000000006921CC;16/05/23;7;0,085;R
ES0000000000006921CC;16/05/23;8;0,129;R
ES0000000000006921CC;16/05/23;9;0,206;R
ES0000000000006921CC;16/05/23;10;0,432;R
ES0000000000006921CC;16/05/23;11;0,222;R
ES0000000000006921CC;16/05/23;12;0,228;R
ES0000000000006921CC;16/05/23;13;0,162;R
ES0000000000006921CC;16/05/23;14;0,21;R
ES0000000000006921CC;16/05/23;15;0,22;R
ES0000000000006921CC;16/05/23;16;0,182;R
ES0000000000006921CC;16/05/23;17;0,186;R
ES0000000000006921CC;16/05/23;18;0,2;R
ES0000000000006921CC;16/05/23;19;0,215;R
ES0000000000006921CC;16/05/23;20;0,144;R
ES0000000000006921CC;16/05/23;21;0,238;R
ES0000000000006921CC;16/05/23;22;0,191;R
ES0000000000006921CC;16/05/23;23;0,203;R
ES0000000000006921CC;17/05/23;0;0,212;R
ES0000000000006921CC;17/05/23;1;0,526;R
ES0000000000006921CC;17/05/23;2;0,378;R
ES0000000000006921CC;17/05/23;3;0,638;R
ES0000000000006921CC;17/05/23;4;0,173;R
ES0000000000006921CC;17/05/23;5;0,136;R
ES0000000000006921CC;17/05/23;6;0,117;R
ES0000000000006921CC;17/05/23;7;0,092;R
ES0000000000006921CC;17/05/23;8;0,203;R
ES0000000000006921CC;17/05/23;9;0,281;R
ES0000000000006921CC;17/05/23;10;0,24;R
ES0000000000006921CC;17/05/23;11;0,193;R
ES0000000000006921CC;17/05/23;12;0,097;R
ES0000000000006921CC;17/05/23;13;0,116;R
ES0000000000006921CC;17/05/23;14;0,174;R
ES0000000000006921CC;17/05/23;15;0,152;R
ES0000000000006921CC;17/05/23;16;0,104;R
ES0000000000006921CC;17/05/23;17;0,107;R
ES0000000000006921CC;17/05/23;18;0,223;R
ES0000000000006921CC;17/05/23;19;0,167;R
ES0000000000006921CC;17/05/23;20;0,17;R
ES0000000000006921CC;17/05/23;21;0,18;R
ES0000000000006921CC;17/05/23;22;0,188;R
ES0000000000006921CC;17/05/23;23;0,167;R
ES0000000000006921CC;18/05/23;0;0,215;R
ES0000000000006921CC;18/05/23;1;0,15;R
ES0000000000006921CC;18/05/23;2;0,113;R
ES0000000000006921CC;18/05/23;3;0,068;R
ES0000000000006921CC;18/05/23;4;0,093;R
ES0000000000006921CC;18/05/23;5;0,095;R
ES0000000000006921CC;18/05/23;6;0,099;R
ES0000000000006921CC;18/05/23;7;0,067;R
ES0000000000006921CC;18/05/23;8;0,102;R
ES0000000000006921CC;18/05/23;9;0,094;R
ES0000000000006921CC;18/05/23;10;0,351;R
ES0000000000006921CC;18/05/23;11;0,315;R
ES0000000000006921CC;18/05/23;12;0,157;R
ES0000000000006921CC;18/05/23;13;0,163;R
ES0000000000006921CC;18/05/23;14;0,167;R
ES0000000000006921CC;18/05/23;15;0,207;R
ES0000000000006921CC;18/05/23;16;0,169;R
ES0000000000006921CC;18/05/23;17;0,114;R
ES0000000000006921CC;18/05/23;18;0,159;R
ES0000000000006921CC;18/05/23;19;0,115;R
ES0000000000006921CC;18/05/23;20;0,224;R
ES0000000000006921CC;18/05/23;21;0,153;R
ES0000000000006921CC;18/05/23;22;0,146;R
ES0000000000006921CC;18/05/23;23;0,181;R
ES0000000000006921CC;19/05/23;0;0,174;R
ES0000000000006921CC;19/05/23;1;0,224;R
ES0000000000006921CC;19/05/23;2;0,168;R
ES0000000000006921CC;19/05/23;3;0,096;R
ES0000000000006921CC;19/05/23;4;0,091;R
ES0000000000006921CC;19/05/23;5;0,103;R
ES0000000000006921CC;19/05/23;6;0,081;R
ES0000000000006921CC;19/05/23;7;0,1;R
ES0000000000006921CC;19/05/23;8;0,194;R
ES0000000000006921CC;19/05/23;9;0,358;R
ES0000000000006921CC;19/05/23;10;0,179;R
ES0000000000006921CC;19/05/23;11;0,109;R
ES0000000000006921CC;19/05/23;12;0,118;R
ES0000000000006921CC;19/05/23;13;0,13;R
ES0000000000006921CC;19/05/23;14;0,673;R
ES0000000000006921CC;19/05/23;15;0,156;R
ES0000000000006921CC;19/05/23;16;0,161;R
ES0000000000006921CC;19/05/23;17;0,103;R
ES0000000000006921CC;19/05/23;18;0,207;R
ES0000000000006921CC;19/05/23;19;0,211;R
ES0000000000006921CC;19/05/23;20;0,174;R
ES0000000000006921CC;19/05/23;21;0,17;R
ES0000000000006921CC;19/05/23;22;0,302;R
ES0000000000006921CC;19/05/23;23;0,193;R
ES0000000000006921CC;20/05/23;0;0,258;R
ES0000000000006921CC;20/05/23;1;0,147;R
ES0000000000006921CC;20/05/23;2;0,116;R
ES0000000000006921CC;20/05/23;3;0,098;R
ES0000000000006921CC;20/05/23;4;0,115;R
ES0000000000006921CC;20/05/23;5;0,1;R
ES0000000000006921CC;20/05/23;6;0,165;R
ES0000000000006921CC;20/05/23;7;0,163;R
ES0000000000006921CC;20/05/23;8;0,115;R
ES0000000000006921CC;20/05/23;9;0,141;R
ES0000000000006921CC;20/05/23;10;0,785;R
ES0000000000006921CC;20/05/23;11;1,401;R
ES0000000000006921CC;20/05/23;12;0,336;R
ES0000000000006921CC;20/05/23;13;0,191;R
ES0000000000006921CC;20/05/23;14;0,364;R
ES0000000000006921CC;20/05/23;15;0,915;R
ES0000000000006921CC;20/05/23;16;0,163;R
ES0000000000006921CC;20/05/23;17;0,282;R
ES0000000000006921CC;20/05/23;18;0,239;R
ES0000000000006921CC;20/05/23;19;0,163;R
ES0000000000006921CC;20/05/23;20;0,191;R
ES0000000000006921CC;20/05/23;21;0,192;R
ES0000000000006921CC;20/05/23;22;0,258;R
ES0000000000006921CC;20/05/23;23;0,213;R
ES0000000000006921CC;21/05/23;0;0,208;R
ES0000000000006921CC;21/05/23;1;0,158;R
ES0000000000006921CC;21/05/23;2;0,114;R
ES0000000000006921CC;21/05/23;3;0,086;R
ES0000000000006921CC;21/05/23;4;0,124;R
ES0000000000006921CC;21/05/23;5;0,075;R
ES0000000000006921CC;21/05/23;6;0,176;R
ES0000000000006921CC;21/05/23;7;0,152;R
ES0000000000006921CC;21/05/23;8;0,08;R
ES0000000000006921CC;21/05/23;9;0,269;R
ES0000000000006921CC;21/05/23;10;0,16;R
ES0000000000006921CC;21/05/23;11;0,259;R
ES0000000000006921CC;21/05/23;12;0,421;R
ES0000000000006921CC;21/05/23;13;0,169;R
ES0000000000006921CC;21/05/23;14;0,088;R
ES0000000000006921CC;21/05/23;15;0,102;R
ES0000000000006921CC;21/05/23;16;0,104;R
ES0000000000006921CC;21/05/23;17;0,102;R
ES0000000000006921CC;21/05/23;18;0,105;R
ES0000000000006921CC;21/05/23;19;0,187;R
ES0000000000006921CC;21/05/23;20;0,172;R
ES0000000000006921CC;21/05/23;21;0,268;R
ES0000000000006921CC;21/05/23;22;0,246;R
ES0000000000006921CC;21/05/23;23;0,177;R
ES0000000000006921CC;22/05/23;0;0,157;R
ES0000000000006921CC;22/05/23;1;0,213;R
ES0000000000006921CC;22/05/23;2;0,116;R
ES0000000000006921CC;22/05/23;3;0,077;R
ES0000000000006921CC;22/05/23;4;0,108;R
ES0000000000006921CC;22/05/23;5;0,076;R
ES0000000000006921CC;22/05/23;6;0,112;R
ES0000000000006921CC;22/05/23;7;0,076;R
ES0000000000006921CC;22/05/23;8;0,111;R
ES0000000000006921CC;22/05/23;9;0,093;R
ES0000000000006921CC;22/05/23;10;0,277;R
ES0000000000006921CC;22/05/23;11;0,326;R
ES0000000000006921CC;22/05/23;12;0,148;R
ES0000000000006921CC;22/05/23;13;0,298;R
ES0000000000006921CC;22/05/23;14;0,223;R
ES0000000000006921CC;22/05/23;15;0,17;R
ES0000000000006921CC;22/05/23;16;0,173;R
ES0000000000006921CC;22/05/23;17;0,213;R
ES0000000000006921CC;22/05/23;18;0,074;R
ES0000000000006921CC;22/05/23;19;0,177;R
ES0000000000006921CC;22/05/23;20;0,13;R
ES0000000000006921CC;22/05/23;21;0,145;R
ES0000000000006921CC;22/05/23;22;0,16;R
ES0000000000006921CC;22/05/23;23;0,247;R
ES0000000000006921CC;23/05/23;0;0,274;R
ES0000000000006921CC;23/05/23;1;0,159;R
ES0000000000006921CC;23/05/23;2;0,078;R
ES0000000000006921CC;23/05/23;3;0,105;R
ES0000000000006921CC;23/05/23;4;0,173;R
ES0000000000006921CC;23/05/23;5;0,164;R
ES0000000000006921CC;23/05/23;6;0,07;R
ES0000000000006921CC;23/05/23;7;0,111;R
ES0000000000006921CC;23/05/23;8;0,068;R
ES0000000000006921CC;23/05/23;9;0,083;R
ES0000000000006921CC;23/05/23;10;0,272;R
ES0000000000006921CC;23/05/23;11;0,345;R
ES0000000000006921CC;23/05/23;12;0,111;R
ES0000000000006921CC;23/05/23;13;0,297;R
ES0000000000006921CC;23/05/23;14;0,534;R
ES0000000000006921CC;23/05/23;15;0,213;R
ES0000000000006921CC;23/05/23;16;0,652;R
ES0000000000006921CC;23/05/23;17;0,479;R
ES0000000000006921CC;23/05/23;18;0,278;R
ES0000000000006921CC;23/05/23;19;0,225;R
ES0000000000006921CC;23/05/23;20;0,176;R
ES0000000000006921CC;23/05/23;21;0,185;R
ES0000000000006921CC;23/05/23;22;0,167;R
ES0000000000006921CC;23/05/23;23;0,255;R
ES0000000000006921CC;24/05/23;0;0,188;R
ES0000000000006921CC;24/05/23;1;0,85;R
ES0000000000006921CC;24/05/23;2;0,617;R
ES0000000000006921CC;24/05/23;3;0,119;R
ES0000000000006921CC;24/05/23;4;0,073;R
ES0000000000006921CC;24/05/23;5;0,071;R
ES0000000000006921CC;24/05/23;6;0,111;R
ES0000000000006921CC;24/05/23;7;0,079;R
ES0000000000006921CC;24/05/23;8;0,108;R
ES0000000000006921CC;24/05/23;9;0,207;R
ES0000000000006921CC;24/05/23;10;0,378;R
ES0000000000006921CC;24/05/23;11;0,229;R
ES0000000000006921CC;24/05/23;12;0,106;R
ES0000000000006921CC;24/05/23;13;0,3;R
ES0000000000006921CC;24/05/23;14;0,408;R
ES0000000000006921CC;24/05/23;15;0,302;R
ES0000000000006921CC;24/05/23;16;0,298;R
ES0000000000006921CC;24/05/23;17;0,1;R
ES0000000000006921CC;24/05/23;18;0,113;R
ES0000000000006921CC;24/05/23;19;0,099;R
ES0000000000006921CC;24/05/23;20;0,21;R
ES0000000000006921CC;24/05/23;21;0,338;R
ES0000000000006921CC;24/05/23;22;0,428;R
ES0000000000006921CC;24/05/23;23;0,2;R
ES0000000000006921CC;25/05/23;0;0,249;R
ES0000000000006921CC;25/05/23;1;0,106;R
ES0000000000006921CC;25/05/23;2;0,099;R
ES0000000000006921CC;25/05/23;3;0,096;R
ES0000000000006921CC;25/05/23;4;0,088;R
ES0000000000006921CC;25/05/23;5;0,099;R
ES0000000000006921CC;25/05/23;6;0,059;R
ES0000000000006921CC;25/05/23;7;0,136;R
ES0000000000006921CC;25/05/23;8;0,075;R
ES0000000000006921CC;25/05/23;9;0,104;R
ES0000000000006921CC;25/05/23;10;0,386;R
ES0000000000006921CC;25/05/23;11;0,593;R
ES0000000000006921CC;25/05/23;12;1,141;R
ES0000000000006921CC;25/05/23;13;0,19;R
ES0000000000006921CC;25/05/23;14;0,19;R
ES0000000000006921CC;25/05/23;15;0,117;R
ES0000000000006921CC;25/05/23;16;0,116;R
ES0000000000006921CC;25/05/23;17;0,21;R
ES0000000000006921CC;25/05/23;18;0,18;R
ES0000000000006921CC;25/05/23;19;0,237;R
ES0000000000006921CC;25/05/23;20;0,093;R
ES0000000000006921CC;25/05/23;21;0,667;R
ES0000000000006921CC;25/05/23;22;0,283;R
ES0000000000006921CC;25/05/23;23;0,41;R
ES0000000000006921CC;26/05/23;0;0,301;R
ES0000000000006921CC;26/05/23;1;0,738;R
ES0000000000006921CC;26/05/23;2;0,726;R
ES0000000000006921CC;26/05/23;3;0,172;R
ES0000000000006921CC;26/05/23;4;0,168;R
ES0000000000006921CC;26/05/23;5;0,09;R
ES0000000000006921CC;26/05/23;6;0,132;R
ES0000000000006921CC;26/05/23;7;0,132;R
ES0000000000006921CC;26/05/23;8;0,17;R
ES0000000000006921CC;26/05/23;9;0,135;R
ES0000000000006921CC;26/05/23;10;0,144;R
ES0000000000006921CC;26/05/23;11;0,322;R
ES0000000000006921CC;26/05/23;12;0,209;R
ES0000000000006921CC;26/05/23;13;0,245;R
ES0000000000006921CC;26/05/23;14;0,516;R
ES0000000000006921CC;26/05/23;15;0,315;R
ES0000000000006921CC;26/05/23;16;0,312;R
ES0000000000006921CC;26/05/23;17;0,247;R
ES0000000000006921CC;26/05/23;18;0,236;R
ES0000000000006921CC;26/05/23;19;0,184;R
ES0000000000006921CC;26/05/23;20;1,145;R
ES0000000000006921CC;26/05/23;21;0,238;R
ES0000000000006921CC;26/05/23;22;0,207;R
ES0000000000006921CC;26/05/23;23;0,268;R
ES0000000000006921CC;27/05/23;0;0,374;R
ES0000000000006921CC;27/05/23;1;0,14;R
ES0000000000006921CC;27/05/23;2;0,082;R
ES0000000000006921CC;27/05/23;3;0,124;R
ES0000000000006921CC;27/05/23;4;0,097;R
ES0000000000006921CC;27/05/23;5;0,106;R
ES0000000000006921CC;27/05/23;6;0,102;R
ES0000000000006921CC;27/05/23;7;0,114;R
ES0000000000006921CC;27/05/23;8;0,194;R
ES0000000000006921CC;27/05/23;9;0,136;R
ES0000000000006921CC;27/05/23;10;0,154;R
ES0000000000006921CC;27/05/23;11;0,276;R
ES0000000000006921CC;27/05/23;12;0,342;R
ES0000000000006921CC;27/05/23;13;0,15;R
ES0000000000006921CC;27/05/23;14;0,408;R
ES0000000000006921CC;27/05/23;15;0,136;R
ES0000000000006921CC;27/05/23;16;0,104;R
ES0000000000006921CC;27/05/23;17;0,104;R
ES0000000000006921CC;27/05/23;18;0,282;R
ES0000000000006921CC;27/05/23;19;0,146;R
ES0000000000006921CC;27/05/23;20;0,222;R
ES0000000000006921CC;27/05/23;21;0,254;R
ES0000000000006921CC;27/05/23;22;1,232;R
ES0000000000006921CC;27/05/23;23;0,24;R
ES0000000000006921CC;28/05/23;0;0,262;R
ES0000000000006921CC;28/05/23;1;0,146;R
ES0000000000006921CC;28/05/23;2;0,113;R
ES0000000000006921CC;28/05/23;3;0,115;R
ES0000000000006921CC;28/05/23;4;0,089;R
ES0000000000006921CC;28/05/23;5;0,124;R
ES0000000000006921CC;28/05/23;6;0,088;R
ES0000000000006921CC;28/05/23;7;0,1;R
ES0000000000006921CC;28/05/23;8;0,165;R
ES0000000000006921CC;28/05/23;9;0,175;R
ES0000000000006921CC;28/05/23;10;0,175;R
ES0000000000006921CC;28/05/23;11;0,46;R
ES0000000000006921CC;28/05/23;12;0,473;R
ES0000000000006921CC;28/05/23;13;0,224;R
ES0000000000006921CC;28/05/23;14;0,179;R
ES0000000000006921CC;28/05/23;15;0,42;R
ES0000000000006921CC;28/05/23;16;0,87;R
ES0000000000006921CC;28/05/23;17;0,2;R
ES0000000000006921CC;28/05/23;18;0,223;R
ES0000000000006921CC;28/05/23;19;1,034;R
ES0000000000006921CC;28/05/23;20;0,417;R
ES0000000000006921CC;28/05/23;21;1,014;R
ES0000000000006921CC;28/05/23;22;0,413;R
ES0000000000006921CC;28/05/23;23;0,18;R
ES0000000000006921CC;29/05/23;0;0,275;R
ES0000000000006921CC;29/05/23;1;0,2;R
ES0000000000006921CC;29/05/23;2;0,169;R
ES0000000000006921CC;29/05/23;3;0,198;R
ES0000000000006921CC;29/05/23;4;0,183;R
ES0000000000006921CC;29/05/23;5;0,157;R
ES0000000000006921CC;29/05/23;6;0,14;R
ES0000000000006921CC;29/05/23;7;0,139;R
ES0000000000006921CC;29/05/23;8;0,103;R
ES0000000000006921CC;29/05/23;9;0,132;R
ES0000000000006921CC;29/05/23;10;0,351;R
ES0000000000006921CC;29/05/23;11;0,367;R
ES0000000000006921CC;29/05/23;12;0,336;R
ES0000000000006921CC;29/05/23;13;0,121;R
ES0000000000006921CC;29/05/23;14;0,158;R
ES0000000000006921CC;29/05/23;15;0,201;R
ES0000000000006921CC;29/05/23;16;0,187;R
ES0000000000006921CC;29/05/23;17;0,302;R
ES0000000000006921CC;29/05/23;18;0,174;R
ES0000000000006921CC;29/05/23;19;0,166;R
ES0000000000006921CC;29/05/23;20;0,172;R
ES0000000000006921CC;29/05/23;21;0,271;R
ES0000000000006921CC;29/05/23;22;0,143;R
ES0000000000006921CC;29/05/23;23;0,323;R
ES0000000000006921CC;30/05/23;0;0,327;R
ES0000000000006921CC;30/05/23;1;0,261;R
ES0000000000006921CC;30/05/23;2;0,109;R
ES0000000000006921CC;30/05/23;3;0,12;R
ES0000000000006921CC;30/05/23;4;0,095;R
ES0000000000006921CC;30/05/23;5;0,112;R
ES0000000000006921CC;30/05/23;6;0,1;R
ES0000000000006921CC;30/05/23;7;0,147;R
ES0000000000006921CC;30/05/23;8;0,343;R
ES0000000000006921CC;30/05/23;9;0,063;R
ES0000000000006921CC;30/05/23;10;0,217;R
ES0000000000006921CC;30/05/23;11;0,102;R
ES0000000000006921CC;30/05/23;12;0,228;R
ES0000000000006921CC;30/05/23;13;0,126;R
ES0000000000006921CC;30/05/23;14;0,201;R
ES0000000000006921CC;30/05/23;15;0,253;R
ES0000000000006921CC;30/05/23;16;0,21;R
ES0000000000006921CC;30/05/23;17;0,12;R
ES0000000000006921CC;30/05/23;18;0,132;R
ES0000000000006921CC;30/05/23;19;0,189;R
ES0000000000006921CC;30/05/23;20;0,159;R
ES0000000000006921CC;30/05/23;21;0,15;R
ES0000000000006921CC;30/05/23;22;0,124;R
ES0000000000006921CC;30/05/23;23;0,306;R
ES0000000000006921CC;31/05/23;0;0,225;R
ES0000000000006921CC;31/05/23;1;0,091;R
ES0000000000006921CC;31/05/23;2;0,094;R
ES0000000000006921CC;31/05/23;3;0,103;R
ES0000000000006921CC;31/05/23;4;0,158;R
ES0000000000006921CC;31/05/23;5;0,165;R
ES0000000000006921CC;31/05/23;6;0,094;R
ES0000000000006921CC;31/05/23;7;0,093;R
ES0000000000006921CC;31/05/23;8;0,096;R
ES0000000000006921CC;31/05/23;9;0,084;R
ES0000000000006921CC;31/05/23;10;0,288;R
ES0000000000006921CC;31/05/23;11;0,145;R
ES0000000000006921CC;31/05/23;12;0,088;R
ES0000000000006921CC;31/05/23;13;0,108;R
ES0000000000006921CC;31/05/23;14;0,08;R
ES0000000000006921CC;31/05/23;15;0,502;R
ES0000000000006921CC;31/05/23;16;0,302;R
ES0000000000006921CC;31/05/23;17;0,181;R
ES0000000000006921CC;31/05/23;18;0,159;R
ES0000000000006921CC;31/05/23;19;0,124;R
ES0000000000006921CC;31/05/23;20;0,082;R
ES0000000000006921CC;31/05/23;21;0,207;R
ES0000000000006921CC;31/05/23;22;0,237;R
ES0000000000006921CC;31/05/23;23;0,28;R
ES0000000000006921CC;01/06/23;0;0,182;R
ES0000000000006921CC;01/06/23;1;0,165;R
ES0000000000006921CC;01/06/23;2;0,105;R
ES0000000000006921CC;01/06/23;3;0,082;R
ES0000000000006921CC;01/06/23;4;0,103;R
ES0000000000006921CC;01/06/23;5;0,094;R
ES0000000000006921CC;01/06/23;6;0,15;R
ES0000000000006921CC;01/06/23;7;0,174;R
ES0000000000006921CC;01/06/23;8;0,828;R
ES0000000000006921CC;01/06/23;9;0,23;R
ES0000000000006921CC;01/06/23;10;0,274;R
ES0000000000006921CC;01/06/23;11;0,244;R
ES0000000000006921CC;01/06/23;12;0,111;R
ES0000000000006921CC;01/06/23;13;0,201;R
ES0000000000006921CC;01/06/23;14;0,153;R
ES0000000000006921CC;01/06/23;15;0,242;R
ES0000000000006921CC;01/06/23;16;0,253;R
ES0000000000006921CC;01/06/23;17;0,183;R
ES0000000000006921CC;01/06/23;18;0,18;R
ES0000000000006921CC;01/06/23;19;0,233;R
ES0000000000006921CC;01/06/23;20;0,235;R
ES0000000000006921CC;01/06/23;21;0,221;R
ES0000000000006921CC;01/06/23;22;0,241;R
ES0000000000006921CC;01/06/23;23;0,207;R
ES0000000000006921CC;02/06/23;0;0,186;R
ES0000000000006921CC;02/06/23;1;0,246;R
ES0000000000006921CC;02/06/23;2;0,088;R
ES0000000000006921CC;02/06/23;3;0,113;R
ES0000000000006921CC;02/06/23;4;0,077;R
ES0000000000006921CC;02/06/23;5;0,139;R
ES0000000000006921CC;02/06/23;6;0,058;R
ES0000000000006921CC;02/06/23;7;0,126;R
ES0000000000006921CC;02/06/23;8;0,051;R
ES0000000000006921CC;02/06/23;9;0,107;R
ES0000000000006921CC;02/06/23;10;0,327;R
ES0000000000006921CC;02/06/23;11;0,377;R
ES0000000000006921CC;02/06/23;12;0,139;R
ES0000000000006921CC;02/06/23;13;0,121;R
ES0000000000006921CC;02/06/23;14;0,117;R
ES0000000000006921CC;02/06/23;15;0,19;R
ES0000000000006921CC;02/06/23;16;0,678;R
ES0000000000006921CC;02/06/23;17;0,246;R
ES0000000000006921CC;02/06/23;18;0,097;R
ES0000000000006921CC;02/06/23;19;0,195;R
ES0000000000006921CC;02/06/23;20;0,114;R
ES0000000000006921CC;02/06/23;21;0,192;R
ES0000000000006921CC;02/06/23;22;0,161;R
ES0000000000006921CC;02/06/23;23;0,268;R
ES0000000000006921CC;03/06/23;0;0,244;R
ES0000000000006921CC;03/06/23;1;0,238;R
ES0000000000006921CC;03/06/23;2;0,097;R
ES0000000000006921CC;03/06/23;3;0,093;R
ES0000000000006921CC;03/06/23;4;0,106;R
ES0000000000006921CC;03/06/23;5;0,1;R
ES0000000000006921CC;03/06/23;6;0,05;R
ES0000000000006921CC;03/06/23;7;0,096;R
ES0000000000006921CC;03/06/23;8;0,069;R
ES0000000000006921CC;03/06/23;9;0,076;R
ES0000000000006921CC;03/06/23;10;0,24;R
ES0000000000006921CC;03/06/23;11;0,244;R
ES0000000000006921CC;03/06/23;12;0,32;R
ES0000000000006921CC;03/06/23;13;0,333;R
ES0000000000006921CC;03/06/23;14;0,951;R
ES0000000000006921CC;03/06/23;15;0,671;R
ES0000000000006921CC;03/06/23;16;0,234;R
ES0000000000006921CC;03/06/23;17;0,171;R
ES0000000000006921CC;03/06/23;18;0,106;R
ES0000000000006921CC;03/06/23;19;0,13;R
ES0000000000006921CC;03/06/23;20;0,151;R
ES0000000000006921CC;03/06/23;21;0,184;R
ES0000000000006921CC;03/06/23;22;0,704;R
ES0000000000006921CC;03/06/23;23;0,81;R
ES0000000000006921CC;04/06/23;0;0,288;R
ES0000000000006921CC;04/06/23;1;0,141;R
ES0000000000006921CC;04/06/23;2;0,119;R
ES0000000000006921CC;04/06/23;3;0,084;R
ES0000000000006921CC;04/06/23;4;0,089;R
ES0000000000006921CC;04/06/23;5;0,162;R
ES0000000000006921CC;04/06/23;6;0,162;R
ES0000000000006921CC;04/06/23;7;0,096;R
ES0000000000006921CC;04/06/23;8;0,092;R
ES0000000000006921CC;04/06/23;9;0,108;R
ES0000000000006921CC;04/06/23;10;0,214;R
ES0000000000006921CC;04/06/23;11;0,33;R
ES0000000000006921CC;04/06/23;12;0,28;R
ES0000000000006921CC;04/06/23;13;0,146;R
ES0000000000006921CC;04/06/23;14;0,385;R
ES0000000000006921CC;04/06/23;15;0,28;R
ES0000000000006921CC;04/06/23;16;0,162;R
ES0000000000006921CC;04/06/23;17;0,231;R
ES0000000000006921CC;04/06/23;18;0,131;R
ES0000000000006921CC;04/06/23;19;0,186;R
ES0000000000006921CC;04/06/23;20;0,33;R
ES0000000000006921CC;04/06/23;21;0,676;R
ES0000000000006921CC;04/06/23;22;0,155;R
ES0000000000006921CC;04/06/23;23;0,271;R
ES0000000000006921CC;05/06/23;0;0,12;R
ES0000000000006921CC;05/06/23;1;0,144;R
ES0000000000006921CC;05/06/23;2;0,116;R
ES0000000000006921CC;05/06/23;3;0,095;R
ES0000000000006921CC;05/06/23;4;0,162;R
ES0000000000006921CC;05/06/23;5;0,092;R
ES0000000000006921CC;05/06/23;6;0,113;R
ES0000000000006921CC;05/06/23;7;0,09;R
ES0000000000006921CC;05/06/23;8;0,064;R
ES0000000000006921CC;05/06/23;9;0,265;R
ES0000000000006921CC;05/06/23;10;0,302;R
ES0000000000006921CC;05/06/23;11;0,173;R
ES0000000000006921CC;05/06/23;12;0,065;R
ES0000000000006921CC;05/06/23;13;0,144;R
ES0000000000006921CC;05/06/23;14;0,14;R
ES0000000000006921CC;05/06/23;15;0,216;R
ES0000000000006921CC;05/06/23;16;0,12;R
ES0000000000006921CC;05/06/23;17;0,244;R
ES0000000000006921CC;05/06/23;18;0,18;R
ES0000000000006921CC;05/06/23;19;0,218;R
ES0000000000006921CC;05/06/23;20;0,132;R
ES0000000000006921CC;05/06/23;21;0,19;R
ES0000000000006921CC;05/06/23;22;0,191;R
ES0000000000006921CC;05/06/23;23;0,293;R
ES0000000000006921CC;06/06/23;0;0,237;R
ES0000000000006921CC;06/06/23;1;0,193;R
ES0000000000006921CC;06/06/23;2;0,095;R
ES0000000000006921CC;06/06/23;3;0,108;R
ES0000000000006921CC;06/06/23;4;0,087;R
ES0000000000006921CC;06/06/23;5;0,098;R
ES0000000000006921CC;06/06/23;6;0,104;R
ES0000000000006921CC;06/06/23;7;0,082;R
ES0000000000006921CC;06/06/23;8;0,127;R
ES0000000000006921CC;06/06/23;9;0,199;R
ES0000000000006921CC;06/06/23;10;0,186;R
ES0000000000006921CC;06/06/23;11;0,826;R
ES0000000000006921CC;06/06/23;12;0,223;R
ES0000000000006921CC;06/06/23;13;0,184;R
ES0000000000006921CC;06/06/23;14;0,433;R
ES0000000000006921CC;06/06/23;15;0,205;R
ES0000000000006921CC;06/06/23;16;0,126;R
ES0000000000006921CC;06/06/23;17;0,15;R
ES0000000000006921CC;06/06/23;18;0,091;R
ES0000000000006921CC;06/06/23;19;0,125;R
ES0000000000006921CC;06/06/23;20;0,143;R
ES0000000000006921CC;06/06/23;21;0,142;R
ES0000000000006921CC;06/06/23;22;0,244;R
ES0000000000006921CC;06/06/23;23;0,213;R
ES0000000000006921CC;07/06/23;0;0,227;R
ES0000000000006921CC;07/06/23;1;0,201;R
ES0000000000006921CC;07/06/23;2;0,12;R
ES0000000000006921CC;07/06/23;3;0,085;R
ES0000000000006921CC;07/06/23;4;0,098;R
ES0000000000006921CC;07/06/23;5;0,098;R
ES0000000000006921CC;07/06/23;6;0,084;R
ES0000000000006921CC;07/06/23;7;0,107;R
ES0000000000006921CC;07/06/23;8;0,08;R
ES0000000000006921CC;07/06/23;9;0,152;R
ES0000000000006921CC;07/06/23;10;0,199;R
ES0000000000006921CC;07/06/23;11;0,251;R
ES0000000000006921CC;07/06/23;12;0,188;R
ES0000000000006921CC;07/06/23;13;0,138;R
ES0000000000006921CC;07/06/23;14;0,255;R
ES0000000000006921CC;07/06/23;15;0,243;R
ES0000000000006921CC;07/06/23;16;0,209;R
ES0000000000006921CC;07/06/23;17;0,126;R
ES0000000000006921CC;07/06/23;18;0,116;R
ES0000000000006921CC;07/06/23;19;0,121;R
ES0000000000006921CC;07/06/23;20;0,126;R
ES0000000000006921CC;07/06/23;21;0,149;R
ES0000000000006921CC;07/06/23;22;0,18;R
ES0000000000006921CC;07/06/23;23;0,297;R
ES0000000000006921CC;08/06/23;0;0,143;R
ES0000000000006921CC;08/06/23;1;0,679;R
ES0000000000006921CC;08/06/23;2;0,649;R
ES0000000000006921CC;08/06/23;3;0,082;R
ES0000000000006921CC;08/06/23;4;0,154;R
ES0000000000006921CC;08/06/23;5;0,176;R
ES0000000000006921CC;08/06/23;6;0,111;R
ES0000000000006921CC;08/06/23;7;0,086;R
ES0000000000006921CC;08/06/23;8;0,113;R
ES0000000000006921CC;08/06/23;9;0,075;R
ES0000000000006921CC;08/06/23;10;0,232;R
ES0000000000006921CC;08/06/23;11;0,299;R
ES0000000000006921CC;08/06/23;12;0,076;R
ES0000000000006921CC;08/06/23;13;0,116;R
ES0000000000006921CC;08/06/23;14;0,124;R
ES0000000000006921CC;08/06/23;15;0,215;R
ES0000000000006921CC;08/06/23;16;0,136;R
ES0000000000006921CC;08/06/23;17;0,212;R
ES0000000000006921CC;08/06/23;18;0,17;R
ES0000000000006921CC;08/06/23;19;0,182;R
ES0000000000006921CC;08/06/23;20;0,181;R
ES0000000000006921CC;08/06/23;21;0,15;R
ES0000000000006921CC;08/06/23;22;0,169;R
ES0000000000006921CC;08/06/23;23;0,157;R
ES0000000000006921CC;09/06/23;0;0,211;R
ES0000000000006921CC;09/06/23;1;0,145;R
ES0000000000006921CC;09/06/23;2;0,081;R
ES0000000000006921CC;09/06/23;3;0,135;R
ES0000000000006921CC;09/06/23;4;0,061;R
ES0000000000006921CC;09/06/23;5;0,079;R
ES0000000000006921CC;09/06/23;6;0,123;R
ES0000000000006921CC;09/06/23;7;0,074;R
ES0000000000006921CC;09/06/23;8;0,085;R
ES0000000000006921CC;09/06/23;9;0,169;R
ES0000000000006921CC;09/06/23;10;0,31;R
ES0000000000006921CC;09/06/23;11;0,309;R
ES0000000000006921CC;09/06/23;12;0,152;R
ES0000000000006921CC;09/06/23;13;0,167;R
ES0000000000006921CC;09/06/23;14;0,289;R
ES0000000000006921CC;09/06/23;15;0,469;R
ES0000000000006921CC;09/06/23;16;0,15;R
ES0000000000006921CC;09/06/23;17;0,246;R
ES0000000000006921CC;09/06/23;18;0,09;R
ES0000000000006921CC;09/06/23;19;0,154;R
ES0000000000006921CC;09/06/23;20;0,376;R
ES0000000000006921CC;09/06/23;21;0,173;R
ES0000000000006921CC;09/06/23;22;0,245;R
ES0000000000006921CC;09/06/23;23;0,292;R
ES0000000000006921CC;10/06/23;0;0,261;R
ES0000000000006921CC;10/06/23;1;0,142;R
ES0000000000006921CC;10/06/23;2;0,117;R
ES0000000000006921CC;10/06/23;3;0,113;R
ES0000000000006921CC;10/06/23;4;0,08;R
ES0000000000006921CC;10/06/23;5;0,084;R
ES0000000000006921CC;10/06/23;6;0,083;R
ES0000000000006921CC;10/06/23;7;0,114;R
ES0000000000006921CC;10/06/23;8;0,062;R
ES0000000000006921CC;10/06/23;9;0,137;R
ES0000000000006921CC;10/06/23;10;0,36;R
ES0000000000006921CC;10/06/23;11;0,28;R
ES0000000000006921CC;10/06/23;12;0,236;R
ES0000000000006921CC;10/06/23;13;0,181;R
ES0000000000006921CC;10/06/23;14;0,607;R
ES0000000000006921CC;10/06/23;15;0,229;R
ES0000000000006921CC;10/06/23;16;0,152;R
ES0000000000006921CC;10/06/23;17;0,143;R
ES0000000000006921CC;10/06/23;18;0,138;R
ES0000000000006921CC;10/06/23;19;0,102;R
ES0000000000006921CC;10/06/23;20;0,209;R
ES0000000000006921CC;10/06/23;21;0,146;R
ES0000000000006921CC;10/06/23;22;0,235;R
ES0000000000006921CC;10/06/23;23;0,245;R
ES0000000000006921CC;11/06/23;0;0,293;R
ES0000000000006921CC;11/06/23;1;0,21;R
ES0000000000006921CC;11/06/23;2;0,162;R
ES0000000000006921CC;11/06/23;3;0,089;R
ES0000000000006921CC;11/06/23;4;0,098;R
ES0000000000006921CC;11/06/23;5;0,101;R
ES0000000000006921CC;11/06/23;6;0,109;R
ES0000000000006921CC;11/06/23;7;0,092;R
ES0000000000006921CC;11/06/23;8;0,079;R
ES0000000000006921CC;11/06/23;9;0,1;R
ES0000000000006921CC;11/06/23;10;0,25;R
ES0000000000006921CC;11/06/23;11;0,234;R
ES0000000000006921CC;11/06/23;12;0,225;R
ES0000000000006921CC;11/06/23;13;0,558;R
ES0000000000006921CC;11/06/23;14;0,39;R
ES0000000000006921CC;11/06/23;15;1,068;R
ES0000000000006921CC;11/06/23;16;0,172;R
ES0000000000006921CC;11/06/23;17;0,677;R
ES0000000000006921CC;11/06/23;18;0,667;R
ES0000000000006921CC;11/06/23;19;0,137;R
ES0000000000006921CC;11/06/23;20;0,25;R
ES0000000000006921CC;11/06/23;21;0,174;R
ES0000000000006921CC;11/06/23;22;0,255;R
ES0000000000006921CC;11/06/23;23;0,175;R
ES0000000000006921CC;12/06/23;0;0,206;R
ES0000000000006921CC;12/06/23;1;0,162;R
ES0000000000006921CC;12/06/23;2;0,085;R
ES0000000000006921CC;12/06/23;3;0,096;R
ES0000000000006921CC;12/06/23;4;0,149;R
ES0000000000006921CC;12/06/23;5;0,155;R
ES0000000000006921CC;12/06/23;6;0,102;R
ES0000000000006921CC;12/06/23;7;0,105;R
ES0000000000006921CC;12/06/23;8;0,104;R
ES0000000000006921CC;12/06/23;9;0,118;R
ES0000000000006921CC;12/06/23;10;0,258;R
ES0000000000006921CC;12/06/23;11;0,271;R
ES0000000000006921CC;12/06/23;12;0,155;R
ES0000000000006921CC;12/06/23;13;0,128;R
ES0000000000006921CC;12/06/23;14;0,589;R
ES0000000000006921CC;12/06/23;15;0,16;R
ES0000000000006921CC;12/06/23;16;0,129;R
ES0000000000006921CC;12/06/23;17;0,122;R
ES0000000000006921CC;12/06/23;18;0,205;R
ES0000000000006921CC;12/06/23;19;0,169;R
ES0000000000006921CC;12/06/23;20;0,206;R
ES0000000000006921CC;12/06/23;21;0,14;R
ES0000000000006921CC;12/06/23;22;0,163;R
ES0000000000006921CC;12/06/23;23;0,237;R
ES0000000000006921CC;13/06/23;0;0,197;R
ES0000000000006921CC;13/06/23;1;0,313;R
ES0000000000006921CC;13/06/23;2;0,657;R
ES0000000000006921CC;13/06/23;3;0,64;R
ES0000000000006921CC;13/06/23;4;0,122;R
ES0000000000006921CC;13/06/23;5;0,096;R
ES0000000000006921CC;13/06/23;6;0,284;R
ES0000000000006921CC;13/06/23;7;0,159;R
ES0000000000006921CC;13/06/23;8;0,159;R
ES0000000000006921CC;13/06/23;9;0,089;R
ES0000000000006921CC;13/06/23;10;0,085;R
ES0000000000006921CC;13/06/23;11;0,11;R
ES0000000000006921CC;13/06/23;12;0,089;R
ES0000000000006921CC;13/06/23;13;0,115;R
ES0000000000006921CC;13/06/23;14;0,081;R
ES0000000000006921CC;13/06/23;15;0,104;R
ES0000000000006921CC;13/06/23;16;0,079;R
ES0000000000006921CC;13/06/23;17;0,113;R
ES0000000000006921CC;13/06/23;18;0,079;R
ES0000000000006921CC;13/06/23;19;0,112;R
ES0000000000006921CC;13/06/23;20;0,08;R
ES0000000000006921CC;13/06/23;21;0,114;R
ES0000000000006921CC;13/06/23;22;0,078;R
ES0000000000006921CC;13/06/23;23;0,123;R
ES0000000000006921CC;14/06/23;0;0,083;R
ES0000000000006921CC;14/06/23;1;0,109;R
ES0000000000006921CC;14/06/23;2;0,074;R
ES0000000000006921CC;14/06/23;3;0,111;R
ES0000000000006921CC;14/06/23;4;0,082;R
ES0000000000006921CC;14/06/23;5;0,098;R
ES0000000000006921CC;14/06/23;6;0,098;R
ES0000000000006921CC;14/06/23;7;0,085;R
ES0000000000006921CC;14/06/23;8;0,112;R
ES0000000000006921CC;14/06/23;9;0,084;R
ES0000000000006921CC;14/06/23;10;0,11;R
ES0000000000006921CC;14/06/23;11;0,084;R
ES0000000000006921CC;14/06/23;12;0,114;R
ES0000000000006921CC;14/06/23;13;0,082;R
ES0000000000006921CC;14/06/23;14;0,111;R
ES0000000000006921CC;14/06/23;15;0,086;R
ES0000000000006921CC;14/06/23;16;0,104;R
ES0000000000006921CC;14/06/23;17;0,09;R
ES0000000000006921CC;14/06/23;18;0,101;R
ES0000000000006921CC;14/06/23;19;0,092;R
ES0000000000006921CC;14/06/23;20;0,157;R
ES0000000000006921CC;14/06/23;21;0,163;R
ES0000000000006921CC;14/06/23;22;0,102;R
ES0000000000006921CC;14/06/23;23;0,099;R
ES0000000000006921CC;15/06/23;0;0,122;R
ES0000000000006921CC;15/06/23;1;0,07;R
ES0000000000006921CC;15/06/23;2;0,12;R
ES0000000000006921CC;15/06/23;3;0,073;R
ES0000000000006921CC;15/06/23;4;0,121;R
ES0000000000006921CC;15/06/23;5;0,073;R
ES0000000000006921CC;15/06/23;6;0,118;R
ES0000000000006921CC;15/06/23;7;0,073;R
ES0000000000006921CC;15/06/23;8;0,121;R
ES0000000000006921CC;15/06/23;9;0,072;R
ES0000000000006921CC;15/06/23;10;0,122;R
ES0000000000006921CC;15/06/23;11;0,069;R
ES0000000000006921CC;15/06/23;12;0,125;R
ES0000000000006921CC;15/06/23;13;0,07;R
ES0000000000006921CC;15/06/23;14;0,117;R
ES0000000000006921CC;15/06/23;15;0,082;R
ES0000000000006921CC;15/06/23;16;0,096;R
ES0000000000006921CC;15/06/23;17;0,11;R
ES0000000000006921CC;15/06/23;18;0,086;R
ES0000000000006921CC;15/06/23;19;0,104;R
ES0000000000006921CC;15/06/23;20;0,091;R
ES0000000000006921CC;15/06/23;21;0,106;R
ES0000000000006921CC;15/06/23;22;0,09;R
ES0000000000006921CC;15/06/23;23;0,118;R
ES0000000000006921CC;16/06/23;0;0,096;R
ES0000000000006921CC;16/06/23;1;0,106;R
ES0000000000006921CC;16/06/23;2;0,09;R
ES0000000000006921CC;16/06/23;3;0,105;R
ES0000000000006921CC;16/06/23;4;0,087;R
ES0000000000006921CC;16/06/23;5;0,107;R
ES0000000000006921CC;16/06/23;6;0,086;R
ES0000000000006921CC;16/06/23;7;0,107;R
ES0000000000006921CC;16/06/23;8;0,103;R
ES0000000000006921CC;16/06/23;9;0,157;R
ES0000000000006921CC;16/06/23;10;0,156;R
ES0000000000006921CC;16/06/23;11;0,103;R
ES0000000000006921CC;16/06/23;12;0,086;R
ES0000000000006921CC;16/06/23;13;0,112;R
ES0000000000006921CC;16/06/23;14;0,077;R
ES0000000000006921CC;16/06/23;15;0,116;R
ES0000000000006921CC;16/06/23;16;0,077;R
ES0000000000006921CC;16/06/23;17;0,117;R
ES0000000000006921CC;16/06/23;18;0,074;R
ES0000000000006921CC;16/06/23;19;0,122;R
ES0000000000006921CC;16/06/23;20;0,071;R
ES0000000000006921CC;16/06/23;21;0,124;R
ES0000000000006921CC;16/06/23;22;0,074;R
ES0000000000006921CC;16/06/23;23;0,161;R
ES0000000000006921CC;17/06/23;0;0,151;R
ES0000000000006921CC;17/06/23;1;0,104;R
ES0000000000006921CC;17/06/23;2;0,106;R
ES0000000000006921CC;17/06/23;3;0,064;R
ES0000000000006921CC;17/06/23;4;0,108;R
ES0000000000006921CC;17/06/23;5;0,069;R
ES0000000000006921CC;17/06/23;6;0,104;R
ES0000000000006921CC;17/06/23;7;0,082;R
ES0000000000006921CC;17/06/23;8;0,088;R
ES0000000000006921CC;17/06/23;9;0,087;R
ES0000000000006921CC;17/06/23;10;0,087;R
ES0000000000006921CC;17/06/23;11;0,101;R
ES0000000000006921CC;17/06/23;12;0,084;R
ES0000000000006921CC;17/06/23;13;0,093;R
ES0000000000006921CC;17/06/23;14;0,087;R
ES0000000000006921CC;17/06/23;15;0,098;R
ES0000000000006921CC;17/06/23;16;0,088;R
ES0000000000006921CC;17/06/23;17;0,097;R
ES0000000000006921CC;17/06/23;18;0,092;R
ES0000000000006921CC;17/06/23;19;0,097;R
ES0000000000006921CC;17/06/23;20;0,079;R
ES0000000000006921CC;17/06/23;21;0,109;R
ES0000000000006921CC;17/06/23;22;0,067;R
ES0000000000006921CC;17/06/23;23;0,117;R
ES0000000000006921CC;18/06/23;0;0,081;R
ES0000000000006921CC;18/06/23;1;0,101;R
ES0000000000006921CC;18/06/23;2;0,096;R
ES0000000000006921CC;18/06/23;3;0,088;R
ES0000000000006921CC;18/06/23;4;0,1;R
ES0000000000006921CC;18/06/23;5;0,089;R
ES0000000000006921CC;18/06/23;6;0,101;R
ES0000000000006921CC;18/06/23;7;0,09;R
ES0000000000006921CC;18/06/23;8;0,099;R
ES0000000000006921CC;18/06/23;9;0,08;R
ES0000000000006921CC;18/06/23;10;0,156;R
ES0000000000006921CC;18/06/23;11;0,148;R
ES0000000000006921CC;18/06/23;12;0,086;R
ES0000000000006921CC;18/06/23;13;0,107;R
ES0000000000006921CC;18/06/23;14;0,076;R
ES0000000000006921CC;18/06/23;15;0,098;R
ES0000000000006921CC;18/06/23;16;0,096;R
ES0000000000006921CC;18/06/23;17;0,095;R
ES0000000000006921CC;18/06/23;18;0,109;R
ES0000000000006921CC;18/06/23;19;0,094;R
ES0000000000006921CC;18/06/23;20;0,105;R
ES0000000000006921CC;18/06/23;21;0,08;R
ES0000000000006921CC;18/06/23;22;0,108;R
ES0000000000006921CC;18/06/23;23;0,075;R
ES0000000000006921CC;19/06/23;0;0,115;R
ES0000000000006921CC;19/06/23;1;0,097;R
ES0000000000006921CC;19/06/23;2;0,093;R
ES0000000000006921CC;19/06/23;3;0,105;R
ES0000000000006921CC;19/06/23;4;0,094;R
ES0000000000006921CC;19/06/23;5;0,101;R
ES0000000000006921CC;19/06/23;6;0,081;R
ES0000000000006921CC;19/06/23;7;0,107;R
ES0000000000006921CC;19/06/23;8;0,067;R
ES0000000000006921CC;19/06/23;9;0,107;R
ES0000000000006921CC;19/06/23;10;0,085;R
ES0000000000006921CC;19/06/23;11;0,093;R
ES0000000000006921CC;19/06/23;12;0,1;R
ES0000000000006921CC;19/06/23;13;0,092;R
ES0000000000006921CC;19/06/23;14;0,106;R
ES0000000000006921CC;19/06/23;15;0,094;R
ES0000000000006921CC;19/06/23;16;0,097;R
ES0000000000006921CC;19/06/23;17;0,089;R
ES0000000000006921CC;19/06/23;18;0,115;R
ES0000000000006921CC;19/06/23;19;0,146;R
ES0000000000006921CC;19/06/23;20;0,148;R
ES0000000000006921CC;19/06/23;21;0,096;R
ES0000000000006921CC;19/06/23;22;0,099;R
ES0000000000006921CC;19/06/23;23;0,119;R
ES0000000000006921CC;20/06/23;0;0,076;R
ES0000000000006921CC;20/06/23;1;0,107;R
ES0000000000006921CC;20/06/23;2;0,09;R
ES0000000000006921CC;20/06/23;3;0,094;R
ES0000000000006921CC;20/06/23;4;0,105;R
ES0000000000006921CC;20/06/23;5;0,094;R
ES0000000000006921CC;20/06/23;6;0,104;R
ES0000000000006921CC;20/06/23;7;0,079;R
ES0000000000006921CC;20/06/23;8;0,108;R
ES0000000000006921CC;20/06/23;9;0,066;R
ES0000000000006921CC;20/06/23;10;0,108;R
ES0000000000006921CC;20/06/23;11;0,086;R
ES0000000000006921CC;20/06/23;12;0,092;R
ES0000000000006921CC;20/06/23;13;0,104;R
ES0000000000006921CC;20/06/23;14;0,094;R
ES0000000000006921CC;20/06/23;15;0,103;R
ES0000000000006921CC;20/06/23;16;0,095;R
ES0000000000006921CC;20/06/23;17;0,103;R
ES0000000000006921CC;20/06/23;18;0,211;R
ES0000000000006921CC;20/06/23;19;0,269;R
ES0000000000006921CC;20/06/23;20;0,208;R
ES0000000000006921CC;20/06/23;21;0,176;R
ES0000000000006921CC;20/06/23;22;0,233;R
ES0000000000006921CC;20/06/23;23;0,192;R
ES0000000000006921CC;21/06/23;0;0,205;R
ES0000000000006921CC;21/06/23;1;0,084;R
ES0000000000006921CC;21/06/23;2;0,109;R
ES0000000000006921CC;21/06/23;3;0,086;R
ES0000000000006921CC;21/06/23;4;0,105;R
ES0000000000006921CC;21/06/23;5;0,093;R
ES0000000000006921CC;21/06/23;6;0,145;R
ES0000000000006921CC;21/06/23;7;0,155;R
ES0000000000006921CC;21/06/23;8;0,092;R
ES0000000000006921CC;21/06/23;9;0,092;R
ES0000000000006921CC;21/06/23;10;0,243;R
ES0000000000006921CC;21/06/23;11;0,228;R
ES0000000000006921CC;21/06/23;12;0,391;R
ES0000000000006921CC;21/06/23;13;0,134;R
ES0000000000006921CC;21/06/23;14;0,261;R
ES0000000000006921CC;21/06/23;15;0,201;R
ES0000000000006921CC;21/06/23;16;0,214;R
ES0000000000006921CC;21/06/23;17;0,193;R
ES0000000000006921CC;21/06/23;18;0,196;R
ES0000000000006921CC;21/06/23;19;0,2;R
ES0000000000006921CC;21/06/23;20;0,205;R
ES0000000000006921CC;21/06/23;21;0,209;R
ES0000000000006921CC;21/06/23;22;0,293;R
ES0000000000006921CC;21/06/23;23;0,168;R
ES0000000000006921CC;22/06/23;0;0,218;R
ES0000000000006921CC;22/06/23;1;0,143;R
ES0000000000006921CC;22/06/23;2;0,092;R
ES0000000000006921CC;22/06/23;3;0,144;R
ES0000000000006921CC;22/06/23;4;0,159;R
ES0000000000006921CC;22/06/23;5;0,116;R
ES0000000000006921CC;22/06/23;6;0,089;R
ES0000000000006921CC;22/06/23;7;0,091;R
ES0000000000006921CC;22/06/23;8;0,059;R
ES0000000000006921CC;22/06/23;9;0,23;R
ES0000000000006921CC;22/06/23;10;0,167;R
ES0000000000006921CC;22/06/23;11;0,669;R
ES0000000000006921CC;22/06/23;12;0,216;R
ES0000000000006921CC;22/06/23;13;0,122;R
ES0000000000006921CC;22/06/23;14;0,539;R
ES0000000000006921CC;22/06/23;15;0,219;R
ES0000000000006921CC;22/06/23;16;0,184;R
ES0000000000006921CC;22/06/23;17;0,188;R
ES0000000000006921CC;22/06/23;18;0,122;R
ES0000000000006921CC;22/06/23;19;0,127;R
ES0000000000006921CC;22/06/23;20;0,381;R
ES0000000000006921CC;22/06/23;21;0,14;R
ES0000000000006921CC;22/06/23;22;0,26;R
ES0000000000006921CC;22/06/23;23;0,184;R
ES0000000000006921CC;23/06/23;0;0,182;R
ES0000000000006921CC;23/06/23;1;0,109;R
ES0000000000006921CC;23/06/23;2;0,096;R
ES0000000000006921CC;23/06/23;3;0,081;R
ES0000000000006921CC;23/06/23;4;0,146;R
ES0000000000006921CC;23/06/23;5;0,155;R
ES0000000000006921CC;23/06/23;6;0,094;R
ES0000000000006921CC;23/06/23;7;0,081;R
ES0000000000006921CC;23/06/23;8;0,084;R
ES0000000000006921CC;23/06/23;9;0,253;R
ES0000000000006921CC;23/06/23;10;0,192;R
ES0000000000006921CC;23/06/23;11;0,249;R
ES0000000000006921CC;23/06/23;12;0,153;R
ES0000000000006921CC;23/06/23;13;0,219;R
ES0000000000006921CC;23/06/23;14;0,238;R
ES0000000000006921CC;23/06/23;15;0,154;R
ES0000000000006921CC;23/06/23;16;0,175;R
ES0000000000006921CC;23/06/23;17;0,182;R
ES0000000000006921CC;23/06/23;18;0,188;R
ES0000000000006921CC;23/06/23;19;0,118;R
ES0000000000006921CC;23/06/23;20;0,144;R
ES0000000000006921CC;23/06/23;21;0,178;R
ES0000000000006921CC;23/06/23;22;0,183;R
ES0000000000006921CC;23/06/23;23;0,246;R
ES0000000000006921CC;24/06/23;0;0,184;R
ES0000000000006921CC;24/06/23;1;0,285;R
ES0000000000006921CC;24/06/23;2;0,186;R
ES0000000000006921CC;24/06/23;3;0,165;R
ES0000000000006921CC;24/06/23;4;0,158;R
ES0000000000006921CC;24/06/23;5;0,128;R
ES0000000000006921CC;24/06/23;6;0,083;R
ES0000000000006921CC;24/06/23;7;0,118;R
ES0000000000006921CC;24/06/23;8;0,089;R
ES0000000000006921CC;24/06/23;9;0,275;R
ES0000000000006921CC;24/06/23;10;0,168;R
ES0000000000006921CC;24/06/23;11;0,282;R
ES0000000000006921CC;24/06/23;12;0,125;R
ES0000000000006921CC;24/06/23;13;0,172;R
ES0000000000006921CC;24/06/23;14;0,23;R
ES0000000000006921CC;24/06/23;15;0,225;R
ES0000000000006921CC;24/06/23;16;0,745;R
ES0000000000006921CC;24/06/23;17;0,674;R
ES0000000000006921CC;24/06/23;18;0,238;R
ES0000000000006921CC;24/06/23;19;0,22;R
ES0000000000006921CC;24/06/23;20;0,163;R
ES0000000000006921CC;24/06/23;21;0,169;R
ES0000000000006921CC;24/06/23;22;0,139;R
ES0000000000006921CC;24/06/23;23;0,151;R
ES0000000000006921CC;25/06/23;0;0,162;R
ES0000000000006921CC;25/06/23;1;0,198;R
ES0000000000006921CC;25/06/23;2;0,2;R
ES0000000000006921CC;25/06/23;3;0,112;R
ES0000000000006921CC;25/06/23;4;0,129;R
ES0000000000006921CC;25/06/23;5;0,115;R
ES0000000000006921CC;25/06/23;6;0,114;R
ES0000000000006921CC;25/06/23;7;0,108;R
ES0000000000006921CC;25/06/23;8;0,086;R
ES0000000000006921CC;25/06/23;9;0,121;R
ES0000000000006921CC;25/06/23;10;0,221;R
ES0000000000006921CC;25/06/23;11;0,295;R
ES0000000000006921CC;25/06/23;12;0,258;R
ES0000000000006921CC;25/06/23;13;0,195;R
ES0000000000006921CC;25/06/23;14;0,368;R
ES0000000000006921CC;25/06/23;15;0,85;R
ES0000000000006921CC;25/06/23;16;0,175;R
ES0000000000006921CC;25/06/23;17;0,166;R
ES0000000000006921CC;25/06/23;18;0,124;R
ES0000000000006921CC;25/06/23;19;0,132;R
ES0000000000006921CC;25/06/23;20;0,168;R
ES0000000000006921CC;25/06/23;21;0,228;R
ES0000000000006921CC;25/06/23;22;0,231;R
ES0000000000006921CC;25/06/23;23;0,258;R
ES0000000000006921CC;26/06/23;0;0,23;R
ES0000000000006921CC;26/06/23;1;0,188;R
ES0000000000006921CC;26/06/23;2;0,119;R
ES0000000000006921CC;26/06/23;3;0,148;R
ES0000000000006921CC;26/06/23;4;0,097;R
ES0000000000006921CC;26/06/23;5;0,141;R
ES0000000000006921CC;26/06/23;6;0,087;R
ES0000000000006921CC;26/06/23;7;0,164;R
ES0000000000006921CC;26/06/23;8;0,148;R
ES0000000000006921CC;26/06/23;9;0,167;R
ES0000000000006921CC;26/06/23;10;0,255;R
ES0000000000006921CC;26/06/23;11;0,328;R
ES0000000000006921CC;26/06/23;12;0,386;R
ES0000000000006921CC;26/06/23;13;0,196;R
ES0000000000006921CC;26/06/23;14;0,252;R
ES0000000000006921CC;26/06/23;15;0,235;R
ES0000000000006921CC;26/06/23;16;0,174;R
ES0000000000006921CC;26/06/23;17;0,174;R
ES0000000000006921CC;26/06/23;18;0,204;R
ES0000000000006921CC;26/06/23;19;0,157;R
ES0000000000006921CC;26/06/23;20;0,167;R
ES0000000000006921CC;26/06/23;21;0,252;R
ES0000000000006921CC;26/06/23;22;0,196;R
ES0000000000006921CC;26/06/23;23;0,201;R
ES0000000000006921CC;27/06/23;0;0,293;R
ES0000000000006921CC;27/06/23;1;0,199;R
ES0000000000006921CC;27/06/23;2;0,086;R
ES0000000000006921CC;27/06/23;3;0,149;R
ES0000000000006921CC;27/06/23;4;0,167;R
ES0000000000006921CC;27/06/23;5;0,168;R
ES0000000000006921CC;27/06/23;6;0,104;R
ES0000000000006921CC;27/06/23;7;0,13;R
ES0000000000006921CC;27/06/23;8;0,094;R
ES0000000000006921CC;27/06/23;9;0,128;R
ES0000000000006921CC;27/06/23;10;0,233;R
ES0000000000006921CC;27/06/23;11;0,314;R
ES0000000000006921CC;27/06/23;12;0,149;R
ES0000000000006921CC;27/06/23;13;0,362;R
ES0000000000006921CC;27/06/23;14;0,511;R
ES0000000000006921CC;27/06/23;15;0,229;R
ES0000000000006921CC;27/06/23;16;0,206;R
ES0000000000006921CC;27/06/23;17;0,178;R
ES0000000000006921CC;27/06/23;18;0,166;R
ES0000000000006921CC;27/06/23;19;0,169;R
ES0000000000006921CC;27/06/23;20;0,171;R
ES0000000000006921CC;27/06/23;21;0,23;R
ES0000000000006921CC;27/06/23;22;0,239;R
ES0000000000006921CC;27/06/23;23;0,201;R
ES0000000000006921CC;28/06/23;0;0,244;R
ES0000000000006921CC;28/06/23;1;0,217;R
ES0000000000006921CC;28/06/23;2;0,205;R
ES0000000000006921CC;28/06/23;3;0,107;R
ES0000000000006921CC;28/06/23;4;0,126;R
ES0000000000006921CC;28/06/23;5;0,107;R
ES0000000000006921CC;28/06/23;6;0,127;R
ES0000000000006921CC;28/06/23;7;0,083;R
ES0000000000006921CC;28/06/23;8;0,12;R
ES0000000000006921CC;28/06/23;9;0,247;R
ES0000000000006921CC;28/06/23;10;0,164;R
ES0000000000006921CC;28/06/23;11;0,58;R
ES0000000000006921CC;28/06/23;12;0,329;R
ES0000000000006921CC;28/06/23;13;0,445;R
ES0000000000006921CC;28/06/23;14;0,211;R
ES0000000000006921CC;28/06/23;15;0,211;R
ES0000000000006921CC;28/06/23;16;0,155;R
ES0000000000006921CC;28/06/23;17;0,137;R
ES0000000000006921CC;28/06/23;18;0,178;R
ES0000000000006921CC;28/06/23;19;0,177;R
ES0000000000006921CC;28/06/23;20;0,177;R
ES0000000000006921CC;28/06/23;21;0,464;R
ES0000000000006921CC;28/06/23;22;0,206;R
ES0000000000006921CC;28/06/23;23;0,257;R
ES0000000000006921CC;29/06/23;0;0,199;R
ES0000000000006921CC;29/06/23;1;0,73;R
ES0000000000006921CC;29/06/23;2;0,577;R
ES0000000000006921CC;29/06/23;3;0,243;R
ES0000000000006921CC;29/06/23;4;0,099;R
ES0000000000006921CC;29/06/23;5;0,102;R
ES0000000000006921CC;29/06/23;6;0,138;R
ES0000000000006921CC;29/06/23;7;0,101;R
ES0000000000006921CC;29/06/23;8;0,117;R
ES0000000000006921CC;29/06/23;9;0,209;R
ES0000000000006921CC;29/06/23;10;0,27;R
ES0000000000006921CC;29/06/23;11;0,34;R
ES0000000000006921CC;29/06/23;12;0,286;R
ES0000000000006921CC;29/06/23;13;0,172;R
ES0000000000006921CC;29/06/23;14;0,168;R
ES0000000000006921CC;29/06/23;15;0,182;R
ES0000000000006921CC;29/06/23;16;0,154;R
ES0000000000006921CC;29/06/23;17;0,115;R
ES0000000000006921CC;29/06/23;18;0,144;R
ES0000000000006921CC;29/06/23;19;0,167;R
ES0000000000006921CC;29/06/23;20;0,283;R
ES0000000000006921CC;29/06/23;21;0,232;R
ES0000000000006921CC;29/06/23;22;0,227;R
ES0000000000006921CC;29/06/23;23;0,24;R
ES0000000000006921CC;30/06/23;0;0,194;R
ES0000000000006921CC;30/06/23;1;0,174;R
ES0000000000006921CC;30/06/23;2;0,107;R
ES0000000000006921CC;30/06/23;3;0,135;R
ES0000000000006921CC;30/06/23;4;0,082;R
ES0000000000006921CC;30/06/23;5;0,151;R
ES0000000000006921CC;30/06/23;6;0,158;R
ES0000000000006921CC;30/06/23;7;0,17;R
ES0000000000006921CC;30/06/23;8;0,085;R
ES0000000000006921CC;30/06/23;9;0,123;R
ES0000000000006921CC;30/06/23;10;0,244;R
ES0000000000006921CC;30/06/23;11;0,307;R
ES0000000000006921CC;30/06/23;12;0,1;R
ES0000000000006921CC;30/06/23;13;0,17;R
ES0000000000006921CC;30/06/23;14;0,254;R
ES0000000000006921CC;30/06/23;15;0,244;R
ES0000000000006921CC;30/06/23;16;0,196;R
ES0000000000006921CC;30/06/23;17;0,189;R
ES0000000000006921CC;30/06/23;18;0,182;R
ES0000000000006921CC;30/06/23;19;0,179;R
ES0000000000006921CC;30/06/23;20;0,162;R
ES0000000000006921CC;30/06/23;21;0,184;R
ES0000000000006921CC;30/06/23;22;0,227;R
ES0000000000006921CC;30/06/23;23;0,189;R
ES0000000000006921CC;01/07/23;0;0,21;R
ES0000000000006921CC;01/07/23;1;0,174;R
ES0000000000006921CC;01/07/23;2;0,168;R
ES0000000000006921CC;01/07/23;3;0,147;R
ES0000000000006921CC;01/07/23;4;0,129;R
ES0000000000006921CC;01/07/23;5;0,08;R
ES0000000000006921CC;01/07/23;6;0,144;R
ES0000000000006921CC;01/07/23;7;0,071;R
ES0000000000006921CC;01/07/23;8;0,092;R
ES0000000000006921CC;01/07/23;9;0,288;R
ES0000000000006921CC;01/07/23;10;0,196;R
ES0000000000006921CC;01/07/23;11;0,216;R
ES0000000000006921CC;01/07/23;12;0,346;R
ES0000000000006921CC;01/07/23;13;0,386;R
ES0000000000006921CC;01/07/23;14;1,286;R
ES0000000000006921CC;01/07/23;15;0,275;R
ES0000000000006921CC;01/07/23;16;0,161;R
ES0000000000006921CC;01/07/23;17;0,88;R
ES0000000000006921CC;01/07/23;18;0,327;R
ES0000000000006921CC;01/07/23;19;0,175;R
ES0000000000006921CC;01/07/23;20;0,117;R
ES0000000000006921CC;01/07/23;21;0,255;R
ES0000000000006921CC;01/07/23;22;0,243;R
ES0000000000006921CC;01/07/23;23;0,278;R
ES0000000000006921CC;02/07/23;0;0,272;R
ES0000000000006921CC;02/07/23;1;0,207;R
ES0000000000006921CC;02/07/23;2;0,16;R
ES0000000000006921CC;02/07/23;3;0,143;R
ES0000000000006921CC;02/07/23;4;0,09;R
ES0000000000006921CC;02/07/23;5;0,102;R
ES0000000000006921CC;02/07/23;6;0,127;R
ES0000000000006921CC;02/07/23;7;0,166;R
ES0000000000006921CC;02/07/23;8;0,216;R
ES0000000000006921CC;02/07/23;9;0,182;R
ES0000000000006921CC;02/07/23;10;0,116;R
ES0000000000006921CC;02/07/23;11;0,127;R
ES0000000000006921CC;02/07/23;12;0,112;R
ES0000000000006921CC;02/07/23;13;0,116;R
ES0000000000006921CC;02/07/23;14;0,107;R
ES0000000000006921CC;02/07/23;15;0,128;R
ES0000000000006921CC;02/07/23;16;0,09;R
ES0000000000006921CC;02/07/23;17;0,131;R
ES0000000000006921CC;02/07/23;18;0,093;R
ES0000000000006921CC;02/07/23;19;0,143;R
ES0000000000006921CC;02/07/23;20;0,166;R
ES0000000000006921CC;02/07/23;21;0,148;R
ES0000000000006921CC;02/07/23;22;0,115;R
ES0000000000006921CC;02/07/23;23;0,121;R
ES0000000000006921CC;03/07/23;0;0,143;R
ES0000000000006921CC;03/07/23;1;0,097;R
ES0000000000006921CC;03/07/23;2;0,139;R
ES0000000000006921CC;03/07/23;3;0,073;R
ES0000000000006921CC;03/07/23;4;0,13;R
ES0000000000006921CC;03/07/23;5;0,104;R
ES0000000000006921CC;03/07/23;6;0,118;R
ES0000000000006921CC;03/07/23;7;0,111;R
ES0000000000006921CC;03/07/23;8;0,103;R
ES0000000000006921CC;03/07/23;9;0,131;R
ES0000000000006921CC;03/07/23;10;0,078;R
ES0000000000006921CC;03/07/23;11;0,139;R
ES0000000000006921CC;03/07/23;12;0,075;R
ES0000000000006921CC;03/07/23;13;0,134;R
ES0000000000006921CC;03/07/23;14;0,113;R
ES0000000000006921CC;03/07/23;15;0,109;R
ES0000000000006921CC;03/07/23;16;0,205;R
ES0000000000006921CC;03/07/23;17;0,271;R
ES0000000000006921CC;03/07/23;18;0,247;R
ES0000000000006921CC;03/07/23;19;0,261;R
ES0000000000006921CC;03/07/23;20;0,212;R
ES0000000000006921CC;03/07/23;21;0,214;R
ES0000000000006921CC;03/07/23;22;0,197;R
ES0000000000006921CC;03/07/23;23;0,223;R
ES0000000000006921CC;04/07/23;0;0,234;R
ES0000000000006921CC;04/07/23;1;0,199;R
ES0000000000006921CC;04/07/23;2;0,192;R
ES0000000000006921CC;04/07/23;3;0,249;R
ES0000000000006921CC;04/07/23;4;0,189;R
ES0000000000006921CC;04/07/23;5;0,222;R
ES0000000000006921CC;04/07/23;6;0,201;R
ES0000000000006921CC;04/07/23;7;0,184;R
ES0000000000006921CC;04/07/23;8;0,247;R
ES0000000000006921CC;04/07/23;9;0,179;R
ES0000000000006921CC;04/07/23;10;0,222;R
ES0000000000006921CC;04/07/23;11;0,207;R
ES0000000000006921CC;04/07/23;12;0,194;R
ES0000000000006921CC;04/07/23;13;0,232;R
ES0000000000006921CC;04/07/23;14;0,191;R
ES0000000000006921CC;04/07/23;15;0,207;R
ES0000000000006921CC;04/07/23;16;0,225;R
ES0000000000006921CC;04/07/23;17;0,184;R
ES0000000000006921CC;04/07/23;18;0,249;R
ES0000000000006921CC;04/07/23;19;0,193;R
ES0000000000006921CC;04/07/23;20;0,199;R
ES0000000000006921CC;04/07/23;21;0,272;R
ES0000000000006921CC;04/07/23;22;0,245;R
ES0000000000006921CC;04/07/23;23;0,278;R
ES0000000000006921CC;05/07/23;0;0,22;R
ES0000000000006921CC;05/07/23;1;0,214;R
ES0000000000006921CC;05/07/23;2;0,228;R
ES0000000000006921CC;05/07/23;3;0,186;R
ES0000000000006921CC;05/07/23;4;0,203;R
ES0000000000006921CC;05/07/23;5;0,244;R
ES0000000000006921CC;05/07/23;6;0,171;R
ES0000000000006921CC;05/07/23;7;0,239;R
ES0000000000006921CC;05/07/23;8;0,21;R
ES0000000000006921CC;05/07/23;9;0,194;R
ES0000000000006921CC;05/07/23;10;0,232;R
ES0000000000006921CC;05/07/23;11;0,182;R
ES0000000000006921CC;05/07/23;12;0,207;R
ES0000000000006921CC;05/07/23;13;0,238;R
ES0000000000006921CC;05/07/23;14;0,183;R
ES0000000000006921CC;05/07/23;15;0,238;R
ES0000000000006921CC;05/07/23;16;0,21;R
ES0000000000006921CC;05/07/23;17;0,18;R
ES0000000000006921CC;05/07/23;18;0,244;R
ES0000000000006921CC;05/07/23;19;0,188;R
ES0000000000006921CC;05/07/23;20;0,229;R
ES0000000000006921CC;05/07/23;21;0,193;R
ES0000000000006921CC;05/07/23;22;0,22;R
ES0000000000006921CC;05/07/23;23;0,241;R
ES0000000000006921CC;06/07/23;0;0,192;R
ES0000000000006921CC;06/07/23;1;0,251;R
ES0000000000006921CC;06/07/23;2;0,193;R
ES0000000000006921CC;06/07/23;3;0,265;R
ES0000000000006921CC;06/07/23;4;0,259;R
ES0000000000006921CC;06/07/23;5;0,235;R
ES0000000000006921CC;06/07/23;6;0,175;R
ES0000000000006921CC;06/07/23;7;0,259;R
ES0000000000006921CC;06/07/23;8;0,184;R
ES0000000000006921CC;06/07/23;9;0,228;R
ES0000000000006921CC;06/07/23;10;0,189;R
ES0000000000006921CC;06/07/23;11;0,219;R
ES0000000000006921CC;06/07/23;12;0,213;R
ES0000000000006921CC;06/07/23;13;0,201;R
ES0000000000006921CC;06/07/23;14;0,187;R
ES0000000000006921CC;06/07/23;15;0,262;R
ES0000000000006921CC;06/07/23;16;0,168;R
ES0000000000006921CC;06/07/23;17;0,248;R
ES0000000000006921CC;06/07/23;18;0,2;R
ES0000000000006921CC;06/07/23;19;0,214;R
ES0000000000006921CC;06/07/23;20;0,203;R
ES0000000000006921CC;06/07/23;21;0,21;R
ES0000000000006921CC;06/07/23;22;0,219;R
ES0000000000006921CC;06/07/23;23;0,203;R
ES0000000000006921CC;07/07/23;0;0,254;R
ES0000000000006921CC;07/07/23;1;0,197;R
ES0000000000006921CC;07/07/23;2;0,196;R
ES0000000000006921CC;07/07/23;3;0,247;R
ES0000000000006921CC;07/07/23;4;0,198;R
ES0000000000006921CC;07/07/23;5;0,217;R
ES0000000000006921CC;07/07/23;6;0,213;R
ES0000000000006921CC;07/07/23;7;0,187;R
ES0000000000006921CC;07/07/23;8;0,28;R
ES0000000000006921CC;07/07/23;9;0,251;R
ES0000000000006921CC;07/07/23;10;0,242;R
ES0000000000006921CC;07/07/23;11;0,172;R
ES0000000000006921CC;07/07/23;12;0,261;R
ES0000000000006921CC;07/07/23;13;0,182;R
ES0000000000006921CC;07/07/23;14;0,231;R
ES0000000000006921CC;07/07/23;15;0,202;R
ES0000000000006921CC;07/07/23;16;0,211;R
ES0000000000006921CC;07/07/23;17;0,205;R
ES0000000000006921CC;07/07/23;18;0,208;R
ES0000000000006921CC;07/07/23;19;0,238;R
ES0000000000006921CC;07/07/23;20;0,175;R
ES0000000000006921CC;07/07/23;21;0,266;R
ES0000000000006921CC;07/07/23;22;0,184;R
ES0000000000006921CC;07/07/23;23;0,226;R
ES0000000000006921CC;08/07/23;0;0,229;R
ES0000000000006921CC;08/07/23;1;0,221;R
ES0000000000006921CC;08/07/23;2;0,205;R
ES0000000000006921CC;08/07/23;3;0,208;R
ES0000000000006921CC;08/07/23;4;0,206;R
ES0000000000006921CC;08/07/23;5;0,219;R
ES0000000000006921CC;08/07/23;6;0,192;R
ES0000000000006921CC;08/07/23;7;0,23;R
ES0000000000006921CC;08/07/23;8;0,222;R
ES0000000000006921CC;08/07/23;9;0,179;R
ES0000000000006921CC;08/07/23;10;0,239;R
ES0000000000006921CC;08/07/23;11;0,198;R
ES0000000000006921CC;08/07/23;12;0,198;R
ES0000000000006921CC;08/07/23;13;0,267;R
ES0000000000006921CC;08/07/23;14;0,268;R
ES0000000000006921CC;08/07/23;15;0,243;R
ES0000000000006921CC;08/07/23;16;0,188;R
ES0000000000006921CC;08/07/23;17;0,243;R
ES0000000000006921CC;08/07/23;18;0,203;R
ES0000000000006921CC;08/07/23;19;0,215;R
ES0000000000006921CC;08/07/23;20;0,215;R
ES0000000000006921CC;08/07/23;21;0,203;R
ES0000000000006921CC;08/07/23;22;0,207;R
ES0000000000006921CC;08/07/23;23;0,217;R
ES0000000000006921CC;09/07/23;0;0,245;R
ES0000000000006921CC;09/07/23;1;0,18;R
ES0000000000006921CC;09/07/23;2;0,229;R
ES0000000000006921CC;09/07/23;3;0,223;R
ES0000000000006921CC;09/07/23;4;0,189;R
ES0000000000006921CC;09/07/23;5;0,234;R
ES0000000000006921CC;09/07/23;6;0,196;R
ES0000000000006921CC;09/07/23;7;0,219;R
ES0000000000006921CC;09/07/23;8;0,217;R
ES0000000000006921CC;09/07/23;9;0,192;R
ES0000000000006921CC;09/07/23;10;0,224;R
ES0000000000006921CC;09/07/23;11;0,213;R
ES0000000000006921CC;09/07/23;12;0,198;R
ES0000000000006921CC;09/07/23;13;0,21;R
ES0000000000006921CC;09/07/23;14;0,204;R
ES0000000000006921CC;09/07/23;15;0,246;R
ES0000000000006921CC;09/07/23;16;0,184;R
ES0000000000006921CC;09/07/23;17;0,206;R
ES0000000000006921CC;09/07/23;18;0,245;R
ES0000000000006921CC;09/07/23;19;0,267;R
ES0000000000006921CC;09/07/23;20;0,255;R
ES0000000000006921CC;09/07/23;21;0,213;R
ES0000000000006921CC;09/07/23;22;0,223;R
ES0000000000006921CC;09/07/23;23;0,21;R
ES0000000000006921CC;10/07/23;0;0,225;R
ES0000000000006921CC;10/07/23;1;0,233;R
ES0000000000006921CC;10/07/23;2;0,191;R
ES0000000000006921CC;10/07/23;3;0,219;R
ES0000000000006921CC;10/07/23;4;0,232;R
ES0000000000006921CC;10/07/23;5;0,184;R
ES0000000000006921CC;10/07/23;6;0,246;R
ES0000000000006921CC;10/07/23;7;0,195;R
ES0000000000006921CC;10/07/23;8;0,191;R
ES0000000000006921CC;10/07/23;9;0,233;R
ES0000000000006921CC;10/07/23;10;0,188;R
ES0000000000006921CC;10/07/23;11;0,214;R
ES0000000000006921CC;10/07/23;12;0,21;R
ES0000000000006921CC;10/07/23;13;0,201;R
ES0000000000006921CC;10/07/23;14;0,24;R
ES0000000000006921CC;10/07/23;15;0,135;R
ES0000000000006921CC;10/07/23;16;0,129;R
ES0000000000006921CC;10/07/23;17;0,119;R
ES0000000000006921CC;10/07/23;18;0,107;R
ES0000000000006921CC;10/07/23;19;0,109;R
ES0000000000006921CC;10/07/23;20;0,119;R
ES0000000000006921CC;10/07/23;21;0,117;R
ES0000000000006921CC;10/07/23;22;0,154;R
ES0000000000006921CC;10/07/23;23;0,161;R
ES0000000000006921CC;11/07/23;0;0,179;R
ES0000000000006921CC;11/07/23;1;0,135;R
ES0000000000006921CC;11/07/23;2;0,092;R
ES0000000000006921CC;11/07/23;3;0,147;R
ES0000000000006921CC;11/07/23;4;0,103;R
ES0000000000006921CC;11/07/23;5;0,13;R
ES0000000000006921CC;11/07/23;6;0,108;R
ES0000000000006921CC;11/07/23;7;0,119;R
ES0000000000006921CC;11/07/23;8;0,102;R
ES0000000000006921CC;11/07/23;9;0,123;R
ES0000000000006921CC;11/07/23;10;0,118;R
ES0000000000006921CC;11/07/23;11;0,107;R
ES0000000000006921CC;11/07/23;12;0,147;R
ES0000000000006921CC;11/07/23;13;0,101;R
ES0000000000006921CC;11/07/23;14;0,109;R
ES0000000000006921CC;11/07/23;15;0,137;R
ES0000000000006921CC;11/07/23;16;0,094;R
ES0000000000006921CC;11/07/23;17;0,151;R
ES0000000000006921CC;11/07/23;18;0,105;R
ES0000000000006921CC;11/07/23;19;0,13;R
ES0000000000006921CC;11/07/23;20;0,128;R
ES0000000000006921CC;11/07/23;21;0,112;R
ES0000000000006921CC;11/07/23;22;0,123;R
ES0000000000006921CC;11/07/23;23;0,129;R
ES0000000000006921CC;12/07/23;0;0,118;R
ES0000000000006921CC;12/07/23;1;0,156;R
ES0000000000006921CC;12/07/23;2;0,159;R
ES0000000000006921CC;12/07/23;3;0,168;R
ES0000000000006921CC;12/07/23;4;0,13;R
ES0000000000006921CC;12/07/23;5;0,104;R
ES0000000000006921CC;12/07/23;6;0,147;R
ES0000000000006921CC;12/07/23;7;0,098;R
ES0000000000006921CC;12/07/23;8;0,136;R
ES0000000000006921CC;12/07/23;9;0,113;R
ES0000000000006921CC;12/07/23;10;0,115;R
ES0000000000006921CC;12/07/23;11;0,107;R
ES0000000000006921CC;12/07/23;12;0,123;R
ES0000000000006921CC;12/07/23;13;0,103;R
ES0000000000006921CC;12/07/23;14;0,124;R
ES0000000000006921CC;12/07/23;15;0,13;R
ES0000000000006921CC;12/07/23;16;0,1;R
ES0000000000006921CC;12/07/23;17;0,148;R
ES0000000000006921CC;12/07/23;18;0,102;R
ES0000000000006921CC;12/07/23;19;0,131;R
ES0000000000006921CC;12/07/23;20;0,118;R
ES0000000000006921CC;12/07/23;21;0,12;R
ES0000000000006921CC;12/07/23;22;0,11;R
ES0000000000006921CC;12/07/23;23;0,138;R
ES0000000000006921CC;13/07/23;0;0,112;R
ES0000000000006921CC;13/07/23;1;0,131;R
ES0000000000006921CC;13/07/23;2;0,123;R
ES0000000000006921CC;13/07/23;3;0,107;R
ES0000000000006921CC;13/07/23;4;0,14;R
ES0000000000006921CC;13/07/23;5;0,177;R
ES0000000000006921CC;13/07/23;6;0,153;R
ES0000000000006921CC;13/07/23;7;0,146;R
ES0000000000006921CC;13/07/23;8;0,08;R
ES0000000000006921CC;13/07/23;9;0,154;R
ES0000000000006921CC;13/07/23;10;0,104;R
ES0000000000006921CC;13/07/23;11;0,123;R
ES0000000000006921CC;13/07/23;12;0,115;R
ES0000000000006921CC;13/07/23;13;0,108;R
ES0000000000006921CC;13/07/23;14;0,12;R
ES0000000000006921CC;13/07/23;15;0,109;R
ES0000000000006921CC;13/07/23;16;0,137;R
ES0000000000006921CC;13/07/23;17;0,034;R
ES0000000000006921CC;13/07/23;18;0,0;R
ES0000000000006921CC;13/07/23;19;0,0;R
ES0000000000006921CC;13/07/23;20;0,0;R
ES0000000000006921CC;13/07/23;21;0,0;R
ES0000000000006921CC;13/07/23;22;0,0;R
ES0000000000006921CC;13/07/23;23;0,0;R
ES0000000000006921CC;14/07/23;0;0,0;R
ES0000000000006921CC;14/07/23;1;0,0;R
ES0000000000006921CC;14/07/23;2;0,0;R
ES0000000000006921CC;14/07/23;3;0,0;R
ES0000000000006921CC;14/07/23;4;0,0;R
ES0000000000006921CC;14/07/23;5;0,0;R
ES0000000000006921CC;14/07/23;6;0,0;R
ES0000000000006921CC;14/07/23;7;0,0;R
ES0000000000006921CC;14/07/23;8;0,0;R
ES0000000000006921CC;14/07/23;9;0,0;R
ES0000000000006921CC;14/07/23;10;0,0;R
ES0000000000006921CC;14/07/23;11;0,0;R
ES0000000000006921CC;14/07/23;12;0,0;R
ES0000000000006921CC;14/07/23;13;0,0;R
ES0000000000006921CC;14/07/23;14;0,0;R
ES0000000000006921CC;14/07/23;15;0,0;R
ES0000000000006921CC;14/07/23;16;0,0;R
ES0000000000006921CC;14/07/23;17;0,0;R
ES0000000000006921CC;14/07/23;18;0,0;R
ES0000000000006921CC;14/07/23;19;0,0;R
ES0000000000006921CC;14/07/23;20;0,0;R
ES0000000000006921CC;14/07/23;21;0,0;R
ES0000000000006921CC;14/07/23;22;0,0;R
ES0000000000006921CC;14/07/23;23;0,0;R
ES0000000000006921CC;15/07/23;0;0,0;R
ES0000000000006921CC;15/07/23;1;0,0;R
ES0000000000006921CC;15/07/23;2;0,0;R
ES0000000000006921CC;15/07/23;3;0,0;R
ES0000000000006921CC;15/07/23;4;0,0;R
ES0000000000006921CC;15/07/23;5;0,0;R
ES0000000000006921CC;15/07/23;6;0,0;R
ES0000000000006921CC;15/07/23;7;0,0;R
ES0000000000006921CC;15/07/23;8;0,0;R
ES0000000000006921CC;15/07/23;9;0,0;R
ES0000000000006921CC;15/07/23;10;0,0;R
ES0000000000006921CC;15/07/23;11;0,0;R
ES0000000000006921CC;15/07/23;12;0,0;R
ES0000000000006921CC;15/07/23;13;0,0;R
ES0000000000006921CC;15/07/23;14;0,0;R
ES0000000000006921CC;15/07/23;15;0,0;R
ES0000000000006921CC;15/07/23;16;0,0;R
ES0000000000006921CC;15/07/23;17;0,0;R
ES0000000000006921CC;15/07/23;18;0,0;R
ES0000000000006921CC;15/07/23;19;0,0;R
ES0000000000006921CC;15/07/23;20;0,0;R
ES0000000000006921CC;15/07/23;21;0,0;R
ES0000000000006921CC;15/07/23;22;0,0;R
ES0000000000006921CC;15/07/23;23;0,0;R
ES0000000000006921CC;16/07/23;0;0,0;R
ES0000000000006921CC;16/07/23;1;0,0;R
ES0000000000006921CC;16/07/23;2;0,0;R
ES0000000000006921CC;16/07/23;3;0,0;R
ES0000000000006921CC;16/07/23;4;0,0;R
ES0000000000006921CC;16/07/23;5;0,0;R
ES0000000000006921CC;16/07/23;6;0,0;R
ES0000000000006921CC;16/07/23;7;0,0;R
ES0000000000006921CC;16/07/23;8;0,0;R
ES0000000000006921CC;16/07/23;9;0,0;R
ES0000000000006921CC;16/07/23;10;0,0;R
ES0000000000006921CC;16/07/23;11;0,0;R
ES0000000000006921CC;16/07/23;12;0,0;R
ES0000000000006921CC;16/07/23;13;0,0;R
ES0000000000006921CC;16/07/23;14;0,0;R
ES0000000000006921CC;16/07/23;15;0,0;R
ES0000000000006921CC;16/07/23;16;0,0;R
ES0000000000006921CC;16/07/23;17;0,0;R
ES0000000000006921CC;16/07/23;18;0,0;R
ES0000000000006921CC;16/07/23;19;0,0;R
ES0000000000006921CC;16/07/23;20;0,0;R
ES0000000000006921CC;16/07/23;21;0,0;R
ES0000000000006921CC;16/07/23;22;0,0;R
ES0000000000006921CC;16/07/23;23;0,0;R
ES0000000000006921CC;17/07/23;0;0,0;R
ES0000000000006921CC;17/07/23;1;0,0;R
ES0000000000006921CC;17/07/23;2;0,0;R
ES0000000000006921CC;17/07/23;3;0,0;R
ES0000000000006921CC;17/07/23;4;0,0;R
ES0000000000006921CC;17/07/23;5;0,0;R
ES0000000000006921CC;17/07/23;6;0,0;R
ES0000000000006921CC;17/07/23;7;0,0;R
ES0000000000006921CC;17/07/23;8;0,0;R
ES0000000000006921CC;17/07/23;9;0,0;R
ES0000000000006921CC;17/07/23;10;0,0;R
ES0000000000006921CC;17/07/23;11;0,0;R
ES0000000000006921CC;17/07/23;12;0,0;R
ES0000000000006921CC;17/07/23;13;0,0;R
ES0000000000006921CC;17/07/23;14;0,0;R
ES0000000000006921CC;17/07/23;15;0,0;R
ES0000000000006921CC;17/07/23;16;0,0;R
ES0000000000006921CC;17/07/23;17;0,0;R
ES0000000000006921CC;17/07/23;18;0,0;R
ES0000000000006921CC;17/07/23;19;0,0;R
ES0000000000006921CC;17/07/23;20;0,0;R
ES0000000000006921CC;17/07/23;21;0,0;R
ES0000000000006921CC;17/07/23;22;0,0;R
ES0000000000006921CC;17/07/23;23;0,0;R
ES0000000000006921CC;18/07/23;0;0,0;R
ES0000000000006921CC;18/07/23;1;0,0;R
ES0000000000006921CC;18/07/23;2;0,0;R
ES0000000000006921CC;18/07/23;3;0,0;R
ES0000000000006921CC;18/07/23;4;0,0;R
ES0000000000006921CC;18/07/23;5;0,0;R
ES0000000000006921CC;18/07/23;6;0,0;R
ES0000000000006921CC;18/07/23;7;0,0;R
ES0000000000006921CC;18/07/23;8;0,0;R
ES0000000000006921CC;18/07/23;9;0,0;R
ES0000000000006921CC;18/07/23;10;0,0;R
ES0000000000006921CC;18/07/23;11;0,0;R
ES0000000000006921CC;18/07/23;12;0,0;R
ES0000000000006921CC;18/07/23;13;0,0;R
ES0000000000006921CC;18/07/23;14;0,0;R
ES0000000000006921CC;18/07/23;15;0,0;R
ES0000000000006921CC;18/07/23;16;0,0;R
ES0000000000006921CC;18/07/23;17;0,0;R
ES0000000000006921CC;18/07/23;18;0,0;R
ES0000000000006921CC;18/07/23;19;0,0;R
ES0000000000006921CC;18/07/23;20;0,0;R
ES0000000000006921CC;18/07/23;21;0,0;R
ES0000000000006921CC;18/07/23;22;0,0;R
ES0000000000006921CC;18/07/23;23;0,0;R
ES0000000000006921CC;19/07/23;0;0,0;R
ES0000000000006921CC;19/07/23;1;0,0;R
ES0000000000006921CC;19/07/23;2;0,0;R
ES0000000000006921CC;19/07/23;3;0,0;R
ES0000000000006921CC;19/07/23;4;0,0;R
ES0000000000006921CC;19/07/23;5;0,0;R
ES0000000000006921CC;19/07/23;6;0,0;R
ES0000000000006921CC;19/07/23;7;0,0;R
ES0000000000006921CC;19/07/23;8;0,0;R
ES0000000000006921CC;19/07/23;9;0,0;R
ES0000000000006921CC;19/07/23;10;0,0;R
ES0000000000006921CC;19/07/23;11;0,0;R
ES0000000000006921CC;19/07/23;12;0,0;R
ES0000000000006921CC;19/07/23;13;0,0;R
ES0000000000006921CC;19/07/23;14;0,0;R
ES0000000000006921CC;19/07/23;15;0,0;R
ES0000000000006921CC;19/07/23;16;0,0;R
ES0000000000006921CC;19/07/23;17;0,0;R
ES0000000000006921CC;19/07/23;18;0,0;R
ES0000000000006921CC;19/07/23;19;0,0;R
ES0000000000006921CC;19/07/23;20;0,0;R
ES0000000000006921CC;19/07/23;21;0,0;R
ES0000000000006921CC;19/07/23;22;0,0;R
ES0000000000006921CC;19/07/23;23;0,0;R
ES0000000000006921CC;20/07/23;0;0,0;R
ES0000000000006921CC;20/07/23;1;0,0;R
ES0000000000006921CC;20/07/23;2;0,0;R
ES0000000000006921CC;20/07/23;3;0,0;R
ES0000000000006921CC;20/07/23;4;0,0;R
ES0000000000006921CC;20/07/23;5;0,0;R
ES0000000000006921CC;20/07/23;6;0,0;R
ES0000000000006921CC;20/07/23;7;0,0;R
ES0000000000006921CC;20/07/23;8;0,0;R
ES0000000000006921CC;20/07/23;9;0,0;R
ES0000000000006921CC;20/07/23;10;0,0;R
ES0000000000006921CC;20/07/23;11;0,0;R
ES0000000000006921CC;20/07/23;12;0,0;R
ES0000000000006921CC;20/07/23;13;0,0;R
ES0000000000006921CC;20/07/23;14;0,0;R
ES0000000000006921CC;20/07/23;15;0,0;R
ES0000000000006921CC;20/07/23;16;0,0;R
ES0000000000006921CC;20/07/23;17;0,0;R
ES0000000000006921CC;20/07/23;18;0,0;R
ES0000000000006921CC;20/07/23;19;0,0;R
ES0000000000006921CC;20/07/23;20;0,0;R
ES0000000000006921CC;20/07/23;21;0,0;R
ES0000000000006921CC;20/07/23;22;0,0;R
ES0000000000006921CC;20/07/23;23;0,0;R
ES0000000000006921CC;21/07/23;0;0,0;R
ES0000000000006921CC;21/07/23;1;0,0;R
ES0000000000006921CC;21/07/23;2;0,0;R
ES0000000000006921CC;21/07/23;3;0,0;R
ES0000000000006921CC;21/07/23;4;0,0;R
ES0000000000006921CC;21/07/23;5;0,0;R
ES0000000000006921CC;21/07/23;6;0,0;R
ES0000000000006921CC;21/07/23;7;0,0;R
ES0000000000006921CC;21/07/23;8;0,0;R
ES0000000000006921CC;21/07/23;9;0,0;R
ES0000000000006921CC;21/07/23;10;0,0;R
ES0000000000006921CC;21/07/23;11;0,0;R
ES0000000000006921CC;21/07/23;12;0,0;R
ES0000000000006921CC;21/07/23;13;0,0;R
ES0000000000006921CC;21/07/23;14;0,0;R
ES0000000000006921CC;21/07/23;15;0,0;R
ES0000000000006921CC;21/07/23;16;0,0;R
ES0000000000006921CC;21/07/23;17;0,0;R
ES0000000000006921CC;21/07/23;18;0,0;R
ES0000000000006921CC;21/07/23;19;0,13;R
ES0000000000006921CC;21/07/23;20;0,287;R
ES0000000000006921CC;21/07/23;21;0,281;R
ES0000000000006921CC;21/07/23;22;0,277;R
ES0000000000006921CC;21/07/23;23;1,06;R
ES0000000000006921CC;22/07/23;0;0,202;R
ES0000000000006921CC;22/07/23;1;0,186;R
ES0000000000006921CC;22/07/23;2;0,124;R
ES0000000000006921CC;22/07/23;3;0,114;R
ES0000000000006921CC;22/07/23;4;0,103;R
ES0000000000006921CC;22/07/23;5;0,102;R
ES0000000000006921CC;22/07/23;6;0,098;R
ES0000000000006921CC;22/07/23;7;0,095;R
ES0000000000006921CC;22/07/23;8;0,13;R
ES0000000000006921CC;22/07/23;9;0,15;R
ES0000000000006921CC;22/07/23;10;0,186;R
ES0000000000006921CC;22/07/23;11;0,198;R
ES0000000000006921CC;22/07/23;12;0,272;R
ES0000000000006921CC;22/07/23;13;0,438;R
ES0000000000006921CC;22/07/23;14;0,761;R
ES0000000000006921CC;22/07/23;15;0,608;R
ES0000000000006921CC;22/07/23;16;0,307;R
ES0000000000006921CC;22/07/23;17;0,212;R
ES0000000000006921CC;22/07/23;18;0,239;R
ES0000000000006921CC;22/07/23;19;0,22;R
ES0000000000006921CC;22/07/23;20;0,243;R
ES0000000000006921CC;22/07/23;21;0,237;R
ES0000000000006921CC;22/07/23;22;0,199;R
ES0000000000006921CC;22/07/23;23;0,16;R
ES0000000000006921CC;23/07/23;0;0,178;R
ES0000000000006921CC;23/07/23;1;0,115;R
ES0000000000006921CC;23/07/23;2;0,119;R
ES0000000000006921CC;23/07/23;3;0,163;R
ES0000000000006921CC;23/07/23;4;0,167;R
ES0000000000006921CC;23/07/23;5;0,137;R
ES0000000000006921CC;23/07/23;6;0,115;R
ES0000000000006921CC;23/07/23;7;0,089;R
ES0000000000006921CC;23/07/23;8;0,094;R
ES0000000000006921CC;23/07/23;9;0,283;R
ES0000000000006921CC;23/07/23;10;0,109;R
ES0000000000006921CC;23/07/23;11;0,102;R
ES0000000000006921CC;23/07/23;12;0,227;R
ES0000000000006921CC;23/07/23;13;0,217;R
ES0000000000006921CC;23/07/23;14;0,963;R
ES0000000000006921CC;23/07/23;15;0,421;R
ES0000000000006921CC;23/07/23;16;0,239;R
ES0000000000006921CC;23/07/23;17;0,272;R
ES0000000000006921CC;23/07/23;18;0,238;R
ES0000000000006921CC;23/07/23;19;0,253;R
ES0000000000006921CC;23/07/23;20;0,261;R
ES0000000000006921CC;23/07/23;21;0,239;R
ES0000000000006921CC;23/07/23;22;0,222;R
ES0000000000006921CC;23/07/23;23;0,213;R
ES0000000000006921CC;24/07/23;0;0,214;R
ES0000000000006921CC;24/07/23;1;0,186;R
ES0000000000006921CC;24/07/23;2;0,159;R
ES0000000000006921CC;24/07/23;3;0,141;R
ES0000000000006921CC;24/07/23;4;0,183;R
ES0000000000006921CC;24/07/23;5;0,125;R
ES0000000000006921CC;24/07/23;6;0,119;R
ES0000000000006921CC;24/07/23;7;0,138;R
ES0000000000006921CC;24/07/23;8;0,128;R
ES0000000000006921CC;24/07/23;9;0,148;R
ES0000000000006921CC;24/07/23;10;0,255;R
ES0000000000006921CC;24/07/23;11;0,24;R
ES0000000000006921CC;24/07/23;12;0,162;R
ES0000000000006921CC;24/07/23;13;0,43;R
ES0000000000006921CC;24/07/23;14;0,232;R
ES0000000000006921CC;24/07/23;15;0,254;R
ES0000000000006921CC;24/07/23;16;0,206;R
ES0000000000006921CC;24/07/23;17;0,188;R
ES0000000000006921CC;24/07/23;18;0,194;R
ES0000000000006921CC;24/07/23;19;0,225;R
ES0000000000006921CC;24/07/23;20;0,234;R
ES0000000000006921CC;24/07/23;21;0,198;R
ES0000000000006921CC;24/07/23;22;0,248;R
ES0000000000006921CC;24/07/23;23;0,152;R
ES0000000000006921CC;25/07/23;0;0,176;R
ES0000000000006921CC;25/07/23;1;0,7;R
ES0000000000006921CC;25/07/23;2;0,657;R
ES0000000000006921CC;25/07/23;3;0,117;R
ES0000000000006921CC;25/07/23;4;0,109;R
ES0000000000006921CC;25/07/23;5;0,1;R
ES0000000000006921CC;25/07/23;6;0,121;R
ES0000000000006921CC;25/07/23;7;0,081;R
ES0000000000006921CC;25/07/23;8;0,126;R
ES0000000000006921CC;25/07/23;9;0,151;R
ES0000000000006921CC;25/07/23;10;0,404;R
ES0000000000006921CC;25/07/23;11;0,165;R
ES0000000000006921CC;25/07/23;12;0,164;R
ES0000000000006921CC;25/07/23;13;0,138;R
ES0000000000006921CC;25/07/23;14;0,166;R
ES0000000000006921CC;25/07/23;15;0,22;R
ES0000000000006921CC;25/07/23;16;0,21;R
ES0000000000006921CC;25/07/23;17;0,167;R
ES0000000000006921CC;25/07/23;18;0,106;R
ES0000000000006921CC;25/07/23;19;0,186;R
ES0000000000006921CC;25/07/23;20;0,219;R
ES0000000000006921CC;25/07/23;21;0,173;R
ES0000000000006921CC;25/07/23;22;0,218;R
ES0000000000006921CC;25/07/23;23;0,215;R
ES0000000000006921CC;26/07/23;0;0,21;R
ES0000000000006921CC;26/07/23;1;0,158;R
ES0000000000006921CC;26/07/23;2;0,12;R
ES0000000000006921CC;26/07/23;3;0,094;R
ES0000000000006921CC;26/07/23;4;0,105;R
ES0000000000006921CC;26/07/23;5;0,125;R
ES0000000000006921CC;26/07/23;6;0,081;R
ES0000000000006921CC;26/07/23;7;0,094;R
ES0000000000006921CC;26/07/23;8;0,101;R
ES0000000000006921CC;26/07/23;9;0,163;R
ES0000000000006921CC;26/07/23;10;0,124;R
ES0000000000006921CC;26/07/23;11;0,313;R
ES0000000000006921CC;26/07/23;12;0,187;R
ES0000000000006921CC;26/07/23;13;0,358;R
ES0000000000006921CC;26/07/23;14;0,262;R
ES0000000000006921CC;26/07/23;15;0,23;R
ES0000000000006921CC;26/07/23;16;0,221;R
ES0000000000006921CC;26/07/23;17;0,141;R
ES0000000000006921CC;26/07/23;18;0,167;R
ES0000000000006921CC;26/07/23;19;0,205;R
ES0000000000006921CC;26/07/23;20;0,225;R
ES0000000000006921CC;26/07/23;21;0,193;R
ES0000000000006921CC;26/07/23;22;0,172;R
ES0000000000006921CC;26/07/23;23;0,135;R
ES0000000000006921CC;27/07/23;0;0,205;R
ES0000000000006921CC;27/07/23;1;0,178;R
ES0000000000006921CC;27/07/23;2;0,126;R
ES0000000000006921CC;27/07/23;3;0,101;R
ES0000000000006921CC;27/07/23;4;0,118;R
ES0000000000006921CC;27/07/23;5;0,079;R
ES0000000000006921CC;27/07/23;6;0,126;R
ES0000000000006921CC;27/07/23;7;0,073;R
ES0000000000006921CC;27/07/23;8;0,116;R
ES0000000000006921CC;27/07/23;9;0,087;R
ES0000000000006921CC;27/07/23;10;0,143;R
ES0000000000006921CC;27/07/23;11;0,284;R
ES0000000000006921CC;27/07/23;12;0,136;R
ES0000000000006921CC;27/07/23;13;0,726;R
ES0000000000006921CC;27/07/23;14;0,267;R
ES0000000000006921CC;27/07/23;15;0,296;R
ES0000000000006921CC;27/07/23;16;0,213;R
ES0000000000006921CC;27/07/23;17;0,206;R
ES0000000000006921CC;27/07/23;18;0,245;R
ES0000000000006921CC;27/07/23;19;0,264;R
ES0000000000006921CC;27/07/23;20;0,271;R
ES0000000000006921CC;27/07/23;21;0,437;R
ES0000000000006921CC;27/07/23;22;0,253;R
ES0000000000006921CC;27/07/23;23;0,217;R
ES0000000000006921CC;28/07/23;0;0,221;R
ES0000000000006921CC;28/07/23;1;0,711;R
ES0000000000006921CC;28/07/23;2;0,676;R
ES0000000000006921CC;28/07/23;3;0,135;R
ES0000000000006921CC;28/07/23;4;0,108;R
ES0000000000006921CC;28/07/23;5;0,111;R
ES0000000000006921CC;28/07/23;6;0,096;R
ES0000000000006921CC;28/07/23;7;0,128;R
ES0000000000006921CC;28/07/23;8;0,088;R
ES0000000000006921CC;28/07/23;9;0,117;R
ES0000000000006921CC;28/07/23;10;0,207;R
ES0000000000006921CC;28/07/23;11;0,402;R
ES0000000000006921CC;28/07/23;12;0,167;R
ES0000000000006921CC;28/07/23;13;0,22;R
ES0000000000006921CC;28/07/23;14;0,25;R
ES0000000000006921CC;28/07/23;15;0,228;R
ES0000000000006921CC;28/07/23;16;0,184;R
ES0000000000006921CC;28/07/23;17;0,196;R
ES0000000000006921CC;28/07/23;18;0,114;R
ES0000000000006921CC;28/07/23;19;0,135;R
ES0000000000006921CC;28/07/23;20;0,121;R
ES0000000000006921CC;28/07/23;21;0,24;R
ES0000000000006921CC;28/07/23;22;0,351;R
ES0000000000006921CC;28/07/23;23;0,214;R
ES0000000000006921CC;29/07/23;0;0,164;R
ES0000000000006921CC;29/07/23;1;0,133;R
ES0000000000006921CC;29/07/23;2;0,119;R
ES0000000000006921CC;29/07/23;3;0,109;R
ES0000000000006921CC;29/07/23;4;0,127;R
ES0000000000006921CC;29/07/23;5;0,107;R
ES0000000000006921CC;29/07/23;6;0,093;R
ES0000000000006921CC;29/07/23;7;0,108;R
ES0000000000006921CC;29/07/23;8;0,115;R
ES0000000000006921CC;29/07/23;9;0,209;R
ES0000000000006921CC;29/07/23;10;0,215;R
ES0000000000006921CC;29/07/23;11;0,289;R
ES0000000000006921CC;29/07/23;12;0,193;R
ES0000000000006921CC;29/07/23;13;0,545;R
ES0000000000006921CC;29/07/23;14;0,949;R
ES0000000000006921CC;29/07/23;15;0,602;R
ES0000000000006921CC;29/07/23;16;0,266;R
ES0000000000006921CC;29/07/23;17;0,241;R
ES0000000000006921CC;29/07/23;18;0,221;R
ES0000000000006921CC;29/07/23;19;0,203;R
ES0000000000006921CC;29/07/23;20;0,181;R
ES0000000000006921CC;29/07/23;21;0,158;R
ES0000000000006921CC;29/07/23;22;0,13;R
ES0000000000006921CC;29/07/23;23;0,202;R
ES0000000000006921CC;30/07/23;0;0,181;R
ES0000000000006921CC;30/07/23;1;0,187;R
ES0000000000006921CC;30/07/23;2;0,117;R
ES0000000000006921CC;30/07/23;3;0,182;R
ES0000000000006921CC;30/07/23;4;0,15;R
ES0000000000006921CC;30/07/23;5;0,168;R
ES0000000000006921CC;30/07/23;6;0,097;R
ES0000000000006921CC;30/07/23;7;0,115;R
ES0000000000006921CC;30/07/23;8;0,102;R
ES0000000000006921CC;30/07/23;9;0,105;R
ES0000000000006921CC;30/07/23;10;0,191;R
ES0000000000006921CC;30/07/23;11;0,261;R
ES0000000000006921CC;30/07/23;12;0,23;R
ES0000000000006921CC;30/07/23;13;0,238;R
ES0000000000006921CC;30/07/23;14;0,662;R
ES0000000000006921CC;30/07/23;15;0,477;R
ES0000000000006921CC;30/07/23;16;0,245;R
ES0000000000006921CC;30/07/23;17;0,75;R
ES0000000000006921CC;30/07/23;18;0,792;R
ES0000000000006921CC;30/07/23;19;0,166;R
ES0000000000006921CC;30/07/23;20;0,231;R
ES0000000000006921CC;30/07/23;21;0,302;R
ES0000000000006921CC;30/07/23;22;0,27;R
ES0000000000006921CC;30/07/23;23;0,182;R
ES0000000000006921CC;31/07/23;0;0,221;R
ES0000000000006921CC;31/07/23;1;0,229;R
ES0000000000006921CC;31/07/23;2;0,165;R
ES0000000000006921CC;31/07/23;3;0,129;R
ES0000000000006921CC;31/07/23;4;0,13;R
ES0000000000006921CC;31/07/23;5;0,129;R
ES0000000000006921CC;31/07/23;6;0,228;R
ES0000000000006921CC;31/07/23;7;0,132;R
ES0000000000006921CC;31/07/23;8;0,099;R
ES0000000000006921CC;31/07/23;9;0,124;R
ES0000000000006921CC;31/07/23;10;0,171;R
ES0000000000006921CC;31/07/23;11;0,203;R
ES0000000000006921CC;31/07/23;12;0,329;R
ES0000000000006921CC;31/07/23;13;0,192;R
ES0000000000006921CC;31/07/23;14;0,572;R
ES0000000000006921CC;31/07/23;15;0,487;R
ES0000000000006921CC;31/07/23;16;0,242;R
ES0000000000006921CC;31/07/23;17;0,201;R
ES0000000000006921CC;31/07/23;18;0,141;R
ES0000000000006921CC;31/07/23;19;0,127;R
ES0000000000006921CC;31/07/23;20;0,261;R
ES0000000000006921CC;31/07/23;21;0,26;R
ES0000000000006921CC;31/07/23;22;0,27;R
ES0000000000006921CC;31/07/23;23;0,183;R
ES0000000000006921CC;01/08/23;0;0,185;R
ES0000000000006921CC;01/08/23;1;0,151;R
ES0000000000006921CC;01/08/23;2;0,126;R
ES0000000000006921CC;01/08/23;3;0,103;R
ES0000000000006921CC;01/08/23;4;0,12;R
ES0000000000006921CC;01/08/23;5;0,126;R
ES0000000000006921CC;01/08/23;6;0,087;R
ES0000000000006921CC;01/08/23;7;0,13;R
ES0000000000006921CC;01/08/23;8;0,163;R
ES0000000000006921CC;01/08/23;9;0,21;R
ES0000000000006921CC;01/08/23;10;0,134;R
ES0000000000006921CC;01/08/23;11;0,315;R
ES0000000000006921CC;01/08/23;12;0,209;R
ES0000000000006921CC;01/08/23;13;0,273;R
ES0000000000006921CC;01/08/23;14;0,281;R
ES0000000000006921CC;01/08/23;15;0,247;R
ES0000000000006921CC;01/08/23;16;0,239;R
ES0000000000006921CC;01/08/23;17;0,25;R
ES0000000000006921CC;01/08/23;18;0,244;R
ES0000000000006921CC;01/08/23;19;0,259;R
ES0000000000006921CC;01/08/23;20;0,358;R
ES0000000000006921CC;01/08/23;21;0,237;R
ES0000000000006921CC;01/08/23;22;0,246;R
ES0000000000006921CC;01/08/23;23;0,195;R
ES0000000000006921CC;02/08/23;0;0,214;R
ES0000000000006921CC;02/08/23;1;0,716;R
ES0000000000006921CC;02/08/23;2;0,688;R
ES0000000000006921CC;02/08/23;3;0,172;R
ES0000000000006921CC;02/08/23;4;0,149;R
ES0000000000006921CC;02/08/23;5;0,122;R
ES0000000000006921CC;02/08/23;6;0,135;R
ES0000000000006921CC;02/08/23;7;0,1;R
ES0000000000006921CC;02/08/23;8;0,12;R
ES0000000000006921CC;02/08/23;9;0,111;R
ES0000000000006921CC;02/08/23;10;0,635;R
ES0000000000006921CC;02/08/23;11;0,32;R
ES0000000000006921CC;02/08/23;12;0,155;R
ES0000000000006921CC;02/08/23;13;0,216;R
ES0000000000006921CC;02/08/23;14;0,248;R
ES0000000000006921CC;02/08/23;15;0,29;R
ES0000000000006921CC;02/08/23;16;0,189;R
ES0000000000006921CC;02/08/23;17;0,216;R
ES0000000000006921CC;02/08/23;18;0,185;R
ES0000000000006921CC;02/08/23;19;0,16;R
ES0000000000006921CC;02/08/23;20;0,275;R
ES0000000000006921CC;02/08/23;21;0,183;R
ES0000000000006921CC;02/08/23;22;0,196;R
ES0000000000006921CC;02/08/23;23;0,172;R
ES0000000000006921CC;03/08/23;0;0,171;R
ES0000000000006921CC;03/08/23;1;0,212;R
ES0000000000006921CC;03/08/23;2;0,174;R
ES0000000000006921CC;03/08/23;3;0,086;R
ES0000000000006921CC;03/08/23;4;0,139;R
ES0000000000006921CC;03/08/23;5;0,105;R
ES0000000000006921CC;03/08/23;6;0,092;R
ES0000000000006921CC;03/08/23;7;0,116;R
ES0000000000006921CC;03/08/23;8;0,108;R
ES0000000000006921CC;03/08/23;9;0,078;R
ES0000000000006921CC;03/08/23;10;0,188;R
ES0000000000006921CC;03/08/23;11;0,237;R
ES0000000000006921CC;03/08/23;12;0,182;R
ES0000000000006921CC;03/08/23;13;0,244;R
ES0000000000006921CC;03/08/23;14;0,401;R
ES0000000000006921CC;03/08/23;15;0,271;R
ES0000000000006921CC;03/08/23;16;0,265;R
ES0000000000006921CC;03/08/23;17;0,21;R
ES0000000000006921CC;03/08/23;18;0,207;R
ES0000000000006921CC;03/08/23;19;0,171;R
ES0000000000006921CC;03/08/23;20;0,271;R
ES0000000000006921CC;03/08/23;21;0,194;R
ES0000000000006921CC;03/08/23;22;0,222;R
ES0000000000006921CC;03/08/23;23;0,266;R
ES0000000000006921CC;04/08/23;0;0,254;R
ES0000000000006921CC;04/08/23;1;0,16;R
ES0000000000006921CC;04/08/23;2;0,099;R
ES0000000000006921CC;04/08/23;3;0,112;R
ES0000000000006921CC;04/08/23;4;0,119;R
ES0000000000006921CC;04/08/23;5;0,107;R
ES0000000000006921CC;04/08/23;6;0,095;R
ES0000000000006921CC;04/08/23;7;0,127;R
ES0000000000006921CC;04/08/23;8;0,078;R
ES0000000000006921CC;04/08/23;9;0,118;R
ES0000000000006921CC;04/08/23;10;0,174;R
ES0000000000006921CC;04/08/23;11;0,293;R
ES0000000000006921CC;04/08/23;12;0,188;R
ES0000000000006921CC;04/08/23;13;0,192;R
ES0000000000006921CC;04/08/23;14;0,223;R
ES0000000000006921CC;04/08/23;15;0,336;R
ES0000000000006921CC;04/08/23;16;0,208;R
ES0000000000006921CC;04/08/23;17;0,18;R
ES0000000000006921CC;04/08/23;18;0,148;R
ES0000000000006921CC;04/08/23;19;0,156;R
ES0000000000006921CC;04/08/23;20;0,161;R
ES0000000000006921CC;04/08/23;21;0,235;R
ES0000000000006921CC;04/08/23;22;0,287;R
ES0000000000006921CC;04/08/23;23;0,272;R
ES0000000000006921CC;05/08/23;0;0,224;R
ES0000000000006921CC;05/08/23;1;0,164;R
ES0000000000006921CC;05/08/23;2;0,11;R
ES0000000000006921CC;05/08/23;3;0,104;R
ES0000000000006921CC;05/08/23;4;0,113;R
ES0000000000006921CC;05/08/23;5;0,107;R
ES0000000000006921CC;05/08/23;6;0,103;R
ES0000000000006921CC;05/08/23;7;0,115;R
ES0000000000006921CC;05/08/23;8;0,083;R
ES0000000000006921CC;05/08/23;9;0,12;R
ES0000000000006921CC;05/08/23;10;0,156;R
ES0000000000006921CC;05/08/23;11;0,351;R
ES0000000000006921CC;05/08/23;12;0,166;R
ES0000000000006921CC;05/08/23;13;0,197;R
ES0000000000006921CC;05/08/23;14;0,262;R
ES0000000000006921CC;05/08/23;15;1,007;R
ES0000000000006921CC;05/08/23;16;0,169;R
ES0000000000006921CC;05/08/23;17;0,737;R
ES0000000000006921CC;05/08/23;18;0,73;R
ES0000000000006921CC;05/08/23;19;0,17;R
ES0000000000006921CC;05/08/23;20;0,164;R
ES0000000000006921CC;05/08/23;21;0,175;R
ES0000000000006921CC;05/08/23;22;0,22;R
ES0000000000006921CC;05/08/23;23;0,314;R
ES0000000000006921CC;06/08/23;0;0,218;R
ES0000000000006921CC;06/08/23;1;0,169;R
ES0000000000006921CC;06/08/23;2;0,123;R
ES0000000000006921CC;06/08/23;3;0,086;R
ES0000000000006921CC;06/08/23;4;0,131;R
ES0000000000006921CC;06/08/23;5;0,103;R
ES0000000000006921CC;06/08/23;6;0,099;R
ES0000000000006921CC;06/08/23;7;0,084;R
ES0000000000006921CC;06/08/23;8;0,121;R
ES0000000000006921CC;06/08/23;9;0,096;R
ES0000000000006921CC;06/08/23;10;0,221;R
ES0000000000006921CC;06/08/23;11;0,304;R
ES0000000000006921CC;06/08/23;12;0,241;R
ES0000000000006921CC;06/08/23;13;0,175;R
ES0000000000006921CC;06/08/23;14;0,659;R
ES0000000000006921CC;06/08/23;15;0,248;R
ES0000000000006921CC;06/08/23;16;0,233;R
ES0000000000006921CC;06/08/23;17;0,19;R
ES0000000000006921CC;06/08/23;18;0,174;R
ES0000000000006921CC;06/08/23;19;0,164;R
ES0000000000006921CC;06/08/23;20;0,201;R
ES0000000000006921CC;06/08/23;21;0,246;R
ES0000000000006921CC;06/08/23;22;0,246;R
ES0000000000006921CC;06/08/23;23;0,254;R
ES0000000000006921CC;07/08/23;0;0,195;R
ES0000000000006921CC;07/08/23;1;0,14;R
ES0000000000006921CC;07/08/23;2;0,09;R
ES0000000000006921CC;07/08/23;3;0,113;R
ES0000000000006921CC;07/08/23;4;0,106;R
ES0000000000006921CC;07/08/23;5;0,107;R
ES0000000000006921CC;07/08/23;6;0,079;R
ES0000000000006921CC;07/08/23;7;0,115;R
ES0000000000006921CC;07/08/23;8;0,098;R
ES0000000000006921CC;07/08/23;9;0,101;R
ES0000000000006921CC;07/08/23;10;0,128;R
ES0000000000006921CC;07/08/23;11;0,311;R
ES0000000000006921CC;07/08/23;12;0,188;R
ES0000000000006921CC;07/08/23;13;0,312;R
ES0000000000006921CC;07/08/23;14;0,221;R
ES0000000000006921CC;07/08/23;15;0,245;R
ES0000000000006921CC;07/08/23;16;0,197;R
ES0000000000006921CC;07/08/23;17;0,171;R
ES0000000000006921CC;07/08/23;18;0,142;R
ES0000000000006921CC;07/08/23;19;0,176;R
ES0000000000006921CC;07/08/23;20;0,232;R
ES0000000000006921CC;07/08/23;21;0,252;R
ES0000000000006921CC;07/08/23;22;0,277;R
ES0000000000006921CC;07/08/23;23;0,242;R
ES0000000000006921CC;08/08/23;0;0,229;R
ES0000000000006921CC;08/08/23;1;0,171;R
ES0000000000006921CC;08/08/23;2;0,154;R
ES0000000000006921CC;08/08/23;3;0,11;R
ES0000000000006921CC;08/08/23;4;0,1;R
ES0000000000006921CC;08/08/23;5;0,099;R
ES0000000000006921CC;08/08/23;6;0,128;R
ES0000000000006921CC;08/08/23;7;0,067;R
ES0000000000006921CC;08/08/23;8;0,138;R
ES0000000000006921CC;08/08/23;9;0,154;R
ES0000000000006921CC;08/08/23;10;0,222;R
ES0000000000006921CC;08/08/23;11;0,152;R
ES0000000000006921CC;08/08/23;12;0,216;R
ES0000000000006921CC;08/08/23;13;0,212;R
ES0000000000006921CC;08/08/23;14;0,287;R
ES0000000000006921CC;08/08/23;15;0,253;R
ES0000000000006921CC;08/08/23;16;0,246;R
ES0000000000006921CC;08/08/23;17;0,245;R
ES0000000000006921CC;08/08/23;18;0,255;R
ES0000000000006921CC;08/08/23;19;0,243;R
ES0000000000006921CC;08/08/23;20;0,284;R
ES0000000000006921CC;08/08/23;21;0,353;R
ES0000000000006921CC;08/08/23;22;0,286;R
ES0000000000006921CC;08/08/23;23;0,318;R
ES0000000000006921CC;09/08/23;0;0,286;R
ES0000000000006921CC;09/08/23;1;0,235;R
ES0000000000006921CC;09/08/23;2;0,161;R
ES0000000000006921CC;09/08/23;3;0,157;R
ES0000000000006921CC;09/08/23;4;0,134;R
ES0000000000006921CC;09/08/23;5;0,166;R
ES0000000000006921CC;09/08/23;6;0,175;R
ES0000000000006921CC;09/08/23;7;0,149;R
ES0000000000006921CC;09/08/23;8;0,142;R
ES0000000000006921CC;09/08/23;9;0,127;R
ES0000000000006921CC;09/08/23;10;0,196;R
ES0000000000006921CC;09/08/23;11;0,339;R
ES0000000000006921CC;09/08/23;12;0,238;R
ES0000000000006921CC;09/08/23;13;0,272;R
ES0000000000006921CC;09/08/23;14;0,271;R
ES0000000000006921CC;09/08/23;15;0,239;R
ES0000000000006921CC;09/08/23;16;0,227;R
ES0000000000006921CC;09/08/23;17;0,262;R
ES0000000000006921CC;09/08/23;18;0,211;R
ES0000000000006921CC;09/08/23;19;0,24;R
ES0000000000006921CC;09/08/23;20;0,254;R
ES0000000000006921CC;09/08/23;21;0,265;R
ES0000000000006921CC;09/08/23;22;0,221;R
ES0000000000006921CC;09/08/23;23;0,18;R
ES0000000000006921CC;10/08/23;0;0,218;R
ES0000000000006921CC;10/08/23;1;0,234;R
ES0000000000006921CC;10/08/23;2;0,692;R
ES0000000000006921CC;10/08/23;3;0,672;R
ES0000000000006921CC;10/08/23;4;0,135;R
ES0000000000006921CC;10/08/23;5;0,114;R
ES0000000000006921CC;10/08/23;6;0,123;R
ES0000000000006921CC;10/08/23;7;0,1;R
ES0000000000006921CC;10/08/23;8;0,117;R
ES0000000000006921CC;10/08/23;9;0,11;R
ES0000000000006921CC;10/08/23;10;0,188;R
ES0000000000006921CC;10/08/23;11;0,301;R
ES0000000000006921CC;10/08/23;12;0,215;R
ES0000000000006921CC;10/08/23;13;0,29;R
ES0000000000006921CC;10/08/23;14;0,229;R
ES0000000000006921CC;10/08/23;15;0,256;R
ES0000000000006921CC;10/08/23;16;0,216;R
ES0000000000006921CC;10/08/23;17;0,194;R
ES0000000000006921CC;10/08/23;18;0,19;R
ES0000000000006921CC;10/08/23;19;0,212;R
ES0000000000006921CC;10/08/23;20;0,212;R
ES0000000000006921CC;10/08/23;21;0,231;R
ES0000000000006921CC;10/08/23;22;0,222;R
ES0000000000006921CC;10/08/23;23;0,211;R
ES0000000000006921CC;11/08/23;0;0,226;R
ES0000000000006921CC;11/08/23;1;0,162;R
ES0000000000006921CC;11/08/23;2;0,121;R
ES0000000000006921CC;11/08/23;3;0,105;R
ES0000000000006921CC;11/08/23;4;0,124;R
ES0000000000006921CC;11/08/23;5;0,092;R
ES0000000000006921CC;11/08/23;6;0,123;R
ES0000000000006921CC;11/08/23;7;0,097;R
ES0000000000006921CC;11/08/23;8;0,116;R
ES0000000000006921CC;11/08/23;9;0,092;R
ES0000000000006921CC;11/08/23;10;0,2;R
ES0000000000006921CC;11/08/23;11;0,349;R
ES0000000000006921CC;11/08/23;12;0,231;R
ES0000000000006921CC;11/08/23;13;0,291;R
ES0000000000006921CC;11/08/23;14;0,364;R
ES0000000000006921CC;11/08/23;15;0,31;R
ES0000000000006921CC;11/08/23;16;0,212;R
ES0000000000006921CC;11/08/23;17;0,2;R
ES0000000000006921CC;11/08/23;18;0,218;R
ES0000000000006921CC;11/08/23;19;0,218;R
ES0000000000006921CC;11/08/23;20;0,262;R
ES0000000000006921CC;11/08/23;21;0,305;R
ES0000000000006921CC;11/08/23;22;0,318;R
ES0000000000006921CC;11/08/23;23;0,299;R
ES0000000000006921CC;12/08/23;0;0,264;R
ES0000000000006921CC;12/08/23;1;0,175;R
ES0000000000006921CC;12/08/23;2;0,181;R
ES0000000000006921CC;12/08/23;3;0,152;R
ES0000000000006921CC;12/08/23;4;0,171;R
ES0000000000006921CC;12/08/23;5;0,193;R
ES0000000000006921CC;12/08/23;6;0,168;R
ES0000000000006921CC;12/08/23;7;0,12;R
ES0000000000006921CC;12/08/23;8;0,132;R
ES0000000000006921CC;12/08/23;9;0,173;R
ES0000000000006921CC;12/08/23;10;0,182;R
ES0000000000006921CC;12/08/23;11;0,313;R
ES0000000000006921CC;12/08/23;12;0,377;R
ES0000000000006921CC;12/08/23;13;0,752;R
ES0000000000006921CC;12/08/23;14;0,631;R
ES0000000000006921CC;12/08/23;15;0,586;R
ES0000000000006921CC;12/08/23;16;0,229;R
ES0000000000006921CC;12/08/23;17;0,215;R
ES0000000000006921CC;12/08/23;18;0,23;R
ES0000000000006921CC;12/08/23;19;0,198;R
ES0000000000006921CC;12/08/23;20;0,296;R
ES0000000000006921CC;12/08/23;21;0,391;R
ES0000000000006921CC;12/08/23;22;0,622;R
ES0000000000006921CC;12/08/23;23;0,685;R
ES0000000000006921CC;13/08/23;0;0,206;R
ES0000000000006921CC;13/08/23;1;0,229;R
ES0000000000006921CC;13/08/23;2;0,156;R
ES0000000000006921CC;13/08/23;3;0,152;R
ES0000000000006921CC;13/08/23;4;0,121;R
ES0000000000006921CC;13/08/23;5;0,124;R
ES0000000000006921CC;13/08/23;6;0,123;R
ES0000000000006921CC;13/08/23;7;0,122;R
ES0000000000006921CC;13/08/23;8;0,079;R
ES0000000000006921CC;13/08/23;9;0,126;R
ES0000000000006921CC;13/08/23;10;0,183;R
ES0000000000006921CC;13/08/23;11;0,27;R
ES0000000000006921CC;13/08/23;12;0,368;R
ES0000000000006921CC;13/08/23;13;0,228;R
ES0000000000006921CC;13/08/23;14;0,546;R
ES0000000000006921CC;13/08/23;15;0,848;R
ES0000000000006921CC;13/08/23;16;0,204;R
ES0000000000006921CC;13/08/23;17;0,184;R
ES0000000000006921CC;13/08/23;18;0,21;R
ES0000000000006921CC;13/08/23;19;0,15;R
ES0000000000006921CC;13/08/23;20;0,208;R
ES0000000000006921CC;13/08/23;21;0,297;R
ES0000000000006921CC;13/08/23;22;0,261;R
ES0000000000006921CC;13/08/23;23;0,208;R
ES0000000000006921CC;14/08/23;0;0,168;R
ES0000000000006921CC;14/08/23;1;0,18;R
ES0000000000006921CC;14/08/23;2;0,092;R
ES0000000000006921CC;14/08/23;3;0,128;R
ES0000000000006921CC;14/08/23;4;0,111;R
ES0000000000006921CC;14/08/23;5;0,13;R
ES0000000000006921CC;14/08/23;6;0,077;R
ES0000000000006921CC;14/08/23;7;0,127;R
ES0000000000006921CC;14/08/23;8;0,111;R
ES0000000000006921CC;14/08/23;9;0,172;R
ES0000000000006921CC;14/08/23;10;0,168;R
ES0000000000006921CC;14/08/23;11;0,35;R
ES0000000000006921CC;14/08/23;12;0,157;R
ES0000000000006921CC;14/08/23;13;0,145;R
ES0000000000006921CC;14/08/23;14;0,231;R
ES0000000000006921CC;14/08/23;15;0,256;R
ES0000000000006921CC;14/08/23;16;0,256;R
ES0000000000006921CC;14/08/23;17;0,214;R
ES0000000000006921CC;14/08/23;18;0,156;R
ES0000000000006921CC;14/08/23;19;0,147;R
ES0000000000006921CC;14/08/23;20;0,24;R
ES0000000000006921CC;14/08/23;21;0,201;R
ES0000000000006921CC;14/08/23;22;0,242;R
ES0000000000006921CC;14/08/23;23;0,151;R
ES0000000000006921CC;15/08/23;0;0,159;R
ES0000000000006921CC;15/08/23;1;0,165;R
ES0000000000006921CC;15/08/23;2;0,101;R
ES0000000000006921CC;15/08/23;3;0,119;R
ES0000000000006921CC;15/08/23;4;0,089;R
ES0000000000006921CC;15/08/23;5;0,132;R
ES0000000000006921CC;15/08/23;6;0,092;R
ES0000000000006921CC;15/08/23;7;0,149;R
ES0000000000006921CC;15/08/23;8;0,169;R
ES0000000000006921CC;15/08/23;9;0,102;R
ES0000000000006921CC;15/08/23;10;0,287;R
ES0000000000006921CC;15/08/23;11;0,704;R
ES0000000000006921CC;15/08/23;12;0,206;R
ES0000000000006921CC;15/08/23;13;0,226;R
ES0000000000006921CC;15/08/23;14;0,249;R
ES0000000000006921CC;15/08/23;15;0,252;R
ES0000000000006921CC;15/08/23;16;0,204;R
ES0000000000006921CC;15/08/23;17;0,175;R
ES0000000000006921CC;15/08/23;18;0,18;R
ES0000000000006921CC;15/08/23;19;0,19;R
ES0000000000006921CC;15/08/23;20;0,202;R
ES0000000000006921CC;15/08/23;21;0,179;R
ES0000000000006921CC;15/08/23;22;0,212;R
ES0000000000006921CC;15/08/23;23;0,167;R
ES0000000000006921CC;16/08/23;0;0,191;R
ES0000000000006921CC;16/08/23;1;0,173;R
ES0000000000006921CC;16/08/23;2;0,149;R
ES0000000000006921CC;16/08/23;3;0,143;R
ES0000000000006921CC;16/08/23;4;0,125;R
ES0000000000006921CC;16/08/23;5;0,158;R
ES0000000000006921CC;16/08/23;6;0,194;R
ES0000000000006921CC;16/08/23;7;0,109;R
ES0000000000006921CC;16/08/23;8;0,13;R
ES0000000000006921CC;16/08/23;9;0,14;R
ES0000000000006921CC;16/08/23;10;0,171;R
ES0000000000006921CC;16/08/23;11;0,258;R
ES0000000000006921CC;16/08/23;12;0,149;R
ES0000000000006921CC;16/08/23;13;0,201;R
ES0000000000006921CC;16/08/23;14;0,267;R
ES0000000000006921CC;16/08/23;15;0,635;R
ES0000000000006921CC;16/08/23;16;0,224;R
ES0000000000006921CC;16/08/23;17;0,254;R
ES0000000000006921CC;16/08/23;18;0,214;R
ES0000000000006921CC;16/08/23;19;0,203;R
ES0000000000006921CC;16/08/23;20;0,203;R
ES0000000000006921CC;16/08/23;21;0,203;R
ES0000000000006921CC;16/08/23;22;0,201;R
ES0000000000006921CC;16/08/23;23;0,166;R
ES0000000000006921CC;17/08/23;0;0,159;R
ES0000000000006921CC;17/08/23;1;0,711;R
ES0000000000006921CC;17/08/23;2;0,652;R
ES0000000000006921CC;17/08/23;3;0,16;R
ES0000000000006921CC;17/08/23;4;0,175;R
ES0000000000006921CC;17/08/23;5;0,131;R
ES0000000000006921CC;17/08/23;6;0,094;R
ES0000000000006921CC;17/08/23;7;0,122;R
ES0000000000006921CC;17/08/23;8;0,118;R
ES0000000000006921CC;17/08/23;9;0,082;R
ES0000000000006921CC;17/08/23;10;0,186;R
ES0000000000006921CC;17/08/23;11;0,285;R
ES0000000000006921CC;17/08/23;12;0,178;R
ES0000000000006921CC;17/08/23;13;0,162;R
ES0000000000006921CC;17/08/23;14;0,313;R
ES0000000000006921CC;17/08/23;15;0,297;R
ES0000000000006921CC;17/08/23;16;0,323;R
ES0000000000006921CC;17/08/23;17;0,217;R
ES0000000000006921CC;17/08/23;18;0,198;R
ES0000000000006921CC;17/08/23;19;0,23;R
ES0000000000006921CC;17/08/23;20;0,241;R
ES0000000000006921CC;17/08/23;21;0,203;R
ES0000000000006921CC;17/08/23;22;0,161;R
ES0000000000006921CC;17/08/23;23;0,173;R
ES0000000000006921CC;18/08/23;0;0,161;R
ES0000000000006921CC;18/08/23;1;0,173;R
ES0000000000006921CC;18/08/23;2;0,129;R
ES0000000000006921CC;18/08/23;3;0,179;R
ES0000000000006921CC;18/08/23;4;0,138;R
ES0000000000006921CC;18/08/23;5;0,118;R
ES0000000000006921CC;18/08/23;6;0,109;R
ES0000000000006921CC;18/08/23;7;0,108;R
ES0000000000006921CC;18/08/23;8;0,105;R
ES0000000000006921CC;18/08/23;9;0,104;R
ES0000000000006921CC;18/08/23;10;0,164;R
ES0000000000006921CC;18/08/23;11;0,301;R
ES0000000000006921CC;18/08/23;12;0,149;R
ES0000000000006921CC;18/08/23;13;0,23;R
ES0000000000006921CC;18/08/23;14;0,24;R
ES0000000000006921CC;18/08/23;15;0,247;R
ES0000000000006921CC;18/08/23;16;0,221;R
ES0000000000006921CC;18/08/23;17;0,115;R
ES0000000000006921CC;18/08/23;18;0,14;R
ES0000000000006921CC;18/08/23;19;0,133;R
ES0000000000006921CC;18/08/23;20;0,298;R
ES0000000000006921CC;18/08/23;21;0,176;R
ES0000000000006921CC;18/08/23;22;0,178;R
ES0000000000006921CC;18/08/23;23;0,147;R
ES0000000000006921CC;19/08/23;0;0,149;R
ES0000000000006921CC;19/08/23;1;0,188;R
ES0000000000006921CC;19/08/23;2;0,115;R
ES0000000000006921CC;19/08/23;3;0,173;R
ES0000000000006921CC;19/08/23;4;0,156;R
ES0000000000006921CC;19/08/23;5;0,122;R
ES0000000000006921CC;19/08/23;6;0,082;R
ES0000000000006921CC;19/08/23;7;0,134;R
ES0000000000006921CC;19/08/23;8;0,086;R
ES0000000000006921CC;19/08/23;9;0,183;R
ES0000000000006921CC;19/08/23;10;0,181;R
ES0000000000006921CC;19/08/23;11;0,267;R
ES0000000000006921CC;19/08/23;12;0,154;R
ES0000000000006921CC;19/08/23;13;0,158;R
ES0000000000006921CC;19/08/23;14;0,347;R
ES0000000000006921CC;19/08/23;15;0,264;R
ES0000000000006921CC;19/08/23;16;0,256;R
ES0000000000006921CC;19/08/23;17;0,21;R
ES0000000000006921CC;19/08/23;18;0,179;R
ES0000000000006921CC;19/08/23;19;0,136;R
ES0000000000006921CC;19/08/23;20;0,21;R
ES0000000000006921CC;19/08/23;21;0,225;R
ES0000000000006921CC;19/08/23;22;0,78;R
ES0000000000006921CC;19/08/23;23;0,703;R
ES0000000000006921CC;20/08/23;0;0,161;R
ES0000000000006921CC;20/08/23;1;0,186;R
ES0000000000006921CC;20/08/23;2;0,104;R
ES0000000000006921CC;20/08/23;3;0,181;R
ES0000000000006921CC;20/08/23;4;0,139;R
ES0000000000006921CC;20/08/23;5;0,115;R
ES0000000000006921CC;20/08/23;6;0,108;R
ES0000000000006921CC;20/08/23;7;0,109;R
ES0000000000006921CC;20/08/23;8;0,094;R
ES0000000000006921CC;20/08/23;9;0,231;R
ES0000000000006921CC;20/08/23;10;0,298;R
ES0000000000006921CC;20/08/23;11;0,197;R
ES0000000000006921CC;20/08/23;12;0,165;R
ES0000000000006921CC;20/08/23;13;0,106;R
ES0000000000006921CC;20/08/23;14;0,163;R
ES0000000000006921CC;20/08/23;15;0,165;R
ES0000000000006921CC;20/08/23;16;0,129;R
ES0000000000006921CC;20/08/23;17;0,114;R
ES0000000000006921CC;20/08/23;18;0,122;R
ES0000000000006921CC;20/08/23;19;0,101;R
ES0000000000006921CC;20/08/23;20;0,128;R
ES0000000000006921CC;20/08/23;21;0,095;R
ES0000000000006921CC;20/08/23;22;0,125;R
ES0000000000006921CC;20/08/23;23;0,135;R
ES0000000000006921CC;21/08/23;0;0,093;R
ES0000000000006921CC;21/08/23;1;0,14;R
ES0000000000006921CC;21/08/23;2;0,085;R
ES0000000000006921CC;21/08/23;3;0,132;R
ES0000000000006921CC;21/08/23;4;0,089;R
ES0000000000006921CC;21/08/23;5;0,13;R
ES0000000000006921CC;21/08/23;6;0,107;R
ES0000000000006921CC;21/08/23;7;0,098;R
ES0000000000006921CC;21/08/23;8;0,123;R
ES0000000000006921CC;21/08/23;9;0,091;R
ES0000000000006921CC;21/08/23;10;0,132;R
ES0000000000006921CC;21/08/23;11;0,082;R
ES0000000000006921CC;21/08/23;12;0,14;R
ES0000000000006921CC;21/08/23;13;0,098;R
ES0000000000006921CC;21/08/23;14;0,113;R
ES0000000000006921CC;21/08/23;15;0,11;R
ES0000000000006921CC;21/08/23;16;0,107;R
ES0000000000006921CC;21/08/23;17;0,118;R
ES0000000000006921CC;21/08/23;18;0,161;R
ES0000000000006921CC;21/08/23;19;0,182;R
ES0000000000006921CC;21/08/23;20;0,119;R
ES0000000000006921CC;21/08/23;21;0,135;R
ES0000000000006921CC;21/08/23;22;0,112;R
ES0000000000006921CC;21/08/23;23;0,124;R
ES0000000000006921CC;22/08/23;0;0,117;R
ES0000000000006921CC;22/08/23;1;0,122;R
ES0000000000006921CC;22/08/23;2;0,114;R
ES0000000000006921CC;22/08/23;3;0,115;R
ES0000000000006921CC;22/08/23;4;0,109;R
ES0000000000006921CC;22/08/23;5;0,121;R
ES0000000000006921CC;22/08/23;6;0,109;R
ES0000000000006921CC;22/08/23;7;0,119;R
ES0000000000006921CC;22/08/23;8;0,099;R
ES0000000000006921CC;22/08/23;9;0,116;R
ES0000000000006921CC;22/08/23;10;0,118;R
ES0000000000006921CC;22/08/23;11;0,11;R
ES0000000000006921CC;22/08/23;12;0,115;R
ES0000000000006921CC;22/08/23;13;0,103;R
ES0000000000006921CC;22/08/23;14;0,125;R
ES0000000000006921CC;22/08/23;15;0,105;R
ES0000000000006921CC;22/08/23;16;0,125;R
ES0000000000006921CC;22/08/23;17;0,101;R
ES0000000000006921CC;22/08/23;18;0,119;R
ES0000000000006921CC;22/08/23;19;0,121;R
ES0000000000006921CC;22/08/23;20;0,106;R
ES0000000000006921CC;22/08/23;21;0,125;R
ES0000000000006921CC;22/08/23;22;0,099;R
ES0000000000006921CC;22/08/23;23;0,169;R
ES0000000000006921CC;23/08/23;0;0,173;R
ES0000000000006921CC;23/08/23;1;0,15;R
ES0000000000006921CC;23/08/23;2;0,11;R
ES0000000000006921CC;23/08/23;3;0,115;R
ES0000000000006921CC;23/08/23;4;0,112;R
ES0000000000006921CC;23/08/23;5;0,127;R
ES0000000000006921CC;23/08/23;6;0,115;R
ES0000000000006921CC;23/08/23;7;0,118;R
ES0000000000006921CC;23/08/23;8;0,112;R
ES0000000000006921CC;23/08/23;9;0,106;R
ES0000000000006921CC;23/08/23;10;0,129;R
ES0000000000006921CC;23/08/23;11;0,107;R
ES0000000000006921CC;23/08/23;12;0,117;R
ES0000000000006921CC;23/08/23;13;0,115;R
ES0000000000006921CC;23/08/23;14;0,112;R
ES0000000000006921CC;23/08/23;15;0,123;R
ES0000000000006921CC;23/08/23;16;0,11;R
ES0000000000006921CC;23/08/23;17;0,111;R
ES0000000000006921CC;23/08/23;18;0,112;R
ES0000000000006921CC;23/08/23;19;0,13;R
ES0000000000006921CC;23/08/23;20;0,115;R
ES0000000000006921CC;23/08/23;21;0,121;R
ES0000000000006921CC;23/08/23;22;0,112;R
ES0000000000006921CC;23/08/23;23;0,122;R
ES0000000000006921CC;24/08/23;0;0,131;R
ES0000000000006921CC;24/08/23;1;0,116;R
ES0000000000006921CC;24/08/23;2;0,121;R
ES0000000000006921CC;24/08/23;3;0,111;R
ES0000000000006921CC;24/08/23;4;0,142;R
ES0000000000006921CC;24/08/23;5;0,173;R
ES0000000000006921CC;24/08/23;6;0,144;R
ES0000000000006921CC;24/08/23;7;0,119;R
ES0000000000006921CC;24/08/23;8;0,105;R
ES0000000000006921CC;24/08/23;9;0,13;R
ES0000000000006921CC;24/08/23;10;0,111;R
ES0000000000006921CC;24/08/23;11;0,125;R
ES0000000000006921CC;24/08/23;12;0,102;R
ES0000000000006921CC;24/08/23;13;0,113;R
ES0000000000006921CC;24/08/23;14;0,129;R
ES0000000000006921CC;24/08/23;15;0,118;R
ES0000000000006921CC;24/08/23;16;0,122;R
ES0000000000006921CC;24/08/23;17;0,111;R
ES0000000000006921CC;24/08/23;18;0,13;R
ES0000000000006921CC;24/08/23;19;0,213;R
ES0000000000006921CC;24/08/23;20;0,269;R
ES0000000000006921CC;24/08/23;21;0,259;R
ES0000000000006921CC;24/08/23;22;0,274;R
ES0000000000006921CC;24/08/23;23;0,239;R
ES0000000000006921CC;25/08/23;0;0,222;R
ES0000000000006921CC;25/08/23;1;0,187;R
ES0000000000006921CC;25/08/23;2;0,139;R
ES0000000000006921CC;25/08/23;3;0,14;R
ES0000000000006921CC;25/08/23;4;0,171;R
ES0000000000006921CC;25/08/23;5;0,184;R
ES0000000000006921CC;25/08/23;6;0,115;R
ES0000000000006921CC;25/08/23;7;0,15;R
ES0000000000006921CC;25/08/23;8;0,11;R
ES0000000000006921CC;25/08/23;9;0,166;R
ES0000000000006921CC;25/08/23;10;0,191;R
ES0000000000006921CC;25/08/23;11;0,413;R
ES0000000000006921CC;25/08/23;12;0,276;R
ES0000000000006921CC;25/08/23;13;0,316;R
ES0000000000006921CC;25/08/23;14;0,284;R
ES0000000000006921CC;25/08/23;15;0,266;R
ES0000000000006921CC;25/08/23;16;0,239;R
ES0000000000006921CC;25/08/23;17;0,221;R
ES0000000000006921CC;25/08/23;18;0,23;R
ES0000000000006921CC;25/08/23;19;0,224;R
ES0000000000006921CC;25/08/23;20;0,248;R
ES0000000000006921CC;25/08/23;21;0,262;R
ES0000000000006921CC;25/08/23;22;0,245;R
ES0000000000006921CC;25/08/23;23;0,265;R
ES0000000000006921CC;26/08/23;0;0,258;R
ES0000000000006921CC;26/08/23;1;0,212;R
ES0000000000006921CC;26/08/23;2;0,154;R
ES0000000000006921CC;26/08/23;3;0,131;R
ES0000000000006921CC;26/08/23;4;0,123;R
ES0000000000006921CC;26/08/23;5;0,137;R
ES0000000000006921CC;26/08/23;6;0,134;R
ES0000000000006921CC;26/08/23;7;0,096;R
ES0000000000006921CC;26/08/23;8;0,151;R
ES0000000000006921CC;26/08/23;9;0,147;R
ES0000000000006921CC;26/08/23;10;0,26;R
ES0000000000006921CC;26/08/23;11;0,446;R
ES0000000000006921CC;26/08/23;12;0,319;R
ES0000000000006921CC;26/08/23;13;0,192;R
ES0000000000006921CC;26/08/23;14;0,311;R
ES0000000000006921CC;26/08/23;15;0,28;R
ES0000000000006921CC;26/08/23;16;0,22;R
ES0000000000006921CC;26/08/23;17;0,241;R
ES0000000000006921CC;26/08/23;18;0,203;R
ES0000000000006921CC;26/08/23;19;0,287;R
ES0000000000006921CC;26/08/23;20;0,235;R
ES0000000000006921CC;26/08/23;21;0,22;R
ES0000000000006921CC;26/08/23;22;0,191;R
ES0000000000006921CC;26/08/23;23;0,214;R
ES0000000000006921CC;27/08/23;0;0,212;R
ES0000000000006921CC;27/08/23;1;0,19;R
ES0000000000006921CC;27/08/23;2;0,092;R
ES0000000000006921CC;27/08/23;3;0,135;R
ES0000000000006921CC;27/08/23;4;0,115;R
ES0000000000006921CC;27/08/23;5;0,16;R
ES0000000000006921CC;27/08/23;6;0,168;R
ES0000000000006921CC;27/08/23;7;0,1;R
ES0000000000006921CC;27/08/23;8;0,138;R
ES0000000000006921CC;27/08/23;9;0,114;R
ES0000000000006921CC;27/08/23;10;0,145;R
ES0000000000006921CC;27/08/23;11;0,281;R
ES0000000000006921CC;27/08/23;12;0,179;R
ES0000000000006921CC;27/08/23;13;0,252;R
ES0000000000006921CC;27/08/23;14;0,806;R
ES0000000000006921CC;27/08/23;15;0,278;R
ES0000000000006921CC;27/08/23;16;0,187;R
ES0000000000006921CC;27/08/23;17;0,193;R
ES0000000000006921CC;27/08/23;18;0,175;R
ES0000000000006921CC;27/08/23;19;0,157;R
ES0000000000006921CC;27/08/23;20;0,169;R
ES0000000000006921CC;27/08/23;21;0,546;R
ES0000000000006921CC;27/08/23;22;0,487;R
ES0000000000006921CC;27/08/23;23;0,629;R
ES0000000000006921CC;28/08/23;0;0,234;R
ES0000000000006921CC;28/08/23;1;0,169;R
ES0000000000006921CC;28/08/23;2;0,128;R
ES0000000000006921CC;28/08/23;3;0,11;R
ES0000000000006921CC;28/08/23;4;0,178;R
ES0000000000006921CC;28/08/23;5;0,161;R
ES0000000000006921CC;28/08/23;6;0,101;R
ES0000000000006921CC;28/08/23;7;0,126;R
ES0000000000006921CC;28/08/23;8;0,089;R
ES0000000000006921CC;28/08/23;9;0,209;R
ES0000000000006921CC;28/08/23;10;0,257;R
ES0000000000006921CC;28/08/23;11;0,636;R
ES0000000000006921CC;28/08/23;12;0,229;R
ES0000000000006921CC;28/08/23;13;0,677;R
ES0000000000006921CC;28/08/23;14;0,266;R
ES0000000000006921CC;28/08/23;15;0,384;R
ES0000000000006921CC;28/08/23;16;0,233;R
ES0000000000006921CC;28/08/23;17;0,163;R
ES0000000000006921CC;28/08/23;18;0,139;R
ES0000000000006921CC;28/08/23;19;0,145;R
ES0000000000006921CC;28/08/23;20;0,145;R
ES0000000000006921CC;28/08/23;21;0,199;R
ES0000000000006921CC;28/08/23;22;0,206;R
ES0000000000006921CC;28/08/23;23;0,212;R
ES0000000000006921CC;29/08/23;0;0,221;R
ES0000000000006921CC;29/08/23;1;0,221;R
ES0000000000006921CC;29/08/23;2;0,112;R
ES0000000000006921CC;29/08/23;3;0,161;R
ES0000000000006921CC;29/08/23;4;0,168;R
ES0000000000006921CC;29/08/23;5;0,114;R
ES0000000000006921CC;29/08/23;6;0,098;R
ES0000000000006921CC;29/08/23;7;0,11;R
ES0000000000006921CC;29/08/23;8;0,118;R
ES0000000000006921CC;29/08/23;9;0,081;R
ES0000000000006921CC;29/08/23;10;0,183;R
ES0000000000006921CC;29/08/23;11;0,273;R
ES0000000000006921CC;29/08/23;12;0,176;R
ES0000000000006921CC;29/08/23;13;0,203;R
ES0000000000006921CC;29/08/23;14;0,448;R
ES0000000000006921CC;29/08/23;15;0,362;R
ES0000000000006921CC;29/08/23;16;0,179;R
ES0000000000006921CC;29/08/23;17;0,196;R
ES0000000000006921CC;29/08/23;18;0,148;R
ES0000000000006921CC;29/08/23;19;0,172;R
ES0000000000006921CC;29/08/23;20;0,158;R
ES0000000000006921CC;29/08/23;21;0,174;R
ES0000000000006921CC;29/08/23;22;0,2;R
ES0000000000006921CC;29/08/23;23;0,202;R
ES0000000000006921CC;30/08/23;0;0,198;R
ES0000000000006921CC;30/08/23;1;0,155;R
ES0000000000006921CC;30/08/23;2;0,178;R
ES0000000000006921CC;30/08/23;3;0,143;R
ES0000000000006921CC;30/08/23;4;0,15;R
ES0000000000006921CC;30/08/23;5;0,094;R
ES0000000000006921CC;30/08/23;6;0,119;R
ES0000000000006921CC;30/08/23;7;0,11;R
ES0000000000006921CC;30/08/23;8;0,112;R
ES0000000000006921CC;30/08/23;9;0,114;R
ES0000000000006921CC;30/08/23;10;0,172;R
ES0000000000006921CC;30/08/23;11;0,288;R
ES0000000000006921CC;30/08/23;12;0,159;R
ES0000000000006921CC;30/08/23;13;0,083;R
ES0000000000006921CC;30/08/23;14;0,178;R
ES0000000000006921CC;30/08/23;15;0,23;R
ES0000000000006921CC;30/08/23;16;0,2;R
ES0000000000006921CC;30/08/23;17;0,184;R
ES0000000000006921CC;30/08/23;18;0,186;R
ES0000000000006921CC;30/08/23;19;0,146;R
ES0000000000006921CC;30/08/23;20;0,184;R
ES0000000000006921CC;30/08/23;21;0,189;R
ES0000000000006921CC;30/08/23;22;0,196;R
ES0000000000006921CC;30/08/23;23;0,21;R
ES0000000000006921CC;31/08/23;0;0,192;R
ES0000000000006921CC;31/08/23;1;0,684;R
ES0000000000006921CC;31/08/23;2;0,652;R
ES0000000000006921CC;31/08/23;3;0,188;R
ES0000000000006921CC;31/08/23;4;0,142;R
ES0000000000006921CC;31/08/23;5;0,119;R
ES0000000000006921CC;31/08/23;6;0,085;R
ES0000000000006921CC;31/08/23;7;0,14;R
ES0000000000006921CC;31/08/23;8;0,095;R
ES0000000000006921CC;31/08/23;9;0,135;R
ES0000000000006921CC;31/08/23;10;0,157;R
ES0000000000006921CC;31/08/23;11;0,301;R
ES0000000000006921CC;31/08/23;12;0,107;R
ES0000000000006921CC;31/08/23;13;0,137;R
ES0000000000006921CC;31/08/23;14;0,198;R
ES0000000000006921CC;31/08/23;15;0,255;R
ES0000000000006921CC;31/08/23;16;0,393;R
ES0000000000006921CC;31/08/23;17;0,163;R
ES0000000000006921CC;31/08/23;18;0,15;R
ES0000000000006921CC;31/08/23;19;0,165;R
ES0000000000006921CC;31/08/23;20;0,137;R
ES0000000000006921CC;31/08/23;21;0,285;R
ES0000000000006921CC;31/08/23;22;0,178;R
ES0000000000006921CC;31/08/23;23;0,18;R
ES0000000000006921CC;01/09/23;0;0,211;R
ES0000000000006921CC;01/09/23;1;0,16;R
ES0000000000006921CC;01/09/23;2;0,122;R
ES0000000000006921CC;01/09/23;3;0,1;R
ES0000000000006921CC;01/09/23;4;0,175;R
ES0000000000006921CC;01/09/23;5;0,152;R
ES0000000000006921CC;01/09/23;6;0,101;R
ES0000000000006921CC;01/09/23;7;0,097;R
ES0000000000006921CC;01/09/23;8;0,118;R
ES0000000000006921CC;01/09/23;9;0,179;R
ES0000000000006921CC;01/09/23;10;0,631;R
ES0000000000006921CC;01/09/23;11;0,228;R
ES0000000000006921CC;01/09/23;12;0,307;R
ES0000000000006921CC;01/09/23;13;0,137;R
ES0000000000006921CC;01/09/23;14;1,088;R
ES0000000000006921CC;01/09/23;15;0,227;R
ES0000000000006921CC;01/09/23;16;0,377;R
ES0000000000006921CC;01/09/23;17;0,193;R
ES0000000000006921CC;01/09/23;18;0,176;R
ES0000000000006921CC;01/09/23;19;0,173;R
ES0000000000006921CC;01/09/23;20;0,203;R
ES0000000000006921CC;01/09/23;21;0,216;R
ES0000000000006921CC;01/09/23;22;0,191;R
ES0000000000006921CC;01/09/23;23;0,198;R
ES0000000000006921CC;02/09/23;0;0,187;R
ES0000000000006921CC;02/09/23;1;0,166;R
ES0000000000006921CC;02/09/23;2;0,146;R
ES0000000000006921CC;02/09/23;3;0,184;R
ES0000000000006921CC;02/09/23;4;0,108;R
ES0000000000006921CC;02/09/23;5;0,105;R
ES0000000000006921CC;02/09/23;6;0,117;R
ES0000000000006921CC;02/09/23;7;0,115;R
ES0000000000006921CC;02/09/23;8;0,094;R
ES0000000000006921CC;02/09/23;9;0,152;R
ES0000000000006921CC;02/09/23;10;0,185;R
ES0000000000006921CC;02/09/23;11;0,346;R
ES0000000000006921CC;02/09/23;12;0,251;R
ES0000000000006921CC;02/09/23;13;0,361;R
ES0000000000006921CC;02/09/23;14;0,803;R
ES0000000000006921CC;02/09/23;15;0,682;R
ES0000000000006921CC;02/09/23;16;0,145;R
ES0000000000006921CC;02/09/23;17;0,669;R
ES0000000000006921CC;02/09/23;18;0,681;R
ES0000000000006921CC;02/09/23;19;0,172;R
ES0000000000006921CC;02/09/23;20;0,181;R
ES0000000000006921CC;02/09/23;21;0,293;R
ES0000000000006921CC;02/09/23;22;0,225;R
ES0000000000006921CC;02/09/23;23;0,194;R
ES0000000000006921CC;03/09/23;0;0,193;R
ES0000000000006921CC;03/09/23;1;0,127;R
ES0000000000006921CC;03/09/23;2;0,088;R
ES0000000000006921CC;03/09/23;3;0,092;R
ES0000000000006921CC;03/09/23;4;0,109;R
ES0000000000006921CC;03/09/23;5;0,081;R
ES0000000000006921CC;03/09/23;6;0,076;R
ES0000000000006921CC;03/09/23;7;0,107;R
ES0000000000006921CC;03/09/23;8;0,089;R
ES0000000000006921CC;03/09/23;9;0,067;R
ES0000000000006921CC;03/09/23;10;0,147;R
ES0000000000006921CC;03/09/23;11;0,257;R
ES0000000000006921CC;03/09/23;12;0,272;R
ES0000000000006921CC;03/09/23;13;0,147;R
ES0000000000006921CC;03/09/23;14;1,129;R
ES0000000000006921CC;03/09/23;15;0,472;R
ES0000000000006921CC;03/09/23;16;0,207;R
ES0000000000006921CC;03/09/23;17;0,13;R
ES0000000000006921CC;03/09/23;18;0,163;R
ES0000000000006921CC;03/09/23;19;0,127;R
ES0000000000006921CC;03/09/23;20;0,266;R
ES0000000000006921CC;03/09/23;21;0,219;R
ES0000000000006921CC;03/09/23;22;0,266;R
ES0000000000006921CC;03/09/23;23;0,184;R
ES0000000000006921CC;04/09/23;0;0,226;R
ES0000000000006921CC;04/09/23;1;0,126;R
ES0000000000006921CC;04/09/23;2;0,134;R
ES0000000000006921CC;04/09/23;3;0,095;R
ES0000000000006921CC;04/09/23;4;0,111;R
ES0000000000006921CC;04/09/23;5;0,092;R
ES0000000000006921CC;04/09/23;6;0,096;R
ES0000000000006921CC;04/09/23;7;0,109;R
ES0000000000006921CC;04/09/23;8;0,117;R
ES0000000000006921CC;04/09/23;9;0,215;R
ES0000000000006921CC;04/09/23;10;0,195;R
ES0000000000006921CC;04/09/23;11;0,304;R
ES0000000000006921CC;04/09/23;12;0,118;R
ES0000000000006921CC;04/09/23;13;0,228;R
ES0000000000006921CC;04/09/23;14;0,25;R
ES0000000000006921CC;04/09/23;15;0,177;R
ES0000000000006921CC;04/09/23;16;0,14;R
ES0000000000006921CC;04/09/23;17;0,126;R
ES0000000000006921CC;04/09/23;18;0,134;R
ES0000000000006921CC;04/09/23;19;0,093;R
ES0000000000006921CC;04/09/23;20;0,195;R
ES0000000000006921CC;04/09/23;21;0,238;R
ES0000000000006921CC;04/09/23;22;0,324;R
ES0000000000006921CC;04/09/23;23;0,302;R
ES0000000000006921CC;05/09/23;0;0,257;R
ES0000000000006921CC;05/09/23;1;0,175;R
ES0000000000006921CC;05/09/23;2;0,116;R
ES0000000000006921CC;05/09/23;3;0,098;R
ES0000000000006921CC;05/09/23;4;0,119;R
ES0000000000006921CC;05/09/23;5;0,099;R
ES0000000000006921CC;05/09/23;6;0,103;R
ES0000000000006921CC;05/09/23;7;0,092;R
ES0000000000006921CC;05/09/23;8;0,082;R
ES0000000000006921CC;05/09/23;9;0,103;R
ES0000000000006921CC;05/09/23;10;0,186;R
ES0000000000006921CC;05/09/23;11;0,246;R
ES0000000000006921CC;05/09/23;12;0,144;R
ES0000000000006921CC;05/09/23;13;0,169;R
ES0000000000006921CC;05/09/23;14;0,164;R
ES0000000000006921CC;05/09/23;15;0,158;R
ES0000000000006921CC;05/09/23;16;0,152;R
ES0000000000006921CC;05/09/23;17;0,128;R
ES0000000000006921CC;05/09/23;18;0,126;R
ES0000000000006921CC;05/09/23;19;0,113;R
ES0000000000006921CC;05/09/23;20;0,174;R
ES0000000000006921CC;05/09/23;21;0,158;R
ES0000000000006921CC;05/09/23;22;0,178;R
ES0000000000006921CC;05/09/23;23;0,195;R
ES0000000000006921CC;06/09/23;0;0,179;R
ES0000000000006921CC;06/09/23;1;0,214;R
ES0000000000006921CC;06/09/23;2;0,712;R
ES0000000000006921CC;06/09/23;3;0,706;R
ES0000000000006921CC;06/09/23;4;0,087;R
ES0000000000006921CC;06/09/23;5;0,109;R
ES0000000000006921CC;06/09/23;6;0,097;R
ES0000000000006921CC;06/09/23;7;0,126;R
ES0000000000006921CC;06/09/23;8;0,09;R
ES0000000000006921CC;06/09/23;9;0,089;R
ES0000000000006921CC;06/09/23;10;0,169;R
ES0000000000006921CC;06/09/23;11;0,437;R
ES0000000000006921CC;06/09/23;12;0,109;R
ES0000000000006921CC;06/09/23;13;0,221;R
ES0000000000006921CC;06/09/23;14;0,12;R
ES0000000000006921CC;06/09/23;15;0,111;R
ES0000000000006921CC;06/09/23;16;0,2;R
ES0000000000006921CC;06/09/23;17;0,207;R
ES0000000000006921CC;06/09/23;18;0,12;R
ES0000000000006921CC;06/09/23;19;0,141;R
ES0000000000006921CC;06/09/23;20;0,104;R
ES0000000000006921CC;06/09/23;21;0,212;R
ES0000000000006921CC;06/09/23;22;0,162;R
ES0000000000006921CC;06/09/23;23;0,186;R
ES0000000000006921CC;07/09/23;0;0,199;R
ES0000000000006921CC;07/09/23;1;0,157;R
ES0000000000006921CC;07/09/23;2;0,088;R
ES0000000000006921CC;07/09/23;3;0,087;R
ES0000000000006921CC;07/09/23;4;0,088;R
ES0000000000006921CC;07/09/23;5;0,145;R
ES0000000000006921CC;07/09/23;6;0,162;R
ES0000000000006921CC;07/09/23;7;0,104;R
ES0000000000006921CC;07/09/23;8;0,084;R
ES0000000000006921CC;07/09/23;9;0,077;R
ES0000000000006921CC;07/09/23;10;0,159;R
ES0000000000006921CC;07/09/23;11;0,337;R
ES0000000000006921CC;07/09/23;12;0,144;R
ES0000000000006921CC;07/09/23;13;0,14;R
ES0000000000006921CC;07/09/23;14;0,222;R
ES0000000000006921CC;07/09/23;15;0,258;R
ES0000000000006921CC;07/09/23;16;0,173;R
ES0000000000006921CC;07/09/23;17;0,177;R
ES0000000000006921CC;07/09/23;18;0,169;R
ES0000000000006921CC;07/09/23;19;0,2;R
ES0000000000006921CC;07/09/23;20;0,193;R
ES0000000000006921CC;07/09/23;21;0,219;R
ES0000000000006921CC;07/09/23;22;0,198;R
ES0000000000006921CC;07/09/23;23;0,214;R
ES0000000000006921CC;08/09/23;0;0,209;R
ES0000000000006921CC;08/09/23;1;0,142;R
ES0000000000006921CC;08/09/23;2;0,103;R
ES0000000000006921CC;08/09/23;3;0,1;R
ES0000000000006921CC;08/09/23;4;0,171;R
ES0000000000006921CC;08/09/23;5;0,161;R
ES0000000000006921CC;08/09/23;6;0,088;R
ES0000000000006921CC;08/09/23;7;0,11;R
ES0000000000006921CC;08/09/23;8;0,113;R
ES0000000000006921CC;08/09/23;9;0,111;R
ES0000000000006921CC;08/09/23;10;0,199;R
ES0000000000006921CC;08/09/23;11;0,291;R
ES0000000000006921CC;08/09/23;12;0,157;R
ES0000000000006921CC;08/09/23;13;0,109;R
ES0000000000006921CC;08/09/23;14;0,098;R
ES0000000000006921CC;08/09/23;15;0,106;R
ES0000000000006921CC;08/09/23;16;0,103;R
ES0000000000006921CC;08/09/23;17;0,173;R
ES0000000000006921CC;08/09/23;18;0,154;R
ES0000000000006921CC;08/09/23;19;0,112;R
ES0000000000006921CC;08/09/23;20;0,095;R
ES0000000000006921CC;08/09/23;21;0,138;R
ES0000000000006921CC;08/09/23;22;0,225;R
ES0000000000006921CC;08/09/23;23;0,199;R
ES0000000000006921CC;09/09/23;0;0,221;R
ES0000000000006921CC;09/09/23;1;0,148;R
ES0000000000006921CC;09/09/23;2;0,129;R
ES0000000000006921CC;09/09/23;3;0,115;R
ES0000000000006921CC;09/09/23;4;0,12;R
ES0000000000006921CC;09/09/23;5;0,164;R
ES0000000000006921CC;09/09/23;6;0,165;R
ES0000000000006921CC;09/09/23;7;0,094;R
ES0000000000006921CC;09/09/23;8;0,12;R
ES0000000000006921CC;09/09/23;9;0,093;R
ES0000000000006921CC;09/09/23;10;0,177;R
ES0000000000006921CC;09/09/23;11;0,324;R
ES0000000000006921CC;09/09/23;12;0,287;R
ES0000000000006921CC;09/09/23;13;0,168;R
ES0000000000006921CC;09/09/23;14;0,975;R
ES0000000000006921CC;09/09/23;15;0,893;R
ES0000000000006921CC;09/09/23;16;0,207;R
ES0000000000006921CC;09/09/23;17;0,224;R
ES0000000000006921CC;09/09/23;18;0,203;R
ES0000000000006921CC;09/09/23;19;0,12;R
ES0000000000006921CC;09/09/23;20;0,177;R
ES0000000000006921CC;09/09/23;21;0,64;R
ES0000000000006921CC;09/09/23;22;0,496;R
ES0000000000006921CC;09/09/23;23;0,64;R
ES0000000000006921CC;10/09/23;0;0,208;R
ES0000000000006921CC;10/09/23;1;0,14;R
ES0000000000006921CC;10/09/23;2;0,098;R
ES0000000000006921CC;10/09/23;3;0,126;R
ES0000000000006921CC;10/09/23;4;0,166;R
ES0000000000006921CC;10/09/23;5;0,143;R
ES0000000000006921CC;10/09/23;6;0,107;R
ES0000000000006921CC;10/09/23;7;0,11;R
ES0000000000006921CC;10/09/23;8;0,087;R
ES0000000000006921CC;10/09/23;9;0,194;R
ES0000000000006921CC;10/09/23;10;0,137;R
ES0000000000006921CC;10/09/23;11;0,669;R
ES0000000000006921CC;10/09/23;12;0,176;R
ES0000000000006921CC;10/09/23;13;0,177;R
ES0000000000006921CC;10/09/23;14;1,141;R
ES0000000000006921CC;10/09/23;15;0,201;R
ES0000000000006921CC;10/09/23;16;0,163;R
ES0000000000006921CC;10/09/23;17;0,197;R
ES0000000000006921CC;10/09/23;18;0,095;R
ES0000000000006921CC;10/09/23;19;0,144;R
ES0000000000006921CC;10/09/23;20;0,505;R
ES0000000000006921CC;10/09/23;21;0,299;R
ES0000000000006921CC;10/09/23;22;0,238;R
ES0000000000006921CC;10/09/23;23;0,21;R
ES0000000000006921CC;11/09/23;0;0,201;R
ES0000000000006921CC;11/09/23;1;0,162;R
ES0000000000006921CC;11/09/23;2;0,087;R
ES0000000000006921CC;11/09/23;3;0,116;R
ES0000000000006921CC;11/09/23;4;0,106;R
ES0000000000006921CC;11/09/23;5;0,173;R
ES0000000000006921CC;11/09/23;6;0,196;R
ES0000000000006921CC;11/09/23;7;0,101;R
ES0000000000006921CC;11/09/23;8;0,119;R
ES0000000000006921CC;11/09/23;9;0,105;R
ES0000000000006921CC;11/09/23;10;0,171;R
ES0000000000006921CC;11/09/23;11;0,238;R
ES0000000000006921CC;11/09/23;12;0,256;R
ES0000000000006921CC;11/09/23;13;0,112;R
ES0000000000006921CC;11/09/23;14;0,211;R
ES0000000000006921CC;11/09/23;15;0,277;R
ES0000000000006921CC;11/09/23;16;0,178;R
ES0000000000006921CC;11/09/23;17;0,182;R
ES0000000000006921CC;11/09/23;18;0,188;R
ES0000000000006921CC;11/09/23;19;0,111;R
ES0000000000006921CC;11/09/23;20;0,183;R
ES0000000000006921CC;11/09/23;21;0,167;R
ES0000000000006921CC;11/09/23;22;0,203;R
ES0000000000006921CC;11/09/23;23;0,175;R
ES0000000000006921CC;12/09/23;0;0,214;R
ES0000000000006921CC;12/09/23;1;0,124;R
ES0000000000006921CC;12/09/23;2;0,103;R
ES0000000000006921CC;12/09/23;3;0,102;R
ES0000000000006921CC;12/09/23;4;0,121;R
ES0000000000006921CC;12/09/23;5;0,073;R
ES0000000000006921CC;12/09/23;6;0,16;R
ES0000000000006921CC;12/09/23;7;0,15;R
ES0000000000006921CC;12/09/23;8;0,127;R
ES0000000000006921CC;12/09/23;9;0,082;R
ES0000000000006921CC;12/09/23;10;0,191;R
ES0000000000006921CC;12/09/23;11;0,285;R
ES0000000000006921CC;12/09/23;12;0,17;R
ES0000000000006921CC;12/09/23;13;0,134;R
ES0000000000006921CC;12/09/23;14;0,217;R
ES0000000000006921CC;12/09/23;15;0,198;R
ES0000000000006921CC;12/09/23;16;0,197;R
ES0000000000006921CC;12/09/23;17;0,162;R
ES0000000000006921CC;12/09/23;18;0,12;R
ES0000000000006921CC;12/09/23;19;0,123;R
ES0000000000006921CC;12/09/23;20;0,16;R
ES0000000000006921CC;12/09/23;21;0,198;R
ES0000000000006921CC;12/09/23;22;0,191;R
ES0000000000006921CC;12/09/23;23;0,179;R
ES0000000000006921CC;13/09/23;0;0,191;R
ES0000000000006921CC;13/09/23;1;0,181;R
ES0000000000006921CC;13/09/23;2;0,147;R
ES0000000000006921CC;13/09/23;3;0,09;R
ES0000000000006921CC;13/09/23;4;0,168;R
ES0000000000006921CC;13/09/23;5;0,135;R
ES0000000000006921CC;13/09/23;6;0,102;R
ES0000000000006921CC;13/09/23;7;0,11;R
ES0000000000006921CC;13/09/23;8;0,09;R
ES0000000000006921CC;13/09/23;9;0,13;R
ES0000000000006921CC;13/09/23;10;0,263;R
ES0000000000006921CC;13/09/23;11;0,346;R
ES0000000000006921CC;13/09/23;12;0,15;R
ES0000000000006921CC;13/09/23;13;0,153;R
ES0000000000006921CC;13/09/23;14;0,952;R
ES0000000000006921CC;13/09/23;15;0,349;R
ES0000000000006921CC;13/09/23;16;0,187;R
ES0000000000006921CC;13/09/23;17;0,183;R
ES0000000000006921CC;13/09/23;18;0,139;R
ES0000000000006921CC;13/09/23;19;0,144;R
ES0000000000006921CC;13/09/23;20;0,177;R
ES0000000000006921CC;13/09/23;21;0,195;R
ES0000000000006921CC;13/09/23;22;0,21;R
ES0000000000006921CC;13/09/23;23;0,203;R
ES0000000000006921CC;14/09/23;0;0,217;R
ES0000000000006921CC;14/09/23;1;0,663;R
ES0000000000006921CC;14/09/23;2;0,44;R
ES0000000000006921CC;14/09/23;3;0,291;R
ES0000000000006921CC;14/09/23;4;0,12;R
ES0000000000006921CC;14/09/23;5;0,072;R
ES0000000000006921CC;14/09/23;6;0,15;R
ES0000000000006921CC;14/09/23;7;0,139;R
ES0000000000006921CC;14/09/23;8;0,127;R
ES0000000000006921CC;14/09/23;9;0,072;R
ES0000000000006921CC;14/09/23;10;0,181;R
ES0000000000006921CC;14/09/23;11;0,311;R
ES0000000000006921CC;14/09/23;12;0,146;R
ES0000000000006921CC;14/09/23;13;0,142;R
ES0000000000006921CC;14/09/23;14;0,2;R
ES0000000000006921CC;14/09/23;15;0,231;R
ES0000000000006921CC;14/09/23;16;0,186;R
ES0000000000006921CC;14/09/23;17;0,134;R
ES0000000000006921CC;14/09/23;18;0,187;R
ES0000000000006921CC;14/09/23;19;0,225;R
ES0000000000006921CC;14/09/23;20;0,213;R
ES0000000000006921CC;14/09/23;21;0,222;R
ES0000000000006921CC;14/09/23;22;0,189;R
ES0000000000006921CC;14/09/23;23;0,192;R
ES0000000000006921CC;15/09/23;0;0,214;R
ES0000000000006921CC;15/09/23;1;0,124;R
ES0000000000006921CC;15/09/23;2;0,087;R
ES0000000000006921CC;15/09/23;3;0,11;R
ES0000000000006921CC;15/09/23;4;0,09;R
ES0000000000006921CC;15/09/23;5;0,093;R
ES0000000000006921CC;15/09/23;6;0,12;R
ES0000000000006921CC;15/09/23;7;0,152;R
ES0000000000006921CC;15/09/23;8;0,165;R
ES0000000000006921CC;15/09/23;9;0,098;R
ES0000000000006921CC;15/09/23;10;0,175;R
ES0000000000006921CC;15/09/23;11;0,305;R
ES0000000000006921CC;15/09/23;12;0,117;R
ES0000000000006921CC;15/09/23;13;0,119;R
ES0000000000006921CC;15/09/23;14;0,221;R
ES0000000000006921CC;15/09/23;15;0,176;R
ES0000000000006921CC;15/09/23;16;0,122;R
ES0000000000006921CC;15/09/23;17;0,144;R
ES0000000000006921CC;15/09/23;18;0,135;R
ES0000000000006921CC;15/09/23;19;0,158;R
ES0000000000006921CC;15/09/23;20;0,23;R
ES0000000000006921CC;15/09/23;21;0,268;R
ES0000000000006921CC;15/09/23;22;0,182;R
ES0000000000006921CC;15/09/23;23;0,19;R
ES0000000000006921CC;16/09/23;0;0,185;R
ES0000000000006921CC;16/09/23;1;0,166;R
ES0000000000006921CC;16/09/23;2;0,088;R
ES0000000000006921CC;16/09/23;3;0,089;R
ES0000000000006921CC;16/09/23;4;0,089;R
ES0000000000006921CC;16/09/23;5;0,117;R
ES0000000000006921CC;16/09/23;6;0,066;R
ES0000000000006921CC;16/09/23;7;0,09;R
ES0000000000006921CC;16/09/23;8;0,093;R
ES0000000000006921CC;16/09/23;9;0,112;R
ES0000000000006921CC;16/09/23;10;0,216;R
ES0000000000006921CC;16/09/23;11;0,362;R
ES0000000000006921CC;16/09/23;12;0,157;R
ES0000000000006921CC;16/09/23;13;0,239;R
ES0000000000006921CC;16/09/23;14;0,615;R
ES0000000000006921CC;16/09/23;15;0,833;R
ES0000000000006921CC;16/09/23;16;0,158;R
ES0000000000006921CC;16/09/23;17;0,132;R
ES0000000000006921CC;16/09/23;18;0,094;R
ES0000000000006921CC;16/09/23;19;0,114;R
ES0000000000006921CC;16/09/23;20;0,117;R
ES0000000000006921CC;16/09/23;21;0,263;R
ES0000000000006921CC;16/09/23;22;0,178;R
ES0000000000006921CC;16/09/23;23;0,272;R
ES0000000000006921CC;17/09/23;0;0,217;R
ES0000000000006921CC;17/09/23;1;0,148;R
ES0000000000006921CC;17/09/23;2;0,095;R
ES0000000000006921CC;17/09/23;3;0,116;R
ES0000000000006921CC;17/09/23;4;0,087;R
ES0000000000006921CC;17/09/23;5;0,09;R
ES0000000000006921CC;17/09/23;6;0,071;R
ES0000000000006921CC;17/09/23;7;0,103;R
ES0000000000006921CC;17/09/23;8;0,091;R
ES0000000000006921CC;17/09/23;9;0,108;R
ES0000000000006921CC;17/09/23;10;0,149;R
ES0000000000006921CC;17/09/23;11;0,209;R
ES0000000000006921CC;17/09/23;12;0,221;R
ES0000000000006921CC;17/09/23;13;0,338;R
ES0000000000006921CC;17/09/23;14;0,43;R
ES0000000000006921CC;17/09/23;15;0,366;R
ES0000000000006921CC;17/09/23;16;0,239;R
ES0000000000006921CC;17/09/23;17;0,575;R
ES0000000000006921CC;17/09/23;18;0,759;R
ES0000000000006921CC;17/09/23;19;0,132;R
ES0000000000006921CC;17/09/23;20;0,148;R
ES0000000000006921CC;17/09/23;21;0,266;R
ES0000000000006921CC;17/09/23;22;0,213;R
ES0000000000006921CC;17/09/23;23;0,214;R
ES0000000000006921CC;18/09/23;0;0,17;R
ES0000000000006921CC;18/09/23;1;0,126;R
ES0000000000006921CC;18/09/23;2;0,178;R
ES0000000000006921CC;18/09/23;3;0,162;R
ES0000000000006921CC;18/09/23;4;0,109;R
ES0000000000006921CC;18/09/23;5;0,117;R
ES0000000000006921CC;18/09/23;6;0,08;R
ES0000000000006921CC;18/09/23;7;0,092;R
ES0000000000006921CC;18/09/23;8;0,079;R
ES0000000000006921CC;18/09/23;9;0,113;R
ES0000000000006921CC;18/09/23;10;0,17;R
ES0000000000006921CC;18/09/23;11;0,321;R
ES0000000000006921CC;18/09/23;12;0,09;R
ES0000000000006921CC;18/09/23;13;0,282;R
ES0000000000006921CC;18/09/23;14;0,385;R
ES0000000000006921CC;18/09/23;15;0,142;R
ES0000000000006921CC;18/09/23;16;0,22;R
ES0000000000006921CC;18/09/23;17;0,189;R
ES0000000000006921CC;18/09/23;18;0,145;R
ES0000000000006921CC;18/09/23;19;0,173;R
ES0000000000006921CC;18/09/23;20;0,167;R
ES0000000000006921CC;18/09/23;21;0,214;R
ES0000000000006921CC;18/09/23;22;0,16;R
ES0000000000006921CC;18/09/23;23;0,17;R
ES0000000000006921CC;19/09/23;0;0,215;R
ES0000000000006921CC;19/09/23;1;0,195;R
ES0000000000006921CC;19/09/23;2;0,095;R
ES0000000000006921CC;19/09/23;3;0,086;R
ES0000000000006921CC;19/09/23;4;0,079;R
ES0000000000006921CC;19/09/23;5;0,083;R
ES0000000000006921CC;19/09/23;6;0,089;R
ES0000000000006921CC;19/09/23;7;0,155;R
ES0000000000006921CC;19/09/23;8;0,164;R
ES0000000000006921CC;19/09/23;9;0,128;R
ES0000000000006921CC;19/09/23;10;0,126;R
ES0000000000006921CC;19/09/23;11;0,561;R
ES0000000000006921CC;19/09/23;12;0,123;R
ES0000000000006921CC;19/09/23;13;0,458;R
ES0000000000006921CC;19/09/23;14;0,823;R
ES0000000000006921CC;19/09/23;15;0,162;R
ES0000000000006921CC;19/09/23;16;0,206;R
ES0000000000006921CC;19/09/23;17;0,177;R
ES0000000000006921CC;19/09/23;18;0,12;R
ES0000000000006921CC;19/09/23;19;0,123;R
ES0000000000006921CC;19/09/23;20;0,226;R
ES0000000000006921CC;19/09/23;21;0,229;R
ES0000000000006921CC;19/09/23;22;0,278;R
ES0000000000006921CC;19/09/23;23;0,225;R
ES0000000000006921CC;20/09/23;0;0,238;R
ES0000000000006921CC;20/09/23;1;0,151;R
ES0000000000006921CC;20/09/23;2;0,084;R
ES0000000000006921CC;20/09/23;3;0,077;R
ES0000000000006921CC;20/09/23;4;0,081;R
ES0000000000006921CC;20/09/23;5;0,097;R
ES0000000000006921CC;20/09/23;6;0,101;R
ES0000000000006921CC;20/09/23;7;0,081;R
ES0000000000006921CC;20/09/23;8;0,081;R
ES0000000000006921CC;20/09/23;9;0,15;R
ES0000000000006921CC;20/09/23;10;0,605;R
ES0000000000006921CC;20/09/23;11;0,294;R
ES0000000000006921CC;20/09/23;12;0,172;R
ES0000000000006921CC;20/09/23;13;0,193;R
ES0000000000006921CC;20/09/23;14;0,434;R
ES0000000000006921CC;20/09/23;15;0,146;R
ES0000000000006921CC;20/09/23;16;0,128;R
ES0000000000006921CC;20/09/23;17;0,111;R
ES0000000000006921CC;20/09/23;18;0,144;R
ES0000000000006921CC;20/09/23;19;0,15;R
ES0000000000006921CC;20/09/23;20;0,131;R
ES0000000000006921CC;20/09/23;21;0,262;R
ES0000000000006921CC;20/09/23;22;0,208;R
ES0000000000006921CC;20/09/23;23;0,203;R
ES0000000000006921CC;21/09/23;0;0,209;R
ES0000000000006921CC;21/09/23;1;0,098;R
ES0000000000006921CC;21/09/23;2;0,091;R
ES0000000000006921CC;21/09/23;3;0,149;R
ES0000000000006921CC;21/09/23;4;0,167;R
ES0000000000006921CC;21/09/23;5;0,088;R
ES0000000000006921CC;21/09/23;6;0,107;R
ES0000000000006921CC;21/09/23;7;0,079;R
ES0000000000006921CC;21/09/23;8;0,082;R
ES0000000000006921CC;21/09/23;9;0,074;R
ES0000000000006921CC;21/09/23;10;0,193;R
ES0000000000006921CC;21/09/23;11;0,299;R
ES0000000000006921CC;21/09/23;12;0,153;R
ES0000000000006921CC;21/09/23;13;0,336;R
ES0000000000006921CC;21/09/23;14;0,154;R
ES0000000000006921CC;21/09/23;15;0,167;R
ES0000000000006921CC;21/09/23;16;0,126;R
ES0000000000006921CC;21/09/23;17;0,137;R
ES0000000000006921CC;21/09/23;18;0,173;R
ES0000000000006921CC;21/09/23;19;0,194;R
ES0000000000006921CC;21/09/23;20;0,172;R
ES0000000000006921CC;21/09/23;21;0,312;R
ES0000000000006921CC;21/09/23;22;0,226;R
ES0000000000006921CC;21/09/23;23;0,231;R
ES0000000000006921CC;22/09/23;0;0,209;R
ES0000000000006921CC;22/09/23;1;0,643;R
ES0000000000006921CC;22/09/23;2;0,637;R
ES0000000000006921CC;22/09/23;3;0,094;R
ES0000000000006921CC;22/09/23;4;0,08;R
ES0000000000006921CC;22/09/23;5;0,074;R
ES0000000000006921CC;22/09/23;6;0,099;R
ES0000000000006921CC;22/09/23;7;0,096;R
ES0000000000006921CC;22/09/23;8;0,154;R
ES0000000000006921CC;22/09/23;9;0,192;R
ES0000000000006921CC;22/09/23;10;0,114;R
ES0000000000006921CC;22/09/23;11;0,272;R
ES0000000000006921CC;22/09/23;12;0,141;R
ES0000000000006921CC;22/09/23;13;0,737;R
ES0000000000006921CC;22/09/23;14;0,963;R
ES0000000000006921CC;22/09/23;15;0,165;R
ES0000000000006921CC;22/09/23;16;0,131;R
ES0000000000006921CC;22/09/23;17;0,108;R
ES0000000000006921CC;22/09/23;18;0,144;R
ES0000000000006921CC;22/09/23;19;0,241;R
ES0000000000006921CC;22/09/23;20;0,253;R
ES0000000000006921CC;22/09/23;21;0,211;R
ES0000000000006921CC;22/09/23;22;0,2;R
ES0000000000006921CC;22/09/23;23;0,275;R
ES0000000000006921CC;23/09/23;0;0,262;R
ES0000000000006921CC;23/09/23;1;0,136;R
ES0000000000006921CC;23/09/23;2;0,096;R
ES0000000000006921CC;23/09/23;3;0,081;R
ES0000000000006921CC;23/09/23;4;0,085;R
ES0000000000006921CC;23/09/23;5;0,078;R
ES0000000000006921CC;23/09/23;6;0,085;R
ES0000000000006921CC;23/09/23;7;0,077;R
ES0000000000006921CC;23/09/23;8;0,084;R
ES0000000000006921CC;23/09/23;9;0,126;R
ES0000000000006921CC;23/09/23;10;0,169;R
ES0000000000006921CC;23/09/23;11;0,277;R
ES0000000000006921CC;23/09/23;12;0,135;R
ES0000000000006921CC;23/09/23;13;0,093;R
ES0000000000006921CC;23/09/23;14;0,253;R
ES0000000000006921CC;23/09/23;15;0,231;R
ES0000000000006921CC;23/09/23;16;0,181;R
ES0000000000006921CC;23/09/23;17;0,134;R
ES0000000000006921CC;23/09/23;18;0,598;R
ES0000000000006921CC;23/09/23;19;0,203;R
ES0000000000006921CC;23/09/23;20;0,189;R
ES0000000000006921CC;23/09/23;21;0,238;R
ES0000000000006921CC;23/09/23;22;0,208;R
ES0000000000006921CC;23/09/23;23;0,191;R
ES0000000000006921CC;24/09/23;0;0,175;R
ES0000000000006921CC;24/09/23;1;0,115;R
ES0000000000006921CC;24/09/23;2;0,09;R
ES0000000000006921CC;24/09/23;3;0,106;R
ES0000000000006921CC;24/09/23;4;0,072;R
ES0000000000006921CC;24/09/23;5;0,078;R
ES0000000000006921CC;24/09/23;6;0,131;R
ES0000000000006921CC;24/09/23;7;0,165;R
ES0000000000006921CC;24/09/23;8;0,069;R
ES0000000000006921CC;24/09/23;9;0,124;R
ES0000000000006921CC;24/09/23;10;0,138;R
ES0000000000006921CC;24/09/23;11;0,175;R
ES0000000000006921CC;24/09/23;12;0,263;R
ES0000000000006921CC;24/09/23;13;0,115;R
ES0000000000006921CC;24/09/23;14;0,138;R
ES0000000000006921CC;24/09/23;15;1,284;R
ES0000000000006921CC;24/09/23;16;0,191;R
ES0000000000006921CC;24/09/23;17;0,15;R
ES0000000000006921CC;24/09/23;18;0,14;R
ES0000000000006921CC;24/09/23;19;0,249;R
ES0000000000006921CC;24/09/23;20;0,179;R
ES0000000000006921CC;24/09/23;21;0,281;R
ES0000000000006921CC;24/09/23;22;0,293;R
ES0000000000006921CC;24/09/23;23;0,233;R
ES0000000000006921CC;25/09/23;0;0,199;R
ES0000000000006921CC;25/09/23;1;0,206;R
ES0000000000006921CC;25/09/23;2;0,1;R
ES0000000000006921CC;25/09/23;3;0,079;R
ES0000000000006921CC;25/09/23;4;0,074;R
ES0000000000006921CC;25/09/23;5;0,103;R
ES0000000000006921CC;25/09/23;6;0,094;R
ES0000000000006921CC;25/09/23;7;0,077;R
ES0000000000006921CC;25/09/23;8;0,072;R
ES0000000000006921CC;25/09/23;9;0,089;R
ES0000000000006921CC;25/09/23;10;0,17;R
ES0000000000006921CC;25/09/23;11;0,29;R
ES0000000000006921CC;25/09/23;12;0,137;R
ES0000000000006921CC;25/09/23;13;0,238;R
ES0000000000006921CC;25/09/23;14;0,514;R
ES0000000000006921CC;25/09/23;15;0,303;R
ES0000000000006921CC;25/09/23;16;0,179;R
ES0000000000006921CC;25/09/23;17;0,156;R
ES0000000000006921CC;25/09/23;18;0,238;R
ES0000000000006921CC;25/09/23;19;0,303;R
ES0000000000006921CC;25/09/23;20;0,163;R
ES0000000000006921CC;25/09/23;21;0,142;R
ES0000000000006921CC;25/09/23;22;0,15;R
ES0000000000006921CC;25/09/23;23;0,213;R
ES0000000000006921CC;26/09/23;0;0,212;R
ES0000000000006921CC;26/09/23;1;0,731;R
ES0000000000006921CC;26/09/23;2;0,501;R
ES0000000000006921CC;26/09/23;3;0,255;R
ES0000000000006921CC;26/09/23;4;0,152;R
ES0000000000006921CC;26/09/23;5;0,114;R
ES0000000000006921CC;26/09/23;6;0,079;R
ES0000000000006921CC;26/09/23;7;0,107;R
ES0000000000006921CC;26/09/23;8;0,202;R
ES0000000000006921CC;26/09/23;9;0,175;R
ES0000000000006921CC;26/09/23;10;0,086;R
ES0000000000006921CC;26/09/23;11;0,074;R
ES0000000000006921CC;26/09/23;12;0,078;R
ES0000000000006921CC;26/09/23;13;0,073;R
ES0000000000006921CC;26/09/23;14;0,085;R
ES0000000000006921CC;26/09/23;15;0,094;R
ES0000000000006921CC;26/09/23;16;0,1;R
ES0000000000006921CC;26/09/23;17;0,083;R
ES0000000000006921CC;26/09/23;18;0,076;R
ES0000000000006921CC;26/09/23;19;0,132;R
ES0000000000006921CC;26/09/23;20;0,153;R
ES0000000000006921CC;26/09/23;21;0,085;R
ES0000000000006921CC;26/09/23;22;0,118;R
ES0000000000006921CC;26/09/23;23;0,103;R
ES0000000000006921CC;27/09/23;0;0,094;R
ES0000000000006921CC;27/09/23;1;0,071;R
ES0000000000006921CC;27/09/23;2;0,087;R
ES0000000000006921CC;27/09/23;3;0,092;R
ES0000000000006921CC;27/09/23;4;0,106;R
ES0000000000006921CC;27/09/23;5;0,077;R
ES0000000000006921CC;27/09/23;6;0,085;R
ES0000000000006921CC;27/09/23;7;0,07;R
ES0000000000006921CC;27/09/23;8;0,095;R
ES0000000000006921CC;27/09/23;9;0,091;R
ES0000000000006921CC;27/09/23;10;0,105;R
ES0000000000006921CC;27/09/23;11;0,075;R
ES0000000000006921CC;27/09/23;12;0,084;R
ES0000000000006921CC;27/09/23;13;0,071;R
ES0000000000006921CC;27/09/23;14;0,095;R
ES0000000000006921CC;27/09/23;15;0,091;R
ES0000000000006921CC;27/09/23;16;0,107;R
ES0000000000006921CC;27/09/23;17;0,07;R
ES0000000000006921CC;27/09/23;18;0,085;R
ES0000000000006921CC;27/09/23;19;0,077;R
ES0000000000006921CC;27/09/23;20;0,111;R
ES0000000000006921CC;27/09/23;21;0,092;R
ES0000000000006921CC;27/09/23;22;0,096;R
ES0000000000006921CC;27/09/23;23;0,075;R
ES0000000000006921CC;28/09/23;0;0,101;R
ES0000000000006921CC;28/09/23;1;0,09;R
ES0000000000006921CC;28/09/23;2;0,11;R
ES0000000000006921CC;28/09/23;3;0,069;R
ES0000000000006921CC;28/09/23;4;0,089;R
ES0000000000006921CC;28/09/23;5;0,067;R
ES0000000000006921CC;28/09/23;6;0,116;R
ES0000000000006921CC;28/09/23;7;0,086;R
ES0000000000006921CC;28/09/23;8;0,09;R
ES0000000000006921CC;28/09/23;9;0,069;R
ES0000000000006921CC;28/09/23;10;0,089;R
ES0000000000006921CC;28/09/23;11;0,088;R
ES0000000000006921CC;28/09/23;12;0,111;R
ES0000000000006921CC;28/09/23;13;0,137;R
ES0000000000006921CC;28/09/23;14;0,16;R
ES0000000000006921CC;28/09/23;15;0,073;R
ES0000000000006921CC;28/09/23;16;0,088;R
ES0000000000006921CC;28/09/23;17;0,094;R
ES0000000000006921CC;28/09/23;18;0,114;R
ES0000000000006921CC;28/09/23;19;0,068;R
ES0000000000006921CC;28/09/23;20;0,091;R
ES0000000000006921CC;28/09/23;21;0,083;R
ES0000000000006921CC;28/09/23;22;0,123;R
ES0000000000006921CC;28/09/23;23;0,09;R
ES0000000000006921CC;29/09/23;0;0,095;R
ES0000000000006921CC;29/09/23;1;0,069;R
ES0000000000006921CC;29/09/23;2;0,107;R
ES0000000000006921CC;29/09/23;3;0,091;R
ES0000000000006921CC;29/09/23;4;0,096;R
ES0000000000006921CC;29/09/23;5;0,066;R
ES0000000000006921CC;29/09/23;6;0,094;R
ES0000000000006921CC;29/09/23;7;0,09;R
ES0000000000006921CC;29/09/23;8;0,106;R
ES0000000000006921CC;29/09/23;9;0,072;R
ES0000000000006921CC;29/09/23;10;0,083;R
ES0000000000006921CC;29/09/23;11;0,088;R
ES0000000000006921CC;29/09/23;12;0,107;R
ES0000000000006921CC;29/09/23;13;0,082;R
ES0000000000006921CC;29/09/23;14;0,085;R
ES0000000000006921CC;29/09/23;15;0,071;R
ES0000000000006921CC;29/09/23;16;0,112;R
ES0000000000006921CC;29/09/23;17;0,095;R
ES0000000000006921CC;29/09/23;18;0,083;R
ES0000000000006921CC;29/09/23;19;0,072;R
ES0000000000006921CC;29/09/23;20;0,107;R
ES0000000000006921CC;29/09/23;21;0,104;R
ES0000000000006921CC;29/09/23;22;0,09;R
ES0000000000006921CC;29/09/23;23;0,085;R
ES0000000000006921CC;30/09/23;0;0,105;R
ES0000000000006921CC;30/09/23;1;0,103;R
ES0000000000006921CC;30/09/23;2;0,084;R
ES0000000000006921CC;30/09/23;3;0,081;R
ES0000000000006921CC;30/09/23;4;0,142;R
ES0000000000006921CC;30/09/23;5;0,16;R
ES0000000000006921CC;30/09/23;6;0,099;R
ES0000000000006921CC;30/09/23;7;0,091;R
ES0000000000006921CC;30/09/23;8;0,076;R
ES0000000000006921CC;30/09/23;9;0,106;R
ES0000000000006921CC;30/09/23;10;0,102;R
ES0000000000006921CC;30/09/23;11;0,084;R
ES0000000000006921CC;30/09/23;12;0,072;R
ES0000000000006921CC;30/09/23;13;0,098;R
ES0000000000006921CC;30/09/23;14;0,1;R
ES0000000000006921CC;30/09/23;15;0,092;R
ES0000000000006921CC;30/09/23;16;0,069;R
ES0000000000006921CC;30/09/23;17;0,109;R
ES0000000000006921CC;30/09/23;18;0,119;R
ES0000000000006921CC;30/09/23;19;0,168;R
ES0000000000006921CC;30/09/23;20;0,258;R
ES0000000000006921CC;30/09/23;21;0,213;R
ES0000000000006921CC;30/09/23;22;0,208;R
ES0000000000006921CC;30/09/23;23;0,227;R
ES0000000000006921CC;01/10/23;0;0,223;R
ES0000000000006921CC;01/10/23;1;0,131;R
ES0000000000006921CC;01/10/23;2;0,122;R
ES0000000000006921CC;01/10/23;3;0,094;R
ES0000000000006921CC;01/10/23;4;0,074;R
ES0000000000006921CC;01/10/23;5;0,118;R
ES0000000000006921CC;01/10/23;6;0,087;R
ES0000000000006921CC;01/10/23;7;0,086;R
ES0000000000006921CC;01/10/23;8;0,068;R
ES0000000000006921CC;01/10/23;9;0,159;R
ES0000000000006921CC;01/10/23;10;0,194;R
ES0000000000006921CC;01/10/23;11;0,294;R
ES0000000000006921CC;01/10/23;12;0,212;R
ES0000000000006921CC;01/10/23;13;0,501;R
ES0000000000006921CC;01/10/23;14;0,36;R
ES0000000000006921CC;01/10/23;15;0,464;R
ES0000000000006921CC;01/10/23;16;0,146;R
ES0000000000006921CC;01/10/23;17;0,15;R
ES0000000000006921CC;01/10/23;18;0,133;R
ES0000000000006921CC;01/10/23;19;0,129;R
ES0000000000006921CC;01/10/23;20;0,12;R
ES0000000000006921CC;01/10/23;21;0,178;R
ES0000000000006921CC;01/10/23;22;0,166;R
ES0000000000006921CC;01/10/23;23;0,205;R
ES0000000000006921CC;02/10/23;0;0,215;R
